0st_vol,0capacity,0net_inf,0st_rof,0lt_rof,0rest_demand,0unrest_demand,0unfulf_demand,0wastewater,0treat_capacity,0agg_price,0res_price,0gross_rev,0drought_cost,0cont_contrib,0debt_serv,0infra_npv,1st_vol,1capacity,1net_inf,1st_rof,1lt_rof,1rest_demand,1unrest_demand,1unfulf_demand,1wastewater,1treat_capacity,1agg_price,1res_price,1gross_rev,1drought_cost,1cont_contrib,1debt_serv,1infra_npv
85.1408,85.1408,6.10579,0,0,2.46977,2.46977,0,0,4.6872,4.27854e+06,2.92794e+06,1.0567e+07,0,0,0,0,62.338,61.3098,5.42879,0,0,1.12031,1.12031,0,0,1.90512,8.89167e+06,3.91359e+06,9.9614e+06,0,0,0,0
85.1408,85.1408,7.56654,0,0,2.47095,2.47095,0,0.462835,4.6872,4.27854e+06,2.92794e+06,1.05721e+07,0,0,0,0,62.338,61.3098,7.95952,0,0,1.12084,1.12084,0,0.865549,1.90512,8.89167e+06,3.91359e+06,9.96615e+06,0,0,0,0
85.1408,85.1408,10.7138,0,0,2.47213,2.47213,0,0.463056,4.6872,4.27854e+06,2.92794e+06,1.05771e+07,0,0,0,0,62.338,61.3098,9.91494,0,0,1.12138,1.12138,0,0.865962,1.90512,8.89167e+06,3.91359e+06,9.9709e+06,0,0,0,0
85.1408,85.1408,10.3998,0,0,2.47331,2.47331,0,0.463277,4.6872,4.27854e+06,2.92794e+06,1.05821e+07,0,0,0,0,62.338,61.3098,10.4546,0,0,1.12191,1.12191,0,0.866375,1.90512,8.89167e+06,3.91359e+06,9.97566e+06,0,0,0,0
85.1408,85.1408,5.75832,0,0,2.71584,2.71584,0,0.463498,4.6872,4.27854e+06,2.92794e+06,1.16198e+07,0,0,0,0,62.338,61.3098,6.40825,0,0,1.25442,1.25442,0,0.866788,1.90512,8.89167e+06,3.91359e+06,1.11539e+07,0,0,0,0
85.1408,85.1408,8.27866,0,0,2.71714,2.71714,0,0.508949,4.6872,4.27854e+06,2.92794e+06,1.16254e+07,0,0,0,0,62.338,61.3098,9.36156,0,0,1.25502,1.25502,0,0.969166,1.90512,8.89167e+06,3.91359e+06,1.11592e+07,0,0,0,0
85.1408,85.1408,7.21356,0,0,2.71843,2.71843,0,0.509192,4.6872,4.27854e+06,2.92794e+06,1.16309e+07,0,0,0,0,62.338,61.3098,6.95312,0,0,1.25562,1.25562,0,0.969628,1.90512,8.89167e+06,3.91359e+06,1.11645e+07,0,0,0,0
85.1408,85.1408,4.91925,0,0,2.71973,2.71973,0,0.509435,4.6872,4.27854e+06,2.92794e+06,1.16365e+07,0,0,0,0,62.338,61.3098,4.02887,0,0,1.25622,1.25622,0,0.97009,1.90512,8.89167e+06,3.91359e+06,1.11699e+07,0,0,0,0
85.1408,85.1408,5.71087,0,0,2.37612,2.37612,0,0.509677,4.6872,4.27854e+06,2.92794e+06,1.01663e+07,0,0,0,0,62.338,61.3098,5.51512,0,0,1.07936,1.07936,0,0.970552,1.90512,8.89167e+06,3.91359e+06,9.59735e+06,0,0,0,0
85.1408,85.1408,6.08859,0,0,2.37725,2.37725,0,0.445285,4.6872,4.27854e+06,2.92794e+06,1.01712e+07,0,0,0,0,62.338,61.3098,6.66796,0,0,1.07988,1.07988,0,0.833916,1.90512,8.89167e+06,3.91359e+06,9.60192e+06,0,0,0,0
85.1408,85.1408,5.22614,0,0,2.37838,2.37838,0,0.445497,4.6872,4.27854e+06,2.92794e+06,1.0176e+07,0,0,0,0,62.338,61.3098,9.10041,0,0,1.08039,1.08039,0,0.834314,1.90512,8.89167e+06,3.91359e+06,9.60649e+06,0,0,0,0
85.1408,85.1408,6.57519,0,0,2.37952,2.37952,0,0.445709,4.6872,4.27854e+06,2.92794e+06,1.01808e+07,0,0,0,0,62.338,61.3098,9.86528,0,0,1.08091,1.08091,0,0.834711,1.90512,8.89167e+06,3.91359e+06,9.61107e+06,0,0,0,0
85.1408,85.1408,5.55533,0,0,2.38065,2.38065,0,0.445921,4.6872,4.27854e+06,2.92794e+06,1.01857e+07,0,0,0,0,62.338,61.3098,8.90518,0,0,1.08142,1.08142,0,0.835108,1.90512,8.89167e+06,3.91359e+06,9.61564e+06,0,0,0,0
85.1408,85.1408,7.40485,0,0,2.46881,2.46881,0,0.446133,4.6872,4.27854e+06,2.92794e+06,1.05629e+07,0,0,0,0,62.338,61.3098,7.08777,0,0,1.12545,1.12545,0,0.835506,1.90512,8.89167e+06,3.91359e+06,1.00071e+07,0,0,0,0
85.1408,85.1408,6.52857,0,0,2.46998,2.46998,0,0.462654,4.6872,4.27854e+06,2.92794e+06,1.05679e+07,0,0,0,0,62.338,61.3098,9.25628,0,0,1.12599,1.12599,0,0.869523,1.90512,8.89167e+06,3.91359e+06,1.00119e+07,0,0,0,0
85.1408,85.1408,5.25438,0,0,2.47116,2.47116,0,0.462874,4.6872,4.27854e+06,2.92794e+06,1.05729e+07,0,0,0,0,62.338,61.3098,8.55071,0,0,1.12652,1.12652,0,0.869937,1.90512,8.89167e+06,3.91359e+06,1.00167e+07,0,0,0,0
85.1408,85.1408,4.12607,0,0,2.47233,2.47233,0,0.463095,4.6872,4.27854e+06,2.92794e+06,1.0578e+07,0,0,0,0,62.338,61.3098,6.32313,0,0,1.12706,1.12706,0,0.87035,1.90512,8.89167e+06,3.91359e+06,1.00214e+07,0,0,0,0
85.1408,85.1408,4.356,0,0,2.43942,2.43942,0,0.463315,4.6872,4.27854e+06,2.92794e+06,1.04371e+07,0,0,0,0,62.338,61.3098,5.36709,0,0,1.11066,1.11066,0,0.870764,1.90512,8.89167e+06,3.91359e+06,9.87563e+06,0,0,0,0
85.1408,85.1408,3.99882,0,0,2.44058,2.44058,0,0.457146,4.6872,4.27854e+06,2.92794e+06,1.04421e+07,0,0,0,0,62.338,61.3098,5.17888,0,0,1.11119,1.11119,0,0.858096,1.90512,8.89167e+06,3.91359e+06,9.88032e+06,0,0,0,0
85.1408,85.1408,3.7398,0,0,2.44174,2.44174,0,0.457364,4.6872,4.27854e+06,2.92794e+06,1.04471e+07,0,0,0,0,62.338,61.3098,5.08722,0,0,1.11172,1.11172,0,0.858504,1.90512,8.89167e+06,3.91359e+06,9.88502e+06,0,0,0,0
85.1408,85.1408,3.57875,0,0,2.4429,2.4429,0,0.457581,4.6872,4.27854e+06,2.92794e+06,1.0452e+07,0,0,0,0,62.338,61.3098,6.22523,0,0,1.11224,1.11224,0,0.858912,1.90512,8.89167e+06,3.91359e+06,9.88972e+06,0,0,0,0
85.1408,85.1408,3.32174,0,0,2.55999,2.55999,0,0.457799,4.6872,4.27854e+06,2.92794e+06,1.0953e+07,0,0,0,0,62.338,61.3098,4.82821,0,0,1.17294,1.17294,0,0.85932,1.90512,8.89167e+06,3.91359e+06,1.04294e+07,0,0,0,0
85.1408,85.1408,3.01352,0,0,2.56121,2.56121,0,0.479743,4.6872,4.27854e+06,2.92794e+06,1.09582e+07,0,0,0,0,62.338,61.3098,4.08751,0,0,1.17349,1.17349,0,0.90621,1.90512,8.89167e+06,3.91359e+06,1.04343e+07,0,0,0,0
85.0168,85.1408,2.71396,0,0,2.56243,2.56243,0,0.479971,4.6872,4.27854e+06,2.92794e+06,1.09634e+07,0,0,0,0,62.338,61.3098,3.79395,0,0,1.17405,1.17405,0,0.906641,1.90512,8.89167e+06,3.91359e+06,1.04393e+07,0,0,0,0
84.8184,85.1408,2.62838,0,0,2.56364,2.56364,0,0.480199,4.6872,4.27854e+06,2.92794e+06,1.09686e+07,0,0,0,0,62.338,61.3098,3.42995,0,0,1.17461,1.17461,0,0.907071,1.90512,8.89167e+06,3.91359e+06,1.04442e+07,0,0,0,0
84.4327,85.1408,2.40784,0,0,2.56486,2.56486,0,0.480427,4.6872,4.27854e+06,2.92794e+06,1.09739e+07,0,0,0,0,62.338,61.3098,3.11558,0,0,1.17516,1.17516,0,0.907502,1.90512,8.89167e+06,3.91359e+06,1.04492e+07,0,0,0,0
84.4632,85.1408,2.80827,0,0,2.5431,2.5431,0,0.480655,4.6872,4.27854e+06,2.92794e+06,1.08807e+07,0,0,0,0,62.338,61.3098,2.38654,0,0,1.20887,1.20887,0,0.907932,1.90512,8.89167e+06,3.91359e+06,1.07489e+07,0,0,0,0
84.4105,85.1408,2.71673,0,0,2.5443,2.5443,0,0.476576,4.6872,4.27854e+06,2.92794e+06,1.08859e+07,0,0,0,0,62.338,61.3098,2.50538,0,0,1.20944,1.20944,0,0.933971,1.90512,8.89167e+06,3.91359e+06,1.0754e+07,0,0,0,0
84.2967,85.1408,2.64713,0,0,2.54551,2.54551,0,0.476802,4.6872,4.27854e+06,2.92794e+06,1.08911e+07,0,0,0,0,62.338,61.3098,2.45167,0,0,1.21001,1.21001,0,0.934414,1.90512,8.89167e+06,3.91359e+06,1.07591e+07,0,0,0,0
84.0341,85.1408,2.46778,0,0,2.54672,2.54672,0,0.477028,4.6872,4.27854e+06,2.92794e+06,1.08962e+07,0,0,0,0,62.338,61.3098,2.34215,0,0,1.21059,1.21059,0,0.934857,1.90512,8.89167e+06,3.91359e+06,1.07642e+07,0,0,0,0
83.4235,85.1408,2.17329,0,0,2.60739,2.60739,0,0.477255,4.6872,4.27854e+06,2.92794e+06,1.11558e+07,0,0,0,0,62.3284,61.3098,1.99935,0,0,1.24076,1.24076,0,0.935301,1.90512,8.89167e+06,3.91359e+06,1.10324e+07,0,0,0,0
82.6294,85.1408,1.97054,0,0,2.60862,2.60862,0,0.488624,4.6872,4.27854e+06,2.92794e+06,1.11611e+07,0,0,0,0,62.2484,61.3098,1.82337,0,0,1.24135,1.24135,0,0.95861,1.90512,8.89167e+06,3.91359e+06,1.10376e+07,0,0,0,0
81.7174,85.1408,1.84389,0,0,2.60986,2.60986,0,0.488856,4.6872,4.27854e+06,2.92794e+06,1.11664e+07,0,0,0,0,62.206,61.3098,1.67259,0,0,1.24193,1.24193,0,0.959064,1.90512,8.89167e+06,3.91359e+06,1.10429e+07,0,0,0,0
80.7861,85.1408,1.81285,0,0,2.6111,2.6111,0,0.489088,4.6872,4.27854e+06,2.92794e+06,1.11717e+07,0,0,0,0,62.2115,61.3098,1.79263,0,0,1.24252,1.24252,0,0.959519,1.90512,8.89167e+06,3.91359e+06,1.10481e+07,0,0,0,0
79.7346,85.1408,1.84334,0,0,2.7868,2.7868,0,0.489319,4.6872,4.27854e+06,2.92794e+06,1.19234e+07,0,0,0,0,61.9506,61.3098,1.84927,0,0,1.35014,1.35014,0,0.959973,1.90512,8.89167e+06,3.91359e+06,1.2005e+07,0,0,0,0
78.2144,85.1408,1.4228,0,0,2.78812,2.78812,0,0.522246,4.6872,4.27854e+06,2.92794e+06,1.19291e+07,0,0,0,0,61.7117,61.3098,1.50371,0,0,1.35078,1.35078,0,1.04312,1.90512,8.89167e+06,3.91359e+06,1.20107e+07,0,0,0,0
76.762,85.1408,1.48102,0,0,2.78944,2.78944,0,0.522494,4.6872,4.27854e+06,2.92794e+06,1.19347e+07,0,0,0,0,61.434,61.3098,1.59713,0,0,1.35142,1.35142,0,1.04361,1.90512,8.89167e+06,3.91359e+06,1.20164e+07,0,0,0,0
75.541,85.1408,1.69895,0,0,2.79076,2.79076,0,0.522741,4.6872,4.27854e+06,2.92794e+06,1.19404e+07,0,0,0,0,61.13,61.3098,1.57699,0,0,1.35206,1.35206,0,1.0441,1.90512,8.89167e+06,3.91359e+06,1.2022e+07,0,0,0,0
73.8959,85.1408,1.27157,0,0,2.79208,2.79208,0,0.522988,4.6872,4.27854e+06,2.92794e+06,1.1946e+07,0,0,0,0,60.1861,61.3098,1.4715,0,0,1.3527,1.3527,0,1.0446,1.90512,8.89167e+06,3.91359e+06,1.20277e+07,0,0,0,0
71.7571,85.1408,0.765444,0,0,2.70817,2.70817,0,0.523236,4.6872,4.27854e+06,2.92794e+06,1.1587e+07,0,0,0,0,59.3302,61.3098,0.744063,0,0,1.28822,1.28822,0,1.04509,1.90512,8.89167e+06,3.91359e+06,1.14544e+07,0,0,0,0
69.5945,85.1408,0.748965,0,0,2.70945,2.70945,0,0.507511,4.6872,4.27854e+06,2.92794e+06,1.15925e+07,0,0,0,0,58.7725,61.3098,0.993416,0,0,1.28883,1.28883,0,0.99528,1.90512,8.89167e+06,3.91359e+06,1.14599e+07,0,0,0,0
67.47,85.1408,0.768363,0,0,2.71074,2.71074,0,0.507752,4.6872,4.27854e+06,2.92794e+06,1.1598e+07,0,0,0,0,58.1444,61.3098,1.28395,0,0,1.28944,1.28944,0,0.995751,1.90512,8.89167e+06,3.91359e+06,1.14653e+07,0,0,0,0
65.4992,85.1408,0.69704,0.01,0,2.46711,2.71202,0,0.507992,4.6872,4.27854e+06,2.92794e+06,1.05556e+07,0,0,0,0,57.7563,61.3098,1.00564,0,0,1.53496,1.29005,0,0.996222,1.90512,8.89167e+06,3.91359e+06,1.36484e+07,0,0,0,0
64.129,85.1408,1.31195,0.01,0,2.39891,2.64321,0,0.462336,4.6872,4.27854e+06,2.92794e+06,1.02638e+07,0,0,0,0,57.7686,61.3098,2.12312,0,0,1.47558,1.23128,0,1.18591,1.90512,8.89167e+06,3.91359e+06,1.31204e+07,0,0,0,0
62.3575,85.1408,0.843328,0.01,0,2.34138,2.64446,0,0.449555,4.6872,4.27854e+06,2.92794e+06,1.00177e+07,0,0,0,0,57.0009,61.3098,1.69751,0,0,1.53493,1.23186,0,1.14003,1.90512,8.89167e+06,3.91359e+06,1.36481e+07,0,0,0,0
60.3762,85.1408,0.577978,0.01,0,2.34322,2.64571,0,0.438775,4.6872,4.27854e+06,2.92794e+06,1.00255e+07,0,0,0,0,56.5529,61.3098,1.17612,0,0,1.53493,1.23244,0,1.18589,1.90512,8.89167e+06,3.91359e+06,1.36481e+07,0,0,0,0
58.4097,85.1408,0.850642,0,0,2.64696,2.64696,0,0.439118,4.6872,4.27854e+06,2.92794e+06,1.13251e+07,0,0,0,0,56.6086,61.3098,1.88237,0,0,1.23302,1.23302,0,1.18589,1.90512,8.89167e+06,3.91359e+06,1.09636e+07,0,0,0,0
57.7913,85.1408,1.8647,0.01,0,2.14744,2.44877,0,0.49604,4.6872,4.27854e+06,2.92794e+06,9.1879e+06,0,0,0,0,56.7759,61.3098,2.40634,0,0,1.41102,1.10969,0,0.952634,1.90512,8.89167e+06,3.91359e+06,1.25464e+07,0,0,0,0
57.0557,85.1408,1.61128,0.01,0,2.02527,2.44992,0,0.40243,4.6872,4.27854e+06,2.92794e+06,8.66518e+06,0,0,0,0,56.6043,61.3098,2.06273,0,0,1.53488,1.11022,0,1.09016,1.90512,8.89167e+06,3.91359e+06,1.36476e+07,0,0,0,0
57.0354,85.1408,2.45844,0.01,0,2.02695,2.45108,0,0.379535,4.6872,4.27854e+06,2.92794e+06,8.67237e+06,0,0,0,0,56.5719,61.3098,2.84672,0,0,1.53488,1.11074,0,1.18585,1.90512,8.89167e+06,3.91359e+06,1.36476e+07,0,0,0,0
56.0596,85.1408,1.40646,0.01,0,2.02863,2.45224,0,0.37985,4.6872,4.27854e+06,2.92794e+06,8.67957e+06,0,0,0,0,55.8065,61.3098,1.82342,0,0,1.53488,1.11127,0,1.18585,1.90512,8.89167e+06,3.91359e+06,1.36476e+07,0,0,0,0
54.8062,85.1408,1.05576,0.01,0,2.03031,2.4534,0,0.380165,4.6872,4.27854e+06,2.92794e+06,8.68676e+06,0,0,0,0,55.3653,61.3098,1.2312,0,0,1.53488,1.11179,0,1.18585,1.90512,8.89167e+06,3.91359e+06,1.36476e+07,0,0,0,0
55.0049,85.1408,2.6026,0.01,0,2.10886,2.53142,0,0.38048,4.6872,4.27854e+06,2.92794e+06,9.02284e+06,0,0,0,0,55.1771,61.3098,2.39606,0,0,1.57083,1.14827,0,1.18585,1.90512,8.89167e+06,3.91359e+06,1.39673e+07,0,0,0,0
57.147,85.1408,4.75932,0.01,0,2.1465,2.53258,0,0.395201,4.6872,4.27854e+06,2.92794e+06,9.18387e+06,0,0,0,0,55.4476,61.3098,3.37101,0,0,1.53488,1.1488,0,1.21362,1.90512,8.89167e+06,3.91359e+06,1.36476e+07,0,0,0,0
58.4794,85.1408,3.89439,0.01,0,2.14818,2.53374,0,0.402253,4.6872,4.27854e+06,2.92794e+06,9.19107e+06,0,0,0,0,55.8876,61.3098,4.2881,0,0,1.53488,1.14932,0,1.18585,1.90512,8.89167e+06,3.91359e+06,1.36476e+07,0,0,0,0
62.751,85.1408,7.09997,0.01,0,2.14986,2.53489,0,0.402569,4.6872,4.27854e+06,2.92794e+06,9.19827e+06,0,0,0,0,57.2023,61.3098,6.97703,0,0,1.53488,1.14985,0,1.18585,1.90512,8.89167e+06,3.91359e+06,1.36476e+07,0,0,0,0
66.2374,85.1408,6.93038,0,0,2.78341,2.78341,0,0.402884,4.6872,4.27854e+06,2.92794e+06,1.19089e+07,0,0,0,0,58.8462,61.3098,5.63937,0,0,1.28563,1.28563,0,1.18585,1.90512,8.89167e+06,3.91359e+06,1.14314e+07,0,0,0,0
70.6828,85.1408,7.86223,0,0,2.78468,2.78468,0,0.521612,4.6872,4.27854e+06,2.92794e+06,1.19144e+07,0,0,0,0,60.6646,61.3098,6.12616,0,0,1.28622,1.28622,0,0.993278,1.90512,8.89167e+06,3.91359e+06,1.14366e+07,0,0,0,0
73.4686,85.1408,6.16858,0,0,2.78596,2.78596,0,0.52185,4.6872,4.27854e+06,2.92794e+06,1.19198e+07,0,0,0,0,62.1154,61.3098,5.22538,0,0,1.2868,1.2868,0,0.993732,1.90512,8.89167e+06,3.91359e+06,1.14418e+07,0,0,0,0
76.8011,85.1408,6.77302,0,0,2.78723,2.78723,0,0.522088,4.6872,4.27854e+06,2.92794e+06,1.19253e+07,0,0,0,0,62.338,61.3098,6.30533,0,0,1.28739,1.28739,0,0.994185,1.90512,8.89167e+06,3.91359e+06,1.14471e+07,0,0,0,0
80.9217,85.1408,7.26578,0,0,2.43504,2.43504,0,0.522327,4.6872,4.27854e+06,2.92794e+06,1.04184e+07,0,0,0,0,62.338,61.3098,4.98236,0,0,1.10613,1.10613,0,0.994639,1.90512,8.89167e+06,3.91359e+06,9.83534e+06,0,0,0,0
85.1408,85.1408,8.74094,0,0,2.43615,2.43615,0,0.456327,4.6872,4.27854e+06,2.92794e+06,1.04232e+07,0,0,0,0,62.338,61.3098,3.42155,0,0,1.10663,1.10663,0,0.854595,1.90512,8.89167e+06,3.91359e+06,9.83983e+06,0,0,0,0
85.1408,85.1408,6.40893,0,0,2.43726,2.43726,0,0.456535,4.6872,4.27854e+06,2.92794e+06,1.04279e+07,0,0,0,0,62.338,61.3098,3.26409,0,0,1.10714,1.10714,0,0.854985,1.90512,8.89167e+06,3.91359e+06,9.84432e+06,0,0,0,0
85.1408,85.1408,7.82328,0,0,2.43838,2.43838,0,0.456743,4.6872,4.27854e+06,2.92794e+06,1.04327e+07,0,0,0,0,62.338,61.3098,4.74772,0,0,1.10764,1.10764,0,0.855375,1.90512,8.89167e+06,3.91359e+06,9.84881e+06,0,0,0,0
85.1408,85.1408,7.03962,0,0,2.43949,2.43949,0,0.456952,4.6872,4.27854e+06,2.92794e+06,1.04374e+07,0,0,0,0,62.2637,61.3098,4.51571,0,0,1.10815,1.10815,0,0.855766,1.90512,8.89167e+06,3.91359e+06,9.8533e+06,0,0,0,0
85.1408,85.1408,5.8647,0,0,2.52977,2.52977,0,0.45716,4.6872,4.27854e+06,2.92794e+06,1.08237e+07,0,0,0,0,62.338,61.3098,2.23777,0,0,1.15324,1.15324,0,0.856156,1.90512,8.89167e+06,3.91359e+06,1.02543e+07,0,0,0,0
85.1408,85.1408,7.38917,0,0,2.53093,2.53093,0,0.47408,4.6872,4.27854e+06,2.92794e+06,1.08287e+07,0,0,0,0,62.338,61.3098,5.51971,0,0,1.15377,1.15377,0,0.890996,1.90512,8.89167e+06,3.91359e+06,1.02589e+07,0,0,0,0
85.1408,85.1408,5.20903,0,0,2.53208,2.53208,0,0.474296,4.6872,4.27854e+06,2.92794e+06,1.08336e+07,0,0,0,0,62.338,61.3098,2.62373,0,0,1.1543,1.1543,0,0.891402,1.90512,8.89167e+06,3.91359e+06,1.02636e+07,0,0,0,0
85.1408,85.1408,7.53204,0,0,2.53324,2.53324,0,0.474512,4.6872,4.27854e+06,2.92794e+06,1.08385e+07,0,0,0,0,62.338,61.3098,4.4834,0,0,1.15482,1.15482,0,0.891809,1.90512,8.89167e+06,3.91359e+06,1.02683e+07,0,0,0,0
85.1408,85.1408,4.55868,0,0,2.49946,2.49946,0,0.474728,4.6872,4.27854e+06,2.92794e+06,1.0694e+07,0,0,0,0,62.338,61.3098,2.75068,0,0,1.138,1.138,0,0.892215,1.90512,8.89167e+06,3.91359e+06,1.01187e+07,0,0,0,0
85.1408,85.1408,3.52035,0,0,2.5006,2.5006,0,0.468399,4.6872,4.27854e+06,2.92794e+06,1.06989e+07,0,0,0,0,62.338,61.3098,2.55155,0,0,1.13852,1.13852,0,0.879217,1.90512,8.89167e+06,3.91359e+06,1.01233e+07,0,0,0,0
85.1408,85.1408,3.98956,0,0,2.50174,2.50174,0,0.468612,4.6872,4.27854e+06,2.92794e+06,1.07038e+07,0,0,0,0,62.338,61.3098,2.47319,0,0,1.13904,1.13904,0,0.879618,1.90512,8.89167e+06,3.91359e+06,1.01279e+07,0,0,0,0
85.1408,85.1408,3.48142,0,0,2.50288,2.50288,0,0.468826,4.6872,4.27854e+06,2.92794e+06,1.07087e+07,0,0,0,0,62.338,61.3098,2.31667,0,0,1.13955,1.13955,0,0.880019,1.90512,8.89167e+06,3.91359e+06,1.01325e+07,0,0,0,0
85.1408,85.1408,3.2236,0,0,2.6228,2.6228,0,0.469039,4.6872,4.27854e+06,2.92794e+06,1.12217e+07,0,0,0,0,62.338,61.3098,2.34107,0,0,1.20171,1.20171,0,0.880419,1.90512,8.89167e+06,3.91359e+06,1.06852e+07,0,0,0,0
85.1408,85.1408,3.01305,0,0,2.62399,2.62399,0,0.491513,4.6872,4.27854e+06,2.92794e+06,1.12269e+07,0,0,0,0,62.1782,61.3098,2.30484,0,0,1.20226,1.20226,0,0.928442,1.90512,8.89167e+06,3.91359e+06,1.06901e+07,0,0,0,0
84.9496,85.1408,2.7451,0,0,2.62519,2.62519,0,0.491736,4.6872,4.27854e+06,2.92794e+06,1.1232e+07,0,0,0,0,62.2399,61.3098,1.83608,0,0,1.20281,1.20281,0,0.928865,1.90512,8.89167e+06,3.91359e+06,1.06949e+07,0,0,0,0
84.45,85.1408,2.41371,0,0,2.62638,2.62638,0,0.49196,4.6872,4.27854e+06,2.92794e+06,1.12371e+07,0,0,0,0,62.2818,61.3098,1.87729,0,0,1.20335,1.20335,0,0.929287,1.90512,8.89167e+06,3.91359e+06,1.06998e+07,0,0,0,0
83.8299,85.1408,2.2424,0,0,2.62758,2.62758,0,0.492184,4.6872,4.27854e+06,2.92794e+06,1.12422e+07,0,0,0,0,62.338,61.3098,1.90883,0,0,1.2039,1.2039,0,0.92971,1.90512,8.89167e+06,3.91359e+06,1.07047e+07,0,0,0,0
84.1925,85.1408,3.2448,0,0,2.60523,2.60523,0,0.492408,4.6872,4.27854e+06,2.92794e+06,1.11466e+07,0,0,0,0,62.338,61.3098,3.27571,0,0,1.2384,1.2384,0,0.930133,1.90512,8.89167e+06,3.91359e+06,1.10115e+07,0,0,0,0
84.2626,85.1408,2.95247,0,0,2.60641,2.60641,0,0.48822,4.6872,4.27854e+06,2.92794e+06,1.11516e+07,0,0,0,0,62.338,61.3098,3.11747,0,0,1.23897,1.23897,0,0.956789,1.90512,8.89167e+06,3.91359e+06,1.10165e+07,0,0,0,0
84.0868,85.1408,2.68318,0,0,2.6076,2.6076,0,0.488442,4.6872,4.27854e+06,2.92794e+06,1.11567e+07,0,0,0,0,62.338,61.3098,2.85359,0,0,1.23953,1.23953,0,0.957224,1.90512,8.89167e+06,3.91359e+06,1.10215e+07,0,0,0,0
83.8111,85.1408,2.54038,0,0,2.60878,2.60878,0,0.488664,4.6872,4.27854e+06,2.92794e+06,1.11618e+07,0,0,0,0,62.338,61.3098,2.83288,0,0,1.24009,1.24009,0,0.95766,1.90512,8.89167e+06,3.91359e+06,1.10265e+07,0,0,0,0
83.3246,85.1408,2.36527,0,0,2.67088,2.67088,0,0.488886,4.6872,4.27854e+06,2.92794e+06,1.14275e+07,0,0,0,0,62.338,61.3098,2.53466,0,0,1.27097,1.27097,0,0.958095,1.90512,8.89167e+06,3.91359e+06,1.13011e+07,0,0,0,0
83.2461,85.1408,2.80824,0,0,2.67209,2.67209,0,0.500523,4.6872,4.27854e+06,2.92794e+06,1.14326e+07,0,0,0,0,62.338,61.3098,2.94895,0,0,1.27155,1.27155,0,0.981952,1.90512,8.89167e+06,3.91359e+06,1.13062e+07,0,0,0,0
82.9295,85.1408,2.53909,0,0,2.67331,2.67331,0,0.50075,4.6872,4.27854e+06,2.92794e+06,1.14378e+07,0,0,0,0,62.338,61.3098,2.82874,0,0,1.27213,1.27213,0,0.982399,1.90512,8.89167e+06,3.91359e+06,1.13113e+07,0,0,0,0
82.3957,85.1408,2.31228,0,0,2.67452,2.67452,0,0.500977,4.6872,4.27854e+06,2.92794e+06,1.1443e+07,0,0,0,0,62.338,61.3098,2.45499,0,0,1.2727,1.2727,0,0.982845,1.90512,8.89167e+06,3.91359e+06,1.13165e+07,0,0,0,0
81.9621,85.1408,2.55229,0,0,2.85444,2.85444,0,0.501205,4.6872,4.27854e+06,2.92794e+06,1.22128e+07,0,0,0,0,62.338,61.3098,3.03977,0,0,1.38291,1.38291,0,0.983291,1.90512,8.89167e+06,3.91359e+06,1.22963e+07,0,0,0,0
81.6304,85.1408,2.66379,0,0,2.85573,2.85573,0,0.534921,4.6872,4.27854e+06,2.92794e+06,1.22184e+07,0,0,0,0,62.338,61.3098,2.8381,0,0,1.38353,1.38353,0,1.06843,1.90512,8.89167e+06,3.91359e+06,1.23019e+07,0,0,0,0
81.4634,85.1408,2.86528,0,0,2.85703,2.85703,0,0.535164,4.6872,4.27854e+06,2.92794e+06,1.22239e+07,0,0,0,0,62.338,61.3098,3.49606,0,0,1.38416,1.38416,0,1.06892,1.90512,8.89167e+06,3.91359e+06,1.23075e+07,0,0,0,0
80.8196,85.1408,2.37373,0,0,2.85832,2.85832,0,0.535407,4.6872,4.27854e+06,2.92794e+06,1.22294e+07,0,0,0,0,62.338,61.3098,2.43217,0,0,1.38479,1.38479,0,1.0694,1.90512,8.89167e+06,3.91359e+06,1.23131e+07,0,0,0,0
80.7233,85.1408,2.91428,0,0,2.85962,2.85962,0,0.53565,4.6872,4.27854e+06,2.92794e+06,1.2235e+07,0,0,0,0,62.338,61.3098,4.63687,0,0,1.38542,1.38542,0,1.06989,1.90512,8.89167e+06,3.91359e+06,1.23187e+07,0,0,0,0
80.9122,85.1408,3.1767,0,0,2.77363,2.77363,0,0.535893,4.6872,4.27854e+06,2.92794e+06,1.18671e+07,0,0,0,0,62.338,61.3098,2.31093,0,0,1.31936,1.31936,0,1.07037,1.90512,8.89167e+06,3.91359e+06,1.17313e+07,0,0,0,0
82.1189,85.1408,4.16249,0,0,2.77489,2.77489,0,0.519778,4.6872,4.27854e+06,2.92794e+06,1.18725e+07,0,0,0,0,62.338,61.3098,3.1175,0,0,1.31996,1.31996,0,1.01934,1.90512,8.89167e+06,3.91359e+06,1.17366e+07,0,0,0,0
81.8536,85.1408,2.77286,0,0,2.77614,2.77614,0,0.520013,4.6872,4.27854e+06,2.92794e+06,1.18778e+07,0,0,0,0,62.338,61.3098,2.4205,0,0,1.32055,1.32055,0,1.0198,1.90512,8.89167e+06,3.91359e+06,1.17419e+07,0,0,0,0
81.1281,85.1408,2.22244,0,0,2.7774,2.7774,0,0.520249,4.6872,4.27854e+06,2.92794e+06,1.18832e+07,0,0,0,0,62.3272,61.3098,1.80516,0,0,1.32115,1.32115,0,1.02026,1.90512,8.89167e+06,3.91359e+06,1.17473e+07,0,0,0,0
80.2215,85.1408,2.04405,0,0,2.70688,2.70688,0,0.520485,4.6872,4.27854e+06,2.92794e+06,1.15815e+07,0,0,0,0,62.338,61.3098,2.13588,0,0,1.26094,1.26094,0,1.02072,1.90512,8.89167e+06,3.91359e+06,1.12118e+07,0,0,0,0
79.6055,85.1408,2.34314,0,0,2.70811,2.70811,0,0.507269,4.6872,4.27854e+06,2.92794e+06,1.15867e+07,0,0,0,0,62.338,61.3098,1.75658,0,0,1.26151,1.26151,0,0.974201,1.90512,8.89167e+06,3.91359e+06,1.12169e+07,0,0,0,0
81.2261,85.1408,4.6634,0,0,2.70933,2.70933,0,0.507499,4.6872,4.27854e+06,2.92794e+06,1.1592e+07,0,0,0,0,62.338,61.3098,4.21421,0,0,1.26208,1.26208,0,0.974642,1.90512,8.89167e+06,3.91359e+06,1.1222e+07,0,0,0,0
81.1158,85.1408,2.85523,0,0,2.71056,2.71056,0,0.507729,4.6872,4.27854e+06,2.92794e+06,1.15972e+07,0,0,0,0,62.338,61.3098,3.74948,0,0,1.26265,1.26265,0,0.975084,1.90512,8.89167e+06,3.91359e+06,1.12271e+07,0,0,0,0
82.8864,85.1408,4.75851,0,0,2.50756,2.50756,0,0.507959,4.6872,4.27854e+06,2.92794e+06,1.07287e+07,0,0,0,0,62.338,61.3098,3.23832,0,0,1.13634,1.13634,0,0.975525,1.90512,8.89167e+06,3.91359e+06,1.01039e+07,0,0,0,0
84.0147,85.1408,4.05764,0,0,2.50869,2.50869,0,0.469917,4.6872,4.27854e+06,2.92794e+06,1.07335e+07,0,0,0,0,62.338,61.3098,5.44361,0,0,1.13685,1.13685,0,0.877934,1.90512,8.89167e+06,3.91359e+06,1.01085e+07,0,0,0,0
85.1408,85.1408,4.52262,0,0,2.50983,2.50983,0,0.470129,4.6872,4.27854e+06,2.92794e+06,1.07384e+07,0,0,0,0,62.338,61.3098,5.27728,0,0,1.13737,1.13737,0,0.878332,1.90512,8.89167e+06,3.91359e+06,1.01131e+07,0,0,0,0
85.1408,85.1408,3.13979,0,0,2.51097,2.51097,0,0.470342,4.6872,4.27854e+06,2.92794e+06,1.07433e+07,0,0,0,0,62.338,61.3098,5.58345,0,0,1.13788,1.13788,0,0.878729,1.90512,8.89167e+06,3.91359e+06,1.01177e+07,0,0,0,0
84.3003,85.1408,2.0628,0,0,2.5121,2.5121,0,0.470555,4.6872,4.27854e+06,2.92794e+06,1.07481e+07,0,0,0,0,62.3231,61.3098,2.80027,0,0,1.1384,1.1384,0,0.879127,1.90512,8.89167e+06,3.91359e+06,1.01222e+07,0,0,0,0
84.1823,85.1408,2.87555,0,0,2.59194,2.59194,0,0.470768,4.6872,4.27854e+06,2.92794e+06,1.10897e+07,0,0,0,0,61.9043,61.3098,2.29035,0,0,1.17572,1.17572,0,0.879525,1.90512,8.89167e+06,3.91359e+06,1.04542e+07,0,0,0,0
83.5336,85.1408,2.30776,0,0,2.59308,2.59308,0,0.48573,4.6872,4.27854e+06,2.92794e+06,1.10946e+07,0,0,0,0,61.8398,61.3098,1.72909,0,0,1.17624,1.17624,0,0.908364,1.90512,8.89167e+06,3.91359e+06,1.04587e+07,0,0,0,0
82.56,85.1408,2.01219,0,0,2.59421,2.59421,0,0.485943,4.6872,4.27854e+06,2.92794e+06,1.10994e+07,0,0,0,0,62.3354,61.3098,2.00921,0,0,1.17675,1.17675,0,0.908762,1.90512,8.89167e+06,3.91359e+06,1.04633e+07,0,0,0,0
83.0036,85.1408,3.58941,0,0,2.59535,2.59535,0,0.486155,4.6872,4.27854e+06,2.92794e+06,1.11043e+07,0,0,0,0,62.338,61.3098,3.26983,0,0,1.17727,1.17727,0,0.909159,1.90512,8.89167e+06,3.91359e+06,1.04679e+07,0,0,0,0
82.1128,85.1408,2.33032,0,0,2.84973,2.84973,0,0.486368,4.6872,4.27854e+06,2.92794e+06,1.21927e+07,0,0,0,0,62.1676,61.3098,2.26725,0,0,1.31626,1.31626,0,0.909556,1.90512,8.89167e+06,3.91359e+06,1.17038e+07,0,0,0,0
81.0747,85.1408,2.1612,0,0,2.85098,2.85098,0,0.53404,4.6872,4.27854e+06,2.92794e+06,1.2198e+07,0,0,0,0,61.8256,61.3098,1.94687,0,0,1.31684,1.31684,0,1.01695,1.90512,8.89167e+06,3.91359e+06,1.17089e+07,0,0,0,0
80.543,85.1408,2.71018,0,0,2.85223,2.85223,0,0.534274,4.6872,4.27854e+06,2.92794e+06,1.22034e+07,0,0,0,0,61.3005,61.3098,1.8196,0,0,1.31741,1.31741,0,1.01739,1.90512,8.89167e+06,3.91359e+06,1.1714e+07,0,0,0,0
79.5688,85.1408,2.18615,0,0,2.85347,2.85347,0,0.534507,4.6872,4.27854e+06,2.92794e+06,1.22087e+07,0,0,0,0,61.306,61.3098,1.58563,0,0,1.31799,1.31799,0,1.01783,1.90512,8.89167e+06,3.91359e+06,1.17191e+07,0,0,0,0
80.0293,85.1408,3.4526,0,0,2.49286,2.49286,0,0.534741,4.6872,4.27854e+06,2.92794e+06,1.06658e+07,0,0,0,0,61.9486,61.3098,2.50792,0,0,1.1324,1.1324,0,1.01828,1.90512,8.89167e+06,3.91359e+06,1.00689e+07,0,0,0,0
82.0095,85.1408,5.22933,0,0,2.49395,2.49395,0,0.467163,4.6872,4.27854e+06,2.92794e+06,1.06705e+07,0,0,0,0,62.338,61.3098,4.31637,0,0,1.13289,1.13289,0,0.874889,1.90512,8.89167e+06,3.91359e+06,1.00733e+07,0,0,0,0
83.9065,85.1408,4.87923,0,0,2.49504,2.49504,0,0.467367,4.6872,4.27854e+06,2.92794e+06,1.06751e+07,0,0,0,0,62.338,61.3098,4.16727,0,0,1.13338,1.13338,0,0.875271,1.90512,8.89167e+06,3.91359e+06,1.00777e+07,0,0,0,0
85.1408,85.1408,4.9572,0,0,2.49613,2.49613,0,0.467571,4.6872,4.27854e+06,2.92794e+06,1.06798e+07,0,0,0,0,62.338,61.3098,3.93536,0,0,1.13388,1.13388,0,0.875653,1.90512,8.89167e+06,3.91359e+06,1.00821e+07,0,0,0,0
85.1408,85.1408,4.5047,0,0,2.49722,2.49722,0,0.467775,4.6872,4.27854e+06,2.92794e+06,1.06844e+07,0,0,0,0,62.338,61.3098,3.69037,0,0,1.13437,1.13437,0,0.876035,1.90512,8.89167e+06,3.91359e+06,1.00865e+07,0,0,0,0
84.9433,85.1408,2.89674,0,0,2.58959,2.58959,0,0.467979,4.6872,4.27854e+06,2.92794e+06,1.10797e+07,0,0,0,0,62.1407,61.3098,2.63608,0,0,1.18051,1.18051,0,0.876418,1.90512,8.89167e+06,3.91359e+06,1.04967e+07,0,0,0,0
84.3903,85.1408,2.48679,0,0,2.59072,2.59072,0,0.48529,4.6872,4.27854e+06,2.92794e+06,1.10845e+07,0,0,0,0,62.338,61.3098,2.09945,0,0,1.18103,1.18103,0,0.912064,1.90512,8.89167e+06,3.91359e+06,1.05013e+07,0,0,0,0
85.0974,85.1408,3.86132,0,0,2.59185,2.59185,0,0.485501,4.6872,4.27854e+06,2.92794e+06,1.10893e+07,0,0,0,0,62.338,61.3098,3.67206,0,0,1.18154,1.18154,0,0.912462,1.90512,8.89167e+06,3.91359e+06,1.05059e+07,0,0,0,0
84.8244,85.1408,2.79894,0,0,2.59298,2.59298,0,0.485713,4.6872,4.27854e+06,2.92794e+06,1.10942e+07,0,0,0,0,62.1989,61.3098,2.50908,0,0,1.18206,1.18206,0,0.91286,1.90512,8.89167e+06,3.91359e+06,1.05105e+07,0,0,0,0
84.4323,85.1408,2.54416,0,0,2.55836,2.55836,0,0.485925,4.6872,4.27854e+06,2.92794e+06,1.0946e+07,0,0,0,0,62.3253,61.3098,2.10803,0,0,1.16482,1.16482,0,0.913258,1.90512,8.89167e+06,3.91359e+06,1.03572e+07,0,0,0,0
83.9548,85.1408,2.41157,0,0,2.55947,2.55947,0,0.479436,4.6872,4.27854e+06,2.92794e+06,1.09508e+07,0,0,0,0,62.338,61.3098,2.26991,0,0,1.16532,1.16532,0,0.899936,1.90512,8.89167e+06,3.91359e+06,1.03617e+07,0,0,0,0
83.2613,85.1408,2.17914,0,0,2.56059,2.56059,0,0.479646,4.6872,4.27854e+06,2.92794e+06,1.09556e+07,0,0,0,0,62.2415,61.3098,2.19989,0,0,1.16583,1.16583,0,0.900328,1.90512,8.89167e+06,3.91359e+06,1.03662e+07,0,0,0,0
82.8395,85.1408,2.45185,0,0,2.56171,2.56171,0,0.479855,4.6872,4.27854e+06,2.92794e+06,1.09604e+07,0,0,0,0,62.3139,61.3098,1.97342,0,0,1.16634,1.16634,0,0.900721,1.90512,8.89167e+06,3.91359e+06,1.03707e+07,0,0,0,0
82.0485,85.1408,2.12786,0,0,2.68439,2.68439,0,0.480064,4.6872,4.27854e+06,2.92794e+06,1.14853e+07,0,0,0,0,62.338,61.3098,2.04038,0,0,1.22993,1.22993,0,0.901113,1.90512,8.89167e+06,3.91359e+06,1.09362e+07,0,0,0,0
81.2151,85.1408,2.09414,0,0,2.68556,2.68556,0,0.503055,4.6872,4.27854e+06,2.92794e+06,1.14903e+07,0,0,0,0,62.338,61.3098,2.16843,0,0,1.23047,1.23047,0,0.950246,1.90512,8.89167e+06,3.91359e+06,1.09409e+07,0,0,0,0
80.1918,85.1408,1.8868,0,0,2.68673,2.68673,0,0.503275,4.6872,4.27854e+06,2.92794e+06,1.14953e+07,0,0,0,0,62.254,61.3098,2.01175,0,0,1.231,1.231,0,0.95066,1.90512,8.89167e+06,3.91359e+06,1.09457e+07,0,0,0,0
79.1235,85.1408,1.82611,0,0,2.6879,2.6879,0,0.503494,4.6872,4.27854e+06,2.92794e+06,1.15003e+07,0,0,0,0,62.1837,61.3098,1.81685,0,0,1.23154,1.23154,0,0.951074,1.90512,8.89167e+06,3.91359e+06,1.09505e+07,0,0,0,0
77.8875,85.1408,1.61551,0,0,2.68907,2.68907,0,0.503713,4.6872,4.27854e+06,2.92794e+06,1.15053e+07,0,0,0,0,61.9386,61.3098,1.71144,0,0,1.23208,1.23208,0,0.951488,1.90512,8.89167e+06,3.91359e+06,1.09552e+07,0,0,0,0
76.5443,85.1408,1.4107,0,0,2.66615,2.66615,0,0.503932,4.6872,4.27854e+06,2.92794e+06,1.14072e+07,0,0,0,0,61.5974,61.3098,1.51776,0,0,1.26736,1.26736,0,0.951902,1.90512,8.89167e+06,3.91359e+06,1.1269e+07,0,0,0,0
75.1158,85.1408,1.31293,0,0,2.66731,2.66731,0,0.499636,4.6872,4.27854e+06,2.92794e+06,1.14122e+07,0,0,0,0,61.2339,61.3098,1.41001,0,0,1.26791,1.26791,0,0.979163,1.90512,8.89167e+06,3.91359e+06,1.12739e+07,0,0,0,0
73.5857,85.1408,1.20218,0,0,2.66847,2.66847,0,0.499853,4.6872,4.27854e+06,2.92794e+06,1.14171e+07,0,0,0,0,60.7483,61.3098,1.40667,0,0,1.26846,1.26846,0,0.979589,1.90512,8.89167e+06,3.91359e+06,1.12788e+07,0,0,0,0
71.9583,85.1408,1.08715,0,0,2.66963,2.66963,0,0.500071,4.6872,4.27854e+06,2.92794e+06,1.14221e+07,0,0,0,0,60.3217,61.3098,1.25609,0,0,1.26902,1.26902,0,0.980015,1.90512,8.89167e+06,3.91359e+06,1.12837e+07,0,0,0,0
70.3104,85.1408,1.08138,0,0,2.73312,2.73312,0,0.500288,4.6872,4.27854e+06,2.92794e+06,1.16938e+07,0,0,0,0,59.8992,61.3098,1.32484,0,0,1.30059,1.30059,0,0.980441,1.90512,8.89167e+06,3.91359e+06,1.15644e+07,0,0,0,0
68.6766,85.1408,1.08266,0,0,2.73431,2.73431,0,0.512187,4.6872,4.27854e+06,2.92794e+06,1.16988e+07,0,0,0,0,59.3828,61.3098,1.40223,0,0,1.30116,1.30116,0,1.00484,1.90512,8.89167e+06,3.91359e+06,1.15694e+07,0,0,0,0
66.9369,85.1408,0.961283,0,0,2.7355,2.7355,0,0.512409,4.6872,4.27854e+06,2.92794e+06,1.17039e+07,0,0,0,0,58.8174,61.3098,1.27368,0,0,1.30172,1.30172,0,1.00527,1.90512,8.89167e+06,3.91359e+06,1.15745e+07,0,0,0,0
65.1322,85.1408,0.87144,0,0,2.73669,2.73669,0,0.512632,4.6872,4.27854e+06,2.92794e+06,1.1709e+07,0,0,0,0,58.2312,61.3098,1.24268,0,0,1.30229,1.30229,0,1.00571,1.90512,8.89167e+06,3.91359e+06,1.15795e+07,0,0,0,0
63.0502,85.1408,0.722769,0,0,2.92073,2.92073,0,0.512855,4.6872,4.27854e+06,2.92794e+06,1.24964e+07,0,0,0,0,57.3739,61.3098,1.22262,0,0,1.41502,1.41502,0,1.00615,1.90512,8.89167e+06,3.91359e+06,1.25819e+07,0,0,0,0
60.9675,85.1408,0.710523,0,0,2.922,2.922,0,0.547344,4.6872,4.27854e+06,2.92794e+06,1.25019e+07,0,0,0,0,56.4548,61.3098,1.02888,0,0,1.41564,1.41564,0,1.09325,1.90512,8.89167e+06,3.91359e+06,1.25874e+07,0,0,0,0
58.8308,85.1408,0.630166,0,0,2.92326,2.92326,0,0.547582,4.6872,4.27854e+06,2.92794e+06,1.25073e+07,0,0,0,0,55.5254,61.3098,0.954323,0,0,1.41625,1.41625,0,1.09372,1.90512,8.89167e+06,3.91359e+06,1.25929e+07,0,0,0,0
56.879,85.1408,0.699807,0.02,0,2.80643,2.92453,0,0.54782,4.6872,4.27854e+06,2.92794e+06,1.20074e+07,0,0,0,0,54.6365,61.3098,0.980356,0,0,1.53497,1.41687,0,1.0942,1.90512,8.89167e+06,3.91359e+06,1.36484e+07,0,0,0,0
55.3236,85.1408,1.12291,0.02,0,2.80832,2.9258,0,0.525926,4.6872,4.27854e+06,2.92794e+06,1.20155e+07,0,0,0,0,54.1317,61.3098,1.19499,0,0,1.53497,1.41748,0,1.18592,1.90512,8.89167e+06,3.91359e+06,1.36484e+07,0,0,0,0
53.8427,85.1408,1.07263,0.02,0,2.7209,2.83777,0,0.526279,4.6872,4.27854e+06,2.92794e+06,1.16415e+07,0,0,0,0,53.606,61.3098,1.61405,0,0,1.46674,1.34987,0,1.18592,1.90512,8.89167e+06,3.91359e+06,1.30417e+07,0,0,0,0
51.9991,85.1408,0.624594,0.02,0,2.65451,2.839,0,0.509896,4.6872,4.27854e+06,2.92794e+06,1.13574e+07,0,0,0,0,52.9357,61.3098,1.30453,0,0,1.53494,1.35045,0,1.1332,1.90512,8.89167e+06,3.91359e+06,1.36482e+07,0,0,0,0
50.25,85.1408,0.726149,0.02,0,2.65633,2.84023,0,0.497455,4.6872,4.27854e+06,2.92794e+06,1.13652e+07,0,0,0,0,52.5603,61.3098,1.33433,0,0,1.53494,1.35104,0,1.18589,1.90512,8.89167e+06,3.91359e+06,1.36482e+07,0,0,0,0
49.6858,85.1408,2.06412,0.02,0,2.65815,2.84146,0,0.497796,4.6872,4.27854e+06,2.92794e+06,1.1373e+07,0,0,0,0,52.7555,61.3098,2.46416,0,0,1.53494,1.35162,0,1.18589,1.90512,8.89167e+06,3.91359e+06,1.36482e+07,0,0,0,0
48.6206,85.1408,1.42918,0.02,0,2.58653,2.76926,0,0.498137,4.6872,4.27854e+06,2.92794e+06,1.10666e+07,0,0,0,0,52.5237,61.3098,1.83125,0,0,1.47272,1.29,0,1.18589,1.90512,8.89167e+06,3.91359e+06,1.3095e+07,0,0,0,0
48.6544,85.1408,2.50467,0.02,0,2.5261,2.77046,0,0.484716,4.6872,4.27854e+06,2.92794e+06,1.0808e+07,0,0,0,0,51.9356,61.3098,1.59999,0,0,1.53491,1.29056,0,1.13783,1.90512,8.89167e+06,3.91359e+06,1.36479e+07,0,0,0,0
48.2023,85.1408,2.01173,0.02,0,2.52786,2.77166,0,0.473392,4.6872,4.27854e+06,2.92794e+06,1.08156e+07,0,0,0,0,51.5671,61.3098,1.35805,0,0,1.53491,1.29111,0,1.18587,1.90512,8.89167e+06,3.91359e+06,1.36479e+07,0,0,0,0
49.4348,85.1408,3.76859,0.02,0,2.52963,2.77286,0,0.473722,4.6872,4.27854e+06,2.92794e+06,1.08231e+07,0,0,0,0,51.8454,61.3098,4.03486,0,0,1.53491,1.29167,0,1.18587,1.90512,8.89167e+06,3.91359e+06,1.36479e+07,0,0,0,0
53.8113,85.1408,6.93132,0.02,0,2.32247,2.56515,0,0.474052,4.6872,4.27854e+06,2.92794e+06,9.93677e+06,0,0,0,0,52.5956,61.3098,4.81537,0,0,1.40511,1.16243,0,1.18587,1.90512,8.89167e+06,3.91359e+06,1.24938e+07,0,0,0,0
53.2414,85.1408,1.82021,0.02,0,2.19434,2.56626,0,0.435231,4.6872,4.27854e+06,2.92794e+06,9.38856e+06,0,0,0,0,52.2839,61.3098,1.21762,0,0,1.53486,1.16294,0,1.08559,1.90512,8.89167e+06,3.91359e+06,1.36474e+07,0,0,0,0
54.3163,85.1408,3.54075,0.02,0,2.19595,2.56737,0,0.411219,4.6872,4.27854e+06,2.92794e+06,9.39548e+06,0,0,0,0,52.2031,61.3098,2.0574,0,0,1.53486,1.16344,0,1.18583,1.90512,8.89167e+06,3.91359e+06,1.36474e+07,0,0,0,0
54.0517,85.1408,2.25099,0.02,0,2.19757,2.56848,0,0.411522,4.6872,4.27854e+06,2.92794e+06,9.40239e+06,0,0,0,0,52.1725,61.3098,2.29864,0,0,1.53486,1.16395,0,1.18583,1.90512,8.89167e+06,3.91359e+06,1.36474e+07,0,0,0,0
54.447,85.1408,2.9023,0.02,0,2.19919,2.56959,0,0.411825,4.6872,4.27854e+06,2.92794e+06,9.4093e+06,0,0,0,0,52.3076,61.3098,2.83199,0,0,1.53486,1.16445,0,1.18583,1.90512,8.89167e+06,3.91359e+06,1.36474e+07,0,0,0,0
57.841,85.1408,5.9621,0.02,0,2.28131,2.65121,0,0.412128,4.6872,4.27854e+06,2.92794e+06,9.76066e+06,0,0,0,0,52.8598,61.3098,4.18727,0,0,1.57251,1.20261,0,1.18583,1.90512,8.89167e+06,3.91359e+06,1.39823e+07,0,0,0,0
62.7006,85.1408,7.58928,0.01,0,2.32057,2.65232,0,0.427517,4.6872,4.27854e+06,2.92794e+06,9.92867e+06,0,0,0,0,53.7554,61.3098,5.12192,0,0,1.53485,1.20311,0,1.21492,1.90512,8.89167e+06,3.91359e+06,1.36474e+07,0,0,0,0
65.4089,85.1408,5.67424,0,0,2.65343,2.65343,0,0.434876,4.6872,4.27854e+06,2.92794e+06,1.13528e+07,0,0,0,0,54.6469,61.3098,3.93494,0,0,1.20361,1.20361,0,1.18583,1.90512,8.89167e+06,3.91359e+06,1.07021e+07,0,0,0,0
66.6601,85.1408,4.25169,0,0,2.65454,2.65454,0,0.497252,4.6872,4.27854e+06,2.92794e+06,1.13575e+07,0,0,0,0,55.5347,61.3098,3.92021,0,0,1.20412,1.20412,0,0.929912,1.90512,8.89167e+06,3.91359e+06,1.07066e+07,0,0,0,0
71.6584,85.1408,9.0141,0,0,2.91467,2.91467,0,0.49746,4.6872,4.27854e+06,2.92794e+06,1.24705e+07,0,0,0,0,57.0092,61.3098,6.41218,0,0,1.34626,1.34626,0,0.9303,1.90512,8.89167e+06,3.91359e+06,1.19705e+07,0,0,0,0
72.8558,85.1408,4.56288,0,0,2.91589,2.91589,0,0.546209,4.6872,4.27854e+06,2.92794e+06,1.24757e+07,0,0,0,0,57.5859,61.3098,3.15437,0,0,1.34682,1.34682,0,1.04012,1.90512,8.89167e+06,3.91359e+06,1.19755e+07,0,0,0,0
73.2675,85.1408,3.82796,0,0,2.9171,2.9171,0,0.546437,4.6872,4.27854e+06,2.92794e+06,1.24809e+07,0,0,0,0,58.258,61.3098,3.50575,0,0,1.34738,1.34738,0,1.04055,1.90512,8.89167e+06,3.91359e+06,1.19805e+07,0,0,0,0
77.0672,85.1408,7.30351,0,0,2.91832,2.91832,0,0.546665,4.6872,4.27854e+06,2.92794e+06,1.24862e+07,0,0,0,0,59.7849,61.3098,6.58543,0,0,1.34794,1.34794,0,1.04099,1.90512,8.89167e+06,3.91359e+06,1.19855e+07,0,0,0,0
83.4925,85.1408,9.76595,0,0,2.54947,2.54947,0,0.546894,4.6872,4.27854e+06,2.92794e+06,1.0908e+07,0,0,0,0,62.2021,61.3098,10.0008,0,0,1.15811,1.15811,0,1.04142,1.90512,8.89167e+06,3.91359e+06,1.02975e+07,0,0,0,0
85.1408,85.1408,7.74514,0,0,2.55053,2.55053,0,0.477771,4.6872,4.27854e+06,2.92794e+06,1.09126e+07,0,0,0,0,62.338,61.3098,7.32067,0,0,1.15859,1.15859,0,0.894755,1.90512,8.89167e+06,3.91359e+06,1.03018e+07,0,0,0,0
85.1408,85.1408,9.60211,0,0,2.5516,2.5516,0,0.47797,4.6872,4.27854e+06,2.92794e+06,1.09171e+07,0,0,0,0,62.338,61.3098,10.4356,0,0,1.15908,1.15908,0,0.895129,1.90512,8.89167e+06,3.91359e+06,1.03061e+07,0,0,0,0
85.1408,85.1408,7.82393,0,0,2.55266,2.55266,0,0.47817,4.6872,4.27854e+06,2.92794e+06,1.09217e+07,0,0,0,0,62.338,61.3098,8.11051,0,0,1.15956,1.15956,0,0.895502,1.90512,8.89167e+06,3.91359e+06,1.03104e+07,0,0,0,0
85.1408,85.1408,7.50388,0,0,2.55373,2.55373,0,0.478369,4.6872,4.27854e+06,2.92794e+06,1.09262e+07,0,0,0,0,62.338,61.3098,6.95037,0,0,1.16004,1.16004,0,0.895876,1.90512,8.89167e+06,3.91359e+06,1.03147e+07,0,0,0,0
85.1408,85.1408,8.03817,0,0,2.64814,2.64814,0,0.478569,4.6872,4.27854e+06,2.92794e+06,1.13302e+07,0,0,0,0,62.338,61.3098,9.67264,0,0,1.2072,1.2072,0,0.896249,1.90512,8.89167e+06,3.91359e+06,1.0734e+07,0,0,0,0
85.1408,85.1408,6.25308,0,0,2.64924,2.64924,0,0.496261,4.6872,4.27854e+06,2.92794e+06,1.13349e+07,0,0,0,0,62.338,61.3098,8.00855,0,0,1.20771,1.20771,0,0.932685,1.90512,8.89167e+06,3.91359e+06,1.07385e+07,0,0,0,0
85.1408,85.1408,5.32183,0,0,2.65035,2.65035,0,0.496468,4.6872,4.27854e+06,2.92794e+06,1.13396e+07,0,0,0,0,62.338,61.3098,6.25127,0,0,1.20821,1.20821,0,0.933073,1.90512,8.89167e+06,3.91359e+06,1.0743e+07,0,0,0,0
85.1408,85.1408,4.6489,0,0,2.65145,2.65145,0,0.496675,4.6872,4.27854e+06,2.92794e+06,1.13443e+07,0,0,0,0,62.338,61.3098,6.07571,0,0,1.20871,1.20871,0,0.933462,1.90512,8.89167e+06,3.91359e+06,1.07475e+07,0,0,0,0
85.1408,85.1408,4.60405,0,0,2.616,2.616,0,0.496882,4.6872,4.27854e+06,2.92794e+06,1.11926e+07,0,0,0,0,62.338,61.3098,5.39544,0,0,1.19106,1.19106,0,0.933851,1.90512,8.89167e+06,3.91359e+06,1.05905e+07,0,0,0,0
85.1408,85.1408,3.90444,0,0,2.61709,2.61709,0,0.490238,4.6872,4.27854e+06,2.92794e+06,1.11973e+07,0,0,0,0,62.338,61.3098,3.61511,0,0,1.19155,1.19155,0,0.920211,1.90512,8.89167e+06,3.91359e+06,1.05949e+07,0,0,0,0
85.1408,85.1408,3.51171,0,0,2.61818,2.61818,0,0.490442,4.6872,4.27854e+06,2.92794e+06,1.1202e+07,0,0,0,0,62.338,61.3098,3.23657,0,0,1.19205,1.19205,0,0.920595,1.90512,8.89167e+06,3.91359e+06,1.05993e+07,0,0,0,0
85.1408,85.1408,3.23525,0,0,2.61927,2.61927,0,0.490647,4.6872,4.27854e+06,2.92794e+06,1.12066e+07,0,0,0,0,62.338,61.3098,3.07876,0,0,1.19255,1.19255,0,0.920978,1.90512,8.89167e+06,3.91359e+06,1.06037e+07,0,0,0,0
85.1408,85.1408,3.2068,0,0,2.74466,2.74466,0,0.490851,4.6872,4.27854e+06,2.92794e+06,1.17431e+07,0,0,0,0,62.338,61.3098,3.71745,0,0,1.25755,1.25755,0,0.921362,1.90512,8.89167e+06,3.91359e+06,1.11817e+07,0,0,0,0
85.1408,85.1408,3.04539,0,0,2.7458,2.7458,0,0.514349,4.6872,4.27854e+06,2.92794e+06,1.1748e+07,0,0,0,0,62.338,61.3098,3.00886,0,0,1.25807,1.25807,0,0.97158,1.90512,8.89167e+06,3.91359e+06,1.11863e+07,0,0,0,0
85.1132,85.1408,3.00382,0,0,2.74695,2.74695,0,0.514564,4.6872,4.27854e+06,2.92794e+06,1.17529e+07,0,0,0,0,62.338,61.3098,3.02772,0,0,1.25859,1.25859,0,0.971984,1.90512,8.89167e+06,3.91359e+06,1.1191e+07,0,0,0,0
84.9006,85.1408,2.80937,0,0,2.74809,2.74809,0,0.514778,4.6872,4.27854e+06,2.92794e+06,1.17578e+07,0,0,0,0,62.338,61.3098,2.87287,0,0,1.25912,1.25912,0,0.972389,1.90512,8.89167e+06,3.91359e+06,1.11957e+07,0,0,0,0
84.5537,85.1408,2.63468,0,0,2.74923,2.74923,0,0.514992,4.6872,4.27854e+06,2.92794e+06,1.17627e+07,0,0,0,0,62.338,61.3098,2.77692,0,0,1.25964,1.25964,0,0.972793,1.90512,8.89167e+06,3.91359e+06,1.12003e+07,0,0,0,0
84.056,85.1408,2.43634,0,0,2.72574,2.72574,0,0.515206,4.6872,4.27854e+06,2.92794e+06,1.16622e+07,0,0,0,0,62.338,61.3098,2.48604,0,0,1.29569,1.29569,0,0.973198,1.90512,8.89167e+06,3.91359e+06,1.15208e+07,0,0,0,0
83.3841,85.1408,2.25648,0,0,2.72688,2.72688,0,0.510804,4.6872,4.27854e+06,2.92794e+06,1.1667e+07,0,0,0,0,62.338,61.3098,2.23225,0,0,1.29623,1.29623,0,1.00105,1.90512,8.89167e+06,3.91359e+06,1.15256e+07,0,0,0,0
82.6592,85.1408,2.18597,0,0,2.72801,2.72801,0,0.511017,4.6872,4.27854e+06,2.92794e+06,1.16719e+07,0,0,0,0,62.338,61.3098,2.08341,0,0,1.29677,1.29677,0,1.00147,1.90512,8.89167e+06,3.91359e+06,1.15304e+07,0,0,0,0
81.9757,85.1408,2.18921,0,0,2.72915,2.72915,0,0.511229,4.6872,4.27854e+06,2.92794e+06,1.16767e+07,0,0,0,0,62.338,61.3098,2.09942,0,0,1.29731,1.29731,0,1.00188,1.90512,8.89167e+06,3.91359e+06,1.15352e+07,0,0,0,0
81.2793,85.1408,2.25407,0,0,2.794,2.794,0,0.511442,4.6872,4.27854e+06,2.92794e+06,1.19542e+07,0,0,0,0,62.338,61.3098,2.23417,0,0,1.32956,1.32956,0,1.0023,1.90512,8.89167e+06,3.91359e+06,1.1822e+07,0,0,0,0
80.5126,85.1408,2.16952,0,0,2.79516,2.79516,0,0.523595,4.6872,4.27854e+06,2.92794e+06,1.19592e+07,0,0,0,0,62.338,61.3098,2.06413,0,0,1.33011,1.33011,0,1.02722,1.90512,8.89167e+06,3.91359e+06,1.18269e+07,0,0,0,0
79.6097,85.1408,2.00849,0,0,2.79632,2.79632,0,0.523813,4.6872,4.27854e+06,2.92794e+06,1.19642e+07,0,0,0,0,62.3369,61.3098,2.07275,0,0,1.33066,1.33066,0,1.02764,1.90512,8.89167e+06,3.91359e+06,1.18318e+07,0,0,0,0
78.5686,85.1408,1.86096,0,0,2.79748,2.79748,0,0.524031,4.6872,4.27854e+06,2.92794e+06,1.19691e+07,0,0,0,0,62.299,61.3098,1.85209,0,0,1.33122,1.33122,0,1.02807,1.90512,8.89167e+06,3.91359e+06,1.18368e+07,0,0,0,0
77.4205,85.1408,1.89437,0,0,2.98555,2.98555,0,0.524248,4.6872,4.27854e+06,2.92794e+06,1.27738e+07,0,0,0,0,62.2006,61.3098,2.08744,0,0,1.44643,1.44643,0,1.0285,1.90512,8.89167e+06,3.91359e+06,1.28612e+07,0,0,0,0
76.2241,85.1408,1.82772,0,0,2.98679,2.98679,0,0.559493,4.6872,4.27854e+06,2.92794e+06,1.27791e+07,0,0,0,0,62.067,61.3098,1.86759,0,0,1.44703,1.44703,0,1.11751,1.90512,8.89167e+06,3.91359e+06,1.28665e+07,0,0,0,0
75.2045,85.1408,2.02481,0,0,2.98803,2.98803,0,0.559725,4.6872,4.27854e+06,2.92794e+06,1.27844e+07,0,0,0,0,61.906,61.3098,2.24939,0,0,1.44763,1.44763,0,1.11798,1.90512,8.89167e+06,3.91359e+06,1.28719e+07,0,0,0,0
73.792,85.1408,1.62947,0,0,2.98927,2.98927,0,0.559958,4.6872,4.27854e+06,2.92794e+06,1.27897e+07,0,0,0,0,61.6997,61.3098,1.62164,0,0,1.44823,1.44823,0,1.11844,1.90512,8.89167e+06,3.91359e+06,1.28772e+07,0,0,0,0
72.7475,85.1408,1.97334,0,0,2.99052,2.99052,0,0.56019,4.6872,4.27854e+06,2.92794e+06,1.2795e+07,0,0,0,0,61.8563,61.3098,2.82678,0,0,1.44883,1.44883,0,1.1189,1.90512,8.89167e+06,3.91359e+06,1.28826e+07,0,0,0,0
71.5685,85.1408,1.76451,0,0,2.90047,2.90047,0,0.560423,4.6872,4.27854e+06,2.92794e+06,1.24098e+07,0,0,0,0,61.8089,61.3098,2.06834,0,0,1.3797,1.3797,0,1.11937,1.90512,8.89167e+06,3.91359e+06,1.22678e+07,0,0,0,0
70.7797,85.1408,2.17927,0,0,2.90168,2.90168,0,0.543549,4.6872,4.27854e+06,2.92794e+06,1.24149e+07,0,0,0,0,61.9517,61.3098,2.49967,0,0,1.38027,1.38027,0,1.06595,1.90512,8.89167e+06,3.91359e+06,1.22729e+07,0,0,0,0
70.3312,85.1408,2.50776,0,0,2.90288,2.90288,0,0.543775,4.6872,4.27854e+06,2.92794e+06,1.24201e+07,0,0,0,0,62.2046,61.3098,2.70988,0,0,1.38084,1.38084,0,1.0664,1.90512,8.89167e+06,3.91359e+06,1.2278e+07,0,0,0,0
70.7625,85.1408,3.28861,0.01,0,2.75058,2.90409,0,0.544,4.6872,4.27854e+06,2.92794e+06,1.17684e+07,0,0,0,0,62.338,61.3098,3.36206,0,0,1.53492,1.38141,0,1.06684,1.90512,8.89167e+06,3.91359e+06,1.3648e+07,0,0,0,0
71.0891,85.1408,3.2873,0.01,0,2.6773,2.83024,0,0.515458,4.6872,4.27854e+06,2.92794e+06,1.14549e+07,0,0,0,0,62.338,61.3098,4.01671,0,0,1.47134,1.3184,0,1.18588,1.90512,8.89167e+06,3.91359e+06,1.30827e+07,0,0,0,0
71.273,85.1408,3.00211,0.01,0,2.61546,2.83141,0,0.501726,4.6872,4.27854e+06,2.92794e+06,1.11904e+07,0,0,0,0,62.338,61.3098,2.47304,0,0,1.5349,1.31895,0,1.13676,1.90512,8.89167e+06,3.91359e+06,1.36478e+07,0,0,0,0
72.6571,85.1408,4.69407,0,0,2.83259,2.83259,0,0.490138,4.6872,4.27854e+06,2.92794e+06,1.21193e+07,0,0,0,0,62.338,61.3098,4.60034,0,0,1.3195,1.3195,0,1.18586,1.90512,8.89167e+06,3.91359e+06,1.17325e+07,0,0,0,0
75.4701,85.1408,6.02758,0,0,2.83376,2.83376,0,0.530827,4.6872,4.27854e+06,2.92794e+06,1.21244e+07,0,0,0,0,62.338,61.3098,5.36577,0,0,1.32004,1.32004,0,1.01944,1.90512,8.89167e+06,3.91359e+06,1.17374e+07,0,0,0,0
78.8125,85.1408,6.2994,0,0,2.62143,2.62143,0,0.531047,4.6872,4.27854e+06,2.92794e+06,1.12159e+07,0,0,0,0,62.338,61.3098,5.12412,0,0,1.18794,1.18794,0,1.01986,1.90512,8.89167e+06,3.91359e+06,1.05628e+07,0,0,0,0
80.247,85.1408,4.62284,0,0,2.62252,2.62252,0,0.491256,4.6872,4.27854e+06,2.92794e+06,1.12205e+07,0,0,0,0,62.338,61.3098,5.08424,0,0,1.18843,1.18843,0,0.917803,1.90512,8.89167e+06,3.91359e+06,1.05672e+07,0,0,0,0
82.9154,85.1408,5.85744,0,0,2.6236,2.6236,0,0.49146,4.6872,4.27854e+06,2.92794e+06,1.12252e+07,0,0,0,0,62.338,61.3098,6.87783,0,0,1.18892,1.18892,0,0.918183,1.90512,8.89167e+06,3.91359e+06,1.05715e+07,0,0,0,0
85.1408,85.1408,8.18917,0,0,2.62469,2.62469,0,0.491663,4.6872,4.27854e+06,2.92794e+06,1.12298e+07,0,0,0,0,62.338,61.3098,6.82988,0,0,1.18942,1.18942,0,0.918563,1.90512,8.89167e+06,3.91359e+06,1.05759e+07,0,0,0,0
85.1408,85.1408,8.61756,0,0,2.62578,2.62578,0,0.491867,4.6872,4.27854e+06,2.92794e+06,1.12345e+07,0,0,0,0,62.338,61.3098,7.14633,0,0,1.18991,1.18991,0,0.918944,1.90512,8.89167e+06,3.91359e+06,1.05803e+07,0,0,0,0
85.1408,85.1408,9.6527,0,0,2.70913,2.70913,0,0.492071,4.6872,4.27854e+06,2.92794e+06,1.15911e+07,0,0,0,0,62.338,61.3098,6.83043,0,0,1.22888,1.22888,0,0.919324,1.90512,8.89167e+06,3.91359e+06,1.09268e+07,0,0,0,0
84.001,85.1408,1.95093,0,0,2.71021,2.71021,0,0.507691,4.6872,4.27854e+06,2.92794e+06,1.15957e+07,0,0,0,0,62.338,61.3098,3.15655,0,0,1.22937,1.22937,0,0.949432,1.90512,8.89167e+06,3.91359e+06,1.09312e+07,0,0,0,0
83.7793,85.1408,2.92611,0,0,2.71129,2.71129,0,0.507893,4.6872,4.27854e+06,2.92794e+06,1.16004e+07,0,0,0,0,62.338,61.3098,3.02967,0,0,1.22986,1.22986,0,0.949811,1.90512,8.89167e+06,3.91359e+06,1.09355e+07,0,0,0,0
83.2885,85.1408,2.63638,0,0,2.71237,2.71237,0,0.508096,4.6872,4.27854e+06,2.92794e+06,1.1605e+07,0,0,0,0,62.338,61.3098,3.14432,0,0,1.23035,1.23035,0,0.95019,1.90512,8.89167e+06,3.91359e+06,1.09399e+07,0,0,0,0
82.1927,85.1408,2.22522,0,0,2.97812,2.97812,0,0.508299,4.6872,4.27854e+06,2.92794e+06,1.2742e+07,0,0,0,0,62.338,61.3098,2.86693,0,0,1.37556,1.37556,0,0.950569,1.90512,8.89167e+06,3.91359e+06,1.22311e+07,0,0,0,0
81.8347,85.1408,3.05771,0,0,2.97931,2.97931,0,0.558099,4.6872,4.27854e+06,2.92794e+06,1.27471e+07,0,0,0,0,62.338,61.3098,3.05279,0,0,1.37611,1.37611,0,1.06276,1.90512,8.89167e+06,3.91359e+06,1.22359e+07,0,0,0,0
82.9434,85.1408,4.57111,0,0,2.98049,2.98049,0,0.558322,4.6872,4.27854e+06,2.92794e+06,1.27522e+07,0,0,0,0,62.338,61.3098,5.23576,0,0,1.37666,1.37666,0,1.06318,1.90512,8.89167e+06,3.91359e+06,1.22408e+07,0,0,0,0
82.6011,85.1408,3.04274,0,0,2.98168,2.98168,0,0.558545,4.6872,4.27854e+06,2.92794e+06,1.27572e+07,0,0,0,0,62.338,61.3098,3.1392,0,0,1.37721,1.37721,0,1.06361,1.90512,8.89167e+06,3.91359e+06,1.22457e+07,0,0,0,0
81.9726,85.1408,2.38239,0,0,2.60477,2.60477,0,0.558767,4.6872,4.27854e+06,2.92794e+06,1.11446e+07,0,0,0,0,62.338,61.3098,2.44274,0,0,1.18323,1.18323,0,1.06403,1.90512,8.89167e+06,3.91359e+06,1.05209e+07,0,0,0,0
82.7228,85.1408,3.80669,0,0,2.60581,2.60581,0,0.488134,4.6872,4.27854e+06,2.92794e+06,1.11491e+07,0,0,0,0,62.338,61.3098,2.73146,0,0,1.1837,1.1837,0,0.914164,1.90512,8.89167e+06,3.91359e+06,1.05251e+07,0,0,0,0
83.5865,85.1408,4.04539,0,0,2.60685,2.60685,0,0.488329,4.6872,4.27854e+06,2.92794e+06,1.11535e+07,0,0,0,0,62.2937,61.3098,3.16338,0,0,1.18417,1.18417,0,0.914528,1.90512,8.89167e+06,3.91359e+06,1.05293e+07,0,0,0,0
83.896,85.1408,3.40519,0,0,2.60789,2.60789,0,0.488524,4.6872,4.27854e+06,2.92794e+06,1.11579e+07,0,0,0,0,62.338,61.3098,2.26035,0,0,1.18465,1.18465,0,0.914893,1.90512,8.89167e+06,3.91359e+06,1.05335e+07,0,0,0,0
84.4814,85.1408,3.71386,0,0,2.60893,2.60893,0,0.488718,4.6872,4.27854e+06,2.92794e+06,1.11624e+07,0,0,0,0,62.338,61.3098,2.32366,0,0,1.18512,1.18512,0,0.915257,1.90512,8.89167e+06,3.91359e+06,1.05377e+07,0,0,0,0
84.3301,85.1408,3.08409,0,0,2.70533,2.70533,0,0.488913,4.6872,4.27854e+06,2.92794e+06,1.15748e+07,0,0,0,0,62.338,61.3098,2.47238,0,0,1.23327,1.23327,0,0.915622,1.90512,8.89167e+06,3.91359e+06,1.09659e+07,0,0,0,0
84.1631,85.1408,3.05419,0,0,2.70641,2.70641,0,0.506978,4.6872,4.27854e+06,2.92794e+06,1.15795e+07,0,0,0,0,62.2879,61.3098,2.35476,0,0,1.23376,1.23376,0,0.952827,1.90512,8.89167e+06,3.91359e+06,1.09702e+07,0,0,0,0
83.896,85.1408,2.99101,0,0,2.70748,2.70748,0,0.50718,4.6872,4.27854e+06,2.92794e+06,1.15841e+07,0,0,0,0,62.338,61.3098,2.18128,0,0,1.23426,1.23426,0,0.953206,1.90512,8.89167e+06,3.91359e+06,1.09746e+07,0,0,0,0
83.2634,85.1408,2.54492,0,0,2.70856,2.70856,0,0.507382,4.6872,4.27854e+06,2.92794e+06,1.15887e+07,0,0,0,0,62.338,61.3098,2.29703,0,0,1.23475,1.23475,0,0.953586,1.90512,8.89167e+06,3.91359e+06,1.0979e+07,0,0,0,0
82.8524,85.1408,2.72517,0,0,2.67229,2.67229,0,0.507584,4.6872,4.27854e+06,2.92794e+06,1.14335e+07,0,0,0,0,62.338,61.3098,2.36744,0,0,1.21669,1.21669,0,0.953965,1.90512,8.89167e+06,3.91359e+06,1.08184e+07,0,0,0,0
82.0609,85.1408,2.26113,0,0,2.67336,2.67336,0,0.500788,4.6872,4.27854e+06,2.92794e+06,1.14381e+07,0,0,0,0,62.338,61.3098,2.52336,0,0,1.21717,1.21717,0,0.940014,1.90512,8.89167e+06,3.91359e+06,1.08227e+07,0,0,0,0
80.999,85.1408,1.9567,0,0,2.67442,2.67442,0,0.500987,4.6872,4.27854e+06,2.92794e+06,1.14426e+07,0,0,0,0,62.338,61.3098,2.51523,0,0,1.21766,1.21766,0,0.940388,1.90512,8.89167e+06,3.91359e+06,1.0827e+07,0,0,0,0
80.2428,85.1408,2.26059,0,0,2.67548,2.67548,0,0.501186,4.6872,4.27854e+06,2.92794e+06,1.14472e+07,0,0,0,0,62.338,61.3098,2.55725,0,0,1.21814,1.21814,0,0.940762,1.90512,8.89167e+06,3.91359e+06,1.08313e+07,0,0,0,0
79.659,85.1408,2.54464,0,0,2.80351,2.80351,0,0.501386,4.6872,4.27854e+06,2.92794e+06,1.19949e+07,0,0,0,0,62.338,61.3098,2.66049,0,0,1.28451,1.28451,0,0.941136,1.90512,8.89167e+06,3.91359e+06,1.14215e+07,0,0,0,0
78.5692,85.1408,1.92677,0,0,2.80463,2.80463,0,0.525379,4.6872,4.27854e+06,2.92794e+06,1.19997e+07,0,0,0,0,62.338,61.3098,2.46696,0,0,1.28502,1.28502,0,0.992413,1.90512,8.89167e+06,3.91359e+06,1.1426e+07,0,0,0,0
77.285,85.1408,1.71072,0,0,2.80574,2.80574,0,0.525587,4.6872,4.27854e+06,2.92794e+06,1.20045e+07,0,0,0,0,62.338,61.3098,2.36681,0,0,1.28553,1.28553,0,0.992808,1.90512,8.89167e+06,3.91359e+06,1.14305e+07,0,0,0,0
75.8485,85.1408,1.54179,0,0,2.80686,2.80686,0,0.525796,4.6872,4.27854e+06,2.92794e+06,1.20093e+07,0,0,0,0,62.338,61.3098,2.0195,0,0,1.28604,1.28604,0,0.993202,1.90512,8.89167e+06,3.91359e+06,1.14351e+07,0,0,0,0
74.3441,85.1408,1.43618,0,0,2.80797,2.80797,0,0.526005,4.6872,4.27854e+06,2.92794e+06,1.2014e+07,0,0,0,0,62.2727,61.3098,2.01095,0,0,1.28655,1.28655,0,0.993597,1.90512,8.89167e+06,3.91359e+06,1.14396e+07,0,0,0,0
72.833,85.1408,1.37354,0,0,2.78393,2.78393,0,0.526214,4.6872,4.27854e+06,2.92794e+06,1.19112e+07,0,0,0,0,62.2021,61.3098,1.75762,0,0,1.32335,1.32335,0,0.993992,1.90512,8.89167e+06,3.91359e+06,1.17668e+07,0,0,0,0
71.2149,85.1408,1.24203,0,0,2.78504,2.78504,0,0.521709,4.6872,4.27854e+06,2.92794e+06,1.19159e+07,0,0,0,0,61.9894,61.3098,1.74271,0,0,1.32388,1.32388,0,1.02242,1.90512,8.89167e+06,3.91359e+06,1.17715e+07,0,0,0,0
69.5016,85.1408,1.12601,0,0,2.78614,2.78614,0,0.521916,4.6872,4.27854e+06,2.92794e+06,1.19206e+07,0,0,0,0,61.7496,61.3098,1.57174,0,0,1.3244,1.3244,0,1.02283,1.90512,8.89167e+06,3.91359e+06,1.17761e+07,0,0,0,0
67.777,85.1408,1.0648,0,0,2.78725,2.78725,0,0.522123,4.6872,4.27854e+06,2.92794e+06,1.19254e+07,0,0,0,0,61.404,61.3098,1.54688,0,0,1.32493,1.32493,0,1.02323,1.90512,8.89167e+06,3.91359e+06,1.17808e+07,0,0,0,0
65.914,85.1408,0.969181,0,0,2.85343,2.85343,0,0.522331,4.6872,4.27854e+06,2.92794e+06,1.22085e+07,0,0,0,0,61.0939,61.3098,1.52621,0,0,1.35784,1.35784,0,1.02364,1.90512,8.89167e+06,3.91359e+06,1.20735e+07,0,0,0,0
64.1908,85.1408,0.945373,0.01,0,2.67805,2.85456,0,0.534733,4.6872,4.27854e+06,2.92794e+06,1.14582e+07,0,0,0,0,60.5746,61.3098,1.61258,0,0,1.53489,1.35838,0,1.04907,1.90512,8.89167e+06,3.91359e+06,1.36477e+07,0,0,0,0
62.4252,85.1408,0.882585,0.01,0,2.67973,2.8557,0,0.501867,4.6872,4.27854e+06,2.92794e+06,1.14653e+07,0,0,0,0,59.9313,61.3098,1.53026,0,0,1.53489,1.35892,0,1.18586,1.90512,8.89167e+06,3.91359e+06,1.36477e+07,0,0,0,0
60.6072,85.1408,0.81003,0.01,0,2.6814,2.85683,0,0.50218,4.6872,4.27854e+06,2.92794e+06,1.14725e+07,0,0,0,0,59.4899,61.3098,1.43203,0,0,1.53489,1.35946,0,1.18586,1.90512,8.89167e+06,3.91359e+06,1.36478e+07,0,0,0,0
58.8207,85.1408,0.965263,0.01,0,2.87394,3.04883,0,0.502494,4.6872,4.27854e+06,2.92794e+06,1.22963e+07,0,0,0,0,58.7656,61.3098,1.88818,0,0,1.65198,1.47709,0,1.18586,1.90512,8.89167e+06,3.91359e+06,1.46889e+07,0,0,0,0
56.6343,85.1408,0.643795,0.02,0,2.99278,3.05004,0,0.538577,4.6872,4.27854e+06,2.92794e+06,1.28047e+07,0,0,0,0,57.8969,61.3098,1.32306,0,0,1.53494,1.47767,0,1.27632,1.90512,8.89167e+06,3.91359e+06,1.36482e+07,0,0,0,0
54.3375,85.1408,0.507136,0.02,0,2.99458,3.05125,0,0.560847,4.6872,4.27854e+06,2.92794e+06,1.28124e+07,0,0,0,0,56.972,61.3098,1.11999,0,0,1.53494,1.47826,0,1.18589,1.90512,8.89167e+06,3.91359e+06,1.36482e+07,0,0,0,0
52.1105,85.1408,0.545611,0.02,0,2.99637,3.05246,0,0.561184,4.6872,4.27854e+06,2.92794e+06,1.28201e+07,0,0,0,0,56.2211,61.3098,1.12955,0,0,1.53494,1.47885,0,1.18589,1.90512,8.89167e+06,3.91359e+06,1.36482e+07,0,0,0,0
50.1797,85.1408,0.84544,0.02,0,2.99817,3.05367,0,0.56152,4.6872,4.27854e+06,2.92794e+06,1.28278e+07,0,0,0,0,55.7465,61.3098,1.35516,0,0,1.53494,1.47943,0,1.18589,1.90512,8.89167e+06,3.91359e+06,1.36482e+07,0,0,0,0
48.6429,85.1408,1.14197,0.04,0,2.90676,2.96168,0,0.561857,4.6872,4.27854e+06,2.92794e+06,1.24367e+07,0,0,0,0,55.4704,61.3098,1.83594,0,0,1.46373,1.40881,0,1.18589,1.90512,8.89167e+06,3.91359e+06,1.3015e+07,0,0,0,0
46.8938,85.1408,0.864291,0.03,0,2.83731,2.96285,0,0.544726,4.6872,4.27854e+06,2.92794e+06,1.21395e+07,0,0,0,0,55.1164,61.3098,2.00786,0,0,1.53491,1.40937,0,1.13088,1.90512,8.89167e+06,3.91359e+06,1.36479e+07,0,0,0,0
45.5603,85.1408,1.27841,0.04,0,2.83904,2.96403,0,0.531711,4.6872,4.27854e+06,2.92794e+06,1.21469e+07,0,0,0,0,54.8551,61.3098,2.44974,0,0,1.53491,1.40993,0,1.18587,1.90512,8.89167e+06,3.91359e+06,1.36479e+07,0,0,0,0
44.6708,85.1408,1.77576,0.04,0,2.84077,2.9652,0,0.532036,4.6872,4.27854e+06,2.92794e+06,1.21544e+07,0,0,0,0,54.9635,61.3098,3.97719,0,0,1.53491,1.41048,0,1.18587,1.90512,8.89167e+06,3.91359e+06,1.36479e+07,0,0,0,0
43.6063,85.1408,1.55652,0.03,0,2.76588,2.88975,0,0.532361,4.6872,4.27854e+06,2.92794e+06,1.18339e+07,0,0,0,0,54.8798,61.3098,2.80873,0,0,1.46999,1.34612,0,1.18587,1.90512,8.89167e+06,3.91359e+06,1.30707e+07,0,0,0,0
43.0191,85.1408,2.02581,0.03,0,2.70266,2.89089,0,0.518325,4.6872,4.27854e+06,2.92794e+06,1.15634e+07,0,0,0,0,54.7451,61.3098,2.09445,0,0,1.53489,1.34665,0,1.13571,1.90512,8.89167e+06,3.91359e+06,1.36477e+07,0,0,0,0
44.1593,85.1408,3.82584,0.03,0,2.70434,2.89203,0,0.506478,4.6872,4.27854e+06,2.92794e+06,1.15706e+07,0,0,0,0,55.5712,61.3098,5.80053,0,0,1.53489,1.34719,0,1.18585,1.90512,8.89167e+06,3.91359e+06,1.36477e+07,0,0,0,0
44.2845,85.1408,2.80415,0.03,0,2.70602,2.89318,0,0.506793,4.6872,4.27854e+06,2.92794e+06,1.15778e+07,0,0,0,0,55.9193,61.3098,3.80187,0,0,1.53489,1.34772,0,1.18585,1.90512,8.89167e+06,3.91359e+06,1.36477e+07,0,0,0,0
45.7608,85.1408,4.0668,0.03,0,2.48972,2.67635,0,0.507107,4.6872,4.27854e+06,2.92794e+06,1.06524e+07,0,0,0,0,56.4302,61.3098,3.30474,0,0,1.39946,1.21283,0,1.18585,1.90512,8.89167e+06,3.91359e+06,1.24435e+07,0,0,0,0
47.5623,85.1408,4.38386,0.03,0,2.35588,2.67741,0,0.466573,4.6872,4.27854e+06,2.92794e+06,1.00797e+07,0,0,0,0,57.0619,61.3098,4.07135,0,0,1.53483,1.21331,0,1.08122,1.90512,8.89167e+06,3.91359e+06,1.36472e+07,0,0,0,0
49.4825,85.1408,4.54884,0.03,0,2.35742,2.67847,0,0.441493,4.6872,4.27854e+06,2.92794e+06,1.00863e+07,0,0,0,0,57.6848,61.3098,4.10847,0,0,1.53483,1.21379,0,1.18581,1.90512,8.89167e+06,3.91359e+06,1.36472e+07,0,0,0,0
53.6941,85.1408,6.82547,0.03,0,2.35896,2.67953,0,0.441781,4.6872,4.27854e+06,2.92794e+06,1.00929e+07,0,0,0,0,58.6656,61.3098,5.66671,0,0,1.53483,1.21427,0,1.18581,1.90512,8.89167e+06,3.91359e+06,1.36472e+07,0,0,0,0
59.32,85.1408,8.37668,0.02,0,2.3605,2.68059,0,0.44207,4.6872,4.27854e+06,2.92794e+06,1.00995e+07,0,0,0,0,59.5686,61.3098,5.4342,0,0,1.53483,1.21475,0,1.18581,1.90512,8.89167e+06,3.91359e+06,1.36472e+07,0,0,0,0
64.2224,85.1408,7.78888,0.02,0,2.44602,2.76563,0,0.442358,4.6872,4.27854e+06,2.92794e+06,1.04654e+07,0,0,0,0,60.715,61.3098,5.05505,0,0,1.57411,1.25451,0,1.18581,1.90512,8.89167e+06,3.91359e+06,1.39965e+07,0,0,0,0
66.475,85.1408,5.13756,0.01,0,2.48684,2.76668,0,0.458385,4.6872,4.27854e+06,2.92794e+06,1.064e+07,0,0,0,0,61.474,61.3098,4.84698,0,0,1.53483,1.25499,0,1.21616,1.90512,8.89167e+06,3.91359e+06,1.36472e+07,0,0,0,0
68.6883,85.1408,5.12043,0.01,0,2.48837,2.76774,0,0.466033,4.6872,4.27854e+06,2.92794e+06,1.06466e+07,0,0,0,0,62.338,61.3098,6.13154,0,0,1.53483,1.25546,0,1.18581,1.90512,8.89167e+06,3.91359e+06,1.36472e+07,0,0,0,0
70.7487,85.1408,5.2213,0,0,2.76879,2.76879,0,0.46632,4.6872,4.27854e+06,2.92794e+06,1.18464e+07,0,0,0,0,62.338,61.3098,5.05764,0,0,1.25594,1.25594,0,1.18581,1.90512,8.89167e+06,3.91359e+06,1.11674e+07,0,0,0,0
71.5433,85.1408,4.18381,0,0,3.04001,3.04001,0,0.518871,4.6872,4.27854e+06,2.92794e+06,1.30068e+07,0,0,0,0,62.338,61.3098,4.52346,0,0,1.40415,1.40415,0,0.970341,1.90512,8.89167e+06,3.91359e+06,1.24852e+07,0,0,0,0
71.9044,85.1408,3.73616,0,0,3.04117,3.04117,0,0.569697,4.6872,4.27854e+06,2.92794e+06,1.30117e+07,0,0,0,0,62.338,61.3098,4.2581,0,0,1.40468,1.40468,0,1.08485,1.90512,8.89167e+06,3.91359e+06,1.249e+07,0,0,0,0
72.1285,85.1408,3.58423,0,0,3.04232,3.04232,0,0.569914,4.6872,4.27854e+06,2.92794e+06,1.30167e+07,0,0,0,0,62.338,61.3098,4.29766,0,0,1.40522,1.40522,0,1.08526,1.90512,8.89167e+06,3.91359e+06,1.24947e+07,0,0,0,0
71.3006,85.1408,2.46886,0,0,3.04348,3.04348,0,0.570131,4.6872,4.27854e+06,2.92794e+06,1.30216e+07,0,0,0,0,62.338,61.3098,2.95171,0,0,1.40575,1.40575,0,1.08567,1.90512,8.89167e+06,3.91359e+06,1.24995e+07,0,0,0,0
70.5378,85.1408,2.18217,0,0,2.65871,2.65871,0,0.570348,4.6872,4.27854e+06,2.92794e+06,1.13754e+07,0,0,0,0,62.338,61.3098,2.60761,0,0,1.20773,1.20773,0,1.08608,1.90512,8.89167e+06,3.91359e+06,1.07388e+07,0,0,0,0
71.1776,85.1408,3.63336,0,0,2.65972,2.65972,0,0.498242,4.6872,4.27854e+06,2.92794e+06,1.13797e+07,0,0,0,0,62.338,61.3098,4.99666,0,0,1.20819,1.20819,0,0.933094,1.90512,8.89167e+06,3.91359e+06,1.07428e+07,0,0,0,0
72.6491,85.1408,4.54745,0,0,2.66073,2.66073,0,0.498432,4.6872,4.27854e+06,2.92794e+06,1.1384e+07,0,0,0,0,62.338,61.3098,5.73718,0,0,1.20865,1.20865,0,0.933449,1.90512,8.89167e+06,3.91359e+06,1.07469e+07,0,0,0,0
75.6904,85.1408,6.21193,0,0,2.66175,2.66175,0,0.498622,4.6872,4.27854e+06,2.92794e+06,1.13884e+07,0,0,0,0,62.338,61.3098,5.64577,0,0,1.20911,1.20911,0,0.933804,1.90512,8.89167e+06,3.91359e+06,1.0751e+07,0,0,0,0
77.3383,85.1408,4.75741,0,0,2.66276,2.66276,0,0.498811,4.6872,4.27854e+06,2.92794e+06,1.13927e+07,0,0,0,0,62.338,61.3098,5.86127,0,0,1.20957,1.20957,0,0.934159,1.90512,8.89167e+06,3.91359e+06,1.07551e+07,0,0,0,0
79.3893,85.1408,5.28367,0,0,2.7611,2.7611,0,0.499001,4.6872,4.27854e+06,2.92794e+06,1.18135e+07,0,0,0,0,62.338,61.3098,5.63678,0,0,1.2587,1.2587,0,0.934514,1.90512,8.89167e+06,3.91359e+06,1.11919e+07,0,0,0,0
79.9862,85.1408,3.79305,0,0,2.76215,2.76215,0,0.51743,4.6872,4.27854e+06,2.92794e+06,1.1818e+07,0,0,0,0,62.338,61.3098,3.76254,0,0,1.25918,1.25918,0,0.972469,1.90512,8.89167e+06,3.91359e+06,1.11962e+07,0,0,0,0
80.5775,85.1408,3.83973,0,0,2.7632,2.7632,0,0.517627,4.6872,4.27854e+06,2.92794e+06,1.18224e+07,0,0,0,0,62.338,61.3098,3.59586,0,0,1.25965,1.25965,0,0.972839,1.90512,8.89167e+06,3.91359e+06,1.12004e+07,0,0,0,0
80.5882,85.1408,3.18189,0,0,2.76425,2.76425,0,0.517823,4.6872,4.27854e+06,2.92794e+06,1.18269e+07,0,0,0,0,62.338,61.3098,3.72811,0,0,1.26013,1.26013,0,0.973209,1.90512,8.89167e+06,3.91359e+06,1.12047e+07,0,0,0,0
80.6608,85.1408,3.20371,0,0,2.72719,2.72719,0,0.51802,4.6872,4.27854e+06,2.92794e+06,1.16684e+07,0,0,0,0,62.338,61.3098,3.39277,0,0,1.24168,1.24168,0,0.973579,1.90512,8.89167e+06,3.91359e+06,1.10406e+07,0,0,0,0
79.9521,85.1408,2.34251,0,0,2.72822,2.72822,0,0.511075,4.6872,4.27854e+06,2.92794e+06,1.16728e+07,0,0,0,0,62.338,61.3098,2.16948,0,0,1.24215,1.24215,0,0.959323,1.90512,8.89167e+06,3.91359e+06,1.10448e+07,0,0,0,0
79.3159,85.1408,2.40571,0,0,2.72926,2.72926,0,0.511269,4.6872,4.27854e+06,2.92794e+06,1.16772e+07,0,0,0,0,62.338,61.3098,2.1846,0,0,1.24262,1.24262,0,0.959687,1.90512,8.89167e+06,3.91359e+06,1.1049e+07,0,0,0,0
79.5509,85.1408,3.29694,0,0,2.73029,2.73029,0,0.511463,4.6872,4.27854e+06,2.92794e+06,1.16817e+07,0,0,0,0,62.338,61.3098,2.43838,0,0,1.2431,1.2431,0,0.960052,1.90512,8.89167e+06,3.91359e+06,1.10532e+07,0,0,0,0
78.5745,85.1408,2.11608,0,0,2.8609,2.8609,0,0.511657,4.6872,4.27854e+06,2.92794e+06,1.22405e+07,0,0,0,0,62.338,61.3098,2.02649,0,0,1.3108,1.3108,0,0.960416,1.90512,8.89167e+06,3.91359e+06,1.16552e+07,0,0,0,0
77.6049,85.1408,2.09529,0,0,2.86198,2.86198,0,0.536132,4.6872,4.27854e+06,2.92794e+06,1.22451e+07,0,0,0,0,62.338,61.3098,2.05808,0,0,1.3113,1.3113,0,1.01273,1.90512,8.89167e+06,3.91359e+06,1.16596e+07,0,0,0,0
76.6657,85.1408,2.10615,0,0,2.86307,2.86307,0,0.536335,4.6872,4.27854e+06,2.92794e+06,1.22497e+07,0,0,0,0,62.3269,61.3098,1.94563,0,0,1.3118,1.3118,0,1.01311,1.90512,8.89167e+06,3.91359e+06,1.16641e+07,0,0,0,0
75.5399,85.1408,1.87385,0,0,2.86416,2.86416,0,0.536539,4.6872,4.27854e+06,2.92794e+06,1.22544e+07,0,0,0,0,62.2416,61.3098,1.85939,0,0,1.3123,1.3123,0,1.01349,1.90512,8.89167e+06,3.91359e+06,1.16685e+07,0,0,0,0
74.3471,85.1408,1.77467,0,0,2.86524,2.86524,0,0.536743,4.6872,4.27854e+06,2.92794e+06,1.2259e+07,0,0,0,0,61.9258,61.3098,1.7579,0,0,1.31279,1.31279,0,1.01388,1.90512,8.89167e+06,3.91359e+06,1.16729e+07,0,0,0,0
72.9416,85.1408,1.53699,0,0,2.84066,2.84066,0,0.536946,4.6872,4.27854e+06,2.92794e+06,1.21539e+07,0,0,0,0,61.3673,61.3098,1.53011,0,0,1.35031,1.35031,0,1.01426,1.90512,8.89167e+06,3.91359e+06,1.20066e+07,0,0,0,0
71.2667,85.1408,1.24855,0,0,2.84173,2.84173,0,0.532339,4.6872,4.27854e+06,2.92794e+06,1.21585e+07,0,0,0,0,60.7937,61.3098,1.3394,0,0,1.35083,1.35083,0,1.04325,1.90512,8.89167e+06,3.91359e+06,1.20111e+07,0,0,0,0
69.5846,85.1408,1.17324,0,0,2.84281,2.84281,0,0.532541,4.6872,4.27854e+06,2.92794e+06,1.21631e+07,0,0,0,0,60.2163,61.3098,1.29978,0,0,1.35134,1.35134,0,1.04365,1.90512,8.89167e+06,3.91359e+06,1.20157e+07,0,0,0,0
67.8363,85.1408,1.08818,0,0,2.84389,2.84389,0,0.532743,4.6872,4.27854e+06,2.92794e+06,1.21677e+07,0,0,0,0,59.6464,61.3098,1.31479,0,0,1.35185,1.35185,0,1.04404,1.90512,8.89167e+06,3.91359e+06,1.20202e+07,0,0,0,0
66.1244,85.1408,1.01188,0.01,0,2.72886,2.91136,0,0.532945,4.6872,4.27854e+06,2.92794e+06,1.16755e+07,0,0,0,0,58.7391,61.3098,1.32282,0,0,1.56791,1.38541,0,1.04444,1.90512,8.89167e+06,3.91359e+06,1.39413e+07,0,0,0,0
64.253,85.1408,0.881308,0.01,0,2.76352,2.91247,0,0.511389,4.6872,4.27854e+06,2.92794e+06,1.18238e+07,0,0,0,0,57.818,61.3098,1.18703,0,0,1.53488,1.38593,0,1.21137,1.90512,8.89167e+06,3.91359e+06,1.36476e+07,0,0,0,0
62.3459,85.1408,0.816704,0.01,0,2.76515,2.91357,0,0.517884,4.6872,4.27854e+06,2.92794e+06,1.18308e+07,0,0,0,0,56.785,61.3098,1.14489,0,0,1.53488,1.38646,0,1.18585,1.90512,8.89167e+06,3.91359e+06,1.36476e+07,0,0,0,0
60.3878,85.1408,0.743619,0.01,0,2.76678,2.91467,0,0.51819,4.6872,4.27854e+06,2.92794e+06,1.18378e+07,0,0,0,0,56.0321,61.3098,1.00628,0,0,1.53488,1.38698,0,1.18585,1.90512,8.89167e+06,3.91359e+06,1.36476e+07,0,0,0,0
58.4269,85.1408,0.867045,0.01,0,2.96314,3.11051,0,0.518495,4.6872,4.27854e+06,2.92794e+06,1.26779e+07,0,0,0,0,55.0566,61.3098,1.38924,0,0,1.65434,1.50697,0,1.18585,1.90512,8.89167e+06,3.91359e+06,1.47098e+07,0,0,0,0
56.2062,85.1408,0.67565,0.02,0,3.08431,3.11169,0,0.555293,4.6872,4.27854e+06,2.92794e+06,1.31963e+07,0,0,0,0,54.0419,61.3098,1.13893,0,0,1.53492,1.50754,0,1.27814,1.90512,8.89167e+06,3.91359e+06,1.3648e+07,0,0,0,0
53.8718,85.1408,0.533711,0.02,0,3.08606,3.11287,0,0.577999,4.6872,4.27854e+06,2.92794e+06,1.32038e+07,0,0,0,0,52.9753,61.3098,0.997962,0,0,1.53492,1.50811,0,1.18588,1.90512,8.89167e+06,3.91359e+06,1.3648e+07,0,0,0,0
51.579,85.1408,0.540642,0.02,0,3.08781,3.11405,0,0.578327,4.6872,4.27854e+06,2.92794e+06,1.32113e+07,0,0,0,0,52.0238,61.3098,0.956777,0,0,1.53492,1.50868,0,1.18588,1.90512,8.89167e+06,3.91359e+06,1.3648e+07,0,0,0,0
49.5617,85.1408,0.797658,0.02,0,3.08956,3.11523,0,0.578655,4.6872,4.27854e+06,2.92794e+06,1.32188e+07,0,0,0,0,51.1441,61.3098,1.14567,0,0,1.53492,1.50925,0,1.18588,1.90512,8.89167e+06,3.91359e+06,1.3648e+07,0,0,0,0
47.7691,85.1408,0.947178,0.04,0,2.99622,3.02132,0,0.578983,4.6872,4.27854e+06,2.92794e+06,1.28194e+07,0,0,0,0,50.3227,61.3098,1.22944,0,0,1.46228,1.43718,0,1.18588,1.90512,8.89167e+06,3.91359e+06,1.30021e+07,0,0,0,0
45.7141,85.1408,0.564476,0.03,0,2.92529,3.02246,0,0.561492,4.6872,4.27854e+06,2.92794e+06,1.2516e+07,0,0,0,0,49.2731,61.3098,1.02225,0,0,1.5349,1.43772,0,1.12976,1.90512,8.89167e+06,3.91359e+06,1.36478e+07,0,0,0,0
43.634,85.1408,0.636603,0.04,0,2.92698,3.02361,0,0.5482,4.6872,4.27854e+06,2.92794e+06,1.25232e+07,0,0,0,0,48.7118,61.3098,0.985782,0,0,1.5349,1.43827,0,1.18586,1.90512,8.89167e+06,3.91359e+06,1.36478e+07,0,0,0,0
42.1122,85.1408,0.993053,0.04,0,2.92867,3.02475,0,0.548516,4.6872,4.27854e+06,2.92794e+06,1.25304e+07,0,0,0,0,48.2836,61.3098,1.67551,0,0,1.5349,1.43881,0,1.18586,1.90512,8.89167e+06,3.91359e+06,1.36478e+07,0,0,0,0
40.7365,85.1408,0.961445,0.07,0,2.5391,2.94773,0,0.548832,4.6872,4.27854e+06,3.51353e+06,1.08636e+07,0,0,0,0,47.7528,61.3098,1.52869,0,0,1.32282,1.37313,0,1.18586,1.90512,8.89167e+06,4.69631e+06,1.17621e+07,0,0,0,0
39.2529,85.1408,0.722933,0.06,0,2.47441,2.94884,0,0.475826,4.6872,4.27854e+06,3.51353e+06,1.05869e+07,0,0,0,0,46.9745,61.3098,1.10095,0,0,1.38897,1.37365,0,1.02201,1.90512,8.89167e+06,4.69631e+06,1.23503e+07,0,0,0,0
37.9649,85.1408,0.991012,0.06,0,2.47593,2.94996,0,0.463705,4.6872,4.27854e+06,3.51353e+06,1.05933e+07,0,0,0,0,46.1306,61.3098,0.962434,0,0,1.38891,1.37417,0,1.07312,1.90512,8.89167e+06,4.69631e+06,1.23498e+07,0,0,0,0
36.2439,85.1408,0.817324,0.05,0,2.79089,2.95107,0,0.463989,4.6872,4.27854e+06,2.92794e+06,1.19409e+07,0,0,0,0,45.7108,61.3098,0.975591,0,0,1.53487,1.37469,0,1.07307,1.90512,8.89167e+06,3.91359e+06,1.36476e+07,0,0,0,0
35.9069,85.1408,2.09451,0.05,0,2.57019,2.72986,0,0.523013,4.6872,4.27854e+06,2.92794e+06,1.09967e+07,0,0,0,0,46.0168,61.3098,3.01085,0,0,1.39674,1.23707,0,1.18584,1.90512,8.89167e+06,3.91359e+06,1.24193e+07,0,0,0,0
37.4184,85.1408,3.91869,0.05,0,2.43361,2.73089,0,0.481654,4.6872,4.27854e+06,2.92794e+06,1.04123e+07,0,0,0,0,47.005,61.3098,4.15216,0,0,1.53482,1.23754,0,1.07912,1.90512,8.89167e+06,3.91359e+06,1.36471e+07,0,0,0,0
37.6667,85.1408,2.46757,0.06,0,2.14494,2.73192,0,0.456059,4.6872,4.27854e+06,3.51353e+06,9.1772e+06,0,0,0,0,47.6907,61.3098,3.32433,0,0,1.40332,1.23801,0,1.1858,1.90512,8.89167e+06,4.69631e+06,1.24779e+07,0,0,0,0
38,85.1408,2.55315,0.06,0,2.14633,2.73295,0,0.401961,4.6872,4.27854e+06,3.51353e+06,9.18315e+06,0,0,0,0,48.2849,61.3098,3.18901,0,0,1.40327,1.23848,0,1.08421,1.90512,8.89167e+06,4.69631e+06,1.24775e+07,0,0,0,0
38.026,85.1408,2.28451,0.07,0,2.14772,2.73398,0,0.402222,4.6872,4.27854e+06,3.51353e+06,9.1891e+06,0,0,0,0,48.8818,61.3098,3.0056,0,0,1.40323,1.23895,0,1.08417,1.90512,8.89167e+06,4.69631e+06,1.2477e+07,0,0,0,0
38.3618,85.1408,2.5719,0.1,0,2.14819,2.73398,0,0.402483,4.6872,4.27854e+06,3.51353e+06,9.1911e+06,0,0,0,0,49.5034,61.3098,3.09088,0,0,1.40276,1.23895,0,1.08413,1.90512,8.89167e+06,4.69631e+06,1.24729e+07,0,0,0,0
40.5447,85.1408,4.62588,0.1,0,2.22566,2.82067,0,0.40257,4.6872,4.27854e+06,3.51353e+06,9.52259e+06,0,0,0,0,50.9131,61.3098,5.36495,0,0,1.43898,1.27948,0,1.08377,1.90512,8.89167e+06,4.69631e+06,1.2795e+07,0,0,0,0
41.4211,85.1408,3.2355,0.11,0,2.26711,2.82169,0,0.41709,4.6872,4.27854e+06,3.51353e+06,9.69992e+06,0,0,0,0,51.9614,61.3098,4.19233,0,0,1.39887,1.27994,0,1.11176,1.90512,8.89167e+06,4.69631e+06,1.24383e+07,0,0,0,0
42.0375,85.1408,2.96555,0.13,0,2.26849,2.82272,0,0.424857,4.6872,4.27854e+06,3.51353e+06,9.70583e+06,0,0,0,0,52.5987,61.3098,3.69917,0,0,1.39882,1.28041,0,1.08077,1.90512,8.89167e+06,4.69631e+06,1.24378e+07,0,0,0,0
42.1511,85.1408,2.45709,0.13,0,2.26987,2.82374,0,0.425115,4.6872,4.27854e+06,3.51353e+06,9.71174e+06,0,0,0,0,53.1318,61.3098,2.38887,0,0,1.39877,1.28087,0,1.08073,1.90512,8.89167e+06,4.69631e+06,1.24374e+07,0,0,0,0
42.2812,85.1408,2.60192,0.14,0,2.51751,3.10029,0,0.425374,4.6872,4.27854e+06,3.51353e+06,1.07713e+07,0,0,0,0,53.7559,61.3098,3.11532,0,0,1.53338,1.43199,0,1.08069,1.90512,8.89167e+06,4.69631e+06,1.36343e+07,0,0,0,0
42.4255,85.1408,2.70546,0.14,0,2.66964,3.10142,0,0.471782,4.6872,4.27854e+06,3.51353e+06,1.14222e+07,0,0,0,0,54.2784,61.3098,2.67744,0,0,1.38272,1.43251,0,1.18469,1.90512,8.89167e+06,4.69631e+06,1.22947e+07,0,0,0,0
44.107,85.1408,4.47273,0.14,0,2.67117,3.10254,0,0.500291,4.6872,4.27854e+06,3.51353e+06,1.14287e+07,0,0,0,0,55.4358,61.3098,3.92998,0,0,1.38266,1.43303,0,1.06829,1.90512,8.89167e+06,4.69631e+06,1.22942e+07,0,0,0,0
45.4996,85.1408,4.21462,0.07,0,2.67269,3.10367,0,0.500577,4.6872,4.27854e+06,3.51353e+06,1.14352e+07,0,0,0,0,56.4454,61.3098,3.75398,0,0,1.38261,1.43355,0,1.06824,1.90512,8.89167e+06,4.69631e+06,1.22937e+07,0,0,0,0
46.3143,85.1408,3.27677,0.07,0,2.32247,2.71124,0,0.500863,4.6872,4.27854e+06,3.51353e+06,9.93677e+06,0,0,0,0,57.0949,61.3098,2.74855,0,0,1.20158,1.2316,0,1.0682,1.90512,8.89167e+06,4.69631e+06,1.06841e+07,0,0,0,0
47.9651,85.1408,4.04062,0.08,0,2.12139,2.71223,0,0.435231,4.6872,4.27854e+06,3.51353e+06,9.07644e+06,0,0,0,0,58.2294,61.3098,3.98599,0,0,1.40394,1.23204,0,0.928341,1.90512,8.89167e+06,4.69631e+06,1.24834e+07,0,0,0,0
49.1578,85.1408,3.60609,0.1,0,2.12272,2.71321,0,0.397548,4.6872,4.27854e+06,3.51353e+06,9.08212e+06,0,0,0,0,58.6884,61.3098,2.84655,0,0,1.40389,1.23249,0,1.08468,1.90512,8.89167e+06,4.69631e+06,1.24829e+07,0,0,0,0
49.7547,85.1408,2.97332,0.1,0,2.12404,2.71419,0,0.397797,4.6872,4.27854e+06,3.51353e+06,9.0878e+06,0,0,0,0,59.0758,61.3098,2.47167,0,0,1.40384,1.23294,0,1.08465,1.90512,8.89167e+06,4.69631e+06,1.24825e+07,0,0,0,0
51.3298,85.1408,4.0362,0.12,0,2.12537,2.71518,0,0.398046,4.6872,4.27854e+06,3.51353e+06,9.09347e+06,0,0,0,0,59.7062,61.3098,3.01813,0,0,1.4038,1.23338,0,1.08461,1.90512,8.89167e+06,4.69631e+06,1.24821e+07,0,0,0,0
53.489,85.1408,4.92531,0.05,0,2.51444,2.81541,0,0.398294,4.6872,4.27854e+06,2.92794e+06,1.07581e+07,0,0,0,0,60.513,61.3098,3.96389,0,0,1.58442,1.28345,0,1.08457,1.90512,8.89167e+06,3.91359e+06,1.40882e+07,0,0,0,0
54.0614,85.1408,3.29505,0.05,0,2.56553,2.81643,0,0.471206,4.6872,4.27854e+06,2.92794e+06,1.09767e+07,0,0,0,0,61.0676,61.3098,3.11186,0,0,1.53482,1.28392,0,1.22413,1.90512,8.89167e+06,3.91359e+06,1.36471e+07,0,0,0,0
54.905,85.1408,3.61487,0.05,0,2.56702,2.81745,0,0.48078,4.6872,4.27854e+06,2.92794e+06,1.09831e+07,0,0,0,0,61.5983,61.3098,3.10884,0,0,1.53482,1.28438,0,1.1858,1.90512,8.89167e+06,3.91359e+06,1.36471e+07,0,0,0,0
55.0774,85.1408,2.8991,0.05,0,2.5685,2.81847,0,0.481059,4.6872,4.27854e+06,2.92794e+06,1.09894e+07,0,0,0,0,61.7369,61.3098,2.78151,0,0,1.53482,1.28485,0,1.1858,1.90512,8.89167e+06,3.91359e+06,1.36471e+07,0,0,0,0
54.5354,85.1408,2.09179,0.05,0,2.53113,2.78063,0,0.481337,4.6872,4.27854e+06,2.92794e+06,1.08295e+07,0,0,0,0,61.581,61.3098,2.12407,0,0,1.51552,1.26601,0,1.1858,1.90512,8.89167e+06,3.91359e+06,1.34755e+07,0,0,0,0
53.8911,85.1408,1.9617,0.04,0,2.5133,2.78164,0,0.474334,4.6872,4.27854e+06,2.92794e+06,1.07533e+07,0,0,0,0,61.6185,61.3098,2.08419,0,0,1.53481,1.26647,0,1.17089,1.90512,8.89167e+06,3.91359e+06,1.3647e+07,0,0,0,0
54.3179,85.1408,3.05977,0.04,0,2.51477,2.78265,0,0.470993,4.6872,4.27854e+06,2.92794e+06,1.07595e+07,0,0,0,0,61.7461,61.3098,2.60757,0,0,1.53481,1.26693,0,1.18579,1.90512,8.89167e+06,3.91359e+06,1.3647e+07,0,0,0,0
53.6568,85.1408,1.9032,0.03,0,2.51623,2.78365,0,0.471267,4.6872,4.27854e+06,2.92794e+06,1.07658e+07,0,0,0,0,61.4583,61.3098,2.07566,0,0,1.53481,1.26739,0,1.18579,1.90512,8.89167e+06,3.91359e+06,1.3647e+07,0,0,0,0
52.7449,85.1408,1.71613,0.03,0,2.6498,2.91676,0,0.471542,4.6872,4.27854e+06,2.92794e+06,1.13373e+07,0,0,0,0,60.9334,61.3098,1.76387,0,0,1.60336,1.3364,0,1.18579,1.90512,8.89167e+06,3.91359e+06,1.42565e+07,0,0,0,0
51.7497,85.1408,1.65448,0.03,0,2.71986,2.91781,0,0.496572,4.6872,4.27854e+06,2.92794e+06,1.1637e+07,0,0,0,0,60.614,61.3098,1.68277,0,0,1.53484,1.33688,0,1.23875,1.90512,8.89167e+06,3.91359e+06,1.36473e+07,0,0,0,0
50.7256,85.1408,1.60723,0.03,0,2.7214,2.91887,0,0.509702,4.6872,4.27854e+06,2.92794e+06,1.16436e+07,0,0,0,0,60.2693,61.3098,1.77762,0,0,1.53484,1.33736,0,1.18581,1.90512,8.89167e+06,3.91359e+06,1.36473e+07,0,0,0,0
49.7943,85.1408,1.46285,0.07,0,2.4128,2.91993,0,0.50999,4.6872,4.27854e+06,3.51353e+06,1.03233e+07,0,0,0,0,60.165,61.3098,1.70543,0,0,1.39274,1.33785,0,1.18581,1.90512,8.89167e+06,4.69631e+06,1.23838e+07,0,0,0,0
48.9173,85.1408,1.47604,0.06,0,2.41423,2.92098,0,0.452159,4.6872,4.27854e+06,3.51353e+06,1.03294e+07,0,0,0,0,60.1466,61.3098,1.83075,0,0,1.39268,1.33833,0,1.07603,1.90512,8.89167e+06,4.69631e+06,1.23833e+07,0,0,0,0
48.015,85.1408,1.61797,0.05,0,2.69985,2.89587,0,0.452426,4.6872,4.27854e+06,2.92794e+06,1.15514e+07,0,0,0,0,59.9523,61.3098,2.01116,0,0,1.57258,1.37656,0,1.07599,1.90512,8.89167e+06,3.91359e+06,1.39829e+07,0,0,0,0
46.9594,85.1408,1.47747,0.05,0,2.73913,2.89692,0,0.505952,4.6872,4.27854e+06,2.92794e+06,1.17195e+07,0,0,0,0,59.7511,61.3098,1.97826,0,0,1.53485,1.37706,0,1.21497,1.90512,8.89167e+06,3.91359e+06,1.36474e+07,0,0,0,0
45.7913,85.1408,1.33966,0.05,0,2.74067,2.89797,0,0.513312,4.6872,4.27854e+06,2.92794e+06,1.17261e+07,0,0,0,0,59.5205,61.3098,1.78365,0,0,1.53485,1.37756,0,1.18583,1.90512,8.89167e+06,3.91359e+06,1.36474e+07,0,0,0,0
44.6,85.1408,1.26734,0.04,0,2.74222,2.89901,0,0.513602,4.6872,4.27854e+06,2.92794e+06,1.17327e+07,0,0,0,0,59.1936,61.3098,1.75604,0,0,1.53485,1.37805,0,1.18583,1.90512,8.89167e+06,3.91359e+06,1.36474e+07,0,0,0,0
43.3879,85.1408,1.27798,0.05,0,2.81145,2.96774,0,0.513892,4.6872,4.27854e+06,2.92794e+06,1.20289e+07,0,0,0,0,58.9492,61.3098,1.90241,0,0,1.56854,1.41224,0,1.18583,1.90512,8.89167e+06,3.91359e+06,1.39469e+07,0,0,0,0
42.1267,85.1408,1.22338,0.04,0,2.8467,2.96882,0,0.526865,4.6872,4.27854e+06,2.92794e+06,1.21797e+07,0,0,0,0,58.5608,61.3098,1.88115,0,0,1.53486,1.41275,0,1.21185,1.90512,8.89167e+06,3.91359e+06,1.36475e+07,0,0,0,0
41.006,85.1408,1.11392,0.08,0,2.53284,2.96989,0,0.533472,4.6872,4.27854e+06,3.51353e+06,1.08369e+07,0,0,0,0,58.4742,61.3098,1.65495,0,0,1.38475,1.41326,0,1.18583,1.90512,8.89167e+06,4.69631e+06,1.23128e+07,0,0,0,0
40.0977,85.1408,1.30011,0.08,0,2.53431,2.97096,0,0.474654,4.6872,4.27854e+06,3.51353e+06,1.08431e+07,0,0,0,0,58.4783,61.3098,2.2821,0,0,1.3847,1.41377,0,1.06986,1.90512,8.89167e+06,4.69631e+06,1.23123e+07,0,0,0,0
38.767,85.1408,0.997559,0.07,0,2.71319,3.17053,0,0.47493,4.6872,4.27854e+06,3.51353e+06,1.16085e+07,0,0,0,0,57.9335,61.3098,1.76545,0,0,1.49348,1.53605,0,1.06982,1.90512,8.89167e+06,4.69631e+06,1.32795e+07,0,0,0,0
36.9994,85.1408,0.679648,0.07,0,2.83479,3.17167,0,0.508452,4.6872,4.27854e+06,3.51353e+06,1.21288e+07,0,0,0,0,57.3521,61.3098,1.34915,0,0,1.37339,1.5366,0,1.15386,1.90512,8.89167e+06,4.69631e+06,1.22117e+07,0,0,0,0
35.2457,85.1408,0.690107,0.07,0,2.83582,3.17282,0,0.53124,4.6872,4.27854e+06,3.51353e+06,1.21332e+07,0,0,0,0,56.9285,61.3098,1.29351,0,0,1.37389,1.53716,0,1.06108,1.90512,8.89167e+06,4.69631e+06,1.22161e+07,0,0,0,0
33.8106,85.1408,1.02132,0.08,0,2.83684,3.17397,0,0.531432,4.6872,4.27854e+06,3.51353e+06,1.21375e+07,0,0,0,0,56.572,61.3098,1.54933,0,0,1.37438,1.53771,0,1.06146,1.90512,8.89167e+06,4.69631e+06,1.22206e+07,0,0,0,0
32.6918,85.1408,1.37334,0.14,0,2.83787,3.17511,0,0.531624,4.6872,4.27854e+06,3.51353e+06,1.21419e+07,0,0,0,0,56.5586,61.3098,1.66862,0,0,1.37488,1.53827,0,1.06185,1.90512,8.89167e+06,4.69631e+06,1.2225e+07,0,0,0,0
31.7689,85.1408,1.49022,0.13,0,2.75227,3.07935,0,0.531816,4.6872,4.27854e+06,3.51353e+06,1.17757e+07,0,0,0,0,56.5128,61.3098,2.12916,0,0,1.3092,1.46478,0,1.06223,1.90512,8.89167e+06,4.69631e+06,1.1641e+07,0,0,0,0
30.268,85.1408,0.857585,0.12,0,2.6837,3.08046,0,0.515776,4.6872,4.27854e+06,3.51353e+06,1.14823e+07,0,0,0,0,55.8814,61.3098,1.42519,0,0,1.37924,1.46531,0,1.01149,1.90512,8.89167e+06,4.69631e+06,1.22638e+07,0,0,0,0
28.7107,85.1408,0.771729,0.13,0,2.68522,3.08157,0,0.502925,4.6872,4.27854e+06,3.51353e+06,1.14888e+07,0,0,0,0,55.8616,61.3098,1.24063,0,0,1.37919,1.46584,0,1.0656,1.90512,8.89167e+06,4.69631e+06,1.22633e+07,0,0,0,0
28.3043,85.1408,1.99285,0.12,0,2.68674,3.08268,0,0.50321,4.6872,4.27854e+06,3.51353e+06,1.14953e+07,0,0,0,0,56.0105,61.3098,2.70802,0,0,1.37913,1.46637,0,1.06556,1.90512,8.89167e+06,4.69631e+06,1.22628e+07,0,0,0,0
27.2589,85.1408,1.30163,0.11,0,2.61707,3.00413,0,0.503496,4.6872,4.27854e+06,3.51353e+06,1.11972e+07,0,0,0,0,55.6866,61.3098,1.57185,0,0,1.31875,1.39941,0,1.06552,1.90512,8.89167e+06,4.69631e+06,1.17259e+07,0,0,0,0
27.1005,85.1408,2.15214,0.1,0,2.55107,3.00522,0,0.490438,4.6872,4.27854e+06,3.51353e+06,1.09149e+07,0,0,0,0,55.5934,61.3098,1.28581,0,0,1.38617,1.39991,0,1.01887,1.90512,8.89167e+06,4.69631e+06,1.23253e+07,0,0,0,0
28.998,85.1408,4.28536,0.1,0,2.55255,3.0063,0,0.478071,4.6872,4.27854e+06,3.51353e+06,1.09212e+07,0,0,0,0,56.2277,61.3098,3.10584,0,0,1.38611,1.40042,0,1.07095,1.90512,8.89167e+06,4.69631e+06,1.23248e+07,0,0,0,0
29.3059,85.1408,2.62389,0.1,0,2.55402,3.00739,0,0.478347,4.6872,4.27854e+06,3.51353e+06,1.09275e+07,0,0,0,0,56.6583,61.3098,2.74113,0,0,1.38606,1.40092,0,1.07091,1.90512,8.89167e+06,4.69631e+06,1.23244e+07,0,0,0,0
30.3682,85.1408,3.26661,0.12,0,2.35299,2.7819,0,0.478624,4.6872,4.27854e+06,3.51353e+06,1.00674e+07,0,0,0,0,57.0521,61.3098,2.38201,0,0,1.26019,1.26066,0,1.07087,1.90512,8.89167e+06,4.69631e+06,1.12052e+07,0,0,0,0
32.0832,85.1408,3.80457,0.12,0,2.21362,2.7829,0,0.44095,4.6872,4.27854e+06,3.51353e+06,9.47107e+06,0,0,0,0,57.2775,61.3098,2.23659,0,0,1.40086,1.26111,0,0.973621,1.90512,8.89167e+06,4.69631e+06,1.2456e+07,0,0,0,0
34.3807,85.1408,4.4152,0.16,0,2.21497,2.78391,0,0.414833,4.6872,4.27854e+06,3.51353e+06,9.47685e+06,0,0,0,0,58.2939,61.3098,3.11217,0,0,1.40081,1.26157,0,1.0823,1.90512,8.89167e+06,4.69631e+06,1.24555e+07,0,0,0,0
38.6372,85.1408,6.71261,0.09,0,2.21633,2.78491,0,0.415086,4.6872,4.27854e+06,3.51353e+06,9.48264e+06,0,0,0,0,60.0661,61.3098,4.99269,0,0,1.40076,1.26202,0,1.08226,1.90512,8.89167e+06,4.69631e+06,1.24551e+07,0,0,0,0
42.0416,85.1408,5.71757,0.1,0,2.21768,2.78591,0,0.41534,4.6872,4.27854e+06,3.51353e+06,9.48842e+06,0,0,0,0,60.8644,61.3098,3.63392,0,0,1.40071,1.26248,0,1.08223,1.90512,8.89167e+06,4.69631e+06,1.24547e+07,0,0,0,0
44.0147,85.1408,4.38029,0.12,0,2.29704,2.8742,0,0.415593,4.6872,4.27854e+06,3.51353e+06,9.82796e+06,0,0,0,0,62.338,61.3098,6.07705,0,0,1.43715,1.30376,0,1.08219,1.90512,8.89167e+06,4.69631e+06,1.27787e+07,0,0,0,0
45.5197,85.1408,3.95032,0.06,0,2.3392,2.87519,0,0.430465,4.6872,4.27854e+06,3.51353e+06,1.00084e+07,0,0,0,0,62.338,61.3098,5.57935,0,0,1.39628,1.30421,0,1.11034,1.90512,8.89167e+06,4.69631e+06,1.24152e+07,0,0,0,0
47.0318,85.1408,4.0017,0.07,0,2.34055,2.87619,0,0.438367,4.6872,4.27854e+06,3.51353e+06,1.00141e+07,0,0,0,0,62.338,61.3098,5.65291,0,0,1.39623,1.30466,0,1.07876,1.90512,8.89167e+06,4.69631e+06,1.24148e+07,0,0,0,0
48.4933,85.1408,4.02214,0.07,0,2.34189,2.87718,0,0.438618,4.6872,4.27854e+06,3.51353e+06,1.00198e+07,0,0,0,0,62.338,61.3098,5.63826,0,0,1.39618,1.30511,0,1.07873,1.90512,8.89167e+06,4.69631e+06,1.24144e+07,0,0,0,0
50.1772,85.1408,4.5124,0.08,0,2.59414,3.15891,0,0.438869,4.6872,4.27854e+06,3.51353e+06,1.10991e+07,0,0,0,0,62.338,61.3098,8.38393,0,0,1.53333,1.45907,0,1.07869,1.90512,8.89167e+06,4.69631e+06,1.36339e+07,0,0,0,0
51.3497,85.1408,4.10791,0.08,0,2.74907,3.16,0,0.486142,4.6872,4.27854e+06,3.51353e+06,1.1762e+07,0,0,0,0,62.338,61.3098,6.59089,0,0,1.37983,1.45957,0,1.18465,1.90512,8.89167e+06,4.69631e+06,1.2269e+07,0,0,0,0
52.6296,85.1408,4.51887,0.02,0,3.08631,3.16109,0,0.515176,4.6872,4.27854e+06,2.92794e+06,1.32049e+07,0,0,0,0,62.338,61.3098,6.45696,0,0,1.53486,1.46008,0,1.06606,1.90512,8.89167e+06,3.91359e+06,1.36474e+07,0,0,0,0
52.9017,85.1408,3.49133,0.02,0,3.08791,3.16218,0,0.578375,4.6872,4.27854e+06,2.92794e+06,1.32117e+07,0,0,0,0,62.338,61.3098,5.29793,0,0,1.53486,1.46058,0,1.18583,1.90512,8.89167e+06,3.91359e+06,1.36474e+07,0,0,0,0
58.0894,85.1408,8.39041,0.02,0,2.68854,2.76231,0,0.578674,4.6872,4.27854e+06,2.92794e+06,1.1503e+07,0,0,0,0,62.338,61.3098,14.2441,0,0,1.32856,1.25479,0,1.18583,1.90512,8.89167e+06,3.91359e+06,1.18132e+07,0,0,0,0
61.7051,85.1408,6.69773,0.02,0,2.48371,2.76327,0,0.503833,4.6872,4.27854e+06,2.92794e+06,1.06266e+07,0,0,0,0,62.338,61.3098,12.9619,0,0,1.53479,1.25523,0,1.02645,1.90512,8.89167e+06,3.91359e+06,1.36468e+07,0,0,0,0
64.5606,85.1408,5.91444,0.01,0,2.4851,2.76422,0,0.465447,4.6872,4.27854e+06,2.92794e+06,1.06326e+07,0,0,0,0,62.338,61.3098,12.4808,0,0,1.53479,1.25566,0,1.18578,1.90512,8.89167e+06,3.91359e+06,1.36468e+07,0,0,0,0
69.0232,85.1408,7.62612,0.01,0,2.48649,2.76518,0,0.465707,4.6872,4.27854e+06,2.92794e+06,1.06385e+07,0,0,0,0,62.338,61.3098,13.8804,0,0,1.53479,1.2561,0,1.18578,1.90512,8.89167e+06,3.91359e+06,1.36468e+07,0,0,0,0
73.2967,85.1408,7.5235,0.01,0,2.48788,2.76613,0,0.465968,4.6872,4.27854e+06,2.92794e+06,1.06445e+07,0,0,0,0,62.338,61.3098,12.4241,0,0,1.53479,1.25653,0,1.18578,1.90512,8.89167e+06,3.91359e+06,1.36468e+07,0,0,0,0
78.0089,85.1408,7.92665,0.01,0,2.59037,2.86819,0,0.466228,4.6872,4.27854e+06,2.92794e+06,1.1083e+07,0,0,0,0,62.338,61.3098,7.18368,0,0,1.58534,1.30752,0,1.18578,1.90512,8.89167e+06,3.91359e+06,1.40963e+07,0,0,0,0
81.6183,85.1408,7.14279,0,0,2.86918,2.86918,0,0.485435,4.6872,4.27854e+06,2.92794e+06,1.22759e+07,0,0,0,0,62.338,61.3098,9.77068,0,0,1.30797,1.30797,0,1.22483,1.90512,8.89167e+06,3.91359e+06,1.163e+07,0,0,0,0
83.761,85.1408,5.78335,0,0,2.87017,2.87017,0,0.537685,4.6872,4.27854e+06,2.92794e+06,1.22801e+07,0,0,0,0,62.338,61.3098,9.42549,0,0,1.30842,1.30842,0,1.01054,1.90512,8.89167e+06,3.91359e+06,1.16341e+07,0,0,0,0
84.7029,85.1408,4.41955,0,0,2.87116,2.87116,0,0.537871,4.6872,4.27854e+06,2.92794e+06,1.22844e+07,0,0,0,0,62.338,61.3098,6.87082,0,0,1.30887,1.30887,0,1.01089,1.90512,8.89167e+06,3.91359e+06,1.16381e+07,0,0,0,0
85.1408,85.1408,5.02239,0,0,2.83257,2.83257,0,0.538056,4.6872,4.27854e+06,2.92794e+06,1.21193e+07,0,0,0,0,62.338,61.3098,6.14692,0,0,1.28966,1.28966,0,1.01124,1.90512,8.89167e+06,3.91359e+06,1.14673e+07,0,0,0,0
85.1408,85.1408,4.76675,0,0,2.83355,2.83355,0,0.530824,4.6872,4.27854e+06,2.92794e+06,1.21234e+07,0,0,0,0,62.338,61.3098,5.34946,0,0,1.29011,1.29011,0,0.996394,1.90512,8.89167e+06,3.91359e+06,1.14712e+07,0,0,0,0
85.1408,85.1408,4.43025,0,0,2.83453,2.83453,0,0.531007,4.6872,4.27854e+06,2.92794e+06,1.21276e+07,0,0,0,0,62.338,61.3098,4.8633,0,0,1.29055,1.29055,0,0.996737,1.90512,8.89167e+06,3.91359e+06,1.14752e+07,0,0,0,0
85.1408,85.1408,4.04724,0,0,2.8355,2.8355,0,0.53119,4.6872,4.27854e+06,2.92794e+06,1.21318e+07,0,0,0,0,62.338,61.3098,4.59775,0,0,1.291,1.291,0,0.997081,1.90512,8.89167e+06,3.91359e+06,1.14791e+07,0,0,0,0
85.1408,85.1408,3.98154,0,0,2.97104,2.97104,0,0.531374,4.6872,4.27854e+06,2.92794e+06,1.27117e+07,0,0,0,0,62.338,61.3098,4.85283,0,0,1.36127,1.36127,0,0.997426,1.90512,8.89167e+06,3.91359e+06,1.21039e+07,0,0,0,0
85.1408,85.1408,3.74109,0,0,2.97206,2.97206,0,0.556772,4.6872,4.27854e+06,2.92794e+06,1.27161e+07,0,0,0,0,62.338,61.3098,4.38887,0,0,1.36174,1.36174,0,1.05171,1.90512,8.89167e+06,3.91359e+06,1.21081e+07,0,0,0,0
85.1408,85.1408,3.23716,0,0,2.97309,2.97309,0,0.556964,4.6872,4.27854e+06,2.92794e+06,1.27205e+07,0,0,0,0,62.338,61.3098,3.98863,0,0,1.36221,1.36221,0,1.05208,1.90512,8.89167e+06,3.91359e+06,1.21123e+07,0,0,0,0
84.8401,85.1408,2.91508,0,0,2.97411,2.97411,0,0.557157,4.6872,4.27854e+06,2.92794e+06,1.27249e+07,0,0,0,0,62.338,61.3098,3.65187,0,0,1.36268,1.36268,0,1.05244,1.90512,8.89167e+06,3.91359e+06,1.21165e+07,0,0,0,0
84.28,85.1408,2.63393,0,0,2.97514,2.97514,0,0.557349,4.6872,4.27854e+06,2.92794e+06,1.27292e+07,0,0,0,0,62.338,61.3098,3.34302,0,0,1.36315,1.36315,0,1.0528,1.90512,8.89167e+06,3.91359e+06,1.21206e+07,0,0,0,0
83.4943,85.1408,2.33468,0,0,2.94951,2.94951,0,0.557541,4.6872,4.27854e+06,2.92794e+06,1.26196e+07,0,0,0,0,62.338,61.3098,2.26355,0,0,1.40206,1.40206,0,1.05317,1.90512,8.89167e+06,3.91359e+06,1.24666e+07,0,0,0,0
82.5654,85.1408,2.16292,0,0,2.95053,2.95053,0,0.552738,4.6872,4.27854e+06,2.92794e+06,1.26239e+07,0,0,0,0,62.338,61.3098,2.19544,0,0,1.40254,1.40254,0,1.08323,1.90512,8.89167e+06,3.91359e+06,1.24709e+07,0,0,0,0
81.5006,85.1408,2.01101,0,0,2.95154,2.95154,0,0.552928,4.6872,4.27854e+06,2.92794e+06,1.26283e+07,0,0,0,0,62.338,61.3098,2.26878,0,0,1.40302,1.40302,0,1.0836,1.90512,8.89167e+06,3.91359e+06,1.24752e+07,0,0,0,0
80.383,85.1408,1.94093,0,0,2.95256,2.95256,0,0.553119,4.6872,4.27854e+06,2.92794e+06,1.26326e+07,0,0,0,0,62.338,61.3098,2.18436,0,0,1.40351,1.40351,0,1.08398,1.90512,8.89167e+06,3.91359e+06,1.24795e+07,0,0,0,0
79.3716,85.1408,2.10333,0,0,3.02251,3.02251,0,0.55331,4.6872,4.27854e+06,2.92794e+06,1.29319e+07,0,0,0,0,62.338,61.3098,2.22759,0,0,1.4383,1.4383,0,1.08435,1.90512,8.89167e+06,3.91359e+06,1.27889e+07,0,0,0,0
78.4114,85.1408,2.14271,0,0,3.02355,3.02355,0,0.566418,4.6872,4.27854e+06,2.92794e+06,1.29364e+07,0,0,0,0,62.338,61.3098,2.30941,0,0,1.43879,1.43879,0,1.11123,1.90512,8.89167e+06,3.91359e+06,1.27933e+07,0,0,0,0
77.2257,85.1408,1.90416,0,0,3.02459,3.02459,0,0.566613,4.6872,4.27854e+06,2.92794e+06,1.29408e+07,0,0,0,0,62.338,61.3098,2.18267,0,0,1.43929,1.43929,0,1.11161,1.90512,8.89167e+06,3.91359e+06,1.27977e+07,0,0,0,0
75.8946,85.1408,1.74399,0,0,3.02563,3.02563,0,0.566808,4.6872,4.27854e+06,2.92794e+06,1.29453e+07,0,0,0,0,62.3156,61.3098,2.04674,0,0,1.43979,1.43979,0,1.112,1.90512,8.89167e+06,3.91359e+06,1.28021e+07,0,0,0,0
74.3868,85.1408,1.71348,0,0,3.22881,3.22881,0,0.567004,4.6872,4.27854e+06,2.92794e+06,1.38146e+07,0,0,0,0,62.1867,61.3098,2.02832,0,0,1.56428,1.56428,0,1.11238,1.90512,8.89167e+06,3.91359e+06,1.39091e+07,0,0,0,0
73.1624,85.1408,2.00467,0,0,3.22993,3.22993,0,0.60508,4.6872,4.27854e+06,2.92794e+06,1.38194e+07,0,0,0,0,62.1345,61.3098,2.00453,0,0,1.56482,1.56482,0,1.20857,1.90512,8.89167e+06,3.91359e+06,1.39139e+07,0,0,0,0
72.0699,85.1408,2.1585,0.01,0,3.23104,3.23104,0,0.605288,4.6872,4.27854e+06,2.92794e+06,1.38241e+07,0,0,0,0,62.0429,61.3098,2.46859,0,0,1.56536,1.56536,0,1.20898,1.90512,8.89167e+06,3.91359e+06,1.39187e+07,0,0,0,0
70.629,85.1408,1.78944,0.01,0,3.23215,3.23215,0,0.605496,4.6872,4.27854e+06,2.92794e+06,1.38289e+07,0,0,0,0,61.9054,61.3098,1.73175,0,0,1.5659,1.5659,0,1.2094,1.90512,8.89167e+06,3.91359e+06,1.39235e+07,0,0,0,0
69.6077,85.1408,2.19366,0.01,0,3.23326,3.23326,0,0.605705,4.6872,4.27854e+06,2.92794e+06,1.38336e+07,0,0,0,0,62.2984,61.3098,3.24563,0,0,1.56644,1.56644,0,1.20981,1.90512,8.89167e+06,3.91359e+06,1.39283e+07,0,0,0,0
68.748,85.1408,2.22697,0.01,0,3.13569,3.13569,0,0.605913,4.6872,4.27854e+06,2.92794e+06,1.34162e+07,0,0,0,0,62.1423,61.3098,2.30643,0,0,1.49158,1.49158,0,1.21023,1.90512,8.89167e+06,3.91359e+06,1.32627e+07,0,0,0,0
67.8034,85.1408,2.19347,0.01,0,3.094,3.13677,0,0.587628,4.6872,4.27854e+06,2.92794e+06,1.32378e+07,0,0,0,0,62.1558,61.3098,2.72328,0,0,1.53487,1.4921,0,1.1524,1.90512,8.89167e+06,3.91359e+06,1.36475e+07,0,0,0,0
67.0283,85.1408,2.37766,0.02,0,3.09559,3.13785,0,0.579816,4.6872,4.27854e+06,2.92794e+06,1.32446e+07,0,0,0,0,62.3197,61.3098,2.95812,0,0,1.53487,1.49261,0,1.18584,1.90512,8.89167e+06,3.91359e+06,1.36475e+07,0,0,0,0
66.3002,85.1408,2.47563,0.03,0,3.09719,3.13893,0,0.580114,4.6872,4.27854e+06,2.92794e+06,1.32514e+07,0,0,0,0,62.338,61.3098,3.11581,0,0,1.53487,1.49312,0,1.18584,1.90512,8.89167e+06,3.91359e+06,1.36475e+07,0,0,0,0
65.1138,85.1408,2.01386,0.02,0,3.01766,3.05889,0,0.580413,4.6872,4.27854e+06,2.92794e+06,1.29112e+07,0,0,0,0,62.338,61.3098,3.14222,0,0,1.46614,1.42491,0,1.18584,1.90512,8.89167e+06,3.91359e+06,1.30365e+07,0,0,0,0
63.3875,85.1408,1.40788,0.02,0,2.95051,3.05995,0,0.56551,4.6872,4.27854e+06,2.92794e+06,1.26239e+07,0,0,0,0,62.3151,61.3098,2.10653,0,0,1.53484,1.42541,0,1.13274,1.90512,8.89167e+06,3.91359e+06,1.36473e+07,0,0,0,0
61.6715,85.1408,1.34255,0.02,0,2.95205,3.061,0,0.552925,4.6872,4.27854e+06,2.92794e+06,1.26305e+07,0,0,0,0,62.33,61.3098,2.2686,0,0,1.53484,1.4259,0,1.18582,1.90512,8.89167e+06,3.91359e+06,1.36473e+07,0,0,0,0
63.6635,85.1408,5.14842,0.02,0,2.95359,3.06205,0,0.553214,4.6872,4.27854e+06,2.92794e+06,1.26371e+07,0,0,0,0,62.338,61.3098,3.52222,0,0,1.53484,1.42639,0,1.18582,1.90512,8.89167e+06,3.91359e+06,1.36473e+07,0,0,0,0
64.1986,85.1408,3.6124,0.02,0,2.72445,2.83242,0,0.553503,4.6872,4.27854e+06,2.92794e+06,1.16567e+07,0,0,0,0,62.338,61.3098,4.11357,0,0,1.39152,1.28355,0,1.18582,1.90512,8.89167e+06,3.91359e+06,1.23729e+07,0,0,0,0
64.3153,85.1408,3.07873,0.02,0,2.58259,2.83339,0,0.510562,4.6872,4.27854e+06,2.92794e+06,1.10497e+07,0,0,0,0,62.338,61.3098,3.46176,0,0,1.53479,1.28399,0,1.07509,1.90512,8.89167e+06,3.91359e+06,1.36469e+07,0,0,0,0
64.8927,85.1408,3.58407,0.04,0,2.584,2.83436,0,0.483977,4.6872,4.27854e+06,2.92794e+06,1.10558e+07,0,0,0,0,62.338,61.3098,4.38246,0,0,1.53479,1.28443,0,1.18578,1.90512,8.89167e+06,3.91359e+06,1.36469e+07,0,0,0,0
66.5878,85.1408,4.69499,0.02,0,2.58542,2.83534,0,0.484242,4.6872,4.27854e+06,2.92794e+06,1.10618e+07,0,0,0,0,62.338,61.3098,3.84491,0,0,1.53479,1.28487,0,1.18578,1.90512,8.89167e+06,3.91359e+06,1.36469e+07,0,0,0,0
68.8636,85.1408,5.54071,0.01,0,2.58683,2.83631,0,0.484507,4.6872,4.27854e+06,2.92794e+06,1.10679e+07,0,0,0,0,62.338,61.3098,6.93952,0,0,1.53479,1.28532,0,1.18578,1.90512,8.89167e+06,3.91359e+06,1.36469e+07,0,0,0,0
70.9103,85.1408,5.27813,0,0,2.92614,2.92614,0,0.484772,4.6872,4.27854e+06,2.92794e+06,1.25196e+07,0,0,0,0,62.338,61.3098,4.86487,0,0,1.32732,1.32732,0,1.18578,1.90512,8.89167e+06,3.91359e+06,1.18021e+07,0,0,0,0
71.4909,85.1408,3.85553,0,0,2.9271,2.9271,0,0.548359,4.6872,4.27854e+06,2.92794e+06,1.25237e+07,0,0,0,0,62.2447,61.3098,2.47262,0,0,1.32776,1.32776,0,1.02549,1.90512,8.89167e+06,3.91359e+06,1.1806e+07,0,0,0,0
71.8536,85.1408,3.57307,0,0,2.92807,2.92807,0,0.548539,4.6872,4.27854e+06,2.92794e+06,1.25279e+07,0,0,0,0,62.2085,61.3098,2.25875,0,0,1.32819,1.32819,0,1.02582,1.90512,8.89167e+06,3.91359e+06,1.18099e+07,0,0,0,0
71.87,85.1408,3.29895,0,0,2.92903,2.92903,0,0.54872,4.6872,4.27854e+06,2.92794e+06,1.2532e+07,0,0,0,0,62.338,61.3098,2.18952,0,0,1.32863,1.32863,0,1.02616,1.90512,8.89167e+06,3.91359e+06,1.18137e+07,0,0,0,0
72.4057,85.1408,4.05822,0,0,3.21578,3.21578,0,0.548901,4.6872,4.27854e+06,2.92794e+06,1.37588e+07,0,0,0,0,62.338,61.3098,3.18542,0,0,1.48534,1.48534,0,1.0265,1.90512,8.89167e+06,3.91359e+06,1.32071e+07,0,0,0,0
74.608,85.1408,5.7321,0.01,0,3.16783,3.21684,0,0.602638,4.6872,4.27854e+06,2.92794e+06,1.35537e+07,0,0,0,0,62.338,61.3098,3.27088,0,0,1.53484,1.48583,0,1.14757,1.90512,8.89167e+06,3.91359e+06,1.36473e+07,0,0,0,0
77.1505,85.1408,6.11846,0.01,0,3.16937,3.2179,0,0.593651,4.6872,4.27854e+06,2.92794e+06,1.35603e+07,0,0,0,0,62.338,61.3098,3.77966,0,0,1.53484,1.48632,0,1.18582,1.90512,8.89167e+06,3.91359e+06,1.36473e+07,0,0,0,0
79.7913,85.1408,6.29167,0,0,3.21896,3.21896,0,0.593941,4.6872,4.27854e+06,2.92794e+06,1.37724e+07,0,0,0,0,62.338,61.3098,3.31892,0,0,1.4868,1.4868,0,1.18582,1.90512,8.89167e+06,3.91359e+06,1.32202e+07,0,0,0,0
82.3282,85.1408,5.87431,0,0,2.81186,2.81186,0,0.603233,4.6872,4.27854e+06,2.92794e+06,1.20307e+07,0,0,0,0,62.338,61.3098,4.07808,0,0,1.2773,1.2773,0,1.14871,1.90512,8.89167e+06,3.91359e+06,1.13573e+07,0,0,0,0
83.732,85.1408,4.7634,0,0,2.81279,2.81279,0,0.526943,4.6872,4.27854e+06,2.92794e+06,1.20346e+07,0,0,0,0,62.338,61.3098,3.8577,0,0,1.27772,1.27772,0,0.986843,1.90512,8.89167e+06,3.91359e+06,1.13611e+07,0,0,0,0
84.6258,85.1408,4.22511,0,0,2.81371,2.81371,0,0.527116,4.6872,4.27854e+06,2.92794e+06,1.20386e+07,0,0,0,0,62.338,61.3098,3.71195,0,0,1.27814,1.27814,0,0.987168,1.90512,8.89167e+06,3.91359e+06,1.13648e+07,0,0,0,0
85.1408,85.1408,5.10673,0,0,2.81464,2.81464,0,0.52729,4.6872,4.27854e+06,2.92794e+06,1.20425e+07,0,0,0,0,62.338,61.3098,3.44165,0,0,1.27856,1.27856,0,0.987493,1.90512,8.89167e+06,3.91359e+06,1.13686e+07,0,0,0,0
85.1408,85.1408,4.14255,0,0,2.81556,2.81556,0,0.527463,4.6872,4.27854e+06,2.92794e+06,1.20465e+07,0,0,0,0,62.338,61.3098,2.9628,0,0,1.27898,1.27898,0,0.987818,1.90512,8.89167e+06,3.91359e+06,1.13723e+07,0,0,0,0
85.1408,85.1408,10.805,0,0,2.9194,2.9194,0,0.527637,4.6872,4.27854e+06,2.92794e+06,1.24908e+07,0,0,0,0,62.338,61.3098,7.1101,0,0,1.33086,1.33086,0,0.988143,1.90512,8.89167e+06,3.91359e+06,1.18336e+07,0,0,0,0
85.1408,85.1408,7.62887,0,0,2.92036,2.92036,0,0.547095,4.6872,4.27854e+06,2.92794e+06,1.24949e+07,0,0,0,0,62.338,61.3098,4.75448,0,0,1.3313,1.3313,0,1.02822,1.90512,8.89167e+06,3.91359e+06,1.18375e+07,0,0,0,0
85.1408,85.1408,6.63637,0,0,2.92132,2.92132,0,0.547275,4.6872,4.27854e+06,2.92794e+06,1.2499e+07,0,0,0,0,62.338,61.3098,3.97132,0,0,1.33174,1.33174,0,1.02856,1.90512,8.89167e+06,3.91359e+06,1.18414e+07,0,0,0,0
85.1408,85.1408,6.06079,0,0,2.92228,2.92228,0,0.547455,4.6872,4.27854e+06,2.92794e+06,1.25031e+07,0,0,0,0,62.338,61.3098,4.43533,0,0,1.33217,1.33217,0,1.0289,1.90512,8.89167e+06,3.91359e+06,1.18453e+07,0,0,0,0
85.1408,85.1408,5.5599,0,0,2.88295,2.88295,0,0.547635,4.6872,4.27854e+06,2.92794e+06,1.23348e+07,0,0,0,0,62.338,61.3098,3.74722,0,0,1.3126,1.3126,0,1.02924,1.90512,8.89167e+06,3.91359e+06,1.16712e+07,0,0,0,0
85.1408,85.1408,5.13644,0,0,2.8839,2.8839,0,0.540265,4.6872,4.27854e+06,2.92794e+06,1.23389e+07,0,0,0,0,62.338,61.3098,3.46621,0,0,1.31303,1.31303,0,1.01411,1.90512,8.89167e+06,3.91359e+06,1.1675e+07,0,0,0,0
85.1408,85.1408,4.62052,0,0,2.88484,2.88484,0,0.540442,4.6872,4.27854e+06,2.92794e+06,1.23429e+07,0,0,0,0,62.338,61.3098,3.10326,0,0,1.31346,1.31346,0,1.01445,1.90512,8.89167e+06,3.91359e+06,1.16789e+07,0,0,0,0
85.1408,85.1408,4.25586,0,0,2.88579,2.88579,0,0.54062,4.6872,4.27854e+06,2.92794e+06,1.2347e+07,0,0,0,0,62.338,61.3098,2.95193,0,0,1.31389,1.31389,0,1.01478,1.90512,8.89167e+06,3.91359e+06,1.16827e+07,0,0,0,0
85.1408,85.1408,4.14472,0,0,3.02368,3.02368,0,0.540797,4.6872,4.27854e+06,2.92794e+06,1.29369e+07,0,0,0,0,62.338,61.3098,3.33928,0,0,1.38539,1.38539,0,1.01511,1.90512,8.89167e+06,3.91359e+06,1.23184e+07,0,0,0,0
85.1408,85.1408,3.5475,0,0,3.02467,3.02467,0,0.566637,4.6872,4.27854e+06,2.92794e+06,1.29412e+07,0,0,0,0,62.338,61.3098,2.66922,0,0,1.38584,1.38584,0,1.07035,1.90512,8.89167e+06,3.91359e+06,1.23224e+07,0,0,0,0
85.1408,85.1408,3.39286,0,0,3.02567,3.02567,0,0.566823,4.6872,4.27854e+06,2.92794e+06,1.29454e+07,0,0,0,0,62.338,61.3098,2.44934,0,0,1.3863,1.3863,0,1.0707,1.90512,8.89167e+06,3.91359e+06,1.23265e+07,0,0,0,0
84.9101,85.1408,3.02141,0,0,3.02666,3.02666,0,0.56701,4.6872,4.27854e+06,2.92794e+06,1.29497e+07,0,0,0,0,62.3158,61.3098,2.2364,0,0,1.38675,1.38675,0,1.07105,1.90512,8.89167e+06,3.91359e+06,1.23305e+07,0,0,0,0
84.5708,85.1408,2.84578,0,0,3.02765,3.02765,0,0.567196,4.6872,4.27854e+06,2.92794e+06,1.29539e+07,0,0,0,0,62.2373,61.3098,2.15094,0,0,1.38721,1.38721,0,1.0714,1.90512,8.89167e+06,3.91359e+06,1.23346e+07,0,0,0,0
84.9334,85.1408,3.55106,0,0,3.00152,3.00152,0,0.567382,4.6872,4.27854e+06,2.92794e+06,1.28421e+07,0,0,0,0,62.2014,61.3098,2.17984,0,0,1.42678,1.42678,0,1.07176,1.90512,8.89167e+06,3.91359e+06,1.26865e+07,0,0,0,0
84.9714,85.1408,3.22736,0,0,3.00251,3.00251,0,0.562485,4.6872,4.27854e+06,2.92794e+06,1.28463e+07,0,0,0,0,62.1381,61.3098,2.07471,0,0,1.42725,1.42725,0,1.10233,1.90512,8.89167e+06,3.91359e+06,1.26906e+07,0,0,0,0
84.7365,85.1408,2.93445,0,0,3.00349,3.00349,0,0.56267,4.6872,4.27854e+06,2.92794e+06,1.28505e+07,0,0,0,0,62.0317,61.3098,1.90058,0,0,1.42772,1.42772,0,1.10269,1.90512,8.89167e+06,3.91359e+06,1.26948e+07,0,0,0,0
84.3883,85.1408,2.78026,0,0,3.00448,3.00448,0,0.562854,4.6872,4.27854e+06,2.92794e+06,1.28548e+07,0,0,0,0,61.8246,61.3098,1.88421,0,0,1.42819,1.42819,0,1.10305,1.90512,8.89167e+06,3.91359e+06,1.2699e+07,0,0,0,0
83.7938,85.1408,2.58716,0,0,3.0756,3.0756,0,0.563039,4.6872,4.27854e+06,2.92794e+06,1.31591e+07,0,0,0,0,61.4628,61.3098,1.77789,0,0,1.46356,1.46356,0,1.10342,1.90512,8.89167e+06,3.91359e+06,1.30135e+07,0,0,0,0
83.0091,85.1408,2.38993,0,0,3.07661,3.07661,0,0.576368,4.6872,4.27854e+06,2.92794e+06,1.31634e+07,0,0,0,0,60.9577,61.3098,1.60884,0,0,1.46405,1.46405,0,1.13075,1.90512,8.89167e+06,3.91359e+06,1.30178e+07,0,0,0,0
82.0112,85.1408,2.16719,0,0,3.07762,3.07762,0,0.576557,4.6872,4.27854e+06,2.92794e+06,1.31677e+07,0,0,0,0,60.4176,61.3098,1.4679,0,0,1.46453,1.46453,0,1.13112,1.90512,8.89167e+06,3.91359e+06,1.30221e+07,0,0,0,0
80.7721,85.1408,1.90183,0,0,3.07863,3.07863,0,0.576746,4.6872,4.27854e+06,2.92794e+06,1.3172e+07,0,0,0,0,59.8498,61.3098,1.44787,0,0,1.46501,1.46501,0,1.13149,1.90512,8.89167e+06,3.91359e+06,1.30264e+07,0,0,0,0
79.0902,85.1408,1.6307,0,0,3.28532,3.28532,0,0.576936,4.6872,4.27854e+06,2.92794e+06,1.40564e+07,0,0,0,0,59.1273,61.3098,1.41563,0,0,1.59166,1.59166,0,1.13186,1.90512,8.89167e+06,3.91359e+06,1.41525e+07,0,0,0,0
77.3665,85.1408,1.59017,0,0,3.28639,3.28639,0,0.615668,4.6872,4.27854e+06,2.92794e+06,1.4061e+07,0,0,0,0,58.3003,61.3098,1.34448,0,0,1.59218,1.59218,0,1.22972,1.90512,8.89167e+06,3.91359e+06,1.41571e+07,0,0,0,0
75.4832,85.1408,1.41022,0,0,3.28747,3.28747,0,0.61587,4.6872,4.27854e+06,2.92794e+06,1.40656e+07,0,0,0,0,57.4694,61.3098,1.25007,0,0,1.5927,1.5927,0,1.23012,1.90512,8.89167e+06,3.91359e+06,1.41618e+07,0,0,0,0
73.7768,85.1408,1.57196,0.03,0,3.28855,3.28855,0,0.616072,4.6872,4.27854e+06,2.92794e+06,1.40702e+07,0,0,0,0,56.8595,61.3098,1.28428,0,0,1.59322,1.59322,0,1.23052,1.90512,8.89167e+06,3.91359e+06,1.41664e+07,0,0,0,0
72.9729,85.1408,2.51952,0.02,0,3.28963,3.28963,0,0.616274,4.6872,4.27854e+06,2.92794e+06,1.40748e+07,0,0,0,0,56.354,61.3098,1.56445,0,0,1.59375,1.59375,0,1.23092,1.90512,8.89167e+06,3.91359e+06,1.41711e+07,0,0,0,0
71.8843,85.1408,2.12386,0.01,0,3.1903,3.1903,0,0.616476,4.6872,4.27854e+06,2.92794e+06,1.36498e+07,0,0,0,0,55.7516,61.3098,2.06138,0,0,1.51756,1.51756,0,1.23133,1.90512,8.89167e+06,3.91359e+06,1.34937e+07,0,0,0,0
69.7467,85.1408,1.02109,0.01,0,3.17456,3.19135,0,0.597863,4.6872,4.27854e+06,2.92794e+06,1.35825e+07,0,0,0,0,55.0464,61.3098,1.27807,0,0,1.53485,1.51806,0,1.17247,1.90512,8.89167e+06,3.91359e+06,1.36474e+07,0,0,0,0
67.8451,85.1408,1.2585,0.02,0,3.1761,3.19239,0,0.594912,4.6872,4.27854e+06,2.92794e+06,1.35891e+07,0,0,0,0,54.5489,61.3098,1.3851,0,0,1.53485,1.51856,0,1.18582,1.90512,8.89167e+06,3.91359e+06,1.36474e+07,0,0,0,0
68.0191,85.1408,3.437,0.03,0,3.17764,3.19344,0,0.595201,4.6872,4.27854e+06,2.92794e+06,1.35957e+07,0,0,0,0,54.2511,61.3098,3.20856,0,0,1.53485,1.51905,0,1.18582,1.90512,8.89167e+06,3.91359e+06,1.36474e+07,0,0,0,0
66.6484,85.1408,1.84188,0.03,0,3.09666,3.11196,0,0.59549,4.6872,4.27854e+06,2.92794e+06,1.32492e+07,0,0,0,0,53.9733,61.3098,1.88494,0,0,1.46494,1.44964,0,1.18582,1.90512,8.89167e+06,3.91359e+06,1.30257e+07,0,0,0,0
65.7036,85.1408,2.20488,0.03,0,3.02827,3.11298,0,0.580315,4.6872,4.27854e+06,2.92794e+06,1.29566e+07,0,0,0,0,54.1991,61.3098,3.58761,0,0,1.53483,1.45011,0,1.13181,1.90512,8.89167e+06,3.91359e+06,1.36472e+07,0,0,0,0
63.9744,85.1408,1.39579,0.02,0,3.02976,3.114,0,0.567497,4.6872,4.27854e+06,2.92794e+06,1.29629e+07,0,0,0,0,54.1208,61.3098,2.78171,0,0,1.53483,1.45059,0,1.18581,1.90512,8.89167e+06,3.91359e+06,1.36472e+07,0,0,0,0
64.6956,85.1408,4.11004,0.02,0,3.03125,3.11502,0,0.567777,4.6872,4.27854e+06,2.92794e+06,1.29693e+07,0,0,0,0,54.2411,61.3098,3.31561,0,0,1.53483,1.45106,0,1.18581,1.90512,8.89167e+06,3.91359e+06,1.36472e+07,0,0,0,0
65.1546,85.1408,3.62387,0.02,0,2.79808,2.88137,0,0.568057,4.6872,4.27854e+06,2.92794e+06,1.19717e+07,0,0,0,0,54.2296,61.3098,3.4178,0,0,1.38903,1.30573,0,1.18581,1.90512,8.89167e+06,3.91359e+06,1.23508e+07,0,0,0,0
65.1189,85.1408,2.92582,0.02,0,2.65369,2.88231,0,0.524359,4.6872,4.27854e+06,2.92794e+06,1.13539e+07,0,0,0,0,54.3208,61.3098,3.74072,0,0,1.53478,1.30616,0,1.07316,1.90512,8.89167e+06,3.91359e+06,1.36468e+07,0,0,0,0
64.8753,85.1408,2.66608,0.02,0,2.65506,2.88325,0,0.497302,4.6872,4.27854e+06,2.92794e+06,1.13598e+07,0,0,0,0,54.3721,61.3098,3.52116,0,0,1.53478,1.30659,0,1.18577,1.90512,8.89167e+06,3.91359e+06,1.36468e+07,0,0,0,0
65.3085,85.1408,3.36214,0.02,0,2.65643,2.8842,0,0.497559,4.6872,4.27854e+06,2.92794e+06,1.13656e+07,0,0,0,0,54.3937,61.3098,3.55745,0,0,1.53478,1.30702,0,1.18577,1.90512,8.89167e+06,3.91359e+06,1.36468e+07,0,0,0,0
66.0682,85.1408,3.69696,0.02,0,2.6578,2.88514,0,0.497816,4.6872,4.27854e+06,2.92794e+06,1.13715e+07,0,0,0,0,54.3896,61.3098,3.94208,0,0,1.53478,1.30744,0,1.18577,1.90512,8.89167e+06,3.91359e+06,1.36468e+07,0,0,0,0
66.643,85.1408,3.68022,0.02,0,2.74956,2.97647,0,0.498073,4.6872,4.27854e+06,2.92794e+06,1.17641e+07,0,0,0,0,54.6601,61.3098,4.13589,0,0,1.57706,1.35015,0,1.18577,1.90512,8.89167e+06,3.91359e+06,1.40227e+07,0,0,0,0
71.5045,85.1408,8.11071,0.02,0,2.7932,2.9774,0,0.515268,4.6872,4.27854e+06,2.92794e+06,1.19508e+07,0,0,0,0,55.0551,61.3098,3.44973,0,0,1.53478,1.35057,0,1.21843,1.90512,8.89167e+06,3.91359e+06,1.36467e+07,0,0,0,0
76.5177,85.1408,8.35963,0.01,0,2.79455,2.97833,0,0.523445,4.6872,4.27854e+06,2.92794e+06,1.19566e+07,0,0,0,0,56.0319,61.3098,5.21833,0,0,1.53478,1.35099,0,1.18577,1.90512,8.89167e+06,3.91359e+06,1.36467e+07,0,0,0,0
77.3402,85.1408,4.01108,0.01,0,2.79591,2.97927,0,0.523699,4.6872,4.27854e+06,2.92794e+06,1.19624e+07,0,0,0,0,56.7636,61.3098,4.2111,0,0,1.53478,1.35142,0,1.18577,1.90512,8.89167e+06,3.91359e+06,1.36467e+07,0,0,0,0
79.2572,85.1408,5.5514,0,0,3.27088,3.27088,0,0.523953,4.6872,4.27854e+06,2.92794e+06,1.39946e+07,0,0,0,0,57.862,61.3098,5.925,0,0,1.51079,1.51079,0,1.18577,1.90512,8.89167e+06,3.91359e+06,1.34334e+07,0,0,0,0
81.7299,85.1408,6.21033,0,0,3.27191,3.27191,0,0.612963,4.6872,4.27854e+06,2.92794e+06,1.3999e+07,0,0,0,0,58.6779,61.3098,5.57642,0,0,1.51126,1.51126,0,1.16723,1.90512,8.89167e+06,3.91359e+06,1.34376e+07,0,0,0,0
82.7837,85.1408,4.68787,0,0,3.27293,3.27293,0,0.613155,4.6872,4.27854e+06,2.92794e+06,1.40034e+07,0,0,0,0,59.2338,61.3098,2.83983,0,0,1.51173,1.51173,0,1.1676,1.90512,8.89167e+06,3.91359e+06,1.34418e+07,0,0,0,0
85.1408,85.1408,7.68735,0,0,3.27396,3.27396,0,0.613347,4.6872,4.27854e+06,2.92794e+06,1.40077e+07,0,0,0,0,59.9843,61.3098,3.46779,0,0,1.51221,1.51221,0,1.16797,1.90512,8.89167e+06,3.91359e+06,1.34461e+07,0,0,0,0
85.1408,85.1408,6.67319,0,0,2.85986,2.85986,0,0.61354,4.6872,4.27854e+06,2.92794e+06,1.2236e+07,0,0,0,0,60.9882,61.3098,3.63375,0,0,1.2991,1.2991,0,1.16833,1.90512,8.89167e+06,3.91359e+06,1.15512e+07,0,0,0,0
85.1408,85.1408,4.05291,0,0,2.86075,2.86075,0,0.535937,4.6872,4.27854e+06,2.92794e+06,1.22398e+07,0,0,0,0,61.4378,61.3098,2.56899,0,0,1.29951,1.29951,0,1.00369,1.90512,8.89167e+06,3.91359e+06,1.15548e+07,0,0,0,0
85.1408,85.1408,6.5107,0,0,2.86165,2.86165,0,0.536105,4.6872,4.27854e+06,2.92794e+06,1.22437e+07,0,0,0,0,62.3181,61.3098,3.94496,0,0,1.29992,1.29992,0,1.004,1.90512,8.89167e+06,3.91359e+06,1.15584e+07,0,0,0,0
85.1408,85.1408,6.03159,0,0,2.86254,2.86254,0,0.536273,4.6872,4.27854e+06,2.92794e+06,1.22475e+07,0,0,0,0,62.338,61.3098,5.52142,0,0,1.30032,1.30032,0,1.00432,1.90512,8.89167e+06,3.91359e+06,1.15621e+07,0,0,0,0
85.1408,85.1408,6.86212,0,0,2.86344,2.86344,0,0.536441,4.6872,4.27854e+06,2.92794e+06,1.22513e+07,0,0,0,0,62.338,61.3098,4.53046,0,0,1.30073,1.30073,0,1.00463,1.90512,8.89167e+06,3.91359e+06,1.15657e+07,0,0,0,0
85.1408,85.1408,6.78113,0,0,2.96899,2.96899,0,0.536609,4.6872,4.27854e+06,2.92794e+06,1.27029e+07,0,0,0,0,62.338,61.3098,3.59307,0,0,1.35347,1.35347,0,1.00494,1.90512,8.89167e+06,3.91359e+06,1.20346e+07,0,0,0,0
85.1408,85.1408,4.9827,0,0,2.96992,2.96992,0,0.556389,4.6872,4.27854e+06,2.92794e+06,1.27069e+07,0,0,0,0,62.338,61.3098,2.99625,0,0,1.35389,1.35389,0,1.04569,1.90512,8.89167e+06,3.91359e+06,1.20384e+07,0,0,0,0
85.1408,85.1408,4.16014,0,0,2.97085,2.97085,0,0.556563,4.6872,4.27854e+06,2.92794e+06,1.27109e+07,0,0,0,0,62.338,61.3098,2.52601,0,0,1.35432,1.35432,0,1.04602,1.90512,8.89167e+06,3.91359e+06,1.20421e+07,0,0,0,0
85.1408,85.1408,4.05202,0,0,2.97178,2.97178,0,0.556737,4.6872,4.27854e+06,2.92794e+06,1.27149e+07,0,0,0,0,62.338,61.3098,2.65331,0,0,1.35474,1.35474,0,1.04634,1.90512,8.89167e+06,3.91359e+06,1.20459e+07,0,0,0,0
85.1408,85.1408,3.98704,0,0,2.93174,2.93174,0,0.556911,4.6872,4.27854e+06,2.92794e+06,1.25435e+07,0,0,0,0,62.338,61.3098,3.01044,0,0,1.33481,1.33481,0,1.04667,1.90512,8.89167e+06,3.91359e+06,1.18687e+07,0,0,0,0
84.9783,85.1408,3.13931,0,0,2.93265,2.93265,0,0.549407,4.6872,4.27854e+06,2.92794e+06,1.25475e+07,0,0,0,0,62.338,61.3098,2.53938,0,0,1.33523,1.33523,0,1.03128,1.90512,8.89167e+06,3.91359e+06,1.18724e+07,0,0,0,0
84.3629,85.1408,2.6589,0,0,2.93357,2.93357,0,0.549579,4.6872,4.27854e+06,2.92794e+06,1.25514e+07,0,0,0,0,62.176,61.3098,2.29561,0,0,1.33565,1.33565,0,1.0316,1.90512,8.89167e+06,3.91359e+06,1.18761e+07,0,0,0,0
83.536,85.1408,2.44217,0,0,2.93449,2.93449,0,0.549751,4.6872,4.27854e+06,2.92794e+06,1.25553e+07,0,0,0,0,62.198,61.3098,1.83565,0,0,1.33607,1.33607,0,1.03192,1.90512,8.89167e+06,3.91359e+06,1.18799e+07,0,0,0,0
83.1859,85.1408,3.01151,0,0,3.07465,3.07465,0,0.549923,4.6872,4.27854e+06,2.92794e+06,1.3155e+07,0,0,0,0,62.2731,61.3098,2.11656,0,0,1.40874,1.40874,0,1.03224,1.90512,8.89167e+06,3.91359e+06,1.25261e+07,0,0,0,0
82.3233,85.1408,2.42189,0,0,3.07561,3.07561,0,0.57619,4.6872,4.27854e+06,2.92794e+06,1.31591e+07,0,0,0,0,62.338,61.3098,2.36225,0,0,1.40918,1.40918,0,1.08839,1.90512,8.89167e+06,3.91359e+06,1.253e+07,0,0,0,0
81.216,85.1408,2.15716,0,0,3.07657,3.07657,0,0.57637,4.6872,4.27854e+06,2.92794e+06,1.31632e+07,0,0,0,0,62.338,61.3098,2.15735,0,0,1.40962,1.40962,0,1.08873,1.90512,8.89167e+06,3.91359e+06,1.25339e+07,0,0,0,0
80.0527,85.1408,2.03013,0,0,3.07753,3.07753,0,0.57655,4.6872,4.27854e+06,2.92794e+06,1.31673e+07,0,0,0,0,62.2908,61.3098,2.07478,0,0,1.41006,1.41006,0,1.08907,1.90512,8.89167e+06,3.91359e+06,1.25378e+07,0,0,0,0
78.7831,85.1408,1.91477,0,0,3.0785,3.0785,0,0.57673,4.6872,4.27854e+06,2.92794e+06,1.31715e+07,0,0,0,0,61.9996,61.3098,1.93938,0,0,1.4105,1.4105,0,1.08941,1.90512,8.89167e+06,3.91359e+06,1.25417e+07,0,0,0,0
77.5736,85.1408,1.9328,0,0,3.05188,3.05188,0,0.57691,4.6872,4.27854e+06,2.92794e+06,1.30576e+07,0,0,0,0,61.6573,61.3098,1.6088,0,0,1.45072,1.45072,0,1.08975,1.90512,8.89167e+06,3.91359e+06,1.28993e+07,0,0,0,0
76.3322,85.1408,1.88523,0,0,3.05283,3.05283,0,0.571922,4.6872,4.27854e+06,2.92794e+06,1.30616e+07,0,0,0,0,61.3103,61.3098,1.64593,0,0,1.45117,1.45117,0,1.12082,1.90512,8.89167e+06,3.91359e+06,1.29033e+07,0,0,0,0
75.0504,85.1408,1.82947,0,0,3.05378,3.05378,0,0.5721,4.6872,4.27854e+06,2.92794e+06,1.30657e+07,0,0,0,0,60.8426,61.3098,1.61859,0,0,1.45162,1.45162,0,1.12118,1.90512,8.89167e+06,3.91359e+06,1.29074e+07,0,0,0,0
73.7212,85.1408,1.67263,0.01,0,2.97201,3.05474,0,0.572279,4.6872,4.27854e+06,2.92794e+06,1.27159e+07,0,0,0,0,60.1187,61.3098,1.51205,0,0,1.53481,1.45208,0,1.12153,1.90512,8.89167e+06,3.91359e+06,1.3647e+07,0,0,0,0
72.1041,85.1408,1.4181,0.01,0,3.04473,3.127,0,0.556955,4.6872,4.27854e+06,2.92794e+06,1.3027e+07,0,0,0,0,59.2496,61.3098,1.30056,0,0,1.5703,1.48802,0,1.18579,1.90512,8.89167e+06,3.91359e+06,1.39626e+07,0,0,0,0
70.4962,85.1408,1.45947,0.01,0,3.08165,3.12798,0,0.570582,4.6872,4.27854e+06,2.92794e+06,1.3185e+07,0,0,0,0,58.4959,61.3098,1.27147,0,0,1.53482,1.48849,0,1.21321,1.90512,8.89167e+06,3.91359e+06,1.36471e+07,0,0,0,0
68.7928,85.1408,1.33369,0.01,0,3.08309,3.12896,0,0.577502,4.6872,4.27854e+06,2.92794e+06,1.31911e+07,0,0,0,0,57.5488,61.3098,1.27512,0,0,1.53482,1.48895,0,1.1858,1.90512,8.89167e+06,3.91359e+06,1.36471e+07,0,0,0,0
66.9977,85.1408,1.22402,0.01,0,3.08453,3.12993,0,0.577772,4.6872,4.27854e+06,2.92794e+06,1.31973e+07,0,0,0,0,56.7498,61.3098,1.11089,0,0,1.53482,1.48942,0,1.1858,1.90512,8.89167e+06,3.91359e+06,1.36471e+07,0,0,0,0
65.1223,85.1408,1.28742,0.03,0,3.29508,3.34001,0,0.578042,4.6872,4.27854e+06,2.92794e+06,1.40981e+07,0,0,0,0,55.9232,61.3098,1.31897,0,0,1.66309,1.61816,0,1.1858,1.90512,8.89167e+06,3.91359e+06,1.47876e+07,0,0,0,0
62.9468,85.1408,1.00961,0.03,0,3.34105,3.34105,0,0.617497,4.6872,4.27854e+06,2.92794e+06,1.42948e+07,0,0,0,0,55.1,61.3098,1.35723,0,0,1.61866,1.61866,0,1.2849,1.90512,8.89167e+06,3.91359e+06,1.43926e+07,0,0,0,0
60.6904,85.1408,0.897312,0.04,0,3.34209,3.34209,0,0.626113,4.6872,4.27854e+06,2.92794e+06,1.42993e+07,0,0,0,0,54.2554,61.3098,1.26751,0,0,1.61917,1.61917,0,1.25058,1.90512,8.89167e+06,3.91359e+06,1.43971e+07,0,0,0,0
58.5317,85.1408,0.965849,0.04,0,3.34314,3.34314,0,0.626308,4.6872,4.27854e+06,2.92794e+06,1.43037e+07,0,0,0,0,53.6177,61.3098,1.27805,0,0,1.61967,1.61967,0,1.25097,1.90512,8.89167e+06,3.91359e+06,1.44016e+07,0,0,0,0
57.1557,85.1408,1.49635,0.06,0,2.98898,3.34418,0,0.626504,4.6872,4.27854e+06,3.51353e+06,1.27884e+07,0,0,0,0,53.2199,61.3098,1.53309,0,0,1.44809,1.62018,0,1.25136,1.90512,8.89167e+06,4.69631e+06,1.28759e+07,0,0,0,0
56.3792,85.1408,2.25777,0.05,0,3.24316,3.24316,0,0.560134,4.6872,4.27854e+06,2.92794e+06,1.3876e+07,0,0,0,0,52.9695,61.3098,2.5927,0,0,1.5427,1.5427,0,1.11879,1.90512,8.89167e+06,3.91359e+06,1.37172e+07,0,0,0,0
55.1324,85.1408,1.55693,0.06,0,2.89959,3.24417,0,0.607767,4.6872,4.27854e+06,3.51353e+06,1.2406e+07,0,0,0,0,52.7333,61.3098,2.35666,0,0,1.37927,1.54318,0,1.19189,1.90512,8.89167e+06,4.69631e+06,1.22641e+07,0,0,0,0
53.4341,85.1408,1.03203,0.06,0,2.90049,3.24518,0,0.543383,4.6872,4.27854e+06,3.51353e+06,1.24099e+07,0,0,0,0,52.4215,61.3098,1.53126,0,0,1.3797,1.54366,0,1.06563,1.90512,8.89167e+06,4.69631e+06,1.22679e+07,0,0,0,0
52.6116,85.1408,1.94741,0.06,0,2.90139,3.24619,0,0.543552,4.6872,4.27854e+06,3.51353e+06,1.24137e+07,0,0,0,0,52.258,61.3098,2.29084,0,0,1.38013,1.54415,0,1.06596,1.90512,8.89167e+06,4.69631e+06,1.22717e+07,0,0,0,0
52.8105,85.1408,2.96968,0.06,0,2.82733,3.16332,0,0.543721,4.6872,4.27854e+06,3.51353e+06,1.20968e+07,0,0,0,0,52.4257,61.3098,3.59422,0,0,1.31704,1.47356,0,1.06629,1.90512,8.89167e+06,4.69631e+06,1.17107e+07,0,0,0,0
51.7104,85.1408,1.79935,0.05,0,3.10351,3.1643,0,0.529841,4.6872,4.27854e+06,2.92794e+06,1.32785e+07,0,0,0,0,52.1586,61.3098,2.10424,0,0,1.53481,1.47402,0,1.01755,1.90512,8.89167e+06,3.91359e+06,1.3647e+07,0,0,0,0
50.9388,85.1408,2.20809,0.05,0,3.10496,3.16529,0,0.581598,4.6872,4.27854e+06,2.92794e+06,1.32847e+07,0,0,0,0,51.85,61.3098,1.60784,0,0,1.53481,1.47448,0,1.1858,1.90512,8.89167e+06,3.91359e+06,1.3647e+07,0,0,0,0
50.4925,85.1408,2.27178,0.08,0,2.77009,3.16628,0,0.581869,4.6872,4.27854e+06,3.51353e+06,1.1852e+07,0,0,0,0,51.8734,61.3098,2.98027,0,0,1.37815,1.47494,0,1.1858,1.90512,8.89167e+06,4.69631e+06,1.22541e+07,0,0,0,0
54.0831,85.1408,6.40386,0.08,0,2.55824,2.92873,0,0.519116,4.6872,4.27854e+06,3.51353e+06,1.09455e+07,0,0,0,0,53.1378,61.3098,6.58501,0,0,1.24564,1.3272,0,1.06476,1.90512,8.89167e+06,4.69631e+06,1.10759e+07,0,0,0,0
54.1267,85.1408,2.86387,0.04,0,2.72249,2.92964,0,0.479414,4.6872,4.27854e+06,2.92794e+06,1.16483e+07,0,0,0,0,53.0965,61.3098,3.17633,0,0,1.53477,1.32761,0,0.962385,1.90512,8.89167e+06,3.91359e+06,1.36466e+07,0,0,0,0
55.35,85.1408,4.10993,0.04,0,2.72381,2.93056,0,0.510194,4.6872,4.27854e+06,2.92794e+06,1.16539e+07,0,0,0,0,53.1585,61.3098,3.49366,0,0,1.53477,1.32802,0,1.18576,1.90512,8.89167e+06,3.91359e+06,1.36466e+07,0,0,0,0
57.0462,85.1408,4.63393,0.04,0,2.72514,2.93147,0,0.510443,4.6872,4.27854e+06,2.92794e+06,1.16596e+07,0,0,0,0,53.1122,61.3098,3.36303,0,0,1.53477,1.32844,0,1.18576,1.90512,8.89167e+06,3.91359e+06,1.36466e+07,0,0,0,0
60.4058,85.1408,6.33295,0.05,0,2.72647,2.93238,0,0.510691,4.6872,4.27854e+06,2.92794e+06,1.16653e+07,0,0,0,0,53.138,61.3098,3.49162,0,0,1.53477,1.32885,0,1.18576,1.90512,8.89167e+06,3.91359e+06,1.36466e+07,0,0,0,0
63.1367,85.1408,6.01866,0.02,0.02,2.81966,3.02516,0,0.51094,4.6872,4.27854e+06,2.92794e+06,1.2064e+07,0,0,0,0,54.5299,61.3098,6.40719,0,1,1.57773,1.37223,0,1.18576,1.90512,8.89167e+06,3.91359e+06,1.40287e+07,0,0,0,0
67.5242,85.1408,7.88542,0.02,0.02,2.86394,3.02606,0,0.528404,4.6872,4.27854e+06,2.92794e+06,1.22535e+07,0,0,0,0,57.6785,61.3098,10.7343,0,1,1.53476,1.37264,0,1.21896,1.90512,8.89167e+06,3.91359e+06,1.36466e+07,0,0,0,0
71.4099,85.1408,7.34905,0.02,0.02,2.86526,3.02697,0,0.536703,4.6872,4.27854e+06,2.92794e+06,1.22591e+07,0,0,0,0,60.2284,61.3098,9.65544,0,1,1.53476,1.37305,0,1.18576,1.90512,8.89167e+06,3.91359e+06,1.36466e+07,0,0,0,0
77.1999,85.1408,9.49108,0.01,0.02,2.86657,3.02787,0,0.536949,4.6872,4.27854e+06,2.92794e+06,1.22647e+07,0,0,0,0,62.338,61.3098,11.4,0,1,1.53476,1.37346,0,1.18576,1.90512,8.89167e+06,3.91359e+06,1.36466e+07,0,0,0,0
79.7063,85.1408,6.415,0,0.02,3.32419,3.32419,0,0.537195,4.6872,4.27854e+06,2.92794e+06,1.42227e+07,0,0,0,0,62.338,61.3098,9.98177,0,1,1.53541,1.53541,0,1.18576,1.90512,8.89167e+06,3.91359e+06,1.36524e+07,0,0,0,0
80.7547,85.1408,4.87624,0,0.02,3.32518,3.32518,0,0.622954,4.6872,4.27854e+06,2.92794e+06,1.42269e+07,0,0,0,0,62.338,61.3098,6.73204,0,1,1.53587,1.53587,0,1.18626,1.90512,8.89167e+06,3.91359e+06,1.36564e+07,0,0,0,0
84.0355,85.1408,7.07828,0,0.02,3.32618,3.32618,0,0.62314,4.6872,4.27854e+06,2.92794e+06,1.42312e+07,0,0,0,0,62.338,61.3098,8.3542,0,1,1.53633,1.53633,0,1.18661,1.90512,8.89167e+06,3.91359e+06,1.36605e+07,0,0,0,0
84.9689,85.1408,4.74831,0,0.02,3.32717,3.32717,0,0.623326,4.6872,4.27854e+06,2.92794e+06,1.42354e+07,0,0,0,0,62.338,61.3098,6.06405,0,1,1.53679,1.53679,0,1.18697,1.90512,8.89167e+06,3.91359e+06,1.36646e+07,0,0,0,0
85.1408,85.1408,5.30688,0,0.02,2.9063,2.9063,0,0.623511,4.6872,4.27854e+06,2.92794e+06,1.24347e+07,0,0,0,0,62.338,61.3098,6.64715,0,1,1.3202,1.3202,0,1.18732,1.90512,8.89167e+06,3.91359e+06,1.17388e+07,0,0,0,0
85.1408,85.1408,3.99083,0,0.02,2.90716,2.90716,0,0.54464,4.6872,4.27854e+06,2.92794e+06,1.24384e+07,0,0,0,0,62.338,61.3098,4.77282,0,1,1.32059,1.32059,0,1.01999,1.90512,8.89167e+06,3.91359e+06,1.17423e+07,0,0,0,0
85.1408,85.1408,3.62301,0,0.02,2.90803,2.90803,0,0.544802,4.6872,4.27854e+06,2.92794e+06,1.24421e+07,0,0,0,0,62.338,61.3098,5.64368,0,1,1.32099,1.32099,0,1.02029,1.90512,8.89167e+06,3.91359e+06,1.17458e+07,0,0,0,0
85.1408,85.1408,5.33103,0,0.02,2.9089,2.9089,0,0.544965,4.6872,4.27854e+06,2.92794e+06,1.24458e+07,0,0,0,0,62.338,61.3098,6.67923,0,1,1.32138,1.32138,0,1.02059,1.90512,8.89167e+06,3.91359e+06,1.17493e+07,0,0,0,0
85.1408,85.1408,6.73189,0,0.02,2.90976,2.90976,0,0.545127,4.6872,4.27854e+06,2.92794e+06,1.24495e+07,0,0,0,0,62.338,61.3098,6.51093,0,1,1.32177,1.32177,0,1.0209,1.90512,8.89167e+06,3.91359e+06,1.17528e+07,0,0,0,0
85.1408,85.1408,5.1954,0,0.02,3.01698,3.01698,0,0.54529,4.6872,4.27854e+06,2.92794e+06,1.29083e+07,0,0,0,0,62.338,61.3098,5.89391,0,1,1.37535,1.37535,0,1.0212,1.90512,8.89167e+06,3.91359e+06,1.22291e+07,0,0,0,0
85.1408,85.1408,5.46267,0,0.02,3.01788,3.01788,0,0.565382,4.6872,4.27854e+06,2.92794e+06,1.29121e+07,0,0,0,0,62.338,61.3098,6.62633,0,1,1.37576,1.37576,0,1.06259,1.90512,8.89167e+06,3.91359e+06,1.22328e+07,0,0,0,0
85.1408,85.1408,4.28955,0,0.02,3.01878,3.01878,0,0.565551,4.6872,4.27854e+06,2.92794e+06,1.2916e+07,0,0,0,0,62.338,61.3098,5.70447,0,1,1.37617,1.37617,0,1.06291,1.90512,8.89167e+06,3.91359e+06,1.22364e+07,0,0,0,0
85.1408,85.1408,3.98805,0,0.02,3.01968,3.01968,0,0.565719,4.6872,4.27854e+06,2.92794e+06,1.29198e+07,0,0,0,0,62.338,61.3098,5.10441,0,1,1.37658,1.37658,0,1.06323,1.90512,8.89167e+06,3.91359e+06,1.22401e+07,0,0,0,0
85.1304,85.1408,3.39771,0,0.02,2.97895,2.97895,0,0.565888,4.6872,4.27854e+06,2.92794e+06,1.27455e+07,0,0,0,0,62.338,61.3098,4.07393,0,1,1.35631,1.35631,0,1.06354,1.90512,8.89167e+06,3.91359e+06,1.20598e+07,0,0,0,0
84.3271,85.1408,2.46612,0,0.02,2.97983,2.97983,0,0.558255,4.6872,4.27854e+06,2.92794e+06,1.27493e+07,0,0,0,0,62.338,61.3098,3.22011,0,1,1.35671,1.35671,0,1.04788,1.90512,8.89167e+06,3.91359e+06,1.20634e+07,0,0,0,0
83.3077,85.1408,2.22744,0,0.02,2.98072,2.98072,0,0.558421,4.6872,4.27854e+06,2.92794e+06,1.27531e+07,0,0,0,0,62.338,61.3098,3.20156,0,1,1.35712,1.35712,0,1.0482,1.90512,8.89167e+06,3.91359e+06,1.2067e+07,0,0,0,0
83.2463,85.1408,3.20725,0,0.02,2.98161,2.98161,0,0.558587,4.6872,4.27854e+06,2.92794e+06,1.27569e+07,0,0,0,0,62.338,61.3098,3.6511,0,1,1.35752,1.35752,0,1.04851,1.90512,8.89167e+06,3.91359e+06,1.20706e+07,0,0,0,0
82.3354,85.1408,2.43477,0,0.02,3.12398,3.12398,0,0.558754,4.6872,4.27854e+06,2.92794e+06,1.33661e+07,0,0,0,0,62.338,61.3098,3.30953,0,1,1.43134,1.43134,0,1.04882,1.90512,8.89167e+06,3.91359e+06,1.2727e+07,0,0,0,0
81.2992,85.1408,2.26066,0,0.02,3.12491,3.12491,0,0.585433,4.6872,4.27854e+06,2.92794e+06,1.337e+07,0,0,0,0,62.338,61.3098,3.04905,0,1,1.43177,1.43177,0,1.10585,1.90512,8.89167e+06,3.91359e+06,1.27308e+07,0,0,0,0
80.1624,85.1408,2.13941,0,0.02,3.12584,3.12584,0,0.585608,4.6872,4.27854e+06,2.92794e+06,1.3374e+07,0,0,0,0,62.338,61.3098,2.74529,0,1,1.43219,1.43219,0,1.10618,1.90512,8.89167e+06,3.91359e+06,1.27346e+07,0,0,0,0
78.8806,85.1408,1.93607,0,0.02,3.12677,3.12677,0,0.585782,4.6872,4.27854e+06,2.92794e+06,1.3378e+07,0,0,0,0,62.338,61.3098,2.64127,0,1,1.43262,1.43262,0,1.10651,1.90512,8.89167e+06,3.91359e+06,1.27384e+07,0,0,0,0
77.521,85.1408,1.83227,0,0.02,3.1277,3.1277,0,0.585957,4.6872,4.27854e+06,2.92794e+06,1.3382e+07,0,0,0,0,62.338,61.3098,2.4872,0,1,1.43305,1.43305,0,1.10684,1.90512,8.89167e+06,3.91359e+06,1.27422e+07,0,0,0,0
76.5994,85.1408,2.25867,0,0.02,3.10061,3.10061,0,0.586131,4.6872,4.27854e+06,2.92794e+06,1.32661e+07,0,0,0,0,62.338,61.3098,3.34035,0,1,1.47388,1.47388,0,1.10717,1.90512,8.89167e+06,3.91359e+06,1.31053e+07,0,0,0,0
75.7728,85.1408,2.29144,0.01,0.02,3.04106,3.10153,0,0.581054,4.6872,4.27854e+06,2.92794e+06,1.30113e+07,0,0,0,0,62.338,61.3098,3.58736,0,1,1.53479,1.47432,0,1.13872,1.90512,8.89167e+06,3.91359e+06,1.36469e+07,0,0,0,0
74.8025,85.1408,2.12915,0.01,0.02,3.04243,3.10246,0,0.569895,4.6872,4.27854e+06,2.92794e+06,1.30171e+07,0,0,0,0,62.338,61.3098,3.28086,0,1,1.53479,1.47476,0,1.18578,1.90512,8.89167e+06,3.91359e+06,1.36469e+07,0,0,0,0
73.7857,85.1408,2.0619,0.01,0.02,3.04379,3.10338,0,0.57015,4.6872,4.27854e+06,2.92794e+06,1.3023e+07,0,0,0,0,62.338,61.3098,3.06387,0,1,1.53479,1.4752,0,1.18578,1.90512,8.89167e+06,3.91359e+06,1.36469e+07,0,0,0,0
72.6103,85.1408,1.92872,0.01,0.02,3.1176,3.17675,0,0.570406,4.6872,4.27854e+06,2.92794e+06,1.33388e+07,0,0,0,0,62.338,61.3098,2.87962,0,1,1.57085,1.5117,0,1.18578,1.90512,8.89167e+06,3.91359e+06,1.39675e+07,0,0,0,0
71.5832,85.1408,2.14114,0.01,0.02,3.15504,3.17769,0,0.584238,4.6872,4.27854e+06,2.92794e+06,1.3499e+07,0,0,0,0,62.338,61.3098,3.69258,0,1,1.5348,1.51215,0,1.21364,1.90512,8.89167e+06,3.91359e+06,1.3647e+07,0,0,0,0
70.3853,85.1408,1.93277,0.01,0.02,3.15643,3.17864,0,0.591254,4.6872,4.27854e+06,2.92794e+06,1.35049e+07,0,0,0,0,62.338,61.3098,3.50343,0,1,1.5348,1.5126,0,1.18579,1.90512,8.89167e+06,3.91359e+06,1.3647e+07,0,0,0,0
69.0327,85.1408,1.76066,0.02,0.02,3.15783,3.17958,0,0.591516,4.6872,4.27854e+06,2.92794e+06,1.35109e+07,0,0,0,0,62.338,61.3098,3.05559,0,1,1.5348,1.51305,0,1.18579,1.90512,8.89167e+06,3.91359e+06,1.3647e+07,0,0,0,0
67.6711,85.1408,1.90759,0.02,0.02,3.37164,3.39294,0,0.591777,4.6872,4.27854e+06,2.92794e+06,1.44257e+07,0,0,0,0,62.338,61.3098,3.76688,0,1,1.66511,1.6438,0,1.18579,1.90512,8.89167e+06,3.91359e+06,1.48056e+07,0,0,0,0
65.94,85.1408,1.53132,0.04,0.02,3.39395,3.39395,0,0.631845,4.6872,4.27854e+06,2.92794e+06,1.45212e+07,0,0,0,0,62.2362,61.3098,2.60195,0,1,1.64429,1.64429,0,1.28646,1.90512,8.89167e+06,3.91359e+06,1.46205e+07,0,0,0,0
64.3121,85.1408,1.63635,0.04,0.02,3.39496,3.39496,0,0.636027,4.6872,4.27854e+06,2.92794e+06,1.45255e+07,0,0,0,0,62.2532,61.3098,2.97944,0,1,1.64478,1.64478,0,1.27038,1.90512,8.89167e+06,3.91359e+06,1.46248e+07,0,0,0,0
62.3769,85.1408,1.31478,0.04,0.02,3.39597,3.39597,0,0.636216,4.6872,4.27854e+06,2.92794e+06,1.45298e+07,0,0,0,0,62.0057,61.3098,2.14777,0,1,1.64527,1.64527,0,1.27076,1.90512,8.89167e+06,3.91359e+06,1.46292e+07,0,0,0,0
60.7547,85.1408,1.59531,0.04,0.02,3.39698,3.39698,0,0.636405,4.6872,4.27854e+06,2.92794e+06,1.45341e+07,0,0,0,0,62.232,61.3098,3.74512,0,1,1.64576,1.64576,0,1.27113,1.90512,8.89167e+06,3.91359e+06,1.46335e+07,0,0,0,0
58.7783,85.1408,1.14671,0.04,0.02,3.29431,3.29431,0,0.636594,4.6872,4.27854e+06,2.92794e+06,1.40948e+07,0,0,0,0,62.3042,61.3098,3.64189,0,1,1.56704,1.56704,0,1.27151,1.90512,8.89167e+06,3.91359e+06,1.39336e+07,0,0,0,0
56.9502,85.1408,1.00568,0.07,0.02,2.94528,3.29529,0,0.617354,4.6872,4.27854e+06,3.51353e+06,1.26015e+07,0,0,0,0,62.17,61.3098,2.076,0,1,1.40101,1.5675,0,1.21069,1.90512,8.89167e+06,4.69631e+06,1.24573e+07,0,0,0,0
54.9804,85.1408,0.837127,0.07,0.02,2.94616,3.29627,0,0.551946,4.6872,4.27854e+06,3.51353e+06,1.26052e+07,0,0,0,0,62.2689,61.3098,1.83884,0,1,1.40143,1.56797,0,1.08242,1.90512,8.89167e+06,4.69631e+06,1.2461e+07,0,0,0,0
53.6317,85.1408,1.5507,0.06,0.02,2.94703,3.29725,0,0.55211,4.6872,4.27854e+06,3.51353e+06,1.2609e+07,0,0,0,0,62.338,61.3098,2.5309,0,1,1.40184,1.56843,0,1.08274,1.90512,8.89167e+06,4.69631e+06,1.24647e+07,0,0,0,0
53.6374,85.1408,2.95226,0.06,0.02,2.87176,3.21303,0,0.552274,4.6872,4.27854e+06,3.51353e+06,1.22869e+07,0,0,0,0,61.8883,61.3098,3.52444,0,1,1.33774,1.49671,0,1.08306,1.90512,8.89167e+06,4.69631e+06,1.18948e+07,0,0,0,0
51.9121,85.1408,1.09944,0.06,0.02,2.83497,3.21398,0,0.538167,4.6872,4.27854e+06,3.51353e+06,1.21295e+07,0,0,0,0,61.6741,61.3098,1.16891,0,1,1.37578,1.49716,0,1.03354,1.90512,8.89167e+06,4.69631e+06,1.22329e+07,0,0,0,0
49.9871,85.1408,1.13107,0.05,0.02,3.17774,3.21494,0,0.531274,4.6872,4.27854e+06,2.92794e+06,1.35961e+07,0,0,0,0,61.4733,61.3098,2.11653,0,1,1.5348,1.4976,0,1.06292,1.90512,8.89167e+06,3.91359e+06,1.36469e+07,0,0,0,0
50.2718,85.1408,3.18935,0.08,0.02,2.83757,3.21589,0,0.595509,4.6872,4.27854e+06,3.51353e+06,1.21406e+07,0,0,0,0,62.1434,61.3098,4.82174,0,1,1.37568,1.49805,0,1.18578,1.90512,8.89167e+06,4.69631e+06,1.22321e+07,0,0,0,0
49.6152,85.1408,2.04882,0.08,0.02,2.62233,2.97458,0,0.53176,4.6872,4.27854e+06,3.51353e+06,1.12197e+07,0,0,0,0,62.338,61.3098,2.11271,0,1,1.2411,1.34797,0,1.06285,1.90512,8.89167e+06,4.69631e+06,1.10355e+07,0,0,0,0
50.6737,85.1408,3.66707,0.08,0.02,2.47305,2.97546,0,0.491425,4.6872,4.27854e+06,3.51353e+06,1.0581e+07,0,0,0,0,62.338,61.3098,4.15167,0,1,1.39153,1.34837,0,0.958876,1.90512,8.89167e+06,4.69631e+06,1.23731e+07,0,0,0,0
51.8485,85.1408,3.83988,0.09,0.02,2.47424,2.97635,0,0.463449,4.6872,4.27854e+06,3.51353e+06,1.05861e+07,0,0,0,0,62.338,61.3098,5.63629,0,1,1.39149,1.34877,0,1.0751,1.90512,8.89167e+06,4.69631e+06,1.23727e+07,0,0,0,0
51.5242,85.1408,2.49863,0.05,0.02,2.79165,2.97723,0,0.463672,4.6872,4.27854e+06,2.92794e+06,1.19442e+07,0,0,0,0,62.3118,61.3098,2.64102,0,1,1.53475,1.34918,0,1.07507,1.90512,8.89167e+06,3.91359e+06,1.36465e+07,0,0,0,0
51.06,85.1408,2.12153,0.06,0.02,2.47661,2.97811,0,0.523156,4.6872,4.27854e+06,3.51353e+06,1.05963e+07,0,0,0,0,62.338,61.3098,2.52517,0,1,1.39141,1.34958,0,1.18575,1.90512,8.89167e+06,4.69631e+06,1.23719e+07,0,0,0,0
50.6155,85.1408,2.25916,0.13,0.02,2.56119,3.0723,0,0.464118,4.6872,4.27854e+06,3.51353e+06,1.09582e+07,0,0,0,0,62.338,61.3098,3.03941,0,1,1.43037,1.39362,0,1.075,1.90512,8.89167e+06,4.69631e+06,1.27184e+07,0,0,0,0
51.1937,85.1408,3.45444,0.14,0.02,2.60602,3.07317,0,0.479968,4.6872,4.27854e+06,3.51353e+06,1.11499e+07,0,0,0,0,62.338,61.3098,4.06538,0,1,1.38668,1.39401,0,1.1051,1.90512,8.89167e+06,4.69631e+06,1.23299e+07,0,0,0,0
55.4379,85.1408,7.16934,0.07,0.02,2.60719,3.07405,0,0.488367,4.6872,4.27854e+06,3.51353e+06,1.1155e+07,0,0,0,0,62.338,61.3098,5.8951,0,1,1.38664,1.39441,0,1.07135,1.90512,8.89167e+06,4.69631e+06,1.23296e+07,0,0,0,0
60.4841,85.1408,8.12423,0.08,0.02,2.60837,3.07492,0,0.488588,4.6872,4.27854e+06,3.51353e+06,1.116e+07,0,0,0,0,62.338,61.3098,6.34256,0,1,1.3866,1.39481,0,1.07132,1.90512,8.89167e+06,4.69631e+06,1.23292e+07,0,0,0,0
68.3713,85.1408,11.7878,0.02,0.02,3.23626,3.3758,0,0.488809,4.6872,4.27854e+06,2.92794e+06,1.38464e+07,0,0,0,0,62.338,61.3098,7.06492,0,1,1.6988,1.55925,0,1.07129,1.90512,8.89167e+06,3.91359e+06,1.51051e+07,0,0,0,0
71.7048,85.1408,7.30353,0.01,0.02,3.37676,3.37676,0,0.606474,4.6872,4.27854e+06,2.92794e+06,1.44476e+07,0,0,0,0,62.338,61.3098,5.05912,0,1,1.55969,1.55969,0,1.31249,1.90512,8.89167e+06,3.91359e+06,1.38683e+07,0,0,0,0
78.3168,85.1408,10.8066,0.01,0.02,3.37772,3.37772,0,0.632805,4.6872,4.27854e+06,2.92794e+06,1.44517e+07,0,0,0,0,62.338,61.3098,7.42499,0,1,1.56014,1.56014,0,1.20502,1.90512,8.89167e+06,3.91359e+06,1.38722e+07,0,0,0,0
83.562,85.1408,9.45435,0,0.02,3.37868,3.37868,0,0.632985,4.6872,4.27854e+06,2.92794e+06,1.44558e+07,0,0,0,0,62.338,61.3098,8.01552,0,1,1.56058,1.56058,0,1.20536,1.90512,8.89167e+06,3.91359e+06,1.38762e+07,0,0,0,0
85.1408,85.1408,8.45406,0.01,0.02,2.95125,2.95125,0,0.633165,4.6872,4.27854e+06,2.92794e+06,1.26271e+07,0,0,0,0,62.338,61.3098,5.74919,0,1,1.34062,1.34062,0,1.2057,1.90512,8.89167e+06,3.91359e+06,1.19204e+07,0,0,0,0
85.1408,85.1408,6.75888,0,0.02,2.95209,2.95209,0,0.553065,4.6872,4.27854e+06,2.92794e+06,1.26306e+07,0,0,0,0,62.338,61.3098,7.09415,0,1,1.341,1.341,0,1.03576,1.90512,8.89167e+06,3.91359e+06,1.19238e+07,0,0,0,0
85.1408,85.1408,5.51892,0,0.02,2.95293,2.95293,0,0.553222,4.6872,4.27854e+06,2.92794e+06,1.26342e+07,0,0,0,0,62.338,61.3098,5.93552,0,1,1.34138,1.34138,0,1.03606,1.90512,8.89167e+06,3.91359e+06,1.19271e+07,0,0,0,0
85.1408,85.1408,7.53741,0,0.02,2.95377,2.95377,0,0.55338,4.6872,4.27854e+06,2.92794e+06,1.26378e+07,0,0,0,0,62.338,61.3098,8.61456,0,1,1.34177,1.34177,0,1.03635,1.90512,8.89167e+06,3.91359e+06,1.19305e+07,0,0,0,0
85.1408,85.1408,9.43935,0,0.02,2.95461,2.95461,0,0.553537,4.6872,4.27854e+06,2.92794e+06,1.26414e+07,0,0,0,0,62.338,61.3098,9.93809,0,1,1.34215,1.34215,0,1.03665,1.90512,8.89167e+06,3.91359e+06,1.19339e+07,0,0,0,0
85.1408,85.1408,7.73785,0,0.02,3.06344,3.06344,0,0.553694,4.6872,4.27854e+06,2.92794e+06,1.3107e+07,0,0,0,0,62.338,61.3098,6.9354,0,1,1.39652,1.39652,0,1.03694,1.90512,8.89167e+06,3.91359e+06,1.24174e+07,0,0,0,0
85.1408,85.1408,4.74017,0,0.02,3.06431,3.06431,0,0.574088,4.6872,4.27854e+06,2.92794e+06,1.31108e+07,0,0,0,0,62.338,61.3098,3.78454,0,1,1.39692,1.39692,0,1.07895,1.90512,8.89167e+06,3.91359e+06,1.2421e+07,0,0,0,0
85.1408,85.1408,3.75572,0,0.02,3.06518,3.06518,0,0.574252,4.6872,4.27854e+06,2.92794e+06,1.31145e+07,0,0,0,0,62.338,61.3098,3.1023,0,1,1.39732,1.39732,0,1.07926,1.90512,8.89167e+06,3.91359e+06,1.24245e+07,0,0,0,0
85.1408,85.1408,3.67718,0,0.02,3.06605,3.06605,0,0.574415,4.6872,4.27854e+06,2.92794e+06,1.31182e+07,0,0,0,0,62.338,61.3098,2.9535,0,1,1.39772,1.39772,0,1.07957,1.90512,8.89167e+06,3.91359e+06,1.2428e+07,0,0,0,0
85.1408,85.1408,3.69176,0,0.02,3.02465,3.02465,0,0.574578,4.6872,4.27854e+06,2.92794e+06,1.29411e+07,0,0,0,0,62.338,61.3098,2.94074,0,1,1.37712,1.37712,0,1.07987,1.90512,8.89167e+06,3.91359e+06,1.22449e+07,0,0,0,0
85.1408,85.1408,3.68959,0,0.02,3.02551,3.02551,0,0.56682,4.6872,4.27854e+06,2.92794e+06,1.29448e+07,0,0,0,0,62.338,61.3098,3.34862,0,1,1.37751,1.37751,0,1.06396,1.90512,8.89167e+06,3.91359e+06,1.22484e+07,0,0,0,0
85.1408,85.1408,4.27482,0,0.02,3.02637,3.02637,0,0.566981,4.6872,4.27854e+06,2.92794e+06,1.29484e+07,0,0,0,0,62.338,61.3098,3.41793,0,1,1.3779,1.3779,0,1.06426,1.90512,8.89167e+06,3.91359e+06,1.22518e+07,0,0,0,0
85.1408,85.1408,4.80426,0,0.02,3.02723,3.02723,0,0.567142,4.6872,4.27854e+06,2.92794e+06,1.29521e+07,0,0,0,0,62.338,61.3098,3.55267,0,1,1.37829,1.37829,0,1.06457,1.90512,8.89167e+06,3.91359e+06,1.22553e+07,0,0,0,0
84.9964,85.1408,3.3014,0,0.02,3.17174,3.17174,0,0.567303,4.6872,4.27854e+06,2.92794e+06,1.35704e+07,0,0,0,0,62.338,61.3098,3.06147,0,1,1.45322,1.45322,0,1.06487,1.90512,8.89167e+06,3.91359e+06,1.29216e+07,0,0,0,0
84.7831,85.1408,3.18733,0,0.02,3.17264,3.17264,0,0.594383,4.6872,4.27854e+06,2.92794e+06,1.35742e+07,0,0,0,0,62.338,61.3098,2.5687,0,1,1.45363,1.45363,0,1.12276,1.90512,8.89167e+06,3.91359e+06,1.29252e+07,0,0,0,0
84.3701,85.1408,2.93932,0,0.02,3.17354,3.17354,0,0.594552,4.6872,4.27854e+06,2.92794e+06,1.35781e+07,0,0,0,0,62.338,61.3098,2.46906,0,1,1.45405,1.45405,0,1.12308,1.90512,8.89167e+06,3.91359e+06,1.29289e+07,0,0,0,0
83.9036,85.1408,2.87799,0,0.02,3.17444,3.17444,0,0.594721,4.6872,4.27854e+06,2.92794e+06,1.3582e+07,0,0,0,0,62.338,61.3098,2.49693,0,1,1.45446,1.45446,0,1.1234,1.90512,8.89167e+06,3.91359e+06,1.29326e+07,0,0,0,0
83.2565,85.1408,2.68634,0,0.02,3.17534,3.17534,0,0.59489,4.6872,4.27854e+06,2.92794e+06,1.35858e+07,0,0,0,0,62.338,61.3098,2.3062,0,1,1.45487,1.45487,0,1.12372,1.90512,8.89167e+06,3.91359e+06,1.29363e+07,0,0,0,0
82.467,85.1408,2.49627,0,0.02,3.14779,3.14779,0,0.595059,4.6872,4.27854e+06,2.92794e+06,1.3468e+07,0,0,0,0,62.338,61.3098,2.11513,0,1,1.49631,1.49631,0,1.12404,1.90512,8.89167e+06,3.91359e+06,1.33047e+07,0,0,0,0
81.4405,85.1408,2.2409,0,0.02,3.14869,3.14869,0,0.589896,4.6872,4.27854e+06,2.92794e+06,1.34718e+07,0,0,0,0,62.2297,61.3098,2.03432,0,1,1.49674,1.49674,0,1.15605,1.90512,8.89167e+06,3.91359e+06,1.33085e+07,0,0,0,0
80.2239,85.1408,2.03207,0,0.02,3.14958,3.14958,0,0.590064,4.6872,4.27854e+06,2.92794e+06,1.34756e+07,0,0,0,0,62.104,61.3098,1.8407,0,1,1.49716,1.49716,0,1.15638,1.90512,8.89167e+06,3.91359e+06,1.33123e+07,0,0,0,0
78.9485,85.1408,1.92295,0,0.02,3.15047,3.15047,0,0.590231,4.6872,4.27854e+06,2.92794e+06,1.34794e+07,0,0,0,0,61.832,61.3098,1.80447,0,1,1.49759,1.49759,0,1.15671,1.90512,8.89167e+06,3.91359e+06,1.33161e+07,0,0,0,0
77.478,85.1408,1.77733,0,0.02,3.22491,3.22491,0,0.590399,4.6872,4.27854e+06,2.92794e+06,1.37979e+07,0,0,0,0,61.4333,61.3098,1.7417,0,1,1.53462,1.53462,0,1.15704,1.90512,8.89167e+06,3.91359e+06,1.36453e+07,0,0,0,0
76.2536,85.1408,2.01892,0.01,0.02,3.22583,3.22583,0,0.604349,4.6872,4.27854e+06,2.92794e+06,1.38018e+07,0,0,0,0,60.9838,61.3098,1.67969,0,1,1.53505,1.53505,0,1.18564,1.90512,8.89167e+06,3.91359e+06,1.36492e+07,0,0,0,0
74.874,85.1408,1.84929,0.03,0.02,3.22674,3.22674,0,0.60452,4.6872,4.27854e+06,2.92794e+06,1.38057e+07,0,0,0,0,60.4235,61.3098,1.6244,0,1,1.53549,1.53549,0,1.18598,1.90512,8.89167e+06,3.91359e+06,1.3653e+07,0,0,0,0
73.3382,85.1408,1.67763,0.03,0.02,3.22766,3.22766,0,0.604692,4.6872,4.27854e+06,2.92794e+06,1.38097e+07,0,0,0,0,59.8242,61.3098,1.4898,0,1,1.53592,1.53592,0,1.18632,1.90512,8.89167e+06,3.91359e+06,1.36569e+07,0,0,0,0
71.4499,85.1408,1.4736,0.03,0.02,3.4442,3.4442,0,0.604863,4.6872,4.27854e+06,2.92794e+06,1.47361e+07,0,0,0,0,59.0141,61.3098,1.47062,0,1,1.66863,1.66863,0,1.18665,1.90512,8.89167e+06,3.91359e+06,1.48369e+07,0,0,0,0
69.569,85.1408,1.47419,0.03,0.02,3.44517,3.44517,0,0.645443,4.6872,4.27854e+06,2.92794e+06,1.47403e+07,0,0,0,0,58.268,61.3098,1.32684,0,1,1.66911,1.66911,0,1.28919,1.90512,8.89167e+06,3.91359e+06,1.48411e+07,0,0,0,0
67.9243,85.1408,1.69867,0.04,0.02,3.44615,3.44615,0,0.645626,4.6872,4.27854e+06,2.92794e+06,1.47445e+07,0,0,0,0,57.372,61.3098,1.50439,0,1,1.66958,1.66958,0,1.28955,1.90512,8.89167e+06,3.91359e+06,1.48453e+07,0,0,0,0
65.9763,85.1408,1.39383,0.05,0.02,3.44713,3.44713,0,0.645809,4.6872,4.27854e+06,2.92794e+06,1.47487e+07,0,0,0,0,56.7822,61.3098,1.19928,0,1,1.67005,1.67005,0,1.28992,1.90512,8.89167e+06,3.91359e+06,1.48496e+07,0,0,0,0
64.2874,85.1408,1.61901,0.05,0.02,3.44811,3.44811,0,0.645992,4.6872,4.27854e+06,2.92794e+06,1.47529e+07,0,0,0,0,56.2572,61.3098,1.81234,0,1,1.67053,1.67053,0,1.29028,1.90512,8.89167e+06,3.91359e+06,1.48538e+07,0,0,0,0
63.0292,85.1408,1.94896,0.05,0.02,3.34385,3.34385,0,0.646175,4.6872,4.27854e+06,2.92794e+06,1.43068e+07,0,0,0,0,55.8389,61.3098,1.67131,0,1,1.5906,1.5906,0,1.29065,1.90512,8.89167e+06,3.91359e+06,1.41431e+07,0,0,0,0
61.6958,85.1408,1.57996,0.06,0.02,2.98953,3.3448,0,0.626637,4.6872,4.27854e+06,3.51353e+06,1.27908e+07,0,0,0,0,55.7041,61.3098,1.69324,0,1,1.42206,1.59105,0,1.2289,1.90512,8.89167e+06,4.69631e+06,1.26445e+07,0,0,0,0
61.4279,85.1408,2.92888,0.05,0.02,3.34574,3.34574,0,0.560237,4.6872,4.27854e+06,2.92794e+06,1.43149e+07,0,0,0,0,55.6466,61.3098,3.09818,0,1,1.5915,1.5915,0,1.09868,1.90512,8.89167e+06,3.91359e+06,1.41511e+07,0,0,0,0
59.6012,85.1408,1.34398,0.05,0.02,3.34669,3.34669,0,0.626992,4.6872,4.27854e+06,2.92794e+06,1.43189e+07,0,0,0,0,55.2128,61.3098,1.63878,0,1,1.59195,1.59195,0,1.22959,1.90512,8.89167e+06,3.91359e+06,1.41551e+07,0,0,0,0
58.1642,85.1408,1.66093,0.04,0.02,3.26116,3.26116,0,0.62717,4.6872,4.27854e+06,2.92794e+06,1.3953e+07,0,0,0,0,54.896,61.3098,1.83512,0,1,1.51914,1.51914,0,1.22994,1.90512,8.89167e+06,3.91359e+06,1.35077e+07,0,0,0,0
57.1856,85.1408,1.91204,0.06,0.02,2.90039,3.26209,0,0.611142,4.6872,4.27854e+06,3.51353e+06,1.24094e+07,0,0,0,0,54.644,61.3098,1.48175,0,1,1.37338,1.51957,0,1.17369,1.90512,8.89167e+06,4.69631e+06,1.22117e+07,0,0,0,0
55.9008,85.1408,1.579,0.06,0.02,2.90164,3.26301,0,0.543533,4.6872,4.27854e+06,3.51353e+06,1.24148e+07,0,0,0,0,54.4623,61.3098,1.50602,0,1,1.37334,1.52,0,1.06107,1.90512,8.89167e+06,4.69631e+06,1.22112e+07,0,0,0,0
56.9768,85.1408,4.02974,0.06,0.02,2.9029,3.26393,0,0.543768,4.6872,4.27854e+06,3.51353e+06,1.24202e+07,0,0,0,0,55.1495,61.3098,4.64522,0,1,1.37329,1.52043,0,1.06104,1.90512,8.89167e+06,4.69631e+06,1.22108e+07,0,0,0,0
58.8724,85.1408,4.74466,0.07,0.02,2.68439,3.01898,0,0.544004,4.6872,4.27854e+06,3.51353e+06,1.14853e+07,0,0,0,0,56.353,61.3098,3.83516,0,1,1.2367,1.36809,0,1.061,1.90512,8.89167e+06,4.69631e+06,1.09964e+07,0,0,0,0
60.4416,85.1408,4.36697,0.07,0.02,2.53282,3.01983,0,0.503055,4.6872,4.27854e+06,3.51353e+06,1.08368e+07,0,0,0,0,56.8701,61.3098,3.16401,0,1,1.38939,1.36848,0,0.955478,1.90512,8.89167e+06,4.69631e+06,1.2354e+07,0,0,0,0
62.1328,85.1408,4.72143,0.04,0.02,2.85482,3.02069,0,0.474651,4.6872,4.27854e+06,2.92794e+06,1.22144e+07,0,0,0,0,57.1764,61.3098,3.11928,0,1,1.53474,1.36887,0,1.07344,1.90512,8.89167e+06,3.91359e+06,1.36464e+07,0,0,0,0
63.2747,85.1408,4.22252,0.04,0.02,2.85606,3.02154,0,0.534992,4.6872,4.27854e+06,2.92794e+06,1.22198e+07,0,0,0,0,57.5078,61.3098,3.16558,0,1,1.53474,1.36926,0,1.18574,1.90512,8.89167e+06,3.91359e+06,1.36464e+07,0,0,0,0
67.035,85.1408,6.83367,0.04,0.02,2.8573,3.0224,0,0.535225,4.6872,4.27854e+06,2.92794e+06,1.22251e+07,0,0,0,0,57.8448,61.3098,3.55812,0,1,1.53474,1.36964,0,1.18574,1.90512,8.89167e+06,3.91359e+06,1.36464e+07,0,0,0,0
71.0508,85.1408,7.3131,0.04,0.02,2.85769,3.0224,0,0.535458,4.6872,4.27854e+06,2.92794e+06,1.22267e+07,0,0,0,0,58.4799,61.3098,4.36183,0,1,1.53435,1.36964,0,1.18574,1.90512,8.89167e+06,3.91359e+06,1.3643e+07,0,0,0,0
74.0216,85.1408,6.38622,0.01,0.02,2.95323,3.11794,0,0.535531,4.6872,4.27854e+06,2.92794e+06,1.26355e+07,0,0,0,0,59.2648,61.3098,4.41186,0,1,1.57903,1.41432,0,1.18544,1.90512,8.89167e+06,3.91359e+06,1.40402e+07,0,0,0,0
79.4815,85.1408,9.0377,0.01,0.02,2.99875,3.11878,0,0.553435,4.6872,4.27854e+06,2.92794e+06,1.28303e+07,0,0,0,0,60.2146,61.3098,5.05962,0,1,1.53474,1.4147,0,1.21996,1.90512,8.89167e+06,3.91359e+06,1.36464e+07,0,0,0,0
82.0824,85.1408,6.18011,0,0.02,3.11963,3.11963,0,0.561966,4.6872,4.27854e+06,2.92794e+06,1.33475e+07,0,0,0,0,61.0861,61.3098,3.94363,0,1,1.41509,1.41509,0,1.18574,1.90512,8.89167e+06,3.91359e+06,1.25825e+07,0,0,0,0
82.8198,85.1408,4.21586,0,0.02,3.12048,3.12048,0,0.584619,4.6872,4.27854e+06,2.92794e+06,1.33511e+07,0,0,0,0,61.5823,61.3098,3.19561,0,1,1.41547,1.41547,0,1.0933,1.90512,8.89167e+06,3.91359e+06,1.25859e+07,0,0,0,0
85.1408,85.1408,7.773,0.01,0.02,3.30689,3.42577,0,0.584777,4.6872,4.27854e+06,2.92794e+06,1.41486e+07,0,0,0,0,62.338,61.3098,4.95573,0,1,1.70121,1.58233,0,1.09359,1.90512,8.89167e+06,3.91359e+06,1.51266e+07,0,0,0,0
85.1408,85.1408,5.61655,0,0.02,3.4267,3.4267,0,0.619711,4.6872,4.27854e+06,2.92794e+06,1.46613e+07,0,0,0,0,62.338,61.3098,3.03952,0,1,1.58276,1.58276,0,1.31435,1.90512,8.89167e+06,3.91359e+06,1.40734e+07,0,0,0,0
85.1408,85.1408,4.38639,0,0.02,3.42763,3.42763,0,0.642163,4.6872,4.27854e+06,2.92794e+06,1.46652e+07,0,0,0,0,62.2485,61.3098,2.36436,0,1,1.58319,1.58319,0,1.22284,1.90512,8.89167e+06,3.91359e+06,1.40772e+07,0,0,0,0
85.1408,85.1408,4.49625,0,0.02,3.42856,3.42856,0,0.642337,4.6872,4.27854e+06,2.92794e+06,1.46692e+07,0,0,0,0,62.2856,61.3098,2.63423,0,1,1.58362,1.58362,0,1.22317,1.90512,8.89167e+06,3.91359e+06,1.4081e+07,0,0,0,0
85.1408,85.1408,4.55384,0,0.02,2.99478,2.99478,0,0.642511,4.6872,4.27854e+06,2.92794e+06,1.28133e+07,0,0,0,0,62.338,61.3098,3.71092,0,1,1.36039,1.36039,0,1.2235,1.90512,8.89167e+06,3.91359e+06,1.20962e+07,0,0,0,0
85.1408,85.1408,7.00738,0,0.02,2.99559,2.99559,0,0.561221,4.6872,4.27854e+06,2.92794e+06,1.28167e+07,0,0,0,0,62.338,61.3098,5.2618,0,1,1.36076,1.36076,0,1.05104,1.90512,8.89167e+06,3.91359e+06,1.20994e+07,0,0,0,0
85.1408,85.1408,6.00099,0,0.02,2.9964,2.9964,0,0.561373,4.6872,4.27854e+06,2.92794e+06,1.28202e+07,0,0,0,0,62.338,61.3098,5.76847,0,1,1.36113,1.36113,0,1.05132,1.90512,8.89167e+06,3.91359e+06,1.21027e+07,0,0,0,0
85.1408,85.1408,8.88076,0,0.02,2.99721,2.99721,0,0.561525,4.6872,4.27854e+06,2.92794e+06,1.28237e+07,0,0,0,0,62.338,61.3098,7.07885,0,1,1.3615,1.3615,0,1.05161,1.90512,8.89167e+06,3.91359e+06,1.2106e+07,0,0,0,0
85.1408,85.1408,8.90007,0,0.02,2.99802,2.99802,0,0.561677,4.6872,4.27854e+06,2.92794e+06,1.28272e+07,0,0,0,0,62.338,61.3098,9.22966,0,1,1.36187,1.36187,0,1.05189,1.90512,8.89167e+06,3.91359e+06,1.21093e+07,0,0,0,0
85.1408,85.1408,6.92198,0,0.02,3.10841,3.10841,0,0.56183,4.6872,4.27854e+06,2.92794e+06,1.32994e+07,0,0,0,0,62.338,61.3098,4.7466,0,1,1.41702,1.41702,0,1.05218,1.90512,8.89167e+06,3.91359e+06,1.25997e+07,0,0,0,0
85.1408,85.1408,6.03742,0,0.02,3.10925,3.10925,0,0.582515,4.6872,4.27854e+06,2.92794e+06,1.3303e+07,0,0,0,0,62.338,61.3098,4.34988,0,1,1.41741,1.41741,0,1.09479,1.90512,8.89167e+06,3.91359e+06,1.26031e+07,0,0,0,0
85.1408,85.1408,5.76282,0,0.02,3.11009,3.11009,0,0.582673,4.6872,4.27854e+06,2.92794e+06,1.33066e+07,0,0,0,0,62.338,61.3098,4.34798,0,1,1.41779,1.41779,0,1.09509,1.90512,8.89167e+06,3.91359e+06,1.26065e+07,0,0,0,0
85.1408,85.1408,6.35534,0,0.02,3.11093,3.11093,0,0.582831,4.6872,4.27854e+06,2.92794e+06,1.33102e+07,0,0,0,0,62.338,61.3098,4.0023,0,1,1.41818,1.41818,0,1.09539,1.90512,8.89167e+06,3.91359e+06,1.261e+07,0,0,0,0
85.1408,85.1408,4.93236,0,0.02,3.06889,3.06889,0,0.582989,4.6872,4.27854e+06,2.92794e+06,1.31303e+07,0,0,0,0,62.338,61.3098,3.00121,0,1,1.39726,1.39726,0,1.09568,1.90512,8.89167e+06,3.91359e+06,1.2424e+07,0,0,0,0
85.1408,85.1408,4.64704,0,0.02,3.06972,3.06972,0,0.575109,4.6872,4.27854e+06,2.92794e+06,1.31339e+07,0,0,0,0,62.338,61.3098,2.76966,0,1,1.39764,1.39764,0,1.07952,1.90512,8.89167e+06,3.91359e+06,1.24273e+07,0,0,0,0
85.1408,85.1408,4.3716,0,0.02,3.07055,3.07055,0,0.575265,4.6872,4.27854e+06,2.92794e+06,1.31375e+07,0,0,0,0,62.338,61.3098,2.62299,0,1,1.39801,1.39801,0,1.07981,1.90512,8.89167e+06,3.91359e+06,1.24307e+07,0,0,0,0
85.1408,85.1408,3.9007,0,0.02,3.07138,3.07138,0,0.575421,4.6872,4.27854e+06,2.92794e+06,1.3141e+07,0,0,0,0,62.338,61.3098,2.94217,0,1,1.39839,1.39839,0,1.08011,1.90512,8.89167e+06,3.91359e+06,1.2434e+07,0,0,0,0
85.1408,85.1408,3.76668,0,0.02,3.21795,3.21795,0,0.575577,4.6872,4.27854e+06,2.92794e+06,1.37681e+07,0,0,0,0,62.338,61.3098,2.60041,0,1,1.4744,1.4744,0,1.0804,1.90512,8.89167e+06,3.91359e+06,1.31098e+07,0,0,0,0
85.049,85.1408,3.27311,0,0.02,3.21882,3.21882,0,0.603043,4.6872,4.27854e+06,2.92794e+06,1.37718e+07,0,0,0,0,62.2878,61.3098,2.25985,0,1,1.47479,1.47479,0,1.13912,1.90512,8.89167e+06,3.91359e+06,1.31134e+07,0,0,0,0
84.6477,85.1408,2.95303,0,0.02,3.21969,3.21969,0,0.603207,4.6872,4.27854e+06,2.92794e+06,1.37756e+07,0,0,0,0,62.1693,61.3098,2.08727,0,1,1.47519,1.47519,0,1.13943,1.90512,8.89167e+06,3.91359e+06,1.31169e+07,0,0,0,0
84.1628,85.1408,2.85603,0,0.02,3.22056,3.22056,0,0.60337,4.6872,4.27854e+06,2.92794e+06,1.37793e+07,0,0,0,0,61.8871,61.3098,1.87177,0,1,1.47559,1.47559,0,1.13973,1.90512,8.89167e+06,3.91359e+06,1.31205e+07,0,0,0,0
83.6024,85.1408,2.76031,0,0.02,3.22143,3.22143,0,0.603533,4.6872,4.27854e+06,2.92794e+06,1.3783e+07,0,0,0,0,61.5108,61.3098,1.69896,0,1,1.47599,1.47599,0,1.14004,1.90512,8.89167e+06,3.91359e+06,1.3124e+07,0,0,0,0
83.2636,85.1408,2.95705,0,0.02,3.19344,3.19344,0,0.603696,4.6872,4.27854e+06,2.92794e+06,1.36633e+07,0,0,0,0,61.0893,61.3098,1.60951,0,1,1.51801,1.51801,0,1.14035,1.90512,8.89167e+06,3.91359e+06,1.34977e+07,0,0,0,0
82.8598,85.1408,2.88252,0,0.02,3.19431,3.19431,0,0.598451,4.6872,4.27854e+06,2.92794e+06,1.3667e+07,0,0,0,0,60.577,61.3098,1.57876,0,1,1.51842,1.51842,0,1.17282,1.90512,8.89167e+06,3.91359e+06,1.35013e+07,0,0,0,0
82.3053,85.1408,2.68662,0.01,0.02,3.17924,3.19517,0,0.598613,4.6872,4.27854e+06,2.92794e+06,1.36025e+07,0,0,0,0,59.9998,61.3098,1.5059,0,1,1.53476,1.51883,0,1.17313,1.90512,8.89167e+06,3.91359e+06,1.36466e+07,0,0,0,0
81.4574,85.1408,2.37204,0.01,0.02,3.18052,3.19603,0,0.59579,4.6872,4.27854e+06,2.92794e+06,1.3608e+07,0,0,0,0,59.2571,61.3098,1.48092,0,1,1.53476,1.51924,0,1.18576,1.90512,8.89167e+06,3.91359e+06,1.36466e+07,0,0,0,0
80.3364,85.1408,2.14632,0.01,0.02,3.2564,3.27151,0,0.596029,4.6872,4.27854e+06,2.92794e+06,1.39326e+07,0,0,0,0,58.5396,61.3098,1.35124,0,1,1.5719,1.55679,0,1.18576,1.90512,8.89167e+06,3.91359e+06,1.39768e+07,0,0,0,0
79.1594,85.1408,2.09583,0.01,0.02,3.27239,3.27239,0,0.610249,4.6872,4.27854e+06,2.92794e+06,1.40011e+07,0,0,0,0,57.7965,61.3098,1.40512,0,1,1.55721,1.55721,0,1.21445,1.90512,8.89167e+06,3.91359e+06,1.38462e+07,0,0,0,0
77.8616,85.1408,1.95806,0.01,0.02,3.27328,3.27328,0,0.613246,4.6872,4.27854e+06,2.92794e+06,1.40048e+07,0,0,0,0,56.9456,61.3098,1.33331,0,1,1.55763,1.55763,0,1.2031,1.90512,8.89167e+06,3.91359e+06,1.38499e+07,0,0,0,0
76.4191,85.1408,1.79725,0.01,0.02,3.27416,3.27416,0,0.613412,4.6872,4.27854e+06,2.92794e+06,1.40086e+07,0,0,0,0,56.1027,61.3098,1.24789,0,1,1.55805,1.55805,0,1.20343,1.90512,8.89167e+06,3.91359e+06,1.38537e+07,0,0,0,0
74.4267,85.1408,1.4127,0.03,0.02,3.49377,3.49377,0,0.613578,4.6872,4.27854e+06,2.92794e+06,1.49482e+07,0,0,0,0,54.9004,61.3098,1.23132,0,1,1.69265,1.69265,0,1.20375,1.90512,8.89167e+06,3.91359e+06,1.50505e+07,0,0,0,0
72.0813,85.1408,1.05213,0.04,0.02,3.49472,3.49472,0,0.654733,4.6872,4.27854e+06,2.92794e+06,1.49523e+07,0,0,0,0,53.7583,61.3098,0.954747,0,1,1.69311,1.69311,0,1.30774,1.90512,8.89167e+06,3.91359e+06,1.50546e+07,0,0,0,0
70.1926,85.1408,1.54053,0.04,0.02,3.49566,3.49566,0,0.65491,4.6872,4.27854e+06,2.92794e+06,1.49563e+07,0,0,0,0,52.6317,61.3098,1.12342,0,1,1.69356,1.69356,0,1.30809,1.90512,8.89167e+06,3.91359e+06,1.50586e+07,0,0,0,0
68.0597,85.1408,1.27945,0.04,0.02,3.49661,3.49661,0,0.655087,4.6872,4.27854e+06,2.92794e+06,1.49604e+07,0,0,0,0,51.9802,61.3098,1.01632,0,1,1.69402,1.69402,0,1.30845,1.90512,8.89167e+06,3.91359e+06,1.50627e+07,0,0,0,0
66.9889,85.1408,2.32272,0.05,0.02,3.49755,3.49755,0,0.655264,4.6872,4.27854e+06,2.92794e+06,1.49644e+07,0,0,0,0,51.2018,61.3098,1.70637,0,1,1.69448,1.69448,0,1.3088,1.90512,8.89167e+06,3.91359e+06,1.50668e+07,0,0,0,0
66.077,85.1408,2.16238,0.06,0.02,3.0315,3.39175,0,0.655441,4.6872,4.27854e+06,3.51353e+06,1.29704e+07,0,0,0,0,50.9754,61.3098,1.36953,0,1,1.44202,1.61339,0,1.30916,1.90512,8.89167e+06,4.69631e+06,1.2822e+07,0,0,0,0
65.1081,85.1408,2.11803,0.06,0.02,3.03231,3.39267,0,0.568102,4.6872,4.27854e+06,3.51353e+06,1.29739e+07,0,0,0,0,50.9979,61.3098,1.82896,0,1,1.44241,1.61382,0,1.11411,1.90512,8.89167e+06,4.69631e+06,1.28254e+07,0,0,0,0
64.2038,85.1408,2.17407,0.06,0.02,3.03313,3.39358,0,0.568256,4.6872,4.27854e+06,3.51353e+06,1.29774e+07,0,0,0,0,51.1816,61.3098,2.364,0,1,1.4428,1.61426,0,1.11441,1.90512,8.89167e+06,4.69631e+06,1.28289e+07,0,0,0,0
62.8304,85.1408,1.97323,0.05,0.02,3.3945,3.3945,0,0.568409,4.6872,4.27854e+06,2.92794e+06,1.45235e+07,0,0,0,0,51.0422,61.3098,1.8515,0,1,1.61469,1.61469,0,1.11471,1.90512,8.89167e+06,3.91359e+06,1.43573e+07,0,0,0,0
61.3607,85.1408,1.7817,0.05,0.02,3.3077,3.3077,0,0.636129,4.6872,4.27854e+06,2.92794e+06,1.41521e+07,0,0,0,0,50.701,61.3098,2.13741,0,1,1.54082,1.54082,0,1.24751,1.90512,8.89167e+06,3.91359e+06,1.37005e+07,0,0,0,0
59.5907,85.1408,1.48315,0.04,0.02,3.3086,3.3086,0,0.619864,4.6872,4.27854e+06,2.92794e+06,1.4156e+07,0,0,0,0,50.4994,61.3098,1.31635,0,1,1.54123,1.54123,0,1.19044,1.90512,8.89167e+06,3.91359e+06,1.37041e+07,0,0,0,0
58.5701,85.1408,1.95799,0.07,0.02,2.95797,3.30949,0,0.620031,4.6872,4.27854e+06,3.51353e+06,1.26558e+07,0,0,0,0,51.0945,61.3098,3.22039,0,1,1.3779,1.54165,0,1.19076,1.90512,8.89167e+06,4.69631e+06,1.22519e+07,0,0,0,0
60.7337,85.1408,5.32625,0.07,0.02,2.95877,3.31038,0,0.554324,4.6872,4.27854e+06,3.51353e+06,1.26592e+07,0,0,0,0,53.1826,61.3098,6.40232,0,1,1.37828,1.54207,0,1.06457,1.90512,8.89167e+06,4.69631e+06,1.22552e+07,0,0,0,0
61.3396,85.1408,3.73845,0.04,0.02,3.0619,3.0619,0,0.554474,4.6872,4.27854e+06,2.92794e+06,1.31005e+07,0,0,0,0,53.9777,61.3098,3.20961,0,1,1.38755,1.38755,0,1.06486,1.90512,8.89167e+06,3.91359e+06,1.23376e+07,0,0,0,0
63.0074,85.1408,4.8366,0.04,0.02,2.91592,3.06273,0,0.5738,4.6872,4.27854e+06,2.92794e+06,1.24759e+07,0,0,0,0,55.0566,61.3098,4.53848,0,1,1.53473,1.38792,0,1.07202,1.90512,8.89167e+06,3.91359e+06,1.36463e+07,0,0,0,0
64.4998,85.1408,4.5959,0.04,0.02,2.91712,3.06355,0,0.546443,4.6872,4.27854e+06,2.92794e+06,1.2481e+07,0,0,0,0,55.8606,61.3098,3.84206,0,1,1.53473,1.38829,0,1.18573,1.90512,8.89167e+06,3.91359e+06,1.36463e+07,0,0,0,0
65.499,85.1408,4.17209,0.04,0.02,2.91832,3.06438,0,0.546668,4.6872,4.27854e+06,2.92794e+06,1.24861e+07,0,0,0,0,56.7259,61.3098,4.03088,0,1,1.53473,1.38867,0,1.18573,1.90512,8.89167e+06,3.91359e+06,1.36463e+07,0,0,0,0
69.5496,85.1408,6.95905,0.06,0.02,2.59395,3.06521,0,0.546893,4.6872,4.27854e+06,3.51353e+06,1.10983e+07,0,0,0,0,57.7393,61.3098,4.47322,0,1,1.38719,1.38904,0,1.18573,1.90512,8.89167e+06,4.69631e+06,1.23344e+07,0,0,0,0
70.372,85.1408,4.16571,0.01,0.04,3.01675,3.16206,0,0.486106,4.6872,4.27854e+06,2.92794e+06,1.29073e+07,0,0,0,0,58.08,61.3098,4.07948,0,1,1.57964,1.43433,0,1.07174,1.90512,8.89167e+06,3.91359e+06,1.40457e+07,0,0,0,0
70.3882,85.1408,3.28271,0.01,0.04,3.06286,3.16288,0,0.565339,4.6872,4.27854e+06,2.92794e+06,1.31045e+07,0,0,0,0,58.3236,61.3098,3.62577,0,1,1.53472,1.4347,0,1.22043,1.90512,8.89167e+06,3.91359e+06,1.36462e+07,0,0,0,0
69.8501,85.1408,2.78931,0.01,0.04,3.06404,3.16369,0,0.573979,4.6872,4.27854e+06,2.92794e+06,1.31096e+07,0,0,0,0,58.2876,61.3098,2.36158,0,1,1.53472,1.43507,0,1.18573,1.90512,8.89167e+06,3.91359e+06,1.36462e+07,0,0,0,0
69.9629,85.1408,3.60334,0.01,0.04,3.06523,3.16451,0,0.574202,4.6872,4.27854e+06,2.92794e+06,1.31147e+07,0,0,0,0,58.4916,61.3098,3.23861,0,1,1.53472,1.43544,0,1.18573,1.90512,8.89167e+06,3.91359e+06,1.36462e+07,0,0,0,0
71.106,85.1408,4.82377,0.02,0.04,3.37516,3.47406,0,0.574424,4.6872,4.27854e+06,2.92794e+06,1.44407e+07,0,0,0,0,59.0804,61.3098,5.13052,0,1,1.70354,1.60464,0,1.18573,1.90512,8.89167e+06,3.91359e+06,1.51474e+07,0,0,0,0
70.3881,85.1408,2.92978,0.02,0.04,3.47496,3.47496,0,0.632504,4.6872,4.27854e+06,2.92794e+06,1.48678e+07,0,0,0,0,58.9056,61.3098,2.44262,0,1,1.60505,1.60505,0,1.31616,1.90512,8.89167e+06,3.91359e+06,1.42716e+07,0,0,0,0
70.8613,85.1408,4.12051,0.02,0.04,3.47586,3.47586,0,0.651208,4.6872,4.27854e+06,2.92794e+06,1.48716e+07,0,0,0,0,58.6476,61.3098,2.55537,0,1,1.60546,1.60546,0,1.24006,1.90512,8.89167e+06,3.91359e+06,1.42753e+07,0,0,0,0
71.0521,85.1408,3.90004,0.02,0.04,3.47675,3.47675,0,0.651376,4.6872,4.27854e+06,2.92794e+06,1.48754e+07,0,0,0,0,58.4786,61.3098,3.39147,0,1,1.60588,1.60588,0,1.24038,1.90512,8.89167e+06,3.91359e+06,1.42789e+07,0,0,0,0
73.5251,85.1408,5.94299,0.02,0.04,3.03684,3.03684,0,0.651544,4.6872,4.27854e+06,2.92794e+06,1.29932e+07,0,0,0,0,59.1524,61.3098,4.96743,0,1,1.3795,1.3795,0,1.2407,1.90512,8.89167e+06,3.91359e+06,1.2266e+07,0,0,0,0
76.2311,85.1408,6.04537,0.02,0.04,2.88277,3.03762,0,0.569103,4.6872,4.27854e+06,2.92794e+06,1.2334e+07,0,0,0,0,59.7662,61.3098,5.60795,0,1,1.53471,1.37985,0,1.0658,1.90512,8.89167e+06,3.91359e+06,1.36461e+07,0,0,0,0
79.879,85.1408,7.06843,0.02,0.04,2.88391,3.0384,0,0.54023,4.6872,4.27854e+06,2.92794e+06,1.23389e+07,0,0,0,0,60.2894,61.3098,4.89616,0,1,1.53471,1.38021,0,1.18572,1.90512,8.89167e+06,3.91359e+06,1.36461e+07,0,0,0,0
82.2879,85.1408,5.79524,0.01,0.04,2.88505,3.03919,0,0.540444,4.6872,4.27854e+06,2.92794e+06,1.23438e+07,0,0,0,0,60.7094,61.3098,4.28466,0,1,1.53471,1.38057,0,1.18572,1.90512,8.89167e+06,3.91359e+06,1.36461e+07,0,0,0,0
84.7426,85.1408,5.89763,0.01,0.04,2.88619,3.03997,0,0.540658,4.6872,4.27854e+06,2.92794e+06,1.23487e+07,0,0,0,0,61.2615,61.3098,4.58889,0,1,1.53471,1.38092,0,1.18572,1.90512,8.89167e+06,3.91359e+06,1.36461e+07,0,0,0,0
85.1408,85.1408,5.89572,0.01,0.04,2.99843,3.15186,0,0.540871,4.6872,4.27854e+06,2.92794e+06,1.28289e+07,0,0,0,0,61.9234,61.3098,4.9075,0,1,1.59026,1.43683,0,1.18572,1.90512,8.89167e+06,3.91359e+06,1.41401e+07,0,0,0,0
85.1408,85.1408,5.46373,0,0.04,3.15267,3.15267,0,0.561905,4.6872,4.27854e+06,2.92794e+06,1.34888e+07,0,0,0,0,62.338,61.3098,4.88902,0,1,1.4372,1.4372,0,1.22864,1.90512,8.89167e+06,3.91359e+06,1.27791e+07,0,0,0,0
85.1408,85.1408,5.0095,0,0.04,3.15348,3.15348,0,0.59081,4.6872,4.27854e+06,2.92794e+06,1.34923e+07,0,0,0,0,62.338,61.3098,6.1999,0,1,1.43757,1.43757,0,1.11038,1.90512,8.89167e+06,3.91359e+06,1.27824e+07,0,0,0,0
85.1408,85.1408,4.16265,0,0.04,3.1543,3.1543,0,0.590963,4.6872,4.27854e+06,2.92794e+06,1.34958e+07,0,0,0,0,62.338,61.3098,3.26749,0,1,1.43794,1.43794,0,1.11067,1.90512,8.89167e+06,3.91359e+06,1.27857e+07,0,0,0,0
85.1408,85.1408,3.60278,0,0.04,3.11162,3.11162,0,0.591115,4.6872,4.27854e+06,2.92794e+06,1.33132e+07,0,0,0,0,62.338,61.3098,3.59901,0,1,1.41672,1.41672,0,1.11096,1.90512,8.89167e+06,3.91359e+06,1.2597e+07,0,0,0,0
85.0446,85.1408,3.28093,0,0.04,3.11243,3.11243,0,0.583118,4.6872,4.27854e+06,2.92794e+06,1.33166e+07,0,0,0,0,62.338,61.3098,3.20695,0,1,1.41708,1.41708,0,1.09455,1.90512,8.89167e+06,3.91359e+06,1.26002e+07,0,0,0,0
84.8842,85.1408,3.19745,0,0.04,3.11323,3.11323,0,0.583269,4.6872,4.27854e+06,2.92794e+06,1.33201e+07,0,0,0,0,62.338,61.3098,3.49838,0,1,1.41745,1.41745,0,1.09484,1.90512,8.89167e+06,3.91359e+06,1.26035e+07,0,0,0,0
84.5271,85.1408,2.98576,0,0.04,3.11403,3.11403,0,0.583419,4.6872,4.27854e+06,2.92794e+06,1.33235e+07,0,0,0,0,62.338,61.3098,3.21548,0,1,1.41781,1.41781,0,1.09512,1.90512,8.89167e+06,3.91359e+06,1.26067e+07,0,0,0,0
83.7819,85.1408,2.704,0,0.04,3.26259,3.26259,0,0.583569,4.6872,4.27854e+06,2.92794e+06,1.39591e+07,0,0,0,0,62.338,61.3098,2.62187,0,1,1.49485,1.49485,0,1.0954,1.90512,8.89167e+06,3.91359e+06,1.32917e+07,0,0,0,0
82.5951,85.1408,2.17153,0,0.04,3.26343,3.26343,0,0.611409,4.6872,4.27854e+06,2.92794e+06,1.39627e+07,0,0,0,0,62.338,61.3098,2.31303,0,1,1.49524,1.49524,0,1.15492,1.90512,8.89167e+06,3.91359e+06,1.32951e+07,0,0,0,0
81.3552,85.1408,2.10599,0,0.04,3.26427,3.26427,0,0.611567,4.6872,4.27854e+06,2.92794e+06,1.39663e+07,0,0,0,0,62.338,61.3098,2.335,0,1,1.49562,1.49562,0,1.15522,1.90512,8.89167e+06,3.91359e+06,1.32986e+07,0,0,0,0
80.0205,85.1408,1.99703,0,0.04,3.26511,3.26511,0,0.611724,4.6872,4.27854e+06,2.92794e+06,1.39699e+07,0,0,0,0,62.338,61.3098,2.24562,0,1,1.49601,1.49601,0,1.15552,1.90512,8.89167e+06,3.91359e+06,1.3302e+07,0,0,0,0
78.6826,85.1408,1.98651,0,0.04,3.26595,3.26595,0,0.611882,4.6872,4.27854e+06,2.92794e+06,1.39735e+07,0,0,0,0,62.2706,61.3098,2.03632,0,1,1.49639,1.49639,0,1.15581,1.90512,8.89167e+06,3.91359e+06,1.33054e+07,0,0,0,0
77.5224,85.1408,2.14961,0,0.04,3.23754,3.23754,0,0.61204,4.6872,4.27854e+06,2.92794e+06,1.38519e+07,0,0,0,0,61.9288,61.3098,1.87309,0,1,1.53897,1.53897,0,1.15611,1.90512,8.89167e+06,3.91359e+06,1.3684e+07,0,0,0,0
76.1882,85.1408,1.96258,0,0.04,3.23837,3.23837,0,0.606714,4.6872,4.27854e+06,2.92794e+06,1.38555e+07,0,0,0,0,61.5503,61.3098,1.65559,0,1,1.53937,1.53937,0,1.18901,1.90512,8.89167e+06,3.91359e+06,1.36876e+07,0,0,0,0
74.7286,85.1408,1.80089,0.03,0.04,3.2392,3.2392,0,0.60687,4.6872,4.27854e+06,2.92794e+06,1.38591e+07,0,0,0,0,61.0968,61.3098,1.62947,0,1,1.53976,1.53976,0,1.18932,1.90512,8.89167e+06,3.91359e+06,1.36911e+07,0,0,0,0
73.1955,85.1408,1.68724,0.03,0.04,3.24004,3.24004,0,0.607027,4.6872,4.27854e+06,2.92794e+06,1.38626e+07,0,0,0,0,60.2928,61.3098,1.57868,0,1,1.54016,1.54016,0,1.18962,1.90512,8.89167e+06,3.91359e+06,1.36946e+07,0,0,0,0
71.2806,85.1408,1.35157,0.03,0.04,3.31651,3.31651,0,0.607183,4.6872,4.27854e+06,2.92794e+06,1.41898e+07,0,0,0,0,59.4917,61.3098,1.16359,0,1,1.5782,1.5782,0,1.18993,1.90512,8.89167e+06,3.91359e+06,1.40328e+07,0,0,0,0
69.5451,85.1408,1.52731,0.03,0.04,3.31736,3.31736,0,0.621513,4.6872,4.27854e+06,2.92794e+06,1.41934e+07,0,0,0,0,58.7999,61.3098,1.39523,0,1,1.57861,1.57861,0,1.21932,1.90512,8.89167e+06,3.91359e+06,1.40365e+07,0,0,0,0
67.6967,85.1408,1.3802,0.03,0.04,3.31821,3.31821,0,0.621673,4.6872,4.27854e+06,2.92794e+06,1.41971e+07,0,0,0,0,57.8819,61.3098,1.36257,0,1,1.57901,1.57901,0,1.21963,1.90512,8.89167e+06,3.91359e+06,1.40401e+07,0,0,0,0
65.748,85.1408,1.25704,0.04,0.04,3.31907,3.31907,0,0.621833,4.6872,4.27854e+06,2.92794e+06,1.42008e+07,0,0,0,0,56.9936,61.3098,1.17314,0,1,1.57942,1.57942,0,1.21995,1.90512,8.89167e+06,3.91359e+06,1.40437e+07,0,0,0,0
63.6572,85.1408,1.2166,0.04,0.04,3.46641,3.54164,0,0.621993,4.6872,4.27854e+06,2.92794e+06,1.48312e+07,0,0,0,0,55.901,61.3098,1.20582,1,1,1.67939,1.71584,0,1.22026,1.90512,8.89167e+06,3.91359e+06,1.49326e+07,0,0,0,0
61.8497,85.1408,1.25672,0.06,0.04,3.16628,3.54256,0,0.649605,4.6872,4.27854e+06,2.92794e+06,1.35471e+07,0,0,0,0,54.6958,61.3098,1.08263,1,1,1.53399,1.71628,0,1.2975,1.90512,8.89167e+06,3.91359e+06,1.36397e+07,0,0,0,0
59.813,85.1408,1.00986,0.06,0.04,3.1671,3.54347,0,0.593361,4.6872,4.27854e+06,2.92794e+06,1.35505e+07,0,0,0,0,53.9341,61.3098,0.778299,1,1,1.53438,1.71673,0,1.18516,1.90512,8.89167e+06,3.91359e+06,1.36432e+07,0,0,0,0
58.0239,85.1408,1.22515,0.06,0.04,3.16791,3.54438,0,0.593514,4.6872,4.27854e+06,2.92794e+06,1.3554e+07,0,0,0,0,52.9508,61.3098,1.37072,1,1,1.53478,1.71717,0,1.18546,1.90512,8.89167e+06,3.91359e+06,1.36467e+07,0,0,0,0
56.0854,85.1408,1.05895,0.09,0.04,3.16873,3.54529,0,0.593667,4.6872,4.27854e+06,2.92794e+06,1.35575e+07,0,0,0,0,52.2582,61.3098,0.997862,1,1,1.53517,1.71761,0,1.18577,1.90512,8.89167e+06,3.91359e+06,1.36503e+07,0,0,0,0
54.9357,85.1408,1.81137,0.1,0.04,3.07283,3.438,0,0.593819,4.6872,4.27854e+06,3.51353e+06,1.31472e+07,0,0,0,0,51.8952,61.3098,1.46913,0,1,1.46168,1.63539,0,1.18607,1.90512,8.89167e+06,4.69631e+06,1.29968e+07,0,0,0,0
53.5126,85.1408,1.51478,0.09,0.04,3.07362,3.43889,0,0.575849,4.6872,4.27854e+06,3.51353e+06,1.31506e+07,0,0,0,0,51.4764,61.3098,2.46769,0,1,1.46206,1.63581,0,1.1293,1.90512,8.89167e+06,4.69631e+06,1.30002e+07,0,0,0,0
51.8933,85.1408,1.29778,0.09,0.04,3.07441,3.43977,0,0.575997,4.6872,4.27854e+06,3.51353e+06,1.3154e+07,0,0,0,0,50.86,61.3098,1.3113,0,1,1.46244,1.63623,0,1.12959,1.90512,8.89167e+06,4.69631e+06,1.30035e+07,0,0,0,0
50.4827,85.1408,1.51068,0.08,0.04,3.07521,3.44066,0,0.576145,4.6872,4.27854e+06,3.51353e+06,1.31574e+07,0,0,0,0,50.4502,61.3098,1.34197,0,1,1.46281,1.63665,0,1.12988,1.90512,8.89167e+06,4.69631e+06,1.30068e+07,0,0,0,0
50.0731,85.1408,2.51878,0.12,0.04,2.99654,3.35264,0,0.576293,4.6872,4.27854e+06,3.51353e+06,1.28208e+07,0,0,0,0,50.539,61.3098,2.56988,0,1,1.39587,1.56175,0,1.13017,1.90512,8.89167e+06,4.69631e+06,1.24116e+07,0,0,0,0
49.6512,85.1408,2.48024,0.11,0.04,2.99731,3.3535,0,0.561551,4.6872,4.27854e+06,3.51353e+06,1.28241e+07,0,0,0,0,50.5334,61.3098,2.33589,0,1,1.39623,1.56215,0,1.07845,1.90512,8.89167e+06,4.69631e+06,1.24148e+07,0,0,0,0
49.9969,85.1408,3.31316,0.12,0.04,2.99808,3.35436,0,0.561695,4.6872,4.27854e+06,3.51353e+06,1.28274e+07,0,0,0,0,50.6421,61.3098,2.44614,0,1,1.39658,1.56255,0,1.07872,1.90512,8.89167e+06,4.69631e+06,1.2418e+07,0,0,0,0
51.3651,85.1408,4.356,0.14,0.04,2.99885,3.35522,0,0.561839,4.6872,4.27854e+06,3.51353e+06,1.28307e+07,0,0,0,0,50.9658,61.3098,2.98564,0,1,1.39694,1.56295,0,1.079,1.90512,8.89167e+06,4.69631e+06,1.24212e+07,0,0,0,0
52.6462,85.1408,4.20466,0.08,0.04,2.77371,3.10333,0,0.561984,4.6872,4.27854e+06,3.51353e+06,1.18674e+07,0,0,0,0,51.5622,61.3098,3.06126,0,1,1.25695,1.40632,0,1.07928,1.90512,8.89167e+06,4.69631e+06,1.11764e+07,0,0,0,0
55.0559,85.1408,5.27807,0.08,0.04,2.64639,3.10413,0,0.519793,4.6872,4.27854e+06,3.51353e+06,1.13227e+07,0,0,0,0,51.7141,61.3098,2.73341,0,1,1.3853,1.40668,0,0.971118,1.90512,8.89167e+06,4.69631e+06,1.23177e+07,0,0,0,0
58.4408,85.1408,6.31862,0.09,0.04,2.64747,3.10493,0,0.495934,4.6872,4.27854e+06,3.51353e+06,1.13273e+07,0,0,0,0,52.348,61.3098,4.24727,0,1,1.38526,1.40704,0,1.07028,1.90512,8.89167e+06,4.69631e+06,1.23173e+07,0,0,0,0
65.2434,85.1408,9.94384,0.11,0.04,2.64854,3.10572,0,0.496135,4.6872,4.27854e+06,3.51353e+06,1.13319e+07,0,0,0,0,53.6556,61.3098,6.68154,0,1,1.38523,1.4074,0,1.07025,1.90512,8.89167e+06,4.69631e+06,1.2317e+07,0,0,0,0
67.6679,85.1408,5.59787,0.06,0.04,2.64961,3.10652,0,0.496336,4.6872,4.27854e+06,3.51353e+06,1.13365e+07,0,0,0,0,53.8478,61.3098,3.1704,0,1,1.38519,1.40777,0,1.07023,1.90512,8.89167e+06,4.69631e+06,1.23166e+07,0,0,0,0
72.6909,85.1408,8.54029,0.06,0.06,2.73767,3.20464,0,0.496538,4.6872,4.27854e+06,3.51353e+06,1.17132e+07,0,0,0,0,54.9015,61.3098,5.78316,0,1,1.42583,1.45365,0,1.0702,1.90512,8.89167e+06,4.69631e+06,1.2678e+07,0,0,0,0
75.0656,85.1408,6.23622,0.02,0.06,3.12472,3.20543,0,0.51304,4.6872,4.27854e+06,2.92794e+06,1.33692e+07,0,0,0,0,55.3124,61.3098,3.37693,0,1,1.53471,1.454,0,1.1016,1.90512,8.89167e+06,3.91359e+06,1.36461e+07,0,0,0,0
83.1269,85.1408,12.0566,0.02,0.06,3.12587,3.20621,0,0.585573,4.6872,4.27854e+06,2.92794e+06,1.33741e+07,0,0,0,0,57.5937,61.3098,7.88181,0,1,1.53471,1.45436,0,1.18572,1.90512,8.89167e+06,3.91359e+06,1.36461e+07,0,0,0,0
85.1408,85.1408,7.52485,0.01,0.06,3.12701,3.207,0,0.585787,4.6872,4.27854e+06,2.92794e+06,1.3379e+07,0,0,0,0,58.8104,61.3098,4.57379,0,1,1.53471,1.45472,0,1.18572,1.90512,8.89167e+06,3.91359e+06,1.36461e+07,0,0,0,0
85.1408,85.1408,6.983,0,0.06,3.52067,3.52067,0,0.586001,4.6872,4.27854e+06,2.92794e+06,1.50633e+07,0,0,0,0,59.9692,61.3098,4.87939,0,1,1.62616,1.62616,0,1.18572,1.90512,8.89167e+06,3.91359e+06,1.44593e+07,0,0,0,0
84.7544,85.1408,3.55385,0,0.06,3.52153,3.52153,0,0.659773,4.6872,4.27854e+06,2.92794e+06,1.5067e+07,0,0,0,0,60.9049,61.3098,3.13208,0,1,1.62656,1.62656,0,1.25637,1.90512,8.89167e+06,3.91359e+06,1.44628e+07,0,0,0,0
84.8425,85.1408,4.11545,0.01,0.06,3.52239,3.52239,0,0.659935,4.6872,4.27854e+06,2.92794e+06,1.50707e+07,0,0,0,0,62.2244,61.3098,5.02798,0,1,1.62696,1.62696,0,1.25668,1.90512,8.89167e+06,3.91359e+06,1.44664e+07,0,0,0,0
84.6415,85.1408,3.89114,0.01,0.06,3.52326,3.52326,0,0.660097,4.6872,4.27854e+06,2.92794e+06,1.50744e+07,0,0,0,0,62.338,61.3098,3.58525,0,1,1.62736,1.62736,0,1.25699,1.90512,8.89167e+06,3.91359e+06,1.44699e+07,0,0,0,0
85.1408,85.1408,5.53355,0.01,0.06,3.07742,3.07742,0,0.660258,4.6872,4.27854e+06,2.92794e+06,1.31668e+07,0,0,0,0,62.338,61.3098,6.61019,0,1,1.39793,1.39793,0,1.2573,1.90512,8.89167e+06,3.91359e+06,1.243e+07,0,0,0,0
85.1408,85.1408,6.33142,0,0.06,3.07817,3.07817,0,0.576708,4.6872,4.27854e+06,2.92794e+06,1.31701e+07,0,0,0,0,62.338,61.3098,5.53325,0,1,1.39827,1.39827,0,1.08004,1.90512,8.89167e+06,3.91359e+06,1.2433e+07,0,0,0,0
85.1408,85.1408,4.566,0,0.06,3.07893,3.07893,0,0.576849,4.6872,4.27854e+06,2.92794e+06,1.31733e+07,0,0,0,0,62.338,61.3098,4.38405,0,1,1.39862,1.39862,0,1.08031,1.90512,8.89167e+06,3.91359e+06,1.2436e+07,0,0,0,0
85.1408,85.1408,4.07248,0,0.06,3.07968,3.07968,0,0.576991,4.6872,4.27854e+06,2.92794e+06,1.31765e+07,0,0,0,0,62.338,61.3098,3.19445,0,1,1.39896,1.39896,0,1.08057,1.90512,8.89167e+06,3.91359e+06,1.24391e+07,0,0,0,0
85.1408,85.1408,4.71712,0,0.06,3.08044,3.08044,0,0.577132,4.6872,4.27854e+06,2.92794e+06,1.31798e+07,0,0,0,0,62.338,61.3098,4.92463,0,1,1.3993,1.3993,0,1.08084,1.90512,8.89167e+06,3.91359e+06,1.24421e+07,0,0,0,0
85.1408,85.1408,5.84872,0,0.06,3.19377,3.19377,0,0.577274,4.6872,4.27854e+06,2.92794e+06,1.36647e+07,0,0,0,0,62.338,61.3098,5.34416,0,1,1.45594,1.45594,0,1.0811,1.90512,8.89167e+06,3.91359e+06,1.29457e+07,0,0,0,0
85.1408,85.1408,4.57906,0,0.06,3.19455,3.19455,0,0.598513,4.6872,4.27854e+06,2.92794e+06,1.3668e+07,0,0,0,0,62.338,61.3098,4.32639,0,1,1.4563,1.4563,0,1.12486,1.90512,8.89167e+06,3.91359e+06,1.29489e+07,0,0,0,0
85.1408,85.1408,4.00976,0,0.06,3.19534,3.19534,0,0.598659,4.6872,4.27854e+06,2.92794e+06,1.36714e+07,0,0,0,0,62.338,61.3098,3.94939,0,1,1.45665,1.45665,0,1.12513,1.90512,8.89167e+06,3.91359e+06,1.29521e+07,0,0,0,0
85.1408,85.1408,4.10599,0,0.06,3.19612,3.19612,0,0.598806,4.6872,4.27854e+06,2.92794e+06,1.36747e+07,0,0,0,0,62.338,61.3098,3.97314,0,1,1.45701,1.45701,0,1.12541,1.90512,8.89167e+06,3.91359e+06,1.29552e+07,0,0,0,0
85.1408,85.1408,3.62384,0,0.06,3.15284,3.15284,0,0.598953,4.6872,4.27854e+06,2.92794e+06,1.34895e+07,0,0,0,0,62.338,61.3098,3.50223,0,1,1.43548,1.43548,0,1.12569,1.90512,8.89167e+06,3.91359e+06,1.27638e+07,0,0,0,0
84.7273,85.1408,3.04666,0,0.06,3.15361,3.15361,0,0.590842,4.6872,4.27854e+06,2.92794e+06,1.34929e+07,0,0,0,0,62.338,61.3098,3.51533,0,1,1.43583,1.43583,0,1.10905,1.90512,8.89167e+06,3.91359e+06,1.2767e+07,0,0,0,0
84.1384,85.1408,2.85745,0,0.06,3.15439,3.15439,0,0.590987,4.6872,4.27854e+06,2.92794e+06,1.34962e+07,0,0,0,0,62.338,61.3098,2.92117,0,1,1.43618,1.43618,0,1.10932,1.90512,8.89167e+06,3.91359e+06,1.27701e+07,0,0,0,0
84.0647,85.1408,3.35678,0,0.06,3.15516,3.15516,0,0.591132,4.6872,4.27854e+06,2.92794e+06,1.34995e+07,0,0,0,0,62.338,61.3098,2.99727,0,1,1.43654,1.43654,0,1.1096,1.90512,8.89167e+06,3.91359e+06,1.27732e+07,0,0,0,0
83.2346,85.1408,2.6543,0,0.06,3.30564,3.30564,0,0.591277,4.6872,4.27854e+06,2.92794e+06,1.41433e+07,0,0,0,0,62.338,61.3098,2.87582,0,1,1.51457,1.51457,0,1.10987,1.90512,8.89167e+06,3.91359e+06,1.34671e+07,0,0,0,0
82.349,85.1408,2.58565,0,0.06,3.30645,3.30645,0,0.619477,4.6872,4.27854e+06,2.92794e+06,1.41468e+07,0,0,0,0,62.338,61.3098,2.69803,0,1,1.51494,1.51494,0,1.17016,1.90512,8.89167e+06,3.91359e+06,1.34704e+07,0,0,0,0
81.3958,85.1408,2.49806,0,0.06,3.30726,3.30726,0,0.619628,4.6872,4.27854e+06,2.92794e+06,1.41502e+07,0,0,0,0,62.338,61.3098,2.42717,0,1,1.51532,1.51532,0,1.17045,1.90512,8.89167e+06,3.91359e+06,1.34737e+07,0,0,0,0
80.22,85.1408,2.22233,0,0.06,3.30807,3.30807,0,0.61978,4.6872,4.27854e+06,2.92794e+06,1.41537e+07,0,0,0,0,62.338,61.3098,2.31625,0,1,1.51569,1.51569,0,1.17073,1.90512,8.89167e+06,3.91359e+06,1.3477e+07,0,0,0,0
79.0087,85.1408,2.15289,0,0.06,3.30888,3.30888,0,0.619932,4.6872,4.27854e+06,2.92794e+06,1.41572e+07,0,0,0,0,62.338,61.3098,2.24229,0,1,1.51606,1.51606,0,1.17102,1.90512,8.89167e+06,3.91359e+06,1.34803e+07,0,0,0,0
77.9603,85.1408,2.28272,0.01,0.06,3.26175,3.28004,0,0.620084,4.6872,4.27854e+06,2.92794e+06,1.39555e+07,0,0,0,0,62.338,61.3098,2.3448,0,1,1.57747,1.55918,0,1.17131,1.90512,8.89167e+06,3.91359e+06,1.40264e+07,0,0,0,0
76.7069,85.1408,2.08141,0.01,0.06,3.28085,3.28085,0,0.611252,4.6872,4.27854e+06,2.92794e+06,1.40372e+07,0,0,0,0,62.3213,61.3098,2.14903,0,1,1.55956,1.55956,0,1.21876,1.90512,8.89167e+06,3.91359e+06,1.38671e+07,0,0,0,0
75.3078,85.1408,1.90109,0.01,0.06,3.28165,3.28165,0,0.614831,4.6872,4.27854e+06,2.92794e+06,1.40407e+07,0,0,0,0,62.2459,61.3098,2.05539,0,1,1.55994,1.55994,0,1.20492,1.90512,8.89167e+06,3.91359e+06,1.38705e+07,0,0,0,0
73.8419,85.1408,1.78798,0.03,0.06,3.28245,3.28245,0,0.614981,4.6872,4.27854e+06,2.92794e+06,1.40441e+07,0,0,0,0,62.0673,61.3098,1.98398,0,1,1.56032,1.56032,0,1.20521,1.90512,8.89167e+06,3.91359e+06,1.38739e+07,0,0,0,0
72.4271,85.1408,1.91314,0.03,0.06,3.35988,3.35988,0,0.615132,4.6872,4.27854e+06,2.92794e+06,1.43754e+07,0,0,0,0,61.9442,61.3098,2.13947,0,1,1.59884,1.59884,0,1.20551,1.90512,8.89167e+06,3.91359e+06,1.42164e+07,0,0,0,0
71.0395,85.1408,1.90313,0.03,0.06,3.3607,3.3607,0,0.629642,4.6872,4.27854e+06,2.92794e+06,1.43789e+07,0,0,0,0,61.8142,61.3098,2.24937,0,1,1.59923,1.59923,0,1.23526,1.90512,8.89167e+06,3.91359e+06,1.42199e+07,0,0,0,0
69.501,85.1408,1.73331,0.03,0.06,3.36152,3.36152,0,0.629796,4.6872,4.27854e+06,2.92794e+06,1.43824e+07,0,0,0,0,61.6377,61.3098,1.96581,0,1,1.59962,1.59962,0,1.23557,1.90512,8.89167e+06,3.91359e+06,1.42233e+07,0,0,0,0
68.1281,85.1408,1.87923,0.03,0.06,3.36235,3.36235,0,0.62995,4.6872,4.27854e+06,2.92794e+06,1.43859e+07,0,0,0,0,61.5922,61.3098,2.42013,0,1,1.60002,1.60002,0,1.23587,1.90512,8.89167e+06,3.91359e+06,1.42268e+07,0,0,0,0
66.6134,85.1408,1.8321,0.04,0.06,3.51157,3.58778,0,0.630104,4.6872,4.27854e+06,2.92794e+06,1.50244e+07,0,0,0,0,61.2523,61.3098,2.21713,1,1,1.70127,1.73819,0,1.23617,1.90512,8.89167e+06,3.91359e+06,1.51271e+07,0,0,0,0
65.2278,85.1408,1.68587,0.07,0.06,3.20749,3.58866,0,0.658067,4.6872,4.27854e+06,2.92794e+06,1.37234e+07,0,0,0,0,60.9886,61.3098,1.71335,1,1,1.55395,1.73862,0,1.3144,1.90512,8.89167e+06,3.91359e+06,1.38172e+07,0,0,0,0
64.0115,85.1408,1.8656,0.07,0.06,3.20827,3.58954,0,0.601083,4.6872,4.27854e+06,2.92794e+06,1.37267e+07,0,0,0,0,60.6007,61.3098,2.1242,1,1,1.55433,1.73904,0,1.20058,1.90512,8.89167e+06,3.91359e+06,1.38206e+07,0,0,0,0
62.461,85.1408,1.51706,0.07,0.06,3.20906,3.59041,0,0.60123,4.6872,4.27854e+06,2.92794e+06,1.37301e+07,0,0,0,0,60.2744,61.3098,1.49587,1,1,1.55471,1.73947,0,1.20088,1.90512,8.89167e+06,3.91359e+06,1.3824e+07,0,0,0,0
61.2734,85.1408,1.85513,0.07,0.06,3.20984,3.59129,0,0.601377,4.6872,4.27854e+06,2.92794e+06,1.37334e+07,0,0,0,0,60.3221,61.3098,2.73361,1,1,1.55509,1.7399,0,1.20117,1.90512,8.89167e+06,3.91359e+06,1.38274e+07,0,0,0,0
61.5354,85.1408,3.32354,0.06,0.06,3.11267,3.48257,0,0.601524,4.6872,4.27854e+06,3.51353e+06,1.33177e+07,0,0,0,0,60.9447,61.3098,2.97169,0,1,1.48063,1.65659,0,1.20146,1.90512,8.89167e+06,4.69631e+06,1.31653e+07,0,0,0,0
61.3636,85.1408,2.86981,0.07,0.06,3.11343,3.48342,0,0.583314,4.6872,4.27854e+06,3.51353e+06,1.33209e+07,0,0,0,0,62.1648,61.3098,4.7515,0,1,1.48099,1.65699,0,1.14394,1.90512,8.89167e+06,4.69631e+06,1.31685e+07,0,0,0,0
60.8337,85.1408,2.51449,0.06,0.06,3.11419,3.48427,0,0.583456,4.6872,4.27854e+06,3.51353e+06,1.33242e+07,0,0,0,0,62.338,61.3098,2.71146,0,1,1.48136,1.6574,0,1.14422,1.90512,8.89167e+06,4.69631e+06,1.31717e+07,0,0,0,0
60.2451,85.1408,2.43674,0.06,0.06,3.11495,3.48512,0,0.583599,4.6872,4.27854e+06,3.51353e+06,1.33274e+07,0,0,0,0,62.338,61.3098,2.49088,0,1,1.48172,1.6578,0,1.1445,1.90512,8.89167e+06,4.69631e+06,1.31749e+07,0,0,0,0
60.497,85.1408,3.34844,0.06,0.06,3.03522,3.39592,0,0.583741,4.6872,4.27854e+06,3.51353e+06,1.29863e+07,0,0,0,0,62.338,61.3098,3.01316,0,1,1.41389,1.58191,0,1.14477,1.90512,8.89167e+06,4.69631e+06,1.25718e+07,0,0,0,0
61.2747,85.1408,4.14657,0.05,0.06,3.39675,3.39675,0,0.568801,4.6872,4.27854e+06,2.92794e+06,1.45331e+07,0,0,0,0,62.338,61.3098,4.11993,0,1,1.5823,1.5823,0,1.09237,1.90512,8.89167e+06,3.91359e+06,1.40693e+07,0,0,0,0
61.2936,85.1408,3.38357,0.05,0.06,3.39758,3.39758,0,0.636551,4.6872,4.27854e+06,2.92794e+06,1.45367e+07,0,0,0,0,62.338,61.3098,5.95484,0,1,1.58269,1.58269,0,1.22248,1.90512,8.89167e+06,3.91359e+06,1.40727e+07,0,0,0,0
60.9852,85.1408,3.08017,0.04,0.06,3.39841,3.39841,0,0.636707,4.6872,4.27854e+06,2.92794e+06,1.45402e+07,0,0,0,0,62.338,61.3098,4.14712,0,1,1.58307,1.58307,0,1.22278,1.90512,8.89167e+06,3.91359e+06,1.40762e+07,0,0,0,0
68.4491,85.1408,10.9887,0.04,0.06,3.14324,3.14324,0,0.636862,4.6872,4.27854e+06,2.92794e+06,1.34485e+07,0,0,0,0,62.338,61.3098,8.03499,0,1,1.42441,1.42441,0,1.22308,1.90512,8.89167e+06,3.91359e+06,1.26653e+07,0,0,0,0
72.3333,85.1408,7.21053,0.02,0.06,3.03406,3.14401,0,0.589043,4.6872,4.27854e+06,2.92794e+06,1.29813e+07,0,0,0,0,62.338,61.3098,7.92955,0,1,1.5347,1.42475,0,1.1005,1.90512,8.89167e+06,3.91359e+06,1.3646e+07,0,0,0,0
76.4525,85.1408,7.45191,0.02,0.06,3.03518,3.14478,0,0.568583,4.6872,4.27854e+06,2.92794e+06,1.29861e+07,0,0,0,0,62.338,61.3098,5.92941,0,1,1.5347,1.4251,0,1.18571,1.90512,8.89167e+06,3.91359e+06,1.3646e+07,0,0,0,0
83.5492,85.1408,10.6937,0.02,0.06,3.03629,3.14554,0,0.568792,4.6872,4.27854e+06,2.92794e+06,1.29909e+07,0,0,0,0,62.338,61.3098,9.07538,0,1,1.5347,1.42545,0,1.18571,1.90512,8.89167e+06,3.91359e+06,1.3646e+07,0,0,0,0
85.1408,85.1408,10.0382,0.01,0.06,3.03741,3.14631,0,0.569001,4.6872,4.27854e+06,2.92794e+06,1.29957e+07,0,0,0,0,62.338,61.3098,12.0191,0,1,1.5347,1.4258,0,1.18571,1.90512,8.89167e+06,3.91359e+06,1.36461e+07,0,0,0,0
85.1408,85.1408,5.82158,0,0.06,3.24565,3.24565,0,0.569211,4.6872,4.27854e+06,2.92794e+06,1.38866e+07,0,0,0,0,62.338,61.3098,3.10042,0,1,1.47225,1.47225,0,1.18571,1.90512,8.89167e+06,3.91359e+06,1.30907e+07,0,0,0,0
85.1408,85.1408,5.65566,0,0.06,3.2464,3.2464,0,0.608234,4.6872,4.27854e+06,2.92794e+06,1.38898e+07,0,0,0,0,62.338,61.3098,3.252,0,1,1.47259,1.47259,0,1.13746,1.90512,8.89167e+06,3.91359e+06,1.30938e+07,0,0,0,0
85.1408,85.1408,5.25621,0,0.06,3.24716,3.24716,0,0.608376,4.6872,4.27854e+06,2.92794e+06,1.38931e+07,0,0,0,0,62.338,61.3098,4.25906,0,1,1.47293,1.47293,0,1.13772,1.90512,8.89167e+06,3.91359e+06,1.30968e+07,0,0,0,0
85.1408,85.1408,4.16333,0,0.06,3.24791,3.24791,0,0.608517,4.6872,4.27854e+06,2.92794e+06,1.38963e+07,0,0,0,0,62.338,61.3098,4.10315,0,1,1.47328,1.47328,0,1.13799,1.90512,8.89167e+06,3.91359e+06,1.30999e+07,0,0,0,0
83.9552,85.1408,2.62259,0,0.06,3.56553,3.56553,0,0.608659,4.6872,4.27854e+06,2.92794e+06,1.52553e+07,0,0,0,0,62.338,61.3098,2.8978,0,1,1.64688,1.64688,0,1.13825,1.90512,8.89167e+06,3.91359e+06,1.46436e+07,0,0,0,0
82.8834,85.1408,2.73195,0.01,0.06,3.56636,3.56636,0,0.668181,4.6872,4.27854e+06,2.92794e+06,1.52588e+07,0,0,0,0,62.2676,61.3098,2.72057,0,1,1.64727,1.64727,0,1.27238,1.90512,8.89167e+06,3.91359e+06,1.4647e+07,0,0,0,0
82.0433,85.1408,2.9668,0.01,0.06,3.56719,3.56719,0,0.668336,4.6872,4.27854e+06,2.92794e+06,1.52624e+07,0,0,0,0,62.1405,61.3098,2.61365,0,1,1.64765,1.64765,0,1.27268,1.90512,8.89167e+06,3.91359e+06,1.46504e+07,0,0,0,0
81.0277,85.1408,2.74642,0.01,0.06,3.56802,3.56802,0,0.668492,4.6872,4.27854e+06,2.92794e+06,1.52659e+07,0,0,0,0,62.0721,61.3098,2.28142,0,1,1.64803,1.64803,0,1.27297,1.90512,8.89167e+06,3.91359e+06,1.46538e+07,0,0,0,0
80.8067,85.1408,3.23482,0.01,0.06,3.11648,3.11648,0,0.668647,4.6872,4.27854e+06,2.92794e+06,1.3334e+07,0,0,0,0,62.338,61.3098,2.62689,0,1,1.41567,1.41567,0,1.27327,1.90512,8.89167e+06,3.91359e+06,1.25877e+07,0,0,0,0
81.862,85.1408,4.5146,0.01,0.06,2.99852,3.1172,0,0.584028,4.6872,4.27854e+06,2.92794e+06,1.28293e+07,0,0,0,0,62.338,61.3098,3.72179,0,1,1.53468,1.416,0,1.09375,1.90512,8.89167e+06,3.91359e+06,1.36459e+07,0,0,0,0
82.725,85.1408,4.26584,0.01,0.06,2.99958,3.11792,0,0.561923,4.6872,4.27854e+06,2.92794e+06,1.28338e+07,0,0,0,0,62.338,61.3098,3.18328,0,1,1.53468,1.41633,0,1.18569,1.90512,8.89167e+06,3.91359e+06,1.36459e+07,0,0,0,0
82.9488,85.1408,3.66018,0.01,0.06,3.00063,3.11865,0,0.562121,4.6872,4.27854e+06,2.92794e+06,1.28383e+07,0,0,0,0,62.338,61.3098,3.47143,0,1,1.53468,1.41666,0,1.18569,1.90512,8.89167e+06,3.91359e+06,1.36459e+07,0,0,0,0
82.6521,85.1408,3.10511,0.01,0.06,3.00168,3.11937,0,0.562318,4.6872,4.27854e+06,2.92794e+06,1.28428e+07,0,0,0,0,62.338,61.3098,3.95785,0,1,1.53468,1.41699,0,1.18569,1.90512,8.89167e+06,3.91359e+06,1.36459e+07,0,0,0,0
83.0138,85.1408,3.91509,0.01,0.06,3.11674,3.2341,0,0.562516,4.6872,4.27854e+06,2.92794e+06,1.33351e+07,0,0,0,0,62.338,61.3098,3.09918,0,1,1.59168,1.47432,0,1.18569,1.90512,8.89167e+06,3.91359e+06,1.41527e+07,0,0,0,0
83.528,85.1408,4.18359,0.01,0.06,3.17482,3.23485,0,0.584077,4.6872,4.27854e+06,2.92794e+06,1.35836e+07,0,0,0,0,62.338,61.3098,3.10153,0,1,1.53469,1.47467,0,1.22974,1.90512,8.89167e+06,3.91359e+06,1.3646e+07,0,0,0,0
83.2968,85.1408,3.3571,0.01,0.06,3.17592,3.2356,0,0.594962,4.6872,4.27854e+06,2.92794e+06,1.35883e+07,0,0,0,0,62.3356,61.3098,2.90124,0,1,1.53469,1.47501,0,1.1857,1.90512,8.89167e+06,3.91359e+06,1.3646e+07,0,0,0,0
83.1769,85.1408,3.4585,0.01,0.06,3.17701,3.23635,0,0.595167,4.6872,4.27854e+06,2.92794e+06,1.3593e+07,0,0,0,0,62.2547,61.3098,3.05182,0,1,1.53469,1.47535,0,1.18571,1.90512,8.89167e+06,3.91359e+06,1.3646e+07,0,0,0,0
82.7383,85.1408,3.01577,0.01,0.06,3.13349,3.19249,0,0.595372,4.6872,4.27854e+06,2.92794e+06,1.34068e+07,0,0,0,0,62.2457,61.3098,2.51025,0,1,1.51253,1.45353,0,1.18571,1.90512,8.89167e+06,3.91359e+06,1.3449e+07,0,0,0,0
81.9344,85.1408,2.6453,0,0.06,3.19323,3.19323,0,0.587216,4.6872,4.27854e+06,2.92794e+06,1.36624e+07,0,0,0,0,62.1945,61.3098,2.23197,0,1,1.45387,1.45387,0,1.16858,1.90512,8.89167e+06,3.91359e+06,1.29273e+07,0,0,0,0
81.0194,85.1408,2.44901,0,0.06,3.19397,3.19397,0,0.598412,4.6872,4.27854e+06,2.92794e+06,1.36655e+07,0,0,0,0,62.0592,61.3098,2.05677,0,1,1.45421,1.45421,0,1.12326,1.90512,8.89167e+06,3.91359e+06,1.29304e+07,0,0,0,0
80.0574,85.1408,2.39215,0,0.06,3.19472,3.19472,0,0.598551,4.6872,4.27854e+06,2.92794e+06,1.36687e+07,0,0,0,0,61.9703,61.3098,2.3378,0,1,1.45455,1.45455,0,1.12352,1.90512,8.89167e+06,3.91359e+06,1.29334e+07,0,0,0,0
78.8459,85.1408,2.26123,0,0.06,3.34704,3.34704,0,0.59869,4.6872,4.27854e+06,2.92794e+06,1.43204e+07,0,0,0,0,61.5718,61.3098,1.99345,0,1,1.53354,1.53354,0,1.12378,1.90512,8.89167e+06,3.91359e+06,1.36358e+07,0,0,0,0
77.2176,85.1408,1.79776,0,0.06,3.34782,3.34782,0,0.627235,4.6872,4.27854e+06,2.92794e+06,1.43238e+07,0,0,0,0,61.1666,61.3098,1.6372,0,1,1.5339,1.5339,0,1.18482,1.90512,8.89167e+06,3.91359e+06,1.36389e+07,0,0,0,0
75.4953,85.1408,1.66176,0,0.06,3.34859,3.34859,0,0.627381,4.6872,4.27854e+06,2.92794e+06,1.43271e+07,0,0,0,0,60.7205,61.3098,1.64694,0,1,1.53426,1.53426,0,1.18509,1.90512,8.89167e+06,3.91359e+06,1.36421e+07,0,0,0,0
73.7377,85.1408,1.60861,0.01,0.06,3.34927,3.34937,0,0.627527,4.6872,4.27854e+06,2.92794e+06,1.433e+07,0,0,0,0,60.192,61.3098,1.62532,0,1,1.53471,1.53461,0,1.18537,1.90512,8.89167e+06,3.91359e+06,1.36461e+07,0,0,0,0
71.8973,85.1408,1.50653,0.03,0.06,3.35015,3.35015,0,0.627654,4.6872,4.27854e+06,2.92794e+06,1.43337e+07,0,0,0,0,59.5096,61.3098,1.48417,0,1,1.53497,1.53497,0,1.18572,1.90512,8.89167e+06,3.91359e+06,1.36484e+07,0,0,0,0
69.8835,85.1408,1.25567,0.03,0.06,3.32091,3.32091,0,0.627818,4.6872,4.27854e+06,2.92794e+06,1.42087e+07,0,0,0,0,58.8056,61.3098,1.40922,0,1,1.57861,1.57861,0,1.18592,1.90512,8.89167e+06,3.91359e+06,1.40364e+07,0,0,0,0
67.7989,85.1408,1.16568,0.03,0.06,3.32169,3.32169,0,0.622339,4.6872,4.27854e+06,2.92794e+06,1.4212e+07,0,0,0,0,57.9969,61.3098,1.37751,0,1,1.57897,1.57897,0,1.21963,1.90512,8.89167e+06,3.91359e+06,1.40397e+07,0,0,0,0
65.6336,85.1408,1.06265,0.04,0.06,3.32246,3.32246,0,0.622484,4.6872,4.27854e+06,2.92794e+06,1.42153e+07,0,0,0,0,57.1296,61.3098,1.2623,0,1,1.57934,1.57934,0,1.21991,1.90512,8.89167e+06,3.91359e+06,1.4043e+07,0,0,0,0
63.4149,85.1408,0.970713,0.05,0.06,3.32323,3.32323,0,0.622628,4.6872,4.27854e+06,2.92794e+06,1.42185e+07,0,0,0,0,56.2278,61.3098,1.20734,0,1,1.5797,1.5797,0,1.2202,1.90512,8.89167e+06,3.91359e+06,1.40462e+07,0,0,0,0
61.1667,85.1408,0.956634,0.05,0.06,3.40157,3.40157,0,0.622773,4.6872,4.27854e+06,2.92794e+06,1.45538e+07,0,0,0,0,55.2368,61.3098,1.22312,0,1,1.61868,1.61868,0,1.22048,1.90512,8.89167e+06,3.91359e+06,1.43928e+07,0,0,0,0
58.8291,85.1408,0.840362,0.05,0.06,3.40236,3.40236,0,0.637455,4.6872,4.27854e+06,2.92794e+06,1.45571e+07,0,0,0,0,54.241,61.3098,1.19439,0,1,1.61906,1.61906,0,1.25059,1.90512,8.89167e+06,3.91359e+06,1.43961e+07,0,0,0,0
56.7519,85.1408,0.786502,0.08,0.06,3.04168,3.40315,0,0.637603,4.6872,4.27854e+06,3.51353e+06,1.3014e+07,0,0,0,0,53.3239,61.3098,1.13069,0,1,1.44742,1.61943,0,1.25088,1.90512,8.89167e+06,4.69631e+06,1.287e+07,0,0,0,0
54.6415,85.1408,0.719915,0.11,0.06,3.04239,3.40394,0,0.570012,4.6872,4.27854e+06,3.51353e+06,1.3017e+07,0,0,0,0,52.3855,61.3098,1.03842,0,1,1.44776,1.61981,0,1.11828,1.90512,8.89167e+06,4.69631e+06,1.2873e+07,0,0,0,0
52.3722,85.1408,0.682117,0.12,0.06,3.24633,3.63212,0,0.570144,4.6872,4.27854e+06,2.92794e+06,1.38895e+07,0,0,0,0,51.3176,61.3098,1.02346,1,1,1.57277,1.75967,0,1.11854,1.90512,8.89167e+06,3.91359e+06,1.39846e+07,0,0,0,0
50.1584,85.1408,0.724651,0.13,0.06,3.24708,3.63296,0,0.608362,4.6872,4.27854e+06,2.92794e+06,1.38928e+07,0,0,0,0,50.2849,61.3098,1.05358,1,1,1.57313,1.76008,0,1.21512,1.90512,8.89167e+06,3.91359e+06,1.39878e+07,0,0,0,0
47.9364,85.1408,0.678611,0.17,0.06,3.24784,3.6338,0,0.608503,4.6872,4.27854e+06,2.92794e+06,1.3896e+07,0,0,0,0,49.3045,61.3098,0.996675,1,1,1.5735,1.76049,0,1.2154,1.90512,8.89167e+06,3.91359e+06,1.3991e+07,0,0,0,0
45.8842,85.1408,0.833505,0.19,0.06,3.24859,3.63464,0,0.608645,4.6872,4.27854e+06,2.92794e+06,1.38992e+07,0,0,0,0,48.2911,61.3098,1.09033,1,1,1.57386,1.7609,0,1.21569,1.90512,8.89167e+06,3.91359e+06,1.39943e+07,0,0,0,0
43.6806,85.1408,0.677313,0.17,0.06,3.24934,3.63549,0,0.608786,4.6872,4.27854e+06,2.92794e+06,1.39024e+07,0,0,0,0,47.5848,61.3098,0.999048,1,1,1.57423,1.76131,0,1.21597,1.90512,8.89167e+06,3.91359e+06,1.39975e+07,0,0,0,0
41.6431,85.1408,0.747898,0.16,0.06,3.15093,3.52538,0,0.608927,4.6872,4.27854e+06,3.51353e+06,1.34814e+07,0,0,0,0,46.889,61.3098,1.4644,0,1,1.49883,1.67695,0,1.21625,1.90512,8.89167e+06,4.69631e+06,1.33271e+07,0,0,0,0
39.5142,85.1408,0.651651,0.23,0.06,3.15166,3.5262,0,0.590485,4.6872,4.27854e+06,3.51353e+06,1.34845e+07,0,0,0,0,46.2244,61.3098,1.20576,0,1,1.49918,1.67734,0,1.158,1.90512,8.89167e+06,4.69631e+06,1.33302e+07,0,0,0,0
37.6192,85.1408,0.92694,0.22,0.06,3.15239,3.52701,0,0.590621,4.6872,4.27854e+06,3.51353e+06,1.34876e+07,0,0,0,0,46.0849,61.3098,1.40413,0,1,1.49953,1.67773,0,1.15827,1.90512,8.89167e+06,4.69631e+06,1.33333e+07,0,0,0,0
36.9527,85.1408,2.29001,0.22,0.06,3.15312,3.52783,0,0.590758,4.6872,4.27854e+06,3.51353e+06,1.34908e+07,0,0,0,0,46.4864,61.3098,2.48664,0,1,1.49988,1.67812,0,1.15854,1.90512,8.89167e+06,4.69631e+06,1.33364e+07,0,0,0,0
35.5399,85.1408,1.43848,0.21,0.06,3.07238,3.4375,0,0.590895,4.6872,4.27854e+06,3.51353e+06,1.31453e+07,0,0,0,0,46.0163,61.3098,1.92221,0,1,1.4312,1.60128,0,1.1588,1.90512,8.89167e+06,4.69631e+06,1.27257e+07,0,0,0,0
33.8265,85.1408,1.17332,0.19,0.06,3.07309,3.43829,0,0.575764,4.6872,4.27854e+06,3.51353e+06,1.31483e+07,0,0,0,0,45.965,61.3098,1.13484,0,1,1.43153,1.60165,0,1.10574,1.90512,8.89167e+06,4.69631e+06,1.27287e+07,0,0,0,0
33.2301,85.1408,2.3485,0.24,0.06,3.07381,3.43909,0,0.575898,4.6872,4.27854e+06,3.51353e+06,1.31514e+07,0,0,0,0,46.5751,61.3098,2.6613,0,1,1.43186,1.60202,0,1.106,1.90512,8.89167e+06,4.69631e+06,1.27316e+07,0,0,0,0
34.8018,85.1408,4.66309,0.24,0.06,3.07452,3.43989,0,0.576031,4.6872,4.27854e+06,3.51353e+06,1.31544e+07,0,0,0,0,48.3001,61.3098,5.47602,0,1,1.43219,1.60239,0,1.10626,1.90512,8.89167e+06,4.69631e+06,1.27346e+07,0,0,0,0
35.6874,85.1408,3.61341,0.19,0.06,2.84363,3.18156,0,0.576164,4.6872,4.27854e+06,3.51353e+06,1.21666e+07,0,0,0,0,49.6891,61.3098,3.99129,0,1,1.28863,1.44177,0,1.10651,1.90512,8.89167e+06,4.69631e+06,1.14581e+07,0,0,0,0
35.3245,85.1408,2.19653,0.21,0.06,2.75171,3.1823,0,0.532896,4.6872,4.27854e+06,3.51353e+06,1.17733e+07,0,0,0,0,50.9941,61.3098,3.70868,0,1,1.38151,1.4421,0,0.995597,1.90512,8.89167e+06,4.69631e+06,1.2284e+07,0,0,0,0
35.2323,85.1408,2.50172,0.21,0.06,2.7527,3.18303,0,0.51567,4.6872,4.27854e+06,3.51353e+06,1.17775e+07,0,0,0,0,52.4121,61.3098,3.95651,0,1,1.38148,1.44244,0,1.06736,1.90512,8.89167e+06,4.69631e+06,1.22836e+07,0,0,0,0
34.8578,85.1408,2.19327,0.22,0.06,2.75369,3.18377,0,0.515856,4.6872,4.27854e+06,3.51353e+06,1.17818e+07,0,0,0,0,53.6455,61.3098,3.48091,0,1,1.38144,1.44277,0,1.06733,1.90512,8.89167e+06,4.69631e+06,1.22833e+07,0,0,0,0
34.7985,85.1408,2.4926,0.24,0.06,2.75468,3.18451,0,0.516042,4.6872,4.27854e+06,3.51353e+06,1.1786e+07,0,0,0,0,55.0123,61.3098,3.89146,0,1,1.38141,1.44311,0,1.0673,1.90512,8.89167e+06,4.69631e+06,1.2283e+07,0,0,0,0
39.2687,85.1408,7.5189,0.24,0.06,2.84484,3.285,0,0.516228,4.6872,4.27854e+06,3.51353e+06,1.21718e+07,0,0,0,0,56.7833,61.3098,5.07635,0,1,1.42308,1.4901,0,1.06727,1.90512,8.89167e+06,4.69631e+06,1.26535e+07,0,0,0,0
44.6378,85.1408,8.61201,0.24,0.06,2.89248,3.28573,0,0.533123,4.6872,4.27854e+06,3.51353e+06,1.23756e+07,0,0,0,0,58.4713,61.3098,4.77966,0,1,1.37637,1.49043,0,1.09947,1.90512,8.89167e+06,4.69631e+06,1.22383e+07,0,0,0,0
50.4104,85.1408,8.93639,0.2,0.06,2.89346,3.28645,0,0.542051,4.6872,4.27854e+06,3.51353e+06,1.23798e+07,0,0,0,0,60.2492,61.3098,5.79827,0,1,1.37634,1.49076,0,1.06339,1.90512,8.89167e+06,4.69631e+06,1.2238e+07,0,0,0,0
55.4992,85.1408,8.3925,0.21,0.06,2.89443,3.28717,0,0.542234,4.6872,4.27854e+06,3.51353e+06,1.23839e+07,0,0,0,0,62.2318,61.3098,5.79778,0,1,1.3763,1.49108,0,1.06336,1.90512,8.89167e+06,4.69631e+06,1.22376e+07,0,0,0,0
60.301,85.1408,8.3839,0.18,0.06,3.18203,3.60859,0,0.542416,4.6872,4.27854e+06,3.51353e+06,1.36144e+07,0,0,0,0,62.338,61.3098,4.82281,0,1,1.533,1.66677,0,1.06333,1.90512,8.89167e+06,4.69631e+06,1.36309e+07,0,0,0,0
65.3738,85.1408,8.93552,0.08,0.06,3.22601,3.60938,0,0.596313,4.6872,4.27854e+06,3.51353e+06,1.38026e+07,0,0,0,0,62.338,61.3098,4.26075,0,1,1.49006,1.66714,0,1.1844,1.90512,8.89167e+06,4.69631e+06,1.32491e+07,0,0,0,0
68.9884,85.1408,7.33734,0.07,0.06,3.22672,3.61017,0,0.604554,4.6872,4.27854e+06,3.51353e+06,1.38056e+07,0,0,0,0,62.338,61.3098,3.59564,0,1,1.49039,1.6675,0,1.15122,1.90512,8.89167e+06,4.69631e+06,1.32521e+07,0,0,0,0
72.8011,85.1408,7.87967,0.02,0.06,3.61097,3.61097,0,0.604687,4.6872,4.27854e+06,2.92794e+06,1.54497e+07,0,0,0,0,62.338,61.3098,4.41333,0,1,1.66787,1.66787,0,1.15147,1.90512,8.89167e+06,3.91359e+06,1.48301e+07,0,0,0,0
79.597,85.1408,10.5289,0.02,0.06,3.15395,3.15395,0,0.676695,4.6872,4.27854e+06,2.92794e+06,1.34943e+07,0,0,0,0,62.338,61.3098,4.93185,0,1,1.4327,1.4327,0,1.2886,1.90512,8.89167e+06,3.91359e+06,1.27391e+07,0,0,0,0
82.7222,85.1408,6.83039,0.01,0.06,3.05298,3.15464,0,0.59105,4.6872,4.27854e+06,2.92794e+06,1.30623e+07,0,0,0,0,62.338,61.3098,5.50122,0,1,1.53467,1.43301,0,1.1069,1.90512,8.89167e+06,3.91359e+06,1.36458e+07,0,0,0,0
85.1408,85.1408,8.14778,0.01,0.06,3.05399,3.15533,0,0.572129,4.6872,4.27854e+06,2.92794e+06,1.30666e+07,0,0,0,0,62.338,61.3098,4.89954,0,1,1.53467,1.43333,0,1.18568,1.90512,8.89167e+06,3.91359e+06,1.36458e+07,0,0,0,0
85.1408,85.1408,7.36405,0,0.06,3.15603,3.15603,0,0.572318,4.6872,4.27854e+06,2.92794e+06,1.35032e+07,0,0,0,0,62.338,61.3098,5.46211,0,1,1.43364,1.43364,0,1.18568,1.90512,8.89167e+06,3.91359e+06,1.27475e+07,0,0,0,0
85.1408,85.1408,8.85919,0,0.06,3.15672,3.15672,0,0.591439,4.6872,4.27854e+06,2.92794e+06,1.35061e+07,0,0,0,0,62.338,61.3098,5.43684,0,1,1.43396,1.43396,0,1.10763,1.90512,8.89167e+06,3.91359e+06,1.27503e+07,0,0,0,0
85.1408,85.1408,8.41134,0,0.06,3.27278,3.27278,0,0.591569,4.6872,4.27854e+06,2.92794e+06,1.40027e+07,0,0,0,0,62.338,61.3098,4.69598,0,1,1.49196,1.49196,0,1.10787,1.90512,8.89167e+06,3.91359e+06,1.3266e+07,0,0,0,0
85.1408,85.1408,9.27681,0,0.06,3.2735,3.2735,0,0.613319,4.6872,4.27854e+06,2.92794e+06,1.40058e+07,0,0,0,0,62.338,61.3098,6.32126,0,1,1.49228,1.49228,0,1.15268,1.90512,8.89167e+06,3.91359e+06,1.32689e+07,0,0,0,0
85.1408,85.1408,7.87366,0,0.06,3.27422,3.27422,0,0.613453,4.6872,4.27854e+06,2.92794e+06,1.40089e+07,0,0,0,0,62.338,61.3098,5.14117,0,1,1.49261,1.49261,0,1.15294,1.90512,8.89167e+06,3.91359e+06,1.32718e+07,0,0,0,0
85.1408,85.1408,6.32019,0,0.06,3.27494,3.27494,0,0.613588,4.6872,4.27854e+06,2.92794e+06,1.40119e+07,0,0,0,0,62.338,61.3098,3.66941,0,1,1.49294,1.49294,0,1.15319,1.90512,8.89167e+06,3.91359e+06,1.32747e+07,0,0,0,0
85.1408,85.1408,5.53584,0,0.06,3.23051,3.23051,0,0.613723,4.6872,4.27854e+06,2.92794e+06,1.38218e+07,0,0,0,0,62.338,61.3098,3.043,0,1,1.47084,1.47084,0,1.15344,1.90512,8.89167e+06,3.91359e+06,1.30783e+07,0,0,0,0
85.1408,85.1408,4.92089,0,0.06,3.23122,3.23122,0,0.605397,4.6872,4.27854e+06,2.92794e+06,1.38249e+07,0,0,0,0,62.338,61.3098,2.80434,0,1,1.47117,1.47117,0,1.13637,1.90512,8.89167e+06,3.91359e+06,1.30811e+07,0,0,0,0
85.1408,85.1408,4.66192,0,0.06,3.23193,3.23193,0,0.60553,4.6872,4.27854e+06,2.92794e+06,1.38279e+07,0,0,0,0,62.338,61.3098,2.7016,0,1,1.47149,1.47149,0,1.13662,1.90512,8.89167e+06,3.91359e+06,1.3084e+07,0,0,0,0
85.1408,85.1408,4.31711,0,0.06,3.23264,3.23264,0,0.605663,4.6872,4.27854e+06,2.92794e+06,1.3831e+07,0,0,0,0,62.338,61.3098,3.09294,0,1,1.47181,1.47181,0,1.13687,1.90512,8.89167e+06,3.91359e+06,1.30869e+07,0,0,0,0
85.1408,85.1408,4.06521,0,0.06,3.38672,3.38672,0,0.605796,4.6872,4.27854e+06,2.92794e+06,1.44902e+07,0,0,0,0,62.338,61.3098,2.9079,0,1,1.55173,1.55173,0,1.13712,1.90512,8.89167e+06,3.91359e+06,1.37974e+07,0,0,0,0
85.1369,85.1408,3.58093,0,0.06,3.38747,3.38747,0,0.634672,4.6872,4.27854e+06,2.92794e+06,1.44934e+07,0,0,0,0,62.3101,61.3098,2.39478,0,1,1.55207,1.55207,0,1.19886,1.90512,8.89167e+06,3.91359e+06,1.38005e+07,0,0,0,0
84.9743,85.1408,3.32991,0.01,0.06,3.38821,3.38821,0,0.634812,4.6872,4.27854e+06,2.92794e+06,1.44966e+07,0,0,0,0,62.3362,61.3098,2.16224,0,1,1.55241,1.55241,0,1.19913,1.90512,8.89167e+06,3.91359e+06,1.38035e+07,0,0,0,0
84.7639,85.1408,3.27038,0.01,0.06,3.38896,3.38896,0,0.634951,4.6872,4.27854e+06,2.92794e+06,1.44998e+07,0,0,0,0,62.338,61.3098,2.18966,0,1,1.55275,1.55275,0,1.19939,1.90512,8.89167e+06,3.91359e+06,1.38065e+07,0,0,0,0
84.2169,85.1408,2.93362,0.01,0.06,3.3897,3.3897,0,0.63509,4.6872,4.27854e+06,2.92794e+06,1.4503e+07,0,0,0,0,62.338,61.3098,2.21591,0,1,1.55309,1.55309,0,1.19965,1.90512,8.89167e+06,3.91359e+06,1.38096e+07,0,0,0,0
83.5357,85.1408,2.78116,0.01,0.06,3.36008,3.36008,0,0.63523,4.6872,4.27854e+06,2.92794e+06,1.43762e+07,0,0,0,0,62.1971,61.3098,2.08551,0,1,1.59722,1.59722,0,1.19992,1.90512,8.89167e+06,3.91359e+06,1.4202e+07,0,0,0,0
82.6772,85.1408,2.59728,0.01,0.06,3.36081,3.36081,0,0.629678,4.6872,4.27854e+06,2.92794e+06,1.43794e+07,0,0,0,0,61.9979,61.3098,1.96326,0,1,1.59757,1.59757,0,1.23401,1.90512,8.89167e+06,3.91359e+06,1.42051e+07,0,0,0,0
81.6019,85.1408,2.37232,0.01,0.06,3.36155,3.36155,0,0.629816,4.6872,4.27854e+06,2.92794e+06,1.43825e+07,0,0,0,0,61.663,61.3098,1.93033,0,1,1.59792,1.59792,0,1.23428,1.90512,8.89167e+06,3.91359e+06,1.42082e+07,0,0,0,0
80.3277,85.1408,2.1509,0.03,0.06,3.36229,3.36229,0,0.629955,4.6872,4.27854e+06,2.92794e+06,1.43857e+07,0,0,0,0,61.3678,61.3098,1.74384,0,1,1.59827,1.59827,0,1.23455,1.90512,8.89167e+06,3.91359e+06,1.42113e+07,0,0,0,0
78.9655,85.1408,2.09323,0.03,0.06,3.44151,3.44151,0,0.630093,4.6872,4.27854e+06,2.92794e+06,1.47246e+07,0,0,0,0,60.9705,61.3098,1.87589,0,1,1.63769,1.63769,0,1.23483,1.90512,8.89167e+06,3.91359e+06,1.45618e+07,0,0,0,0
77.4086,85.1408,1.88163,0.03,0.06,3.44227,3.44227,0,0.644939,4.6872,4.27854e+06,2.92794e+06,1.47279e+07,0,0,0,0,60.4562,61.3098,1.73282,0,1,1.63805,1.63805,0,1.26528,1.90512,8.89167e+06,3.91359e+06,1.4565e+07,0,0,0,0
75.7499,85.1408,1.75693,0.03,0.06,3.44302,3.44302,0,0.645081,4.6872,4.27854e+06,2.92794e+06,1.47311e+07,0,0,0,0,59.8085,61.3098,1.64185,0,1,1.63841,1.63841,0,1.26555,1.90512,8.89167e+06,3.91359e+06,1.45682e+07,0,0,0,0
73.9688,85.1408,1.61253,0.04,0.06,3.44378,3.44378,0,0.645222,4.6872,4.27854e+06,2.92794e+06,1.47343e+07,0,0,0,0,59.3536,61.3098,1.54178,0,1,1.63876,1.63876,0,1.26583,1.90512,8.89167e+06,3.91359e+06,1.45714e+07,0,0,0,0
72.3959,85.1408,1.92247,0.04,0.06,3.59652,3.67458,0,0.645364,4.6872,4.27854e+06,2.92794e+06,1.53878e+07,0,0,0,0,58.7753,61.3098,2.02289,1,1,1.74243,1.78025,0,1.26611,1.90512,8.89167e+06,3.91359e+06,1.54931e+07,0,0,0,0
70.4557,85.1408,1.55301,0.05,0.06,3.59731,3.67538,0,0.673987,4.6872,4.27854e+06,2.92794e+06,1.53912e+07,0,0,0,0,58.2547,61.3098,1.54719,1,1,1.74281,1.78064,0,1.3462,1.90512,8.89167e+06,3.91359e+06,1.54965e+07,0,0,0,0
68.967,85.1408,1.74763,0.06,0.06,3.28572,3.67619,0,0.674135,4.6872,4.27854e+06,2.92794e+06,1.40581e+07,0,0,0,0,57.6711,61.3098,1.92998,1,1,1.59185,1.78103,0,1.34649,1.90512,8.89167e+06,3.91359e+06,1.41542e+07,0,0,0,0
66.8919,85.1408,1.40511,0.05,0.06,3.59888,3.67699,0,0.615744,4.6872,4.27854e+06,2.92794e+06,1.5398e+07,0,0,0,0,57.1006,61.3098,1.39067,1,1,1.74357,1.78142,0,1.22987,1.90512,8.89167e+06,3.91359e+06,1.55033e+07,0,0,0,0
65.4015,85.1408,1.70357,0.08,0.06,3.28716,3.6778,0,0.674431,4.6872,4.27854e+06,2.92794e+06,1.40642e+07,0,0,0,0,56.9197,61.3098,2.4286,1,1,1.59255,1.78181,0,1.34708,1.90512,8.89167e+06,3.91359e+06,1.41604e+07,0,0,0,0
64.3038,85.1408,2.00979,0.09,0.06,3.18756,3.56637,0,0.616014,4.6872,4.27854e+06,3.51353e+06,1.36381e+07,0,0,0,0,56.6357,61.3098,1.91728,0,1,1.51626,1.69645,0,1.23041,1.90512,8.89167e+06,4.69631e+06,1.34821e+07,0,0,0,0
63.2489,85.1408,2.11261,0.09,0.06,3.18826,3.56715,0,0.59735,4.6872,4.27854e+06,3.51353e+06,1.36411e+07,0,0,0,0,56.4484,61.3098,2.00067,0,1,1.51659,1.69682,0,1.17146,1.90512,8.89167e+06,4.69631e+06,1.3485e+07,0,0,0,0
62.4346,85.1408,2.38794,0.08,0.06,3.18896,3.56793,0,0.59748,4.6872,4.27854e+06,3.51353e+06,1.36441e+07,0,0,0,0,56.5452,61.3098,2.76743,0,1,1.51692,1.69719,0,1.17172,1.90512,8.89167e+06,4.69631e+06,1.3488e+07,0,0,0,0
61.5201,85.1408,2.30761,0.08,0.06,3.18966,3.56871,0,0.597611,4.6872,4.27854e+06,3.51353e+06,1.36471e+07,0,0,0,0,56.6183,61.3098,2.6255,0,1,1.51726,1.69756,0,1.17198,1.90512,8.89167e+06,4.69631e+06,1.34909e+07,0,0,0,0
60.9777,85.1408,2.67295,0.06,0.06,3.10794,3.47728,0,0.597742,4.6872,4.27854e+06,3.51353e+06,1.32975e+07,0,0,0,0,56.8729,61.3098,2.88317,0,1,1.44776,1.61981,0,1.17223,1.90512,8.89167e+06,4.69631e+06,1.2873e+07,0,0,0,0
62.1987,85.1408,4.45137,0.06,0.06,3.10862,3.47805,0,0.582429,4.6872,4.27854e+06,3.51353e+06,1.33004e+07,0,0,0,0,57.399,61.3098,3.32455,0,1,1.44808,1.62017,0,1.11854,1.90512,8.89167e+06,4.69631e+06,1.28759e+07,0,0,0,0
63.275,85.1408,4.31074,0.06,0.06,3.10931,3.47881,0,0.582556,4.6872,4.27854e+06,3.51353e+06,1.33033e+07,0,0,0,0,58.4238,61.3098,4.16997,0,1,1.4484,1.62052,0,1.11879,1.90512,8.89167e+06,4.69631e+06,1.28787e+07,0,0,0,0
65.2874,85.1408,5.30437,0.07,0.06,3.10999,3.47957,0,0.582684,4.6872,4.27854e+06,3.51353e+06,1.33062e+07,0,0,0,0,59.2642,61.3098,4.28177,0,1,1.44872,1.62088,0,1.11903,1.90512,8.89167e+06,4.69631e+06,1.28815e+07,0,0,0,0
65.5488,85.1408,3.43775,0.07,0.06,2.8764,3.21822,0,0.582811,4.6872,4.27854e+06,3.51353e+06,1.23068e+07,0,0,0,0,59.789,61.3098,3.03865,0,1,1.30348,1.45839,0,1.11928,1.90512,8.89167e+06,4.69631e+06,1.15901e+07,0,0,0,0
67.7667,85.1408,5.29607,0.08,0.06,2.80106,3.21893,0,0.539037,4.6872,4.27854e+06,3.51353e+06,1.19844e+07,0,0,0,0,60.5604,61.3098,3.90767,0,1,1.37973,1.4587,0,1.00707,1.90512,8.89167e+06,4.69631e+06,1.22681e+07,0,0,0,0
69.8449,85.1408,5.25072,0.08,0.06,2.80201,3.21963,0,0.524919,4.6872,4.27854e+06,3.51353e+06,1.19885e+07,0,0,0,0,61.5731,61.3098,4.26791,0,1,1.3797,1.45902,0,1.06598,1.90512,8.89167e+06,4.69631e+06,1.22678e+07,0,0,0,0
75.6415,85.1408,9.39276,0.03,0.06,3.14501,3.22034,0,0.525097,4.6872,4.27854e+06,2.92794e+06,1.3456e+07,0,0,0,0,62.338,61.3098,9.65894,0,1,1.53467,1.45934,0,1.06596,1.90512,8.89167e+06,3.91359e+06,1.36458e+07,0,0,0,0
78.218,85.1408,6.23227,0.03,0.06,3.14603,3.22104,0,0.589375,4.6872,4.27854e+06,2.92794e+06,1.34604e+07,0,0,0,0,62.338,61.3098,5.23014,0,1,1.53467,1.45966,0,1.18569,1.90512,8.89167e+06,3.91359e+06,1.36458e+07,0,0,0,0
79.5148,85.1408,5.00762,0.01,0.06,3.24796,3.32265,0,0.589567,4.6872,4.27854e+06,2.92794e+06,1.38965e+07,0,0,0,0,62.338,61.3098,5.25812,0,1,1.58187,1.50718,0,1.18569,1.90512,8.89167e+06,3.91359e+06,1.40654e+07,0,0,0,0
81.5478,85.1408,5.79854,0.01,0.06,3.29617,3.32334,0,0.608668,4.6872,4.27854e+06,2.92794e+06,1.41028e+07,0,0,0,0,62.338,61.3098,6.12068,0,1,1.53466,1.50749,0,1.22215,1.90512,8.89167e+06,3.91359e+06,1.36457e+07,0,0,0,0
83.5669,85.1408,5.80459,0.01,0.06,3.29717,3.32403,0,0.617702,4.6872,4.27854e+06,2.92794e+06,1.41071e+07,0,0,0,0,62.338,61.3098,6.55467,0,1,1.53466,1.5078,0,1.18568,1.90512,8.89167e+06,3.91359e+06,1.36457e+07,0,0,0,0
85.1408,85.1408,5.4207,0.01,0.06,3.29817,3.32472,0,0.617889,4.6872,4.27854e+06,2.92794e+06,1.41113e+07,0,0,0,0,62.338,61.3098,7.13647,0,1,1.53466,1.50812,0,1.18568,1.90512,8.89167e+06,3.91359e+06,1.36457e+07,0,0,0,0
85.1408,85.1408,7.24376,0,0.06,3.64976,3.64976,0,0.618077,4.6872,4.27854e+06,2.92794e+06,1.56156e+07,0,0,0,0,62.338,61.3098,6.69436,0,1,1.68579,1.68579,0,1.18568,1.90512,8.89167e+06,3.91359e+06,1.49895e+07,0,0,0,0
85.1408,85.1408,9.2971,0.01,0.06,3.65052,3.65052,0,0.683965,4.6872,4.27854e+06,2.92794e+06,1.56189e+07,0,0,0,0,62.338,61.3098,11.4183,0,1,1.68614,1.68614,0,1.30244,1.90512,8.89167e+06,3.91359e+06,1.49926e+07,0,0,0,0
85.1408,85.1408,9.06378,0,0.06,3.65127,3.65127,0,0.684107,4.6872,4.27854e+06,2.92794e+06,1.56221e+07,0,0,0,0,62.338,61.3098,11.5554,0,1,1.68649,1.68649,0,1.30271,1.90512,8.89167e+06,3.91359e+06,1.49957e+07,0,0,0,0
85.1408,85.1408,6.64514,0,0.06,3.65203,3.65203,0,0.684249,4.6872,4.27854e+06,2.92794e+06,1.56254e+07,0,0,0,0,62.338,61.3098,8.68653,0,1,1.68684,1.68684,0,1.30298,1.90512,8.89167e+06,3.91359e+06,1.49988e+07,0,0,0,0
85.1408,85.1408,5.483,0,0.06,3.18977,3.18977,0,0.684391,4.6872,4.27854e+06,2.92794e+06,1.36476e+07,0,0,0,0,62.338,61.3098,7.04206,0,1,1.44897,1.44897,0,1.30325,1.90512,8.89167e+06,3.91359e+06,1.28838e+07,0,0,0,0
85.1408,85.1408,6.08094,0,0.06,3.19044,3.19044,0,0.597764,4.6872,4.27854e+06,2.92794e+06,1.36504e+07,0,0,0,0,62.338,61.3098,7.60467,0,1,1.44927,1.44927,0,1.11947,1.90512,8.89167e+06,3.91359e+06,1.28864e+07,0,0,0,0
85.1408,85.1408,5.69014,0,0.06,3.1911,3.1911,0,0.597888,4.6872,4.27854e+06,2.92794e+06,1.36532e+07,0,0,0,0,62.338,61.3098,7.35239,0,1,1.44957,1.44957,0,1.11971,1.90512,8.89167e+06,3.91359e+06,1.28891e+07,0,0,0,0
85.1408,85.1408,5.76936,0,0.06,3.19176,3.19176,0,0.598012,4.6872,4.27854e+06,2.92794e+06,1.36561e+07,0,0,0,0,62.338,61.3098,6.94968,0,1,1.44987,1.44987,0,1.11994,1.90512,8.89167e+06,3.91359e+06,1.28918e+07,0,0,0,0
85.1408,85.1408,5.24115,0,0.06,3.19242,3.19242,0,0.598135,4.6872,4.27854e+06,2.92794e+06,1.36589e+07,0,0,0,0,62.338,61.3098,6.56893,0,1,1.45017,1.45017,0,1.12017,1.90512,8.89167e+06,3.91359e+06,1.28945e+07,0,0,0,0
85.1408,85.1408,5.0218,0,0.06,3.30975,3.30975,0,0.598259,4.6872,4.27854e+06,2.92794e+06,1.41609e+07,0,0,0,0,62.338,61.3098,6.81447,0,1,1.50881,1.50881,0,1.1204,1.90512,8.89167e+06,3.91359e+06,1.34158e+07,0,0,0,0
85.1408,85.1408,6.802,0,0.06,3.31044,3.31044,0,0.620247,4.6872,4.27854e+06,2.92794e+06,1.41638e+07,0,0,0,0,62.338,61.3098,9.54526,0,1,1.50912,1.50912,0,1.16571,1.90512,8.89167e+06,3.91359e+06,1.34186e+07,0,0,0,0
85.1408,85.1408,4.79483,0,0.06,3.31112,3.31112,0,0.620376,4.6872,4.27854e+06,2.92794e+06,1.41668e+07,0,0,0,0,62.338,61.3098,6.37475,0,1,1.50943,1.50943,0,1.16595,1.90512,8.89167e+06,3.91359e+06,1.34214e+07,0,0,0,0
85.1408,85.1408,4.28772,0,0.06,3.31181,3.31181,0,0.620504,4.6872,4.27854e+06,2.92794e+06,1.41697e+07,0,0,0,0,62.338,61.3098,5.50118,0,1,1.50975,1.50975,0,1.16619,1.90512,8.89167e+06,3.91359e+06,1.34242e+07,0,0,0,0
85.1408,85.1408,3.99747,0,0.06,3.26684,3.26684,0,0.620633,4.6872,4.27854e+06,2.92794e+06,1.39773e+07,0,0,0,0,62.338,61.3098,6.038,0,1,1.48738,1.48738,0,1.16643,1.90512,8.89167e+06,3.91359e+06,1.32253e+07,0,0,0,0
85.0976,85.1408,3.57201,0,0.06,3.26751,3.26751,0,0.612205,4.6872,4.27854e+06,2.92794e+06,1.39802e+07,0,0,0,0,62.338,61.3098,5.1887,0,1,1.48769,1.48769,0,1.14915,1.90512,8.89167e+06,3.91359e+06,1.32281e+07,0,0,0,0
84.7507,85.1408,3.21247,0.01,0.06,3.22153,3.26819,0,0.612332,4.6872,4.27854e+06,2.92794e+06,1.37834e+07,0,0,0,0,62.338,61.3098,5.3607,0,1,1.53466,1.488,0,1.14939,1.90512,8.89167e+06,3.91359e+06,1.36457e+07,0,0,0,0
84.6292,85.1408,3.48188,0,0.06,3.26887,3.26887,0,0.603715,4.6872,4.27854e+06,2.92794e+06,1.3986e+07,0,0,0,0,62.338,61.3098,4.59152,0,1,1.48831,1.48831,0,1.18568,1.90512,8.89167e+06,3.91359e+06,1.32335e+07,0,0,0,0
84.0992,85.1408,3.14266,0,0.06,3.42464,3.42464,0,0.612586,4.6872,4.27854e+06,2.92794e+06,1.46525e+07,0,0,0,0,62.338,61.3098,4.71822,0,1,1.5691,1.5691,0,1.14987,1.90512,8.89167e+06,3.91359e+06,1.39519e+07,0,0,0,0
83.6171,85.1408,3.1266,0,0.06,3.42535,3.42535,0,0.641778,4.6872,4.27854e+06,2.92794e+06,1.46555e+07,0,0,0,0,62.338,61.3098,4.96648,0,1,1.56942,1.56942,0,1.21229,1.90512,8.89167e+06,3.91359e+06,1.39548e+07,0,0,0,0
82.9003,85.1408,2.879,0.01,0.06,3.42606,3.42606,0,0.641911,4.6872,4.27854e+06,2.92794e+06,1.46585e+07,0,0,0,0,62.338,61.3098,3.96164,0,1,1.56975,1.56975,0,1.21254,1.90512,8.89167e+06,3.91359e+06,1.39577e+07,0,0,0,0
81.9425,85.1408,2.6215,0.01,0.06,3.42677,3.42677,0,0.642044,4.6872,4.27854e+06,2.92794e+06,1.46616e+07,0,0,0,0,62.338,61.3098,3.26327,0,1,1.57007,1.57007,0,1.21279,1.90512,8.89167e+06,3.91359e+06,1.39606e+07,0,0,0,0
80.7096,85.1408,2.31456,0.01,0.06,3.42748,3.42748,0,0.642177,4.6872,4.27854e+06,2.92794e+06,1.46646e+07,0,0,0,0,62.338,61.3098,3.4153,0,1,1.5704,1.5704,0,1.21304,1.90512,8.89167e+06,3.91359e+06,1.39635e+07,0,0,0,0
79.7065,85.1408,2.45551,0.01,0.06,3.39748,3.39748,0,0.64231,4.6872,4.27854e+06,2.92794e+06,1.45363e+07,0,0,0,0,62.338,61.3098,3.12568,0,1,1.615,1.615,0,1.21329,1.90512,8.89167e+06,3.91359e+06,1.43601e+07,0,0,0,0
78.7137,85.1408,2.44062,0.01,0.06,3.39819,3.39819,0,0.636689,4.6872,4.27854e+06,2.92794e+06,1.45393e+07,0,0,0,0,62.2613,61.3098,2.67019,0,1,1.61534,1.61534,0,1.24775,1.90512,8.89167e+06,3.91359e+06,1.43631e+07,0,0,0,0
77.5686,85.1408,2.2726,0.03,0.06,3.39889,3.39889,0,0.63682,4.6872,4.27854e+06,2.92794e+06,1.45423e+07,0,0,0,0,62.0814,61.3098,2.48764,0,1,1.61567,1.61567,0,1.24801,1.90512,8.89167e+06,3.91359e+06,1.4366e+07,0,0,0,0
76.3146,85.1408,2.14993,0.03,0.06,3.39959,3.39959,0,0.636952,4.6872,4.27854e+06,2.92794e+06,1.45453e+07,0,0,0,0,61.8611,61.3098,2.34294,0,1,1.61601,1.61601,0,1.24827,1.90512,8.89167e+06,3.91359e+06,1.4369e+07,0,0,0,0
74.9838,85.1408,2.10899,0.04,0.06,3.47965,3.47965,0,0.637084,4.6872,4.27854e+06,2.92794e+06,1.48878e+07,0,0,0,0,61.5786,61.3098,2.0546,0,1,1.65584,1.65584,0,1.24853,1.90512,8.89167e+06,3.91359e+06,1.47232e+07,0,0,0,0
73.7398,85.1408,2.17682,0.04,0.06,3.48037,3.48037,0,0.652087,4.6872,4.27854e+06,2.92794e+06,1.48909e+07,0,0,0,0,61.1725,61.3098,2.03851,0,1,1.65618,1.65618,0,1.2793,1.90512,8.89167e+06,3.91359e+06,1.47262e+07,0,0,0,0
72.2672,85.1408,1.93252,0.04,0.06,3.48109,3.48109,0,0.652222,4.6872,4.27854e+06,2.92794e+06,1.4894e+07,0,0,0,0,60.7344,61.3098,1.92894,0,1,1.65652,1.65652,0,1.27956,1.90512,8.89167e+06,3.91359e+06,1.47293e+07,0,0,0,0
70.6497,85.1408,1.76919,0.04,0.06,3.48181,3.48181,0,0.652357,4.6872,4.27854e+06,2.92794e+06,1.48971e+07,0,0,0,0,60.2799,61.3098,1.7994,0,1,1.65687,1.65687,0,1.27983,1.90512,8.89167e+06,3.91359e+06,1.47323e+07,0,0,0,0
68.6971,85.1408,1.52651,0.04,0.06,3.6362,3.71512,0,0.652492,4.6872,4.27854e+06,2.92794e+06,1.55576e+07,0,0,0,0,59.7814,61.3098,1.78453,1,1,1.76165,1.79989,0,1.28009,1.90512,8.89167e+06,3.91359e+06,1.5664e+07,0,0,0,0
66.7722,85.1408,1.2471,0.06,0.06,3.3212,3.71589,0,0.681423,4.6872,4.27854e+06,2.92794e+06,1.42099e+07,0,0,0,0,59.2913,61.3098,1.67061,1,1,1.60904,1.80026,0,1.36105,1.90512,8.89167e+06,3.91359e+06,1.43071e+07,0,0,0,0
64.8922,85.1408,1.26378,0.1,0.06,3.32189,3.71665,0,0.622393,4.6872,4.27854e+06,2.92794e+06,1.42128e+07,0,0,0,0,58.7789,61.3098,1.60541,1,1,1.60938,1.80063,0,1.24315,1.90512,8.89167e+06,3.91359e+06,1.431e+07,0,0,0,0
63.6137,85.1408,1.86996,0.1,0.06,3.32258,3.71742,0,0.622522,4.6872,4.27854e+06,2.92794e+06,1.42158e+07,0,0,0,0,58.3303,61.3098,1.92705,1,1,1.60971,1.801,0,1.2434,1.90512,8.89167e+06,3.91359e+06,1.4313e+07,0,0,0,0
63.0902,85.1408,2.67055,0.09,0.06,3.32326,3.71819,0,0.622651,4.6872,4.27854e+06,2.92794e+06,1.42187e+07,0,0,0,0,58.008,61.3098,2.11665,1,1,1.61004,1.80138,0,1.24366,1.90512,8.89167e+06,3.91359e+06,1.4316e+07,0,0,0,0
62.1321,85.1408,2.14235,0.09,0.06,3.22253,3.60549,0,0.622779,4.6872,4.27854e+06,2.92794e+06,1.37877e+07,0,0,0,0,57.6558,61.3098,1.91296,1,1,1.53289,1.71506,0,1.24392,1.90512,8.89167e+06,3.91359e+06,1.363e+07,0,0,0,0
61.3292,85.1408,2.28944,0.09,0.06,3.2232,3.60624,0,0.603903,4.6872,4.27854e+06,2.92794e+06,1.37906e+07,0,0,0,0,57.3587,61.3098,1.85331,1,1,1.53321,1.71541,0,1.18431,1.90512,8.89167e+06,3.91359e+06,1.36328e+07,0,0,0,0
60.6089,85.1408,2.38465,0.09,0.06,3.22387,3.60698,0,0.604027,4.6872,4.27854e+06,2.92794e+06,1.37934e+07,0,0,0,0,57.2842,61.3098,2.75917,1,1,1.53353,1.71577,0,1.18456,1.90512,8.89167e+06,3.91359e+06,1.36356e+07,0,0,0,0
59.8764,85.1408,2.36169,0.08,0.06,3.22453,3.60773,0,0.604152,4.6872,4.27854e+06,2.92794e+06,1.37963e+07,0,0,0,0,57.309,61.3098,3.20874,1,1,1.53384,1.71612,0,1.1848,1.90512,8.89167e+06,3.91359e+06,1.36384e+07,0,0,0,0
59.0832,85.1408,2.23253,0.07,0.06,3.14188,3.51526,0,0.604277,4.6872,4.27854e+06,3.51353e+06,1.34427e+07,0,0,0,0,57.2759,61.3098,2.51823,0,1,1.46357,1.6375,0,1.18505,1.90512,8.89167e+06,4.69631e+06,1.30136e+07,0,0,0,0
60.3435,85.1408,4.43084,0.11,0.06,3.14253,3.51598,0,0.588789,4.6872,4.27854e+06,3.51353e+06,1.34454e+07,0,0,0,0,57.4544,61.3098,3.08231,0,1,1.46388,1.63784,0,1.13076,1.90512,8.89167e+06,4.69631e+06,1.30163e+07,0,0,0,0
61.6605,85.1408,4.50524,0.07,0.06,3.14318,3.51671,0,0.588911,4.6872,4.27854e+06,3.51353e+06,1.34482e+07,0,0,0,0,58.1465,61.3098,4.13196,0,1,1.46418,1.63818,0,1.13099,1.90512,8.89167e+06,4.69631e+06,1.3019e+07,0,0,0,0
64.3438,85.1408,5.90869,0.07,0.06,3.14383,3.51744,0,0.589032,4.6872,4.27854e+06,3.51353e+06,1.3451e+07,0,0,0,0,58.7592,61.3098,4.53331,0,1,1.46448,1.63852,0,1.13122,1.90512,8.89167e+06,4.69631e+06,1.30217e+07,0,0,0,0
65.0394,85.1408,3.83571,0.08,0.06,2.90767,3.25321,0,0.589154,4.6872,4.27854e+06,3.51353e+06,1.24406e+07,0,0,0,0,59.1067,61.3098,3.18929,0,1,1.31765,1.47424,0,1.13146,1.90512,8.89167e+06,4.69631e+06,1.17161e+07,0,0,0,0
64.9804,85.1408,2.96977,0.08,0.06,2.84815,3.25388,0,0.544897,4.6872,4.27854e+06,3.51353e+06,1.21859e+07,0,0,0,0,59.1252,61.3098,2.68436,0,1,1.37804,1.47454,0,1.01802,1.90512,8.89167e+06,4.69631e+06,1.22531e+07,0,0,0,0
67.4371,85.1408,5.59977,0.08,0.06,2.84906,3.25455,0,0.533744,4.6872,4.27854e+06,3.51353e+06,1.21898e+07,0,0,0,0,59.4045,61.3098,4.13022,0,1,1.37801,1.47485,0,1.06467,1.90512,8.89167e+06,4.69631e+06,1.22528e+07,0,0,0,0
69.208,85.1408,4.90691,0.1,0.06,2.84996,3.25522,0,0.533913,4.6872,4.27854e+06,3.51353e+06,1.21937e+07,0,0,0,0,59.4459,61.3098,2.81744,0,1,1.37797,1.47515,0,1.06465,1.90512,8.89167e+06,4.69631e+06,1.22525e+07,0,0,0,0
72.8864,85.1408,7.18775,0.04,0.06,3.19669,3.25589,0,0.534083,4.6872,4.27854e+06,2.92794e+06,1.36772e+07,0,0,0,0,59.9421,61.3098,5.51361,0,1,1.53466,1.47546,0,1.06462,1.90512,8.89167e+06,3.91359e+06,1.36457e+07,0,0,0,0
75.7441,85.1408,6.35132,0.04,0.06,3.197,3.25589,0,0.599061,4.6872,4.27854e+06,2.92794e+06,1.36785e+07,0,0,0,0,60.1574,61.3098,4.01627,0,1,1.53435,1.47546,0,1.18568,1.90512,8.89167e+06,3.91359e+06,1.3643e+07,0,0,0,0
75.1328,85.1408,2.85966,0.04,0.06,3.29967,3.35856,0,0.599118,4.6872,4.27854e+06,2.92794e+06,1.41178e+07,0,0,0,0,60.0243,61.3098,2.16029,0,1,1.58236,1.52347,0,1.18544,1.90512,8.89167e+06,3.91359e+06,1.40699e+07,0,0,0,0
77.1586,85.1408,5.73046,0.03,0.06,3.34833,3.35922,0,0.618358,4.6872,4.27854e+06,2.92794e+06,1.4326e+07,0,0,0,0,60.5084,61.3098,3.97067,0,1,1.53465,1.52377,0,1.22253,1.90512,8.89167e+06,3.91359e+06,1.36456e+07,0,0,0,0
81.3588,85.1408,8.12418,0.01,0.06,3.34929,3.35987,0,0.627478,4.6872,4.27854e+06,2.92794e+06,1.43301e+07,0,0,0,0,62.1756,61.3098,7.85808,0,1,1.53465,1.52406,0,1.18567,1.90512,8.89167e+06,3.91359e+06,1.36456e+07,0,0,0,0
85.1408,85.1408,11.3437,0.02,0.06,3.35024,3.36053,0,0.627656,4.6872,4.27854e+06,2.92794e+06,1.43341e+07,0,0,0,0,62.338,61.3098,10.2251,0,1,1.53465,1.52436,0,1.18567,1.90512,8.89167e+06,3.91359e+06,1.36456e+07,0,0,0,0
85.1408,85.1408,7.0825,0.01,0.06,3.67904,3.68903,0,0.627835,4.6872,4.27854e+06,2.92794e+06,1.57409e+07,0,0,0,0,62.338,61.3098,7.97346,0,1,1.71392,1.70392,0,1.18567,1.90512,8.89167e+06,3.91359e+06,1.52396e+07,0,0,0,0
85.1408,85.1408,7.10014,0.01,0.06,3.68975,3.68975,0,0.689451,4.6872,4.27854e+06,2.92794e+06,1.57867e+07,0,0,0,0,62.338,61.3098,8.65002,0,1,1.70426,1.70426,0,1.32417,1.90512,8.89167e+06,3.91359e+06,1.51537e+07,0,0,0,0
85.1408,85.1408,14.0226,0.01,0.06,3.69047,3.69047,0,0.691459,4.6872,4.27854e+06,2.92794e+06,1.57898e+07,0,0,0,0,62.338,61.3098,12.7731,0,1,1.70459,1.70459,0,1.31671,1.90512,8.89167e+06,3.91359e+06,1.51567e+07,0,0,0,0
85.1408,85.1408,6.03051,0.01,0.06,3.69119,3.69119,0,0.691594,4.6872,4.27854e+06,2.92794e+06,1.57929e+07,0,0,0,0,62.338,61.3098,6.58049,0,1,1.70492,1.70492,0,1.31697,1.90512,8.89167e+06,3.91359e+06,1.51596e+07,0,0,0,0
85.1408,85.1408,9.08604,0.01,0.06,3.22394,3.22394,0,0.691729,4.6872,4.27854e+06,2.92794e+06,1.37937e+07,0,0,0,0,62.338,61.3098,10.6484,0,1,1.46449,1.46449,0,1.31722,1.90512,8.89167e+06,3.91359e+06,1.30218e+07,0,0,0,0
85.1408,85.1408,8.07064,0.01,0.06,3.1547,3.22456,0,0.604166,4.6872,4.27854e+06,2.92794e+06,1.34975e+07,0,0,0,0,62.338,61.3098,8.67092,0,1,1.53464,1.46477,0,1.13146,1.90512,8.89167e+06,3.91359e+06,1.36455e+07,0,0,0,0
85.1408,85.1408,6.01576,0.01,0.06,3.15562,3.22519,0,0.591191,4.6872,4.27854e+06,2.92794e+06,1.35014e+07,0,0,0,0,62.338,61.3098,5.49663,0,1,1.53464,1.46506,0,1.18566,1.90512,8.89167e+06,3.91359e+06,1.36455e+07,0,0,0,0
85.1408,85.1408,5.20141,0.01,0.06,3.15653,3.22582,0,0.591363,4.6872,4.27854e+06,2.92794e+06,1.35053e+07,0,0,0,0,62.338,61.3098,4.41712,0,1,1.53464,1.46535,0,1.18566,1.90512,8.89167e+06,3.91359e+06,1.36455e+07,0,0,0,0
85.1408,85.1408,6.07996,0,0.06,3.22645,3.22645,0,0.591534,4.6872,4.27854e+06,2.92794e+06,1.38045e+07,0,0,0,0,62.338,61.3098,6.39125,0,1,1.46563,1.46563,0,1.18566,1.90512,8.89167e+06,3.91359e+06,1.30319e+07,0,0,0,0
85.1408,85.1408,7.09002,0,0.06,3.34499,3.34499,0,0.604637,4.6872,4.27854e+06,2.92794e+06,1.43117e+07,0,0,0,0,62.338,61.3098,8.91179,0,1,1.52488,1.52488,0,1.13235,1.90512,8.89167e+06,3.91359e+06,1.35587e+07,0,0,0,0
85.1408,85.1408,6.41675,0,0.06,3.34564,3.34564,0,0.626852,4.6872,4.27854e+06,2.92794e+06,1.43145e+07,0,0,0,0,62.338,61.3098,7.2793,0,1,1.52517,1.52517,0,1.17812,1.90512,8.89167e+06,3.91359e+06,1.35613e+07,0,0,0,0
85.1408,85.1408,5.6972,0,0.06,3.3463,3.3463,0,0.626974,4.6872,4.27854e+06,2.92794e+06,1.43173e+07,0,0,0,0,62.338,61.3098,5.87719,0,1,1.52547,1.52547,0,1.17835,1.90512,8.89167e+06,3.91359e+06,1.3564e+07,0,0,0,0
85.1408,85.1408,5.19641,0,0.06,3.34695,3.34695,0,0.627096,4.6872,4.27854e+06,2.92794e+06,1.43201e+07,0,0,0,0,62.338,61.3098,5.6021,0,1,1.52577,1.52577,0,1.17858,1.90512,8.89167e+06,3.91359e+06,1.35666e+07,0,0,0,0
85.1408,85.1408,4.49508,0,0.06,3.30146,3.30146,0,0.627218,4.6872,4.27854e+06,2.92794e+06,1.41254e+07,0,0,0,0,62.338,61.3098,6.16847,0,1,1.50315,1.50315,0,1.17881,1.90512,8.89167e+06,3.91359e+06,1.33655e+07,0,0,0,0
85.1408,85.1408,4.20435,0,0.06,3.30211,3.30211,0,0.618694,4.6872,4.27854e+06,2.92794e+06,1.41282e+07,0,0,0,0,62.338,61.3098,5.30346,0,1,1.50344,1.50344,0,1.16133,1.90512,8.89167e+06,3.91359e+06,1.33681e+07,0,0,0,0
85.1408,85.1408,3.84264,0,0.06,3.30275,3.30275,0,0.618815,4.6872,4.27854e+06,2.92794e+06,1.41309e+07,0,0,0,0,62.338,61.3098,5.06827,0,1,1.50374,1.50374,0,1.16156,1.90512,8.89167e+06,3.91359e+06,1.33707e+07,0,0,0,0
85.0684,85.1408,3.60082,0,0.06,3.3034,3.3034,0,0.618936,4.6872,4.27854e+06,2.92794e+06,1.41337e+07,0,0,0,0,62.338,61.3098,5.14538,0,1,1.50403,1.50403,0,1.16179,1.90512,8.89167e+06,3.91359e+06,1.33733e+07,0,0,0,0
84.7456,85.1408,3.39836,0.01,0.06,3.43045,3.46077,0,0.619056,4.6872,4.27854e+06,2.92794e+06,1.46773e+07,0,0,0,0,62.338,61.3098,5.11497,0,1,1.61598,1.58565,0,1.16201,1.90512,8.89167e+06,3.91359e+06,1.43687e+07,0,0,0,0
84.2098,85.1408,3.18562,0.01,0.06,3.46145,3.46145,0,0.642866,4.6872,4.27854e+06,2.92794e+06,1.48099e+07,0,0,0,0,62.338,61.3098,4.68502,0,1,1.58596,1.58596,0,1.2485,1.90512,8.89167e+06,3.91359e+06,1.41019e+07,0,0,0,0
83.5624,85.1408,3.01222,0.01,0.06,3.46212,3.46212,0,0.648675,4.6872,4.27854e+06,2.92794e+06,1.48128e+07,0,0,0,0,62.338,61.3098,4.14421,0,1,1.58627,1.58627,0,1.22531,1.90512,8.89167e+06,3.91359e+06,1.41046e+07,0,0,0,0
82.75,85.1408,2.79916,0.01,0.06,3.4628,3.4628,0,0.648802,4.6872,4.27854e+06,2.92794e+06,1.48157e+07,0,0,0,0,62.338,61.3098,3.9259,0,1,1.58658,1.58658,0,1.22555,1.90512,8.89167e+06,3.91359e+06,1.41074e+07,0,0,0,0
82.208,85.1408,3.06673,0.02,0.06,3.46347,3.46347,0,0.648928,4.6872,4.27854e+06,2.92794e+06,1.48186e+07,0,0,0,0,62.338,61.3098,3.92065,0,1,1.58689,1.58689,0,1.22579,1.90512,8.89167e+06,3.91359e+06,1.41101e+07,0,0,0,0
81.9033,85.1408,3.25267,0.02,0.06,3.43312,3.43312,0,0.649055,4.6872,4.27854e+06,2.92794e+06,1.46887e+07,0,0,0,0,62.338,61.3098,3.84137,0,1,1.63194,1.63194,0,1.22603,1.90512,8.89167e+06,3.91359e+06,1.45107e+07,0,0,0,0
81.4534,85.1408,3.08533,0.03,0.06,3.43379,3.43379,0,0.643367,4.6872,4.27854e+06,2.92794e+06,1.46916e+07,0,0,0,0,62.338,61.3098,3.71515,0,1,1.63226,1.63226,0,1.26084,1.90512,8.89167e+06,3.91359e+06,1.45135e+07,0,0,0,0
80.8068,85.1408,2.87288,0.03,0.06,3.43446,3.43446,0,0.643492,4.6872,4.27854e+06,2.92794e+06,1.46945e+07,0,0,0,0,62.3258,61.3098,3.47072,0,1,1.63258,1.63258,0,1.26109,1.90512,8.89167e+06,3.91359e+06,1.45164e+07,0,0,0,0
79.9986,85.1408,2.6934,0.03,0.06,3.43513,3.43513,0,0.643618,4.6872,4.27854e+06,2.92794e+06,1.46973e+07,0,0,0,0,62.2333,61.3098,3.19447,0,1,1.6329,1.6329,0,1.26133,1.90512,8.89167e+06,3.91359e+06,1.45192e+07,0,0,0,0
79.2396,85.1408,2.79856,0.03,0.06,3.51598,3.51598,0,0.643743,4.6872,4.27854e+06,2.92794e+06,1.50433e+07,0,0,0,0,62.1572,61.3098,3.21495,0,1,1.67312,1.67312,0,1.26158,1.90512,8.89167e+06,3.91359e+06,1.48769e+07,0,0,0,0
78.3487,85.1408,2.64127,0.03,0.06,3.51667,3.51667,0,0.658895,4.6872,4.27854e+06,2.92794e+06,1.50462e+07,0,0,0,0,61.9893,61.3098,3.35178,0,1,1.67345,1.67345,0,1.29266,1.90512,8.89167e+06,3.91359e+06,1.48798e+07,0,0,0,0
77.302,85.1408,2.47155,0.03,0.06,3.51735,3.51735,0,0.659023,4.6872,4.27854e+06,2.92794e+06,1.50491e+07,0,0,0,0,61.7631,61.3098,3.07212,0,1,1.67378,1.67378,0,1.29291,1.90512,8.89167e+06,3.91359e+06,1.48827e+07,0,0,0,0
76.2318,85.1408,2.42985,0.04,0.06,3.51804,3.51804,0,0.659152,4.6872,4.27854e+06,2.92794e+06,1.50521e+07,0,0,0,0,61.596,61.3098,3.28967,0,1,1.6741,1.6741,0,1.29316,1.90512,8.89167e+06,3.91359e+06,1.48856e+07,0,0,0,0
75.2802,85.1408,2.37925,0.06,0.06,3.35502,3.75372,0,0.65928,4.6872,4.27854e+06,2.92794e+06,1.43546e+07,0,0,0,0,61.3487,61.3098,2.95101,1,1,1.62543,1.81859,0,1.29341,1.90512,8.89167e+06,3.91359e+06,1.44528e+07,0,0,0,0
74.4325,85.1408,2.48411,0.07,0.06,3.35567,3.75445,0,0.628731,4.6872,4.27854e+06,2.92794e+06,1.43574e+07,0,0,0,0,61.1322,61.3098,3.22469,1,1,1.62574,1.81894,0,1.25581,1.90512,8.89167e+06,3.91359e+06,1.44556e+07,0,0,0,0
73.1252,85.1408,2.04048,0.06,0.06,3.35633,3.75518,0,0.628853,4.6872,4.27854e+06,2.92794e+06,1.43602e+07,0,0,0,0,60.7664,61.3098,2.5757,1,1,1.62606,1.8193,0,1.25605,1.90512,8.89167e+06,3.91359e+06,1.44584e+07,0,0,0,0
72.1771,85.1408,2.36799,0.06,0.06,3.35698,3.75591,0,0.628975,4.6872,4.27854e+06,2.92794e+06,1.4363e+07,0,0,0,0,60.6906,61.3098,3.88677,1,1,1.62638,1.81965,0,1.25629,1.90512,8.89167e+06,3.91359e+06,1.44612e+07,0,0,0,0
70.9031,85.1408,2.02255,0.06,0.06,3.35763,3.75665,0,0.629098,4.6872,4.27854e+06,2.92794e+06,1.43658e+07,0,0,0,0,60.3809,61.3098,2.89894,1,1,1.62669,1.82001,0,1.25654,1.90512,8.89167e+06,3.91359e+06,1.4464e+07,0,0,0,0
71.1899,85.1408,3.52908,0.06,0.06,3.25582,3.64274,0,0.62922,4.6872,4.27854e+06,2.92794e+06,1.39302e+07,0,0,0,0,60.6135,61.3098,4.78276,1,1,1.54873,1.73277,0,1.25678,1.90512,8.89167e+06,3.91359e+06,1.37708e+07,0,0,0,0
69.6227,85.1408,1.63652,0.06,0.06,3.25646,3.64344,0,0.610141,4.6872,4.27854e+06,2.92794e+06,1.39329e+07,0,0,0,0,60.3897,61.3098,2.50394,1,1,1.54903,1.73311,0,1.19655,1.90512,8.89167e+06,3.91359e+06,1.37735e+07,0,0,0,0
68.4254,85.1408,2.01028,0.06,0.06,3.25709,3.64415,0,0.61026,4.6872,4.27854e+06,2.92794e+06,1.39356e+07,0,0,0,0,60.3273,61.3098,2.74824,1,1,1.54933,1.73345,0,1.19678,1.90512,8.89167e+06,3.91359e+06,1.37761e+07,0,0,0,0
70.2819,85.1408,5.46476,0.05,0.06,3.56743,3.64486,0,0.610378,4.6872,4.27854e+06,2.92794e+06,1.52634e+07,0,0,0,0,60.6824,61.3098,6.23511,1,1,1.69696,1.73379,0,1.19701,1.90512,8.89167e+06,3.91359e+06,1.50888e+07,0,0,0,0
68.238,85.1408,1.57668,0.05,0.06,3.5514,3.5514,0,0.668537,4.6872,4.27854e+06,2.92794e+06,1.51948e+07,0,0,0,0,60.8491,61.3098,3.5642,0,1,1.65434,1.65434,0,1.31107,1.90512,8.89167e+06,3.91359e+06,1.47098e+07,0,0,0,0
67.688,85.1408,3.00594,0.04,0.06,3.55209,3.55209,0,0.665532,4.6872,4.27854e+06,2.92794e+06,1.51977e+07,0,0,0,0,61.3624,61.3098,4.70286,0,1,1.65466,1.65466,0,1.27814,1.90512,8.89167e+06,3.91359e+06,1.47127e+07,0,0,0,0
73.0666,85.1408,8.88163,0.08,0.06,3.17542,3.55278,0,0.665662,4.6872,4.27854e+06,3.51353e+06,1.35862e+07,0,0,0,0,62.338,61.3098,7.71043,0,1,1.4792,1.65498,0,1.27839,1.90512,8.89167e+06,4.69631e+06,1.31525e+07,0,0,0,0
73.9003,85.1408,4.58091,0.04,0.06,3.55347,3.55347,0,0.595074,4.6872,4.27854e+06,2.92794e+06,1.52037e+07,0,0,0,0,62.338,61.3098,5.55106,0,1,1.6553,1.6553,0,1.14283,1.90512,8.89167e+06,3.91359e+06,1.47184e+07,0,0,0,0
77.2537,85.1408,7.04779,0.04,0.06,3.28649,3.28649,0,0.665921,4.6872,4.27854e+06,2.92794e+06,1.40614e+07,0,0,0,0,62.338,61.3098,9.07117,0,1,1.48932,1.48932,0,1.27889,1.90512,8.89167e+06,3.91359e+06,1.32426e+07,0,0,0,0
85.1408,85.1408,12.3814,0.02,0.06,3.2421,3.28713,0,0.615889,4.6872,4.27854e+06,2.92794e+06,1.38715e+07,0,0,0,0,62.338,61.3098,11.4061,0,1,1.53464,1.48961,0,1.15065,1.90512,8.89167e+06,3.91359e+06,1.36455e+07,0,0,0,0
85.1408,85.1408,9.953,0.01,0.06,3.24303,3.28777,0,0.60757,4.6872,4.27854e+06,2.92794e+06,1.38754e+07,0,0,0,0,62.338,61.3098,9.94765,0,1,1.53464,1.4899,0,1.18566,1.90512,8.89167e+06,3.91359e+06,1.36455e+07,0,0,0,0
85.1408,85.1408,8.04882,0.01,0.06,3.24396,3.28841,0,0.607744,4.6872,4.27854e+06,2.92794e+06,1.38794e+07,0,0,0,0,62.338,61.3098,10.5497,0,1,1.53464,1.49019,0,1.18566,1.90512,8.89167e+06,3.91359e+06,1.36455e+07,0,0,0,0
85.1408,85.1408,9.46706,0.01,0.06,3.24489,3.28905,0,0.607919,4.6872,4.27854e+06,2.92794e+06,1.38834e+07,0,0,0,0,62.338,61.3098,7.40435,0,1,1.53464,1.49048,0,1.18566,1.90512,8.89167e+06,3.91359e+06,1.36455e+07,0,0,0,0
83.8866,85.1408,2.54067,0.01,0.08,3.34885,3.39272,0,0.608093,4.6872,4.27854e+06,2.92794e+06,1.43282e+07,0,0,0,0,62.2472,61.3098,2.615,0,1,1.58283,1.53896,0,1.18566,1.90512,8.89167e+06,3.91359e+06,1.4074e+07,0,0,0,0
85.1408,85.1408,6.38646,0.02,0.08,3.39335,3.39335,0,0.627575,4.6872,4.27854e+06,2.92794e+06,1.45186e+07,0,0,0,0,62.338,61.3098,2.59436,0,1,1.53925,1.53925,0,1.2229,1.90512,8.89167e+06,3.91359e+06,1.36865e+07,0,0,0,0
85.1408,85.1408,4.92365,0.01,0.08,3.39397,3.39397,0,0.635913,4.6872,4.27854e+06,2.92794e+06,1.45212e+07,0,0,0,0,62.338,61.3098,3.15857,0,1,1.53953,1.53953,0,1.18922,1.90512,8.89167e+06,3.91359e+06,1.3689e+07,0,0,0,0
84.86,85.1408,3.55303,0.01,0.08,3.39459,3.39459,0,0.63603,4.6872,4.27854e+06,2.92794e+06,1.45239e+07,0,0,0,0,62.338,61.3098,3.45217,0,1,1.53981,1.53981,0,1.18944,1.90512,8.89167e+06,3.91359e+06,1.36915e+07,0,0,0,0
85.1408,85.1408,5.37831,0.02,0.08,3.64721,3.72637,0,0.636146,4.6872,4.27854e+06,2.92794e+06,1.56047e+07,0,0,0,0,62.338,61.3098,4.70168,1,1,1.68461,1.72117,0,1.18966,1.90512,8.89167e+06,3.91359e+06,1.4979e+07,0,0,0,0
85.1408,85.1408,7.90532,0.01,0.08,3.64788,3.72706,0,0.683488,4.6872,4.27854e+06,2.92794e+06,1.56076e+07,0,0,0,0,62.338,61.3098,4.00786,1,1,1.68492,1.72149,0,1.30153,1.90512,8.89167e+06,3.91359e+06,1.49818e+07,0,0,0,0
85.1408,85.1408,6.42245,0.01,0.08,3.64855,3.72774,0,0.683613,4.6872,4.27854e+06,2.92794e+06,1.56105e+07,0,0,0,0,62.338,61.3098,4.19344,1,1,1.68523,1.7218,0,1.30177,1.90512,8.89167e+06,3.91359e+06,1.49845e+07,0,0,0,0
85.1408,85.1408,9.42233,0.01,0.08,3.64922,3.72842,0,0.683738,4.6872,4.27854e+06,2.92794e+06,1.56133e+07,0,0,0,0,62.338,61.3098,4.14994,1,1,1.68554,1.72212,0,1.30201,1.90512,8.89167e+06,3.91359e+06,1.49872e+07,0,0,0,0
85.1408,85.1408,7.83085,0.01,0.08,3.25642,3.25642,0,0.683864,4.6872,4.27854e+06,2.92794e+06,1.39327e+07,0,0,0,0,62.338,61.3098,8.21562,0,1,1.47924,1.47924,0,1.30225,1.90512,8.89167e+06,3.91359e+06,1.31529e+07,0,0,0,0
85.1408,85.1408,6.91015,0.01,0.08,3.2019,3.25701,0,0.610253,4.6872,4.27854e+06,2.92794e+06,1.36995e+07,0,0,0,0,62.338,61.3098,7.08645,0,1,1.53462,1.47951,0,1.14286,1.90512,8.89167e+06,3.91359e+06,1.36454e+07,0,0,0,0
85.1408,85.1408,7.48082,0.01,0.08,3.20277,3.25761,0,0.600037,4.6872,4.27854e+06,2.92794e+06,1.37032e+07,0,0,0,0,62.338,61.3098,7.36006,0,1,1.53462,1.47979,0,1.18565,1.90512,8.89167e+06,3.91359e+06,1.36454e+07,0,0,0,0
85.1408,85.1408,6.73557,0.01,0.08,3.20364,3.25821,0,0.6002,4.6872,4.27854e+06,2.92794e+06,1.37069e+07,0,0,0,0,62.338,61.3098,6.48449,0,1,1.53462,1.48006,0,1.18565,1.90512,8.89167e+06,3.91359e+06,1.36454e+07,0,0,0,0
85.1408,85.1408,6.80774,0.01,0.08,3.20451,3.2588,0,0.600362,4.6872,4.27854e+06,2.92794e+06,1.37106e+07,0,0,0,0,62.338,61.3098,7.19995,0,1,1.53462,1.48033,0,1.18565,1.90512,8.89167e+06,3.91359e+06,1.36454e+07,0,0,0,0
85.1408,85.1408,4.74445,0,0.08,3.37849,3.37849,0,0.600525,4.6872,4.27854e+06,2.92794e+06,1.4455e+07,0,0,0,0,62.338,61.3098,6.01117,0,1,1.54015,1.54015,0,1.18565,1.90512,8.89167e+06,3.91359e+06,1.36945e+07,0,0,0,0
85.1408,85.1408,4.42501,0,0.08,3.37911,3.37911,0,0.633129,4.6872,4.27854e+06,2.92794e+06,1.44577e+07,0,0,0,0,62.338,61.3098,5.44092,0,1,1.54043,1.54043,0,1.18992,1.90512,8.89167e+06,3.91359e+06,1.3697e+07,0,0,0,0
85.0799,85.1408,3.84883,0,0.08,3.37973,3.37973,0,0.633245,4.6872,4.27854e+06,2.92794e+06,1.44603e+07,0,0,0,0,62.338,61.3098,4.86468,0,1,1.54071,1.54071,0,1.19014,1.90512,8.89167e+06,3.91359e+06,1.36995e+07,0,0,0,0
84.884,85.1408,3.58309,0.01,0.08,3.38035,3.38035,0,0.633361,4.6872,4.27854e+06,2.92794e+06,1.44629e+07,0,0,0,0,62.338,61.3098,4.67289,0,1,1.54099,1.54099,0,1.19035,1.90512,8.89167e+06,3.91359e+06,1.3702e+07,0,0,0,0
85.1408,85.1408,4.04666,0.01,0.08,3.33437,3.33437,0,0.633477,4.6872,4.27854e+06,2.92794e+06,1.42662e+07,0,0,0,0,62.338,61.3098,5.10922,0,1,1.51813,1.51813,0,1.19057,1.90512,8.89167e+06,3.91359e+06,1.34987e+07,0,0,0,0
85.1408,85.1408,3.77441,0,0.08,3.33498,3.33498,0,0.624861,4.6872,4.27854e+06,2.92794e+06,1.42688e+07,0,0,0,0,62.338,61.3098,4.73926,0,1,1.51841,1.51841,0,1.17291,1.90512,8.89167e+06,3.91359e+06,1.35012e+07,0,0,0,0
84.8682,85.1408,3.42965,0,0.08,3.33559,3.33559,0,0.624975,4.6872,4.27854e+06,2.92794e+06,1.42714e+07,0,0,0,0,62.338,61.3098,3.97312,0,1,1.51869,1.51869,0,1.17312,1.90512,8.89167e+06,3.91359e+06,1.35037e+07,0,0,0,0
84.3583,85.1408,3.09837,0.01,0.08,3.32053,3.3362,0,0.625089,4.6872,4.27854e+06,2.92794e+06,1.4207e+07,0,0,0,0,62.338,61.3098,3.71327,0,1,1.53463,1.51896,0,1.17334,1.90512,8.89167e+06,3.91359e+06,1.36454e+07,0,0,0,0
83.6652,85.1408,3.03117,0.01,0.08,3.47971,3.4951,0,0.622268,4.6872,4.27854e+06,2.92794e+06,1.48881e+07,0,0,0,0,62.338,61.3098,3.96256,0,1,1.61677,1.60138,0,1.18566,1.90512,8.89167e+06,3.91359e+06,1.43758e+07,0,0,0,0
82.8626,85.1408,2.92213,0.01,0.08,3.49574,3.49574,0,0.652098,4.6872,4.27854e+06,2.92794e+06,1.49566e+07,0,0,0,0,62.338,61.3098,3.67407,0,1,1.60167,1.60167,0,1.24912,1.90512,8.89167e+06,3.91359e+06,1.42416e+07,0,0,0,0
81.821,85.1408,2.6647,0.01,0.08,3.49638,3.49638,0,0.655101,4.6872,4.27854e+06,2.92794e+06,1.49594e+07,0,0,0,0,62.338,61.3098,2.94057,0,1,1.60197,1.60197,0,1.23745,1.90512,8.89167e+06,3.91359e+06,1.42442e+07,0,0,0,0
80.4955,85.1408,2.34096,0.02,0.08,3.49702,3.49702,0,0.655221,4.6872,4.27854e+06,2.92794e+06,1.49621e+07,0,0,0,0,62.338,61.3098,2.99756,0,1,1.60226,1.60226,0,1.23768,1.90512,8.89167e+06,3.91359e+06,1.42468e+07,0,0,0,0
79.193,85.1408,2.29264,0.03,0.08,3.49766,3.49766,0,0.655341,4.6872,4.27854e+06,2.92794e+06,1.49649e+07,0,0,0,0,62.338,61.3098,2.76027,0,1,1.60255,1.60255,0,1.23791,1.90512,8.89167e+06,3.91359e+06,1.42494e+07,0,0,0,0
78.036,85.1408,2.37141,0.03,0.08,3.46697,3.46697,0,0.655461,4.6872,4.27854e+06,2.92794e+06,1.48335e+07,0,0,0,0,62.2557,61.3098,2.15152,0,1,1.64803,1.64803,0,1.23813,1.90512,8.89167e+06,3.91359e+06,1.46538e+07,0,0,0,0
76.7368,85.1408,2.2185,0.03,0.08,3.4676,3.4676,0,0.649709,4.6872,4.27854e+06,2.92794e+06,1.48363e+07,0,0,0,0,62.0776,61.3098,2.06573,0,1,1.64833,1.64833,0,1.27327,1.90512,8.89167e+06,3.91359e+06,1.46564e+07,0,0,0,0
75.2521,85.1408,2.02017,0.03,0.08,3.46823,3.46823,0,0.649828,4.6872,4.27854e+06,2.92794e+06,1.4839e+07,0,0,0,0,61.7482,61.3098,1.96722,0,1,1.64863,1.64863,0,1.2735,1.90512,8.89167e+06,3.91359e+06,1.46591e+07,0,0,0,0
73.6154,85.1408,1.8353,0.05,0.08,3.46887,3.46887,0,0.649947,4.6872,4.27854e+06,2.92794e+06,1.48417e+07,0,0,0,0,61.431,61.3098,1.81012,0,1,1.64894,1.64894,0,1.27374,1.90512,8.89167e+06,3.91359e+06,1.46618e+07,0,0,0,0
72.012,85.1408,1.91811,0.04,0.08,3.55047,3.55047,0,0.650066,4.6872,4.27854e+06,2.92794e+06,1.51908e+07,0,0,0,0,60.7761,61.3098,1.70971,0,1,1.68954,1.68954,0,1.27397,1.90512,8.89167e+06,3.91359e+06,1.50228e+07,0,0,0,0
70.3067,85.1408,1.79516,0.04,0.08,3.55112,3.55112,0,0.665359,4.6872,4.27854e+06,2.92794e+06,1.51936e+07,0,0,0,0,60.1872,61.3098,1.5687,0,1,1.68985,1.68985,0,1.30534,1.90512,8.89167e+06,3.91359e+06,1.50256e+07,0,0,0,0
68.5954,85.1408,1.7639,0.04,0.08,3.55177,3.55177,0,0.665481,4.6872,4.27854e+06,2.92794e+06,1.51964e+07,0,0,0,0,59.7576,61.3098,1.68172,0,1,1.69016,1.69016,0,1.30558,1.90512,8.89167e+06,3.91359e+06,1.50283e+07,0,0,0,0
67.0472,85.1408,1.89784,0.05,0.08,3.55242,3.55242,0,0.665602,4.6872,4.27854e+06,2.92794e+06,1.51992e+07,0,0,0,0,59.0995,61.3098,1.8312,0,1,1.69046,1.69046,0,1.30581,1.90512,8.89167e+06,3.91359e+06,1.50311e+07,0,0,0,0
65.3621,85.1408,1.63089,0.12,0.08,3.38777,3.79037,0,0.665724,4.6872,4.27854e+06,2.92794e+06,1.44947e+07,0,0,0,0,58.3131,61.3098,1.4386,1,1,1.64129,1.83634,0,1.30605,1.90512,8.89167e+06,3.91359e+06,1.45939e+07,0,0,0,0
63.6632,85.1408,1.61619,0.11,0.08,3.38839,3.79106,0,0.634868,4.6872,4.27854e+06,2.92794e+06,1.44974e+07,0,0,0,0,57.4175,61.3098,1.37455,1,1,1.6416,1.83668,0,1.26806,1.90512,8.89167e+06,3.91359e+06,1.45965e+07,0,0,0,0
61.7176,85.1408,1.37613,0.11,0.08,3.38901,3.79175,0,0.634984,4.6872,4.27854e+06,2.92794e+06,1.45e+07,0,0,0,0,56.7153,61.3098,1.20852,1,1,1.6419,1.83701,0,1.2683,1.90512,8.89167e+06,3.91359e+06,1.45992e+07,0,0,0,0
59.9275,85.1408,1.48892,0.12,0.08,3.38963,3.79245,0,0.635101,4.6872,4.27854e+06,2.92794e+06,1.45027e+07,0,0,0,0,56.0689,61.3098,1.60767,1,1,1.6422,1.83735,0,1.26853,1.90512,8.89167e+06,3.91359e+06,1.46019e+07,0,0,0,0
58.1279,85.1408,1.44867,0.1,0.08,3.39025,3.79314,0,0.635217,4.6872,4.27854e+06,2.92794e+06,1.45053e+07,0,0,0,0,55.1851,61.3098,1.39916,1,1,1.6425,1.83769,0,1.26876,1.90512,8.89167e+06,3.91359e+06,1.46045e+07,0,0,0,0
56.3471,85.1408,1.3597,0.15,0.08,3.28741,3.67808,0,0.635333,4.6872,4.27854e+06,2.92794e+06,1.40653e+07,0,0,0,0,54.5113,61.3098,1.27338,1,1,1.56375,1.74959,0,1.26899,1.90512,8.89167e+06,3.91359e+06,1.39044e+07,0,0,0,0
54.5698,85.1408,1.41133,0.14,0.08,3.28801,3.67875,0,0.616061,4.6872,4.27854e+06,2.92794e+06,1.40679e+07,0,0,0,0,54.0292,61.3098,1.56228,1,1,1.56404,1.74991,0,1.20816,1.90512,8.89167e+06,3.91359e+06,1.39069e+07,0,0,0,0
52.8169,85.1408,1.42675,0.14,0.08,3.28861,3.67942,0,0.616173,4.6872,4.27854e+06,2.92794e+06,1.40704e+07,0,0,0,0,53.6844,61.3098,1.64311,1,1,1.56433,1.75023,0,1.20838,1.90512,8.89167e+06,3.91359e+06,1.39095e+07,0,0,0,0
51.1914,85.1408,1.5712,0.13,0.08,3.28921,3.68009,0,0.616286,4.6872,4.27854e+06,2.92794e+06,1.4073e+07,0,0,0,0,53.18,61.3098,1.75044,1,1,1.56461,1.75055,0,1.2086,1.90512,8.89167e+06,3.91359e+06,1.3912e+07,0,0,0,0
49.3176,85.1408,1.20071,0.12,0.08,3.20483,3.58568,0,0.616398,4.6872,4.27854e+06,3.51353e+06,1.3712e+07,0,0,0,0,52.3344,61.3098,1.45153,0,1,1.4929,1.67031,0,1.20882,1.90512,8.89167e+06,4.69631e+06,1.32743e+07,0,0,0,0
47.2231,85.1408,0.946676,0.17,0.08,3.20542,3.58634,0,0.600585,4.6872,4.27854e+06,3.51353e+06,1.37145e+07,0,0,0,0,51.9653,61.3098,0.86843,0,1,1.49317,1.67061,0,1.15341,1.90512,8.89167e+06,4.69631e+06,1.32768e+07,0,0,0,0
45.4217,85.1408,1.2504,0.19,0.08,3.206,3.58699,0,0.600695,4.6872,4.27854e+06,3.51353e+06,1.3717e+07,0,0,0,0,51.9761,61.3098,2.13291,0,1,1.49344,1.67092,0,1.15362,1.90512,8.89167e+06,4.69631e+06,1.32792e+07,0,0,0,0
45.5735,85.1408,3.41401,0.19,0.08,3.20659,3.58765,0,0.600805,4.6872,4.27854e+06,3.51353e+06,1.37195e+07,0,0,0,0,52.498,61.3098,4.20306,0,1,1.49371,1.67122,0,1.15383,1.90512,8.89167e+06,4.69631e+06,1.32816e+07,0,0,0,0
46.6335,85.1408,4.1211,0.2,0.08,2.96564,3.31806,0,0.600914,4.6872,4.27854e+06,3.51353e+06,1.26886e+07,0,0,0,0,52.8951,61.3098,1.8227,0,1,1.34392,1.50363,0,1.15404,1.90512,8.89167e+06,4.69631e+06,1.19497e+07,0,0,0,0
48.5354,85.1408,5.03537,0.21,0.08,2.93546,3.31867,0,0.55576,4.6872,4.27854e+06,3.51353e+06,1.25595e+07,0,0,0,0,53.2178,61.3098,2.2213,0,1,1.37489,1.5039,0,1.03831,1.90512,8.89167e+06,4.69631e+06,1.22251e+07,0,0,0,0
49.4408,85.1408,4.01057,0.19,0.08,2.93627,3.31928,0,0.550104,4.6872,4.27854e+06,3.51353e+06,1.25629e+07,0,0,0,0,53.509,61.3098,2.99072,0,1,1.37486,1.50418,0,1.06224,1.90512,8.89167e+06,4.69631e+06,1.22248e+07,0,0,0,0
50.459,85.1408,4.14238,0.2,0.08,2.93709,3.31988,0,0.550257,4.6872,4.27854e+06,3.51353e+06,1.25664e+07,0,0,0,0,53.9426,61.3098,4.17158,0,1,1.37483,1.50445,0,1.06222,1.90512,8.89167e+06,4.69631e+06,1.22245e+07,0,0,0,0
52.3073,85.1408,5.04079,0.22,0.08,2.93791,3.32049,0,0.55041,4.6872,4.27854e+06,3.51353e+06,1.25699e+07,0,0,0,0,54.6179,61.3098,4.17829,0,1,1.3748,1.50473,0,1.06219,1.90512,8.89167e+06,4.69631e+06,1.22243e+07,0,0,0,0
55.0663,85.1408,6.21844,0.19,0.08,3.03169,3.42511,0,0.550563,4.6872,4.27854e+06,3.51353e+06,1.29712e+07,0,0,0,0,57.0582,61.3098,6.86455,0,1,1.41826,1.55366,0,1.06217,1.90512,8.89167e+06,4.69631e+06,1.26107e+07,0,0,0,0
57.4848,85.1408,5.817,0.19,0.08,3.06184,3.4257,0,0.568139,4.6872,4.27854e+06,3.51353e+06,1.31002e+07,0,0,0,0,58.2483,61.3098,4.82955,0,1,1.38887,1.55392,0,1.09575,1.90512,8.89167e+06,4.69631e+06,1.23494e+07,0,0,0,0
58.8913,85.1408,4.74583,0.19,0.08,3.06236,3.42629,0,0.573788,4.6872,4.27854e+06,3.51353e+06,1.31024e+07,0,0,0,0,59.0903,61.3098,4.0229,0,1,1.38911,1.55419,0,1.07304,1.90512,8.89167e+06,4.69631e+06,1.23515e+07,0,0,0,0
59.7593,85.1408,4.14644,0.19,0.08,3.06289,3.42687,0,0.573887,4.6872,4.27854e+06,3.51353e+06,1.31047e+07,0,0,0,0,59.8774,61.3098,3.71412,0,1,1.38935,1.55445,0,1.07323,1.90512,8.89167e+06,4.69631e+06,1.23536e+07,0,0,0,0
61.9713,85.1408,5.74992,0.13,0.08,3.36221,3.76177,0,0.573985,4.6872,4.27854e+06,2.92794e+06,1.43853e+07,0,0,0,0,61.1125,61.3098,4.91931,1,1,1.55297,1.73752,0,1.07341,1.90512,8.89167e+06,3.91359e+06,1.38085e+07,0,0,0,0
62.0061,85.1408,3.58259,0.11,0.08,3.36279,3.76241,0,0.630078,4.6872,4.27854e+06,2.92794e+06,1.43878e+07,0,0,0,0,62.338,61.3098,4.63819,1,1,1.55324,1.73782,0,1.19983,1.90512,8.89167e+06,3.91359e+06,1.38109e+07,0,0,0,0
62.85,85.1408,4.51599,0.11,0.08,3.36336,3.76306,0,0.630186,4.6872,4.27854e+06,2.92794e+06,1.43903e+07,0,0,0,0,62.338,61.3098,7.33091,1,1,1.5535,1.73812,0,1.20003,1.90512,8.89167e+06,3.91359e+06,1.38132e+07,0,0,0,0
63.4247,85.1408,4.25718,0.11,0.08,3.36394,3.7637,0,0.630294,4.6872,4.27854e+06,2.92794e+06,1.43927e+07,0,0,0,0,62.338,61.3098,6.06423,1,1,1.55377,1.73842,0,1.20024,1.90512,8.89167e+06,3.91359e+06,1.38156e+07,0,0,0,0
65.2438,85.1408,5.23155,0.12,0.08,2.93804,3.28719,0,0.630402,4.6872,4.27854e+06,3.51353e+06,1.25705e+07,0,0,0,0,62.338,61.3098,7.47906,0,1,1.33462,1.49322,0,1.20044,1.90512,8.89167e+06,4.69631e+06,1.1867e+07,0,0,0,0
69.2498,85.1408,7.29972,0.13,0.08,2.89741,3.28775,0,0.550589,4.6872,4.27854e+06,3.51353e+06,1.23967e+07,0,0,0,0,62.338,61.3098,7.09121,0,1,1.37598,1.49348,0,1.03113,1.90512,8.89167e+06,4.69631e+06,1.22347e+07,0,0,0,0
71.2362,85.1408,5.59412,0.04,0.08,3.24744,3.28832,0,0.542975,4.6872,4.27854e+06,2.92794e+06,1.38943e+07,0,0,0,0,62.338,61.3098,5.46849,0,1,1.53461,1.49373,0,1.06308,1.90512,8.89167e+06,3.91359e+06,1.36452e+07,0,0,0,0
74.3663,85.1408,6.78191,0.04,0.08,3.24826,3.28888,0,0.608571,4.6872,4.27854e+06,2.92794e+06,1.38978e+07,0,0,0,0,62.338,61.3098,6.10437,0,1,1.53461,1.49399,0,1.18564,1.90512,8.89167e+06,3.91359e+06,1.36452e+07,0,0,0,0
76.4263,85.1408,5.71473,0.04,0.08,3.24908,3.28944,0,0.608724,4.6872,4.27854e+06,2.92794e+06,1.39013e+07,0,0,0,0,62.338,61.3098,7.05488,0,1,1.53461,1.49425,0,1.18564,1.90512,8.89167e+06,3.91359e+06,1.36452e+07,0,0,0,0
77.2235,85.1408,4.60085,0.04,0.08,3.37011,3.41022,0,0.608878,4.6872,4.27854e+06,2.92794e+06,1.44191e+07,0,0,0,0,62.338,61.3098,5.25162,0,1,1.59472,1.55461,0,1.18564,1.90512,8.89167e+06,3.91359e+06,1.41797e+07,0,0,0,0
77.6959,85.1408,4.23444,0.01,0.08,3.4108,3.4108,0,0.631558,4.6872,4.27854e+06,2.92794e+06,1.45932e+07,0,0,0,0,62.338,61.3098,5.38728,0,1,1.55487,1.55487,0,1.23208,1.90512,8.89167e+06,3.91359e+06,1.38254e+07,0,0,0,0
77.8893,85.1408,3.94043,0.01,0.08,3.41138,3.41138,0,0.639184,4.6872,4.27854e+06,2.92794e+06,1.45957e+07,0,0,0,0,62.338,61.3098,6.74327,0,1,1.55514,1.55514,0,1.2013,1.90512,8.89167e+06,3.91359e+06,1.38278e+07,0,0,0,0
77.5173,85.1408,3.32551,0.01,0.08,3.41197,3.41197,0,0.639293,4.6872,4.27854e+06,2.92794e+06,1.45982e+07,0,0,0,0,62.338,61.3098,4.69563,0,1,1.55541,1.55541,0,1.2015,1.90512,8.89167e+06,3.91359e+06,1.38302e+07,0,0,0,0
77.4584,85.1408,3.56336,0.01,0.08,3.36552,3.36552,0,0.639403,4.6872,4.27854e+06,2.92794e+06,1.43995e+07,0,0,0,0,62.338,61.3098,4.73034,0,1,1.53231,1.53231,0,1.20171,1.90512,8.89167e+06,3.91359e+06,1.36248e+07,0,0,0,0
76.7706,85.1408,2.90118,0.01,0.08,3.36405,3.36609,0,0.630698,4.6872,4.27854e+06,2.92794e+06,1.43932e+07,0,0,0,0,62.338,61.3098,4.28029,0,1,1.53461,1.53257,0,1.18386,1.90512,8.89167e+06,3.91359e+06,1.36453e+07,0,0,0,0
75.7929,85.1408,2.59886,0,0.08,3.36667,3.36667,0,0.630424,4.6872,4.27854e+06,2.92794e+06,1.44044e+07,0,0,0,0,62.338,61.3098,3.31916,0,1,1.53284,1.53284,0,1.18564,1.90512,8.89167e+06,3.91359e+06,1.36295e+07,0,0,0,0
75.3662,85.1408,3.14931,0.02,0.08,3.36573,3.36725,0,0.630914,4.6872,4.27854e+06,2.92794e+06,1.44004e+07,0,0,0,0,62.338,61.3098,3.42464,0,1,1.53461,1.5331,0,1.18427,1.90512,8.89167e+06,3.91359e+06,1.36453e+07,0,0,0,0
74.2623,85.1408,2.50747,0.04,0.08,3.52633,3.52758,0,0.630738,4.6872,4.27854e+06,2.92794e+06,1.50875e+07,0,0,0,0,62.338,61.3098,3.87298,0,1,1.61752,1.61626,0,1.18564,1.90512,8.89167e+06,3.91359e+06,1.43824e+07,0,0,0,0
73.1731,85.1408,2.51285,0.04,0.08,3.52818,3.52818,0,0.660834,4.6872,4.27854e+06,2.92794e+06,1.50955e+07,0,0,0,0,62.338,61.3098,3.45572,0,1,1.61654,1.61654,0,1.24969,1.90512,8.89167e+06,3.91359e+06,1.43737e+07,0,0,0,0
71.839,85.1408,2.22276,0.03,0.08,3.52879,3.52879,0,0.661182,4.6872,4.27854e+06,2.92794e+06,1.50981e+07,0,0,0,0,62.338,61.3098,3.25519,0,1,1.61682,1.61682,0,1.24894,1.90512,8.89167e+06,3.91359e+06,1.43762e+07,0,0,0,0
70.4316,85.1408,2.10136,0.03,0.08,3.52939,3.52939,0,0.661295,4.6872,4.27854e+06,2.92794e+06,1.51006e+07,0,0,0,0,62.338,61.3098,3.09556,0,1,1.61709,1.61709,0,1.24915,1.90512,8.89167e+06,3.91359e+06,1.43787e+07,0,0,0,0
69.2463,85.1408,2.30131,0.03,0.08,3.53,3.53,0,0.661408,4.6872,4.27854e+06,2.92794e+06,1.51032e+07,0,0,0,0,62.338,61.3098,2.89288,0,1,1.61737,1.61737,0,1.24937,1.90512,8.89167e+06,3.91359e+06,1.43811e+07,0,0,0,0
68.7994,85.1408,2.97982,0.04,0.08,3.49898,3.49898,0,0.661521,4.6872,4.27854e+06,2.92794e+06,1.49705e+07,0,0,0,0,62.2985,61.3098,2.73841,0,1,1.66325,1.66325,0,1.24958,1.90512,8.89167e+06,3.91359e+06,1.47891e+07,0,0,0,0
68.1737,85.1408,2.79654,0.04,0.08,3.49958,3.49958,0,0.655708,4.6872,4.27854e+06,2.92794e+06,1.49731e+07,0,0,0,0,62.2155,61.3098,2.5828,0,1,1.66353,1.66353,0,1.28503,1.90512,8.89167e+06,3.91359e+06,1.47916e+07,0,0,0,0
67.3099,85.1408,2.55042,0.04,0.08,3.50018,3.50018,0,0.655821,4.6872,4.27854e+06,2.92794e+06,1.49756e+07,0,0,0,0,62.1116,61.3098,2.5394,0,1,1.66382,1.66382,0,1.28525,1.90512,8.89167e+06,3.91359e+06,1.47941e+07,0,0,0,0
66.5295,85.1408,2.31325,0.06,0.08,3.12894,3.50077,0,0.655933,4.6872,4.27854e+06,3.51353e+06,1.33873e+07,0,0,0,0,62.134,61.3098,2.29445,0,1,1.48735,1.6641,0,1.28547,1.90512,8.89167e+06,4.69631e+06,1.3225e+07,0,0,0,0
65.4634,85.1408,2.04834,0.06,0.08,3.20251,3.58309,0,0.586363,4.6872,4.27854e+06,3.51353e+06,1.37021e+07,0,0,0,0,62.008,61.3098,2.02181,0,1,1.52395,1.70506,0,1.14913,1.90512,8.89167e+06,4.69631e+06,1.35505e+07,0,0,0,0
64.3123,85.1408,1.93799,0.06,0.08,3.20306,3.5837,0,0.60015,4.6872,4.27854e+06,3.51353e+06,1.37044e+07,0,0,0,0,61.7908,61.3098,2.02033,0,1,1.52421,1.70535,0,1.17741,1.90512,8.89167e+06,4.69631e+06,1.35528e+07,0,0,0,0
63.3339,85.1408,2.09966,0.08,0.08,3.2036,3.58431,0,0.600253,4.6872,4.27854e+06,3.51353e+06,1.37067e+07,0,0,0,0,61.595,61.3098,2.18722,0,1,1.52448,1.70564,0,1.17761,1.90512,8.89167e+06,4.69631e+06,1.35551e+07,0,0,0,0
62.2522,85.1408,1.99811,0.11,0.08,3.20415,3.58493,0,0.600355,4.6872,4.27854e+06,3.51353e+06,1.37091e+07,0,0,0,0,61.2312,61.3098,1.91984,0,1,1.52474,1.70593,0,1.17781,1.90512,8.89167e+06,4.69631e+06,1.35575e+07,0,0,0,0
60.7701,85.1408,1.7355,0.11,0.08,3.41873,3.825,0,0.600458,4.6872,4.27854e+06,2.92794e+06,1.46272e+07,0,0,0,0,60.2948,61.3098,1.59179,1,1,1.65629,1.85312,0,1.17801,1.90512,8.89167e+06,3.91359e+06,1.47272e+07,0,0,0,0
59.2839,85.1408,1.69939,0.11,0.08,3.41931,3.82566,0,0.64067,4.6872,4.27854e+06,2.92794e+06,1.46297e+07,0,0,0,0,59.2868,61.3098,1.21508,1,1,1.65658,1.85344,0,1.27965,1.90512,8.89167e+06,3.91359e+06,1.47297e+07,0,0,0,0
57.6144,85.1408,1.51007,0.16,0.08,3.4199,3.82631,0,0.640779,4.6872,4.27854e+06,2.92794e+06,1.46322e+07,0,0,0,0,58.3066,61.3098,1.16509,1,1,1.65686,1.85376,0,1.27987,1.90512,8.89167e+06,3.91359e+06,1.47322e+07,0,0,0,0
55.9983,85.1408,1.53284,0.15,0.08,3.42048,3.82696,0,0.640889,4.6872,4.27854e+06,2.92794e+06,1.46347e+07,0,0,0,0,57.6316,61.3098,1.27,1,1,1.65714,1.85407,0,1.28009,1.90512,8.89167e+06,3.91359e+06,1.47348e+07,0,0,0,0
54.4529,85.1408,1.5886,0.16,0.08,3.42107,3.82762,0,0.640998,4.6872,4.27854e+06,2.92794e+06,1.46372e+07,0,0,0,0,57.2229,61.3098,1.55172,1,1,1.65743,1.85439,0,1.28031,1.90512,8.89167e+06,3.91359e+06,1.47373e+07,0,0,0,0
52.8151,85.1408,1.42638,0.15,0.08,3.31725,3.71147,0,0.641108,4.6872,4.27854e+06,2.92794e+06,1.4193e+07,0,0,0,0,57.5426,61.3098,3.43722,1,1,1.57795,1.76547,0,1.28053,1.90512,8.89167e+06,3.91359e+06,1.40306e+07,0,0,0,0
51.0229,85.1408,1.24782,0.14,0.08,3.31782,3.7121,0,0.621653,4.6872,4.27854e+06,2.92794e+06,1.41954e+07,0,0,0,0,57.3333,61.3098,1.9691,1,1,1.57822,1.76577,0,1.21912,1.90512,8.89167e+06,3.91359e+06,1.4033e+07,0,0,0,0
49.2286,85.1408,1.21,0.2,0.08,3.31839,3.71274,0,0.621759,4.6872,4.27854e+06,2.92794e+06,1.41978e+07,0,0,0,0,57.0968,61.3098,1.80732,1,1,1.57849,1.76607,0,1.21933,1.90512,8.89167e+06,3.91359e+06,1.40354e+07,0,0,0,0
48.5131,85.1408,2.47433,0.17,0.08,3.31895,3.71337,0,0.621866,4.6872,4.27854e+06,2.92794e+06,1.42003e+07,0,0,0,0,57.6299,61.3098,3.00984,1,1,1.57876,1.76637,0,1.21954,1.90512,8.89167e+06,3.91359e+06,1.40378e+07,0,0,0,0
49.1154,85.1408,3.69953,0.16,0.08,3.23377,3.61806,0,0.621972,4.6872,4.27854e+06,3.51353e+06,1.38358e+07,0,0,0,0,57.9468,61.3098,2.99094,0,1,1.50638,1.68539,0,1.21975,1.90512,8.89167e+06,4.69631e+06,1.33942e+07,0,0,0,0
49.5141,85.1408,3.46328,0.17,0.08,3.23432,3.61868,0,0.606008,4.6872,4.27854e+06,3.51353e+06,1.38382e+07,0,0,0,0,58.3275,61.3098,3.25878,0,1,1.50663,1.68568,0,1.16383,1.90512,8.89167e+06,4.69631e+06,1.33965e+07,0,0,0,0
49.6703,85.1408,3.32444,0.19,0.08,3.23487,3.6193,0,0.606112,4.6872,4.27854e+06,3.51353e+06,1.38405e+07,0,0,0,0,59.2251,61.3098,3.75299,0,1,1.50689,1.68597,0,1.16403,1.90512,8.89167e+06,4.69631e+06,1.33988e+07,0,0,0,0
49.6132,85.1408,3.12519,0.19,0.08,3.23543,3.61992,0,0.606215,4.6872,4.27854e+06,3.51353e+06,1.38429e+07,0,0,0,0,60.4801,61.3098,4.88489,0,1,1.50715,1.68626,0,1.16422,1.90512,8.89167e+06,4.69631e+06,1.34011e+07,0,0,0,0
50.5927,85.1408,4.008,0.2,0.08,2.99227,3.34787,0,0.606319,4.6872,4.27854e+06,3.51353e+06,1.28026e+07,0,0,0,0,61.3229,61.3098,3.97554,0,1,1.35599,1.51714,0,1.16442,1.90512,8.89167e+06,4.69631e+06,1.2057e+07,0,0,0,0
50.6764,85.1408,3.07442,0.2,0.08,2.97557,3.34844,0,0.560752,4.6872,4.27854e+06,3.51353e+06,1.27311e+07,0,0,0,0,61.6332,61.3098,2.4779,0,1,1.37344,1.51739,0,1.04764,1.90512,8.89167e+06,4.69631e+06,1.22122e+07,0,0,0,0
51.5463,85.1408,3.92762,0.19,0.08,2.97634,3.34901,0,0.557621,4.6872,4.27854e+06,3.51353e+06,1.27344e+07,0,0,0,0,62.338,61.3098,3.34144,0,1,1.37341,1.51765,0,1.06112,1.90512,8.89167e+06,4.69631e+06,1.22119e+07,0,0,0,0
50.8766,85.1408,2.38511,0.15,0.08,2.97711,3.34958,0,0.557766,4.6872,4.27854e+06,3.51353e+06,1.27377e+07,0,0,0,0,62.338,61.3098,2.76957,0,1,1.37339,1.51791,0,1.0611,1.90512,8.89167e+06,4.69631e+06,1.22117e+07,0,0,0,0
50.3097,85.1408,2.49541,0.22,0.08,2.97788,3.35016,0,0.55791,4.6872,4.27854e+06,3.51353e+06,1.2741e+07,0,0,0,0,62.338,61.3098,2.52398,0,1,1.37336,1.51817,0,1.06108,1.90512,8.89167e+06,4.69631e+06,1.22115e+07,0,0,0,0
49.7316,85.1408,2.54598,0.23,0.12,3.07245,3.45567,0,0.558055,4.6872,4.27854e+06,3.51353e+06,1.31456e+07,0,0,0,0,62.338,61.3098,3.12427,0,1,1.4172,1.56752,0,1.06106,1.90512,8.89167e+06,4.69631e+06,1.26013e+07,0,0,0,0
48.8766,85.1408,2.14373,0.23,0.12,3.08912,3.45622,0,0.575777,4.6872,4.27854e+06,3.51353e+06,1.32169e+07,0,0,0,0,62.2628,61.3098,2.7225,0,1,1.40125,1.56777,0,1.09493,1.90512,8.89167e+06,4.69631e+06,1.24594e+07,0,0,0,0
47.788,85.1408,1.87729,0.23,0.12,3.08961,3.45678,0,0.578901,4.6872,4.27854e+06,3.51353e+06,1.3219e+07,0,0,0,0,62.2844,61.3098,2.42602,0,1,1.40147,1.56802,0,1.0826,1.90512,8.89167e+06,4.69631e+06,1.24614e+07,0,0,0,0
46.6863,85.1408,1.86768,0.23,0.12,3.09011,3.45733,0,0.578994,4.6872,4.27854e+06,3.51353e+06,1.32211e+07,0,0,0,0,62.338,61.3098,2.35646,0,1,1.40169,1.56827,0,1.08278,1.90512,8.89167e+06,4.69631e+06,1.24634e+07,0,0,0,0
45.4897,85.1408,2.09087,0.23,0.12,3.39205,3.79515,0,0.579086,4.6872,4.27854e+06,2.92794e+06,1.4513e+07,0,0,0,0,62.338,61.3098,3.15339,1,1,1.56675,1.75294,0,1.08295,1.90512,8.89167e+06,3.91359e+06,1.39311e+07,0,0,0,0
43.9097,85.1408,1.66979,0.25,0.12,3.39259,3.79576,0,0.63567,4.6872,4.27854e+06,2.92794e+06,1.45153e+07,0,0,0,0,62.338,61.3098,4.62758,1,1,1.567,1.75322,0,1.21047,1.90512,8.89167e+06,3.91359e+06,1.39333e+07,0,0,0,0
45.8092,85.1408,5.29027,0.25,0.12,3.39313,3.79636,0,0.635772,4.6872,4.27854e+06,2.92794e+06,1.45176e+07,0,0,0,0,62.338,61.3098,5.05193,1,1,1.56725,1.7535,0,1.21067,1.90512,8.89167e+06,3.91359e+06,1.39355e+07,0,0,0,0
44.9572,85.1408,2.41465,0.26,0.12,3.39367,3.79697,0,0.635873,4.6872,4.27854e+06,2.92794e+06,1.452e+07,0,0,0,0,62.338,61.3098,3.24941,1,1,1.5675,1.75378,0,1.21086,1.90512,8.89167e+06,3.91359e+06,1.39377e+07,0,0,0,0
46.196,85.1408,4.13765,0.27,0.12,2.96398,3.31621,0,0.635974,4.6872,4.27854e+06,3.51353e+06,1.26815e+07,0,0,0,0,62.338,61.3098,4.31669,0,1,1.3464,1.5064,0,1.21105,1.90512,8.89167e+06,4.69631e+06,1.19718e+07,0,0,0,0
48.8899,85.1408,5.68476,0.29,0.12,2.9365,3.31674,0,0.555449,4.6872,4.27854e+06,3.51353e+06,1.25639e+07,0,0,0,0,62.338,61.3098,6.42739,0,1,1.37456,1.50664,0,1.04023,1.90512,8.89167e+06,4.69631e+06,1.22222e+07,0,0,0,0
52.0425,85.1408,6.22729,0.31,0.12,2.93721,3.31727,0,0.5503,4.6872,4.27854e+06,3.51353e+06,1.2567e+07,0,0,0,0,62.338,61.3098,5.30297,0,1,1.37454,1.50688,0,1.06199,1.90512,8.89167e+06,4.69631e+06,1.22219e+07,0,0,0,0
54.4584,85.1408,5.50543,0.23,0.12,2.93793,3.3178,0,0.550434,4.6872,4.27854e+06,3.51353e+06,1.257e+07,0,0,0,0,62.338,61.3098,4.87788,0,1,1.37451,1.50712,0,1.06197,1.90512,8.89167e+06,4.69631e+06,1.22217e+07,0,0,0,0
56.5126,85.1408,5.16504,0.25,0.12,2.93864,3.31832,0,0.550568,4.6872,4.27854e+06,3.51353e+06,1.25731e+07,0,0,0,0,62.338,61.3098,5.48541,0,1,1.37449,1.50737,0,1.06195,1.90512,8.89167e+06,4.69631e+06,1.22215e+07,0,0,0,0
57.0067,85.1408,3.65611,0.27,0.12,3.04774,3.44012,0,0.550701,4.6872,4.27854e+06,3.51353e+06,1.30399e+07,0,0,0,0,62.338,61.3098,4.27418,0,1,1.42866,1.56824,0,1.06193,1.90512,8.89167e+06,4.69631e+06,1.27031e+07,0,0,0,0
57.0243,85.1408,3.19056,0.28,0.12,3.07521,3.44067,0,0.571146,4.6872,4.27854e+06,3.51353e+06,1.31574e+07,0,0,0,0,62.338,61.3098,3.45669,0,1,1.40189,1.56849,0,1.10378,1.90512,8.89167e+06,4.69631e+06,1.24652e+07,0,0,0,0
56.867,85.1408,2.97473,0.28,0.12,3.07571,3.44121,0,0.576295,4.6872,4.27854e+06,3.51353e+06,1.31595e+07,0,0,0,0,62.338,61.3098,3.10837,0,1,1.40212,1.56874,0,1.0831,1.90512,8.89167e+06,4.69631e+06,1.24672e+07,0,0,0,0
56.5167,85.1408,2.73241,0.26,0.12,3.0762,3.44176,0,0.576387,4.6872,4.27854e+06,3.51353e+06,1.31616e+07,0,0,0,0,62.1313,61.3098,3.03857,0,1,1.40234,1.56899,0,1.08328,1.90512,8.89167e+06,4.69631e+06,1.24691e+07,0,0,0,0
55.5605,85.1408,2.05382,0.24,0.12,3.03428,3.39487,0,0.576479,4.6872,4.27854e+06,3.51353e+06,1.29823e+07,0,0,0,0,61.9405,61.3098,2.06989,0,1,1.3815,1.54568,0,1.08345,1.90512,8.89167e+06,4.69631e+06,1.22839e+07,0,0,0,0
54.5511,85.1408,1.96179,0.2,0.12,3.03477,3.39541,0,0.568624,4.6872,4.27854e+06,3.51353e+06,1.29844e+07,0,0,0,0,61.685,61.3098,1.90435,0,1,1.38172,1.54592,0,1.06735,1.90512,8.89167e+06,4.69631e+06,1.22858e+07,0,0,0,0
53.3843,85.1408,1.7511,0.18,0.12,3.03525,3.39595,0,0.568715,4.6872,4.27854e+06,3.51353e+06,1.29864e+07,0,0,0,0,61.4368,61.3098,1.84436,0,1,1.38194,1.54617,0,1.06752,1.90512,8.89167e+06,4.69631e+06,1.22878e+07,0,0,0,0
52.1504,85.1408,1.65347,0.17,0.12,3.03573,3.39649,0,0.568806,4.6872,4.27854e+06,3.51353e+06,1.29885e+07,0,0,0,0,61.1576,61.3098,1.67038,0,1,1.38216,1.54642,0,1.06769,1.90512,8.89167e+06,4.69631e+06,1.22897e+07,0,0,0,0
50.7509,85.1408,1.57303,0.15,0.12,3.18025,3.55818,0,0.568896,4.6872,4.27854e+06,3.51353e+06,1.36068e+07,0,0,0,0,60.828,61.3098,1.73606,0,1,1.45712,1.63028,0,1.06786,1.90512,8.89167e+06,4.69631e+06,1.29562e+07,0,0,0,0
49.3468,85.1408,1.53904,0.3,0.12,3.18075,3.55875,0,0.595978,4.6872,4.27854e+06,3.51353e+06,1.3609e+07,0,0,0,0,60.489,61.3098,1.75811,0,1,1.45735,1.63054,0,1.12577,1.90512,8.89167e+06,4.69631e+06,1.29583e+07,0,0,0,0
47.8069,85.1408,1.37064,0.27,0.12,3.18126,3.55931,0,0.596073,4.6872,4.27854e+06,3.51353e+06,1.36111e+07,0,0,0,0,60.0574,61.3098,1.60661,0,1,1.45759,1.6308,0,1.12595,1.90512,8.89167e+06,4.69631e+06,1.29604e+07,0,0,0,0
46.2498,85.1408,1.29064,0.23,0.12,3.18177,3.55988,0,0.596168,4.6872,4.27854e+06,3.51353e+06,1.36133e+07,0,0,0,0,59.5217,61.3098,1.54484,0,1,1.45782,1.63106,0,1.12613,1.90512,8.89167e+06,4.69631e+06,1.29624e+07,0,0,0,0
44.621,85.1408,1.2152,0.21,0.12,3.18227,3.56045,0,0.596263,4.6872,4.27854e+06,3.51353e+06,1.36155e+07,0,0,0,0,58.9971,61.3098,1.47883,0,1,1.45805,1.63132,0,1.12631,1.90512,8.89167e+06,4.69631e+06,1.29645e+07,0,0,0,0
42.9584,85.1408,1.1425,0.19,0.12,3.15427,3.52912,0,0.596358,4.6872,4.27854e+06,3.51353e+06,1.34957e+07,0,0,0,0,58.4804,61.3098,1.50475,0,1,1.49939,1.67758,0,1.12649,1.90512,8.89167e+06,4.69631e+06,1.33321e+07,0,0,0,0
41.2154,85.1408,1.06087,0.19,0.12,3.15478,3.52968,0,0.591111,4.6872,4.27854e+06,3.51353e+06,1.34978e+07,0,0,0,0,57.8555,61.3098,1.46989,0,1,1.49963,1.67785,0,1.15843,1.90512,8.89167e+06,4.69631e+06,1.33342e+07,0,0,0,0
39.3819,85.1408,0.967282,0.38,0.12,3.15528,3.53025,0,0.591205,4.6872,4.27854e+06,3.51353e+06,1.35e+07,0,0,0,0,57.1666,61.3098,1.34952,0,1,1.49987,1.67811,0,1.15862,1.90512,8.89167e+06,4.69631e+06,1.33364e+07,0,0,0,0
37.4793,85.1408,0.883504,0.33,0.12,3.15578,3.53081,0,0.5913,4.6872,4.27854e+06,3.51353e+06,1.35021e+07,0,0,0,0,56.347,61.3098,1.29034,0,1,1.50011,1.67838,0,1.1588,1.90512,8.89167e+06,4.69631e+06,1.33385e+07,0,0,0,0
35.4551,85.1408,0.814859,0.3,0.12,3.22995,3.61379,0,0.591394,4.6872,4.27854e+06,2.92794e+06,1.38194e+07,0,0,0,0,55.5106,61.3098,1.14441,1,1,1.53701,1.71967,0,1.15899,1.90512,8.89167e+06,3.91359e+06,1.36666e+07,0,0,0,0
33.5419,85.1408,0.93746,0.28,0.12,3.23046,3.61436,0,0.605292,4.6872,4.27854e+06,2.92794e+06,1.38217e+07,0,0,0,0,54.8527,61.3098,1.40121,1,1,1.53726,1.71994,0,1.18749,1.90512,8.89167e+06,3.91359e+06,1.36688e+07,0,0,0,0
31.551,85.1408,0.846619,0.41,0.12,3.23098,3.61494,0,0.605388,4.6872,4.27854e+06,2.92794e+06,1.38239e+07,0,0,0,0,53.9639,61.3098,1.31962,1,1,1.5375,1.72021,0,1.18768,1.90512,8.89167e+06,3.91359e+06,1.3671e+07,0,0,0,0
29.4886,85.1408,0.771154,0.35,0.12,3.23149,3.61551,0,0.605485,4.6872,4.27854e+06,2.92794e+06,1.38261e+07,0,0,0,0,53.2565,61.3098,1.15481,1,1,1.53775,1.72049,0,1.18787,1.90512,8.89167e+06,3.91359e+06,1.36731e+07,0,0,0,0
27.2922,85.1408,0.853579,0.34,0.12,3.44786,3.85759,0,0.605581,4.6872,4.27854e+06,2.92794e+06,1.47518e+07,0,0,0,0,52.2608,61.3098,1.46571,1,1,1.6704,1.86891,0,1.18806,1.90512,8.89167e+06,3.91359e+06,1.48527e+07,0,0,0,0
24.8835,85.1408,0.658747,0.31,0.12,3.44841,3.85821,0,0.646128,4.6872,4.27854e+06,2.92794e+06,1.47541e+07,0,0,0,0,51.2195,61.3098,1.10799,1,1,1.67067,1.86921,0,1.29055,1.90512,8.89167e+06,3.91359e+06,1.48551e+07,0,0,0,0
22.4894,85.1408,0.663811,0.45,0.12,3.44896,3.85882,0,0.646231,4.6872,4.27854e+06,2.92794e+06,1.47565e+07,0,0,0,0,50.4191,61.3098,1.20964,1,1,1.67094,1.86951,0,1.29076,1.90512,8.89167e+06,3.91359e+06,1.48574e+07,0,0,0,0
20.1022,85.1408,0.670064,0.39,0.12,3.4495,3.85944,0,0.646334,4.6872,4.27854e+06,2.92794e+06,1.47588e+07,0,0,0,0,49.4558,61.3098,1.38854,1,1,1.6712,1.8698,0,1.29097,1.90512,8.89167e+06,3.91359e+06,1.48598e+07,0,0,0,0
17.6849,85.1408,0.622936,0.37,0.12,3.45005,3.86005,0,0.646437,4.6872,4.27854e+06,2.92794e+06,1.47612e+07,0,0,0,0,48.6748,61.3098,1.15194,1,1,1.67147,1.8701,0,1.29117,1.90512,8.89167e+06,3.91359e+06,1.48622e+07,0,0,0,0
15.5352,85.1408,0.836543,0.33,0.12,3.34532,3.74287,0,0.64654,4.6872,4.27854e+06,2.92794e+06,1.43131e+07,0,0,0,0,47.9479,61.3098,1.42218,1,1,1.5913,1.78041,0,1.29138,1.90512,8.89167e+06,3.91359e+06,1.41493e+07,0,0,0,0
13.8223,85.1408,1.2759,0.44,0.12,3.34585,3.74347,0,0.626913,4.6872,4.27854e+06,2.92794e+06,1.43154e+07,0,0,0,0,47.315,61.3098,1.36046,1,1,1.59155,1.78069,0,1.22944,1.90512,8.89167e+06,3.91359e+06,1.41516e+07,0,0,0,0
13.3773,85.1408,1.02473,0.4,0.12,3.34639,3.74406,0,0.627013,4.6872,4.27854e+06,2.92794e+06,1.43176e+07,0,0,0,0,46.522,61.3098,1.40918,1,1,1.59181,1.78097,0,1.22963,1.90512,8.89167e+06,3.91359e+06,1.41538e+07,0,0,0,0
13.0987,85.1408,0.737685,0.39,0.12,3.34692,3.74466,0,0.627113,4.6872,4.27854e+06,2.92794e+06,1.43199e+07,0,0,0,0,46.1101,61.3098,1.09272,1,1,1.59206,1.78126,0,1.22983,1.90512,8.89167e+06,3.91359e+06,1.41561e+07,0,0,0,0
14.2871,85.1408,2.0478,0.36,0.12,3.26098,3.64851,0,0.627213,4.6872,4.27854e+06,3.51353e+06,1.39522e+07,0,0,0,0,46.1686,61.3098,2.59052,0,1,1.51905,1.69957,0,1.23003,1.90512,8.89167e+06,4.69631e+06,1.35069e+07,0,0,0,0
15.6897,85.1408,3.4852,0.36,0.12,3.2615,3.64909,0,0.611108,4.6872,4.27854e+06,3.51353e+06,1.39544e+07,0,0,0,0,46.4539,61.3098,3.18292,0,1,1.51929,1.69984,0,1.17362,1.90512,8.89167e+06,4.69631e+06,1.35091e+07,0,0,0,0
17.8436,85.1408,5.33264,0.35,0.12,3.26202,3.64967,0,0.611205,4.6872,4.27854e+06,3.51353e+06,1.39567e+07,0,0,0,0,47.1317,61.3098,4.62771,0,1,1.51954,1.70011,0,1.17381,1.90512,8.89167e+06,4.69631e+06,1.35112e+07,0,0,0,0
19.915,85.1408,5.35315,0.31,0.12,3.26254,3.65025,0,0.611302,4.6872,4.27854e+06,3.51353e+06,1.39589e+07,0,0,0,0,47.6737,61.3098,4.05787,0,1,1.51978,1.70038,0,1.17399,1.90512,8.89167e+06,4.69631e+06,1.35134e+07,0,0,0,0
23.9892,85.1408,7.25551,0.31,0.12,3.01731,3.37588,0,0.611399,4.6872,4.27854e+06,3.51353e+06,1.29097e+07,0,0,0,0,49.5027,61.3098,5.6511,0,1,1.36734,1.52983,0,1.17418,1.90512,8.89167e+06,4.69631e+06,1.21579e+07,0,0,0,0
28.1841,85.1408,7.56094,0.31,0.12,3.01327,3.37642,0,0.565444,4.6872,4.27854e+06,3.51353e+06,1.28924e+07,0,0,0,0,51.5416,61.3098,6.12258,0,1,1.37208,1.53007,0,1.05641,1.90512,8.89167e+06,4.69631e+06,1.22001e+07,0,0,0,0
33.1636,85.1408,8.54282,0.3,0.12,3.01399,3.37695,0,0.564686,4.6872,4.27854e+06,3.51353e+06,1.28955e+07,0,0,0,0,52.5131,61.3098,4.17914,0,1,1.37205,1.53032,0,1.06007,1.90512,8.89167e+06,4.69631e+06,1.21998e+07,0,0,0,0
37.4847,85.1408,7.45211,0.31,0.12,3.01472,3.37749,0,0.564822,4.6872,4.27854e+06,3.51353e+06,1.28986e+07,0,0,0,0,53.6976,61.3098,5.05283,0,1,1.37203,1.53056,0,1.06005,1.90512,8.89167e+06,4.69631e+06,1.21996e+07,0,0,0,0
43.4988,85.1408,9.08414,0.26,0.12,3.01544,3.37803,0,0.564958,4.6872,4.27854e+06,3.51353e+06,1.29017e+07,0,0,0,0,56.448,61.3098,6.95055,0,1,1.372,1.5308,0,1.06003,1.90512,8.89167e+06,4.69631e+06,1.21994e+07,0,0,0,0
47.0002,85.1408,6.76671,0.22,0.12,3.11074,3.48439,0,0.565093,4.6872,4.27854e+06,3.51353e+06,1.33094e+07,0,0,0,0,57.0317,61.3098,4.29942,0,1,1.41621,1.58054,0,1.06001,1.90512,8.89167e+06,4.69631e+06,1.25925e+07,0,0,0,0
50.9262,85.1408,7.45942,0.23,0.14,3.11475,3.4849,0,0.582953,4.6872,4.27854e+06,3.51353e+06,1.33266e+07,0,0,0,0,57.7351,61.3098,4.8578,0,1,1.41287,1.58078,0,1.09417,1.90512,8.89167e+06,4.69631e+06,1.25628e+07,0,0,0,0
56.1197,85.1408,8.87185,0.23,0.14,3.11521,3.48542,0,0.583705,4.6872,4.27854e+06,3.51353e+06,1.33286e+07,0,0,0,0,58.9995,61.3098,6.41257,0,1,1.41308,1.58101,0,1.09159,1.90512,8.89167e+06,4.69631e+06,1.25647e+07,0,0,0,0
64.0075,85.1408,11.6969,0.2,0.14,3.11568,3.48594,0,0.583791,4.6872,4.27854e+06,3.51353e+06,1.33305e+07,0,0,0,0,60.94,61.3098,8.0536,0,1,1.41329,1.58124,0,1.09175,1.90512,8.89167e+06,4.69631e+06,1.25665e+07,0,0,0,0
71.754,85.1408,12.1072,0.11,0.14,3.42008,3.82651,0,0.583878,4.6872,4.27854e+06,2.92794e+06,1.46329e+07,0,0,0,0,62.338,61.3098,7.98881,1,1,1.5797,1.76743,0,1.09191,1.90512,8.89167e+06,3.91359e+06,1.40462e+07,0,0,0,0
85.1408,85.1408,18.1337,0.02,0.14,3.74578,3.82708,0,0.640923,4.6872,4.27854e+06,2.92794e+06,1.60265e+07,0,0,0,0,62.338,61.3098,13.4224,1,1,1.73014,1.76769,0,1.22048,1.90512,8.89167e+06,3.91359e+06,1.53838e+07,0,0,0,0
85.1408,85.1408,8.00192,0.01,0.14,3.74634,3.82765,0,0.701959,4.6872,4.27854e+06,2.92794e+06,1.60288e+07,0,0,0,0,62.338,61.3098,6.93323,1,1,1.7304,1.76795,0,1.33671,1.90512,8.89167e+06,3.91359e+06,1.53861e+07,0,0,0,0
85.1408,85.1408,5.85034,0,0.14,3.74689,3.82822,0,0.702064,4.6872,4.27854e+06,2.92794e+06,1.60312e+07,0,0,0,0,62.338,61.3098,6.02628,1,1,1.73065,1.76821,0,1.3369,1.90512,8.89167e+06,3.91359e+06,1.53884e+07,0,0,0,0
85.1408,85.1408,6.64984,0,0.14,3.34346,3.34346,0,0.702168,4.6872,4.27854e+06,2.92794e+06,1.43051e+07,0,0,0,0,62.338,61.3098,7.74613,0,1,1.51878,1.51878,0,1.3371,1.90512,8.89167e+06,3.91359e+06,1.35045e+07,0,0,0,0
85.1408,85.1408,6.85534,0,0.14,3.34396,3.34396,0,0.626564,4.6872,4.27854e+06,2.92794e+06,1.43072e+07,0,0,0,0,62.338,61.3098,5.60052,0,1,1.51901,1.51901,0,1.17341,1.90512,8.89167e+06,3.91359e+06,1.35065e+07,0,0,0,0
85.1408,85.1408,6.22169,0,0.14,3.34445,3.34445,0,0.626657,4.6872,4.27854e+06,2.92794e+06,1.43094e+07,0,0,0,0,62.338,61.3098,5.81789,0,1,1.51923,1.51923,0,1.17359,1.90512,8.89167e+06,3.91359e+06,1.35085e+07,0,0,0,0
85.1408,85.1408,9.09771,0.01,0.14,3.32983,3.34495,0,0.62675,4.6872,4.27854e+06,2.92794e+06,1.42468e+07,0,0,0,0,62.338,61.3098,6.62406,0,1,1.53458,1.51946,0,1.17376,1.90512,8.89167e+06,3.91359e+06,1.3645e+07,0,0,0,0
85.1408,85.1408,7.66139,0.01,0.14,3.33055,3.34544,0,0.62401,4.6872,4.27854e+06,2.92794e+06,1.42499e+07,0,0,0,0,62.338,61.3098,6.0805,0,1,1.53458,1.51968,0,1.18561,1.90512,8.89167e+06,3.91359e+06,1.3645e+07,0,0,0,0
85.1408,85.1408,10.7045,0,0.14,3.46819,3.46819,0,0.624145,4.6872,4.27854e+06,2.92794e+06,1.48388e+07,0,0,0,0,62.338,61.3098,5.78015,0,1,1.58104,1.58104,0,1.18561,1.90512,8.89167e+06,3.91359e+06,1.40581e+07,0,0,0,0
85.1408,85.1408,9.48572,0,0.14,3.46871,3.46871,0,0.649939,4.6872,4.27854e+06,2.92794e+06,1.4841e+07,0,0,0,0,62.338,61.3098,8.25257,0,1,1.58127,1.58127,0,1.22151,1.90512,8.89167e+06,3.91359e+06,1.40602e+07,0,0,0,0
85.1408,85.1408,7.82928,0,0.14,3.46922,3.46922,0,0.650036,4.6872,4.27854e+06,2.92794e+06,1.48432e+07,0,0,0,0,62.338,61.3098,8.60919,0,1,1.58151,1.58151,0,1.22169,1.90512,8.89167e+06,3.91359e+06,1.40622e+07,0,0,0,0
85.1408,85.1408,5.93138,0,0.14,3.46973,3.46973,0,0.650132,4.6872,4.27854e+06,2.92794e+06,1.48454e+07,0,0,0,0,62.338,61.3098,6.05514,0,1,1.58174,1.58174,0,1.22187,1.90512,8.89167e+06,3.91359e+06,1.40643e+07,0,0,0,0
85.1408,85.1408,5.52397,0,0.14,3.42242,3.42242,0,0.650228,4.6872,4.27854e+06,2.92794e+06,1.4643e+07,0,0,0,0,62.338,61.3098,4.48876,0,1,1.55822,1.55822,0,1.22205,1.90512,8.89167e+06,3.91359e+06,1.38552e+07,0,0,0,0
85.1408,85.1408,4.75862,0,0.14,3.42293,3.42293,0,0.641362,4.6872,4.27854e+06,2.92794e+06,1.46451e+07,0,0,0,0,62.338,61.3098,4.69977,0,1,1.55845,1.55845,0,1.20388,1.90512,8.89167e+06,3.91359e+06,1.38572e+07,0,0,0,0
85.1408,85.1408,4.8387,0,0.14,3.42343,3.42343,0,0.641457,4.6872,4.27854e+06,2.92794e+06,1.46473e+07,0,0,0,0,62.338,61.3098,3.91837,0,1,1.55868,1.55868,0,1.20406,1.90512,8.89167e+06,3.91359e+06,1.38593e+07,0,0,0,0
85.1408,85.1408,4.95321,0,0.14,3.42394,3.42394,0,0.641552,4.6872,4.27854e+06,2.92794e+06,1.46495e+07,0,0,0,0,62.338,61.3098,4.01747,0,1,1.55891,1.55891,0,1.20424,1.90512,8.89167e+06,3.91359e+06,1.38613e+07,0,0,0,0
85.1408,85.1408,4.20249,0,0.14,3.58689,3.58689,0,0.641647,4.6872,4.27854e+06,2.92794e+06,1.53467e+07,0,0,0,0,62.338,61.3098,3.75754,0,1,1.64344,1.64344,0,1.20442,1.90512,8.89167e+06,3.91359e+06,1.46129e+07,0,0,0,0
85.1408,85.1408,3.87789,0,0.14,3.58743,3.58743,0,0.672184,4.6872,4.27854e+06,2.92794e+06,1.53489e+07,0,0,0,0,62.338,61.3098,3.38856,0,1,1.64368,1.64368,0,1.26972,1.90512,8.89167e+06,3.91359e+06,1.46151e+07,0,0,0,0
84.9098,85.1408,3.47845,0,0.14,3.58796,3.58796,0,0.672284,4.6872,4.27854e+06,2.92794e+06,1.53512e+07,0,0,0,0,62.338,61.3098,2.95031,0,1,1.64393,1.64393,0,1.26991,1.90512,8.89167e+06,3.91359e+06,1.46173e+07,0,0,0,0
84.5436,85.1408,3.32912,0.03,0.14,3.58849,3.58849,0,0.672383,4.6872,4.27854e+06,2.92794e+06,1.53535e+07,0,0,0,0,62.338,61.3098,2.9258,0,1,1.64417,1.64417,0,1.2701,1.90512,8.89167e+06,3.91359e+06,1.46194e+07,0,0,0,0
84.0383,85.1408,3.18064,0.03,0.14,3.58902,3.58902,0,0.672483,4.6872,4.27854e+06,2.92794e+06,1.53558e+07,0,0,0,0,62.338,61.3098,3.11304,0,1,1.64441,1.64441,0,1.27029,1.90512,8.89167e+06,3.91359e+06,1.46216e+07,0,0,0,0
84.376,85.1408,4.05323,0.03,0.14,3.5574,3.5574,0,0.672582,4.6872,4.27854e+06,2.92794e+06,1.52205e+07,0,0,0,0,62.338,61.3098,3.3449,0,1,1.69102,1.69102,0,1.27047,1.90512,8.89167e+06,3.91359e+06,1.5036e+07,0,0,0,0
84.5204,85.1408,3.83028,0.03,0.14,3.55793,3.55793,0,0.666657,4.6872,4.27854e+06,2.92794e+06,1.52227e+07,0,0,0,0,62.338,61.3098,3.21956,0,1,1.69127,1.69127,0,1.30648,1.90512,8.89167e+06,3.91359e+06,1.50382e+07,0,0,0,0
84.4812,85.1408,3.62798,0.04,0.14,3.55846,3.55846,0,0.666756,4.6872,4.27854e+06,2.92794e+06,1.5225e+07,0,0,0,0,62.338,61.3098,3.0403,0,1,1.69152,1.69152,0,1.30668,1.90512,8.89167e+06,3.91359e+06,1.50405e+07,0,0,0,0
84.1893,85.1408,3.36632,0.03,0.14,3.55898,3.55898,0,0.666855,4.6872,4.27854e+06,2.92794e+06,1.52272e+07,0,0,0,0,62.31,61.3098,2.83782,0,1,1.69177,1.69177,0,1.30687,1.90512,8.89167e+06,3.91359e+06,1.50427e+07,0,0,0,0
83.8702,85.1408,3.32897,0.04,0.14,3.5652,3.64258,0,0.666953,4.6872,4.27854e+06,2.92794e+06,1.52539e+07,0,0,0,0,62.1848,61.3098,2.58212,1,1,1.69655,1.73337,0,1.30706,1.90512,8.89167e+06,3.91359e+06,1.50851e+07,0,0,0,0
83.5342,85.1408,3.29566,0.04,0.14,3.56573,3.64312,0,0.668119,4.6872,4.27854e+06,2.92794e+06,1.52561e+07,0,0,0,0,62.0122,61.3098,2.51103,1,1,1.6968,1.73363,0,1.31075,1.90512,8.89167e+06,3.91359e+06,1.50874e+07,0,0,0,0
82.8419,85.1408,2.9279,0.04,0.14,3.56626,3.64366,0,0.668218,4.6872,4.27854e+06,2.92794e+06,1.52584e+07,0,0,0,0,61.7897,61.3098,2.3443,1,1,1.69705,1.73388,0,1.31095,1.90512,8.89167e+06,3.91359e+06,1.50896e+07,0,0,0,0
81.9002,85.1408,2.6648,0.04,0.14,3.56679,3.6442,0,0.668317,4.6872,4.27854e+06,2.92794e+06,1.52606e+07,0,0,0,0,61.5467,61.3098,2.22193,1,1,1.6973,1.73414,0,1.31114,1.90512,8.89167e+06,3.91359e+06,1.50918e+07,0,0,0,0
80.6027,85.1408,2.48368,0.05,0.14,3.80556,3.88816,0,0.668416,4.6872,4.27854e+06,2.92794e+06,1.62822e+07,0,0,0,0,61.3169,61.3098,2.2093,1,1,1.8437,1.88372,0,1.31133,1.90512,8.89167e+06,3.91359e+06,1.63936e+07,0,0,0,0
80.5162,85.1408,3.44686,0.06,0.14,3.47569,3.88873,0,0.713162,4.6872,4.27854e+06,2.92794e+06,1.48709e+07,0,0,0,0,61.2362,61.3098,2.48785,1,1,1.68389,1.884,0,1.42445,1.90512,8.89167e+06,3.91359e+06,1.49726e+07,0,0,0,0
80.2251,85.1408,3.23858,0.06,0.14,3.4762,3.88931,0,0.651344,4.6872,4.27854e+06,2.92794e+06,1.48731e+07,0,0,0,0,61.139,61.3098,2.99269,1,1,1.68414,1.88428,0,1.30097,1.90512,8.89167e+06,3.91359e+06,1.49748e+07,0,0,0,0
79.5356,85.1408,3.10665,0.05,0.14,3.80725,3.88988,0,0.651441,4.6872,4.27854e+06,2.92794e+06,1.62895e+07,0,0,0,0,61.0206,61.3098,2.94193,1,1,1.84452,1.88456,0,1.30117,1.90512,8.89167e+06,3.91359e+06,1.64009e+07,0,0,0,0
79.1438,85.1408,3.11656,0.07,0.14,3.47723,3.89046,0,0.713479,4.6872,4.27854e+06,2.92794e+06,1.48775e+07,0,0,0,0,60.8733,61.3098,2.87119,1,1,1.68464,1.88483,0,1.42508,1.90512,8.89167e+06,3.91359e+06,1.49792e+07,0,0,0,0
78.2318,85.1408,2.42981,0.07,0.14,3.37164,3.77231,0,0.651633,4.6872,4.27854e+06,2.92794e+06,1.44257e+07,0,0,0,0,60.6271,61.3098,2.71183,1,1,1.60382,1.79441,0,1.30155,1.90512,8.89167e+06,3.91359e+06,1.42606e+07,0,0,0,0
76.8743,85.1408,1.9614,0.06,0.14,3.37214,3.77287,0,0.631845,4.6872,4.27854e+06,2.92794e+06,1.44278e+07,0,0,0,0,60.2549,61.3098,2.08424,1,1,1.60406,1.79468,0,1.23911,1.90512,8.89167e+06,3.91359e+06,1.42627e+07,0,0,0,0
76.0279,85.1408,2.79858,0.05,0.14,3.69327,3.77343,0,0.631938,4.6872,4.27854e+06,2.92794e+06,1.58018e+07,0,0,0,0,59.9474,61.3098,2.39734,1,1,1.75681,1.79494,0,1.23929,1.90512,8.89167e+06,3.91359e+06,1.5621e+07,0,0,0,0
79.2811,85.1408,6.89248,0.08,0.14,3.37313,3.77399,0,0.692119,4.6872,4.27854e+06,2.92794e+06,1.44321e+07,0,0,0,0,60.4016,61.3098,4.08683,1,1,1.60453,1.79521,0,1.35731,1.90512,8.89167e+06,3.91359e+06,1.4267e+07,0,0,0,0
79.4195,85.1408,3.982,0.04,0.14,3.67704,3.67704,0,0.632125,4.6872,4.27854e+06,2.92794e+06,1.57324e+07,0,0,0,0,60.304,61.3098,3.095,0,1,1.71287,1.71287,0,1.23966,1.90512,8.89167e+06,3.91359e+06,1.52302e+07,0,0,0,0
78.4616,85.1408,2.85559,0.04,0.14,3.67759,3.67759,0,0.689078,4.6872,4.27854e+06,2.92794e+06,1.57347e+07,0,0,0,0,59.9818,61.3098,2.10983,0,1,1.71312,1.71312,0,1.32336,1.90512,8.89167e+06,3.91359e+06,1.52325e+07,0,0,0,0
79.8828,85.1408,5.35112,0.04,0.14,3.67813,3.67813,0,0.68918,4.6872,4.27854e+06,2.92794e+06,1.5737e+07,0,0,0,0,60.0814,61.3098,3.36797,0,1,1.71337,1.71337,0,1.32356,1.90512,8.89167e+06,3.91359e+06,1.52347e+07,0,0,0,0
80.6548,85.1408,4.72305,0.04,0.14,3.67867,3.67867,0,0.689282,4.6872,4.27854e+06,2.92794e+06,1.57393e+07,0,0,0,0,60.2387,61.3098,4.43742,0,1,1.71363,1.71363,0,1.32375,1.90512,8.89167e+06,3.91359e+06,1.5237e+07,0,0,0,0
84.5353,85.1408,7.72531,0.02,0.14,3.40213,3.40213,0,0.689383,4.6872,4.27854e+06,2.92794e+06,1.45561e+07,0,0,0,0,61.533,61.3098,6.3155,0,1,1.54173,1.54173,0,1.32395,1.90512,8.89167e+06,3.91359e+06,1.37085e+07,0,0,0,0
84.6599,85.1408,3.85031,0.03,0.14,3.40263,3.40263,0,0.637559,4.6872,4.27854e+06,2.92794e+06,1.45583e+07,0,0,0,0,62.338,61.3098,5.16473,0,1,1.54195,1.54195,0,1.19114,1.90512,8.89167e+06,3.91359e+06,1.37105e+07,0,0,0,0
84.4573,85.1408,3.66117,0.02,0.14,3.40314,3.40314,0,0.637654,4.6872,4.27854e+06,2.92794e+06,1.45605e+07,0,0,0,0,62.338,61.3098,5.12436,0,1,1.54218,1.54218,0,1.19131,1.90512,8.89167e+06,3.91359e+06,1.37126e+07,0,0,0,0
85.1408,85.1408,4.94894,0.03,0.14,3.40364,3.40364,0,0.637748,4.6872,4.27854e+06,2.92794e+06,1.45626e+07,0,0,0,0,62.338,61.3098,5.63224,0,1,1.54241,1.54241,0,1.19149,1.90512,8.89167e+06,3.91359e+06,1.37146e+07,0,0,0,0
85.1408,85.1408,7.70714,0.01,0.14,3.40414,3.40414,0,0.637842,4.6872,4.27854e+06,2.92794e+06,1.45648e+07,0,0,0,0,62.338,61.3098,7.67233,0,1,1.54264,1.54264,0,1.19167,1.90512,8.89167e+06,3.91359e+06,1.37166e+07,0,0,0,0
85.1408,85.1408,7.64223,0.01,0.14,3.51128,3.51128,0,0.637937,4.6872,4.27854e+06,2.92794e+06,1.50232e+07,0,0,0,0,62.338,61.3098,5.09585,0,1,1.59274,1.59274,0,1.19184,1.90512,8.89167e+06,3.91359e+06,1.41621e+07,0,0,0,0
85.1408,85.1408,4.96462,0.01,0.16,3.51177,3.51177,0,0.658015,4.6872,4.27854e+06,2.92794e+06,1.50252e+07,0,0,0,0,62.338,61.3098,4.22446,0,1,1.59296,1.59296,0,1.23055,1.90512,8.89167e+06,3.91359e+06,1.41641e+07,0,0,0,0
85.1408,85.1408,4.62683,0.01,0.16,3.51225,3.51225,0,0.658105,4.6872,4.27854e+06,2.92794e+06,1.50273e+07,0,0,0,0,62.338,61.3098,3.94176,0,1,1.59318,1.59318,0,1.23072,1.90512,8.89167e+06,3.91359e+06,1.4166e+07,0,0,0,0
85.1408,85.1408,4.22148,0.01,0.16,3.51273,3.51273,0,0.658195,4.6872,4.27854e+06,2.92794e+06,1.50294e+07,0,0,0,0,62.1371,61.3098,2.97746,0,1,1.5934,1.5934,0,1.23089,1.90512,8.89167e+06,3.91359e+06,1.4168e+07,0,0,0,0
85.1408,85.1408,4.38035,0.01,0.16,3.77397,3.85588,0,0.658286,4.6872,4.27854e+06,2.92794e+06,1.61471e+07,0,0,0,0,61.9277,61.3098,3.03235,1,1,1.74316,1.78099,0,1.23106,1.90512,8.89167e+06,3.91359e+06,1.54996e+07,0,0,0,0
83.6619,85.1408,2.57261,0.01,0.16,3.77449,3.85641,0,0.707243,4.6872,4.27854e+06,2.92794e+06,1.61493e+07,0,0,0,0,61.4356,61.3098,2.66403,1,1,1.7434,1.78124,0,1.34677,1.90512,8.89167e+06,3.91359e+06,1.55017e+07,0,0,0,0
81.8528,85.1408,2.20756,0.02,0.16,3.77501,3.85694,0,0.70734,4.6872,4.27854e+06,2.92794e+06,1.61515e+07,0,0,0,0,61.1085,61.3098,1.87134,1,1,1.74364,1.78148,0,1.34695,1.90512,8.89167e+06,3.91359e+06,1.55039e+07,0,0,0,0
81.602,85.1408,3.96839,0.02,0.16,3.77553,3.85747,0,0.707437,4.6872,4.27854e+06,2.92794e+06,1.61537e+07,0,0,0,0,61.0604,61.3098,2.58638,1,1,1.74388,1.78173,0,1.34714,1.90512,8.89167e+06,3.91359e+06,1.5506e+07,0,0,0,0
82.4727,85.1408,4.82009,0.03,0.16,3.36898,3.36898,0,0.707534,4.6872,4.27854e+06,2.92794e+06,1.44143e+07,0,0,0,0,61.7738,61.3098,3.71845,0,1,1.53037,1.53037,0,1.34732,1.90512,8.89167e+06,3.91359e+06,1.36076e+07,0,0,0,0
84.8358,85.1408,6.42827,0.03,0.16,3.36546,3.36944,0,0.631346,4.6872,4.27854e+06,2.92794e+06,1.43993e+07,0,0,0,0,62.338,61.3098,4.71193,0,1,1.53456,1.53058,0,1.18237,1.90512,8.89167e+06,3.91359e+06,1.36448e+07,0,0,0,0
85.1408,85.1408,4.62076,0.03,0.16,3.36614,3.3699,0,0.630688,4.6872,4.27854e+06,2.92794e+06,1.44021e+07,0,0,0,0,62.338,61.3098,3.73775,0,1,1.53456,1.53079,0,1.1856,1.90512,8.89167e+06,3.91359e+06,1.36448e+07,0,0,0,0
85.1408,85.1408,5.49157,0.01,0.16,3.36681,3.37037,0,0.630814,4.6872,4.27854e+06,2.92794e+06,1.4405e+07,0,0,0,0,62.338,61.3098,3.99254,0,1,1.53456,1.53101,0,1.1856,1.90512,8.89167e+06,3.91359e+06,1.36448e+07,0,0,0,0
85.1408,85.1408,6.00354,0.01,0.16,3.36748,3.37083,0,0.63094,4.6872,4.27854e+06,2.92794e+06,1.44079e+07,0,0,0,0,62.338,61.3098,4.87416,0,1,1.53456,1.53122,0,1.1856,1.90512,8.89167e+06,3.91359e+06,1.36448e+07,0,0,0,0
85.1408,85.1408,4.52188,0.01,0.16,3.49133,3.49447,0,0.631066,4.6872,4.27854e+06,2.92794e+06,1.49378e+07,0,0,0,0,62.338,61.3098,4.4038,0,1,1.59615,1.59302,0,1.1856,1.90512,8.89167e+06,3.91359e+06,1.41925e+07,0,0,0,0
85.1408,85.1408,8.09683,0.01,0.16,3.49495,3.49495,0,0.654276,4.6872,4.27854e+06,2.92794e+06,1.49533e+07,0,0,0,0,62.338,61.3098,5.68163,0,1,1.59324,1.59324,0,1.23319,1.90512,8.89167e+06,3.91359e+06,1.41665e+07,0,0,0,0
85.1408,85.1408,5.71026,0,0.16,3.49543,3.49543,0,0.654954,4.6872,4.27854e+06,2.92794e+06,1.49553e+07,0,0,0,0,62.338,61.3098,4.32374,0,1,1.59346,1.59346,0,1.23093,1.90512,8.89167e+06,3.91359e+06,1.41685e+07,0,0,0,0
85.1408,85.1408,4.52658,0,0.16,3.49591,3.49591,0,0.655044,4.6872,4.27854e+06,2.92794e+06,1.49574e+07,0,0,0,0,62.338,61.3098,3.83473,0,1,1.59367,1.59367,0,1.2311,1.90512,8.89167e+06,3.91359e+06,1.41704e+07,0,0,0,0
85.1408,85.1408,4.50383,0,0.16,3.4482,3.4482,0,0.655134,4.6872,4.27854e+06,2.92794e+06,1.47533e+07,0,0,0,0,62.338,61.3098,4.1691,0,1,1.56996,1.56996,0,1.23127,1.90512,8.89167e+06,3.91359e+06,1.39596e+07,0,0,0,0
85.1408,85.1408,4.24472,0,0.16,3.44867,3.44867,0,0.646193,4.6872,4.27854e+06,2.92794e+06,1.47553e+07,0,0,0,0,62.338,61.3098,3.85503,0,1,1.57017,1.57017,0,1.21295,1.90512,8.89167e+06,3.91359e+06,1.39615e+07,0,0,0,0
85.1408,85.1408,3.95104,0,0.16,3.44915,3.44915,0,0.646282,4.6872,4.27854e+06,2.92794e+06,1.47573e+07,0,0,0,0,62.338,61.3098,3.6298,0,1,1.57039,1.57039,0,1.21312,1.90512,8.89167e+06,3.91359e+06,1.39634e+07,0,0,0,0
84.9724,85.1408,3.61738,0,0.16,3.44962,3.44962,0,0.64637,4.6872,4.27854e+06,2.92794e+06,1.47593e+07,0,0,0,0,62.338,61.3098,3.386,0,1,1.5706,1.5706,0,1.21328,1.90512,8.89167e+06,3.91359e+06,1.39653e+07,0,0,0,0
84.4542,85.1408,3.36578,0.01,0.16,3.61376,3.61376,0,0.646459,4.6872,4.27854e+06,2.92794e+06,1.54616e+07,0,0,0,0,62.338,61.3098,2.96746,0,1,1.65575,1.65575,0,1.21345,1.90512,8.89167e+06,3.91359e+06,1.47224e+07,0,0,0,0
84.089,85.1408,3.42749,0.03,0.16,3.61425,3.61425,0,0.677218,4.6872,4.27854e+06,2.92794e+06,1.54637e+07,0,0,0,0,62.338,61.3098,3.19369,0,1,1.65597,1.65597,0,1.27923,1.90512,8.89167e+06,3.91359e+06,1.47244e+07,0,0,0,0
83.2896,85.1408,2.96926,0.03,0.16,3.61475,3.61475,0,0.677311,4.6872,4.27854e+06,2.92794e+06,1.54658e+07,0,0,0,0,62.338,61.3098,2.86072,0,1,1.6562,1.6562,0,1.27941,1.90512,8.89167e+06,3.91359e+06,1.47264e+07,0,0,0,0
82.1849,85.1408,2.64754,0.03,0.16,3.61525,3.61525,0,0.677404,4.6872,4.27854e+06,2.92794e+06,1.5468e+07,0,0,0,0,62.338,61.3098,2.58834,0,1,1.65643,1.65643,0,1.27958,1.90512,8.89167e+06,3.91359e+06,1.47284e+07,0,0,0,0
80.8986,85.1408,2.43262,0.03,0.16,3.61574,3.61574,0,0.677497,4.6872,4.27854e+06,2.92794e+06,1.54701e+07,0,0,0,0,62.338,61.3098,2.54883,0,1,1.65666,1.65666,0,1.27976,1.90512,8.89167e+06,3.91359e+06,1.47304e+07,0,0,0,0
79.5478,85.1408,2.2872,0.03,0.16,3.58385,3.58385,0,0.67759,4.6872,4.27854e+06,2.92794e+06,1.53336e+07,0,0,0,0,62.338,61.3098,2.95423,0,1,1.70359,1.70359,0,1.27993,1.90512,8.89167e+06,3.91359e+06,1.51478e+07,0,0,0,0
78.0646,85.1408,2.13874,0.04,0.16,3.58434,3.58434,0,0.671613,4.6872,4.27854e+06,2.92794e+06,1.53357e+07,0,0,0,0,62.3149,61.3098,2.8933,0,1,1.70383,1.70383,0,1.3162,1.90512,8.89167e+06,3.91359e+06,1.51499e+07,0,0,0,0
76.406,85.1408,1.94903,0.04,0.16,3.58483,3.58483,0,0.671705,4.6872,4.27854e+06,2.92794e+06,1.53378e+07,0,0,0,0,62.2525,61.3098,2.75421,0,1,1.70406,1.70406,0,1.31638,1.90512,8.89167e+06,3.91359e+06,1.51519e+07,0,0,0,0
74.9214,85.1408,1.77011,0.06,0.16,3.20451,3.58532,0,0.671798,4.6872,4.27854e+06,3.51353e+06,1.37106e+07,0,0,0,0,62.3033,61.3098,2.52608,0,1,1.52327,1.70429,0,1.31656,1.90512,8.89167e+06,4.69631e+06,1.35444e+07,0,0,0,0
73.2619,85.1408,1.61438,0.06,0.16,3.27975,3.6695,0,0.600525,4.6872,4.27854e+06,2.92794e+06,1.40325e+07,0,0,0,0,62.1699,61.3098,2.49903,1,1,1.56071,1.74618,0,1.17688,1.90512,8.89167e+06,3.91359e+06,1.38773e+07,0,0,0,0
71.3836,85.1408,1.38676,0.07,0.16,3.28019,3.67001,0,0.614624,4.6872,4.27854e+06,2.92794e+06,1.40344e+07,0,0,0,0,61.9246,61.3098,2.19021,1,1,1.56092,1.74642,0,1.2058,1.90512,8.89167e+06,3.91359e+06,1.38792e+07,0,0,0,0
69.407,85.1408,1.2627,0.07,0.16,3.28064,3.67051,0,0.614709,4.6872,4.27854e+06,2.92794e+06,1.40364e+07,0,0,0,0,61.6484,61.3098,1.91688,1,1,1.56114,1.74666,0,1.20597,1.90512,8.89167e+06,3.91359e+06,1.38811e+07,0,0,0,0
67.6625,85.1408,1.47005,0.09,0.16,3.2811,3.67101,0,0.614793,4.6872,4.27854e+06,2.92794e+06,1.40383e+07,0,0,0,0,61.529,61.3098,2.66093,1,1,1.56135,1.7469,0,1.20613,1.90512,8.89167e+06,3.91359e+06,1.3883e+07,0,0,0,0
65.7974,85.1408,1.50846,0.16,0.16,3.50071,3.91672,0,0.614877,4.6872,4.27854e+06,2.92794e+06,1.49779e+07,0,0,0,0,61.18,61.3098,2.73176,1,1,1.69601,1.89756,0,1.2063,1.90512,8.89167e+06,3.91359e+06,1.50804e+07,0,0,0,0
63.3134,85.1408,0.86412,0.18,0.16,3.50119,3.91726,0,0.656032,4.6872,4.27854e+06,2.92794e+06,1.498e+07,0,0,0,0,60.4698,61.3098,1.59838,1,1,1.69624,1.89782,0,1.31034,1.90512,8.89167e+06,3.91359e+06,1.50824e+07,0,0,0,0
60.7755,85.1408,0.774522,0.15,0.16,3.50167,3.9178,0,0.656122,4.6872,4.27854e+06,2.92794e+06,1.4982e+07,0,0,0,0,59.8311,61.3098,1.48124,1,1,1.69647,1.89808,0,1.31052,1.90512,8.89167e+06,3.91359e+06,1.50845e+07,0,0,0,0
58.4117,85.1408,0.918305,0.15,0.16,3.50215,3.91833,0,0.656212,4.6872,4.27854e+06,2.92794e+06,1.49841e+07,0,0,0,0,59.3089,61.3098,1.60371,1,1,1.69671,1.89834,0,1.3107,1.90512,8.89167e+06,3.91359e+06,1.50866e+07,0,0,0,0
56.6726,85.1408,1.56754,0.22,0.16,3.50263,3.91887,0,0.656302,4.6872,4.27854e+06,2.92794e+06,1.49861e+07,0,0,0,0,58.9225,61.3098,1.92239,1,1,1.69694,1.8986,0,1.31088,1.90512,8.89167e+06,3.91359e+06,1.50886e+07,0,0,0,0
54.9058,85.1408,1.39054,0.23,0.16,3.39622,3.79982,0,0.656392,4.6872,4.27854e+06,2.92794e+06,1.45309e+07,0,0,0,0,58.5555,61.3098,1.94462,1,1,1.61551,1.8075,0,1.31106,1.90512,8.89167e+06,3.91359e+06,1.43646e+07,0,0,0,0
52.816,85.1408,1.05387,0.2,0.16,3.39669,3.80034,0,0.636452,4.6872,4.27854e+06,2.92794e+06,1.45329e+07,0,0,0,0,58.3255,61.3098,1.75268,1,1,1.61574,1.80775,0,1.24815,1.90512,8.89167e+06,3.91359e+06,1.43666e+07,0,0,0,0
51.2444,85.1408,1.56478,0.18,0.16,3.39715,3.80086,0,0.636539,4.6872,4.27854e+06,2.92794e+06,1.45349e+07,0,0,0,0,58.2109,61.3098,2.11801,1,1,1.61596,1.80799,0,1.24832,1.90512,8.89167e+06,3.91359e+06,1.43686e+07,0,0,0,0
50.219,85.1408,2.15675,0.18,0.16,3.39762,3.80138,0,0.636627,4.6872,4.27854e+06,2.92794e+06,1.45368e+07,0,0,0,0,58.5733,61.3098,3.43607,1,1,1.61618,1.80824,0,1.24849,1.90512,8.89167e+06,3.91359e+06,1.43705e+07,0,0,0,0
48.6986,85.1408,1.58044,0.25,0.16,3.3103,3.70369,0,0.636714,4.6872,4.27854e+06,2.92794e+06,1.41633e+07,0,0,0,0,57.8876,61.3098,2.15106,1,1,1.54203,1.72528,0,1.24866,1.90512,8.89167e+06,3.91359e+06,1.37112e+07,0,0,0,0
46.8572,85.1408,1.23697,0.24,0.16,3.31076,3.7042,0,0.620351,4.6872,4.27854e+06,2.92794e+06,1.41652e+07,0,0,0,0,57.5403,61.3098,0.920335,1,1,1.54224,1.72552,0,1.19137,1.90512,8.89167e+06,3.91359e+06,1.37131e+07,0,0,0,0
46.2098,85.1408,2.48419,0.22,0.16,3.31121,3.70471,0,0.620436,4.6872,4.27854e+06,2.92794e+06,1.41671e+07,0,0,0,0,57.6792,61.3098,2.16942,1,1,1.54245,1.72575,0,1.19154,1.90512,8.89167e+06,3.91359e+06,1.3715e+07,0,0,0,0
47.8814,85.1408,4.9365,0.22,0.16,3.31167,3.70522,0,0.620521,4.6872,4.27854e+06,2.92794e+06,1.41691e+07,0,0,0,0,58.637,61.3098,4.48783,1,1,1.54266,1.72599,0,1.1917,1.90512,8.89167e+06,3.91359e+06,1.37169e+07,0,0,0,0
48.8557,85.1408,3.90402,0.23,0.16,3.06268,3.42664,0,0.620606,4.6872,4.27854e+06,3.51353e+06,1.31038e+07,0,0,0,0,59.3561,61.3098,3.23207,0,1,1.3879,1.55283,0,1.19186,1.90512,8.89167e+06,4.69631e+06,1.23407e+07,0,0,0,0
49.1359,85.1408,3.23971,0.23,0.16,3.0631,3.42711,0,0.573946,4.6872,4.27854e+06,3.51353e+06,1.31056e+07,0,0,0,0,60.0722,61.3098,3.22864,0,1,1.38809,1.55305,0,1.07229,1.90512,8.89167e+06,4.69631e+06,1.23424e+07,0,0,0,0
51.9923,85.1408,6.05476,0.25,0.16,3.06352,3.42758,0,0.574025,4.6872,4.27854e+06,3.51353e+06,1.31074e+07,0,0,0,0,60.4675,61.3098,3.08558,0,1,1.38828,1.55326,0,1.07244,1.90512,8.89167e+06,4.69631e+06,1.23441e+07,0,0,0,0
55.2248,85.1408,6.49478,0.2,0.16,3.06394,3.42805,0,0.574104,4.6872,4.27854e+06,3.51353e+06,1.31092e+07,0,0,0,0,61.2636,61.3098,3.48336,0,1,1.38847,1.55347,0,1.07258,1.90512,8.89167e+06,4.69631e+06,1.23458e+07,0,0,0,0
55.9061,85.1408,3.89138,0.21,0.16,3.06436,3.42852,0,0.574182,4.6872,4.27854e+06,3.51353e+06,1.3111e+07,0,0,0,0,61.4463,61.3098,2.18476,0,1,1.38866,1.55368,0,1.07273,1.90512,8.89167e+06,4.69631e+06,1.23475e+07,0,0,0,0
57.1308,85.1408,4.49214,0.22,0.16,3.06436,3.42852,0,0.574261,4.6872,4.27854e+06,3.51353e+06,1.3111e+07,0,0,0,0,62.338,61.3098,4.44482,0,1,1.38866,1.55368,0,1.07288,1.90512,8.89167e+06,4.69631e+06,1.23475e+07,0,0,0,0
58.8603,85.1408,5.09908,0.22,0.18,3.16077,3.53639,0,0.574261,4.6872,4.27854e+06,3.51353e+06,1.35235e+07,0,0,0,0,62.338,61.3098,5.64737,0,1,1.43375,1.60413,0,1.07288,1.90512,8.89167e+06,4.69631e+06,1.27484e+07,0,0,0,0
59.9957,85.1408,4.47521,0.22,0.18,3.16117,3.53684,0,0.592328,4.6872,4.27854e+06,3.51353e+06,1.35252e+07,0,0,0,0,62.338,61.3098,4.08221,0,1,1.43393,1.60433,0,1.10771,1.90512,8.89167e+06,4.69631e+06,1.275e+07,0,0,0,0
61.6555,85.1408,5.13556,0.18,0.18,3.16157,3.53729,0,0.592404,4.6872,4.27854e+06,3.51353e+06,1.35269e+07,0,0,0,0,62.338,61.3098,4.40142,0,1,1.43411,1.60454,0,1.10785,1.90512,8.89167e+06,4.69631e+06,1.27516e+07,0,0,0,0
62.0242,85.1408,3.72764,0.17,0.18,3.16197,3.53773,0,0.592479,4.6872,4.27854e+06,3.51353e+06,1.35286e+07,0,0,0,0,62.338,61.3098,4.32107,0,1,1.43429,1.60474,0,1.10799,1.90512,8.89167e+06,4.69631e+06,1.27533e+07,0,0,0,0
61.3082,85.1408,2.79319,0.15,0.18,3.47082,3.88329,0,0.592554,4.6872,4.27854e+06,2.92794e+06,1.485e+07,0,0,0,0,62.338,61.3098,4.14083,1,1,1.60314,1.79365,0,1.10813,1.90512,8.89167e+06,3.91359e+06,1.42546e+07,0,0,0,0
60.5601,85.1408,2.74509,0.15,0.18,3.47126,3.88378,0,0.650432,4.6872,4.27854e+06,2.92794e+06,1.48519e+07,0,0,0,0,62.338,61.3098,3.28552,1,1,1.60334,1.79388,0,1.23858,1.90512,8.89167e+06,3.91359e+06,1.42564e+07,0,0,0,0
61.3766,85.1408,4.55428,0.14,0.18,3.4717,3.88427,0,0.650515,4.6872,4.27854e+06,2.92794e+06,1.48538e+07,0,0,0,0,62.338,61.3098,4.83381,1,1,1.60354,1.79411,0,1.23874,1.90512,8.89167e+06,3.91359e+06,1.42582e+07,0,0,0,0
62.0798,85.1408,4.44502,0.14,0.18,3.47214,3.88476,0,0.650597,4.6872,4.27854e+06,2.92794e+06,1.48557e+07,0,0,0,0,62.338,61.3098,4.74641,1,1,1.60375,1.79433,0,1.2389,1.90512,8.89167e+06,3.91359e+06,1.426e+07,0,0,0,0
63.7773,85.1408,5.05061,0.16,0.18,3.03241,3.39278,0,0.65068,4.6872,4.27854e+06,3.51353e+06,1.29743e+07,0,0,0,0,62.338,61.3098,6.31274,0,1,1.37749,1.54118,0,1.23906,1.90512,8.89167e+06,4.69631e+06,1.22482e+07,0,0,0,0
65.5206,85.1408,5.10558,0.16,0.18,3.0328,3.39321,0,0.568274,4.6872,4.27854e+06,3.51353e+06,1.29759e+07,0,0,0,0,62.338,61.3098,5.93822,0,1,1.37766,1.54138,0,1.06425,1.90512,8.89167e+06,4.69631e+06,1.22497e+07,0,0,0,0
67.2947,85.1408,5.16067,0.17,0.18,3.03318,3.39364,0,0.568346,4.6872,4.27854e+06,3.51353e+06,1.29776e+07,0,0,0,0,62.338,61.3098,6.63038,0,1,1.37784,1.54158,0,1.06438,1.90512,8.89167e+06,4.69631e+06,1.22513e+07,0,0,0,0
69.1299,85.1408,5.24914,0.18,0.18,3.03356,3.39406,0,0.568418,4.6872,4.27854e+06,3.51353e+06,1.29792e+07,0,0,0,0,62.338,61.3098,5.33459,0,1,1.37801,1.54177,0,1.06452,1.90512,8.89167e+06,4.69631e+06,1.22528e+07,0,0,0,0
71.427,85.1408,5.72381,0.08,0.18,3.03395,3.39449,0,0.56849,4.6872,4.27854e+06,3.51353e+06,1.29809e+07,0,0,0,0,62.338,61.3098,5.15954,0,1,1.37819,1.54197,0,1.06465,1.90512,8.89167e+06,4.69631e+06,1.22544e+07,0,0,0,0
73.267,85.1408,5.56234,0.07,0.18,3.1452,3.51897,0,0.568562,4.6872,4.27854e+06,3.51353e+06,1.34569e+07,0,0,0,0,62.338,61.3098,4.8216,0,1,1.4338,1.60419,0,1.06479,1.90512,8.89167e+06,4.69631e+06,1.27489e+07,0,0,0,0
74.4996,85.1408,4.80876,0.06,0.18,3.1456,3.51941,0,0.589411,4.6872,4.27854e+06,3.51353e+06,1.34586e+07,0,0,0,0,62.338,61.3098,5.28655,0,1,1.43398,1.60439,0,1.10775,1.90512,8.89167e+06,4.69631e+06,1.27505e+07,0,0,0,0
77.5268,85.1408,6.56244,0.06,0.18,3.146,3.51986,0,0.589485,4.6872,4.27854e+06,3.51353e+06,1.34603e+07,0,0,0,0,62.338,61.3098,6.73808,0,1,1.43416,1.60459,0,1.10789,1.90512,8.89167e+06,4.69631e+06,1.27521e+07,0,0,0,0
78.0646,85.1408,4.28866,0.01,0.18,3.52031,3.52031,0,0.58956,4.6872,4.27854e+06,2.92794e+06,1.50618e+07,0,0,0,0,62.338,61.3098,3.75375,0,1,1.6048,1.6048,0,1.10803,1.90512,8.89167e+06,3.91359e+06,1.42693e+07,0,0,0,0
77.924,85.1408,3.59622,0.01,0.18,3.47223,3.47223,0,0.659705,4.6872,4.27854e+06,2.92794e+06,1.4856e+07,0,0,0,0,62.338,61.3098,3.06839,0,1,1.5809,1.5809,0,1.23986,1.90512,8.89167e+06,3.91359e+06,1.40568e+07,0,0,0,0
77.2575,85.1408,3.04436,0.02,0.18,3.47267,3.47267,0,0.650695,4.6872,4.27854e+06,2.92794e+06,1.48579e+07,0,0,0,0,62.3015,61.3098,2.77867,0,1,1.5811,1.5811,0,1.2214,1.90512,8.89167e+06,3.91359e+06,1.40586e+07,0,0,0,0
76.3475,85.1408,2.79298,0.01,0.18,3.47311,3.47311,0,0.650778,4.6872,4.27854e+06,2.92794e+06,1.48598e+07,0,0,0,0,62.338,61.3098,2.23758,0,1,1.5813,1.5813,0,1.22156,1.90512,8.89167e+06,3.91359e+06,1.40604e+07,0,0,0,0
76.1337,85.1408,3.45917,0.04,0.18,3.47355,3.47355,0,0.65086,4.6872,4.27854e+06,2.92794e+06,1.48617e+07,0,0,0,0,62.338,61.3098,2.61859,0,1,1.5815,1.5815,0,1.22171,1.90512,8.89167e+06,3.91359e+06,1.40622e+07,0,0,0,0
75.4246,85.1408,3.03723,0.04,0.18,3.63878,3.63878,0,0.650942,4.6872,4.27854e+06,2.92794e+06,1.55687e+07,0,0,0,0,62.338,61.3098,2.85796,0,1,1.66721,1.66721,0,1.22186,1.90512,8.89167e+06,3.91359e+06,1.48243e+07,0,0,0,0
74.3882,85.1408,2.68974,0.05,0.18,3.63924,3.63924,0,0.681907,4.6872,4.27854e+06,2.92794e+06,1.55706e+07,0,0,0,0,62.338,61.3098,2.63814,0,1,1.66742,1.66742,0,1.28809,1.90512,8.89167e+06,3.91359e+06,1.48262e+07,0,0,0,0
73.2533,85.1408,2.57207,0.04,0.18,3.6397,3.6397,0,0.681994,4.6872,4.27854e+06,2.92794e+06,1.55726e+07,0,0,0,0,62.338,61.3098,2.42815,0,1,1.66763,1.66763,0,1.28825,1.90512,8.89167e+06,3.91359e+06,1.48281e+07,0,0,0,0
71.8627,85.1408,2.29077,0.04,0.18,3.64016,3.64016,0,0.68208,4.6872,4.27854e+06,2.92794e+06,1.55746e+07,0,0,0,0,62.2175,61.3098,2.21889,0,1,1.66785,1.66785,0,1.28841,1.90512,8.89167e+06,3.91359e+06,1.48299e+07,0,0,0,0
70.2026,85.1408,1.92841,0.04,0.18,3.64062,3.64062,0,0.682166,4.6872,4.27854e+06,2.92794e+06,1.55765e+07,0,0,0,0,61.7581,61.3098,1.88823,0,1,1.66806,1.66806,0,1.28858,1.90512,8.89167e+06,3.91359e+06,1.48318e+07,0,0,0,0
68.454,85.1408,1.7245,0.05,0.18,3.53182,3.60847,0,0.682253,4.6872,4.27854e+06,2.92794e+06,1.5111e+07,0,0,0,0,61.2598,61.3098,1.67388,1,1,1.67886,1.7153,0,1.28874,1.90512,8.89167e+06,3.91359e+06,1.49279e+07,0,0,0,0
66.5846,85.1408,1.58398,0.05,0.18,3.53227,3.60893,0,0.661863,4.6872,4.27854e+06,2.92794e+06,1.51129e+07,0,0,0,0,60.5823,61.3098,1.6814,1,1,1.67907,1.71552,0,1.29709,1.90512,8.89167e+06,3.91359e+06,1.49298e+07,0,0,0,0
64.8555,85.1408,1.45031,0.08,0.18,3.22602,3.60939,0,0.661947,4.6872,4.27854e+06,2.92794e+06,1.38026e+07,0,0,0,0,60.0623,61.3098,1.47999,1,1,1.5335,1.71573,0,1.29725,1.90512,8.89167e+06,3.91359e+06,1.36353e+07,0,0,0,0
63.102,85.1408,1.38476,0.11,0.18,3.22642,3.60984,0,0.604555,4.6872,4.27854e+06,2.92794e+06,1.38044e+07,0,0,0,0,59.6754,61.3098,1.52807,1,1,1.53369,1.71595,0,1.18478,1.90512,8.89167e+06,3.91359e+06,1.36371e+07,0,0,0,0
61.4322,85.1408,1.49943,0.12,0.18,3.30214,3.69456,0,0.604632,4.6872,4.27854e+06,2.92794e+06,1.41283e+07,0,0,0,0,59.1914,61.3098,1.76432,1,1,1.57136,1.7581,0,1.18493,1.90512,8.89167e+06,3.91359e+06,1.39721e+07,0,0,0,0
59.5977,85.1408,1.31062,0.13,0.18,3.30256,3.69503,0,0.618821,4.6872,4.27854e+06,2.92794e+06,1.41301e+07,0,0,0,0,58.6514,61.3098,1.6291,1,1,1.57156,1.75832,0,1.21404,1.90512,8.89167e+06,3.91359e+06,1.39738e+07,0,0,0,0
57.6888,85.1408,1.20871,0.21,0.18,3.30298,3.69549,0,0.618899,4.6872,4.27854e+06,2.92794e+06,1.41319e+07,0,0,0,0,58.0951,61.3098,1.56201,1,1,1.57176,1.75855,0,1.21419,1.90512,8.89167e+06,3.91359e+06,1.39756e+07,0,0,0,0
55.6269,85.1408,1.01269,0.21,0.18,3.30339,3.69596,0,0.618978,4.6872,4.27854e+06,2.92794e+06,1.41337e+07,0,0,0,0,57.2883,61.3098,1.55283,1,1,1.57196,1.75877,0,1.21434,1.90512,8.89167e+06,3.91359e+06,1.39774e+07,0,0,0,0
53.4637,85.1408,1.06192,0.2,0.18,3.52446,3.9433,0,0.619056,4.6872,4.27854e+06,2.92794e+06,1.50795e+07,0,0,0,0,56.4084,61.3098,1.23079,1,1,1.70752,1.91043,0,1.2145,1.90512,8.89167e+06,3.91359e+06,1.51827e+07,0,0,0,0
51.4698,85.1408,1.20546,0.21,0.18,3.5249,3.9438,0,0.660484,4.6872,4.27854e+06,2.92794e+06,1.50814e+07,0,0,0,0,55.3956,61.3098,1.44118,1,1,1.70773,1.91068,0,1.31923,1.90512,8.89167e+06,3.91359e+06,1.51846e+07,0,0,0,0
49.2425,85.1408,0.977658,0.2,0.18,3.52535,3.94429,0,0.660567,4.6872,4.27854e+06,2.92794e+06,1.50833e+07,0,0,0,0,54.7108,61.3098,1.08214,1,1,1.70795,1.91092,0,1.31939,1.90512,8.89167e+06,3.91359e+06,1.51865e+07,0,0,0,0
47.2108,85.1408,1.16125,0.24,0.18,3.5258,3.94479,0,0.660651,4.6872,4.27854e+06,2.92794e+06,1.50853e+07,0,0,0,0,53.9786,61.3098,1.77459,1,1,1.70816,1.91116,0,1.31956,1.90512,8.89167e+06,3.91359e+06,1.51884e+07,0,0,0,0
44.9969,85.1408,0.961845,0.25,0.18,3.52624,3.94529,0,0.660734,4.6872,4.27854e+06,2.92794e+06,1.50872e+07,0,0,0,0,52.9969,61.3098,1.32549,1,1,1.70838,1.9114,0,1.31973,1.90512,8.89167e+06,3.91359e+06,1.51904e+07,0,0,0,0
42.9137,85.1408,1.00283,0.25,0.18,3.41909,3.8254,0,0.660818,4.6872,4.27854e+06,2.92794e+06,1.46287e+07,0,0,0,0,52.3518,61.3098,1.23535,1,1,1.62639,1.81966,0,1.3199,1.90512,8.89167e+06,3.91359e+06,1.44613e+07,0,0,0,0
41.1477,85.1408,1.34233,0.23,0.18,3.41952,3.82589,0,0.640737,4.6872,4.27854e+06,2.92794e+06,1.46305e+07,0,0,0,0,52.0329,61.3098,1.59253,1,1,1.62659,1.8199,0,1.25655,1.90512,8.89167e+06,3.91359e+06,1.44631e+07,0,0,0,0
39.7131,85.1408,1.74715,0.28,0.18,3.41995,3.82637,0,0.640818,4.6872,4.27854e+06,2.92794e+06,1.46324e+07,0,0,0,0,51.9039,61.3098,2.38878,1,1,1.6268,1.82013,0,1.25671,1.90512,8.89167e+06,3.91359e+06,1.4465e+07,0,0,0,0
38.069,85.1408,1.53063,0.26,0.18,3.42038,3.82685,0,0.640899,4.6872,4.27854e+06,2.92794e+06,1.46342e+07,0,0,0,0,51.6413,61.3098,1.74299,1,1,1.62701,1.82036,0,1.25687,1.90512,8.89167e+06,3.91359e+06,1.44668e+07,0,0,0,0
36.4882,85.1408,1.48738,0.25,0.18,3.33245,3.72847,0,0.64098,4.6872,4.27854e+06,2.92794e+06,1.4258e+07,0,0,0,0,51.1893,61.3098,1.83585,1,1,1.55234,1.73682,0,1.25702,1.90512,8.89167e+06,3.91359e+06,1.38029e+07,0,0,0,0
34.9502,85.1408,1.58192,0.25,0.18,3.33287,3.72894,0,0.624501,4.6872,4.27854e+06,2.92794e+06,1.42598e+07,0,0,0,0,50.8482,61.3098,1.36188,1,1,1.55254,1.73704,0,1.19934,1.90512,8.89167e+06,3.91359e+06,1.38047e+07,0,0,0,0
33.6621,85.1408,1.84612,0.25,0.18,3.33329,3.72941,0,0.62458,4.6872,4.27854e+06,2.92794e+06,1.42616e+07,0,0,0,0,50.8644,61.3098,3.01913,1,1,1.55274,1.73726,0,1.19949,1.90512,8.89167e+06,3.91359e+06,1.38064e+07,0,0,0,0
35.2501,85.1408,4.96035,0.32,0.18,3.33371,3.72988,0,0.624659,4.6872,4.27854e+06,2.92794e+06,1.42634e+07,0,0,0,0,51.9349,61.3098,6.06935,1,1,1.55293,1.73748,0,1.19964,1.90512,8.89167e+06,3.91359e+06,1.38082e+07,0,0,0,0
34.043,85.1408,1.68751,0.28,0.18,3.08304,3.44942,0,0.624738,4.6872,4.27854e+06,3.51353e+06,1.31909e+07,0,0,0,0,51.984,61.3098,1.95107,0,1,1.39712,1.56315,0,1.1998,1.90512,8.89167e+06,4.69631e+06,1.24228e+07,0,0,0,0
33.2727,85.1408,2.15827,0.32,0.18,3.08342,3.44985,0,0.577761,4.6872,4.27854e+06,3.51353e+06,1.31925e+07,0,0,0,0,52.2993,61.3098,2.75923,0,1,1.3973,1.56335,0,1.07942,1.90512,8.89167e+06,4.69631e+06,1.24243e+07,0,0,0,0
33.3876,85.1408,3.11703,0.32,0.18,3.08381,3.45029,0,0.577834,4.6872,4.27854e+06,3.51353e+06,1.31942e+07,0,0,0,0,52.9987,61.3098,3.71273,0,1,1.39748,1.56355,0,1.07955,1.90512,8.89167e+06,4.69631e+06,1.24259e+07,0,0,0,0
33.5532,85.1408,3.1611,0.36,0.18,3.0842,3.45072,0,0.577907,4.6872,4.27854e+06,3.51353e+06,1.31959e+07,0,0,0,0,53.6403,61.3098,3.31241,0,1,1.39765,1.56375,0,1.07969,1.90512,8.89167e+06,4.69631e+06,1.24275e+07,0,0,0,0
34.3005,85.1408,3.75642,0.39,0.18,3.08459,3.45116,0,0.57798,4.6872,4.27854e+06,3.51353e+06,1.31976e+07,0,0,0,0,54.2291,61.3098,3.72885,0,1,1.39783,1.56394,0,1.07983,1.90512,8.89167e+06,4.69631e+06,1.2429e+07,0,0,0,0
35.2378,85.1408,4.05141,0.3,0.22,3.18161,3.5597,0,0.578053,4.6872,4.27854e+06,3.51353e+06,1.36126e+07,0,0,0,0,54.2093,61.3098,2.39366,0,1,1.4432,1.61471,0,1.07996,1.90512,8.89167e+06,4.69631e+06,1.28325e+07,0,0,0,0
35.3659,85.1408,3.20995,0.32,0.22,3.18198,3.56012,0,0.596234,4.6872,4.27854e+06,3.51353e+06,1.36142e+07,0,0,0,0,54.2818,61.3098,2.70205,0,1,1.44337,1.61489,0,1.11502,1.90512,8.89167e+06,4.69631e+06,1.2834e+07,0,0,0,0
34.8142,85.1408,2.44478,0.34,0.22,3.18235,3.56053,0,0.596303,4.6872,4.27854e+06,3.51353e+06,1.36158e+07,0,0,0,0,53.9855,61.3098,2.35179,0,1,1.44354,1.61508,0,1.11515,1.90512,8.89167e+06,4.69631e+06,1.28354e+07,0,0,0,0
34.0424,85.1408,2.28896,0.38,0.22,3.18272,3.56095,0,0.596372,4.6872,4.27854e+06,3.51353e+06,1.36174e+07,0,0,0,0,53.8374,61.3098,1.72146,0,1,1.4437,1.61527,0,1.11528,1.90512,8.89167e+06,4.69631e+06,1.28369e+07,0,0,0,0
33.9584,85.1408,3.30531,0.51,0.22,3.49356,3.90873,0,0.596442,4.6872,4.27854e+06,2.92794e+06,1.49473e+07,0,0,0,0,53.9137,61.3098,3.62903,1,1,1.61364,1.8054,0,1.11541,1.90512,8.89167e+06,3.91359e+06,1.4348e+07,0,0,0,0
34.4716,85.1408,3.97065,0.52,0.22,3.49397,3.90918,0,0.654693,4.6872,4.27854e+06,2.92794e+06,1.49491e+07,0,0,0,0,53.7251,61.3098,3.38164,1,1,1.61383,1.80561,0,1.2467,1.90512,8.89167e+06,3.91359e+06,1.43496e+07,0,0,0,0
33.2568,85.1408,2.10003,0.4,0.22,3.49437,3.90964,0,0.654769,4.6872,4.27854e+06,2.92794e+06,1.49508e+07,0,0,0,0,53.3481,61.3098,1.99668,1,1,1.61402,1.80582,0,1.24684,1.90512,8.89167e+06,3.91359e+06,1.43513e+07,0,0,0,0
32.5946,85.1408,2.66759,0.57,0.22,3.49478,3.91009,0,0.654845,4.6872,4.27854e+06,2.92794e+06,1.49525e+07,0,0,0,0,53.049,61.3098,2.47541,1,1,1.6142,1.80603,0,1.24699,1.90512,8.89167e+06,3.91359e+06,1.4353e+07,0,0,0,0
35.5618,85.1408,6.17321,0.6,0.22,3.05215,3.41486,0,0.654922,4.6872,4.27854e+06,3.51353e+06,1.30587e+07,0,0,0,0,53.5239,61.3098,3.7685,0,1,1.38645,1.55122,0,1.24713,1.90512,8.89167e+06,4.69631e+06,1.23279e+07,0,0,0,0
38.4167,85.1408,6.15711,0.52,0.22,3.0525,3.41525,0,0.571972,4.6872,4.27854e+06,3.51353e+06,1.30602e+07,0,0,0,0,55.5027,61.3098,7.0425,0,1,1.38661,1.5514,0,1.07117,1.90512,8.89167e+06,4.69631e+06,1.23293e+07,0,0,0,0
40.5976,85.1408,5.54313,0.56,0.22,3.05286,3.41565,0,0.572039,4.6872,4.27854e+06,3.51353e+06,1.30618e+07,0,0,0,0,57.0407,61.3098,5.60303,0,1,1.38678,1.55158,0,1.0713,1.90512,8.89167e+06,4.69631e+06,1.23308e+07,0,0,0,0
44.8761,85.1408,7.55937,0.59,0.22,3.05321,3.41605,0,0.572105,4.6872,4.27854e+06,3.51353e+06,1.30633e+07,0,0,0,0,59.3649,61.3098,8.9775,0,1,1.38694,1.55176,0,1.07142,1.90512,8.89167e+06,4.69631e+06,1.23322e+07,0,0,0,0
48.5124,85.1408,7.00379,0.46,0.22,3.05357,3.41645,0,0.572172,4.6872,4.27854e+06,3.51353e+06,1.30648e+07,0,0,0,0,62.0101,61.3098,8.89104,0,1,1.3871,1.55194,0,1.07155,1.90512,8.89167e+06,4.69631e+06,1.23336e+07,0,0,0,0
49.7828,85.1408,4.51023,0.51,0.22,3.16551,3.54169,0,0.572238,4.6872,4.27854e+06,3.51353e+06,1.35437e+07,0,0,0,0,62.338,61.3098,5.35026,0,1,1.44305,1.61454,0,1.07167,1.90512,8.89167e+06,4.69631e+06,1.28312e+07,0,0,0,0
50.6728,85.1408,4.20111,0.51,0.22,3.16587,3.5421,0,0.593216,4.6872,4.27854e+06,3.51353e+06,1.35453e+07,0,0,0,0,62.338,61.3098,4.86161,0,1,1.44322,1.61473,0,1.1149,1.90512,8.89167e+06,4.69631e+06,1.28326e+07,0,0,0,0
51.0528,85.1408,3.65226,0.53,0.22,3.16624,3.54251,0,0.593285,4.6872,4.27854e+06,3.51353e+06,1.35469e+07,0,0,0,0,62.338,61.3098,4.35668,0,1,1.44339,1.61492,0,1.11503,1.90512,8.89167e+06,4.69631e+06,1.28341e+07,0,0,0,0
51.1917,85.1408,3.32312,0.53,0.22,3.16661,3.54292,0,0.593354,4.6872,4.27854e+06,3.51353e+06,1.35485e+07,0,0,0,0,62.338,61.3098,3.91035,0,1,1.44356,1.61511,0,1.11516,1.90512,8.89167e+06,4.69631e+06,1.28356e+07,0,0,0,0
51.0475,85.1408,3.00232,0.25,0.22,3.12333,3.4945,0,0.593423,4.6872,4.27854e+06,3.51353e+06,1.33633e+07,0,0,0,0,62.3221,61.3098,2.85616,0,1,1.42204,1.59104,0,1.11529,1.90512,8.89167e+06,4.69631e+06,1.26443e+07,0,0,0,0
50.7641,85.1408,2.84345,0.45,0.22,3.12369,3.4949,0,0.585312,4.6872,4.27854e+06,3.51353e+06,1.33648e+07,0,0,0,0,62.283,61.3098,2.75369,0,1,1.42221,1.59122,0,1.09867,1.90512,8.89167e+06,4.69631e+06,1.26458e+07,0,0,0,0
50.2972,85.1408,2.63196,0.43,0.22,3.12405,3.49531,0,0.58538,4.6872,4.27854e+06,3.51353e+06,1.33664e+07,0,0,0,0,62.3314,61.3098,3.14445,0,1,1.42237,1.59141,0,1.0988,1.90512,8.89167e+06,4.69631e+06,1.26473e+07,0,0,0,0
49.6901,85.1408,2.47748,0.41,0.22,3.12442,3.49571,0,0.585448,4.6872,4.27854e+06,3.51353e+06,1.33679e+07,0,0,0,0,62.338,61.3098,2.98993,0,1,1.42254,1.59159,0,1.09893,1.90512,8.89167e+06,4.69631e+06,1.26488e+07,0,0,0,0
48.5658,85.1408,1.95276,0.38,0.22,3.27301,3.66197,0,0.585516,4.6872,4.27854e+06,3.51353e+06,1.40037e+07,0,0,0,0,62.1017,61.3098,2.11887,0,1,1.49962,1.67784,0,1.09905,1.90512,8.89167e+06,4.69631e+06,1.33342e+07,0,0,0,0
47.2659,85.1408,1.72622,0.36,0.22,3.27339,3.66239,0,0.613362,4.6872,4.27854e+06,3.51353e+06,1.40053e+07,0,0,0,0,61.8266,61.3098,2.00988,0,1,1.4998,1.67803,0,1.15861,1.90512,8.89167e+06,4.69631e+06,1.33357e+07,0,0,0,0
45.9355,85.1408,1.68935,0.29,0.22,3.27377,3.66282,0,0.613433,4.6872,4.27854e+06,3.51353e+06,1.40069e+07,0,0,0,0,61.5837,61.3098,2.0115,0,1,1.49997,1.67823,0,1.15874,1.90512,8.89167e+06,4.69631e+06,1.33373e+07,0,0,0,0
44.5015,85.1408,1.57691,0.27,0.22,3.27415,3.66324,0,0.613504,4.6872,4.27854e+06,3.51353e+06,1.40086e+07,0,0,0,0,61.3043,61.3098,1.86101,0,1,1.50015,1.67842,0,1.15888,1.90512,8.89167e+06,4.69631e+06,1.33388e+07,0,0,0,0
42.9716,85.1408,1.47486,0.24,0.22,3.27453,3.66367,0,0.613576,4.6872,4.27854e+06,3.51353e+06,1.40102e+07,0,0,0,0,61.0825,61.3098,1.88138,0,1,1.50032,1.67861,0,1.15901,1.90512,8.89167e+06,4.69631e+06,1.33404e+07,0,0,0,0
41.3346,85.1408,1.33436,0.21,0.22,3.24558,3.63128,0,0.613647,4.6872,4.27854e+06,2.92794e+06,1.38863e+07,0,0,0,0,60.8596,61.3098,1.94577,1,1,1.5428,1.72614,0,1.15915,1.90512,8.89167e+06,3.91359e+06,1.3718e+07,0,0,0,0
39.5875,85.1408,1.20905,0.42,0.22,3.24596,3.6317,0,0.608222,4.6872,4.27854e+06,2.92794e+06,1.38879e+07,0,0,0,0,60.6104,61.3098,1.75212,1,1,1.54297,1.72634,0,1.19196,1.90512,8.89167e+06,3.91359e+06,1.37196e+07,0,0,0,0
37.8063,85.1408,1.14161,0.39,0.22,3.24633,3.63212,0,0.608292,4.6872,4.27854e+06,2.92794e+06,1.38896e+07,0,0,0,0,60.2188,61.3098,1.7277,1,1,1.54315,1.72654,0,1.1921,1.90512,8.89167e+06,3.91359e+06,1.37212e+07,0,0,0,0
35.9021,85.1408,1.0103,0.33,0.22,3.24671,3.63254,0,0.608363,4.6872,4.27854e+06,2.92794e+06,1.38912e+07,0,0,0,0,59.7165,61.3098,1.66366,1,1,1.54333,1.72674,0,1.19224,1.90512,8.89167e+06,3.91359e+06,1.37228e+07,0,0,0,0
33.8604,85.1408,0.942047,0.31,0.22,3.32287,3.71775,0,0.608433,4.6872,4.27854e+06,2.92794e+06,1.4217e+07,0,0,0,0,59.0695,61.3098,1.56051,1,1,1.58123,1.76914,0,1.19238,1.90512,8.89167e+06,3.91359e+06,1.40598e+07,0,0,0,0
31.7222,85.1408,0.839155,0.46,0.22,3.32325,3.71818,0,0.622705,4.6872,4.27854e+06,2.92794e+06,1.42187e+07,0,0,0,0,58.363,61.3098,1.45596,1,1,1.58141,1.76934,0,1.22166,1.90512,8.89167e+06,3.91359e+06,1.40614e+07,0,0,0,0
29.5158,85.1408,0.764988,0.4,0.22,3.32364,3.71861,0,0.622778,4.6872,4.27854e+06,2.92794e+06,1.42203e+07,0,0,0,0,57.6388,61.3098,1.37595,1,1,1.5816,1.76955,0,1.2218,1.90512,8.89167e+06,3.91359e+06,1.4063e+07,0,0,0,0
27.2148,85.1408,0.656098,0.39,0.22,3.32402,3.71904,0,0.62285,4.6872,4.27854e+06,2.92794e+06,1.4222e+07,0,0,0,0,56.9735,61.3098,1.36527,1,1,1.58178,1.76975,0,1.22194,1.90512,8.89167e+06,3.91359e+06,1.40647e+07,0,0,0,0
24.6142,85.1408,0.571164,0.35,0.22,3.54643,3.96788,0,0.622922,4.6872,4.27854e+06,2.92794e+06,1.51736e+07,0,0,0,0,56.177,61.3098,1.43292,1,1,1.71816,1.92235,0,1.22208,1.90512,8.89167e+06,3.91359e+06,1.52773e+07,0,0,0,0
21.9463,85.1408,0.494654,0.5,0.22,3.54685,3.96834,0,0.664602,4.6872,4.27854e+06,2.92794e+06,1.51753e+07,0,0,0,0,55.3519,61.3098,1.37693,1,1,1.71836,1.92257,0,1.32745,1.90512,8.89167e+06,3.91359e+06,1.52791e+07,0,0,0,0
19.3097,85.1408,0.519623,0.44,0.22,3.54726,3.9688,0,0.664679,4.6872,4.27854e+06,2.92794e+06,1.51771e+07,0,0,0,0,54.729,61.3098,1.35809,1,1,1.71856,1.92279,0,1.32761,1.90512,8.89167e+06,3.91359e+06,1.52809e+07,0,0,0,0
16.9069,85.1408,0.778694,0.43,0.22,3.54767,3.96927,0,0.664756,4.6872,4.27854e+06,2.92794e+06,1.51788e+07,0,0,0,0,54.1726,61.3098,1.62416,1,1,1.71876,1.92301,0,1.32776,1.90512,8.89167e+06,3.91359e+06,1.52827e+07,0,0,0,0
14.6146,85.1408,0.885068,0.54,0.22,3.54808,3.96973,0,0.664833,4.6872,4.27854e+06,2.92794e+06,1.51806e+07,0,0,0,0,53.8624,61.3098,3.06269,1,1,1.71896,1.92324,0,1.32792,1.90512,8.89167e+06,3.91359e+06,1.52844e+07,0,0,0,0
12.9212,85.1408,0.517214,0.48,0.22,3.44022,3.84905,0,0.66491,4.6872,4.27854e+06,2.92794e+06,1.47191e+07,0,0,0,0,53.3111,61.3098,1.88453,1,1,1.63644,1.83092,0,1.32807,1.90512,8.89167e+06,3.91359e+06,1.45507e+07,0,0,0,0
12.8508,85.1408,0.431578,0.44,0.22,3.44062,3.8495,0,0.644698,4.6872,4.27854e+06,2.92794e+06,1.47208e+07,0,0,0,0,52.7253,61.3098,1.67325,1,1,1.63663,1.83113,0,1.26432,1.90512,8.89167e+06,3.91359e+06,1.45524e+07,0,0,0,0
13.1459,85.1408,0.798534,0.44,0.22,3.44102,3.84995,0,0.644773,4.6872,4.27854e+06,2.92794e+06,1.47225e+07,0,0,0,0,52.3571,61.3098,2.17089,1,1,1.63682,1.83134,0,1.26446,1.90512,8.89167e+06,3.91359e+06,1.45541e+07,0,0,0,0
13.8543,85.1408,1.59141,0.44,0.22,3.44142,3.85039,0,0.644848,4.6872,4.27854e+06,2.92794e+06,1.47243e+07,0,0,0,0,52.1135,61.3098,3.06455,1,1,1.63701,1.83155,0,1.26461,1.90512,8.89167e+06,3.91359e+06,1.45558e+07,0,0,0,0
13.6183,85.1408,1.28058,0.41,0.22,3.35291,3.75136,0,0.644922,4.6872,4.27854e+06,2.92794e+06,1.43456e+07,0,0,0,0,51.8027,61.3098,1.55068,1,1,1.56188,1.74749,0,1.26476,1.90512,8.89167e+06,3.91359e+06,1.38877e+07,0,0,0,0
14.6777,85.1408,2.40038,0.41,0.22,3.3533,3.7518,0,0.628335,4.6872,4.27854e+06,2.92794e+06,1.43472e+07,0,0,0,0,52.2245,61.3098,4.60812,1,1,1.56206,1.74769,0,1.20671,1.90512,8.89167e+06,3.91359e+06,1.38893e+07,0,0,0,0
16.5726,85.1408,4.41677,0.39,0.22,3.35369,3.75223,0,0.628408,4.6872,4.27854e+06,2.92794e+06,1.43489e+07,0,0,0,0,53.5894,61.3098,5.49288,1,1,1.56224,1.74789,0,1.20685,1.90512,8.89167e+06,3.91359e+06,1.38909e+07,0,0,0,0
16.11,85.1408,2.65711,0.39,0.22,3.35408,3.75267,0,0.628481,4.6872,4.27854e+06,2.92794e+06,1.43505e+07,0,0,0,0,54.0819,61.3098,3.14523,1,1,1.56242,1.74809,0,1.20699,1.90512,8.89167e+06,3.91359e+06,1.38925e+07,0,0,0,0
18.607,85.1408,5.44895,0.43,0.22,3.10184,3.47045,0,0.628554,4.6872,4.27854e+06,3.51353e+06,1.32713e+07,0,0,0,0,55.8918,61.3098,7.31675,0,1,1.40564,1.57269,0,1.20713,1.90512,8.89167e+06,4.69631e+06,1.24985e+07,0,0,0,0
19.1287,85.1408,3.51397,0.37,0.22,3.1022,3.47085,0,0.581284,4.6872,4.27854e+06,3.51353e+06,1.32729e+07,0,0,0,0,57.4047,61.3098,6.46989,0,1,1.40581,1.57287,0,1.086,1.90512,8.89167e+06,4.69631e+06,1.25e+07,0,0,0,0
19.5087,85.1408,3.35992,0.41,0.22,3.10256,3.47126,0,0.581352,4.6872,4.27854e+06,3.51353e+06,1.32744e+07,0,0,0,0,58.8254,61.3098,6.41582,0,1,1.40597,1.57305,0,1.08613,1.90512,8.89167e+06,4.69631e+06,1.25014e+07,0,0,0,0
19.8652,85.1408,3.37078,0.43,0.22,3.10292,3.47166,0,0.581419,4.6872,4.27854e+06,3.51353e+06,1.32759e+07,0,0,0,0,60.1082,61.3098,5.62485,0,1,1.40613,1.57323,0,1.08625,1.90512,8.89167e+06,4.69631e+06,1.25029e+07,0,0,0,0
21.9554,85.1408,5.19033,0.46,0.22,3.10328,3.47206,0,0.581487,4.6872,4.27854e+06,3.51353e+06,1.32775e+07,0,0,0,0,62.1525,61.3098,6.29908,0,1,1.4063,1.57342,0,1.08638,1.90512,8.89167e+06,4.69631e+06,1.25043e+07,0,0,0,0
27.5895,85.1408,9.12713,0.51,0.2,3.20085,3.58123,0,0.581554,4.6872,4.27854e+06,3.51353e+06,1.36949e+07,0,0,0,0,62.338,61.3098,6.29445,0,1,1.45193,1.62447,0,1.0865,1.90512,8.89167e+06,4.69631e+06,1.29101e+07,0,0,0,0
31.3454,85.1408,7.09669,0.4,0.2,3.20119,3.58161,0,0.599839,4.6872,4.27854e+06,3.51353e+06,1.36964e+07,0,0,0,0,62.338,61.3098,6.10321,0,1,1.45208,1.62464,0,1.12176,1.90512,8.89167e+06,4.69631e+06,1.29114e+07,0,0,0,0
33.8138,85.1408,5.71985,0.43,0.2,3.20153,3.58199,0,0.599902,4.6872,4.27854e+06,3.51353e+06,1.36978e+07,0,0,0,0,62.338,61.3098,4.76866,0,1,1.45223,1.62481,0,1.12188,1.90512,8.89167e+06,4.69631e+06,1.29128e+07,0,0,0,0
37.3777,85.1408,6.91952,0.46,0.2,3.20186,3.58237,0,0.599966,4.6872,4.27854e+06,3.51353e+06,1.36993e+07,0,0,0,0,62.338,61.3098,4.50842,0,1,1.45239,1.62499,0,1.122,1.90512,8.89167e+06,4.69631e+06,1.29142e+07,0,0,0,0
40.8928,85.1408,7.19365,0.38,0.2,3.51454,3.9322,0,0.600029,4.6872,4.27854e+06,2.92794e+06,1.50371e+07,0,0,0,0,62.338,61.3098,7.11868,1,1,1.62333,1.81624,0,1.12212,1.90512,8.89167e+06,3.91359e+06,1.44341e+07,0,0,0,0
43.8552,85.1408,6.77884,0.39,0.2,3.51491,3.93262,0,0.658625,4.6872,4.27854e+06,2.92794e+06,1.50387e+07,0,0,0,0,62.338,61.3098,6.63008,1,1,1.6235,1.81644,0,1.25418,1.90512,8.89167e+06,3.91359e+06,1.44357e+07,0,0,0,0
44.7244,85.1408,4.58558,0.28,0.2,3.51528,3.93303,0,0.658695,4.6872,4.27854e+06,2.92794e+06,1.50403e+07,0,0,0,0,62.0774,61.3098,3.57474,1,1,1.62367,1.81663,0,1.25432,1.90512,8.89167e+06,3.91359e+06,1.44372e+07,0,0,0,0
45.0375,85.1408,3.84729,0.29,0.2,3.51566,3.93345,0,0.658764,4.6872,4.27854e+06,2.92794e+06,1.50419e+07,0,0,0,0,62.338,61.3098,2.54958,1,1,1.62385,1.81682,0,1.25445,1.90512,8.89167e+06,3.91359e+06,1.44387e+07,0,0,0,0
47.1294,85.1408,5.29972,0.31,0.2,3.07035,3.43522,0,0.658834,4.6872,4.27854e+06,3.51353e+06,1.31366e+07,0,0,0,0,62.338,61.3098,4.78554,0,1,1.39472,1.56047,0,1.25458,1.90512,8.89167e+06,4.69631e+06,1.24014e+07,0,0,0,0
48.9172,85.1408,4.9538,0.32,0.2,3.07068,3.43559,0,0.575384,4.6872,4.27854e+06,3.51353e+06,1.3138e+07,0,0,0,0,62.338,61.3098,4.16314,0,1,1.39487,1.56063,0,1.07756,1.90512,8.89167e+06,4.69631e+06,1.24027e+07,0,0,0,0
52.2166,85.1408,6.64708,0.35,0.2,3.071,3.43595,0,0.575445,4.6872,4.27854e+06,3.51353e+06,1.31394e+07,0,0,0,0,62.338,61.3098,5.89975,0,1,1.39502,1.5608,0,1.07768,1.90512,8.89167e+06,4.69631e+06,1.2404e+07,0,0,0,0
57.1076,85.1408,8.4339,0.26,0.2,3.07133,3.43632,0,0.575506,4.6872,4.27854e+06,3.51353e+06,1.31408e+07,0,0,0,0,62.338,61.3098,9.56653,0,1,1.39517,1.56096,0,1.07779,1.90512,8.89167e+06,4.69631e+06,1.24054e+07,0,0,0,0
59.789,85.1408,6.17206,0.29,0.2,3.07165,3.43668,0,0.575567,4.6872,4.27854e+06,3.51353e+06,1.31422e+07,0,0,0,0,62.338,61.3098,5.39887,0,1,1.39531,1.56113,0,1.0779,1.90512,8.89167e+06,4.69631e+06,1.24067e+07,0,0,0,0
62.6136,85.1408,6.27559,0.13,0.2,3.18422,3.56263,0,0.575628,4.6872,4.27854e+06,3.51353e+06,1.36238e+07,0,0,0,0,62.338,61.3098,5.17728,0,1,1.45159,1.62409,0,1.07802,1.90512,8.89167e+06,4.69631e+06,1.2907e+07,0,0,0,0
64.1355,85.1408,5.0786,0.13,0.2,3.18456,3.563,0,0.596723,4.6872,4.27854e+06,3.51353e+06,1.36253e+07,0,0,0,0,62.338,61.3098,4.84727,0,1,1.45174,1.62426,0,1.12149,1.90512,8.89167e+06,4.69631e+06,1.29084e+07,0,0,0,0
64.7348,85.1408,4.04593,0.13,0.2,3.1849,3.56338,0,0.596786,4.6872,4.27854e+06,3.51353e+06,1.36267e+07,0,0,0,0,62.338,61.3098,4.28958,0,1,1.45189,1.62443,0,1.12161,1.90512,8.89167e+06,4.69631e+06,1.29098e+07,0,0,0,0
64.8528,85.1408,3.50127,0.11,0.2,3.18523,3.56376,0,0.596849,4.6872,4.27854e+06,3.51353e+06,1.36281e+07,0,0,0,0,62.338,61.3098,3.75901,0,1,1.45205,1.6246,0,1.12173,1.90512,8.89167e+06,4.69631e+06,1.29111e+07,0,0,0,0
65.1165,85.1408,3.59435,0.09,0.2,3.14167,3.51501,0,0.596913,4.6872,4.27854e+06,3.51353e+06,1.34417e+07,0,0,0,0,62.338,61.3098,3.66972,0,1,1.43039,1.60038,0,1.12185,1.90512,8.89167e+06,4.69631e+06,1.27186e+07,0,0,0,0
65.1685,85.1408,3.37131,0.09,0.2,3.142,3.51539,0,0.588748,4.6872,4.27854e+06,3.51353e+06,1.34432e+07,0,0,0,0,62.338,61.3098,3.03837,0,1,1.43054,1.60055,0,1.10512,1.90512,8.89167e+06,4.69631e+06,1.27199e+07,0,0,0,0
65.812,85.1408,3.95824,0.08,0.2,3.14233,3.51576,0,0.58881,4.6872,4.27854e+06,3.51353e+06,1.34446e+07,0,0,0,0,62.338,61.3098,3.12997,0,1,1.4307,1.60072,0,1.10524,1.90512,8.89167e+06,4.69631e+06,1.27213e+07,0,0,0,0
65.6078,85.1408,2.98675,0.08,0.2,3.14266,3.51613,0,0.588873,4.6872,4.27854e+06,3.51353e+06,1.3446e+07,0,0,0,0,62.338,61.3098,2.96855,0,1,1.43085,1.60089,0,1.10536,1.90512,8.89167e+06,4.69631e+06,1.27226e+07,0,0,0,0
65.0297,85.1408,2.71038,0.07,0.2,3.29209,3.68332,0,0.588935,4.6872,4.27854e+06,3.51353e+06,1.40853e+07,0,0,0,0,62.338,61.3098,2.72983,0,1,1.50837,1.68762,0,1.10547,1.90512,8.89167e+06,4.69631e+06,1.34119e+07,0,0,0,0
64.2399,85.1408,2.50564,0.06,0.2,3.29244,3.68371,0,0.616938,4.6872,4.27854e+06,3.51353e+06,1.40868e+07,0,0,0,0,62.338,61.3098,2.59631,0,1,1.50853,1.6878,0,1.16536,1.90512,8.89167e+06,4.69631e+06,1.34133e+07,0,0,0,0
63.3407,85.1408,2.37073,0.06,0.2,3.29279,3.6841,0,0.617003,4.6872,4.27854e+06,3.51353e+06,1.40883e+07,0,0,0,0,62.338,61.3098,2.33555,0,1,1.50869,1.68797,0,1.16549,1.90512,8.89167e+06,4.69631e+06,1.34147e+07,0,0,0,0
61.9627,85.1408,2.1451,0.05,0.2,3.68449,3.68449,0,0.617069,4.6872,4.27854e+06,2.92794e+06,1.57642e+07,0,0,0,0,62.0097,61.3098,2.24821,0,1,1.68815,1.68815,0,1.16561,1.90512,8.89167e+06,3.91359e+06,1.50105e+07,0,0,0,0
60.5278,85.1408,2.06186,0.05,0.2,3.68488,3.68488,0,0.690473,4.6872,4.27854e+06,2.92794e+06,1.57659e+07,0,0,0,0,61.2357,61.3098,1.82699,0,1,1.68833,1.68833,0,1.30427,1.90512,8.89167e+06,3.91359e+06,1.50121e+07,0,0,0,0
59.1166,85.1408,1.96315,0.05,0.2,3.57467,3.65226,0,0.690546,4.6872,4.27854e+06,2.92794e+06,1.52944e+07,0,0,0,0,60.2961,61.3098,1.33647,1,1,1.69923,1.73611,0,1.30441,1.90512,8.89167e+06,3.91359e+06,1.5109e+07,0,0,0,0
57.8796,85.1408,1.86204,0.11,0.2,3.26468,3.65265,0,0.669894,4.6872,4.27854e+06,2.92794e+06,1.39681e+07,0,0,0,0,59.4459,61.3098,1.29366,1,1,1.55187,1.7363,0,1.31283,1.90512,8.89167e+06,3.91359e+06,1.37988e+07,0,0,0,0
56.5383,85.1408,1.7338,0.1,0.2,3.26503,3.65303,0,0.611801,4.6872,4.27854e+06,2.92794e+06,1.39695e+07,0,0,0,0,58.4849,61.3098,1.19125,1,1,1.55204,1.73648,0,1.19898,1.90512,8.89167e+06,3.91359e+06,1.38002e+07,0,0,0,0
55.1265,85.1408,1.64041,0.12,0.2,3.26537,3.65342,0,0.611866,4.6872,4.27854e+06,2.92794e+06,1.3971e+07,0,0,0,0,57.3592,61.3098,1.12214,1,1,1.5522,1.73666,0,1.19911,1.90512,8.89167e+06,3.91359e+06,1.38017e+07,0,0,0,0
53.3207,85.1408,1.26464,0.12,0.2,3.34193,3.73908,0,0.611931,4.6872,4.27854e+06,2.92794e+06,1.42986e+07,0,0,0,0,56.0685,61.3098,0.901073,1,1,1.5903,1.77929,0,1.19923,1.90512,8.89167e+06,3.91359e+06,1.41404e+07,0,0,0,0
51.4656,85.1408,1.18362,0.13,0.2,3.34229,3.73948,0,0.626278,4.6872,4.27854e+06,2.92794e+06,1.43001e+07,0,0,0,0,54.8181,61.3098,0.827773,1,1,1.59047,1.77948,0,1.22867,1.90512,8.89167e+06,3.91359e+06,1.41419e+07,0,0,0,0
49.6256,85.1408,1.16282,0.15,0.2,3.34264,3.73987,0,0.626344,4.6872,4.27854e+06,2.92794e+06,1.43016e+07,0,0,0,0,53.6521,61.3098,0.888612,1,1,1.59064,1.77966,0,1.2288,1.90512,8.89167e+06,3.91359e+06,1.41434e+07,0,0,0,0
47.897,85.1408,1.25098,0.22,0.2,3.34299,3.74027,0,0.626411,4.6872,4.27854e+06,2.92794e+06,1.43031e+07,0,0,0,0,52.4489,61.3098,0.963339,1,1,1.59081,1.77985,0,1.22893,1.90512,8.89167e+06,3.91359e+06,1.41449e+07,0,0,0,0
45.7585,85.1408,1.06197,0.22,0.2,3.56664,3.99049,0,0.626477,4.6872,4.27854e+06,2.92794e+06,1.526e+07,0,0,0,0,51.02,61.3098,0.827751,1,1,1.72795,1.9333,0,1.22906,1.90512,8.89167e+06,3.91359e+06,1.53644e+07,0,0,0,0
43.4665,85.1408,0.906816,0.21,0.2,3.56701,3.99091,0,0.668388,4.6872,4.27854e+06,2.92794e+06,1.52616e+07,0,0,0,0,49.6141,61.3098,0.729116,1,1,1.72813,1.9335,0,1.33501,1.90512,8.89167e+06,3.91359e+06,1.5366e+07,0,0,0,0
41.2325,85.1408,0.963689,0.22,0.2,3.56739,3.99133,0,0.668458,4.6872,4.27854e+06,2.92794e+06,1.52632e+07,0,0,0,0,48.2025,61.3098,0.768099,1,1,1.72832,1.93371,0,1.33516,1.90512,8.89167e+06,3.91359e+06,1.53676e+07,0,0,0,0
39.1137,85.1408,1.07507,0.26,0.2,3.56777,3.99175,0,0.668529,4.6872,4.27854e+06,2.92794e+06,1.52648e+07,0,0,0,0,46.8791,61.3098,0.765431,1,1,1.7285,1.93391,0,1.3353,1.90512,8.89167e+06,3.91359e+06,1.53692e+07,0,0,0,0
36.7082,85.1408,0.779619,0.27,0.2,3.56815,3.99218,0,0.6686,4.6872,4.27854e+06,2.92794e+06,1.52664e+07,0,0,0,0,45.5626,61.3098,0.812331,1,1,1.72868,1.93411,0,1.33544,1.90512,8.89167e+06,3.91359e+06,1.53709e+07,0,0,0,0
34.2976,85.1408,0.637439,0.25,0.2,3.45964,3.87078,0,0.668671,4.6872,4.27854e+06,2.92794e+06,1.48022e+07,0,0,0,0,44.2117,61.3098,0.804706,1,1,1.64568,1.84125,0,1.33558,1.90512,8.89167e+06,3.91359e+06,1.46329e+07,0,0,0,0
31.7971,85.1408,0.543783,0.25,0.2,3.46001,3.87119,0,0.648337,4.6872,4.27854e+06,2.92794e+06,1.48038e+07,0,0,0,0,43.0087,61.3098,0.732224,1,1,1.64586,1.84145,0,1.27145,1.90512,8.89167e+06,3.91359e+06,1.46344e+07,0,0,0,0
29.8076,85.1408,1.16186,0.3,0.2,3.46038,3.8716,0,0.648406,4.6872,4.27854e+06,2.92794e+06,1.48054e+07,0,0,0,0,42.2685,61.3098,1.10001,1,1,1.64603,1.84164,0,1.27159,1.90512,8.89167e+06,3.91359e+06,1.4636e+07,0,0,0,0
28.5465,85.1408,1.93874,0.29,0.2,3.46074,3.87201,0,0.648475,4.6872,4.27854e+06,2.92794e+06,1.48069e+07,0,0,0,0,41.4514,61.3098,1.36206,1,1,1.6462,1.84184,0,1.27172,1.90512,8.89167e+06,3.91359e+06,1.46375e+07,0,0,0,0
26.7109,85.1408,1.22219,0.28,0.2,3.3717,3.77238,0,0.648543,4.6872,4.27854e+06,2.92794e+06,1.44259e+07,0,0,0,0,41.0458,61.3098,0.972605,1,1,1.57063,1.75728,0,1.27186,1.90512,8.89167e+06,3.91359e+06,1.39655e+07,0,0,0,0
25.2321,85.1408,1.59554,0.26,0.2,3.37206,3.77278,0,0.631857,4.6872,4.27854e+06,2.92794e+06,1.44275e+07,0,0,0,0,40.951,61.3098,2.26119,1,1,1.5708,1.75746,0,1.21347,1.90512,8.89167e+06,3.91359e+06,1.3967e+07,0,0,0,0
26.2633,85.1408,4.28326,0.33,0.2,3.37241,3.77318,0,0.631924,4.6872,4.27854e+06,2.92794e+06,1.4429e+07,0,0,0,0,41.747,61.3098,4.58596,1,1,1.57096,1.75765,0,1.2136,1.90512,8.89167e+06,3.91359e+06,1.39685e+07,0,0,0,0
25.5914,85.1408,2.48504,0.28,0.2,3.37277,3.77358,0,0.63199,4.6872,4.27854e+06,2.92794e+06,1.44305e+07,0,0,0,0,41.7921,61.3098,2.33132,1,1,1.57113,1.75784,0,1.21372,1.90512,8.89167e+06,3.91359e+06,1.397e+07,0,0,0,0
24.9801,85.1408,2.32598,0.28,0.2,3.11909,3.48976,0,0.632057,4.6872,4.27854e+06,3.51353e+06,1.33452e+07,0,0,0,0,41.9979,61.3098,1.89452,0.01,1,1.41346,1.58144,0,1.21385,1.90512,8.89167e+06,4.69631e+06,1.2568e+07,0,0,0,0
25.8241,85.1408,3.80055,0.36,0.2,3.11942,3.49013,0,0.584518,4.6872,4.27854e+06,3.51353e+06,1.33466e+07,0,0,0,0,41.6812,61.3098,1.84393,0.01,1,1.41361,1.5816,0,1.09204,1.90512,8.89167e+06,4.69631e+06,1.25694e+07,0,0,0,0
27.3617,85.1408,4.56369,0.32,0.2,3.11975,3.4905,0,0.58458,4.6872,4.27854e+06,3.51353e+06,1.3348e+07,0,0,0,0,41.6472,61.3098,1.73473,0.01,1,1.41376,1.58177,0,1.09216,1.90512,8.89167e+06,4.69631e+06,1.25707e+07,0,0,0,0
29.1255,85.1408,4.89141,0.32,0.2,3.12008,3.49087,0,0.584642,4.6872,4.27854e+06,3.51353e+06,1.33494e+07,0,0,0,0,42.9252,61.3098,4.9211,0.01,1,1.41391,1.58194,0,1.09227,1.90512,8.89167e+06,4.69631e+06,1.2572e+07,0,0,0,0
30.4512,85.1408,4.37691,0.33,0.2,3.12041,3.49124,0,0.584703,4.6872,4.27854e+06,3.51353e+06,1.33508e+07,0,0,0,0,43.2516,61.3098,2.61332,0.01,1,1.41406,1.5821,0,1.09239,1.90512,8.89167e+06,4.69631e+06,1.25734e+07,0,0,0,0
32.9649,85.1408,5.77618,0.38,0.22,3.21849,3.60097,0,0.584765,4.6872,4.27854e+06,3.51353e+06,1.37704e+07,0,0,0,0,43.8486,61.3098,2.82082,0.01,1,1.45993,1.63342,0,1.0925,1.90512,8.89167e+06,4.69631e+06,1.29812e+07,0,0,0,0
35.1233,85.1408,5.46634,0.38,0.22,3.2188,3.60131,0,0.603145,4.6872,4.27854e+06,3.51353e+06,1.37717e+07,0,0,0,0,44.4131,61.3098,3.1916,0.01,1,1.46007,1.63358,0,1.12794,1.90512,8.89167e+06,4.69631e+06,1.29825e+07,0,0,0,0
36.2455,85.1408,4.41151,0.29,0.22,3.21911,3.60166,0,0.603203,4.6872,4.27854e+06,3.51353e+06,1.37731e+07,0,0,0,0,44.646,61.3098,2.31766,0,1,1.46021,1.63374,0,1.12805,1.90512,8.89167e+06,4.69631e+06,1.29837e+07,0,0,0,0
37.2183,85.1408,4.19599,0.32,0.22,3.21942,3.602,0,0.603261,4.6872,4.27854e+06,3.51353e+06,1.37744e+07,0,0,0,0,44.3178,61.3098,2.35692,0,1,1.46035,1.63389,0,1.12816,1.90512,8.89167e+06,4.69631e+06,1.2985e+07,0,0,0,0
37.9676,85.1408,4.26373,0.35,0.22,3.53377,3.95372,0,0.603319,4.6872,4.27854e+06,2.92794e+06,1.51194e+07,0,0,0,0,44.0556,61.3098,1.77561,1,1,1.63221,1.82618,0,1.12827,1.90512,8.89167e+06,3.91359e+06,1.45131e+07,0,0,0,0
38.2216,85.1408,3.75257,0.38,0.22,3.53411,3.9541,0,0.662229,4.6872,4.27854e+06,2.92794e+06,1.51208e+07,0,0,0,0,44.4844,61.3098,2.63882,1,1,1.63237,1.82636,0,1.26105,1.90512,8.89167e+06,3.91359e+06,1.45145e+07,0,0,0,0
40.0982,85.1408,5.55032,0.39,0.22,3.53445,3.95447,0,0.662292,4.6872,4.27854e+06,2.92794e+06,1.51223e+07,0,0,0,0,44.7573,61.3098,2.40342,1,1,1.63253,1.82653,0,1.26117,1.90512,8.89167e+06,3.91359e+06,1.45159e+07,0,0,0,0
42.9891,85.1408,6.5447,0.39,0.22,3.53479,3.95485,0,0.662356,4.6872,4.27854e+06,2.92794e+06,1.51237e+07,0,0,0,0,45.1112,61.3098,3.07956,1,1,1.63268,1.82671,0,1.26129,1.90512,8.89167e+06,3.91359e+06,1.45173e+07,0,0,0,0
47.9735,85.1408,8.44979,0.29,0.22,3.08703,3.45388,0,0.662419,4.6872,4.27854e+06,3.51353e+06,1.3208e+07,0,0,0,0,45.1334,61.3098,2.51291,0,1,1.4023,1.56894,0,1.26141,1.90512,8.89167e+06,4.69631e+06,1.24688e+07,0,0,0,0
49.7383,85.1408,5.04082,0.32,0.22,3.08732,3.45421,0,0.578509,4.6872,4.27854e+06,3.51353e+06,1.32092e+07,0,0,0,0,45.6887,61.3098,2.36608,0.01,1,1.40243,1.56909,0,1.08342,1.90512,8.89167e+06,4.69631e+06,1.247e+07,0,0,0,0
53.0762,85.1408,6.91391,0.35,0.22,3.08762,3.45455,0,0.578565,4.6872,4.27854e+06,3.51353e+06,1.32105e+07,0,0,0,0,47.0909,61.3098,3.9823,0.01,1,1.40257,1.56924,0,1.08352,1.90512,8.89167e+06,4.69631e+06,1.24712e+07,0,0,0,0
56.317,85.1408,6.63527,0.26,0.22,3.08792,3.45488,0,0.57862,4.6872,4.27854e+06,3.51353e+06,1.32118e+07,0,0,0,0,48.1804,61.3098,3.32747,0.01,1,1.4027,1.5694,0,1.08362,1.90512,8.89167e+06,4.69631e+06,1.24724e+07,0,0,0,0
58.0123,85.1408,5.06981,0.27,0.22,3.08821,3.45521,0,0.578676,4.6872,4.27854e+06,3.51353e+06,1.3213e+07,0,0,0,0,49.2024,61.3098,3.4722,0.01,1,1.40284,1.56955,0,1.08373,1.90512,8.89167e+06,4.69631e+06,1.24736e+07,0,0,0,0
61.5464,85.1408,6.96119,0.28,0.22,3.20136,3.5818,0,0.578731,4.6872,4.27854e+06,3.51353e+06,1.36971e+07,0,0,0,0,50.0709,61.3098,3.16537,0.01,1,1.4594,1.63283,0,1.08383,1.90512,8.89167e+06,4.69631e+06,1.29765e+07,0,0,0,0
64.5588,85.1408,6.51789,0.11,0.22,3.20167,3.58214,0,0.599935,4.6872,4.27854e+06,3.51353e+06,1.36984e+07,0,0,0,0,52.1445,61.3098,5.25027,0.01,1,1.45954,1.63299,0,1.12753,1.90512,8.89167e+06,4.69631e+06,1.29777e+07,0,0,0,0
66.4435,85.1408,5.51187,0.12,0.22,3.20197,3.58249,0,0.599992,4.6872,4.27854e+06,3.51353e+06,1.36998e+07,0,0,0,0,54.06,61.3098,5.41091,0,1,1.45968,1.63314,0,1.12764,1.90512,8.89167e+06,4.69631e+06,1.2979e+07,0,0,0,0
67.0287,85.1408,4.11253,0.1,0.22,3.20228,3.58283,0,0.60005,4.6872,4.27854e+06,3.51353e+06,1.37011e+07,0,0,0,0,55.0735,61.3098,3.88,0,1,1.45982,1.6333,0,1.12775,1.90512,8.89167e+06,4.69631e+06,1.29802e+07,0,0,0,0
67.067,85.1408,3.3684,0.08,0.22,3.15845,3.53379,0,0.600107,4.6872,4.27854e+06,3.51353e+06,1.35135e+07,0,0,0,0,55.5025,61.3098,2.82397,0,1,1.43803,1.60893,0,1.12786,1.90512,8.89167e+06,4.69631e+06,1.27865e+07,0,0,0,0
66.407,85.1408,2.62953,0.08,0.22,3.15875,3.53413,0,0.591893,4.6872,4.27854e+06,3.51353e+06,1.35148e+07,0,0,0,0,55.586,61.3098,2.27857,0,1,1.43817,1.60908,0,1.11103,1.90512,8.89167e+06,4.69631e+06,1.27878e+07,0,0,0,0
65.4534,85.1408,2.31231,0.08,0.22,3.15905,3.53447,0,0.59195,4.6872,4.27854e+06,3.51353e+06,1.35161e+07,0,0,0,0,55.4071,61.3098,2.07025,0,1,1.43831,1.60924,0,1.11113,1.90512,8.89167e+06,4.69631e+06,1.2789e+07,0,0,0,0
64.6912,85.1408,2.50686,0.08,0.22,3.15936,3.53481,0,0.592007,4.6872,4.27854e+06,3.51353e+06,1.35174e+07,0,0,0,0,55.1987,61.3098,1.82805,0,1,1.43845,1.60939,0,1.11124,1.90512,8.89167e+06,4.69631e+06,1.27902e+07,0,0,0,0
63.7414,85.1408,2.37536,0.07,0.22,3.30955,3.70284,0,0.592064,4.6872,4.27854e+06,3.51353e+06,1.416e+07,0,0,0,0,54.8569,61.3098,1.82085,0,1,1.51636,1.69656,0,1.11135,1.90512,8.89167e+06,4.69631e+06,1.3483e+07,0,0,0,0
62.6197,85.1408,2.16331,0.06,0.22,3.30986,3.7032,0,0.620209,4.6872,4.27854e+06,3.51353e+06,1.41614e+07,0,0,0,0,54.4602,61.3098,1.68791,0,1,1.51651,1.69673,0,1.17154,1.90512,8.89167e+06,4.69631e+06,1.34843e+07,0,0,0,0
61.2942,85.1408,1.91363,0.06,0.22,3.31018,3.70356,0,0.620268,4.6872,4.27854e+06,3.51353e+06,1.41627e+07,0,0,0,0,53.9566,61.3098,1.58852,0,1,1.51665,1.69689,0,1.17166,1.90512,8.89167e+06,4.69631e+06,1.34856e+07,0,0,0,0
59.6013,85.1408,1.80884,0.05,0.22,3.70391,3.70391,0,0.620328,4.6872,4.27854e+06,2.92794e+06,1.58473e+07,0,0,0,0,53.2987,61.3098,1.514,0,1,1.69705,1.69705,0,1.17177,1.90512,8.89167e+06,3.91359e+06,1.50896e+07,0,0,0,0
57.998,85.1408,1.87724,0.04,0.22,3.70427,3.70427,0,0.694113,4.6872,4.27854e+06,2.92794e+06,1.58488e+07,0,0,0,0,52.8822,61.3098,1.55304,0,1,1.69722,1.69722,0,1.31114,1.90512,8.89167e+06,3.91359e+06,1.50911e+07,0,0,0,0
57.0349,85.1408,2.16859,0.09,0.22,3.28148,3.67144,0,0.694179,4.6872,4.27854e+06,2.92794e+06,1.40399e+07,0,0,0,0,52.6073,61.3098,1.81424,1,1,1.55986,1.74523,0,1.31127,1.90512,8.89167e+06,3.91359e+06,1.38698e+07,0,0,0,0
55.9007,85.1408,1.98199,0.09,0.22,3.28179,3.67179,0,0.614949,4.6872,4.27854e+06,2.92794e+06,1.40413e+07,0,0,0,0,52.1914,61.3098,1.78239,1,1,1.56001,1.7454,0,1.20515,1.90512,8.89167e+06,3.91359e+06,1.38711e+07,0,0,0,0
54.6117,85.1408,1.79671,0.09,0.22,3.28211,3.67215,0,0.615008,4.6872,4.27854e+06,2.92794e+06,1.40426e+07,0,0,0,0,51.7375,61.3098,1.61612,1,1,1.56016,1.74557,0,1.20526,1.90512,8.89167e+06,3.91359e+06,1.38724e+07,0,0,0,0
53.2804,85.1408,1.6987,0.11,0.22,3.28242,3.6725,0,0.615067,4.6872,4.27854e+06,2.92794e+06,1.4044e+07,0,0,0,0,51.0026,61.3098,1.58027,1,1,1.56031,1.74573,0,1.20538,1.90512,8.89167e+06,3.91359e+06,1.38738e+07,0,0,0,0
51.6664,85.1408,1.43945,0.1,0.22,3.35935,3.75857,0,0.615126,4.6872,4.27854e+06,2.92794e+06,1.43731e+07,0,0,0,0,50.2661,61.3098,1.36907,1,1,1.59859,1.78856,0,1.20549,1.90512,8.89167e+06,3.91359e+06,1.42141e+07,0,0,0,0
50.0555,85.1408,1.44002,0.11,0.22,3.35967,3.75893,0,0.629542,4.6872,4.27854e+06,2.92794e+06,1.43745e+07,0,0,0,0,49.5081,61.3098,1.38911,1,1,1.59874,1.78873,0,1.23507,1.90512,8.89167e+06,3.91359e+06,1.42155e+07,0,0,0,0
48.3717,85.1408,1.33385,0.19,0.22,3.36,3.75929,0,0.629603,4.6872,4.27854e+06,2.92794e+06,1.43759e+07,0,0,0,0,48.584,61.3098,1.33673,1,1,1.5989,1.78891,0,1.23519,1.90512,8.89167e+06,3.91359e+06,1.42169e+07,0,0,0,0
46.5771,85.1408,1.21451,0.2,0.22,3.36032,3.75965,0,0.629663,4.6872,4.27854e+06,2.92794e+06,1.43772e+07,0,0,0,0,47.8419,61.3098,1.18066,1,1,1.59905,1.78908,0,1.23531,1.90512,8.89167e+06,3.91359e+06,1.42182e+07,0,0,0,0
44.4954,85.1408,1.13709,0.19,0.22,3.58508,4.01113,0,0.629724,4.6872,4.27854e+06,2.92794e+06,1.53389e+07,0,0,0,0,46.7783,61.3098,1.42828,1,1,1.73689,1.9433,0,1.23543,1.90512,8.89167e+06,3.91359e+06,1.54438e+07,0,0,0,0
42.0297,85.1408,0.737435,0.19,0.22,3.58543,4.01151,0,0.671845,4.6872,4.27854e+06,2.92794e+06,1.53404e+07,0,0,0,0,45.7,61.3098,1.02841,1,1,1.73705,1.94348,0,1.34192,1.90512,8.89167e+06,3.91359e+06,1.54453e+07,0,0,0,0
39.8257,85.1408,1.00178,0.24,0.22,3.58577,4.0119,0,0.671909,4.6872,4.27854e+06,2.92794e+06,1.53419e+07,0,0,0,0,44.7583,61.3098,1.15706,1,1,1.73722,1.94367,0,1.34205,1.90512,8.89167e+06,3.91359e+06,1.54468e+07,0,0,0,0
38.0357,85.1408,1.47081,0.23,0.22,3.58612,4.01228,0,0.671973,4.6872,4.27854e+06,2.92794e+06,1.53433e+07,0,0,0,0,43.8557,61.3098,1.38543,1,1,1.73739,1.94385,0,1.34218,1.90512,8.89167e+06,3.91359e+06,1.54483e+07,0,0,0,0
35.9475,85.1408,1.17599,0.24,0.22,3.58646,4.01267,0,0.672038,4.6872,4.27854e+06,2.92794e+06,1.53448e+07,0,0,0,0,43.2046,61.3098,1.21462,1,1,1.73755,1.94404,0,1.34231,1.90512,8.89167e+06,3.91359e+06,1.54498e+07,0,0,0,0
34.0084,85.1408,1.1798,0.23,0.22,3.47737,3.89061,0,0.672102,4.6872,4.27854e+06,2.92794e+06,1.4878e+07,0,0,0,0,42.3536,61.3098,1.69157,1,1,1.65411,1.85068,0,1.34243,1.90512,8.89167e+06,3.91359e+06,1.47078e+07,0,0,0,0
31.5017,85.1408,0.611447,0.28,0.22,3.4777,3.89098,0,0.651658,4.6872,4.27854e+06,2.92794e+06,1.48795e+07,0,0,0,0,41.1607,61.3098,1.02745,1,1,1.65427,1.85086,0,1.27797,1.90512,8.89167e+06,3.91359e+06,1.47092e+07,0,0,0,0
29.0125,85.1408,0.60517,0.27,0.22,3.47803,3.89135,0,0.651721,4.6872,4.27854e+06,2.92794e+06,1.48809e+07,0,0,0,0,40.7103,61.3098,0.968075,1,1,1.65443,1.85104,0,1.27809,1.90512,8.89167e+06,3.91359e+06,1.47106e+07,0,0,0,0
27.4781,85.1408,1.64317,0.27,0.22,3.47837,3.89173,0,0.651783,4.6872,4.27854e+06,2.92794e+06,1.48823e+07,0,0,0,0,40.3312,61.3098,2.2044,1,1,1.65459,1.85121,0,1.27821,1.90512,8.89167e+06,3.91359e+06,1.47121e+07,0,0,0,0
26.1488,85.1408,1.79845,0.24,0.22,3.38884,3.79156,0,0.651846,4.6872,4.27854e+06,2.92794e+06,1.44993e+07,0,0,0,0,40.2736,61.3098,1.6463,1,1,1.57861,1.76621,0,1.27833,1.90512,8.89167e+06,3.91359e+06,1.40365e+07,0,0,0,0
25.1272,85.1408,2.09238,0.24,0.22,3.38916,3.79192,0,0.635068,4.6872,4.27854e+06,2.92794e+06,1.45007e+07,0,0,0,0,40.6654,61.3098,3.03065,1,1,1.57876,1.76638,0,1.21964,1.90512,8.89167e+06,3.91359e+06,1.40378e+07,0,0,0,0
23.537,85.1408,1.52314,0.32,0.22,3.38949,3.79228,0,0.635129,4.6872,4.27854e+06,2.92794e+06,1.4502e+07,0,0,0,0,40.6746,61.3098,2.07582,1,1,1.57891,1.76655,0,1.21975,1.90512,8.89167e+06,3.91359e+06,1.40392e+07,0,0,0,0
25.081,85.1408,4.84854,0.33,0.22,3.38981,3.79265,0,0.63519,4.6872,4.27854e+06,2.92794e+06,1.45034e+07,0,0,0,0,41.0504,61.3098,3.3635,1,1,1.57907,1.76672,0,1.21987,1.90512,8.89167e+06,3.91359e+06,1.40405e+07,0,0,0,0
25.2264,85.1408,3.08961,0.32,0.22,3.13482,3.50736,0,0.635251,4.6872,4.27854e+06,3.51353e+06,1.34124e+07,0,0,0,0,41.0956,61.3098,2.08115,0.02,1,1.42059,1.58941,0,1.21999,1.90512,8.89167e+06,4.69631e+06,1.26314e+07,0,0,0,0
24.5871,85.1408,2.24991,0.35,0.22,3.13512,3.50769,0,0.587465,4.6872,4.27854e+06,3.51353e+06,1.34137e+07,0,0,0,0,41.4549,61.3098,3.52193,0.01,1,1.42073,1.58956,0,1.09755,1.90512,8.89167e+06,4.69631e+06,1.26326e+07,0,0,0,0
25.1449,85.1408,3.50783,0.4,0.22,3.13542,3.50803,0,0.587522,4.6872,4.27854e+06,3.51353e+06,1.3415e+07,0,0,0,0,41.7955,61.3098,3.21319,0.01,1,1.42086,1.58971,0,1.09765,1.90512,8.89167e+06,4.69631e+06,1.26338e+07,0,0,0,0
26.0381,85.1408,3.86128,0.44,0.22,3.13572,3.50836,0,0.587578,4.6872,4.27854e+06,3.51353e+06,1.34163e+07,0,0,0,0,42.139,61.3098,2.3899,0.01,1,1.421,1.58987,0,1.09776,1.90512,8.89167e+06,4.69631e+06,1.26351e+07,0,0,0,0
27.1986,85.1408,4.14452,0.32,0.22,3.13602,3.5087,0,0.587634,4.6872,4.27854e+06,3.51353e+06,1.34176e+07,0,0,0,0,43.7925,61.3098,4.46704,0.01,1,1.42113,1.59002,0,1.09786,1.90512,8.89167e+06,4.69631e+06,1.26363e+07,0,0,0,0
27.3488,85.1408,3.21581,0.35,0.22,3.23456,3.61895,0,0.587691,4.6872,4.27854e+06,3.51353e+06,1.38392e+07,0,0,0,0,44.0651,61.3098,3.39695,0.01,1,1.46722,1.64158,0,1.09797,1.90512,8.89167e+06,4.69631e+06,1.3046e+07,0,0,0,0
27.9578,85.1408,3.83476,0.37,0.2,3.23484,3.61926,0,0.606156,4.6872,4.27854e+06,3.51353e+06,1.38404e+07,0,0,0,0,44.5649,61.3098,4.22202,0,1,1.46735,1.64172,0,1.13357,1.90512,8.89167e+06,4.69631e+06,1.30472e+07,0,0,0,0
29.9185,85.1408,5.18191,0.41,0.2,3.23512,3.61957,0,0.606209,4.6872,4.27854e+06,3.51353e+06,1.38416e+07,0,0,0,0,45.3032,61.3098,4.8483,0,1,1.46747,1.64186,0,1.13367,1.90512,8.89167e+06,4.69631e+06,1.30483e+07,0,0,0,0
35.362,85.1408,8.99792,0.43,0.2,3.2354,3.61988,0,0.606261,4.6872,4.27854e+06,3.51353e+06,1.38428e+07,0,0,0,0,47.8834,61.3098,9.73352,0,1,1.4676,1.642,0,1.13377,1.90512,8.89167e+06,4.69631e+06,1.30494e+07,0,0,0,0
38.3657,85.1408,6.91657,0.33,0.2,3.55127,3.9733,0,0.606313,4.6872,4.27854e+06,2.92794e+06,1.51943e+07,0,0,0,0,49.1388,61.3098,6.44903,1,1,1.6403,1.83523,0,1.13387,1.90512,8.89167e+06,3.91359e+06,1.4585e+07,0,0,0,0
41.0362,85.1408,6.47551,0.37,0.2,3.55158,3.97364,0,0.665509,4.6872,4.27854e+06,2.92794e+06,1.51956e+07,0,0,0,0,50.8979,61.3098,9.64876,1,1,1.64044,1.83539,0,1.26729,1.90512,8.89167e+06,3.91359e+06,1.45862e+07,0,0,0,0
43.7381,85.1408,6.52446,0.38,0.2,3.55189,3.97398,0,0.665566,4.6872,4.27854e+06,2.92794e+06,1.51969e+07,0,0,0,0,52.6305,61.3098,8.89209,1,1,1.64058,1.83554,0,1.2674,1.90512,8.89167e+06,3.91359e+06,1.45875e+07,0,0,0,0
46.1551,85.1408,6.14893,0.25,0.2,3.55219,3.97433,0,0.665624,4.6872,4.27854e+06,2.92794e+06,1.51982e+07,0,0,0,0,53.9401,61.3098,6.33889,1,1,1.64072,1.8357,0,1.26751,1.90512,8.89167e+06,3.91359e+06,1.45888e+07,0,0,0,0
50.1746,85.1408,7.4072,0.27,0.2,3.1022,3.47086,0,0.665681,4.6872,4.27854e+06,3.51353e+06,1.32729e+07,0,0,0,0,56.1424,61.3098,6.80578,0,1,1.40919,1.57665,0,1.26762,1.90512,8.89167e+06,4.69631e+06,1.253e+07,0,0,0,0
52.9537,85.1408,6.2868,0.31,0.2,3.10247,3.47115,0,0.581352,4.6872,4.27854e+06,3.51353e+06,1.3274e+07,0,0,0,0,58.2468,61.3098,7.89154,0,1,1.40931,1.57679,0,1.08874,1.90512,8.89167e+06,4.69631e+06,1.25311e+07,0,0,0,0
55.0123,85.1408,5.67529,0.21,0.2,3.10273,3.47145,0,0.581402,4.6872,4.27854e+06,3.51353e+06,1.32752e+07,0,0,0,0,59.8777,61.3098,6.27398,0,1,1.40943,1.57692,0,1.08883,1.90512,8.89167e+06,4.69631e+06,1.25322e+07,0,0,0,0
59.1576,85.1408,7.69352,0.23,0.2,3.103,3.47175,0,0.581452,4.6872,4.27854e+06,3.51353e+06,1.32763e+07,0,0,0,0,62.338,61.3098,10.0885,0,1,1.40955,1.57706,0,1.08893,1.90512,8.89167e+06,4.69631e+06,1.25333e+07,0,0,0,0
65.3523,85.1408,9.82384,0.24,0.2,3.10327,3.47205,0,0.581502,4.6872,4.27854e+06,3.51353e+06,1.32774e+07,0,0,0,0,62.338,61.3098,13.6604,0,1,1.40967,1.5772,0,1.08902,1.90512,8.89167e+06,4.69631e+06,1.25344e+07,0,0,0,0
67.485,85.1408,5.73861,0.12,0.2,3.21693,3.59922,0,0.581552,4.6872,4.27854e+06,3.51353e+06,1.37638e+07,0,0,0,0,62.338,61.3098,14.9907,0,1,1.4665,1.64077,0,1.08911,1.90512,8.89167e+06,4.69631e+06,1.30396e+07,0,0,0,0
69.0102,85.1408,5.10856,0.11,0.2,3.21721,3.59953,0,0.602853,4.6872,4.27854e+06,3.51353e+06,1.37649e+07,0,0,0,0,62.338,61.3098,13.5585,0,1,1.46662,1.64091,0,1.13302,1.90512,8.89167e+06,4.69631e+06,1.30407e+07,0,0,0,0
72.5812,85.1408,7.67126,0.04,0.2,3.59984,3.59984,0,0.602905,4.6872,4.27854e+06,2.92794e+06,1.54021e+07,0,0,0,0,62.338,61.3098,16.8815,0,1,1.64105,1.64105,0,1.13311,1.90512,8.89167e+06,3.91359e+06,1.45917e+07,0,0,0,0
73.7599,85.1408,5.09154,0.03,0.2,3.60015,3.60015,0,0.674611,4.6872,4.27854e+06,2.92794e+06,1.54034e+07,0,0,0,0,62.338,61.3098,13.8432,0,1,1.6412,1.6412,0,1.26788,1.90512,8.89167e+06,3.91359e+06,1.4593e+07,0,0,0,0
74.1706,85.1408,4.26489,0.03,0.2,3.55084,3.55084,0,0.674669,4.6872,4.27854e+06,2.92794e+06,1.51924e+07,0,0,0,0,62.338,61.3098,7.87333,0,1,1.61669,1.61669,0,1.26799,1.90512,8.89167e+06,3.91359e+06,1.43751e+07,0,0,0,0
73.7517,85.1408,3.33588,0.02,0.2,3.55115,3.55115,0,0.665428,4.6872,4.27854e+06,2.92794e+06,1.51937e+07,0,0,0,0,62.338,61.3098,5.17541,0,1,1.61683,1.61683,0,1.24905,1.90512,8.89167e+06,3.91359e+06,1.43763e+07,0,0,0,0
72.9366,85.1408,2.90855,0.02,0.2,3.55145,3.55145,0,0.665485,4.6872,4.27854e+06,2.92794e+06,1.5195e+07,0,0,0,0,62.338,61.3098,4.73997,0,1,1.61697,1.61697,0,1.24916,1.90512,8.89167e+06,3.91359e+06,1.43776e+07,0,0,0,0
71.8497,85.1408,2.59798,0.03,0.2,3.55176,3.55176,0,0.665542,4.6872,4.27854e+06,2.92794e+06,1.51963e+07,0,0,0,0,62.338,61.3098,4.16872,0,1,1.61711,1.61711,0,1.24927,1.90512,8.89167e+06,3.91359e+06,1.43788e+07,0,0,0,0
70.6674,85.1408,2.61169,0.04,0.2,3.72057,3.72057,0,0.6656,4.6872,4.27854e+06,2.92794e+06,1.59186e+07,0,0,0,0,62.338,61.3098,4.291,0,1,1.70468,1.70468,0,1.24938,1.90512,8.89167e+06,3.91359e+06,1.51575e+07,0,0,0,0
69.4475,85.1408,2.53225,0.03,0.2,3.72089,3.72089,0,0.697234,4.6872,4.27854e+06,2.92794e+06,1.59199e+07,0,0,0,0,62.338,61.3098,4.12648,0,1,1.70483,1.70483,0,1.31704,1.90512,8.89167e+06,3.91359e+06,1.51588e+07,0,0,0,0
68.0348,85.1408,2.26788,0.03,0.2,3.72121,3.72121,0,0.697294,4.6872,4.27854e+06,2.92794e+06,1.59213e+07,0,0,0,0,62.338,61.3098,4.10726,0,1,1.70498,1.70498,0,1.31715,1.90512,8.89167e+06,3.91359e+06,1.51601e+07,0,0,0,0
66.6115,85.1408,2.236,0.05,0.2,3.72153,3.72153,0,0.697354,4.6872,4.27854e+06,2.92794e+06,1.59227e+07,0,0,0,0,62.338,61.3098,4.14029,0,1,1.70513,1.70513,0,1.31727,1.90512,8.89167e+06,3.91359e+06,1.51614e+07,0,0,0,0
65.2367,85.1408,2.27157,0.05,0.2,3.72185,3.72185,0,0.697414,4.6872,4.27854e+06,2.92794e+06,1.59241e+07,0,0,0,0,62.338,61.3098,4.23102,0,1,1.70527,1.70527,0,1.31738,1.90512,8.89167e+06,3.91359e+06,1.51627e+07,0,0,0,0
64.813,85.1408,3.17901,0.05,0.2,3.61047,3.68883,0,0.697474,4.6872,4.27854e+06,2.92794e+06,1.54475e+07,0,0,0,0,62.338,61.3098,5.62472,1,1,1.71625,1.7535,0,1.31749,1.90512,8.89167e+06,3.91359e+06,1.52603e+07,0,0,0,0
64.2502,85.1408,3.00687,0.05,0.2,3.61078,3.68915,0,0.676602,4.6872,4.27854e+06,2.92794e+06,1.54489e+07,0,0,0,0,62.338,61.3098,5.43107,1,1,1.71639,1.75365,0,1.32597,1.90512,8.89167e+06,3.91359e+06,1.52616e+07,0,0,0,0
63.541,85.1408,2.83265,0.05,0.2,3.61109,3.68947,0,0.67666,4.6872,4.27854e+06,2.92794e+06,1.54502e+07,0,0,0,0,62.338,61.3098,5.12289,1,1,1.71654,1.7538,0,1.32609,1.90512,8.89167e+06,3.91359e+06,1.52629e+07,0,0,0,0
62.9107,85.1408,2.64369,0.06,0.2,3.29787,3.68979,0,0.676719,4.6872,4.27854e+06,2.92794e+06,1.41101e+07,0,0,0,0,62.338,61.3098,4.81001,1,1,1.56765,1.75395,0,1.3262,1.90512,8.89167e+06,3.91359e+06,1.39391e+07,0,0,0,0
62.2189,85.1408,2.62993,0.06,0.2,3.37513,3.77622,0,0.618022,4.6872,4.27854e+06,2.92794e+06,1.44406e+07,0,0,0,0,62.338,61.3098,4.97515,1,1,1.6061,1.79696,0,1.21117,1.90512,8.89167e+06,3.91359e+06,1.42809e+07,0,0,0,0
61.493,85.1408,2.57598,0.06,0.2,3.37542,3.77655,0,0.632499,4.6872,4.27854e+06,2.92794e+06,1.44419e+07,0,0,0,0,62.338,61.3098,5.18181,1,1,1.60624,1.79712,0,1.24087,1.90512,8.89167e+06,3.91359e+06,1.42821e+07,0,0,0,0
60.5017,85.1408,2.29149,0.08,0.2,3.37571,3.77687,0,0.632554,4.6872,4.27854e+06,2.92794e+06,1.44431e+07,0,0,0,0,62.338,61.3098,4.83461,1,1,1.60638,1.79727,0,1.24098,1.90512,8.89167e+06,3.91359e+06,1.42834e+07,0,0,0,0
59.3284,85.1408,2.08721,0.09,0.2,3.376,3.7772,0,0.632608,4.6872,4.27854e+06,2.92794e+06,1.44444e+07,0,0,0,0,62.338,61.3098,4.56856,1,1,1.60651,1.79743,0,1.24109,1.90512,8.89167e+06,3.91359e+06,1.42846e+07,0,0,0,0
57.7394,85.1408,1.80596,0.14,0.2,3.60178,4.02981,0,0.632663,4.6872,4.27854e+06,2.92794e+06,1.54104e+07,0,0,0,0,62.338,61.3098,4.70928,1,1,1.74498,1.95235,0,1.24119,1.90512,8.89167e+06,3.91359e+06,1.55158e+07,0,0,0,0
56.0042,85.1408,1.62438,0.14,0.2,3.60209,4.03016,0,0.674974,4.6872,4.27854e+06,2.92794e+06,1.54117e+07,0,0,0,0,62.338,61.3098,4.92673,1,1,1.74513,1.95251,0,1.34817,1.90512,8.89167e+06,3.91359e+06,1.55171e+07,0,0,0,0
54.2632,85.1408,1.58048,0.14,0.2,3.6024,4.0305,0,0.675032,4.6872,4.27854e+06,2.92794e+06,1.5413e+07,0,0,0,0,62.338,61.3098,4.63996,1,1,1.74528,1.95268,0,1.34829,1.90512,8.89167e+06,3.91359e+06,1.55184e+07,0,0,0,0
53.2001,85.1408,2.25538,0.14,0.2,3.60271,4.03085,0,0.67509,4.6872,4.27854e+06,2.92794e+06,1.54143e+07,0,0,0,0,62.338,61.3098,5.43426,1,1,1.74543,1.95285,0,1.3484,1.90512,8.89167e+06,3.91359e+06,1.55198e+07,0,0,0,0
53.0446,85.1408,3.27888,0.14,0.2,3.60302,4.0312,0,0.675148,4.6872,4.27854e+06,2.92794e+06,1.54157e+07,0,0,0,0,62.338,61.3098,6.18241,1,1,1.74558,1.95302,0,1.34852,1.90512,8.89167e+06,3.91359e+06,1.55211e+07,0,0,0,0
51.9456,85.1408,2.03976,0.14,0.2,3.49339,3.90854,0,0.675207,4.6872,4.27854e+06,2.92794e+06,1.49466e+07,0,0,0,0,62.2755,61.3098,4.18973,1,1,1.66173,1.85921,0,1.34863,1.90512,8.89167e+06,3.91359e+06,1.47756e+07,0,0,0,0
50.7401,85.1408,2.00907,0.12,0.2,3.49369,3.90887,0,0.654662,4.6872,4.27854e+06,2.92794e+06,1.49479e+07,0,0,0,0,62.338,61.3098,4.93784,1,1,1.66188,1.85937,0,1.28386,1.90512,8.89167e+06,3.91359e+06,1.47769e+07,0,0,0,0
49.6843,85.1408,2.17779,0.15,0.2,3.49399,3.90921,0,0.654718,4.6872,4.27854e+06,2.92794e+06,1.49492e+07,0,0,0,0,62.338,61.3098,5.32086,1,1,1.66202,1.85953,0,1.28397,1.90512,8.89167e+06,3.91359e+06,1.47781e+07,0,0,0,0
48.6665,85.1408,2.26748,0.15,0.2,3.49429,3.90955,0,0.654774,4.6872,4.27854e+06,2.92794e+06,1.49505e+07,0,0,0,0,62.338,61.3098,5.61921,1,1,1.66216,1.85969,0,1.28408,1.90512,8.89167e+06,3.91359e+06,1.47794e+07,0,0,0,0
47.3186,85.1408,1.81593,0.15,0.2,3.40432,3.80888,0,0.654831,4.6872,4.27854e+06,2.92794e+06,1.45655e+07,0,0,0,0,62.338,61.3098,4.76319,1,1,1.58582,1.77428,0,1.28419,1.90512,8.89167e+06,3.91359e+06,1.41006e+07,0,0,0,0
45.6825,85.1408,1.51977,0.15,0.2,3.40461,3.80921,0,0.63797,4.6872,4.27854e+06,2.92794e+06,1.45668e+07,0,0,0,0,62.1291,61.3098,2.14343,1,1,1.58596,1.77443,0,1.22521,1.90512,8.89167e+06,3.91359e+06,1.41018e+07,0,0,0,0
43.8333,85.1408,1.28882,0.14,0.2,3.40491,3.80954,0,0.638025,4.6872,4.27854e+06,2.92794e+06,1.4568e+07,0,0,0,0,61.9892,61.3098,2.56931,1,1,1.5861,1.77459,0,1.22531,1.90512,8.89167e+06,3.91359e+06,1.41031e+07,0,0,0,0
44.5276,85.1408,3.99554,0.14,0.2,3.4052,3.80987,0,0.63808,4.6872,4.27854e+06,2.92794e+06,1.45693e+07,0,0,0,0,62.338,61.3098,8.21814,1,1,1.58623,1.77474,0,1.22542,1.90512,8.89167e+06,3.91359e+06,1.41043e+07,0,0,0,0
44.9415,85.1408,3.45303,0.16,0.2,3.14902,3.52324,0,0.638135,4.6872,4.27854e+06,3.51353e+06,1.34732e+07,0,0,0,0,62.338,61.3098,5.83657,0,1,1.42703,1.59661,0,1.22552,1.90512,8.89167e+06,4.69631e+06,1.26886e+07,0,0,0,0
44.0679,85.1408,2.1083,0.16,0.2,3.14929,3.52355,0,0.590127,4.6872,4.27854e+06,3.51353e+06,1.34744e+07,0,0,0,0,62.338,61.3098,3.48503,0,1,1.42715,1.59675,0,1.10252,1.90512,8.89167e+06,4.69631e+06,1.26897e+07,0,0,0,0
45.365,85.1408,4.4834,0.17,0.2,3.14956,3.52385,0,0.590177,4.6872,4.27854e+06,3.51353e+06,1.34755e+07,0,0,0,0,62.338,61.3098,10.2467,0,1,1.42727,1.59688,0,1.10261,1.90512,8.89167e+06,4.69631e+06,1.26908e+07,0,0,0,0
46.6641,85.1408,4.44171,0.17,0.2,3.14983,3.52415,0,0.590228,4.6872,4.27854e+06,3.51353e+06,1.34767e+07,0,0,0,0,62.338,61.3098,6.6256,0,1,1.42739,1.59702,0,1.10271,1.90512,8.89167e+06,4.69631e+06,1.26919e+07,0,0,0,0
48.0823,85.1408,4.47054,0.18,0.2,3.15011,3.52446,0,0.590279,4.6872,4.27854e+06,3.51353e+06,1.34778e+07,0,0,0,0,62.338,61.3098,5.21504,0,1,1.42752,1.59716,0,1.1028,1.90512,8.89167e+06,4.69631e+06,1.2693e+07,0,0,0,0
52.9437,85.1408,8.33939,0.19,0.2,3.24905,3.63516,0,0.59033,4.6872,4.27854e+06,3.51353e+06,1.39012e+07,0,0,0,0,62.338,61.3098,7.98306,0,1,1.47379,1.64893,0,1.1029,1.90512,8.89167e+06,4.69631e+06,1.31045e+07,0,0,0,0
55.4433,85.1408,5.95098,0.17,0.26,3.2493,3.63544,0,0.608872,4.6872,4.27854e+06,3.51353e+06,1.39023e+07,0,0,0,0,62.338,61.3098,6.71386,0,1,1.47391,1.64906,0,1.13865,1.90512,8.89167e+06,4.69631e+06,1.31055e+07,0,0,0,0
58.3117,85.1408,6.3843,0.17,0.26,3.24955,3.63572,0,0.608919,4.6872,4.27854e+06,3.51353e+06,1.39033e+07,0,0,0,0,62.338,61.3098,6.62841,0,1,1.47402,1.64919,0,1.13874,1.90512,8.89167e+06,4.69631e+06,1.31065e+07,0,0,0,0
61.0768,85.1408,6.32319,0.17,0.26,3.2498,3.636,0,0.608965,4.6872,4.27854e+06,3.51353e+06,1.39044e+07,0,0,0,0,62.338,61.3098,6.74409,0,1,1.47413,1.64931,0,1.13883,1.90512,8.89167e+06,4.69631e+06,1.31075e+07,0,0,0,0
64.2386,85.1408,7.14916,0.09,0.26,3.56705,3.99095,0,0.609012,4.6872,4.27854e+06,2.92794e+06,1.52617e+07,0,0,0,0,62.338,61.3098,7.89098,1,1,1.64758,1.84338,0,1.13891,1.90512,8.89167e+06,3.91359e+06,1.46498e+07,0,0,0,0
68.1103,85.1408,8.02125,0.09,0.26,3.56732,3.99125,0,0.668465,4.6872,4.27854e+06,2.92794e+06,1.52629e+07,0,0,0,0,62.338,61.3098,6.77367,1,1,1.64771,1.84352,0,1.27292,1.90512,8.89167e+06,3.91359e+06,1.46509e+07,0,0,0,0
70.7718,85.1408,6.69817,0.1,0.26,3.56759,3.99156,0,0.668516,4.6872,4.27854e+06,2.92794e+06,1.52641e+07,0,0,0,0,62.338,61.3098,5.71713,1,1,1.64784,1.84366,0,1.27302,1.90512,8.89167e+06,3.91359e+06,1.4652e+07,0,0,0,0
75.113,85.1408,8.7694,0.03,0.26,3.90706,3.99186,0,0.668567,4.6872,4.27854e+06,2.92794e+06,1.67165e+07,0,0,0,0,62.338,61.3098,8.67696,1,1,1.80463,1.8438,0,1.27312,1.90512,8.89167e+06,3.91359e+06,1.60462e+07,0,0,0,0
78.488,85.1408,7.40453,0.03,0.26,3.48614,3.48614,0,0.732184,4.6872,4.27854e+06,2.92794e+06,1.49156e+07,0,0,0,0,62.338,61.3098,6.73735,0,1,1.58359,1.58359,0,1.39426,1.90512,8.89167e+06,3.91359e+06,1.40808e+07,0,0,0,0
80.7711,85.1408,6.29628,0.01,0.26,3.4864,3.4864,0,0.653302,4.6872,4.27854e+06,2.92794e+06,1.49167e+07,0,0,0,0,62.338,61.3098,6.38515,0,1,1.58371,1.58371,0,1.22348,1.90512,8.89167e+06,3.91359e+06,1.40819e+07,0,0,0,0
81.28,85.1408,4.54866,0.01,0.26,3.48667,3.48667,0,0.653352,4.6872,4.27854e+06,2.92794e+06,1.49178e+07,0,0,0,0,62.338,61.3098,5.05764,0,1,1.58384,1.58384,0,1.22358,1.90512,8.89167e+06,3.91359e+06,1.4083e+07,0,0,0,0
81.4046,85.1408,4.05555,0.01,0.26,3.48693,3.48693,0,0.653402,4.6872,4.27854e+06,2.92794e+06,1.4919e+07,0,0,0,0,62.338,61.3098,3.65437,0,1,1.58396,1.58396,0,1.22367,1.90512,8.89167e+06,3.91359e+06,1.4084e+07,0,0,0,0
81.7672,85.1408,4.28088,0.01,0.26,3.4872,3.4872,0,0.653452,4.6872,4.27854e+06,2.92794e+06,1.49201e+07,0,0,0,0,62.338,61.3098,4.79655,0,1,1.58408,1.58408,0,1.22377,1.90512,8.89167e+06,3.91359e+06,1.40851e+07,0,0,0,0
85.1408,85.1408,8.59556,0.01,0.26,3.61489,3.61489,0,0.653501,4.6872,4.27854e+06,2.92794e+06,1.54665e+07,0,0,0,0,62.338,61.3098,7.11971,0,1,1.64791,1.64791,0,1.22386,1.90512,8.89167e+06,3.91359e+06,1.46527e+07,0,0,0,0
85.1408,85.1408,5.23664,0,0.26,3.61517,3.61517,0,0.677431,4.6872,4.27854e+06,2.92794e+06,1.54676e+07,0,0,0,0,62.338,61.3098,4.94127,0,1,1.64804,1.64804,0,1.27318,1.90512,8.89167e+06,3.91359e+06,1.46538e+07,0,0,0,0
85.1408,85.1408,4.37942,0,0.26,3.61544,3.61544,0,0.677483,4.6872,4.27854e+06,2.92794e+06,1.54688e+07,0,0,0,0,62.338,61.3098,4.53515,0,1,1.64817,1.64817,0,1.27328,1.90512,8.89167e+06,3.91359e+06,1.4655e+07,0,0,0,0
85.0449,85.1408,3.90043,0,0.26,3.61572,3.61572,0,0.677534,4.6872,4.27854e+06,2.92794e+06,1.547e+07,0,0,0,0,62.338,61.3098,4.18442,0,1,1.64829,1.64829,0,1.27337,1.90512,8.89167e+06,3.91359e+06,1.46561e+07,0,0,0,0
85.0808,85.1408,3.95163,0.01,0.26,3.56616,3.56616,0,0.677586,4.6872,4.27854e+06,2.92794e+06,1.52579e+07,0,0,0,0,62.338,61.3098,4.20459,0,1,1.62366,1.62366,0,1.27347,1.90512,8.89167e+06,3.91359e+06,1.44371e+07,0,0,0,0
84.6115,85.1408,3.43301,0,0.26,3.56643,3.56643,0,0.668298,4.6872,4.27854e+06,2.92794e+06,1.52591e+07,0,0,0,0,62.338,61.3098,4.02986,0,1,1.62379,1.62379,0,1.25444,1.90512,8.89167e+06,3.91359e+06,1.44382e+07,0,0,0,0
84.562,85.1408,3.86073,0,0.26,3.56671,3.56671,0,0.668349,4.6872,4.27854e+06,2.92794e+06,1.52603e+07,0,0,0,0,62.338,61.3098,3.61471,0,1,1.62391,1.62391,0,1.25454,1.90512,8.89167e+06,3.91359e+06,1.44393e+07,0,0,0,0
84.0099,85.1408,3.27016,0.01,0.26,3.56698,3.56698,0,0.668401,4.6872,4.27854e+06,2.92794e+06,1.52614e+07,0,0,0,0,62.338,61.3098,3.67357,0,1,1.62404,1.62404,0,1.25463,1.90512,8.89167e+06,3.91359e+06,1.44404e+07,0,0,0,0
83.1512,85.1408,2.99095,0.01,0.26,3.73647,3.73647,0,0.668452,4.6872,4.27854e+06,2.92794e+06,1.59866e+07,0,0,0,0,62.338,61.3098,3.5533,0,1,1.71197,1.71197,0,1.25473,1.90512,8.89167e+06,3.91359e+06,1.52223e+07,0,0,0,0
82.2529,85.1408,2.97954,0.01,0.26,3.73676,3.73676,0,0.700214,4.6872,4.27854e+06,2.92794e+06,1.59878e+07,0,0,0,0,62.338,61.3098,4.60459,0,1,1.7121,1.7121,0,1.32267,1.90512,8.89167e+06,3.91359e+06,1.52235e+07,0,0,0,0
81.4204,85.1408,3.03709,0.01,0.26,3.73704,3.73704,0,0.700268,4.6872,4.27854e+06,2.92794e+06,1.59891e+07,0,0,0,0,62.338,61.3098,3.92779,0,1,1.71223,1.71223,0,1.32277,1.90512,8.89167e+06,3.91359e+06,1.52246e+07,0,0,0,0
80.162,85.1408,2.60821,0.01,0.26,3.73733,3.73733,0,0.700321,4.6872,4.27854e+06,2.92794e+06,1.59903e+07,0,0,0,0,62.338,61.3098,3.36633,0,1,1.71236,1.71236,0,1.32287,1.90512,8.89167e+06,3.91359e+06,1.52258e+07,0,0,0,0
78.7675,85.1408,2.40577,0.01,0.26,3.73761,3.73761,0,0.700375,4.6872,4.27854e+06,2.92794e+06,1.59915e+07,0,0,0,0,62.2378,61.3098,2.92055,0,1,1.71249,1.71249,0,1.32297,1.90512,8.89167e+06,3.91359e+06,1.52269e+07,0,0,0,0
77.6911,85.1408,2.58603,0.03,0.26,3.62573,3.70442,0,0.700429,4.6872,4.27854e+06,2.92794e+06,1.55128e+07,0,0,0,0,62.0277,61.3098,2.64509,1,1,1.7235,1.76091,0,1.32307,1.90512,8.89167e+06,3.91359e+06,1.53248e+07,0,0,0,0
76.5105,85.1408,2.46708,0.03,0.26,3.626,3.7047,0,0.679461,4.6872,4.27854e+06,2.92794e+06,1.5514e+07,0,0,0,0,61.7904,61.3098,2.57289,1,1,1.72363,1.76104,0,1.33158,1.90512,8.89167e+06,3.91359e+06,1.5326e+07,0,0,0,0
75.2463,85.1408,2.33718,0.04,0.26,3.62628,3.70499,0,0.679513,4.6872,4.27854e+06,2.92794e+06,1.55152e+07,0,0,0,0,61.478,61.3098,2.55402,1,1,1.72376,1.76118,0,1.33168,1.90512,8.89167e+06,3.91359e+06,1.53271e+07,0,0,0,0
73.8069,85.1408,2.15866,0.04,0.26,3.62656,3.70527,0,0.679565,4.6872,4.27854e+06,2.92794e+06,1.55164e+07,0,0,0,0,61.1718,61.3098,2.5195,1,1,1.72389,1.76131,0,1.33178,1.90512,8.89167e+06,3.91359e+06,1.53283e+07,0,0,0,0
72.1702,85.1408,1.98018,0.05,0.26,3.71148,3.79203,0,0.679617,4.6872,4.27854e+06,2.92794e+06,1.58797e+07,0,0,0,0,60.7636,61.3098,2.16366,1,1,1.76615,1.80449,0,1.33188,1.90512,8.89167e+06,3.91359e+06,1.57041e+07,0,0,0,0
70.7893,85.1408,2.25151,0.04,0.26,3.71176,3.79232,0,0.695531,4.6872,4.27854e+06,2.92794e+06,1.58809e+07,0,0,0,0,60.4811,61.3098,2.54645,1,1,1.76629,1.80462,0,1.36453,1.90512,8.89167e+06,3.91359e+06,1.57053e+07,0,0,0,0
69.2354,85.1408,2.03089,0.05,0.26,3.71204,3.79261,0,0.695584,4.6872,4.27854e+06,2.92794e+06,1.58821e+07,0,0,0,0,60.0766,61.3098,2.4638,1,1,1.76642,1.80476,0,1.36463,1.90512,8.89167e+06,3.91359e+06,1.57065e+07,0,0,0,0
67.7886,85.1408,1.85031,0.06,0.26,3.39004,3.7929,0,0.695637,4.6872,4.27854e+06,2.92794e+06,1.45044e+07,0,0,0,0,59.7136,61.3098,2.13005,1,1,1.61319,1.8049,0,1.36474,1.90512,8.89167e+06,3.91359e+06,1.4344e+07,0,0,0,0
66.3113,85.1408,1.98507,0.09,0.26,3.61672,4.04652,0,0.635293,4.6872,4.27854e+06,2.92794e+06,1.54743e+07,0,0,0,0,59.3395,61.3098,2.55733,1,1,1.75221,1.96044,0,1.24635,1.90512,8.89167e+06,3.91359e+06,1.55801e+07,0,0,0,0
64.7952,85.1408,1.95821,0.1,0.26,3.617,4.04683,0,0.677773,4.6872,4.27854e+06,2.92794e+06,1.54755e+07,0,0,0,0,58.8378,61.3098,1.92815,1,1,1.75235,1.96059,0,1.35376,1.90512,8.89167e+06,3.91359e+06,1.55813e+07,0,0,0,0
63.0727,85.1408,1.77074,0.09,0.26,3.61727,4.04714,0,0.677825,4.6872,4.27854e+06,2.92794e+06,1.54766e+07,0,0,0,0,58.3195,61.3098,1.84689,1,1,1.75248,1.96074,0,1.35386,1.90512,8.89167e+06,3.91359e+06,1.55825e+07,0,0,0,0
61.4048,85.1408,1.78226,0.1,0.26,3.61755,4.04745,0,0.677877,4.6872,4.27854e+06,2.92794e+06,1.54778e+07,0,0,0,0,57.8733,61.3098,1.99517,1,1,1.75262,1.96089,0,1.35397,1.90512,8.89167e+06,3.91359e+06,1.55837e+07,0,0,0,0
59.7715,85.1408,1.7991,0.1,0.26,3.61783,4.04776,0,0.677929,4.6872,4.27854e+06,2.92794e+06,1.5479e+07,0,0,0,0,57.439,61.3098,2.35172,1,1,1.75275,1.96104,0,1.35407,1.90512,8.89167e+06,3.91359e+06,1.55849e+07,0,0,0,0
58.5877,85.1408,2.13344,0.1,0.26,3.50771,3.92456,0,0.67798,4.6872,4.27854e+06,2.92794e+06,1.50079e+07,0,0,0,0,57.0861,61.3098,2.04811,1,1,1.66855,1.86683,0,1.35417,1.90512,8.89167e+06,3.91359e+06,1.48362e+07,0,0,0,0
57.7077,85.1408,2.48348,0.13,0.26,3.50798,3.92486,0,0.657345,4.6872,4.27854e+06,2.92794e+06,1.5009e+07,0,0,0,0,56.991,61.3098,2.64923,1,1,1.66867,1.86697,0,1.28912,1.90512,8.89167e+06,3.91359e+06,1.48373e+07,0,0,0,0
56.688,85.1408,2.35601,0.11,0.26,3.50824,3.92516,0,0.657395,4.6872,4.27854e+06,2.92794e+06,1.50102e+07,0,0,0,0,56.9546,61.3098,2.73542,1,1,1.6688,1.86712,0,1.28922,1.90512,8.89167e+06,3.91359e+06,1.48384e+07,0,0,0,0
55.9349,85.1408,2.67206,0.11,0.26,3.50851,3.92546,0,0.657445,4.6872,4.27854e+06,2.92794e+06,1.50113e+07,0,0,0,0,57.025,61.3098,3.09163,1,1,1.66893,1.86726,0,1.28932,1.90512,8.89167e+06,3.91359e+06,1.48396e+07,0,0,0,0
54.8747,85.1408,2.46185,0.11,0.26,3.41814,3.82434,0,0.657495,4.6872,4.27854e+06,2.92794e+06,1.46246e+07,0,0,0,0,57.3319,61.3098,3.34934,1,1,1.59226,1.78148,0,1.28941,1.90512,8.89167e+06,3.91359e+06,1.41579e+07,0,0,0,0
54.0641,85.1408,2.51233,0.11,0.26,3.4184,3.82464,0,0.64056,4.6872,4.27854e+06,2.92794e+06,1.46258e+07,0,0,0,0,57.4672,61.3098,2.9965,1,1,1.59238,1.78162,0,1.23018,1.90512,8.89167e+06,3.91359e+06,1.4159e+07,0,0,0,0
53.4608,85.1408,2.78535,0.13,0.26,3.41866,3.82493,0,0.640608,4.6872,4.27854e+06,2.92794e+06,1.46269e+07,0,0,0,0,57.5285,61.3098,3.06292,1,1,1.59251,1.78175,0,1.23028,1.90512,8.89167e+06,3.91359e+06,1.416e+07,0,0,0,0
53.2397,85.1408,3.21829,0.13,0.26,3.41892,3.82522,0,0.640657,4.6872,4.27854e+06,2.92794e+06,1.4628e+07,0,0,0,0,58.2027,61.3098,3.83489,1,1,1.59263,1.78189,0,1.23037,1.90512,8.89167e+06,3.91359e+06,1.41611e+07,0,0,0,0
52.9388,85.1408,2.98924,0.12,0.26,3.16168,3.53741,0,0.640706,4.6872,4.27854e+06,3.51353e+06,1.35274e+07,0,0,0,0,59.302,61.3098,4.34782,0,1,1.43276,1.60303,0,1.23046,1.90512,8.89167e+06,4.69631e+06,1.27397e+07,0,0,0,0
54.185,85.1408,4.5722,0.13,0.26,3.16192,3.53768,0,0.592499,4.6872,4.27854e+06,3.51353e+06,1.35284e+07,0,0,0,0,61.7708,61.3098,6.25822,0,1,1.43287,1.60315,0,1.10695,1.90512,8.89167e+06,4.69631e+06,1.27406e+07,0,0,0,0
57.0028,85.1408,6.12001,0.15,0.26,3.16216,3.53795,0,0.592544,4.6872,4.27854e+06,3.51353e+06,1.35294e+07,0,0,0,0,62.338,61.3098,9.05581,0,1,1.43298,1.60327,0,1.10704,1.90512,8.89167e+06,4.69631e+06,1.27416e+07,0,0,0,0
57.6975,85.1408,4.04107,0.17,0.26,3.16241,3.53822,0,0.592589,4.6872,4.27854e+06,3.51353e+06,1.35305e+07,0,0,0,0,62.338,61.3098,4.01738,0,1,1.43309,1.6034,0,1.10712,1.90512,8.89167e+06,4.69631e+06,1.27426e+07,0,0,0,0
58.4782,85.1408,4.26702,0.17,0.26,3.16265,3.53849,0,0.592635,4.6872,4.27854e+06,3.51353e+06,1.35315e+07,0,0,0,0,62.338,61.3098,3.88186,0,1,1.4332,1.60352,0,1.10721,1.90512,8.89167e+06,4.69631e+06,1.27435e+07,0,0,0,0
62.6384,85.1408,7.64517,0.18,0.26,3.16265,3.53849,0,0.59268,4.6872,4.27854e+06,3.51353e+06,1.35315e+07,0,0,0,0,62.338,61.3098,4.03043,0,1,1.4332,1.60352,0,1.10729,1.90512,8.89167e+06,4.69631e+06,1.27435e+07,0,0,0,0
64.8265,85.1408,5.67343,0.11,0.26,3.26196,3.6496,0,0.59268,4.6872,4.27854e+06,3.51353e+06,1.39564e+07,0,0,0,0,62.1811,61.3098,3.13089,0,1,1.47965,1.65548,0,1.10729,1.90512,8.89167e+06,4.69631e+06,1.31565e+07,0,0,0,0
65.2851,85.1408,3.87209,0.11,0.26,3.26217,3.64984,0,0.61129,4.6872,4.27854e+06,3.51353e+06,1.39573e+07,0,0,0,0,62.2882,61.3098,2.50366,0,1,1.47974,1.65559,0,1.14317,1.90512,8.89167e+06,4.69631e+06,1.31574e+07,0,0,0,0
65.5507,85.1408,3.75552,0.11,0.26,3.26239,3.65009,0,0.611331,4.6872,4.27854e+06,3.51353e+06,1.39583e+07,0,0,0,0,62.3282,61.3098,2.65345,0,1,1.47984,1.6557,0,1.14325,1.90512,8.89167e+06,4.69631e+06,1.31583e+07,0,0,0,0
66.9946,85.1408,4.99803,0.1,0.26,3.26261,3.65033,0,0.611372,4.6872,4.27854e+06,3.51353e+06,1.39592e+07,0,0,0,0,62.338,61.3098,2.73441,0,1,1.47994,1.65582,0,1.14333,1.90512,8.89167e+06,4.69631e+06,1.31592e+07,0,0,0,0
67.4948,85.1408,4.3314,0.1,0.26,3.58108,4.00664,0,0.611413,4.6872,4.27854e+06,2.92794e+06,1.53218e+07,0,0,0,0,62.2025,61.3098,2.74271,1,1,1.65406,1.85063,0,1.1434,1.90512,8.89167e+06,3.91359e+06,1.47074e+07,0,0,0,0
68.0708,85.1408,4.43764,0.1,0.26,3.58131,4.00691,0,0.671094,4.6872,4.27854e+06,2.92794e+06,1.53228e+07,0,0,0,0,62.338,61.3098,2.49256,1,1,1.65417,1.85075,0,1.27793,1.90512,8.89167e+06,3.91359e+06,1.47084e+07,0,0,0,0
68.7419,85.1408,4.53309,0.1,0.26,3.58155,4.00718,0,0.671138,4.6872,4.27854e+06,2.92794e+06,1.53238e+07,0,0,0,0,62.338,61.3098,3.17659,1,1,1.65428,1.85087,0,1.27801,1.90512,8.89167e+06,3.91359e+06,1.47093e+07,0,0,0,0
69.9533,85.1408,5.3757,0.04,0.26,3.92231,4.00744,0,0.671183,4.6872,4.27854e+06,2.92794e+06,1.67818e+07,0,0,0,0,62.338,61.3098,4.15291,1,1,1.81168,1.851,0,1.2781,1.90512,8.89167e+06,3.91359e+06,1.61088e+07,0,0,0,0
70.4832,85.1408,4.37157,0.04,0.26,3.49971,3.49971,0,0.735042,4.6872,4.27854e+06,2.92794e+06,1.49736e+07,0,0,0,0,62.338,61.3098,4.09397,0,1,1.58976,1.58976,0,1.3997,1.90512,8.89167e+06,3.91359e+06,1.41356e+07,0,0,0,0
72.5519,85.1408,5.96364,0.04,0.26,3.49994,3.49994,0,0.655846,4.6872,4.27854e+06,2.92794e+06,1.49746e+07,0,0,0,0,62.338,61.3098,4.03781,0,1,1.58987,1.58987,0,1.22825,1.90512,8.89167e+06,3.91359e+06,1.41366e+07,0,0,0,0
73.0879,85.1408,4.36733,0.04,0.26,3.50018,3.50018,0,0.655889,4.6872,4.27854e+06,2.92794e+06,1.49756e+07,0,0,0,0,62.338,61.3098,4.04309,0,1,1.58997,1.58997,0,1.22833,1.90512,8.89167e+06,3.91359e+06,1.41375e+07,0,0,0,0
74.5449,85.1408,5.31217,0.05,0.26,3.50041,3.50041,0,0.655933,4.6872,4.27854e+06,2.92794e+06,1.49766e+07,0,0,0,0,62.338,61.3098,4.3327,0,1,1.59008,1.59008,0,1.22841,1.90512,8.89167e+06,3.91359e+06,1.41385e+07,0,0,0,0
77.1403,85.1408,6.524,0.05,0.26,3.50064,3.50064,0,0.655977,4.6872,4.27854e+06,2.92794e+06,1.49776e+07,0,0,0,0,62.338,61.3098,5.24639,0,1,1.59018,1.59018,0,1.22849,1.90512,8.89167e+06,3.91359e+06,1.41394e+07,0,0,0,0
79.3352,85.1408,6.50936,0.01,0.26,3.62879,3.62879,0,0.656021,4.6872,4.27854e+06,2.92794e+06,1.55259e+07,0,0,0,0,62.338,61.3098,4.1306,0,1,1.65425,1.65425,0,1.22858,1.90512,8.89167e+06,3.91359e+06,1.47091e+07,0,0,0,0
79.7131,85.1408,4.43092,0.01,0.26,3.62903,3.62903,0,0.680036,4.6872,4.27854e+06,2.92794e+06,1.5527e+07,0,0,0,0,62.338,61.3098,3.30328,0,1,1.65436,1.65436,0,1.27807,1.90512,8.89167e+06,3.91359e+06,1.471e+07,0,0,0,0
80.5328,85.1408,4.8591,0.01,0.26,3.62928,3.62928,0,0.680081,4.6872,4.27854e+06,2.92794e+06,1.5528e+07,0,0,0,0,62.338,61.3098,3.7802,0,1,1.65447,1.65447,0,1.27816,1.90512,8.89167e+06,3.91359e+06,1.4711e+07,0,0,0,0
80.9176,85.1408,4.32696,0.01,0.26,3.62952,3.62952,0,0.680127,4.6872,4.27854e+06,2.92794e+06,1.5529e+07,0,0,0,0,62.338,61.3098,3.5323,0,1,1.65458,1.65458,0,1.27825,1.90512,8.89167e+06,3.91359e+06,1.4712e+07,0,0,0,0
80.7339,85.1408,3.59977,0,0.26,3.57974,3.57974,0,0.680172,4.6872,4.27854e+06,2.92794e+06,1.5316e+07,0,0,0,0,62.3128,61.3098,2.64606,0,1,1.62985,1.62985,0,1.27833,1.90512,8.89167e+06,3.91359e+06,1.4492e+07,0,0,0,0
79.917,85.1408,2.93137,0,0.26,3.57997,3.57997,0,0.670842,4.6872,4.27854e+06,2.92794e+06,1.53171e+07,0,0,0,0,62.0471,61.3098,2.3898,0,1,1.62995,1.62995,0,1.25922,1.90512,8.89167e+06,3.91359e+06,1.4493e+07,0,0,0,0
78.8111,85.1408,2.62664,0.01,0.26,3.58021,3.58021,0,0.670887,4.6872,4.27854e+06,2.92794e+06,1.53181e+07,0,0,0,0,61.7266,61.3098,1.86883,0,1,1.63006,1.63006,0,1.2593,1.90512,8.89167e+06,3.91359e+06,1.4494e+07,0,0,0,0
78.265,85.1408,3.19417,0.01,0.26,3.58045,3.58045,0,0.670932,4.6872,4.27854e+06,2.92794e+06,1.53191e+07,0,0,0,0,61.5663,61.3098,2.0324,0,1,1.63017,1.63017,0,1.25939,1.90512,8.89167e+06,3.91359e+06,1.4495e+07,0,0,0,0
77.3558,85.1408,2.82362,0.01,0.26,3.67088,3.75055,0,0.670977,4.6872,4.27854e+06,2.92794e+06,1.5706e+07,0,0,0,0,61.1108,61.3098,2.01955,1,1,1.68192,1.71842,0,1.25947,1.90512,8.89167e+06,3.91359e+06,1.49551e+07,0,0,0,0
76.377,85.1408,2.73518,0.01,0.26,3.67112,3.7508,0,0.687922,4.6872,4.27854e+06,2.92794e+06,1.5707e+07,0,0,0,0,60.6329,61.3098,1.827,1,1,1.68203,1.71854,0,1.29945,1.90512,8.89167e+06,3.91359e+06,1.49561e+07,0,0,0,0
75.1288,85.1408,2.41946,0.03,0.26,3.67137,3.75105,0,0.687968,4.6872,4.27854e+06,2.92794e+06,1.57081e+07,0,0,0,0,60.0426,61.3098,1.72044,1,1,1.68214,1.71865,0,1.29954,1.90512,8.89167e+06,3.91359e+06,1.49571e+07,0,0,0,0
73.7967,85.1408,2.28717,0.03,0.26,3.67161,3.7513,0,0.688014,4.6872,4.27854e+06,2.92794e+06,1.57091e+07,0,0,0,0,59.312,61.3098,1.63734,1,1,1.68225,1.71877,0,1.29962,1.90512,8.89167e+06,3.91359e+06,1.49581e+07,0,0,0,0
71.8956,85.1408,1.69004,0.04,0.26,3.67186,3.75155,0,0.68806,4.6872,4.27854e+06,2.92794e+06,1.57102e+07,0,0,0,0,58.465,61.3098,1.4115,1,1,1.68237,1.71888,0,1.29971,1.90512,8.89167e+06,3.91359e+06,1.49591e+07,0,0,0,0
69.8491,85.1408,1.49575,0.04,0.26,3.63921,3.7182,0,0.688106,4.6872,4.27854e+06,2.92794e+06,1.55705e+07,0,0,0,0,57.5349,61.3098,1.37115,1,1,1.72991,1.76746,0,1.2998,1.90512,8.89167e+06,3.91359e+06,1.53818e+07,0,0,0,0
67.6941,85.1408,1.36381,0.04,0.26,3.63946,3.71845,0,0.681988,4.6872,4.27854e+06,2.92794e+06,1.55715e+07,0,0,0,0,56.547,61.3098,1.25652,1,1,1.73003,1.76757,0,1.33653,1.90512,8.89167e+06,3.91359e+06,1.53828e+07,0,0,0,0
65.7192,85.1408,1.24567,0.06,0.26,3.32371,3.71869,0,0.682034,4.6872,4.27854e+06,2.92794e+06,1.42206e+07,0,0,0,0,55.6651,61.3098,1.20181,1,1,1.57994,1.76769,0,1.33662,1.90512,8.89167e+06,3.91359e+06,1.40483e+07,0,0,0,0
63.794,85.1408,1.24495,0.07,0.26,3.32393,3.71894,0,0.622864,4.6872,4.27854e+06,2.92794e+06,1.42216e+07,0,0,0,0,54.8324,61.3098,1.29072,1,1,1.58004,1.76781,0,1.22066,1.90512,8.89167e+06,3.91359e+06,1.40492e+07,0,0,0,0
61.7564,85.1408,1.18861,0.06,0.26,3.40174,3.80599,0,0.622905,4.6872,4.27854e+06,2.92794e+06,1.45545e+07,0,0,0,0,53.9245,61.3098,1.28723,1,1,1.61876,1.81113,0,1.22074,1.90512,8.89167e+06,3.91359e+06,1.43935e+07,0,0,0,0
59.6722,85.1408,1.10183,0.08,0.26,3.40196,3.80624,0,0.637485,4.6872,4.27854e+06,2.92794e+06,1.45554e+07,0,0,0,0,52.8933,61.3098,1.2409,1,1,1.61887,1.81125,0,1.25065,1.90512,8.89167e+06,3.91359e+06,1.43944e+07,0,0,0,0
57.5213,85.1408,1.00324,0.09,0.26,3.40219,3.8065,0,0.637528,4.6872,4.27854e+06,2.92794e+06,1.45564e+07,0,0,0,0,52.1611,61.3098,1.09185,1,1,1.61897,1.81137,0,1.25074,1.90512,8.89167e+06,3.91359e+06,1.43954e+07,0,0,0,0
55.5728,85.1408,1.16997,0.14,0.26,3.40242,3.80675,0,0.63757,4.6872,4.27854e+06,2.92794e+06,1.45574e+07,0,0,0,0,51.1893,61.3098,1.50531,1,1,1.61908,1.81149,0,1.25082,1.90512,8.89167e+06,3.91359e+06,1.43964e+07,0,0,0,0
53.0698,85.1408,0.788653,0.14,0.26,3.62989,4.06126,0,0.637613,4.6872,4.27854e+06,2.92794e+06,1.55306e+07,0,0,0,0,50.1342,61.3098,1.06305,1,1,1.7586,1.96758,0,1.2509,1.90512,8.89167e+06,3.91359e+06,1.56369e+07,0,0,0,0
50.6091,85.1408,0.820902,0.14,0.26,3.63013,4.06153,0,0.680242,4.6872,4.27854e+06,2.92794e+06,1.55317e+07,0,0,0,0,49.0803,61.3098,1.12186,1,1,1.75871,1.96772,0,1.35869,1.90512,8.89167e+06,3.91359e+06,1.56379e+07,0,0,0,0
48.2735,85.1408,0.941672,0.19,0.26,3.63038,4.0618,0,0.680287,4.6872,4.27854e+06,2.92794e+06,1.55327e+07,0,0,0,0,48.0176,61.3098,1.11466,1,1,1.75883,1.96785,0,1.35878,1.90512,8.89167e+06,3.91359e+06,1.5639e+07,0,0,0,0
45.6992,85.1408,0.704826,0.19,0.26,3.63062,4.06207,0,0.680333,4.6872,4.27854e+06,2.92794e+06,1.55337e+07,0,0,0,0,46.7725,61.3098,1.03159,1,1,1.75895,1.96798,0,1.35887,1.90512,8.89167e+06,3.91359e+06,1.564e+07,0,0,0,0
43.3229,85.1408,0.96892,0.18,0.26,3.63086,4.06234,0,0.680378,4.6872,4.27854e+06,2.92794e+06,1.55348e+07,0,0,0,0,45.8629,61.3098,0.872352,1,1,1.75907,1.96811,0,1.35896,1.90512,8.89167e+06,3.91359e+06,1.5641e+07,0,0,0,0
41.3712,85.1408,1.31857,0.16,0.26,3.52031,3.93866,0,0.680423,4.6872,4.27854e+06,2.92794e+06,1.50618e+07,0,0,0,0,45.1829,61.3098,1.39804,1,1,1.67454,1.87354,0,1.35905,1.90512,8.89167e+06,3.91359e+06,1.48895e+07,0,0,0,0
39.3779,85.1408,1.26993,0.21,0.26,3.52055,3.93892,0,0.659707,4.6872,4.27854e+06,2.92794e+06,1.50628e+07,0,0,0,0,44.6282,61.3098,1.32941,1,1,1.67465,1.87366,0,1.29375,1.90512,8.89167e+06,3.91359e+06,1.48905e+07,0,0,0,0
37.3691,85.1408,1.24883,0.22,0.26,3.52078,3.93919,0,0.659751,4.6872,4.27854e+06,2.92794e+06,1.50638e+07,0,0,0,0,44.2202,61.3098,1.56947,1,1,1.67476,1.87379,0,1.29384,1.90512,8.89167e+06,3.91359e+06,1.48915e+07,0,0,0,0
35.7848,85.1408,1.74217,0.2,0.26,3.52102,3.93945,0,0.659795,4.6872,4.27854e+06,2.92794e+06,1.50648e+07,0,0,0,0,43.381,61.3098,1.64723,1,1,1.67488,1.87391,0,1.29392,1.90512,8.89167e+06,3.91359e+06,1.48925e+07,0,0,0,0
33.7328,85.1408,1.14357,0.2,0.26,3.43029,3.83794,0,0.659839,4.6872,4.27854e+06,2.92794e+06,1.46766e+07,0,0,0,0,42.4379,61.3098,0.919737,1,1,1.59792,1.78782,0,1.29401,1.90512,8.89167e+06,3.91359e+06,1.42082e+07,0,0,0,0
31.5238,85.1408,0.969605,0.25,0.26,3.43052,3.8382,0,0.642837,4.6872,4.27854e+06,2.92794e+06,1.46776e+07,0,0,0,0,41.984,61.3098,1.09909,1,1,1.59803,1.78793,0,1.23455,1.90512,8.89167e+06,3.91359e+06,1.42092e+07,0,0,0,0
31.2227,85.1408,3.00754,0.28,0.26,3.43075,3.83845,0,0.64288,4.6872,4.27854e+06,2.92794e+06,1.46786e+07,0,0,0,0,41.993,61.3098,3.51563,1,1,1.59814,1.78805,0,1.23464,1.90512,8.89167e+06,3.91359e+06,1.42101e+07,0,0,0,0
30.3992,85.1408,2.4675,0.28,0.26,3.43098,3.83871,0,0.642922,4.6872,4.27854e+06,2.92794e+06,1.46796e+07,0,0,0,0,42.093,61.3098,1.94525,1,1,1.59824,1.78817,0,1.23472,1.90512,8.89167e+06,3.91359e+06,1.4211e+07,0,0,0,0
31.7417,85.1408,4.41617,0.29,0.26,3.1728,3.54985,0,0.642965,4.6872,4.27854e+06,3.51353e+06,1.35749e+07,0,0,0,0,42.7439,61.3098,4.44445,0.02,1,1.4378,1.60866,0,1.2348,1.90512,8.89167e+06,4.69631e+06,1.27844e+07,0,0,0,0
32.3434,85.1408,3.63691,0.31,0.26,3.17301,3.55008,0,0.594582,4.6872,4.27854e+06,3.51353e+06,1.35758e+07,0,0,0,0,43.7077,61.3098,4.04761,0.02,1,1.4379,1.60877,0,1.11084,1.90512,8.89167e+06,4.69631e+06,1.27853e+07,0,0,0,0
35.664,85.1408,6.63615,0.31,0.26,3.17322,3.55032,0,0.594622,4.6872,4.27854e+06,3.51353e+06,1.35767e+07,0,0,0,0,45.8995,61.3098,6.17437,0.02,1,1.43799,1.60888,0,1.11092,1.90512,8.89167e+06,4.69631e+06,1.27862e+07,0,0,0,0
38.046,85.1408,5.65939,0.23,0.26,3.17343,3.55056,0,0.594662,4.6872,4.27854e+06,3.51353e+06,1.35777e+07,0,0,0,0,47.8872,61.3098,7.35014,0,1,1.43809,1.60899,0,1.11099,1.90512,8.89167e+06,4.69631e+06,1.2787e+07,0,0,0,0
42.4171,85.1408,7.68471,0.25,0.26,3.17364,3.55079,0,0.594701,4.6872,4.27854e+06,3.51353e+06,1.35786e+07,0,0,0,0,50.2725,61.3098,9.14657,0,1,1.43818,1.60909,0,1.11107,1.90512,8.89167e+06,4.69631e+06,1.27879e+07,0,0,0,0
47.7844,85.1408,8.95932,0.26,0.26,3.27327,3.66226,0,0.594741,4.6872,4.27854e+06,3.51353e+06,1.40048e+07,0,0,0,0,55.0916,61.3098,15.4123,0,1,1.48478,1.66122,0,1.11114,1.90512,8.89167e+06,4.69631e+06,1.32022e+07,0,0,0,0
52.5923,85.1408,8.37544,0.22,0.26,3.27346,3.66247,0,0.61341,4.6872,4.27854e+06,3.51353e+06,1.40056e+07,0,0,0,0,59.4158,61.3098,10.9455,0,1,1.48486,1.66132,0,1.14714,1.90512,8.89167e+06,4.69631e+06,1.32029e+07,0,0,0,0
56.5355,85.1408,7.52817,0.17,0.26,3.27364,3.66268,0,0.613446,4.6872,4.27854e+06,3.51353e+06,1.40064e+07,0,0,0,0,61.5365,61.3098,7.48091,0,1,1.48495,1.66142,0,1.1472,1.90512,8.89167e+06,4.69631e+06,1.32037e+07,0,0,0,0
58.9464,85.1408,6.0127,0.17,0.26,3.27383,3.66289,0,0.613481,4.6872,4.27854e+06,3.51353e+06,1.40072e+07,0,0,0,0,62.338,61.3098,8.22832,0,1,1.48503,1.66151,0,1.14727,1.90512,8.89167e+06,4.69631e+06,1.32044e+07,0,0,0,0
61.4278,85.1408,6.2655,0.17,0.26,3.59336,4.02038,0,0.613516,4.6872,4.27854e+06,2.92794e+06,1.53743e+07,0,0,0,0,62.338,61.3098,6.36665,1,1,1.65974,1.85698,0,1.14734,1.90512,8.89167e+06,3.91359e+06,1.47578e+07,0,0,0,0
65.2245,85.1408,7.7385,0.1,0.26,3.59357,4.02062,0,0.673395,4.6872,4.27854e+06,2.92794e+06,1.53752e+07,0,0,0,0,62.338,61.3098,7.05702,1,1,1.65983,1.85708,0,1.28231,1.90512,8.89167e+06,3.91359e+06,1.47587e+07,0,0,0,0
68.2379,85.1408,7.05835,0.1,0.26,3.59377,4.02085,0,0.673434,4.6872,4.27854e+06,2.92794e+06,1.53761e+07,0,0,0,0,62.338,61.3098,9.31937,1,1,1.65993,1.85719,0,1.28239,1.90512,8.89167e+06,3.91359e+06,1.47595e+07,0,0,0,0
70.0799,85.1408,6.0947,0.04,0.26,3.93566,4.02108,0,0.673473,4.6872,4.27854e+06,2.92794e+06,1.68389e+07,0,0,0,0,62.338,61.3098,6.82161,1,1,1.81784,1.85729,0,1.28246,1.90512,8.89167e+06,3.91359e+06,1.61636e+07,0,0,0,0
72.9567,85.1408,6.67855,0.04,0.26,3.51158,3.51158,0,0.737542,4.6872,4.27854e+06,2.92794e+06,1.50244e+07,0,0,0,0,62.338,61.3098,4.44743,0,1,1.59515,1.59515,0,1.40446,1.90512,8.89167e+06,3.91359e+06,1.41836e+07,0,0,0,0
80.8735,85.1408,11.8093,0.04,0.26,3.51178,3.51178,0,0.65807,4.6872,4.27854e+06,2.92794e+06,1.50253e+07,0,0,0,0,62.338,61.3098,10.6937,0,1,1.59524,1.59524,0,1.23242,1.90512,8.89167e+06,3.91359e+06,1.41844e+07,0,0,0,0
84.4734,85.1408,7.80092,0.01,0.26,3.51198,3.51198,0,0.658108,4.6872,4.27854e+06,2.92794e+06,1.50262e+07,0,0,0,0,62.338,61.3098,5.53875,0,1,1.59534,1.59534,0,1.23249,1.90512,8.89167e+06,3.91359e+06,1.41852e+07,0,0,0,0
85.1408,85.1408,5.76799,0.01,0.26,3.51218,3.51218,0,0.658146,4.6872,4.27854e+06,2.92794e+06,1.5027e+07,0,0,0,0,62.338,61.3098,4.16577,0,1,1.59543,1.59543,0,1.23256,1.90512,8.89167e+06,3.91359e+06,1.4186e+07,0,0,0,0
85.1408,85.1408,10.9925,0,0.26,3.51239,3.51239,0,0.658183,4.6872,4.27854e+06,2.92794e+06,1.50279e+07,0,0,0,0,62.338,61.3098,5.36007,0,1,1.59552,1.59552,0,1.23263,1.90512,8.89167e+06,3.91359e+06,1.41868e+07,0,0,0,0
85.1408,85.1408,10.6746,0,0.26,3.64093,3.64093,0,0.658221,4.6872,4.27854e+06,2.92794e+06,1.55779e+07,0,0,0,0,62.338,61.3098,5.44389,0,1,1.65978,1.65978,0,1.2327,1.90512,8.89167e+06,3.91359e+06,1.47583e+07,0,0,0,0
85.1408,85.1408,8.82452,0,0.26,3.64114,3.64114,0,0.68231,4.6872,4.27854e+06,2.92794e+06,1.55787e+07,0,0,0,0,62.338,61.3098,4.82953,0,1,1.65988,1.65988,0,1.28235,1.90512,8.89167e+06,3.91359e+06,1.47591e+07,0,0,0,0
85.1408,85.1408,7.69333,0,0.26,3.64135,3.64135,0,0.682349,4.6872,4.27854e+06,2.92794e+06,1.55796e+07,0,0,0,0,62.338,61.3098,4.3631,0,1,1.65997,1.65997,0,1.28242,1.90512,8.89167e+06,3.91359e+06,1.476e+07,0,0,0,0
85.1408,85.1408,7.15655,0,0.26,3.64156,3.64156,0,0.682388,4.6872,4.27854e+06,2.92794e+06,1.55805e+07,0,0,0,0,62.338,61.3098,4.48376,0,1,1.66007,1.66007,0,1.2825,1.90512,8.89167e+06,3.91359e+06,1.47608e+07,0,0,0,0
85.1408,85.1408,6.63198,0,0.26,3.59157,3.59157,0,0.682428,4.6872,4.27854e+06,2.92794e+06,1.53667e+07,0,0,0,0,62.338,61.3098,4.57201,0,1,1.63523,1.63523,0,1.28257,1.90512,8.89167e+06,3.91359e+06,1.454e+07,0,0,0,0
85.1408,85.1408,6.16637,0,0.26,3.59178,3.59178,0,0.673061,4.6872,4.27854e+06,2.92794e+06,1.53676e+07,0,0,0,0,62.338,61.3098,4.57891,0,1,1.63533,1.63533,0,1.26338,1.90512,8.89167e+06,3.91359e+06,1.45408e+07,0,0,0,0
85.1408,85.1408,5.92405,0,0.26,3.59198,3.59198,0,0.673099,4.6872,4.27854e+06,2.92794e+06,1.53684e+07,0,0,0,0,62.338,61.3098,5.62443,0,1,1.63542,1.63542,0,1.26345,1.90512,8.89167e+06,3.91359e+06,1.45416e+07,0,0,0,0
85.1408,85.1408,5.44284,0,0.26,3.59219,3.59219,0,0.673138,4.6872,4.27854e+06,2.92794e+06,1.53693e+07,0,0,0,0,62.338,61.3098,4.53445,0,1,1.63552,1.63552,0,1.26353,1.90512,8.89167e+06,3.91359e+06,1.45425e+07,0,0,0,0
85.1408,85.1408,4.43483,0,0.26,3.68287,3.76281,0,0.673176,4.6872,4.27854e+06,2.92794e+06,1.57573e+07,0,0,0,0,62.338,61.3098,3.45667,1,1,1.68742,1.72404,0,1.2636,1.90512,8.89167e+06,3.91359e+06,1.50039e+07,0,0,0,0
85.1408,85.1408,3.89933,0,0.26,3.68309,3.76302,0,0.690171,4.6872,4.27854e+06,2.92794e+06,1.57582e+07,0,0,0,0,62.338,61.3098,3.25645,1,1,1.68751,1.72414,0,1.3037,1.90512,8.89167e+06,3.91359e+06,1.50048e+07,0,0,0,0
85.1393,85.1408,3.78262,0.01,0.26,3.6833,3.76324,0,0.69021,4.6872,4.27854e+06,2.92794e+06,1.57591e+07,0,0,0,0,62.338,61.3098,3.304,1,1,1.68761,1.72424,0,1.30377,1.90512,8.89167e+06,3.91359e+06,1.50057e+07,0,0,0,0
84.9499,85.1408,3.58739,0.03,0.26,3.68351,3.76346,0,0.69025,4.6872,4.27854e+06,2.92794e+06,1.576e+07,0,0,0,0,62.338,61.3098,3.18097,1,1,1.68771,1.72434,0,1.30385,1.90512,8.89167e+06,3.91359e+06,1.50065e+07,0,0,0,0
84.6603,85.1408,3.46959,0.03,0.26,3.68372,3.76367,0,0.690289,4.6872,4.27854e+06,2.92794e+06,1.57609e+07,0,0,0,0,62.338,61.3098,3.21603,1,1,1.6878,1.72443,0,1.30392,1.90512,8.89167e+06,3.91359e+06,1.50074e+07,0,0,0,0
84.1362,85.1408,3.19876,0.03,0.26,3.65094,3.73018,0,0.690329,4.6872,4.27854e+06,2.92794e+06,1.56207e+07,0,0,0,0,62.338,61.3098,3.29188,1,1,1.73548,1.77315,0,1.304,1.90512,8.89167e+06,3.91359e+06,1.54313e+07,0,0,0,0
83.313,85.1408,2.88625,0.03,0.26,3.65114,3.73039,0,0.684185,4.6872,4.27854e+06,2.92794e+06,1.56216e+07,0,0,0,0,62.338,61.3098,2.94343,1,1,1.73558,1.77325,0,1.34083,1.90512,8.89167e+06,3.91359e+06,1.54322e+07,0,0,0,0
82.3985,85.1408,2.75333,0.03,0.26,3.65135,3.7306,0,0.684225,4.6872,4.27854e+06,2.92794e+06,1.56225e+07,0,0,0,0,62.338,61.3098,2.85902,1,1,1.73568,1.77335,0,1.34091,1.90512,8.89167e+06,3.91359e+06,1.54331e+07,0,0,0,0
81.2626,85.1408,2.50652,0.04,0.26,3.65156,3.73082,0,0.684264,4.6872,4.27854e+06,2.92794e+06,1.56234e+07,0,0,0,0,62.338,61.3098,2.71414,1,1,1.73578,1.77345,0,1.34099,1.90512,8.89167e+06,3.91359e+06,1.5434e+07,0,0,0,0
80.0576,85.1408,2.496,0.03,0.26,3.737,3.81811,0,0.684303,4.6872,4.27854e+06,2.92794e+06,1.59889e+07,0,0,0,0,62.338,61.3098,2.63229,1,1,1.7783,1.81689,0,1.34106,1.90512,8.89167e+06,3.91359e+06,1.5812e+07,0,0,0,0
78.6577,85.1408,2.2858,0.04,0.26,3.73721,3.81832,0,0.700313,4.6872,4.27854e+06,2.92794e+06,1.59898e+07,0,0,0,0,62.2848,61.3098,2.54315,1,1,1.7784,1.817,0,1.37391,1.90512,8.89167e+06,3.91359e+06,1.58129e+07,0,0,0,0
77.0619,85.1408,2.07297,0.04,0.26,3.73743,3.81854,0,0.700354,4.6872,4.27854e+06,2.92794e+06,1.59907e+07,0,0,0,0,62.1915,61.3098,2.33573,1,1,1.7785,1.8171,0,1.37399,1.90512,8.89167e+06,3.91359e+06,1.58139e+07,0,0,0,0
75.2442,85.1408,1.81953,0.04,0.26,3.73764,3.81876,0,0.700394,4.6872,4.27854e+06,2.92794e+06,1.59916e+07,0,0,0,0,62.0845,61.3098,2.3061,1,1,1.7786,1.81721,0,1.37407,1.90512,8.89167e+06,3.91359e+06,1.58148e+07,0,0,0,0
73.7277,85.1408,2.04031,0.07,0.26,3.64131,4.07403,0,0.700434,4.6872,4.27854e+06,2.92794e+06,1.55795e+07,0,0,0,0,62.0181,61.3098,2.68789,1,1,1.76413,1.97377,0,1.37415,1.90512,8.89167e+06,3.91359e+06,1.56861e+07,0,0,0,0
72.1248,85.1408,1.94135,0.09,0.26,3.64152,4.07427,0,0.682382,4.6872,4.27854e+06,2.92794e+06,1.55804e+07,0,0,0,0,61.9079,61.3098,2.5811,1,1,1.76423,1.97389,0,1.36297,1.90512,8.89167e+06,3.91359e+06,1.56869e+07,0,0,0,0
70.7975,85.1408,2.20277,0.09,0.26,3.64173,4.0745,0,0.682421,4.6872,4.27854e+06,2.92794e+06,1.55813e+07,0,0,0,0,61.8195,61.3098,2.74946,1,1,1.76433,1.974,0,1.36304,1.90512,8.89167e+06,3.91359e+06,1.56878e+07,0,0,0,0
69.4619,85.1408,2.17511,0.09,0.26,3.64194,4.07474,0,0.68246,4.6872,4.27854e+06,2.92794e+06,1.55822e+07,0,0,0,0,61.7461,61.3098,2.70765,1,1,1.76443,1.97411,0,1.36312,1.90512,8.89167e+06,3.91359e+06,1.56887e+07,0,0,0,0
68.6565,85.1408,2.70978,0.07,0.26,3.64214,4.07497,0,0.682499,4.6872,4.27854e+06,2.92794e+06,1.55831e+07,0,0,0,0,61.7826,61.3098,3.01295,1,1,1.76453,1.97423,0,1.3632,1.90512,8.89167e+06,3.91359e+06,1.56896e+07,0,0,0,0
68.4792,85.1408,3.2383,0.08,0.26,3.53122,3.95086,0,0.682538,4.6872,4.27854e+06,2.92794e+06,1.51085e+07,0,0,0,0,62.338,61.3098,5.48583,1,1,1.67973,1.87934,0,1.36328,1.90512,8.89167e+06,3.91359e+06,1.49356e+07,0,0,0,0
67.9128,85.1408,2.84877,0.08,0.26,3.53142,3.95109,0,0.661751,4.6872,4.27854e+06,2.92794e+06,1.51093e+07,0,0,0,0,62.338,61.3098,3.79299,1,1,1.67983,1.87945,0,1.29776,1.90512,8.89167e+06,3.91359e+06,1.49365e+07,0,0,0,0
66.8364,85.1408,2.32607,0.11,0.26,3.53163,3.95132,0,0.661789,4.6872,4.27854e+06,2.92794e+06,1.51102e+07,0,0,0,0,62.2758,61.3098,3.00535,1,1,1.67992,1.87956,0,1.29783,1.90512,8.89167e+06,3.91359e+06,1.49373e+07,0,0,0,0
66.7717,85.1408,3.40939,0.1,0.26,3.53183,3.95154,0,0.661827,4.6872,4.27854e+06,2.92794e+06,1.51111e+07,0,0,0,0,62.338,61.3098,3.51914,1,1,1.68002,1.87967,0,1.29791,1.90512,8.89167e+06,3.91359e+06,1.49382e+07,0,0,0,0
66.1289,85.1408,2.82102,0.1,0.26,3.44079,3.84968,0,0.661865,4.6872,4.27854e+06,2.92794e+06,1.47215e+07,0,0,0,0,62.338,61.3098,3.45006,1,1,1.60281,1.79329,0,1.29798,1.90512,8.89167e+06,3.91359e+06,1.42517e+07,0,0,0,0
65.2849,85.1408,2.59018,0.09,0.26,3.44099,3.84991,0,0.644804,4.6872,4.27854e+06,2.92794e+06,1.47224e+07,0,0,0,0,62.338,61.3098,4.51434,1,1,1.6029,1.79339,0,1.23833,1.90512,8.89167e+06,3.91359e+06,1.42525e+07,0,0,0,0
64.5446,85.1408,2.76794,0.09,0.26,3.44118,3.85013,0,0.644841,4.6872,4.27854e+06,2.92794e+06,1.47232e+07,0,0,0,0,62.338,61.3098,4.92839,1,1,1.603,1.79349,0,1.2384,1.90512,8.89167e+06,3.91359e+06,1.42533e+07,0,0,0,0
66.4973,85.1408,5.51737,0.1,0.26,3.44138,3.85035,0,0.644878,4.6872,4.27854e+06,2.92794e+06,1.47241e+07,0,0,0,0,62.338,61.3098,5.35703,1,1,1.60309,1.7936,0,1.23847,1.90512,8.89167e+06,3.91359e+06,1.42541e+07,0,0,0,0
67.6244,85.1408,4.45261,0.11,0.26,3.18239,3.56058,0,0.644915,4.6872,4.27854e+06,3.51353e+06,1.3616e+07,0,0,0,0,62.338,61.3098,3.68571,0,1,1.44215,1.61353,0,1.23855,1.90512,8.89167e+06,4.69631e+06,1.28231e+07,0,0,0,0
69.6598,85.1408,5.57186,0.12,0.26,3.18257,3.56078,0,0.596379,4.6872,4.27854e+06,3.51353e+06,1.36167e+07,0,0,0,0,62.338,61.3098,10.3144,0,1,1.44223,1.61362,0,1.1142,1.90512,8.89167e+06,4.69631e+06,1.28238e+07,0,0,0,0
72.4046,85.1408,6.32485,0.06,0.26,3.18275,3.56098,0,0.596414,4.6872,4.27854e+06,3.51353e+06,1.36175e+07,0,0,0,0,62.338,61.3098,8.72568,0,1,1.44231,1.61371,0,1.11427,1.90512,8.89167e+06,4.69631e+06,1.28246e+07,0,0,0,0
76.0132,85.1408,7.08901,0.07,0.26,3.18293,3.56119,0,0.596448,4.6872,4.27854e+06,3.51353e+06,1.36183e+07,0,0,0,0,62.338,61.3098,5.72876,0,1,1.44239,1.6138,0,1.11433,1.90512,8.89167e+06,4.69631e+06,1.28253e+07,0,0,0,0
78.7639,85.1408,6.37876,0.08,0.26,3.18312,3.56139,0,0.596482,4.6872,4.27854e+06,3.51353e+06,1.36191e+07,0,0,0,0,62.338,61.3098,7.81523,0,1,1.44248,1.6139,0,1.11439,1.90512,8.89167e+06,4.69631e+06,1.2826e+07,0,0,0,0
80.6961,85.1408,6.05107,0.01,0.24,3.67315,3.67315,0,0.596516,4.6872,4.27854e+06,2.92794e+06,1.57157e+07,0,0,0,0,62.338,61.3098,5.73827,0,1,1.66617,1.66617,0,1.11446,1.90512,8.89167e+06,3.91359e+06,1.4815e+07,0,0,0,0
81.6171,85.1408,4.9755,0.02,0.24,3.67333,3.67333,0,0.688348,4.6872,4.27854e+06,2.92794e+06,1.57165e+07,0,0,0,0,62.338,61.3098,4.41196,0,1,1.66625,1.66625,0,1.28728,1.90512,8.89167e+06,3.91359e+06,1.48157e+07,0,0,0,0
83.7979,85.1408,6.39231,0.02,0.24,3.6735,3.6735,0,0.688382,4.6872,4.27854e+06,2.92794e+06,1.57172e+07,0,0,0,0,62.338,61.3098,4.64574,0,1,1.66633,1.66633,0,1.28734,1.90512,8.89167e+06,3.91359e+06,1.48164e+07,0,0,0,0
84.1363,85.1408,4.43823,0.02,0.24,3.67368,3.67368,0,0.688415,4.6872,4.27854e+06,2.92794e+06,1.5718e+07,0,0,0,0,62.338,61.3098,3.98584,0,1,1.66641,1.66641,0,1.2874,1.90512,8.89167e+06,3.91359e+06,1.48171e+07,0,0,0,0
83.3561,85.1408,3.53859,0.02,0.24,3.94654,4.0322,0,0.688448,4.6872,4.27854e+06,2.92794e+06,1.68854e+07,0,0,0,0,62.338,61.3098,5.07231,1,1,1.82287,1.86243,0,1.28747,1.90512,8.89167e+06,3.91359e+06,1.62083e+07,0,0,0,0
82.3553,85.1408,3.37633,0.02,0.24,3.94673,4.03239,0,0.739581,4.6872,4.27854e+06,2.92794e+06,1.68862e+07,0,0,0,0,62.338,61.3098,4.18624,1,1,1.82295,1.86252,0,1.40835,1.90512,8.89167e+06,3.91359e+06,1.62091e+07,0,0,0,0
81.0182,85.1408,2.89712,0.03,0.24,3.94692,4.03258,0,0.739617,4.6872,4.27854e+06,2.92794e+06,1.6887e+07,0,0,0,0,62.338,61.3098,2.91203,1,1,1.82304,1.86261,0,1.40841,1.90512,8.89167e+06,3.91359e+06,1.62099e+07,0,0,0,0
81.3468,85.1408,4.67248,0.02,0.24,3.94711,4.03277,0,0.739652,4.6872,4.27854e+06,2.92794e+06,1.68878e+07,0,0,0,0,62.338,61.3098,5.47412,1,1,1.82313,1.8627,0,1.40848,1.90512,8.89167e+06,3.91359e+06,1.62107e+07,0,0,0,0
80.9685,85.1408,3.43484,0.03,0.24,3.52176,3.52176,0,0.739688,4.6872,4.27854e+06,2.92794e+06,1.5068e+07,0,0,0,0,62.215,61.3098,3.20294,0,1,1.59978,1.59978,0,1.40855,1.90512,8.89167e+06,3.91359e+06,1.42247e+07,0,0,0,0
80.7293,85.1408,3.68992,0.02,0.24,3.52193,3.52193,0,0.659979,4.6872,4.27854e+06,2.92794e+06,1.50687e+07,0,0,0,0,62.2112,61.3098,2.67453,0,1,1.59986,1.59986,0,1.23599,1.90512,8.89167e+06,3.91359e+06,1.42254e+07,0,0,0,0
79.4699,85.1408,2.58692,0.02,0.24,3.5221,3.5221,0,0.66001,4.6872,4.27854e+06,2.92794e+06,1.50694e+07,0,0,0,0,62.338,61.3098,2.65766,0,1,1.59993,1.59993,0,1.23605,1.90512,8.89167e+06,3.91359e+06,1.42261e+07,0,0,0,0
79.1077,85.1408,3.56739,0.01,0.24,3.52227,3.52227,0,0.660042,4.6872,4.27854e+06,2.92794e+06,1.50702e+07,0,0,0,0,62.338,61.3098,3.79417,0,1,1.60001,1.60001,0,1.23611,1.90512,8.89167e+06,3.91359e+06,1.42268e+07,0,0,0,0
79.6639,85.1408,4.52889,0.01,0.24,3.52244,3.52244,0,0.660074,4.6872,4.27854e+06,2.92794e+06,1.50709e+07,0,0,0,0,62.338,61.3098,4.83959,0,1,1.60009,1.60009,0,1.23617,1.90512,8.89167e+06,3.91359e+06,1.42274e+07,0,0,0,0
80.2583,85.1408,4.76397,0.01,0.24,3.65132,3.65132,0,0.660105,4.6872,4.27854e+06,2.92794e+06,1.56223e+07,0,0,0,0,62.338,61.3098,5.98801,0,1,1.66452,1.66452,0,1.23623,1.90512,8.89167e+06,3.91359e+06,1.48004e+07,0,0,0,0
79.476,85.1408,3.29437,0.01,0.24,3.65149,3.65149,0,0.684257,4.6872,4.27854e+06,2.92794e+06,1.5623e+07,0,0,0,0,62.338,61.3098,5.1638,0,1,1.6646,1.6646,0,1.28601,1.90512,8.89167e+06,3.91359e+06,1.48011e+07,0,0,0,0
78.2366,85.1408,2.73518,0.01,0.24,3.65167,3.65167,0,0.68429,4.6872,4.27854e+06,2.92794e+06,1.56238e+07,0,0,0,0,62.338,61.3098,4.35293,0,1,1.66468,1.66468,0,1.28607,1.90512,8.89167e+06,3.91359e+06,1.48018e+07,0,0,0,0
76.8996,85.1408,2.59967,0.01,0.24,3.65184,3.65184,0,0.684322,4.6872,4.27854e+06,2.92794e+06,1.56245e+07,0,0,0,0,62.338,61.3098,4.23664,0,1,1.66476,1.66476,0,1.28613,1.90512,8.89167e+06,3.91359e+06,1.48025e+07,0,0,0,0
75.6575,85.1408,2.6002,0,0.24,3.60168,3.60168,0,0.684355,4.6872,4.27854e+06,2.92794e+06,1.54099e+07,0,0,0,0,62.338,61.3098,3.94603,0,1,1.63984,1.63984,0,1.28619,1.90512,8.89167e+06,3.91359e+06,1.45809e+07,0,0,0,0
73.8805,85.1408,1.9992,0.05,0.24,3.60186,3.60186,0,0.674955,4.6872,4.27854e+06,2.92794e+06,1.54107e+07,0,0,0,0,62.338,61.3098,3.35986,0,1,1.63992,1.63992,0,1.26694,1.90512,8.89167e+06,3.91359e+06,1.45816e+07,0,0,0,0
71.9761,85.1408,1.84242,0.04,0.24,3.60203,3.60203,0,0.674988,4.6872,4.27854e+06,2.92794e+06,1.54114e+07,0,0,0,0,62.338,61.3098,3.42712,0,1,1.64,1.64,0,1.267,1.90512,8.89167e+06,3.91359e+06,1.45823e+07,0,0,0,0
71.074,85.1408,2.87113,0.04,0.24,3.6022,3.6022,0,0.67502,4.6872,4.27854e+06,2.92794e+06,1.54122e+07,0,0,0,0,62.338,61.3098,4.09148,0,1,1.64007,1.64007,0,1.26706,1.90512,8.89167e+06,3.91359e+06,1.4583e+07,0,0,0,0
69.1163,85.1408,1.79619,0.03,0.24,3.6931,3.77326,0,0.675053,4.6872,4.27854e+06,2.92794e+06,1.58011e+07,0,0,0,0,62.338,61.3098,2.75528,1,1,1.6921,1.72883,0,1.26712,1.90512,8.89167e+06,3.91359e+06,1.50456e+07,0,0,0,0
67.2168,85.1408,1.78341,0.04,0.24,3.69328,3.77344,0,0.692088,4.6872,4.27854e+06,2.92794e+06,1.58018e+07,0,0,0,0,62.338,61.3098,3.18474,1,1,1.69218,1.72891,0,1.30732,1.90512,8.89167e+06,3.91359e+06,1.50463e+07,0,0,0,0
65.4581,85.1408,1.59183,0.08,0.24,3.37281,3.77362,0,0.692121,4.6872,4.27854e+06,2.92794e+06,1.44307e+07,0,0,0,0,62.338,61.3098,2.6718,1,1,1.54535,1.72899,0,1.30738,1.90512,8.89167e+06,3.91359e+06,1.37407e+07,0,0,0,0
63.6227,85.1408,1.4857,0.06,0.24,3.37297,3.7738,0,0.632064,4.6872,4.27854e+06,2.92794e+06,1.44314e+07,0,0,0,0,62.338,61.3098,2.25121,1,1,1.54542,1.72908,0,1.19394,1.90512,8.89167e+06,3.91359e+06,1.37414e+07,0,0,0,0
61.7477,85.1408,1.67349,0.05,0.24,3.69381,3.77398,0,0.632094,4.6872,4.27854e+06,2.92794e+06,1.58041e+07,0,0,0,0,62.151,61.3098,2.2986,1,1,1.69243,1.72916,0,1.19399,1.90512,8.89167e+06,3.91359e+06,1.50485e+07,0,0,0,0
60.3093,85.1408,1.80162,0.07,0.24,3.34308,3.74036,0,0.69222,4.6872,4.27854e+06,2.92794e+06,1.43035e+07,0,0,0,0,62.1134,61.3098,2.54528,1,1,1.58914,1.77799,0,1.30757,1.90512,8.89167e+06,3.91359e+06,1.41301e+07,0,0,0,0
58.8493,85.1408,1.75459,0.06,0.24,3.34324,3.74054,0,0.626493,4.6872,4.27854e+06,2.92794e+06,1.43042e+07,0,0,0,0,62.0297,61.3098,2.49288,1,1,1.58922,1.77808,0,1.22777,1.90512,8.89167e+06,3.91359e+06,1.41308e+07,0,0,0,0
57.315,85.1408,1.63614,0.11,0.24,3.3434,3.74072,0,0.626523,4.6872,4.27854e+06,2.92794e+06,1.43049e+07,0,0,0,0,61.8927,61.3098,2.38019,1,1,1.58929,1.77816,0,1.22783,1.90512,8.89167e+06,3.91359e+06,1.41315e+07,0,0,0,0
55.6061,85.1408,1.42394,0.11,0.24,3.34356,3.7409,0,0.626553,4.6872,4.27854e+06,2.92794e+06,1.43055e+07,0,0,0,0,61.686,61.3098,2.26291,1,1,1.58937,1.77825,0,1.22789,1.90512,8.89167e+06,3.91359e+06,1.41322e+07,0,0,0,0
53.8376,85.1408,1.41009,0.12,0.24,3.42175,3.82839,0,0.626583,4.6872,4.27854e+06,2.92794e+06,1.46401e+07,0,0,0,0,61.448,61.3098,2.18566,1,1,1.62829,1.82179,0,1.22795,1.90512,8.89167e+06,3.91359e+06,1.44782e+07,0,0,0,0
52.0284,85.1408,1.32966,0.14,0.24,3.42192,3.82857,0,0.641237,4.6872,4.27854e+06,2.92794e+06,1.46408e+07,0,0,0,0,61.1359,61.3098,2.25498,1,1,1.62836,1.82187,0,1.25801,1.90512,8.89167e+06,3.91359e+06,1.44789e+07,0,0,0,0
50.1685,85.1408,1.24448,0.15,0.24,3.42208,3.82875,0,0.641268,4.6872,4.27854e+06,2.92794e+06,1.46415e+07,0,0,0,0,60.7769,61.3098,2.06808,1,1,1.62844,1.82196,0,1.25807,1.90512,8.89167e+06,3.91359e+06,1.44796e+07,0,0,0,0
48.2962,85.1408,1.22257,0.19,0.24,3.42225,3.82894,0,0.641298,4.6872,4.27854e+06,2.92794e+06,1.46422e+07,0,0,0,0,60.4618,61.3098,2.21597,1,1,1.62852,1.82205,0,1.25813,1.90512,8.89167e+06,3.91359e+06,1.44803e+07,0,0,0,0
46.3564,85.1408,1.37177,0.18,0.24,3.65098,4.08485,0,0.641329,4.6872,4.27854e+06,2.92794e+06,1.56209e+07,0,0,0,0,60.0275,61.3098,1.86056,1,1,1.76881,1.97901,0,1.25819,1.90512,8.89167e+06,3.91359e+06,1.57277e+07,0,0,0,0
44.3519,85.1408,1.31498,0.18,0.24,3.65115,4.08505,0,0.684193,4.6872,4.27854e+06,2.92794e+06,1.56216e+07,0,0,0,0,59.5723,61.3098,1.87313,1,1,1.7689,1.97911,0,1.36658,1.90512,8.89167e+06,3.91359e+06,1.57285e+07,0,0,0,0
42.2736,85.1408,1.23711,0.18,0.24,3.65133,4.08524,0,0.684226,4.6872,4.27854e+06,2.92794e+06,1.56223e+07,0,0,0,0,59.1066,61.3098,2.2809,1,1,1.76898,1.9792,0,1.36665,1.90512,8.89167e+06,3.91359e+06,1.57292e+07,0,0,0,0
40.1508,85.1408,1.18632,0.21,0.24,3.6515,4.08544,0,0.684259,4.6872,4.27854e+06,2.92794e+06,1.56231e+07,0,0,0,0,58.634,61.3098,2.24188,1,1,1.76907,1.9793,0,1.36672,1.90512,8.89167e+06,3.91359e+06,1.573e+07,0,0,0,0
38.359,85.1408,1.49315,0.22,0.24,3.65168,4.08564,0,0.684292,4.6872,4.27854e+06,2.92794e+06,1.56238e+07,0,0,0,0,58.1667,61.3098,2.32148,1,1,1.76915,1.97939,0,1.36678,1.90512,8.89167e+06,3.91359e+06,1.57307e+07,0,0,0,0
36.9397,85.1408,1.76426,0.21,0.24,3.54043,3.96117,0,0.684325,4.6872,4.27854e+06,2.92794e+06,1.51479e+07,0,0,0,0,57.7865,61.3098,2.41624,1,1,1.68411,1.88425,0,1.36685,1.90512,8.89167e+06,3.91359e+06,1.49746e+07,0,0,0,0
35.6884,85.1408,1.97242,0.19,0.24,3.5406,3.96136,0,0.663477,4.6872,4.27854e+06,2.92794e+06,1.51486e+07,0,0,0,0,57.6856,61.3098,3.20926,1,1,1.68419,1.88434,0,1.30114,1.90512,8.89167e+06,3.91359e+06,1.49753e+07,0,0,0,0
34.32,85.1408,1.87711,0.2,0.24,3.54077,3.96155,0,0.663509,4.6872,4.27854e+06,2.92794e+06,1.51493e+07,0,0,0,0,57.5976,61.3098,3.15319,1,1,1.68427,1.88443,0,1.30121,1.90512,8.89167e+06,3.91359e+06,1.4976e+07,0,0,0,0
33.1693,85.1408,2.1622,0.2,0.24,3.54094,3.96174,0,0.663541,4.6872,4.27854e+06,2.92794e+06,1.515e+07,0,0,0,0,57.6527,61.3098,3.81038,1,1,1.68435,1.88452,0,1.30127,1.90512,8.89167e+06,3.91359e+06,1.49767e+07,0,0,0,0
30.6699,85.1408,0.71468,0.27,0.24,3.44963,3.85958,0,0.663572,4.6872,4.27854e+06,2.92794e+06,1.47594e+07,0,0,0,0,57.3161,61.3098,1.6753,1,1,1.60693,1.7979,0,1.30133,1.90512,8.89167e+06,3.91359e+06,1.42883e+07,0,0,0,0
28.7892,85.1408,1.29856,0.27,0.24,3.4498,3.85977,0,0.646462,4.6872,4.27854e+06,2.92794e+06,1.47601e+07,0,0,0,0,57.1519,61.3098,2.21092,1,1,1.60701,1.79798,0,1.24152,1.90512,8.89167e+06,3.91359e+06,1.4289e+07,0,0,0,0
29.2515,85.1408,3.83668,0.3,0.24,3.44997,3.85995,0,0.646493,4.6872,4.27854e+06,2.92794e+06,1.47608e+07,0,0,0,0,57.5278,61.3098,3.62899,1,1,1.60709,1.79807,0,1.24158,1.90512,8.89167e+06,3.91359e+06,1.42897e+07,0,0,0,0
27.9688,85.1408,1.99699,0.3,0.24,3.45013,3.86014,0,0.646524,4.6872,4.27854e+06,2.92794e+06,1.47615e+07,0,0,0,0,57.6001,61.3098,2.61304,1,1,1.60716,1.79816,0,1.24164,1.90512,8.89167e+06,3.91359e+06,1.42904e+07,0,0,0,0
27.2071,85.1408,2.27545,0.31,0.24,3.19045,3.56959,0,0.646555,4.6872,4.27854e+06,3.51353e+06,1.36505e+07,0,0,0,0,57.9265,61.3098,3.29028,0,1,1.4458,1.61761,0,1.24169,1.90512,8.89167e+06,4.69631e+06,1.28556e+07,0,0,0,0
26.8709,85.1408,2.715,0.31,0.24,3.1906,3.56977,0,0.59789,4.6872,4.27854e+06,3.51353e+06,1.36511e+07,0,0,0,0,58.3426,61.3098,3.46804,0,1,1.44587,1.61769,0,1.11702,1.90512,8.89167e+06,4.69631e+06,1.28562e+07,0,0,0,0
26.687,85.1408,2.94976,0.31,0.24,3.19076,3.56994,0,0.597919,4.6872,4.27854e+06,3.51353e+06,1.36518e+07,0,0,0,0,58.9996,61.3098,3.85729,0,1,1.44594,1.61777,0,1.11708,1.90512,8.89167e+06,4.69631e+06,1.28568e+07,0,0,0,0
27.5211,85.1408,4.05243,0.33,0.24,3.19091,3.57011,0,0.597948,4.6872,4.27854e+06,3.51353e+06,1.36524e+07,0,0,0,0,60.2053,61.3098,5.26401,0,1,1.44601,1.61785,0,1.11713,1.90512,8.89167e+06,4.69631e+06,1.28574e+07,0,0,0,0
27.7142,85.1408,3.43111,0.36,0.24,3.19106,3.57028,0,0.597976,4.6872,4.27854e+06,3.51353e+06,1.36531e+07,0,0,0,0,61.5723,61.3098,5.61562,0,1,1.44608,1.61792,0,1.11718,1.90512,8.89167e+06,4.69631e+06,1.2858e+07,0,0,0,0
26.6372,85.1408,2.02545,0.4,0.24,3.29117,3.68228,0,0.598005,4.6872,4.27854e+06,3.51353e+06,1.40814e+07,0,0,0,0,61.7569,61.3098,2.49569,0,1,1.4929,1.67031,0,1.11724,1.90512,8.89167e+06,4.69631e+06,1.32744e+07,0,0,0,0
30.0451,85.1408,6.8124,0.43,0.26,3.2913,3.68242,0,0.616765,4.6872,4.27854e+06,3.51353e+06,1.40819e+07,0,0,0,0,62.338,61.3098,4.96978,0,1,1.49295,1.67037,0,1.15341,1.90512,8.89167e+06,4.69631e+06,1.32749e+07,0,0,0,0
31.5183,85.1408,5.05149,0.46,0.26,3.29142,3.68257,0,0.616789,4.6872,4.27854e+06,3.51353e+06,1.40825e+07,0,0,0,0,62.338,61.3098,4.91783,0,1,1.49301,1.67044,0,1.15346,1.90512,8.89167e+06,4.69631e+06,1.32754e+07,0,0,0,0
31.2254,85.1408,2.92939,0.48,0.26,3.29155,3.68271,0,0.616812,4.6872,4.27854e+06,3.51353e+06,1.4083e+07,0,0,0,0,62.338,61.3098,3.44131,0,1,1.49307,1.6705,0,1.1535,1.90512,8.89167e+06,4.69631e+06,1.32759e+07,0,0,0,0
31.2798,85.1408,3.6204,0.49,0.26,3.61274,4.04207,0,0.616836,4.6872,4.27854e+06,2.92794e+06,1.54572e+07,0,0,0,0,62.338,61.3098,2.57312,1,1,1.66869,1.86699,0,1.15355,1.90512,8.89167e+06,3.91359e+06,1.48374e+07,0,0,0,0
31.6035,85.1408,3.91533,0.5,0.26,3.61288,4.04222,0,0.677027,4.6872,4.27854e+06,2.92794e+06,1.54578e+07,0,0,0,0,62.338,61.3098,3.12066,1,1,1.66875,1.86706,0,1.28923,1.90512,8.89167e+06,3.91359e+06,1.4838e+07,0,0,0,0
31.8989,85.1408,3.88536,0.53,0.26,3.61302,4.04238,0,0.677053,4.6872,4.27854e+06,2.92794e+06,1.54584e+07,0,0,0,0,62.338,61.3098,2.75492,1,1,1.66882,1.86713,0,1.28928,1.90512,8.89167e+06,3.91359e+06,1.48386e+07,0,0,0,0
32.702,85.1408,4.42789,0.56,0.26,3.61315,4.04253,0,0.677079,4.6872,4.27854e+06,2.92794e+06,1.5459e+07,0,0,0,0,62.338,61.3098,3.21049,1,1,1.66888,1.86721,0,1.28933,1.90512,8.89167e+06,3.91359e+06,1.48391e+07,0,0,0,0
34.1962,85.1408,4.66401,0.59,0.26,3.15529,3.53025,0,0.677105,4.6872,4.27854e+06,3.51353e+06,1.35e+07,0,0,0,0,62.338,61.3098,3.69178,0,1,1.4333,1.60363,0,1.28938,1.90512,8.89167e+06,4.69631e+06,1.27445e+07,0,0,0,0
35.778,85.1408,4.7669,0.5,0.26,3.15541,3.53039,0,0.591301,4.6872,4.27854e+06,3.51353e+06,1.35005e+07,0,0,0,0,62.338,61.3098,4.03611,0,1,1.43336,1.6037,0,1.10737,1.90512,8.89167e+06,4.69631e+06,1.2745e+07,0,0,0,0
40.5434,85.1408,8.33514,0.55,0.26,3.15553,3.53052,0,0.591323,4.6872,4.27854e+06,3.51353e+06,1.3501e+07,0,0,0,0,62.338,61.3098,7.31026,0,1,1.43341,1.60376,0,1.10741,1.90512,8.89167e+06,4.69631e+06,1.27455e+07,0,0,0,0
44.517,85.1408,7.5205,0.57,0.26,3.15565,3.53066,0,0.591346,4.6872,4.27854e+06,3.51353e+06,1.35016e+07,0,0,0,0,62.338,61.3098,6.16797,0,1,1.43347,1.60382,0,1.10746,1.90512,8.89167e+06,4.69631e+06,1.27459e+07,0,0,0,0
48.8884,85.1408,7.96849,0.46,0.26,3.15577,3.5308,0,0.591369,4.6872,4.27854e+06,3.51353e+06,1.35021e+07,0,0,0,0,62.338,61.3098,5.34793,0,1,1.43352,1.60388,0,1.1075,1.90512,8.89167e+06,4.69631e+06,1.27464e+07,0,0,0,0
55.6045,85.1408,10.5122,0.5,0.26,3.2712,3.65994,0,0.591392,4.6872,4.27854e+06,3.51353e+06,1.3996e+07,0,0,0,0,62.338,61.3098,6.0106,0,1,1.49124,1.66845,0,1.10754,1.90512,8.89167e+06,4.69631e+06,1.32596e+07,0,0,0,0
59.4536,85.1408,7.49735,0.3,0.26,3.27133,3.66009,0,0.613023,4.6872,4.27854e+06,3.51353e+06,1.39965e+07,0,0,0,0,62.338,61.3098,4.67244,0,1,1.49129,1.66852,0,1.15213,1.90512,8.89167e+06,4.69631e+06,1.32601e+07,0,0,0,0
62.0386,85.1408,6.19061,0.3,0.26,3.27145,3.66023,0,0.613047,4.6872,4.27854e+06,3.51353e+06,1.3997e+07,0,0,0,0,62.338,61.3098,4.32686,0,1,1.49135,1.66858,0,1.15217,1.90512,8.89167e+06,4.69631e+06,1.32606e+07,0,0,0,0
64.1872,85.1408,5.77905,0.13,0.26,3.27158,3.66037,0,0.613071,4.6872,4.27854e+06,3.51353e+06,1.39976e+07,0,0,0,0,62.338,61.3098,4.40484,0,1,1.49141,1.66865,0,1.15222,1.90512,8.89167e+06,4.69631e+06,1.32611e+07,0,0,0,0
65.9996,85.1408,5.32289,0.13,0.26,3.22661,3.61006,0,0.613094,4.6872,4.27854e+06,3.51353e+06,1.38052e+07,0,0,0,0,62.338,61.3098,3.9094,0,1,1.46907,1.64365,0,1.15226,1.90512,8.89167e+06,4.69631e+06,1.30625e+07,0,0,0,0
67.5319,85.1408,5.05157,0.11,0.26,3.22674,3.6102,0,0.604667,4.6872,4.27854e+06,3.51353e+06,1.38057e+07,0,0,0,0,62.338,61.3098,3.68849,0,1,1.46913,1.64371,0,1.135,1.90512,8.89167e+06,4.69631e+06,1.3063e+07,0,0,0,0
68.5997,85.1408,4.57455,0.1,0.26,3.22686,3.61033,0,0.604691,4.6872,4.27854e+06,3.51353e+06,1.38063e+07,0,0,0,0,62.338,61.3098,3.51609,0,1,1.46918,1.64378,0,1.13505,1.90512,8.89167e+06,4.69631e+06,1.30635e+07,0,0,0,0
68.9572,85.1408,4.16177,0.04,0.26,3.61047,3.61047,0,0.604714,4.6872,4.27854e+06,2.92794e+06,1.54475e+07,0,0,0,0,62.314,61.3098,2.93796,0,1,1.64384,1.64384,0,1.13509,1.90512,8.89167e+06,3.91359e+06,1.46165e+07,0,0,0,0
69.0721,85.1408,3.92182,0.03,0.26,3.70155,3.78189,0,0.676603,4.6872,4.27854e+06,2.92794e+06,1.58372e+07,0,0,0,0,62.1754,61.3098,3.21723,1,1,1.69597,1.73278,0,1.27003,1.90512,8.89167e+06,3.91359e+06,1.508e+07,0,0,0,0
68.7914,85.1408,3.50242,0.04,0.26,3.70169,3.78203,0,0.693671,4.6872,4.27854e+06,2.92794e+06,1.58378e+07,0,0,0,0,62.04,61.3098,2.72668,1,1,1.69604,1.73285,0,1.31031,1.90512,8.89167e+06,3.91359e+06,1.50806e+07,0,0,0,0
68.2096,85.1408,3.17926,0.04,0.26,3.70184,3.78218,0,0.693697,4.6872,4.27854e+06,2.92794e+06,1.58384e+07,0,0,0,0,61.8222,61.3098,2.37002,1,1,1.6961,1.73292,0,1.31036,1.90512,8.89167e+06,3.91359e+06,1.50812e+07,0,0,0,0
67.3029,85.1408,2.81517,0.04,0.26,3.70198,3.78233,0,0.693724,4.6872,4.27854e+06,2.92794e+06,1.5839e+07,0,0,0,0,61.5881,61.3098,2.44654,1,1,1.69617,1.73298,0,1.31041,1.90512,8.89167e+06,3.91359e+06,1.50818e+07,0,0,0,0
66.4712,85.1408,2.80239,0.05,0.26,3.70212,3.78247,0,0.693751,4.6872,4.27854e+06,2.92794e+06,1.58397e+07,0,0,0,0,61.0317,61.3098,2.10635,1,1,1.69623,1.73305,0,1.31046,1.90512,8.89167e+06,3.91359e+06,1.50824e+07,0,0,0,0
65.9586,85.1408,2.799,0.06,0.26,3.35057,3.74874,0,0.693777,4.6872,4.27854e+06,2.92794e+06,1.43355e+07,0,0,0,0,60.3032,61.3098,1.56723,1,1,1.5927,1.78197,0,1.31051,1.90512,8.89167e+06,3.91359e+06,1.41618e+07,0,0,0,0
65.2127,85.1408,2.55471,0.06,0.26,3.35069,3.74888,0,0.627896,4.6872,4.27854e+06,2.92794e+06,1.43361e+07,0,0,0,0,59.5823,61.3098,1.38789,1,1,1.59276,1.78204,0,1.23052,1.90512,8.89167e+06,3.91359e+06,1.41623e+07,0,0,0,0
64.2922,85.1408,2.3447,0.06,0.26,3.35082,3.74903,0,0.62792,4.6872,4.27854e+06,2.92794e+06,1.43366e+07,0,0,0,0,58.7938,61.3098,1.36458,1,1,1.59282,1.78211,0,1.23057,1.90512,8.89167e+06,3.91359e+06,1.41629e+07,0,0,0,0
63.2639,85.1408,2.19743,0.07,0.26,3.35095,3.74917,0,0.627944,4.6872,4.27854e+06,2.92794e+06,1.43372e+07,0,0,0,0,57.8848,61.3098,1.32041,1,1,1.59288,1.78218,0,1.23062,1.90512,8.89167e+06,3.91359e+06,1.41634e+07,0,0,0,0
62.1925,85.1408,2.21459,0.08,0.26,3.42929,3.83682,0,0.627968,4.6872,4.27854e+06,2.92794e+06,1.46723e+07,0,0,0,0,57.0679,61.3098,1.31309,1,1,1.63187,1.8258,0,1.23066,1.90512,8.89167e+06,3.91359e+06,1.45101e+07,0,0,0,0
61.0242,85.1408,2.09133,0.09,0.26,3.42942,3.83696,0,0.642649,4.6872,4.27854e+06,2.92794e+06,1.46729e+07,0,0,0,0,56.1243,61.3098,1.35835,1,1,1.63193,1.82587,0,1.26078,1.90512,8.89167e+06,3.91359e+06,1.45106e+07,0,0,0,0
59.7408,85.1408,1.95667,0.1,0.26,3.42955,3.83711,0,0.642673,4.6872,4.27854e+06,2.92794e+06,1.46735e+07,0,0,0,0,55.2502,61.3098,1.24558,1,1,1.632,1.82594,0,1.26083,1.90512,8.89167e+06,3.91359e+06,1.45112e+07,0,0,0,0
58.4489,85.1408,1.92459,0.11,0.26,3.42968,3.83726,0,0.642698,4.6872,4.27854e+06,2.92794e+06,1.4674e+07,0,0,0,0,54.2562,61.3098,1.33442,1,1,1.63206,1.82601,0,1.26088,1.90512,8.89167e+06,3.91359e+06,1.45117e+07,0,0,0,0
56.8899,85.1408,1.81169,0.14,0.26,3.65888,4.09369,0,0.642723,4.6872,4.27854e+06,2.92794e+06,1.56547e+07,0,0,0,0,53.1094,61.3098,1.15381,1,1,1.77264,1.9833,0,1.26093,1.90512,8.89167e+06,3.91359e+06,1.57617e+07,0,0,0,0
55.2166,85.1408,1.67486,0.14,0.26,3.65902,4.09385,0,0.685674,4.6872,4.27854e+06,2.92794e+06,1.56553e+07,0,0,0,0,51.9125,61.3098,1.06578,1,1,1.77271,1.98337,0,1.36954,1.90512,8.89167e+06,3.91359e+06,1.57623e+07,0,0,0,0
53.3686,85.1408,1.4977,0.14,0.26,3.65916,4.09401,0,0.6857,4.6872,4.27854e+06,2.92794e+06,1.56559e+07,0,0,0,0,50.7715,61.3098,1.02117,1,1,1.77278,1.98345,0,1.36959,1.90512,8.89167e+06,3.91359e+06,1.57629e+07,0,0,0,0
51.5522,85.1408,1.51563,0.13,0.26,3.6593,4.09416,0,0.685727,4.6872,4.27854e+06,2.92794e+06,1.56565e+07,0,0,0,0,49.9514,61.3098,1.10609,1,1,1.77284,1.98353,0,1.36965,1.90512,8.89167e+06,3.91359e+06,1.57636e+07,0,0,0,0
49.6871,85.1408,1.46253,0.13,0.26,3.65944,4.09432,0,0.685753,4.6872,4.27854e+06,2.92794e+06,1.56571e+07,0,0,0,0,48.9046,61.3098,1.40102,1,1,1.77291,1.9836,0,1.3697,1.90512,8.89167e+06,3.91359e+06,1.57642e+07,0,0,0,0
47.4579,85.1408,0.967432,0.16,0.26,3.54792,3.96955,0,0.685779,4.6872,4.27854e+06,2.92794e+06,1.51799e+07,0,0,0,0,47.7462,61.3098,1.0747,1,1,1.68768,1.88823,0,1.36975,1.90512,8.89167e+06,3.91359e+06,1.50063e+07,0,0,0,0
45.0923,85.1408,0.82499,0.14,0.26,3.54806,3.9697,0,0.664881,4.6872,4.27854e+06,2.92794e+06,1.51805e+07,0,0,0,0,46.7944,61.3098,0.977759,1,1,1.68774,1.88831,0,1.3039,1.90512,8.89167e+06,3.91359e+06,1.50068e+07,0,0,0,0
43.5276,85.1408,1.7625,0.14,0.26,3.5482,3.96986,0,0.664907,4.6872,4.27854e+06,2.92794e+06,1.51811e+07,0,0,0,0,46.4119,61.3098,1.44376,1,1,1.68781,1.88838,0,1.30395,1.90512,8.89167e+06,3.91359e+06,1.50074e+07,0,0,0,0
43.0756,85.1408,2.94221,0.15,0.26,3.54833,3.97001,0,0.664932,4.6872,4.27854e+06,2.92794e+06,1.51817e+07,0,0,0,0,45.6481,61.3098,1.79557,1,1,1.68787,1.88845,0,1.304,1.90512,8.89167e+06,3.91359e+06,1.5008e+07,0,0,0,0
40.9769,85.1408,1.09317,0.16,0.26,3.45681,3.8676,0,0.664958,4.6872,4.27854e+06,2.92794e+06,1.47901e+07,0,0,0,0,45.1098,61.3098,0.982413,1,1,1.61027,1.80163,0,1.30405,1.90512,8.89167e+06,3.91359e+06,1.4318e+07,0,0,0,0
38.868,85.1408,1.0743,0.18,0.26,3.45694,3.86775,0,0.647805,4.6872,4.27854e+06,2.92794e+06,1.47906e+07,0,0,0,0,44.6733,61.3098,1.84491,1,1,1.61034,1.8017,0,1.2441,1.90512,8.89167e+06,3.91359e+06,1.43186e+07,0,0,0,0
38.5821,85.1408,3.03016,0.22,0.26,3.45707,3.8679,0,0.64783,4.6872,4.27854e+06,2.92794e+06,1.47912e+07,0,0,0,0,44.7021,61.3098,4.09391,1,1,1.6104,1.80177,0,1.24414,1.90512,8.89167e+06,3.91359e+06,1.43191e+07,0,0,0,0
37.2613,85.1408,1.94635,0.23,0.26,3.4572,3.86805,0,0.647855,4.6872,4.27854e+06,2.92794e+06,1.47918e+07,0,0,0,0,44.5862,61.3098,1.71816,1,1,1.61046,1.80184,0,1.24419,1.90512,8.89167e+06,3.91359e+06,1.43197e+07,0,0,0,0
36.1328,85.1408,1.91656,0.24,0.26,3.19696,3.57688,0,0.64788,4.6872,4.27854e+06,3.51353e+06,1.36783e+07,0,0,0,0,44.6535,61.3098,2.38663,0.01,1,1.44875,1.62092,0,1.24424,1.90512,8.89167e+06,4.69631e+06,1.28818e+07,0,0,0,0
34.9609,85.1408,1.89334,0.23,0.26,3.19708,3.57702,0,0.59911,4.6872,4.27854e+06,3.51353e+06,1.36788e+07,0,0,0,0,44.6038,61.3098,1.92799,0.01,1,1.44881,1.62098,0,1.1193,1.90512,8.89167e+06,4.69631e+06,1.28823e+07,0,0,0,0
33.5453,85.1408,1.63046,0.23,0.26,3.19721,3.57715,0,0.599133,4.6872,4.27854e+06,3.51353e+06,1.36794e+07,0,0,0,0,44.5473,61.3098,1.87114,0.01,1,1.44886,1.62104,0,1.11935,1.90512,8.89167e+06,4.69631e+06,1.28828e+07,0,0,0,0
32.8626,85.1408,2.3494,0.33,0.26,3.19733,3.57729,0,0.599156,4.6872,4.27854e+06,3.51353e+06,1.36799e+07,0,0,0,0,44.4544,61.3098,2.01173,0.01,1,1.44892,1.6211,0,1.11939,1.90512,8.89167e+06,4.69631e+06,1.28833e+07,0,0,0,0
32.8788,85.1408,3.13283,0.36,0.26,3.19745,3.57743,0,0.599179,4.6872,4.27854e+06,3.51353e+06,1.36804e+07,0,0,0,0,44.6352,61.3098,2.71428,0.01,1,1.44897,1.62116,0,1.11943,1.90512,8.89167e+06,4.69631e+06,1.28838e+07,0,0,0,0
36.2073,85.1408,6.77487,0.41,0.26,3.29773,3.68962,0,0.599202,4.6872,4.27854e+06,3.51353e+06,1.41095e+07,0,0,0,0,45.5011,61.3098,4.55016,0.01,1,1.49587,1.67364,0,1.11948,1.90512,8.89167e+06,4.69631e+06,1.33008e+07,0,0,0,0
36.763,85.1408,3.78596,0.31,0.26,3.29782,3.68973,0,0.617994,4.6872,4.27854e+06,3.51353e+06,1.41099e+07,0,0,0,0,45.8978,61.3098,3.04064,0.01,1,1.49592,1.67369,0,1.15571,1.90512,8.89167e+06,4.69631e+06,1.33012e+07,0,0,0,0
36.476,85.1408,2.90482,0.33,0.26,3.29792,3.68984,0,0.618012,4.6872,4.27854e+06,3.51353e+06,1.41103e+07,0,0,0,0,46.1596,61.3098,2.70296,0.01,1,1.49596,1.67374,0,1.15575,1.90512,8.89167e+06,4.69631e+06,1.33016e+07,0,0,0,0
36.9944,85.1408,3.81803,0.37,0.26,3.29802,3.68994,0,0.61803,4.6872,4.27854e+06,3.51353e+06,1.41107e+07,0,0,0,0,46.6022,61.3098,3.32561,0.01,1,1.496,1.67378,0,1.15578,1.90512,8.89167e+06,4.69631e+06,1.3302e+07,0,0,0,0
40.1096,85.1408,6.8761,0.37,0.26,3.6198,4.04997,0,0.618048,4.6872,4.27854e+06,2.92794e+06,1.54875e+07,0,0,0,0,47.0815,61.3098,4.18666,1,1,1.67195,1.87064,0,1.15581,1.90512,8.89167e+06,3.91359e+06,1.48664e+07,0,0,0,0
43.5934,85.1408,7.3417,0.37,0.26,3.61991,4.05009,0,0.678351,4.6872,4.27854e+06,2.92794e+06,1.54879e+07,0,0,0,0,47.8278,61.3098,4.63756,1,1,1.672,1.87069,0,1.29175,1.90512,8.89167e+06,3.91359e+06,1.48669e+07,0,0,0,0
47.8806,85.1408,8.26962,0.26,0.26,3.62001,4.05021,0,0.678371,4.6872,4.27854e+06,2.92794e+06,1.54884e+07,0,0,0,0,48.5694,61.3098,4.61645,1,1,1.67205,1.87075,0,1.29179,1.90512,8.89167e+06,3.91359e+06,1.48673e+07,0,0,0,0
53.4815,85.1408,9.7242,0.28,0.26,3.62012,4.05032,0,0.67839,4.6872,4.27854e+06,2.92794e+06,1.54888e+07,0,0,0,0,49.3909,61.3098,4.95442,1,1,1.6721,1.8708,0,1.29182,1.90512,8.89167e+06,3.91359e+06,1.48677e+07,0,0,0,0
58.0545,85.1408,8.19532,0.19,0.26,3.16134,3.53702,0,0.67841,4.6872,4.27854e+06,3.51353e+06,1.35259e+07,0,0,0,0,51.7324,61.3098,7.35654,0.01,1,1.43605,1.60671,0,1.29186,1.90512,8.89167e+06,4.69631e+06,1.27689e+07,0,0,0,0
60.7582,85.1408,6.31275,0.2,0.26,3.16143,3.53712,0,0.592434,4.6872,4.27854e+06,3.51353e+06,1.35263e+07,0,0,0,0,53.3769,61.3098,5.48851,0,1,1.43609,1.60676,0,1.10949,1.90512,8.89167e+06,4.69631e+06,1.27693e+07,0,0,0,0
63.2169,85.1408,6.04639,0.12,0.26,3.16152,3.53723,0,0.592452,4.6872,4.27854e+06,3.51353e+06,1.35267e+07,0,0,0,0,54.594,61.3098,4.66809,0,1,1.43614,1.6068,0,1.10953,1.90512,8.89167e+06,4.69631e+06,1.27697e+07,0,0,0,0
65.0849,85.1408,5.46653,0.13,0.26,3.16161,3.53733,0,0.592469,4.6872,4.27854e+06,3.51353e+06,1.35271e+07,0,0,0,0,55.7172,61.3098,4.3766,0,1,1.43618,1.60685,0,1.10956,1.90512,8.89167e+06,4.69631e+06,1.277e+07,0,0,0,0
65.8607,85.1408,4.19874,0.14,0.26,3.1617,3.53743,0,0.592486,4.6872,4.27854e+06,3.51353e+06,1.35275e+07,0,0,0,0,56.5588,61.3098,3.72358,0,1,1.43622,1.6069,0,1.10959,1.90512,8.89167e+06,4.69631e+06,1.27704e+07,0,0,0,0
65.879,85.1408,3.53662,0.13,0.26,3.27732,3.66679,0,0.592503,4.6872,4.27854e+06,3.51353e+06,1.40221e+07,0,0,0,0,57.3869,61.3098,3.88064,0,1,1.49403,1.67157,0,1.10962,1.90512,8.89167e+06,4.69631e+06,1.32844e+07,0,0,0,0
67.7769,85.1408,5.50073,0.13,0.26,3.27742,3.6669,0,0.61417,4.6872,4.27854e+06,3.51353e+06,1.40225e+07,0,0,0,0,58.6903,61.3098,4.8858,0,1,1.49407,1.67162,0,1.15428,1.90512,8.89167e+06,4.69631e+06,1.32848e+07,0,0,0,0
68.7029,85.1408,4.51874,0.14,0.26,3.27751,3.667,0,0.614188,4.6872,4.27854e+06,3.51353e+06,1.4023e+07,0,0,0,0,59.5592,61.3098,3.87023,0,1,1.49411,1.67167,0,1.15432,1.90512,8.89167e+06,4.69631e+06,1.32852e+07,0,0,0,0
68.2266,85.1408,3.34899,0.05,0.26,3.66711,3.66711,0,0.614206,4.6872,4.27854e+06,2.92794e+06,1.56899e+07,0,0,0,0,59.9081,61.3098,3.09351,0,1,1.67172,1.67172,0,1.15435,1.90512,8.89167e+06,3.91359e+06,1.48644e+07,0,0,0,0
67.9495,85.1408,3.48515,0.04,0.26,3.61667,3.61667,0,0.687216,4.6872,4.27854e+06,2.92794e+06,1.54741e+07,0,0,0,0,60.201,61.3098,3.60597,0,1,1.64666,1.64666,0,1.29157,1.90512,8.89167e+06,3.91359e+06,1.46416e+07,0,0,0,0
67.2925,85.1408,2.75375,0.11,0.26,3.23262,3.61678,0,0.677764,4.6872,4.27854e+06,3.51353e+06,1.38309e+07,0,0,0,0,60.392,61.3098,2.78569,0,1,1.4718,1.64671,0,1.27221,1.90512,8.89167e+06,4.69631e+06,1.30868e+07,0,0,0,0
66.3301,85.1408,2.42819,0.1,0.26,3.23271,3.61688,0,0.605793,4.6872,4.27854e+06,3.51353e+06,1.38313e+07,0,0,0,0,60.5512,61.3098,2.61161,0,1,1.47185,1.64676,0,1.13712,1.90512,8.89167e+06,4.69631e+06,1.30872e+07,0,0,0,0
65.6821,85.1408,2.75145,0.09,0.26,3.23281,3.61699,0,0.605811,4.6872,4.27854e+06,3.51353e+06,1.38317e+07,0,0,0,0,60.7126,61.3098,2.5192,0,1,1.47189,1.64681,0,1.13715,1.90512,8.89167e+06,4.69631e+06,1.30876e+07,0,0,0,0
64.5989,85.1408,2.34081,0.07,0.26,3.38626,3.78868,0,0.605828,4.6872,4.27854e+06,2.92794e+06,1.44882e+07,0,0,0,0,60.6347,61.3098,2.08117,1,1,1.55151,1.73589,0,1.13718,1.90512,8.89167e+06,3.91359e+06,1.37955e+07,0,0,0,0
63.2099,85.1408,1.9754,0.07,0.26,3.38636,3.78879,0,0.634585,4.6872,4.27854e+06,2.92794e+06,1.44887e+07,0,0,0,0,60.4699,61.3098,2.05096,1,1,1.55156,1.73594,0,1.1987,1.90512,8.89167e+06,3.91359e+06,1.37959e+07,0,0,0,0
61.8148,85.1408,1.94812,0.08,0.26,3.38646,3.7889,0,0.634604,4.6872,4.27854e+06,2.92794e+06,1.44891e+07,0,0,0,0,60.3675,61.3098,2.07219,1,1,1.5516,1.73599,0,1.19873,1.90512,8.89167e+06,3.91359e+06,1.37964e+07,0,0,0,0
60.3191,85.1408,1.82199,0.06,0.26,3.38656,3.78901,0,0.634622,4.6872,4.27854e+06,2.92794e+06,1.44895e+07,0,0,0,0,60.215,61.3098,1.96324,1,1,1.55165,1.73604,0,1.19877,1.90512,8.89167e+06,3.91359e+06,1.37968e+07,0,0,0,0
58.7196,85.1408,1.93527,0.05,0.26,3.70862,3.78912,0,0.634641,4.6872,4.27854e+06,2.92794e+06,1.58675e+07,0,0,0,0,59.9432,61.3098,2.06779,1,1,1.69921,1.73609,0,1.1988,1.90512,8.89167e+06,3.91359e+06,1.51088e+07,0,0,0,0
57.7347,85.1408,2.25522,0.11,0.26,3.35642,3.75529,0,0.694996,4.6872,4.27854e+06,2.92794e+06,1.43606e+07,0,0,0,0,59.9469,61.3098,2.65669,1,1,1.59548,1.78509,0,1.31281,1.90512,8.89167e+06,3.91359e+06,1.41865e+07,0,0,0,0
56.5628,85.1408,2.03947,0.12,0.26,3.35652,3.7554,0,0.628993,4.6872,4.27854e+06,2.92794e+06,1.4361e+07,0,0,0,0,59.8933,61.3098,2.36857,1,1,1.59553,1.78514,0,1.23267,1.90512,8.89167e+06,3.91359e+06,1.41869e+07,0,0,0,0
55.3393,85.1408,1.93683,0.11,0.26,3.35662,3.75551,0,0.629011,4.6872,4.27854e+06,2.92794e+06,1.43614e+07,0,0,0,0,59.7352,61.3098,2.33681,1,1,1.59558,1.78519,0,1.23271,1.90512,8.89167e+06,3.91359e+06,1.41873e+07,0,0,0,0
53.9336,85.1408,1.72271,0.11,0.26,3.35671,3.75562,0,0.62903,4.6872,4.27854e+06,2.92794e+06,1.43618e+07,0,0,0,0,59.5212,61.3098,2.24665,1,1,1.59562,1.78524,0,1.23274,1.90512,8.89167e+06,3.91359e+06,1.41878e+07,0,0,0,0
52.547,85.1408,1.78626,0.12,0.26,3.43515,3.84338,0,0.629048,4.6872,4.27854e+06,2.92794e+06,1.46974e+07,0,0,0,0,59.2267,61.3098,1.97234,1,1,1.63466,1.82892,0,1.23278,1.90512,8.89167e+06,3.91359e+06,1.45349e+07,0,0,0,0
51.1162,85.1408,1.70682,0.13,0.26,3.43525,3.84349,0,0.643747,4.6872,4.27854e+06,2.92794e+06,1.46978e+07,0,0,0,0,58.6964,61.3098,1.86609,1,1,1.63471,1.82897,0,1.26294,1.90512,8.89167e+06,3.91359e+06,1.45353e+07,0,0,0,0
49.5506,85.1408,1.55411,0.15,0.26,3.43535,3.8436,0,0.643766,4.6872,4.27854e+06,2.92794e+06,1.46983e+07,0,0,0,0,58.3444,61.3098,1.63956,1,1,1.63475,1.82903,0,1.26298,1.90512,8.89167e+06,3.91359e+06,1.45357e+07,0,0,0,0
48.2471,85.1408,1.81105,0.19,0.26,3.43545,3.84371,0,0.643785,4.6872,4.27854e+06,2.92794e+06,1.46987e+07,0,0,0,0,58.0563,61.3098,2.26464,1,1,1.6348,1.82908,0,1.26301,1.90512,8.89167e+06,3.91359e+06,1.45361e+07,0,0,0,0
46.3012,85.1408,1.36822,0.18,0.26,3.665,4.10053,0,0.643803,4.6872,4.27854e+06,2.92794e+06,1.56808e+07,0,0,0,0,57.2412,61.3098,1.72181,1,1,1.7756,1.98661,0,1.26305,1.90512,8.89167e+06,3.91359e+06,1.57881e+07,0,0,0,0
43.92,85.1408,0.901467,0.17,0.26,3.6651,4.10065,0,0.68682,4.6872,4.27854e+06,2.92794e+06,1.56813e+07,0,0,0,0,56.263,61.3098,1.27094,1,1,1.77566,1.98667,0,1.37183,1.90512,8.89167e+06,3.91359e+06,1.57885e+07,0,0,0,0
41.557,85.1408,0.913196,0.18,0.26,3.66521,4.10077,0,0.68684,4.6872,4.27854e+06,2.92794e+06,1.56817e+07,0,0,0,0,55.4551,61.3098,1.21852,1,1,1.77571,1.98673,0,1.37187,1.90512,8.89167e+06,3.91359e+06,1.5789e+07,0,0,0,0
39.6065,85.1408,1.34734,0.22,0.26,3.66531,4.10089,0,0.68686,4.6872,4.27854e+06,2.92794e+06,1.56822e+07,0,0,0,0,54.7541,61.3098,1.45928,1,1,1.77576,1.98678,0,1.37191,1.90512,8.89167e+06,3.91359e+06,1.57895e+07,0,0,0,0
38.0859,85.1408,1.81865,0.21,0.26,3.66542,4.10101,0,0.68688,4.6872,4.27854e+06,2.92794e+06,1.56826e+07,0,0,0,0,54.4401,61.3098,1.6184,1,1,1.77581,1.98684,0,1.37195,1.90512,8.89167e+06,3.91359e+06,1.57899e+07,0,0,0,0
35.8877,85.1408,0.961747,0.21,0.26,3.55369,3.976,0,0.6869,4.6872,4.27854e+06,2.92794e+06,1.52046e+07,0,0,0,0,53.9865,61.3098,2.47145,1,1,1.69042,1.8913,0,1.37199,1.90512,8.89167e+06,3.91359e+06,1.50306e+07,0,0,0,0
33.5533,85.1408,0.824514,0.2,0.26,3.55379,3.97612,0,0.665961,4.6872,4.27854e+06,2.92794e+06,1.5205e+07,0,0,0,0,53.1743,61.3098,1.31783,1,1,1.69047,1.89136,0,1.30602,1.90512,8.89167e+06,3.91359e+06,1.50311e+07,0,0,0,0
31.3316,85.1408,0.95919,0.31,0.26,3.55389,3.97623,0,0.665981,4.6872,4.27854e+06,2.92794e+06,1.52055e+07,0,0,0,0,52.7419,61.3098,1.34708,1,1,1.69051,1.89141,0,1.30605,1.90512,8.89167e+06,3.91359e+06,1.50315e+07,0,0,0,0
30.6911,85.1408,2.72511,0.3,0.26,3.554,3.97635,0,0.666,4.6872,4.27854e+06,2.92794e+06,1.52059e+07,0,0,0,0,52.7933,61.3098,2.56049,1,1,1.69056,1.89147,0,1.30609,1.90512,8.89167e+06,3.91359e+06,1.50319e+07,0,0,0,0
29.029,85.1408,1.55102,0.29,0.26,3.46229,3.87374,0,0.666019,4.6872,4.27854e+06,2.92794e+06,1.48135e+07,0,0,0,0,52.6717,61.3098,1.67068,1,1,1.61283,1.80449,0,1.30613,1.90512,8.89167e+06,3.91359e+06,1.43407e+07,0,0,0,0
27.8843,85.1408,2.06762,0.27,0.26,3.46239,3.87385,0,0.648833,4.6872,4.27854e+06,2.92794e+06,1.4814e+07,0,0,0,0,52.9986,61.3098,2.3468,1,1,1.61288,1.80455,0,1.24607,1.90512,8.89167e+06,3.91359e+06,1.43412e+07,0,0,0,0
26.3752,85.1408,1.68982,0.31,0.26,3.46249,3.87397,0,0.648852,4.6872,4.27854e+06,2.92794e+06,1.48144e+07,0,0,0,0,53.5702,61.3098,3.32059,1,1,1.61292,1.8046,0,1.24611,1.90512,8.89167e+06,3.91359e+06,1.43416e+07,0,0,0,0
24.706,85.1408,1.54022,0.3,0.26,3.46259,3.87408,0,0.648871,4.6872,4.27854e+06,2.92794e+06,1.48148e+07,0,0,0,0,53.7808,61.3098,2.32994,1,1,1.61297,1.80465,0,1.24614,1.90512,8.89167e+06,3.91359e+06,1.4342e+07,0,0,0,0
27.4134,85.1408,5.8866,0.42,0.26,3.20191,3.58242,0,0.64889,4.6872,4.27854e+06,3.51353e+06,1.36995e+07,0,0,0,0,54.9583,61.3098,4.29741,0,1,1.45099,1.62343,0,1.24618,1.90512,8.89167e+06,4.69631e+06,1.29018e+07,0,0,0,0
28.6765,85.1408,4.46014,0.32,0.26,3.202,3.58252,0,0.600038,4.6872,4.27854e+06,3.51353e+06,1.36999e+07,0,0,0,0,55.9861,61.3098,4.0501,0,1,1.45104,1.62347,0,1.12104,1.90512,8.89167e+06,4.69631e+06,1.29021e+07,0,0,0,0
29.7589,85.1408,4.2644,0.31,0.26,3.2021,3.58263,0,0.600056,4.6872,4.27854e+06,3.51353e+06,1.37003e+07,0,0,0,0,56.9411,61.3098,3.99854,0,1,1.45108,1.62352,0,1.12107,1.90512,8.89167e+06,4.69631e+06,1.29025e+07,0,0,0,0
30.8111,85.1408,4.27952,0.33,0.26,3.20219,3.58273,0,0.600073,4.6872,4.27854e+06,3.51353e+06,1.37007e+07,0,0,0,0,57.7829,61.3098,3.53776,0,1,1.45112,1.62357,0,1.1211,1.90512,8.89167e+06,4.69631e+06,1.29029e+07,0,0,0,0
31.6621,85.1408,4.04257,0.36,0.26,3.20228,3.58284,0,0.600091,4.6872,4.27854e+06,3.51353e+06,1.37011e+07,0,0,0,0,58.5584,61.3098,3.32743,0,1,1.45116,1.62361,0,1.12114,1.90512,8.89167e+06,4.69631e+06,1.29033e+07,0,0,0,0
32.588,85.1408,4.25484,0.41,0.26,3.30268,3.69516,0,0.600108,4.6872,4.27854e+06,3.51353e+06,1.41306e+07,0,0,0,0,60.7677,61.3098,6.04132,0,1,1.49812,1.67615,0,1.12117,1.90512,8.89167e+06,4.69631e+06,1.33208e+07,0,0,0,0
35.3857,85.1408,6.25296,0.43,0.26,3.30275,3.69524,0,0.618922,4.6872,4.27854e+06,3.51353e+06,1.41309e+07,0,0,0,0,62.338,61.3098,7.57091,0,1,1.49815,1.67619,0,1.15745,1.90512,8.89167e+06,4.69631e+06,1.33211e+07,0,0,0,0
35.7785,85.1408,3.64703,0.33,0.26,3.30281,3.69531,0,0.618935,4.6872,4.27854e+06,3.51353e+06,1.41312e+07,0,0,0,0,62.338,61.3098,5.14201,0,1,1.49818,1.67622,0,1.15747,1.90512,8.89167e+06,4.69631e+06,1.33213e+07,0,0,0,0
35.2761,85.1408,2.69349,0.37,0.26,3.30288,3.69538,0,0.618947,4.6872,4.27854e+06,3.51353e+06,1.41315e+07,0,0,0,0,62.338,61.3098,4.41164,0,1,1.49821,1.67625,0,1.15749,1.90512,8.89167e+06,4.69631e+06,1.33216e+07,0,0,0,0
35.6552,85.1408,4.04081,0.37,0.26,3.6251,4.0559,0,0.618959,4.6872,4.27854e+06,2.92794e+06,1.55101e+07,0,0,0,0,62.338,61.3098,5.60456,1,1,1.6744,1.87338,0,1.15752,1.90512,8.89167e+06,3.91359e+06,1.48882e+07,0,0,0,0
40.2975,85.1408,8.37649,0.37,0.26,3.62517,4.05598,0,0.679344,4.6872,4.27854e+06,2.92794e+06,1.55104e+07,0,0,0,0,62.338,61.3098,12.6577,1,1,1.67443,1.87342,0,1.29364,1.90512,8.89167e+06,3.91359e+06,1.48885e+07,0,0,0,0
43.2834,85.1408,6.85132,0.37,0.26,3.62525,4.05606,0,0.679358,4.6872,4.27854e+06,2.92794e+06,1.55108e+07,0,0,0,0,62.338,61.3098,8.82882,1,1,1.67446,1.87345,0,1.29367,1.90512,8.89167e+06,3.91359e+06,1.48888e+07,0,0,0,0
44.3327,85.1408,4.75261,0.28,0.26,3.62532,4.05614,0,0.679371,4.6872,4.27854e+06,2.92794e+06,1.55111e+07,0,0,0,0,62.338,61.3098,5.25662,1,1,1.6745,1.87349,0,1.29369,1.90512,8.89167e+06,3.91359e+06,1.48891e+07,0,0,0,0
45.0269,85.1408,3.80564,0.3,0.26,3.16585,3.54207,0,0.679384,4.6872,4.27854e+06,3.51353e+06,1.35452e+07,0,0,0,0,62.338,61.3098,5.23369,0,1,1.4381,1.609,0,1.29372,1.90512,8.89167e+06,4.69631e+06,1.27871e+07,0,0,0,0
46.8427,85.1408,5.07551,0.33,0.26,3.16591,3.54214,0,0.59328,4.6872,4.27854e+06,3.51353e+06,1.35455e+07,0,0,0,0,62.338,61.3098,7.40668,0,1,1.43813,1.60903,0,1.11108,1.90512,8.89167e+06,4.69631e+06,1.27874e+07,0,0,0,0
49.9753,85.1408,6.42367,0.38,0.26,3.16597,3.54221,0,0.593292,4.6872,4.27854e+06,3.51353e+06,1.35457e+07,0,0,0,0,62.338,61.3098,7.27803,0,1,1.43816,1.60907,0,1.1111,1.90512,8.89167e+06,4.69631e+06,1.27876e+07,0,0,0,0
51.6447,85.1408,4.9298,0.43,0.26,3.16604,3.54228,0,0.593303,4.6872,4.27854e+06,3.51353e+06,1.3546e+07,0,0,0,0,62.338,61.3098,7.33065,0,1,1.43819,1.6091,0,1.11112,1.90512,8.89167e+06,4.69631e+06,1.27879e+07,0,0,0,0
53.8908,85.1408,5.52547,0.29,0.26,3.1661,3.54235,0,0.593315,4.6872,4.27854e+06,3.51353e+06,1.35463e+07,0,0,0,0,62.338,61.3098,7.20731,0,1,1.43822,1.60913,0,1.11114,1.90512,8.89167e+06,4.69631e+06,1.27881e+07,0,0,0,0
56.4363,85.1408,5.9585,0.29,0.26,3.28184,3.67185,0,0.593327,4.6872,4.27854e+06,3.51353e+06,1.40415e+07,0,0,0,0,62.338,61.3098,4.05443,0,1,1.49609,1.67388,0,1.11117,1.90512,8.89167e+06,4.69631e+06,1.33027e+07,0,0,0,0
59.6259,85.1408,6.65274,0.3,0.26,3.28191,3.67192,0,0.615018,4.6872,4.27854e+06,3.51353e+06,1.40418e+07,0,0,0,0,62.338,61.3098,6.87295,0,1,1.49612,1.67391,0,1.15588,1.90512,8.89167e+06,4.69631e+06,1.3303e+07,0,0,0,0
61.787,85.1408,5.7444,0.14,0.26,3.28197,3.672,0,0.61503,4.6872,4.27854e+06,3.51353e+06,1.4042e+07,0,0,0,0,62.338,61.3098,8.00925,0,1,1.49615,1.67395,0,1.1559,1.90512,8.89167e+06,4.69631e+06,1.33033e+07,0,0,0,0
62.4766,85.1408,4.25662,0.13,0.26,3.28204,3.67207,0,0.615042,4.6872,4.27854e+06,3.51353e+06,1.40423e+07,0,0,0,0,62.338,61.3098,5.77057,0,1,1.49618,1.67398,0,1.15592,1.90512,8.89167e+06,4.69631e+06,1.33035e+07,0,0,0,0
63.8823,85.1408,4.85602,0.13,0.26,3.23687,3.62153,0,0.615054,4.6872,4.27854e+06,3.51353e+06,1.38491e+07,0,0,0,0,62.338,61.3098,6.36071,0,1,1.47374,1.64887,0,1.15595,1.90512,8.89167e+06,4.69631e+06,1.3104e+07,0,0,0,0
64.7225,85.1408,4.23575,0.11,0.26,3.23693,3.6216,0,0.606589,4.6872,4.27854e+06,3.51353e+06,1.38493e+07,0,0,0,0,62.338,61.3098,5.81605,0,1,1.47377,1.64891,0,1.13861,1.90512,8.89167e+06,4.69631e+06,1.31043e+07,0,0,0,0
65.0885,85.1408,3.73515,0.1,0.26,3.237,3.62167,0,0.606601,4.6872,4.27854e+06,3.51353e+06,1.38496e+07,0,0,0,0,62.338,61.3098,5.21442,0,1,1.4738,1.64894,0,1.13863,1.90512,8.89167e+06,4.69631e+06,1.31045e+07,0,0,0,0
65.1051,85.1408,3.35872,0.09,0.26,3.23706,3.62174,0,0.606613,4.6872,4.27854e+06,3.51353e+06,1.38499e+07,0,0,0,0,62.338,61.3098,4.6619,0,1,1.47383,1.64897,0,1.13866,1.90512,8.89167e+06,4.69631e+06,1.31048e+07,0,0,0,0
64.8076,85.1408,3.12931,0.07,0.26,3.39068,3.79362,0,0.606625,4.6872,4.27854e+06,2.92794e+06,1.45072e+07,0,0,0,0,62.338,61.3098,4.36644,1,1,1.55354,1.73816,0,1.13868,1.90512,8.89167e+06,3.91359e+06,1.38136e+07,0,0,0,0
64.5213,85.1408,3.12498,0.07,0.26,3.39075,3.7937,0,0.635414,4.6872,4.27854e+06,2.92794e+06,1.45074e+07,0,0,0,0,62.338,61.3098,4.11442,1,1,1.55357,1.73819,0,1.20026,1.90512,8.89167e+06,3.91359e+06,1.38138e+07,0,0,0,0
63.9301,85.1408,2.74635,0.08,0.26,3.39082,3.79377,0,0.635426,4.6872,4.27854e+06,2.92794e+06,1.45077e+07,0,0,0,0,62.338,61.3098,3.89791,1,1,1.5536,1.73823,0,1.20029,1.90512,8.89167e+06,3.91359e+06,1.38141e+07,0,0,0,0
63.2698,85.1408,2.66295,0.06,0.26,3.39088,3.79385,0,0.635439,4.6872,4.27854e+06,2.92794e+06,1.4508e+07,0,0,0,0,62.338,61.3098,3.94506,1,1,1.55363,1.73826,0,1.20031,1.90512,8.89167e+06,3.91359e+06,1.38144e+07,0,0,0,0
62.254,85.1408,2.54439,0.05,0.26,3.71333,3.79392,0,0.635451,4.6872,4.27854e+06,2.92794e+06,1.58876e+07,0,0,0,0,62.338,61.3098,3.74546,1,1,1.70137,1.73829,0,1.20034,1.90512,8.89167e+06,3.91359e+06,1.5128e+07,0,0,0,0
61.3474,85.1408,2.34381,0.06,0.26,3.36065,3.76002,0,0.695878,4.6872,4.27854e+06,2.92794e+06,1.43786e+07,0,0,0,0,62.338,61.3098,3.33293,1,1,1.59749,1.78733,0,1.31448,1.90512,8.89167e+06,3.91359e+06,1.42044e+07,0,0,0,0
60.2546,85.1408,2.14345,0.06,0.26,3.36071,3.76009,0,0.629785,4.6872,4.27854e+06,2.92794e+06,1.43789e+07,0,0,0,0,62.338,61.3098,3.34916,1,1,1.59752,1.78737,0,1.23422,1.90512,8.89167e+06,3.91359e+06,1.42047e+07,0,0,0,0
58.9767,85.1408,1.93514,0.06,0.26,3.36078,3.76016,0,0.629797,4.6872,4.27854e+06,2.92794e+06,1.43792e+07,0,0,0,0,62.338,61.3098,2.98798,1,1,1.59756,1.7874,0,1.23425,1.90512,8.89167e+06,3.91359e+06,1.42049e+07,0,0,0,0
57.6549,85.1408,1.84386,0.11,0.26,3.36084,3.76024,0,0.62981,4.6872,4.27854e+06,2.92794e+06,1.43795e+07,0,0,0,0,62.338,61.3098,2.90664,1,1,1.59759,1.78744,0,1.23427,1.90512,8.89167e+06,3.91359e+06,1.42052e+07,0,0,0,0
56.1154,85.1408,1.65995,0.12,0.26,3.43935,3.84807,0,0.629822,4.6872,4.27854e+06,2.92794e+06,1.47154e+07,0,0,0,0,62.2951,61.3098,2.58193,1,1,1.63666,1.83115,0,1.2343,1.90512,8.89167e+06,3.91359e+06,1.45526e+07,0,0,0,0
54.4846,85.1408,1.5434,0.13,0.26,3.43942,3.84815,0,0.644534,4.6872,4.27854e+06,2.92794e+06,1.47157e+07,0,0,0,0,62.1158,61.3098,2.44391,1,1,1.63669,1.83119,0,1.26448,1.90512,8.89167e+06,3.91359e+06,1.45529e+07,0,0,0,0
52.7855,85.1408,1.44109,0.15,0.26,3.43948,3.84822,0,0.644546,4.6872,4.27854e+06,2.92794e+06,1.4716e+07,0,0,0,0,61.8814,61.3098,2.31557,1,1,1.63672,1.83123,0,1.26451,1.90512,8.89167e+06,3.91359e+06,1.45532e+07,0,0,0,0
51.0028,85.1408,1.32265,0.15,0.26,3.43955,3.8483,0,0.644559,4.6872,4.27854e+06,2.92794e+06,1.47162e+07,0,0,0,0,61.6399,61.3098,2.17452,1,1,1.63675,1.83126,0,1.26453,1.90512,8.89167e+06,3.91359e+06,1.45535e+07,0,0,0,0
49.1843,85.1408,1.50001,0.18,0.26,3.66934,4.10539,0,0.644572,4.6872,4.27854e+06,2.92794e+06,1.56994e+07,0,0,0,0,61.4854,61.3098,2.78145,1,1,1.77771,1.98896,0,1.26456,1.90512,8.89167e+06,3.91359e+06,1.58068e+07,0,0,0,0
47.0595,85.1408,1.18844,0.17,0.26,3.66941,4.10547,0,0.687634,4.6872,4.27854e+06,2.92794e+06,1.56997e+07,0,0,0,0,61.2318,61.3098,2.53126,1,1,1.77774,1.989,0,1.37346,1.90512,8.89167e+06,3.91359e+06,1.58071e+07,0,0,0,0
44.8757,85.1408,1.12033,0.18,0.26,3.66948,4.10555,0,0.687647,4.6872,4.27854e+06,2.92794e+06,1.57e+07,0,0,0,0,60.9206,61.3098,2.36028,1,1,1.77778,1.98904,0,1.37348,1.90512,8.89167e+06,3.91359e+06,1.58074e+07,0,0,0,0
43.0929,85.1408,1.52521,0.17,0.26,3.66955,4.10563,0,0.687661,4.6872,4.27854e+06,2.92794e+06,1.57003e+07,0,0,0,0,60.6815,61.3098,2.66036,1,1,1.77781,1.98908,0,1.37351,1.90512,8.89167e+06,3.91359e+06,1.58077e+07,0,0,0,0
41.9535,85.1408,2.23682,0.17,0.26,3.66962,4.10571,0,0.687674,4.6872,4.27854e+06,2.92794e+06,1.57006e+07,0,0,0,0,60.6942,61.3098,3.14484,1,1,1.77785,1.98912,0,1.37354,1.90512,8.89167e+06,3.91359e+06,1.5808e+07,0,0,0,0
40.8668,85.1408,2.19311,0.21,0.26,3.55773,3.98052,0,0.687688,4.6872,4.27854e+06,2.92794e+06,1.52219e+07,0,0,0,0,60.8246,61.3098,4.03638,1,1,1.69234,1.89345,0,1.37356,1.90512,8.89167e+06,3.91359e+06,1.50477e+07,0,0,0,0
41.2355,85.1408,3.64256,0.2,0.26,3.5578,3.9806,0,0.666719,4.6872,4.27854e+06,2.92794e+06,1.52222e+07,0,0,0,0,61.5559,61.3098,7.16142,1,1,1.69237,1.89349,0,1.3075,1.90512,8.89167e+06,3.91359e+06,1.5048e+07,0,0,0,0
39.8244,85.1408,1.8642,0.21,0.26,3.55787,3.98068,0,0.666732,4.6872,4.27854e+06,2.92794e+06,1.52225e+07,0,0,0,0,61.6273,61.3098,4.34042,1,1,1.69241,1.89353,0,1.30753,1.90512,8.89167e+06,3.91359e+06,1.50483e+07,0,0,0,0
38.4631,85.1408,1.86148,0.21,0.26,3.55794,3.98076,0,0.666745,4.6872,4.27854e+06,2.92794e+06,1.52228e+07,0,0,0,0,61.7886,61.3098,3.94302,1,1,1.69244,1.89357,0,1.30755,1.90512,8.89167e+06,3.91359e+06,1.50486e+07,0,0,0,0
37.8422,85.1408,2.66742,0.2,0.26,3.4661,3.878,0,0.666758,4.6872,4.27854e+06,2.92794e+06,1.48298e+07,0,0,0,0,62.242,61.3098,4.07077,1,1,1.6146,1.80648,0,1.30758,1.90512,8.89167e+06,3.91359e+06,1.43565e+07,0,0,0,0
38.3438,85.1408,3.82154,0.18,0.26,3.46617,3.87808,0,0.649547,4.6872,4.27854e+06,2.92794e+06,1.48301e+07,0,0,0,0,62.338,61.3098,3.79502,1,1,1.61463,1.80651,0,1.24744,1.90512,8.89167e+06,3.91359e+06,1.43568e+07,0,0,0,0
39.802,85.1408,4.90725,0.21,0.26,3.46624,3.87815,0,0.64956,4.6872,4.27854e+06,2.92794e+06,1.48304e+07,0,0,0,0,62.338,61.3098,9.99674,1,1,1.61467,1.80655,0,1.24747,1.90512,8.89167e+06,3.91359e+06,1.43571e+07,0,0,0,0
40.4631,85.1408,4.02117,0.23,0.26,3.4663,3.87823,0,0.649573,4.6872,4.27854e+06,2.92794e+06,1.48307e+07,0,0,0,0,62.338,61.3098,4.49716,1,1,1.6147,1.80658,0,1.24749,1.90512,8.89167e+06,3.91359e+06,1.43574e+07,0,0,0,0
43.0129,85.1408,5.77655,0.24,0.26,3.20531,3.58623,0,0.649585,4.6872,4.27854e+06,3.51353e+06,1.37141e+07,0,0,0,0,62.338,61.3098,6.79781,0,1,1.45254,1.62515,0,1.24752,1.90512,8.89167e+06,4.69631e+06,1.29155e+07,0,0,0,0
44.1958,85.1408,4.36199,0.17,0.26,3.20538,3.5863,0,0.600676,4.6872,4.27854e+06,3.51353e+06,1.37143e+07,0,0,0,0,62.338,61.3098,5.94908,0,1,1.45256,1.62518,0,1.12223,1.90512,8.89167e+06,4.69631e+06,1.29157e+07,0,0,0,0
45.1136,85.1408,4.01272,0.19,0.26,3.20544,3.58637,0,0.600688,4.6872,4.27854e+06,3.51353e+06,1.37146e+07,0,0,0,0,62.338,61.3098,5.32389,0,1,1.45259,1.62522,0,1.12225,1.90512,8.89167e+06,4.69631e+06,1.2916e+07,0,0,0,0
46.7078,85.1408,4.73809,0.19,0.26,3.2055,3.58644,0,0.6007,4.6872,4.27854e+06,3.51353e+06,1.37149e+07,0,0,0,0,62.338,61.3098,5.37508,0,1,1.45262,1.62525,0,1.12227,1.90512,8.89167e+06,4.69631e+06,1.29162e+07,0,0,0,0
49.0308,85.1408,5.4485,0.2,0.26,3.20557,3.58651,0,0.600712,4.6872,4.27854e+06,3.51353e+06,1.37151e+07,0,0,0,0,62.338,61.3098,5.76737,0,1,1.45265,1.62528,0,1.1223,1.90512,8.89167e+06,4.69631e+06,1.29165e+07,0,0,0,0
50.6768,85.1408,4.90335,0.22,0.26,3.20557,3.58651,0,0.600723,4.6872,4.27854e+06,3.51353e+06,1.37151e+07,0,0,0,0,62.338,61.3098,4.25067,0,1,1.45265,1.62528,0,1.12232,1.90512,8.89167e+06,4.69631e+06,1.29165e+07,0,0,0,0
52.4654,85.1408,5.15249,0.22,0.26,3.30604,3.69892,0,0.600723,4.6872,4.27854e+06,3.51353e+06,1.4145e+07,0,0,0,0,62.338,61.3098,5.38188,0,1,1.49964,1.67786,0,1.12232,1.90512,8.89167e+06,4.69631e+06,1.33343e+07,0,0,0,0
53.635,85.1408,4.58484,0.19,0.26,3.30607,3.69896,0,0.619551,4.6872,4.27854e+06,3.51353e+06,1.41452e+07,0,0,0,0,62.338,61.3098,3.7197,0,1,1.49966,1.67787,0,1.15862,1.90512,8.89167e+06,4.69631e+06,1.33345e+07,0,0,0,0
54.7563,85.1408,4.5377,0.18,0.26,3.30611,3.699,0,0.619558,4.6872,4.27854e+06,3.51353e+06,1.41453e+07,0,0,0,0,62.338,61.3098,4.5437,0,1,1.49967,1.67789,0,1.15864,1.90512,8.89167e+06,4.69631e+06,1.33346e+07,0,0,0,0
54.118,85.1408,2.71055,0.18,0.26,3.30614,3.69904,0,0.619565,4.6872,4.27854e+06,3.51353e+06,1.41455e+07,0,0,0,0,62.338,61.3098,4.10563,0,1,1.49969,1.67791,0,1.15865,1.90512,8.89167e+06,4.69631e+06,1.33347e+07,0,0,0,0
54.9503,85.1408,4.54595,0.19,0.26,3.62865,4.05987,0,0.619571,4.6872,4.27854e+06,2.92794e+06,1.55253e+07,0,0,0,0,62.1536,61.3098,3.28565,1,1,1.67604,1.87522,0,1.15866,1.90512,8.89167e+06,3.91359e+06,1.49028e+07,0,0,0,0
53.4927,85.1408,2.08405,0.19,0.26,3.62869,4.05992,0,0.68001,4.6872,4.27854e+06,2.92794e+06,1.55255e+07,0,0,0,0,61.6922,61.3098,2.11419,1,1,1.67606,1.87523,0,1.29491,1.90512,8.89167e+06,3.91359e+06,1.49029e+07,0,0,0,0
52.0912,85.1408,2.08719,0.19,0.26,3.62873,4.05996,0,0.680017,4.6872,4.27854e+06,2.92794e+06,1.55257e+07,0,0,0,0,61.5138,61.3098,1.94783,1,1,1.67607,1.87525,0,1.29492,1.90512,8.89167e+06,3.91359e+06,1.49031e+07,0,0,0,0
51.1502,85.1408,2.69451,0.19,0.26,3.62877,4.06,0,0.680024,4.6872,4.27854e+06,2.92794e+06,1.55258e+07,0,0,0,0,61.9878,61.3098,3.05597,1,1,1.67609,1.87527,0,1.29493,1.90512,8.89167e+06,3.91359e+06,1.49033e+07,0,0,0,0
52.6079,85.1408,4.83797,0.2,0.26,3.16883,3.54541,0,0.680031,4.6872,4.27854e+06,3.51353e+06,1.3558e+07,0,0,0,0,62.338,61.3098,4.7192,0,1,1.43946,1.61052,0,1.29495,1.90512,8.89167e+06,4.69631e+06,1.27992e+07,0,0,0,0
53.5629,85.1408,4.3538,0.23,0.26,3.16887,3.54545,0,0.593839,4.6872,4.27854e+06,3.51353e+06,1.35581e+07,0,0,0,0,62.338,61.3098,3.30664,0,1,1.43947,1.61054,0,1.11213,1.90512,8.89167e+06,4.69631e+06,1.27993e+07,0,0,0,0
54.256,85.1408,4.1295,0.27,0.26,3.1689,3.54548,0,0.593845,4.6872,4.27854e+06,3.51353e+06,1.35583e+07,0,0,0,0,62.338,61.3098,4.18685,0,1,1.43949,1.61055,0,1.11214,1.90512,8.89167e+06,4.69631e+06,1.27995e+07,0,0,0,0
55.5988,85.1408,4.68149,0.29,0.26,3.16893,3.54552,0,0.593852,4.6872,4.27854e+06,3.51353e+06,1.35584e+07,0,0,0,0,62.338,61.3098,4.38668,0,1,1.4395,1.61057,0,1.11215,1.90512,8.89167e+06,4.69631e+06,1.27996e+07,0,0,0,0
56.9108,85.1408,4.91696,0.29,0.26,3.16897,3.54556,0,0.593858,4.6872,4.27854e+06,3.51353e+06,1.35585e+07,0,0,0,0,62.338,61.3098,6.51802,0,1,1.43952,1.61059,0,1.11216,1.90512,8.89167e+06,4.69631e+06,1.27997e+07,0,0,0,0
57.4257,85.1408,4.07714,0.3,0.26,3.28479,3.67514,0,0.593864,4.6872,4.27854e+06,3.51353e+06,1.40541e+07,0,0,0,0,62.338,61.3098,5.49553,0,1,1.49743,1.67538,0,1.11217,1.90512,8.89167e+06,4.69631e+06,1.33147e+07,0,0,0,0
57.8305,85.1408,3.98279,0.31,0.26,3.28482,3.67518,0,0.615569,4.6872,4.27854e+06,3.51353e+06,1.40542e+07,0,0,0,0,62.338,61.3098,5.74593,0,1,1.49745,1.6754,0,1.15691,1.90512,8.89167e+06,4.69631e+06,1.33148e+07,0,0,0,0
58.3812,85.1408,4.14668,0.29,0.26,3.28486,3.67522,0,0.615576,4.6872,4.27854e+06,3.51353e+06,1.40544e+07,0,0,0,0,62.338,61.3098,5.76547,0,1,1.49746,1.67542,0,1.15693,1.90512,8.89167e+06,4.69631e+06,1.33149e+07,0,0,0,0
58.6322,85.1408,3.7735,0.26,0.26,3.28489,3.67526,0,0.615582,4.6872,4.27854e+06,3.51353e+06,1.40545e+07,0,0,0,0,62.338,61.3098,6.27782,0,1,1.49748,1.67543,0,1.15694,1.90512,8.89167e+06,4.69631e+06,1.33151e+07,0,0,0,0
58.3631,85.1408,3.12254,0.25,0.26,3.23965,3.62464,0,0.615589,4.6872,4.27854e+06,3.51353e+06,1.3861e+07,0,0,0,0,62.338,61.3098,2.83577,0,1,1.47501,1.65029,0,1.15695,1.90512,8.89167e+06,4.69631e+06,1.31153e+07,0,0,0,0
57.815,85.1408,2.8187,0.22,0.26,3.23969,3.62468,0,0.607111,4.6872,4.27854e+06,3.51353e+06,1.38611e+07,0,0,0,0,62.338,61.3098,2.59973,0,1,1.47502,1.65031,0,1.13959,1.90512,8.89167e+06,4.69631e+06,1.31154e+07,0,0,0,0
57.11,85.1408,2.62349,0.2,0.26,3.23972,3.62472,0,0.607117,4.6872,4.27854e+06,3.51353e+06,1.38613e+07,0,0,0,0,62.338,61.3098,2.48,0,1,1.47504,1.65033,0,1.1396,1.90512,8.89167e+06,4.69631e+06,1.31155e+07,0,0,0,0
56.8694,85.1408,3.01315,0.18,0.26,3.23975,3.62476,0,0.607124,4.6872,4.27854e+06,3.51353e+06,1.38614e+07,0,0,0,0,62.338,61.3098,2.90988,0,1,1.47505,1.65034,0,1.13961,1.90512,8.89167e+06,4.69631e+06,1.31157e+07,0,0,0,0
56.1818,85.1408,2.68911,0.17,0.26,3.39347,3.79675,0,0.60713,4.6872,4.27854e+06,2.92794e+06,1.45191e+07,0,0,0,0,62.338,61.3098,3.24738,1,1,1.55482,1.73959,0,1.13963,1.90512,8.89167e+06,3.91359e+06,1.38249e+07,0,0,0,0
55.1763,85.1408,2.34672,0.17,0.26,3.39351,3.79679,0,0.635937,4.6872,4.27854e+06,2.92794e+06,1.45193e+07,0,0,0,0,62.338,61.3098,3.18233,1,1,1.55483,1.73961,0,1.20125,1.90512,8.89167e+06,3.91359e+06,1.38251e+07,0,0,0,0
53.9875,85.1408,2.13068,0.14,0.26,3.39355,3.79683,0,0.635944,4.6872,4.27854e+06,2.92794e+06,1.45194e+07,0,0,0,0,62.338,61.3098,2.81531,1,1,1.55485,1.73963,0,1.20127,1.90512,8.89167e+06,3.91359e+06,1.38252e+07,0,0,0,0
52.7192,85.1408,2.00207,0.11,0.26,3.39358,3.79687,0,0.63595,4.6872,4.27854e+06,2.92794e+06,1.45196e+07,0,0,0,0,62.0262,61.3098,2.61968,1,1,1.55487,1.73964,0,1.20128,1.90512,8.89167e+06,3.91359e+06,1.38254e+07,0,0,0,0
51.3954,85.1408,1.86322,0.11,0.26,3.39362,3.79691,0,0.635957,4.6872,4.27854e+06,2.92794e+06,1.45197e+07,0,0,0,0,61.4236,61.3098,1.49097,1,1,1.55488,1.73966,0,1.20129,1.90512,8.89167e+06,3.91359e+06,1.38255e+07,0,0,0,0
50.0541,85.1408,1.77107,0.12,0.26,3.36326,3.76294,0,0.635964,4.6872,4.27854e+06,2.92794e+06,1.43898e+07,0,0,0,0,60.7579,61.3098,1.44574,1,1,1.59873,1.78872,0,1.2013,1.90512,8.89167e+06,3.91359e+06,1.42154e+07,0,0,0,0
48.6917,85.1408,1.74085,0.21,0.26,3.36329,3.76298,0,0.630275,4.6872,4.27854e+06,2.92794e+06,1.439e+07,0,0,0,0,60.0536,61.3098,1.39432,1,1,1.59875,1.78874,0,1.23518,1.90512,8.89167e+06,3.91359e+06,1.42156e+07,0,0,0,0
47.2129,85.1408,1.61153,0.2,0.26,3.36333,3.76302,0,0.630281,4.6872,4.27854e+06,2.92794e+06,1.43901e+07,0,0,0,0,59.2883,61.3098,1.37627,1,1,1.59877,1.78876,0,1.2352,1.90512,8.89167e+06,3.91359e+06,1.42157e+07,0,0,0,0
45.7061,85.1408,1.56902,0.19,0.26,3.36336,3.76306,0,0.630288,4.6872,4.27854e+06,2.92794e+06,1.43903e+07,0,0,0,0,58.424,61.3098,1.26686,1,1,1.59878,1.78878,0,1.23521,1.90512,8.89167e+06,3.91359e+06,1.42159e+07,0,0,0,0
44.0519,85.1408,1.48105,0.17,0.26,3.44189,3.85092,0,0.630295,4.6872,4.27854e+06,2.92794e+06,1.47263e+07,0,0,0,0,57.3905,61.3098,1.21153,1,1,1.63787,1.83251,0,1.23522,1.90512,8.89167e+06,3.91359e+06,1.45634e+07,0,0,0,0
42.2403,85.1408,1.31664,0.19,0.26,3.44193,3.85096,0,0.645011,4.6872,4.27854e+06,2.92794e+06,1.47264e+07,0,0,0,0,56.3059,61.3098,1.14681,1,1,1.63789,1.83253,0,1.26542,1.90512,8.89167e+06,3.91359e+06,1.45635e+07,0,0,0,0
40.3255,85.1408,1.20605,0.25,0.26,3.44197,3.851,0,0.645018,4.6872,4.27854e+06,2.92794e+06,1.47266e+07,0,0,0,0,55.1746,61.3098,1.06813,1,1,1.6379,1.83255,0,1.26543,1.90512,8.89167e+06,3.91359e+06,1.45637e+07,0,0,0,0
38.3135,85.1408,1.09064,0.21,0.26,3.442,3.85104,0,0.645025,4.6872,4.27854e+06,2.92794e+06,1.47267e+07,0,0,0,0,53.8298,61.3098,1.01804,1,1,1.63792,1.83257,0,1.26544,1.90512,8.89167e+06,3.91359e+06,1.45639e+07,0,0,0,0
36.1855,85.1408,1.20001,0.21,0.26,3.67192,4.10828,0,0.645032,4.6872,4.27854e+06,2.92794e+06,1.57104e+07,0,0,0,0,52.5104,61.3098,0.753743,1,1,1.77896,1.99036,0,1.26546,1.90512,8.89167e+06,3.91359e+06,1.58179e+07,0,0,0,0
34.1327,85.1408,1.2928,0.21,0.26,3.67196,4.10832,0,0.688118,4.6872,4.27854e+06,2.92794e+06,1.57106e+07,0,0,0,0,51.0308,61.3098,0.928569,1,1,1.77898,1.99039,0,1.37442,1.90512,8.89167e+06,3.91359e+06,1.58181e+07,0,0,0,0
31.8687,85.1408,1.07215,0.22,0.26,3.672,4.10837,0,0.688125,4.6872,4.27854e+06,2.92794e+06,1.57108e+07,0,0,0,0,49.9732,61.3098,0.644202,1,1,1.779,1.99041,0,1.37444,1.90512,8.89167e+06,3.91359e+06,1.58182e+07,0,0,0,0
29.85,85.1408,1.31329,0.31,0.26,3.67204,4.10841,0,0.688132,4.6872,4.27854e+06,2.92794e+06,1.57109e+07,0,0,0,0,49.2998,61.3098,1.23513,1,1,1.77901,1.99043,0,1.37445,1.90512,8.89167e+06,3.91359e+06,1.58184e+07,0,0,0,0
28.2533,85.1408,1.90675,0.32,0.26,3.67207,4.10845,0,0.688139,4.6872,4.27854e+06,2.92794e+06,1.57111e+07,0,0,0,0,48.767,61.3098,2.17035,1,1,1.77903,1.99045,0,1.37447,1.90512,8.89167e+06,3.91359e+06,1.58186e+07,0,0,0,0
27.0788,85.1408,2.24925,0.32,0.26,3.56007,3.98314,0,0.688147,4.6872,4.27854e+06,2.92794e+06,1.52319e+07,0,0,0,0,48.4368,61.3098,2.91175,1,1,1.69345,1.8947,0,1.37448,1.90512,8.89167e+06,3.91359e+06,1.50576e+07,0,0,0,0
25.4475,85.1408,1.72141,0.32,0.26,3.56011,3.98318,0,0.667158,4.6872,4.27854e+06,2.92794e+06,1.52321e+07,0,0,0,0,47.9029,61.3098,2.29819,1,1,1.69347,1.89472,0,1.30836,1.90512,8.89167e+06,3.91359e+06,1.50578e+07,0,0,0,0
24.1504,85.1408,2.04301,0.4,0.26,3.56015,3.98323,0,0.667165,4.6872,4.27854e+06,2.92794e+06,1.52322e+07,0,0,0,0,47.3738,61.3098,2.24655,1,1,1.69349,1.89474,0,1.30838,1.90512,8.89167e+06,3.91359e+06,1.5058e+07,0,0,0,0
25.707,85.1408,4.8921,0.39,0.26,3.56018,3.98327,0,0.667172,4.6872,4.27854e+06,2.92794e+06,1.52324e+07,0,0,0,0,47.2599,61.3098,3.77962,1,1,1.69351,1.89476,0,1.30839,1.90512,8.89167e+06,3.91359e+06,1.50581e+07,0,0,0,0
25.0916,85.1408,2.67373,0.28,0.26,3.46825,3.88041,0,0.667179,4.6872,4.27854e+06,2.92794e+06,1.48391e+07,0,0,0,0,47.3186,61.3098,3.06375,1,1,1.61561,1.8076,0,1.3084,1.90512,8.89167e+06,3.91359e+06,1.43654e+07,0,0,0,0
26.2426,85.1408,4.63846,0.41,0.26,3.46829,3.88045,0,0.649951,4.6872,4.27854e+06,2.92794e+06,1.48392e+07,0,0,0,0,48.3258,61.3098,6.59218,1,1,1.61562,1.80762,0,1.24822,1.90512,8.89167e+06,3.91359e+06,1.43656e+07,0,0,0,0
26.2495,85.1408,3.623,0.31,0.26,3.46833,3.88049,0,0.649957,4.6872,4.27854e+06,2.92794e+06,1.48394e+07,0,0,0,0,48.4386,61.3098,3.60417,1,1,1.61564,1.80764,0,1.24823,1.90512,8.89167e+06,3.91359e+06,1.43657e+07,0,0,0,0
27.5684,85.1408,4.83632,0.32,0.26,3.46836,3.88053,0,0.649964,4.6872,4.27854e+06,2.92794e+06,1.48395e+07,0,0,0,0,48.8406,61.3098,5.09239,1,1,1.61566,1.80766,0,1.24824,1.90512,8.89167e+06,3.91359e+06,1.43659e+07,0,0,0,0
31.0981,85.1408,6.88797,0.33,0.26,3.20719,3.58832,0,0.649971,4.6872,4.27854e+06,3.51353e+06,1.37221e+07,0,0,0,0,49.5895,61.3098,5.77621,0.01,1,1.45338,1.6261,0,1.24826,1.90512,8.89167e+06,4.69631e+06,1.2923e+07,0,0,0,0
36.174,85.1408,8.74702,0.32,0.26,3.20722,3.58836,0,0.601027,4.6872,4.27854e+06,3.51353e+06,1.37222e+07,0,0,0,0,50.4388,61.3098,5.761,0.01,1,1.4534,1.62612,0,1.12289,1.90512,8.89167e+06,4.69631e+06,1.29232e+07,0,0,0,0
39.6731,85.1408,7.03234,0.24,0.26,3.20726,3.5884,0,0.601034,4.6872,4.27854e+06,3.51353e+06,1.37224e+07,0,0,0,0,51.2284,61.3098,4.84984,0,1,1.45342,1.62614,0,1.1229,1.90512,8.89167e+06,4.69631e+06,1.29233e+07,0,0,0,0
41.924,85.1408,5.69077,0.25,0.26,3.20729,3.58844,0,0.60104,4.6872,4.27854e+06,3.51353e+06,1.37225e+07,0,0,0,0,51.9667,61.3098,5.34305,0,1,1.45343,1.62615,0,1.12291,1.90512,8.89167e+06,4.69631e+06,1.29234e+07,0,0,0,0
45.7054,85.1408,7.24915,0.29,0.26,3.20732,3.58847,0,0.601046,4.6872,4.27854e+06,3.51353e+06,1.37227e+07,0,0,0,0,53.0089,61.3098,5.11495,0,1,1.45345,1.62617,0,1.12292,1.90512,8.89167e+06,4.69631e+06,1.29236e+07,0,0,0,0
47.8322,85.1408,5.4813,0.22,0.26,3.30782,3.70091,0,0.601053,4.6872,4.27854e+06,3.51353e+06,1.41526e+07,0,0,0,0,53.2908,61.3098,3.19828,0,1,1.50045,1.67876,0,1.12293,1.90512,8.89167e+06,4.69631e+06,1.33415e+07,0,0,0,0
56.0961,85.1408,11.6779,0.22,0.26,3.30782,3.70092,0,0.619885,4.6872,4.27854e+06,3.51353e+06,1.41526e+07,0,0,0,0,53.723,61.3098,3.36985,0,1,1.50045,1.67876,0,1.15925,1.90512,8.89167e+06,4.69631e+06,1.33415e+07,0,0,0,0
61.3076,85.1408,8.81834,0.18,0.26,3.30783,3.70092,0,0.619886,4.6872,4.27854e+06,3.51353e+06,1.41527e+07,0,0,0,0,54.2565,61.3098,4.01967,0,1,1.50045,1.67876,0,1.15925,1.90512,8.89167e+06,4.69631e+06,1.33415e+07,0,0,0,0
64.3944,85.1408,6.69645,0.1,0.26,3.30783,3.70093,0,0.619887,4.6872,4.27854e+06,3.51353e+06,1.41527e+07,0,0,0,0,54.7765,61.3098,4.03479,0,1,1.50046,1.67877,0,1.15925,1.90512,8.89167e+06,4.69631e+06,1.33416e+07,0,0,0,0
66.1335,85.1408,5.58249,0.1,0.26,3.63048,4.06191,0,0.619888,4.6872,4.27854e+06,2.92794e+06,1.55331e+07,0,0,0,0,55.0785,61.3098,3.36612,1,1,1.67688,1.87616,0,1.15925,1.90512,8.89167e+06,3.91359e+06,1.49103e+07,0,0,0,0
70.0061,85.1408,7.89943,0.1,0.26,3.63048,4.06192,0,0.680351,4.6872,4.27854e+06,2.92794e+06,1.55332e+07,0,0,0,0,55.4401,61.3098,3.45998,1,1,1.67688,1.87616,0,1.29556,1.90512,8.89167e+06,3.91359e+06,1.49103e+07,0,0,0,0
72.0205,85.1408,6.25356,0.04,0.26,3.97564,4.06193,0,0.680352,4.6872,4.27854e+06,2.92794e+06,1.70099e+07,0,0,0,0,56.3052,61.3098,4.425,1,1,1.83631,1.87616,0,1.29556,1.90512,8.89167e+06,3.91359e+06,1.63278e+07,0,0,0,0
74.4999,85.1408,6.83253,0.04,0.26,3.97564,4.06193,0,0.745035,4.6872,4.27854e+06,2.92794e+06,1.70099e+07,0,0,0,0,56.7642,61.3098,3.51357,1,1,1.83631,1.87617,0,1.41873,1.90512,8.89167e+06,3.91359e+06,1.63279e+07,0,0,0,0
77.1968,85.1408,6.75609,0.04,0.26,3.54706,3.54706,0,0.745036,4.6872,4.27854e+06,2.92794e+06,1.51762e+07,0,0,0,0,57.1018,61.3098,3.69592,0,1,1.61127,1.61127,0,1.41873,1.90512,8.89167e+06,3.91359e+06,1.43269e+07,0,0,0,0
79.8404,85.1408,6.92174,0.01,0.26,3.54707,3.54707,0,0.664719,4.6872,4.27854e+06,2.92794e+06,1.51763e+07,0,0,0,0,59.3426,61.3098,7.03965,0,1,1.61127,1.61127,0,1.24487,1.90512,8.89167e+06,3.91359e+06,1.43269e+07,0,0,0,0
82.0155,85.1408,6.36873,0.01,0.26,3.54707,3.54707,0,0.66472,4.6872,4.27854e+06,2.92794e+06,1.51763e+07,0,0,0,0,60.1051,61.3098,4.6424,0,1,1.61127,1.61127,0,1.24487,1.90512,8.89167e+06,3.91359e+06,1.43269e+07,0,0,0,0
85.1408,85.1408,9.14971,0.01,0.26,3.54708,3.54708,0,0.664721,4.6872,4.27854e+06,2.92794e+06,1.51763e+07,0,0,0,0,62.338,61.3098,9.52261,0,1,1.61128,1.61128,0,1.24487,1.90512,8.89167e+06,3.91359e+06,1.43269e+07,0,0,0,0
85.1408,85.1408,8.07745,0,0.26,3.54708,3.54708,0,0.664722,4.6872,4.27854e+06,2.92794e+06,1.51763e+07,0,0,0,0,62.338,61.3098,8.63576,0,1,1.61128,1.61128,0,1.24487,1.90512,8.89167e+06,3.91359e+06,1.4327e+07,0,0,0,0
85.1408,85.1408,6.65215,0,0.26,3.67669,3.67669,0,0.664723,4.6872,4.27854e+06,2.92794e+06,1.57309e+07,0,0,0,0,62.338,61.3098,6.26424,0,1,1.67609,1.67609,0,1.24487,1.90512,8.89167e+06,3.91359e+06,1.49032e+07,0,0,0,0
85.1408,85.1408,5.95301,0,0.26,3.67669,3.67669,0,0.689011,4.6872,4.27854e+06,2.92794e+06,1.57309e+07,0,0,0,0,62.338,61.3098,4.73622,0,1,1.67609,1.67609,0,1.29494,1.90512,8.89167e+06,3.91359e+06,1.49032e+07,0,0,0,0
85.1408,85.1408,5.29979,0,0.26,3.6767,3.6767,0,0.689012,4.6872,4.27854e+06,2.92794e+06,1.57309e+07,0,0,0,0,62.338,61.3098,4.386,0,1,1.67609,1.67609,0,1.29495,1.90512,8.89167e+06,3.91359e+06,1.49032e+07,0,0,0,0
85.1408,85.1408,7.00481,0,0.26,3.6767,3.6767,0,0.689013,4.6872,4.27854e+06,2.92794e+06,1.57309e+07,0,0,0,0,62.338,61.3098,6.05342,0,1,1.67609,1.67609,0,1.29495,1.90512,8.89167e+06,3.91359e+06,1.49033e+07,0,0,0,0
85.1408,85.1408,5.46953,0,0.26,3.62604,3.62604,0,0.689014,4.6872,4.27854e+06,2.92794e+06,1.55141e+07,0,0,0,0,62.338,61.3098,4.44568,0,1,1.65093,1.65093,0,1.29495,1.90512,8.89167e+06,3.91359e+06,1.46795e+07,0,0,0,0
85.1408,85.1408,4.40242,0,0.26,3.62604,3.62604,0,0.679519,4.6872,4.27854e+06,2.92794e+06,1.55142e+07,0,0,0,0,62.338,61.3098,3.81449,0,1,1.65093,1.65093,0,1.27551,1.90512,8.89167e+06,3.91359e+06,1.46795e+07,0,0,0,0
85.1408,85.1408,3.94222,0,0.26,3.62605,3.62605,0,0.67952,4.6872,4.27854e+06,2.92794e+06,1.55142e+07,0,0,0,0,62.338,61.3098,2.97691,0,1,1.65093,1.65093,0,1.27551,1.90512,8.89167e+06,3.91359e+06,1.46795e+07,0,0,0,0
84.8683,85.1408,3.59247,0,0.26,3.62605,3.62605,0,0.679521,4.6872,4.27854e+06,2.92794e+06,1.55142e+07,0,0,0,0,62.338,61.3098,2.80026,0,1,1.65093,1.65093,0,1.27551,1.90512,8.89167e+06,3.91359e+06,1.46796e+07,0,0,0,0
84.6577,85.1408,3.74018,0.02,0.26,3.71738,3.79807,0,0.679522,4.6872,4.27854e+06,2.92794e+06,1.5905e+07,0,0,0,0,62.338,61.3098,3.389,1,1,1.70323,1.74019,0,1.27551,1.90512,8.89167e+06,3.91359e+06,1.51445e+07,0,0,0,0
83.9511,85.1408,3.1505,0.03,0.26,3.71739,3.79807,0,0.696638,4.6872,4.27854e+06,2.92794e+06,1.5905e+07,0,0,0,0,62.338,61.3098,3.44743,1,1,1.70323,1.7402,0,1.31591,1.90512,8.89167e+06,3.91359e+06,1.51446e+07,0,0,0,0
83.3112,85.1408,3.21171,0.03,0.26,3.71739,3.79808,0,0.696639,4.6872,4.27854e+06,2.92794e+06,1.5905e+07,0,0,0,0,62.338,61.3098,2.74666,1,1,1.70323,1.7402,0,1.31591,1.90512,8.89167e+06,3.91359e+06,1.51446e+07,0,0,0,0
82.2203,85.1408,2.75029,0.03,0.26,3.7174,3.79808,0,0.696639,4.6872,4.27854e+06,2.92794e+06,1.5905e+07,0,0,0,0,62.3162,61.3098,2.43743,1,1,1.70323,1.7402,0,1.31592,1.90512,8.89167e+06,3.91359e+06,1.51446e+07,0,0,0,0
82.5451,85.1408,4.14853,0.03,0.26,3.7174,3.79809,0,0.69664,4.6872,4.27854e+06,2.92794e+06,1.59051e+07,0,0,0,0,62.338,61.3098,2.94413,1,1,1.70324,1.7402,0,1.31592,1.90512,8.89167e+06,3.91359e+06,1.51446e+07,0,0,0,0
82.9285,85.1408,4.15469,0.03,0.26,3.68411,3.76408,0,0.696641,4.6872,4.27854e+06,2.92794e+06,1.57626e+07,0,0,0,0,62.338,61.3098,2.83921,1,1,1.75125,1.78926,0,1.31592,1.90512,8.89167e+06,3.91359e+06,1.55716e+07,0,0,0,0
83.1166,85.1408,3.94317,0.03,0.26,3.68412,3.76408,0,0.690403,4.6872,4.27854e+06,2.92794e+06,1.57626e+07,0,0,0,0,62.338,61.3098,2.74742,1,1,1.75126,1.78927,0,1.35302,1.90512,8.89167e+06,3.91359e+06,1.55716e+07,0,0,0,0
83.044,85.1408,3.67173,0.04,0.26,3.68413,3.76409,0,0.690404,4.6872,4.27854e+06,2.92794e+06,1.57627e+07,0,0,0,0,62.254,61.3098,2.5429,1,1,1.75126,1.78927,0,1.35302,1.90512,8.89167e+06,3.91359e+06,1.55716e+07,0,0,0,0
83.0604,85.1408,3.74967,0.03,0.26,3.68413,3.76409,0,0.690405,4.6872,4.27854e+06,2.92794e+06,1.57627e+07,0,0,0,0,62.1342,61.3098,2.50101,1,1,1.75126,1.78927,0,1.35302,1.90512,8.89167e+06,3.91359e+06,1.55716e+07,0,0,0,0
83.0828,85.1408,3.81573,0.04,0.26,3.77012,3.85194,0,0.690406,4.6872,4.27854e+06,2.92794e+06,1.61306e+07,0,0,0,0,62.0064,61.3098,2.56807,1,1,1.79406,1.833,0,1.35302,1.90512,8.89167e+06,3.91359e+06,1.59522e+07,0,0,0,0
82.681,85.1408,3.38308,0.04,0.26,3.77012,3.85195,0,0.70652,4.6872,4.27854e+06,2.92794e+06,1.61306e+07,0,0,0,0,61.8292,61.3098,2.34017,1,1,1.79406,1.833,0,1.38609,1.90512,8.89167e+06,3.91359e+06,1.59522e+07,0,0,0,0
81.9799,85.1408,3.06358,0.04,0.26,3.77013,3.85195,0,0.706521,4.6872,4.27854e+06,2.92794e+06,1.61306e+07,0,0,0,0,61.6393,61.3098,2.28625,1,1,1.79406,1.833,0,1.38609,1.90512,8.89167e+06,3.91359e+06,1.59522e+07,0,0,0,0
80.7613,85.1408,2.5323,0.04,0.26,3.77013,3.85196,0,0.706522,4.6872,4.27854e+06,2.92794e+06,1.61307e+07,0,0,0,0,61.1412,61.3098,2.24822,1,1,1.79406,1.833,0,1.38609,1.90512,8.89167e+06,3.91359e+06,1.59522e+07,0,0,0,0
79.8016,85.1408,2.98693,0.05,0.26,4.02193,4.10922,0,0.706523,4.6872,4.27854e+06,2.92794e+06,1.7208e+07,0,0,0,0,60.9081,61.3098,1.71554,1,1,1.90512,1.99082,0.043409,1.38609,1.90512,8.89167e+06,3.91359e+06,1.69397e+07,0,0,0,0
78.6731,85.1408,2.80714,0.04,0.26,4.02193,4.10923,0,0.753709,4.6872,4.27854e+06,2.92794e+06,1.7208e+07,0,0,0,0,60.6752,61.3098,2.29475,1,1,1.90512,1.99082,0.0434118,1.4719,1.90512,8.89167e+06,3.91359e+06,1.69397e+07,0,0,0,0
77.4124,85.1408,2.66395,0.04,0.26,4.02194,4.10923,0,0.75371,4.6872,4.27854e+06,2.92794e+06,1.7208e+07,0,0,0,0,60.416,61.3098,2.26638,1,1,1.90512,1.99083,0.0434145,1.4719,1.90512,8.89167e+06,3.91359e+06,1.69397e+07,0,0,0,0
76.1284,85.1408,2.62428,0.05,0.26,4.02195,4.10924,0,0.753712,4.6872,4.27854e+06,2.92794e+06,1.7208e+07,0,0,0,0,60.1514,61.3098,2.24708,1,1,1.90512,1.99083,0.0434173,1.4719,1.90512,8.89167e+06,3.91359e+06,1.69397e+07,0,0,0,0
75.9987,85.1408,3.5486,0.08,0.26,3.67278,4.10924,0,0.753713,4.6872,4.27854e+06,2.92794e+06,1.57141e+07,0,0,0,0,60.2854,61.3098,2.81236,1,1,1.77937,1.99083,0,1.4719,1.90512,8.89167e+06,3.91359e+06,1.58216e+07,0,0,0,0
77.8941,85.1408,5.46344,0.07,0.26,3.56072,3.98387,0,0.688279,4.6872,4.27854e+06,2.92794e+06,1.52347e+07,0,0,0,0,61.0823,61.3098,4.66072,1,1,1.69376,1.89505,0,1.37474,1.90512,8.89167e+06,3.91359e+06,1.50604e+07,0,0,0,0
77.5478,85.1408,3.58599,0.03,0.26,3.89925,3.98388,0,0.66728,4.6872,4.27854e+06,2.92794e+06,1.66831e+07,0,0,0,0,61.3596,61.3098,3.57306,1,1,1.85479,1.89505,0,1.3086,1.90512,8.89167e+06,3.91359e+06,1.64922e+07,0,0,0,0
76.593,85.1408,2.89519,0.02,0.26,3.89925,3.98388,0,0.730719,4.6872,4.27854e+06,2.92794e+06,1.66831e+07,0,0,0,0,61.5299,61.3098,2.7382,1,1,1.8548,1.89505,0,1.43301,1.90512,8.89167e+06,3.91359e+06,1.64922e+07,0,0,0,0
75.7459,85.1408,2.78308,0.06,0.26,3.56074,3.98389,0,0.73072,4.6872,4.27854e+06,2.92794e+06,1.52348e+07,0,0,0,0,61.9142,61.3098,3.20429,1,1,1.69377,1.89505,0,1.43301,1.90512,8.89167e+06,3.91359e+06,1.50605e+07,0,0,0,0
73.3531,85.1408,1.37192,0.05,0.26,3.79854,3.88098,0,0.667283,4.6872,4.27854e+06,2.92794e+06,1.62522e+07,0,0,0,0,62.0174,61.3098,2.44953,1,1,1.76946,1.80787,0,1.30861,1.90512,8.89167e+06,3.91359e+06,1.57335e+07,0,0,0,0
71.4973,85.1408,2.0303,0.05,0.26,3.79854,3.88099,0,0.711846,4.6872,4.27854e+06,2.92794e+06,1.62522e+07,0,0,0,0,62.338,61.3098,3.2008,1,1,1.76946,1.80787,0,1.36709,1.90512,8.89167e+06,3.91359e+06,1.57335e+07,0,0,0,0
71.4187,85.1408,3.85973,0.05,0.26,3.79855,3.88099,0,0.711847,4.6872,4.27854e+06,2.92794e+06,1.62522e+07,0,0,0,0,62.338,61.3098,4.50736,1,1,1.76947,1.80787,0,1.36709,1.90512,8.89167e+06,3.91359e+06,1.57335e+07,0,0,0,0
71.1187,85.1408,3.77801,0.05,0.26,3.79855,3.881,0,0.711848,4.6872,4.27854e+06,2.92794e+06,1.62523e+07,0,0,0,0,62.338,61.3098,4.81453,1,1,1.76947,1.80787,0,1.36709,1.90512,8.89167e+06,3.91359e+06,1.57335e+07,0,0,0,0
72.8734,85.1408,5.29289,0.06,0.26,3.20754,3.58872,0,0.711849,4.6872,4.27854e+06,3.51353e+06,1.37236e+07,0,0,0,0,62.338,61.3098,7.62148,0,1,1.45355,1.62628,0,1.36709,1.90512,8.89167e+06,4.69631e+06,1.29244e+07,0,0,0,0
75.3056,85.1408,6.39216,0.05,0.26,3.58872,3.58872,0,0.601093,4.6872,4.27854e+06,2.92794e+06,1.53545e+07,0,0,0,0,62.338,61.3098,8.92754,0,1,1.62628,1.62628,0,1.12301,1.90512,8.89167e+06,3.91359e+06,1.44604e+07,0,0,0,0
76.7341,85.1408,5.51054,0.04,0.26,3.58873,3.58873,0,0.672527,4.6872,4.27854e+06,2.92794e+06,1.53545e+07,0,0,0,0,62.338,61.3098,5.71285,0,1,1.62629,1.62629,0,1.25647,1.90512,8.89167e+06,3.91359e+06,1.44604e+07,0,0,0,0
78.0192,85.1408,5.31265,0.01,0.26,3.58873,3.58873,0,0.672528,4.6872,4.27854e+06,2.92794e+06,1.53545e+07,0,0,0,0,62.338,61.3098,3.34127,0,1,1.62629,1.62629,0,1.25647,1.90512,8.89167e+06,3.91359e+06,1.44604e+07,0,0,0,0
79.3639,85.1408,5.5298,0.01,0.26,3.58874,3.58874,0,0.672529,4.6872,4.27854e+06,2.92794e+06,1.53546e+07,0,0,0,0,62.338,61.3098,4.41783,0,1,1.62629,1.62629,0,1.25647,1.90512,8.89167e+06,3.91359e+06,1.44604e+07,0,0,0,0
79.5044,85.1408,4.23302,0.02,0.26,3.70115,3.70115,0,0.67253,4.6872,4.27854e+06,2.92794e+06,1.58355e+07,0,0,0,0,62.338,61.3098,4.72451,0,1,1.67887,1.67887,0,1.25647,1.90512,8.89167e+06,3.91359e+06,1.49279e+07,0,0,0,0
79.1263,85.1408,3.7887,0.02,0.26,3.70112,3.70112,0,0.693596,4.6872,4.27854e+06,2.92794e+06,1.58354e+07,0,0,0,0,62.338,61.3098,5.64118,0,1,1.67886,1.67886,0,1.29709,1.90512,8.89167e+06,3.91359e+06,1.49278e+07,0,0,0,0
79.0564,85.1408,3.95026,0.02,0.26,3.7011,3.7011,0,0.693591,4.6872,4.27854e+06,2.92794e+06,1.58353e+07,0,0,0,0,62.338,61.3098,3.18999,0,1,1.67884,1.67884,0,1.29708,1.90512,8.89167e+06,3.91359e+06,1.49277e+07,0,0,0,0
80.7778,85.1408,5.81657,0.02,0.26,3.70107,3.70107,0,0.693585,4.6872,4.27854e+06,2.92794e+06,1.58352e+07,0,0,0,0,62.338,61.3098,3.9218,0,1,1.67883,1.67883,0,1.29707,1.90512,8.89167e+06,3.91359e+06,1.49276e+07,0,0,0,0
81.5921,85.1408,5.18515,0.02,0.26,3.97574,4.06203,0,0.69358,4.6872,4.27854e+06,2.92794e+06,1.70103e+07,0,0,0,0,62.338,61.3098,4.61576,1,1,1.83635,1.87621,0,1.29706,1.90512,8.89167e+06,3.91359e+06,1.63283e+07,0,0,0,0
82.3722,85.1408,5.1531,0.02,0.26,3.97571,4.062,0,0.745053,4.6872,4.27854e+06,2.92794e+06,1.70102e+07,0,0,0,0,62.338,61.3098,5.38158,1,1,1.83634,1.8762,0,1.41877,1.90512,8.89167e+06,3.91359e+06,1.63281e+07,0,0,0,0
82.6106,85.1408,4.64922,0.01,0.26,3.97568,4.06197,0,0.745048,4.6872,4.27854e+06,2.92794e+06,1.70101e+07,0,0,0,0,62.338,61.3098,3.53571,1,1,1.83633,1.87618,0,1.41876,1.90512,8.89167e+06,3.91359e+06,1.6328e+07,0,0,0,0
84.1688,85.1408,6.03163,0.02,0.26,3.97565,4.06193,0,0.745042,4.6872,4.27854e+06,2.92794e+06,1.701e+07,0,0,0,0,62.338,61.3098,4.38856,1,1,1.83631,1.87617,0,1.41875,1.90512,8.89167e+06,3.91359e+06,1.63279e+07,0,0,0,0
85.1408,85.1408,7.87584,0.02,0.26,3.54703,3.54703,0,0.745036,4.6872,4.27854e+06,2.92794e+06,1.51761e+07,0,0,0,0,62.338,61.3098,5.67196,0,1,1.61126,1.61126,0,1.41873,1.90512,8.89167e+06,3.91359e+06,1.43268e+07,0,0,0,0
85.1408,85.1408,8.77514,0,0.26,3.547,3.547,0,0.664714,4.6872,4.27854e+06,2.92794e+06,1.5176e+07,0,0,0,0,62.338,61.3098,7.72374,0,1,1.61124,1.61124,0,1.24486,1.90512,8.89167e+06,3.91359e+06,1.43267e+07,0,0,0,0
85.1408,85.1408,8.66329,0,0.26,3.54698,3.54698,0,0.664709,4.6872,4.27854e+06,2.92794e+06,1.51759e+07,0,0,0,0,62.338,61.3098,7.28846,0,1,1.61123,1.61123,0,1.24485,1.90512,8.89167e+06,3.91359e+06,1.43265e+07,0,0,0,0
85.1408,85.1408,7.4235,0,0.26,3.54695,3.54695,0,0.664703,4.6872,4.27854e+06,2.92794e+06,1.51758e+07,0,0,0,0,62.338,61.3098,5.45663,0,1,1.61122,1.61122,0,1.24484,1.90512,8.89167e+06,3.91359e+06,1.43264e+07,0,0,0,0
85.1408,85.1408,4.94083,0,0.26,3.54692,3.54692,0,0.664698,4.6872,4.27854e+06,2.92794e+06,1.51756e+07,0,0,0,0,62.338,61.3098,4.00222,0,1,1.61121,1.61121,0,1.24483,1.90512,8.89167e+06,3.91359e+06,1.43263e+07,0,0,0,0
85.0237,85.1408,4.01933,0,0.26,3.67649,3.67649,0,0.664693,4.6872,4.27854e+06,2.92794e+06,1.573e+07,0,0,0,0,62.338,61.3098,3.39653,0,1,1.676,1.676,0,1.24482,1.90512,8.89167e+06,3.91359e+06,1.49024e+07,0,0,0,0
85.1408,85.1408,5.49154,0.01,0.26,3.67646,3.67646,0,0.688974,4.6872,4.27854e+06,2.92794e+06,1.57299e+07,0,0,0,0,62.338,61.3098,4.40293,0,1,1.67598,1.67598,0,1.29487,1.90512,8.89167e+06,3.91359e+06,1.49023e+07,0,0,0,0
85.1408,85.1408,5.45364,0,0.26,3.67643,3.67643,0,0.688969,4.6872,4.27854e+06,2.92794e+06,1.57298e+07,0,0,0,0,62.338,61.3098,5.66146,0,1,1.67597,1.67597,0,1.29486,1.90512,8.89167e+06,3.91359e+06,1.49022e+07,0,0,0,0
85.1408,85.1408,5.7463,0,0.26,3.67641,3.67641,0,0.688964,4.6872,4.27854e+06,2.92794e+06,1.57296e+07,0,0,0,0,62.338,61.3098,4.57488,0,1,1.67596,1.67596,0,1.29485,1.90512,8.89167e+06,3.91359e+06,1.49021e+07,0,0,0,0
85.1408,85.1408,3.92379,0,0.26,3.62571,3.62571,0,0.688959,4.6872,4.27854e+06,2.92794e+06,1.55127e+07,0,0,0,0,62.338,61.3098,3.53717,0,1,1.65078,1.65078,0,1.29484,1.90512,8.89167e+06,3.91359e+06,1.46782e+07,0,0,0,0
84.7686,85.1408,3.47365,0,0.26,3.62568,3.62568,0,0.679458,4.6872,4.27854e+06,2.92794e+06,1.55126e+07,0,0,0,0,62.338,61.3098,3.13075,0,1,1.65076,1.65076,0,1.27539,1.90512,8.89167e+06,3.91359e+06,1.46781e+07,0,0,0,0
84.0989,85.1408,3.14174,0.01,0.26,3.62565,3.62565,0,0.679453,4.6872,4.27854e+06,2.92794e+06,1.55125e+07,0,0,0,0,62.338,61.3098,2.83271,0,1,1.65075,1.65075,0,1.27538,1.90512,8.89167e+06,3.91359e+06,1.46779e+07,0,0,0,0
83.2151,85.1408,2.88908,0.01,0.26,3.62562,3.62562,0,0.679447,4.6872,4.27854e+06,2.92794e+06,1.55124e+07,0,0,0,0,62.338,61.3098,2.68874,0,1,1.65074,1.65074,0,1.27537,1.90512,8.89167e+06,3.91359e+06,1.46778e+07,0,0,0,0
82.2522,85.1408,2.85117,0.03,0.26,3.71691,3.79758,0,0.679442,4.6872,4.27854e+06,2.92794e+06,1.59029e+07,0,0,0,0,62.338,61.3098,2.78116,1,1,1.70301,1.73997,0,1.27536,1.90512,8.89167e+06,3.91359e+06,1.51426e+07,0,0,0,0
81.0303,85.1408,2.56517,0.03,0.26,3.71688,3.79755,0,0.696549,4.6872,4.27854e+06,2.92794e+06,1.59028e+07,0,0,0,0,62.3237,61.3098,2.31239,1,1,1.703,1.73996,0,1.31575,1.90512,8.89167e+06,3.91359e+06,1.51425e+07,0,0,0,0
79.7437,85.1408,2.47589,0.03,0.26,3.71685,3.79753,0,0.696544,4.6872,4.27854e+06,2.92794e+06,1.59027e+07,0,0,0,0,62.1496,61.3098,2.06836,1,1,1.70298,1.73995,0,1.31574,1.90512,8.89167e+06,3.91359e+06,1.51424e+07,0,0,0,0
78.3025,85.1408,2.29671,0.03,0.26,3.71683,3.7975,0,0.696539,4.6872,4.27854e+06,2.92794e+06,1.59026e+07,0,0,0,0,61.6407,61.3098,1.95588,1,1,1.70297,1.73993,0,1.31573,1.90512,8.89167e+06,3.91359e+06,1.51423e+07,0,0,0,0
76.6304,85.1408,2.01757,0.03,0.26,3.7168,3.79747,0,0.696533,4.6872,4.27854e+06,2.92794e+06,1.59025e+07,0,0,0,0,60.9431,61.3098,1.64832,1,1,1.70296,1.73992,0,1.31572,1.90512,8.89167e+06,3.91359e+06,1.51421e+07,0,0,0,0
74.8177,85.1408,1.82401,0.03,0.26,3.68348,3.76343,0,0.696528,4.6872,4.27854e+06,2.92794e+06,1.57599e+07,0,0,0,0,60.0812,61.3098,1.50454,1,1,1.75095,1.78896,0,1.31571,1.90512,8.89167e+06,3.91359e+06,1.55689e+07,0,0,0,0
72.8744,85.1408,1.67016,0.04,0.26,3.68345,3.7634,0,0.690284,4.6872,4.27854e+06,2.92794e+06,1.57598e+07,0,0,0,0,59.1927,61.3098,1.32108,1,1,1.75094,1.78894,0,1.35279,1.90512,8.89167e+06,3.91359e+06,1.55688e+07,0,0,0,0
70.8414,85.1408,1.53307,0.05,0.26,3.68342,3.76337,0,0.690279,4.6872,4.27854e+06,2.92794e+06,1.57597e+07,0,0,0,0,58.1936,61.3098,1.30022,1,1,1.75093,1.78893,0,1.35278,1.90512,8.89167e+06,3.91359e+06,1.55687e+07,0,0,0,0
68.7577,85.1408,1.44233,0.05,0.26,3.6834,3.76334,0,0.690274,4.6872,4.27854e+06,2.92794e+06,1.57595e+07,0,0,0,0,57.269,61.3098,1.2269,1,1,1.75091,1.78891,0,1.35277,1.90512,8.89167e+06,3.91359e+06,1.55685e+07,0,0,0,0
67.0167,85.1408,1.59932,0.06,0.26,3.44209,3.85114,0,0.690268,4.6872,4.27854e+06,2.92794e+06,1.47271e+07,0,0,0,0,56.6042,61.3098,1.46638,1,1,1.63796,1.83261,0,1.35275,1.90512,8.89167e+06,3.91359e+06,1.45642e+07,0,0,0,0
65.1914,85.1408,1.47937,0.11,0.26,3.44206,3.85111,0,0.645048,4.6872,4.27854e+06,2.92794e+06,1.4727e+07,0,0,0,0,55.7814,61.3098,1.48373,1,1,1.63795,1.8326,0,1.26549,1.90512,8.89167e+06,3.91359e+06,1.45641e+07,0,0,0,0
63.2815,85.1408,1.37114,0.11,0.26,3.44204,3.85108,0,0.645043,4.6872,4.27854e+06,2.92794e+06,1.47269e+07,0,0,0,0,55.0572,61.3098,1.32338,1,1,1.63794,1.83259,0,1.26548,1.90512,8.89167e+06,3.91359e+06,1.4564e+07,0,0,0,0
61.4256,85.1408,1.39491,0.11,0.26,3.44201,3.85105,0,0.645038,4.6872,4.27854e+06,2.92794e+06,1.47268e+07,0,0,0,0,54.1857,61.3098,1.49262,1,1,1.63792,1.83257,0,1.26547,1.90512,8.89167e+06,3.91359e+06,1.45639e+07,0,0,0,0
59.3207,85.1408,1.3012,0.12,0.26,3.67186,4.10821,0,0.645033,4.6872,4.27854e+06,2.92794e+06,1.57102e+07,0,0,0,0,53.3867,61.3098,1.2516,1,1,1.77893,1.99033,0,1.26546,1.90512,8.89167e+06,3.91359e+06,1.58177e+07,0,0,0,0
57.2965,85.1408,1.37709,0.15,0.26,3.67183,4.10818,0,0.688106,4.6872,4.27854e+06,2.92794e+06,1.57101e+07,0,0,0,0,52.3567,61.3098,1.50565,1,1,1.77891,1.99032,0,1.3744,1.90512,8.89167e+06,3.91359e+06,1.58175e+07,0,0,0,0
55.0755,85.1408,1.1424,0.13,0.26,3.6718,4.10815,0,0.688101,4.6872,4.27854e+06,2.92794e+06,1.57099e+07,0,0,0,0,51.7165,61.3098,1.04912,1,1,1.7789,1.9903,0,1.37439,1.90512,8.89167e+06,3.91359e+06,1.58174e+07,0,0,0,0
53.1378,85.1408,1.39844,0.13,0.26,3.67177,4.10812,0,0.688096,4.6872,4.27854e+06,2.92794e+06,1.57098e+07,0,0,0,0,51.3181,61.3098,1.99365,1,1,1.77889,1.99029,0,1.37438,1.90512,8.89167e+06,3.91359e+06,1.58173e+07,0,0,0,0
51.3406,85.1408,1.5605,0.13,0.26,3.67175,4.10809,0,0.688091,4.6872,4.27854e+06,2.92794e+06,1.57097e+07,0,0,0,0,50.9559,61.3098,1.92545,1,1,1.77887,1.99027,0,1.37437,1.90512,8.89167e+06,3.91359e+06,1.58172e+07,0,0,0,0
49.9075,85.1408,1.85215,0.12,0.26,3.55969,3.98271,0,0.688085,4.6872,4.27854e+06,2.92794e+06,1.52303e+07,0,0,0,0,50.7233,61.3098,2.19225,1,1,1.69327,1.8945,0,1.37436,1.90512,8.89167e+06,3.91359e+06,1.5056e+07,0,0,0,0
49.3196,85.1408,2.73971,0.14,0.26,3.55966,3.98268,0,0.667086,4.6872,4.27854e+06,2.92794e+06,1.52301e+07,0,0,0,0,50.6084,61.3098,2.66318,1,1,1.69326,1.89448,0,1.30822,1.90512,8.89167e+06,3.91359e+06,1.50559e+07,0,0,0,0
49.6341,85.1408,3.80523,0.15,0.26,3.55963,3.98265,0,0.667081,4.6872,4.27854e+06,2.92794e+06,1.523e+07,0,0,0,0,50.9843,61.3098,4.32223,1,1,1.69325,1.89447,0,1.30821,1.90512,8.89167e+06,3.91359e+06,1.50558e+07,0,0,0,0
49.2865,85.1408,3.15013,0.16,0.26,3.55961,3.98262,0,0.667076,4.6872,4.27854e+06,2.92794e+06,1.52299e+07,0,0,0,0,51.015,61.3098,3.06136,1,1,1.69323,1.89445,0,1.3082,1.90512,8.89167e+06,3.91359e+06,1.50557e+07,0,0,0,0
47.7353,85.1408,1.77554,0.16,0.26,3.46763,3.87971,0,0.66707,4.6872,4.27854e+06,2.92794e+06,1.48364e+07,0,0,0,0,50.9987,61.3098,2.33954,1,1,1.61531,1.80727,0,1.30819,1.90512,8.89167e+06,3.91359e+06,1.43628e+07,0,0,0,0
49.0534,85.1408,4.72067,0.17,0.26,3.4676,3.87968,0,0.649833,4.6872,4.27854e+06,2.92794e+06,1.48363e+07,0,0,0,0,51.4344,61.3098,3.69428,1,1,1.6153,1.80726,0,1.24799,1.90512,8.89167e+06,3.91359e+06,1.43627e+07,0,0,0,0
49.9739,85.1408,4.40978,0.18,0.26,3.46757,3.87965,0,0.649828,4.6872,4.27854e+06,2.92794e+06,1.48361e+07,0,0,0,0,51.8475,61.3098,3.34159,1,1,1.61529,1.80725,0,1.24798,1.90512,8.89167e+06,3.91359e+06,1.43626e+07,0,0,0,0
52.3031,85.1408,5.87313,0.17,0.26,3.46755,3.87962,0,0.649823,4.6872,4.27854e+06,2.92794e+06,1.4836e+07,0,0,0,0,53.233,61.3098,4.77042,1,1,1.61528,1.80723,0,1.24797,1.90512,8.89167e+06,3.91359e+06,1.43625e+07,0,0,0,0
56.8533,85.1408,7.86756,0.15,0.26,3.20638,3.58741,0,0.649818,4.6872,4.27854e+06,3.51353e+06,1.37186e+07,0,0,0,0,56.2795,61.3098,8.07001,0,1,1.45302,1.62569,0,1.24796,1.90512,8.89167e+06,4.69631e+06,1.29198e+07,0,0,0,0
62.0585,85.1408,8.59907,0.17,0.26,3.20635,3.58739,0,0.600875,4.6872,4.27854e+06,3.51353e+06,1.37185e+07,0,0,0,0,60.2159,61.3098,10.5385,0,1,1.45301,1.62568,0,1.1226,1.90512,8.89167e+06,4.69631e+06,1.29197e+07,0,0,0,0
66.9509,85.1408,8.65838,0.12,0.26,3.20633,3.58736,0,0.60087,4.6872,4.27854e+06,3.51353e+06,1.37184e+07,0,0,0,0,62.338,61.3098,8.87215,0,1,1.45299,1.62566,0,1.12259,1.90512,8.89167e+06,4.69631e+06,1.29196e+07,0,0,0,0
70.4909,85.1408,7.28376,0.13,0.26,3.2063,3.58733,0,0.600866,4.6872,4.27854e+06,3.51353e+06,1.37183e+07,0,0,0,0,62.338,61.3098,6.80929,0,1,1.45298,1.62565,0,1.12258,1.90512,8.89167e+06,4.69631e+06,1.29195e+07,0,0,0,0
76.2261,85.1408,9.72565,0.05,0.26,3.5873,3.5873,0,0.600861,4.6872,4.27854e+06,2.92794e+06,1.53484e+07,0,0,0,0,62.338,61.3098,10.4035,0,1,1.62564,1.62564,0,1.12257,1.90512,8.89167e+06,3.91359e+06,1.44547e+07,0,0,0,0
78.9101,85.1408,6.90117,0.05,0.26,3.69964,3.69964,0,0.672261,4.6872,4.27854e+06,2.92794e+06,1.5829e+07,0,0,0,0,62.338,61.3098,8.46063,0,1,1.67818,1.67818,0,1.25597,1.90512,8.89167e+06,3.91359e+06,1.49218e+07,0,0,0,0
81.2636,85.1408,6.59011,0.02,0.26,3.69958,3.69958,0,0.693312,4.6872,4.27854e+06,2.92794e+06,1.58288e+07,0,0,0,0,62.338,61.3098,7.13779,0,1,1.67815,1.67815,0,1.29656,1.90512,8.89167e+06,3.91359e+06,1.49216e+07,0,0,0,0
83.925,85.1408,6.83686,0.02,0.26,3.69951,3.69951,0,0.693301,4.6872,4.27854e+06,2.92794e+06,1.58285e+07,0,0,0,0,62.338,61.3098,8.876,0,1,1.67813,1.67813,0,1.29654,1.90512,8.89167e+06,3.91359e+06,1.49213e+07,0,0,0,0
85.1408,85.1408,6.42139,0.02,0.26,3.69945,3.69945,0,0.693289,4.6872,4.27854e+06,2.92794e+06,1.58282e+07,0,0,0,0,62.338,61.3098,8.75347,0,1,1.6781,1.6781,0,1.29652,1.90512,8.89167e+06,3.91359e+06,1.49211e+07,0,0,0,0
85.1408,85.1408,8.17498,0.01,0.26,3.97397,4.06022,0,0.693277,4.6872,4.27854e+06,2.92794e+06,1.70028e+07,0,0,0,0,62.338,61.3098,10.4097,1,1,1.83554,1.87538,0,1.2965,1.90512,8.89167e+06,3.91359e+06,1.6321e+07,0,0,0,0
85.1408,85.1408,9.05799,0.01,0.26,3.9739,4.06015,0,0.744722,4.6872,4.27854e+06,2.92794e+06,1.70025e+07,0,0,0,0,62.338,61.3098,13.4677,1,1,1.83551,1.87534,0,1.41814,1.90512,8.89167e+06,3.91359e+06,1.63207e+07,0,0,0,0
85.1408,85.1408,7.96497,0.01,0.26,3.97384,4.06008,0,0.744709,4.6872,4.27854e+06,2.92794e+06,1.70022e+07,0,0,0,0,62.338,61.3098,10.8124,1,1,1.83547,1.87531,0,1.41811,1.90512,8.89167e+06,3.91359e+06,1.63204e+07,0,0,0,0
85.1408,85.1408,6.23399,0.01,0.26,3.97377,4.06002,0,0.744697,4.6872,4.27854e+06,2.92794e+06,1.70019e+07,0,0,0,0,62.338,61.3098,7.19005,1,1,1.83544,1.87528,0,1.41809,1.90512,8.89167e+06,3.91359e+06,1.63202e+07,0,0,0,0
85.1408,85.1408,5.85281,0.01,0.26,3.54532,3.54532,0,0.744684,4.6872,4.27854e+06,2.92794e+06,1.51688e+07,0,0,0,0,62.338,61.3098,10.7548,0,1,1.61048,1.61048,0,1.41806,1.90512,8.89167e+06,3.91359e+06,1.43199e+07,0,0,0,0
85.1408,85.1408,4.83715,0.01,0.26,3.54527,3.54527,0,0.664394,4.6872,4.27854e+06,2.92794e+06,1.51685e+07,0,0,0,0,62.338,61.3098,7.25405,0,1,1.61045,1.61045,0,1.24426,1.90512,8.89167e+06,3.91359e+06,1.43196e+07,0,0,0,0
84.5288,85.1408,3.48728,0,0.26,3.54521,3.54521,0,0.664383,4.6872,4.27854e+06,2.92794e+06,1.51683e+07,0,0,0,0,62.338,61.3098,5.87723,0,1,1.61043,1.61043,0,1.24424,1.90512,8.89167e+06,3.91359e+06,1.43194e+07,0,0,0,0
84.6666,85.1408,4.13154,0.01,0.26,3.54515,3.54515,0,0.664372,4.6872,4.27854e+06,2.92794e+06,1.5168e+07,0,0,0,0,62.338,61.3098,6.28156,0,1,1.6104,1.6104,0,1.24422,1.90512,8.89167e+06,3.91359e+06,1.43192e+07,0,0,0,0
84.8843,85.1408,4.24554,0.01,0.26,3.54509,3.54509,0,0.66436,4.6872,4.27854e+06,2.92794e+06,1.51678e+07,0,0,0,0,62.338,61.3098,6.90698,0,1,1.61037,1.61037,0,1.2442,1.90512,8.89167e+06,3.91359e+06,1.43189e+07,0,0,0,0
85.1408,85.1408,5.58784,0.01,0.26,3.67456,3.67456,0,0.664349,4.6872,4.27854e+06,2.92794e+06,1.57217e+07,0,0,0,0,62.338,61.3098,8.76787,0,1,1.67511,1.67511,0,1.24417,1.90512,8.89167e+06,3.91359e+06,1.48946e+07,0,0,0,0
85.0436,85.1408,3.99112,0,0.26,3.67449,3.67449,0,0.688612,4.6872,4.27854e+06,2.92794e+06,1.57215e+07,0,0,0,0,62.338,61.3098,5.41102,0,1,1.67509,1.67509,0,1.29419,1.90512,8.89167e+06,3.91359e+06,1.48943e+07,0,0,0,0
84.6687,85.1408,3.75367,0.01,0.26,3.67443,3.67443,0,0.6886,4.6872,4.27854e+06,2.92794e+06,1.57212e+07,0,0,0,0,62.338,61.3098,5.74404,0,1,1.67506,1.67506,0,1.29417,1.90512,8.89167e+06,3.91359e+06,1.48941e+07,0,0,0,0
84.0643,85.1408,3.40847,0.01,0.26,3.67437,3.67437,0,0.688589,4.6872,4.27854e+06,2.92794e+06,1.57209e+07,0,0,0,0,62.338,61.3098,5.25331,0,1,1.67503,1.67503,0,1.29415,1.90512,8.89167e+06,3.91359e+06,1.48938e+07,0,0,0,0
83.2243,85.1408,3.04487,0.01,0.26,3.62367,3.62367,0,0.688577,4.6872,4.27854e+06,2.92794e+06,1.5504e+07,0,0,0,0,62.338,61.3098,4.18612,0,1,1.64985,1.64985,0,1.29413,1.90512,8.89167e+06,3.91359e+06,1.46699e+07,0,0,0,0
82.1697,85.1408,2.75004,0.01,0.26,3.62361,3.62361,0,0.679076,4.6872,4.27854e+06,2.92794e+06,1.55037e+07,0,0,0,0,62.338,61.3098,3.9193,0,1,1.64982,1.64982,0,1.27467,1.90512,8.89167e+06,3.91359e+06,1.46697e+07,0,0,0,0
80.9682,85.1408,2.56695,0.01,0.26,3.62355,3.62355,0,0.679064,4.6872,4.27854e+06,2.92794e+06,1.55035e+07,0,0,0,0,62.338,61.3098,3.66638,0,1,1.64979,1.64979,0,1.27465,1.90512,8.89167e+06,3.91359e+06,1.46694e+07,0,0,0,0
79.674,85.1408,2.45529,0.02,0.26,3.62349,3.62349,0,0.679053,4.6872,4.27854e+06,2.92794e+06,1.55032e+07,0,0,0,0,62.338,61.3098,3.40917,0,1,1.64977,1.64977,0,1.27463,1.90512,8.89167e+06,3.91359e+06,1.46692e+07,0,0,0,0
78.5627,85.1408,2.71213,0.03,0.26,3.71469,3.79531,0,0.679041,4.6872,4.27854e+06,2.92794e+06,1.58934e+07,0,0,0,0,62.338,61.3098,3.52551,1,1,1.70199,1.73893,0,1.27461,1.90512,8.89167e+06,3.91359e+06,1.51335e+07,0,0,0,0
77.3181,85.1408,2.51646,0.03,0.26,3.71462,3.79525,0,0.696132,4.6872,4.27854e+06,2.92794e+06,1.58932e+07,0,0,0,0,62.338,61.3098,3.25902,1,1,1.70196,1.7389,0,1.31496,1.90512,8.89167e+06,3.91359e+06,1.51333e+07,0,0,0,0
75.9305,85.1408,2.32488,0.03,0.26,3.71456,3.79518,0,0.696121,4.6872,4.27854e+06,2.92794e+06,1.58929e+07,0,0,0,0,62.338,61.3098,3.28012,1,1,1.70193,1.73887,0,1.31494,1.90512,8.89167e+06,3.91359e+06,1.5133e+07,0,0,0,0
74.4876,85.1408,2.24938,0.04,0.26,3.7145,3.79512,0,0.696109,4.6872,4.27854e+06,2.92794e+06,1.58926e+07,0,0,0,0,62.338,61.3098,3.24714,1,1,1.70191,1.73884,0,1.31491,1.90512,8.89167e+06,3.91359e+06,1.51328e+07,0,0,0,0
72.8912,85.1408,2.04843,0.05,0.26,3.71444,3.79506,0,0.696097,4.6872,4.27854e+06,2.92794e+06,1.58924e+07,0,0,0,0,62.2778,61.3098,2.53228,1,1,1.70188,1.73881,0,1.31489,1.90512,8.89167e+06,3.91359e+06,1.51325e+07,0,0,0,0
71.2279,85.1408,1.91855,0.05,0.26,3.68111,3.761,0,0.696086,4.6872,4.27854e+06,2.92794e+06,1.57498e+07,0,0,0,0,62.0519,61.3098,2.06914,1,1,1.74983,1.7878,0,1.31487,1.90512,8.89167e+06,3.91359e+06,1.55589e+07,0,0,0,0
69.4344,85.1408,1.77005,0.04,0.26,3.68105,3.76094,0,0.68984,4.6872,4.27854e+06,2.92794e+06,1.57495e+07,0,0,0,0,61.6814,61.3098,2.04886,1,1,1.7498,1.78777,0,1.35191,1.90512,8.89167e+06,3.91359e+06,1.55586e+07,0,0,0,0
67.5099,85.1408,1.61641,0.05,0.26,3.68099,3.76088,0,0.689828,4.6872,4.27854e+06,2.92794e+06,1.57492e+07,0,0,0,0,61.2695,61.3098,1.82373,1,1,1.74977,1.78774,0,1.35189,1.90512,8.89167e+06,3.91359e+06,1.55584e+07,0,0,0,0
65.7473,85.1408,1.47816,0.08,0.26,3.36136,3.76081,0,0.689817,4.6872,4.27854e+06,2.92794e+06,1.43817e+07,0,0,0,0,60.7443,61.3098,1.78637,1,1,1.59783,1.78771,0,1.35187,1.90512,8.89167e+06,3.91359e+06,1.42074e+07,0,0,0,0
63.8333,85.1408,1.35539,0.1,0.26,3.43975,3.84852,0,0.629919,4.6872,4.27854e+06,2.92794e+06,1.47171e+07,0,0,0,0,60.195,61.3098,1.60215,1,1,1.63685,1.83137,0,1.23448,1.90512,8.89167e+06,3.91359e+06,1.45543e+07,0,0,0,0
61.8964,85.1408,1.29376,0.12,0.26,3.43969,3.84846,0,0.644609,4.6872,4.27854e+06,2.92794e+06,1.47168e+07,0,0,0,0,59.6619,61.3098,1.58057,1,1,1.63682,1.83134,0,1.26463,1.90512,8.89167e+06,3.91359e+06,1.45541e+07,0,0,0,0
60.0869,85.1408,1.39935,0.11,0.26,3.43963,3.84839,0,0.644598,4.6872,4.27854e+06,2.92794e+06,1.47166e+07,0,0,0,0,58.9933,61.3098,1.7058,1,1,1.63679,1.83131,0,1.26461,1.90512,8.89167e+06,3.91359e+06,1.45538e+07,0,0,0,0
58.2257,85.1408,1.33894,0.11,0.26,3.43958,3.84833,0,0.644587,4.6872,4.27854e+06,2.92794e+06,1.47164e+07,0,0,0,0,58.5185,61.3098,1.51041,1,1,1.63677,1.83127,0,1.26459,1.90512,8.89167e+06,3.91359e+06,1.45536e+07,0,0,0,0
56.2615,85.1408,1.36981,0.14,0.26,3.66923,4.10527,0,0.644577,4.6872,4.27854e+06,2.92794e+06,1.56989e+07,0,0,0,0,57.7579,61.3098,1.7264,1,1,1.77765,1.98891,0,1.26457,1.90512,8.89167e+06,3.91359e+06,1.58063e+07,0,0,0,0
54.0554,85.1408,1.10594,0.15,0.26,3.66917,4.1052,0,0.687614,4.6872,4.27854e+06,2.92794e+06,1.56987e+07,0,0,0,0,57.2402,61.3098,1.32047,1,1,1.77762,1.98887,0,1.37342,1.90512,8.89167e+06,3.91359e+06,1.58061e+07,0,0,0,0
52.0461,85.1408,1.28043,0.13,0.26,3.66911,4.10513,0,0.687602,4.6872,4.27854e+06,2.92794e+06,1.56984e+07,0,0,0,0,56.7685,61.3098,1.9961,1,1,1.77759,1.98884,0,1.37339,1.90512,8.89167e+06,3.91359e+06,1.58058e+07,0,0,0,0
49.8369,85.1408,1.07576,0.13,0.26,3.66904,4.10507,0,0.687591,4.6872,4.27854e+06,2.92794e+06,1.56981e+07,0,0,0,0,56.2336,61.3098,1.5379,1,1,1.77757,1.98881,0,1.37337,1.90512,8.89167e+06,3.91359e+06,1.58055e+07,0,0,0,0
47.9582,85.1408,1.40395,0.17,0.26,3.66898,4.105,0,0.687579,4.6872,4.27854e+06,2.92794e+06,1.56979e+07,0,0,0,0,55.8498,61.3098,1.67773,1,1,1.77754,1.98877,0,1.37335,1.90512,8.89167e+06,3.91359e+06,1.58053e+07,0,0,0,0
46.1091,85.1408,1.33002,0.15,0.26,3.55698,3.97968,0,0.687568,4.6872,4.27854e+06,2.92794e+06,1.52187e+07,0,0,0,0,55.5124,61.3098,2.5451,1,1,1.69198,1.89305,0,1.37332,1.90512,8.89167e+06,3.91359e+06,1.50445e+07,0,0,0,0
44.1118,85.1408,1.18299,0.14,0.26,3.55692,3.97962,0,0.666578,4.6872,4.27854e+06,2.92794e+06,1.52184e+07,0,0,0,0,54.7412,61.3098,1.50968,1,1,1.69195,1.89302,0,1.30723,1.90512,8.89167e+06,3.91359e+06,1.50443e+07,0,0,0,0
41.9462,85.1408,1.00876,0.15,0.26,3.55686,3.97955,0,0.666567,4.6872,4.27854e+06,2.92794e+06,1.52182e+07,0,0,0,0,54.1845,61.3098,1.37351,1,1,1.69193,1.89299,0,1.3072,1.90512,8.89167e+06,3.91359e+06,1.5044e+07,0,0,0,0
40.7803,85.1408,2.15499,0.2,0.26,3.5568,3.97948,0,0.666556,4.6872,4.27854e+06,2.92794e+06,1.52179e+07,0,0,0,0,54.0301,61.3098,2.02835,1,1,1.6919,1.89296,0,1.30718,1.90512,8.89167e+06,3.91359e+06,1.50438e+07,0,0,0,0
40.1349,85.1408,2.59183,0.19,0.26,3.46486,3.87662,0,0.666544,4.6872,4.27854e+06,2.92794e+06,1.48245e+07,0,0,0,0,53.8631,61.3098,2.61614,1,1,1.61403,1.80583,0,1.30716,1.90512,8.89167e+06,3.91359e+06,1.43514e+07,0,0,0,0
39.0982,85.1408,2.16265,0.22,0.26,3.4648,3.87655,0,0.649315,4.6872,4.27854e+06,2.92794e+06,1.48243e+07,0,0,0,0,53.6065,61.3098,2.23928,1,1,1.614,1.8058,0,1.247,1.90512,8.89167e+06,3.91359e+06,1.43512e+07,0,0,0,0
38.7503,85.1408,2.91863,0.23,0.26,3.46475,3.87649,0,0.649304,4.6872,4.27854e+06,2.92794e+06,1.4824e+07,0,0,0,0,53.578,61.3098,3.06701,1,1,1.61397,1.80577,0,1.24698,1.90512,8.89167e+06,3.91359e+06,1.43509e+07,0,0,0,0
41.9365,85.1408,6.52163,0.23,0.26,3.46469,3.87642,0,0.649293,4.6872,4.27854e+06,2.92794e+06,1.48238e+07,0,0,0,0,54.3354,61.3098,4.56257,1,1,1.61394,1.80574,0,1.24695,1.90512,8.89167e+06,3.91359e+06,1.43507e+07,0,0,0,0
43.2934,85.1408,4.55071,0.23,0.26,3.2037,3.58442,0,0.649282,4.6872,4.27854e+06,3.51353e+06,1.37072e+07,0,0,0,0,55.9713,61.3098,5.76276,0,1,1.45181,1.62433,0,1.24693,1.90512,8.89167e+06,4.69631e+06,1.2909e+07,0,0,0,0
44.7034,85.1408,4.64063,0.18,0.26,3.20365,3.58436,0,0.600374,4.6872,4.27854e+06,3.51353e+06,1.37069e+07,0,0,0,0,58.4613,61.3098,7.87369,0,1,1.45178,1.62431,0,1.12166,1.90512,8.89167e+06,4.69631e+06,1.29088e+07,0,0,0,0
49.1749,85.1408,7.74495,0.18,0.26,3.2036,3.5843,0,0.600364,4.6872,4.27854e+06,3.51353e+06,1.37067e+07,0,0,0,0,60.9258,61.3098,7.86479,0,1,1.45176,1.62428,0,1.12165,1.90512,8.89167e+06,4.69631e+06,1.29085e+07,0,0,0,0
53.5916,85.1408,7.70345,0.2,0.26,3.20354,3.58424,0,0.600354,4.6872,4.27854e+06,3.51353e+06,1.37065e+07,0,0,0,0,61.3098,61.3098,8.35699,0,1,1.45173,1.62425,0,1.12163,1.90512,8.89167e+06,4.69631e+06,1.29083e+07,0,0,0,0
50.0266,85.1408,1.82804e-322,0.18,0.26,3.20349,3.58418,0,0.600344,4.6872,4.27854e+06,3.51353e+06,1.37062e+07,0,0,0,0,59.4457,61.3098,3.65609e-322,0,1,1.45171,1.62423,0,1.12161,1.90512,8.89167e+06,4.69631e+06,1.29081e+07,0,0,0,0
