0volume,0demand,0up_spill,0ww_inflow,0catch_inflow,0evap,0ds_spill,0treat_cap,1volume,1demand,1up_spill,1ww_inflow,1catch_inflow,1evap,1ds_spill,1treat_cap,2volume,2s_area,2demand,2up_spill,2ww_inflow,2catch_inflow,2evap,2ds_spill,2treat_cap,2valloc_0,2talloc_0,2valloc_1,2talloc_1,3volume,3demand,3up_spill,3ww_inflow,3catch_inflow,3evap,3ds_spill,3treat_cap,3valloc_1,3talloc_1,3valloc_2,3talloc_2,4demand,4up_spill,4ww_inflow,4catch_inflow,4ds_spill,4treat_cap,11volume,11s_area,11demand,11up_spill,11ww_inflow,11catch_inflow,11evap,11ds_spill,11treat_cap
72.29,1.84028,0,0,5.12883,0.30148,2.98707,3.6288,61.308,0,0,0,1.76125,0.224745,1.5365,0.66528,12.849,1,0.327095,2.98707,0,109.725,3.99711,108.388,0.84672,12.849,0.84672,3695.15,0,36.966,0.0415766,0.268402,0,6.7595,1.03145,5.95488,0.42336,36.966,0.42336,423.524,0,1.69344,0,0,1.96184,0.268402,1.028160,1,0,115.88,0,0,0,115.88,0
72.29,1.85859,0,0,8.76545,0.291266,6.6156,3.6288,61.308,0.428333,0,0,2.51073,0.253713,1.82869,0.66528,12.849,1,0.33035,6.6156,0,114.644,4.99107,115.938,0.84672,12.849,0.84672,3695.15,0,36.966,0.258266,2.19014,1.74664,9.25111,1.26157,11.6681,0.42336,36.966,0.42336,423.524,0,1.02816,0,0,3.2183,2.19014,1.028160,1,0,129.435,0,0,0,129.435,0
72.29,1.85969,0,0,4.38576,0.291266,2.2348,3.6288,61.308,0.428333,0,0,1.24629,0.253713,0.564248,0.66528,12.849,1,0.330547,2.2348,0,94.0749,4.99107,90.9881,0.84672,12.849,0.84672,3695.15,0,36.966,0.258266,1.22668,1.73503,4.592,1.26157,6.03388,0.42336,36.966,0.42336,423.524,0,1.02816,0,0,2.25484,1.22668,1.028160,1,0,97.5862,0,0,0,97.5862,0
72.29,1.8608,0,0,10.9003,0.291266,8.74819,3.6288,61.308,0.428333,0,0,1.15525,0.253713,0.473208,0.66528,12.849,1,0.330744,8.74819,0,87.2891,4.99107,90.7154,0.84672,12.849,0.84672,3695.15,0,36.966,0.258266,0.952543,1.73527,4.97031,1.26157,6.13829,0.42336,36.966,0.42336,423.524,0,1.02816,0,0,1.9807,0.952543,1.028160,1,0,97.3269,0,0,0,97.3269,0
72.29,2.06673,0,0,7.64374,0.289023,5.28799,3.6288,61.308,0.533558,0,0,1.62358,0.264363,0.825656,0.66528,12.849,1,0.367345,5.28799,0,114.195,4.87503,114.24,0.84672,12.849,0.84672,3695.15,0,36.966,0.321712,1.16929,1.73552,8.83751,1.32199,10.0986,0.42336,36.966,0.42336,423.524,0,1.02816,0,0,2.19745,1.16929,1.028160,1,0,125.165,0,0,0,125.165,0
72.29,2.21112,0,0,5.93182,0.304412,3.41629,3.6288,61.308,0.428369,0,0,1.59077,0.226232,0.936171,0.66528,12.849,1,0.39301,3.41629,0,111.36,4.18309,110.2,0.84672,12.849,0.84672,3695.15,0,36.966,0.258287,1.50863,1.91128,7.4145,1.11985,9.45628,0.42336,36.966,0.42336,423.524,0,1.02816,0,0,2.53679,1.50863,1.028160,1,0,120.593,0,0,0,120.593,0
72.29,2.21235,0,0,7.87411,0.304412,5.35735,3.6288,61.308,0.428369,0,0,1.6484,0.226232,0.993799,0.66528,12.849,1,0.393228,5.35735,0,150.136,4.18309,150.917,0.84672,12.849,0.84672,3695.15,0,36.966,0.258287,1.60104,1.81288,7.91484,1.11985,9.95064,0.42336,36.966,0.42336,423.524,0,1.02816,0,0,2.6292,1.60104,1.028160,1,0,161.862,0,0,0,161.862,0
72.29,2.21357,0,0,6.35665,0.304412,3.83866,3.6288,61.308,0.428369,0,0,2.29014,0.226232,1.63554,0.66528,12.849,1,0.393446,3.83866,0,119.111,4.18309,118.373,0.84672,12.849,0.84672,3695.15,0,36.966,0.258287,1.98958,1.81315,8.21629,1.11985,10.6409,0.42336,36.966,0.42336,423.524,0,1.02816,0,0,3.01774,1.98958,1.028160,1,0,130.65,0,0,0,130.65,0
72.29,1.92228,0,0,6.00593,0.319497,3.76416,3.6288,61.308,0.286967,0,0,2.13492,0.213478,1.63447,0.66528,12.849,1,0.34167,3.76416,0,141.517,3.88178,141.058,0.84672,12.849,0.84672,3695.15,0,36.966,0.173028,2.22652,1.81342,8.87933,1.0354,11.7108,0.42336,36.966,0.42336,423.524,0,1.02816,0,0,3.25468,2.22652,1.028160,1,0,154.403,0,0,0,154.403,0
72.29,1.75913,0,0,5.92104,0.33081,3.83109,3.6288,61.308,0.407616,0,0,2.00394,0.203913,1.39241,0.66528,12.849,1,0.312673,3.83109,0,158.134,3.65578,157.997,0.84672,12.849,0.84672,3695.15,0,36.966,0.245774,2.46937,1.57401,10.653,0.972067,13.4786,0.42336,36.966,0.42336,423.524,0,1.02816,0,0,3.49753,2.46937,1.028160,1,0,172.868,0,0,0,172.868,0
72.29,1.75981,0,0,5.88083,0.285497,3.83553,3.6288,61.308,0.407903,0,0,1.82534,0.179848,1.23759,0.66528,12.849,1,0.312793,3.83553,0,170.537,3.30701,170.753,0.84672,12.849,0.84672,3695.15,0,36.966,0.245948,2.55846,1.68742,10.9509,0.921965,14.0288,0.42336,36.966,0.42336,423.524,0,1.02816,0,0,3.58662,2.55846,1.028160,1,0,186.019,0,0,0,186.019,0
72.29,1.76048,0,0,5.10206,0.305756,3.03582,3.6288,61.308,0.408191,0,0,1.52707,0.171134,0.947744,0.66528,12.849,1,0.312912,3.03582,0,145.594,3.50884,144.808,0.84672,12.849,0.84672,3695.15,0,36.966,0.246121,1.95306,1.68793,8.67344,0.946706,11.1216,0.42336,36.966,0.42336,423.524,0,1.02816,0,0,2.98122,1.95306,1.028160,1,0,156.877,0,0,0,156.877,0
72.29,1.76116,0,0,4.73136,0.324138,2.64607,3.6288,61.308,0.408479,0,0,1.46765,0.171965,0.887207,0.66528,12.849,1,0.313032,2.64607,0,132.813,3.56036,131.586,0.84672,12.849,0.84672,3695.15,0,36.966,0.246294,1.62742,1.68843,7.4787,0.952279,9.59598,0.42336,36.966,0.42336,423.524,0,1.02816,0,0,2.65558,1.62742,1.028160,1,0,142.069,0,0,0,142.069,0
72.29,1.83559,0,0,5.81224,0.304245,3.67241,3.6288,61.308,0.443416,0,0,3.65919,0.154552,3.06122,0.66528,12.849,1,0.326261,3.67241,0,116.712,2.75719,117.301,0.84672,12.849,0.84672,3695.15,0,36.966,0.26736,3.00953,1.68894,7.55732,0.836162,11.1523,0.42336,36.966,0.42336,423.524,0,1.02816,0,0,4.03769,3.00953,1.028160,1,0,131.514,0,0,0,131.514,0
72.29,1.85722,0,0,5.05028,0.304245,2.88881,3.6288,61.308,0.428334,0,0,4.57813,0.154552,3.99524,0.66528,12.849,1,0.330107,2.88881,0,128.714,2.75719,128.515,0.84672,12.849,0.84672,3695.15,0,36.966,0.258266,4.40163,1.74863,10.9428,0.836162,15.9987,0.42336,36.966,0.42336,423.524,0,1.02816,0,0,5.42979,4.40163,1.028160,1,0,148.509,0,0,0,148.509,0
72.29,1.85833,0,0,3.9386,0.304245,1.77603,3.6288,61.308,0.428334,0,0,3.62499,0.154552,3.0421,0.66528,12.849,1,0.330304,1.77603,0,147.527,2.75719,146.216,0.84672,12.849,0.84672,3695.15,0,36.966,0.258266,4.46032,1.73473,7.50781,0.836162,12.6084,0.42336,36.966,0.42336,423.524,0,1.02816,0,0,5.48848,4.46032,1.028160,1,0,161.866,0,0,0,161.866,0
72.29,1.85943,0,0,3.12809,0.265723,1.00293,3.6288,61.308,0.428334,0,0,2.61838,0.118986,2.07106,0.66528,12.849,1,0.3305,1.00293,0,103.556,1.50117,102.728,0.84672,12.849,0.84672,3695.15,0,36.966,0.258266,3.07915,1.73497,5.96803,0.696092,9.82779,0.42336,36.966,0.42336,423.524,0,1.02816,0,0,4.10731,3.07915,1.028160,1,0,114.627,0,0,0,114.627,0
72.29,1.83167,0,0,3.39683,0.236696,1.32847,3.6288,61.308,0.414858,0,0,1.68966,0.172326,1.10247,0.66528,12.849,1,0.325565,1.32847,0,78.0252,3.74823,75.2799,0.84672,12.849,0.84672,3695.15,0,36.966,0.250141,1.77377,1.73522,6.59496,0.931358,8.92245,0.42336,36.966,0.42336,423.524,0,1.02816,0,0,2.80193,1.77377,1.028160,1,0,85.3048,0,0,0,85.3048,0
72.29,1.81442,0,0,3.36764,0.21157,1.34165,3.6288,61.308,0.42833,0,0,1.44272,0.141576,0.87281,0.66528,12.849,1,0.3225,1.34165,0,76.7267,3.3256,74.4202,0.84672,12.849,0.84672,3695.15,0,36.966,0.258264,1.69108,1.7124,5.09901,0.861834,7.38239,0.42336,36.966,0.42336,423.524,0,1.02816,0,0,2.71924,1.69108,1.028160,1,0,82.6754,0,0,0,82.6754,0
72.29,1.81551,0,0,2.93661,0.156714,0.964378,3.6288,61.308,0.42833,0,0,1.38296,0.20078,0.753852,0.66528,12.849,1,0.322694,0.964378,0,65.5914,4.09006,62.143,0.84672,12.849,0.84672,3695.15,0,36.966,0.258264,1.31954,1.72528,4.445,1.07569,6.15587,0.42336,36.966,0.42336,423.524,0,1.02816,0,0,2.3477,1.31954,1.028160,1,0,69.0528,0,0,0,69.0528,0
72.29,1.81661,0,0,2.74539,0.156714,0.772065,3.6288,61.308,0.42833,0,0,1.45723,0.20078,0.828121,0.66528,12.849,1,0.322888,0.772065,0,63.3806,4.09006,59.7397,0.84672,12.849,0.84672,3695.15,0,36.966,0.258264,1.70759,1.72552,4.52999,1.07569,6.62914,0.42336,36.966,0.42336,423.524,0,1.02816,0,0,2.73575,1.70759,1.028160,1,0,67.197,0,0,0,67.197,0
72.29,1.91585,0,0,2.82563,0.15526,0.754525,3.6288,61.308,0.476182,0,0,1.37287,0.20975,0.686938,0.66528,12.849,1,0.340528,0.754525,0,66.752,4.2851,62.8809,0.84672,12.849,0.84672,3695.15,0,36.966,0.287117,1.36703,1.72576,4.43324,1.07524,6.16367,0.42336,36.966,0.42336,423.524,0,1.02816,0,0,2.39519,1.36703,1.028160,1,0,69.7315,0,0,0,69.7315,0
72.29,1.9821,0,0,2.5771,0.136932,0.458069,3.6288,61.308,0.428346,0,0,0.95002,0.207825,0.313849,0.66528,12.849,1,0.352304,0.458069,0,53.4431,4.13839,49.4104,0.84672,12.849,0.84672,3695.15,0,36.966,0.258274,1.01873,1.80693,4.1242,1.07753,5.61405,0.42336,36.966,0.42336,423.524,0,1.02816,0,0,2.04689,1.01873,1.028160,1,0,55.3383,0,0,0,55.3383,0
72.158,1.98325,0,0,2.3125,0.0984099,0.36288,3.6288,61.308,0.428346,0,0,0.923124,0.209767,0.28501,0.66528,12.849,1,0.352508,0.36288,0,46.7494,4.20326,42.5565,0.84672,12.849,0.84672,3695.15,0,36.966,0.258274,1.02781,1.76231,3.85473,1.03657,5.35001,0.42336,36.966,0.42336,423.524,0,1.02816,0,0,2.05597,1.02781,1.028160,1,0,48.1915,0,0,0,48.1915,0
71.9964,1.98385,0,0,2.28352,0.0983113,0.36288,3.6288,61.308,0.428346,0,0,1.00267,0.209767,0.364559,0.66528,12.849,1,0.35326,0.36288,0,45.209,4.20326,41.0153,0.84672,12.849,0.84672,3695.15,0,36.966,0.258274,0.984649,1.76256,4.22624,1.03657,5.67861,0.42336,36.966,0.42336,423.524,0,1.02816,0,0,2.01281,0.984649,1.028160,1,0,47.0585,0,0,0,47.0585,0
71.8792,1.98433,0,0,2.32292,0.0929401,0.36288,3.6288,61.308,0.428346,0,0,0.943998,0.218508,0.297143,0.66528,12.849,1,0.354137,0.36288,0,43.5412,4.35908,39.1909,0.84672,12.849,0.84672,3695.15,0,36.966,0.258274,0.919633,1.76281,3.82604,1.06712,5.1831,0.42336,36.966,0.42336,423.524,0,1.02816,0,0,1.94779,0.919633,1.028160,1,0,44.6711,0,0,0,44.6711,0
72.29,1.96556,0,0,3.33503,0.0613821,0.897306,3.6288,61.308,0.45469,0,0,1.04232,0.270954,0.316677,0.66528,12.849,1,0.35136,0.897306,0,48.9004,5.294,44.1524,0.84672,12.849,0.84672,3695.15,0,36.966,0.274158,0.850548,1.76307,4.56168,1.25043,5.65071,0.42336,36.966,0.42336,423.524,0,1.02816,0,0,1.87871,0.850548,1.028160,1,0,50.1198,0,0,0,50.1198,0
72.29,2.00425,0,0,3.13738,0.0615741,1.07156,3.6288,61.308,0.428355,0,0,0.983249,0.270954,0.28394,0.66528,12.849,1,0.356241,1.07156,0,48.5384,5.294,43.9597,0.84672,12.849,0.84672,3695.15,0,36.966,0.258279,0.726019,1.79166,4.76767,1.25043,5.77664,0.42336,36.966,0.42336,423.524,0,1.02816,0,0,1.75418,0.726019,1.028160,1,0,50.0203,0,0,0,50.0203,0
72.29,2.00541,0,0,2.8568,0.0615741,0.789818,3.6288,61.308,0.428355,0,0,0.973305,0.270954,0.273995,0.66528,12.849,1,0.356446,0.789818,0,48.163,5.294,43.3024,0.84672,12.849,0.84672,3695.15,0,36.966,0.258279,0.728516,1.76721,4.58863,1.25043,5.57565,0.42336,36.966,0.42336,423.524,0,1.02816,0,0,1.75668,0.728516,1.028160,1,0,49.152,0,0,0,49.152,0
72.29,2.00656,0,0,2.58476,0.0615741,0.516624,3.6288,61.308,0.428355,0,0,0.90326,0.270954,0.203951,0.66528,12.849,1,0.356651,0.516624,0,43.2507,5.294,38.1167,0.84672,12.849,0.84672,3695.15,0,36.966,0.258279,0.510624,1.76746,4.40091,1.25043,5.17029,0.42336,36.966,0.42336,423.524,0,1.02816,0,0,1.53878,0.510624,1.028160,1,0,43.4909,0,0,0,43.4909,0
72.29,2.05799,0,0,2.47773,0.0422104,0.377524,3.6288,61.308,0.451865,0,0,0.879103,0.324109,0.103128,0.66528,12.849,1,0.365793,0.377524,0,40.8346,5.97357,34.8728,0.84672,12.849,0.84672,3695.15,0,36.966,0.272455,0.541261,1.76772,3.84368,1.46739,4.41281,0.42336,36.966,0.42336,423.524,0,1.02816,0,0,1.56942,0.541261,1.028160,1,0,39.3887,0,0,0,39.3887,0
72.0796,2.09116,0,0,2.28481,0.0411293,0.36288,3.6288,61.308,0.428363,0,0,0.827513,0.330014,0.0691355,0.66528,12.849,1,0.371688,0.36288,0,39.7225,6.04779,33.6659,0.84672,12.849,0.84672,3695.15,0,36.966,0.258284,0.358612,1.80818,3.26431,1.48205,3.69077,0.42336,36.966,0.42336,423.524,0,1.02816,0,0,1.38677,0.358612,1.028160,1,0,37.4258,0,0,0,37.4258,0
71.9247,2.09143,0,0,2.33557,0.0361706,0.36288,3.6288,61.308,0.428363,0,0,0.918994,0.332604,0.158026,0.66528,12.849,1,0.37282,0.36288,0,37.78,6.12257,31.6475,0.84672,12.849,0.84672,3695.15,0,36.966,0.258284,0.545746,1.7864,4.03771,1.49699,4.61457,0.42336,36.966,0.42336,423.524,0,1.02816,0,0,1.57391,0.545746,1.028160,1,0,36.4201,0,0,0,36.4201,0
71.8778,2.09193,0,0,2.43353,0.0256629,0.36288,3.6288,61.308,0.428363,0,0,0.942166,0.303672,0.21013,0.66528,12.849,1,0.373712,0.36288,0,37.8375,6.24795,31.5787,0.84672,12.849,0.84672,3695.15,0,36.966,0.258284,0.647257,1.78666,4.40749,1.54786,5.03526,0.42336,36.966,0.42336,423.524,0,1.02816,0,0,1.67542,0.647257,1.028160,1,0,36.8241,0,0,0,36.8241,0
71.8253,2.2402,0,0,2.56822,0.0176215,0.36288,3.6288,61.308,0.513336,0,0,1.05678,0.311862,0.231586,0.66528,12.849,1,0.400462,0.36288,0,39.4117,6.20634,33.1678,0.84672,12.849,0.84672,3695.15,0,36.966,0.309519,0.88636,1.78692,3.99855,1.55075,4.81156,0.42336,36.966,0.42336,423.524,0,1.02816,0,0,1.91452,0.88636,1.028160,1,0,38.2109,0,0,0,38.2109,0
70.7725,2.35336,0,0,1.66734,0.00393267,0.36288,3.6288,61.3057,0.430863,0,0,0.771915,0.343313,0,0.66528,12.849,1,0.420999,0.36288,0,28.6674,6.01892,22.5904,0.84672,12.849,0.84672,3695.15,0,36.966,0.259791,0.358525,1.92495,2.84653,1.53055,3.33966,0.42336,36.966,0.42336,423.524,0,1.02816,0,0,1.38669,0.358525,1.028160,1,0,25.9301,0,0,0,25.9301,0
69.8321,2.34885,0,0,1.77527,0.00390115,0.36288,3.6288,61.2968,0.431215,0,0,0.765573,0.343309,0,0.66528,12.849,1,0.426442,0.36288,0,26.7793,6.01892,20.6969,0.84672,12.849,0.84672,3695.15,0,36.966,0.260013,0.337116,1.84787,3.00011,1.53055,3.39453,0.42336,36.966,0.42336,423.524,0,1.02816,0,0,1.36528,0.337116,1.028160,1,0,24.0914,0,0,0,24.0914,0
69.7752,2.34478,0,0,2.66458,0.0138639,0.36288,3.6288,61.308,0.431549,0,0,0.911598,0.341144,0.127694,0.66528,12.849,1,0.431435,0.36288,0,39.5446,5.95954,33.5165,0.84672,12.849,0.84672,3695.15,0,36.966,0.260252,0.606865,1.84849,3.18824,1.52327,3.86007,0.42336,36.966,0.42336,423.524,0,1.02816,0,0,1.63502,0.606865,1.028160,1,0,37.5043,0,0,0,37.5043,0
70.7899,2.34526,0,0,3.75198,0.029165,0.36288,3.6288,61.308,0.431936,0,0,1.17006,0.332067,0.40606,0.66528,12.849,1,0.431877,0.36288,0,51.6156,5.96388,45.5827,0.84672,12.849,0.84672,3695.15,0,36.966,0.260438,0.684461,1.8491,3.51034,1.503,4.28046,0.42336,36.966,0.42336,423.524,0,1.02816,0,0,1.71262,0.684461,1.028160,1,0,50.2693,0,0,0,50.2693,0
69.9137,2.27955,0,0,1.7246,-0.0416417,0.36288,3.6288,61.2724,0.380633,0,0,0.704281,0.359283,0,0.66528,12.849,1,0.413758,0.36288,0,31.1291,6.48504,24.5931,0.84672,12.849,0.84672,3695.15,0,36.966,0.229505,0.213831,1.84972,2.3708,1.53246,2.67239,0.42336,36.966,0.42336,423.524,0,1.02816,0,0,1.24199,0.213831,1.028160,1,0,27.2655,0,0,0,27.2655,0
69.0817,2.21174,0,0,1.80376,0.061094,0.36288,3.6288,61.308,0.428281,0,0,0.898776,0.298296,0.136563,0.66528,12.849,1,0.406482,0.36288,0,28.9527,4.95999,23.9491,0.84672,12.849,0.84672,3695.15,0,36.966,0.258385,0.466405,1.77047,2.85425,1.16484,3.6679,0.42336,36.966,0.42336,423.524,0,1.02816,0,0,1.49456,0.466405,1.028160,1,0,27.7536,0,0,0,27.7536,0
68.2484,2.20883,0,0,1.80817,0.0697254,0.36288,3.6288,61.308,0.428375,0,0,1.00542,0.301381,0.275663,0.66528,12.849,1,0.410836,0.36288,0,33.0178,5.00881,27.961,0.84672,12.849,0.84672,3695.15,0,36.966,0.258291,0.493085,1.81553,3.12497,1.1928,3.98249,0.42336,36.966,0.42336,423.524,0,1.02816,0,0,1.52124,0.493085,1.028160,1,0,32.2191,0,0,0,32.2191,0
67.5521,2.20582,0,0,1.94163,0.0692736,0.36288,3.6288,61.308,0.428375,0,0,1.05735,0.301381,0.327598,0.66528,12.849,1,0.415286,0.36288,0,48.5043,5.00881,43.443,0.84672,12.849,0.84672,3695.15,0,36.966,0.258291,0.604048,1.8158,3.42286,1.1928,4.39162,0.42336,36.966,0.42336,423.524,0,1.02816,0,0,1.63221,0.604048,1.028160,1,0,48.1623,0,0,0,48.1623,0
67.2712,2.14491,0,0,2.34949,0.122655,0.36288,3.6288,61.308,0.381288,0,0,1.75745,0.245707,1.13046,0.66528,12.849,1,0.40798,0.36288,0,104.416,4.33261,100.038,0.84672,12.849,0.84672,3695.15,0,36.966,0.2299,1.29828,1.81607,6.84533,1.063,8.66678,0.42336,36.966,0.42336,423.524,0,1.02816,0,0,2.32644,1.29828,1.028160,1,0,109.836,0,0,0,109.836,0
67.2368,2.0813,0,0,2.57244,0.162614,0.36288,3.6288,61.308,0.42836,0,0,1.41738,0.203951,0.785073,0.66528,12.849,1,0.397534,0.36288,0,87.0713,3.82546,83.2112,0.84672,12.849,0.84672,3695.15,0,36.966,0.258282,1.97219,1.74497,9.14172,0.965655,11.635,0.42336,36.966,0.42336,423.524,0,1.02816,0,0,3.00035,1.97219,1.028160,1,0,95.6312,0,0,0,95.6312,0
68.7812,2.0823,0,0,4.15957,0.169958,0.36288,3.6288,61.308,0.42836,0,0,1.1368,0.202722,0.505718,0.66528,12.849,1,0.397929,0.36288,0,98.3327,4.0004,94.2973,0.84672,12.849,0.84672,3695.15,0,36.966,0.258282,1.55679,1.78939,7.86136,1.00795,9.9413,0.42336,36.966,0.42336,423.524,0,1.02816,0,0,2.58495,1.55679,1.028160,1,0,104.744,0,0,0,104.744,0
68.8036,2.09101,0,0,2.66697,0.190724,0.36288,3.6288,61.308,0.42836,0,0,1.29042,0.19965,0.662409,0.66528,12.849,1,0.39062,0.36288,0,94.6348,4.43772,90.1693,0.84672,12.849,0.84672,3695.15,0,36.966,0.258282,1.53128,1.78965,7.93558,1.11371,9.88453,0.42336,36.966,0.42336,423.524,0,1.02816,0,0,2.55944,1.53128,1.028160,1,0,100.716,0,0,0,100.716,0
69.104,1.92534,0,0,2.79242,0.203786,0.36288,3.6288,61.308,0.330161,0,0,1.45918,0.203243,0.92578,0.66528,12.849,1,0.359556,0.36288,0,121.643,4.49637,117.15,0.84672,12.849,0.84672,3695.15,0,36.966,0.199072,1.64334,1.78991,7.72616,1.08473,9.87561,0.42336,36.966,0.42336,423.524,0,1.02816,0,0,2.6715,1.64334,1.028160,1,0,127.951,0,0,0,127.951,0
67.6657,1.79691,0,0,0.958427,0.236909,0.36288,3.6288,61.308,0.426957,0,0,1.19523,0.212226,0.556049,0.66528,12.849,1,0.334112,0.36288,0,98.9142,4.643,94.2999,0.84672,12.849,0.84672,3695.15,0,36.966,0.257436,0.965002,1.63143,5.14939,1.01231,6.47608,0.42336,36.966,0.42336,423.524,0,1.02816,0,0,1.99316,0.965002,1.028160,1,0,101.332,0,0,0,101.332,0
66.8982,1.79162,0,0,1.62119,0.234259,0.36288,3.6288,61.308,0.42725,0,0,1.55676,0.212226,0.917288,0.66528,12.849,1,0.34021,0.36288,0,87.6295,4.643,83.0091,0.84672,12.849,0.84672,3695.15,0,36.966,0.257613,1.7642,1.72247,6.27534,1.01231,8.49209,0.42336,36.966,0.42336,423.524,0,1.02816,0,0,2.79236,1.7642,1.028160,1,0,92.4185,0,0,0,92.4185,0
66.3222,1.78903,0,0,1.80881,0.232845,0.36288,3.6288,61.308,0.427544,0,0,1.47434,0.212226,0.834569,0.66528,12.849,1,0.343615,0.36288,0,103.962,4.643,99.3379,0.84672,12.849,0.84672,3695.15,0,36.966,0.25779,1.64381,1.72299,6.26726,1.01231,8.36396,0.42336,36.966,0.42336,423.524,0,1.02816,0,0,2.67197,1.64381,1.028160,1,0,108.536,0,0,0,108.536,0
66.7837,1.78721,0,0,2.8646,0.253088,0.36288,3.6288,61.308,0.427837,0,0,2.40426,0.19652,1.7799,0.66528,12.849,1,0.346246,0.36288,0,118.423,3.63606,114.804,0.84672,12.849,0.84672,3695.15,0,36.966,0.257967,1.63363,1.7235,8.88857,0.946543,11.0412,0.42336,36.966,0.42336,423.524,0,1.02816,0,0,2.66179,1.63363,1.028160,1,0,127.625,0,0,0,127.625,0
71.193,1.8539,0,0,6.85429,0.228204,0.36288,3.6288,61.308,0.456607,0,0,1.78353,0.176358,1.15056,0.66528,12.849,1,0.356685,0.36288,0,95.3441,3.51745,91.8329,0.84672,12.849,0.84672,3695.15,0,36.966,0.275314,2.27516,1.72402,5.56894,0.798488,8.49432,0.42336,36.966,0.42336,423.524,0,1.02816,0,0,3.30332,2.27516,1.028160,1,0,101.478,0,0,0,101.478,0
72.29,1.9121,0,0,5.92176,0.229655,2.68297,3.6288,61.308,0.428328,0,0,1.28193,0.173534,0.680064,0.66528,12.849,1,0.345098,2.68297,0,98.4208,3.50227,97.2564,0.84672,12.849,0.84672,3695.15,0,36.966,0.258263,1.54419,1.7741,4.52847,0.77041,6.8181,0.42336,36.966,0.42336,423.524,0,1.02816,0,0,2.57235,1.54419,1.028160,1,0,104.755,0,0,0,104.755,0
72.29,1.91763,0,0,4.19389,0.239631,2.03663,3.6288,61.308,0.428328,0,0,1.12749,0.174622,0.524544,0.66528,12.849,1,0.340845,2.03663,0,74.0949,3.45843,72.3323,0.84672,12.849,0.84672,3695.15,0,36.966,0.258263,1.21982,1.74781,3.82246,0.792278,5.73955,0.42336,36.966,0.42336,423.524,0,1.02816,0,0,2.24798,1.21982,1.028160,1,0,78.5964,0,0,0,78.5964,0
72.29,1.91872,0,0,3.89604,0.287919,1.6894,3.6288,61.308,0.428328,0,0,1.12101,0.18115,0.511527,0.66528,12.849,1,0.341038,1.6894,0,87.1681,3.19536,85.3211,0.84672,12.849,0.84672,3695.15,0,36.966,0.258263,1.16661,1.74806,4.3366,0.923487,6.06951,0.42336,36.966,0.42336,423.524,0,1.02816,0,0,2.19477,1.16661,1.028160,1,0,91.9021,0,0,0,91.9021,0
72.29,2.1282,0,0,8.83445,0.290088,6.41617,3.6288,61.308,0.535389,0,0,1.82002,0.173876,1.11075,0.66528,12.849,1,0.378271,6.41617,0,268.384,3.12638,271.296,0.84672,12.849,0.84672,3695.15,0,36.966,0.322816,2.74833,1.7483,10.2528,0.945238,13.4814,0.42336,36.966,0.42336,423.524,0,1.02816,0,0,3.77649,2.74833,1.028160,1,0,285.888,0,0,0,285.888,0
72.29,2.27507,0,0,3.9447,0.29298,1.37665,3.6288,61.308,0.428363,0,0,1.31304,0.164177,0.720498,0.66528,12.849,1,0.404376,1.37665,0,89.5899,3.03439,87.5278,0.84672,12.849,0.84672,3695.15,0,36.966,0.258284,1.15835,1.92712,5.51143,0.974241,7.36437,0.42336,36.966,0.42336,423.524,0,1.02816,0,0,2.18651,1.15835,1.028160,1,0,95.6126,0,0,0,95.6126,0
72.29,2.27627,0,0,4.51953,0.29298,1.95028,3.6288,61.308,0.428363,0,0,1.61122,0.164177,1.01868,0.66528,12.849,1,0.40459,1.95028,0,115.103,3.03439,113.614,0.84672,12.849,0.84672,3695.15,0,36.966,0.258284,3.45829,1.82699,8.67794,0.974241,12.7307,0.42336,36.966,0.42336,423.524,0,1.02816,0,0,4.48645,3.45829,1.028160,1,0,127.364,0,0,0,127.364,0
72.29,2.27748,0,0,4.20438,0.321898,1.605,3.6288,61.308,0.428363,0,0,1.1073,0.149104,0.529836,0.66528,12.849,1,0.404804,1.605,0,124.963,3.12194,123.041,0.84672,12.849,0.84672,3695.15,0,36.966,0.258284,2.25278,1.82725,6.38164,0.935907,9.26748,0.42336,36.966,0.42336,423.524,0,1.02816,0,0,3.28094,2.25278,1.028160,1,0,132.838,0,0,0,132.838,0
72.29,1.98107,0,0,8.30123,0.33921,5.98095,3.6288,61.308,0.284501,0,0,1.3699,0.166779,0.918619,0.66528,12.849,1,0.35212,5.98095,0,131.116,3.19911,133.546,0.84672,12.849,0.84672,3695.15,0,36.966,0.171541,4.50939,1.82752,10.1796,0.962189,15.3828,0.42336,36.966,0.42336,423.524,0,1.02816,0,0,5.53755,4.50939,1.028160,1,0,149.847,0,0,0,149.847,0
72.29,1.79419,0,0,4.19356,0.297831,2.10154,3.6288,61.308,0.422577,0,0,1.21412,0.157412,0.634129,0.66528,12.849,1,0.318903,2.10154,0,113.14,3.34656,111.576,0.84672,12.849,0.84672,3695.15,0,36.966,0.254795,1.48201,1.58393,9.31487,0.963617,11.1624,0.42336,36.966,0.42336,423.524,0,1.02816,0,0,2.51017,1.48201,1.028160,1,0,123.373,0,0,0,123.373,0
72.29,1.79485,0,0,4.53087,0.297831,2.43819,3.6288,61.308,0.422859,0,0,1.24794,0.157412,0.667664,0.66528,12.849,1,0.319021,2.43819,0,81.0406,3.34656,79.8132,0.84672,12.849,0.84672,3695.15,0,36.966,0.254965,1.67358,1.71369,10.1037,0.963617,12.2724,0.42336,36.966,0.42336,423.524,0,1.02816,0,0,2.70174,1.67358,1.028160,1,0,92.7533,0,0,0,92.7533,0
72.29,1.79551,0,0,3.43161,0.297831,1.33827,3.6288,61.308,0.423142,0,0,0.959351,0.157412,0.378797,0.66528,12.849,1,0.319139,1.33827,0,77.3004,3.34656,74.9729,0.84672,12.849,0.84672,3695.15,0,36.966,0.255136,1.06009,1.71418,8.94568,0.963617,10.5012,0.42336,36.966,0.42336,423.524,0,1.02816,0,0,2.08825,1.06009,1.028160,1,0,85.8529,0,0,0,85.8529,0
72.29,1.79617,0,0,4.17525,0.271855,2.10722,3.6288,61.308,0.423424,0,0,1.04774,0.151522,0.472792,0.66528,12.849,1,0.319256,2.10722,0,88.1003,3.35343,86.5349,0.84672,12.849,0.84672,3695.15,0,36.966,0.255306,1.33927,1.71468,8.21362,0.980668,10.0316,0.42336,36.966,0.42336,423.524,0,1.02816,0,0,2.36743,1.33927,1.028160,1,0,97.0393,0,0,0,97.0393,0
72.29,1.87187,0,0,5.6699,0.304184,3.49384,3.6288,61.308,0.458958,0,0,0.997402,0.21394,0.324504,0.66528,12.849,1,0.332711,3.49384,0,103.971,4.28348,102.849,0.84672,12.849,0.84672,3695.15,0,36.966,0.276731,1.41562,1.71517,7.56743,1.13979,9.28171,0.42336,36.966,0.42336,423.524,0,1.02816,0,0,2.44378,1.41562,1.028160,1,0,112.455,0,0,0,112.455,0
72.29,1.91464,0,0,7.26827,0.304184,5.04944,3.6288,61.308,0.428328,0,0,1.76059,0.21394,1.11832,0.66528,12.849,1,0.340314,5.04944,0,142.892,4.28348,143.317,0.84672,12.849,0.84672,3695.15,0,36.966,0.258263,2.38395,1.77589,11.514,1.13979,14.2758,0.42336,36.966,0.42336,423.524,0,1.02816,0,0,3.41211,2.38395,1.028160,1,0,158.712,0,0,0,158.712,0
72.29,1.91573,0,0,6.47358,0.274162,4.28369,3.6288,61.308,0.428328,0,0,1.01067,0.223234,0.35911,0.66528,12.849,1,0.340507,4.28369,0,116.971,4.44532,116.469,0.84672,12.849,0.84672,3695.15,0,36.966,0.258263,1.61157,1.7474,8.76614,1.12589,10.741,0.42336,36.966,0.42336,423.524,0,1.02816,0,0,2.63973,1.61157,1.028160,1,0,127.569,0,0,0,127.569,0
72.29,1.91682,0,0,5.16485,0.232813,3.01522,3.6288,61.308,0.428329,0,0,0.794172,0.205595,0.160248,0.66528,12.849,1,0.3407,3.01522,0,91.6808,3.76289,90.5924,0.84672,12.849,0.84672,3695.15,0,36.966,0.258263,1.08373,1.74764,6.0966,1.01195,7.65775,0.42336,36.966,0.42336,423.524,0,1.02816,0,0,2.11189,1.08373,1.028160,1,0,98.4104,0,0,0,98.4104,0
72.29,1.88853,0,0,4.58366,0.22599,2.46914,3.6288,61.308,0.41462,0,0,0.832844,0.214857,0.203367,0.66528,12.849,1,0.335672,2.46914,0,84.7377,3.84929,83.0218,0.84672,12.849,0.84672,3695.15,0,36.966,0.249997,1.02374,1.74788,5.34838,1.01506,6.85494,0.42336,36.966,0.42336,423.524,0,1.02816,0,0,2.0519,1.02374,1.028160,1,0,90.0802,0,0,0,90.0802,0
72.29,1.87095,0,0,3.67033,0.223261,1.57612,3.6288,61.308,0.428324,0,0,0.666153,0.218562,0.0192667,0.66528,12.849,1,0.332547,1.57612,0,64.0894,3.88385,61.4492,0.84672,12.849,0.84672,3695.15,0,36.966,0.25826,0.727453,1.72465,4.49062,1.0163,5.66817,0.42336,36.966,0.42336,423.524,0,1.02816,0,0,1.75561,0.727453,1.028160,1,0,67.1366,0,0,0,67.1366,0
72.29,1.87202,0,0,3.10045,0.223261,1.00516,3.6288,61.2749,0.428324,0,0,0.613778,0.218562,0,0.66528,12.849,1,0.332738,1.00516,0,56.1843,3.88385,52.9729,0.84672,12.849,0.84672,3695.15,0,36.966,0.258261,0.546998,1.73775,4.08799,1.0163,5.09818,0.42336,36.966,0.42336,423.524,0,1.02816,0,0,1.57516,0.546998,1.028160,1,0,58.071,0,0,0,58.071,0
72.29,1.87309,0,0,2.83033,0.223261,0.733979,3.6288,61.0254,0.559302,0,0,0.528322,0.218516,0,0.66528,12.849,1,0.332928,0.733979,0,55.6459,3.88385,52.1631,0.84672,12.849,0.84672,3695.15,0,36.966,0.337416,0.402797,1.73798,4.1733,1.0163,4.96037,0.42336,36.966,0.42336,423.524,0,0.818027,0,0,1.22082,0.402797,1.028160,1,0,57.1235,0,0,0,57.1235,0
72.29,1.97401,0,0,3.67468,0.198852,1.50182,3.6288,60.939,0.530663,0,0,0.675296,0.231064,0,0.66528,12.849,1,0.350865,1.50182,0,64.546,4.17566,61.5213,0.84672,12.849,0.84672,3695.15,0,36.966,0.321448,0.402797,1.73822,4.21396,1.06413,4.9694,0.42336,36.966,0.42336,423.524,0,0.940663,0,0,1.34346,0.402797,1.028160,1,0,66.4907,0,0,0,66.4907,0
72.29,2.04137,0,0,3.35686,0.183052,1.13245,3.6288,60.9745,0.427367,0,0,0.694424,0.231546,0,0.66528,12.849,1,0.362837,1.13245,0,65.5396,4.32028,61.9889,0.84672,12.849,0.84672,3695.15,0,36.966,0.259244,0.517648,1.82078,3.90885,1.13759,4.85044,0.42336,36.966,0.42336,423.524,0,1.02816,0,0,1.54581,0.517648,1.028160,1,0,66.8393,0,0,0,66.8393,0
72.29,2.04249,0,0,2.95335,0.128841,0.782016,3.6288,60.9086,0.427461,0,0,0.59171,0.230132,0,0.66528,12.849,1,0.363038,0.782016,0,56.6017,4.28746,52.7332,0.84672,12.849,0.84672,3695.15,0,36.966,0.25915,0.517968,1.77538,3.59667,1.08575,4.54512,0.42336,36.966,0.42336,423.524,0,1.02816,0,0,1.54613,0.517968,1.028160,1,0,57.2783,0,0,0,57.2783,0
72.29,2.04362,0,0,2.86668,0.128841,0.694221,3.6288,60.8797,0.427286,0,0,0.628387,0.230036,0,0.66528,12.849,1,0.363238,0.694221,0,53.95,4.28746,49.9935,0.84672,12.849,0.84672,3695.15,0,36.966,0.259324,0.500256,1.77563,3.82612,1.08575,4.75693,0.42336,36.966,0.42336,423.524,0,1.02816,0,0,1.52842,0.500256,1.028160,1,0,54.7504,0,0,0,54.7504,0
72.29,2.04475,0,0,2.71961,0.128841,0.546024,3.6288,60.8331,0.42721,0,0,0.610632,0.229994,0,0.66528,12.849,1,0.363439,0.546024,0,50.6716,4.28746,46.5667,0.84672,12.849,0.84672,3695.15,0,36.966,0.259401,0.435188,1.77588,3.53746,1.08575,4.40338,0.42336,36.966,0.42336,423.524,0,1.02816,0,0,1.46335,0.435188,1.028160,1,0,50.9701,0,0,0,50.9701,0
71.6333,2.0261,0,0,1.84996,0.117654,0.36288,3.6288,60.5412,0.662907,0,0,0.623312,0.252305,0,0.66528,12.849,1,0.360124,0.36288,0,28.7614,4.94897,23.8151,0.84672,12.849,0.84672,3695.15,0,36.966,0.402824,0.30119,1.77613,2.35129,1.30115,2.72463,0.42336,36.966,0.42336,423.524,0,0.691995,0,0,0.993185,0.30119,1.028160,1,0,26.5398,0,0,0,26.5398,0
70.8249,2.06084,0,0,1.73233,0.117068,0.36288,3.6288,60.2344,0.647474,0,0,0.592565,0.251838,0,0.66528,12.849,1,0.369657,0.36288,0,28.7237,4.94897,23.7679,0.84672,12.849,0.84672,3695.15,0,36.966,0.395343,0.261274,1.8052,2.41634,1.30115,2.78632,0.42336,36.966,0.42336,423.524,0,0.671967,0,0,0.933241,0.261274,1.028160,1,0,26.5543,0,0,0,26.5543,0
69.8627,2.0584,0,0,1.57547,0.116346,0.36288,3.6288,59.9072,0.653717,0,0,0.577833,0.251348,0,0.66528,12.849,1,0.373434,0.36288,0,28.1616,4.94897,23.202,0.84672,12.849,0.84672,3695.15,0,36.966,0.401188,0.261274,1.78032,2.31528,1.30115,2.65453,0.42336,36.966,0.42336,423.524,0,0.65988,0,0,0.921154,0.261274,1.028160,1,0,25.8566,0,0,0,25.8566,0
68.7591,2.05518,0,0,1.42997,0.115487,0.36288,3.6288,59.4631,0.735424,0,0,0.542093,0.250824,0,0.66528,12.849,1,0.377985,0.36288,0,25.0943,4.94897,20.1302,0.84672,12.849,0.84672,3695.15,0,36.966,0.42336,0.261274,1.78057,2.23973,1.30115,2.55706,0.42336,36.966,0.42336,423.524,0,0.556001,0,0,0.817275,0.261274,1.028160,1,0,22.6873,0,0,0,22.6873,0
67.4728,2.10194,0,0,1.27356,0.0950909,0.36288,3.6288,58.8701,0.793869,0,0,0.517027,0.316143,0,0.66528,12.849,1,0.39279,0.36288,0,22.8963,5.82122,17.0451,0.84672,12.849,0.84672,3695.15,0,36.966,0.42336,0.261274,1.78082,2.15755,1.52706,2.24923,0.42336,36.966,0.42336,423.524,0,0.535887,0,0,0.797161,0.261274,1.028160,1,0,19.2944,0,0,0,19.2944,0
66.0638,2.12899,0,0,1.18673,0.103804,0.36288,3.6288,58.2614,0.78471,0,0,0.483592,0.307579,0,0.66528,12.849,1,0.405429,0.36288,0,20.7821,5.73437,15.0052,0.84672,12.849,0.84672,3695.15,0,36.966,0.42336,0.261274,1.82197,1.96218,1.426,2.19606,0.42336,36.966,0.42336,423.524,0,0.506727,0,0,0.768001,0.261274,1.028160,1,0,17.2013,0,0,0,17.2013,0
64.5548,2.1229,0,0,1.07945,0.102652,0.36288,3.6288,57.5382,0.871008,0,0,0.454241,0.306377,0,0.66528,12.849,1,0.41289,0.36288,0,19.11,5.73437,13.3256,0.84672,12.849,0.84672,3695.15,0,36.966,0.42336,0.227405,1.7998,1.79581,1.426,1.97366,0.42336,36.966,0.42336,423.524,0,0.420429,0,0,0.647834,0.227405,1.028160,1,0,15.2992,0,0,0,15.2992,0
63.2053,2.11599,0,0,1.22127,0.0919749,0.36288,3.6288,57.1426,0.649002,0,0,0.552254,0.298905,0,0.66528,12.849,1,0.421167,0.36288,0,19.6523,5.87586,13.7181,0.84672,12.849,0.84672,3695.15,0,36.966,0.416958,0.227405,1.80006,2.63275,1.46288,2.78038,0.42336,36.966,0.42336,423.524,0,0.648838,0,0,0.876243,0.227405,1.028160,1,0,16.4985,0,0,0,16.4985,0
61.6533,2.25642,0,0,1.15437,0.0870434,0.36288,3.6288,56.5053,0.850665,0,0,0.495348,0.281976,0,0.66528,12.849,1,0.458707,0.36288,0,19.0519,6.01597,12.9401,0.84672,12.849,0.84672,3695.15,0,36.966,0.42336,0.227405,1.80032,2.07617,1.50917,2.17136,0.42336,36.966,0.42336,423.524,0,0.579308,0,0,0.806713,0.227405,1.028160,1,0,15.1114,0,0,0,15.1114,0
60.0347,2.3351,0,0,1.18578,0.10639,0.36288,3.6288,55.7113,0.920321,0,0,0.453348,0.327011,0,0.66528,12.849,1,0.486652,0.36288,0,18.1759,6.30451,11.7476,0.84672,12.849,0.84672,3695.15,0,36.966,0.42336,0.227405,1.9407,1.38157,1.54748,1.57884,0.42336,36.966,0.42336,423.524,0,0.404493,0,0,0.631898,0.227405,1.028160,1,0,13.3264,0,0,0,13.3264,0
58.2183,2.32504,0,0,0.976467,0.104934,0.36288,3.6288,54.8091,0.971454,0,0,0.39458,0.325318,0,0.66528,12.849,1,0.49762,0.36288,0,22.5643,6.30451,16.1251,0.84672,12.849,0.84672,3695.15,0,36.966,0.42336,0.204422,1.87944,1.23257,1.54748,1.3456,0.42336,36.966,0.42336,423.524,0,0.353923,0,0,0.558345,0.204422,1.028160,1,0,17.4707,0,0,0,17.4707,0
56.5195,2.31307,0,0,1.08024,0.103112,0.36288,3.6288,54.2283,0.799445,0,0,0.542026,0.323395,0,0.66528,12.849,1,0.510502,0.36288,0,19.3458,6.30451,12.8937,0.84672,12.849,0.84672,3695.15,0,36.966,0.42336,0.204422,1.88004,1.47295,1.54748,1.58657,0.42336,36.966,0.42336,423.524,0,0.526495,0,0,0.730917,0.204422,1.028160,1,0,14.4803,0,0,0,14.4803,0
54.755,2.30131,0,0,1.00327,0.103632,0.36288,3.6288,53.4971,0.857907,0,0,0.435659,0.308984,0,0.66528,12.849,1,0.523173,0.36288,0,18.5603,5.93482,12.4652,0.84672,12.849,0.84672,3695.15,0,36.966,0.42336,0.204422,1.88065,1.67348,1.40357,1.93162,0.42336,36.966,0.42336,423.524,0,0.468596,0,0,0.673019,0.204422,1.028160,1,0,14.3968,0,0,0,14.3968,0
53.6811,2.21857,0,0,1.59914,0.0915736,0.36288,3.6288,53.1658,0.689208,0,0,0.617619,0.259692,0,0.66528,12.849,1,0.520617,0.36288,0,23.9338,4.69191,19.0842,0.84672,12.849,0.84672,3695.15,0,36.966,0.42336,0.204422,1.88125,1.99111,1.30661,2.34682,0.42336,36.966,0.42336,423.524,0,0.553637,0,0,0.75806,0.204422,1.028160,1,0,21.431,0,0,0,21.431,0
52.5509,2.17208,0,0,1.49278,0.087993,0.36288,3.6288,53.4494,0.405036,0,0,0.945199,0.256529,0,0.66528,12.849,1,0.519906,0.36288,0,24.9864,4.63879,20.1905,0.84672,12.849,0.84672,3695.15,0,36.966,0.28162,0.339276,1.80063,2.34541,1.35041,2.85329,0.42336,36.966,0.42336,423.524,0,1.02816,0,0,1.36744,0.339276,1.028160,1,0,23.0438,0,0,0,23.0438,0
51.1755,2.16424,0,0,1.23866,0.0869808,0.36288,3.6288,52.9006,0.800056,0,0,0.508372,0.25711,0,0.66528,12.849,1,0.529169,0.36288,0,23.9405,4.63879,19.1354,0.84672,12.849,0.84672,3695.15,0,36.966,0.42336,0.216518,1.82935,1.74671,1.35041,2.0188,0.42336,36.966,0.42336,423.524,0,0.4914,0,0,0.707918,0.216518,1.028160,1,0,21.1542,0,0,0,21.1542,0
50.3055,2.154,0,0,1.78152,0.134616,0.36288,3.6288,52.6027,0.710252,0,0,0.62531,0.212972,0,0.66528,12.849,1,0.540822,0.36288,0,27.9412,4.01591,23.7473,0.84672,12.849,0.84672,3695.15,0,36.966,0.42336,0.216518,1.82961,1.92208,1.15572,2.38913,0.42336,36.966,0.42336,423.524,0,0.581204,0,0,0.797723,0.216518,1.028160,1,0,26.1364,0,0,0,26.1364,0
51.05,2.09125,0,0,3.36188,0.163195,0.36288,3.6288,53.4816,0.358185,0,0,1.42976,0.192701,0,0.66528,12.849,1,0.534145,0.36288,0,76.0817,4.03548,71.8749,0.84672,12.849,0.84672,3695.15,0,36.966,0.251711,0.552286,1.82988,6.27614,0.941085,7.46551,0.42336,36.966,0.42336,423.524,0,1.02816,0,0,1.58045,0.552286,1.028160,1,0,79.3404,0,0,0,79.3404,0
53.1488,2.03726,0,0,4.65302,0.154162,0.36288,3.6288,54.7561,0.406005,0,0,1.88427,0.203735,0,0.66528,12.849,1,0.512767,0.36288,0,83.9471,4.57012,79.2271,0.84672,12.849,0.84672,3695.15,0,36.966,0.280627,1.25747,1.75756,6.02287,0.946034,7.81125,0.42336,36.966,0.42336,423.524,0,1.02816,0,0,2.28563,1.25747,1.028160,1,0,87.0383,0,0,0,87.0383,0
56.1849,2.05467,0,0,5.66082,0.207142,0.36288,3.6288,55.6651,0.409905,0,0,1.46981,0.150923,0,0.66528,12.849,1,0.496728,0.36288,0,108.749,3.7717,104.844,0.84672,12.849,0.84672,3695.15,0,36.966,0.276728,1.85497,1.80272,7.29363,0.872706,9.80189,0.42336,36.966,0.42336,423.524,0,1.02816,0,0,2.88313,1.85497,1.028160,1,0,114.645,0,0,0,114.645,0
60.2262,2.07764,0,0,6.69541,0.213578,0.36288,3.6288,56.8721,0.41262,0,0,1.77147,0.151828,0,0.66528,12.849,1,0.475138,0.36288,0,131.935,3.7717,128.051,0.84672,12.849,0.84672,3695.15,0,36.966,0.274012,2.36334,1.80298,9.13352,0.872706,12.1531,0.42336,36.966,0.42336,423.524,0,1.02816,0,0,3.3915,2.36334,1.028160,1,0,140.205,0,0,0,140.205,0
65.6061,1.93899,0,0,7.90223,0.220477,0.36288,3.6288,59.1065,0.319128,0,0,2.70708,0.153561,0,0.66528,12.849,1,0.413675,0.36288,0,164.003,3.77137,160.181,0.84672,12.849,0.84672,3695.15,0,36.966,0.207428,3.1462,1.80324,10.1155,0.86889,13.9887,0.42336,36.966,0.42336,423.524,0,1.02816,0,0,4.17436,3.1462,1.028160,1,0,174.169,0,0,0,174.169,0
68.8211,1.83459,0,0,5.63248,0.219946,0.36288,3.6288,59.8792,0.422404,0,0,1.35415,0.15903,0,0.66528,12.849,1,0.359306,0.36288,0,116.267,3.7694,112.501,0.84672,12.849,0.84672,3695.15,0,36.966,0.264177,1.25485,1.64206,6.23599,0.845997,8.02273,0.42336,36.966,0.42336,423.524,0,1.02816,0,0,2.28301,1.25485,1.028160,1,0,120.524,0,0,0,120.524,0
71.2114,1.8498,0,0,4.82856,0.225598,0.36288,3.6288,60.8868,0.424512,0,0,1.59192,0.159817,0,0.66528,12.849,1,0.345359,0.36288,0,121.567,3.7694,117.816,0.84672,12.849,0.84672,3695.15,0,36.966,0.262069,1.93389,1.73595,6.49831,0.845997,9.06008,0.42336,36.966,0.42336,423.524,0,1.02816,0,0,2.96205,1.93389,1.028160,1,0,126.876,0,0,0,126.876,0
72.29,1.86068,0,0,6.00988,0.276248,2.79438,3.6288,61.308,0.42721,0,0,3.14079,0.206745,2.08563,0.66528,12.849,1,0.335731,2.79438,0,136.556,4.2101,134.805,0.84672,12.849,0.84672,3695.15,0,36.966,0.259371,2.4814,1.73618,7.45978,0.992425,10.4256,0.42336,36.966,0.42336,423.524,0,1.02816,0,0,3.50956,2.4814,1.028160,1,0,147.316,0,0,0,147.316,0
72.29,1.866,0,0,8.47947,0.297259,6.31621,3.6288,61.308,0.428322,0,0,3.10144,0.225707,2.44741,0.66528,12.849,1,0.331668,6.31621,0,182.753,4.38637,184.351,0.84672,12.849,0.84672,3695.15,0,36.966,0.258259,1.97088,1.73642,7.31343,1.051,9.71147,0.42336,36.966,0.42336,423.524,0,1.02816,0,0,2.99904,1.97088,1.028160,1,0,196.51,0,0,0,196.51,0
72.29,1.93296,0,0,9.27228,0.291774,7.04755,3.6288,61.308,0.45728,0,0,2.82972,0.216644,2.1558,0.66528,12.849,1,0.34357,7.04755,0,168.712,4.4673,170.949,0.84672,12.849,0.84672,3695.15,0,36.966,0.275719,3.19945,1.73665,20.436,1.15909,23.9373,0.42336,36.966,0.42336,423.524,0,1.02816,0,0,4.22761,3.19945,1.028160,1,0,197.042,0,0,0,197.042,0
72.29,1.97344,0,0,11.0574,0.289579,8.79436,3.6288,61.308,0.428322,0,0,3.49176,0.213018,2.85042,0.66528,12.849,1,0.350765,8.79436,0,208.246,4.49967,212.19,0.84672,12.849,0.84672,3695.15,0,36.966,0.258259,3.70403,1.78729,17.7974,1.20233,21.8282,0.42336,36.966,0.42336,423.524,0,1.02816,0,0,4.73219,3.70403,1.028160,1,0,236.869,0,0,0,236.869,0
72.29,1.97451,0,0,8.52682,0.289579,6.26273,3.6288,61.308,0.428322,0,0,2.90466,0.213018,2.26332,0.66528,12.849,1,0.350954,6.26273,0,166.794,4.49967,168.206,0.84672,12.849,0.84672,3695.15,0,36.966,0.258259,2.61618,1.76037,14.6591,1.20233,17.5751,0.42336,36.966,0.42336,423.524,0,1.02816,0,0,3.64434,2.61618,1.028160,1,0,188.045,0,0,0,188.045,0
72.29,1.97558,0,0,8.01731,0.301292,5.74045,3.6288,61.308,0.428322,0,0,3.14845,0.161325,2.5588,0.66528,12.849,1,0.351144,5.74045,0,228.483,3.9512,229.921,0.84672,12.849,0.84672,3695.15,0,36.966,0.258259,2.89273,1.7606,15.2209,0.913457,18.7025,0.42336,36.966,0.42336,423.524,0,1.02816,0,0,3.92089,2.89273,1.028160,1,0,251.183,0,0,0,251.183,0
72.29,2.18854,0,0,6.30806,0.295414,3.82411,3.6288,61.308,0.537185,0,0,2.07972,0.150093,1.39244,0.66528,12.849,1,0.388996,3.82411,0,129.238,3.74021,128.933,0.84672,12.849,0.84672,3695.15,0,36.966,0.323899,1.42554,1.76084,11.0621,0.744917,13.1796,0.42336,36.966,0.42336,423.524,0,1.02816,0,0,2.4537,1.42554,1.028160,1,0,143.505,0,0,0,143.505,0
72.29,2.33784,0,0,5.53062,0.278739,2.91404,3.6288,61.308,0.428356,0,0,2.72258,0.192083,2.10214,0.66528,12.849,1,0.415533,2.91404,0,100.455,4.25188,98.7013,0.84672,12.849,0.84672,3695.15,0,36.966,0.25828,2.19017,1.94266,14.2983,0.919504,17.2534,0.42336,36.966,0.42336,423.524,0,1.02816,0,0,3.21833,2.19017,1.028160,1,0,118.057,0,0,0,118.057,0
72.29,2.33902,0,0,5.00316,0.280361,2.38378,3.6288,61.308,0.428356,0,0,2.3852,0.195145,1.7617,0.66528,12.849,1,0.415743,2.38378,0,90.078,4.33366,87.7124,0.84672,12.849,0.84672,3695.15,0,36.966,0.25828,2.03564,1.84083,13.1547,0.970681,15.8023,0.42336,36.966,0.42336,423.524,0,1.02816,0,0,3.0638,2.03564,1.028160,1,0,105.276,0,0,0,105.276,0
72.29,2.3402,0,0,5.82485,0.280361,3.20429,3.6288,61.308,0.428356,0,0,2.57791,0.195145,1.95441,0.66528,12.849,1,0.415952,3.20429,0,106.847,4.33366,105.301,0.84672,12.849,0.84672,3695.15,0,36.966,0.25828,2.33134,1.84109,14.3224,0.970681,17.2659,0.42336,36.966,0.42336,423.524,0,1.02816,0,0,3.3595,2.33134,1.028160,1,0,124.522,0,0,0,124.522,0
72.29,2.03877,0,0,6.15605,0.283396,3.83389,3.6288,61.308,0.282079,0,0,2.337,0.196025,1.85889,0.66528,12.849,1,0.362376,3.83389,0,103.199,4.22803,102.442,0.84672,12.849,0.84672,3695.15,0,36.966,0.170081,2.27867,1.84135,14.4773,0.949776,17.4774,0.42336,36.966,0.42336,423.524,0,1.02816,0,0,3.30683,2.27867,1.028160,1,0,121.779,0,0,0,121.779,0
72.29,1.84077,0,0,6.9807,0.293314,4.84662,3.6288,61.308,0.428311,0,0,1.87708,0.231272,1.2175,0.66528,12.849,1,0.327182,4.84662,0,95.5688,4.42701,95.6612,0.84672,12.849,0.84672,3695.15,0,36.966,0.258252,2.30304,1.59367,12.8605,1.01146,15.4875,0.42336,36.966,0.42336,423.524,0,1.02816,0,0,3.3312,2.30304,1.028160,1,0,112.366,0,0,0,112.366,0
72.29,1.84179,0,0,7.43463,0.292839,5.3,3.6288,61.308,0.428311,0,0,2.08194,0.176416,1.47721,0.66528,12.849,1,0.327364,5.3,0,102.227,3.96617,103.233,0.84672,12.849,0.84672,3695.15,0,36.966,0.258252,2.70397,1.73107,14.2959,0.789076,17.6836,0.42336,36.966,0.42336,423.524,0,1.02816,0,0,3.73213,2.70397,1.028160,1,0,122.394,0,0,0,122.394,0
72.29,1.84282,0,0,6.79285,0.292839,4.65719,3.6288,61.308,0.428311,0,0,1.71823,0.176416,1.1135,0.66528,12.849,1,0.327546,4.65719,0,92.6899,3.96617,93.0534,0.84672,12.849,0.84672,3695.15,0,36.966,0.258252,1.88659,1.73129,12.161,0.789076,14.7315,0.42336,36.966,0.42336,423.524,0,1.02816,0,0,2.91475,1.88659,1.028160,1,0,108.898,0,0,0,108.898,0
72.29,1.84384,0,0,7.36009,0.292839,5.22341,3.6288,61.308,0.428311,0,0,1.73931,0.176416,1.13458,0.66528,12.849,1,0.327729,5.22341,0,101.231,3.96617,102.161,0.84672,12.849,0.84672,3695.15,0,36.966,0.258252,1.80677,1.73152,12.1524,0.789076,14.6434,0.42336,36.966,0.42336,423.524,0,1.02816,0,0,2.83493,1.80677,1.028160,1,0,117.939,0,0,0,117.939,0
72.29,1.92115,0,0,6.4976,0.326282,4.25016,3.6288,61.308,0.464152,0,0,1.7141,0.175736,1.07421,0.66528,12.849,1,0.341471,4.25016,0,87.6087,3.42509,88.0923,0.84672,12.849,0.84672,3695.15,0,36.966,0.279863,1.92256,1.73175,13.402,0.82678,15.9497,0.42336,36.966,0.42336,423.524,0,1.02816,0,0,2.95072,1.92256,1.028160,1,0,105.116,0,0,0,105.116,0
72.29,1.97098,0,0,7.71445,0.331855,5.41161,3.6288,61.308,0.428322,0,0,2.71903,0.175623,2.11509,0.66528,12.849,1,0.350327,5.41161,0,99.7566,3.3349,101.483,0.84672,12.849,0.84672,3695.15,0,36.966,0.258259,2.31906,1.7932,14.3927,0.833064,17.4136,0.42336,36.966,0.42336,423.524,0,1.02816,0,0,3.34722,2.31906,1.028160,1,0,121.012,0,0,0,121.012,0
72.29,1.97205,0,0,5.43966,0.331855,3.13575,3.6288,61.308,0.428322,0,0,1.39485,0.175623,0.790905,0.66528,12.849,1,0.350517,3.13575,0,68.25,3.3349,67.7003,0.84672,12.849,0.84672,3695.15,0,36.966,0.258259,1.15284,1.75982,11.1351,0.833064,12.9565,0.42336,36.966,0.42336,423.524,0,1.02816,0,0,2.181,1.15284,1.028160,1,0,81.4477,0,0,0,81.4477,0
72.29,1.97311,0,0,4.91054,0.322927,2.6145,3.6288,61.308,0.428322,0,0,1.52817,0.18038,0.919463,0.66528,12.849,1,0.350706,2.6145,0,74.3688,3.39307,73.2395,0.84672,12.849,0.84672,3695.15,0,36.966,0.258259,1.21938,1.76006,11.6517,0.844515,13.5284,0.42336,36.966,0.42336,423.524,0,1.02816,0,0,2.24754,1.21938,1.028160,1,0,87.6874,0,0,0,87.6874,0
72.29,1.94431,0,0,4.14614,0.277685,1.92414,3.6288,61.308,0.414385,0,0,1.26158,0.208369,0.638824,0.66528,12.849,1,0.345587,1.92414,0,60.258,3.91838,57.9182,0.84672,12.849,0.84672,3695.15,0,36.966,0.249856,0.845865,1.76029,10.8663,1.00044,12.2221,0.42336,36.966,0.42336,423.524,0,1.02816,0,0,1.87402,0.845865,1.028160,1,0,70.7792,0,0,0,70.7792,0
72.29,1.9264,0,0,3.33859,0.283929,1.12826,3.6288,61.308,0.428318,0,0,1.06902,0.207952,0.432749,0.66528,12.849,1,0.342403,1.12826,0,50.3217,4.05058,47.057,0.84672,12.849,0.84672,3695.15,0,36.966,0.258257,0.622469,1.73668,8.61598,1.06586,9.65101,0.42336,36.966,0.42336,423.524,0,1.02816,0,0,1.65063,0.622469,1.028160,1,0,57.1407,0,0,0,57.1407,0
72.29,1.92745,0,0,5.26542,0.276318,3.06166,3.6288,61.308,0.428318,0,0,1.36619,0.209737,0.728136,0.66528,12.849,1,0.342589,3.06166,0,66.0309,4.10477,64.6452,0.84672,12.849,0.84672,3695.15,0,36.966,0.258257,1.01219,1.74998,8.53425,1.05583,9.98233,0.42336,36.966,0.42336,423.524,0,1.02816,0,0,2.04035,1.01219,1.028160,1,0,75.3556,0,0,0,75.3556,0
72.29,1.9285,0,0,3.23444,0.230651,1.07529,3.6288,61.308,0.428318,0,0,1.08753,0.220447,0.43876,0.66528,12.849,1,0.342776,1.07529,0,49.8019,4.42984,46.1046,0.84672,12.849,0.84672,3695.15,0,36.966,0.258257,0.595987,1.75021,7.49831,0.995651,8.5906,0.42336,36.966,0.42336,423.524,0,1.02816,0,0,1.62415,0.595987,1.028160,1,0,55.1339,0,0,0,55.1339,0
72.29,2.03105,0,0,2.91648,0.22711,0.658323,3.6288,61.308,0.477805,0,0,0.973495,0.224176,0.271513,0.66528,12.849,1,0.361004,0.658323,0,43.4295,4.4311,39.2957,0.84672,12.849,0.84672,3695.15,0,36.966,0.288095,0.454568,1.75044,6.55842,1.01389,7.46144,0.42336,36.966,0.42336,423.524,0,1.02816,0,0,1.48273,0.454568,1.028160,1,0,47.0286,0,0,0,47.0286,0
72.29,2.09949,0,0,3.23984,0.205862,0.934486,3.6288,61.308,0.428334,0,0,1.03024,0.246552,0.355356,0.66528,12.849,1,0.373168,0.934486,0,42.7408,4.43867,38.8634,0.84672,12.849,0.84672,3695.15,0,36.966,0.258266,0.592885,1.83436,5.75992,1.1233,6.8056,0.42336,36.966,0.42336,423.524,0,1.02816,0,0,1.62105,0.592885,1.028160,1,0,46.0244,0,0,0,46.0244,0
72.29,2.10059,0,0,2.96775,0.205862,0.661292,3.6288,61.308,0.428334,0,0,0.942365,0.246552,0.267479,0.66528,12.849,1,0.373364,0.661292,0,38.3506,4.43867,34.1999,0.84672,12.849,0.84672,3695.15,0,36.966,0.258266,0.43327,1.7882,5.50176,1.1233,6.34167,0.42336,36.966,0.42336,423.524,0,1.02816,0,0,1.46143,0.43327,1.028160,1,0,40.809,0,0,0,40.809,0
72.29,2.1017,0,0,2.7569,0.162673,0.492535,3.6288,61.308,0.428334,0,0,0.902146,0.274882,0.198929,0.66528,12.849,1,0.37356,0.492535,0,33.932,4.75996,29.2911,0.84672,12.849,0.84672,3695.15,0,36.966,0.258266,0.382761,1.78844,5.25324,1.20539,5.96079,0.42336,36.966,0.42336,423.524,0,1.02816,0,0,1.41092,0.382761,1.028160,1,0,35.4508,0,0,0,35.4508,0
72.2642,2.1028,0,0,2.59534,0.155475,0.36288,3.6288,61.308,0.438554,0,0,0.861641,0.279604,0.143484,0.66528,12.849,1,0.373757,0.36288,0,33.4343,4.81351,28.6099,0.84672,12.849,0.84672,3695.15,0,36.966,0.264428,0.30119,1.78869,5.32106,1.21907,5.92744,0.42336,36.966,0.42336,423.524,0,1.01178,0,0,1.31297,0.30119,1.028160,1,0,34.6808,0,0,0,34.6808,0
72.29,2.08369,0,0,2.6081,0.119622,0.378968,3.6288,61.308,0.455575,0,0,1.27983,0.261957,0.562303,0.66528,12.849,1,0.370492,0.378968,0,38.6828,4.68688,34.0044,0.84672,12.849,0.84672,3695.15,0,36.966,0.274692,1.359,1.78893,6.28405,1.08293,8.07437,0.42336,36.966,0.42336,423.524,0,1.02816,0,0,2.38716,1.359,1.028160,1,0,42.6411,0,0,0,42.6411,0
72.1327,2.12197,0,0,2.44122,0.113674,0.36288,3.6288,61.308,0.428343,0,0,1.32165,0.259016,0.634294,0.66528,12.849,1,0.377165,0.36288,0,39.306,4.66578,34.6259,0.84672,12.849,0.84672,3695.15,0,36.966,0.258272,1.52626,1.81847,6.55491,1.06023,8.58113,0.42336,36.966,0.42336,423.524,0,1.02816,0,0,2.55442,1.52626,1.028160,1,0,43.8413,0,0,0,43.8413,0
71.7501,2.12239,0,0,2.2162,0.113538,0.36288,3.6288,61.308,0.428343,0,0,1.24854,0.259016,0.561182,0.66528,12.849,1,0.378061,0.36288,0,38.1376,4.66578,33.4567,0.84672,12.849,0.84672,3695.15,0,36.966,0.258272,1.27566,1.79317,6.16148,1.06023,7.91181,0.42336,36.966,0.42336,423.524,0,1.02816,0,0,2.30382,1.27566,1.028160,1,0,41.9297,0,0,0,41.9297,0
71.191,2.12179,0,0,2.02929,0.103728,0.36288,3.6288,61.308,0.428343,0,0,1.18831,0.280954,0.479015,0.66528,12.849,1,0.379969,0.36288,0,33.6327,4.94808,28.6675,0.84672,12.849,0.84672,3695.15,0,36.966,0.258272,1.18114,1.79342,5.98374,1.16328,7.53674,0.42336,36.966,0.42336,423.524,0,1.02816,0,0,2.2093,1.18114,1.028160,1,0,36.6833,0,0,0,36.6833,0
70.4973,2.17223,0,0,1.92395,0.0824841,0.36288,3.6288,61.308,0.452651,0,0,1.10707,0.32392,0.330498,0.66528,12.849,1,0.392057,0.36288,0,29.4084,5.668,23.7112,0.84672,12.849,0.84672,3695.15,0,36.966,0.272928,0.961744,1.79366,5.06066,1.4337,6.10944,0.42336,36.966,0.42336,423.524,0,1.02816,0,0,1.9899,0.961744,1.028160,1,0,30.1512,0,0,0,30.1512,0
69.9472,2.20304,0,0,2.10155,0.0857571,0.36288,3.6288,61.308,0.42835,0,0,1.43643,0.308082,0.700002,0.66528,12.849,1,0.401532,0.36288,0,37.2279,5.68691,31.5023,0.84672,12.849,0.84672,3695.15,0,36.966,0.258276,1.0635,1.83549,4.89051,1.45078,6.08044,0.42336,36.966,0.42336,423.524,0,1.02816,0,0,2.09166,1.0635,1.028160,1,0,38.2827,0,0,0,38.2827,0
69.232,2.20151,0,0,1.93461,0.0853942,0.36288,3.6288,61.308,0.428351,0,0,1.21778,0.308082,0.48135,0.66528,12.849,1,0.404408,0.36288,0,30.5786,5.68691,24.8502,0.84672,12.849,0.84672,3695.15,0,36.966,0.258276,1.19034,1.81294,4.72865,1.45078,6.02288,0.42336,36.966,0.42336,423.524,0,1.02816,0,0,2.2185,1.19034,1.028160,1,0,31.3544,0,0,0,31.3544,0
68.3565,2.19912,0,0,1.77142,0.0849225,0.36288,3.6288,61.308,0.428351,0,0,1.12791,0.308082,0.391476,0.66528,12.849,1,0.408141,0.36288,0,29.0647,5.68691,23.3325,0.84672,12.849,0.84672,3695.15,0,36.966,0.258276,0.868277,1.81319,4.15644,1.45078,5.12885,0.42336,36.966,0.42336,423.524,0,1.02816,0,0,1.89644,0.868277,1.028160,1,0,28.8529,0,0,0,28.8529,0
67.4435,2.34695,0,0,1.87163,0.0748358,0.36288,3.6288,61.308,0.516199,0,0,1.29482,0.313262,0.465356,0.66528,12.849,1,0.441156,0.36288,0,28.5057,5.83645,22.591,0.84672,12.849,0.84672,3695.15,0,36.966,0.311245,1.24756,1.81344,5.49851,1.48066,6.76762,0.42336,36.966,0.42336,423.524,0,1.02816,0,0,2.27572,1.24756,1.028160,1,0,29.8239,0,0,0,29.8239,0
66.2314,2.40921,0,0,1.63724,0.07725,0.36288,3.6288,61.308,0.46713,0,0,1.1514,0.313001,0.37127,0.66528,12.849,1,0.45899,0.36288,0,22.0676,5.93185,16.0396,0.84672,12.849,0.84672,3695.15,0,36.966,0.281659,1.06335,1.95613,4.49957,1.5067,5.7307,0.42336,36.966,0.42336,423.524,0,1.02816,0,0,2.09151,1.06335,1.028160,1,0,22.1416,0,0,0,22.1416,0
65.2232,2.40292,0,0,1.82944,0.0718367,0.36288,3.6288,61.308,0.467474,0,0,1.4149,0.315591,0.631839,0.66528,12.849,1,0.46617,0.36288,0,28.0804,6.00663,21.9705,0.84672,12.849,0.84672,3695.15,0,36.966,0.281866,1.59837,1.91037,4.77605,1.52164,6.48129,0.42336,36.966,0.42336,423.524,0,1.02816,0,0,2.62653,1.59837,1.028160,1,0,29.0836,0,0,0,29.0836,0
63.8367,2.39764,0,0,1.44531,0.0712607,0.36288,3.6288,61.308,0.467818,0,0,1.0328,0.315591,0.249391,0.66528,12.849,1,0.472336,0.36288,0,28.9783,6.00663,22.8622,0.84672,12.849,0.84672,3695.15,0,36.966,0.282073,0.853494,1.91096,3.78436,1.52164,4.74511,0.42336,36.966,0.42336,423.524,0,1.02816,0,0,1.88165,0.853494,1.028160,1,0,27.8567,0,0,0,27.8567,0
62.8036,2.38984,0,0,1.79005,0.0704685,0.36288,3.6288,61.308,0.468162,0,0,1.71825,0.315591,0.934501,0.66528,12.849,1,0.481025,0.36288,0,25.6812,6.00663,19.5564,0.84672,12.849,0.84672,3695.15,0,36.966,0.282281,2.32794,1.91156,5.68683,1.52164,8.12241,0.42336,36.966,0.42336,423.524,0,1.02816,0,0,3.3561,2.32794,1.028160,1,0,28.6133,0,0,0,28.6133,0
61.8887,2.31127,0,0,1.83837,0.0790822,0.36288,3.6288,61.308,0.415103,0,0,1.31375,0.289622,0.609022,0.66528,12.849,1,0.472864,0.36288,0,22.8513,5.77638,16.965,0.84672,12.849,0.84672,3695.15,0,36.966,0.250289,1.49884,1.91215,5.43347,1.44962,7.14456,0.42336,36.966,0.42336,423.524,0,1.02816,0,0,2.527,1.49884,1.028160,1,0,24.7185,0,0,0,24.7185,0
60.8178,2.28904,0,0,1.66317,0.0821447,0.36288,3.6288,61.308,0.428362,0,0,1.28541,0.279234,0.577811,0.66528,12.849,1,0.475237,0.36288,0,32.7971,5.68428,27.0005,0.84672,12.849,0.84672,3695.15,0,36.966,0.258283,1.72149,1.83019,4.72084,1.42081,6.59343,0.42336,36.966,0.42336,423.524,0,1.02816,0,0,2.74965,1.72149,1.028160,1,0,34.1717,0,0,0,34.1717,0
59.078,2.28327,0,0,0.987785,0.0814201,0.36288,3.6288,61.308,0.428362,0,0,0.878308,0.279234,0.170711,0.66528,12.849,1,0.482388,0.36288,0,22.8007,5.68428,16.9969,0.84672,12.849,0.84672,3695.15,0,36.966,0.258283,0.584695,1.84288,3.06869,1.42081,3.81718,0.42336,36.966,0.42336,423.524,0,1.02816,0,0,1.61285,0.584695,1.028160,1,0,20.9848,0,0,0,20.9848,0
57.6874,2.27275,0,0,1.36403,0.119061,0.36288,3.6288,61.308,0.428362,0,0,1.20507,0.279474,0.497237,0.66528,12.849,1,0.494304,0.36288,0,23.9979,5.40957,18.4569,0.84672,12.849,0.84672,3695.15,0,36.966,0.258283,0.832931,1.84314,4.11891,1.36952,5.16719,0.42336,36.966,0.42336,423.524,0,1.02816,0,0,1.86109,0.832931,1.028160,1,0,24.1213,0,0,0,24.1213,0
59.192,2.20524,0,0,4.27821,0.205524,0.36288,3.6288,61.308,0.379691,0,0,2.22304,0.276344,1.567,0.66528,12.849,1,0.491185,0.36288,0,44.0059,4.99951,38.8781,0.84672,12.849,0.84672,3695.15,0,36.966,0.228937,3.8824,1.8434,9.17927,1.26984,13.4063,0.42336,36.966,0.42336,423.524,0,1.02816,0,0,4.91056,3.8824,1.028160,1,0,53.8514,0,0,0,53.8514,0
58.0411,2.15252,0,0,1.62766,0.263122,0.36288,3.6288,61.308,0.428347,0,0,1.12002,0.219429,0.472244,0.66528,12.849,1,0.467256,0.36288,0,37.1468,4.93689,32.1056,0.84672,12.849,0.84672,3695.15,0,36.966,0.258274,1.72944,1.76989,4.96581,1.31479,6.89208,0.42336,36.966,0.42336,423.524,0,1.02816,0,0,2.7576,1.72944,1.028160,1,0,39.4699,0,0,0,39.4699,0
56.4097,2.14604,0,0,1.13774,0.260203,0.36288,3.6288,61.308,0.428347,0,0,0.768113,0.219429,0.120337,0.66528,12.849,1,0.475085,0.36288,0,21.1765,4.93689,16.1274,0.84672,12.849,0.84672,3695.15,0,36.966,0.258274,0.889842,1.81579,4.67564,1.31479,5.8082,0.42336,36.966,0.42336,423.524,0,1.02816,0,0,1.918,0.889842,1.028160,1,0,22.0559,0,0,0,22.0559,0
55.2932,2.13594,0,0,1.63834,0.256066,0.36288,3.6288,61.308,0.428347,0,0,1.24624,0.219429,0.598466,0.66528,12.849,1,0.486525,0.36288,0,38.1305,4.93689,33.0699,0.84672,12.849,0.84672,3695.15,0,36.966,0.258274,2.02579,1.81604,7.37768,1.31479,9.64644,0.42336,36.966,0.42336,423.524,0,1.02816,0,0,3.05395,2.02579,1.028160,1,0,43.3149,0,0,0,43.3149,0
55.9739,1.9629,0,0,3.30915,0.302646,0.36288,3.6288,61.308,0.326855,0,0,2.11164,0.202472,1.58231,0.66528,12.849,1,0.456139,0.36288,0,49.5891,4.43646,45.0594,0.84672,12.849,0.84672,3695.15,0,36.966,0.197079,2.55939,1.81629,11.9618,1.24211,14.8983,0.42336,36.966,0.42336,423.524,0,1.02816,0,0,3.58755,2.55939,1.028160,1,0,61.54,0,0,0,61.54,0
59.9823,1.83614,0,0,6.49112,0.283641,0.36288,3.6288,61.308,0.428316,0,0,4.73404,0.206173,4.09955,0.66528,12.849,1,0.421493,0.36288,0,81.1738,4.30867,76.8065,0.84672,12.849,0.84672,3695.15,0,36.966,0.258255,3.93393,1.65248,16.7318,0.906478,21.1535,0.42336,36.966,0.42336,423.524,0,1.02816,0,0,4.96209,3.93393,1.028160,1,0,102.06,0,0,0,102.06,0
60.8425,1.86035,0,0,3.37832,0.29495,0.36288,3.6288,61.308,0.428316,0,0,4.00875,0.206173,3.37426,0.66528,12.849,1,0.398512,0.36288,0,79.5036,4.30867,75.1592,0.84672,12.849,0.84672,3695.15,0,36.966,0.258256,2.99764,1.74788,9.41,0.906478,12.9908,0.42336,36.966,0.42336,423.524,0,1.02816,0,0,4.0258,2.99764,1.028160,1,0,91.5243,0,0,0,91.5243,0
61.5511,1.86602,0,0,3.23475,0.297189,0.36288,3.6288,61.308,0.428316,0,0,3.83509,0.206173,3.2006,0.66528,12.849,1,0.394075,0.36288,0,74.5727,4.30867,70.2328,0.84672,12.849,0.84672,3695.15,0,36.966,0.258256,3.03079,1.74811,9.5491,0.906478,13.1633,0.42336,36.966,0.42336,423.524,0,1.02816,0,0,4.05895,3.03079,1.028160,1,0,86.5967,0,0,0,86.5967,0
62.2325,1.87079,0,0,3.21124,0.296175,0.36288,3.6288,61.308,0.428316,0,0,3.61724,0.229428,2.9595,0.66528,12.849,1,0.390534,0.36288,0,85.5913,4.87689,80.6867,0.84672,12.849,0.84672,3695.15,0,36.966,0.258256,2.40883,1.74834,10.5687,1.16463,13.303,0.42336,36.966,0.42336,423.524,0,1.02816,0,0,3.43699,2.40883,1.028160,1,0,96.9492,0,0,0,96.9492,0
63.2063,1.94073,0,0,3.55344,0.276029,0.36288,3.6288,61.308,0.457745,0,0,2.57167,0.251761,1.86216,0.66528,12.849,1,0.400698,0.36288,0,94.9769,5.05839,89.8807,0.84672,12.849,0.84672,3695.15,0,36.966,0.276,2.41641,1.74857,10.3679,1.33621,12.9207,0.42336,36.966,0.42336,423.524,0,1.02816,0,0,3.44457,2.41641,1.028160,1,0,104.664,0,0,0,104.664,0
68.5884,1.98608,0,0,7.99565,0.264548,0.36288,3.6288,61.308,0.428315,0,0,4.63406,0.245256,3.96048,0.66528,12.849,1,0.403744,0.36288,0,184.053,4.6263,179.386,0.84672,12.849,0.84672,3695.15,0,36.966,0.258255,5.39583,1.80003,20.8839,1.20674,26.6148,0.42336,36.966,0.42336,423.524,0,1.02816,0,0,6.42399,5.39583,1.028160,1,0,209.961,0,0,0,209.961,0
72.29,2.0138,0,0,7.12116,0.276151,1.12965,3.6288,61.308,0.428315,0,0,5.27117,0.245256,4.5976,0.66528,12.849,1,0.377255,1.12965,0,294.083,4.6263,290.209,0.84672,12.849,0.84672,3695.15,0,36.966,0.258255,5.68858,1.77265,20.7463,1.20674,26.7425,0.42336,36.966,0.42336,423.524,0,1.02816,0,0,6.71674,5.68858,1.028160,1,0,321.549,0,0,0,321.549,0
72.29,2.03124,0,0,5.68312,0.287998,3.36387,3.6288,61.308,0.428316,0,0,4.03606,0.241204,3.36654,0.66528,12.849,1,0.361038,3.36387,0,179.81,4.54796,178.265,0.84672,12.849,0.84672,3695.15,0,36.966,0.258255,4.77534,1.77288,18.4375,1.18684,23.5406,0.42336,36.966,0.42336,423.524,0,1.02816,0,0,5.8035,4.77534,1.028160,1,0,205.172,0,0,0,205.172,0
72.29,2.24762,0,0,6.82169,0.312134,4.26193,3.6288,61.308,0.538943,0,0,3.77622,0.211894,3.02538,0.66528,12.849,1,0.399497,4.26193,0,203.361,3.93065,203.292,0.84672,12.849,0.84672,3695.15,0,36.966,0.324959,4.37909,1.77311,16.4818,1.04495,21.2641,0.42336,36.966,0.42336,423.524,0,1.02816,0,0,5.40725,4.37909,1.028160,1,0,227.582,0,0,0,227.582,0
72.29,2.39929,0,0,5.99772,0.31776,3.28067,3.6288,61.308,0.428349,0,0,3.70955,0.181916,3.09928,0.66528,12.849,1,0.426456,3.28067,0,217.169,3.04721,216.976,0.84672,12.849,0.84672,3695.15,0,36.966,0.258275,4.54867,1.95788,15.8239,0.910037,21.1621,0.42336,36.966,0.42336,423.524,0,1.02816,0,0,5.57683,4.54867,1.028160,1,0,241.237,0,0,0,241.237,0
72.29,2.40045,0,0,5.70286,0.315163,2.98725,3.6288,61.308,0.428349,0,0,3.90904,0.187449,3.29324,0.66528,12.849,1,0.426661,2.98725,0,194.89,3.17825,194.272,0.84672,12.849,0.84672,3695.15,0,36.966,0.258275,5.27256,1.85439,15.6346,0.951033,21.5522,0.42336,36.966,0.42336,423.524,0,1.02816,0,0,6.30072,5.27256,1.028160,1,0,219.118,0,0,0,219.118,0
72.29,2.4016,0,0,5.44777,0.348718,2.69745,3.6288,61.308,0.428349,0,0,3.18673,0.197103,2.56128,0.66528,12.849,1,0.426866,2.69745,0,164.4,3.76874,162.902,0.84672,12.849,0.84672,3695.15,0,36.966,0.258275,4.17252,1.85464,14.8894,1.07533,19.583,0.42336,36.966,0.42336,423.524,0,1.02816,0,0,5.20068,4.17252,1.028160,1,0,185.046,0,0,0,185.046,0
72.29,2.09525,0,0,11.5259,0.349861,9.08077,3.6288,61.308,0.279708,0,0,7.90896,0.193612,7.43564,0.66528,12.849,1,0.372416,9.08077,0,270.187,3.79644,275.099,0.84672,12.849,0.84672,3695.15,0,36.966,0.168652,9.71452,1.8549,34.0106,1.06384,44.3475,0.42336,36.966,0.42336,423.524,0,1.02816,0,0,10.7427,9.71452,1.028160,1,0,326.882,0,0,0,326.882,0
72.29,1.89401,0,0,12.2364,0.32489,10.0175,3.6288,61.308,0.428305,0,0,7.90951,0.168124,7.31309,0.66528,12.849,1,0.336646,10.0175,0,353.245,3.75906,359.166,0.84672,12.849,0.84672,3695.15,0,36.966,0.258249,11.2311,1.6032,32.3856,1.03395,43.9277,0.42336,36.966,0.42336,423.524,0,1.02816,0,0,12.2593,11.2311,1.028160,1,0,410.407,0,0,0,410.407,0
72.29,1.89501,0,0,8.31972,0.368174,6.05653,3.6288,61.308,0.428305,0,0,3.75795,0.0979182,3.23173,0.66528,12.849,1,0.336824,6.05653,0,240.925,2.76066,243.884,0.84672,12.849,0.84672,3695.15,0,36.966,0.258249,5.19405,1.74281,20.6439,0.827359,26.4952,0.42336,36.966,0.42336,423.524,0,1.02816,0,0,6.22221,5.19405,1.028160,1,0,273.611,0,0,0,273.611,0
72.29,1.89601,0,0,10.1728,0.368174,7.90864,3.6288,61.308,0.428305,0,0,5.47169,0.0979182,4.94546,0.66528,12.849,1,0.337002,7.90864,0,250.656,2.76066,255.467,0.84672,12.849,0.84672,3695.15,0,36.966,0.258249,6.14589,1.74303,26.6357,0.827359,33.4391,0.42336,36.966,0.42336,423.524,0,1.02816,0,0,7.17405,6.14589,1.028160,1,0,293.851,0,0,0,293.851,0
72.29,1.89701,0,0,11.2469,0.368174,8.98167,3.6288,61.308,0.428305,0,0,6.13105,0.0979182,5.60482,0.66528,12.849,1,0.33718,8.98167,0,341.833,2.76066,347.717,0.84672,12.849,0.84672,3695.15,0,36.966,0.258249,8.88019,1.74325,30.793,0.827359,40.3309,0.42336,36.966,0.42336,423.524,0,1.02816,0,0,9.90835,8.88019,1.028160,1,0,393.652,0,0,0,393.652,0
72.29,1.97553,0,0,11.2714,0.293664,9.0022,3.6288,61.308,0.464722,0,0,6.54268,0.124394,5.95357,0.66528,12.849,1,0.351136,9.0022,0,266.804,3.11626,272.339,0.84672,12.849,0.84672,3695.15,0,36.966,0.280207,8.32913,1.74348,29.5632,0.947152,38.4085,0.42336,36.966,0.42336,423.524,0,1.02816,0,0,9.35729,8.32913,1.028160,1,0,316.701,0,0,0,316.701,0
72.29,2.02612,0,0,8.81738,0.27972,6.51154,3.6288,61.308,0.428316,0,0,6.10527,0.143407,5.53355,0.66528,12.849,1,0.360128,6.51154,0,226.886,3.38058,229.656,0.84672,12.849,0.84672,3695.15,0,36.966,0.258255,8.25094,1.80591,24.6863,1.0126,33.4723,0.42336,36.966,0.42336,423.524,0,1.02816,0,0,9.2791,8.25094,1.028160,1,0,268.662,0,0,0,268.662,0
72.29,2.02716,0,0,8.09421,0.27972,5.78733,3.6288,61.308,0.428316,0,0,6.90408,0.143407,6.33235,0.66528,12.849,1,0.360313,5.78733,0,208.243,3.38058,210.289,0.84672,12.849,0.84672,3695.15,0,36.966,0.258255,7.86214,1.77198,30.0778,1.0126,38.4411,0.42336,36.966,0.42336,423.524,0,1.02816,0,0,8.8903,7.86214,1.028160,1,0,255.063,0,0,0,255.063,0
72.29,2.0282,0,0,7.37433,0.262502,5.08362,3.6288,61.308,0.428316,0,0,6.63052,0.159202,6.043,0.66528,12.849,1,0.360498,5.08362,0,183.811,3.31134,185.223,0.84672,12.849,0.84672,3695.15,0,36.966,0.258255,7.7163,1.77221,25.1939,1.00469,33.4195,0.42336,36.966,0.42336,423.524,0,1.02816,0,0,8.74446,7.7163,1.028160,1,0,224.685,0,0,0,224.685,0
72.29,1.9989,0,0,7.30071,0.214372,5.08744,3.6288,61.308,0.414155,0,0,4.84715,0.197779,4.23522,0.66528,12.849,1,0.355289,5.08744,0,194.112,3.64019,195.204,0.84672,12.849,0.84672,3695.15,0,36.966,0.249717,6.75276,1.77244,21.9433,1.06808,29.1507,0.42336,36.966,0.42336,423.524,0,1.02816,0,0,7.78092,6.75276,1.028160,1,0,228.59,0,0,0,228.59,0
72.29,1.98066,0,0,6.32556,0.221547,4.12335,3.6288,61.308,0.428312,0,0,3.00201,0.20906,2.36464,0.66528,12.849,1,0.352047,4.12335,0,145.872,3.81958,145.823,0.84672,12.849,0.84672,3695.15,0,36.966,0.258253,4.9714,1.74844,16.8172,1.11444,22.1643,0.42336,36.966,0.42336,423.524,0,1.02816,0,0,5.99956,4.9714,1.028160,1,0,170.352,0,0,0,170.352,0
72.29,1.98168,0,0,5.16802,0.221547,2.96479,3.6288,61.308,0.428312,0,0,2.55792,0.20906,1.92055,0.66528,12.849,1,0.352229,2.96479,0,124.343,3.81958,123.136,0.84672,12.849,0.84672,3695.15,0,36.966,0.258253,4.28255,1.76195,13.3496,1.11444,18.0214,0.42336,36.966,0.42336,423.524,0,1.02816,0,0,5.31071,4.28255,1.028160,1,0,143.077,0,0,0,143.077,0
72.29,1.98271,0,0,4.51058,0.221547,2.30632,3.6288,61.308,0.428312,0,0,2.32169,0.20906,1.68432,0.66528,12.849,1,0.352412,2.30632,0,80.6043,3.81958,78.7386,0.84672,12.849,0.84672,3695.15,0,36.966,0.258253,3.78627,1.76217,11.4794,1.11444,15.6551,0.42336,36.966,0.42336,423.524,0,1.02816,0,0,4.81443,3.78627,1.028160,1,0,96.078,0,0,0,96.078,0
72.29,2.08686,0,0,4.18237,0.183705,1.9118,3.6288,61.308,0.478591,0,0,2.15101,0.247436,1.42498,0.66528,12.849,1,0.370924,1.9118,0,89.7782,3.71533,87.6038,0.84672,12.849,0.84672,3695.15,0,36.966,0.288569,3.59313,1.7624,10.8361,1.05208,14.851,0.42336,36.966,0.42336,423.524,0,1.02816,0,0,4.62129,3.59313,1.028160,1,0,103.88,0,0,0,103.88,0
72.29,2.15635,0,0,4.37034,0.142426,2.07156,3.6288,61.308,0.428327,0,0,1.76353,0.219435,1.11577,0.66528,12.849,1,0.383276,2.07156,0,81.1045,4.52109,78.2717,0.84672,12.849,0.84672,3695.15,0,36.966,0.258262,3.28487,1.84765,8.66566,0.99239,12.5475,0.42336,36.966,0.42336,423.524,0,1.02816,0,0,4.31303,3.28487,1.028160,1,0,91.935,0,0,0,91.935,0
72.29,2.15743,0,0,3.99515,0.142426,1.69529,3.6288,61.308,0.428327,0,0,1.77627,0.219435,1.12851,0.66528,12.849,1,0.383467,1.69529,0,77.22,4.52109,74.0107,0.84672,12.849,0.84672,3695.15,0,36.966,0.258262,2.54171,1.80074,8.39143,0.99239,11.4832,0.42336,36.966,0.42336,423.524,0,1.02816,0,0,3.56987,2.54171,1.028160,1,0,86.6225,0,0,0,86.6225,0
72.29,2.15851,0,0,3.63233,0.142426,1.33139,3.6288,61.308,0.428327,0,0,1.54018,0.219435,0.892413,0.66528,12.849,1,0.383659,1.33139,0,72.9311,4.52109,69.3577,0.84672,12.849,0.84672,3695.15,0,36.966,0.258262,1.6898,1.80098,7.72338,0.99239,9.96351,0.42336,36.966,0.42336,423.524,0,1.02816,0,0,2.71796,1.6898,1.028160,1,0,80.2137,0,0,0,80.2137,0
72.29,2.15959,0,0,3.20025,0.142426,0.898231,3.6288,61.308,0.428327,0,0,1.49285,0.219435,0.845083,0.66528,12.849,1,0.383851,0.898231,0,61.9339,4.52109,57.9272,0.84672,12.849,0.84672,3695.15,0,36.966,0.258262,1.83311,1.80122,7.61201,0.99239,9.99569,0.42336,36.966,0.42336,423.524,0,1.02816,0,0,2.86127,1.83311,1.028160,1,0,68.768,0,0,0,68.768,0
72.29,2.14024,0,0,3.19089,0.112806,0.937839,3.6288,61.308,0.456003,0,0,1.35886,0.268584,0.634278,0.66528,12.849,1,0.380412,0.937839,0,47.6308,5.13189,43.0563,0.84672,12.849,0.84672,3695.15,0,36.966,0.274949,1.47487,1.80146,6.17641,1.22929,7.94849,0.42336,36.966,0.42336,423.524,0,1.02816,0,0,2.50303,1.47487,1.028160,1,0,51.6391,0,0,0,51.6391,0
72.29,2.17899,0,0,2.97574,0.100958,0.695793,3.6288,61.308,0.428336,0,0,1.22635,0.288243,0.509774,0.66528,12.849,1,0.387298,0.695793,0,54.1322,5.37621,49.0645,0.84672,12.849,0.84672,3695.15,0,36.966,0.258267,1.41898,1.83146,6.30266,1.32406,7.97078,0.42336,36.966,0.42336,423.524,0,1.02816,0,0,2.44714,1.41898,1.028160,1,0,57.545,0,0,0,57.545,0
72.2843,2.18007,0,0,2.63816,0.100958,0.36288,3.6288,61.308,0.428336,0,0,1.08879,0.288243,0.372208,0.66528,12.849,1,0.387491,0.36288,0,59.1913,5.37621,53.7904,0.84672,12.849,0.84672,3695.15,0,36.966,0.258267,1.24059,1.80575,6.50281,1.32406,7.96682,0.42336,36.966,0.42336,423.524,0,1.02816,0,0,2.26875,1.24059,1.028160,1,0,62.1295,0,0,0,62.1295,0
72.1045,2.18113,0,0,2.46519,0.100954,0.36288,3.6288,61.308,0.428336,0,0,1.04249,0.288243,0.325906,0.66528,12.849,1,0.38771,0.36288,0,55.0121,5.37621,49.611,0.84672,12.849,0.84672,3695.15,0,36.966,0.258267,1.18929,1.80599,6.08901,1.32406,7.50196,0.42336,36.966,0.42336,423.524,0,1.02816,0,0,2.21745,1.18929,1.028160,1,0,57.4389,0,0,0,57.4389,0
71.8122,2.23418,0,0,2.39445,0.0896639,0.36288,3.6288,61.308,0.45303,0,0,1.12989,0.309497,0.36736,0.66528,12.849,1,0.398131,0.36288,0,48.8508,5.56649,43.2491,0.84672,12.849,0.84672,3695.15,0,36.966,0.273157,1.03518,1.80623,5.62519,1.39332,6.80013,0.42336,36.966,0.42336,423.524,0,1.02816,0,0,2.06334,1.03518,1.028160,1,0,50.4166,0,0,0,50.4166,0
71.5135,2.26748,0,0,2.40999,0.0783278,0.36288,3.6288,61.308,0.428343,0,0,1.26961,0.335429,0.505841,0.66528,12.849,1,0.40571,0.36288,0,57.5149,5.66212,51.81,0.84672,12.849,0.84672,3695.15,0,36.966,0.258272,1.1676,1.8487,5.06276,1.43785,6.38294,0.42336,36.966,0.42336,423.524,0,1.02816,0,0,2.19576,1.1676,1.028160,1,0,58.6988,0,0,0,58.6988,0
71.053,2.26716,0,0,2.24766,0.0781496,0.36288,3.6288,61.308,0.428343,0,0,1.12454,0.335429,0.360766,0.66528,12.849,1,0.407346,0.36288,0,45.5001,5.66212,39.7935,0.84672,12.849,0.84672,3695.15,0,36.966,0.258272,1.13933,1.82579,4.62113,1.43785,5.89014,0.42336,36.966,0.42336,423.524,0,1.02816,0,0,2.16749,1.13933,1.028160,1,0,46.0444,0,0,0,46.0444,0
70.3907,2.26603,0,0,2.04447,0.0778749,0.36288,3.6288,61.308,0.428343,0,0,1.05629,0.335429,0.292519,0.66528,12.849,1,0.409782,0.36288,0,41.8388,5.66212,36.1297,0.84672,12.849,0.84672,3695.15,0,36.966,0.258272,0.800107,1.82604,4.22932,1.43785,5.15935,0.42336,36.966,0.42336,423.524,0,1.02816,0,0,1.82827,0.800107,1.028160,1,0,41.5816,0,0,0,41.5816,0
69.8552,2.41808,0,0,2.31309,0.0675918,0.36288,3.6288,61.308,0.517584,0,0,1.28422,0.329239,0.437401,0.66528,12.849,1,0.441393,0.36288,0,43.026,5.80362,37.1439,0.84672,12.849,0.84672,3695.15,0,36.966,0.31208,1.44472,1.82628,6.20038,1.47472,7.68458,0.42336,36.966,0.42336,423.524,0,1.02816,0,0,2.47288,1.44472,1.028160,1,0,45.2658,0,0,0,45.2658,0
68.877,2.46096,0,0,1.93285,0.0871814,0.36288,3.6288,61.308,0.484685,0,0,1.10554,0.329943,0.290913,0.66528,12.849,1,0.452662,0.36288,0,33.6791,5.67954,27.9097,0.84672,12.849,0.84672,3695.15,0,36.966,0.292243,1.02705,1.97122,5.19661,1.45113,6.45151,0.42336,36.966,0.42336,423.524,0,1.02816,0,0,2.05521,1.02705,1.028160,1,0,34.6522,0,0,0,34.6522,0
67.8361,2.45627,0,0,1.86615,0.0879179,0.36288,3.6288,61.308,0.485021,0,0,1.07577,0.315762,0.274984,0.66528,12.849,1,0.458217,0.36288,0,33.0474,5.67304,27.279,0.84672,12.849,0.84672,3695.15,0,36.966,0.292446,1.00609,1.94062,4.1445,1.46151,5.33726,0.42336,36.966,0.42336,423.524,0,1.02816,0,0,2.03425,1.00609,1.028160,1,0,32.8913,0,0,0,32.8913,0
66.5725,2.45109,0,0,1.63761,0.0872051,0.36288,3.6288,61.308,0.485357,0,0,1.03785,0.315762,0.236727,0.66528,12.849,1,0.464267,0.36288,0,42.0091,5.67304,36.2347,0.84672,12.849,0.84672,3695.15,0,36.966,0.292648,0.915477,1.9412,3.97984,1.46151,5.08236,0.42336,36.966,0.42336,423.524,0,1.02816,0,0,1.94364,0.915477,1.028160,1,0,41.5538,0,0,0,41.5538,0
65.3514,2.44443,0,0,1.67251,0.0863397,0.36288,3.6288,61.308,0.485693,0,0,1.19051,0.315762,0.389051,0.66528,12.849,1,0.471794,0.36288,0,36.3903,5.67304,30.6083,0.84672,12.849,0.84672,3695.15,0,36.966,0.292851,1.02565,1.94178,4.13301,1.46151,5.34609,0.42336,36.966,0.42336,423.524,0,1.02816,0,0,2.05381,1.02565,1.028160,1,0,36.3435,0,0,0,36.3435,0
64.3234,2.36341,0,0,1.7658,0.0675508,0.36288,3.6288,61.308,0.431783,0,0,0.926507,0.338729,0.155996,0.66528,12.849,1,0.46468,0.36288,0,27.6682,6.02071,21.5457,0.84672,12.849,0.84672,3695.15,0,36.966,0.260346,1.09441,1.94236,4.19844,1.53896,5.4359,0.42336,36.966,0.42336,423.524,0,1.02816,0,0,2.12257,1.09441,1.028160,1,0,27.1376,0,0,0,27.1376,0
63.1013,2.35793,0,0,1.65181,0.153099,0.36288,3.6288,61.2591,0.432103,0,0,0.673983,0.29078,0,0.66528,12.849,1,0.471011,0.36288,0,17.7307,4.66064,12.962,0.84672,12.849,0.84672,3695.15,0,36.966,0.260539,0.508913,1.85908,3.52223,1.19986,4.42983,0.42336,36.966,0.42336,423.524,0,1.02816,0,0,1.53707,0.508913,1.028160,1,0,17.3918,0,0,0,17.3918,0
62.0135,2.35105,0,0,1.78921,0.163061,0.36288,3.6288,61.308,0.432293,0,0,0.804436,0.294713,0.0285304,0.66528,12.849,1,0.478732,0.36288,0,19.4555,4.72573,14.6139,0.84672,12.849,0.84672,3695.15,0,36.966,0.260862,0.573048,1.85963,4.03738,1.23714,4.97206,0.42336,36.966,0.42336,423.524,0,1.02816,0,0,1.60121,0.573048,1.028160,1,0,19.6145,0,0,0,19.6145,0
60.9656,2.34479,0,0,1.82142,0.161614,0.36288,3.6288,61.308,0.432743,0,0,0.822485,0.294804,0.0949374,0.66528,12.849,1,0.485833,0.36288,0,27.6601,4.72573,22.8114,0.84672,12.849,0.84672,3695.15,0,36.966,0.260925,0.681886,1.86019,4.34871,1.23714,5.39272,0.42336,36.966,0.42336,423.524,0,1.02816,0,0,1.71005,0.681886,1.028160,1,0,28.2991,0,0,0,28.2991,0
60.4609,2.27818,0,0,2.3021,0.165761,0.36288,3.6288,61.308,0.383627,0,0,1.21523,0.281044,0.550563,0.66528,12.849,1,0.480145,0.36288,0,65.5413,4.66835,60.7557,0.84672,12.849,0.84672,3695.15,0,36.966,0.23131,1.19489,1.86074,6.35403,1.1973,7.98105,0.42336,36.966,0.42336,423.524,0,1.02816,0,0,2.22305,1.19489,1.028160,1,0,69.2873,0,0,0,69.2873,0
61.7605,2.21684,0,0,4.07748,0.198167,0.36288,3.6288,61.308,0.42834,0,0,1.21637,0.198482,0.589552,0.66528,12.849,1,0.471118,0.36288,0,69.6317,4.32401,65.1995,0.84672,12.849,0.84672,3695.15,0,36.966,0.25827,1.47802,1.78637,7.60838,0.958292,9.65621,0.42336,36.966,0.42336,423.524,0,1.02816,0,0,2.50618,1.47802,1.028160,1,0,75.4453,0,0,0,75.4453,0
64.9582,2.22614,0,0,5.98701,0.200314,0.36288,3.6288,61.308,0.42834,0,0,1.99577,0.198482,1.36895,0.66528,12.849,1,0.463138,0.36288,0,106.647,4.32401,102.223,0.84672,12.849,0.84672,3695.15,0,36.966,0.25827,2.28098,1.82856,9.69443,0.958292,12.5874,0.42336,36.966,0.42336,423.524,0,1.02816,0,0,3.30914,2.28098,1.028160,1,0,116.179,0,0,0,116.179,0
67.4012,2.24627,0,0,5.26473,0.212545,0.36288,3.6288,61.308,0.42834,0,0,1.71362,0.182371,1.10291,0.66528,12.849,1,0.444321,0.36288,0,92.766,4.33161,88.3529,0.84672,12.849,0.84672,3695.15,0,36.966,0.25827,2.13712,1.8288,10.7985,1.00566,13.5005,0.42336,36.966,0.42336,423.524,0,1.02816,0,0,3.16528,2.13712,1.028160,1,0,102.956,0,0,0,102.956,0
69.2663,2.08622,0,0,4.57942,0.265275,0.36288,3.6288,61.308,0.325255,0,0,1.3828,0.177657,0.879886,0.66528,12.849,1,0.397705,0.36288,0,79.4448,4.43438,74.9756,0.84672,12.849,0.84672,3695.15,0,36.966,0.196114,1.4837,1.82905,8.04004,0.995965,10.1607,0.42336,36.966,0.42336,423.524,0,1.02816,0,0,2.51186,1.4837,1.028160,1,0,86.0162,0,0,0,86.0162,0
72.29,1.95692,0,0,6.83538,0.272272,1.58246,3.6288,61.308,0.42831,0,0,3.92629,0.175228,3.32275,0.66528,12.849,1,0.363012,1.58246,0,201.862,4.05121,199.031,0.84672,12.849,0.84672,3695.15,0,36.966,0.258252,4.56976,1.66265,16.9488,0.992534,21.9305,0.42336,36.966,0.42336,423.524,0,1.02816,0,0,5.59792,4.56976,1.028160,1,0,224.284,0,0,0,224.284,0
72.29,1.97083,0,0,5.07676,0.276486,2.82944,3.6288,61.308,0.42831,0,0,2.59975,0.173705,1.99774,0.66528,12.849,1,0.350301,2.82944,0,174.293,3.98118,172.791,0.84672,12.849,0.84672,3695.15,0,36.966,0.258252,2.8225,1.75955,10.8632,0.996819,14.1902,0.42336,36.966,0.42336,423.524,0,1.02816,0,0,3.85066,2.8225,1.028160,1,0,188.979,0,0,0,188.979,0
72.29,1.97185,0,0,5.73711,0.276486,3.48877,3.6288,61.308,0.42831,0,0,2.76245,0.173705,2.16043,0.66528,12.849,1,0.350482,3.48877,0,226.926,3.98118,226.083,0.84672,12.849,0.84672,3695.15,0,36.966,0.258252,3.09588,1.75977,10.1617,0.996819,13.7623,0.42336,36.966,0.42336,423.524,0,1.02816,0,0,4.12404,3.09588,1.028160,1,0,242.006,0,0,0,242.006,0
72.29,1.97288,0,0,5.05056,0.276486,2.8012,3.6288,61.308,0.42831,0,0,2.50403,0.173705,1.90201,0.66528,12.849,1,0.350664,2.8012,0,185.826,3.98118,184.295,0.84672,12.849,0.84672,3695.15,0,36.966,0.258252,2.49316,1.76,7.95191,0.996819,10.95,0.42336,36.966,0.42336,423.524,0,1.02816,0,0,3.52132,2.49316,1.028160,1,0,197.147,0,0,0,197.147,0
72.29,2.04191,0,0,3.84528,0.264983,1.53839,3.6288,61.308,0.458198,0,0,1.71166,0.198325,1.05514,0.66528,12.849,1,0.362934,1.53839,0,112.235,3.86941,109.541,0.84672,12.849,0.84672,3695.15,0,36.966,0.276273,1.78422,1.76023,6.53797,1.00739,8.79875,0.42336,36.966,0.42336,423.524,0,1.02816,0,0,2.81238,1.78422,1.028160,1,0,119.395,0,0,0,119.395,0
71.6761,2.08361,0,0,2.08474,0.252163,0.36288,3.6288,61.2872,0.428309,0,0,0.609063,0.201546,0,0.66528,12.849,1,0.370345,0.36288,0,38.7231,4.0027,34.7129,0.84672,12.849,0.84672,3695.15,0,36.966,0.258251,0.525925,1.81248,3.54992,1.11528,4.51479,0.42336,36.966,0.42336,423.524,0,1.02816,0,0,1.55409,0.525925,1.028160,1,0,39.2277,0,0,0,39.2277,0
71.6032,2.08193,0,0,2.62294,0.250988,0.36288,3.6288,61.308,0.428254,0,0,1.23086,0.201519,0.580298,0.66528,12.849,1,0.373217,0.36288,0,67.687,4.0027,63.6739,0.84672,12.849,0.84672,3695.15,0,36.966,0.258306,1.15235,1.78466,10.025,1.11528,11.5884,0.42336,36.966,0.42336,423.524,0,1.02816,0,0,2.18051,1.15235,1.028160,1,0,75.8427,0,0,0,75.8427,0
72.0949,2.08263,0,0,3.23666,0.299487,0.36288,3.6288,61.308,0.428309,0,0,1.13479,0.262722,0.443756,0.66528,12.849,1,0.373722,0.36288,0,65.0606,4.44906,60.6007,0.84672,12.849,0.84672,3695.15,0,36.966,0.258251,2.07631,1.78489,6.26056,1.27107,8.59244,0.42336,36.966,0.42336,423.524,0,1.02816,0,0,3.10447,2.07631,1.028160,1,0,69.6369,0,0,0,69.6369,0
71.3135,2.3044,0,0,2.18651,0.30061,0.36288,3.6288,61.308,0.54066,0,0,0.904884,0.262722,0.101502,0.66528,12.849,1,0.410699,0.36288,0,35.0323,4.44906,30.5355,0.84672,12.849,0.84672,3695.15,0,36.966,0.325994,1.00617,1.78511,3.54823,1.27107,4.74245,0.42336,36.966,0.42336,423.524,0,1.02816,0,0,2.03433,1.00617,1.028160,1,0,35.3794,0,0,0,35.3794,0
72.29,2.45427,0,0,4.91327,0.335668,1.14684,3.6288,61.308,0.428341,0,0,1.21897,0.208069,0.582559,0.66528,12.849,1,0.442201,1.14684,0,81.6765,3.76247,78.6187,0.84672,12.849,0.84672,3695.15,0,36.966,0.258271,2.23774,1.97274,8.60814,0.943565,11.6168,0.42336,36.966,0.42336,423.524,0,1.02816,0,0,3.2659,2.23774,1.028160,1,0,90.818,0,0,0,90.818,0
72.29,2.46046,0,0,3.5524,0.338174,0.753759,3.6288,61.308,0.428341,0,0,0.825198,0.208069,0.188787,0.66528,12.849,1,0.437329,0.753759,0,61.5991,3.76247,58.153,0.84672,12.849,0.84672,3695.15,0,36.966,0.258271,1.52983,1.86763,6.18526,0.943565,8.38088,0.42336,36.966,0.42336,423.524,0,1.02816,0,0,2.55799,1.52983,1.028160,1,0,66.7227,0,0,0,66.7227,0
71.7431,2.46159,0,0,2.60744,0.329839,0.36288,3.6288,61.1262,0.431241,0,0,0.459905,0.21046,0,0.66528,12.849,1,0.437529,0.36288,0,45.9895,3.77791,42.1369,0.84672,12.849,0.84672,3695.15,0,36.966,0.260019,0.608429,1.86788,5.16004,0.960031,6.4163,0.42336,36.966,0.42336,423.524,0,1.02351,0,0,1.63194,0.608429,1.028160,1,0,48.5532,0,0,0,48.5532,0
71.4804,2.14797,0,0,2.52683,0.278673,0.36288,3.6288,61.1693,0.277081,0,0,0.5447,0.224543,0,0.66528,12.849,1,0.384695,0.36288,0,68.1258,3.87061,64.2334,0.84672,12.849,0.84672,3695.15,0,36.966,0.167564,1.07264,1.86813,5.54379,1.05882,7.25817,0.42336,36.966,0.42336,423.524,0,1.02816,0,0,2.1008,1.07264,1.028160,1,0,71.4915,0,0,0,71.4915,0
72.29,1.94271,0,0,7.15461,0.313726,4.08862,3.6288,61.308,0.427933,0,0,1.57184,0.192169,0.813019,0.66528,12.849,1,0.349212,4.08862,0,114.621,3.23279,115.127,0.84672,12.849,0.84672,3695.15,0,36.966,0.25861,2.99262,1.61251,13.9467,0.897399,17.3958,0.42336,36.966,0.42336,423.524,0,1.02816,0,0,4.02078,2.99262,1.028160,1,0,133.336,0,0,0,133.336,0
72.29,1.947,0,0,6.08378,0.320036,3.81674,3.6288,61.308,0.428298,0,0,1.51508,0.203908,0.88287,0.66528,12.849,1,0.346065,3.81674,0,146.788,3.5932,146.665,0.84672,12.849,0.84672,3695.15,0,36.966,0.258245,3.64251,1.75428,12.0763,0.956933,16.2579,0.42336,36.966,0.42336,423.524,0,1.02816,0,0,4.67067,3.64251,1.028160,1,0,163.806,0,0,0,163.806,0
72.29,1.94798,0,0,5.83653,0.320036,3.56851,3.6288,61.308,0.428298,0,0,1.36121,0.203908,0.729009,0.66528,12.849,1,0.346239,3.56851,0,55.7483,3.5932,55.3774,0.84672,12.849,0.84672,3695.15,0,36.966,0.258245,3.18718,1.7545,11.3354,0.956933,15.0619,0.42336,36.966,0.42336,423.524,0,1.02816,0,0,4.21534,3.18718,1.028160,1,0,71.1683,0,0,0,71.1683,0
72.29,1.94896,0,0,5.696,0.320036,3.427,3.6288,61.308,0.428298,0,0,1.30972,0.203908,0.677514,0.66528,12.849,1,0.346412,3.427,0,117.19,3.5932,116.677,0.84672,12.849,0.84672,3695.15,0,36.966,0.258245,3.07254,1.75472,11.5909,0.956933,15.203,0.42336,36.966,0.42336,423.524,0,1.02816,0,0,4.1007,3.07254,1.028160,1,0,132.558,0,0,0,132.558,0
72.29,2.02865,0,0,5.51185,0.31028,3.17292,3.6288,61.308,0.465279,0,0,1.43002,0.17886,0.785884,0.66528,12.849,1,0.360577,3.17292,0,123.971,3.16144,123.622,0.84672,12.849,0.84672,3695.15,0,36.966,0.280543,3.01401,1.75493,10.499,0.862552,14.1248,0.42336,36.966,0.42336,423.524,0,1.02816,0,0,4.04217,3.01401,1.028160,1,0,138.533,0,0,0,138.533,0
72.29,2.07998,0,0,7.55081,0.302632,5.16819,3.6288,61.308,0.428309,0,0,2.01405,0.1611,1.42464,0.66528,12.849,1,0.369701,5.16819,0,172.014,3.08409,173.728,0.84672,12.849,0.84672,3695.15,0,36.966,0.258251,3.31652,1.81832,17.2674,0.874899,21.2691,0.42336,36.966,0.42336,423.524,0,1.02816,0,0,4.34468,3.31652,1.028160,1,0,196.422,0,0,0,196.422,0
72.29,2.081,0,0,8.47895,0.274818,6.12313,3.6288,61.308,0.428309,0,0,2.23993,0.170897,1.64072,0.66528,12.849,1,0.369882,6.12313,0,148.347,3.73131,150.369,0.84672,12.849,0.84672,3695.15,0,36.966,0.258251,3.48653,1.78386,14.9262,1.00894,18.9294,0.42336,36.966,0.42336,423.524,0,1.02816,0,0,4.51469,3.48653,1.028160,1,0,170.939,0,0,0,170.939,0
72.29,2.08201,0,0,5.94988,0.26298,3.60488,3.6288,61.308,0.428309,0,0,1.6123,0.168237,1.01576,0.66528,12.849,1,0.370062,3.60488,0,121.288,3.85035,120.673,0.84672,12.849,0.84672,3695.15,0,36.966,0.258251,2.82423,1.78409,11.3131,1.03206,14.6311,0.42336,36.966,0.42336,423.524,0,1.02816,0,0,3.85239,2.82423,1.028160,1,0,136.32,0,0,0,136.32,0
72.29,2.05222,0,0,5.06322,0.266322,2.74468,3.6288,61.308,0.41393,0,0,1.47958,0.175599,0.890054,0.66528,12.849,1,0.364766,2.74468,0,99.7315,3.94338,98.1681,0.84672,12.849,0.84672,3695.15,0,36.966,0.249581,2.17736,1.78431,10.0282,1.0294,12.7109,0.42336,36.966,0.42336,423.524,0,1.02816,0,0,3.20552,2.17736,1.028160,1,0,111.769,0,0,0,111.769,0
72.29,2.03365,0,0,4.12658,0.218186,1.87474,3.6288,61.308,0.428305,0,0,0.851005,0.212726,0.209974,0.66528,12.849,1,0.361466,1.87474,0,77.9941,4.34273,75.1647,0.84672,12.849,0.84672,3695.15,0,36.966,0.258249,1.33155,1.75993,7.06363,1.03441,8.86245,0.42336,36.966,0.42336,423.524,0,1.02816,0,0,2.35971,1.33155,1.028160,1,0,84.2371,0,0,0,84.2371,0
72.29,2.03465,0,0,3.90503,0.208771,1.66161,3.6288,61.308,0.428305,0,0,0.795234,0.215846,0.151083,0.66528,12.849,1,0.361644,1.66161,0,73.1929,4.37052,70.1223,0.84672,12.849,0.84672,3695.15,0,36.966,0.258249,1.26305,1.77363,6.54463,1.03635,8.28671,0.42336,36.966,0.42336,423.524,0,1.02816,0,0,2.29121,1.26305,1.028160,1,0,78.5601,0,0,0,78.5601,0
72.29,2.03565,0,0,3.61297,0.208771,1.36855,3.6288,61.308,0.428305,0,0,0.864847,0.215846,0.220695,0.66528,12.849,1,0.361822,1.36855,0,66.5772,4.37052,63.2135,0.84672,12.849,0.84672,3695.15,0,36.966,0.258249,1.47567,1.77385,6.75503,1.03635,8.70995,0.42336,36.966,0.42336,423.524,0,1.02816,0,0,2.50383,1.47567,1.028160,1,0,72.1441,0,0,0,72.1441,0
72.29,2.14137,0,0,3.41864,0.219629,1.05764,3.6288,61.308,0.479358,0,0,0.930234,0.192565,0.258312,0.66528,12.849,1,0.380612,1.05764,0,62.3233,4.14918,58.8512,0.84672,12.849,0.84672,3695.15,0,36.966,0.289031,1.56959,1.77408,7.32974,0.954236,9.43014,0.42336,36.966,0.42336,423.524,0,1.02816,0,0,2.59775,1.56959,1.028160,1,0,68.5396,0,0,0,68.5396,0
72.29,2.21189,0,0,2.9032,0.17927,0.512049,3.6288,61.3063,0.42832,0,0,0.638837,0.212263,0,0.66528,12.849,1,0.393146,0.512049,0,48.3627,4.33248,44.1492,0.84672,12.849,0.84672,3695.15,0,36.966,0.258258,0.758652,1.86063,4.17329,1.07279,5.46153,0.42336,36.966,0.42336,423.524,0,1.02816,0,0,1.78681,0.758652,1.028160,1,0,49.6107,0,0,0,49.6107,0
72.2432,2.21294,0,0,2.68813,0.159139,0.36288,3.6288,61.2871,0.428315,0,0,0.636483,0.227327,0,0.66528,12.849,1,0.393333,0.36288,0,43.6279,4.51846,39.0789,0.84672,12.849,0.84672,3695.15,0,36.966,0.258262,0.681635,1.81299,3.89198,1.11506,5.01328,0.42336,36.966,0.42336,423.524,0,1.02816,0,0,1.7098,0.681635,1.028160,1,0,44.0922,0,0,0,44.0922,0
72.0906,2.21377,0,0,2.58313,0.159083,0.36288,3.6288,61.2799,0.428265,0,0,0.64838,0.227299,0,0.66528,12.849,1,0.393737,0.36288,0,41.1286,4.51846,36.5793,0.84672,12.849,0.84672,3695.15,0,36.966,0.258313,0.596514,1.81322,3.88084,1.11506,4.9172,0.42336,36.966,0.42336,423.524,0,1.02816,0,0,1.62467,0.596514,1.028160,1,0,41.4965,0,0,0,41.4965,0
71.7751,2.21412,0,0,2.42042,0.158899,0.36288,3.6288,61.2278,0.428246,0,0,0.603431,0.227289,0,0.66528,12.849,1,0.394631,0.36288,0,38.5296,4.51846,33.9794,0.84672,12.849,0.84672,3695.15,0,36.966,0.258332,0.48587,1.81345,3.59818,1.11506,4.52411,0.42336,36.966,0.42336,423.524,0,1.02816,0,0,1.51403,0.48587,1.028160,1,0,38.5035,0,0,0,38.5035,0
70.822,2.19298,0,0,1.7266,0.123843,0.36288,3.6288,61.1099,0.456195,0,0,0.582658,0.244346,0,0.66528,12.849,1,0.392583,0.36288,0,30.4258,4.89193,25.5042,0.84672,12.849,0.84672,3695.15,0,36.966,0.275426,0.338731,1.81369,3.24554,1.07166,4.05087,0.42336,36.966,0.42336,423.524,0,1.02816,0,0,1.36689,0.338731,1.028160,1,0,29.5551,0,0,0,29.5551,0
69.3322,2.22768,0,0,1.23225,0.131516,0.36288,3.6288,60.9483,0.495601,0,0,0.561548,0.227574,0,0.66528,12.849,1,0.404161,0.36288,0,24.4518,4.49043,19.9201,0.84672,12.849,0.84672,3695.15,0,36.966,0.299794,0.261274,1.84414,3.1051,0.942343,3.96838,0.42336,36.966,0.42336,423.524,0,0.919356,0,0,1.18063,0.261274,1.028160,1,0,23.8885,0,0,0,23.8885,0
67.7697,2.22141,0,0,1.12379,0.101952,0.36288,3.6288,60.666,0.555222,0,0,0.546751,0.273869,0,0.66528,12.849,1,0.411683,0.36288,0,23.2531,5.14194,18.0623,0.84672,12.849,0.84672,3695.15,0,36.966,0.33675,0.261274,1.81802,2.99271,1.16284,3.57242,0.42336,36.966,0.42336,423.524,0,0.822779,0,0,1.08405,0.261274,1.028160,1,0,21.6348,0,0,0,21.6348,0
66.1109,2.21448,0,0,1.0153,0.0967912,0.36288,3.6288,60.375,0.535952,0,0,0.516755,0.27178,0,0.66528,12.849,1,0.41986,0.36288,0,21.2998,5.72512,15.5177,0.84672,12.849,0.84672,3695.15,0,36.966,0.326575,0.261274,1.81826,2.96,1.37563,3.33733,0.42336,36.966,0.42336,423.524,0,0.852224,0,0,1.1135,0.261274,1.028160,1,0,18.8551,0,0,0,18.8551,0
64.3681,2.25957,0,0,0.974946,0.0953011,0.36288,3.6288,60.0339,0.561575,0,0,0.497063,0.276575,0,0.66528,12.849,1,0.439159,0.36288,0,19.8488,5.74692,14.0256,0.84672,12.849,0.84672,3695.15,0,36.966,0.343837,0.261274,1.81849,2.8924,1.38803,3.24029,0.42336,36.966,0.42336,423.524,0,0.849528,0,0,1.1108,0.261274,1.028160,1,0,17.2659,0,0,0,17.2659,0
62.4099,2.28421,0,0,0.781549,0.0926267,0.36288,3.6288,59.4444,0.684456,0,0,0.402684,0.307688,0,0.66528,12.849,1,0.455969,0.36288,0,16.9538,5.87769,10.983,0.84672,12.849,0.84672,3695.15,0,36.966,0.421455,0.261274,1.86161,2.1432,1.46246,2.38217,0.42336,36.966,0.42336,423.524,0,0.608852,0,0,0.870126,0.261274,1.028160,1,0,13.3651,0,0,0,13.3651,0
60.4142,2.27341,0,0,0.73173,0.0911625,0.36288,3.6288,58.869,0.657182,0,0,0.388314,0.306532,0,0.66528,12.849,1,0.468051,0.36288,0,15.9034,5.87769,9.92053,0.84672,12.849,0.84672,3695.15,0,36.966,0.408674,0.227405,1.83834,2.21679,1.46246,2.4114,0.42336,36.966,0.42336,423.524,0,0.648907,0,0,0.876312,0.227405,1.028160,1,0,12.3319,0,0,0,12.3319,0
58.3469,2.26171,0,0,0.64698,0.0896701,0.36288,3.6288,58.1959,0.733294,0,0,0.365552,0.305404,0,0.66528,12.849,1,0.481025,0.36288,0,15.0229,5.87769,9.02705,0.84672,12.849,0.84672,3695.15,0,36.966,0.42336,0.227405,1.83858,2.07964,1.46246,2.2598,0.42336,36.966,0.42336,423.524,0,0.558109,0,0,0.785514,0.227405,1.028160,1,0,11.2868,0,0,0,11.2868,0
56.089,2.40051,0,0,0.584642,0.07917,0.36288,3.6288,57.3467,0.901978,0,0,0.361941,0.309162,0,0.66528,12.849,1,0.528634,0.36288,0,14.2406,6.02724,8.04763,0.84672,12.849,0.84672,3695.15,0,36.966,0.42336,0.227405,1.83881,2.07502,1.49234,2.22554,0.42336,36.966,0.42336,423.524,0,0.534652,0,0,0.762057,0.227405,1.028160,1,0,10.2732,0,0,0,10.2732,0
53.6987,2.40663,0,0,0.461576,0.0822781,0.36288,3.6288,56.5113,0.890828,0,0,0.348296,0.292885,0,0.66528,12.849,1,0.551318,0.36288,0,12.8399,5.74653,6.90494,0.84672,12.849,0.84672,3695.15,0,36.966,0.42336,0.227405,1.98595,1.96402,1.46075,2.29327,0.42336,36.966,0.42336,423.524,0,0.518365,0,0,0.74577,0.227405,1.028160,1,0,9.1982,0,0,0,9.1982,0
51.2705,2.38752,0,0,0.407851,0.0857334,0.36288,3.6288,55.6265,0.914077,0,0,0.314222,0.284945,0,0.66528,12.849,1,0.571283,0.36288,0,11.0551,5.56489,5.28184,0.84672,12.849,0.84672,3695.15,0,36.966,0.42336,0.204422,1.97015,1.89614,1.45983,2.18753,0.42336,36.966,0.42336,423.524,0,0.495642,0,0,0.700065,0.204422,1.028160,1,0,7.46937,0,0,0,7.46937,0
48.9143,2.36656,0,0,0.45686,0.0836148,0.36288,3.6288,54.7704,0.895102,0,0,0.322336,0.283302,0,0.66528,12.849,1,0.593088,0.36288,0,10.989,5.56489,5.19394,0.84672,12.849,0.84672,3695.15,0,36.966,0.42336,0.204422,1.97072,2.03229,1.45983,2.32424,0.42336,36.966,0.42336,423.524,0,0.515143,0,0,0.719565,0.204422,1.028160,1,0,7.51818,0,0,0,7.51818,0
46.8399,2.34461,0,0,0.731168,0.0980525,0.36288,3.6288,54.148,0.74098,0,0,0.396148,0.277598,0,0.66528,12.849,1,0.61589,0.36288,0,18.2561,5.44616,12.557,0.84672,12.849,0.84672,3695.15,0,36.966,0.42336,0.204422,1.97128,2.21537,1.44526,2.52245,0.42336,36.966,0.42336,423.524,0,0.66979,0,0,0.874213,0.204422,1.028160,1,0,15.0794,0,0,0,15.0794,0
44.927,2.25296,0,0,0.80784,0.104873,0.36288,3.6288,53.4435,0.833198,0,0,0.385456,0.256728,0,0.66528,12.849,1,0.618027,0.36288,0,16.021,5.38783,10.378,0.84672,12.849,0.84672,3695.15,0,36.966,0.42336,0.204422,1.97185,2.08523,1.38197,2.45617,0.42336,36.966,0.42336,423.524,0,0.489824,0,0,0.694246,0.204422,1.028160,1,0,12.8342,0,0,0,12.8342,0
42.4794,2.23314,0,0,0.289262,0.140872,0.36288,3.6288,52.2462,1.13798,0,0,0.168286,0.22765,0,0.66528,12.849,1,0.638672,0.36288,0,8.38927,4.62669,3.48679,0.84672,12.849,0.84672,3695.15,0,36.966,0.42336,0.216518,1.88728,1.4975,1.18432,1.99362,0.42336,36.966,0.42336,423.524,0,0.185547,0,0,0.402065,0.216518,1.028160,1,0,5.4804,0,0,0,5.4804,0
40.1126,2.20552,0,0,0.342452,0.140817,0.36288,3.6288,51.3805,0.928702,0,0,0.287525,0.224468,0,0.66528,12.849,1,0.667117,0.36288,0,9.95207,4.59701,5.05083,0.84672,12.849,0.84672,3695.15,0,36.966,0.42336,0.216518,1.88782,2.14528,1.18068,2.64558,0.42336,36.966,0.42336,423.524,0,0.395321,0,0,0.61184,0.216518,1.028160,1,0,7.6964,0,0,0,7.6964,0
37.7696,2.17633,0,0,0.333154,0.136947,0.36288,3.6288,50.4464,0.957364,0,0,0.246161,0.222904,0,0.66528,12.849,1,0.697129,0.36288,0,9.70739,4.59701,4.77613,0.84672,12.849,0.84672,3695.15,0,36.966,0.42336,0.216518,1.88836,1.7527,1.18068,2.25354,0.42336,36.966,0.42336,423.524,0,0.36716,0,0,0.583679,0.216518,1.028160,1,0,7.02967,0,0,0,7.02967,0
35.5134,2.08927,0,0,0.329149,0.133261,0.36288,3.6288,49.8067,0.724632,0,0,0.306185,0.221217,0,0.66528,12.849,1,0.710758,0.36288,0,9.48663,4.59701,4.54175,0.84672,12.849,0.84672,3695.15,0,36.966,0.42336,0.216518,1.8889,2.19941,1.18068,2.70079,0.42336,36.966,0.42336,423.524,0,0.51995,0,0,0.736468,0.216518,1.028160,1,0,7.24254,0,0,0,7.24254,0
33.826,2.02268,0,0,0.864702,0.166543,0.36288,3.6288,49.255,0.658296,0,0,0.338058,0.231521,0,0.66528,12.849,1,0.73182,0.36288,0,24.7949,4.19643,20.2295,0.84672,12.849,0.84672,3695.15,0,36.966,0.42336,0.216518,1.81338,2.62374,1.0185,3.21178,0.42336,36.966,0.42336,423.524,0,0.633102,0,0,0.84962,0.216518,1.028160,1,0,23.4413,0,0,0,23.4413,0
32.1237,1.99715,0,0,0.820898,0.163155,0.36288,3.6288,48.1351,1.12228,0,0,0.232857,0.230472,0,0.66528,12.849,1,0.758629,0.36288,0,22.6466,4.19643,18.0544,0.84672,12.849,0.84672,3695.15,0,36.966,0.42336,0.292723,1.84101,2.3477,1.0185,3.03958,0.42336,36.966,0.42336,423.524,0,0.169119,0,0,0.461842,0.292723,1.028160,1,0,21.094,0,0,0,21.094,0
31.3149,1.96935,0,0,1.68315,0.159737,0.36288,3.6288,47.9313,0.489558,0,0,0.514137,0.228344,0,0.66528,12.849,1,0.78771,0.36288,0,34.9814,4.19643,30.3601,0.84672,12.849,0.84672,3695.15,0,36.966,0.375963,0.292723,1.84125,3.35675,1.0185,4.09627,0.42336,36.966,0.42336,423.524,0,0.849237,0,0,1.14196,0.292723,1.028160,1,0,34.4564,0,0,0,34.4564,0
32.349,1.80614,0,0,3.36124,0.158113,0.36288,3.6288,48.3999,0.292942,0,0,0.989434,0.227957,0,0.66528,12.849,1,0.741087,0.36288,0,64.4845,4.19643,59.9098,0.84672,12.849,0.84672,3695.15,0,36.966,0.225925,1.44799,1.84149,5.40039,1.0185,7.44545,0.42336,36.966,0.42336,423.524,0,1.02816,0,0,2.47615,1.44799,1.028160,1,0,67.3553,0,0,0,67.3553,0
31.458,1.70392,0,0,1.37421,0.198395,0.36288,3.6288,48.1239,0.508809,0,0,0.429621,0.196805,0,0.66528,12.849,1,0.676795,0.36288,0,28.55,3.7925,24.4436,0.84672,12.849,0.84672,3695.15,0,36.966,0.388609,0.292723,1.67258,2.77393,1.00044,3.35019,0.42336,36.966,0.42336,423.524,0,0.817292,0,0,1.11002,0.292723,1.028160,1,0,27.7938,0,0,0,27.7938,0
30.6429,1.69114,0,0,1.411,0.172121,0.36288,3.6288,48.0492,0.388289,0,0,0.515552,0.20189,0,0.66528,12.849,1,0.690745,0.36288,0,31.2106,4.05231,26.8304,0.84672,12.849,0.84672,3695.15,0,36.966,0.298261,0.912254,1.77093,3.86583,0.95219,5.29856,0.42336,36.966,0.42336,423.524,0,1.02816,0,0,1.94041,0.912254,1.028160,1,0,32.129,0,0,0,32.129,0
30.206,1.67902,0,0,1.78178,0.176721,0.36288,3.6288,47.9741,0.388027,0,0,0.495103,0.182238,0,0.66528,12.849,1,0.704038,0.36288,0,40.3255,4.06245,35.9219,0.84672,12.849,0.84672,3695.15,0,36.966,0.298523,0.671579,1.77115,3.69553,1.01535,4.82438,0.42336,36.966,0.42336,423.524,0,1.02816,0,0,1.69974,0.671579,1.028160,1,0,40.7462,0,0,0,40.7462,0
30.1518,1.6727,0,0,2.15706,0.175695,0.36288,3.6288,47.6619,0.664959,0,0,0.534907,0.182124,0,0.66528,12.849,1,0.711531,0.36288,0,49.0613,4.06245,44.6502,0.84672,12.849,0.84672,3695.15,0,36.966,0.42336,0.412474,1.77137,3.01915,1.01535,3.76429,0.42336,36.966,0.42336,423.524,0,0.626391,0,0,1.03886,0.412474,1.028160,1,0,48.4145,0,0,0,48.4145,0
30.8349,1.72964,0,0,2.94923,0.173652,0.36288,3.6288,48.2966,0.414049,0,0,1.23068,0.181934,0,0.66528,12.849,1,0.737073,0.36288,0,50.038,4.09966,45.5641,0.84672,12.849,0.84672,3695.15,0,36.966,0.321131,0.762065,1.77159,5.5365,1.05401,6.69502,0.42336,36.966,0.42336,423.524,0,1.02816,0,0,1.79023,0.762065,1.028160,1,0,52.2591,0,0,0,52.2591,0
31.6086,1.77631,0,0,3.08224,0.169328,0.36288,3.6288,48.8433,0.388892,0,0,1.13637,0.200785,0,0.66528,12.849,1,0.740196,0.36288,0,63.8822,4.77151,58.7333,0.84672,12.849,0.84672,3695.15,0,36.966,0.297656,0.9598,1.82462,8.18588,1.33036,9.34228,0.42336,36.966,0.42336,423.524,0,1.02816,0,0,1.98796,0.9598,1.028160,1,0,68.0756,0,0,0,68.0756,0
33.6154,1.79002,0,0,4.33075,0.171022,0.36288,3.6288,49.9946,0.390789,0,0,1.74382,0.201698,0,0.66528,12.849,1,0.727651,0.36288,0,145.284,4.77151,140.148,0.84672,12.849,0.84672,3695.15,0,36.966,0.29576,1.63358,1.79638,11.8296,1.33036,13.6335,0.42336,36.966,0.42336,423.524,0,1.02816,0,0,2.66174,1.63358,1.028160,1,0,153.781,0,0,0,153.781,0
38.7813,1.8223,0,0,7.52643,0.175364,0.36288,3.6288,52.7679,0.394704,0,0,3.37162,0.203619,0,0.66528,12.849,1,0.696546,0.36288,0,139.012,4.77151,133.906,0.84672,12.849,0.84672,3695.15,0,36.966,0.291844,3.40048,1.7966,17.2139,1.33036,20.7888,0.42336,36.966,0.42336,423.524,0,1.02816,0,0,4.42864,3.40048,1.028160,1,0,154.695,0,0,0,154.695,0
44.7479,2.08922,0,0,8.60725,0.188598,0.36288,3.6288,55.2177,0.511213,0,0,3.16591,0.204933,0,0.66528,12.849,1,0.692199,0.36288,0,331.68,4.5797,326.771,0.84672,12.849,0.84672,3695.15,0,36.966,0.358125,2.85199,1.79681,17.2355,1.27872,20.2475,0.42336,36.966,0.42336,423.524,0,1.02816,0,0,3.88015,2.85199,1.028160,1,0,347.019,0,0,0,347.019,0
54.1028,2.28593,0,0,12.2121,0.208394,0.36288,3.6288,58.1912,0.425124,0,0,3.57743,0.178764,0,0.66528,12.849,1,0.656388,0.36288,0,292.594,3.87614,288.425,0.84672,12.849,0.84672,3695.15,0,36.966,0.284603,3.34434,1.98725,23.625,1.01385,27.6581,0.42336,36.966,0.42336,423.524,0,1.02816,0,0,4.3725,3.34434,1.028160,1,0,316.083,0,0,0,316.083,0
57.7431,2.3783,0,0,6.612,0.230479,0.36288,3.6288,60.0311,0.434311,0,0,2.45282,0.178626,0,0.66528,12.849,1,0.564829,0.36288,0,165.79,3.8388,161.75,0.84672,12.849,0.84672,3695.15,0,36.966,0.275896,1.30252,1.89408,13.0493,0.991222,14.9788,0.42336,36.966,0.42336,423.524,0,1.02816,0,0,2.33068,1.30252,1.028160,1,0,176.728,0,0,0,176.728,0
59.7832,2.40809,0,0,5.05001,0.238983,0.36288,3.6288,61.308,0.439841,0,0,1.94965,0.180745,0.0521731,0.66528,12.849,1,0.535849,0.36288,0,113.524,3.8388,109.513,0.84672,12.849,0.84672,3695.15,0,36.966,0.270845,0.870644,1.8946,10.0562,0.991222,11.5594,0.42336,36.966,0.42336,423.524,0,1.02816,0,0,1.8988,0.870644,1.028160,1,0,121.124,0,0,0,121.124,0
61.5946,2.11658,0,0,4.53802,0.247166,0.36288,3.6288,61.308,0.290456,0,0,1.98965,0.160329,1.53886,0.66528,12.849,1,0.454909,0.36288,0,101.342,3.46072,97.7893,0.84672,12.849,0.84672,3695.15,0,36.966,0.175132,1.1878,1.89513,10.046,0.882813,12.071,0.42336,36.966,0.42336,423.524,0,1.02816,0,0,2.21596,1.1878,1.028160,1,0,111.399,0,0,0,111.399,0
67.3295,1.94577,0,0,8.30297,0.259341,0.36288,3.6288,61.308,0.428291,0,0,1.82995,0.191406,1.21025,0.66528,12.849,1,0.405899,0.36288,0,176.223,3.63306,172.547,0.84672,12.849,0.84672,3695.15,0,36.966,0.258241,1.68603,1.63597,21.8117,0.93378,23.9417,0.42336,36.966,0.42336,423.524,0,1.02816,0,0,2.71419,1.68603,1.028160,1,0,197.699,0,0,0,197.699,0
72.29,1.97574,0,0,8.12246,0.288541,0.897724,3.6288,61.308,0.428291,0,0,2.80676,0.155806,2.22266,0.66528,12.849,1,0.377045,0.897724,0,260.441,3.02925,257.932,0.84672,12.849,0.84672,3695.15,0,36.966,0.258241,2.05565,1.76547,22.022,0.767204,24.8177,0.42336,36.966,0.42336,423.524,0,1.02816,0,0,3.08381,2.05565,1.028160,1,0,284.972,0,0,0,284.972,0
72.29,1.99866,0,0,9.01688,0.299825,6.71839,3.6288,61.308,0.428291,0,0,2.06317,0.155806,1.47907,0.66528,12.849,1,0.355247,6.71839,0,198.194,3.02925,201.528,0.84672,12.849,0.84672,3695.15,0,36.966,0.258241,2.70527,1.76568,23.0388,0.767204,26.4843,0.42336,36.966,0.42336,423.524,0,1.02816,0,0,3.73343,2.70527,1.028160,1,0,229.491,0,0,0,229.491,0
72.29,1.99961,0,0,16.497,0.299825,14.1976,3.6288,61.308,0.428291,0,0,4.46759,0.155806,3.88349,0.66528,12.849,1,0.355416,14.1976,0,216.365,3.02925,227.178,0.84672,12.849,0.84672,3695.15,0,36.966,0.258241,3.97548,1.76589,33.7902,0.767204,38.5061,0.42336,36.966,0.42336,423.524,0,1.02816,0,0,5.00364,3.97548,1.028160,1,0,269.567,0,0,0,269.567,0
72.29,2.08045,0,0,9.2734,0.310581,6.88236,3.6288,61.308,0.465822,0,0,2.71348,0.134835,2.11282,0.66528,12.849,1,0.369785,6.88236,0,180.673,3.05116,184.134,0.84672,12.849,0.84672,3695.15,0,36.966,0.28087,2.68031,1.7661,21.9617,0.700598,25.4266,0.42336,36.966,0.42336,423.524,0,1.02816,0,0,3.70847,2.68031,1.028160,1,0,211.674,0,0,0,211.674,0
72.29,2.13251,0,0,7.11089,0.323059,4.65533,3.6288,61.308,0.428302,0,0,3.31835,0.186356,2.70369,0.66528,12.849,1,0.379037,4.65533,0,151.45,3.44505,152.281,0.84672,12.849,0.84672,3695.15,0,36.966,0.258247,2.98912,1.83043,25.6277,0.743213,29.4458,0.42336,36.966,0.42336,423.524,0,1.02816,0,0,4.01728,2.98912,1.028160,1,0,184.43,0,0,0,184.43,0
72.29,2.1335,0,0,8.0384,0.323059,5.58184,3.6288,61.308,0.428302,0,0,3.27764,0.186356,2.66298,0.66528,12.849,1,0.379213,5.58184,0,156.512,3.44505,158.269,0.84672,12.849,0.84672,3695.15,0,36.966,0.258247,2.47622,1.79545,24.6811,0.743213,27.9513,0.42336,36.966,0.42336,423.524,0,1.02816,0,0,3.50438,2.47622,1.028160,1,0,188.884,0,0,0,188.884,0
72.29,2.13449,0,0,6.50521,0.315515,4.05521,3.6288,61.308,0.428302,0,0,2.87299,0.185524,2.25916,0.66528,12.849,1,0.379389,4.05521,0,115.048,3.49448,115.229,0.84672,12.849,0.84672,3695.15,0,36.966,0.258247,2.65141,1.79567,17.9832,0.746427,21.4256,0.42336,36.966,0.42336,423.524,0,1.02816,0,0,3.67957,2.65141,1.028160,1,0,138.914,0,0,0,138.914,0
72.29,2.10421,0,0,5.12942,0.271977,2.75324,3.6288,61.308,0.413709,0,0,2.10236,0.183299,1.50535,0.66528,12.849,1,0.374007,2.75324,0,107.939,3.85878,106.459,0.84672,12.849,0.84672,3695.15,0,36.966,0.249448,1.37607,1.79588,12.9944,0.805731,15.1112,0.42336,36.966,0.42336,423.524,0,1.02816,0,0,2.40423,1.37607,1.028160,1,0,123.076,0,0,0,123.076,0
72.29,2.08532,0,0,4.59266,0.254267,2.25307,3.6288,61.308,0.428298,0,0,2.26493,0.213002,1.62363,0.66528,12.849,1,0.370651,2.25307,0,114.402,4.38063,111.904,0.84672,12.849,0.84672,3695.15,0,36.966,0.258245,1.39211,1.77113,12.6047,1.05275,14.457,0.42336,36.966,0.42336,423.524,0,1.02816,0,0,2.42027,1.39211,1.028160,1,0,127.985,0,0,0,127.985,0
72.29,2.0863,0,0,4.38572,0.184043,2.11538,3.6288,61.308,0.428298,0,0,2.09286,0.245701,1.41886,0.66528,12.849,1,0.370824,2.11538,0,102.942,4.66893,100.018,0.84672,12.849,0.84672,3695.15,0,36.966,0.258245,1.52147,1.78503,11.6655,1.06996,13.6438,0.42336,36.966,0.42336,423.524,0,1.02816,0,0,2.54963,1.52147,1.028160,1,0,115.08,0,0,0,115.08,0
72.29,2.08728,0,0,4.03879,0.184043,1.76747,3.6288,61.308,0.428298,0,0,2.25723,0.245701,1.58323,0.66528,12.849,1,0.370998,1.76747,0,94.5449,4.66893,91.2725,0.84672,12.849,0.84672,3695.15,0,36.966,0.258245,1.47836,1.78524,9.94905,1.06996,11.8844,0.42336,36.966,0.42336,423.524,0,1.02816,0,0,2.50652,1.47836,1.028160,1,0,104.74,0,0,0,104.74,0
72.29,2.19451,0,0,4.39429,0.184043,2.01573,3.6288,61.308,0.480105,0,0,1.92261,0.245701,1.1968,0.66528,12.849,1,0.390058,2.01573,0,97.5136,4.66893,94.4704,0.84672,12.849,0.84672,3695.15,0,36.966,0.289482,1.43117,1.78546,9.45501,1.06996,11.3122,0.42336,36.966,0.42336,423.524,0,1.02816,0,0,2.45933,1.43117,1.028160,1,0,106.979,0,0,0,106.979,0
72.29,2.26603,0,0,3.56639,0.166533,1.13383,3.6288,61.308,0.428313,0,0,1.7563,0.234131,1.09385,0.66528,12.849,1,0.402769,1.13383,0,77.0429,4.95831,72.8156,0.84672,12.849,0.84672,3695.15,0,36.966,0.258253,1.12796,1.87329,8.99709,1.00148,10.7386,0.42336,36.966,0.42336,423.524,0,1.02816,0,0,2.15612,1.12796,1.028160,1,0,84.6481,0,0,0,84.6481,0
72.29,2.26705,0,0,3.14889,0.128867,0.752972,3.6288,61.308,0.428313,0,0,1.61314,0.242364,0.942463,0.66528,12.849,1,0.402951,0.752972,0,63.2105,5.10993,58.4506,0.84672,12.849,0.84672,3695.15,0,36.966,0.258253,0.98229,1.82493,8.75206,1.04339,10.2576,0.42336,36.966,0.42336,423.524,0,1.02816,0,0,2.01045,0.98229,1.028160,1,0,69.6507,0,0,0,69.6507,0
72.29,2.26808,0,0,3.10063,0.128867,0.703683,3.6288,61.308,0.428313,0,0,1.61558,0.242364,0.944909,0.66528,12.849,1,0.403134,0.703683,0,59.438,5.10993,54.6286,0.84672,12.849,0.84672,3695.15,0,36.966,0.258254,1.02264,1.82516,8.3751,1.04339,9.92125,0.42336,36.966,0.42336,423.524,0,1.02816,0,0,2.0508,1.02264,1.028160,1,0,65.4948,0,0,0,65.4948,0
72.29,2.2691,0,0,2.77214,0.138701,0.364339,3.6288,61.308,0.428313,0,0,1.5539,0.23973,0.885861,0.66528,12.849,1,0.403316,0.364339,0,56.3489,4.9407,51.3692,0.84672,12.849,0.84672,3695.15,0,36.966,0.258254,1.11403,1.82538,7.73945,1.04992,9.3707,0.42336,36.966,0.42336,423.524,0,1.02816,0,0,2.14219,1.11403,1.028160,1,0,61.6258,0,0,0,61.6258,0
72.29,2.24909,0,0,3.25078,0.138774,0.862922,3.6288,61.308,0.456826,0,0,1.4598,0.241609,0.761362,0.66528,12.849,1,0.399758,0.862922,0,57.7003,4.75284,53.4106,0.84672,12.849,0.84672,3695.15,0,36.966,0.275446,1.30716,1.82561,8.14216,1.08287,9.91662,0.42336,36.966,0.42336,423.524,0,1.02816,0,0,2.33532,1.30716,1.028160,1,0,64.0886,0,0,0,64.0886,0
72.29,2.28891,0,0,3.84367,0.10609,1.44866,3.6288,61.308,0.428321,0,0,1.41331,0.252894,0.732091,0.66528,12.849,1,0.406837,1.44866,0,61.9822,5.06646,57.9575,0.84672,12.849,0.84672,3695.15,0,36.966,0.258258,1.7246,1.8565,8.97782,1.10504,11.1956,0.42336,36.966,0.42336,423.524,0,1.02816,0,0,2.75276,1.7246,1.028160,1,0,69.8852,0,0,0,69.8852,0
72.29,2.28994,0,0,3.64255,0.10609,1.24651,3.6288,61.308,0.428321,0,0,1.36959,0.252894,0.688372,0.66528,12.849,1,0.40702,1.24651,0,60.6728,5.06646,56.4458,0.84672,12.849,0.84672,3695.15,0,36.966,0.258258,1.537,1.82999,8.41467,1.10504,10.4184,0.42336,36.966,0.42336,423.524,0,1.02816,0,0,2.56516,1.537,1.028160,1,0,67.5525,0,0,0,67.5525,0
72.29,2.29098,0,0,3.46501,0.0869521,1.08708,3.6288,61.308,0.428321,0,0,1.31031,0.283983,0.598004,0.66528,12.849,1,0.407204,1.08708,0,58.0458,5.5008,53.2248,0.84672,12.849,0.84672,3695.15,0,36.966,0.258258,1.51178,1.83022,8.01567,1.25204,9.84737,0.42336,36.966,0.42336,423.524,0,1.02816,0,0,2.53994,1.51178,1.028160,1,0,63.6702,0,0,0,63.6702,0
72.29,2.34641,0,0,3.25192,0.0863958,0.819118,3.6288,61.308,0.45376,0,0,1.27678,0.280793,0.542232,0.66528,12.849,1,0.417056,0.819118,0,56.0111,5.85217,50.561,0.84672,12.849,0.84672,3695.15,0,36.966,0.273597,1.58307,1.83045,7.95554,1.29873,9.79673,0.42336,36.966,0.42336,423.524,0,1.02816,0,0,2.61123,1.58307,1.028160,1,0,60.9,0,0,0,60.9,0
72.29,2.38208,0,0,3.22027,0.0676338,0.770562,3.6288,61.308,0.428328,0,0,1.19857,0.306678,0.46356,0.66528,12.849,1,0.423397,0.770562,0,56.438,5.75306,51.0321,0.84672,12.849,0.84672,3695.15,0,36.966,0.258263,1.1649,1.87419,6.44737,1.51514,7.71304,0.42336,36.966,0.42336,423.524,0,1.02816,0,0,2.19306,1.1649,1.028160,1,0,59.2087,0,0,0,59.2087,0
72.29,2.38314,0,0,3.05201,0.0676338,0.601241,3.6288,61.308,0.428328,0,0,1.07228,0.306678,0.337278,0.66528,12.849,1,0.423584,0.601241,0,49.8677,5.75306,44.2923,0.84672,12.849,0.84672,3695.15,0,36.966,0.258263,1.37866,1.85056,6.7341,1.51514,8.18992,0.42336,36.966,0.42336,423.524,0,1.02816,0,0,2.40682,1.37866,1.028160,1,0,52.8195,0,0,0,52.8195,0
72.29,2.38419,0,0,2.85309,0.0676338,0.401266,3.6288,61.308,0.428328,0,0,0.992114,0.306678,0.257107,0.66528,12.849,1,0.423772,0.401266,0,47.4168,5.75306,41.6413,0.84672,12.849,0.84672,3695.15,0,36.966,0.258263,1.17155,1.8508,5.90894,1.51514,7.15788,0.42336,36.966,0.42336,423.524,0,1.02816,0,0,2.19971,1.17155,1.028160,1,0,49.0563,0,0,0,49.0563,0
72.1295,2.54474,0,0,2.81474,0.0676338,0.36288,3.6288,61.308,0.520252,0,0,1.07339,0.306678,0.24646,0.66528,12.849,1,0.452308,0.36288,0,43.9982,5.75306,38.1557,0.84672,12.849,0.84672,3695.15,0,36.966,0.313689,1.31981,1.85103,6.68229,1.51514,8.0243,0.42336,36.966,0.42336,423.524,0,1.02816,0,0,2.34797,1.31981,1.028160,1,0,46.4264,0,0,0,46.4264,0
71.5508,2.54738,0,0,2.37183,0.0402703,0.36288,3.6288,61.308,0.518519,0,0,0.915408,0.285823,0.111066,0.66528,12.849,1,0.453784,0.36288,0,39.6286,5.56755,33.9701,0.84672,12.849,0.84672,3695.15,0,36.966,0.312644,1.26763,2.00031,7.05616,1.53661,8.47484,0.42336,36.966,0.42336,423.524,0,1.02816,0,0,2.29579,1.26763,1.028160,1,0,42.556,0,0,0,42.556,0
70.4536,2.54496,0,0,1.84338,0.0327163,0.36288,3.6288,61.2302,0.518838,0,0,0.714338,0.273332,0,0.66528,12.849,1,0.457021,0.36288,0,31.6198,5.23918,26.2865,0.84672,12.849,0.84672,3695.15,0,36.966,0.312836,1.03738,1.99893,5.57263,1.50737,6.78873,0.42336,36.966,0.42336,423.524,0,1.02816,0,0,2.06554,1.03738,1.028160,1,0,33.0752,0,0,0,33.0752,0
70.0643,2.53964,0,0,2.54562,0.0324424,0.36288,3.6288,61.2292,0.518909,0,0,0.791113,0.273198,0,0.66528,12.849,1,0.463168,0.36288,0,33.9168,5.23918,28.5774,0.84672,12.849,0.84672,3695.15,0,36.966,0.313277,1.31592,1.99948,6.21224,1.50737,7.70699,0.42336,36.966,0.42336,423.524,0,1.02816,0,0,2.34408,1.31592,1.028160,1,0,36.2844,0,0,0,36.2844,0
70.8095,2.53817,0,0,3.70624,0.0599517,0.36288,3.6288,61.308,0.519226,0,0,1.05308,0.265829,0.189197,0.66528,12.849,1,0.465471,0.36288,0,56.5967,5.09926,51.3948,0.84672,12.849,0.84672,3695.15,0,36.966,0.313473,1.60904,2.00003,6.90839,1.48501,8.71897,0.42336,36.966,0.42336,423.524,0,1.02816,0,0,2.6372,1.60904,1.028160,1,0,60.303,0,0,0,60.303,0
71.1222,2.46542,0,0,3.20124,0.0602543,0.36288,3.6288,61.308,0.463925,0,0,1.16795,0.238678,0.465343,0.66528,12.849,1,0.447372,0.36288,0,58.765,4.81017,53.8704,0.84672,12.849,0.84672,3695.15,0,36.966,0.279726,1.64078,2.00058,6.84842,1.33018,8.87987,0.42336,36.966,0.42336,423.524,0,1.02816,0,0,2.66894,1.64078,1.028160,1,0,63.2156,0,0,0,63.2156,0
71.9388,2.46777,0,0,3.73155,0.0842785,0.36288,3.6288,61.308,0.46423,0,0,1.82685,0.187165,1.17546,0.66528,12.849,1,0.445829,0.36288,0,73.3466,3.5888,69.6749,0.84672,12.849,0.84672,3695.15,0,36.966,0.27991,2.49759,1.91476,12.3173,0.959949,15.4898,0.42336,36.966,0.42336,423.524,0,1.02816,0,0,3.52575,2.49759,1.028160,1,0,86.3401,0,0,0,86.3401,0
72.2249,2.47274,0,0,3.20654,0.0848054,0.36288,3.6288,61.308,0.464534,0,0,1.6774,0.187165,1.0257,0.66528,12.849,1,0.441657,0.36288,0,67.505,3.5888,63.8374,0.84672,12.849,0.84672,3695.15,0,36.966,0.280093,2.30549,1.91529,10.2324,0.959949,13.2132,0.42336,36.966,0.42336,423.524,0,1.02816,0,0,3.33365,2.30549,1.028160,1,0,78.0763,0,0,0,78.0763,0
72.0346,2.47491,0,0,2.73243,0.08499,0.36288,3.6288,61.308,0.464838,0,0,1.64064,0.187165,0.988638,0.66528,12.849,1,0.440292,0.36288,0,39.3423,3.5888,35.6761,0.84672,12.849,0.84672,3695.15,0,36.966,0.280277,2.56878,1.91581,9.27565,0.959949,12.52,0.42336,36.966,0.42336,423.524,0,1.02816,0,0,3.59694,2.56878,1.028160,1,0,49.1848,0,0,0,49.1848,0
71.9301,2.41068,0,0,2.78694,0.117832,0.36288,3.6288,61.308,0.41423,0,0,1.71216,0.167865,1.13007,0.66528,12.849,1,0.429999,0.36288,0,31.5076,3.15196,28.2885,0.84672,12.849,0.84672,3695.15,0,36.966,0.249762,2.12227,1.91634,8.89825,0.861213,11.8259,0.42336,36.966,0.42336,423.524,0,1.02816,0,0,3.15043,2.12227,1.028160,1,0,41.2444,0,0,0,41.2444,0
71.1507,2.39203,0,0,2.20722,0.231754,0.36288,3.6288,61.308,0.428325,0,0,1.58693,0.19334,0.965262,0.66528,12.849,1,0.427293,0.36288,0,41.4112,4.67331,36.6735,0.84672,12.849,0.84672,3695.15,0,36.966,0.258261,1.65237,1.8397,8.06682,1.08972,10.2109,0.42336,36.966,0.42336,423.524,0,1.02816,0,0,2.68053,1.65237,1.028160,1,0,47.8496,0,0,0,47.8496,0
69.7495,2.38913,0,0,1.58642,0.235626,0.36288,3.6288,61.308,0.428325,0,0,1.31716,0.205627,0.683208,0.66528,12.849,1,0.431449,0.36288,0,41.4435,5.10888,36.266,0.84672,12.849,0.84672,3695.15,0,36.966,0.258261,1.21909,1.85315,5.54342,1.16894,7.18846,0.42336,36.966,0.42336,423.524,0,1.02816,0,0,2.24725,1.21909,1.028160,1,0,44.1377,0,0,0,44.1377,0
70.7681,2.38286,0,0,3.98187,0.217543,0.36288,3.6288,61.308,0.428325,0,0,1.9923,0.19967,1.3643,0.66528,12.849,1,0.438962,0.36288,0,39.7889,4.96488,34.748,0.84672,12.849,0.84672,3695.15,0,36.966,0.258261,2.24094,1.85339,11.5973,1.20114,14.2322,0.42336,36.966,0.42336,423.524,0,1.02816,0,0,3.2691,2.24094,1.028160,1,0,50.3445,0,0,0,50.3445,0
72.29,2.208,0,0,8.21441,0.229496,4.25497,3.6288,61.308,0.322172,0,0,3.20283,0.158448,2.72221,0.66528,12.849,1,0.400896,4.25497,0,109.374,4.07171,109.156,0.84672,12.849,0.84672,3695.15,0,36.966,0.194256,3.88089,1.85362,26.0774,1.06461,30.5531,0.42336,36.966,0.42336,423.524,0,1.02816,0,0,4.90905,3.88089,1.028160,1,0,142.431,0,0,0,142.431,0
72.29,2.0717,0,0,6.86162,0.264149,4.52577,3.6288,61.308,0.428296,0,0,2.23557,0.205304,1.60197,0.66528,12.849,1,0.368229,4.52577,0,107.31,3.95917,107.508,0.84672,12.849,0.84672,3695.15,0,36.966,0.258243,3.08427,1.68226,15.0702,1.03374,18.5448,0.42336,36.966,0.42336,423.524,0,1.02816,0,0,4.11243,3.08427,1.028160,1,0,127.655,0,0,0,127.655,0
72.29,2.07267,0,0,7.08186,0.278674,4.73052,3.6288,61.308,0.428296,0,0,2.46084,0.25043,1.78211,0.66528,12.849,1,0.368402,4.73052,0,141.116,4.08513,141.393,0.84672,12.849,0.84672,3695.15,0,36.966,0.258243,3.82171,1.78202,16.5605,1.06442,20.8416,0.42336,36.966,0.42336,423.524,0,1.02816,0,0,4.84987,3.82171,1.028160,1,0,164.017,0,0,0,164.017,0
72.29,2.07364,0,0,6.20862,0.278674,3.8563,3.6288,61.308,0.428296,0,0,1.83016,0.25043,1.15143,0.66528,12.849,1,0.368574,3.8563,0,139.836,4.08513,139.238,0.84672,12.849,0.84672,3695.15,0,36.966,0.258243,2.95071,1.78223,16.0021,1.06575,19.411,0.42336,36.966,0.42336,423.524,0,1.02816,0,0,3.97887,2.95071,1.028160,1,0,159.801,0,0,0,159.801,0
72.29,2.07461,0,0,8.94413,0.254014,6.6155,3.6288,61.308,0.428296,0,0,3.38942,0.242061,2.71906,0.66528,12.849,1,0.368747,6.6155,0,181.755,4.09755,183.904,0.84672,12.849,0.84672,3695.15,0,36.966,0.258243,3.87921,1.78245,19.9407,1.03407,24.31,0.42336,36.966,0.42336,423.524,0,1.02816,0,0,4.90737,3.87921,1.028160,1,0,210.933,0,0,0,210.933,0
72.29,2.07497,0,0,6.04909,0.239003,3.73512,3.6288,61.308,0.428034,0,0,1.8145,0.238717,1.14774,0.66528,12.849,1,0.36881,3.73512,0,148.968,3.89612,148.438,0.84672,12.849,0.84672,3695.15,0,36.966,0.258086,2.16314,1.78266,13.0147,0.990127,15.7123,0.42336,36.966,0.42336,423.524,0,1.02816,0,0,3.1913,2.16314,1.028160,1,0,165.299,0,0,0,165.299,0
72.2431,2.04911,0,0,2.63036,0.265247,0.36288,3.6288,61.308,0.529973,0,0,1.1079,0.170877,0.407048,0.66528,12.849,1,0.364214,0.36288,0,52.9212,3.38856,49.5313,0.84672,12.849,0.84672,3695.15,0,36.966,0.31955,1.10481,1.78242,7.64061,0.745196,9.4631,0.42336,36.966,0.42336,423.524,0,1.02816,0,0,2.13297,1.10481,1.028160,1,0,59.4015,0,0,0,59.4015,0
72.29,2.04952,0,0,2.72648,0.265153,0.364935,3.6288,61.308,0.530233,0,0,0.970678,0.170877,0.269568,0.66528,12.849,1,0.364523,0.364935,0,86.712,3.38856,83.3238,0.84672,12.849,0.84672,3695.15,0,36.966,0.319707,0.702959,1.90295,7.40423,0.745196,8.94524,0.42336,36.966,0.42336,423.524,0,1.02816,0,0,1.73112,0.702959,1.028160,1,0,92.5387,0,0,0,92.5387,0
71.8828,2.05033,0,0,2.27127,0.265247,0.36288,3.6288,61.308,0.558386,0,0,0.843108,0.170877,0.113845,0.66528,12.849,1,0.364431,0.36288,0,45.4134,3.38856,42.0233,0.84672,12.849,0.84672,3695.15,0,36.966,0.336682,0.503194,1.90341,5.72923,0.745196,7.05395,0.42336,36.966,0.42336,423.524,0,0.983448,0,0,1.48664,0.503194,1.028160,1,0,49.1911,0,0,0,49.1911,0
71.131,2.04919,0,0,1.92467,0.264428,0.36288,3.6288,61.2089,0.675513,0,0,0.747248,0.170877,0,0.66528,12.849,1,0.366291,0.36288,0,35.3187,3.38856,31.9267,0.84672,12.849,0.84672,3695.15,0,36.966,0.407304,0.503194,1.90387,4.93539,0.745196,6.18995,0.42336,36.966,0.42336,423.524,0,0.796116,0,0,1.29931,0.503194,1.028160,1,0,38.1167,0,0,0,38.1167,0
69.6764,2.27111,0,0,1.46542,0.285997,0.36288,3.6288,60.7052,0.966479,0,0,0.595282,0.132427,0,0.66528,12.849,1,0.410251,0.36288,0,41.3824,3.76945,37.5656,0.84672,12.849,0.84672,3695.15,0,36.966,0.583688,0.503194,1.90432,4.15012,0.925392,5.04856,0.42336,36.966,0.42336,423.524,0,0.514598,0,0,1.01779,0.503194,1.028160,1,0,42.6141,0,0,0,42.6141,0
67.7375,2.26455,0,0,0.966099,0.277618,0.36288,3.6288,60.6005,0.74861,0,0,0.767482,0.123625,0,0.66528,12.849,1,0.417604,0.36288,0,30.9182,3.81874,27.0448,0.84672,12.849,0.84672,3695.15,0,36.966,0.45586,0.503194,2.09773,4.16292,1.02024,5.28774,0.42336,36.966,0.42336,423.524,0,0.860762,0,0,1.36396,0.503194,1.028160,1,0,32.3325,0,0,0,32.3325,0
67.9885,2.25516,0,0,3.14253,0.273451,0.36288,3.6288,60.5266,0.655909,0,0,0.705547,0.123543,0,0.66528,12.849,1,0.427778,0.36288,0,66.1491,3.81874,62.2655,0.84672,12.849,0.84672,3695.15,0,36.966,0.400101,0.608429,2.09823,5.69659,1.02024,6.98292,0.42336,36.966,0.42336,423.524,0,1.00969,0,0,1.61812,0.608429,1.028160,1,0,69.2484,0,0,0,69.2484,0
66.5176,2.25716,0,0,1.42315,0.273991,0.36288,3.6288,59.8434,1.01556,0,0,0.455835,0.123485,0,0.66528,12.849,1,0.426575,0.36288,0,34.5518,3.81874,30.6694,0.84672,12.849,0.84672,3695.15,0,36.966,0.620241,0.608429,2.09874,3.49425,1.02024,4.56094,0.42336,36.966,0.42336,423.524,0,0.430367,0,0,1.0388,0.608429,1.028160,1,0,35.2303,0,0,0,35.2303,0
65.7398,1.9326,0,0,1.80285,0.285263,0.36288,3.6288,59.5863,0.709958,0,0,0.579204,0.126329,0,0.66528,12.849,1,0.373313,0.36288,0,38.1965,3.84438,34.3417,0.84672,12.849,0.84672,3695.15,0,36.966,0.43855,0.608429,2.09925,4.98401,1.02638,6.22675,0.42336,36.966,0.42336,423.524,0,0.66903,0,0,1.27746,0.608429,1.028160,1,0,40.5684,0,0,0,40.5684,0
65.9399,1.92948,0,0,2.79781,0.305283,0.36288,3.6288,59.7551,0.487403,0,0,0.777946,0.121767,0,0.66528,12.849,1,0.377121,0.36288,0,68.0379,3.88962,64.1341,0.84672,12.849,0.84672,3695.15,0,36.966,0.302374,0.704903,1.83636,5.50436,1.05227,6.69097,0.42336,36.966,0.42336,423.524,0,1.02816,0,0,1.73306,0.704903,1.028160,1,0,70.825,0,0,0,70.825,0
66.2174,1.93101,0,0,2.87153,0.300137,0.36288,3.6288,60.0088,0.488179,0,0,0.86254,0.120582,0,0.66528,12.849,1,0.376276,0.36288,0,54.5194,3.94914,50.5568,0.84672,12.849,0.84672,3695.15,0,36.966,0.302,0.69539,1.8368,5.69869,1.06383,6.86505,0.42336,36.966,0.42336,423.524,0,1.02816,0,0,1.72355,0.69539,1.028160,1,0,57.4219,0,0,0,57.4219,0
66.9574,1.93291,0,0,3.31055,0.274809,0.36288,3.6288,60.3152,0.489217,0,0,0.910492,0.114954,0,0.66528,12.849,1,0.375067,0.36288,0,73.7367,4.14684,69.5777,0.84672,12.849,0.84672,3695.15,0,36.966,0.301362,0.938753,1.83723,6.44998,1.10977,7.81484,0.42336,36.966,0.42336,423.524,0,1.02816,0,0,1.96691,0.938753,1.028160,1,0,77.3925,0,0,0,77.3925,0
66.7807,1.93697,0,0,2.42406,0.300848,0.36288,3.6288,60.4432,0.490414,0,0,0.749935,0.131433,0,0.66528,12.849,1,0.371701,0.36288,0,53.9599,4.17561,49.7755,0.84672,12.849,0.84672,3695.15,0,36.966,0.300565,0.643308,1.83767,5.88845,1.11548,6.95339,0.42336,36.966,0.42336,423.524,0,1.02816,0,0,1.67147,0.643308,1.028160,1,0,56.7289,0,0,0,56.7289,0
66.1848,2.01675,0,0,2.1452,0.361515,0.36288,3.6288,60.1877,0.651654,0,0,0.566788,0.170684,0,0.66528,12.849,1,0.388035,0.36288,0,39.5973,4.72311,34.849,0.84672,12.849,0.84672,3695.15,0,36.966,0.39854,0.558835,1.83811,4.75949,1.175,5.5829,0.42336,36.966,0.42336,423.524,0,0.830365,0,0,1.3892,0.558835,1.028160,1,0,40.4319,0,0,0,40.4319,0
65.2422,2.01442,0,0,1.79455,0.359809,0.36288,3.6288,59.7711,0.722674,0,0,0.476526,0.170406,0,0.66528,12.849,1,0.391077,0.36288,0,34.5158,4.72311,29.7645,0.84672,12.849,0.84672,3695.15,0,36.966,0.443851,0.528595,1.90358,4.4832,1.175,5.29652,0.42336,36.966,0.42336,423.524,0,0.71445,0,0,1.24305,0.528595,1.028160,1,0,35.061,0,0,0,35.061,0
64.4693,2.0103,0,0,1.8845,0.284249,0.36288,3.6288,59.3359,0.764759,0,0,0.475952,0.146416,0,0.66528,12.849,1,0.395915,0.36288,0,38.7839,3.45849,35.2924,0.84672,12.849,0.84672,3695.15,0,36.966,0.472972,0.528595,1.90403,4.35079,1.02948,5.28097,0.42336,36.966,0.42336,423.524,0,0.643663,0,0,1.17226,0.528595,1.028160,1,0,40.5734,0,0,0,40.5734,0
63.3241,2.00694,0,0,1.50708,0.282488,0.36288,3.6288,58.7626,0.83121,0,0,0.403878,0.146009,0,0.66528,12.849,1,0.399992,0.36288,0,31.2201,3.45849,27.7245,0.84672,12.849,0.84672,3695.15,0,36.966,0.51784,0.528595,1.90449,3.88647,1.02948,4.77224,0.42336,36.966,0.42336,423.524,0,0.53276,0,0,1.06135,0.528595,1.028160,1,0,32.4968,0,0,0,32.4968,0
62.3649,1.97047,0,0,1.70117,0.326944,0.36288,3.6288,58.541,0.695712,0,0,0.635739,0.161625,0,0.66528,12.849,1,0.399826,0.36288,0,33.0547,3.80667,29.2111,0.84672,12.849,0.84672,3695.15,0,36.966,0.437654,0.528595,1.90495,4.0297,1.07664,4.94895,0.42336,36.966,0.42336,423.524,0,0.725138,0,0,1.25373,0.528595,1.028160,1,0,34.1601,0,0,0,34.1601,0
61.3391,1.96596,0,0,1.54947,0.246469,0.36288,3.6288,58.1133,0.75924,0,0,0.531455,0.199946,0,0.66528,12.849,1,0.405045,0.36288,0,29.9973,4.15263,25.8025,0.84672,12.849,0.84672,3695.15,0,36.966,0.479426,0.528595,1.88007,3.72052,1.0973,4.55246,0.42336,36.966,0.42336,423.524,0,0.620248,0,0,1.14884,0.528595,1.028160,1,0,30.355,0,0,0,30.355,0
60.2943,1.96094,0,0,1.51054,0.231516,0.36288,3.6288,57.8709,0.617055,0,0,0.580497,0.205804,0,0.66528,12.849,1,0.410768,0.36288,0,29.0676,4.21029,24.8094,0.84672,12.849,0.84672,3695.15,0,36.966,0.39251,0.402797,1.88052,4.21689,1.10074,5.00696,0.42336,36.966,0.42336,423.524,0,0.849761,0,0,1.25256,0.402797,1.028160,1,0,29.8163,0,0,0,29.8163,0
59.1586,1.95566,0,0,1.41232,0.22951,0.36288,3.6288,57.5376,0.69874,0,0,0.57091,0.205482,0,0.66528,12.849,1,0.41676,0.36288,0,26.5067,4.21029,22.2425,0.84672,12.849,0.84672,3695.15,0,36.966,0.446332,0.402797,1.88097,3.78497,1.10074,4.52166,0.42336,36.966,0.42336,423.524,0,0.714666,0,0,1.11746,0.402797,1.028160,1,0,26.7641,0,0,0,26.7641,0
57.9887,2.05394,0,0,1.43971,0.192762,0.36288,3.6288,57.1896,0.70803,0,0,0.594226,0.234159,0,0.66528,12.849,1,0.446106,0.36288,0,29.1908,4.51143,24.5961,0.84672,12.849,0.84672,3695.15,0,36.966,0.454886,0.402797,1.88142,3.67895,1.12739,4.38089,0.42336,36.966,0.42336,423.524,0,0.781453,0,0,1.18425,0.402797,1.028160,1,0,28.977,0,0,0,28.977,0
56.7074,2.04717,0,0,1.29388,0.16518,0.36288,3.6288,56.8592,0.685279,0,0,0.610308,0.255423,0,0.66528,12.849,1,0.453608,0.36288,0,27.6849,4.73728,22.8569,0.84672,12.849,0.84672,3695.15,0,36.966,0.442948,0.402797,1.97073,3.54941,1.14737,4.33261,0.42336,36.966,0.42336,423.524,0,0.816575,0,0,1.21937,0.402797,1.028160,1,0,27.1895,0,0,0,27.1895,0
55.3981,2.03942,0,0,1.25615,0.163117,0.36288,3.6288,56.4662,0.699528,0,0,0.561384,0.254875,0,0.66528,12.849,1,0.462101,0.36288,0,25.8812,4.73728,21.0447,0.84672,12.849,0.84672,3695.15,0,36.966,0.454786,0.30119,1.9712,3.26009,1.14737,3.93032,0.42336,36.966,0.42336,423.524,0,0.790923,0,0,1.09211,0.30119,1.028160,1,0,24.975,0,0,0,24.975,0
53.9726,2.03116,0,0,1.11082,0.142296,0.36288,3.6288,55.99,0.735133,0,0,0.526919,0.267955,0,0.66528,12.849,1,0.471105,0.36288,0,23.0066,4.89793,18.0004,0.84672,12.849,0.84672,3695.15,0,36.966,0.48126,0.30119,1.97168,3.18361,1.18842,3.7868,0.42336,36.966,0.42336,423.524,0,0.729277,0,0,1.03047,0.30119,1.028160,1,0,21.7872,0,0,0,21.7872,0
52.5036,2.02171,0,0,1.03325,0.117646,0.36288,3.6288,55.3462,0.842005,0,0,0.476467,0.278335,0,0.66528,12.849,1,0.481298,0.36288,0,19.7729,5.01382,14.6407,0.84672,12.849,0.84672,3695.15,0,36.966,0.555912,0.30119,1.97215,2.71509,1.19989,3.23263,0.42336,36.966,0.42336,423.524,0,0.548187,0,0,0.849378,0.30119,1.028160,1,0,17.8733,0,0,0,17.8733,0
50.9955,1.99129,0,0,0.966799,0.120751,0.36288,3.6288,54.4102,1.06905,0,0,0.392737,0.259639,0,0.66528,12.849,1,0.487321,0.36288,0,15.6668,4.76805,10.7743,0.84672,12.849,0.84672,3695.15,0,36.966,0.714028,0.30119,1.97262,2.0892,1.09175,2.55724,0.42336,36.966,0.42336,423.524,0,0.209806,0,0,0.510996,0.30119,1.028160,1,0,13.3316,0,0,0,13.3316,0
49.4656,1.98037,0,0,0.928256,0.114912,0.36288,3.6288,53.4871,1.03519,0,0,0.377568,0.265476,0,0.66528,12.849,1,0.49898,0.36288,0,14.7058,4.87663,9.69306,0.84672,12.849,0.84672,3695.15,0,36.966,0.703303,0.261274,2.0042,2.11765,1.1285,2.55131,0.42336,36.966,0.42336,423.524,0,0.254842,0,0,0.516116,0.261274,1.028160,1,0,12.2444,0,0,0,12.2444,0
47.8607,1.9687,0,0,0.816592,0.0898429,0.36288,3.6288,52.4723,1.06662,0,0,0.357286,0.3055,0,0.66528,12.849,1,0.511382,0.36288,0,13.9133,5.66374,8.10109,0.84672,12.849,0.84672,3695.15,0,36.966,0.737161,0.261274,2.00468,2.03244,1.39929,2.16194,0.42336,36.966,0.42336,423.524,0,0.190003,0,0,0.451277,0.261274,1.028160,1,0,10.263,0,0,0,10.263,0
46.2354,1.95576,0,0,0.781998,0.0887067,0.36288,3.6288,51.485,1.03759,0,0,0.347066,0.296716,0,0.66528,12.849,1,0.525056,0.36288,0,12.7598,6.00274,6.59489,0.84672,12.849,0.84672,3695.15,0,36.966,0.730967,0.261274,2.00516,2.00731,1.52503,2.01774,0.42336,36.966,0.42336,423.524,0,0.225672,0,0,0.486945,0.261274,1.028160,1,0,8.61263,0,0,0,8.61263,0
44.5821,1.99273,0,0,0.781116,0.078763,0.36288,3.6288,50.4452,1.06121,0,0,0.326094,0.30475,0,0.66528,12.849,1,0.553789,0.36288,0,12.5366,5.85488,6.49077,0.84672,12.849,0.84672,3695.15,0,36.966,0.761943,0.261274,2.00565,2.05285,1.46011,2.09772,0.42336,36.966,0.42336,423.524,0,0.212875,0,0,0.474149,0.261274,1.028160,1,0,8.58849,0,0,0,8.58849,0
42.9306,1.97738,0,0,0.764709,0.0759452,0.36288,3.6288,49.4087,1.04859,0,0,0.316058,0.3039,0,0.66528,12.849,1,0.569899,0.36288,0,11.7131,5.83023,5.67583,0.84672,12.849,0.84672,3695.15,0,36.966,0.7684,0.261274,2.05025,2.05394,1.44928,2.14778,0.42336,36.966,0.42336,423.524,0,0.219497,0,0,0.48077,0.261274,1.028160,1,0,7.8236,0,0,0,7.8236,0
41.2094,1.96108,0,0,0.677203,0.0745235,0.36288,3.6288,48.365,1.03925,0,0,0.296797,0.301328,0,0.66528,12.849,1,0.586945,0.36288,0,11.0358,5.83023,4.98149,0.84672,12.849,0.84672,3695.15,0,36.966,0.777531,0.227405,2.05075,2.03394,1.44928,2.08528,0.42336,36.966,0.42336,423.524,0,0.220163,0,0,0.447568,0.227405,1.028160,1,0,7.06677,0,0,0,7.06677,0
39.4456,1.94297,0,0,0.615158,0.0730418,0.36288,3.6288,47.3086,1.04638,0,0,0.288757,0.298738,0,0.66528,12.849,1,0.605813,0.36288,0,10.3884,5.83023,4.31523,0.84672,12.849,0.84672,3695.15,0,36.966,0.799764,0.227405,2.05124,1.96134,1.44928,1.99094,0.42336,36.966,0.42336,423.524,0,0.191254,0,0,0.418659,0.227405,1.028160,1,0,6.30617,0,0,0,6.30617,0
37.5861,2.06677,0,0,0.619867,0.0497566,0.36288,3.6288,46.113,1.15546,0,0,0.268169,0.308352,0,0.66528,12.849,1,0.673229,0.36288,0,10.4021,6.00271,4.08906,0.84672,12.849,0.84672,3695.15,0,36.966,0.90285,0.227405,2.05174,1.87069,1.52163,1.72535,0.42336,36.966,0.42336,423.524,0,0.128968,0,0,0.356372,0.227405,1.028160,1,0,5.81441,0,0,0,5.81441,0
35.9237,2.04255,0,0,0.787717,0.0446988,0.36288,3.6288,44.919,1.16715,0,0,0.278241,0.305049,0,0.66528,12.849,1,0.698256,0.36288,0,12.3283,5.70927,6.28368,0.84672,12.849,0.84672,3695.15,0,36.966,0.935631,0.227405,2.20336,1.79803,1.51351,1.77965,0.42336,36.966,0.42336,423.524,0,0.0849943,0,0,0.312399,0.227405,1.028160,1,0,8.06333,0,0,0,8.06333,0
34.1296,2.01934,0,0,0.632007,0.0438248,0.36288,3.6288,43.661,1.17507,0,0,0.218789,0.301677,0,0.66528,12.849,1,0.722267,0.36288,0,14.5009,5.70927,8.4322,0.84672,12.849,0.84672,3695.15,0,36.966,0.967021,0.204422,2.2039,1.4936,1.51351,1.42138,0.42336,36.966,0.42336,423.524,0,0.0461773,0,0,0.2506,0.204422,1.028160,1,0,9.85358,0,0,0,9.85358,0
32.4801,1.99234,0,0,0.748514,0.0428816,0.36288,3.6288,42.6051,1.09182,0,0,0.333971,0.298124,0,0.66528,12.849,1,0.750069,0.36288,0,12.4462,5.70927,6.34972,0.84672,12.849,0.84672,3695.15,0,36.966,0.924397,0.204422,2.20443,2.01979,1.51351,1.99074,0.42336,36.966,0.42336,423.524,0,0.172552,0,0,0.376974,0.204422,1.028160,1,0,8.34046,0,0,0,8.34046,0
30.7124,1.96562,0,0,0.605573,0.0447225,0.36288,3.6288,41.7035,1.01469,0,0,0.387653,0.274546,0,0.66528,12.849,1,0.777593,0.36288,0,10.9397,5.16747,5.35756,0.84672,12.849,0.84672,3695.15,0,36.966,0.880391,0.204422,2.20497,2.19453,1.3376,2.38593,0.42336,36.966,0.42336,423.524,0,0.294181,0,0,0.498603,0.204422,1.028160,1,0,7.74349,0,0,0,7.74349,0
28.8994,1.8691,0,0,0.466998,0.0479932,0.36288,3.6288,40.7062,1.01941,0,0,0.254507,0.232422,0,0.66528,12.0763,1,0.781967,0.36288,0,6.82646,4.5045,3.20544,0.84672,12.0763,0.84672,3694.62,0,36.966,0.903605,0.204422,2.2055,1.1651,1.2895,1.38192,0.42336,36.966,0.42336,423.524,0,0.175939,0,0,0.380361,0.204422,1.028160,1,0,4.58736,0,0,0,4.58736,0
26.9993,1.8703,0,0,0.37989,0.0468386,0.36288,3.6288,39.6274,1.05809,0,0,0.209478,0.230185,0,0.66528,11.3022,1,0.78155,0.36288,0,6.2688,4.5045,3.20544,0.84672,11.3022,0.84672,3693.54,0,36.966,0.960869,0.216518,2.11846,1.05271,1.2895,1.13733,0.42336,36.966,0.42336,423.524,0,0.0804686,0,0,0.296987,0.216518,1.028160,1,0,4.34277,0,0,0,4.34277,0
25.2997,1.86988,0,0,0.627646,0.0944651,0.36288,3.6288,38.7646,1.00315,0,0,0.317217,0.176844,0,0.66528,11.3121,1,0.782748,0.36288,0,8.92475,3.67398,3.20544,0.84672,11.3121,0.84672,3695.15,0,36.966,0.935777,0.216518,2.11897,1.39462,1.0299,1.76443,0.42336,36.966,0.42336,423.524,0,0.160974,0,0,0.377493,0.216518,1.028160,1,0,4.96987,0,0,0,4.96987,0
24.3753,1.83357,0,0,1.40003,0.127983,0.36288,3.6288,38.2141,0.917539,0,0,0.504564,0.137494,0,0.66528,12.849,1,0.819833,0.36288,0,22.8055,3.05109,17.7606,0.84672,12.849,0.84672,3695.15,0,36.966,0.874967,0.216518,2.11949,2.98111,0.835211,3.60694,0.42336,36.966,0.42336,423.524,0,0.307869,0,0,0.524388,0.216518,1.028160,1,0,21.3675,0,0,0,21.3675,0
23.0512,1.73109,0,0,0.911295,0.141401,0.36288,3.6288,37.3734,0.907576,0,0,0.229951,0.163137,0,0.66528,12.849,1,0.84672,0.36288,0,15.0682,4.02984,10.5545,0.84672,12.849,0.84672,3695.15,0,36.966,0.877933,0.216518,2.12,1.4459,0.990449,1.91404,0.42336,36.966,0.42336,423.524,0,0.232594,0,0,0.449112,0.216518,1.028160,1,0,12.4685,0,0,0,12.4685,0
22.0524,1.73185,0,0,1.24054,0.144664,0.36288,3.6288,37.083,0.556758,0,0,0.438667,0.172285,0,0.66528,12.849,1,0.84672,0.36288,0,20.0954,4.42134,15.1903,0.84672,12.849,0.84672,3695.15,0,36.966,0.55069,0.216518,2.04227,2.47535,1.05254,3.1309,0.42336,36.966,0.42336,423.524,0,0.911108,0,0,1.12763,0.216518,1.028160,1,0,18.3212,0,0,0,18.3212,0
23.1249,1.73261,0,0,3.31074,0.142738,0.36288,3.6288,37.4892,0.496207,0,0,1.07426,0.171803,0,0.66528,12.849,1,0.84672,0.36288,0,59.0587,4.42134,54.1535,0.84672,12.849,0.84672,3695.15,0,36.966,0.494641,1.08163,2.04276,4.6734,1.05254,6.25061,0.42336,36.966,0.42336,423.524,0,1.02816,0,0,2.10979,1.08163,1.028160,1,0,60.4041,0,0,0,60.4041,0
22.7824,1.73337,0,0,1.92594,0.172163,0.36288,3.6288,37.3209,0.67645,0,0,0.654277,0.146172,0,0.66528,12.849,1,0.84672,0.36288,0,32.9263,3.94581,28.4966,0.84672,12.849,0.84672,3695.15,0,36.966,0.667009,0.292723,2.04325,2.81727,0.887707,3.59853,0.42336,36.966,0.42336,423.524,0,0.676002,0,0,0.968725,0.292723,1.028160,1,0,32.0951,0,0,0,32.0951,0
23.5181,1.51699,0,0,2.77562,0.160118,0.36288,3.6288,37.0321,0.655119,0,0,0.526582,0.160248,0,0.66528,12.849,1,0.84672,0.36288,0,57.2537,4.34441,52.4255,0.84672,12.849,0.84672,3695.15,0,36.966,0.648889,0.292723,2.04374,3.58835,0.969967,4.30596,0.42336,36.966,0.42336,423.524,0,0.543387,0,0,0.83611,0.292723,1.028160,1,0,56.7315,0,0,0,56.7315,0
25.8875,1.52903,0,0,4.43581,0.174486,0.36288,3.6288,36.9795,0.517592,0,0,0.62395,0.158951,0,0.66528,12.849,1,0.83538,0.36288,0,75.5974,4.61139,70.5135,0.84672,12.849,0.84672,3695.15,0,36.966,0.516668,0.292723,1.87026,4.20424,1.21065,4.6399,0.42336,36.966,0.42336,423.524,0,0.813542,0,0,1.10627,0.292723,1.028160,1,0,75.1534,0,0,0,75.1534,0
29.9932,1.5806,0,0,6.22979,0.180551,0.36288,3.6288,37.5077,0.4101,0,0,1.09716,0.15887,0,0.66528,12.849,1,0.784516,0.36288,0,122.864,4.61139,117.831,0.84672,12.849,0.84672,3695.15,0,36.966,0.40995,0.461799,1.8707,9.02368,1.21065,9.73558,0.42336,36.966,0.42336,423.524,0,1.02816,0,0,1.48996,0.461799,1.028160,1,0,127.567,0,0,0,127.567,0
33.14,1.65628,0,0,5.33839,0.17248,0.36288,3.6288,38.4787,0.413213,0,0,1.52606,0.141809,0,0.66528,12.849,1,0.709543,0.36288,0,107.233,3.86106,103.025,0.84672,12.849,0.84672,3695.15,0,36.966,0.407245,0.78745,1.87115,6.63427,1.11691,7.76871,0.42336,36.966,0.42336,423.524,0,1.02816,0,0,1.81561,0.78745,1.028160,1,0,110.794,0,0,0,110.794,0
35.0901,1.70533,0,0,4.19792,0.179582,0.36288,3.6288,38.3662,0.566113,0,0,0.596714,0.143135,0,0.66528,12.849,1,0.66119,0.36288,0,64.6864,3.86106,60.527,0.84672,12.849,0.84672,3695.15,0,36.966,0.543857,0.412474,1.8716,4.37293,1.11691,4.99623,0.42336,36.966,0.42336,423.524,0,0.739057,0,0,1.15153,0.412474,1.028160,1,0,65.5232,0,0,0,65.5232,0
34.8117,1.79395,0,0,2.07897,0.200507,0.36288,3.6288,38.573,0.591141,0,0,0.931478,0.133544,0,0.66528,12.849,1,0.656893,0.36288,0,31.4226,3.16596,27.9626,0.84672,12.849,0.84672,3695.15,0,36.966,0.569567,0.412474,1.87204,3.85788,0.849367,4.72346,0.42336,36.966,0.42336,423.524,0,0.738737,0,0,1.15121,0.412474,1.028160,1,0,32.686,0,0,0,32.686,0
36.5686,1.79062,0,0,4.11022,0.19983,0.36288,3.6288,39.8478,0.445117,0,0,1.85376,0.133808,0,0.66528,12.849,1,0.660918,0.36288,0,81.3889,3.16596,77.9249,0.84672,12.849,0.84672,3695.15,0,36.966,0.426573,1.02427,1.9268,8.53896,0.849367,10.2141,0.42336,36.966,0.42336,423.524,0,1.02816,0,0,2.05243,1.02427,1.028160,1,0,88.139,0,0,0,88.139,0
39.9655,1.81463,0,0,5.77851,0.204099,0.36288,3.6288,43.0309,0.452406,0,0,3.77089,0.135433,0,0.66528,12.849,1,0.637602,0.36288,0,131.452,3.16596,128.011,0.84672,12.849,0.84672,3695.15,0,36.966,0.419688,2.98783,1.92724,14.7461,0.849367,18.3921,0.42336,36.966,0.42336,423.524,0,1.02816,0,0,4.01599,2.98783,1.028160,1,0,146.403,0,0,0,146.403,0
45.4718,1.85617,0,0,7.98157,0.256219,0.36288,3.6288,46.22,0.469323,0,0,3.82318,0.164728,0,0.66528,12.849,1,0.596763,0.36288,0,212.264,3.71469,208.315,0.84672,12.849,0.84672,3695.15,0,36.966,0.403176,4.68337,1.92769,17.1353,0.99017,22.353,0.42336,36.966,0.42336,423.524,0,1.02816,0,0,5.71153,4.68337,1.028160,1,0,230.668,0,0,0,230.668,0
47.9145,2.12265,0,0,5.19342,0.265222,0.36288,3.6288,48.1322,0.589445,0,0,2.65807,0.156445,0,0.66528,12.849,1,0.599798,0.36288,0,179.143,3.6751,175.231,0.84672,12.849,0.84672,3695.15,0,36.966,0.471428,2.07125,1.92813,10.5394,0.861391,13.206,0.42336,36.966,0.42336,423.524,0,1.02816,0,0,3.09941,2.07125,1.028160,1,0,188.437,0,0,0,188.437,0
49.8101,2.14736,0,0,4.66624,0.260423,0.36288,3.6288,49.3608,0.600294,0,0,1.97451,0.145626,0,0.66528,12.849,1,0.575849,0.36288,0,113.606,3.57683,109.817,0.84672,12.849,0.84672,3695.15,0,36.966,0.461031,1.28651,2.12417,7.94802,0.747207,10.1505,0.42336,36.966,0.42336,423.524,0,1.02816,0,0,2.31467,1.28651,1.028160,1,0,119.967,0,0,0,119.967,0
50.5913,2.16539,0,0,3.57528,0.265806,0.36288,3.6288,50.3259,0.607114,0,0,1.71933,0.147115,0,0.66528,12.849,1,0.558585,0.36288,0,97.6726,3.57683,93.9001,0.84672,12.849,0.84672,3695.15,0,36.966,0.454664,0.816661,2.12467,7.351,0.747207,9.09046,0.42336,36.966,0.42336,423.524,0,1.02816,0,0,1.84482,0.816661,1.028160,1,0,102.991,0,0,0,102.991,0
54.9514,2.17288,0,0,7.15107,0.255152,0.36288,3.6288,52.9935,0.612401,0,0,3.45905,0.179031,0,0.66528,12.849,1,0.551862,0.36288,0,134.012,4.36306,129.46,0.84672,12.849,0.84672,3695.15,0,36.966,0.449829,3.11431,2.12516,10.556,0.993182,14.3525,0.42336,36.966,0.42336,423.524,0,1.02816,0,0,4.14247,3.11431,1.028160,1,0,143.812,0,0,0,143.812,0
58.555,1.89792,0,0,6.13678,0.272434,0.36288,3.6288,55.1705,0.477257,0,0,2.84622,0.19194,0,0.66528,12.849,1,0.443781,0.36288,0,127.766,4.42055,123.264,0.84672,12.849,0.84672,3695.15,0,36.966,0.332914,3.4508,2.12565,11.3703,1.04452,15.5693,0.42336,36.966,0.42336,423.524,0,1.02816,0,0,4.47896,3.4508,1.028160,1,0,138.834,0,0,0,138.834,0
59.96,1.92087,0,0,3.97714,0.288386,0.36288,3.6288,56.2745,0.485356,0,0,1.78714,0.197814,0,0.66528,12.849,1,0.421506,0.36288,0,93.7596,4.36538,89.3356,0.84672,12.849,0.84672,3695.15,0,36.966,0.325204,1.17382,1.85913,7.64726,1.05227,9.30274,0.42336,36.966,0.42336,423.524,0,1.02816,0,0,2.20198,1.17382,1.028160,1,0,98.6383,0,0,0,98.6383,0
64.043,1.92955,0,0,6.66722,0.291696,0.36288,3.6288,58.1783,0.489441,0,0,2.58697,0.193705,0,0.66528,12.849,1,0.41349,0.36288,0,190.684,4.27572,186.358,0.84672,12.849,0.84672,3695.15,0,36.966,0.321507,2.886,1.85956,12.6636,1.03692,16.0507,0.42336,36.966,0.42336,423.524,0,1.02816,0,0,3.91416,2.886,1.028160,1,0,202.408,0,0,0,202.408,0
68.1874,1.95207,0,0,6.75721,0.297951,0.36288,3.6288,60.0025,0.496112,0,0,2.48266,0.16243,0,0.66528,12.849,1,0.391645,0.36288,0,190.983,3.73779,187.216,0.84672,12.849,0.84672,3695.15,0,36.966,0.315225,2.54882,1.85998,13.4317,0.944788,16.5804,0.42336,36.966,0.42336,423.524,0,1.02816,0,0,3.57698,2.54882,1.028160,1,0,203.797,0,0,0,203.797,0
71.0068,1.97266,0,0,5.46304,0.308097,0.36288,3.6288,61.308,0.502282,0,0,2.02161,0.160728,0.0530536,0.66528,12.849,1,0.371722,0.36288,0,202.815,3.55266,199.254,0.84672,12.849,0.84672,3695.15,0,36.966,0.309444,2.09437,1.86041,11.7999,0.898281,14.547,0.42336,36.966,0.42336,423.524,0,1.02816,0,0,3.12253,2.09437,1.028160,1,0,213.854,0,0,0,213.854,0
72.29,2.06764,0,0,4.72568,0.3082,1.06661,3.6288,61.308,0.545222,0,0,1.30727,0.181856,0.580189,0.66528,12.849,1,0.374148,1.06661,0,92.7876,3.36745,90.1126,0.84672,12.849,0.84672,3695.15,0,36.966,0.328745,0.77665,1.86083,5.86707,0.87153,7.30428,0.42336,36.966,0.42336,423.524,0,1.02816,0,0,1.80481,0.77665,1.028160,1,0,97.997,0,0,0,97.997,0
72.29,2.07387,0,0,2.98711,0.308147,0.605095,3.6288,61.308,0.545475,0,0,1.12622,0.198514,0.382235,0.66528,12.849,1,0.368614,0.605095,0,84.4024,3.73768,80.9012,0.84672,12.849,0.84672,3695.15,0,36.966,0.328897,0.779967,1.92717,4.95577,0.972447,6.36156,0.42336,36.966,0.42336,423.524,0,1.02816,0,0,1.80813,0.779967,1.028160,1,0,87.645,0,0,0,87.645,0
72.29,2.07446,0,0,2.83384,0.308147,0.45124,3.6288,61.308,0.545727,0,0,1.34456,0.198514,0.600315,0.66528,12.849,1,0.368719,0.45124,0,60.9606,3.73768,57.3054,0.84672,12.849,0.84672,3695.15,0,36.966,0.329049,0.915572,1.92762,4.26329,0.972447,5.80498,0.42336,36.966,0.42336,423.524,0,1.02816,0,0,1.94373,0.915572,1.028160,1,0,63.7107,0,0,0,63.7107,0
72.1527,2.07504,0,0,2.6104,0.309746,0.36288,3.6288,61.308,0.54598,0,0,1.57293,0.191828,0.835121,0.66528,12.849,1,0.368823,0.36288,0,55.8603,3.52108,52.3333,0.84672,12.849,0.84672,3695.15,0,36.966,0.329202,1.15137,1.92806,6.01724,0.930039,7.83743,0.42336,36.966,0.42336,423.524,0,1.02816,0,0,2.17953,1.15137,1.028160,1,0,61.0058,0,0,0,61.0058,0
71.7752,2.0429,0,0,2.26654,0.23831,0.36288,3.6288,61.308,0.531231,0,0,1.26038,0.200648,0.528499,0.66528,12.849,1,0.363801,0.36288,0,59.3782,3.80907,55.5682,0.84672,12.849,0.84672,3695.15,0,36.966,0.320309,0.93007,1.9285,4.41259,1.04859,5.90226,0.42336,36.966,0.42336,423.524,0,1.02816,0,0,1.95823,0.93007,1.028160,1,0,61.999,0,0,0,61.999,0
71.1906,2.04186,0,0,2.05063,0.230459,0.36288,3.6288,61.308,0.53148,0,0,1.20818,0.199757,0.476946,0.66528,12.849,1,0.365528,0.36288,0,54.8349,3.82116,51.0111,0.84672,12.849,0.84672,3695.15,0,36.966,0.320459,0.940481,1.90327,5.45972,1.06203,6.92099,0.42336,36.966,0.42336,423.524,0,1.02816,0,0,1.96864,0.940481,1.028160,1,0,58.409,0,0,0,58.409,0
71.5519,2.0399,0,0,2.99354,0.229433,0.36288,3.6288,61.308,0.531729,0,0,1.41379,0.199757,0.682303,0.66528,12.849,1,0.368176,0.36288,0,64.6317,3.82116,60.8052,0.84672,12.849,0.84672,3695.15,0,36.966,0.320609,1.17252,1.90371,4.91653,1.06203,6.61012,0.42336,36.966,0.42336,423.524,0,1.02816,0,0,2.20068,1.17252,1.028160,1,0,68.0977,0,0,0,68.0977,0
71.1883,2.04206,0,0,2.23355,0.192225,0.36288,3.6288,61.308,0.531978,0,0,1.29318,0.208682,0.552523,0.66528,12.849,1,0.366704,0.36288,0,62.7271,4.09206,58.6312,0.84672,12.849,0.84672,3695.15,0,36.966,0.320759,0.952275,1.90415,4.3781,1.01188,5.90189,0.42336,36.966,0.42336,423.524,0,1.02816,0,0,1.98043,0.952275,1.028160,1,0,65.0856,0,0,0,65.0856,0
70.4875,2.15002,0,0,1.97667,0.164579,0.36288,3.6288,61.308,0.585481,0,0,1.19921,0.222903,0.390831,0.66528,12.849,1,0.388064,0.36288,0,51.8429,4.31405,47.5037,0.84672,12.849,0.84672,3695.15,0,36.966,0.353019,0.86616,1.90458,4.1722,1.06843,5.5215,0.42336,36.966,0.42336,423.524,0,1.02816,0,0,1.89432,0.86616,1.028160,1,0,53.416,0,0,0,53.416,0
69.9371,2.14737,0,0,2.10756,0.147758,0.36288,3.6288,61.308,0.585744,0,0,1.21286,0.237104,0.39001,0.66528,12.849,1,0.391438,0.36288,0,50.5716,4.46554,46.0775,0.84672,12.849,0.84672,3695.15,0,36.966,0.353177,0.91419,1.99508,4.06987,1.17057,5.45539,0.42336,36.966,0.42336,423.524,0,1.02816,0,0,1.94235,0.91419,1.028160,1,0,51.9229,0,0,0,51.9229,0
69.1433,2.14537,0,0,1.84753,0.132993,0.36288,3.6288,61.308,0.586006,0,0,1.12988,0.246548,0.297325,0.66528,12.849,1,0.394153,0.36288,0,45.1831,4.57265,40.5791,0.84672,12.849,0.84672,3695.15,0,36.966,0.353336,0.782775,1.99554,3.94865,1.19794,5.17569,0.42336,36.966,0.42336,423.524,0,1.02816,0,0,1.81094,0.782775,1.028160,1,0,46.0522,0,0,0,46.0522,0
68.2892,2.14216,0,0,1.74795,0.0970467,0.36288,3.6288,61.308,0.586269,0,0,1.08632,0.270156,0.2299,0.66528,12.849,1,0.398081,0.36288,0,41.3032,4.84039,36.4276,0.84672,12.849,0.84672,3695.15,0,36.966,0.353494,0.695347,1.996,3.79868,1.26635,4.87018,0.42336,36.966,0.42336,423.524,0,1.02816,0,0,1.72351,0.695347,1.028160,1,0,41.5277,0,0,0,41.5277,0
67.5403,2.13858,0,0,1.84771,0.0951413,0.36288,3.6288,61.308,0.586532,0,0,1.10597,0.275067,0.244373,0.66528,12.849,1,0.402385,0.36288,0,43.0314,4.91253,38.0794,0.84672,12.849,0.84672,3695.15,0,36.966,0.353653,0.834399,1.99646,4.34222,1.28647,5.53296,0.42336,36.966,0.42336,423.524,0,1.02816,0,0,1.86256,0.834399,1.028160,1,0,43.8567,0,0,0,43.8567,0
67.7955,2.11403,0,0,2.81915,0.0870618,0.36288,3.6288,61.308,0.616101,0,0,1.48872,0.304531,0.568084,0.66528,12.849,1,0.402177,0.36288,0,50.7518,5.34534,45.3672,0.84672,12.849,0.84672,3695.15,0,36.966,0.371481,2.15534,1.99692,5.92796,1.40722,8.30152,0.42336,36.966,0.42336,423.524,0,1.02816,0,0,3.1835,2.15534,1.028160,1,0,54.2368,0,0,0,54.2368,0
67.8068,2.1159,0,0,2.57737,0.0872367,0.36288,3.6288,61.308,0.616371,0,0,1.42961,0.304531,0.508707,0.66528,12.849,1,0.401018,0.36288,0,45.9388,5.34534,40.5553,0.84672,12.849,0.84672,3695.15,0,36.966,0.371644,2.00453,2.0289,5.90166,1.40722,8.15623,0.42336,36.966,0.42336,423.524,0,1.02816,0,0,3.03269,2.00453,1.028160,1,0,49.2202,0,0,0,49.2202,0
67.7345,2.11656,0,0,2.49438,0.0872444,0.36288,3.6288,61.308,0.616641,0,0,1.34282,0.304531,0.421648,0.66528,12.849,1,0.401075,0.36288,0,41.7923,5.34534,36.4088,0.84672,12.849,0.84672,3695.15,0,36.966,0.371807,1.62902,2.02937,5.73538,1.40722,7.61474,0.42336,36.966,0.42336,423.524,0,1.02816,0,0,2.65718,1.62902,1.028160,1,0,44.4451,0,0,0,44.4451,0
67.5699,2.1168,0,0,2.39218,0.0771696,0.36288,3.6288,61.308,0.616912,0,0,1.277,0.313416,0.346674,0.66528,12.849,1,0.401549,0.36288,0,37.8676,5.42127,32.4076,0.84672,12.849,0.84672,3695.15,0,36.966,0.37197,1.52951,2.02984,5.65407,1.4522,7.38924,0.42336,36.966,0.42336,423.524,0,1.02816,0,0,2.55767,1.52951,1.028160,1,0,40.1435,0,0,0,40.1435,0
67.63,2.1719,0,0,2.66628,0.0713834,0.36288,3.6288,61.308,0.643327,0,0,1.28377,0.338175,0.302272,0.66528,12.849,1,0.413006,0.36288,0,39.2449,5.96082,33.2339,0.84672,12.849,0.84672,3695.15,0,36.966,0.387897,1.77453,2.0303,5.85889,1.52296,7.75286,0.42336,36.966,0.42336,423.524,0,1.02816,0,0,2.80269,1.77453,1.028160,1,0,41.2891,0,0,0,41.2891,0
67.4667,2.17282,0,0,2.45153,0.0791586,0.36288,3.6288,61.308,0.643604,0,0,1.2106,0.339195,0.227804,0.66528,12.849,1,0.412814,0.36288,0,38.0662,6.10071,31.9156,0.84672,12.849,0.84672,3695.15,0,36.966,0.388065,1.72883,2.07549,5.92012,1.50629,7.83009,0.42336,36.966,0.42336,423.524,0,1.02816,0,0,2.75699,1.72883,1.028160,1,0,39.9734,0,0,0,39.9734,0
67.0935,2.1726,0,0,2.24141,0.0790569,0.36288,3.6288,61.308,0.643881,0,0,1.16942,0.339195,0.186348,0.66528,12.849,1,0.41377,0.36288,0,35.7483,6.10071,29.5967,0.84672,12.849,0.84672,3695.15,0,36.966,0.388232,1.51206,2.07597,5.64066,1.50629,7.33417,0.42336,36.966,0.42336,423.524,0,1.02816,0,0,2.54022,1.51206,1.028160,1,0,37.1173,0,0,0,37.1173,0
66.4197,2.17128,0,0,1.92341,0.06307,0.36288,3.6288,61.308,0.644158,0,0,1.16464,0.345557,0.174922,0.66528,12.849,1,0.415819,0.36288,0,34.0991,6.36001,27.6862,0.84672,12.849,0.84672,3695.15,0,36.966,0.388399,1.48721,2.07645,5.60485,1.52156,7.25855,0.42336,36.966,0.42336,423.524,0,1.02816,0,0,2.51537,1.48721,1.028160,1,0,35.1197,0,0,0,35.1197,0
65.5961,2.33009,0,0,1.93653,0.0671306,0.36288,3.6288,61.308,0.66528,0,0,1.07639,0.334082,0.0770265,0.66528,12.849,1,0.45076,0.36288,0,32.2368,6.19215,25.9568,0.84672,12.849,0.84672,3695.15,0,36.966,0.519143,1.51193,2.07693,5.6606,1.43401,7.29631,0.42336,36.966,0.42336,423.524,0,1.02816,0,0,2.54009,1.51193,1.028160,1,0,33.3301,0,0,0,33.3301,0
65.4389,2.32601,0,0,2.5844,0.0527864,0.36288,3.6288,61.308,0.66528,0,0,1.00352,0.333619,0.00461963,0.66528,12.849,1,0.45562,0.36288,0,34.8207,6.11468,28.6133,0.84672,12.849,0.84672,3695.15,0,36.966,0.519626,1.87116,2.23057,5.78348,1.51183,7.85376,0.42336,36.966,0.42336,423.524,0,1.02816,0,0,2.89932,1.87116,1.028160,1,0,36.4716,0,0,0,36.4716,0
64.9654,2.32575,0,0,2.26791,0.0527201,0.36288,3.6288,61.2773,0.66528,0,0,0.968155,0.333619,0,0.66528,12.849,1,0.456664,0.36288,0,44.2633,6.11468,38.0549,0.84672,12.849,0.84672,3695.15,0,36.966,0.520109,1.74201,2.23109,5.55377,1.51183,7.49493,0.42336,36.966,0.42336,423.524,0,1.02816,0,0,2.77017,1.74201,1.028160,1,0,45.5498,0,0,0,45.5498,0
64.5426,2.32362,0,0,2.31624,0.0525203,0.36288,3.6288,61.308,0.66528,0,0,1.11056,0.333554,0.0809816,0.66528,12.849,1,0.459571,0.36288,0,38.3429,6.11468,32.1316,0.84672,12.849,0.84672,3695.15,0,36.966,0.520592,1.89899,2.23161,5.76742,1.51183,7.86559,0.42336,36.966,0.42336,423.524,0,1.02816,0,0,2.92715,1.89899,1.028160,1,0,40.0781,0,0,0,40.0781,0
64.1415,2.32176,0,0,2.33705,0.0535359,0.36288,3.6288,61.308,0.66528,0,0,1.11897,0.326724,0.126962,0.66528,12.849,1,0.462211,0.36288,0,38.9051,5.92983,32.8759,0.84672,12.849,0.84672,3695.15,0,36.966,0.521075,2.61418,2.23213,7.37683,1.43988,10.2622,0.42336,36.966,0.42336,423.524,0,1.02816,0,0,3.64234,2.61418,1.028160,1,0,43.265,0,0,0,43.265,0
63.6002,2.24153,0,0,2.08403,0.0208905,0.36288,3.6288,61.308,0.66528,0,0,1.51471,0.265609,0.583824,0.66528,12.849,1,0.449029,0.36288,0,28.3028,5.79537,22.4213,0.84672,12.849,0.84672,3695.15,0,36.966,0.429535,2.19613,2.23265,7.42083,1.47629,9.94378,0.42336,36.966,0.42336,423.524,0,1.02816,0,0,3.22429,2.19613,1.028160,1,0,32.9489,0,0,0,32.9489,0
61.9121,2.23898,0,0,0.934476,0.020799,0.36288,3.6288,61.2365,0.66528,0,0,0.85936,0.265609,0,0.66528,12.849,1,0.452336,0.36288,0,21.5202,5.79537,15.6353,0.84672,12.849,0.84672,3695.15,0,36.966,0.429995,0.620006,2.14442,3.81571,1.47629,4.67385,0.42336,36.966,0.42336,423.524,0,1.02816,0,0,1.64817,0.620006,1.028160,1,0,20.3092,0,0,0,20.3092,0
60.4453,2.22939,0,0,1.17036,0.0448556,0.36288,3.6288,61.308,0.66528,0,0,1.08744,0.26289,0.0877408,0.66528,12.849,1,0.46268,0.36288,0,20.5313,5.61491,14.8166,0.84672,12.849,0.84672,3695.15,0,36.966,0.430455,0.694129,2.14492,4.66809,1.44913,5.62755,0.42336,36.966,0.42336,423.524,0,1.02816,0,0,1.72229,0.694129,1.028160,1,0,20.5319,0,0,0,20.5319,0
60.9997,2.22076,0,0,3.26612,0.128042,0.36288,3.6288,61.308,0.66528,0,0,1.92732,0.285485,0.976551,0.66528,12.849,1,0.472072,0.36288,0,33.5908,5.13565,28.3459,0.84672,12.849,0.84672,3695.15,0,36.966,0.430915,3.20368,2.14542,10.0569,1.30735,13.6677,0.42336,36.966,0.42336,423.524,0,1.02816,0,0,4.23184,3.20368,1.028160,1,0,42.9902,0,0,0,42.9902,0
60.0219,2.161,0,0,1.69095,0.144942,0.36288,3.6288,61.1481,0.631837,0,0,0.708686,0.236767,0,0.66528,12.849,1,0.455193,0.36288,0,27.6255,4.54634,22.9869,0.84672,12.849,0.84672,3695.15,0,36.966,0.38097,0.346378,2.14591,4.35499,1.14187,5.32444,0.42336,36.966,0.42336,423.524,0,1.02816,0,0,1.37454,0.346378,1.028160,1,0,28.3113,0,0,0,28.3113,0
59.5191,2.1555,0,0,2.17147,0.155844,0.36288,3.6288,61.134,0.63149,0,0,0.817458,0.200026,0,0.66528,12.849,1,0.461432,0.36288,0,28.5167,4.10435,24.3138,0.84672,12.849,0.84672,3695.15,0,36.966,0.381756,1.29388,2.06712,6.23697,1.01777,8.19845,0.42336,36.966,0.42336,423.524,0,1.02816,0,0,2.32204,1.29388,1.028160,1,0,32.5122,0,0,0,32.5122,0
62.6434,2.1529,0,0,5.79521,0.155095,0.36288,3.6288,61.308,0.631709,0,0,2.0019,0.200008,0.996206,0.66528,12.849,1,0.464768,0.36288,0,83.8083,4.10435,79.602,0.84672,12.849,0.84672,3695.15,0,36.966,0.381976,3.31637,2.0676,11.7752,1.01777,15.7594,0.42336,36.966,0.42336,423.524,0,1.02816,0,0,4.34453,3.31637,1.028160,1,0,96.3577,0,0,0,96.3577,0
63.2766,2.17275,0,0,3.37122,0.202398,0.36288,3.6288,61.308,0.632659,0,0,1.21926,0.168281,0.41832,0.66528,12.849,1,0.445659,0.36288,0,46.7244,3.62882,43.0128,0.84672,12.849,0.84672,3695.15,0,36.966,0.381465,0.966669,2.06808,7.09837,0.85293,8.89873,0.42336,36.966,0.42336,423.524,0,1.02816,0,0,1.99483,0.966669,1.028160,1,0,52.3299,0,0,0,52.3299,0
65.0597,1.99418,0,0,4.33356,0.193462,0.36288,3.6288,61.308,0.523878,0,0,1.16156,0.181038,0.456645,0.66528,12.849,1,0.404939,0.36288,0,66.9595,3.955,62.9624,0.84672,12.849,0.84672,3695.15,0,36.966,0.315875,1.2217,2.06856,9.29568,0.857246,11.4128,0.42336,36.966,0.42336,423.524,0,1.02816,0,0,2.24986,1.2217,1.028160,1,0,74.8319,0,0,0,74.8319,0
68.3166,2.00401,0,0,5.87225,0.24842,0.36288,3.6288,61.308,0.524125,0,0,1.54157,0.181557,0.835884,0.66528,12.849,1,0.395784,0.36288,0,105.385,4.26794,101.084,0.84672,12.849,0.84672,3695.15,0,36.966,0.316024,2.14601,1.89274,14.0689,1.07222,16.7195,0.42336,36.966,0.42336,423.524,0,1.02816,0,0,3.17417,2.14601,1.028160,1,0,118.639,0,0,0,118.639,0
71.0421,2.02047,0,0,5.36372,0.254915,0.36288,3.6288,61.308,0.524372,0,0,1.4302,0.181557,0.724267,0.66528,12.849,1,0.38001,0.36288,0,80.8635,4.26794,76.5784,0.84672,12.849,0.84672,3695.15,0,36.966,0.316173,2.12833,1.89318,10.1069,1.07222,12.74,0.42336,36.966,0.42336,423.524,0,1.02816,0,0,3.15649,2.12833,1.028160,1,0,90.0427,0,0,0,90.0427,0
72.29,2.03339,0,0,9.0625,0.235663,5.54553,3.6288,61.308,0.524619,0,0,1.63453,0.173977,0.935937,0.66528,12.849,1,0.367769,5.54553,0,136.253,3.71412,137.716,0.84672,12.849,0.84672,3695.15,0,36.966,0.316322,2.16564,1.89361,15.0698,0.985221,17.8275,0.42336,36.966,0.42336,423.524,0,1.02816,0,0,3.1938,2.16564,1.028160,1,0,156.48,0,0,0,156.48,0
72.29,2.03936,0,0,6.50388,0.212989,4.25153,3.6288,61.308,0.524865,0,0,1.32862,0.17693,0.626829,0.66528,12.849,1,0.362482,4.25153,0,129.934,3.0493,130.774,0.84672,12.849,0.84672,3695.15,0,36.966,0.316471,1.98477,1.89404,10.7542,0.617442,13.6991,0.42336,36.966,0.42336,423.524,0,1.02816,0,0,3.01293,1.98477,1.028160,1,0,145.1,0,0,0,145.1,0
72.29,2.11188,0,0,4.63145,0.24808,2.27149,3.6288,61.308,0.556725,0,0,1.71573,0.18394,0.975067,0.66528,12.849,1,0.375371,2.27149,0,110.473,3.76256,108.606,0.84672,12.849,0.84672,3695.15,0,36.966,0.33568,2.26474,1.89448,11.8322,1.12055,14.5352,0.42336,36.966,0.42336,423.524,0,1.02816,0,0,3.2929,2.26474,1.028160,1,0,124.117,0,0,0,124.117,0
72.29,2.11245,0,0,4.97704,0.253929,2.61066,3.6288,61.308,0.556969,0,0,1.34512,0.185108,0.603041,0.66528,12.849,1,0.375473,2.61066,0,53.4715,3.88143,51.8252,0.84672,12.849,0.84672,3695.15,0,36.966,0.335828,1.87658,1.94994,9.10146,1.2044,11.3878,0.42336,36.966,0.42336,423.524,0,1.02816,0,0,2.90474,1.87658,1.028160,1,0,63.816,0,0,0,63.816,0
72.29,2.11303,0,0,6.83383,0.274883,4.44592,3.6288,61.308,0.557214,0,0,1.42671,0.211327,0.658174,0.66528,12.849,1,0.375575,4.44592,0,163.89,4.07272,163.888,0.84672,12.849,0.84672,3695.15,0,36.966,0.335975,2.10762,1.95037,13.5765,1.27117,16.0273,0.42336,36.966,0.42336,423.524,0,1.02816,0,0,3.13578,2.10762,1.028160,1,0,180.574,0,0,0,180.574,0
72.29,2.1136,0,0,9.56,0.300731,7.14566,3.6288,61.308,0.557458,0,0,3.7043,0.196993,2.94984,0.66528,12.849,1,0.375677,7.14566,0,218.29,4.23077,220.829,0.84672,12.849,0.84672,3695.15,0,36.966,0.336123,5.64596,1.9508,21.872,1.25159,27.881,0.42336,36.966,0.42336,423.524,0,1.02816,0,0,6.67412,5.64596,1.028160,1,0,251.66,0,0,0,251.66,0
72.29,2.34543,0,0,12.0784,0.291229,9.44172,3.6288,61.308,0.66528,0,0,5.06461,0.200055,4.19928,0.66528,12.849,1,0.416883,9.44172,0,271.011,4.00063,276.035,0.84672,12.849,0.84672,3695.15,0,36.966,0.419139,9.36611,1.95123,28.1515,1.15476,37.895,0.42336,36.966,0.42336,423.524,0,1.02816,0,0,10.3943,9.36611,1.028160,1,0,318.129,0,0,0,318.129,0
72.29,2.34606,0,0,9.64863,0.27856,7.02401,3.6288,61.308,0.66528,0,0,3.734,0.204138,2.86458,0.66528,12.849,1,0.416995,7.02401,0,244.185,3.6938,247.099,0.84672,12.849,0.84672,3695.15,0,36.966,0.419578,5.23736,2.14984,22.7694,1.02565,28.7114,0.42336,36.966,0.42336,423.524,0,1.02816,0,0,6.26552,5.23736,1.028160,1,0,278.675,0,0,0,278.675,0
72.29,2.34669,0,0,7.88158,0.280071,5.25482,3.6288,61.308,0.66528,0,0,3.66789,0.195383,2.80722,0.66528,12.849,1,0.417107,5.25482,0,191.741,3.54257,193.036,0.84672,12.849,0.84672,3695.15,0,36.966,0.420016,6.02203,2.15031,20.3801,0.982283,27.1502,0.42336,36.966,0.42336,423.524,0,1.02816,0,0,7.05019,6.02203,1.028160,1,0,222.993,0,0,0,222.993,0
72.29,2.34732,0,0,7.57106,0.264267,4.95947,3.6288,61.308,0.66528,0,0,3.53492,0.18659,2.68305,0.66528,12.849,1,0.417219,4.95947,0,188.417,3.26895,189.69,0.84672,12.849,0.84672,3695.15,0,36.966,0.420454,5.66378,2.15079,20.1912,0.867431,26.7179,0.42336,36.966,0.42336,423.524,0,1.02816,0,0,6.69194,5.66378,1.028160,1,0,219.091,0,0,0,219.091,0
72.29,2.01779,0,0,6.1279,0.281787,3.82833,3.6288,61.308,0.518008,0,0,3.17569,0.197452,2.46023,0.66528,12.849,1,0.358647,3.82833,0,154.97,3.51822,154.921,0.84672,12.849,0.84672,3695.15,0,36.966,0.312336,4.59441,2.15127,16.1624,0.916686,21.6791,0.42336,36.966,0.42336,423.524,0,1.02816,0,0,5.62257,4.59441,1.028160,1,0,179.06,0,0,0,179.06,0
72.29,2.01834,0,0,5.89084,0.306912,3.56559,3.6288,61.308,0.518243,0,0,2.581,0.20172,1.86104,0.66528,12.849,1,0.358744,3.56559,0,162.431,3.67414,161.964,0.84672,12.849,0.84672,3695.15,0,36.966,0.312478,3.33197,1.88122,14.525,0.93177,18.4939,0.42336,36.966,0.42336,423.524,0,1.02816,0,0,4.36013,3.33197,1.028160,1,0,182.319,0,0,0,182.319,0
72.29,2.01889,0,0,4.72708,0.292224,2.41597,3.6288,61.308,0.518479,0,0,2.44598,0.21154,1.71597,0.66528,12.849,1,0.358842,2.41597,0,125.137,3.75249,123.442,0.84672,12.849,0.84672,3695.15,0,36.966,0.31262,2.7429,1.88164,11.8721,0.926937,15.2571,0.42336,36.966,0.42336,423.524,0,1.02816,0,0,3.77106,2.7429,1.028160,1,0,140.415,0,0,0,140.415,0
72.29,2.01944,0,0,4.23881,0.292224,1.92715,3.6288,61.308,0.518714,0,0,2.16877,0.21154,1.43852,0.66528,12.849,1,0.35894,1.92715,0,109.914,3.75249,107.729,0.84672,12.849,0.84672,3695.15,0,36.966,0.312761,2.90908,1.88205,10.8977,0.926937,14.4491,0.42336,36.966,0.42336,423.524,0,1.02816,0,0,3.93724,2.90908,1.028160,1,0,123.617,0,0,0,123.617,0
72.29,2.01999,0,0,5.88211,0.292224,3.5699,3.6288,61.308,0.518949,0,0,2.51433,0.21154,1.78384,0.66528,12.849,1,0.359038,3.5699,0,139.47,3.75249,138.929,0.84672,12.849,0.84672,3695.15,0,36.966,0.312903,3.3687,1.88246,14.8524,0.926937,18.8637,0.42336,36.966,0.42336,423.524,0,1.02816,0,0,4.39686,3.3687,1.028160,1,0,159.576,0,0,0,159.576,0
72.29,2.10375,0,0,6.46756,0.287365,4.07644,3.6288,61.308,0.558275,0,0,1.85948,0.196591,1.10462,0.66528,12.849,1,0.373926,4.07644,0,89.5268,4.76007,88.4693,0.84672,12.849,0.84672,3695.15,0,36.966,0.336615,2.19769,1.88288,12.4619,0.989891,15.216,0.42336,36.966,0.42336,423.524,0,1.02816,0,0,3.22585,2.19769,1.028160,1,0,104.79,0,0,0,104.79,0
72.29,2.10432,0,0,8.20601,0.287365,5.81433,3.6288,61.308,0.55852,0,0,3.59507,0.196591,2.83996,0.66528,12.849,1,0.374027,5.81433,0,199.119,4.76007,199.799,0.84672,12.849,0.84672,3695.15,0,36.966,0.336763,4.91887,1.95006,25.0539,0.989891,30.5962,0.42336,36.966,0.42336,423.524,0,1.02816,0,0,5.94703,4.91887,1.028160,1,0,233.236,0,0,0,233.236,0
72.29,2.10489,0,0,5.76403,0.287365,3.37177,3.6288,61.308,0.558764,0,0,1.44415,0.196591,0.688794,0.66528,12.849,1,0.374129,3.37177,0,149.435,4.76007,147.672,0.84672,12.849,0.84672,3695.15,0,36.966,0.33691,2.10117,1.95049,10.7965,0.989891,13.5213,0.42336,36.966,0.42336,423.524,0,1.02816,0,0,3.12933,2.10117,1.028160,1,0,161.883,0,0,0,161.883,0
72.29,2.10546,0,0,5.28816,0.279018,2.90368,3.6288,61.308,0.559009,0,0,1.21614,0.202071,0.455061,0.66528,12.849,1,0.37423,2.90368,0,133.481,4.86804,131.143,0.84672,12.849,0.84672,3695.15,0,36.966,0.337058,1.65817,1.95092,9.34848,1.00981,11.6107,0.42336,36.966,0.42336,423.524,0,1.02816,0,0,2.68633,1.65817,1.028160,1,0,143.208,0,0,0,143.208,0
72.29,2.07347,0,0,3.94151,0.249801,1.61824,3.6288,61.308,0.544057,0,0,1.0871,0.20061,0.342435,0.66528,12.849,1,0.368544,1.61824,0,85.1524,4.63221,81.7699,0.84672,12.849,0.84672,3695.15,0,36.966,0.328042,1.42227,1.95135,7.63949,0.993896,9.69118,0.42336,36.966,0.42336,423.524,0,1.02816,0,0,2.45043,1.42227,1.028160,1,0,91.8035,0,0,0,91.8035,0
72.29,2.07403,0,0,3.13646,0.258147,0.804276,3.6288,61.308,0.544298,0,0,1.03959,0.186876,0.308417,0.66528,12.849,1,0.368644,0.804276,0,58.4534,4.27875,54.6103,0.84672,12.849,0.84672,3695.15,0,36.966,0.328188,1.22843,1.92577,6.99805,0.939734,8.88433,0.42336,36.966,0.42336,423.524,0,1.02816,0,0,2.25659,1.22843,1.028160,1,0,63.803,0,0,0,63.803,0
72.29,2.0746,0,0,3.20503,0.258147,0.87228,3.6288,61.308,0.544539,0,0,0.966151,0.186876,0.234736,0.66528,12.849,1,0.368744,0.87228,0,59.4109,4.27875,55.6357,0.84672,12.849,0.84672,3695.15,0,36.966,0.328333,0.740932,1.9262,7.32815,0.939734,8.72721,0.42336,36.966,0.42336,423.524,0,1.02816,0,0,1.76909,0.740932,1.028160,1,0,64.5976,0,0,0,64.5976,0
72.29,2.07516,0,0,3.24405,0.205664,0.963226,3.6288,61.308,0.544781,0,0,0.97816,0.211109,0.22227,0.66528,12.849,1,0.368845,0.963226,0,61.1765,4.59399,57.1769,0.84672,12.849,0.84672,3695.15,0,36.966,0.328479,0.97219,1.92662,7.17535,1.00817,8.73751,0.42336,36.966,0.42336,423.524,0,1.02816,0,0,2.00035,0.97219,1.028160,1,0,66.1366,0,0,0,66.1366,0
72.29,2.18637,0,0,2.8781,0.184521,0.507202,3.6288,61.308,0.598968,0,0,0.836248,0.218964,0.0183165,0.66528,12.849,1,0.388611,0.507202,0,52.7702,4.75617,48.1326,0.84672,12.849,0.84672,3695.15,0,36.966,0.361151,0.82893,1.92704,5.90207,1.05912,7.23777,0.42336,36.966,0.42336,423.524,0,1.02816,0,0,1.85709,0.82893,1.028160,1,0,55.3887,0,0,0,55.3887,0
72.29,2.18696,0,0,2.88955,0.198399,0.50419,3.6288,61.308,0.599222,0,0,0.957191,0.204428,0.153541,0.66528,12.849,1,0.388716,0.50419,0,53.5465,4.72168,48.9403,0.84672,12.849,0.84672,3695.15,0,36.966,0.361304,0.878023,2.0187,5.98966,1.08858,7.4365,0.42336,36.966,0.42336,423.524,0,1.02816,0,0,1.90618,0.878023,1.028160,1,0,56.5303,0,0,0,56.5303,0
72.29,2.18756,0,0,2.69019,0.119218,0.38342,3.6288,61.308,0.599476,0,0,0.847178,0.232589,0.0151124,0.66528,12.849,1,0.388821,0.38342,0,52.1838,5.09954,47.0788,0.84672,12.849,0.84672,3695.15,0,36.966,0.361458,0.751715,2.01914,5.58909,1.16459,6.83389,0.42336,36.966,0.42336,423.524,0,1.02816,0,0,1.77987,0.751715,1.028160,1,0,53.9279,0,0,0,53.9279,0
72.0664,2.18815,0,0,2.44663,0.119218,0.36288,3.6288,61.1598,0.599731,0,0,0.684141,0.232589,0,0.66528,12.849,1,0.388927,0.36288,0,47.5025,5.09954,42.377,0.84672,12.849,0.84672,3695.15,0,36.966,0.361611,0.478302,2.01959,4.99681,1.16459,5.9685,0.42336,36.966,0.42336,423.524,0,1.02816,0,0,1.50646,0.478302,1.028160,1,0,48.3455,0,0,0,48.3455,0
71.7762,2.18771,0,0,2.38518,0.124826,0.36288,3.6288,60.8749,0.599439,0,0,0.559396,0.244882,0,0.66528,12.849,1,0.390056,0.36288,0,43.0605,5.31811,37.7152,0.84672,12.849,0.84672,3695.15,0,36.966,0.362311,0.402011,2.02003,4.79236,1.20783,5.64426,0.42336,36.966,0.42336,423.524,0,1.02816,0,0,1.43017,0.402011,1.028160,1,0,43.3594,0,0,0,43.3594,0
71.4508,2.16508,0,0,2.29966,0.0970458,0.36288,3.6288,60.7689,0.628244,0,0,0.801662,0.279463,0,0.66528,12.849,1,0.387582,0.36288,0,42.3166,5.45139,36.8405,0.84672,12.849,0.84672,3695.15,0,36.966,0.381498,0.594363,2.02048,4.3756,1.31042,5.29852,0.42336,36.966,0.42336,423.524,0,1.02816,0,0,1.62252,0.594363,1.028160,1,0,42.139,0,0,0,42.139,0
71.0025,2.16417,0,0,2.17558,0.0968053,0.36288,3.6288,60.6223,0.628091,0,0,0.760769,0.279275,0,0.66528,12.849,1,0.389183,0.36288,0,42.4532,5.45139,36.9756,0.84672,12.849,0.84672,3695.15,0,36.966,0.382071,0.470906,2.05285,4.65732,1.31042,5.48859,0.42336,36.966,0.42336,423.524,0,1.02816,0,0,1.49907,0.470906,1.028160,1,0,42.4641,0,0,0,42.4641,0
70.3619,2.16268,0,0,1.98144,0.0964739,0.36288,3.6288,60.4647,0.627778,0,0,0.749192,0.279016,0,0.66528,12.849,1,0.39137,0.36288,0,41.4662,5.45139,35.9863,0.84672,12.849,0.84672,3695.15,0,36.966,0.382804,0.493664,2.05331,4.49246,1.31042,5.34621,0.42336,36.966,0.42336,423.524,0,1.02816,0,0,1.52182,0.493664,1.028160,1,0,41.3325,0,0,0,41.3325,0
69.5286,2.16025,0,0,1.78578,0.0960004,0.36288,3.6288,60.2562,0.62742,0,0,0.697663,0.278737,0,0.66528,12.849,1,0.394489,0.36288,0,38.4329,5.45139,32.9499,0.84672,12.849,0.84672,3695.15,0,36.966,0.383583,0.299886,2.05376,4.27739,1.31042,4.93703,0.42336,36.966,0.42336,423.524,0,1.02816,0,0,1.32805,0.299886,1.028160,1,0,37.8869,0,0,0,37.8869,0
68.3385,2.21313,0,0,1.47156,0.0856018,0.36288,3.6288,59.6622,0.837342,0,0,0.550208,0.30681,0,0.66528,12.849,1,0.408991,0.36288,0,30.3749,5.64073,24.688,0.84672,12.849,0.84672,3695.15,0,36.966,0.513693,0.261274,2.05421,3.42217,1.42781,3.79616,0.42336,36.966,0.42336,423.524,0,0.730996,0,0,0.992269,0.261274,1.028160,1,0,28.4842,0,0,0,28.4842,0
67.1777,2.20773,0,0,1.48662,0.0768107,0.36288,3.6288,59.1386,0.832962,0,0,0.624985,0.315599,0,0.66528,12.849,1,0.415098,0.36288,0,34.246,5.60217,28.5916,0.84672,12.849,0.84672,3695.15,0,36.966,0.516093,0.261274,2.09996,3.42547,1.46504,3.80558,0.42336,36.966,0.42336,423.524,0,0.733406,0,0,0.99468,0.261274,1.028160,1,0,32.3972,0,0,0,32.3972,0
65.9049,2.20231,0,0,1.36849,0.0761133,0.36288,3.6288,58.5815,0.772453,0,0,0.52984,0.314543,0,0.66528,12.849,1,0.421232,0.36288,0,28.1293,5.60217,22.4688,0.84672,12.849,0.84672,3695.15,0,36.966,0.48284,0.227405,2.10043,3.31211,1.46504,3.69206,0.42336,36.966,0.42336,423.524,0,0.8276,0,0,1.055,0.227405,1.028160,1,0,26.1609,0,0,0,26.1609,0
64.5237,2.19609,0,0,1.25307,0.0753485,0.36288,3.6288,57.895,0.863812,0,0,0.490743,0.31342,0,0.66528,12.849,1,0.428156,0.36288,0,26.7367,5.60217,21.0693,0.84672,12.849,0.84672,3695.15,0,36.966,0.545081,0.227405,2.10089,2.91133,1.46504,3.2295,0.42336,36.966,0.42336,423.524,0,0.67443,0,0,0.901835,0.227405,1.028160,1,0,24.2988,0,0,0,24.2988,0
63.0344,2.35208,0,0,1.29113,0.0653961,0.36288,3.6288,57.2484,0.863503,0,0,0.541656,0.324736,0,0.66528,12.849,1,0.468383,0.36288,0,25.7963,5.71499,19.9758,0.84672,12.849,0.84672,3695.15,0,36.966,0.551348,0.227405,2.10136,3.70425,1.49697,3.9847,0.42336,36.966,0.42336,423.524,0,0.822269,0,0,1.04967,0.227405,1.028160,1,0,23.9605,0,0,0,23.9605,0
61.4211,2.34351,0,0,1.15302,0.0600126,0.36288,3.6288,56.3864,0.96241,0,0,0.438715,0.338269,0,0.66528,12.849,1,0.477703,0.36288,0,22.5738,5.54519,16.9138,0.84672,12.849,0.84672,3695.15,0,36.966,0.62144,0.227405,2.25695,2.92187,1.54517,3.23961,0.42336,36.966,0.42336,423.524,0,0.653737,0,0,0.881142,0.227405,1.028160,1,0,20.1534,0,0,0,20.1534,0
59.9461,2.33376,0,0,1.27856,0.0568686,0.36288,3.6288,55.7675,0.810648,0,0,0.52387,0.332123,0,0.66528,12.849,1,0.488211,0.36288,0,27.0639,5.57855,21.36,0.84672,12.849,0.84672,3695.15,0,36.966,0.544615,0.204422,2.25746,2.92296,1.55614,3.28408,0.42336,36.966,0.42336,423.524,0,0.882792,0,0,1.08721,0.204422,1.028160,1,0,24.6441,0,0,0,24.6441,0
58.2164,2.32449,0,0,1.01377,0.0561506,0.36288,3.6288,54.8519,0.978078,0,0,0.393206,0.330782,0,0.66528,12.849,1,0.498237,0.36288,0,29.7172,5.57855,24.0033,0.84672,12.849,0.84672,3695.15,0,36.966,0.648327,0.204422,2.25796,2.34692,1.55614,2.60483,0.42336,36.966,0.42336,423.524,0,0.612118,0,0,0.81654,0.204422,1.028160,1,0,26.6081,0,0,0,26.6081,0
56.7175,2.31298,0,0,1.23219,0.0552212,0.36288,3.6288,54.49,0.66528,0,0,0.632167,0.328798,0,0.66528,12.849,1,0.5105,0.36288,0,25.9043,5.57855,20.1781,0.84672,12.849,0.84672,3695.15,0,36.966,0.545552,0.325624,2.25846,3.38162,1.55614,3.86401,0.42336,36.966,0.42336,423.524,0,1.02816,0,0,1.35378,0.325624,1.028160,1,0,24.0421,0,0,0,24.0421,0
55.483,2.22482,0,0,1.42493,0.0716827,0.36288,3.6288,54.0719,0.66528,0,0,0.555819,0.308632,0,0.66528,12.849,1,0.504019,0.36288,0,41.4197,4.72175,36.5568,0.84672,12.849,0.84672,3695.15,0,36.966,0.452819,0.51738,2.25896,3.39667,1.31529,4.4049,0.42336,36.966,0.42336,423.524,0,1.02816,0,0,1.54554,0.51738,1.028160,1,0,40.9617,0,0,0,40.9617,0
54.0566,2.21631,0,0,1.2264,0.0736517,0.36288,3.6288,53.58,0.664359,0,0,0.477026,0.304558,0,0.66528,12.849,1,0.513262,0.36288,0,39.4099,4.57895,34.6806,0.84672,12.849,0.84672,3695.15,0,36.966,0.454186,0.3942,2.16958,3.08451,1.27515,3.91896,0.42336,36.966,0.42336,423.524,0,1.02816,0,0,1.42236,0.3942,1.028160,1,0,38.5995,0,0,0,38.5995,0
52.9385,2.20596,0,0,1.52335,0.0726016,0.36288,3.6288,53.1728,0.662155,0,0,0.558397,0.303466,0,0.66528,12.849,1,0.524346,0.36288,0,43.7733,4.57895,39.0329,0.84672,12.849,0.84672,3695.15,0,36.966,0.456835,0.543007,2.17007,4.64557,1.27515,5.62666,0.42336,36.966,0.42336,423.524,0,1.02816,0,0,1.57117,0.543007,1.028160,1,0,44.6596,0,0,0,44.6596,0
52.4879,2.19764,0,0,2.1817,0.0717785,0.36288,3.6288,52.9201,0.660354,0,0,0.710185,0.302482,0,0.66528,12.849,1,0.533401,0.36288,0,58.5056,4.57895,53.7561,0.84672,12.849,0.84672,3695.15,0,36.966,0.459082,0.827703,2.17055,6.93483,1.27515,8.19885,0.42336,36.966,0.42336,423.524,0,1.02816,0,0,1.85586,0.827703,1.028160,1,0,61.955,0,0,0,61.955,0
53.1164,2.13158,0,0,3.26524,0.142288,0.36288,3.6288,53.1545,0.609332,0,0,1.03053,0.186858,0,0.66528,12.849,1,0.521809,0.36288,0,71.3796,3.85989,67.3608,0.84672,12.849,0.84672,3695.15,0,36.966,0.425633,1.59916,2.17103,8.55537,1.02958,10.8703,0.42336,36.966,0.42336,423.524,0,1.02816,0,0,2.62732,1.59916,1.028160,1,0,78.2311,0,0,0,78.2311,0
53.4403,2.13713,0,0,2.95265,0.128701,0.36288,3.6288,53.3449,0.610689,0,0,0.989194,0.188079,0,0.66528,12.849,1,0.516977,0.36288,0,46.9491,4.45165,42.3433,0.84672,12.849,0.84672,3695.15,0,36.966,0.424701,1.53213,2.09122,6.82586,1.06162,8.96289,0.42336,36.966,0.42336,423.524,0,1.02816,0,0,2.56029,1.53213,1.028160,1,0,51.3062,0,0,0,51.3062,0
54.726,2.14023,0,0,3.96069,0.171897,0.36288,3.6288,53.7086,0.611836,0,0,1.12238,0.146841,0,0.66528,12.849,1,0.514589,0.36288,0,58.5871,3.87607,54.5593,0.84672,12.849,0.84672,3695.15,0,36.966,0.423979,1.58365,2.09168,8.37821,0.872135,10.7574,0.42336,36.966,0.42336,423.524,0,1.02816,0,0,2.61181,1.58365,1.028160,1,0,65.3167,0,0,0,65.3167,0
57.3019,2.1506,0,0,5.26353,0.174152,0.36288,3.6288,54.4558,0.613789,0,0,1.50831,0.147267,0,0.66528,12.849,1,0.504934,0.36288,0,62.8944,3.87607,58.8762,0.84672,12.849,0.84672,3695.15,0,36.966,0.422452,2.04872,2.09214,10.5944,0.872135,13.4406,0.42336,36.966,0.42336,423.524,0,1.02816,0,0,3.07688,2.04872,1.028160,1,0,72.3169,0,0,0,72.3169,0
59.3186,1.98772,0,0,4.55798,0.190698,0.36288,3.6288,55.8386,0.512047,0,0,2.04656,0.151734,0,0.66528,12.849,1,0.445712,0.36288,0,101.777,3.86018,97.8337,0.84672,12.849,0.84672,3695.15,0,36.966,0.34759,1.9993,2.0926,12.0594,0.875524,14.9282,0.42336,36.966,0.42336,423.524,0,1.02816,0,0,3.02746,1.9993,1.028160,1,0,112.762,0,0,0,112.762,0
61.1103,2.00071,0,0,4.4234,0.268072,0.36288,3.6288,55.8963,0.517456,0,0,0.750705,0.1756,0,0.66528,12.849,1,0.433375,0.36288,0,49.919,3.76478,46.0837,0.84672,12.849,0.84672,3695.15,0,36.966,0.342564,1.27526,1.91454,6.01157,0.895855,7.96295,0.42336,36.966,0.42336,423.524,0,1.02816,0,0,2.30342,1.27526,1.028160,1,0,54.0467,0,0,0,54.0467,0
63.9422,2.01176,0,0,5.47892,0.272438,0.36288,3.6288,56.3098,0.5179,0,0,1.10709,0.175667,0,0.66528,12.849,1,0.42299,0.36288,0,89.5424,3.76478,85.7175,0.84672,12.849,0.84672,3695.15,0,36.966,0.342504,1.49195,1.91496,7.73099,0.895855,9.89953,0.42336,36.966,0.42336,423.524,0,1.02816,0,0,2.52011,1.49195,1.028160,1,0,95.617,0,0,0,95.617,0
68.1385,2.02791,0,0,6.86591,0.278834,0.36288,3.6288,57.0051,0.519649,0,0,1.39114,0.176142,0,0.66528,12.849,1,0.407502,0.36288,0,92.6329,3.76478,88.8235,0.84672,12.849,0.84672,3695.15,0,36.966,0.341137,2.07964,1.91538,9.54029,0.895855,12.2983,0.42336,36.966,0.42336,423.524,0,1.02816,0,0,3.1078,2.07964,1.028160,1,0,101.122,0,0,0,101.122,0
72.29,2.04958,0,0,7.41718,0.244245,0.971823,3.6288,58.2604,0.522406,0,0,2.00702,0.22939,0,0.66528,12.849,1,0.386493,0.971823,0,165.301,4.70068,161.186,0.84672,12.849,0.84672,3695.15,0,36.966,0.338764,3.13207,1.9158,13.3575,1.27623,16.7904,0.42336,36.966,0.42336,423.524,0,1.02816,0,0,4.16023,3.13207,1.028160,1,0,177.976,0,0,0,177.976,0
72.29,2.14183,0,0,5.14252,0.255765,2.74492,3.6288,59.2226,0.558501,0,0,1.7708,0.250013,0,0.66528,12.849,1,0.380694,2.74492,0,91.654,4.93452,89.0837,0.84672,12.849,0.84672,3695.15,0,36.966,0.354367,2.03857,1.91622,10.2125,1.20707,12.6059,0.42336,36.966,0.42336,423.524,0,1.02816,0,0,3.06673,2.03857,1.028160,1,0,101.69,0,0,0,101.69,0
72.29,2.14239,0,0,3.31617,0.260229,0.913553,3.6288,59.3463,0.562279,0,0,0.941535,0.255564,0,0.66528,12.849,1,0.380793,0.913553,0,86.648,4.96566,82.2151,0.84672,12.849,0.84672,3695.15,0,36.966,0.350967,0.785739,1.97236,6.96347,1.15405,8.21655,0.42336,36.966,0.42336,423.524,0,1.02816,0,0,1.8139,0.785739,1.028160,1,0,90.4316,0,0,0,90.4316,0
72.0168,2.14294,0,0,2.49432,0.261654,0.36288,3.6288,59.2617,0.591185,0,0,0.760527,0.254034,0,0.66528,12.849,1,0.380892,0.36288,0,75.3138,4.86975,70.4261,0.84672,12.849,0.84672,3695.15,0,36.966,0.368241,0.503194,1.97277,5.06601,1.12823,6.04551,0.42336,36.966,0.42336,423.524,0,0.982359,0,0,1.48555,0.503194,1.028160,1,0,76.4716,0,0,0,76.4716,0
71.6819,2.14227,0,0,2.43344,0.263254,0.36288,3.6288,58.9862,0.720649,0,0,0.664446,0.219252,0,0.66528,12.849,1,0.382217,0.36288,0,61.1639,4.06042,57.0842,0.84672,12.849,0.84672,3695.15,0,36.966,0.449524,0.503194,1.97319,3.7665,0.96116,4.8322,0.42336,36.966,0.42336,423.524,0,0.771993,0,0,1.27519,0.503194,1.028160,1,0,61.9164,0,0,0,61.9164,0
70.7988,2.37518,0,0,2.13851,0.283504,0.36288,3.6288,59.0731,0.66528,0,0,0.933224,0.180999,0,0.66528,12.849,1,0.425752,0.36288,0,59.9584,3.54156,56.354,0.84672,12.849,0.84672,3695.15,0,36.966,0.441951,0.566559,1.97361,4.23451,0.925377,5.40734,0.42336,36.966,0.42336,423.524,0,1.02816,0,0,1.59472,0.566559,1.028160,1,0,61.7613,0,0,0,61.7613,0
71.1719,2.3713,0,0,3.41998,0.31268,0.36288,3.6288,59.5552,0.66528,0,0,1.30971,0.162396,0,0.66528,12.849,1,0.430357,0.36288,0,87.9431,3.14811,84.7275,0.84672,12.849,0.84672,3695.15,0,36.966,0.442375,1.32743,2.1747,6.37346,0.717156,8.71606,0.42336,36.966,0.42336,423.524,0,1.02816,0,0,2.35559,1.32743,1.028160,1,0,93.4436,0,0,0,93.4436,0
71.0353,2.37382,0,0,2.90199,0.301979,0.36288,3.6288,60.2034,0.66528,0,0,1.49557,0.182088,0,0.66528,12.849,1,0.428556,0.36288,0,80.8929,3.73573,77.0914,0.84672,12.849,0.84672,3695.15,0,36.966,0.442799,1.49862,2.17516,7.25242,0.90916,9.57423,0.42336,36.966,0.42336,423.524,0,1.02816,0,0,2.52678,1.49862,1.028160,1,0,86.6657,0,0,0,86.6657,0
71.4828,2.37373,0,0,3.45946,0.27527,0.36288,3.6288,60.7253,0.66528,0,0,1.37535,0.188168,0,0.66528,12.849,1,0.429364,0.36288,0,84.3601,4.32389,79.9697,0.84672,12.849,0.84672,3695.15,0,36.966,0.443223,1.59699,2.17562,8.64639,1.09882,10.877,0.42336,36.966,0.42336,423.524,0,1.02816,0,0,2.62515,1.59699,1.028160,1,0,90.8467,0,0,0,90.8467,0
72.0962,2.04287,0,0,3.28628,0.267208,0.36288,3.6288,61.308,0.528293,0,0,1.64856,0.187165,0.350374,0.66528,12.849,1,0.367205,0.36288,0,107.494,3.52804,103.961,0.84672,12.849,0.84672,3695.15,0,36.966,0.321594,1.95036,2.17609,8.86222,0.834147,11.8329,0.42336,36.966,0.42336,423.524,0,1.02816,0,0,2.97852,1.95036,1.028160,1,0,116.145,0,0,0,116.145,0
72.29,2.04606,0,0,5.37838,0.314626,2.82387,3.6288,61.308,0.530427,0,0,1.80138,0.151762,1.11919,0.66528,12.849,1,0.364649,2.82387,0,130.772,2.69944,130.532,0.84672,12.849,0.84672,3695.15,0,36.966,0.319824,2.30227,1.90263,9.58115,0.806492,12.6597,0.42336,36.966,0.42336,423.524,0,1.02816,0,0,3.33043,2.30227,1.028160,1,0,144.311,0,0,0,144.311,0
72.29,2.04742,0,0,4.07352,0.315089,1.71101,3.6288,61.308,0.530655,0,0,1.38481,0.151762,0.702394,0.66528,12.849,1,0.363913,1.71101,0,124.739,2.69944,123.387,0.84672,12.849,0.84672,3695.15,0,36.966,0.319961,1.54602,1.90303,8.48292,0.806492,10.8055,0.42336,36.966,0.42336,423.524,0,1.02816,0,0,2.57418,1.54602,1.028160,1,0,134.895,0,0,0,134.895,0
72.29,2.04795,0,0,4.95625,0.289114,2.61918,3.6288,61.308,0.530882,0,0,1.5124,0.145871,0.835644,0.66528,12.849,1,0.364008,2.61918,0,142.165,2.70632,141.714,0.84672,12.849,0.84672,3695.15,0,36.966,0.320098,1.89016,1.90343,7.78879,0.823543,10.4387,0.42336,36.966,0.42336,423.524,0,1.02816,0,0,2.91832,1.89016,1.028160,1,0,152.988,0,0,0,152.988,0
72.29,2.04848,0,0,4.61031,0.289667,2.27216,3.6288,61.308,0.53111,0,0,1.68663,0.178581,0.976941,0.66528,12.849,1,0.364103,2.27216,0,115.036,3.94487,112.999,0.84672,12.849,0.84672,3695.15,0,36.966,0.320235,2.35708,1.90382,8.33561,1.038,11.2383,0.42336,36.966,0.42336,423.524,0,1.02816,0,0,3.38524,2.35708,1.028160,1,0,125.214,0,0,0,125.214,0
72.29,2.13327,0,0,6.3608,0.297619,3.92992,3.6288,61.308,0.570917,0,0,2.64731,0.168365,1.90803,0.66528,12.849,1,0.379172,3.92992,0,119.595,3.86093,119.285,0.84672,12.849,0.84672,3695.15,0,36.966,0.344237,2.28684,1.90422,8.88157,0.921705,11.8067,0.42336,36.966,0.42336,423.524,0,1.02816,0,0,3.315,2.28684,1.028160,1,0,132.999,0,0,0,132.999,0
72.29,2.13382,0,0,5.69878,0.29943,3.26553,3.6288,61.308,0.571154,0,0,3.59094,0.170256,2.84953,0.66528,12.849,1,0.37927,3.26553,0,135.829,3.85213,134.864,0.84672,12.849,0.84672,3695.15,0,36.966,0.34438,3.46657,1.97224,12.7071,0.916368,16.8852,0.42336,36.966,0.42336,423.524,0,1.02816,0,0,4.49473,3.46657,1.028160,1,0,154.598,0,0,0,154.598,0
72.29,2.13437,0,0,4.47612,0.29943,2.04232,3.6288,61.308,0.57139,0,0,2.99049,0.170256,2.24885,0.66528,12.849,1,0.379368,2.04232,0,158.847,3.85213,156.658,0.84672,12.849,0.84672,3695.15,0,36.966,0.344523,3.60286,1.97265,9.37414,0.916368,13.6888,0.42336,36.966,0.42336,423.524,0,1.02816,0,0,4.63102,3.60286,1.028160,1,0,172.596,0,0,0,172.596,0
72.29,2.13492,0,0,3.4467,0.272941,1.03884,3.6288,61.308,0.571627,0,0,2.09738,0.132723,1.39303,0.66528,12.849,1,0.379467,1.03884,0,112.143,2.68453,110.118,0.84672,12.849,0.84672,3695.15,0,36.966,0.344666,2.39912,1.97307,7.27289,0.770849,10.5296,0.42336,36.966,0.42336,423.524,0,1.02816,0,0,3.42728,2.39912,1.028160,1,0,122.04,0,0,0,122.04,0
72.29,2.10251,0,0,3.55962,0.219497,1.23762,3.6288,61.308,0.556478,0,0,1.91389,0.201533,1.15588,0.66528,12.849,1,0.373705,1.23762,0,97.1395,3.70278,94.3006,0.84672,12.849,0.84672,3695.15,0,36.966,0.335531,2.37998,1.97348,7.51645,1.03306,10.5013,0.42336,36.966,0.42336,423.524,0,1.02816,0,0,3.40814,2.37998,1.028160,1,0,105.958,0,0,0,105.958,0
72.29,2.10305,0,0,3.07319,0.222725,0.747411,3.6288,61.308,0.556711,0,0,1.69655,0.214663,0.925177,0.66528,12.849,1,0.373802,0.747411,0,80.619,4.05499,76.9376,0.84672,12.849,0.84672,3695.15,0,36.966,0.335672,2.04149,1.94756,6.46004,1.09197,9.02145,0.42336,36.966,0.42336,423.524,0,1.02816,0,0,3.06965,2.04149,1.028160,1,0,86.8842,0,0,0,86.8842,0
72.29,2.1036,0,0,2.71223,0.222725,0.385903,3.6288,61.308,0.556944,0,0,1.58753,0.214663,0.815924,0.66528,12.849,1,0.373899,0.385903,0,70.2691,4.05499,66.2261,0.84672,12.849,0.84672,3695.15,0,36.966,0.335813,1.65764,1.94797,5.70854,1.09197,7.88637,0.42336,36.966,0.42336,423.524,0,1.02816,0,0,2.6858,1.65764,1.028160,1,0,74.9284,0,0,0,74.9284,0
72.0442,2.10414,0,0,2.44393,0.222725,0.36288,3.6288,61.308,0.557178,0,0,1.4069,0.214663,0.635063,0.66528,12.849,1,0.373996,0.36288,0,61.3407,4.05499,57.2746,0.84672,12.849,0.84672,3695.15,0,36.966,0.335953,1.38541,1.94838,5.1551,1.09197,7.06097,0.42336,36.966,0.42336,423.524,0,1.02816,0,0,2.41357,1.38541,1.028160,1,0,64.9706,0,0,0,64.9706,0
71.4853,2.21557,0,0,2.2152,0.195648,0.36288,3.6288,61.308,0.612027,0,0,1.28815,0.186093,0.490027,0.66528,12.849,1,0.395144,0.36288,0,57.6952,3.44626,54.2166,0.84672,12.849,0.84672,3695.15,0,36.966,0.369025,1.23441,1.94879,4.63974,0.905752,6.54816,0.42336,36.966,0.42336,423.524,0,1.02816,0,0,2.26257,1.23441,1.028160,1,0,61.2548,0,0,0,61.2548,0
70.5734,2.21352,0,0,1.84851,0.184015,0.36288,3.6288,61.308,0.612273,0,0,0.945389,0.236307,0.096809,0.66528,12.849,1,0.397865,0.36288,0,45.356,4.24379,41.0773,0.84672,12.849,0.84672,3695.15,0,36.966,0.369173,1.01308,2.04156,4.09487,1.03704,5.7433,0.42336,36.966,0.42336,423.524,0,1.02816,0,0,2.04124,1.01308,1.028160,1,0,46.9174,0,0,0,46.9174,0
69.5507,2.20974,0,0,1.71018,0.160198,0.36288,3.6288,61.308,0.612519,0,0,0.961079,0.241662,0.106898,0.66528,12.849,1,0.402318,0.36288,0,41.0893,4.40633,36.6436,0.84672,12.849,0.84672,3695.15,0,36.966,0.369322,1.01704,2.042,4.04046,1.00695,5.72322,0.42336,36.966,0.42336,423.524,0,1.02816,0,0,2.0452,1.01704,1.028160,1,0,42.4737,0,0,0,42.4737,0
68.4805,2.20532,0,0,1.6569,0.158938,0.36288,3.6288,61.308,0.612765,0,0,1.00709,0.241662,0.152659,0.66528,12.849,1,0.407417,0.36288,0,38.9882,4.40633,34.5373,0.84672,12.849,0.84672,3695.15,0,36.966,0.36947,0.942633,2.04243,4.19422,1.00695,5.80285,0.42336,36.966,0.42336,423.524,0,1.02816,0,0,1.97079,0.942633,1.028160,1,0,40.4928,0,0,0,40.4928,0
67.3112,2.20052,0,0,1.55169,0.15762,0.36288,3.6288,61.308,0.613012,0,0,0.929051,0.241662,0.0743768,0.66528,12.849,1,0.412884,0.36288,0,36.5433,4.40633,32.087,0.84672,12.849,0.84672,3695.15,0,36.966,0.369619,0.763828,2.04286,3.80024,1.00695,5.23036,0.42336,36.966,0.42336,423.524,0,1.02816,0,0,1.79199,0.763828,1.028160,1,0,37.3917,0,0,0,37.3917,0
66.7166,2.17313,0,0,2.05812,0.116638,0.36288,3.6288,61.1057,0.64331,0,0,0.695736,0.254774,0,0.66528,12.849,1,0.414828,0.36288,0,39.2006,5.16151,33.9872,0.84672,12.849,0.84672,3695.15,0,36.966,0.387888,0.494173,2.04329,2.82103,1.24173,3.72888,0.42336,36.966,0.42336,423.524,0,1.02816,0,0,1.52233,0.494173,1.028160,1,0,37.716,0,0,0,37.716,0
66.1442,2.17059,0,0,2.07055,0.109531,0.36288,3.6288,60.8403,0.642763,0,0,0.63409,0.25663,0,0.66528,12.849,1,0.418036,0.36288,0,39.5841,5.28738,34.2415,0.84672,12.849,0.84672,3695.15,0,36.966,0.388841,0.347095,2.07604,2.73934,1.28086,3.49278,0.42336,36.966,0.42336,423.524,0,1.02816,0,0,1.37525,0.347095,1.028160,1,0,37.7343,0,0,0,37.7343,0
65.3972,2.16812,0,0,1.89306,0.109035,0.36288,3.6288,60.5611,0.641961,0,0,0.618877,0.256199,0,0.66528,12.849,1,0.421174,0.36288,0,39.0252,5.28738,33.6795,0.84672,12.849,0.84672,3695.15,0,36.966,0.390049,0.372349,2.07648,2.70567,1.28086,3.48359,0.42336,36.966,0.42336,423.524,0,1.02816,0,0,1.40051,0.372349,1.028160,1,0,37.1631,0,0,0,37.1631,0
64.4914,2.16466,0,0,1.73012,0.108386,0.36288,3.6288,60.1855,0.698562,0,0,0.578737,0.255746,0,0.66528,12.849,1,0.425304,0.36288,0,36.7065,5.28738,31.3567,0.84672,12.849,0.84672,3695.15,0,36.966,0.426397,0.261274,2.07692,2.57468,1.28086,3.20562,0.42336,36.966,0.42336,423.524,0,0.935617,0,0,1.19689,0.261274,1.028160,1,0,34.5623,0,0,0,34.5623,0
63.443,2.21654,0,0,1.62493,0.0939271,0.36288,3.6288,59.6802,0.748366,0,0,0.524534,0.281447,0,0.66528,12.849,1,0.441614,0.36288,0,33.2579,5.4914,27.6877,0.84672,12.849,0.84672,3695.15,0,36.966,0.459647,0.261274,2.07736,2.21274,1.40594,2.68579,0.42336,36.966,0.42336,423.524,0,0.895942,0,0,1.15722,0.261274,1.028160,1,0,30.3735,0,0,0,30.3735,0
62.3646,2.21104,0,0,1.58092,0.085418,0.36288,3.6288,59.1614,0.724083,0,0,0.495492,0.29018,0,0.66528,12.849,1,0.447798,0.36288,0,30.4814,5.43407,24.9624,0.84672,12.849,0.84672,3695.15,0,36.966,0.448498,0.261274,2.12365,1.91594,1.45249,2.39988,0.42336,36.966,0.42336,423.524,0,0.931789,0,0,1.19306,0.261274,1.028160,1,0,27.3623,0,0,0,27.3623,0
61.1339,2.20518,0,0,1.42201,0.0846687,0.36288,3.6288,58.6124,0.724551,0,0,0.464767,0.289219,0,0.66528,12.849,1,0.454335,0.36288,0,28.727,5.43407,23.2015,0.84672,12.849,0.84672,3695.15,0,36.966,0.452723,0.227405,2.1241,1.95593,1.45249,2.40223,0.42336,36.966,0.42336,423.524,0,0.927513,0,0,1.15492,0.227405,1.028160,1,0,25.6038,0,0,0,25.6038,0
59.7831,2.19819,0,0,1.2941,0.0838137,0.36288,3.6288,57.981,0.789109,0,0,0.445871,0.288201,0,0.66528,12.849,1,0.462012,0.36288,0,26.9821,5.43407,21.4489,0.84672,12.849,0.84672,3695.15,0,36.966,0.497679,0.227405,2.12455,1.81837,1.45249,2.22015,0.42336,36.966,0.42336,423.524,0,0.818415,0,0,1.04582,0.227405,1.028160,1,0,23.6691,0,0,0,23.6691,0
58.1182,2.35306,0,0,1.1198,0.0687566,0.36288,3.6288,57.2446,0.88649,0,0,0.444,0.293948,0,0.66528,12.849,1,0.505736,0.36288,0,25.7438,5.67588,19.9251,0.84672,12.849,0.84672,3695.15,0,36.966,0.56743,0.227405,2.125,1.84264,1.48254,2.14508,0.42336,36.966,0.42336,423.524,0,0.80695,0,0,1.03435,0.227405,1.028160,1,0,22.0702,0,0,0,22.0702,0
56.5244,2.34179,0,0,1.20101,0.0901211,0.36288,3.6288,56.3355,0.965493,0,0,0.37046,0.314064,0,0.66528,12.849,1,0.517733,0.36288,0,21.9002,5.56164,16.1837,0.84672,12.849,0.84672,3695.15,0,36.966,0.623473,0.227405,2.28249,1.36888,1.56766,1.68763,0.42336,36.966,0.42336,423.524,0,0.672356,0,0,0.899761,0.227405,1.028160,1,0,17.8713,0,0,0,17.8713,0
54.7313,2.33049,0,0,0.989021,0.0887223,0.36288,3.6288,55.3366,1.00905,0,0,0.32244,0.312212,0,0.66528,12.849,1,0.529762,0.36288,0,27.1877,5.56164,21.4592,0.84672,12.849,0.84672,3695.15,0,36.966,0.662117,0.204422,2.28297,1.22124,1.56766,1.47885,0.42336,36.966,0.42336,423.524,0,0.590604,0,0,0.795027,0.204422,1.028160,1,0,22.9381,0,0,0,22.9381,0
53.0584,2.31703,0,0,1.0941,0.0871486,0.36288,3.6288,54.6146,0.854837,0,0,0.442932,0.310176,0,0.66528,12.849,1,0.543957,0.36288,0,23.3099,5.56164,17.5671,0.84672,12.849,0.84672,3695.15,0,36.966,0.571049,0.204422,2.28346,1.45941,1.56766,1.80858,0.42336,36.966,0.42336,423.524,0,0.836342,0,0,1.04076,0.204422,1.028160,1,0,19.3757,0,0,0,19.3757,0
51.32,2.30381,0,0,1.01614,0.0878284,0.36288,3.6288,53.7753,0.89979,0,0,0.356009,0.295499,0,0.66528,12.849,1,0.557907,0.36288,0,22.3633,5.19195,16.9764,0.84672,12.849,0.84672,3695.15,0,36.966,0.609025,0.204422,2.28395,1.65809,1.42376,2.11368,0.42336,36.966,0.42336,423.524,0,0.753866,0,0,0.958288,0.204422,1.028160,1,0,19.09,0,0,0,19.09,0
49.8446,2.21205,0,0,1.18057,0.08099,0.36288,3.6288,53.1663,0.716875,0,0,0.419593,0.311682,0,0.66528,12.849,1,0.553832,0.36288,0,31.1293,5.51693,25.4214,0.84672,12.849,0.84672,3695.15,0,36.966,0.492792,0.204422,2.28443,2.05102,1.44825,2.59884,0.42336,36.966,0.42336,423.524,0,0.959126,0,0,1.16355,0.204422,1.028160,1,0,28.0203,0,0,0,28.0203,0
48.5309,2.19958,0,0,1.3569,0.108214,0.36288,3.6288,52.6704,0.66528,0,0,0.473527,0.304184,0,0.66528,12.849,1,0.567011,0.36288,0,29.7709,5.79575,23.7711,0.84672,12.849,0.84672,3695.15,0,36.966,0.475785,0.278001,2.19394,2.07899,1.52609,2.54905,0.42336,36.966,0.42336,423.524,0,1.02816,0,0,1.30616,0.278001,1.028160,1,0,26.3201,0,0,0,26.3201,0
47.7595,2.18801,0,0,1.91034,0.130822,0.36288,3.6288,52.2356,0.66528,0,0,0.513926,0.283436,0,0.66528,12.849,1,0.579295,0.36288,0,33.2287,5.6301,27.3822,0.84672,12.849,0.84672,3695.15,0,36.966,0.476216,0.449375,2.1944,1.85257,1.4692,2.55093,0.42336,36.966,0.42336,423.524,0,1.02816,0,0,1.47754,0.449375,1.028160,1,0,29.9332,0,0,0,29.9332,0
47.7085,2.18119,0,0,2.62282,0.129728,0.36288,3.6288,52.1191,0.66528,0,0,0.831231,0.282448,0,0.66528,12.849,1,0.586818,0.36288,0,63.8384,5.6301,57.9843,0.84672,12.849,0.84672,3695.15,0,36.966,0.476647,1.41058,2.19487,3.28738,1.4692,4.94699,0.42336,36.966,0.42336,423.524,0,1.02816,0,0,2.43874,1.41058,1.028160,1,0,62.9313,0,0,0,62.9313,0
46.8927,2.11876,0,0,1.81696,0.151129,0.36288,3.6288,51.8812,0.618049,0,0,0.644835,0.264673,0,0.66528,12.849,1,0.57063,0.36288,0,68.7241,5.48892,63.0274,0.84672,12.849,0.84672,3695.15,0,36.966,0.438358,0.747611,2.19533,2.11759,1.35463,3.26754,0.42336,36.966,0.42336,423.524,0,1.02816,0,0,1.77577,0.747611,1.028160,1,0,66.295,0,0,0,66.295,0
44.9071,2.11151,0,0,0.691781,0.202984,0.36288,3.6288,51.536,0.617116,0,0,0.492354,0.220473,0,0.66528,12.849,1,0.578571,0.36288,0,45.9128,5.13597,40.5611,0.84672,12.849,0.84672,3695.15,0,36.966,0.439703,0.268479,2.11453,1.16164,1.06822,2.03672,0.42336,36.966,0.42336,423.524,0,1.02816,0,0,1.29664,0.268479,1.028160,1,0,42.5978,0,0,0,42.5978,0
43.6703,2.09215,0,0,1.40855,0.190335,0.36288,3.6288,51.361,0.61564,0,0,0.656863,0.216144,0,0.66528,12.849,1,0.598615,0.36288,0,36.8547,5.03997,31.579,0.84672,12.849,0.84672,3695.15,0,36.966,0.44159,0.675017,2.11497,2.05035,1.08969,3.30907,0.42336,36.966,0.42336,423.524,0,1.02816,0,0,1.70318,0.675017,1.028160,1,0,34.8881,0,0,0,34.8881,0
45.2032,2.07959,0,0,4.16206,0.186736,0.36288,3.6288,51.7155,0.615005,0,0,1.15119,0.181698,0,0.66528,12.849,1,0.611872,0.36288,0,108.769,4.23903,104.281,0.84672,12.849,0.84672,3695.15,0,36.966,0.442637,1.68503,2.11542,4.96544,0.999781,7.32348,0.42336,36.966,0.42336,423.524,0,1.02816,0,0,2.71319,1.68503,1.028160,1,0,111.604,0,0,0,111.604,0
44.8361,1.92067,0,0,2.12125,0.204718,0.36288,3.6288,51.8749,0.512525,0,0,0.835419,0.163516,0,0.66528,12.849,1,0.545952,0.36288,0,70.4635,3.81832,66.4621,0.84672,12.849,0.84672,3695.15,0,36.966,0.36635,0.918112,2.11587,2.78262,0.892105,4.55814,0.42336,36.966,0.42336,423.524,0,1.02816,0,0,1.94627,0.918112,1.028160,1,0,71.0203,0,0,0,71.0203,0
45.4999,1.9177,0,0,3.16799,0.223673,0.36288,3.6288,52.1933,0.513399,0,0,1.03257,0.20079,0,0.66528,12.849,1,0.549568,0.36288,0,78.8821,4.41,74.2854,0.84672,12.849,0.84672,3695.15,0,36.966,0.365847,1.53486,1.93562,6.26667,1.12895,8.24236,0.42336,36.966,0.42336,423.524,0,1.02816,0,0,2.56302,1.53486,1.028160,1,0,82.5278,0,0,0,82.5278,0
47.2015,1.92445,0,0,4.21433,0.22535,0.36288,3.6288,52.7882,0.514922,0,0,1.31114,0.201306,0,0.66528,12.849,1,0.543457,0.36288,0,176.32,4.41,171.729,0.84672,12.849,0.84672,3695.15,0,36.966,0.364694,2.18506,1.93603,6.58943,1.12895,9.21688,0.42336,36.966,0.42336,423.524,0,1.02816,0,0,3.21322,2.18506,1.028160,1,0,180.946,0,0,0,180.946,0
49.4381,1.94035,0,0,4.76947,0.229652,0.36288,3.6288,53.5233,0.517557,0,0,1.45492,0.20227,0,0.66528,12.849,1,0.528194,0.36288,0,115.576,4.41,111.001,0.84672,12.849,0.84672,3695.15,0,36.966,0.36243,2.02097,1.93643,6.84134,1.12895,9.30737,0.42336,36.966,0.42336,423.524,0,1.02816,0,0,3.04913,2.02097,1.028160,1,0,120.308,0,0,0,120.308,0
51.0735,1.95982,0,0,4.19915,0.241088,0.36288,3.6288,54.3067,0.520721,0,0,1.50528,0.201196,0,0.66528,12.849,1,0.50936,0.36288,0,116.821,4.31634,112.358,0.84672,12.849,0.84672,3695.15,0,36.966,0.359637,1.86914,1.93684,5.9718,1.10992,8.30823,0.42336,36.966,0.42336,423.524,0,1.02816,0,0,2.8973,1.86914,1.028160,1,0,120.666,0,0,0,120.666,0
57.1376,2.04274,0,0,8.7243,0.254586,0.36288,3.6288,56.4107,0.554929,0,0,2.84294,0.184007,0,0.66528,12.849,1,0.513911,0.36288,0,240.138,3.92529,236.062,0.84672,12.849,0.84672,3695.15,0,36.966,0.377735,1.65725,1.93725,10.3381,1.0318,12.5231,0.42336,36.966,0.42336,423.524,0,1.02816,0,0,2.68541,1.65725,1.028160,1,0,248.585,0,0,0,248.585,0
60.519,2.08779,0,0,6.04854,0.216462,0.36288,3.6288,56.7413,0.563662,0,0,1.09181,0.197522,0,0.66528,12.849,1,0.469499,0.36288,0,134.159,3.73233,130.32,0.84672,12.849,0.84672,3695.15,0,36.966,0.369369,1.60759,1.99405,6.39199,0.871378,8.75289,0.42336,36.966,0.42336,423.524,0,1.02816,0,0,2.63575,1.60759,1.028160,1,0,139.073,0,0,0,139.073,0
62.2564,2.10995,0,0,4.45952,0.249236,0.36288,3.6288,56.8065,0.565188,0,0,0.862739,0.23232,0,0.66528,12.849,1,0.447971,0.36288,0,105.155,4.39578,100.674,0.84672,12.849,0.84672,3695.15,0,36.966,0.36821,1.36473,1.99445,5.37036,1.05795,7.30339,0.42336,36.966,0.42336,423.524,0,1.02816,0,0,2.39289,1.36473,1.028160,1,0,107.977,0,0,0,107.977,0
64.3205,2.12084,0,0,4.80571,0.25797,0.36288,3.6288,56.9175,0.565667,0,0,0.914268,0.2376,0,0.66528,12.849,1,0.437716,0.36288,0,109.198,4.51007,104.613,0.84672,12.849,0.84672,3695.15,0,36.966,0.368099,1.5025,1.99485,5.59033,1.0936,7.62598,0.42336,36.966,0.42336,423.524,0,1.02816,0,0,2.53066,1.5025,1.028160,1,0,112.239,0,0,0,112.239,0
65.9598,2.36571,0,0,4.62873,0.26076,0.36288,3.6288,56.9249,0.66528,0,0,0.907762,0.235087,0,0.66528,12.849,1,0.472588,0.36288,0,107.34,4.47013,102.76,0.84672,12.849,0.84672,3695.15,0,36.966,0.464021,1.39498,1.99526,5.7629,1.09457,7.59454,0.42336,36.966,0.42336,423.524,0,1.02816,0,0,2.42314,1.39498,1.028160,1,0,110.355,0,0,0,110.355,0
66.7584,2.37613,0,0,3.79215,0.25459,0.36288,3.6288,57.2858,0.66528,0,0,1.2452,0.218989,0,0.66528,12.849,1,0.46287,0.36288,0,121.678,4.23056,117.347,0.84672,12.849,0.84672,3695.15,0,36.966,0.464432,1.1625,2.19875,6.02645,1.10039,7.82288,0.42336,36.966,0.42336,423.524,0,1.02816,0,0,2.19066,1.1625,1.028160,1,0,125.17,0,0,0,125.17,0
69.4583,2.38135,0,0,5.70036,0.25621,0.36288,3.6288,57.8548,0.66528,0,0,1.45374,0.219503,0,0.66528,12.849,1,0.458339,0.36288,0,110.021,4.23056,105.695,0.84672,12.849,0.84672,3695.15,0,36.966,0.464843,1.86443,2.1992,8.46903,1.10039,10.9674,0.42336,36.966,0.42336,423.524,0,1.02816,0,0,2.89259,1.86443,1.028160,1,0,116.662,0,0,0,116.662,0
70.1635,2.39697,0,0,3.72625,0.261239,0.36288,3.6288,58.0907,0.66528,0,0,1.11786,0.216658,0,0.66528,12.849,1,0.443413,0.36288,0,107.062,3.99115,102.99,0.84672,12.849,0.84672,3695.15,0,36.966,0.465253,0.952335,2.19965,5.31135,1.06558,6.9325,0.42336,36.966,0.42336,423.524,0,1.02816,0,0,1.9805,0.952335,1.028160,1,0,109.923,0,0,0,109.923,0
71.5999,2.06455,0,0,4.1688,0.304928,0.36288,3.6288,58.5653,0.530935,0,0,1.20184,0.196328,0,0.66528,12.849,1,0.378079,0.36288,0,114.99,3.76453,111.21,0.84672,12.849,0.84672,3695.15,0,36.966,0.33786,1.19604,2.2001,9.55199,1.05804,11.5522,0.42336,36.966,0.42336,423.524,0,1.02816,0,0,2.2242,1.19604,1.028160,1,0,122.762,0,0,0,122.762,0
72.29,2.07149,0,0,3.75774,0.31642,0.679739,3.6288,58.9542,0.532829,0,0,1.10868,0.186978,0,0.66528,12.849,1,0.371741,0.679739,0,56.7756,3.79522,53.2884,0.84672,12.849,0.84672,3695.15,0,36.966,0.336318,0.754773,1.92334,4.01625,0.939897,5.41814,0.42336,36.966,0.42336,423.524,0,1.02816,0,0,1.78293,0.754773,1.028160,1,0,58.7065,0,0,0,58.7065,0
72.29,2.07502,0,0,3.31147,0.318086,0.918363,3.6288,59.5859,0.53441,0,0,1.3536,0.187445,0,0.66528,12.849,1,0.368819,0.918363,0,69.1189,3.79522,65.8732,0.84672,12.849,0.84672,3695.15,0,36.966,0.335091,0.993885,1.92372,4.94078,0.939897,6.58339,0.42336,36.966,0.42336,423.524,0,1.02816,0,0,2.02205,0.993885,1.028160,1,0,72.4566,0,0,0,72.4566,0
72.29,2.07554,0,0,5.06562,0.318086,2.672,3.6288,60.4753,0.53682,0,0,1.61438,0.188205,0,0.66528,12.849,1,0.368911,2.672,0,121.532,3.79522,120.04,0.84672,12.849,0.84672,3695.15,0,36.966,0.333033,1.20385,1.92411,6.17138,0.939897,8.02641,0.42336,36.966,0.42336,423.524,0,1.02816,0,0,2.23201,1.20385,1.028160,1,0,128.066,0,0,0,128.066,0
72.29,2.07605,0,0,6.09504,0.318086,3.7009,3.6288,61.1984,0.540079,0,0,1.45249,0.189275,0,0.66528,12.849,1,0.369003,3.7009,0,125.918,3.79522,125.454,0.84672,12.849,0.84672,3695.15,0,36.966,0.330128,1.31778,1.92449,6.85804,0.939897,8.83029,0.42336,36.966,0.42336,423.524,0,1.02816,0,0,2.34594,1.31778,1.028160,1,0,134.285,0,0,0,134.285,0
72.29,2.16183,0,0,3.35921,0.333469,0.863912,3.6288,61.308,0.582757,0,0,1.12882,0.177049,0.259426,0.66528,12.849,1,0.384248,0.863912,0,73.4072,4.24488,69.6419,0.84672,12.849,0.84672,3695.15,0,36.966,0.352006,0.746012,1.92488,4.69311,1.11229,5.89971,0.42336,36.966,0.42336,423.524,0,1.02816,0,0,1.77417,0.746012,1.028160,1,0,75.8011,0,0,0,75.8011,0
72.29,2.16236,0,0,3.25731,0.343938,0.751008,3.6288,61.308,0.583378,0,0,1.0725,0.148607,0.340515,0.66528,12.849,1,0.384343,0.751008,0,87.1301,3.90642,83.5903,0.84672,12.849,0.84672,3695.15,0,36.966,0.351751,0.608783,1.99369,4.17497,1.03997,5.38572,0.42336,36.966,0.42336,423.524,0,1.02816,0,0,1.63694,0.608783,1.028160,1,0,89.3166,0,0,0,89.3166,0
72.0626,2.1629,0,0,2.6423,0.343938,0.36288,3.6288,61.308,0.583608,0,0,0.862039,0.148607,0.129824,0.66528,12.849,1,0.384438,0.36288,0,58.6439,3.90642,54.7159,0.84672,12.849,0.84672,3695.15,0,36.966,0.351889,0.68866,1.99409,3.35875,1.03997,4.64964,0.42336,36.966,0.42336,423.524,0,1.02816,0,0,1.71682,0.68866,1.028160,1,0,59.4954,0,0,0,59.4954,0
72.0037,2.1624,0,0,2.79773,0.331303,0.36288,3.6288,61.308,0.583837,0,0,0.74793,0.122068,0.0420257,0.66528,12.849,1,0.385563,0.36288,0,61.8062,3.38033,58.4032,0.84672,12.849,0.84672,3695.15,0,36.966,0.352028,0.763612,1.99449,2.86438,0.966245,4.30421,0.42336,36.966,0.42336,423.524,0,1.02816,0,0,1.79177,0.763612,1.028160,1,0,62.7495,0,0,0,62.7495,0
71.7549,2.12933,0,0,2.56783,0.324501,0.36288,3.6288,61.308,0.568497,0,0,0.682439,0.111676,0.00226636,0.66528,12.849,1,0.379976,0.36288,0,52.0642,3.05705,48.9901,0.84672,12.849,0.84672,3695.15,0,36.966,0.342778,0.540026,1.99489,2.09612,0.922924,3.36533,0.42336,36.966,0.42336,423.524,0,1.02816,0,0,1.56819,0.540026,1.028160,1,0,52.3577,0,0,0,52.3577,0
71.0929,2.12873,0,0,2.11008,0.280438,0.36288,3.6288,60.9553,0.761249,0,0,0.579757,0.171161,0,0.66528,12.849,1,0.381188,0.36288,0,41.8224,3.79192,38.0122,0.84672,12.849,0.84672,3695.15,0,36.966,0.459,0.528595,1.96865,1.86811,1.00999,2.89637,0.42336,36.966,0.42336,423.524,0,0.719548,0,0,1.24814,0.528595,1.028160,1,0,40.9086,0,0,0,40.9086,0
70.3999,2.12626,0,0,2.03343,0.237272,0.36288,3.6288,60.7225,0.648947,0,0,0.606466,0.190355,0,0.66528,12.849,1,0.38429,0.36288,0,40.0537,3.96491,36.0674,0.84672,12.849,0.84672,3695.15,0,36.966,0.39355,0.402797,1.96905,1.98367,1.02032,2.94165,0.42336,36.966,0.42336,423.524,0,0.897661,0,0,1.30046,0.402797,1.028160,1,0,39.0091,0,0,0,39.0091,0
69.5611,2.12358,0,0,1.88363,0.236013,0.36288,3.6288,60.3973,0.698057,0,0,0.562906,0.190074,0,0.66528,12.849,1,0.387585,0.36288,0,36.5475,3.96491,32.5579,0.84672,12.849,0.84672,3695.15,0,36.966,0.424956,0.402797,1.96944,1.94686,1.02032,2.87382,0.42336,36.966,0.42336,423.524,0,0.817508,0,0,1.2203,0.402797,1.028160,1,0,35.4318,0,0,0,35.4318,0
68.6981,2.23285,0,0,1.9668,0.234032,0.36288,3.6288,60.0394,0.790366,0,0,0.615247,0.182739,0,0.66528,12.849,1,0.412441,0.36288,0,37.9107,3.75886,34.1023,0.84672,12.849,0.84672,3695.15,0,36.966,0.483742,0.402797,1.96984,1.80889,1.0295,2.66828,0.42336,36.966,0.42336,423.524,0,0.755361,0,0,1.15816,0.402797,1.028160,1,0,36.7705,0,0,0,36.7705,0
67.8874,2.22903,0,0,1.95384,0.172667,0.36288,3.6288,59.679,0.765048,0,0,0.61145,0.206805,0,0.66528,12.849,1,0.416908,0.36288,0,39.2026,4.22898,34.9196,0.84672,12.849,0.84672,3695.15,0,36.966,0.471037,0.402797,2.06369,1.79914,1.14313,2.65147,0.42336,36.966,0.42336,423.524,0,0.793765,0,0,1.19656,0.402797,1.028160,1,0,37.5711,0,0,0,37.5711,0
66.8348,2.22539,0,0,1.70725,0.171575,0.36288,3.6288,59.1704,0.818796,0,0,0.516507,0.20633,0,0.66528,12.849,1,0.421199,0.36288,0,33.2319,4.22898,28.9446,0.84672,12.849,0.84672,3695.15,0,36.966,0.507173,0.30119,2.06411,1.57084,1.14313,2.28584,0.42336,36.966,0.42336,423.524,0,0.704264,0,0,1.00545,0.30119,1.028160,1,0,31.2305,0,0,0,31.2305,0
65.5624,2.22038,0,0,1.48103,0.170158,0.36288,3.6288,58.6274,0.815157,0,0,0.47777,0.205659,0,0.66528,12.849,1,0.426868,0.36288,0,30.8481,4.22898,26.5551,0.84672,12.849,0.84672,3695.15,0,36.966,0.509259,0.30119,2.06453,1.54677,1.14313,2.2601,0.42336,36.966,0.42336,423.524,0,0.706199,0,0,1.00739,0.30119,1.028160,1,0,28.8152,0,0,0,28.8152,0
64.1488,2.21399,0,0,1.33172,0.168444,0.36288,3.6288,57.9217,0.897985,0,0,0.397231,0.204944,0,0.66528,12.849,1,0.433901,0.36288,0,28.6783,4.22898,24.3783,0.84672,12.849,0.84672,3695.15,0,36.966,0.566202,0.30119,2.06495,1.46462,1.14313,2.12142,0.42336,36.966,0.42336,423.524,0,0.56681,0,0,0.868,0.30119,1.028160,1,0,26.4997,0,0,0,26.4997,0
62.9555,2.18455,0,0,1.49976,0.145628,0.36288,3.6288,57.2806,0.874459,0,0,0.434513,0.201138,0,0.66528,12.849,1,0.437566,0.36288,0,25.9178,4.29671,21.5464,0.84672,12.849,0.84672,3695.15,0,36.966,0.558086,0.30119,2.06536,1.79432,1.1003,2.50249,0.42336,36.966,0.42336,423.524,0,0.647577,0,0,0.948767,0.30119,1.028160,1,0,24.0489,0,0,0,24.0489,0
61.7441,2.1782,0,0,1.46566,0.135939,0.36288,3.6288,56.649,0.862032,0,0,0.429654,0.19916,0,0.66528,12.849,1,0.444564,0.36288,0,24.638,4.3238,20.2325,0.84672,12.849,0.84672,3695.15,0,36.966,0.556312,0.261274,2.09849,1.84862,1.08317,2.56891,0.42336,36.966,0.42336,423.524,0,0.66217,0,0,0.923443,0.261274,1.028160,1,0,22.8014,0,0,0,22.8014,0
60.4054,2.17152,0,0,1.3303,0.134594,0.36288,3.6288,55.9322,0.921539,0,0,0.403085,0.198344,0,0.66528,12.849,1,0.451895,0.36288,0,21.9543,4.3238,17.5415,0.84672,12.849,0.84672,3695.15,0,36.966,0.601345,0.261274,2.09891,1.78832,1.08317,2.46399,0.42336,36.966,0.42336,423.524,0,0.558023,0,0,0.819297,0.261274,1.028160,1,0,20.0055,0,0,0,20.0055,0
59.0381,2.16379,0,0,1.2621,0.102791,0.36288,3.6288,55.1235,0.915206,0,0,0.378102,0.271592,0,0.66528,12.849,1,0.460266,0.36288,0,19.7479,5.31185,14.3387,0.84672,12.849,0.84672,3695.15,0,36.966,0.604866,0.261274,2.09934,1.6948,1.44382,2.00672,0.42336,36.966,0.42336,423.524,0,0.561228,0,0,0.822502,0.261274,1.028160,1,0,16.3454,0,0,0,16.3454,0
57.4898,2.21167,0,0,1.12607,0.0997863,0.36288,3.6288,54.2497,0.971136,0,0,0.376221,0.278939,0,0.66528,12.849,1,0.481347,0.36288,0,17.5025,5.428,11.956,0.84672,12.849,0.84672,3695.15,0,36.966,0.651247,0.261274,2.09976,1.62907,1.43624,1.90262,0.42336,36.966,0.42336,423.524,0,0.502789,0,0,0.764063,0.261274,1.028160,1,0,13.8586,0,0,0,13.8586,0
55.8639,2.20162,0,0,1.0328,0.0941639,0.36288,3.6288,53.2917,1.00631,0,0,0.347448,0.299171,0,0.66528,12.849,1,0.492063,0.36288,0,20.5137,5.71841,14.6661,0.84672,12.849,0.84672,3695.15,0,36.966,0.685703,0.261274,2.14658,1.66805,1.41728,1.97292,0.42336,36.966,0.42336,423.524,0,0.433564,0,0,0.694837,0.261274,1.028160,1,0,16.639,0,0,0,16.639,0
54.1811,2.19051,0,0,0.963256,0.0926638,0.36288,3.6288,52.3178,0.98455,0,0,0.307746,0.297063,0,0.66528,12.849,1,0.50383,0.36288,0,16.2282,5.71841,10.3688,0.84672,12.849,0.84672,3695.15,0,36.966,0.682938,0.227405,2.14702,1.52254,1.41728,1.79675,0.42336,36.966,0.42336,423.524,0,0.45849,0,0,0.685895,0.227405,1.028160,1,0,12.1656,0,0,0,12.1656,0
52.4249,2.1784,0,0,0.876165,0.0911111,0.36288,3.6288,51.2719,1.04024,0,0,0.28907,0.294754,0,0.66528,12.849,1,0.516606,0.36288,0,14.9222,5.71841,9.0501,0.84672,12.849,0.84672,3695.15,0,36.966,0.734998,0.227405,2.14745,1.39345,1.41728,1.61603,0.42336,36.966,0.42336,423.524,0,0.351144,0,0,0.578549,0.227405,1.028160,1,0,10.6661,0,0,0,10.6661,0
50.6464,2.32585,0,0,0.991284,0.0810538,0.36288,3.6288,50.3323,1.00451,0,0,0.351445,0.286497,0,0.66528,12.849,1,0.57005,0.36288,0,15.3458,5.8599,9.27878,0.84672,12.849,0.84672,3695.15,0,36.966,0.724229,0.227405,2.14789,2.04287,1.45415,2.23977,0.42336,36.966,0.42336,423.524,0,0.555122,0,0,0.782527,0.227405,1.028160,1,0,11.5186,0,0,0,11.5186,0
48.7312,2.31044,0,0,0.835548,0.0774206,0.36288,3.6288,49.1875,1.12505,0,0,0.277722,0.297445,0,0.66528,12.849,1,0.58616,0.36288,0,13.7309,6.42046,7.08712,0.84672,12.849,0.84672,3695.15,0,36.966,0.826279,0.227405,2.3072,1.60606,1.58368,1.7307,0.42336,36.966,0.42336,423.524,0,0.332967,0,0,0.560371,0.227405,1.028160,1,0,8.81782,0,0,0,8.81782,0
46.9042,2.29277,0,0,0.905247,0.0765749,0.36288,3.6288,48.1574,1.05701,0,0,0.327459,0.300583,0,0.66528,12.849,1,0.604538,0.36288,0,17.1113,6.49856,10.371,0.84672,12.849,0.84672,3695.15,0,36.966,0.79438,0.204422,2.30767,1.70319,1.59861,1.8223,0.42336,36.966,0.42336,423.524,0,0.433337,0,0,0.63776,0.204422,1.028160,1,0,12.1933,0,0,0,12.1933,0
44.9066,2.27484,0,0,0.715176,0.0750604,0.36288,3.6288,46.9484,1.14997,0,0,0.239032,0.298028,0,0.66528,12.849,1,0.623174,0.36288,0,17.6583,6.49856,10.8995,0.84672,12.849,0.84672,3695.15,0,36.966,0.882727,0.204422,2.30814,1.34954,1.59861,1.38077,0.42336,36.966,0.42336,423.524,0,0.252473,0,0,0.456895,0.204422,1.028160,1,0,12.2803,0,0,0,12.2803,0
43.1022,2.25384,0,0,0.885756,0.0734044,0.36288,3.6288,46.1139,0.937187,0,0,0.397668,0.295029,0,0.66528,12.849,1,0.644885,0.36288,0,15.6493,6.49856,8.86873,0.84672,12.849,0.84672,3695.15,0,36.966,0.737917,0.204422,2.30861,2.02798,1.59861,2.20449,0.42336,36.966,0.42336,423.524,0,0.610504,0,0,0.814927,0.204422,1.028160,1,0,11.0732,0,0,0,11.0732,0
41.2997,2.15833,0,0,0.785341,0.0667088,0.36288,3.6288,45.1649,0.959114,0,0,0.312203,0.302037,0,0.66528,12.849,1,0.64341,0.36288,0,15.1232,6.03633,8.80634,0.84672,12.849,0.84672,3695.15,0,36.966,0.768849,0.204422,2.30908,2.03761,1.57236,2.20991,0.42336,36.966,0.42336,423.524,0,0.462642,0,0,0.667064,0.204422,1.028160,1,0,11.0162,0,0,0,11.0162,0
39.5396,2.13744,0,0,0.837112,0.0969086,0.36288,3.6288,44.2491,0.952831,0,0,0.323333,0.28636,0,0.66528,12.849,1,0.664991,0.36288,0,12.9564,5.73706,6.9172,0.84672,12.849,0.84672,3695.15,0,36.966,0.779861,0.216518,2.21751,1.76633,1.58378,1.83672,0.42336,36.966,0.42336,423.524,0,0.45833,0,0,0.674849,0.216518,1.028160,1,0,8.75391,0,0,0,8.75391,0
38.2071,2.11561,0,0,1.25549,0.109431,0.36288,3.6288,43.495,0.854449,0,0,0.372132,0.271786,0,0.66528,12.849,1,0.687501,0.36288,0,15.779,5.62663,9.82772,0.84672,12.849,0.84672,3695.15,0,36.966,0.713813,0.216518,2.21796,1.87875,1.54585,2.05357,0.42336,36.966,0.42336,423.524,0,0.623177,0,0,0.839696,0.216518,1.028160,1,0,11.8813,0,0,0,11.8813,0
37.3334,2.09818,0,0,1.6951,0.107755,0.36288,3.6288,43.1974,0.629063,0,0,0.601349,0.269856,0,0.66528,12.849,1,0.705616,0.36288,0,31.4874,5.62663,25.5181,0.84672,12.849,0.84672,3695.15,0,36.966,0.534635,0.33715,2.21841,2.95945,1.54585,3.43453,0.42336,36.966,0.42336,423.524,0,1.02816,0,0,1.36531,0.33715,1.028160,1,0,28.9526,0,0,0,28.9526,0
36.2457,2.0267,0,0,1.44719,0.145303,0.36288,3.6288,42.7275,0.678568,0,0,0.458841,0.250173,0,0.66528,12.849,1,0.697528,0.36288,0,28.8496,5.33012,23.1848,0.84672,12.849,0.84672,3695.15,0,36.966,0.580682,0.216518,2.21886,1.97847,1.46784,2.36533,0.42336,36.966,0.42336,423.524,0,0.846072,0,0,1.06259,0.216518,1.028160,1,0,25.5501,0,0,0,25.5501,0
35.4895,2.01174,0,0,1.8146,0.196184,0.36288,3.6288,42.503,0.577732,0,0,0.557973,0.204784,0,0.66528,12.849,1,0.713156,0.36288,0,22.7576,3.73306,18.6742,0.84672,12.849,0.84672,3695.15,0,36.966,0.499829,0.457756,2.13709,2.50019,0.91808,3.67713,0.42336,36.966,0.42336,423.524,0,1.02816,0,0,1.48592,0.457756,1.028160,1,0,22.3514,0,0,0,22.3514,0
37.0579,2.00107,0,0,4.12674,0.194411,0.36288,3.6288,42.5151,0.576532,0,0,0.793023,0.204345,0,0.66528,12.849,1,0.724491,0.36288,0,44.4527,3.73306,40.358,0.84672,12.849,0.84672,3695.15,0,36.966,0.501426,0.914501,2.13753,4.33796,0.91808,5.97048,0.42336,36.966,0.42336,423.524,0,1.02816,0,0,1.94266,0.914501,1.028160,1,0,46.3285,0,0,0,46.3285,0
41.0181,2.02434,0,0,6.54553,0.198088,0.36288,3.6288,43.3942,0.576822,0,0,1.66025,0.204369,0,0.66528,12.849,1,0.701895,0.36288,0,60.481,3.73306,56.409,0.84672,12.849,0.84672,3695.15,0,36.966,0.501535,2.3006,2.13796,6.98456,0.91808,10.0035,0.42336,36.966,0.42336,423.524,0,1.02816,0,0,3.32876,2.3006,1.028160,1,0,66.4125,0,0,0,66.4125,0
42.7504,1.90273,0,0,4.20541,0.207501,0.36288,3.6288,43.9413,0.484645,0,0,1.23787,0.206089,0,0.66528,12.849,1,0.596034,0.36288,0,41.5981,3.73306,37.6319,0.84672,12.849,0.84672,3695.15,0,36.966,0.412853,1.85913,2.13839,6.89126,0.91808,9.55784,0.42336,36.966,0.42336,423.524,0,1.02816,0,0,2.88729,1.85913,1.028160,1,0,47.1898,0,0,0,47.1898,0
43.3809,1.92178,0,0,3.13813,0.22302,0.36288,3.6288,44.0283,0.487632,0,0,0.780293,0.205674,0,0.66528,12.849,1,0.577606,0.36288,0,53.1935,4.51645,48.4623,0.84672,12.849,0.84672,3695.15,0,36.966,0.410225,0.649055,1.95603,5.64353,1.10493,6.73346,0.42336,36.966,0.42336,423.524,0,1.02816,0,0,1.67721,0.649055,1.028160,1,0,55.1957,0,0,0,55.1957,0
48.1725,1.92873,0,0,7.3003,0.217061,0.36288,3.6288,45.5213,0.488268,0,0,2.18331,0.202067,0,0.66528,12.849,1,0.571271,0.36288,0,129.051,4.57937,124.264,0.84672,12.849,0.84672,3695.15,0,36.966,0.409948,2.82942,1.95642,8.43661,1.12028,11.6922,0.42336,36.966,0.42336,423.524,0,1.02816,0,0,3.85758,2.82942,1.028160,1,0,135.956,0,0,0,135.956,0
51.9935,1.97408,0,0,6.38104,0.223052,0.36288,3.6288,45.6228,0.495885,0,0,0.79971,0.20228,0,0.66528,12.849,1,0.526543,0.36288,0,81.1702,4.42756,76.579,0.84672,12.849,0.84672,3695.15,0,36.966,0.402689,0.956621,1.95682,6.21768,1.09512,7.63331,0.42336,36.966,0.42336,423.524,0,1.02816,0,0,1.98478,0.956621,1.028160,1,0,84.2123,0,0,0,84.2123,0
54.9615,2.0056,0,0,5.55323,0.216756,0.36288,3.6288,46.0763,0.496579,0,0,1.14593,0.195877,0,0.66528,12.849,1,0.495638,0.36288,0,61.9788,4.04807,57.798,0.84672,12.849,0.84672,3695.15,0,36.966,0.402354,0.944551,1.95721,5.318,1.03222,6.78518,0.42336,36.966,0.42336,423.524,0,1.02816,0,0,1.97271,0.944551,1.028160,1,0,64.5831,0,0,0,64.5831,0
58.6795,2.09899,0,0,6.39765,0.217781,0.36288,3.6288,46.575,0.528125,0,0,1.21395,0.187092,0,0.66528,12.849,1,0.490705,0.36288,0,74.075,4.04271,69.9045,0.84672,12.849,0.84672,3695.15,0,36.966,0.423703,1.11082,1.9576,5.0787,1.055,6.66842,0.42336,36.966,0.42336,423.524,0,1.02816,0,0,2.13898,1.11082,1.028160,1,0,76.5729,0,0,0,76.5729,0
59.3505,2.125,0,0,3.37698,0.218119,0.36288,3.6288,46.4754,0.530853,0,0,0.606353,0.175082,0,0.66528,12.849,1,0.465309,0.36288,0,60.0899,4.03557,55.9519,0.84672,12.849,0.84672,3695.15,0,36.966,0.421331,0.978783,2.01505,3.03483,1.08537,4.52196,0.42336,36.966,0.42336,423.524,0,1.02816,0,0,2.00694,0.978783,1.028160,1,0,60.4739,0,0,0,60.4739,0
59.3518,2.12983,0,0,2.71358,0.219537,0.36288,3.6288,46.5174,0.530548,0,0,0.74744,0.174921,0,0.66528,12.849,1,0.461094,0.36288,0,65.8363,4.03557,61.7025,0.84672,12.849,0.84672,3695.15,0,36.966,0.421992,1.03859,2.01544,4.14143,1.08537,5.6881,0.42336,36.966,0.42336,423.524,0,1.02816,0,0,2.06675,1.03859,1.028160,1,0,67.3906,0,0,0,67.3906,0
61.2409,2.13034,0,0,4.62067,0.238415,0.36288,3.6288,47.0439,0.530958,0,0,1.25595,0.198512,0,0.66528,12.849,1,0.461194,0.36288,0,127.971,4.22686,123.646,0.84672,12.849,0.84672,3695.15,0,36.966,0.421937,2.40541,2.01583,7.5331,1.15214,10.3803,0.42336,36.966,0.42336,423.524,0,1.02816,0,0,3.43357,2.40541,1.028160,1,0,134.026,0,0,0,134.026,0
61.8319,2.37597,0,0,3.59794,0.268079,0.36288,3.6288,46.9525,0.644351,0,0,0.78389,0.230938,0,0.66528,12.849,1,0.498504,0.36288,0,72.9461,4.48192,68.3286,0.84672,12.849,0.84672,3695.15,0,36.966,0.506316,1.93518,2.01622,3.48991,1.24116,5.69383,0.42336,36.966,0.42336,423.524,0,1.02816,0,0,2.96334,1.93518,1.028160,1,0,74.0224,0,0,0,74.0224,0
63.782,2.38047,0,0,4.97496,0.281494,0.36288,3.6288,47.4745,0.644022,0,0,1.37024,0.204176,0,0.66528,12.849,1,0.494675,0.36288,0,90.7157,3.25783,87.3261,0.84672,12.849,0.84672,3695.15,0,36.966,0.507043,2.55707,2.22204,6.9396,0.927236,10.2844,0.42336,36.966,0.42336,423.524,0,1.02816,0,0,3.58523,2.55707,1.028160,1,0,97.6105,0,0,0,97.6105,0
65.0473,2.39362,0,0,4.30783,0.286019,0.36288,3.6288,47.6601,0.64738,0,0,1.03808,0.205072,0,0.66528,12.849,1,0.4822,0.36288,0,80.2051,3.25783,76.828,0.84672,12.849,0.84672,3695.15,0,36.966,0.504082,2.18352,2.22247,4.66395,0.927236,7.63862,0.42336,36.966,0.42336,423.524,0,1.02816,0,0,3.21168,2.18352,1.028160,1,0,84.4666,0,0,0,84.4666,0
65.0332,2.40202,0,0,3.03976,0.288954,0.36288,3.6288,47.457,0.64871,0,0,0.650984,0.205391,0,0.66528,12.849,1,0.474478,0.36288,0,56.2214,3.25783,52.852,0.84672,12.849,0.84672,3695.15,0,36.966,0.50315,1.23306,2.22291,4.84602,0.927236,6.8716,0.42336,36.966,0.42336,423.524,0,1.02816,0,0,2.26122,1.23306,1.028160,1,0,59.7236,0,0,0,59.7236,0
65.1937,2.06595,0,0,2.83102,0.24167,0.36288,3.6288,47.4307,0.498668,0,0,0.690349,0.218014,0,0.66528,12.849,1,0.408183,0.36288,0,67.6629,3.35054,64.2671,0.84672,12.849,0.84672,3695.15,0,36.966,0.388431,1.45442,2.22334,4.55145,1.02603,6.81475,0.42336,36.966,0.42336,423.524,0,1.02816,0,0,2.48258,1.45442,1.028160,1,0,71.0819,0,0,0,71.0819,0
70.7551,2.06729,0,0,8.31985,0.328337,0.36288,3.6288,51.3855,0.498739,0,0,4.61325,0.159708,0,0.66528,12.849,1,0.40744,0.36288,0,140.918,2.52903,138.345,0.84672,12.849,0.84672,3695.15,0,36.966,0.388702,5.23158,1.94338,13.1409,0.726422,19.2008,0.42336,36.966,0.42336,423.524,0,1.02816,0,0,6.25974,5.23158,1.028160,1,0,157.546,0,0,0,157.546,0
72.29,2.09489,0,0,6.30137,0.342981,2.32856,3.6288,54.2506,0.516337,0,0,3.5464,0.164996,0,0.66528,12.849,1,0.380428,2.32856,0,134.415,2.52903,133.834,0.84672,12.849,0.84672,3695.15,0,36.966,0.371446,3.81015,1.94376,11.6347,0.726422,16.2908,0.42336,36.966,0.42336,423.524,0,1.02816,0,0,4.83831,3.81015,1.028160,1,0,150.125,0,0,0,150.125,0
72.29,2.10225,0,0,7.66682,0.321047,5.24353,3.6288,57.4324,0.528207,0,0,3.87317,0.163106,0,0.66528,12.849,1,0.373658,5.24353,0,153.194,2.5359,155.528,0.84672,12.849,0.84672,3695.15,0,36.966,0.359917,4.45701,1.94413,10.6828,0.743473,15.9805,0.42336,36.966,0.42336,423.524,0,1.02816,0,0,5.48517,4.45701,1.028160,1,0,171.509,0,0,0,171.509,0
72.29,2.10275,0,0,7.13171,0.321601,4.70736,3.6288,61.0129,0.540547,0,0,4.31943,0.198448,0,0.66528,12.849,1,0.373747,4.70736,0,123.959,3.77445,124.518,0.84672,12.849,0.84672,3695.15,0,36.966,0.34792,5.33467,1.94451,11.4327,0.957931,17.406,0.42336,36.966,0.42336,423.524,0,1.02816,0,0,6.36283,5.33467,1.028160,1,0,141.924,0,0,0,141.924,0
72.29,2.18947,0,0,7.23336,0.294686,4.7492,3.6288,61.308,0.593911,0,0,4.41666,0.17427,3.35334,0.66528,12.849,1,0.389163,4.7492,0,114.74,3.55371,115.546,0.84672,12.849,0.84672,3695.15,0,36.966,0.359834,3.92899,1.94488,9.97298,0.8776,14.6094,0.42336,36.966,0.42336,423.524,0,1.02816,0,0,4.95715,3.92899,1.028160,1,0,133.509,0,0,0,133.509,0
72.29,2.18999,0,0,4.8168,0.276688,2.35012,3.6288,61.308,0.595214,0,0,3.83655,0.169142,3.07219,0.66528,12.849,1,0.389255,2.35012,0,96.7438,3.41156,95.2931,0.84672,12.849,0.84672,3695.15,0,36.966,0.358887,3.03496,2.01446,7.13603,0.880558,10.946,0.42336,36.966,0.42336,423.524,0,1.02816,0,0,4.06312,3.03496,1.028160,1,0,109.311,0,0,0,109.311,0
72.29,2.19051,0,0,4.05928,0.276688,1.59208,3.6288,61.308,0.595436,0,0,3.23975,0.169142,2.47517,0.66528,12.849,1,0.389347,1.59208,0,69.8268,3.41156,67.6179,0.84672,12.849,0.84672,3695.15,0,36.966,0.359021,2.39462,2.01485,5.85164,0.880558,9.02152,0.42336,36.966,0.42336,423.524,0,1.02816,0,0,3.42278,2.39462,1.028160,1,0,79.1146,0,0,0,79.1146,0
72.29,2.19103,0,0,3.93826,0.266402,1.48083,3.6288,61.308,0.595658,0,0,3.12923,0.170483,2.36309,0.66528,12.849,1,0.389439,1.48083,0,72.5259,3.32944,70.2878,0.84672,12.849,0.84672,3695.15,0,36.966,0.359155,2.70327,2.01524,5.08143,0.912813,8.52797,0.42336,36.966,0.42336,423.524,0,1.02816,0,0,3.73143,2.70327,1.028160,1,0,81.1789,0,0,0,81.1789,0
72.29,2.1578,0,0,4.16137,0.229567,1.774,3.6288,61.308,0.580133,0,0,3.04783,0.184616,2.28308,0.66528,12.849,1,0.383533,1.774,0,79.0491,3.43653,77.003,0.84672,12.849,0.84672,3695.15,0,36.966,0.349794,3.20609,2.01562,6.004,1.001,9.87492,0.42336,36.966,0.42336,423.524,0,1.02816,0,0,4.23425,3.20609,1.028160,1,0,89.161,0,0,0,89.161,0
72.29,2.15832,0,0,3.87811,0.201767,1.51802,3.6288,61.308,0.580352,0,0,1.7976,0.211572,1.00567,0.66528,12.849,1,0.383624,1.51802,0,64.8397,4.21743,61.7567,0.84672,12.849,0.84672,3695.15,0,36.966,0.349926,2.20647,1.98906,4.97936,1.01989,7.80509,0.42336,36.966,0.42336,423.524,0,1.02816,0,0,3.23463,2.20647,1.028160,1,0,70.5675,0,0,0,70.5675,0
72.29,2.15883,0,0,3.05415,0.201767,0.693559,3.6288,61.308,0.58057,0,0,1.36161,0.211572,0.56947,0.66528,12.849,1,0.383715,0.693559,0,53.7919,4.21743,49.8843,0.84672,12.849,0.84672,3695.15,0,36.966,0.350058,1.49318,1.98945,3.92412,1.01989,6.03681,0.42336,36.966,0.42336,423.524,0,1.02816,0,0,2.52134,1.49318,1.028160,1,0,56.4906,0,0,0,56.4906,0
72.249,2.15934,0,0,2.683,0.201767,0.36288,3.6288,61.308,0.580789,0,0,1.31198,0.211572,0.519614,0.66528,12.849,1,0.383806,0.36288,0,49.9904,4.21743,45.7521,0.84672,12.849,0.84672,3695.15,0,36.966,0.35019,1.30614,1.98983,3.85097,1.01989,5.77687,0.42336,36.966,0.42336,423.524,0,1.02816,0,0,2.3343,1.30614,1.028160,1,0,52.0486,0,0,0,52.0486,0
72.29,2.27429,0,0,3.04254,0.201704,0.525555,3.6288,61.308,0.636899,0,0,1.36951,0.211572,0.521037,0.66528,12.849,1,0.404468,0.525555,0,56.0559,4.21743,51.9595,0.84672,12.849,0.84672,3695.15,0,36.966,0.384022,1.1371,1.99022,4.45491,1.01989,6.17832,0.42336,36.966,0.42336,423.524,0,1.02816,0,0,2.16526,1.1371,1.028160,1,0,58.6589,0,0,0,58.6589,0
71.9154,2.27502,0,0,2.43131,0.167978,0.36288,3.6288,61.308,0.63713,0,0,1.05428,0.210121,0.207027,0.66528,12.849,1,0.404368,0.36288,0,34.8964,4.28502,30.5698,0.84672,12.849,0.84672,3695.15,0,36.966,0.384161,0.829414,2.08512,2.96236,1.02378,4.46896,0.42336,36.966,0.42336,423.524,0,1.02816,0,0,1.85757,0.829414,1.028160,1,0,35.2458,0,0,0,35.2458,0
71.1652,2.27377,0,0,2.04833,0.161885,0.36288,3.6288,61.308,0.637361,0,0,0.959195,0.20988,0.111955,0.66528,12.849,1,0.406251,0.36288,0,30.1376,4.29629,25.798,0.84672,12.849,0.84672,3695.15,0,36.966,0.3843,0.900979,2.08552,2.82243,1.02442,4.40021,0.42336,36.966,0.42336,423.524,0,1.02816,0,0,1.92914,0.900979,1.028160,1,0,30.3101,0,0,0,30.3101,0
70.2125,2.27068,0,0,1.84181,0.160961,0.36288,3.6288,61.258,0.637592,0,0,0.797507,0.20988,0,0.66528,12.849,1,0.409975,0.36288,0,28.0177,4.29629,23.6743,0.84672,12.849,0.84672,3695.15,0,36.966,0.38444,0.634029,2.08593,2.67251,1.02442,3.9836,0.42336,36.966,0.42336,423.524,0,1.02816,0,0,1.66219,0.634029,1.028160,1,0,27.6579,0,0,0,27.6579,0
69.1604,2.26651,0,0,1.7137,0.136411,0.36288,3.6288,61.1664,0.637627,0,0,0.780512,0.234501,0,0.66528,12.849,1,0.414775,0.36288,0,26.4989,4.78536,21.6616,0.84672,12.849,0.84672,3695.15,0,36.966,0.384774,0.637468,2.08633,2.62127,1.15789,3.80241,0.42336,36.966,0.42336,423.524,0,1.02816,0,0,1.66563,0.637468,1.028160,1,0,25.464,0,0,0,25.464,0
68.3297,2.23918,0,0,1.8874,0.116088,0.36288,3.6288,60.9291,0.66528,0,0,0.677255,0.249343,0,0.66528,12.849,1,0.416008,0.36288,0,29.7728,4.92201,24.7977,0.84672,12.849,0.84672,3695.15,0,36.966,0.406785,0.558999,2.08674,2.59523,1.19607,3.63811,0.42336,36.966,0.42336,423.524,0,1.02816,0,0,1.58716,0.558999,1.028160,1,0,28.4358,0,0,0,28.4358,0
67.5518,2.23545,0,0,1.92845,0.107931,0.36288,3.6288,60.635,0.66528,0,0,0.62398,0.252795,0,0.66528,12.849,1,0.420364,0.36288,0,32.3904,4.87778,27.4552,0.84672,12.849,0.84672,3695.15,0,36.966,0.407165,0.532146,2.12022,2.90454,1.18467,3.96507,0.42336,36.966,0.42336,423.524,0,1.02816,0,0,1.56031,0.532146,1.028160,1,0,31.4202,0,0,0,31.4202,0
66.6061,2.23191,0,0,1.75636,0.107274,0.36288,3.6288,60.3318,0.66528,0,0,0.614486,0.252324,0,0.66528,12.849,1,0.424531,0.36288,0,31.6373,4.87778,26.6978,0.84672,12.849,0.84672,3695.15,0,36.966,0.407546,0.555846,2.12063,2.80172,1.18467,3.88597,0.42336,36.966,0.42336,423.524,0,1.02816,0,0,1.58401,0.555846,1.028160,1,0,30.5838,0,0,0,30.5838,0
65.4923,2.22738,0,0,1.58291,0.106476,0.36288,3.6288,59.9869,0.66528,0,0,0.572218,0.251839,0,0.66528,12.849,1,0.429685,0.36288,0,29.3231,4.87778,24.3785,0.84672,12.849,0.84672,3695.15,0,36.966,0.407927,0.354154,2.12104,2.66761,1.18467,3.5502,0.42336,36.966,0.42336,423.524,0,1.02816,0,0,1.38231,0.354154,1.028160,1,0,27.9287,0,0,0,27.9287,0
64.2077,2.27955,0,0,1.44588,0.0880659,0.36288,3.6288,59.5409,0.66528,0,0,0.520239,0.301024,0,0.66528,12.849,1,0.447227,0.36288,0,25.9534,5.57667,20.2924,0.84672,12.849,0.84672,3695.15,0,36.966,0.452276,0.276981,2.12145,2.5022,1.41881,3.02955,0.42336,36.966,0.42336,423.524,0,1.02816,0,0,1.30514,0.276981,1.028160,1,0,23.322,0,0,0,23.322,0
62.8199,2.27263,0,0,1.3221,0.0744088,0.36288,3.6288,58.8647,0.823817,0,0,0.47248,0.324792,0,0.66528,12.849,1,0.45479,0.36288,0,24.542,6.08359,18.3665,0.84672,12.849,0.84672,3695.15,0,36.966,0.511468,0.261274,2.16878,2.27363,1.5384,2.65382,0.42336,36.966,0.42336,423.524,0,0.810821,0,0,1.07209,0.261274,1.028160,1,0,21.0203,0,0,0,21.0203,0
61.4082,2.26482,0,0,1.28964,0.0735741,0.36288,3.6288,58.215,0.761682,0,0,0.43532,0.323388,0,0.66528,12.849,1,0.46324,0.36288,0,24.5104,6.08359,18.3264,0.84672,12.849,0.84672,3695.15,0,36.966,0.478323,0.261274,2.1692,2.43635,1.5384,2.8501,0.42336,36.966,0.42336,423.524,0,0.906492,0,0,1.16777,0.261274,1.028160,1,0,21.1765,0,0,0,21.1765,0
59.9229,2.25655,0,0,1.20678,0.072725,0.36288,3.6288,57.5273,0.768596,0,0,0.402949,0.322039,0,0.66528,12.849,1,0.472157,0.36288,0,22.1267,6.08359,15.9338,0.84672,12.849,0.84672,3695.15,0,36.966,0.488051,0.227405,2.16962,2.17442,1.5384,2.54499,0.42336,36.966,0.42336,423.524,0,0.89024,0,0,1.11764,0.227405,1.028160,1,0,18.4788,0,0,0,18.4788,0
58.1819,2.41416,0,0,1.10788,0.0717984,0.36288,3.6288,56.7102,0.894992,0,0,0.398523,0.320611,0,0.66528,12.849,1,0.517659,0.36288,0,20.2265,6.08359,13.9881,0.84672,12.849,0.84672,3695.15,0,36.966,0.612673,0.227405,2.17004,2.12667,1.5384,2.37304,0.42336,36.966,0.42336,423.524,0,0.798448,0,0,1.02585,0.227405,1.028160,1,0,16.3612,0,0,0,16.3612,0
56.4703,2.40204,0,0,1.12711,0.0737792,0.36288,3.6288,55.8212,0.949462,0,0,0.391311,0.330916,0,0.66528,12.849,1,0.53047,0.36288,0,17.6867,6.35487,11.1642,0.84672,12.849,0.84672,3695.15,0,36.966,0.618898,0.227405,2.33113,2.34243,1.5769,2.70517,0.42336,36.966,0.42336,423.524,0,0.738177,0,0,0.965582,0.227405,1.028160,1,0,13.8694,0,0,0,13.8694,0
54.3969,2.3895,0,0,0.758748,0.0798089,0.36288,3.6288,54.4911,1.22998,0,0,0.230226,0.330273,0,0.66528,12.849,1,0.543695,0.36288,0,16.5314,6.3587,9.99192,0.84672,12.849,0.84672,3695.15,0,36.966,0.814521,0.227405,2.33158,1.37159,1.57139,1.54467,0.42336,36.966,0.42336,423.524,0,0.262459,0,0,0.489864,0.227405,1.028160,1,0,11.5366,0,0,0,11.5366,0
52.5048,2.37329,0,0,0.922234,0.0781711,0.36288,3.6288,53.5212,1.01266,0,0,0.370138,0.327396,0,0.66528,12.849,1,0.56059,0.36288,0,14.4102,6.3587,7.85382,0.84672,12.849,0.84672,3695.15,0,36.966,0.686977,0.204422,2.33204,1.97629,1.57139,2.25439,0.42336,36.966,0.42336,423.524,0,0.607745,0,0,0.812167,0.204422,1.028160,1,0,10.1082,0,0,0,10.1082,0
50.4464,2.35761,0,0,0.7431,0.080944,0.36288,3.6288,52.3467,1.13751,0,0,0.261932,0.298956,0,0.66528,12.849,1,0.576955,0.36288,0,12.4005,5.61932,6.56708,0.84672,12.849,0.84672,3695.15,0,36.966,0.785654,0.204422,2.33249,1.98145,1.28357,2.44915,0.42336,36.966,0.42336,423.524,0,0.384648,0,0,0.58907,0.204422,1.028160,1,0,9.01623,0,0,0,9.01623,0
48.74,2.26066,0,0,1.01203,0.094916,0.36288,3.6288,51.4562,1.00787,0,0,0.392517,0.275088,0,0.66528,12.849,1,0.575803,0.36288,0,14.0191,4.84842,8.95775,0.84672,12.849,0.84672,3695.15,0,36.966,0.711733,0.204422,2.33295,2.5747,1.10685,3.29349,0.42336,36.966,0.42336,423.524,0,0.492124,0,0,0.696546,0.204422,1.028160,1,0,12.2512,0,0,0,12.2512,0
47.1411,2.24523,0,0,1.11883,0.109643,0.36288,3.6288,51.3,0.66528,0,0,0.780039,0.271004,0,0.66528,12.849,1,0.591895,0.36288,0,18.1781,4.55994,13.3892,0.84672,12.849,0.84672,3695.15,0,36.966,0.518689,0.264522,2.24033,3.26209,1.15905,4.08921,0.42336,36.966,0.42336,423.524,0,1.02816,0,0,1.29268,0.264522,1.028160,1,0,17.4784,0,0,0,17.4784,0
45.4208,2.22998,0,0,0.980338,0.107745,0.36288,3.6288,50.6434,0.868091,0,0,0.482151,0.270661,0,0.66528,12.849,1,0.607813,0.36288,0,18.4565,4.55994,13.6516,0.84672,12.849,0.84672,3695.15,0,36.966,0.625533,0.216518,2.24077,2.57165,1.15905,3.24435,0.42336,36.966,0.42336,423.524,0,0.718908,0,0,0.935427,0.216518,1.028160,1,0,16.896,0,0,0,16.896,0
43.5372,2.21255,0,0,0.797481,0.105703,0.36288,3.6288,49.7889,0.98216,0,0,0.396846,0.269219,0,0.66528,12.849,1,0.625904,0.36288,0,16.9486,4.55994,12.1256,0.84672,12.849,0.84672,3695.15,0,36.966,0.716905,0.216518,2.2412,2.32362,1.15905,2.90538,0.42336,36.966,0.42336,423.524,0,0.513873,0,0,0.730391,0.216518,1.028160,1,0,15.031,0,0,0,15.031,0
42.199,2.12949,0,0,1.31759,0.163386,0.36288,3.6288,49.3672,0.811242,0,0,0.600957,0.211421,0,0.66528,12.849,1,0.628472,0.36288,0,24.1293,3.72942,20.1343,0.84672,12.849,0.84672,3695.15,0,36.966,0.602311,0.216518,2.24164,3.07828,0.899461,4.03467,0.42336,36.966,0.42336,423.524,0,0.711867,0,0,0.928385,0.216518,1.028160,1,0,24.1689,0,0,0,24.1689,0
40.8487,2.11471,0,0,1.3074,0.180105,0.36288,3.6288,49.1124,0.721226,0,0,0.680216,0.213735,0,0.66528,12.849,1,0.6439,0.36288,0,33.718,4.53894,28.8981,0.84672,12.849,0.84672,3695.15,0,36.966,0.540052,0.216518,2.15894,3.44518,1.07501,4.20558,0.42336,36.966,0.42336,423.524,0,0.864527,0,0,1.08105,0.216518,1.028160,1,0,33.1036,0,0,0,33.1036,0
39.4507,2.09901,0,0,1.24119,0.177272,0.36288,3.6288,48.3663,1.00136,0,0,0.468527,0.213286,0,0.66528,12.849,1,0.660247,0.36288,0,30.7966,4.53894,25.9603,0.84672,12.849,0.84672,3695.15,0,36.966,0.753702,0.216518,2.15936,3.08276,1.07501,3.62992,0.42336,36.966,0.42336,423.524,0,0.371134,0,0,0.587652,0.216518,1.028160,1,0,29.5902,0,0,0,29.5902,0
39.3765,2.08185,0,0,2.54488,0.174372,0.36288,3.6288,48.5662,0.622582,0,0,1.03451,0.211972,0,0.66528,12.849,1,0.678055,0.36288,0,47.5704,4.53894,42.7163,0.84672,12.849,0.84672,3695.15,0,36.966,0.475835,0.424863,2.15978,4.40767,1.07501,5.44146,0.42336,36.966,0.42336,423.524,0,1.02816,0,0,1.45302,0.424863,1.028160,1,0,48.1577,0,0,0,48.1577,0
42.014,1.90746,0,0,5.08206,0.174223,0.36288,3.6288,49.8249,0.51985,0,0,1.99084,0.212324,0,0.66528,12.849,1,0.622425,0.36288,0,87.6904,4.53894,82.8919,0.84672,12.849,0.84672,3695.15,0,36.966,0.395682,2.12246,2.1602,7.09115,1.07501,9.90311,0.42336,36.966,0.42336,423.524,0,1.02816,0,0,3.15062,2.12246,1.028160,1,0,92.795,0,0,0,92.795,0
46.5224,1.93784,0,0,7.02737,0.218224,0.36288,3.6288,50.1393,0.525787,0,0,1.03891,0.198734,0,0.66528,12.849,1,0.592642,0.36288,0,74.7032,3.97405,70.4994,0.84672,12.849,0.84672,3695.15,0,36.966,0.390091,1.27826,1.9758,9.79226,0.88626,11.77,0.42336,36.966,0.42336,423.524,0,1.02816,0,0,2.30642,1.27826,1.028160,1,0,82.2693,0,0,0,82.2693,0
48.6642,1.98331,0,0,4.72622,0.238215,0.36288,3.6288,50.2653,0.527395,0,0,0.843281,0.189913,0,0.66528,12.849,1,0.547769,0.36288,0,78.4244,3.83408,74.4055,0.84672,12.849,0.84672,3695.15,0,36.966,0.388831,1.03167,1.97618,6.54612,0.840455,8.32468,0.42336,36.966,0.42336,423.524,0,1.02816,0,0,2.05983,1.03167,1.028160,1,0,82.7301,0,0,0,82.7301,0
50.0423,2.00286,0,0,3.98763,0.243874,0.36288,3.6288,50.3252,0.528157,0,0,0.778205,0.190109,0,0.66528,12.849,1,0.528822,0.36288,0,71.617,3.83408,67.6169,0.84672,12.849,0.84672,3695.15,0,36.966,0.388416,0.983146,1.97656,6.25342,0.840455,7.98426,0.42336,36.966,0.42336,423.524,0,1.02816,0,0,2.01131,0.983146,1.028160,1,0,75.6012,0,0,0,75.6012,0
51.9416,2.01492,0,0,4.52294,0.245855,0.36288,3.6288,50.3201,0.528624,0,0,0.728101,0.204561,0,0.66528,12.849,1,0.517357,0.36288,0,86.3775,4.21289,82.0102,0.84672,12.849,0.84672,3695.15,0,36.966,0.388297,0.731359,1.97694,6.94425,1.01256,8.25169,0.42336,36.966,0.42336,423.524,0,1.02816,0,0,1.75952,0.731359,1.028160,1,0,90.2619,0,0,0,90.2619,0
52.396,2.03009,0,0,3.08558,0.238112,0.36288,3.6288,50.2499,0.528601,0,0,0.674499,0.216131,0,0.66528,12.849,1,0.502191,0.36288,0,79.9667,4.57599,75.2514,0.84672,12.849,0.84672,3695.15,0,36.966,0.388319,0.647205,1.97732,5.68066,1.25387,6.663,0.42336,36.966,0.42336,423.524,0,1.02816,0,0,1.67537,0.647205,1.028160,1,0,81.9144,0,0,0,81.9144,0
54.1988,2.10539,0,0,4.48894,0.217925,0.36288,3.6288,50.343,0.559093,0,0,0.807443,0.155248,0,0.66528,12.849,1,0.5163,0.36288,0,85.0547,3.11619,81.7851,0.84672,12.849,0.84672,3695.15,0,36.966,0.411293,1.37562,1.97732,6.69332,0.781495,8.85347,0.42336,36.966,0.42336,423.524,0,1.02816,0,0,2.40378,1.37562,1.028160,1,0,90.6386,0,0,0,90.6386,0
56.2394,2.11975,0,0,4.74525,0.221977,0.36288,3.6288,51.2577,0.55973,0,0,1.62977,0.155366,0,0.66528,12.849,1,0.502532,0.36288,0,87.4152,3.11619,84.1594,0.84672,12.849,0.84672,3695.15,0,36.966,0.411,2.50758,2.03538,7.13543,0.781495,10.4859,0.42336,36.966,0.42336,423.524,0,1.02816,0,0,3.53574,2.50758,1.028160,1,0,94.6453,0,0,0,94.6453,0
57.844,2.13507,0,0,4.32908,0.226563,0.36288,3.6288,52.0622,0.564191,0,0,1.5252,0.156527,0,0.66528,12.849,1,0.487799,0.36288,0,111.328,3.11619,108.087,0.84672,12.849,0.84672,3695.15,0,36.966,0.406883,2.46835,2.03576,8.7048,0.781495,12.0205,0.42336,36.966,0.42336,423.524,0,1.02816,0,0,3.49651,2.46835,1.028160,1,0,120.108,0,0,0,120.108,0
58.2486,2.14663,0,0,3.14429,0.23017,0.36288,3.6288,52.5437,0.568068,0,0,1.20715,0.157549,0,0.66528,12.849,1,0.476835,0.36288,0,85.4168,3.11619,82.1866,0.84672,12.849,0.84672,3695.15,0,36.966,0.403349,1.64139,2.03613,6.51525,0.781495,9.00793,0.42336,36.966,0.42336,423.524,0,1.02816,0,0,2.66955,1.64139,1.028160,1,0,91.1946,0,0,0,91.1946,0
60.5787,2.38368,0,0,5.32589,0.249234,0.36288,3.6288,53.8999,0.66528,0,0,2.217,0.195469,0,0.66528,12.849,1,0.525814,0.36288,0,120.728,3.70999,116.856,0.84672,12.849,0.84672,3695.15,0,36.966,0.506074,5.545,2.03651,10.9498,1.13651,16.8887,0.42336,36.966,0.42336,423.524,0,1.02816,0,0,6.57316,5.545,1.028160,1,0,133.744,0,0,0,133.744,0
64.244,2.40091,0,0,6.67839,0.249339,0.36288,3.6288,55.2957,0.66528,0,0,2.26366,0.202654,0,0.66528,12.849,1,0.509242,0.36288,0,150.014,3.86011,146.007,0.84672,12.849,0.84672,3695.15,0,36.966,0.506458,9.34623,2.24458,15.6548,1.17016,25.569,0.42336,36.966,0.42336,423.524,0,1.02816,0,0,10.3744,9.34623,1.028160,1,0,171.576,0,0,0,171.576,0
65.7679,2.42566,0,0,4.56942,0.25695,0.36288,3.6288,56.1641,0.66528,0,0,1.73826,0.20453,0,0.66528,12.849,1,0.48514,0.36288,0,152.539,3.86011,148.557,0.84672,12.849,0.84672,3695.15,0,36.966,0.506843,3.16221,2.245,9.60733,1.17016,13.3375,0.42336,36.966,0.42336,423.524,0,1.02816,0,0,4.19037,3.16221,1.028160,1,0,161.894,0,0,0,161.894,0
66.2902,2.43561,0,0,3.57524,0.254488,0.36288,3.6288,56.5473,0.66528,0,0,1.23662,0.188107,0,0.66528,12.849,1,0.475842,0.36288,0,97.9871,3.51318,94.361,0.84672,12.849,0.84672,3695.15,0,36.966,0.507228,1.87752,2.24542,6.19362,1.04088,8.76845,0.42336,36.966,0.42336,423.524,0,1.02816,0,0,2.90568,1.87752,1.028160,1,0,103.129,0,0,0,103.129,0
67.9179,2.09799,0,0,4.37728,0.288677,0.36288,3.6288,57.6826,0.547143,0,0,1.86871,0.186299,0,0.66528,12.849,1,0.406653,0.36288,0,101.418,3.87444,97.4998,0.84672,12.849,0.84672,3695.15,0,36.966,0.357677,3.33215,2.24584,6.00623,1.03513,10.1914,0.42336,36.966,0.42336,423.524,0,1.02816,0,0,4.36031,3.33215,1.028160,1,0,107.691,0,0,0,107.691,0
71.0157,2.10666,0,0,5.87618,0.308842,0.36288,3.6288,59.7891,0.551634,0,0,2.83321,0.17512,0,0.66528,12.849,1,0.398548,0.36288,0,104.363,3.75228,100.575,0.84672,12.849,0.84672,3695.15,0,36.966,0.353516,5.52187,1.96279,11.9453,1.01168,18.0648,0.42336,36.966,0.42336,423.524,0,1.02816,0,0,6.55003,5.52187,1.028160,1,0,118.639,0,0,0,118.639,0
72.29,2.12187,0,0,4.30864,0.31635,0.596118,3.6288,61.308,0.559535,0,0,2.53055,0.177506,0.274581,0.66528,12.849,1,0.383913,0.596118,0,101.117,3.75228,97.5773,0.84672,12.849,0.84672,3695.15,0,36.966,0.345946,5.58993,1.96315,7.51173,1.01168,13.7072,0.42336,36.966,0.42336,423.524,0,1.02816,0,0,6.61809,5.58993,1.028160,1,0,111.559,0,0,0,111.559,0
72.29,2.1281,0,0,8.33401,0.296782,5.90913,3.6288,61.308,0.565088,0,0,3.88617,0.167195,3.15389,0.66528,12.849,1,0.378253,5.90913,0,131.451,3.57789,133.404,0.84672,12.849,0.84672,3695.15,0,36.966,0.340723,8.94332,1.96351,17.8013,0.98663,27.3808,0.42336,36.966,0.42336,423.524,0,1.02816,0,0,9.97148,8.94332,1.028160,1,0,163.938,0,0,0,163.938,0
72.29,2.12858,0,0,5.63213,0.340156,3.16339,3.6288,61.308,0.565294,0,0,3.53493,0.186185,2.78346,0.66528,12.849,1,0.378339,3.16339,0,113.318,3.77646,112.327,0.84672,12.849,0.84672,3695.15,0,36.966,0.340847,6.54474,1.96388,9.75269,1.006,16.9145,0.42336,36.966,0.42336,423.524,0,1.02816,0,0,7.5729,6.54474,1.028160,1,0,132.025,0,0,0,132.025,0
72.29,2.21624,0,0,3.6045,0.334316,1.05395,3.6288,61.308,0.606454,0,0,2.10111,0.148447,1.34621,0.66528,12.849,1,0.393919,1.05395,0,48.45,3.45188,45.6582,0.84672,12.849,0.84672,3695.15,0,36.966,0.365665,2.06358,1.96424,5.19209,0.89705,7.95719,0.42336,36.966,0.42336,423.524,0,1.02816,0,0,3.09174,2.06358,1.028160,1,0,54.9616,0,0,0,54.9616,0
72.29,2.21674,0,0,3.43439,0.334316,0.883337,3.6288,61.308,0.606669,0,0,2.35241,0.148447,1.5973,0.66528,12.849,1,0.394008,0.883337,0,45.9258,3.45188,42.9633,0.84672,12.849,0.84672,3695.15,0,36.966,0.365795,2.6318,2.03456,6.00343,0.89705,9.40695,0.42336,36.966,0.42336,423.524,0,1.02816,0,0,3.65996,2.6318,1.028160,1,0,53.9675,0,0,0,53.9675,0
72.29,2.21724,0,0,3.09786,0.278773,0.601851,3.6288,61.308,0.606884,0,0,1.93442,0.185238,1.1423,0.66528,12.849,1,0.394097,0.601851,0,40.8046,3.90678,37.1055,0.84672,12.849,0.84672,3695.15,0,36.966,0.365924,1.9613,2.03494,4.85691,0.982058,7.50516,0.42336,36.966,0.42336,423.524,0,1.02816,0,0,2.98946,1.9613,1.028160,1,0,45.753,0,0,0,45.753,0
72.0921,2.21774,0,0,2.70096,0.318278,0.36288,3.6288,61.308,0.607098,0,0,1.71451,0.192126,0.915288,0.66528,12.849,1,0.394187,0.36288,0,37.0634,4.04332,32.9888,0.84672,12.849,0.84672,3695.15,0,36.966,0.366053,1.61908,2.03531,4.33929,0.995251,6.63239,0.42336,36.966,0.42336,423.524,0,1.02816,0,0,2.64724,1.61908,1.028160,1,0,40.5365,0,0,0,40.5365,0
72.1155,2.18323,0,0,2.81859,0.249066,0.36288,3.6288,61.308,0.591394,0,0,1.02802,0.144667,0.291961,0.66528,12.849,1,0.389117,0.36288,0,48.2413,3.59976,44.6153,0.84672,12.849,0.84672,3695.15,0,36.966,0.356584,1.3975,2.03569,4.02361,0.984612,6.11561,0.42336,36.966,0.42336,423.524,0,1.02816,0,0,2.42566,1.3975,1.028160,1,0,51.0228,0,0,0,51.0228,0
71.6,2.18383,0,0,2.32203,0.290775,0.36288,3.6288,61.308,0.591606,0,0,0.929517,0.165596,0.172315,0.66528,12.849,1,0.389098,0.36288,0,38.792,3.88605,34.8798,0.84672,12.849,0.84672,3695.15,0,36.966,0.356712,1.02244,2.00882,3.48938,1.01375,5.15019,0.42336,36.966,0.42336,423.524,0,1.02816,0,0,2.0506,1.02244,1.028160,1,0,40.2023,0,0,0,40.2023,0
70.9931,2.18195,0,0,2.12973,0.191838,0.36288,3.6288,61.3008,0.591817,0,0,0.795995,0.211374,0,0.66528,12.849,1,0.391562,0.36288,0,35.4144,4.28967,31.0961,0.84672,12.849,0.84672,3695.15,0,36.966,0.35684,0.857727,2.00919,3.25204,1.03785,4.72427,0.42336,36.966,0.42336,423.524,0,1.02816,0,0,1.88589,0.857727,1.028160,1,0,35.8203,0,0,0,35.8203,0
70.3315,2.1796,0,0,2.07185,0.19095,0.36288,3.6288,61.308,0.592003,0,0,0.878014,0.211364,0.0674502,0.66528,12.849,1,0.394485,0.36288,0,34.2265,4.28967,29.9052,0.84672,12.849,0.84672,3695.15,0,36.966,0.356993,1.06475,2.00956,3.77057,1.03785,5.45004,0.42336,36.966,0.42336,423.524,0,1.02816,0,0,2.09291,1.06475,1.028160,1,0,35.4227,0,0,0,35.4227,0
69.3964,2.29236,0,0,1.91259,0.192497,0.36288,3.6288,61.1165,0.648739,0,0,0.659142,0.201895,0,0.66528,12.849,1,0.418795,0.36288,0,30.5693,4.04073,26.4726,0.84672,12.849,0.84672,3695.15,0,36.966,0.391161,0.64158,2.00994,3.0368,1.04366,4.2535,0.42336,36.966,0.42336,423.524,0,1.02816,0,0,1.66974,0.64158,1.028160,1,0,30.7261,0,0,0,30.7261,0
68.3275,2.28811,0,0,1.74301,0.160845,0.36288,3.6288,60.8739,0.648198,0,0,0.610894,0.205351,0,0.66528,12.849,1,0.423652,0.36288,0,27.0716,4.16871,22.8421,0.84672,12.849,0.84672,3695.15,0,36.966,0.392059,0.557505,2.10585,2.73875,1.00386,4.00619,0.42336,36.966,0.42336,423.524,0,1.02816,0,0,1.58566,0.557505,1.028160,1,0,26.8483,0,0,0,26.8483,0
67.2433,2.28305,0,0,1.72117,0.159511,0.36288,3.6288,60.6849,0.647448,0,0,0.663535,0.205036,0,0.66528,12.849,1,0.429327,0.36288,0,26.1795,4.16871,21.9443,0.84672,12.849,0.84672,3695.15,0,36.966,0.393167,0.524206,2.10624,3.00269,1.00386,4.23611,0.42336,36.966,0.42336,423.524,0,1.02816,0,0,1.55237,0.524206,1.028160,1,0,26.1804,0,0,0,26.1804,0
66.0542,2.27775,0,0,1.60972,0.158158,0.36288,3.6288,60.4455,0.64691,0,0,0.612268,0.20479,0,0.66528,12.849,1,0.435237,0.36288,0,24.489,4.16871,20.2479,0.84672,12.849,0.84672,3695.15,0,36.966,0.394063,0.460166,2.10663,2.63649,1.00386,3.80537,0.42336,36.966,0.42336,423.524,0,1.02816,0,0,1.48833,0.460166,1.028160,1,0,24.0533,0,0,0,24.0533,0
64.6958,2.2717,0,0,1.41761,0.14143,0.36288,3.6288,60.1143,0.646163,0,0,0.547644,0.232639,0,0.66528,12.849,1,0.441895,0.36288,0,22.7177,4.60147,18.0372,0.84672,12.849,0.84672,3695.15,0,36.966,0.395167,0.39185,2.10703,2.71288,1.12539,3.6912,0.42336,36.966,0.42336,423.524,0,1.02816,0,0,1.42001,0.39185,1.028160,1,0,21.7284,0,0,0,21.7284,0
63.215,2.24193,0,0,1.24375,0.119793,0.36288,3.6288,59.6702,0.66528,0,0,0.490784,0.269616,0,0.66528,12.849,1,0.445261,0.36288,0,22.2223,5.1785,16.9614,0.84672,12.849,0.84672,3695.15,0,36.966,0.426234,0.416845,2.10742,2.90434,1.28743,3.71494,0.42336,36.966,0.42336,423.524,0,1.02816,0,0,1.44501,0.416845,1.028160,1,0,20.6763,0,0,0,20.6763,0
61.6595,2.23376,0,0,1.15959,0.118365,0.36288,3.6288,59.2076,0.66528,0,0,0.471571,0.268854,0,0.66528,12.849,1,0.454032,0.36288,0,21.9285,5.1785,16.6588,0.84672,12.849,0.84672,3695.15,0,36.966,0.426602,0.358629,2.14124,2.96772,1.28743,3.75355,0.42336,36.966,0.42336,423.524,0,1.02816,0,0,1.38679,0.358629,1.028160,1,0,20.4124,0,0,0,20.4124,0
60.0054,2.22478,0,0,1.05043,0.116865,0.36288,3.6288,58.7249,0.66528,0,0,0.45062,0.268059,0,0.66528,12.849,1,0.463614,0.36288,0,21.5501,5.1785,16.2708,0.84672,12.849,0.84672,3695.15,0,36.966,0.426971,0.289699,2.14164,2.80361,1.28743,3.52055,0.42336,36.966,0.42336,423.524,0,1.02816,0,0,1.31786,0.289699,1.028160,1,0,19.7914,0,0,0,19.7914,0
58.2733,2.21476,0,0,0.956422,0.110913,0.36288,3.6288,58.1427,0.730338,0,0,0.426162,0.27802,0,0.66528,12.849,1,0.474247,0.36288,0,18.9705,5.31965,13.5395,0.84672,12.849,0.84672,3695.15,0,36.966,0.459731,0.261274,2.14203,2.72113,1.33895,3.32576,0.42336,36.966,0.42336,423.524,0,0.930709,0,0,1.19198,0.261274,1.028160,1,0,16.8652,0,0,0,16.8652,0
56.5181,2.26092,0,0,0.956526,0.0879229,0.36288,3.6288,57.4587,0.797363,0,0,0.415992,0.302673,0,0.66528,12.849,1,0.498521,0.36288,0,19.9375,5.81322,13.9886,0.84672,12.849,0.84672,3695.15,0,36.966,0.506948,0.261274,2.14243,2.1833,1.44526,2.6348,0.42336,36.966,0.42336,423.524,0,0.861278,0,0,1.12255,0.261274,1.028160,1,0,16.6234,0,0,0,16.6234,0
54.7595,2.24881,0,0,0.939522,0.0864223,0.36288,3.6288,56.7926,0.773542,0,0,0.408753,0.301337,0,0.66528,12.849,1,0.51125,0.36288,0,18.6148,5.81322,12.6532,0.84672,12.849,0.84672,3695.15,0,36.966,0.497657,0.261274,2.19025,2.21711,1.44526,2.72572,0.42336,36.966,0.42336,423.524,0,0.894767,0,0,1.15604,0.261274,1.028160,1,0,15.3789,0,0,0,15.3789,0
52.8928,2.23601,0,0,0.817033,0.0849188,0.36288,3.6288,56.0678,0.808826,0,0,0.384134,0.300037,0,0.66528,12.849,1,0.524666,0.36288,0,17.6116,5.81322,11.6366,0.84672,12.849,0.84672,3695.15,0,36.966,0.526461,0.227405,2.19066,2.15758,1.44526,2.60392,0.42336,36.966,0.42336,423.524,0,0.831056,0,0,1.05846,0.227405,1.028160,1,0,14.2405,0,0,0,14.2405,0
50.9773,2.22161,0,0,0.752354,0.0833228,0.36288,3.6288,55.3078,0.837767,0,0,0.376375,0.298622,0,0.66528,12.849,1,0.539686,0.36288,0,16.6101,5.81322,10.6201,0.84672,12.849,0.84672,3695.15,0,36.966,0.552347,0.227405,2.19107,2.13574,1.44526,2.5566,0.42336,36.966,0.42336,423.524,0,0.776606,0,0,1.00401,0.227405,1.028160,1,0,13.1767,0,0,0,13.1767,0
48.7355,2.36936,0,0,0.563828,0.073386,0.36288,3.6288,54.278,1.04121,0,0,0.317531,0.30609,0,0.66528,12.849,1,0.597206,0.36288,0,12.7373,5.99601,6.50701,0.84672,12.849,0.84672,3695.15,0,36.966,0.695912,0.227405,2.19148,1.8742,1.46376,2.1334,0.42336,36.966,0.42336,423.524,0,0.590519,0,0,0.817924,0.227405,1.028160,1,0,8.64042,0,0,0,8.64042,0
46.4624,2.34815,0,0,0.517426,0.0794565,0.36288,3.6288,53.1985,1.07193,0,0,0.294389,0.302026,0,0.66528,12.849,1,0.619084,0.36288,0,10.9696,5.87139,4.84201,0.84672,12.849,0.84672,3695.15,0,36.966,0.730038,0.227405,2.35427,1.60261,1.42535,2.0289,0.42336,36.966,0.42336,423.524,0,0.52608,0,0,0.753485,0.227405,1.028160,1,0,6.87091,0,0,0,6.87091,0
44.1232,2.32494,0,0,0.426092,0.0775014,0.36288,3.6288,52.0535,1.10162,0,0,0.25623,0.29962,0,0.66528,12.849,1,0.642953,0.36288,0,13.6181,5.87139,7.46665,0.84672,12.849,0.84672,3695.15,0,36.966,0.765479,0.204422,2.35471,1.42978,1.42535,1.79809,0.42336,36.966,0.42336,423.524,0,0.461366,0,0,0.665788,0.204422,1.028160,1,0,9.26474,0,0,0,9.26474,0
41.8572,2.29905,0,0,0.471365,0.0754894,0.36288,3.6288,51.1369,0.971677,0,0,0.351978,0.29688,0,0.66528,12.849,1,0.669501,0.36288,0,11.6756,5.87139,5.49757,0.84672,12.849,0.84672,3695.15,0,36.966,0.690041,0.204422,2.35515,1.7086,1.42535,2.15279,0.42336,36.966,0.42336,423.524,0,0.667152,0,0,0.871575,0.204422,1.028160,1,0,7.65036,0,0,0,7.65036,0
39.5527,2.27183,0,0,0.407237,0.0769604,0.36288,3.6288,50.0487,1.04741,0,0,0.27006,0.310793,0,0.66528,12.849,1,0.697389,0.36288,0,10.5246,5.96559,4.22454,0.84672,12.849,0.84672,3695.15,0,36.966,0.757153,0.204422,2.35559,1.74544,1.48065,2.06765,0.42336,36.966,0.42336,423.524,0,0.524722,0,0,0.729144,0.204422,1.028160,1,0,6.29219,0,0,0,6.29219,0
37.2317,2.1663,0,0,0.305896,0.0977362,0.36288,3.6288,48.8798,1.09442,0,0,0.260654,0.335203,0,0.66528,12.147,1,0.703739,0.36288,0,6.22404,6.09066,3.20544,0.84672,12.147,0.84672,3692.44,0,36.966,0.808338,0.204422,2.35603,1.37314,1.58098,1.54428,0.42336,36.966,0.42336,423.524,0,0.329392,0,0,0.533815,0.204422,1.028160,1,0,4.74972,0,0,0,4.74972,0
34.9453,2.1645,0,0,0.371429,0.130457,0.36288,3.6288,47.7582,1.08546,0,0,0.264248,0.300413,0,0.66528,11.4415,1,0.706177,0.36288,0,5.65038,5.81459,3.20544,0.84672,11.4415,0.84672,3689.43,0,36.966,0.820894,0.216518,2.2624,1.01591,1.48615,1.18778,0.42336,36.966,0.42336,423.524,0,0.326187,0,0,0.542705,0.216518,1.028160,1,0,4.39322,0,0,0,4.39322,0
32.8633,2.1631,0,0,0.570946,0.126934,0.36288,3.6288,47.0594,0.847497,0,0,0.446325,0.297625,0,0.66528,10.7507,1,0.708224,0.36288,0,10.4846,5.81459,3.20544,0.84672,10.7507,0.84672,3691.24,0,36.966,0.655984,0.216518,2.26283,1.96398,1.48615,2.30119,0.42336,36.966,0.42336,423.524,0,0.729449,0,0,0.945968,0.216518,1.028160,1,0,5.50663,0,0,0,5.50663,0
30.6881,2.16404,0,0,0.47545,0.123726,0.36288,3.6288,46.1645,0.953614,0,0,0.354627,0.295889,0,0.66528,12.849,1,0.707929,0.36288,0,15.558,5.81459,3.39165,0.84672,12.849,0.84672,3695.15,0,36.966,0.749081,0.216518,2.26325,1.38274,1.48615,1.62727,0.42336,36.966,0.42336,423.524,0,0.530626,0,0,0.747144,0.216518,1.028160,1,0,5.01892,0,0,0,5.01892,0
29.1665,1.96701,0,0,0.98678,0.178485,0.36288,3.6288,45.4915,0.806353,0,0,0.356032,0.222685,0,0.66528,12.849,1,0.823579,0.36288,0,14.9615,4.55922,9.94154,0.84672,12.849,0.84672,3695.15,0,36.966,0.645684,0.216518,2.26367,2.7193,1.14923,3.40458,0.42336,36.966,0.42336,423.524,0,0.692816,0,0,0.909334,0.216518,1.028160,1,0,13.3461,0,0,0,13.3461,0
27.5575,1.93762,0,0,0.862445,0.170947,0.36288,3.6288,44.888,0.715027,0,0,0.327015,0.215444,0,0.66528,12.849,1,0.853597,0.36288,0,12.2421,4.36517,7.38622,0.84672,12.849,0.84672,3695.15,0,36.966,0.581025,0.216518,2.18007,2.94917,1.08626,3.67847,0.42336,36.966,0.42336,423.524,0,0.849174,0,0,1.06569,0.216518,1.028160,1,0,11.0647,0,0,0,11.0647,0
27.3164,1.90405,0,0,2.193,0.167221,0.36288,3.6288,45.108,0.612793,0,0,1.04697,0.214234,0,0.66528,12.849,1,0.887786,0.36288,0,34.1548,4.36517,29.2647,0.84672,12.849,0.84672,3695.15,0,36.966,0.504645,2.21463,2.18047,6.8923,1.08626,9.6965,0.42336,36.966,0.42336,423.524,0,1.02816,0,0,3.24279,2.21463,1.028160,1,0,38.9612,0,0,0,38.9612,0
27.4541,1.89915,0,0,2.5806,0.180879,0.36288,3.6288,45.6432,0.614351,0,0,1.35041,0.200805,0,0.66528,12.849,1,0.893317,0.36288,0,40.7501,4.14751,36.0722,0.84672,12.849,0.84672,3695.15,0,36.966,0.503461,1.08721,2.18088,6.9828,1.02461,8.72282,0.42336,36.966,0.42336,423.524,0,1.02816,0,0,2.11537,1.08721,1.028160,1,0,44.795,0,0,0,44.795,0
26.916,1.74383,0,0,1.75339,0.184718,0.36288,3.6288,45.7164,0.515482,0,0,0.798906,0.210225,0,0.66528,12.849,1,0.816142,0.36288,0,26.9724,3.91168,22.6075,0.84672,12.849,0.84672,3695.15,0,36.966,0.417484,1.09258,2.18129,5.11623,0.860828,7.11178,0.42336,36.966,0.42336,423.524,0,1.02816,0,0,2.12074,1.09258,1.028160,1,0,29.7193,0,0,0,29.7193,0
26.9514,1.73317,0,0,2.31281,0.18141,0.36288,3.6288,45.5442,0.516037,0,0,0.541903,0.198123,0,0.66528,12.849,1,0.827372,0.36288,0,36.7946,4.04061,32.2895,0.84672,12.849,0.84672,3695.15,0,36.966,0.417264,1.03879,1.9949,5.28009,0.982853,6.91366,0.42336,36.966,0.42336,423.524,0,1.02816,0,0,2.06695,1.03879,1.028160,1,0,39.2031,0,0,0,39.2031,0
27.2405,1.7343,0,0,2.56782,0.181499,0.36288,3.6288,45.1773,0.613915,0,0,0.444833,0.197806,0,0.66528,12.849,1,0.826824,0.36288,0,41.1975,4.04061,36.693,0.84672,12.849,0.84672,3695.15,0,36.966,0.498285,0.412474,1.99527,4.03853,0.982853,4.96514,0.42336,36.966,0.42336,423.524,0,0.849597,0,0,1.26207,0.412474,1.028160,1,0,41.6581,0,0,0,41.6581,0
28.4968,1.69717,0,0,3.49854,0.182232,0.36288,3.6288,45.5929,0.493268,0,0,1.10598,0.19713,0,0.66528,12.849,1,0.800532,0.36288,0,56.3879,4.04061,51.9097,0.84672,12.849,0.84672,3695.15,0,36.966,0.403614,0.450498,1.99564,4.65221,0.982853,5.71188,0.42336,36.966,0.42336,423.524,0,1.02816,0,0,1.47866,0.450498,1.028160,1,0,57.6215,0,0,0,57.6215,0
29.1858,1.54539,0,0,2.78072,0.183424,0.36288,3.6288,46.0672,0.413532,0,0,1.08518,0.197339,0,0.66528,12.849,1,0.696805,0.36288,0,48.3001,4.07767,43.8885,0.84672,12.849,0.84672,3695.15,0,36.966,0.335285,0.720058,1.95536,5.47724,0.995957,6.82141,0.42336,36.966,0.42336,423.524,0,1.02816,0,0,1.74822,0.720058,1.028160,1,0,50.7099,0,0,0,50.7099,0
30.4055,1.61252,0,0,3.36821,0.173081,0.36288,3.6288,46.0325,0.442067,0,0,0.602281,0.194859,0,0.66528,12.849,1,0.709908,0.36288,0,65.1051,4.30007,60.458,0.84672,12.849,0.84672,3695.15,0,36.966,0.354731,0.869193,1.79308,5.95426,1.07458,7.18723,0.42336,36.966,0.42336,423.524,0,1.02816,0,0,1.89735,0.869193,1.028160,1,0,67.6452,0,0,0,67.6452,0
32.4691,1.63289,0,0,4.2353,0.17594,0.36288,3.6288,46.4642,0.442082,0,0,1.06855,0.194796,0,0.66528,12.849,1,0.690041,0.36288,0,79.6487,4.30007,75.0215,0.84672,12.849,0.84672,3695.15,0,36.966,0.35501,1.3864,1.84518,7.49477,1.07458,9.29676,0.42336,36.966,0.42336,423.524,0,1.02816,0,0,2.41456,1.3864,1.028160,1,0,84.3182,0,0,0,84.3182,0
33.5945,1.66468,0,0,3.33357,0.180662,0.36288,3.6288,47.0541,0.444083,0,0,1.22953,0.195575,0,0.66528,12.849,1,0.658763,0.36288,0,69.1146,4.30007,64.5187,0.84672,12.849,0.84672,3695.15,0,36.966,0.353304,1.67937,1.84551,5.89334,1.07458,7.99032,0.42336,36.966,0.42336,423.524,0,1.02816,0,0,2.70753,1.67937,1.028160,1,0,72.509,0,0,0,72.509,0
33.9418,1.68101,0,0,2.57441,0.183207,0.36288,3.6288,47.4579,0.446729,0,0,1.04714,0.196592,0,0.66528,12.849,1,0.642942,0.36288,0,42.9875,4.30007,38.4073,0.84672,12.849,0.84672,3695.15,0,36.966,0.350953,1.34632,1.84583,5.06671,1.07458,6.83333,0.42336,36.966,0.42336,423.524,0,1.02816,0,0,2.37448,1.34632,1.028160,1,0,45.2407,0,0,0,45.2407,0
33.5644,1.87201,0,0,2.07134,0.213804,0.36288,3.6288,47.4309,0.549285,0,0,0.695837,0.17358,0,0.66528,12.849,1,0.708668,0.36288,0,38.31,3.94352,34.0207,0.84672,12.849,0.84672,3695.15,0,36.966,0.427851,0.951143,1.84615,5.56993,1.02511,6.91427,0.42336,36.966,0.42336,423.524,0,1.02816,0,0,1.9793,0.951143,1.028160,1,0,40.935,0,0,0,40.935,0
33.758,1.86665,0,0,2.6478,0.224681,0.36288,3.6288,47.611,0.549334,0,0,0.893532,0.164072,0,0.66528,12.849,1,0.714584,0.36288,0,47.3844,3.80089,43.2318,0.84672,12.849,0.84672,3695.15,0,36.966,0.428132,2.10499,2.03291,8.62644,1.00532,11.3309,0.42336,36.966,0.42336,423.524,0,1.02816,0,0,3.13315,2.10499,1.028160,1,0,54.5627,0,0,0,54.5627,0
34.6121,1.87002,0,0,3.31225,0.225218,0.36288,3.6288,47.8173,0.550431,0,0,0.921119,0.164319,0,0.66528,12.849,1,0.71177,0.36288,0,61.1205,3.80089,56.9707,0.84672,12.849,0.84672,3695.15,0,36.966,0.427364,1.77031,2.03327,7.93161,1.00532,10.3025,0.42336,36.966,0.42336,423.524,0,1.02816,0,0,2.79847,1.77031,1.028160,1,0,67.2732,0,0,0,67.2732,0
34.8402,1.88324,0,0,2.68108,0.206876,0.36288,3.6288,47.9623,0.551657,0,0,0.870566,0.173946,0,0.66528,12.849,1,0.699112,0.36288,0,47.3608,3.73842,43.2861,0.84672,12.849,0.84672,3695.15,0,36.966,0.426468,1.30799,2.03363,7.18062,0.963481,9.13229,0.42336,36.966,0.42336,423.524,0,1.02816,0,0,2.33615,1.30799,1.028160,1,0,52.4184,0,0,0,52.4184,0
36.9215,1.6198,0,0,4.28364,0.219725,0.36288,3.6288,48.2745,0.416684,0,0,0.882196,0.153339,0,0.66528,12.849,1,0.597379,0.36288,0,54.3904,3.61048,50.5454,0.84672,12.849,0.84672,3695.15,0,36.966,0.321151,1.75435,2.03399,7.8719,0.881668,10.4574,0.42336,36.966,0.42336,423.524,0,1.02816,0,0,2.78251,1.75435,1.028160,1,0,61.0028,0,0,0,61.0028,0
39.0715,1.64514,0,0,4.37586,0.217774,0.36288,3.6288,48.7939,0.418021,0,0,1.10913,0.171737,0,0.66528,12.849,1,0.572524,0.36288,0,60.5231,3.56632,56.7471,0.84672,12.849,0.84672,3695.15,0,36.966,0.320098,2.40014,1.77991,9.417,0.914358,12.3626,0.42336,36.966,0.42336,423.524,0,1.02816,0,0,3.4283,2.40014,1.028160,1,0,69.1097,0,0,0,69.1097,0
42.8342,1.66922,0,0,6.01811,0.223325,0.36288,3.6288,49.4208,0.420121,0,0,1.21956,0.172479,0,0.66528,12.849,1,0.548937,0.36288,0,92.1145,3.56632,88.3621,0.84672,12.849,0.84672,3695.15,0,36.966,0.318281,2.42865,1.78022,11.2921,0.914358,14.2684,0.42336,36.966,0.42336,423.524,0,1.02816,0,0,3.45681,2.42865,1.028160,1,0,102.63,0,0,0,102.63,0
47.1217,1.70669,0,0,6.58931,0.232226,0.36288,3.6288,49.9091,0.422593,0,0,1.09191,0.181031,0,0.66528,12.849,1,0.511956,0.36288,0,86.4492,3.75144,82.5487,0.84672,12.849,0.84672,3695.15,0,36.966,0.316093,2.72621,1.78053,11.9248,0.964816,15.1507,0.42336,36.966,0.42336,423.524,0,1.02816,0,0,3.75437,2.72621,1.028160,1,0,97.6994,0,0,0,97.6994,0
51.1484,1.74367,0,0,6.37179,0.238555,0.36288,3.6288,50.803,0.424532,0,0,1.53504,0.216599,0,0.66528,12.849,1,0.475459,0.36288,0,82.601,4.72149,77.7669,0.84672,12.849,0.84672,3695.15,0,36.966,0.314437,3.35605,1.78084,14.2306,1.20079,17.8523,0.42336,36.966,0.42336,423.524,0,1.02816,0,0,4.38421,3.35605,1.028160,1,0,95.6192,0,0,0,95.6192,0
53.777,1.84763,0,0,5.09382,0.254746,0.36288,3.6288,51.4747,0.462004,0,0,1.32343,0.189755,0,0.66528,12.849,1,0.464142,0.36288,0,80.3097,4.36989,75.8385,0.84672,12.849,0.84672,3695.15,0,36.966,0.33617,2.72554,1.78115,9.49735,1.03385,12.634,0.42336,36.966,0.42336,423.524,0,1.02816,0,0,3.7537,2.72554,1.028160,1,0,88.4725,0,0,0,88.4725,0
54.8646,1.86635,0,0,3.57855,0.261742,0.36288,3.6288,51.8155,0.464729,0,0,0.996356,0.190792,0,0.66528,12.849,1,0.445928,0.36288,0,47.1783,4.36989,42.7253,0.84672,12.849,0.84672,3695.15,0,36.966,0.33374,1.50238,1.84425,7.80805,1.03385,9.7871,0.42336,36.966,0.42336,423.524,0,1.02816,0,0,2.53054,1.50238,1.028160,1,0,52.5124,0,0,0,52.5124,0
55.3567,1.87392,0,0,2.9936,0.264637,0.36288,3.6288,51.9957,0.466182,0,0,0.837691,0.191319,0,0.66528,12.849,1,0.438862,0.36288,0,41.1238,4.36989,36.6779,0.84672,12.849,0.84672,3695.15,0,36.966,0.332582,1.23616,1.84457,7.35489,1.03385,9.06919,0.42336,36.966,0.42336,423.524,0,1.02816,0,0,2.26432,1.23616,1.028160,1,0,45.7471,0,0,0,45.7471,0
56.0608,1.8775,0,0,3.14366,0.199272,0.36288,3.6288,52.1961,0.467028,0,0,0.836689,0.169281,0,0.66528,12.849,1,0.435791,0.36288,0,46.2093,3.10527,43.0311,0.84672,12.849,0.84672,3695.15,0,36.966,0.332031,1.10718,1.8449,7.13759,0.888329,8.86931,0.42336,36.966,0.42336,423.524,0,1.02816,0,0,2.13534,1.10718,1.028160,1,0,51.9004,0,0,0,51.9004,0
56.8841,1.85303,0,0,3.2783,0.239089,0.36288,3.6288,52.2423,0.45454,0,0,0.714459,0.213699,0,0.66528,12.849,1,0.424709,0.36288,0,48.8704,5.13281,43.6758,0.84672,12.849,0.84672,3695.15,0,36.966,0.321912,0.968414,1.84522,5.64748,1.14116,6.99804,0.42336,36.966,0.42336,423.524,0,1.02816,0,0,1.99657,0.968414,1.028160,1,0,50.6738,0,0,0,50.6738,0
57.6403,1.85845,0,0,3.17002,0.192479,0.36288,3.6288,52.2736,0.454877,0,0,0.694068,0.207925,0,0.66528,12.849,1,0.419787,0.36288,0,55.0045,4.52992,50.4177,0.84672,12.849,0.84672,3695.15,0,36.966,0.321865,0.860475,1.82109,5.36274,1.07027,6.65217,0.42336,36.966,0.42336,423.524,0,1.02816,0,0,1.88863,0.860475,1.028160,1,0,57.0698,0,0,0,57.0698,0
58.0976,1.86336,0,0,2.85803,0.174429,0.36288,3.6288,52.3951,0.45516,0,0,0.778291,0.201587,0,0.66528,12.849,1,0.415375,0.36288,0,46.6133,4.16861,42.3922,0.84672,12.849,0.84672,3695.15,0,36.966,0.321873,0.658921,1.82141,5.11747,1.02869,6.24724,0.42336,36.966,0.42336,423.524,0,1.02816,0,0,1.68708,0.658921,1.028160,1,0,48.6395,0,0,0,48.6395,0
58.4256,1.86645,0,0,2.73247,0.175209,0.36288,3.6288,52.4181,0.455768,0,0,0.680512,0.201784,0,0.66528,12.849,1,0.412787,0.36288,0,40.4582,4.16861,36.2397,0.84672,12.849,0.84672,3695.15,0,36.966,0.321555,0.508637,1.82173,4.78054,1.02869,5.76066,0.42336,36.966,0.42336,423.524,0,1.02816,0,0,1.5368,0.508637,1.028160,1,0,42.0003,0,0,0,42.0003,0
58.4166,1.96916,0,0,2.49388,0.170833,0.36288,3.6288,52.323,0.503687,0,0,0.623795,0.21517,0,0.66528,12.849,1,0.43306,0.36288,0,39.9174,4.70392,35.1433,0.84672,12.849,0.84672,3695.15,0,36.966,0.355208,0.53587,1.82205,4.29631,1.11102,5.18799,0.42336,36.966,0.42336,423.524,0,1.02816,0,0,1.56403,0.53587,1.028160,1,0,40.3313,0,0,0,40.3313,0
57.9533,1.96954,0,0,2.00571,0.13654,0.36288,3.6288,52.1544,0.503489,0,0,0.56979,0.234919,0,0.66528,12.849,1,0.433209,0.36288,0,28.2626,5.28442,22.9079,0.84672,12.849,0.84672,3695.15,0,36.966,0.355713,0.506779,1.90811,3.55029,1.24883,4.36064,0.42336,36.966,0.42336,423.524,0,1.02816,0,0,1.53494,0.506779,1.028160,1,0,27.2685,0,0,0,27.2685,0
57.1885,2.19,0,0,1.88342,0.0953413,0.36288,3.6288,51.8376,0.596356,0,0,0.527318,0.247795,0,0.66528,12.849,1,0.485551,0.36288,0,22.6469,5.5231,17.0011,0.84672,12.849,0.84672,3695.15,0,36.966,0.422685,0.335742,1.90845,3.42763,1.35025,3.89889,0.42336,36.966,0.42336,423.524,0,1.02816,0,0,1.3639,0.335742,1.028160,1,0,20.9,0,0,0,20.9,0
56.3448,2.24076,0,0,1.85457,0.09463,0.36288,3.6288,51.5002,0.61833,0,0,0.528117,0.247163,0,0.66528,12.849,1,0.50345,0.36288,0,21.2954,5.5231,15.6317,0.84672,12.849,0.84672,3695.15,0,36.966,0.440939,0.363096,2.08307,3.28005,1.35025,3.93502,0.42336,36.966,0.42336,423.524,0,1.02816,0,0,1.39126,0.363096,1.028160,1,0,19.5667,0,0,0,19.5667,0
55.2007,2.2351,0,0,1.54966,0.0958439,0.36288,3.6288,51.1528,0.61685,0,0,0.50933,0.239884,0,0.66528,12.849,1,0.509698,0.36288,0,22.5329,5.36882,17.0173,0.84672,12.849,0.84672,3695.15,0,36.966,0.442765,0.517959,2.12701,2.99522,1.29872,3.89871,0.42336,36.966,0.42336,423.524,0,1.02816,0,0,1.54612,0.517959,1.028160,1,0,20.916,0,0,0,20.916,0
54.0978,1.93109,0,0,1.29079,0.0996968,0.36288,3.6288,50.9008,0.525435,0,0,0.496208,0.222742,0,0.66528,12.849,1,0.449498,0.36288,0,27.6023,4.98309,22.5326,0.84672,12.849,0.84672,3695.15,0,36.966,0.37971,0.844932,2.12739,2.94411,1.16989,4.36683,0.42336,36.966,0.42336,423.524,0,1.02816,0,0,1.87309,0.844932,1.028160,1,0,26.8994,0,0,0,26.8994,0
52.6998,2.19688,0,0,1.26034,0.0985947,0.36288,3.6288,50.5018,0.643398,0,0,0.466684,0.222287,0,0.66528,12.849,1,0.521792,0.36288,0,25.9732,4.98309,20.8312,0.84672,12.849,0.84672,3695.15,0,36.966,0.467258,0.838287,1.93979,3.04128,1.16989,4.18221,0.42336,36.966,0.42336,423.524,0,1.02816,0,0,1.86645,0.838287,1.028160,1,0,25.0134,0,0,0,25.0134,0
51.2473,2.18623,0,0,1.17366,0.0770295,0.36288,3.6288,50.0601,0.641471,0,0,0.457345,0.25761,0,0.66528,12.849,1,0.533035,0.36288,0,24.6696,5.52602,18.9734,0.84672,12.849,0.84672,3695.15,0,36.966,0.46954,0.734469,2.16193,2.91378,1.35364,3.987,0.42336,36.966,0.42336,423.524,0,1.02816,0,0,1.76263,0.734469,1.028160,1,0,22.9604,0,0,0,22.9604,0
49.6756,2.17461,0,0,1.03427,0.0684454,0.36288,3.6288,49.5895,0.639292,0,0,0.432305,0.263618,0,0.66528,12.849,1,0.545231,0.36288,0,22.6537,6.14998,16.3214,0.84672,12.849,0.84672,3695.15,0,36.966,0.472074,0.730642,2.16231,2.91729,1.57803,3.76014,0.42336,36.966,0.42336,423.524,0,1.02816,0,0,1.7588,0.730642,1.028160,1,0,20.0815,0,0,0,20.0815,0
48.1046,2.21742,0,0,1.07389,0.0646379,0.36288,3.6288,49.1815,0.662653,0,0,0.529191,0.27453,0,0.66528,12.849,1,0.573554,0.36288,0,21.7213,6.00377,15.5069,0.84672,12.849,0.84672,3695.15,0,36.966,0.493968,0.751602,2.1627,2.82215,1.44416,3.79832,0.42336,36.966,0.42336,423.524,0,1.02816,0,0,1.77976,0.751602,1.028160,1,0,19.3052,0,0,0,19.3052,0
46.5587,2.20311,0,0,1.08319,0.0630972,0.36288,3.6288,48.7502,0.660522,0,0,0.504978,0.275795,0,0.66528,12.849,1,0.588464,0.36288,0,28.6351,5.96809,22.4414,0.84672,12.849,0.84672,3695.15,0,36.966,0.496464,0.933803,2.21099,3.09922,1.41766,4.32989,0.42336,36.966,0.42336,423.524,0,1.02816,0,0,1.96196,0.933803,1.028160,1,0,26.7713,0,0,0,26.7713,0
44.9597,2.18827,0,0,1.01423,0.062034,0.36288,3.6288,48.2867,0.65823,0,0,0.46961,0.274813,0,0.66528,12.849,1,0.603906,0.36288,0,22.9912,5.96809,16.7821,0.84672,12.849,0.84672,3695.15,0,36.966,0.499119,0.897428,2.21138,2.7937,1.41766,3.98574,0.42336,36.966,0.42336,423.524,0,1.02816,0,0,1.92559,0.897428,1.028160,1,0,20.7678,0,0,0,20.7678,0
43.2873,2.17203,0,0,0.923443,0.0609344,0.36288,3.6288,47.8031,0.655723,0,0,0.445834,0.273758,0,0.66528,12.849,1,0.620743,0.36288,0,20.9534,5.96809,14.7274,0.84672,12.849,0.84672,3695.15,0,36.966,0.501991,0.601128,2.21178,2.6059,1.41766,3.49916,0.42336,36.966,0.42336,423.524,0,1.02816,0,0,1.62929,0.601128,1.028160,1,0,18.2266,0,0,0,18.2266,0
41.5858,2.31343,0,0,1.02999,0.0551669,0.36288,3.6288,47.3446,0.66528,0,0,0.494459,0.287644,0,0.66528,12.849,1,0.686696,0.36288,0,20.1508,6.15843,13.6686,0.84672,12.849,0.84672,3695.15,0,36.966,0.654989,1.05654,2.21217,3.53743,1.49693,4.65423,0.42336,36.966,0.42336,423.524,0,1.02816,0,0,2.0847,1.05654,1.028160,1,0,18.3228,0,0,0,18.3228,0
39.8551,2.29245,0,0,0.98115,0.0565842,0.36288,3.6288,46.7863,0.66528,0,0,0.407943,0.300987,0,0.66528,12.849,1,0.708311,0.36288,0,18.1648,6.23774,11.5817,0.84672,12.849,0.84672,3695.15,0,36.966,0.655384,0.693222,2.37662,2.47686,1.56777,3.32355,0.42336,36.966,0.42336,423.524,0,1.02816,0,0,1.72138,0.693222,1.028160,1,0,14.9052,0,0,0,14.9052,0
38.0281,2.26967,0,0,0.860993,0.0554351,0.36288,3.6288,46.215,0.66528,0,0,0.393565,0.299579,0,0.66528,12.849,1,0.731727,0.36288,0,23.0907,6.23774,16.4841,0.84672,12.849,0.84672,3695.15,0,36.966,0.65578,0.61655,2.37704,2.3785,1.56777,3.14854,0.42336,36.966,0.42336,423.524,0,1.02816,0,0,1.64471,0.61655,1.028160,1,0,19.6326,0,0,0,19.6326,0
36.2464,2.24388,0,0,0.879336,0.0542735,0.36288,3.6288,45.7031,0.66528,0,0,0.451457,0.298015,0,0.66528,12.849,1,0.758165,0.36288,0,20.0022,6.23774,13.3692,0.84672,12.849,0.84672,3695.15,0,36.966,0.656176,0.709767,2.37747,2.47002,1.56777,3.33331,0.42336,36.966,0.42336,423.524,0,1.02816,0,0,1.73793,0.709767,1.028160,1,0,16.7025,0,0,0,16.7025,0
34.7781,2.21683,0,0,1.16491,0.0535231,0.36288,3.6288,45.2989,0.66528,0,0,0.553191,0.292145,0,0.66528,12.849,1,0.785846,0.36288,0,25.0404,6.10186,18.5155,0.84672,12.849,0.84672,3695.15,0,36.966,0.656572,1.24241,2.3779,3.80559,1.55454,5.21478,0.42336,36.966,0.42336,423.524,0,1.02816,0,0,2.27057,1.24241,1.028160,1,0,23.7303,0,0,0,23.7303,0
33.7618,2.11942,0,0,1.52083,0.0548302,0.36288,3.6288,45.2334,0.66528,0,0,0.86419,0.264392,0,0.66528,12.849,1,0.783035,0.36288,0,54.1036,5.28664,48.3968,0.84672,12.849,0.84672,3695.15,0,36.966,0.558429,1.34779,2.37832,5.68736,1.47512,7.37992,0.42336,36.966,0.42336,423.524,0,1.02816,0,0,2.37595,1.34779,1.028160,1,0,55.7767,0,0,0,55.7767,0
34.273,2.1028,0,0,3.03104,0.0541524,0.36288,3.6288,45.7365,0.66528,0,0,1.4326,0.26423,0,0.66528,12.849,1,0.800279,0.36288,0,58.1087,5.28664,52.3846,0.84672,12.849,0.84672,3695.15,0,36.966,0.558806,3.57757,2.28371,9.30345,1.47512,13.1308,0.42336,36.966,0.42336,423.524,0,1.02816,0,0,4.60573,3.57757,1.028160,1,0,65.5154,0,0,0,65.5154,0
33.1058,2.11193,0,0,1.36217,0.0544934,0.36288,3.6288,45.6441,0.66528,0,0,0.838339,0.265471,0,0.66528,12.849,1,0.791766,0.36288,0,49.9012,5.28664,44.1857,0.84672,12.849,0.84672,3695.15,0,36.966,0.559183,1.48096,2.28412,5.02929,1.47512,6.76006,0.42336,36.966,0.42336,423.524,0,1.02816,0,0,2.50912,1.48096,1.028160,1,0,50.9457,0,0,0,50.9457,0
32.1385,2.09227,0,0,1.54151,0.053715,0.36288,3.6288,45.6963,0.66528,0,0,0.982722,0.265243,0,0.66528,12.849,1,0.812048,0.36288,0,40.0583,5.28664,34.3225,0.84672,12.849,0.84672,3695.15,0,36.966,0.55956,1.3337,2.28453,5.60036,1.47512,7.1839,0.42336,36.966,0.42336,423.524,0,1.02816,0,0,2.36186,1.3337,1.028160,1,0,41.5064,0,0,0,41.5064,0
31.4261,2.01606,0,0,1.80007,0.133544,0.36288,3.6288,45.7393,0.627686,0,0,0.855922,0.185237,0,0.66528,12.849,1,0.806023,0.36288,0,51.3269,3.77106,47.1127,0.84672,12.849,0.84672,3695.15,0,36.966,0.507766,1.13625,2.28494,4.41797,0.995142,6.33624,0.42336,36.966,0.42336,423.524,0,1.02816,0,0,2.16441,1.13625,1.028160,1,0,53.4489,0,0,0,53.4489,0
33.7947,2.00352,0,0,4.85918,0.124181,0.36288,3.6288,46.1857,0.628149,0,0,1.22753,0.152946,0,0.66528,12.849,1,0.819167,0.36288,0,69.0648,3.54942,65.0591,0.84672,12.849,0.84672,3695.15,0,36.966,0.507663,1.94619,2.20047,7.77972,0.874961,10.5438,0.42336,36.966,0.42336,423.524,0,1.02816,0,0,2.97435,1.94619,1.028160,1,0,75.6028,0,0,0,75.6028,0
35.6902,2.04555,0,0,4.43191,0.127911,0.36288,3.6288,46.6059,0.631075,0,0,1.20486,0.15358,0,0.66528,12.849,1,0.777736,0.36288,0,93.9997,3.54942,90.0355,0.84672,12.849,0.84672,3695.15,0,36.966,0.505098,1.55371,2.20086,7.68504,0.874961,10.0595,0.42336,36.966,0.42336,423.524,0,1.02816,0,0,2.58187,1.55371,1.028160,1,0,100.095,0,0,0,100.095,0
39.0793,2.07637,0,0,5.95924,0.130896,0.36288,3.6288,48.0282,0.633815,0,0,2.21027,0.154178,0,0.66528,12.849,1,0.747524,0.36288,0,109.634,3.54942,105.7,0.84672,12.849,0.84672,3695.15,0,36.966,0.502717,2.09482,2.20125,8.64052,0.874961,11.5589,0.42336,36.966,0.42336,423.524,0,1.02816,0,0,3.12298,2.09482,1.028160,1,0,117.259,0,0,0,117.259,0
41.9122,1.94839,0,0,5.33922,0.195115,0.36288,3.6288,49.1205,0.536707,0,0,1.8171,0.188112,0,0.66528,12.849,1,0.640617,0.36288,0,96.4838,4.1895,92.0166,0.84672,12.849,0.84672,3695.15,0,36.966,0.413088,1.57421,2.20164,6.80073,1.13213,9.03136,0.42336,36.966,0.42336,423.524,0,1.02816,0,0,2.60237,1.57421,1.028160,1,0,101.048,0,0,0,101.048,0
43.2842,1.98196,0,0,3.91971,0.202874,0.36288,3.6288,50.0448,0.542133,0,0,1.66521,0.198825,0,0.66528,12.849,1,0.607608,0.36288,0,51.9465,4.12902,47.5728,0.84672,12.849,0.84672,3695.15,0,36.966,0.407986,0.927037,2.01335,5.31148,1.12501,6.71887,0.42336,36.966,0.42336,423.524,0,1.02816,0,0,1.9552,0.927037,1.028160,1,0,54.2917,0,0,0,54.2917,0
44.7135,1.99724,0,0,3.99557,0.206128,0.36288,3.6288,50.9157,0.546653,0,0,1.61798,0.200342,0,0.66528,12.849,1,0.592885,0.36288,0,84.8991,4.12902,80.54,0.84672,12.849,0.84672,3695.15,0,36.966,0.40379,0.903519,2.0137,5.93655,1.12501,7.32498,0.42336,36.966,0.42336,423.524,0,1.02816,0,0,1.93168,0.903519,1.028160,1,0,87.865,0,0,0,87.865,0
52.9274,2.0124,0,0,10.7946,0.205395,0.36288,3.6288,53.7471,0.550842,0,0,3.60359,0.221364,0,0.66528,12.849,1,0.578288,0.36288,0,166.618,4.20669,162.196,0.84672,12.849,0.84672,3695.15,0,36.966,0.399924,4.48264,2.01406,17.5267,1.18494,22.4385,0.42336,36.966,0.42336,423.524,0,1.02816,0,0,5.5108,4.48264,1.028160,1,0,184.634,0,0,0,184.634,0
62.277,2.08506,0,0,12.0252,0.227649,0.36288,3.6288,56.5974,0.563517,0,0,3.6165,0.202663,0,0.66528,12.849,1,0.506183,0.36288,0,175.671,3.72453,171.803,0.84672,12.849,0.84672,3695.15,0,36.966,0.387574,5.73799,2.01441,13.2432,1.15758,19.4505,0.42336,36.966,0.42336,423.524,0,1.02816,0,0,6.76615,5.73799,1.028160,1,0,191.254,0,0,0,191.254,0
67.742,2.22367,0,0,8.30356,0.251932,0.36288,3.6288,57.4797,0.608319,0,0,1.71839,0.227793,0,0.66528,12.849,1,0.458788,0.36288,0,130.249,3.58165,126.571,0.84672,12.849,0.84672,3695.15,0,36.966,0.397317,2.52247,2.01477,10.1355,1.01277,13.2627,0.42336,36.966,0.42336,423.524,0,1.02816,0,0,3.55063,2.52247,1.028160,1,0,139.834,0,0,0,139.834,0
70.9828,2.25524,0,0,6.1221,0.263238,0.36288,3.6288,57.8882,0.612226,0,0,1.24985,0.229103,0,0.66528,12.849,1,0.427764,0.36288,0,107.002,3.58817,103.349,0.84672,12.849,0.84672,3695.15,0,36.966,0.393731,1.71196,2.074,8.61572,1.01277,10.9952,0.42336,36.966,0.42336,423.524,0,1.02816,0,0,2.74012,1.71196,1.028160,1,0,114.344,0,0,0,114.344,0
72.29,2.27225,0,0,7.70389,0.269942,3.85449,3.6288,58.5777,0.614116,0,0,1.53325,0.229709,0,0.66528,12.849,1,0.411312,3.85449,0,91.6281,3.58165,91.4896,0.84672,12.849,0.84672,3695.15,0,36.966,0.39216,2.30359,2.07435,10.1048,1.01277,13.0778,0.42336,36.966,0.42336,423.524,0,1.02816,0,0,3.33175,2.30359,1.028160,1,0,104.567,0,0,0,104.567,0
72.29,2.27903,0,0,6.19789,0.332787,3.58607,3.6288,58.9501,0.617142,0,0,1.20206,0.212479,0,0.66528,12.849,1,0.40508,3.58607,0,111.303,3.71154,110.773,0.84672,12.849,0.84672,3695.15,0,36.966,0.389454,1.67803,2.0747,8.52846,1.13099,10.7608,0.42336,36.966,0.42336,423.524,0,1.02816,0,0,2.70619,1.67803,1.028160,1,0,121.533,0,0,0,121.533,0
72.29,2.52688,0,0,4.59669,0.321878,1.74793,3.6288,59.1621,0.66528,0,0,1.07466,0.197385,0,0.66528,12.849,1,0.449134,1.74793,0,68.9406,3.58449,66.6549,0.84672,12.849,0.84672,3695.15,0,36.966,0.545361,1.10847,2.07505,7.77902,1.01299,9.4042,0.42336,36.966,0.42336,423.524,0,1.02816,0,0,2.13663,1.10847,1.028160,1,0,76.0591,0,0,0,76.0591,0
72.29,2.52739,0,0,3.65892,0.319122,0.812403,3.6288,59.1694,0.66528,0,0,0.859196,0.186575,0,0.66528,12.849,1,0.449225,0.812403,0,62.1596,3.60507,58.9177,0.84672,12.849,0.84672,3695.15,0,36.966,0.545719,0.7884,2.2874,6.8148,0.971007,8.37388,0.42336,36.966,0.42336,423.524,0,1.02816,0,0,1.81656,0.7884,1.028160,1,0,67.2916,0,0,0,67.2916,0
72.29,2.52791,0,0,4.85125,0.319122,2.00422,3.6288,59.1384,0.66528,0,0,0.820817,0.186584,0,0.66528,12.849,1,0.449316,2.00422,0,87.0532,3.60507,85.003,0.84672,12.849,0.84672,3695.15,0,36.966,0.546077,0.994689,2.28779,7.68658,0.971007,9.45197,0.42336,36.966,0.42336,423.524,0,1.02816,0,0,2.02285,0.994689,1.028160,1,0,94.455,0,0,0,94.455,0
72.29,2.52842,0,0,4.16604,0.319122,1.31849,3.6288,59.2359,0.66528,0,0,0.949346,0.186547,0,0.66528,12.849,1,0.449408,1.31849,0,72.9846,3.60507,70.2486,0.84672,12.849,0.84672,3695.15,0,36.966,0.546434,0.820878,2.28818,7.46306,0.971007,9.05468,0.42336,36.966,0.42336,423.524,0,1.02816,0,0,1.84904,0.820878,1.028160,1,0,79.3033,0,0,0,79.3033,0
72.29,2.17583,0,0,3.88746,0.30829,1.40334,3.6288,59.5779,0.577857,0,0,1.09516,0.175273,0,0.66528,12.849,1,0.386737,1.40334,0,69.3371,3.40371,66.95,0.84672,12.849,0.84672,3695.15,0,36.966,0.36061,1.15371,2.28857,7.46851,0.946717,9.60346,0.42336,36.966,0.42336,423.524,0,1.02816,0,0,2.18187,1.15371,1.028160,1,0,76.5535,0,0,0,76.5535,0
72.29,2.17628,0,0,4.80621,0.304711,2.32522,3.6288,60.0287,0.579324,0,0,1.18765,0.157518,0,0.66528,12.849,1,0.386817,2.32522,0,95.1091,3.02337,94.0242,0.84672,12.849,0.84672,3695.15,0,36.966,0.35945,1.39545,1.99964,6.3025,0.856757,8.48139,0.42336,36.966,0.42336,423.524,0,1.02816,0,0,2.42361,1.39545,1.028160,1,0,102.506,0,0,0,102.506,0
72.29,2.17673,0,0,5.26236,0.30317,2.78247,3.6288,60.3447,0.581185,0,0,1.06335,0.166234,0,0.66528,12.849,1,0.386897,2.78247,0,89.2607,3.20848,88.4478,0.84672,12.849,0.84672,3695.15,0,36.966,0.357897,1.60406,1.99998,6.65567,0.907216,8.99459,0.42336,36.966,0.42336,423.524,0,1.02816,0,0,2.63222,1.60406,1.028160,1,0,97.4424,0,0,0,97.4424,0
72.29,2.17718,0,0,5.05944,0.29392,2.58834,3.6288,60.8318,0.582538,0,0,1.28592,0.216241,0,0.66528,12.849,1,0.386977,2.58834,0,82.7375,4.31918,80.6197,0.84672,12.849,0.84672,3695.15,0,36.966,0.356852,1.73013,2.00031,7.17372,1.20997,9.33735,0.42336,36.966,0.42336,423.524,0,1.02816,0,0,2.75829,1.73013,1.028160,1,0,89.957,0,0,0,89.957,0
72.29,2.17763,0,0,4.47974,0.286061,2.01605,3.6288,61.1244,0.584506,0,0,1.08495,0.207861,0,0.66528,12.849,1,0.387057,2.01605,0,79.6055,4.32364,76.9109,0.84672,12.849,0.84672,3695.15,0,36.966,0.35519,1.30347,2.00065,5.99917,1.1987,7.7494,0.42336,36.966,0.42336,423.524,0,1.02816,0,0,2.33163,1.30347,1.028160,1,0,84.6603,0,0,0,84.6603,0
72.29,2.26704,0,0,5.1989,0.238903,2.69296,3.6288,61.2546,0.627505,0,0,0.911598,0.153849,0,0.66528,12.849,1,0.402949,2.69296,0,102.123,4.35046,100.063,0.84672,12.849,0.84672,3695.15,0,36.966,0.379494,0.872675,2.00099,6.50517,1.13109,7.86824,0.42336,36.966,0.42336,423.524,0,1.02816,0,0,1.90083,0.872675,1.028160,1,0,107.931,0,0,0,107.931,0
72.29,2.26751,0,0,6.62764,0.238903,4.12123,3.6288,61.308,0.628208,0,0,1.21084,0.153976,0.375301,0.66528,12.849,1,0.403032,4.12123,0,132.466,4.35046,131.834,0.84672,12.849,0.84672,3695.15,0,36.966,0.379111,1.87205,2.07272,8.49951,1.13109,10.9341,0.42336,36.966,0.42336,423.524,0,1.02816,0,0,2.90021,1.87205,1.028160,1,0,143.143,0,0,0,143.143,0
72.29,2.26797,0,0,4.73399,0.238903,2.22711,3.6288,61.308,0.628613,0,0,0.91851,0.154027,0.135869,0.66528,12.849,1,0.403115,2.22711,0,91.8372,4.35046,89.3107,0.84672,12.849,0.84672,3695.15,0,36.966,0.379026,0.822986,2.07307,6.44763,1.13109,7.83357,0.42336,36.966,0.42336,423.524,0,1.02816,0,0,1.85115,0.822986,1.028160,1,0,97.2801,0,0,0,97.2801,0
72.29,2.26844,0,0,4.05881,0.205809,1.58457,3.6288,61.2604,0.628813,0,0,0.744837,0.163619,0,0.66528,12.849,1,0.403198,1.58457,0,77.8524,4.36051,74.6733,0.84672,12.849,0.84672,3695.15,0,36.966,0.379146,0.603599,2.07342,5.15294,1.14416,6.30665,0.42336,36.966,0.42336,423.524,0,1.02816,0,0,1.63176,0.603599,1.028160,1,0,80.98,0,0,0,80.98,0
72.29,2.23409,0,0,4.06566,0.152757,1.6788,3.6288,61.1906,0.612589,0,0,0.733398,0.190573,0,0.66528,12.849,1,0.397093,1.6788,0,73.688,4.42692,70.5428,0.84672,12.849,0.84672,3695.15,0,36.966,0.369651,0.571311,2.07377,5.39581,1.18821,6.48303,0.42336,36.966,0.42336,423.524,0,1.02816,0,0,1.59947,0.571311,1.028160,1,0,77.0258,0,0,0,77.0258,0
72.29,2.23455,0,0,3.48653,0.137865,1.11411,3.6288,60.9982,0.683237,0,0,0.685152,0.194332,0,0.66528,12.849,1,0.397175,1.11411,0,62.7568,4.38007,59.0937,0.84672,12.849,0.84672,3695.15,0,36.966,0.412752,0.528595,2.04632,4.48018,1.19712,5.44522,0.42336,36.966,0.42336,423.524,0,0.914725,0,0,1.44332,0.528595,1.028160,1,0,64.5389,0,0,0,64.5389,0
72.29,2.23501,0,0,3.09131,0.137865,0.718436,3.6288,60.7082,0.718269,0,0,0.622324,0.194095,0,0.66528,12.849,1,0.397257,0.718436,0,54.3751,4.38007,50.3163,0.84672,12.849,0.84672,3695.15,0,36.966,0.435284,0.402797,2.04666,3.8743,1.19712,4.69136,0.42336,36.966,0.42336,423.524,0,0.857477,0,0,1.26027,0.402797,1.028160,1,0,55.0076,0,0,0,55.0076,0
72.29,2.23547,0,0,2.80104,0.133544,0.432019,3.6288,60.2898,0.78831,0,0,0.557973,0.188071,0,0.66528,12.849,1,0.397338,0.432019,0,47.9082,4.26211,43.6808,0.84672,12.849,0.84672,3695.15,0,36.966,0.480012,0.402797,2.04701,3.54364,1.1672,4.34623,0.42336,36.966,0.42336,423.524,0,0.743023,0,0,1.14582,0.402797,1.028160,1,0,48.027,0,0,0,48.027,0
72.2335,2.35418,0,0,2.75884,0.0982545,0.36288,3.6288,59.8168,0.824665,0,0,0.555457,0.203792,0,0.66528,12.849,1,0.418437,0.36288,0,46.5278,4.0634,42.4088,0.84672,12.849,0.84672,3695.15,0,36.966,0.505634,0.402797,2.04735,3.47636,1.12003,4.30085,0.42336,36.966,0.42336,423.524,0,0.773772,0,0,1.17657,0.402797,1.028160,1,0,46.7097,0,0,0,46.7097,0
72.1668,2.35438,0,0,2.73626,0.0857316,0.36288,3.6288,59.3099,0.80151,0,0,0.564478,0.269822,0,0.66528,12.849,1,0.418801,0.36288,0,43.045,4.74211,38.247,0.84672,12.849,0.84672,3695.15,0,36.966,0.495323,0.402797,2.14519,3.44572,1.29648,4.20191,0.42336,36.966,0.42336,423.524,0,0.807572,0,0,1.21037,0.402797,1.028160,1,0,42.4489,0,0,0,42.4489,0
71.8287,2.35454,0,0,2.46497,0.0856882,0.36288,3.6288,58.7708,0.795839,0,0,0.525709,0.268949,0,0.66528,12.849,1,0.419215,0.36288,0,40.0327,4.74211,35.2343,0.84672,12.849,0.84672,3695.15,0,36.966,0.496021,0.30119,2.14556,3.17776,1.29648,3.83201,0.42336,36.966,0.42336,423.524,0,0.812877,0,0,1.11407,0.30119,1.028160,1,0,39.0663,0,0,0,39.0663,0
71.4169,2.35334,0,0,2.38994,0.0854681,0.36288,3.6288,58.1146,0.868953,0,0,0.480756,0.268021,0,0.66528,12.849,1,0.420976,0.36288,0,36.8035,4.74211,32.0033,0.84672,12.849,0.84672,3695.15,0,36.966,0.546558,0.30119,2.14592,2.95567,1.29648,3.55975,0.42336,36.966,0.42336,423.524,0,0.689558,0,0,0.990749,0.30119,1.028160,1,0,35.5631,0,0,0,35.5631,0
70.6918,2.35177,0,0,2.05331,0.0637363,0.36288,3.6288,57.3807,0.906791,0,0,0.450155,0.277305,0,0.66528,12.849,1,0.423119,0.36288,0,32.1438,4.90153,27.1821,0.84672,12.849,0.84672,3695.15,0,36.966,0.576799,0.30119,2.14628,2.80352,1.32124,3.35295,0.42336,36.966,0.42336,423.524,0,0.621812,0,0,0.923003,0.30119,1.028160,1,0,30.535,0,0,0,30.535,0
69.3914,2.32525,0,0,1.47238,0.0846406,0.36288,3.6288,56.4931,1.04374,0,0,0.397615,0.241486,0,0.66528,12.849,1,0.422639,0.36288,0,26.4743,4.73351,21.681,0.84672,12.849,0.84672,3695.15,0,36.966,0.672401,0.30119,2.14665,2.22639,1.18247,2.81935,0.42336,36.966,0.42336,423.524,0,0.440433,0,0,0.741623,0.30119,1.028160,1,0,24.5003,0,0,0,24.5003,0
67.9595,2.31904,0,0,1.33377,0.0837952,0.36288,3.6288,55.5972,1.03572,0,0,0.379954,0.240096,0,0.66528,12.849,1,0.42941,0.36288,0,26.0175,4.73351,21.2175,0.84672,12.849,0.84672,3695.15,0,36.966,0.677716,0.261274,2.18112,2.10329,1.18247,2.68549,0.42336,36.966,0.42336,423.524,0,0.443483,0,0,0.704756,0.261274,1.028160,1,0,23.903,0,0,0,23.903,0
66.4209,2.3119,0,0,1.21442,0.0782605,0.36288,3.6288,54.6375,1.0698,0,0,0.359329,0.249267,0,0.66528,12.849,1,0.437108,0.36288,0,22.903,4.87466,17.9541,0.84672,12.849,0.84672,3695.15,0,36.966,0.711298,0.261274,2.18149,2.0414,1.234,2.53887,0.42336,36.966,0.42336,423.524,0,0.376161,0,0,0.637434,0.261274,1.028160,1,0,20.493,0,0,0,20.493,0
64.857,2.30389,0,0,1.15295,0.0500262,0.36288,3.6288,53.606,1.05734,0,0,0.336601,0.310737,0,0.66528,12.849,1,0.445684,0.36288,0,20.6569,5.72156,14.8525,0.84672,12.849,0.84672,3695.15,0,36.966,0.715365,0.261274,2.18186,1.94663,1.54313,2.13127,0.42336,36.966,0.42336,423.524,0,0.384891,0,0,0.646165,0.261274,1.028160,1,0,16.9838,0,0,0,16.9838,0
63.0944,2.35485,0,0,1.01319,0.0581232,0.36288,3.6288,52.5579,1.10227,0,0,0.355354,0.301185,0,0.66528,12.849,1,0.466526,0.36288,0,21.8556,5.75118,16.0007,0.84672,12.849,0.84672,3695.15,0,36.966,0.760114,0.261274,2.18223,1.88136,1.44897,2.11579,0.42336,36.966,0.42336,423.524,0,0.340893,0,0,0.602167,0.261274,1.028160,1,0,18.1165,0,0,0,18.1165,0
61.2562,2.3445,0,0,0.929975,0.0607372,0.36288,3.6288,51.4873,1.0967,0,0,0.321903,0.295758,0,0.66528,12.849,1,0.477452,0.36288,0,16.8748,5.76303,10.9972,0.84672,12.849,0.84672,3695.15,0,36.966,0.771354,0.261274,2.23098,1.75379,1.4113,2.06339,0.42336,36.966,0.42336,423.524,0,0.335574,0,0,0.596848,0.261274,1.028160,1,0,13.0606,0,0,0,13.0606,0
59.3519,2.33314,0,0,0.851541,0.0598265,0.36288,3.6288,50.374,1.11829,0,0,0.29815,0.293216,0,0.66528,12.849,1,0.489395,0.36288,0,16.0395,5.76303,10.1499,0.84672,12.849,0.84672,3695.15,0,36.966,0.802892,0.227405,2.23136,1.54157,1.4113,1.78614,0.42336,36.966,0.42336,423.524,0,0.282799,0,0,0.510204,0.227405,1.028160,1,0,11.9361,0,0,0,11.9361,0
57.518,2.3207,0,0,0.899709,0.0499862,0.36288,3.6288,49.3715,1.0494,0,0,0.342272,0.295372,0,0.66528,12.849,1,0.502405,0.36288,0,15.731,5.91258,9.67892,0.84672,12.849,0.84672,3695.15,0,36.966,0.770084,0.227405,2.23174,2.03929,1.44118,2.28717,0.42336,36.966,0.42336,423.524,0,0.384847,0,0,0.612252,0.227405,1.028160,1,0,11.9661,0,0,0,11.9661,0
55.5455,2.47874,0,0,0.918458,0.0493858,0.36288,3.6288,48.2757,1.14259,0,0,0.331988,0.285136,0,0.66528,12.849,1,0.553727,0.36288,0,16.1169,6.18028,9.74575,0.84672,12.849,0.84672,3695.15,0,36.966,0.855493,0.227405,2.23212,2.33828,1.52093,2.42138,0.42336,36.966,0.42336,423.524,0,0.37038,0,0,0.597785,0.227405,1.028160,1,0,12.1671,0,0,0,12.1671,0
53.5033,2.46326,0,0,0.854306,0.070376,0.36288,3.6288,47.0678,1.18921,0,0,0.287596,0.306357,0,0.66528,12.849,1,0.569812,0.36288,0,16.4081,6.53666,9.66455,0.84672,12.849,0.84672,3695.15,0,36.966,0.910609,0.227405,2.39816,2.37878,1.61261,2.48113,0.42336,36.966,0.42336,423.524,0,0.269026,0,0,0.496431,0.227405,1.028160,1,0,12.1457,0,0,0,12.1457,0
51.584,2.44622,0,0,0.954608,0.0647742,0.36288,3.6288,46.0232,1.09233,0,0,0.353412,0.305615,0,0.66528,12.849,1,0.587469,0.36288,0,20.8791,6.61143,14.0431,0.84672,12.849,0.84672,3695.15,0,36.966,0.857896,0.204422,2.39857,2.52493,1.62755,2.64247,0.42336,36.966,0.42336,423.524,0,0.418995,0,0,0.623417,0.204422,1.028160,1,0,16.6855,0,0,0,16.6855,0
49.4826,2.42922,0,0,0.75416,0.0635066,0.36288,3.6288,44.7987,1.17979,0,0,0.257975,0.302762,0,0.66528,12.849,1,0.605091,0.36288,0,21.5466,6.61143,14.693,0.84672,12.849,0.84672,3695.15,0,36.966,0.947613,0.204422,2.39898,2.00068,1.62755,2.02892,0.42336,36.966,0.42336,423.524,0,0.242201,0,0,0.446623,0.204422,1.028160,1,0,16.7219,0,0,0,16.7219,0
47.5823,2.40931,0,0,0.934053,0.0621185,0.36288,3.6288,43.9545,0.974058,0,0,0.429183,0.299327,0,0.66528,12.849,1,0.625617,0.36288,0,19.0952,6.61143,12.221,0.84672,12.849,0.84672,3695.15,0,36.966,0.803752,0.204422,2.39939,3.00643,1.62755,3.17895,0.42336,36.966,0.42336,423.524,0,0.592178,0,0,0.7966,0.204422,1.028160,1,0,15.4,0,0,0,15.4,0
46.1583,2.30993,0,0,1.29265,0.0438598,0.36288,3.6288,43.2773,0.83108,0,0,0.449139,0.295162,0,0.66528,12.849,1,0.623766,0.36288,0,25.0732,6.80379,18.0085,0.84672,12.849,0.84672,3695.15,0,36.966,0.698944,0.204422,2.3998,4.80635,1.68493,5.02669,0.42336,36.966,0.42336,423.524,0,0.740845,0,0,0.945268,0.204422,1.028160,1,0,23.0352,0,0,0,23.0352,0
44.869,2.29534,0,0,1.46697,0.0980195,0.36288,3.6288,42.5945,0.864851,0,0,0.433228,0.251229,0,0.66528,12.849,1,0.63895,0.36288,0,21.1519,6.41729,14.4586,0.84672,12.849,0.84672,3695.15,0,36.966,0.738726,0.216518,2.30425,3.62445,1.55218,3.85432,0.42336,36.966,0.42336,423.524,0,0.667656,0,0,0.884174,0.216518,1.028160,1,0,18.3129,0,0,0,18.3129,0
44.0687,2.28153,0,0,1.94065,0.0966122,0.36288,3.6288,42.2315,0.677011,0,0,0.56361,0.249598,0,0.66528,12.849,1,0.653355,0.36288,0,30.7911,6.41729,24.0833,0.84672,12.849,0.84672,3695.15,0,36.966,0.58755,0.216518,2.30464,5.20316,1.55218,5.58459,0.42336,36.966,0.42336,423.524,0,1.00704,0,0,1.22355,0.216518,1.028160,1,0,29.6679,0,0,0,29.6679,0
43.8628,2.27281,0,0,2.52555,0.0957386,0.36288,3.6288,42.117,0.663247,0,0,0.797515,0.248731,0,0.66528,12.849,1,0.662677,0.36288,0,60.2896,6.41729,53.5725,0.84672,12.849,0.84672,3695.15,0,36.966,0.580552,0.686223,2.30503,6.17891,1.55218,7.03744,0.42336,36.966,0.42336,423.524,0,1.02816,0,0,1.71438,0.686223,1.028160,1,0,60.6099,0,0,0,60.6099,0
42.6207,2.20616,0,0,1.47341,0.146417,0.36288,3.6288,41.6807,0.707994,0,0,0.458807,0.187145,0,0.66528,12.849,1,0.646264,0.36288,0,33.7093,4.89762,28.5283,0.84672,12.849,0.84672,3695.15,0,36.966,0.621405,0.216518,2.30542,3.34038,1.17291,4.06801,0.42336,36.966,0.42336,423.524,0,0.852287,0,0,1.06881,0.216518,1.028160,1,0,32.5963,0,0,0,32.5963,0
42.2803,2.19213,0,0,2.37285,0.158242,0.36288,3.6288,41.1273,0.842327,0,0,0.437979,0.149076,0,0.66528,12.849,1,0.66087,0.36288,0,45.0131,3.78063,40.9345,0.84672,12.849,0.84672,3695.15,0,36.966,0.747048,0.216518,2.22011,4.14534,0.878248,4.95668,0.42336,36.966,0.42336,423.524,0,0.592657,0,0,0.809176,0.216518,1.028160,1,0,45.8912,0,0,0,45.8912,0
44.3787,2.1885,0,0,4.80736,0.157617,0.36288,3.6288,41.3247,0.607861,0,0,0.953586,0.148279,0,0.66528,12.849,1,0.665086,0.36288,0,71.3033,3.78063,67.2205,0.84672,12.849,0.84672,3695.15,0,36.966,0.546358,0.753901,2.22049,8.71195,0.878248,10.2617,0.42336,36.966,0.42336,423.524,0,1.02816,0,0,1.78206,0.753901,1.028160,1,0,77.4822,0,0,0,77.4822,0
44.8338,2.21334,0,0,3.19277,0.161467,0.36288,3.6288,41.4876,0.609422,0,0,0.920851,0.148563,0,0.66528,12.849,1,0.64083,0.36288,0,43.886,3.78063,39.8274,0.84672,12.849,0.84672,3695.15,0,36.966,0.545143,0.808479,2.22087,6.4886,0.878248,8.09455,0.42336,36.966,0.42336,423.524,0,1.02816,0,0,1.83664,0.808479,1.028160,1,0,47.922,0,0,0,47.922,0
47.3325,2.03404,0,0,5.10023,0.204561,0.36288,3.6288,41.7383,0.51084,0,0,0.923411,0.161906,0,0.66528,12.849,1,0.58294,0.36288,0,69.0968,3.93972,64.9371,0.84672,12.849,0.84672,3695.15,0,36.966,0.455165,0.659612,2.22124,10.2322,0.90892,11.7489,0.42336,36.966,0.42336,423.524,0,1.02816,0,0,1.68777,0.659612,1.028160,1,0,76.686,0,0,0,76.686,0
52.1813,2.05867,0,0,7.50012,0.229794,0.36288,3.6288,42.5184,0.512455,0,0,1.45669,0.164088,0,0.66528,12.849,1,0.558851,0.36288,0,89.9415,3.72855,86.017,0.84672,12.849,0.84672,3695.15,0,36.966,0.453862,1.44957,2.03111,13.5868,0.843443,15.7702,0.42336,36.966,0.42336,423.524,0,1.02816,0,0,2.47773,1.44957,1.028160,1,0,101.787,0,0,0,101.787,0
54.3535,2.10077,0,0,4.87786,0.241975,0.36288,3.6288,43.0613,0.517076,0,0,1.22526,0.165323,0,0.66528,12.849,1,0.517288,0.36288,0,83.8564,3.72855,79.9734,0.84672,12.849,0.84672,3695.15,0,36.966,0.449552,1.17488,2.03146,8.48111,0.843443,10.3945,0.42336,36.966,0.42336,423.524,0,1.02816,0,0,2.20304,1.17488,1.028160,1,0,90.3679,0,0,0,90.3679,0
56.8074,2.11792,0,0,5.18211,0.247408,0.36288,3.6288,43.4961,0.520294,0,0,1.12127,0.166182,0,0.66528,12.849,1,0.500671,0.36288,0,99.5095,3.72855,95.6431,0.84672,12.849,0.84672,3695.15,0,36.966,0.446647,0.983362,2.0318,9.61908,0.843443,11.3442,0.42336,36.966,0.42336,423.524,0,1.02816,0,0,2.01152,0.983362,1.028160,1,0,106.987,0,0,0,106.987,0
58.2785,2.136,0,0,4.21733,0.247376,0.36288,3.6288,43.8775,0.522876,0,0,1.11852,0.214197,0,0.66528,12.849,1,0.483132,0.36288,0,88.4408,5.05438,83.2661,0.84672,12.849,0.84672,3695.15,0,36.966,0.444377,0.698734,2.03214,8.45813,1.44581,9.29882,0.42336,36.966,0.42336,423.524,0,1.02816,0,0,1.72689,0.698734,1.028160,1,0,92.5649,0,0,0,92.5649,0
59.8149,2.22143,0,0,4.36646,0.245741,0.36288,3.6288,44.3219,0.554854,0,0,1.17199,0.17279,0,0.66528,12.849,1,0.489771,0.36288,0,121.645,3.98438,117.534,0.84672,12.849,0.84672,3695.15,0,36.966,0.467454,0.956534,2.03248,7.33013,1.07808,8.77362,0.42336,36.966,0.42336,423.524,0,1.02816,0,0,1.98469,0.956534,1.028160,1,0,126.307,0,0,0,126.307,0
61.1362,2.23222,0,0,4.16237,0.246001,0.36288,3.6288,44.7992,0.557577,0,0,1.20494,0.170038,0,0.66528,12.849,1,0.479509,0.36288,0,96.5235,3.82546,92.5814,0.84672,12.849,0.84672,3695.15,0,36.966,0.465039,1.23274,2.09227,8.29146,1.04293,10.1085,0.42336,36.966,0.42336,423.524,0,1.02816,0,0,2.2609,1.23274,1.028160,1,0,102.69,0,0,0,102.69,0
62.7094,2.24122,0,0,4.42623,0.248872,0.36288,3.6288,45.8128,0.56046,0,0,1.7449,0.170802,0,0.66528,12.849,1,0.471037,0.36288,0,85.4684,3.82546,81.5348,0.84672,12.849,0.84672,3695.15,0,36.966,0.462463,1.96939,2.09261,10.3627,1.04293,12.9193,0.42336,36.966,0.42336,423.524,0,1.02816,0,0,2.99755,1.96939,1.028160,1,0,94.4542,0,0,0,94.4542,0
65.7545,2.25147,0,0,5.9115,0.252117,0.36288,3.6288,46.4466,0.566292,0,0,1.37253,0.172424,0,0.66528,12.849,1,0.46132,0.36288,0,78.2298,3.82546,74.3059,0.84672,12.849,0.84672,3695.15,0,36.966,0.456937,1.62782,2.09294,10.9415,1.04293,13.1624,0.42336,36.966,0.42336,423.524,0,1.02816,0,0,2.65598,1.62782,1.028160,1,0,87.4684,0,0,0,87.4684,0
68.8056,2.51584,0,0,6.19486,0.264964,0.36288,3.6288,46.716,0.66528,0,0,1.14023,0.205564,0,0.66528,12.849,1,0.491618,0.36288,0,141.927,3.8184,137.98,0.84672,12.849,0.84672,3695.15,0,36.966,0.563936,1.14471,2.09328,9.24058,1.13463,10.78,0.42336,36.966,0.42336,423.524,0,1.02816,0,0,2.17287,1.14471,1.028160,1,0,148.76,0,0,0,148.76,0
70.7209,2.5347,0,0,5.06014,0.247293,0.36288,3.6288,47.7856,0.66528,0,0,1.91768,0.18282,0,0.66528,12.849,1,0.473339,0.36288,0,126.698,3.44673,123.141,0.84672,12.849,0.84672,3695.15,0,36.966,0.56428,1.77331,2.30765,10.0048,1.08064,12.4408,0.42336,36.966,0.42336,423.524,0,1.02816,0,0,2.80147,1.77331,1.028160,1,0,135.581,0,0,0,135.581,0
72.29,2.54604,0,0,6.16568,0.250984,1.79956,3.6288,48.9345,0.66528,0,0,1.99869,0.184471,0,0.66528,12.849,1,0.46258,1.79956,0,144.502,3.44673,142.393,0.84672,12.849,0.84672,3695.15,0,36.966,0.564623,3.31867,2.30802,13.872,1.08064,17.8534,0.42336,36.966,0.42336,423.524,0,1.02816,0,0,4.34683,3.31867,1.028160,1,0,160.246,0,0,0,160.246,0
72.29,2.55506,0,0,4.21855,0.254008,1.40948,3.6288,49.6178,0.66528,0,0,1.53478,0.18624,0,0.66528,12.849,1,0.454143,1.40948,0,146.934,3.44673,144.442,0.84672,12.849,0.84672,3695.15,0,36.966,0.564966,0.7276,2.3084,8.51325,1.08064,9.90364,0.42336,36.966,0.42336,423.524,0,1.02816,0,0,1.75576,0.7276,1.028160,1,0,154.346,0,0,0,154.346,0
72.29,2.19908,0,0,3.41162,0.288033,0.924516,3.6288,50.2547,0.546913,0,0,1.35187,0.168076,0,0.66528,12.849,1,0.390869,0.924516,0,107.174,2.68122,105.026,0.84672,12.849,0.84672,3695.15,0,36.966,0.407458,0.67602,2.30877,5.85607,0.881975,7.55143,0.42336,36.966,0.42336,423.524,0,1.02816,0,0,1.70418,0.67602,1.028160,1,0,112.578,0,0,0,112.578,0
72.29,2.19951,0,0,4.46456,0.326346,1.9387,3.6288,51.4046,0.550058,0,0,1.88103,0.181019,0,0.66528,12.849,1,0.390946,1.9387,0,125.264,2.36628,124.445,0.84672,12.849,0.84672,3695.15,0,36.966,0.404608,1.41578,2.01706,7.64009,0.819452,9.84887,0.42336,36.966,0.42336,423.524,0,1.02816,0,0,2.44394,1.41578,1.028160,1,0,134.294,0,0,0,134.294,0
72.29,2.19994,0,0,6.35453,0.326346,3.82825,3.6288,53.5715,0.555494,0,0,2.90509,0.182722,0,0.66528,12.849,1,0.391022,3.82825,0,188.798,2.36628,189.869,0.84672,12.849,0.84672,3695.15,0,36.966,0.399466,3.0374,2.01738,13.4609,0.819452,17.2968,0.42336,36.966,0.42336,423.524,0,1.02816,0,0,4.06556,3.0374,1.028160,1,0,207.166,0,0,0,207.166,0
72.29,2.20037,0,0,5.64743,0.329478,3.11758,3.6288,55.7727,0.56523,0,0,2.98874,0.222293,0,0.66528,12.849,1,0.391099,3.11758,0,176.433,3.44905,175.711,0.84672,12.849,0.84672,3695.15,0,36.966,0.390026,3.33261,2.01771,13.8945,0.986199,17.8686,0.42336,36.966,0.42336,423.524,0,1.02816,0,0,4.36077,3.33261,1.028160,1,0,193.579,0,0,0,193.579,0
72.29,2.2008,0,0,4.36118,0.330731,1.82965,3.6288,56.8766,0.574665,0,0,1.91897,0.240385,0,0.66528,12.849,1,0.391176,1.82965,0,151.76,3.88216,149.316,0.84672,12.849,0.84672,3695.15,0,36.966,0.380886,1.65201,2.01803,7.80296,1.0529,10.0392,0.42336,36.966,0.42336,423.524,0,1.02816,0,0,2.68017,1.65201,1.028160,1,0,159.355,0,0,0,159.355,0
72.29,2.29104,0,0,4.81163,0.354588,2.166,3.6288,60.1623,0.620315,0,0,4.09732,0.191376,0,0.66528,12.849,1,0.407215,2.166,0,159.526,3.89938,157.386,0.84672,12.849,0.84672,3695.15,0,36.966,0.403163,4.3902,2.01835,14.7165,0.956988,19.7649,0.42336,36.966,0.42336,423.524,0,1.02816,0,0,5.41836,4.3902,1.028160,1,0,177.151,0,0,0,177.151,0
72.29,2.29149,0,0,4.5263,0.354588,1.88022,3.6288,61.308,0.634143,0,0,4.67882,0.195465,2.70349,0.66528,12.849,1,0.407295,1.88022,0,214.088,3.89938,211.662,0.84672,12.849,0.84672,3695.15,0,36.966,0.389642,4.53796,2.09075,13.4886,0.956988,18.7707,0.42336,36.966,0.42336,423.524,0,1.02816,0,0,5.56612,4.53796,1.028160,1,0,233.136,0,0,0,233.136,0
72.29,2.29194,0,0,4.16356,0.354588,1.51703,3.6288,61.308,0.638878,0,0,3.25161,0.196891,2.41584,0.66528,12.849,1,0.407374,1.51703,0,164.798,3.89938,162.008,0.84672,12.849,0.84672,3695.15,0,36.966,0.385215,3.98552,2.09109,13.632,0.956988,18.3664,0.42336,36.966,0.42336,423.524,0,1.02816,0,0,5.01368,3.98552,1.028160,1,0,182.79,0,0,0,182.79,0
72.29,2.29238,0,0,3.76105,0.327639,1.14103,3.6288,61.308,0.639069,0,0,2.55257,0.196908,1.71659,0.66528,12.849,1,0.407454,1.14103,0,118.478,3.82642,115.385,0.84672,12.849,0.84672,3695.15,0,36.966,0.38533,3.07937,2.09142,10.4163,0.953021,14.2487,0.42336,36.966,0.42336,423.524,0,1.02816,0,0,4.10753,3.07937,1.028160,1,0,131.35,0,0,0,131.35,0
72.29,2.25769,0,0,3.15878,0.276747,0.624345,3.6288,61.308,0.622862,0,0,2.87072,0.192975,2.05488,0.66528,12.849,1,0.401288,0.624345,0,103.252,3.89235,99.583,0.84672,12.849,0.84672,3695.15,0,36.966,0.375558,3.92923,2.09176,10.4818,0.990244,15.137,0.42336,36.966,0.42336,423.524,0,1.02816,0,0,4.95739,3.92923,1.028160,1,0,116.775,0,0,0,116.775,0
71.9683,2.25813,0,0,2.58269,0.28334,0.36288,3.6288,61.308,0.623051,0,0,1.78467,0.191385,0.970233,0.66528,12.849,1,0.401366,0.36288,0,87.8152,3.99168,83.7851,0.84672,12.849,0.84672,3695.15,0,36.966,0.375672,2.27754,2.06403,7.40992,1.0091,10.3667,0.42336,36.966,0.42336,423.524,0,1.02816,0,0,3.3057,2.27754,1.028160,1,0,95.122,0,0,0,95.122,0
71.3926,2.25705,0,0,2.32686,0.282649,0.36288,3.6288,61.308,0.62324,0,0,1.77684,0.191385,0.962217,0.66528,12.849,1,0.402967,0.36288,0,82.175,3.99168,78.1433,0.84672,12.849,0.84672,3695.15,0,36.966,0.375786,2.13949,2.06436,6.67898,1.0091,9.49794,0.42336,36.966,0.42336,423.524,0,1.02816,0,0,3.16765,2.13949,1.028160,1,0,88.6034,0,0,0,88.6034,0
71.2779,2.25474,0,0,2.78431,0.281411,0.36288,3.6288,61.308,0.623429,0,0,1.8286,0.191385,1.01379,0.66528,12.849,1,0.4058,0.36288,0,91.4691,3.99168,87.4345,0.84672,12.849,0.84672,3695.15,0,36.966,0.3759,2.28,2.06469,8.72407,1.0091,11.6838,0.42336,36.966,0.42336,423.524,0,1.02816,0,0,3.30816,2.28,1.028160,1,0,100.132,0,0,0,100.132,0
70.5419,2.37373,0,0,2.25689,0.256248,0.36288,3.6288,61.308,0.66528,0,0,1.57042,0.197897,0.707247,0.66528,12.849,1,0.427904,0.36288,0,73.7454,3.86739,69.813,0.84672,12.849,0.84672,3695.15,0,36.966,0.427635,1.92161,2.06502,7.23488,0.989141,9.80474,0.42336,36.966,0.42336,423.524,0,1.02816,0,0,2.94977,1.92161,1.028160,1,0,80.325,0,0,0,80.325,0
69.4418,2.37042,0,0,1.84377,0.210592,0.36288,3.6288,61.308,0.66528,0,0,1.14739,0.214953,0.267159,0.66528,12.849,1,0.431764,0.36288,0,55.9778,3.92952,51.9794,0.84672,12.849,0.84672,3695.15,0,36.966,0.427954,1.55614,2.16377,5.93583,1.02528,8.20251,0.42336,36.966,0.42336,423.524,0,1.02816,0,0,2.5843,1.55614,1.028160,1,0,60.449,0,0,0,60.449,0
68.2331,2.3651,0,0,1.70579,0.186471,0.36288,3.6288,61.308,0.66528,0,0,1.16642,0.220308,0.280829,0.66528,12.849,1,0.437621,0.36288,0,50.7121,4.09206,46.5453,0.84672,12.849,0.84672,3695.15,0,36.966,0.428273,1.56115,2.16412,5.85696,0.995189,8.15877,0.42336,36.966,0.42336,423.524,0,1.02816,0,0,2.58931,1.56115,1.028160,1,0,54.9849,0,0,0,54.9849,0
66.9792,2.35904,0,0,1.65265,0.184723,0.36288,3.6288,61.308,0.66528,0,0,1.22224,0.220308,0.336653,0.66528,12.849,1,0.444231,0.36288,0,48.1191,4.09206,43.9457,0.84672,12.849,0.84672,3695.15,0,36.966,0.428592,1.46694,2.16447,6.07981,0.995189,8.28744,0.42336,36.966,0.42336,423.524,0,1.02816,0,0,2.4951,1.46694,1.028160,1,0,52.5698,0,0,0,52.5698,0
65.6285,2.35252,0,0,1.5477,0.182909,0.36288,3.6288,61.308,0.66528,0,0,1.12755,0.220308,0.241958,0.66528,12.849,1,0.451297,0.36288,0,45.1014,4.09206,40.9209,0.84672,12.849,0.84672,3695.15,0,36.966,0.428911,1.24057,2.16481,5.50874,0.995189,7.49003,0.42336,36.966,0.42336,423.524,0,1.02816,0,0,2.26873,1.24057,1.028160,1,0,48.6529,0,0,0,48.6529,0
65.4398,2.32194,0,0,2.67608,0.179972,0.36288,3.6288,61.308,0.66528,0,0,0.917015,0.217009,0.0347265,0.66528,12.849,1,0.454597,0.36288,0,60.9319,4.98971,55.8505,0.84672,12.849,0.84672,3695.15,0,36.966,0.480546,0.963187,2.16516,5.71513,1.14745,7.21548,0.42336,36.966,0.42336,423.524,0,1.02816,0,0,1.99135,0.963187,1.028160,1,0,63.1007,0,0,0,63.1007,0
65.1712,2.32129,0,0,2.52149,0.105974,0.36288,3.6288,61.308,0.66528,0,0,0.922467,0.246065,0.0111221,0.66528,12.849,1,0.455782,0.36288,0,57.0061,5.21409,51.6991,0.84672,12.849,0.84672,3695.15,0,36.966,0.480874,0.941319,2.19994,5.77686,1.2141,7.22315,0.42336,36.966,0.42336,423.524,0,1.02816,0,0,1.96948,0.941319,1.028160,1,0,58.9334,0,0,0,58.9334,0
64.7099,2.32017,0,0,2.3276,0.105809,0.36288,3.6288,61.308,0.66528,0,0,0.912868,0.246065,0.00152308,0.66528,12.849,1,0.45744,0.36288,0,52.1241,5.21409,46.8154,0.84672,12.849,0.84672,3695.15,0,36.966,0.481203,0.900046,2.2003,5.30015,1.2141,6.70519,0.42336,36.966,0.42336,423.524,0,1.02816,0,0,1.92821,0.900046,1.028160,1,0,53.5221,0,0,0,53.5221,0
64.0993,2.3179,0,0,2.17555,0.105355,0.36288,3.6288,61.308,0.66528,0,0,0.918354,0.246065,0.00700945,0.66528,12.849,1,0.46025,0.36288,0,48.4614,5.21409,43.15,0.84672,12.849,0.84672,3695.15,0,36.966,0.481531,0.986135,2.20065,5.12329,1.2141,6.61445,0.42336,36.966,0.42336,423.524,0,1.02816,0,0,2.0143,0.986135,1.028160,1,0,49.7714,0,0,0,49.7714,0
63.2288,2.3746,0,0,1.97271,0.105718,0.36288,3.6288,61.1049,0.66528,0,0,0.734358,0.272147,0,0.66528,12.849,1,0.476,0.36288,0,43.64,5.56551,37.9614,0.84672,12.849,0.84672,3695.15,0,36.966,0.527625,0.746989,2.20101,4.31874,1.30865,5.43046,0.42336,36.966,0.42336,423.524,0,1.02816,0,0,1.77515,0.746989,1.028160,1,0,43.3919,0,0,0,43.3919,0
62.1339,2.36962,0,0,1.74316,0.105629,0.36288,3.6288,60.7284,0.66528,0,0,0.580088,0.291334,0,0.66528,12.849,1,0.48154,0.36288,0,40.6291,5.82907,34.6813,0.84672,12.849,0.84672,3695.15,0,36.966,0.527961,0.42609,2.2502,3.40853,1.37957,4.17729,0.42336,36.966,0.42336,423.524,0,1.02816,0,0,1.45425,0.42609,1.028160,1,0,38.8586,0,0,0,38.8586,0
61.023,2.36304,0,0,1.71973,0.104687,0.36288,3.6288,60.4001,0.66528,0,0,0.627595,0.29064,0,0.66528,12.849,1,0.488666,0.36288,0,37.6997,5.82907,31.7448,0.84672,12.849,0.84672,3695.15,0,36.966,0.528298,0.524094,2.25056,3.85468,1.37957,4.72148,0.42336,36.966,0.42336,423.524,0,1.02816,0,0,1.55225,0.524094,1.028160,1,0,36.4663,0,0,0,36.4663,0
60.0721,2.35615,0,0,1.85564,0.0875164,0.36288,3.6288,60.1271,0.66528,0,0,0.663034,0.270783,0,0.66528,12.849,1,0.496111,0.36288,0,38.8577,6.07065,32.6538,0.84672,12.849,0.84672,3695.15,0,36.966,0.528635,0.686111,2.25092,4.75498,1.44935,5.71403,0.42336,36.966,0.42336,423.524,0,1.02816,0,0,1.71427,0.686111,1.028160,1,0,38.3679,0,0,0,38.3679,0
59.0696,2.52373,0,0,1.97011,0.0859446,0.36288,3.6288,59.9302,0.66528,0,0,0.737243,0.268772,0,0.66528,12.849,1,0.539808,0.36288,0,41.9683,6.11521,35.6761,0.84672,12.849,0.84672,3695.15,0,36.966,0.694276,0.962721,2.25129,4.31358,1.46025,5.37306,0.42336,36.966,0.42336,423.524,0,1.02816,0,0,1.99088,0.962721,1.028160,1,0,41.0492,0,0,0,41.0492,0
57.5489,2.51669,0,0,1.44009,0.081278,0.36288,3.6288,59.5104,0.66528,0,0,0.572304,0.326832,0,0.66528,12.849,1,0.547438,0.36288,0,37.9107,6.43093,31.2952,0.84672,12.849,0.84672,3695.15,0,36.966,0.694642,0.614736,2.41886,3.76893,1.48365,4.62423,0.42336,36.966,0.42336,423.524,0,1.02816,0,0,1.6429,0.614736,1.028160,1,0,35.9194,0,0,0,35.9194,0
55.8917,2.50535,0,0,1.29113,0.0800853,0.36288,3.6288,59.038,0.66528,0,0,0.518784,0.325957,0,0.66528,12.849,1,0.559371,0.36288,0,33.8435,6.43093,27.2161,0.84672,12.849,0.84672,3695.15,0,36.966,0.695007,0.508075,2.41925,3.6753,1.48365,4.42396,0.42336,36.966,0.42336,423.524,0,1.02816,0,0,1.53624,0.508075,1.028160,1,0,31.64,0,0,0,31.64,0
54.503,2.49234,0,0,1.54535,0.0787856,0.36288,3.6288,58.605,0.66528,0,0,0.557312,0.324972,0,0.66528,12.849,1,0.572967,0.36288,0,35.0258,6.43093,28.3848,0.84672,12.849,0.84672,3695.15,0,36.966,0.695373,0.64025,2.41964,4.03133,1.48365,4.91219,0.42336,36.966,0.42336,423.524,0,1.02816,0,0,1.66841,0.64025,1.028160,1,0,33.297,0,0,0,33.297,0
54.202,2.48101,0,0,2.6424,0.0995538,0.36288,3.6288,58.3368,0.66528,0,0,0.715815,0.318798,0,0.66528,12.849,1,0.584893,0.36288,0,58.2084,6.28251,51.7038,0.84672,12.849,0.84672,3695.15,0,36.966,0.695739,0.915209,2.42004,4.4624,1.46545,5.63645,0.42336,36.966,0.42336,423.524,0,1.02816,0,0,1.94337,0.915209,1.028160,1,0,57.3403,0,0,0,57.3403,0
53.5797,2.39577,0,0,2.23663,0.100306,0.36288,3.6288,57.8805,0.66528,0,0,0.533848,0.324893,0,0.66528,12.849,1,0.567935,0.36288,0,30.3909,5.86416,24.3216,0.84672,12.849,0.84672,3695.15,0,36.966,0.595683,0.775466,2.42043,4.49568,1.41165,5.68424,0.42336,36.966,0.42336,423.524,0,1.02816,0,0,1.80363,0.775466,1.028160,1,0,30.0059,0,0,0,30.0059,0
52.7934,2.39091,0,0,2.1363,0.168757,0.36288,3.6288,57.5382,0.66528,0,0,0.609936,0.286904,0,0.66528,12.849,1,0.573366,0.36288,0,25.4092,4.72805,20.4707,0.84672,12.849,0.84672,3695.15,0,36.966,0.596032,1.14807,2.32397,5.5025,1.16766,7.21085,0.42336,36.966,0.42336,423.524,0,1.02816,0,0,2.17623,1.14807,1.028160,1,0,27.6815,0,0,0,27.6815,0
51.8768,2.3845,0,0,2.00332,0.172609,0.36288,3.6288,57.2406,0.66528,0,0,0.655918,0.288233,0,0.66528,12.849,1,0.580346,0.36288,0,30.2305,4.76059,25.2524,0.84672,12.849,0.84672,3695.15,0,36.966,0.59638,1.17813,2.32435,5.79449,1.1863,7.51429,0.42336,36.966,0.42336,423.524,0,1.02816,0,0,2.20629,1.17813,1.028160,1,0,32.7667,0,0,0,32.7667,0
51.1952,2.37674,0,0,2.22903,0.170984,0.36288,3.6288,57.0245,0.66528,0,0,0.736811,0.287678,0,0.66528,12.849,1,0.588679,0.36288,0,45.5789,4.76059,40.5925,0.84672,12.849,0.84672,3695.15,0,36.966,0.596729,1.47249,2.32473,6.68511,1.1863,8.6993,0.42336,36.966,0.42336,423.524,0,1.02816,0,0,2.50065,1.47249,1.028160,1,0,49.2918,0,0,0,49.2918,0
50.3599,2.30344,0,0,2.03952,0.208461,0.36288,3.6288,57.0024,0.66528,0,0,0.899756,0.256522,0,0.66528,12.849,1,0.578119,0.36288,0,77.7525,4.39074,73.1465,0.84672,12.849,0.84672,3695.15,0,36.966,0.505604,1.31141,2.3251,7.4331,1.11704,9.44696,0.42336,36.966,0.42336,423.524,0,1.02816,0,0,2.33957,1.31141,1.028160,1,0,82.5935,0,0,0,82.5935,0
48.4852,2.29625,0,0,1.04222,0.257774,0.36288,3.6288,56.1569,1.01924,0,0,0.389233,0.215489,0,0.66528,12.849,1,0.585872,0.36288,0,33.6388,3.8976,29.5182,0.84672,12.849,0.84672,3695.15,0,36.966,0.660977,0.216518,2.23899,4.34077,1.0247,5.1106,0.42336,36.966,0.42336,423.524,0,0.519158,0,0,0.735676,0.216518,1.028160,1,0,34.6288,0,0,0,34.6288,0
47.8529,2.27878,0,0,2.26195,0.252656,0.36288,3.6288,56.0898,0.66528,0,0,0.812486,0.214305,0,0.66528,12.849,1,0.603897,0.36288,0,50.3333,3.8976,46.1947,0.84672,12.849,0.84672,3695.15,0,36.966,0.506269,0.619255,2.23935,6.2775,1.0247,7.60514,0.42336,36.966,0.42336,423.524,0,1.02816,0,0,1.64741,0.619255,1.028160,1,0,53.7998,0,0,0,53.7998,0
49.588,2.27293,0,0,4.62186,0.250922,0.36288,3.6288,56.7826,0.66528,0,0,1.57232,0.214211,0,0.66528,12.849,1,0.610306,0.36288,0,100.823,3.8976,96.6777,0.84672,12.849,0.84672,3695.15,0,36.966,0.506602,2.57007,2.23971,10.0788,1.0247,13.3573,0.42336,36.966,0.42336,423.524,0,1.02816,0,0,3.59823,2.57007,1.028160,1,0,110.035,0,0,0,110.035,0
50.8922,2.09976,0,0,4.04429,0.277492,0.36288,3.6288,57.2427,0.594527,0,0,1.27623,0.221651,0,0.66528,12.849,1,0.544079,0.36288,0,58.3063,3.6163,54.5088,0.84672,12.849,0.84672,3695.15,0,36.966,0.387042,1.61707,2.24007,7.38261,0.920902,9.93181,0.42336,36.966,0.42336,423.524,0,1.02816,0,0,2.64523,1.61707,1.028160,1,0,64.4406,0,0,0,64.4406,0
52.4105,2.1113,0,0,4.24489,0.252406,0.36288,3.6288,57.6828,0.596599,0,0,1.23485,0.198151,0,0.66528,12.849,1,0.533051,0.36288,0,72.3781,3.64801,68.56,0.84672,12.849,0.84672,3695.15,0,36.966,0.38527,2.07763,2.04817,10.5258,0.892078,13.3742,0.42336,36.966,0.42336,423.524,0,1.02816,0,0,3.10579,2.07763,1.028160,1,0,81.9342,0,0,0,81.9342,0
52.1574,2.12412,0,0,2.49039,0.256421,0.36288,3.6288,57.8844,0.598573,0,0,0.998922,0.198717,0,0.66528,12.849,1,0.520751,0.36288,0,66.7603,3.64801,62.9544,0.84672,12.849,0.84672,3695.15,0,36.966,0.383595,1.5875,2.0485,6.06657,0.892078,8.4269,0.42336,36.966,0.42336,423.524,0,1.02816,0,0,2.61566,1.5875,1.028160,1,0,71.3813,0,0,0,71.3813,0
52.0123,2.12251,0,0,2.59603,0.255752,0.36288,3.6288,57.9851,0.599571,0,0,0.899182,0.198976,0,0.66528,12.849,1,0.52288,0.36288,0,72.3332,3.64801,68.5252,0.84672,12.849,0.84672,3695.15,0,36.966,0.382896,1.37434,2.04883,6.54674,0.892078,8.69493,0.42336,36.966,0.42336,423.524,0,1.02816,0,0,2.4025,1.37434,1.028160,1,0,77.2201,0,0,0,77.2201,0
51.4231,2.12175,0,0,2.14572,0.25033,0.36288,3.6288,58.0629,0.600159,0,0,0.922596,0.244638,0,0.66528,12.849,1,0.524153,0.36288,0,73.5601,4.78444,68.6144,0.84672,12.849,0.84672,3695.15,0,36.966,0.382607,1.09335,2.04916,6.51408,1.40839,7.86559,0.42336,36.966,0.42336,423.524,0,1.02816,0,0,2.12151,1.09335,1.028160,1,0,76.48,0,0,0,76.48,0
50.0879,2.19126,0,0,1.42618,0.207226,0.36288,3.6288,57.8992,0.63441,0,0,0.685276,0.21454,0,0.66528,12.849,1,0.547526,0.36288,0,35.3267,3.86018,31.2819,0.84672,12.849,0.84672,3695.15,0,36.966,0.4039,0.415653,2.04948,4.18635,1.04149,5.20609,0.42336,36.966,0.42336,423.524,0,1.02816,0,0,1.44381,0.415653,1.028160,1,0,36.488,0,0,0,36.488,0
49.1892,2.18005,0,0,1.83248,0.188274,0.36288,3.6288,57.9792,0.633893,0,0,0.913127,0.199204,0,0.66528,12.849,1,0.559245,0.36288,0,30.7363,3.41471,27.1252,0.84672,12.849,0.84672,3695.15,0,36.966,0.404712,0.877202,2.1098,6.95341,0.860316,8.67539,0.42336,36.966,0.42336,423.524,0,1.02816,0,0,1.90536,0.877202,1.028160,1,0,35.8006,0,0,0,35.8006,0
49.0055,2.17235,0,0,2.56683,0.215268,0.36288,3.6288,57.9657,0.634413,0,0,0.823651,0.202757,0,0.66528,12.849,1,0.567452,0.36288,0,50.5077,3.61684,46.6863,0.84672,12.849,0.84672,3695.15,0,36.966,0.404485,0.64082,2.11013,6.09384,0.973418,7.46688,0.42336,36.966,0.42336,423.524,0,1.02816,0,0,1.66898,0.64082,1.028160,1,0,54.1532,0,0,0,54.1532,0
48.48,2.11719,0,0,2.20769,0.25315,0.36288,3.6288,57.9344,0.610451,0,0,0.786533,0.207338,0,0.66528,12.849,1,0.555117,0.36288,0,49.2838,3.88637,45.2052,0.84672,12.849,0.84672,3695.15,0,36.966,0.389298,0.629156,2.11045,6.10173,1.12422,7.32782,0.42336,36.966,0.42336,423.524,0,1.02816,0,0,1.65732,0.629156,1.028160,1,0,52.533,0,0,0,52.533,0
47.7838,2.10621,0,0,2.02941,0.256462,0.36288,3.6288,58.4489,0.626718,0,0,1.33931,0.19812,0,0.66528,12.849,1,0.558224,0.36288,0,46.7641,3.82987,42.7389,0.84672,12.849,0.84672,3695.15,0,36.966,0.399888,1.84051,2.06755,6.8364,1.05914,9.28544,0.42336,36.966,0.42336,423.524,0,1.02816,0,0,2.86867,1.84051,1.028160,1,0,52.0243,0,0,0,52.0243,0
46.1661,2.10019,0,0,1.11159,0.266304,0.36288,3.6288,58.0897,0.858426,0,0,0.674949,0.175762,0,0.66528,12.849,1,0.564738,0.36288,0,33.2542,3.68865,29.3636,0.84672,12.849,0.84672,3695.15,0,36.966,0.542912,0.503194,2.08683,3.51483,0.896425,4.66551,0.42336,36.966,0.42336,423.524,0,0.65372,0,0,1.15691,0.503194,1.028160,1,0,34.0292,0,0,0,34.0292,0
46.7231,2.08509,0,0,3.26657,0.261592,0.36288,3.6288,58.6524,0.627728,0,0,1.36579,0.175355,0,0.66528,12.849,1,0.580326,0.36288,0,60.9919,3.68865,57.0858,0.84672,12.849,0.84672,3695.15,0,36.966,0.399461,1.84917,2.08714,6.722,0.896425,9.36242,0.42336,36.966,0.42336,423.524,0,1.02816,0,0,2.87733,1.84917,1.028160,1,0,66.4482,0,0,0,66.4482,0
46.3379,2.09091,0,0,2.33188,0.263214,0.36288,3.6288,58.6204,0.630258,0,0,0.774236,0.175992,0,0.66528,12.849,1,0.575007,0.36288,0,47.6378,3.68865,43.7371,0.84672,12.849,0.84672,3695.15,0,36.966,0.397223,0.892452,2.08746,4.72869,0.896425,6.41495,0.42336,36.966,0.42336,423.524,0,1.02816,0,0,1.92061,0.892452,1.028160,1,0,50.152,0,0,0,50.152,0
45.8519,1.79293,0,0,1.91636,0.246558,0.36288,3.6288,58.7602,0.488345,0,0,0.808457,0.180303,0,0.66528,12.849,1,0.497161,0.36288,0,36.6887,3.74466,32.8098,0.84672,12.849,0.84672,3695.15,0,36.966,0.30795,0.608429,2.08778,5.16112,0.918845,6.63054,0.42336,36.966,0.42336,423.524,0,1.01206,0,0,1.62048,0.608429,1.028160,1,0,39.4403,0,0,0,39.4403,0
47.1888,1.78915,0,0,3.72857,0.239665,0.36288,3.6288,60.4825,0.479062,0,0,2.37857,0.177157,0,0.66528,12.849,1,0.501371,0.36288,0,66.3208,3.97215,62.2102,0.84672,12.849,0.84672,3695.15,0,36.966,0.301378,2.15264,1.82629,11.5923,1.03347,14.2364,0.42336,36.966,0.42336,423.524,0,1.02816,0,0,3.1808,2.15264,1.028160,1,0,76.4465,0,0,0,76.4465,0
48.2434,1.80066,0,0,3.46142,0.243245,0.36288,3.6288,61.308,0.484545,0,0,1.50457,0.179118,0.0154339,0.66528,12.849,1,0.490299,0.36288,0,79.6308,3.97215,75.5313,0.84672,12.849,0.84672,3695.15,0,36.966,0.296146,1.85558,1.82657,8.32602,1.03347,10.6786,0.42336,36.966,0.42336,423.524,0,1.02816,0,0,2.88374,1.85558,1.028160,1,0,86.2252,0,0,0,86.2252,0
48.5755,1.80946,0,0,2.78325,0.278858,0.36288,3.6288,61.308,0.487189,0,0,1.27343,0.12592,0.660324,0.66528,12.849,1,0.481926,0.36288,0,54.1067,3.35137,50.6363,0.84672,12.849,0.84672,3695.15,0,36.966,0.293753,1.31134,1.82684,6.66644,0.860941,8.64993,0.42336,36.966,0.42336,423.524,0,1.02816,0,0,2.3395,1.31134,1.028160,1,0,59.9465,0,0,0,59.9465,0
49.3238,1.81241,0,0,3.21169,0.28805,0.36288,3.6288,61.308,0.487345,0,0,1.405,0.137582,0.780075,0.66528,12.849,1,0.479411,0.36288,0,63.0998,3.84353,59.1398,0.84672,12.849,0.84672,3695.15,0,36.966,0.293847,1.53322,1.82712,7.3389,0.993764,9.41163,0.42336,36.966,0.42336,423.524,0,1.02816,0,0,2.56138,1.53322,1.028160,1,0,69.3315,0,0,0,69.3315,0
48.8002,1.89373,0,0,1.95176,0.218789,0.36288,3.6288,61.308,0.525318,0,0,1.181,0.194738,0.460945,0.66528,12.849,1,0.493323,0.36288,0,43.8803,4.67841,39.0715,0.84672,12.849,0.84672,3695.15,0,36.966,0.316743,0.890361,1.82739,5.35579,1.22588,6.53092,0.42336,36.966,0.42336,423.524,0,1.02816,0,0,1.91852,0.890361,1.028160,1,0,46.0633,0,0,0,46.0633,0
48.6599,1.8899,0,0,2.3188,0.206315,0.36288,3.6288,61.308,0.525481,0,0,1.52294,0.2001,0.797358,0.66528,12.849,1,0.497606,0.36288,0,41.7941,4.725,36.9344,0.84672,12.849,0.84672,3695.15,0,36.966,0.316842,0.654687,1.89227,4.8197,1.23934,5.81048,0.42336,36.966,0.42336,423.524,0,1.02816,0,0,1.68285,0.654687,1.028160,1,0,43.5422,0,0,0,43.5422,0
48.2965,1.88911,0,0,2.09456,0.206002,0.36288,3.6288,61.308,0.525644,0,0,1.46369,0.2001,0.73795,0.66528,12.849,1,0.498834,0.36288,0,52.0986,4.725,47.2376,0.84672,12.849,0.84672,3695.15,0,36.966,0.31694,0.909602,1.89255,4.47485,1.23934,5.72073,0.42336,36.966,0.42336,423.524,0,1.02816,0,0,1.93776,0.909602,1.028160,1,0,53.6963,0,0,0,53.6963,0
47.9654,1.8865,0,0,2.07254,0.154232,0.36288,3.6288,61.308,0.525806,0,0,1.15389,0.233464,0.394619,0.66528,12.849,1,0.501893,0.36288,0,45.5494,5.3397,40.0707,0.84672,12.849,0.84672,3695.15,0,36.966,0.317038,1.2765,1.89284,4.47765,1.35318,5.97677,0.42336,36.966,0.42336,423.524,0,1.02816,0,0,2.30466,1.2765,1.028160,1,0,46.4421,0,0,0,46.4421,0
47.529,1.85487,0,0,1.90577,0.124411,0.36288,3.6288,61.308,0.511272,0,0,1.06474,0.245004,0.308466,0.66528,12.849,1,0.496884,0.36288,0,41.261,5.3073,35.8197,0.84672,12.849,0.84672,3695.15,0,36.966,0.308274,0.710692,1.89312,4.11388,1.35382,5.0556,0.42336,36.966,0.42336,423.524,0,1.02816,0,0,1.73885,0.710692,1.028160,1,0,41.1838,0,0,0,41.1838,0
46.8145,1.85162,0,0,1.61716,0.117134,0.36288,3.6288,61.308,0.511432,0,0,1.03607,0.243649,0.280984,0.66528,12.849,1,0.500569,0.36288,0,35.2195,5.09859,29.9832,0.84672,12.849,0.84672,3695.15,0,36.966,0.308371,0.732681,1.86826,4.07193,1.32014,5.04435,0.42336,36.966,0.42336,423.524,0,1.02816,0,0,1.76084,0.732681,1.028160,1,0,35.3085,0,0,0,35.3085,0
46.2106,1.84598,0,0,1.72119,0.116216,0.36288,3.6288,61.308,0.511593,0,0,0.889842,0.243649,0.1346,0.66528,12.849,1,0.506658,0.36288,0,33.0674,5.09859,27.825,0.84672,12.849,0.84672,3695.15,0,36.966,0.308468,0.812195,1.86854,4.1273,1.32014,5.17942,0.42336,36.966,0.42336,423.524,0,1.02816,0,0,1.84035,0.812195,1.028160,1,0,33.139,0,0,0,33.139,0
45.2782,1.84114,0,0,1.38706,0.11544,0.36288,3.6288,61.2944,0.511753,0,0,0.74183,0.243649,0,0.66528,12.849,1,0.511935,0.36288,0,26.843,5.09859,21.5954,0.84672,12.849,0.84672,3695.15,0,36.966,0.308564,0.556252,1.86882,3.33126,1.32014,4.12763,0.42336,36.966,0.42336,423.524,0,1.02816,0,0,1.58441,0.556252,1.028160,1,0,25.723,0,0,0,25.723,0
44.1009,1.93141,0,0,1.21433,0.0973083,0.36288,3.6288,61.116,0.603636,0,0,0.674006,0.248756,0,0.66528,12.849,1,0.548094,0.36288,0,22.3779,5.07349,17.1192,0.84672,12.849,0.84672,3695.15,0,36.966,0.364046,0.402797,1.8691,3.02397,1.30452,3.6273,0.42336,36.966,0.42336,423.524,0,0.964656,0,0,1.36745,0.402797,1.028160,1,0,20.7465,0,0,0,20.7465,0
43.0279,1.92044,0,0,1.27272,0.062389,0.36288,3.6288,61.0753,0.563572,0,0,0.808073,0.285235,0,0.66528,12.849,1,0.559529,0.36288,0,27.4239,4.77288,22.4543,0.84672,12.849,0.84672,3695.15,0,36.966,0.340876,0.578258,1.95758,3.42877,1.27336,4.35038,0.42336,36.966,0.42336,423.524,0,1.02816,0,0,1.60642,0.578258,1.028160,1,0,26.8047,0,0,0,26.8047,0
41.829,1.91005,0,0,1.13566,0.061626,0.36288,3.6288,60.9806,0.5636,0,0,0.754082,0.285161,0,0.66528,12.849,1,0.57038,0.36288,0,25.2857,4.77288,20.3053,0.84672,12.849,0.84672,3695.15,0,36.966,0.34112,0.44496,1.95788,3.08615,1.27336,3.87451,0.42336,36.966,0.42336,423.524,0,1.02816,0,0,1.47312,0.44496,1.028160,1,0,24.1798,0,0,0,24.1798,0
40.6214,1.8979,0,0,1.11396,0.0607736,0.36288,3.6288,60.8265,0.567177,0,0,0.698034,0.28499,0,0.66528,12.849,1,0.582995,0.36288,0,23.7427,4.77288,18.7497,0.84672,12.849,0.84672,3695.15,0,36.966,0.343819,0.30119,1.95818,2.84827,1.27336,3.49046,0.42336,36.966,0.42336,423.524,0,1.02216,0,0,1.32335,0.30119,1.028160,1,0,22.2402,0,0,0,22.2402,0
39.291,1.88509,0,0,0.972078,0.0546051,0.36288,3.6288,60.5647,0.621152,0,0,0.648812,0.289419,0,0.66528,12.849,1,0.596273,0.36288,0,21.2211,4.82643,16.1613,0.84672,12.849,0.84672,3695.15,0,36.966,0.377492,0.30119,1.95847,2.75486,1.28704,3.34999,0.42336,36.966,0.42336,423.524,0,0.934779,0,0,1.23597,0.30119,1.028160,1,0,19.5113,0,0,0,19.5113,0
38.0855,1.85143,0,0,1.06455,0.055655,0.36288,3.6288,60.109,0.741882,0,0,0.58753,0.301349,0,0.66528,12.849,1,0.605457,0.36288,0,18.8789,5.4153,13.221,0.84672,12.849,0.84672,3695.15,0,36.966,0.452812,0.30119,1.95877,2.24244,1.29864,2.75095,0.42336,36.966,0.42336,423.524,0,0.784987,0,0,1.08618,0.30119,1.028160,1,0,15.972,0,0,0,15.972,0
36.8615,1.83744,0,0,1.03661,0.0603481,0.36288,3.6288,59.705,0.698436,0,0,0.592256,0.297853,0,0.66528,12.849,1,0.619902,0.36288,0,17.7595,5.45989,12.0426,0.84672,12.849,0.84672,3695.15,0,36.966,0.429526,0.261274,1.98992,2.25845,1.28689,2.79324,0.42336,36.966,0.42336,423.524,0,0.851999,0,0,1.11327,0.261274,1.028160,1,0,14.8358,0,0,0,14.8358,0
35.6486,1.82252,0,0,1.03199,0.0594843,0.36288,3.6288,59.297,0.680756,0,0,0.569807,0.297087,0,0.66528,12.849,1,0.635285,0.36288,0,16.7574,5.45989,11.0251,0.84672,12.849,0.84672,3695.15,0,36.966,0.421486,0.261274,1.99022,2.39141,1.28689,2.93453,0.42336,36.966,0.42336,423.524,0,0.877997,0,0,1.13927,0.261274,1.028160,1,0,13.9596,0,0,0,13.9596,0
34.412,1.80697,0,0,0.981901,0.0486432,0.36288,3.6288,58.8452,0.6887,0,0,0.55625,0.319333,0,0.66528,12.849,1,0.651295,0.36288,0,15.795,5.78565,9.72089,0.84672,12.849,0.84672,3695.15,0,36.966,0.429339,0.261274,1.99053,2.32468,1.39714,2.75,0.42336,36.966,0.42336,423.524,0,0.862479,0,0,1.12375,0.261274,1.028160,1,0,12.4709,0,0,0,12.4709,0
33.0815,1.83718,0,0,0.907943,0.0384215,0.36288,3.6288,58.2885,0.755114,0,0,0.526466,0.328039,0,0.66528,12.849,1,0.68598,0.36288,0,15.5788,5.93854,9.31714,0.84672,12.849,0.84672,3695.15,0,36.966,0.474356,0.261274,1.99083,2.32364,1.5378,2.56359,0.42336,36.966,0.42336,423.524,0,0.79234,0,0,1.05361,0.261274,1.028160,1,0,11.8807,0,0,0,11.8807,0
31.8235,1.81765,0,0,0.96495,0.0423802,0.36288,3.6288,57.8037,0.70726,0,0,0.524533,0.302064,0,0.66528,12.849,1,0.705983,0.36288,0,15.4562,5.40509,9.70799,0.84672,12.849,0.84672,3695.15,0,36.966,0.448538,0.261274,2.03489,2.29334,1.47067,2.6703,0.42336,36.966,0.42336,423.524,0,0.866298,0,0,1.12757,0.261274,1.028160,1,0,12.3783,0,0,0,12.3783,0
30.4887,1.7981,0,0,0.867948,0.0417181,0.36288,3.6288,57.2881,0.706458,0,0,0.492006,0.301121,0,0.66528,12.849,1,0.725998,0.36288,0,14.5665,5.40509,8.79832,0.84672,12.849,0.84672,3695.15,0,36.966,0.451786,0.227405,2.0352,2.34121,1.47067,2.68136,0.42336,36.966,0.42336,423.524,0,0.864138,0,0,1.09154,0.227405,1.028160,1,0,11.4797,0,0,0,11.4797,0
29.0987,1.77607,0,0,0.789877,0.0410041,0.36288,3.6288,56.6932,0.766841,0,0,0.472003,0.300117,0,0.66528,12.849,1,0.748498,0.36288,0,13.6817,5.40509,7.891,0.84672,12.849,0.84672,3695.15,0,36.966,0.494815,0.227405,2.03551,2.17652,1.47067,2.47395,0.42336,36.966,0.42336,423.524,0,0.761011,0,0,0.988416,0.227405,1.028160,1,0,10.3649,0,0,0,10.3649,0
27.5064,1.88259,0,0,0.683492,0.0302877,0.36288,3.6288,55.9973,0.860091,0,0,0.470024,0.305819,0,0.66528,12.849,1,0.831287,0.36288,0,13.0538,5.6469,6.93852,0.84672,12.849,0.84672,3695.15,0,36.966,0.56081,0.227405,2.03582,2.20559,1.50071,2.40729,0.42336,36.966,0.42336,423.524,0,0.750185,0,0,0.97759,0.227405,1.028160,1,0,9.34582,0,0,0,9.34582,0
25.9795,1.85013,0,0,0.731903,0.0458072,0.36288,3.6288,55.3172,0.857704,0,0,0.462912,0.285259,0,0.66528,12.849,1,0.864246,0.36288,0,14.3379,5.10542,8.73113,0.84672,12.849,0.84672,3695.15,0,36.966,0.566204,0.227405,2.18596,2.05853,1.42418,2.48152,0.42336,36.966,0.42336,423.524,0,0.74749,0,0,0.974894,0.227405,1.028160,1,0,11.2126,0,0,0,11.2126,0
24.6379,1.81648,0,0,0.882559,0.0448378,0.36288,3.6288,54.7138,0.793702,0,0,0.474209,0.28399,0,0.66528,12.849,1,0.898398,0.36288,0,14.2656,5.10542,8.62466,0.84672,12.849,0.84672,3695.15,0,36.966,0.530395,0.204422,2.1863,2.97051,1.42418,3.40665,0.42336,36.966,0.42336,423.524,0,0.84761,0,0,1.05203,0.204422,1.028160,1,0,12.0313,0,0,0,12.0313,0
23.2211,1.78465,0,0,0.77474,0.0439861,0.36288,3.6288,54.0957,0.810599,0,0,0.475365,0.282864,0,0.66528,12.849,1,0.930723,0.36288,0,13.4612,5.10542,7.78795,0.84672,12.849,0.84672,3695.15,0,36.966,0.547661,0.204422,2.18663,2.18368,1.42418,2.60289,0.42336,36.966,0.42336,423.524,0,0.813758,0,0,1.01818,0.204422,1.028160,1,0,10.3908,0,0,0,10.3908,0
21.6749,1.74842,0,0,0.617122,0.0519611,0.36288,3.6288,53.3658,0.860625,0,0,0.412658,0.281943,0,0.66528,12.849,1,0.967459,0.36288,0,12.8312,5.17201,7.05458,0.84672,12.849,0.84672,3695.15,0,36.966,0.588104,0.204422,2.18696,1.94038,1.41114,2.33252,0.42336,36.966,0.42336,423.524,0,0.7236,0,0,0.928022,0.204422,1.028160,1,0,9.38711,0,0,0,9.38711,0
19.9086,1.83249,0,0,0.507629,0.0786312,0.36288,3.6288,52.2864,1.13465,0,0,0.295417,0.240079,0,0.66528,12.849,1,1.08631,0.36288,0,9.45683,4.84056,3.89284,0.84672,12.849,0.84672,3695.15,0,36.966,0.785964,0.204422,2.1873,1.4424,1.1736,1.87456,0.42336,36.966,0.42336,423.524,0,0.341193,0,0,0.545615,0.204422,1.028160,1,0,5.7674,0,0,0,5.7674,0
18.2779,1.59521,0,0,0.422505,0.0950392,0.36288,3.6288,51.3979,1.0266,0,0,0.357229,0.219178,0,0.66528,12.849,1,1.02955,0.36288,0,9.63317,4.62042,4.34608,0.84672,12.849,0.84672,3695.15,0,36.966,0.725793,0.216518,2.29446,1.70198,1.06925,2.4179,0.42336,36.966,0.42336,423.524,0,0.330562,0,0,0.54708,0.216518,1.028160,1,0,6.76398,0,0,0,6.76398,0
16.6993,1.54156,0,0,0.4187,0.092884,0.36288,3.6288,50.6289,0.967875,0,0,0.416452,0.217611,0,0.66528,12.849,1,1.08369,0.36288,0,9.42849,4.62042,4.08726,0.84672,12.849,0.84672,3695.15,0,36.966,0.696107,0.216518,2.10117,1.72155,1.06925,2.27388,0.42336,36.966,0.42336,423.524,0,0.419265,0,0,0.635783,0.216518,1.028160,1,0,6.36114,0,0,0,6.36114,0
15.1306,1.48394,0,0,0.368925,0.0907975,0.36288,3.6288,49.7937,0.987688,0,0,0.368777,0.216255,0,0.66528,12.3329,1,1.14179,0.36288,0,8.08868,4.62042,3.20544,0.84672,12.3329,0.84672,3695.15,0,36.966,0.721148,0.216518,2.10149,1.50119,1.06925,2.0288,0.42336,36.966,0.42336,423.524,0,0.374707,0,0,0.591226,0.216518,1.028160,1,0,5.23424,0,0,0,5.23424,0
13.756,1.4052,0,0,0.501402,0.107955,0.36288,3.6288,49.2448,0.815537,0,0,0.460779,0.194109,0,0.66528,12.849,1,1.14537,0.36288,0,12.1074,4.32555,6.48327,0.84672,12.849,0.84672,3695.15,0,36.966,0.605441,0.216518,2.10181,2.16461,1.02739,2.85011,0.42336,36.966,0.42336,423.524,0,0.580897,0,0,0.797416,0.216518,1.028160,1,0,9.33338,0,0,0,9.33338,0
12.6497,1.319,0,0,0.694325,0.118774,0.36288,3.6288,48.3843,1.00209,0,0,0.289882,0.148346,0,0.66528,12.849,1,1.23204,0.36288,0,15.1099,3.52023,10.7205,0.84672,12.849,0.84672,3695.15,0,36.966,0.752228,0.216518,2.02463,1.83838,0.835917,2.49137,0.42336,36.966,0.42336,423.524,0,0.247837,0,0,0.464355,0.216518,1.028160,1,0,13.2119,0,0,0,13.2119,0
12.3117,1.26578,0,0,1.40667,0.115931,0.36288,3.6288,48.1467,0.721367,0,0,0.631139,0.147294,0,0.66528,12.849,1,1.28573,0.36288,0,23.9352,3.52023,19.4921,0.84672,12.849,0.84672,3695.15,0,36.966,0.551131,0.292723,2.02493,3.86353,0.835917,4.79414,0.42336,36.966,0.42336,423.524,0,0.729942,0,0,1.02266,0.292723,1.028160,1,0,24.2863,0,0,0,24.2863,0
11.5193,1.24875,0,0,0.934235,0.115062,0.36288,3.6288,47.907,0.702272,0,0,0.609485,0.147003,0,0.66528,12.849,1,1.30324,0.36288,0,14.7316,3.52023,10.271,0.84672,12.849,0.84672,3695.15,0,36.966,0.539189,0.292723,2.02524,2.87758,0.835917,3.82043,0.42336,36.966,0.42336,423.524,0,0.761262,0,0,1.05398,0.292723,1.028160,1,0,14.0915,0,0,0,14.0915,0
11.2807,1.10496,0,0,1.368,0.138771,0.36288,3.6288,47.4833,0.742871,0,0,0.481574,0.162367,0,0.66528,12.849,1,1.23251,0.36288,0,28.7416,3.81018,24.0618,0.84672,12.849,0.84672,3695.15,0,36.966,0.573215,0.292723,2.02555,5.29002,0.90361,6.13147,0.42336,36.966,0.42336,423.524,0,0.516099,0,0,0.808822,0.292723,1.028160,1,0,30.1932,0,0,0,30.1932,0
10.695,1.09297,0,0,1.01907,0.148876,0.36288,3.6288,47.1913,0.622611,0,0,0.493258,0.162624,0,0.66528,12.849,1,1.24493,0.36288,0,29.0174,3.82844,24.307,0.84672,12.849,0.84672,3695.15,0,36.966,0.484706,0.292723,1.85359,4.32581,1.07683,4.91059,0.42336,36.966,0.42336,423.524,0,0.725121,0,0,1.01784,0.292723,1.028160,1,0,29.2175,0,0,0,29.2175,0
10.2495,1.0622,0,0,1.11162,0.132042,0.36288,3.6288,47.0956,0.451143,0,0,0.527498,0.172022,0,0.66528,12.849,1,1.27613,0.36288,0,32.0573,3.98973,27.1544,0.84672,12.849,0.84672,3695.15,0,36.966,0.35339,0.607306,1.85387,5.31494,0.956782,6.46594,0.42336,36.966,0.42336,423.524,0,1.02816,0,0,1.63547,0.607306,1.028160,1,0,33.6203,0,0,0,33.6203,0
10.1173,1.03779,0,0,1.40371,0.13528,0.36288,3.6288,46.9943,0.45538,0,0,0.506585,0.152512,0,0.66528,12.849,1,1.30099,0.36288,0,41.42,3.99987,36.482,0.84672,12.849,0.84672,3695.15,0,36.966,0.357434,0.412474,1.85414,5.08071,1.01994,5.96995,0.42336,36.966,0.42336,423.524,0,1.02013,0,0,1.43261,0.412474,1.028160,1,0,42.452,0,0,0,42.452,0
10.142,1.17687,0,0,1.69937,0.134861,0.36288,3.6288,46.5146,0.87464,0,0,0.547313,0.152383,0,0.66528,12.849,1,1.49464,0.36288,0,50.3927,3.99987,45.2611,0.84672,12.849,0.84672,3695.15,0,36.966,0.687996,0.412474,1.85442,4.15086,1.01994,4.70982,0.42336,36.966,0.42336,423.524,0,0.46313,0,0,0.875603,0.412474,1.028160,1,0,49.9709,0,0,0,49.9709,0
10.9895,1.2198,0,0,2.56485,0.13474,0.36288,3.6288,46.5632,0.587066,0,0,0.818611,0.182967,0,0.66528,12.849,1,1.54537,0.36288,0,54.0618,4.19421,48.6851,0.84672,12.849,0.84672,3695.15,0,36.966,0.466551,0.619946,2.06575,6.37612,1.09849,7.49678,0.42336,36.966,0.42336,423.524,0,1.02816,0,0,1.64811,0.619946,1.028160,1,0,56.1819,0,0,0,56.1819,0
12.8085,1.27496,0,0,3.59411,0.137268,0.36288,3.6288,46.6504,0.587493,0,0,0.881126,0.206479,0,0.66528,12.849,1,1.4907,0.36288,0,55.0551,4.33996,49.5873,0.84672,12.849,0.84672,3695.15,0,36.966,0.466404,1.11817,2.12657,8.69365,1.15739,10.3146,0.42336,36.966,0.42336,423.524,0,1.02816,0,0,2.14633,1.11817,1.028160,1,0,59.9019,0,0,0,59.9019,0
14.4462,1.38088,0,0,3.52455,0.143015,0.36288,3.6288,47.0019,0.588136,0,0,1.14631,0.206645,0,0.66528,12.849,1,1.38526,0.36288,0,72.0146,4.33996,66.6522,0.84672,12.849,0.84672,3695.15,0,36.966,0.466042,1.67676,2.12688,8.68389,1.15739,10.8641,0.42336,36.966,0.42336,423.524,0,1.02816,0,0,2.70492,1.67676,1.028160,1,0,77.5163,0,0,0,77.5163,0
15.2403,1.46426,0,0,2.76939,0.148189,0.36288,3.6288,47.3743,0.590244,0,0,1.16993,0.207273,0,0.66528,12.849,1,1.30236,0.36288,0,40.2122,4.33996,34.9328,0.84672,12.849,0.84672,3695.15,0,36.966,0.464214,1.79963,2.12719,6.32965,1.15739,8.63485,0.42336,36.966,0.42336,423.524,0,1.02816,0,0,2.82779,1.79963,1.028160,1,0,43.5676,0,0,0,43.5676,0
15.0522,1.66378,0,0,1.99585,0.157295,0.36288,3.6288,47.2022,0.66528,0,0,0.700391,0.207261,0,0.66528,12.849,1,1.40272,0.36288,0,35.1796,4.29786,29.8419,0.84672,12.849,0.84672,3695.15,0,36.966,0.598807,0.587909,2.1275,5.21433,1.15687,6.17406,0.42336,36.966,0.42336,423.524,0,1.02816,0,0,1.61607,0.587909,1.028160,1,0,36.0159,0,0,0,36.0159,0
15.981,1.81775,0,0,3.26706,0.157667,0.36288,3.6288,47.0788,0.539497,0,0,0.660961,0.2448,0,0.66528,12.849,1,1.55168,0.36288,0,27.0168,4.19947,21.6286,0.84672,12.849,0.84672,3695.15,0,36.966,0.422503,0.522072,2.34565,5.48509,1.27578,6.65453,0.42336,36.966,0.42336,423.524,0,1.02816,0,0,1.55023,0.522072,1.028160,1,0,28.2831,0,0,0,28.2831,0
17.6853,1.86803,0,0,4.09595,0.160714,0.36288,3.6288,47.3219,0.539053,0,0,1.01962,0.237481,0,0.66528,12.849,1,1.50193,0.36288,0,70.1693,4.13364,64.8966,0.84672,12.849,0.84672,3695.15,0,36.966,0.423261,1.10765,2.16903,8.24254,1.24401,9.85195,0.42336,36.966,0.42336,423.524,0,1.02816,0,0,2.13581,1.10765,1.028160,1,0,74.7486,0,0,0,74.7486,0
19.3897,1.95217,0,0,4.18417,0.164744,0.36288,3.6288,47.469,0.540449,0,0,0.883069,0.195486,0,0.66528,12.849,1,1.41832,0.36288,0,61.9129,3.73863,57.1189,0.84672,12.849,0.84672,3695.15,0,36.966,0.422177,1.04909,2.16937,5.28294,1.05339,7.02584,0.42336,36.966,0.42336,423.524,0,1.02816,0,0,2.07725,1.04909,1.028160,1,0,64.1447,0,0,0,64.1447,0
21.3835,1.77048,0,0,4.29977,0.172565,0.36288,3.6288,47.6638,0.383313,0,0,0.775799,0.197769,0,0.66528,12.849,1,1.17325,0.36288,0,78.4376,3.7479,73.8794,0.84672,12.849,0.84672,3695.15,0,36.966,0.298501,1.32854,2.16971,6.99307,1.03936,9.15345,0.42336,36.966,0.42336,423.524,0,1.02816,0,0,2.3567,1.32854,1.028160,1,0,83.0328,0,0,0,83.0328,0
23.3831,1.8391,0,0,4.40234,0.200772,0.36288,3.6288,48.0537,0.384152,0,0,0.984485,0.210362,0,0.66528,12.849,1,1.10509,0.36288,0,94.9216,3.80352,90.3759,0.84672,12.849,0.84672,3695.15,0,36.966,0.297932,0.881427,1.87278,8.22165,0.955221,9.7227,0.42336,36.966,0.42336,423.524,0,1.02816,0,0,1.90959,0.881427,1.028160,1,0,100.099,0,0,0,100.099,0
24.9751,1.90039,0,0,4.06152,0.206273,0.36288,3.6288,48.3809,0.385671,0,0,0.92391,0.211047,0,0.66528,12.849,1,1.04426,0.36288,0,114.735,3.80352,110.25,0.84672,12.849,0.84672,3695.15,0,36.966,0.296682,0.692608,1.87307,7.48189,0.955221,8.79567,0.42336,36.966,0.42336,423.524,0,1.02816,0,0,1.72077,0.692608,1.028160,1,0,119.046,0,0,0,119.046,0
26.8507,1.94465,0,0,4.3532,0.170015,0.36288,3.6288,49.1561,0.386961,0,0,1.34085,0.17872,0,0.66528,12.849,1,1.00047,0.36288,0,104.693,3.28035,100.775,0.84672,12.849,0.84672,3695.15,0,36.966,0.295662,1.22019,1.87337,9.0561,0.880069,10.9739,0.42336,36.966,0.42336,423.524,0,1.02816,0,0,2.24835,1.22019,1.028160,1,0,111.749,0,0,0,111.749,0
31.8832,1.99223,0,0,7.56715,0.179553,0.36288,3.6288,50.9335,0.389776,0,0,2.37755,0.210347,0,0.66528,12.849,1,0.953349,0.36288,0,123.828,4.21308,119.025,0.84672,12.849,0.84672,3695.15,0,36.966,0.293116,2.2645,1.87366,15.3204,0.978475,18.1869,0.42336,36.966,0.42336,423.524,0,1.02816,0,0,3.29266,2.2645,1.028160,1,0,137.212,0,0,0,137.212,0
34.493,2.17653,0,0,5.34633,0.197175,0.36288,3.6288,51.6954,0.435741,0,0,1.37772,0.180093,0,0.66528,12.849,1,0.877147,0.36288,0,104.462,3.59901,100.349,0.84672,12.849,0.84672,3695.15,0,36.966,0.316248,1.01014,1.87396,6.91991,0.789623,8.69814,0.42336,36.966,0.42336,423.524,0,1.02816,0,0,2.0383,1.01014,1.028160,1,0,109.047,0,0,0,109.047,0
34.8827,2.22524,0,0,3.18173,0.203848,0.36288,3.6288,51.753,0.620236,0,0,0.849476,0.171615,0,0.66528,12.849,1,0.828925,0.36288,0,58.9626,3.23316,55.2634,0.84672,12.849,0.84672,3695.15,0,36.966,0.443514,0.558835,1.9476,5.17723,0.72221,6.51794,0.42336,36.966,0.42336,423.524,0,0.716679,0,0,1.27551,0.558835,1.028160,1,0,61.7814,0,0,0,61.7814,0
35.4204,2.23236,0,0,3.33769,0.204818,0.36288,3.6288,51.8006,0.594106,0,0,0.813326,0.171695,0,0.66528,12.849,1,0.822285,0.36288,0,60.7256,3.23316,57.0331,0.84672,12.849,0.84672,3695.15,0,36.966,0.424356,0.528595,1.94791,4.98101,0.72221,6.31095,0.42336,36.966,0.42336,423.524,0,0.762247,0,0,1.29084,0.528595,1.028160,1,0,63.344,0,0,0,63.344,0
35.425,2.24187,0,0,2.81558,0.206156,0.36288,3.6288,51.6534,0.666219,0,0,0.690785,0.171761,0,0.66528,12.849,1,0.813255,0.36288,0,56.4962,3.23316,52.8126,0.84672,12.849,0.84672,3695.15,0,36.966,0.475428,0.528595,1.94822,4.18349,0.72221,5.46266,0.42336,36.966,0.42336,423.524,0,0.639343,0,0,1.16794,0.528595,1.028160,1,0,58.2753,0,0,0,58.2753,0
35.2686,2.2114,0,0,2.61882,0.200957,0.36288,3.6288,51.5703,0.518084,0,0,0.609005,0.173981,0,0.66528,12.849,1,0.802095,0.36288,0,45.5743,3.43575,41.6993,0.84672,12.849,0.84672,3695.15,0,36.966,0.370769,0.528595,1.94852,3.59643,0.78644,4.91634,0.42336,36.966,0.42336,423.524,0,0.865667,0,0,1.39426,0.528595,1.028160,1,0,46.6157,0,0,0,46.6157,0
34.9687,2.20914,0,0,2.44627,0.174191,0.36288,3.6288,51.3299,0.600457,0,0,0.54939,0.189332,0,0.66528,12.849,1,0.804829,0.36288,0,44.6024,3.82119,40.3392,0.84672,12.849,0.84672,3695.15,0,36.966,0.430412,0.528595,1.92027,3.27737,0.878966,4.41686,0.42336,36.966,0.42336,423.524,0,0.723928,0,0,1.25252,0.528595,1.028160,1,0,44.7561,0,0,0,44.7561,0
34.5421,2.20443,0,0,2.26579,0.125103,0.36288,3.6288,50.957,0.654008,0,0,0.500632,0.219497,0,0.66528,12.849,1,0.810004,0.36288,0,40.9288,4.10949,36.3722,0.84672,12.849,0.84672,3695.15,0,36.966,0.470993,0.528595,1.92057,3.09204,0.896181,4.17403,0.42336,36.966,0.42336,423.524,0,0.630072,0,0,1.15867,0.528595,1.028160,1,0,40.5462,0,0,0,40.5462,0
34.0711,2.19749,0,0,2.2139,0.124455,0.36288,3.6288,50.8159,0.484206,0,0,0.561866,0.218833,0,0.66528,12.849,1,0.817425,0.36288,0,39.7364,4.10949,35.1724,0.84672,12.849,0.84672,3695.15,0,36.966,0.35126,0.402797,1.92088,3.68092,0.896181,4.75715,0.42336,36.966,0.42336,423.524,0,0.919884,0,0,1.32268,0.402797,1.028160,1,0,39.9295,0,0,0,39.9295,0
33.4898,2.2935,0,0,2.19878,0.12374,0.36288,3.6288,50.5068,0.649583,0,0,0.559066,0.218582,0,0.66528,12.849,1,0.86493,0.36288,0,38.929,4.10949,34.3174,0.84672,12.849,0.84672,3695.15,0,36.966,0.472539,0.402797,1.92118,3.12996,0.896181,4.08522,0.42336,36.966,0.42336,423.524,0,0.728421,0,0,1.13122,0.402797,1.028160,1,0,38.4027,0,0,0,38.4027,0
32.6424,2.28301,0,0,1.90576,0.10731,0.36288,3.6288,50.123,0.62239,0,0,0.464691,0.22608,0,0.66528,12.849,1,0.875919,0.36288,0,31.2178,4.79766,25.9071,0.84672,12.849,0.84672,3695.15,0,36.966,0.455528,0.402797,2.02162,2.69711,0.988206,3.67779,0.42336,36.966,0.42336,423.524,0,0.772917,0,0,1.17571,0.402797,1.028160,1,0,29.5849,0,0,0,29.5849,0
31.6198,2.26705,0,0,1.71351,0.106186,0.36288,3.6288,49.6606,0.671773,0,0,0.434751,0.225372,0,0.66528,12.849,1,0.892377,0.36288,0,28.7855,4.79766,23.4583,0.84672,12.849,0.84672,3695.15,0,36.966,0.495437,0.402797,2.02194,2.50296,0.988206,3.44406,0.42336,36.966,0.42336,423.524,0,0.683917,0,0,1.08671,0.402797,1.028160,1,0,26.9024,0,0,0,26.9024,0
30.5687,2.24688,0,0,1.66354,0.10483,0.36288,3.6288,49.1599,0.676057,0,0,0.399903,0.224519,0,0.66528,12.849,1,0.913041,0.36288,0,26.9101,4.79766,21.5622,0.84672,12.849,0.84672,3695.15,0,36.966,0.503238,0.30119,2.02226,2.29894,0.988206,3.13094,0.42336,36.966,0.42336,423.524,0,0.672123,0,0,0.973313,0.30119,1.028160,1,0,24.6932,0,0,0,24.6932,0
29.3625,2.22513,0,0,1.47106,0.0893096,0.36288,3.6288,48.594,0.704667,0,0,0.375351,0.236589,0,0.66528,12.849,1,0.935291,0.36288,0,23.9212,4.95831,18.3905,0.84672,12.849,0.84672,3695.15,0,36.966,0.529878,0.30119,2.02257,2.24501,1.02925,3.00964,0.42336,36.966,0.42336,423.524,0,0.617164,0,0,0.918354,0.30119,1.028160,1,0,21.4001,0,0,0,21.4001,0
28.067,2.17905,0,0,1.32686,0.0803951,0.36288,3.6288,48.0067,0.728208,0,0,0.361559,0.220617,0,0.66528,12.849,1,0.953552,0.36288,0,21.0386,4.63491,15.813,0.84672,12.849,0.84672,3695.15,0,36.966,0.553956,0.30119,2.02289,1.91365,1.05188,2.63189,0.42336,36.966,0.42336,423.524,0,0.622045,0,0,0.923236,0.30119,1.028160,1,0,18.4449,0,0,0,18.4449,0
26.6599,2.1492,0,0,1.18832,0.0833181,0.36288,3.6288,47.441,0.71568,0,0,0.356735,0.20676,0,0.66528,12.849,1,0.983898,0.36288,0,20.7451,4.41987,15.7042,0.84672,12.849,0.84672,3695.15,0,36.966,0.551085,0.30119,2.05824,1.74246,1.03904,2.51177,0.42336,36.966,0.42336,423.524,0,0.637744,0,0,0.938935,0.30119,1.028160,1,0,18.216,0,0,0,18.216,0
25.176,2.11449,0,0,1.07514,0.0817059,0.36288,3.6288,46.8111,0.755175,0,0,0.331062,0.205785,0,0.66528,12.849,1,1.0191,0.36288,0,18.6293,4.41987,13.5532,0.84672,12.849,0.84672,3695.15,0,36.966,0.588432,0.261274,2.05857,1.67117,1.03904,2.36353,0.42336,36.966,0.42336,423.524,0,0.561203,0,0,0.822476,0.261274,1.028160,1,0,15.9168,0,0,0,15.9168,0
23.6997,2.07505,0,0,1.0243,0.0626914,0.36288,3.6288,46.1118,0.748673,0,0,0.313246,0.263906,0,0.66528,12.849,1,1.05904,0.36288,0,16.8769,5.26677,10.9139,0.84672,12.849,0.84672,3695.15,0,36.966,0.591215,0.261274,2.05889,1.58333,1.34818,1.9641,0.42336,36.966,0.42336,423.524,0,0.56522,0,0,0.826494,0.261274,1.028160,1,0,12.878,0,0,0,12.878,0
22.1248,2.08002,0,0,0.925862,0.0578574,0.36288,3.6288,45.3299,0.806502,0,0,0.298102,0.273542,0,0.66528,12.849,1,1.12771,0.36288,0,15.3428,5.56887,9.00913,0.84672,12.849,0.84672,3695.15,0,36.966,0.646541,0.261274,2.05921,1.51752,1.40873,1.78274,0.42336,36.966,0.42336,423.524,0,0.498925,0,0,0.760199,0.261274,1.028160,1,0,10.7919,0,0,0,10.7919,0
20.7621,2.02956,0,0,1.08472,0.0549468,0.36288,3.6288,44.669,0.788559,0,0,0.403064,0.275323,0,0.66528,12.849,1,1.17867,0.36288,0,19.885,5.97125,13.098,0.84672,12.849,0.84672,3695.15,0,36.966,0.643061,0.261274,2.10922,1.69399,1.4313,1.99013,0.42336,36.966,0.42336,423.524,0,0.520655,0,0,0.781929,0.261274,1.028160,1,0,15.0881,0,0,0,15.0881,0
19.3617,1.98209,0,0,0.998542,0.0539366,0.36288,3.6288,43.9795,0.757586,0,0,0.341707,0.273627,0,0.66528,12.849,1,1.22665,0.36288,0,16.3333,5.97125,9.4983,0.84672,12.849,0.84672,3695.15,0,36.966,0.626942,0.261274,2.10955,1.63794,1.4313,1.95052,0.42336,36.966,0.42336,423.524,0,0.568054,0,0,0.829328,0.261274,1.028160,1,0,11.4488,0,0,0,11.4488,0
17.9312,1.92906,0,0,0.914311,0.0528986,0.36288,3.6288,43.2247,0.799426,0,0,0.316491,0.271856,0,0.66528,12.849,1,1.28018,0.36288,0,15.5246,5.97125,8.63606,0.84672,12.849,0.84672,3695.15,0,36.966,0.671939,0.227405,2.10988,1.43973,1.4313,1.67378,0.42336,36.966,0.42336,423.524,0,0.481525,0,0,0.708929,0.227405,1.028160,1,0,10.3098,0,0,0,10.3098,0
16.4931,1.99474,0,0,0.966021,0.0464688,0.36288,3.6288,42.5062,0.807475,0,0,0.363328,0.274425,0,0.66528,12.849,1,1.42938,0.36288,0,15.2259,6.12079,8.03864,0.84672,12.849,0.84672,3695.15,0,36.966,0.690556,0.227405,2.11021,1.90458,1.46118,2.09046,0.42336,36.966,0.42336,423.524,0,0.623328,0,0,0.850732,0.227405,1.028160,1,0,10.1291,0,0,0,10.1291,0
14.8921,1.92499,0,0,0.732663,0.0457756,0.36288,3.6288,41.6857,0.865664,0,0,0.284835,0.239691,0,0.66528,12.849,1,1.49967,0.36288,0,14.2292,6.11082,6.98161,0.84672,12.849,0.84672,3695.15,0,36.966,0.752835,0.227405,2.28064,1.88052,1.44668,2.18905,0.42336,36.966,0.42336,423.524,0,0.503194,0,0,0.730598,0.227405,1.028160,1,0,9.17066,0,0,0,9.17066,0
13.2614,1.83873,0,0,0.612968,0.0421288,0.36288,3.6288,40.8027,0.886122,0,0,0.243298,0.240095,0,0.66528,12.849,1,1.58646,0.36288,0,12.766,6.1824,5.36005,0.84672,12.849,0.84672,3695.15,0,36.966,0.785795,0.227405,2.281,1.78053,1.45388,2.04927,0.42336,36.966,0.42336,423.524,0,0.450109,0,0,0.677514,0.227405,1.028160,1,0,7.40931,0,0,0,7.40931,0
11.7837,1.73992,0,0,0.665797,0.0406778,0.36288,3.6288,39.9482,0.862675,0,0,0.246183,0.238049,0,0.66528,12.849,1,1.68581,0.36288,0,12.2008,6.1824,4.69547,0.84672,12.849,0.84672,3695.15,0,36.966,0.781556,0.204422,2.28136,1.89119,1.45388,2.14154,0.42336,36.966,0.42336,423.524,0,0.478129,0,0,0.682551,0.204422,1.028160,1,0,6.83701,0,0,0,6.83701,0
10.7633,1.63905,0,0,1.02836,0.0467817,0.36288,3.6288,39.2272,0.783724,0,0,0.296117,0.233368,0,0.66528,12.849,1,1.78722,0.36288,0,19.7065,6.09335,12.1888,0.84672,12.849,0.84672,3695.15,0,36.966,0.725218,0.204422,2.28172,1.99865,1.44295,2.31662,0.42336,36.966,0.42336,423.524,0,0.613751,0,0,0.818173,0.204422,1.028160,1,0,14.5054,0,0,0,14.5054,0
10.4733,1.5144,0,0,1.64631,0.0591185,0.36288,3.6288,38.8122,0.663641,0,0,0.478939,0.230314,0,0.66528,12.849,1,1.80785,0.36288,0,22.7858,6.03067,15.3102,0.84672,12.849,0.84672,3695.15,0,36.966,0.625386,0.204422,2.28208,2.93275,1.40598,3.38788,0.42336,36.966,0.42336,423.524,0,0.731851,0,0,0.936274,0.204422,1.028160,1,0,18.6981,0,0,0,18.6981,0
10.1003,1.49215,0,0,1.54564,0.0635478,0.36288,3.6288,38.602,0.514532,0,0,0.536667,0.232357,0,0.66528,12.849,1,1.83063,0.36288,0,21.7725,6.0059,14.2989,0.84672,12.849,0.84672,3695.15,0,36.966,0.490057,0.204422,2.18392,3.21564,1.39008,3.72385,0.42336,36.966,0.42336,423.524,0,1.01661,0,0,1.22103,0.204422,1.028160,1,0,18.0228,0,0,0,18.0228,0
9.66629,1.46263,0,0,1.45447,0.0629958,0.36288,3.6288,38.4106,0.50743,0,0,0.547979,0.231892,0,0.66528,12.849,1,1.86067,0.36288,0,28.9151,6.0059,21.4115,0.84672,12.849,0.84672,3695.15,0,36.966,0.485925,0.388921,2.18426,2.99036,1.39008,3.68755,0.42336,36.966,0.42336,423.524,0,1.02816,0,0,1.41708,0.388921,1.028160,1,0,25.099,0,0,0,25.099,0
8.8078,1.29716,0,0,0.863827,0.0622736,0.36288,3.6288,37.6824,0.871157,0,0,0.374425,0.231469,0,0.66528,12.849,1,1.72426,0.36288,0,20.1019,6.0059,12.7346,0.84672,12.849,0.84672,3695.15,0,36.966,0.838392,0.216518,2.18461,1.94384,1.39008,2.1165,0.42336,36.966,0.42336,423.524,0,0.614684,0,0,0.831203,0.216518,1.028160,1,0,14.8511,0,0,0,14.8511,0
8.5312,1.1941,0,0,1.35997,0.0795954,0.36288,3.6288,37.2024,0.75919,0,0,0.503357,0.22422,0,0.66528,12.849,1,1.74197,0.36288,0,24.1989,5.58591,17.2339,0.84672,12.849,0.84672,3695.15,0,36.966,0.744756,0.216518,2.36192,3.16115,1.32338,3.67145,0.42336,36.966,0.42336,423.524,0,0.727566,0,0,0.944084,0.216518,1.028160,1,0,20.9054,0,0,0,20.9054,0
9.38211,1.17176,0,0,2.49411,0.108554,0.36288,3.6288,36.8335,0.603746,0,0,0.439275,0.20444,0,0.66528,12.849,1,1.76481,0.36288,0,39.2553,4.32926,33.5241,0.84672,12.849,0.84672,3695.15,0,36.966,0.599909,0.267227,2.27428,3.29886,1.11327,4.12719,0.42336,36.966,0.42336,423.524,0,1.02816,0,0,1.29539,0.267227,1.028160,1,0,37.6513,0,0,0,37.6513,0
12.7702,1.23953,0,0,5.10183,0.111305,0.36288,3.6288,37.2063,0.600898,0,0,1.17742,0.203712,0,0.66528,12.849,1,1.69756,0.36288,0,72.3242,4.32926,66.6603,0.84672,12.849,0.84672,3695.15,0,36.966,0.60306,2.52283,2.27461,5.94824,1.11327,9.02936,0.42336,36.966,0.42336,423.524,0,1.02816,0,0,3.55099,2.52283,1.028160,1,0,75.6897,0,0,0,75.6897,0
13.9238,1.61502,0,0,3.25213,0.120648,0.36288,3.6288,37.2337,0.452392,0,0,0.684247,0.204448,0,0.66528,12.849,1,1.62498,0.36288,0,48.4066,4.32926,42.8153,0.84672,12.849,0.84672,3695.15,0,36.966,0.44947,0.885704,2.27494,4.18058,1.11327,5.77849,0.42336,36.966,0.42336,423.524,0,1.02816,0,0,1.91386,0.885704,1.028160,1,0,48.5938,0,0,0,48.5938,0
17.4053,1.55838,0,0,5.52641,0.123725,0.36288,3.6288,37.5411,0.355413,0,0,0.867286,0.204502,0,0.66528,12.849,1,1.43808,0.36288,0,85.2692,4.32926,79.8647,0.84672,12.849,0.84672,3695.15,0,36.966,0.352858,0.879042,2.09831,5.41211,1.11327,6.92334,0.42336,36.966,0.42336,423.524,0,1.02816,0,0,1.9072,0.879042,1.028160,1,0,86.7881,0,0,0,86.7881,0
18.8964,1.72413,0,0,3.74309,0.164957,0.36288,3.6288,37.6707,0.357006,0,0,0.675732,0.189104,0,0.66528,12.849,1,1.2728,0.36288,0,65.245,4.57473,59.7604,0.84672,12.849,0.84672,3695.15,0,36.966,0.351537,1.27846,1.9031,5.3227,1.18071,6.97201,0.42336,36.966,0.42336,423.524,0,1.02816,0,0,2.30662,1.27846,1.028160,1,0,66.7324,0,0,0,66.7324,0
19.9314,1.7842,0,0,3.35258,0.170433,0.36288,3.6288,38.1237,0.357754,0,0,0.991264,0.180471,0,0.66528,12.849,1,1.2132,0.36288,0,58.1501,4.45494,52.8449,0.84672,12.849,0.84672,3695.15,0,36.966,0.351062,0.99913,1.9034,5.53464,1.14664,6.93947,0.42336,36.966,0.42336,423.524,0,1.02816,0,0,2.02729,0.99913,1.028160,1,0,59.7843,0,0,0,59.7843,0
23.6303,1.82279,0,0,6.05628,0.171716,0.36288,3.6288,39.2293,0.360011,0,0,1.64748,0.181866,0,0.66528,12.849,1,1.17508,0.36288,0,171.276,4.34868,166.115,0.84672,12.849,0.84672,3695.15,0,36.966,0.349078,2.47871,1.9037,7.08739,1.1335,9.98722,0.42336,36.966,0.42336,423.524,0,1.02816,0,0,3.50687,2.47871,1.028160,1,0,176.102,0,0,0,176.102,0
26.3821,1.94225,0,0,5.22992,0.173029,0.36288,3.6288,39.7165,0.365217,0,0,1.03988,0.187483,0,0.66528,12.849,1,1.0561,0.36288,0,97.2233,3.71112,92.819,0.84672,12.849,0.84672,3695.15,0,36.966,0.344146,2.39903,1.904,6.17748,1.05472,9.08165,0.42336,36.966,0.42336,423.524,0,1.02816,0,0,3.42719,2.39903,1.028160,1,0,101.901,0,0,0,101.901,0
28.0084,2.01632,0,0,4.17315,0.1677,0.36288,3.6288,40.0534,0.367403,0,0,0.886757,0.182462,0,0.66528,12.849,1,0.982019,0.36288,0,94.3237,3.70568,89.9989,0.84672,12.849,0.84672,3695.15,0,36.966,0.341959,1.41806,1.9043,7.34087,0.956056,9.36521,0.42336,36.966,0.42336,423.524,0,1.02816,0,0,2.44622,1.41806,1.028160,1,0,99.3641,0,0,0,99.3641,0
35.6687,2.12012,0,0,10.3131,0.169733,0.36288,3.6288,41.6239,0.398258,0,0,2.13522,0.166409,0,0.66528,12.849,1,0.97262,0.36288,0,110.616,4.28186,105.725,0.84672,12.849,0.84672,3695.15,0,36.966,0.36756,3.04743,1.9043,16.8361,0.965507,20.4547,0.42336,36.966,0.42336,423.524,0,1.02816,0,0,4.07559,3.04743,1.028160,1,0,126.179,0,0,0,126.179,0
40.6749,2.27403,0,0,7.83363,0.190545,0.36288,3.6288,42.6408,0.405745,0,0,1.61668,0.194058,0,0.66528,12.849,1,0.819176,0.36288,0,124.735,5.00147,119.277,0.84672,12.849,0.84672,3695.15,0,36.966,0.36034,2.37907,1.96561,14.8985,1.20214,17.6807,0.42336,36.966,0.42336,423.524,0,1.02816,0,0,3.40723,2.37907,1.028160,1,0,136.958,0,0,0,136.958,0
50.5235,2.351,0,0,12.7646,0.202113,0.36288,3.6288,46.6162,0.41049,0,0,4.58187,0.195964,0,0.66528,12.849,1,0.742668,0.36288,0,215.475,5.00147,210.093,0.84672,12.849,0.84672,3695.15,0,36.966,0.35586,5.21213,1.9659,25.1668,1.20214,30.7868,0.42336,36.966,0.42336,423.524,0,1.02816,0,0,6.24029,5.21213,1.028160,1,0,240.88,0,0,0,240.88,0
57.4228,2.46678,0,0,9.95466,0.225697,0.36288,3.6288,50.0155,0.427565,0,0,4.03024,0.203416,0,0.66528,12.849,1,0.627345,0.36288,0,287.445,5.00147,282.179,0.84672,12.849,0.84672,3695.15,0,36.966,0.339053,4.60616,1.96619,23.0894,1.20214,28.1205,0.42336,36.966,0.42336,423.524,0,1.02816,0,0,5.63432,4.60616,1.028160,1,0,310.3,0,0,0,310.3,0
62.189,2.7754,0,0,8.15659,0.252156,0.36288,3.6288,52.6471,0.56233,0,0,3.39479,0.200854,0,0.66528,12.849,1,0.621026,0.36288,0,163.31,3.71753,159.334,0.84672,12.849,0.84672,3695.15,0,36.966,0.415613,3.40866,1.96648,16.6667,0.981767,20.6445,0.42336,36.966,0.42336,423.524,0,1.02816,0,0,4.43682,3.40866,1.028160,1,0,179.979,0,0,0,179.979,0
68.3637,2.81526,0,0,9.61623,0.263361,0.36288,3.6288,55.7319,0.57471,0,0,3.86467,0.205185,0,0.66528,12.849,1,0.581667,0.36288,0,193.993,3.71753,190.057,0.84672,12.849,0.84672,3695.15,0,36.966,0.403531,4.52808,2.1864,21.7678,0.981767,27.097,0.42336,36.966,0.42336,423.524,0,1.02816,0,0,5.55624,4.52808,1.028160,1,0,217.154,0,0,0,217.154,0
72.29,2.85991,0,0,13.3895,0.264124,6.33916,3.6288,61.308,0.588318,0,0,6.57381,0.236435,0.172942,0.66528,12.849,1,0.537522,6.33916,0,224.119,4.37272,225.548,0.84672,12.849,0.84672,3695.15,0,36.966,0.390221,7.64579,2.18673,39.0434,1.18675,47.2989,0.42336,36.966,0.42336,423.524,0,1.02816,0,0,8.67395,7.64579,1.028160,1,0,273.02,0,0,0,273.02,0
72.29,2.88513,0,0,10.5932,0.274075,7.43396,3.6288,61.308,0.610645,0,0,4.82909,0.211365,4.00708,0.66528,12.849,1,0.512809,7.43396,0,225.735,3.99068,228.665,0.84672,12.849,0.84672,3695.15,0,36.966,0.368192,6.15427,2.18705,30.6767,0.986199,37.6636,0.42336,36.966,0.42336,423.524,0,1.02816,0,0,7.18243,6.15427,1.028160,1,0,270.336,0,0,0,270.336,0
72.29,2.26303,0,0,4.80356,0.313745,2.22679,3.6288,61.308,0.622677,0,0,2.17509,0.21771,1.33471,0.66528,12.849,1,0.402236,2.22679,0,75.2561,3.47309,73.6076,0.84672,12.849,0.84672,3695.15,0,36.966,0.375447,1.79807,2.18738,9.59455,0.979104,12.2254,0.42336,36.966,0.42336,423.524,0,1.02816,0,0,2.82623,1.79807,1.028160,1,0,87.1677,0,0,0,87.1677,0
72.29,2.2634,0,0,5.56837,0.313745,2.99122,3.6288,61.308,0.622837,0,0,2.62096,0.21771,1.78041,0.66528,12.849,1,0.402303,2.99122,0,106.078,3.47309,105.194,0.84672,12.849,0.84672,3695.15,0,36.966,0.375543,1.86734,2.06498,10.1336,0.979104,12.7113,0.42336,36.966,0.42336,423.524,0,1.02816,0,0,2.8955,1.86734,1.028160,1,0,119.686,0,0,0,119.686,0
72.29,2.26378,0,0,5.15004,0.313745,2.57252,3.6288,61.308,0.622997,0,0,2.52261,0.21771,1.68191,0.66528,12.849,1,0.40237,2.57252,0,100.643,3.47309,99.3401,0.84672,12.849,0.84672,3695.15,0,36.966,0.375639,1.58426,2.06526,8.8897,0.979104,11.1845,0.42336,36.966,0.42336,423.524,0,1.02816,0,0,2.61242,1.58426,1.028160,1,0,112.206,0,0,0,112.206,0
72.29,2.26415,0,0,5.44876,0.31672,2.86788,3.6288,61.308,0.623156,0,0,2.73805,0.215906,1.89899,0.66528,12.849,1,0.402436,2.86788,0,121.957,3.68143,120.741,0.84672,12.849,0.84672,3695.15,0,36.966,0.375736,2.35148,2.06554,10.6794,0.990702,13.73,0.42336,36.966,0.42336,423.524,0,1.02816,0,0,3.37964,2.35148,1.028160,1,0,136.37,0,0,0,136.37,0
72.29,2.26453,0,0,4.75361,0.279038,2.21004,3.6288,61.308,0.623316,0,0,2.07757,0.192622,1.26164,0.66528,12.849,1,0.402503,2.21004,0,114.155,3.44133,112.521,0.84672,12.849,0.84672,3695.15,0,36.966,0.375832,1.76,2.06582,10.5085,0.970433,12.988,0.42336,36.966,0.42336,423.524,0,1.02816,0,0,2.78816,1.76,1.028160,1,0,126.771,0,0,0,126.771,0
72.29,2.35704,0,0,5.34876,0.246673,2.74504,3.6288,61.308,0.66528,0,0,1.92232,0.164153,1.09289,0.66528,12.849,1,0.418946,2.74504,0,114.218,3.18265,113.362,0.84672,12.849,0.84672,3695.15,0,36.966,0.403509,1.76264,2.0661,11.0516,0.855821,13.621,0.42336,36.966,0.42336,423.524,0,1.02816,0,0,2.7908,1.76264,1.028160,1,0,128.076,0,0,0,128.076,0
72.29,2.35743,0,0,5.34939,0.242048,2.74991,3.6288,61.308,0.66528,0,0,2.13608,0.189141,1.28166,0.66528,12.849,1,0.419015,2.74991,0,107.964,3.738,106.557,0.84672,12.849,0.84672,3695.15,0,36.966,0.403776,1.75035,2.14032,10.7367,1.0072,13.2164,0.42336,36.966,0.42336,423.524,0,1.02816,0,0,2.77851,1.75035,1.028160,1,0,121.055,0,0,0,121.055,0
72.29,2.35781,0,0,6.72419,0.242048,4.12433,3.6288,61.308,0.66528,0,0,2.80587,0.189141,1.95145,0.66528,12.849,1,0.419084,4.12433,0,121.771,3.738,121.739,0.84672,12.849,0.84672,3695.15,0,36.966,0.404042,2.43346,2.14061,10.2687,1.0072,13.4316,0.42336,36.966,0.42336,423.524,0,1.02816,0,0,3.46162,2.43346,1.028160,1,0,137.122,0,0,0,137.122,0
72.29,2.3582,0,0,6.56883,0.22422,3.9864,3.6288,61.308,0.66528,0,0,2.76767,0.196429,1.90596,0.66528,12.849,1,0.419153,3.9864,0,117.918,3.99081,117.494,0.84672,12.849,0.84672,3695.15,0,36.966,0.404309,2.88191,2.14091,14.7777,1.03959,18.3566,0.42336,36.966,0.42336,423.524,0,1.02816,0,0,3.91007,2.88191,1.028160,1,0,137.757,0,0,0,137.757,0
72.29,2.32255,0,0,3.99994,0.179649,1.49774,3.6288,61.308,0.650605,0,0,1.21984,0.214647,0.354587,0.66528,12.849,1,0.412815,1.49774,0,74.0215,4.62283,70.4836,0.84672,12.849,0.84672,3695.15,0,36.966,0.392286,1.47811,2.1412,7.37493,1.12058,9.48138,0.42336,36.966,0.42336,423.524,0,1.02816,0,0,2.50627,1.47811,1.028160,1,0,80.3195,0,0,0,80.3195,0
72.29,2.32293,0,0,3.41391,0.179649,0.911336,3.6288,61.308,0.650769,0,0,1.15237,0.214647,0.286953,0.66528,12.849,1,0.412883,0.911336,0,64.9106,4.62283,60.7862,0.84672,12.849,0.84672,3695.15,0,36.966,0.392385,1.21478,2.1127,6.27278,1.12058,8.0873,0.42336,36.966,0.42336,423.524,0,1.02816,0,0,2.24294,1.21478,1.028160,1,0,69.1605,0,0,0,69.1605,0
72.29,2.32331,0,0,3.03711,0.179649,0.534146,3.6288,61.308,0.650933,0,0,1.03114,0.214647,0.165561,0.66528,12.849,1,0.412951,0.534146,0,55.6566,4.62283,51.155,0.84672,12.849,0.84672,3695.15,0,36.966,0.392484,0.9342,2.11299,5.3636,1.12058,6.89773,0.42336,36.966,0.42336,423.524,0,1.02816,0,0,1.96236,0.9342,1.028160,1,0,58.2183,0,0,0,58.2183,0
72.2212,2.3237,0,0,2.78448,0.166687,0.36288,3.6288,61.308,0.651097,0,0,0.932956,0.19758,0.0842788,0.66528,12.849,1,0.413019,0.36288,0,51.0656,4.26895,46.7465,0.84672,12.849,0.84672,3695.15,0,36.966,0.392583,0.791856,2.11328,5.01233,1.03082,6.49406,0.42336,36.966,0.42336,423.524,0,1.02816,0,0,1.82002,0.791856,1.028160,1,0,53.3248,0,0,0,53.3248,0
72.1841,2.44615,0,0,2.89735,0.12543,0.36288,3.6288,61.308,0.66528,0,0,0.984718,0.211339,0.108099,0.66528,12.849,1,0.435199,0.36288,0,54.9139,4.67714,50.1645,0.84672,12.849,0.84672,3695.15,0,36.966,0.474342,0.844137,2.11356,5.59778,1.02506,7.05607,0.42336,36.966,0.42336,423.524,0,1.02816,0,0,1.8723,0.844137,1.028160,1,0,57.3287,0,0,0,57.3287,0
72.0777,2.44637,0,0,2.81098,0.108103,0.36288,3.6288,61.308,0.66528,0,0,0.934917,0.221518,0.0481188,0.66528,12.849,1,0.435461,0.36288,0,50.6093,4.89342,45.6433,0.84672,12.849,0.84672,3695.15,0,36.966,0.474619,0.736525,2.21479,5.60584,1.07363,7.00891,0.42336,36.966,0.42336,423.524,0,1.02816,0,0,1.76469,0.736525,1.028160,1,0,52.7003,0,0,0,52.7003,0
71.8954,2.44622,0,0,2.73481,0.108016,0.36288,3.6288,61.308,0.66528,0,0,0.948326,0.221518,0.0615281,0.66528,12.849,1,0.436078,0.36288,0,48.0903,4.89342,43.1237,0.84672,12.849,0.84672,3695.15,0,36.966,0.474896,0.879578,2.2151,5.33839,1.07363,6.88454,0.42336,36.966,0.42336,423.524,0,1.02816,0,0,1.90774,0.879578,1.028160,1,0,50.0698,0,0,0,50.0698,0
71.4426,2.44568,0,0,2.48321,0.127476,0.36288,3.6288,61.308,0.66528,0,0,0.892685,0.216251,0.0111538,0.66528,12.849,1,0.437088,0.36288,0,45.3216,4.55496,40.6924,0.84672,12.849,0.84672,3695.15,0,36.966,0.475173,0.821171,2.2154,4.88417,1.08669,6.35889,0.42336,36.966,0.42336,423.524,0,1.02816,0,0,1.84933,0.821171,1.028160,1,0,47.0624,0,0,0,47.0624,0
71.5779,2.44374,0,0,3.08337,0.141434,0.36288,3.6288,61.308,0.66528,0,0,1.0318,0.224319,0.142198,0.66528,12.849,1,0.439508,0.36288,0,48.5762,4.75609,43.7435,0.84672,12.849,0.84672,3695.15,0,36.966,0.47545,0.792659,2.2157,5.23151,1.16397,6.60045,0.42336,36.966,0.42336,423.524,0,1.02816,0,0,1.82082,0.792659,1.028160,1,0,50.4862,0,0,0,50.4862,0
72.1459,2.42065,0,0,3.44873,0.097184,0.36288,3.6288,61.308,0.66528,0,0,1.15159,0.249937,0.236374,0.66528,12.849,1,0.434532,0.36288,0,50.0844,5.22555,44.7871,0.84672,12.849,0.84672,3695.15,0,36.966,0.528353,0.78554,2.216,5.60256,1.25267,6.82308,0.42336,36.966,0.42336,423.524,0,1.02816,0,0,1.8137,0.78554,1.028160,1,0,51.8466,0,0,0,51.8466,0
72.29,2.42395,0,0,3.19067,0.0643768,0.558273,3.6288,61.308,0.66528,0,0,1.13959,0.26239,0.21192,0.66528,12.849,1,0.431699,0.558273,0,46.1664,5.32171,40.9712,0.84672,12.849,0.84672,3695.15,0,36.966,0.528638,0.678128,2.25162,5.4456,1.28124,6.56547,0.42336,36.966,0.42336,423.524,0,1.02816,0,0,1.70629,0.678128,1.028160,1,0,47.7486,0,0,0,47.7486,0
72.29,2.42508,0,0,2.98111,0.0643807,0.49165,3.6288,61.308,0.66528,0,0,1.14304,0.26239,0.215368,0.66528,12.849,1,0.43104,0.49165,0,42.7639,5.32171,37.5027,0.84672,12.849,0.84672,3695.15,0,36.966,0.528923,0.760294,2.25193,5.03445,1.28124,6.23651,0.42336,36.966,0.42336,423.524,0,1.02816,0,0,1.78845,0.760294,1.028160,1,0,43.9546,0,0,0,43.9546,0
72.29,2.42548,0,0,2.89753,0.0642405,0.407809,3.6288,61.308,0.66528,0,0,1.15802,0.270155,0.222584,0.66528,12.849,1,0.43111,0.407809,0,40.2506,5.38812,34.8391,0.84672,12.849,0.84672,3695.15,0,36.966,0.529208,0.728378,2.25223,4.89364,1.31651,6.02853,0.42336,36.966,0.42336,423.524,0,1.02816,0,0,1.75654,0.728378,1.028160,1,0,41.0903,0,0,0,41.0903,0
72.29,2.48848,0,0,3.5193,0.0633992,0.967413,3.6288,61.308,0.66528,0,0,1.3632,0.316748,0.381174,0.66528,12.849,1,0.442309,0.967413,0,41.7111,5.78655,36.4496,0.84672,12.849,0.84672,3695.15,0,36.966,0.576423,0.766394,2.25254,4.94215,1.52813,5.85653,0.42336,36.966,0.42336,423.524,0,1.02816,0,0,1.79455,0.766394,1.028160,1,0,42.6873,0,0,0,42.6873,0
72.29,2.48889,0,0,3.06047,0.0633992,0.508178,3.6288,61.308,0.66528,0,0,1.28109,0.316748,0.29906,0.66528,12.849,1,0.442382,0.508178,0,39.4629,5.78655,33.7422,0.84672,12.849,0.84672,3695.15,0,36.966,0.576715,0.614874,2.30293,4.80945,1.52813,5.6224,0.42336,36.966,0.42336,423.524,0,1.02816,0,0,1.64303,0.614874,1.028160,1,0,39.6636,0,0,0,39.6636,0
72.1926,2.4893,0,0,2.81819,0.0633992,0.36288,3.6288,61.308,0.66528,0,0,1.25518,0.316748,0.273157,0.66528,12.849,1,0.442454,0.36288,0,37.2191,5.78655,31.353,0.84672,12.849,0.84672,3695.15,0,36.966,0.577007,0.530401,2.30324,4.76075,1.52813,5.48926,0.42336,36.966,0.42336,423.524,0,1.02816,0,0,1.55856,0.530401,1.028160,1,0,37.1154,0,0,0,37.1154,0
71.635,2.4892,0,0,2.33975,0.0452672,0.36288,3.6288,61.308,0.66528,0,0,1.24837,0.321702,0.261386,0.66528,12.849,1,0.443033,0.36288,0,35.2959,6.08084,29.1349,0.84672,12.849,0.84672,3695.15,0,36.966,0.577299,0.520897,2.30356,4.53396,1.51386,5.26726,0.42336,36.966,0.42336,423.524,0,1.02816,0,0,1.54906,0.520897,1.028160,1,0,34.6635,0,0,0,34.6635,0
71.3405,2.66988,0,0,2.79795,0.0596898,0.36288,3.6288,61.308,0.66528,0,0,1.32794,0.324349,0.338313,0.66528,12.849,1,0.47889,0.36288,0,38.8604,6.01466,32.7297,0.84672,12.849,0.84672,3695.15,0,36.966,0.747082,0.713094,2.30387,5.88217,1.50946,6.6426,0.42336,36.966,0.42336,423.524,0,1.02816,0,0,1.74125,0.713094,1.028160,1,0,39.7106,0,0,0,39.7106,0
71.5421,2.67418,0,0,3.29243,0.0537481,0.36288,3.6288,61.308,0.66528,0,0,1.5978,0.332987,0.599528,0.66528,12.849,1,0.481641,0.36288,0,46.6963,6.16161,40.4159,0.84672,12.849,0.84672,3695.15,0,36.966,0.740869,1.13743,2.47563,6.25978,1.56427,7.5677,0.42336,36.966,0.42336,423.524,0,1.02816,0,0,2.16559,1.13743,1.028160,1,0,48.5831,0,0,0,48.5831,0
71.091,2.67603,0,0,2.64161,0.053831,0.36288,3.6288,61.308,0.66528,0,0,1.25639,0.332987,0.258127,0.66528,12.849,1,0.480616,0.36288,0,54.9248,6.16161,48.6455,0.84672,12.849,0.84672,3695.15,0,36.966,0.740869,0.709033,2.47215,5.2,1.56427,6.07604,0.42336,36.966,0.42336,423.524,0,1.02816,0,0,1.73719,0.709033,1.028160,1,0,54.9796,0,0,0,54.9796,0
71.1289,2.67415,0,0,3.12853,0.0536456,0.36288,3.6288,61.308,0.66528,0,0,1.91782,0.332987,0.919554,0.66528,12.849,1,0.483326,0.36288,0,47.1435,6.16161,40.8614,0.84672,12.849,0.84672,3695.15,0,36.966,0.74087,1.58508,2.4723,7.03199,1.56427,8.78423,0.42336,36.966,0.42336,423.524,0,1.02816,0,0,2.61324,1.58508,1.028160,1,0,50.5652,0,0,0,50.5652,0
70.2107,2.67507,0,0,2.20692,0.0870966,0.36288,3.6288,61.308,0.66528,0,0,1.11888,0.321173,0.132428,0.66528,12.849,1,0.483235,0.36288,0,39.6733,5.85421,33.6988,0.84672,12.849,0.84672,3695.15,0,36.966,0.74087,0.655318,2.47246,5.59441,1.45431,6.52701,0.42336,36.966,0.42336,423.524,0,1.02816,0,0,1.68348,0.655318,1.028160,1,0,40.3582,0,0,0,40.3582,0
68.2954,2.58135,0,0,1.15962,0.130752,0.36288,3.6288,60.6212,0.978091,0,0,0.596741,0.30542,0,0.66528,12.849,1,0.472404,0.36288,0,23.04,5.44436,17.4862,0.84672,12.849,0.84672,3695.15,0,36.966,0.637919,0.204422,2.47261,2.71157,1.3077,3.44299,0.42336,36.966,0.42336,423.524,0,0.715349,0,0,0.919771,0.204422,1.028160,1,0,20.9291,0,0,0,20.9291,0
66.2319,2.56406,0,0,0.992261,0.128821,0.36288,3.6288,59.728,1.08887,0,0,0.499757,0.304094,0,0.66528,12.849,1,0.482398,0.36288,0,20.9997,5.44436,15.4358,0.84672,12.849,0.84672,3695.15,0,36.966,0.663978,0.216518,2.37348,2.53803,1.3077,3.15635,0.42336,36.966,0.42336,423.524,0,0.586613,0,0,0.803131,0.216518,1.028160,1,0,18.5922,0,0,0,18.5922,0
64.5516,2.55189,0,0,1.36129,0.126741,0.36288,3.6288,59.2335,0.887535,0,0,0.695349,0.302369,0,0.66528,12.849,1,0.495067,0.36288,0,24.8016,5.44436,19.2251,0.84672,12.849,0.84672,3695.15,0,36.966,0.646324,0.216518,2.37837,3.99911,1.3077,4.63998,0.42336,36.966,0.42336,423.524,0,0.805905,0,0,1.02242,0.216518,1.028160,1,0,23.8651,0,0,0,23.8651,0
63.5285,2.54155,0,0,2.02158,0.140315,0.36288,3.6288,58.9777,0.780425,0,0,0.815668,0.290988,0,0.66528,12.849,1,0.505896,0.36288,0,36.1292,5.27634,30.7098,0.84672,12.849,0.84672,3695.15,0,36.966,0.646626,0.216518,2.3787,7.41664,1.26411,8.10112,0.42336,36.966,0.42336,423.524,0,0.913015,0,0,1.12953,0.216518,1.028160,1,0,38.811,0,0,0,38.811,0
61.8849,2.4632,0,0,1.3505,0.16802,0.36288,3.6288,58.2274,0.916412,0,0,0.390812,0.224732,0,0.66528,12.849,1,0.498197,0.36288,0,22.4549,4.06713,18.2525,0.84672,12.849,0.84672,3695.15,0,36.966,0.574388,0.216518,2.37903,4.04101,1.04766,5.0145,0.42336,36.966,0.42336,423.524,0,0.755801,0,0,0.97232,0.216518,1.028160,1,0,23.267,0,0,0,23.267,0
59.9719,2.45265,0,0,1.08608,0.183482,0.36288,3.6288,57.324,0.97789,0,0,0.296131,0.221647,0,0.66528,12.849,1,0.509237,0.36288,0,17.4962,4.0866,13.2632,0.84672,12.849,0.84672,3695.15,0,36.966,0.620819,0.216518,2.29069,3.47278,1.07246,4.28671,0.42336,36.966,0.42336,423.524,0,0.648181,0,0,0.8647,0.216518,1.028160,1,0,17.5499,0,0,0,17.5499,0
59.0182,2.43967,0,0,2.0293,0.180518,0.36288,3.6288,57.2463,0.66528,0,0,0.807958,0.220356,0,0.66528,12.849,1,0.522699,0.36288,0,34.8577,4.0866,30.6113,0.84672,12.849,0.84672,3695.15,0,36.966,0.553739,1.62054,2.291,7.66143,1.07246,9.94677,0.42336,36.966,0.42336,423.524,0,1.02816,0,0,2.6487,1.62054,1.028160,1,0,40.5581,0,0,0,40.5581,0
59.758,2.43313,0,0,3.72496,0.189087,0.36288,3.6288,57.8314,0.66528,0,0,1.46298,0.212615,0,0.66528,12.849,1,0.529723,0.36288,0,67.0201,3.97777,62.8755,0.84672,12.849,0.84672,3695.15,0,36.966,0.554027,1.58055,2.29132,10.0269,1.04163,12.3031,0.42336,36.966,0.42336,423.524,0,1.02816,0,0,2.60871,1.58055,1.028160,1,0,75.1786,0,0,0,75.1786,0
59.798,2.2365,0,0,2.87548,0.236094,0.36288,3.6288,58.1754,0.624811,0,0,1.14482,0.176007,0,0.66528,12.849,1,0.480886,0.36288,0,57.6036,3.50284,53.9827,0.84672,12.849,0.84672,3695.15,0,36.966,0.399381,0.667941,2.29163,7.96176,0.888662,9.63329,0.42336,36.966,0.42336,423.524,0,1.02816,0,0,1.6961,0.667941,1.028160,1,0,63.616,0,0,0,63.616,0
60.0343,2.23714,0,0,3.08022,0.24395,0.36288,3.6288,58.7888,0.626413,0,0,1.3771,0.137306,0,0.66528,12.849,1,0.480701,0.36288,0,86.781,3.39034,83.2729,0.84672,12.849,0.84672,3695.15,0,36.966,0.398038,0.916082,2.09489,8.7296,0.86469,10.4778,0.42336,36.966,0.42336,423.524,0,1.02816,0,0,1.94424,0.916082,1.028160,1,0,93.7507,0,0,0,93.7507,0
62.2836,2.23906,0,0,5.09574,0.244502,0.36288,3.6288,61.308,0.629123,0,0,3.71279,0.13785,0.426588,0.66528,12.849,1,0.479222,0.36288,0,116.754,3.39034,113.247,0.84672,12.849,0.84672,3695.15,0,36.966,0.395588,3.54602,2.09517,17.9251,0.86469,22.3061,0.42336,36.966,0.42336,423.524,0,1.02816,0,0,4.57418,3.54602,1.028160,1,0,135.98,0,0,0,135.98,0
63.4779,2.25378,0,0,4.06016,0.249185,0.36288,3.6288,61.308,0.639425,0,0,1.8925,0.14008,1.11299,0.66528,12.849,1,0.464951,0.36288,0,132.186,3.39034,128.694,0.84672,12.849,0.84672,3695.15,0,36.966,0.385545,1.8483,2.09545,14.1226,0.86469,16.8161,0.42336,36.966,0.42336,423.524,0,1.02816,0,0,2.87646,1.8483,1.028160,1,0,146.623,0,0,0,146.623,0
63.327,2.26143,0,0,2.72299,0.249545,0.36288,3.6288,61.308,0.639587,0,0,1.05002,0.251338,0.159092,0.66528,12.849,1,0.457752,0.36288,0,99.1302,4.97985,94.0555,0.84672,12.849,0.84672,3695.15,0,36.966,0.385643,0.627186,2.09574,6.33449,1.33545,7.33632,0.42336,36.966,0.42336,423.524,0,1.02816,0,0,1.65535,0.627186,1.028160,1,0,101.551,0,0,0,101.551,0
62.554,2.33959,0,0,2.17016,0.240755,0.36288,3.6288,60.6576,0.880053,0,0,0.410818,0.18115,0,0.66528,12.849,1,0.4747,0.36288,0,42.9661,4.12178,38.7325,0.84672,12.849,0.84672,3695.15,0,36.966,0.530633,0.412474,2.09602,3.06972,1.15617,3.89142,0.42336,36.966,0.42336,423.524,0,0.699581,0,0,1.11205,0.412474,1.028160,1,0,42.6239,0,0,0,42.6239,0
61.4564,2.33508,0,0,1.83965,0.239239,0.36288,3.6288,60.1356,0.88476,0,0,0.543165,0.180405,0,0.66528,12.849,1,0.479641,0.36288,0,52.1482,4.12178,47.9097,0.84672,12.849,0.84672,3695.15,0,36.966,0.539191,0.503194,2.15779,4.53531,1.15617,5.50093,0.42336,36.966,0.42336,423.524,0,0.686569,0,0,1.18976,0.503194,1.028160,1,0,53.4106,0,0,0,53.4106,0
61.7912,2.32836,0,0,3.28873,0.26273,0.36288,3.6288,60.1188,0.66528,0,0,0.862962,0.214506,0,0.66528,12.849,1,0.486802,0.36288,0,91.0492,4.37684,86.5484,0.84672,12.849,0.84672,3695.15,0,36.966,0.417333,0.940758,2.15807,7.81032,1.2452,9.24661,0.42336,36.966,0.42336,423.524,0,1.02816,0,0,1.96892,0.940758,1.028160,1,0,95.795,0,0,0,95.795,0
61.1391,2.3309,0,0,2.32439,0.282743,0.36288,3.6288,59.752,0.66528,0,0,0.538989,0.240505,0,0.66528,12.849,1,0.484693,0.36288,0,47.8723,4.56813,43.1824,0.84672,12.849,0.84672,3695.15,0,36.966,0.417586,0.584669,2.15834,3.26581,1.31197,4.27927,0.42336,36.966,0.42336,423.524,0,1.02816,0,0,1.61283,0.584669,1.028160,1,0,47.4617,0,0,0,47.4617,0
59.1473,2.82822,0,0,1.49985,0.300473,0.36288,3.6288,58.9057,1.03172,0,0,0.386135,0.200677,0,0.66528,12.849,1,0.594379,0.36288,0,40.0013,3.87459,35.8952,0.84672,12.849,0.84672,3695.15,0,36.966,0.63828,0.503194,2.15862,2.55004,1.07938,3.4942,0.42336,36.966,0.42336,423.524,0,0.351566,0,0,0.85476,0.503194,1.028160,1,0,39.3894,0,0,0,39.3894,0
60.6484,2.56374,0,0,4.72594,0.29825,0.36288,3.6288,58.7797,0.66528,0,0,0.732375,0.193084,0,0.66528,12.849,1,0.556939,0.36288,0,89.4202,3.759,85.4671,0.84672,12.849,0.84672,3695.15,0,36.966,0.630807,1.20348,2.20326,4.65247,1.04062,6.38778,0.42336,36.966,0.42336,423.524,0,1.02816,0,0,2.23164,1.20348,1.028160,1,0,91.8549,0,0,0,91.8549,0
60.2534,2.57551,0,0,2.84582,0.302446,0.36288,3.6288,57.9653,1.00585,0,0,0.384299,0.192928,0,0.66528,12.849,1,0.545648,0.36288,0,62.9146,3.759,58.9728,0.84672,12.849,0.84672,3695.15,0,36.966,0.632569,0.608429,2.38053,3.0072,1.04062,4.32297,0.42336,36.966,0.42336,423.524,0,0.686111,0,0,1.29454,0.608429,1.028160,1,0,63.2958,0,0,0,63.2958,0
59.0453,2.57295,0,0,2.00181,0.274039,0.36288,3.6288,56.8382,1.21438,0,0,0.289322,0.201999,0,0.66528,12.849,1,0.548681,0.36288,0,40.3635,3.69652,36.4812,0.84672,12.849,0.84672,3695.15,0,36.966,0.774441,0.608429,2.38084,2.51259,0.998775,3.72864,0.42336,36.966,0.42336,423.524,0,0.335992,0,0,0.944421,0.608429,1.028160,1,0,40.2098,0,0,0,40.2098,0
59.8162,2.45598,0,0,3.89986,0.31009,0.36288,3.6288,57.1434,0.429569,0,0,0.903761,0.168981,0,0.66528,12.849,1,0.534452,0.36288,0,79.6726,3.44824,76.0527,0.84672,12.849,0.84672,3695.15,0,36.966,0.27938,1.0511,2.38114,6.12163,0.83844,8.43605,0.42336,36.966,0.42336,423.524,0,1.02816,0,0,2.07926,1.0511,1.028160,1,0,84.4888,0,0,0,84.4888,0
62.996,2.462,0,0,6.32547,0.320799,0.36288,3.6288,57.8466,0.430622,0,0,1.2972,0.16338,0,0.66528,12.849,1,0.528856,0.36288,0,95.0737,3.41103,91.4967,0.84672,12.849,0.84672,3695.15,0,36.966,0.278569,1.91074,1.9025,7.35808,0.814507,10.0782,0.42336,36.966,0.42336,423.524,0,1.02816,0,0,2.9389,1.91074,1.028160,1,0,101.575,0,0,0,101.575,0
64.9631,2.48451,0,0,5.14397,0.329542,0.36288,3.6288,58.1169,0.432837,0,0,0.867249,0.164126,0,0.66528,12.849,1,0.506755,0.36288,0,84.9545,3.41103,81.3996,0.84672,12.849,0.84672,3695.15,0,36.966,0.276598,0.845104,1.90276,5.15114,0.814507,6.8079,0.42336,36.966,0.42336,423.524,0,1.02816,0,0,1.87326,0.845104,1.028160,1,0,88.2075,0,0,0,88.2075,0
65.3768,2.49767,0,0,3.6091,0.334834,0.36288,3.6288,58.1759,0.433771,0,0,0.657127,0.164413,0,0.66528,12.849,1,0.494013,0.36288,0,82.7194,3.41103,79.1772,0.84672,12.849,0.84672,3695.15,0,36.966,0.275906,0.592929,1.90303,4.6521,0.814507,6.05764,0.42336,36.966,0.42336,423.524,0,1.02816,0,0,1.62109,0.592929,1.028160,1,0,85.2348,0,0,0,85.2348,0
65.6517,2.50064,0,0,3.43122,0.29279,0.36288,3.6288,57.927,0.598146,0,0,0.509692,0.160398,0,0.66528,12.849,1,0.491469,0.36288,0,70.7089,3.26076,67.3195,0.84672,12.849,0.84672,3695.15,0,36.966,0.380073,0.558835,1.9033,4.03046,0.795174,5.31734,0.42336,36.966,0.42336,423.524,0,0.759862,0,0,1.3187,0.558835,1.028160,1,0,72.6369,0,0,0,72.6369,0
66.5399,2.59415,0,0,4.13117,0.285967,0.36288,3.6288,57.8053,0.533151,0,0,0.593673,0.18219,0,0.66528,12.849,1,0.507713,0.36288,0,125.66,3.46731,122.048,0.84672,12.849,0.84672,3695.15,0,36.966,0.340229,0.558835,1.90356,4.05158,0.827848,5.3459,0.42336,36.966,0.42336,423.524,0,0.934857,0,0,1.49369,0.558835,1.028160,1,0,127.394,0,0,0,127.394,0
66.9414,2.60019,0,0,3.65259,0.287996,0.36288,3.6288,57.7919,0.475959,0,0,0.64458,0.182046,0,0.66528,12.849,1,0.502103,0.36288,0,83.0157,3.46731,79.4092,0.84672,12.849,0.84672,3695.15,0,36.966,0.304371,0.621199,1.97833,3.82306,0.827848,5.29037,0.42336,36.966,0.42336,423.524,0,1.02816,0,0,1.64936,0.621199,1.028160,1,0,84.6996,0,0,0,84.6996,0
68.8165,2.60309,0,0,5.10298,0.261964,0.36288,3.6288,57.9002,0.47607,0,0,0.77922,0.194819,0,0.66528,12.849,1,0.499647,0.36288,0,75.9382,3.58263,72.2188,0.84672,12.849,0.84672,3695.15,0,36.966,0.304513,1.15168,1.97861,4.18629,0.834733,6.17733,0.42336,36.966,0.42336,423.524,0,1.02816,0,0,2.17984,1.15168,1.028160,1,0,78.3961,0,0,0,78.3961,0
68.9166,2.61492,0,0,3.27336,0.195413,0.36288,3.6288,57.5759,0.552143,0,0,0.448511,0.220727,0,0.66528,12.849,1,0.488243,0.36288,0,55.05,3.88253,51.0421,0.84672,12.849,0.84672,3695.15,0,36.966,0.352512,0.528595,1.97889,3.23295,0.867974,4.51995,0.42336,36.966,0.42336,423.524,0,0.90434,0,0,1.43294,0.528595,1.028160,1,0,55.5621,0,0,0,55.5621,0
68.6931,2.57983,0,0,2.91596,0.196727,0.36288,3.6288,57.414,0.479283,0,0,0.507203,0.189823,0,0.66528,12.849,1,0.480991,0.36288,0,59.2891,4.04752,55.1234,0.84672,12.849,0.84672,3695.15,0,36.966,0.307719,0.528595,1.97916,3.10021,0.973845,4.32641,0.42336,36.966,0.42336,423.524,0,0.995077,0,0,1.52367,0.528595,1.028160,1,0,59.4498,0,0,0,59.4498,0
68.0577,2.57887,0,0,2.5229,0.216541,0.36288,3.6288,57.0923,0.560837,0,0,0.45214,0.213014,0,0.66528,12.849,1,0.482377,0.36288,0,50.5984,4.34376,46.1352,0.84672,12.849,0.84672,3695.15,0,36.966,0.361095,0.528595,1.95043,2.77531,1.00157,3.89168,0.42336,36.966,0.42336,423.524,0,0.860397,0,0,1.38899,0.528595,1.028160,1,0,50.0269,0,0,0,50.0269,0
67.3085,2.57545,0,0,2.32302,0.133906,0.36288,3.6288,56.6894,0.550717,0,0,0.398595,0.250762,0,0.66528,12.849,1,0.486233,0.36288,0,46.2572,4.68972,41.4441,0.84672,12.849,0.84672,3695.15,0,36.966,0.356577,0.402797,1.95071,2.58672,1.02222,3.56142,0.42336,36.966,0.42336,423.524,0,0.875284,0,0,1.27808,0.402797,1.028160,1,0,45.0055,0,0,0,45.0055,0
66.5068,2.57126,0,0,2.26556,0.133119,0.36288,3.6288,56.428,0.456798,0,0,0.445554,0.250106,0,0.66528,12.849,1,0.490846,0.36288,0,44.8063,4.68972,39.9887,0.84672,12.849,0.84672,3695.15,0,36.966,0.297869,0.413156,1.95098,3.06182,1.02222,4.10586,0.42336,36.966,0.42336,423.524,0,1.02816,0,0,1.44132,0.413156,1.028160,1,0,44.0945,0,0,0,44.0945,0
65.2706,2.68842,0,0,1.95413,0.13907,0.36288,3.6288,56.0159,0.571903,0,0,0.38553,0.225752,0,0.66528,12.849,1,0.519397,0.36288,0,39.1528,4.30488,34.6914,0.84672,12.849,0.84672,3695.15,0,36.966,0.374654,0.402797,1.95125,2.50169,1.02023,3.46086,0.42336,36.966,0.42336,423.524,0,0.932921,0,0,1.33572,0.402797,1.028160,1,0,38.1522,0,0,0,38.1522,0
63.85,2.68057,0,0,1.73304,0.110132,0.36288,3.6288,55.6223,0.557622,0,0,0.386839,0.222846,0,0.66528,12.849,1,0.52769,0.36288,0,34.3551,4.3785,29.8117,0.84672,12.849,0.84672,3695.15,0,36.966,0.367986,0.402797,2.05323,2.31349,0.977311,3.42422,0.42336,36.966,0.42336,423.524,0,0.954133,0,0,1.35693,0.402797,1.028160,1,0,33.236,0,0,0,33.236,0
62.4184,2.67117,0,0,1.71132,0.108878,0.36288,3.6288,55.3079,0.512284,0,0,0.420174,0.222272,0,0.66528,12.849,1,0.537539,0.36288,0,33.2229,4.3785,28.6697,0.84672,12.849,0.84672,3695.15,0,36.966,0.340459,0.30119,2.05352,2.53645,0.977311,3.57339,0.42336,36.966,0.42336,423.524,0,1.02726,0,0,1.32845,0.30119,1.028160,1,0,32.2431,0,0,0,32.2431,0
60.8871,2.66132,0,0,1.60051,0.107614,0.36288,3.6288,54.9297,0.54413,0,0,0.387705,0.221814,0,0.66528,12.849,1,0.54784,0.36288,0,31.0776,4.3785,26.5142,0.84672,12.849,0.84672,3695.15,0,36.966,0.363679,0.30119,2.0538,2.22711,0.977311,3.24111,0.42336,36.966,0.42336,423.524,0,0.972458,0,0,1.27365,0.30119,1.028160,1,0,29.7553,0,0,0,29.7553,0
59.3635,2.65031,0,0,1.58358,0.0939636,0.36288,3.6288,54.5277,0.579695,0,0,0.420778,0.243016,0,0.66528,12.849,1,0.559295,0.36288,0,30.9614,4.69949,26.0655,0.84672,12.849,0.84672,3695.15,0,36.966,0.390117,0.30119,2.05409,2.25425,1.09233,3.12708,0.42336,36.966,0.42336,423.524,0,0.910717,0,0,1.21191,0.30119,1.028160,1,0,29.1926,0,0,0,29.1926,0
57.9125,2.61525,0,0,1.60363,0.0764965,0.36288,3.6288,54.1423,0.594295,0,0,0.480178,0.2713,0,0.66528,12.849,1,0.566059,0.36288,0,31.3891,5.12747,26.0585,0.84672,12.849,0.84672,3695.15,0,36.966,0.402891,0.30119,2.05438,2.2628,1.2457,2.96978,0.42336,36.966,0.42336,423.524,0,0.936628,0,0,1.23782,0.30119,1.028160,1,0,29.0283,0,0,0,29.0283,0
56.3753,2.604,0,0,1.5051,0.0754285,0.36288,3.6288,53.698,0.596243,0,0,0.422582,0.270609,0,0.66528,12.849,1,0.577747,0.36288,0,28.6806,5.12747,23.3382,0.84672,12.849,0.84672,3695.15,0,36.966,0.407088,0.261274,2.09024,2.14745,1.2457,2.84617,0.42336,36.966,0.42336,423.524,0,0.930753,0,0,1.19203,0.261274,1.028160,1,0,26.1844,0,0,0,26.1844,0
54.7563,2.59153,0,0,1.40964,0.0742971,0.36288,3.6288,53.1889,0.633345,0,0,0.394003,0.269767,0,0.66528,12.849,1,0.59066,0.36288,0,27.4458,5.12747,22.0906,0.84672,12.849,0.84672,3695.15,0,36.966,0.435998,0.261274,2.09053,2.03258,1.2457,2.70269,0.42336,36.966,0.42336,423.524,0,0.865011,0,0,1.12628,0.261274,1.028160,1,0,24.7933,0,0,0,24.7933,0
53.1008,2.57775,0,0,1.35224,0.0670176,0.36288,3.6288,52.5812,0.736986,0,0,0.4122,0.28298,0,0.66528,12.849,1,0.60489,0.36288,0,24.931,5.36199,19.327,0.84672,12.849,0.84672,3695.15,0,36.966,0.512201,0.261274,2.09082,1.92915,1.30994,2.45911,0.42336,36.966,0.42336,423.524,0,0.685437,0,0,0.946711,0.261274,1.028160,1,0,21.7861,0,0,0,21.7861,0
51.3685,2.62274,0,0,1.31451,0.061209,0.36288,3.6288,52.0338,0.695391,0,0,0.451788,0.303801,0,0.66528,12.849,1,0.634633,0.36288,0,29.8348,5.71725,23.8458,0.84672,12.849,0.84672,3695.15,0,36.966,0.488879,0.261274,2.09112,2.02255,1.462,2.42406,0.42336,36.966,0.42336,423.524,0,0.797904,0,0,1.05918,0.261274,1.028160,1,0,26.2698,0,0,0,26.2698,0
49.536,2.60598,0,0,1.1965,0.0601234,0.36288,3.6288,51.4248,0.67917,0,0,0.372632,0.302466,0,0.66528,12.849,1,0.651844,0.36288,0,24.0303,5.71725,18.0241,0.84672,12.849,0.84672,3695.15,0,36.966,0.482499,0.261274,2.14186,1.87942,1.462,2.33805,0.42336,36.966,0.42336,423.524,0,0.820783,0,0,1.08206,0.261274,1.028160,1,0,20.3622,0,0,0,20.3622,0
47.6152,2.5872,0,0,1.08821,0.0589749,0.36288,3.6288,50.7164,0.754423,0,0,0.347027,0.300981,0,0.66528,12.849,1,0.671085,0.36288,0,22.4017,5.71725,16.3763,0.84672,12.849,0.84672,3695.15,0,36.966,0.542307,0.227405,2.14216,1.67492,1.462,2.04018,0.42336,36.966,0.42336,423.524,0,0.685999,0,0,0.913404,0.227405,1.028160,1,0,18.4164,0,0,0,18.4164,0
45.8193,2.56623,0,0,1.18504,0.0517937,0.36288,3.6288,50.2157,0.612727,0,0,0.409621,0.297581,0,0.66528,12.849,1,0.692501,0.36288,0,22.5078,5.82539,16.3528,0.84672,12.849,0.84672,3695.15,0,36.966,0.446602,0.227405,2.14246,2.36823,1.48791,2.80358,0.42336,36.966,0.42336,423.524,0,0.923677,0,0,1.15108,0.227405,1.028160,1,0,19.1564,0,0,0,19.1564,0
43.6984,2.71539,0,0,1.01238,0.055076,0.36288,3.6288,49.5321,0.782873,0,0,0.380039,0.280707,0,0.66528,12.849,1,0.76147,0.36288,0,20.43,5.90169,14.1297,0.84672,12.849,0.84672,3695.15,0,36.966,0.576308,0.227405,2.14276,1.764,1.51723,2.04062,0.42336,36.966,0.42336,423.524,0,0.794854,0,0,1.02226,0.227405,1.028160,1,0,16.1703,0,0,0,16.1703,0
41.3464,2.6872,0,0,0.761089,0.0629372,0.36288,3.6288,48.6816,0.887398,0,0,0.324233,0.287426,0,0.66528,12.849,1,0.790141,0.36288,0,18.0055,5.86488,11.7134,0.84672,12.849,0.84672,3695.15,0,36.966,0.662268,0.227405,2.31577,1.3348,1.50107,1.71464,0.42336,36.966,0.42336,423.524,0,0.60467,0,0,0.832075,0.227405,1.028160,1,0,13.428,0,0,0,13.428,0
39.046,2.65328,0,0,0.776995,0.0612424,0.36288,3.6288,47.8195,0.887184,0,0,0.310517,0.285414,0,0.66528,12.849,1,0.824546,0.36288,0,16.6119,5.86488,10.2853,0.84672,12.849,0.84672,3695.15,0,36.966,0.673677,0.204422,2.31609,1.36841,1.50107,1.71418,0.42336,36.966,0.42336,423.524,0,0.593775,0,0,0.798198,0.204422,1.028160,1,0,11.9995,0,0,0,11.9995,0
37.1607,2.6171,0,0,1.15791,0.0632948,0.36288,3.6288,47.1164,0.788336,0,0,0.367621,0.282402,0,0.66528,12.849,1,0.861217,0.36288,0,21.3837,5.8352,15.0502,0.84672,12.849,0.84672,3695.15,0,36.966,0.609409,0.204422,2.31642,1.49974,1.49743,1.91374,0.42336,36.966,0.42336,423.524,0,0.757192,0,0,0.961615,0.204422,1.028160,1,0,16.964,0,0,0,16.964,0
35.8193,2.58499,0,0,1.68688,0.0803633,0.36288,3.6288,46.6046,0.739167,0,0,0.485282,0.257893,0,0.66528,12.849,1,0.89381,0.36288,0,32.791,5.53965,26.7204,0.84672,12.849,0.84672,3695.15,0,36.966,0.579927,0.204422,2.31674,1.75604,1.41602,2.28126,0.42336,36.966,0.42336,423.524,0,0.836145,0,0,1.04057,0.204422,1.028160,1,0,29.0016,0,0,0,29.0016,0
34.2581,2.48258,0,0,1.38621,0.102002,0.36288,3.6288,46.0661,0.762849,0,0,0.428656,0.204291,0,0.66528,12.849,1,0.890546,0.36288,0,27.4066,4.42894,22.45,0.84672,12.849,0.84672,3695.15,0,36.966,0.605079,0.204422,2.31706,1.70459,1.08632,2.53468,0.42336,36.966,0.42336,423.524,0,0.683899,0,0,0.888322,0.204422,1.028160,1,0,24.9847,0,0,0,24.9847,0
32.9382,2.45341,0,0,1.60348,0.107054,0.36288,3.6288,46.065,0.568088,0,0,0.768364,0.20136,0,0.66528,12.849,1,0.920189,0.36288,0,31.5802,4.36958,26.6533,0.84672,12.849,0.84672,3695.15,0,36.966,0.455866,0.441409,2.21737,2.46574,1.07904,3.58962,0.42336,36.966,0.42336,423.524,0,1.02816,0,0,1.46957,0.441409,1.028160,1,0,30.2429,0,0,0,30.2429,0
31.5875,2.42723,0,0,1.54475,0.105324,0.36288,3.6288,46.001,0.568241,0,0,0.705619,0.201358,0,0.66528,12.849,1,0.946847,0.36288,0,30.288,4.36958,25.3344,0.84672,12.849,0.84672,3695.15,0,36.966,0.455999,0.39966,2.21768,2.11499,1.07904,3.19729,0.42336,36.966,0.42336,423.524,0,1.02816,0,0,1.42782,0.39966,1.028160,1,0,28.5317,0,0,0,28.5317,0
30.242,2.39878,0,0,1.51974,0.103554,0.36288,3.6288,46.0384,0.568049,0,0,0.806665,0.201239,0,0.66528,12.849,1,0.975764,0.36288,0,29.5873,4.36958,24.6049,0.84672,12.849,0.84672,3695.15,0,36.966,0.456479,0.689507,2.21799,2.39277,1.07904,3.76475,0.42336,36.966,0.42336,423.524,0,1.02816,0,0,1.71767,0.689507,1.028160,1,0,28.3696,0,0,0,28.3696,0
29.0847,2.30746,0,0,1.65047,0.137501,0.36288,3.6288,46.2197,0.516023,0,0,0.867904,0.170635,0,0.66528,12.849,1,0.980374,0.36288,0,36.9845,3.87314,32.4938,0.84672,12.849,0.84672,3695.15,0,36.966,0.414334,0.402494,2.2183,3.30143,0.990213,4.51767,0.42336,36.966,0.42336,423.524,0,1.02816,0,0,1.43065,0.402494,1.028160,1,0,37.0115,0,0,0,37.0115,0
28.7384,2.28072,0,0,2.43862,0.141242,0.36288,3.6288,47.0738,0.517077,0,0,1.53705,0.165801,0,0.66528,12.849,1,1.00757,0.36288,0,42.7031,3.79039,38.268,0.84672,12.849,0.84672,3695.15,0,36.966,0.413553,1.47258,2.12929,4.65987,0.975409,6.87278,0.42336,36.966,0.42336,423.524,0,1.02816,0,0,2.50074,1.47258,1.028160,1,0,45.1408,0,0,0,45.1408,0
27.465,2.27265,0,0,1.50941,0.147373,0.36288,3.6288,47.4115,0.521434,0,0,1.02928,0.170177,0,0.66528,12.849,1,1.0161,0.36288,0,35.5097,3.84838,31.0081,0.84672,12.849,0.84672,3695.15,0,36.966,0.40947,1.00062,2.12959,4.61506,0.988947,6.34685,0.42336,36.966,0.42336,423.524,0,1.02816,0,0,2.02878,1.00062,1.028160,1,0,37.355,0,0,0,37.355,0
29.1291,2.24086,0,0,4.45276,0.184875,0.36288,3.6288,48.0969,0.523226,0,0,1.39803,0.189371,0,0.66528,12.849,1,1.04835,0.36288,0,102.556,4.19633,97.6744,0.84672,12.849,0.84672,3695.15,0,36.966,0.407951,1.29541,2.12988,6.68428,1.07018,8.63145,0.42336,36.966,0.42336,423.524,0,1.02816,0,0,2.32357,1.29541,1.028160,1,0,106.306,0,0,0,106.306,0
30.1435,2.11082,0,0,3.67147,0.183413,0.36288,3.6288,48.7329,0.415372,0,0,1.24221,0.190837,0,0.66528,12.849,1,0.931095,0.36288,0,91.3559,4.38389,86.4038,0.84672,12.849,0.84672,3695.15,0,36.966,0.319243,2.13765,2.13018,5.73592,1.10393,8.58058,0.42336,36.966,0.42336,423.524,0,1.02816,0,0,3.16581,2.13765,1.028160,1,0,94.9844,0,0,0,94.9844,0
31.1454,2.13309,0,0,3.6795,0.18158,0.36288,3.6288,49.3194,0.417881,0,0,1.19648,0.192133,0,0.66528,12.849,1,0.909254,0.36288,0,80.6872,4.52455,75.6163,0.84672,12.849,0.84672,3695.15,0,36.966,0.31698,1.24097,1.93198,6.0935,1.12925,7.82022,0.42336,36.966,0.42336,423.524,0,1.02816,0,0,2.26913,1.24097,1.028160,1,0,83.4365,0,0,0,83.4365,0
33.5485,2.1541,0,0,5.10403,0.184007,0.36288,3.6288,50.0387,0.420176,0,0,1.33253,0.193066,0,0.66528,12.849,1,0.88867,0.36288,0,84.119,4.52455,79.0687,0.84672,12.849,0.84672,3695.15,0,36.966,0.314931,1.28794,1.93225,7.47114,1.12925,9.24714,0.42336,36.966,0.42336,423.524,0,1.02816,0,0,2.3161,1.28794,1.028160,1,0,88.3158,0,0,0,88.3158,0
36.2966,2.20043,0,0,5.48996,0.178523,0.36288,3.6288,53.2359,0.422921,0,0,3.80294,0.182751,0,0.66528,12.849,1,0.842761,0.36288,0,141.007,4.0958,136.431,0.84672,12.849,0.84672,3695.15,0,36.966,0.312432,3.20814,1.93251,10.8953,1.07568,14.6478,0.42336,36.966,0.42336,423.524,0,1.02816,0,0,4.2363,3.20814,1.028160,1,0,151.079,0,0,0,151.079,0
39.5511,2.24787,0,0,6.04386,0.178627,0.36288,3.6288,55.0521,0.434141,0,0,2.42785,0.177562,0,0.66528,12.849,1,0.795747,0.36288,0,94.1587,3.76101,89.9648,0.84672,12.849,0.84672,3695.15,0,36.966,0.301459,2.32952,1.93278,9.32806,1.03476,12.2541,0.42336,36.966,0.42336,423.524,0,1.02816,0,0,3.35768,2.32952,1.028160,1,0,102.219,0,0,0,102.219,0
46.2823,2.36958,0,0,9.66583,0.202167,0.36288,3.6288,58.5456,0.474357,0,0,4.14066,0.172818,0,0.66528,12.849,1,0.769809,0.36288,0,180.392,3.68172,176.303,0.84672,12.849,0.84672,3695.15,0,36.966,0.318518,4.2261,1.93305,17.5435,1.03024,22.3539,0.42336,36.966,0.42336,423.524,0,1.02816,0,0,5.25426,4.2261,1.028160,1,0,198.657,0,0,0,198.657,0
52.7136,2.45753,0,0,9.47022,0.218494,0.36288,3.6288,61.308,0.486154,0,0,3.90819,0.176792,0.482818,0.66528,12.849,1,0.682267,0.36288,0,201.601,3.68172,197.6,0.84672,12.849,0.84672,3695.15,0,36.966,0.30696,4.26035,1.99525,16.4501,1.03024,21.3685,0.42336,36.966,0.42336,423.524,0,1.02816,0,0,5.28851,4.26035,1.028160,1,0,219.452,0,0,0,219.452,0
63.27,2.52479,0,0,13.6782,0.234044,0.36288,3.6288,61.308,0.494931,0,0,3.7111,0.179934,3.03624,0.66528,12.849,1,0.615421,0.36288,0,225.219,3.68172,221.285,0.84672,12.849,0.84672,3695.15,0,36.966,0.298421,4.37995,1.99551,18.6201,1.03024,23.6669,0.42336,36.966,0.42336,423.524,0,1.02816,0,0,5.40811,4.37995,1.028160,1,0,247.988,0,0,0,247.988,0
72.29,2.61048,0,0,14.0221,0.249615,2.14203,3.6288,61.308,0.49508,0,0,5.50962,0.213172,4.80137,0.66528,12.849,1,0.530142,2.14203,0,364.881,4.4226,362.07,0.84672,12.849,0.84672,3695.15,0,36.966,0.298511,5.60163,1.99578,22.5942,1.08907,28.804,0.42336,36.966,0.42336,423.524,0,1.02816,0,0,6.62979,5.60163,1.028160,1,0,395.676,0,0,0,395.676,0
72.29,2.92713,0,0,12.7429,0.278203,9.53754,3.6288,61.308,0.628874,0,0,5.22944,0.201061,4.3995,0.66528,12.849,1,0.520275,9.53754,0,315.048,3.96271,320.103,0.84672,12.849,0.84672,3695.15,0,36.966,0.379183,5.29178,1.99604,20.3139,1.03479,26.1878,0.42336,36.966,0.42336,423.524,0,1.02816,0,0,6.31994,5.29178,1.028160,1,0,350.69,0,0,0,350.69,0
72.29,2.92751,0,0,8.06198,0.283252,4.85122,3.6288,61.308,0.62904,0,0,3.46852,0.20124,2.63824,0.66528,12.849,1,0.520343,4.85122,0,200.785,3.82284,201.293,0.84672,12.849,0.84672,3695.15,0,36.966,0.379283,3.20312,2.21922,13.9222,1.02888,17.9363,0.42336,36.966,0.42336,423.524,0,1.02816,0,0,4.23128,3.20312,1.028160,1,0,221.868,0,0,0,221.868,0
72.29,2.9279,0,0,6.58532,0.284764,3.37266,3.6288,61.308,0.629207,0,0,3.40713,0.192486,2.58544,0.66528,12.849,1,0.520412,3.37266,0,157.662,3.67161,156.842,0.84672,12.849,0.84672,3695.15,0,36.966,0.379384,3.73301,2.21952,12.4612,0.985516,17.0488,0.42336,36.966,0.42336,423.524,0,1.02816,0,0,4.76117,3.73301,1.028160,1,0,176.477,0,0,0,176.477,0
72.29,2.67152,0,0,6.32586,0.268959,3.38538,3.6288,61.308,0.66528,0,0,3.28361,0.183692,2.43464,0.66528,12.849,1,0.474842,3.38538,0,154.929,3.39799,154.442,0.84672,12.849,0.84672,3695.15,0,36.966,0.645977,3.49111,2.21981,12.3458,0.870664,16.5401,0.42336,36.966,0.42336,423.524,0,1.02816,0,0,4.51927,3.49111,1.028160,1,0,173.416,0,0,0,173.416,0
72.29,2.30068,0,0,6.61176,0.33472,3.97636,3.6288,61.308,0.638744,0,0,3.20446,0.19233,2.37338,0.66528,12.849,1,0.408928,3.97636,0,131.632,3.70119,131.498,0.84672,12.849,0.84672,3695.15,0,36.966,0.385134,4.45865,2.39706,14.4392,0.890032,20.0197,0.42336,36.966,0.42336,423.524,0,1.02816,0,0,5.48681,4.45865,1.028160,1,0,153.891,0,0,0,153.891,0
72.29,2.30101,0,0,5.71862,0.366899,3.05071,3.6288,61.308,0.638887,0,0,2.52572,0.191857,1.69498,0.66528,12.849,1,0.408987,3.05071,0,129.823,3.79113,128.673,0.84672,12.849,0.84672,3695.15,0,36.966,0.38522,3.93492,2.09318,13.9099,0.899713,18.653,0.42336,36.966,0.42336,423.524,0,1.02816,0,0,4.96308,3.93492,1.028160,1,0,149.022,0,0,0,149.022,0
72.29,2.30135,0,0,4.6213,0.332915,1.98704,3.6288,61.308,0.63903,0,0,1.69105,0.173808,0.878209,0.66528,12.849,1,0.409047,1.98704,0,105.958,3.52954,104.007,0.84672,12.849,0.84672,3695.15,0,36.966,0.385307,2.87718,2.09344,12.2843,0.862136,16.0074,0.42336,36.966,0.42336,423.524,0,1.02816,0,0,3.90534,2.87718,1.028160,1,0,120.892,0,0,0,120.892,0
72.29,2.30168,0,0,5.23328,0.287602,2.644,3.6288,61.308,0.639173,0,0,2.20857,0.149743,1.41966,0.66528,12.849,1,0.409106,2.644,0,113.136,3.18077,112.191,0.84672,12.849,0.84672,3695.15,0,36.966,0.385393,4.00308,2.09369,13.0836,0.812035,17.9829,0.42336,36.966,0.42336,423.524,0,1.02816,0,0,5.03124,4.00308,1.028160,1,0,131.593,0,0,0,131.593,0
72.29,2.30202,0,0,5.67512,0.287163,3.08595,3.6288,61.308,0.639316,0,0,3.1469,0.167447,2.34013,0.66528,12.849,1,0.409166,3.08595,0,127.087,3.45245,126.311,0.84672,12.849,0.84672,3695.15,0,36.966,0.385479,4.0816,2.09394,12.4393,0.852627,17.3767,0.42336,36.966,0.42336,423.524,0,1.02816,0,0,5.10976,4.0816,1.028160,1,0,146.028,0,0,0,146.028,0
72.29,2.39586,0,0,4.56228,0.286064,1.88036,3.6288,61.308,0.66528,0,0,1.7908,0.211706,0.913809,0.66528,12.849,1,0.425845,1.88036,0,89.538,4.13164,86.8609,0.84672,12.849,0.84672,3695.15,0,36.966,0.430159,2.20671,2.09419,9.61813,0.954107,12.5348,0.42336,36.966,0.42336,423.524,0,1.02816,0,0,3.23487,2.20671,1.028160,1,0,100.309,0,0,0,100.309,0
72.29,2.3962,0,0,4.01309,0.286064,1.33082,3.6288,61.308,0.66528,0,0,1.47969,0.211706,0.6027,0.66528,12.849,1,0.425907,1.33082,0,115.846,4.13164,112.619,0.84672,12.849,0.84672,3695.15,0,36.966,0.430398,1.76618,2.16948,8.46305,0.954107,11.0142,0.42336,36.966,0.42336,423.524,0,1.02816,0,0,2.79434,1.76618,1.028160,1,0,124.236,0,0,0,124.236,0
72.29,2.39655,0,0,4.14872,0.286064,1.46611,3.6288,61.308,0.66528,0,0,1.95686,0.211706,1.07987,0.66528,12.849,1,0.425969,1.46611,0,112.274,4.13164,109.183,0.84672,12.849,0.84672,3695.15,0,36.966,0.430637,2.42152,2.16974,8.67024,0.954107,11.8768,0.42336,36.966,0.42336,423.524,0,1.02816,0,0,3.44968,2.42152,1.028160,1,0,122.139,0,0,0,122.139,0
72.29,2.3969,0,0,5.13474,0.286064,2.45178,3.6288,61.308,0.66528,0,0,2.16272,0.211706,1.28574,0.66528,12.849,1,0.42603,2.45178,0,86.1876,4.13164,84.0817,0.84672,12.849,0.84672,3695.15,0,36.966,0.430875,3.29217,2.17,9.08392,0.954107,13.1611,0.42336,36.966,0.42336,423.524,0,1.02816,0,0,4.32033,3.29217,1.028160,1,0,98.5286,0,0,0,98.5286,0
72.29,2.36067,0,0,4.13642,0.220273,1.55548,3.6288,61.308,0.66528,0,0,1.76953,0.231448,0.872804,0.66528,12.849,1,0.419591,1.55548,0,85.3425,4.50944,81.9689,0.84672,12.849,0.84672,3695.15,0,36.966,0.403751,1.95383,2.17026,7.87615,1.07882,10.5177,0.42336,36.966,0.42336,423.524,0,1.02816,0,0,2.98199,1.95383,1.028160,1,0,93.3594,0,0,0,93.3594,0
72.29,2.36101,0,0,3.32946,0.220273,0.748176,3.6288,61.308,0.66528,0,0,1.41007,0.231448,0.513337,0.66528,12.849,1,0.419651,0.748176,0,71.1253,4.50944,66.9444,0.84672,12.849,0.84672,3695.15,0,36.966,0.403986,1.18877,2.14131,7.06971,1.07882,8.91698,0.42336,36.966,0.42336,423.524,0,1.02816,0,0,2.21693,1.18877,1.028160,1,0,76.3748,0,0,0,76.3748,0
72.29,2.36135,0,0,3.33964,0.220273,0.758011,3.6288,61.308,0.66528,0,0,1.32393,0.231448,0.427205,0.66528,12.849,1,0.419712,0.758011,0,64.9719,4.50944,60.8008,0.84672,12.849,0.84672,3695.15,0,36.966,0.404221,1.03588,2.14157,6.87407,1.07882,8.56848,0.42336,36.966,0.42336,423.524,0,1.02816,0,0,2.06404,1.03588,1.028160,1,0,69.7965,0,0,0,69.7965,0
72.2368,2.36169,0,0,2.83343,0.162032,0.36288,3.6288,61.308,0.66528,0,0,1.15117,0.260168,0.22572,0.66528,12.849,1,0.419773,0.36288,0,60.068,4.41681,55.5943,0.84672,12.849,0.84672,3695.15,0,36.966,0.404456,1.36588,2.14182,6.11128,1.02764,8.18689,0.42336,36.966,0.42336,423.524,0,1.02816,0,0,2.39404,1.36588,1.028160,1,0,64.0069,0,0,0,64.0069,0
72.0364,2.48599,0,0,2.78108,0.132611,0.36288,3.6288,61.308,0.66528,0,0,1.236,0.252509,0.318206,0.66528,12.849,1,0.442191,0.36288,0,58.4114,4.419,53.9131,0.84672,12.849,0.84672,3695.15,0,36.966,0.501778,1.302,2.14208,5.2922,1.04226,7.19224,0.42336,36.966,0.42336,423.524,0,1.02816,0,0,2.33016,1.302,1.028160,1,0,61.4235,0,0,0,61.4235,0
71.9965,2.4853,0,0,2.93612,0.127865,0.36288,3.6288,61.308,0.66528,0,0,1.19234,0.238149,0.288909,0.66528,12.849,1,0.443299,0.36288,0,56.6734,4.44843,52.1445,0.84672,12.849,0.84672,3695.15,0,36.966,0.502026,0.929837,2.24477,4.29918,1.06858,5.90318,0.42336,36.966,0.42336,423.524,0,1.02816,0,0,1.958,0.929837,1.028160,1,0,58.3366,0,0,0,58.3366,0
71.5897,2.48545,0,0,2.56217,0.120644,0.36288,3.6288,61.308,0.66528,0,0,1.10825,0.24287,0.200102,0.66528,12.849,1,0.443572,0.36288,0,50.6543,4.50198,46.0717,0.84672,12.849,0.84672,3695.15,0,36.966,0.502274,0.800548,2.24504,4.15817,1.08226,5.61923,0.42336,36.966,0.42336,423.524,0,1.02816,0,0,1.82871,0.800548,1.028160,1,0,51.891,0,0,0,51.891,0
71.0788,2.48368,0,0,2.41294,0.0773096,0.36288,3.6288,61.308,0.66528,0,0,1.0621,0.2712,0.125618,0.66528,12.849,1,0.445773,0.36288,0,45.4226,4.82328,40.5165,0.84672,12.849,0.84672,3695.15,0,36.966,0.502522,0.71763,2.24531,3.93263,1.16435,5.2287,0.42336,36.966,0.42336,423.524,0,1.02816,0,0,1.74579,0.71763,1.028160,1,0,45.8708,0,0,0,45.8708,0
70.5128,2.48132,0,0,2.35653,0.0782733,0.36288,3.6288,61.308,0.66528,0,0,1.14564,0.278387,0.201972,0.66528,12.849,1,0.448552,0.36288,0,41.5289,5.01219,36.431,0.84672,12.849,0.84672,3695.15,0,36.966,0.50277,0.753425,2.24558,4.54407,1.21505,5.82525,0.42336,36.966,0.42336,423.524,0,1.02816,0,0,1.78159,0.753425,1.028160,1,0,42.4582,0,0,0,42.4582,0
69.9894,2.45414,0,0,2.37471,0.0810827,0.36288,3.6288,61.308,0.66528,0,0,1.35924,0.296352,0.397613,0.66528,12.849,1,0.447199,0.36288,0,33.2087,5.48446,27.6399,0.84672,12.849,0.84672,3695.15,0,36.966,0.556413,1.17423,2.24585,5.49271,1.3418,7.01457,0.42336,36.966,0.42336,423.524,0,1.02816,0,0,2.20239,1.17423,1.028160,1,0,35.0521,0,0,0,35.0521,0
69.204,2.45167,0,0,2.10988,0.0807563,0.36288,3.6288,61.308,0.66528,0,0,1.19205,0.296352,0.23042,0.66528,12.849,1,0.45009,0.36288,0,44.9347,5.48446,39.363,0.84672,12.849,0.84672,3695.15,0,36.966,0.556668,1.09444,2.28195,6.26879,1.3418,7.74671,0.42336,36.966,0.42336,423.524,0,1.02816,0,0,2.1226,1.09444,1.028160,1,0,47.3401,0,0,0,47.3401,0
68.2337,2.44772,0,0,1.92063,0.0802665,0.36288,3.6288,61.308,0.66528,0,0,1.12792,0.296352,0.166285,0.66528,12.849,1,0.454464,0.36288,0,40.4358,5.48446,34.8598,0.84672,12.849,0.84672,3695.15,0,36.966,0.556923,0.977504,2.28222,5.86252,1.3418,7.22353,0.42336,36.966,0.42336,423.524,0,1.02816,0,0,2.00566,0.977504,1.028160,1,0,42.2496,0,0,0,42.2496,0
67.1308,2.44263,0,0,1.78223,0.0796614,0.36288,3.6288,61.308,0.66528,0,0,1.04166,0.296352,0.0800322,0.66528,12.849,1,0.459969,0.36288,0,38.2698,5.48446,32.6883,0.84672,12.849,0.84672,3695.15,0,36.966,0.557178,0.877427,2.2825,5.60685,1.3418,6.8678,0.42336,36.966,0.42336,423.524,0,1.02816,0,0,1.90559,0.877427,1.028160,1,0,39.6361,0,0,0,39.6361,0
65.9818,2.49943,0,0,1.77759,0.064278,0.36288,3.6288,61.2997,0.66528,0,0,0.987396,0.330384,0,0.66528,12.849,1,0.478397,0.36288,0,38.7316,5.83398,32.7821,0.84672,12.849,0.84672,3695.15,0,36.966,0.605045,0.639403,2.28278,4.05005,1.52259,4.8446,0.42336,36.966,0.42336,423.524,0,1.02816,0,0,1.66756,0.639403,1.028160,1,0,37.6267,0,0,0,37.6267,0
64.7346,2.49282,0,0,1.67503,0.066582,0.36288,3.6288,61.1787,0.66528,0,0,0.871223,0.326971,0,0.66528,12.849,1,0.48544,0.36288,0,29.8974,5.76555,24.0093,0.84672,12.849,0.84672,3695.15,0,36.966,0.605306,0.638816,2.33385,3.56009,1.50985,4.41761,0.42336,36.966,0.42336,423.524,0,1.02816,0,0,1.66698,0.638816,1.028160,1,0,28.4269,0,0,0,28.4269,0
63.3438,2.48537,0,0,1.52341,0.0659202,0.36288,3.6288,60.9981,0.66528,0,0,0.811356,0.326721,0,0.66528,12.849,1,0.493315,0.36288,0,27.8711,5.76555,21.9751,0.84672,12.849,0.84672,3695.15,0,36.966,0.605568,0.378985,2.33414,3.17274,1.50985,3.77045,0.42336,36.966,0.42336,423.524,0,1.02816,0,0,1.40714,0.378985,1.028160,1,0,25.7455,0,0,0,25.7455,0
62.105,2.47673,0,0,1.65898,0.0582221,0.36288,3.6288,60.9659,0.66528,0,0,0.957709,0.324551,0,0.66528,12.849,1,0.502392,0.36288,0,28.0028,5.87369,21.9896,0.84672,12.849,0.84672,3695.15,0,36.966,0.605829,0.745131,2.33442,4.48605,1.53575,5.42402,0.42336,36.966,0.42336,423.524,0,1.02816,0,0,1.77329,0.745131,1.028160,1,0,27.4137,0,0,0,27.4137,0
60.6412,2.65039,0,0,1.61408,0.0645872,0.36288,3.6288,60.9428,0.66528,0,0,0.941682,0.299511,0,0.66528,12.849,1,0.548344,0.36288,0,27.7433,5.83725,21.7206,0.84672,12.849,0.84672,3695.15,0,36.966,0.778035,0.867275,2.3347,4.10553,1.48793,5.04154,0.42336,36.966,0.42336,423.524,0,1.02816,0,0,1.89543,0.867275,1.028160,1,0,26.7621,0,0,0,26.7621,0
58.9348,2.67078,0,0,1.41297,0.0857224,0.36288,3.6288,60.8641,0.66528,0,0,0.891259,0.304661,0,0.66528,12.849,1,0.565899,0.36288,0,27.1352,5.62149,21.3107,0.84672,12.849,0.84672,3695.15,0,36.966,0.740836,0.778187,2.5089,3.82012,1.35633,5.01005,0.42336,36.966,0.42336,423.524,0,1.02816,0,0,1.80635,0.778187,1.028160,1,0,26.3208,0,0,0,26.3208,0
57.3385,2.65793,0,0,1.50887,0.0843651,0.36288,3.6288,60.7979,0.66528,0,0,0.903588,0.304509,0,0.66528,12.849,1,0.579485,0.36288,0,27.1296,5.62149,21.2915,0.84672,12.849,0.84672,3695.15,0,36.966,0.740836,0.928057,2.48727,4.61378,1.35633,5.93194,0.42336,36.966,0.42336,423.524,0,1.02816,0,0,1.95622,0.928057,1.028160,1,0,27.2234,0,0,0,27.2234,0
55.9488,2.64536,0,0,1.70168,0.083064,0.36288,3.6288,60.7621,0.66528,0,0,0.933837,0.304382,0,0.66528,12.849,1,0.5928,0.36288,0,25.9508,5.62149,20.0994,0.84672,12.849,0.84672,3695.15,0,36.966,0.740836,0.870886,2.48741,5.12839,1.35633,6.38952,0.42336,36.966,0.42336,423.524,0,1.02816,0,0,1.89905,0.870886,1.028160,1,0,26.489,0,0,0,26.489,0
54.1668,2.63399,0,0,1.3035,0.0886383,0.36288,3.6288,60.5937,0.66528,0,0,0.795856,0.299006,0,0.66528,12.849,1,0.604913,0.36288,0,24.6532,5.67091,18.7403,0.84672,12.849,0.84672,3695.15,0,36.966,0.740836,0.813767,2.48755,3.53759,1.34028,4.75779,0.42336,36.966,0.42336,423.524,0,1.02816,0,0,1.84193,0.813767,1.028160,1,0,23.4981,0,0,0,23.4981,0
52.5852,2.53211,0,0,1.39482,0.081494,0.36288,3.6288,60.668,0.66528,0,0,1.0056,0.266036,0,0.66528,12.849,1,0.600645,0.36288,0,17.6369,5.73437,11.6648,0.84672,12.849,0.84672,3695.15,0,36.966,0.636404,1.85875,2.48769,3.3982,1.28958,5.81866,0.42336,36.966,0.42336,423.524,0,1.02816,0,0,2.88691,1.85875,1.028160,1,0,17.4834,0,0,0,17.4834,0
50.8857,2.48691,0,0,1.23047,0.0801885,0.36288,3.6288,60.3027,0.66528,0,0,0.566153,0.266161,0,0.66528,12.849,1,0.607668,0.36288,0,18.2691,5.73437,12.29,0.84672,12.849,0.84672,3695.15,0,36.966,0.675294,0.719842,2.38712,2.54835,1.28958,3.69044,0.42336,36.966,0.42336,423.524,0,1.02816,0,0,1.748,0.719842,1.028160,1,0,15.9804,0,0,0,15.9804,0
48.7756,2.7125,0,0,1.04411,0.0787857,0.36288,3.6288,59.9094,0.643794,0,0,0.516072,0.265544,0,0.66528,12.849,1,0.684925,0.36288,0,16.8811,5.73437,10.8247,0.84672,12.849,0.84672,3695.15,0,36.966,0.39465,0.561021,2.41001,2.42489,1.28958,3.71169,0.42336,36.966,0.42336,423.524,0,1.02816,0,0,1.58918,0.561021,1.028160,1,0,14.5364,0,0,0,14.5364,0
48.0166,2.45005,0,0,2.22621,0.172315,0.36288,3.6288,60.0135,0.66528,0,0,0.944075,0.174716,0,0.66528,12.849,1,0.645419,0.36288,0,37.1606,4.48859,32.3895,0.84672,12.849,0.84672,3695.15,0,36.966,0.675835,1.10519,2.23334,5.37291,0.90019,7.13542,0.42336,36.966,0.42336,423.524,0,1.02816,0,0,2.13335,1.10519,1.028160,1,0,39.5249,0,0,0,39.5249,0
47.7015,2.61166,0,0,2.84799,0.188488,0.36288,3.6288,60.1469,0.584096,0,0,0.889342,0.171895,0,0.66528,12.849,1,0.698867,0.36288,0,44.6374,3.96371,40.3377,0.84672,12.849,0.84672,3695.15,0,36.966,0.35978,0.88541,2.41059,4.64484,0.944575,6.63648,0.42336,36.966,0.42336,423.524,0,1.02816,0,0,1.91357,0.88541,1.028160,1,0,46.9742,0,0,0,46.9742,0
47.3484,2.60836,0,0,2.80673,0.188572,0.36288,3.6288,60.6809,0.584749,0,0,1.29567,0.176886,0,0.66528,12.849,1,0.702595,0.36288,0,45.1049,3.8368,40.9283,0.84672,12.849,0.84672,3695.15,0,36.966,0.359385,1.6523,2.14399,7.23755,0.988288,9.68616,0.42336,36.966,0.42336,423.524,0,1.02816,0,0,2.68046,1.6523,1.028160,1,0,50.6145,0,0,0,50.6145,0
46.2909,2.60458,0,0,2.09772,0.187844,0.36288,3.6288,61.2793,0.586875,0,0,1.36279,0.177487,0,0.66528,12.849,1,0.706809,0.36288,0,31.6775,3.8368,27.4968,0.84672,12.849,0.84672,3695.15,0,36.966,0.357517,1.92028,2.14427,5.64458,0.988288,8.36333,0.42336,36.966,0.42336,423.524,0,1.02816,0,0,2.94844,1.92028,1.028160,1,0,35.8601,0,0,0,35.8601,0
45.8378,2.59228,0,0,2.72131,0.219244,0.36288,3.6288,61.308,0.589214,0,0,1.02537,0.191956,0.21551,0.66528,12.849,1,0.719543,0.36288,0,42.3198,4.06876,37.8944,0.84672,12.849,0.84672,3695.15,0,36.966,0.355436,1.13943,2.14455,9.72245,1.04244,11.6086,0.42336,36.966,0.42336,423.524,0,1.02816,0,0,2.16759,1.13943,1.028160,1,0,49.7185,0,0,0,49.7185,0
48.5502,2.39223,0,0,5.69696,0.229391,0.36288,3.6288,61.308,0.46584,0,0,1.99492,0.214467,1.31461,0.66528,12.849,1,0.670577,0.36288,0,110.36,4.18059,105.871,0.84672,12.849,0.84672,3695.15,0,36.966,0.280881,2.80249,2.14483,8.57725,1.02865,12.215,0.42336,36.966,0.42336,423.524,0,1.02816,0,0,3.83065,2.80249,1.028160,1,0,119.401,0,0,0,119.401,0
49.9462,2.42217,0,0,4.39839,0.217374,0.36288,3.6288,61.308,0.465985,0,0,2.00195,0.23064,1.30532,0.66528,12.849,1,0.641037,0.36288,0,86.3628,4.09773,81.987,0.84672,12.849,0.84672,3695.15,0,36.966,0.280968,2.53977,1.94524,8.60043,0.956118,11.8484,0.42336,36.966,0.42336,423.524,0,1.02816,0,0,3.56793,2.53977,1.028160,1,0,95.1406,0,0,0,95.1406,0
51.7406,2.43674,0,0,4.81472,0.220655,0.36288,3.6288,61.308,0.466129,0,0,3.00726,0.23064,2.3105,0.66528,12.849,1,0.626868,0.36288,0,131.251,4.09773,126.889,0.84672,12.849,0.84672,3695.15,0,36.966,0.281055,4.03295,1.9455,9.47532,0.956118,14.2166,0.42336,36.966,0.42336,423.524,0,1.02816,0,0,5.06111,4.03295,1.028160,1,0,143.416,0,0,0,143.416,0
54.2094,2.45448,0,0,5.50933,0.223195,0.36288,3.6288,61.308,0.466274,0,0,2.92917,0.224146,2.23875,0.66528,12.849,1,0.609532,0.36288,0,126.548,4.02284,122.279,0.84672,12.849,0.84672,3695.15,0,36.966,0.281143,3.23115,1.94575,7.66688,0.948759,11.6139,0.42336,36.966,0.42336,423.524,0,1.02816,0,0,4.25931,3.23115,1.028160,1,0,136.131,0,0,0,136.131,0
56.4872,2.47724,0,0,5.33673,0.218765,0.36288,3.6288,61.308,0.466419,0,0,2.57811,0.185183,1.9265,0.66528,12.849,1,0.587169,0.36288,0,84.0257,3.57347,80.228,0.84672,12.849,0.84672,3695.15,0,36.966,0.28123,2.02637,1.94601,8.27789,0.904603,11.0644,0.42336,36.966,0.42336,423.524,0,1.02816,0,0,3.05453,2.02637,1.028160,1,0,93.2189,0,0,0,93.2189,0
62.5039,2.57507,0,0,9.20929,0.254669,0.36288,3.6288,61.308,0.502385,0,0,2.10294,0.230045,1.37051,0.66528,12.849,1,0.585744,0.36288,0,129.686,4.96765,124.495,0.84672,12.849,0.84672,3695.15,0,36.966,0.302916,3.19403,1.94626,14.4385,1.25477,18.0211,0.42336,36.966,0.42336,423.524,0,1.02816,0,0,4.22219,3.19403,1.028160,1,0,143.887,0,0,0,143.887,0
74.2559,2.62216,0,0,15.0061,0.269143,0.36288,3.6288,61.308,0.502524,0,0,5.96,0.230045,5.22743,0.66528,12.849,1,0.53904,0.36288,0,224.029,4.96765,218.885,0.84672,12.849,0.84672,3695.15,0,36.966,0.303,6.70467,2.00887,24.3899,1.25477,31.5457,0.42336,36.966,0.42336,423.524,0,1.02816,0,0,7.73283,6.70467,1.028160,1,0,255.658,0,0,0,255.658,0
82.7548,2.43742,0,0,11.7027,0.403481,0.36288,3.6288,61.308,0.66528,0,0,5.24246,0.230045,4.34713,0.66528,12.849,1,0.421764,0.36288,0,298.857,4.96765,293.83,0.84672,12.849,0.84672,3695.15,0,36.966,0.442869,5.95378,2.00911,22.3764,1.25477,28.6416,0.42336,36.966,0.42336,423.524,0,1.02816,0,0,6.98194,5.95378,1.028160,1,0,326.819,0,0,0,326.819,0
89.8438,2.47525,0,0,10.3775,0.450385,0.36288,3.6288,61.308,0.66528,0,0,4.70934,0.221941,3.82212,0.66528,12.849,1,0.384322,0.36288,0,188.441,4.81096,183.609,0.84672,12.849,0.84672,3695.15,0,36.966,0.443093,5.64716,2.18632,21.6385,1.21497,27.8139,0.42336,36.966,0.42336,423.524,0,1.02816,0,0,6.67532,5.64716,1.028160,1,0,215.245,0,0,0,215.245,0
95.0574,2.77197,0,0,8.83215,0.483652,0.36288,3.6288,61.308,0.66528,0,0,4.02221,0.204504,3.15242,0.66528,12.849,1,0.396433,0.36288,0,173.946,4.29426,169.618,0.84672,12.849,0.84672,3695.15,0,36.966,0.658999,3.98028,2.18657,18.5164,1.12359,22.9006,0.42336,36.966,0.42336,423.524,0,1.02816,0,0,5.00844,3.98028,1.028160,1,0,195.671,0,0,0,195.671,0
97.506,2.7915,0,0,10.7922,0.565698,4.98645,3.6288,61.308,0.66528,0,0,5.16872,0.210062,4.29338,0.66528,12.849,1,0.37733,4.98645,0,202.586,4.19076,203.004,0.84672,12.849,0.84672,3695.15,0,36.966,0.659249,4.84771,2.41125,21.3698,1.19407,26.7755,0.42336,36.966,0.42336,423.524,0,1.02816,0,0,5.87587,4.84771,1.028160,1,0,234.073,0,0,0,234.073,0
97.506,2.80025,0,0,7.34126,0.577424,3.96359,3.6288,61.308,0.66528,0,0,3.7727,0.210062,2.89736,0.66528,12.849,1,0.369007,3.96359,0,143.62,4.19076,143.024,0.84672,12.849,0.84672,3695.15,0,36.966,0.6595,3.00236,2.41153,15.9452,1.19407,19.5055,0.42336,36.966,0.42336,423.524,0,1.02816,0,0,4.03052,3.00236,1.028160,1,0,165.427,0,0,0,165.427,0
97.506,2.80062,0,0,7.71982,0.577424,4.34178,3.6288,61.308,0.66528,0,0,2.9847,0.210062,2.10935,0.66528,12.849,1,0.369056,4.34178,0,111.741,4.19076,111.523,0.84672,12.849,0.84672,3695.15,0,36.966,0.659751,2.18982,2.4118,10.5731,1.19407,13.3209,0.42336,36.966,0.42336,423.524,0,1.02816,0,0,3.21798,2.18982,1.028160,1,0,126.953,0,0,0,126.953,0
97.506,2.41209,0,0,4.48541,0.546541,1.52679,3.6288,61.308,0.646115,0,0,2.16977,0.188944,1.33471,0.66528,12.849,1,0.317856,1.52679,0,105.318,4.1307,102.396,0.84672,12.849,0.84672,3695.15,0,36.966,0.389578,1.49443,2.41207,7.83708,1.13138,10.2226,0.42336,36.966,0.42336,423.524,0,1.02816,0,0,2.52259,1.49443,1.028160,1,0,113.954,0,0,0,113.954,0
97.506,2.41241,0,0,4.61885,0.52338,1.68306,3.6288,61.308,0.646249,0,0,1.96338,0.173105,1.14403,0.66528,12.849,1,0.317899,1.68306,0,115.201,4.08565,112.481,0.84672,12.849,0.84672,3695.15,0,36.966,0.389659,1.65561,2.10612,9.34105,1.08436,11.6288,0.42336,36.966,0.42336,423.524,0,1.02816,0,0,2.68377,1.65561,1.028160,1,0,125.254,0,0,0,125.254,0
97.506,2.41274,0,0,4.77321,0.52338,1.83709,3.6288,61.308,0.646383,0,0,2.5057,0.173105,1.68621,0.66528,12.849,1,0.317943,1.83709,0,127,4.08565,124.434,0.84672,12.849,0.84672,3695.15,0,36.966,0.38974,2.2524,2.10636,15.7723,1.08436,18.657,0.42336,36.966,0.42336,423.524,0,1.02816,0,0,3.28056,2.2524,1.028160,1,0,144.777,0,0,0,144.777,0
97.506,2.41307,0,0,6.16446,0.52338,3.22801,3.6288,61.308,0.646518,0,0,2.83244,0.173105,2.01282,0.66528,12.849,1,0.317986,3.22801,0,100.702,4.08565,99.5262,0.84672,12.849,0.84672,3695.15,0,36.966,0.389821,3.00526,2.1066,18.1741,1.08436,21.8117,0.42336,36.966,0.42336,423.524,0,1.02816,0,0,4.03342,3.00526,1.028160,1,0,123.351,0,0,0,123.351,0
97.506,2.4134,0,0,6.4906,0.488183,3.58902,3.6288,61.308,0.646652,0,0,3.99211,0.17481,3.17065,0.66528,12.849,1,0.318029,3.58902,0,172.037,3.95249,171.356,0.84672,12.849,0.84672,3695.15,0,36.966,0.389903,5.29902,2.10683,21.089,1.06521,27.0398,0.42336,36.966,0.42336,423.524,0,1.02816,0,0,6.32718,5.29902,1.028160,1,0,201.566,0,0,0,201.566,0
97.506,2.51168,0,0,4.75417,0.480063,1.76243,3.6288,61.308,0.66528,0,0,2.52863,0.189275,1.67407,0.66528,12.849,1,0.33098,1.76243,0,126.502,3.864,124.069,0.84672,12.849,0.84672,3695.15,0,36.966,0.442378,2.46126,2.10707,11.9295,0.952097,15.1034,0.42336,36.966,0.42336,423.524,0,1.02816,0,0,3.48942,2.46126,1.028160,1,0,140.847,0,0,0,140.847,0
97.506,2.51202,0,0,4.38634,0.480063,1.39426,3.6288,61.308,0.66528,0,0,1.93336,0.189275,1.0788,0.66528,12.849,1,0.331025,1.39426,0,113.575,3.864,110.774,0.84672,12.849,0.84672,3695.15,0,36.966,0.442602,2.02963,2.18285,9.84226,0.952097,12.66,0.42336,36.966,0.42336,423.524,0,1.02816,0,0,3.05779,2.02963,1.028160,1,0,124.513,0,0,0,124.513,0
97.506,2.51236,0,0,5.75233,0.480063,2.75991,3.6288,61.308,0.66528,0,0,1.92489,0.189275,1.07033,0.66528,12.849,1,0.33107,2.75991,0,118.38,3.864,116.945,0.84672,12.849,0.84672,3695.15,0,36.966,0.442826,2.72771,2.18309,21.6842,0.952097,25.2,0.42336,36.966,0.42336,423.524,0,1.02816,0,0,3.75587,2.72771,1.028160,1,0,143.215,0,0,0,143.215,0
97.506,2.5127,0,0,4.67303,0.438141,1.72219,3.6288,61.308,0.66528,0,0,1.92615,0.174617,1.08625,0.66528,12.849,1,0.331115,1.72219,0,136.126,2.84747,134.669,0.84672,12.849,0.84672,3695.15,0,36.966,0.44305,2.56504,2.18334,14.5037,0.786832,18.0222,0.42336,36.966,0.42336,423.524,0,1.02816,0,0,3.5932,2.56504,1.028160,1,0,153.778,0,0,0,153.778,0
97.506,2.47472,0,0,4.16591,0.392135,1.29906,3.6288,61.308,0.66528,0,0,1.65976,0.2184,0.776082,0.66528,12.849,1,0.32611,1.29906,0,94.405,4.12672,91.2512,0.84672,12.849,0.84672,3695.15,0,36.966,0.415729,1.82954,2.18358,10.174,1.00303,12.7684,0.42336,36.966,0.42336,423.524,0,1.02816,0,0,2.8577,1.82954,1.028160,1,0,104.796,0,0,0,104.796,0
97.506,2.47505,0,0,3.53683,0.392327,0.669445,3.6288,61.308,0.66528,0,0,1.51898,0.220763,0.632938,0.66528,12.849,1,0.326154,0.669445,0,80.892,4.27623,76.9591,0.84672,12.849,0.84672,3695.15,0,36.966,0.41595,1.45529,2.15442,8.02293,1.02124,10.1954,0.42336,36.966,0.42336,423.524,0,1.02816,0,0,2.48345,1.45529,1.028160,1,0,87.7874,0,0,0,87.7874,0
97.4113,2.47539,0,0,3.1359,0.392327,0.36288,3.6288,61.308,0.66528,0,0,1.37972,0.220763,0.493679,0.66528,12.849,1,0.326198,0.36288,0,70.0894,4.27623,65.8499,0.84672,12.849,0.84672,3695.15,0,36.966,0.416171,1.14033,2.15466,6.93801,1.02124,8.79558,0.42336,36.966,0.42336,423.524,0,1.02816,0,0,2.16849,1.14033,1.028160,1,0,75.1391,0,0,0,75.1391,0
97.0298,2.47545,0,0,2.84144,0.384596,0.36288,3.6288,61.308,0.66528,0,0,1.23704,0.215074,0.356686,0.66528,12.849,1,0.326523,0.36288,0,61.7549,4.15827,57.633,0.84672,12.849,0.84672,3695.15,0,36.966,0.416392,0.943376,2.1549,6.3459,0.991327,8.03646,0.42336,36.966,0.42336,423.524,0,1.02816,0,0,1.97154,0.943376,1.028160,1,0,66.0261,0,0,0,66.0261,0
96.5431,2.6047,0,0,2.77621,0.295393,0.36288,3.6288,61.308,0.66528,0,0,1.23701,0.202716,0.369019,0.66528,12.849,1,0.344923,0.36288,0,60.1017,4.08663,56.0331,0.84672,12.849,0.84672,3695.15,0,36.966,0.514344,0.867231,2.15514,6.21157,0.908349,7.81126,0.42336,36.966,0.42336,423.524,0,1.02816,0,0,1.89539,0.867231,1.028160,1,0,64.2133,0,0,0,64.2133,0
96.1493,2.60352,0,0,2.80896,0.236316,0.36288,3.6288,61.308,0.66528,0,0,1.28862,0.231748,0.391593,0.66528,12.849,1,0.346505,0.36288,0,55.4758,4.93479,50.5574,0.84672,12.849,0.84672,3695.15,0,36.966,0.514577,0.877841,2.25849,6.41874,1.03706,8.00344,0.42336,36.966,0.42336,423.524,0,1.02816,0,0,1.906,0.877841,1.028160,1,0,58.9524,0,0,0,58.9524,0
95.6319,2.60262,0,0,2.68366,0.235538,0.36288,3.6288,61.308,0.66528,0,0,1.29367,0.231748,0.396639,0.66528,12.849,1,0.347803,0.36288,0,53.0065,4.93479,48.0868,0.84672,12.849,0.84672,3695.15,0,36.966,0.51481,1.04742,2.25875,6.113,1.03706,7.8673,0.42336,36.966,0.42336,423.524,0,1.02816,0,0,2.07558,1.04742,1.028160,1,0,56.3507,0,0,0,56.3507,0
94.8574,2.60131,0,0,2.48241,0.292777,0.36288,3.6288,61.308,0.66528,0,0,1.2206,0.222531,0.332788,0.66528,12.849,1,0.349509,0.36288,0,49.316,4.34249,44.9869,0.84672,12.849,0.84672,3695.15,0,36.966,0.515043,0.975387,2.259,5.55997,1.05991,7.21941,0.42336,36.966,0.42336,423.524,0,1.02816,0,0,2.00355,0.975387,1.028160,1,0,52.5391,0,0,0,52.5391,0
94.1063,2.59915,0,0,2.37322,0.162241,0.36288,3.6288,61.308,0.66528,0,0,1.29764,0.253498,0.378864,0.66528,12.849,1,0.35207,0.36288,0,47.07,4.64823,42.4326,0.84672,12.849,0.84672,3695.15,0,36.966,0.515276,1.12444,2.25926,5.86799,1.14342,7.59299,0.42336,36.966,0.42336,423.524,0,1.02816,0,0,2.1526,1.12444,1.028160,1,0,50.4045,0,0,0,50.4045,0
93.4919,2.57138,0,0,2.49391,0.174019,0.36288,3.6288,61.308,0.66528,0,0,1.60256,0.264966,0.67231,0.66528,12.849,1,0.351089,0.36288,0,51.7576,5.13639,46.633,0.84672,12.849,0.84672,3695.15,0,36.966,0.569256,1.83866,2.25951,7.23989,1.24461,9.52419,0.42336,36.966,0.42336,423.524,0,1.02816,0,0,2.86682,1.83866,1.028160,1,0,56.8295,0,0,0,56.8295,0
92.6917,2.5697,0,0,2.30547,0.173107,0.36288,3.6288,61.308,0.66528,0,0,1.54932,0.264966,0.61907,0.66528,12.849,1,0.353165,0.36288,0,51.4449,5.13639,46.3182,0.84672,12.849,0.84672,3695.15,0,36.966,0.569496,1.79015,2.29583,7.34106,1.24461,9.61293,0.42336,36.966,0.42336,423.524,0,1.02816,0,0,2.81831,1.79015,1.028160,1,0,56.5502,0,0,0,56.5502,0
91.6825,2.56737,0,0,2.09299,0.171918,0.36288,3.6288,61.308,0.66528,0,0,1.46362,0.264966,0.533379,0.66528,12.849,1,0.355891,0.36288,0,49.916,5.13639,44.7866,0.84672,12.849,0.84672,3695.15,0,36.966,0.569735,1.51367,2.29609,6.90077,1.24461,8.89618,0.42336,36.966,0.42336,423.524,0,1.02816,0,0,2.54183,1.51367,1.028160,1,0,54.2162,0,0,0,54.2162,0
90.517,2.56428,0,0,1.91646,0.154842,0.36288,3.6288,61.308,0.66528,0,0,1.393,0.286904,0.440817,0.66528,12.849,1,0.359375,0.36288,0,44.0197,5.41869,38.6045,0.84672,12.849,0.84672,3695.15,0,36.966,0.569975,1.40937,2.29635,6.70162,1.34766,8.4897,0.42336,36.966,0.42336,423.524,0,1.02816,0,0,2.43753,1.40937,1.028160,1,0,47.535,0,0,0,47.535,0
89.1024,2.62651,0,0,1.71095,0.136179,0.36288,3.6288,61.308,0.66528,0,0,1.26689,0.318145,0.283467,0.66528,12.849,1,0.372836,0.36288,0,42.7588,5.65089,37.098,0.84672,12.849,0.84672,3695.15,0,36.966,0.618139,1.12921,2.29661,5.36207,1.45271,6.71704,0.42336,36.966,0.42336,423.524,0,1.02816,0,0,2.15737,1.12921,1.028160,1,0,44.0985,0,0,0,44.0985,0
87.569,2.62169,0,0,1.59419,0.14296,0.36288,3.6288,61.308,0.66528,0,0,1.17101,0.308703,0.197022,0.66528,12.849,1,0.37806,0.36288,0,32.8104,5.46147,27.3337,0.84672,12.849,0.84672,3695.15,0,36.966,0.618384,1.13276,2.348,4.56645,1.39168,6.03714,0.42336,36.966,0.42336,423.524,0,1.02816,0,0,2.16092,1.13276,1.028160,1,0,33.5679,0,0,0,33.5679,0
85.8988,2.61627,0,0,1.44992,0.141006,0.36288,3.6288,61.308,0.66528,0,0,1.09055,0.308703,0.116566,0.66528,12.849,1,0.383885,0.36288,0,30.5867,5.46147,25.1042,0.84672,12.849,0.84672,3695.15,0,36.966,0.61863,0.795943,2.34827,4.06959,1.39168,5.20349,0.42336,36.966,0.42336,423.524,0,1.02816,0,0,1.8241,0.795943,1.028160,1,0,30.4243,0,0,0,30.4243,0
84.3775,2.61013,0,0,1.57895,0.127277,0.36288,3.6288,61.308,0.66528,0,0,1.28726,0.306903,0.315074,0.66528,12.849,1,0.390431,0.36288,0,30.7314,5.5696,25.1342,0.84672,12.849,0.84672,3695.15,0,36.966,0.618876,1.27057,2.34853,5.7542,1.41759,7.33684,0.42336,36.966,0.42336,423.524,0,1.02816,0,0,2.29873,1.27057,1.028160,1,0,32.7861,0,0,0,32.7861,0
82.6171,2.79583,0,0,1.50548,0.107131,0.36288,3.6288,61.308,0.66528,0,0,1.27337,0.291293,0.316799,0.66528,12.849,1,0.425749,0.36288,0,29.8604,5.73762,24.0599,0.84672,12.849,0.84672,3695.15,0,36.966,0.792187,1.33783,2.3488,5.0435,1.49022,6.44772,0.42336,36.966,0.42336,423.524,0,1.02816,0,0,2.36599,1.33783,1.028160,1,0,30.8244,0,0,0,30.8244,0
80.6149,2.83304,0,0,1.29347,0.0997305,0.36288,3.6288,61.308,0.66528,0,0,1.28194,0.3246,0.292063,0.66528,12.849,1,0.440607,0.36288,0,27.0839,5.8442,21.162,0.84672,12.849,0.84672,3695.15,0,36.966,0.740819,1.32767,2.52412,4.4304,1.5446,5.99677,0.42336,36.966,0.42336,423.524,0,1.02816,0,0,2.35583,1.32767,1.028160,1,0,27.4508,0,0,0,27.4508,0
78.4897,2.8242,0,0,1.15968,0.0978411,0.36288,3.6288,61.308,0.66528,0,0,1.16206,0.3246,0.172183,0.66528,12.849,1,0.450142,0.36288,0,24.1781,5.8442,18.2466,0.84672,12.849,0.84672,3695.15,0,36.966,0.740819,1.17473,2.49419,4.32032,1.5446,5.70382,0.42336,36.966,0.42336,423.524,0,1.02816,0,0,2.20289,1.17473,1.028160,1,0,24.1226,0,0,0,24.1226,0
76.6047,2.81433,0,0,1.38802,0.0958356,0.36288,3.6288,61.308,0.66528,0,0,1.24835,0.3246,0.258471,0.66528,12.849,1,0.460714,0.36288,0,25.0228,5.8442,19.0808,0.84672,12.849,0.84672,3695.15,0,36.966,0.740819,1.36424,2.49432,4.73886,1.5446,6.312,0.42336,36.966,0.42336,423.524,0,1.02816,0,0,2.3924,1.36424,1.028160,1,0,25.6513,0,0,0,25.6513,0
75.6797,2.80521,0,0,2.37336,0.130234,0.36288,3.6288,61.308,0.66528,0,0,1.6034,0.319236,0.618887,0.66528,12.849,1,0.470522,0.36288,0,41.5848,5.69577,35.7814,0.84672,12.849,0.84672,3695.15,0,36.966,0.740819,1.75851,2.49445,5.24554,1.52639,7.23129,0.42336,36.966,0.42336,423.524,0,1.02816,0,0,2.78667,1.75851,1.028160,1,0,43.6316,0,0,0,43.6316,0
75.2026,2.70892,0,0,2.67618,0.0815057,0.36288,3.6288,61.308,0.66528,0,0,2.42686,0.329382,1.4322,0.66528,12.849,1,0.459925,0.36288,0,56.072,6.21799,49.757,0.84672,12.849,0.84672,3695.15,0,36.966,0.63571,2.55959,2.49458,9.41941,1.54144,12.2964,0.42336,36.966,0.42336,423.524,0,1.02816,0,0,3.58775,2.55959,1.028160,1,0,63.4856,0,0,0,63.4856,0
75.9078,2.66178,0,0,3.81103,0.0811118,0.36288,3.6288,61.308,0.66528,0,0,3.39654,0.329382,2.40188,0.66528,12.849,1,0.454787,0.36288,0,48.2462,6.21799,41.9363,0.84672,12.849,0.84672,3695.15,0,36.966,0.688667,5.12292,2.39334,12.6055,1.54144,17.8916,0.42336,36.966,0.42336,423.524,0,1.02816,0,0,6.15108,5.12292,1.028160,1,0,62.2298,0,0,0,62.2298,0
74.8868,2.66575,0,0,2.08926,0.0816939,0.36288,3.6288,61.308,0.66528,0,0,2.19706,0.329382,1.20239,0.66528,12.849,1,0.451234,0.36288,0,61.0635,6.21799,54.7572,0.84672,12.849,0.84672,3695.15,0,36.966,0.688921,3.19256,2.42446,7.84892,1.54144,11.2356,0.42336,36.966,0.42336,423.524,0,1.02816,0,0,4.22072,3.19256,1.028160,1,0,67.1952,0,0,0,67.1952,0
73.7206,2.66085,0,0,1.93838,0.0808512,0.36288,3.6288,61.308,0.66528,0,0,2.23027,0.329382,1.23561,0.66528,12.849,1,0.456546,0.36288,0,36.2699,6.21799,29.9582,0.84672,12.849,0.84672,3695.15,0,36.966,0.689175,2.21624,2.42473,5.93131,1.54144,8.34166,0.42336,36.966,0.42336,423.524,0,1.02816,0,0,3.2444,2.21624,1.028160,1,0,39.5355,0,0,0,39.5355,0
72.3389,2.57982,0,0,1.7901,0.229052,0.36288,3.6288,61.308,0.66528,0,0,1.77034,0.256729,0.848334,0.66528,12.849,1,0.449645,0.36288,0,43.5371,4.67781,38.7726,0.84672,12.849,0.84672,3695.15,0,36.966,0.593707,1.87478,2.42501,7.35455,1.15364,9.90699,0.42336,36.966,0.42336,423.524,0,1.02816,0,0,2.90294,1.87478,1.028160,1,0,49.5279,0,0,0,49.5279,0
71.9813,2.57287,0,0,2.85131,0.27315,0.36288,3.6288,61.308,0.66528,0,0,1.47392,0.206789,0.601854,0.66528,12.849,1,0.456999,0.36288,0,51.1562,3.83849,47.2236,0.84672,12.849,0.84672,3695.15,0,36.966,0.593949,1.65352,2.33477,6.98045,0.910309,9.46448,0.42336,36.966,0.42336,423.524,0,1.02816,0,0,2.68168,1.65352,1.028160,1,0,57.29,0,0,0,57.29,0
73.3694,2.57129,0,0,4.52258,0.200304,0.36288,3.6288,61.308,0.66528,0,0,3.08576,0.206789,2.21369,0.66528,12.849,1,0.458987,0.36288,0,69.6035,3.83849,65.6689,0.84672,12.849,0.84672,3695.15,0,36.966,0.594192,3.56696,2.33503,11.2393,0.910309,15.6368,0.42336,36.966,0.42336,423.524,0,1.02816,0,0,4.59512,3.56696,1.028160,1,0,83.5193,0,0,0,83.5193,0
73.0571,2.57903,0,0,2.90571,0.2761,0.36288,3.6288,61.308,0.66528,0,0,2.30073,0.206789,1.42866,0.66528,12.849,1,0.451658,0.36288,0,47.8716,3.83849,43.9443,0.84672,12.849,0.84672,3695.15,0,36.966,0.594434,2.9575,2.3353,11.0892,0.910309,14.8772,0.42336,36.966,0.42336,423.524,0,1.02816,0,0,3.98566,2.9575,1.028160,1,0,60.2502,0,0,0,60.2502,0
74.2516,2.36423,0,0,4.30825,0.386718,0.36288,3.6288,61.308,0.661589,0,0,1.99618,0.214386,1.1202,0.66528,12.849,1,0.415812,0.36288,0,82.4227,4.14169,78.228,0.84672,12.849,0.84672,3695.15,0,36.966,0.398909,2.35173,2.33556,12.4586,0.975036,15.7719,0.42336,36.966,0.42336,423.524,0,1.02816,0,0,3.37989,2.35173,1.028160,1,0,95.1202,0,0,0,95.1202,0
73.0616,2.37025,0,0,1.95795,0.41478,0.36288,3.6288,61.308,0.661726,0,0,1.51246,0.173014,0.677718,0.66528,12.849,1,0.410165,0.36288,0,31.5577,3.8849,27.6255,0.84672,12.849,0.84672,3695.15,0,36.966,0.398991,1.56472,2.13468,6.64309,0.89993,9.04357,0.42336,36.966,0.42336,423.524,0,1.02816,0,0,2.59288,1.56472,1.028160,1,0,37.3468,0,0,0,37.3468,0
74.0708,2.36489,0,0,4.14672,0.409709,0.36288,3.6288,61.308,0.661862,0,0,2.49732,0.173014,1.66245,0.66528,12.849,1,0.415903,0.36288,0,75.0211,3.8849,71.0832,0.84672,12.849,0.84672,3695.15,0,36.966,0.399073,3.33649,2.13492,9.89565,0.89993,14.0681,0.42336,36.966,0.42336,423.524,0,1.02816,0,0,4.36465,3.33649,1.028160,1,0,86.8137,0,0,0,86.8137,0
74.4723,2.37004,0,0,3.55184,0.417432,0.36288,3.6288,61.308,0.661998,0,0,2.2767,0.234012,1.38069,0.66528,12.849,1,0.411129,0.36288,0,66.6965,4.72497,61.9233,0.84672,12.849,0.84672,3695.15,0,36.966,0.399155,2.01228,2.13516,10.4988,1.22133,13.0258,0.42336,36.966,0.42336,423.524,0,1.02816,0,0,3.04044,2.01228,1.028160,1,0,76.3297,0,0,0,76.3297,0
76.7579,2.37225,0,0,5.39943,0.378771,0.36288,3.6288,61.308,0.662134,0,0,3.86328,0.211044,2.9901,0.66528,12.849,1,0.409294,0.36288,0,89.5424,3.7698,85.7262,0.84672,12.849,0.84672,3695.15,0,36.966,0.399237,4.42022,2.13539,14.6146,0.885084,19.8859,0.42336,36.966,0.42336,423.524,0,1.02816,0,0,5.44838,4.42022,1.028160,1,0,108.602,0,0,0,108.602,0
83.5051,2.46577,0,0,9.96195,0.386031,0.36288,3.6288,61.308,0.66528,0,0,5.23853,0.224828,4.34842,0.66528,12.849,1,0.412762,0.36288,0,183.397,4.08104,179.266,0.84672,12.849,0.84672,3695.15,0,36.966,0.454094,5.5606,2.13563,24.7889,1.04468,30.9864,0.42336,36.966,0.42336,423.524,0,1.02816,0,0,6.58876,5.5606,1.028160,1,0,214.601,0,0,0,214.601,0
88.7053,2.49499,0,0,8.47057,0.412514,0.36288,3.6288,61.308,0.66528,0,0,5.01824,0.228556,4.12441,0.66528,12.849,1,0.383906,0.36288,0,179.375,4.15894,175.195,0.84672,12.849,0.84672,3695.15,0,36.966,0.454304,4.39872,2.19862,15.8595,1.07876,20.9238,0.42336,36.966,0.42336,423.524,0,1.02816,0,0,5.42688,4.39872,1.028160,1,0,200.243,0,0,0,200.243,0
93.0048,2.51497,0,0,7.60994,0.432642,0.36288,3.6288,61.308,0.66528,0,0,4.78005,0.228556,3.88622,0.66528,12.849,1,0.364294,0.36288,0,166.183,4.15894,162.023,0.84672,12.849,0.84672,3695.15,0,36.966,0.454514,4.20596,2.19885,15.5866,1.07876,20.4581,0.42336,36.966,0.42336,423.524,0,1.02816,0,0,5.23412,4.20596,1.028160,1,0,186.367,0,0,0,186.367,0
96.5179,2.53008,0,0,6.87868,0.472547,0.36288,3.6288,61.308,0.66528,0,0,4.38315,0.166525,3.55135,0.66528,12.849,1,0.349541,0.36288,0,209.351,3.50077,205.863,0.84672,12.849,0.84672,3695.15,0,36.966,0.454724,3.45485,2.19908,13.6832,0.732112,18.1503,0.42336,36.966,0.42336,423.524,0,1.02816,0,0,4.48301,3.45485,1.028160,1,0,227.565,0,0,0,227.565,0
97.506,2.81556,0,0,4.77171,0.482952,0.485126,3.6288,61.308,0.66528,0,0,2.83811,0.159455,2.01338,0.66528,12.849,1,0.374823,0.485126,0,113.78,3.45543,110.435,0.84672,12.849,0.84672,3695.15,0,36.966,0.671982,1.8156,2.19931,9.67032,0.776224,12.237,0.42336,36.966,0.42336,423.524,0,1.02816,0,0,2.84376,1.8156,1.028160,1,0,124.685,0,0,0,124.685,0
97.506,2.81927,0,0,3.76808,0.476331,0.472474,3.6288,61.308,0.66528,0,0,2.87955,0.163813,2.05045,0.66528,12.849,1,0.371514,0.472474,0,75.829,3.54123,72.3887,0.84672,12.849,0.84672,3695.15,0,36.966,0.672217,1.76989,2.4254,9.20022,0.912075,11.8112,0.42336,36.966,0.42336,423.524,0,1.02816,0,0,2.79805,1.76989,1.028160,1,0,86.2504,0,0,0,86.2504,0
97.506,2.81962,0,0,5.41992,0.445562,2.15473,3.6288,61.308,0.66528,0,0,3.96885,0.186661,3.11691,0.66528,12.849,1,0.37156,2.15473,0,154.825,3.39807,153.21,0.84672,12.849,0.84672,3695.15,0,36.966,0.672452,2.93923,2.42566,14.0834,0.936358,17.8395,0.42336,36.966,0.42336,423.524,0,1.02816,0,0,3.96739,2.93923,1.028160,1,0,174.167,0,0,0,174.167,0
97.506,2.81997,0,0,3.80309,0.464234,0.518887,3.6288,61.308,0.66528,0,0,3.18869,0.22269,2.30072,0.66528,12.849,1,0.371606,0.518887,0,117.107,3.12548,114.129,0.84672,12.849,0.84672,3695.15,0,36.966,0.672687,2.04296,2.42592,10.8511,1.06292,13.5843,0.42336,36.966,0.42336,423.524,0,1.02816,0,0,3.07112,2.04296,1.028160,1,0,130.014,0,0,0,130.014,0
97.506,2.42896,0,0,3.81032,0.523583,0.857772,3.6288,61.308,0.653037,0,0,3.2177,0.185013,2.37965,0.66528,12.849,1,0.32008,0.857772,0,113.294,2.97616,110.855,0.84672,12.849,0.84672,3695.15,0,36.966,0.393752,2.07569,2.42617,10.5965,0.945529,13.7591,0.42336,36.966,0.42336,423.524,0,1.02816,0,0,3.10385,2.07569,1.028160,1,0,126.994,0,0,0,126.994,0
97.506,2.42927,0,0,5.44543,0.525948,2.49021,3.6288,61.308,0.653163,0,0,2.73947,0.157027,1.92928,0.66528,12.849,1,0.320121,2.49021,0,116.743,2.78429,116.129,0.84672,12.849,0.84672,3695.15,0,36.966,0.393828,2.01919,2.11828,11.2671,0.764731,14.246,0.42336,36.966,0.42336,423.524,0,1.02816,0,0,3.04735,2.01919,1.028160,1,0,132.304,0,0,0,132.304,0
97.506,2.42958,0,0,4.1243,0.525948,1.16877,3.6288,61.308,0.653289,0,0,2.10596,0.157027,1.29564,0.66528,12.849,1,0.320161,1.16877,0,111.357,2.78429,109.421,0.84672,12.849,0.84672,3695.15,0,36.966,0.393904,1.32723,2.1185,9.97566,0.764731,12.2628,0.42336,36.966,0.42336,423.524,0,1.02816,0,0,2.35539,1.32723,1.028160,1,0,122.979,0,0,0,122.979,0
97.506,2.42988,0,0,5.01806,0.481287,2.10689,3.6288,61.308,0.653414,0,0,2.29999,0.151136,1.49544,0.66528,12.849,1,0.320202,2.10689,0,126.913,2.79115,125.908,0.84672,12.849,0.84672,3695.15,0,36.966,0.39398,1.64212,2.11872,9.15944,0.781783,11.7445,0.42336,36.966,0.42336,423.524,0,1.02816,0,0,2.67028,1.64212,1.028160,1,0,139.148,0,0,0,139.148,0
97.506,2.43019,0,0,4.66782,0.482239,1.75539,3.6288,61.308,0.65354,0,0,2.56498,0.183846,1.7276,0.66528,12.849,1,0.320242,1.75539,0,102.694,4.02971,100.1,0.84672,12.849,0.84672,3695.15,0,36.966,0.394056,2.06937,2.11894,9.80243,0.996241,12.6004,0.42336,36.966,0.42336,423.524,0,1.02816,0,0,3.09753,2.06937,1.028160,1,0,114.428,0,0,0,114.428,0
97.506,2.52907,0,0,3.8281,0.490458,0.808574,3.6288,61.308,0.66528,0,0,1.80376,0.185355,0.953129,0.66528,12.849,1,0.333272,0.808574,0,81.1123,3.8472,77.7404,0.84672,12.849,0.84672,3695.15,0,36.966,0.453849,1.23335,2.11916,8.86179,1.006,10.7544,0.42336,36.966,0.42336,423.524,0,1.02816,0,0,2.26151,1.23335,1.028160,1,0,89.448,0,0,0,89.448,0
97.455,2.52938,0,0,3.3317,0.490458,0.36288,3.6288,61.308,0.66528,0,0,1.59443,0.185355,0.743791,0.66528,12.849,1,0.333313,0.36288,0,85.0582,3.8472,81.2406,0.84672,12.849,0.84672,3695.15,0,36.966,0.454059,1.22656,2.1954,7.54477,1.006,9.50666,0.42336,36.966,0.42336,423.524,0,1.02816,0,0,2.25472,1.22656,1.028160,1,0,91.491,0,0,0,91.491,0
97.3202,2.52955,0,0,3.24788,0.490251,0.36288,3.6288,61.308,0.66528,0,0,1.41811,0.185355,0.567475,0.66528,12.849,1,0.33351,0.36288,0,80.0055,3.8472,76.1877,0.84672,12.849,0.84672,3695.15,0,36.966,0.454269,0.81705,2.19563,7.42334,1.006,8.97575,0.42336,36.966,0.42336,423.524,0,1.02816,0,0,1.84521,0.81705,1.028160,1,0,85.7309,0,0,0,85.7309,0
96.4484,2.52946,0,0,2.39714,0.376562,0.36288,3.6288,61.308,0.66528,0,0,1.1205,0.207196,0.248019,0.66528,12.849,1,0.33396,0.36288,0,52.5376,4.04177,48.5247,0.84672,12.849,0.84672,3695.15,0,36.966,0.454479,0.547335,2.19586,5.05749,1.01959,6.32662,0.42336,36.966,0.42336,423.524,0,1.02816,0,0,1.5755,0.547335,1.028160,1,0,55.0994,0,0,0,55.0994,0
96.2007,2.48861,0,0,2.9379,0.334105,0.36288,3.6288,61.308,0.66528,0,0,1.79277,0.222384,0.905101,0.66528,12.849,1,0.331536,0.36288,0,58.097,3.96662,54.1617,0.84672,12.849,0.84672,3695.15,0,36.966,0.426972,1.39386,2.19609,6.01696,0.990554,8.18938,0.42336,36.966,0.42336,423.524,0,1.02816,0,0,2.42202,1.39386,1.028160,1,0,63.2562,0,0,0,63.2562,0
95.6895,2.48817,0,0,2.65738,0.317554,0.36288,3.6288,61.308,0.66528,0,0,1.64811,0.22846,0.754366,0.66528,12.849,1,0.332331,0.36288,0,52.9965,3.93656,49.0905,0.84672,12.849,0.84672,3695.15,0,36.966,0.427179,1.30372,2.16673,5.47935,0.978941,7.54367,0.42336,36.966,0.42336,423.524,0,1.02816,0,0,2.33188,1.30372,1.028160,1,0,57.3885,0,0,0,57.3885,0
94.7683,2.48691,0,0,2.24478,0.316193,0.36288,3.6288,61.308,0.66528,0,0,1.51851,0.22846,0.624775,0.66528,12.849,1,0.333938,0.36288,0,46.46,3.93656,42.5524,0.84672,12.849,0.84672,3695.15,0,36.966,0.427386,1.06403,2.16695,4.98804,0.978941,6.81269,0.42336,36.966,0.42336,423.524,0,1.02816,0,0,2.09219,1.06403,1.028160,1,0,49.9899,0,0,0,49.9899,0
93.6565,2.48437,0,0,2.04922,0.31374,0.36288,3.6288,61.308,0.66528,0,0,1.3071,0.22846,0.413363,0.66528,12.849,1,0.336839,0.36288,0,46.0147,3.93656,42.1042,0.84672,12.849,0.84672,3695.15,0,36.966,0.427593,0.593387,2.16718,5.09216,0.978941,6.44619,0.42336,36.966,0.42336,423.524,0,1.02816,0,0,1.62155,0.593387,1.028160,1,0,48.9638,0,0,0,48.9638,0
93.0446,2.61148,0,0,2.6415,0.279083,0.36288,3.6288,61.308,0.66528,0,0,1.54176,0.244107,0.632378,0.66528,12.849,1,0.358276,0.36288,0,51.3264,4.27001,47.061,0.84672,12.849,0.84672,3695.15,0,36.966,0.526136,0.637286,2.1674,4.9228,1.04017,6.16118,0.42336,36.966,0.42336,423.524,0,1.02816,0,0,1.66545,0.637286,1.028160,1,0,53.8545,0,0,0,53.8545,0
91.9293,2.60974,0,0,2.09205,0.234702,0.36288,3.6288,61.308,0.66528,0,0,1.17977,0.246427,0.268067,0.66528,12.849,1,0.360392,0.36288,0,40.7005,4.37222,36.3308,0.84672,12.849,0.84672,3695.15,0,36.966,0.526355,0.685791,2.27138,3.90763,1.13084,5.20761,0.42336,36.966,0.42336,423.524,0,1.02816,0,0,1.71395,0.685791,1.028160,1,0,41.8065,0,0,0,41.8065,0
90.6891,2.60623,0,0,1.91106,0.182141,0.36288,3.6288,61.308,0.66528,0,0,1.16979,0.250076,0.254431,0.66528,12.849,1,0.364273,0.36288,0,36.3767,4.48592,31.8894,0.84672,12.849,0.84672,3695.15,0,36.966,0.526573,0.685359,2.27162,3.73262,1.09531,5.06771,0.42336,36.966,0.42336,423.524,0,1.02816,0,0,1.71352,0.685359,1.028160,1,0,37.2116,0,0,0,37.2116,0
89.417,2.60219,0,0,1.87315,0.180177,0.36288,3.6288,61.308,0.66528,0,0,1.26521,0.250076,0.349851,0.66528,12.849,1,0.368683,0.36288,0,34.8477,4.48592,30.356,0.84672,12.849,0.84672,3695.15,0,36.966,0.526791,0.653003,2.27185,4.02202,1.09531,5.32478,0.42336,36.966,0.42336,423.524,0,1.02816,0,0,1.68116,0.653003,1.028160,1,0,36.0306,0,0,0,36.0306,0
88.0264,2.59793,0,0,1.7483,0.178162,0.36288,3.6288,61.308,0.66528,0,0,1.15624,0.250076,0.240883,0.66528,12.849,1,0.373316,0.36288,0,32.5763,4.48592,28.0799,0.84672,12.849,0.84672,3695.15,0,36.966,0.52701,0.532371,2.27209,3.56155,1.09531,4.74369,0.42336,36.966,0.42336,423.524,0,1.02816,0,0,1.56053,0.532371,1.028160,1,0,33.0645,0,0,0,33.0645,0
86.6082,2.56752,0,0,1.65623,0.144039,0.36288,3.6288,61.1844,0.66528,0,0,0.802449,0.26074,0,0.66528,12.849,1,0.374775,0.36288,0,34.6013,5.01511,29.5743,0.84672,12.849,0.84672,3695.15,0,36.966,0.581306,0.539499,2.27233,3.20166,1.27768,4.15451,0.42336,36.966,0.42336,423.524,0,1.02816,0,0,1.56766,0.539499,1.028160,1,0,33.7288,0,0,0,33.7288,0
85.0987,2.5625,0,0,1.55807,0.1422,0.36288,3.6288,61.0156,0.66528,0,0,0.756968,0.260536,0,0.66528,12.849,1,0.380166,0.36288,0,34.345,5.01511,29.3126,0.84672,12.849,0.84672,3695.15,0,36.966,0.58153,0.435586,2.30885,3.34624,1.27768,4.23147,0.42336,36.966,0.42336,423.524,0,1.02816,0,0,1.46375,0.435586,1.028160,1,0,33.5441,0,0,0,33.5441,0
83.4573,2.55696,0,0,1.41874,0.140243,0.36288,3.6288,60.8394,0.66528,0,0,0.749313,0.260258,0,0.66528,12.849,1,0.386074,0.36288,0,34.0795,5.01511,29.0412,0.84672,12.849,0.84672,3695.15,0,36.966,0.581755,0.437659,2.3091,3.22057,1.27768,4.10789,0.42336,36.966,0.42336,423.524,0,1.02816,0,0,1.46582,0.437659,1.028160,1,0,33.1491,0,0,0,33.1491,0
81.6892,2.5507,0,0,1.28363,0.138115,0.36288,3.6288,60.6041,0.670715,0,0,0.695399,0.259968,0,0.66528,12.849,1,0.392703,0.36288,0,30.6037,5.01511,25.5588,0.84672,12.849,0.84672,3695.15,0,36.966,0.581979,0.261274,2.30934,3.08883,1.27768,3.79979,0.42336,36.966,0.42336,423.524,0,1.02273,0,0,1.284,0.261274,1.028160,1,0,29.3586,0,0,0,29.3586,0
80.0355,2.60914,0,0,1.41689,0.0986554,0.36288,3.6288,60.3141,0.66528,0,0,0.690733,0.315464,0,0.66528,12.849,1,0.410394,0.36288,0,30.4387,5.87545,24.5158,0.84672,12.849,0.84672,3695.15,0,36.966,0.630421,0.354689,2.30958,2.97831,1.5153,3.49686,0.42336,36.966,0.42336,423.524,0,1.02816,0,0,1.38285,0.354689,1.028160,1,0,28.0126,0,0,0,28.0126,0
78.3993,2.60215,0,0,1.42301,0.0941574,0.36288,3.6288,59.9852,0.66528,0,0,0.655007,0.318568,0,0.66528,12.849,1,0.417753,0.36288,0,29.8701,6.02668,23.7886,0.84672,12.849,0.84672,3695.15,0,36.966,0.630651,0.370915,2.36127,3.01431,1.51319,3.60266,0.42336,36.966,0.42336,423.524,0,1.02816,0,0,1.39908,0.370915,1.028160,1,0,27.3912,0,0,0,27.3912,0
76.6372,2.59499,0,0,1.28846,0.0926632,0.36288,3.6288,59.5949,0.698242,0,0,0.62583,0.317902,0,0.66528,12.849,1,0.425297,0.36288,0,28.1318,6.02668,22.0427,0.84672,12.849,0.84672,3695.15,0,36.966,0.630881,0.261274,2.36152,2.80265,1.51319,3.28138,0.42336,36.966,0.42336,423.524,0,0.995198,0,0,1.25647,0.261274,1.028160,1,0,25.324,0,0,0,25.324,0
74.744,2.58694,0,0,1.1268,0.0701482,0.36288,3.6288,59.207,0.684461,0,0,0.621389,0.324797,0,0.66528,12.849,1,0.433726,0.36288,0,26.7875,6.25101,20.4656,0.84672,12.849,0.84672,3695.15,0,36.966,0.631111,0.227405,2.36177,2.83262,1.55801,3.23268,0.42336,36.966,0.42336,423.524,0,1.00898,0,0,1.23638,0.227405,1.028160,1,0,23.6983,0,0,0,23.6983,0
72.5068,2.76729,0,0,0.979975,0.0870787,0.36288,3.6288,58.739,0.744025,0,0,0.588933,0.312899,0,0.66528,12.849,1,0.475715,0.36288,0,24.2982,6.24958,17.9358,0.84672,12.849,0.84672,3695.15,0,36.966,0.80546,0.227405,2.36202,2.71727,1.43041,3.07082,0.42336,36.966,0.42336,423.524,0,0.949415,0,0,1.17682,0.227405,1.028160,1,0,21.0066,0,0,0,21.0066,0
70.021,3.01204,0,0,1.00962,0.120492,0.36288,3.6288,57.9423,0.924,0,0,0.447798,0.320556,0,0.66528,12.849,1,0.533766,0.36288,0,20.3806,6.8524,13.3573,0.84672,12.849,0.84672,3695.15,0,36.966,0.581497,0.227405,2.53839,2.3433,1.55421,2.97338,0.42336,36.966,0.42336,423.524,0,0.691252,0,0,0.918657,0.227405,1.028160,1,0,16.3307,0,0,0,16.3307,0
67.6499,2.99637,0,0,1.0751,0.0868877,0.36288,3.6288,57.3856,0.788599,0,0,0.55081,0.318914,0,0.66528,12.849,1,0.54984,0.36288,0,25.935,6.8524,18.8957,0.84672,12.849,0.84672,3695.15,0,36.966,0.50356,0.227405,2.36169,2.61738,1.55421,3.1487,0.42336,36.966,0.42336,423.524,0,0.904841,0,0,1.13225,0.227405,1.028160,1,0,22.0444,0,0,0,22.0444,0
65.1057,2.98051,0,0,0.884477,0.0852972,0.36288,3.6288,56.4789,0.990068,0,0,0.40115,0.317768,0,0.66528,12.849,1,0.566099,0.36288,0,23.7605,6.8524,16.7049,0.84672,12.849,0.84672,3695.15,0,36.966,0.637771,0.204422,2.36196,2.14375,1.55421,2.51815,0.42336,36.966,0.42336,423.524,0,0.569411,0,0,0.773833,0.204422,1.028160,1,0,19.223,0,0,0,19.223,0
62.7991,2.96237,0,0,1.10221,0.0835905,0.36288,3.6288,56.1926,0.66528,0,0,0.694905,0.3159,0,0.66528,12.849,1,0.584642,0.36288,0,23.1609,6.8524,16.0867,0.84672,12.849,0.84672,3695.15,0,36.966,0.50406,0.50106,2.36223,3.34353,1.55421,4.14855,0.42336,36.966,0.42336,423.524,0,1.02816,0,0,1.52922,0.50106,1.028160,1,0,20.2353,0,0,0,20.2353,0
61.248,2.85503,0,0,1.81374,0.146916,0.36288,3.6288,56.3037,0.641704,0,0,1.03566,0.282851,0,0.66528,12.849,1,0.584153,0.36288,0,45.0934,5.66667,39.2054,0.84672,12.849,0.84672,3695.15,0,36.966,0.422142,0.541382,2.3625,5.83636,1.34879,6.96931,0.42336,36.966,0.42336,423.524,0,1.02816,0,0,1.56954,0.541382,1.028160,1,0,46.1747,0,0,0,46.1747,0
60.4102,2.84313,0,0,2.52257,0.154373,0.36288,3.6288,56.8354,0.642351,0,0,1.45947,0.285431,0,0.66528,12.849,1,0.596449,0.36288,0,37.4153,5.6847,31.4971,0.84672,12.849,0.84672,3695.15,0,36.966,0.421733,1.5314,2.26079,7.88127,1.3985,9.85322,0.42336,36.966,0.42336,423.524,0,1.02816,0,0,2.55956,1.5314,1.028160,1,0,41.3503,0,0,0,41.3503,0
58.6624,2.83663,0,0,1.60497,0.153302,0.36288,3.6288,56.9305,0.644886,0,0,1.02641,0.286422,0,0.66528,12.849,1,0.603339,0.36288,0,57.1069,5.6847,51.1817,0.84672,12.849,0.84672,3695.15,0,36.966,0.419436,1.03119,2.26104,5.40346,1.3985,6.87775,0.42336,36.966,0.42336,423.524,0,1.02816,0,0,2.05935,1.03119,1.028160,1,0,58.0595,0,0,0,58.0595,0
56.6425,2.8222,0,0,1.31602,0.150767,0.36288,3.6288,56.9357,0.645455,0,0,0.937276,0.286599,0,0.66528,12.849,1,0.618155,0.36288,0,33.1295,5.6847,27.1895,0.84672,12.849,0.84672,3695.15,0,36.966,0.419105,0.391729,2.2613,3.86135,1.3985,4.69678,0.42336,36.966,0.42336,423.524,0,1.02816,0,0,1.41989,0.391729,1.028160,1,0,31.8863,0,0,0,31.8863,0
55.0574,2.7321,0,0,1.71037,0.200572,0.36288,3.6288,57.1812,0.587235,0,0,1.08283,0.250193,0,0.66528,12.849,1,0.619761,0.36288,0,50.1097,5.03862,44.8142,0.84672,12.849,0.84672,3695.15,0,36.966,0.381267,0.73402,2.26156,6.67742,1.26608,8.02565,0.42336,36.966,0.42336,423.524,0,1.02816,0,0,1.76218,0.73402,1.028160,1,0,52.8398,0,0,0,52.8398,0
54.2692,2.71795,0,0,2.50613,0.213427,0.36288,3.6288,57.7107,0.588366,0,0,1.32577,0.207868,0,0.66528,12.849,1,0.6343,0.36288,0,65.7025,4.59826,60.8329,0.84672,12.849,0.84672,3695.15,0,36.966,0.380362,0.828291,2.17076,6.95035,1.15288,8.41616,0.42336,36.966,0.42336,423.524,0,1.02816,0,0,1.85645,0.828291,1.028160,1,0,69.249,0,0,0,69.249,0
53.294,2.71081,0,0,2.31019,0.211738,0.36288,3.6288,58.5934,0.590632,0,0,1.68191,0.208582,0,0.66528,12.849,1,0.641821,0.36288,0,56.1595,4.59826,51.2823,0.84672,12.849,0.84672,3695.15,0,36.966,0.378323,1.43666,2.17101,9.58936,1.15288,11.6658,0.42336,36.966,0.42336,423.524,0,1.02816,0,0,2.46482,1.43666,1.028160,1,0,62.9481,0,0,0,62.9481,0
52.4162,2.70165,0,0,2.42292,0.236152,0.36288,3.6288,59.9738,0.594266,0,0,2.19352,0.218838,0,0.66528,12.849,1,0.651359,0.36288,0,80.8759,3.88745,76.7,0.84672,12.849,0.84672,3695.15,0,36.966,0.374917,1.42144,2.17125,8.87692,1.00169,11.093,0.42336,36.966,0.42336,423.524,0,1.02816,0,0,2.4496,1.42144,1.028160,1,0,87.793,0,0,0,87.793,0
53.6138,2.49037,0,0,4.29662,0.245799,0.36288,3.6288,60.8505,0.47561,0,0,1.57071,0.218362,0,0.66528,12.849,1,0.610474,0.36288,0,95.2887,3.74876,91.2924,0.84672,12.849,0.84672,3695.15,0,36.966,0.293151,1.98488,2.1715,11.1083,0.991183,13.9804,0.42336,36.966,0.42336,423.524,0,1.02816,0,0,3.01304,1.98488,1.028160,1,0,105.273,0,0,0,105.273,0
53.2194,2.50165,0,0,2.7081,0.238001,0.36288,3.6288,60.8237,0.478364,0,0,0.681537,0.230041,0,0.66528,12.849,1,0.599542,0.36288,0,35.3422,4.1152,30.9903,0.84672,12.849,0.84672,3695.15,0,36.966,0.290601,0.935263,1.9694,7.06578,1.05174,8.6281,0.42336,36.966,0.42336,423.524,0,1.02816,0,0,1.96342,0.935263,1.028160,1,0,39.6184,0,0,0,39.6184,0
53.5325,2.49836,0,0,3.41973,0.245361,0.36288,3.6288,60.7912,0.478412,0,0,0.654508,0.208586,0,0.66528,12.849,1,0.60319,0.36288,0,45.6631,4.12534,41.2974,0.84672,12.849,0.84672,3695.15,0,36.966,0.290758,0.691744,1.96962,6.75457,1.1149,8.01028,0.42336,36.966,0.42336,423.524,0,1.02816,0,0,1.7199,0.691744,1.028160,1,0,49.3077,0,0,0,49.3077,0
54.5619,2.50149,0,0,4.13993,0.246147,0.36288,3.6288,60.5691,0.720624,0,0,0.707126,0.208543,0,0.66528,12.849,1,0.600413,0.36288,0,55.5555,4.12534,51.1926,0.84672,12.849,0.84672,3695.15,0,36.966,0.438198,0.412474,1.96985,5.51828,1.1149,6.3475,0.42336,36.966,0.42336,423.524,0,0.638712,0,0,1.05119,0.412474,1.028160,1,0,57.5401,0,0,0,57.5401,0
55.6291,2.51094,0,0,4.18968,0.24873,0.36288,3.6288,61.308,0.477907,0,0,1.84813,0.208249,0.423115,0.66528,12.849,1,0.591311,0.36288,0,56.0541,4.12534,51.7003,0.84672,12.849,0.84672,3695.15,0,36.966,0.291672,0.840741,1.97007,8.1864,1.1149,9.59064,0.42336,36.966,0.42336,423.524,0,1.02816,0,0,1.8689,0.840741,1.028160,1,0,61.7141,0,0,0,61.7141,0
61.717,2.59939,0,0,9.30546,0.25527,0.36288,3.6288,61.308,0.51649,0,0,2.74319,0.229272,1.99743,0.66528,12.849,1,0.600398,0.36288,0,98.2345,4.45048,93.5465,0.84672,12.849,0.84672,3695.15,0,36.966,0.31142,2.8996,1.9703,16.2641,1.0649,19.7577,0.42336,36.966,0.42336,423.524,0,1.02816,0,0,3.92776,2.8996,1.028160,1,0,115.302,0,0,0,115.302,0
74.0048,2.64869,0,0,15.5722,0.272822,0.36288,3.6288,61.308,0.516612,0,0,7.30143,0.248539,6.53628,0.66528,12.849,1,0.551437,0.36288,0,339.261,4.74915,334.323,0.84672,12.849,0.84672,3695.15,0,36.966,0.311494,7.98966,2.03364,31.5522,1.1114,40.1527,0.42336,36.966,0.42336,423.524,0,1.02816,0,0,9.01782,7.98966,1.028160,1,0,381.012,0,0,0,381.012,0
85.4495,2.72699,0,0,14.9451,0.41059,0.36288,3.6288,61.308,0.516735,0,0,7.95384,0.248539,7.18856,0.66528,12.849,1,0.473471,0.36288,0,376.864,4.74915,372.004,0.84672,12.849,0.84672,3695.15,0,36.966,0.311568,6.75916,2.03386,29.7793,1.1114,37.1494,0.42336,36.966,0.42336,423.524,0,1.02816,0,0,7.78732,6.75916,1.028160,1,0,416.342,0,0,0,416.342,0
91.3344,2.78241,0,0,9.50927,0.479002,0.36288,3.6288,61.308,0.516857,0,0,4.05768,0.226733,3.31409,0.66528,12.849,1,0.41839,0.36288,0,186.281,4.55469,181.671,0.84672,12.849,0.84672,3695.15,0,36.966,0.311642,3.98092,2.03407,21.1325,1.0537,25.7821,0.42336,36.966,0.42336,423.524,0,1.02816,0,0,5.00908,3.98092,1.028160,1,0,210.767,0,0,0,210.767,0
97.506,3.08007,0,0,10.4843,0.516449,0.716216,3.6288,61.308,0.653182,0,0,4.20828,0.20528,3.34981,0.66528,12.849,1,0.433306,0.716216,0,163.772,4.27131,159.784,0.84672,12.849,0.84672,3695.15,0,36.966,0.39384,3.92751,2.03429,21.7447,1.02383,26.2888,0.42336,36.966,0.42336,423.524,0,1.02816,0,0,4.95567,3.92751,1.028160,1,0,189.422,0,0,0,189.422,0
97.506,3.10463,0,0,11.1833,0.495677,7.58296,3.6288,61.308,0.653319,0,0,6.20551,0.241561,5.31063,0.66528,12.849,1,0.409117,7.58296,0,245.921,4.00549,249.09,0.84672,12.849,0.84672,3695.15,0,36.966,0.393922,7.30115,2.26169,27.8656,1.12911,35.9054,0.42336,36.966,0.42336,423.524,0,1.02816,0,0,8.32931,7.30115,1.028160,1,0,290.306,0,0,0,290.306,0
97.506,2.83777,0,0,9.40516,0.505688,6.0617,3.6288,61.308,0.66528,0,0,5.21241,0.233832,4.3133,0.66528,12.849,1,0.373951,6.0617,0,199.193,3.8767,201.004,0.84672,12.849,0.84672,3695.15,0,36.966,0.68458,5.77688,2.26193,20.2543,1.09901,26.5095,0.42336,36.966,0.42336,423.524,0,1.02816,0,0,6.80504,5.77688,1.028160,1,0,231.826,0,0,0,231.826,0
97.506,2.83809,0,0,11.0879,0.505688,7.7441,3.6288,61.308,0.66528,0,0,5.93397,0.233832,5.03486,0.66528,12.849,1,0.373994,7.7441,0,236.618,3.8767,240.112,0.84672,12.849,0.84672,3695.15,0,36.966,0.6848,7.49356,2.43913,26.4533,1.09901,34.6021,0.42336,36.966,0.42336,423.524,0,1.02816,0,0,8.52172,7.49356,1.028160,1,0,279.749,0,0,0,279.749,0
97.506,2.44477,0,0,13.1909,0.4608,10.2853,3.6288,61.308,0.659518,0,0,8.20276,0.257832,7.28541,0.66528,12.849,1,0.322163,10.2853,0,231.459,4.29086,237.131,0.84672,12.849,0.84672,3695.15,0,36.966,0.39766,10.1358,2.43937,38.0709,1.19954,49.0489,0.42336,36.966,0.42336,423.524,0,1.02816,0,0,11.164,10.1358,1.028160,1,0,293.465,0,0,0,293.465,0
97.506,2.44505,0,0,7.4177,0.459438,4.51321,3.6288,61.308,0.659636,0,0,3.73343,0.253998,2.8198,0.66528,12.849,1,0.322201,4.51321,0,119.174,3.98082,119.384,0.84672,12.849,0.84672,3695.15,0,36.966,0.397731,5.13606,2.12965,15.0354,1.02871,20.8747,0.42336,36.966,0.42336,423.524,0,1.02816,0,0,6.16422,5.13606,1.028160,1,0,143.079,0,0,0,143.079,0
97.506,2.44534,0,0,7.83924,0.553824,4.84008,3.6288,61.308,0.659753,0,0,4.09065,0.215702,3.2152,0.66528,12.849,1,0.322238,4.84008,0,125.548,3.4922,126.573,0.84672,12.849,0.84672,3695.15,0,36.966,0.397802,5.06142,2.12986,17.4283,0.887975,23.3338,0.42336,36.966,0.42336,423.524,0,1.02816,0,0,6.08958,5.06142,1.028160,1,0,153.122,0,0,0,153.122,0
97.506,2.44563,0,0,9.44473,0.553824,6.44528,3.6288,61.308,0.659871,0,0,4.23388,0.215702,3.3583,0.66528,12.849,1,0.322276,6.44528,0,153.046,3.4922,155.677,0.84672,12.849,0.84672,3695.15,0,36.966,0.397873,5.3757,2.13007,17.273,0.887975,23.4929,0.42336,36.966,0.42336,423.524,0,1.02816,0,0,6.40386,5.3757,1.028160,1,0,182.528,0,0,0,182.528,0
97.506,2.44591,0,0,8.5174,0.553824,5.51766,3.6288,61.308,0.659988,0,0,3.74434,0.215702,2.86865,0.66528,12.849,1,0.322314,5.51766,0,137.877,3.4922,139.58,0.84672,12.849,0.84672,3695.15,0,36.966,0.397944,5.89401,2.13027,15.924,0.887975,22.6623,0.42336,36.966,0.42336,423.524,0,1.02816,0,0,6.92217,5.89401,1.028160,1,0,165.111,0,0,0,165.111,0
97.506,2.54534,0,0,7.12843,0.549032,4.03406,3.6288,61.308,0.66528,0,0,5.11501,0.196002,4.25373,0.66528,12.849,1,0.335416,4.03406,0,128.892,3.47905,129.111,0.84672,12.849,0.84672,3695.15,0,36.966,0.464587,6.74153,2.13048,13.5124,0.879568,21.0403,0.42336,36.966,0.42336,423.524,0,1.02816,0,0,7.76969,6.74153,1.028160,1,0,154.405,0,0,0,154.405,0
97.506,2.54564,0,0,6.51359,0.548234,3.41972,3.6288,61.308,0.66528,0,0,4.18356,0.192719,3.32556,0.66528,12.849,1,0.335455,3.41972,0,117.282,3.47686,116.889,0.84672,12.849,0.84672,3695.15,0,36.966,0.464783,6.19263,2.20715,10.6347,0.878167,17.6915,0.42336,36.966,0.42336,423.524,0,1.02816,0,0,7.22079,6.19263,1.028160,1,0,137.906,0,0,0,137.906,0
97.506,2.54593,0,0,8.5419,0.548234,5.44773,3.6288,61.308,0.66528,0,0,4.16521,0.192719,3.30721,0.66528,12.849,1,0.335494,5.44773,0,122.244,3.47686,123.879,0.84672,12.849,0.84672,3695.15,0,36.966,0.464979,7.84115,2.20736,23.4303,0.878167,32.1357,0.42336,36.966,0.42336,423.524,0,1.02816,0,0,8.86931,7.84115,1.028160,1,0,159.322,0,0,0,159.322,0
97.506,2.54623,0,0,6.93909,0.506311,3.88654,3.6288,61.308,0.66528,0,0,4.16794,0.178061,3.3246,0.66528,12.849,1,0.335534,3.88654,0,140.568,2.46033,141.659,0.84672,12.849,0.84672,3695.15,0,36.966,0.465175,7.45701,2.20757,15.6716,0.712902,24.1581,0.42336,36.966,0.42336,423.524,0,1.02816,0,0,8.48517,7.45701,1.028160,1,0,169.142,0,0,0,169.142,0
97.506,2.50775,0,0,5.91807,0.46334,2.94698,3.6288,61.308,0.66528,0,0,3.13438,0.203664,2.26544,0.66528,12.849,1,0.330462,2.94698,0,94.7756,3.57745,93.8147,0.84672,12.849,0.84672,3695.15,0,36.966,0.437494,5.06845,2.20779,11.9937,0.911932,17.9205,0.42336,36.966,0.42336,423.524,0,1.02816,0,0,6.09661,5.06845,1.028160,1,0,114.001,0,0,0,114.001,0
97.506,2.50804,0,0,5.40088,0.381494,2.51134,3.6288,61.308,0.66528,0,0,2.35957,0.217046,1.47724,0.66528,12.849,1,0.330501,2.51134,0,89.9502,4.27455,87.8565,0.84672,12.849,0.84672,3695.15,0,36.966,0.437687,4.04784,2.17824,10.8306,0.991195,15.6278,0.42336,36.966,0.42336,423.524,0,1.02816,0,0,5.076,4.04784,1.028160,1,0,104.961,0,0,0,104.961,0
97.506,2.50834,0,0,5.11927,0.381494,2.22944,3.6288,61.308,0.66528,0,0,2.31633,0.217046,1.43401,0.66528,12.849,1,0.33054,2.22944,0,84.1545,4.27455,81.7788,0.84672,12.849,0.84672,3695.15,0,36.966,0.43788,3.81056,2.17845,10.22,0.991195,14.7799,0.42336,36.966,0.42336,423.524,0,1.02816,0,0,4.83872,3.81056,1.028160,1,0,97.9928,0,0,0,97.9928,0
97.506,2.50863,0,0,4.80019,0.381494,1.91007,3.6288,61.308,0.66528,0,0,2.78028,0.217046,1.89796,0.66528,12.849,1,0.330578,1.91007,0,77.9397,4.27455,75.2447,0.84672,12.849,0.84672,3695.15,0,36.966,0.438073,4.68532,2.17866,11.6662,0.991195,17.1009,0.42336,36.966,0.42336,423.524,0,1.02816,0,0,5.71348,4.68532,1.028160,1,0,94.2435,0,0,0,94.2435,0
97.506,2.64061,0,0,4.50713,0.397507,1.46901,3.6288,61.308,0.66528,0,0,2.43341,0.185459,1.58267,0.66528,12.849,1,0.347971,1.46901,0,69.7709,3.92557,66.9663,0.84672,12.849,0.84672,3695.15,0,36.966,0.537168,4.11179,2.17887,10.3666,0.853943,15.2662,0.42336,36.966,0.42336,423.524,0,1.02816,0,0,5.13995,4.11179,1.028160,1,0,83.8152,0,0,0,83.8152,0
97.506,2.64092,0,0,4.36933,0.29755,1.43086,3.6288,61.308,0.66528,0,0,1.88955,0.240393,0.983878,0.66528,12.849,1,0.348011,1.43086,0,58.2833,4.1558,55.2103,0.84672,12.849,0.84672,3695.15,0,36.966,0.537372,2.67752,2.28343,7.15936,0.892649,10.6903,0.42336,36.966,0.42336,423.524,0,1.02816,0,0,3.70568,2.67752,1.028160,1,0,66.8845,0,0,0,66.8845,0
97.506,2.64123,0,0,3.96226,0.29755,1.02348,3.6288,61.308,0.66528,0,0,1.67879,0.240393,0.773114,0.66528,12.849,1,0.348052,1.02348,0,53.6275,4.1558,50.1472,0.84672,12.849,0.84672,3695.15,0,36.966,0.537576,2.1662,2.28365,6.67904,0.892649,9.69867,0.42336,36.966,0.42336,423.524,0,1.02816,0,0,3.19436,2.1662,1.028160,1,0,60.6189,0,0,0,60.6189,0
97.506,2.64153,0,0,3.51872,0.29755,0.579633,3.6288,61.308,0.66528,0,0,1.63653,0.240393,0.730856,0.66528,12.849,1,0.348092,0.579633,0,45.6009,4.1558,41.6766,0.84672,12.849,0.84672,3695.15,0,36.966,0.537779,2.3399,2.28387,6.60004,0.892649,9.79338,0.42336,36.966,0.42336,423.524,0,1.02816,0,0,3.36806,2.3399,1.028160,1,0,52.2009,0,0,0,52.2009,0
97.506,2.64184,0,0,3.27179,0.203922,0.426023,3.6288,61.308,0.66528,0,0,1.58879,0.278136,0.645376,0.66528,12.849,1,0.348133,0.426023,0,42.8109,4.76206,38.1267,0.84672,12.849,0.84672,3695.15,0,36.966,0.537983,2.42237,2.2841,6.10008,1.04268,9.22588,0.42336,36.966,0.42336,423.524,0,1.02816,0,0,3.45053,2.42237,1.028160,1,0,47.9979,0,0,0,47.9979,0
97.506,2.61609,0,0,3.41364,0.208183,0.589364,3.6288,61.308,0.66528,0,0,1.52183,0.294631,0.561921,0.66528,12.849,1,0.344739,0.589364,0,34.5222,5.40727,29.3596,0.84672,12.849,0.84672,3695.15,0,36.966,0.592574,1.89794,2.28432,5.80999,1.24632,8.15336,0.42336,36.966,0.42336,423.524,0,1.02816,0,0,2.9261,1.89794,1.028160,1,0,38.0749,0,0,0,38.0749,0
97.4515,2.6164,0,0,3.13369,0.208893,0.36288,3.6288,61.308,0.66528,0,0,1.36021,0.29738,0.397552,0.66528,12.849,1,0.34478,0.36288,0,43.7453,5.51481,38.2486,0.84672,12.849,0.84672,3695.15,0,36.966,0.592783,1.75081,2.32103,6.37693,1.28026,8.57574,0.42336,36.966,0.42336,423.524,0,1.02816,0,0,2.77897,1.75081,1.028160,1,0,47.2218,0,0,0,47.2218,0
97.0535,2.61653,0,0,2.79019,0.208798,0.36288,3.6288,61.308,0.66528,0,0,1.22711,0.29738,0.264453,0.66528,12.849,1,0.34499,0.36288,0,44.845,5.51481,39.3481,0.84672,12.849,0.84672,3695.15,0,36.966,0.592993,1.5702,2.32126,6.36758,1.28026,8.38578,0.42336,36.966,0.42336,423.524,0,1.02816,0,0,2.59836,1.5702,1.028160,1,0,47.9983,0,0,0,47.9983,0
96.4777,2.61559,0,0,2.61079,0.208109,0.36288,3.6288,61.308,0.66528,0,0,1.17161,0.29738,0.208949,0.66528,12.849,1,0.34628,0.36288,0,41.8602,5.51481,36.362,0.84672,12.849,0.84672,3695.15,0,36.966,0.593202,1.51118,2.32149,6.07482,1.28026,8.03402,0.42336,36.966,0.42336,423.524,0,1.02816,0,0,2.53934,1.51118,1.028160,1,0,44.605,0,0,0,44.605,0
95.7203,2.6813,0,0,2.47291,0.186193,0.36288,3.6288,61.308,0.66528,0,0,1.08069,0.307308,0.108103,0.66528,12.849,1,0.357098,0.36288,0,36.9678,5.68482,31.2888,0.84672,12.849,0.84672,3695.15,0,36.966,0.641903,1.24072,2.32171,5.11483,1.39721,6.63815,0.42336,36.966,0.42336,423.524,0,1.02816,0,0,2.26888,1.24072,1.028160,1,0,38.035,0,0,0,38.035,0
94.865,2.67912,0,0,2.36294,0.176208,0.36288,3.6288,61.308,0.66528,0,0,1.03948,0.30241,0.0717887,0.66528,12.849,1,0.359631,0.36288,0,30.6079,5.65814,24.953,0.84672,12.849,0.84672,3695.15,0,36.966,0.642118,1.11123,2.37368,4.06478,1.46741,5.44017,0.42336,36.966,0.42336,423.524,0,1.02816,0,0,2.13939,1.11123,1.028160,1,0,30.465,0,0,0,30.465,0
93.776,2.67658,0,0,2.12541,0.174939,0.36288,3.6288,61.308,0.66528,0,0,0.975015,0.30241,0.0073256,0.66528,12.849,1,0.362529,0.36288,0,28.8464,5.65814,23.1886,0.84672,12.849,0.84672,3695.15,0,36.966,0.642332,1.04287,2.37391,4.14961,1.46741,5.45666,0.42336,36.966,0.42336,423.524,0,1.02816,0,0,2.07103,1.04287,1.028160,1,0,28.6526,0,0,0,28.6526,0
92.5008,2.67318,0,0,1.93421,0.173324,0.36288,3.6288,61.2757,0.66528,0,0,0.935375,0.30241,0,0.66528,12.849,1,0.366274,0.36288,0,27.0941,5.65814,21.4326,0.84672,12.849,0.84672,3695.15,0,36.966,0.642547,0.847221,2.37415,3.85775,1.46741,4.96917,0.42336,36.966,0.42336,423.524,0,1.02816,0,0,1.87538,0.847221,1.028160,1,0,26.4017,0,0,0,26.4017,0
90.8008,2.86505,0,0,1.67371,0.145802,0.36288,3.6288,61.2324,0.66528,0,0,0.931444,0.309413,0,0.66528,12.849,1,0.397975,0.36288,0,25.8509,5.89995,19.9158,0.84672,12.849,0.84672,3695.15,0,36.966,0.817864,0.826667,2.37438,3.90925,1.49745,4.79497,0.42336,36.966,0.42336,423.524,0,1.02816,0,0,1.85483,0.826667,1.028160,1,0,24.7108,0,0,0,24.7108,0
88.6966,2.85885,0,0,1.24858,0.131107,0.36288,3.6288,60.9993,0.66528,0,0,0.723427,0.291291,0,0.66528,12.849,1,0.404549,0.36288,0,18.2026,5.55629,12.6046,0.84672,12.849,0.84672,3695.15,0,36.966,0.818097,0.837242,2.55172,3.5196,1.42149,4.66898,0.42336,36.966,0.42336,423.524,0,1.02816,0,0,1.8654,0.837242,1.028160,1,0,17.2736,0,0,0,17.2736,0
86.5763,2.8508,0,0,1.22211,0.128685,0.36288,3.6288,60.7195,0.66528,0,0,0.676391,0.290861,0,0.66528,12.849,1,0.41298,0.36288,0,16.6104,5.55629,11.004,0.84672,12.849,0.84672,3695.15,0,36.966,0.81833,0.732465,2.55197,3.53259,1.42149,4.57721,0.42336,36.966,0.42336,423.524,0,1.02816,0,0,1.76062,0.732465,1.028160,1,0,15.5812,0,0,0,15.5812,0
85.0204,2.84232,0,0,1.77555,0.126243,0.36288,3.6288,60.5411,0.66528,0,0,0.777194,0.290346,0,0.66528,12.849,1,0.421835,0.36288,0,18.9183,5.55629,13.3031,0.84672,12.849,0.84672,3695.15,0,36.966,0.818564,1.04538,2.55223,3.91666,1.42149,5.27421,0.42336,36.966,0.42336,423.524,0,1.02816,0,0,2.07354,1.04538,1.028160,1,0,18.5773,0,0,0,18.5773,0
84.2089,2.83594,0,0,2.55912,0.17179,0.36288,3.6288,60.6239,0.66528,0,0,1.02872,0.280685,0,0.66528,12.849,1,0.428591,0.36288,0,30.8658,5.42487,25.3752,0.84672,12.849,0.84672,3695.15,0,36.966,0.818797,1.21956,2.55248,4.36044,1.39497,5.91871,0.42336,36.966,0.42336,423.524,0,1.02816,0,0,2.24772,1.21956,1.028160,1,0,31.2939,0,0,0,31.2939,0
82.6456,2.73825,0,0,1.67067,0.132861,0.36288,3.6288,60.4735,0.66528,0,0,0.779172,0.26424,0,0.66528,12.849,1,0.417815,0.36288,0,33.0027,5.78697,27.1608,0.84672,12.849,0.84672,3695.15,0,36.966,0.712694,0.812117,2.55273,3.26201,1.42464,4.48952,0.42336,36.966,0.42336,423.524,0,1.02816,0,0,1.84028,0.812117,1.028160,1,0,31.6503,0,0,0,31.6503,0
82.0247,2.73172,0,0,2.59722,0.12351,0.36288,3.6288,60.6458,0.66528,0,0,1.09679,0.259215,0,0.66528,12.849,1,0.424704,0.36288,0,25.1685,5.85543,19.2512,0.84672,12.849,0.84672,3695.15,0,36.966,0.712916,2.07143,2.45043,4.80554,1.43755,7.17694,0.42336,36.966,0.42336,423.524,0,1.02816,0,0,3.09959,2.07143,1.028160,1,0,26.4282,0,0,0,26.4282,0
80.2336,2.72926,0,0,1.42383,0.122784,0.36288,3.6288,60.4305,0.66528,0,0,0.709465,0.259499,0,0.66528,12.849,1,0.427533,0.36288,0,31.8548,5.85543,25.9347,0.84672,12.849,0.84672,3695.15,0,36.966,0.713138,1.09867,2.45067,2.99217,1.43755,4.39082,0.42336,36.966,0.42336,423.524,0,1.02816,0,0,2.12683,1.09867,1.028160,1,0,30.3256,0,0,0,30.3256,0
78.3497,2.72135,0,0,1.321,0.120692,0.36288,3.6288,60.2263,0.66528,0,0,0.720186,0.259145,0,0.66528,12.849,1,0.43581,0.36288,0,18.9207,5.85543,12.9924,0.84672,12.849,0.84672,3695.15,0,36.966,0.713361,0.606701,2.45091,2.26117,1.43755,3.16787,0.42336,36.966,0.42336,423.524,0,1.02816,0,0,1.63486,0.606701,1.028160,1,0,16.1602,0,0,0,16.1602,0
77.33,2.63587,0,0,2.23999,0.260915,0.36288,3.6288,60.0411,0.66528,0,0,0.733659,0.25349,0,0.66528,12.849,1,0.432272,0.36288,0,29.7603,5.05025,24.6407,0.84672,12.849,0.84672,3695.15,0,36.966,0.616749,1.13848,2.45115,3.76984,1.2757,5.46701,0.42336,36.966,0.42336,423.524,0,1.02816,0,0,2.16664,1.13848,1.028160,1,0,30.1077,0,0,0,30.1077,0
75.2375,2.63129,0,0,1.21046,0.308839,0.36288,3.6288,59.0804,1.06837,0,0,0.336894,0.229223,0,0.66528,12.849,1,0.43721,0.36288,0,22.2505,4.32862,17.8476,0.84672,12.849,0.84672,3695.15,0,36.966,0.657774,0.216518,2.35982,2.46142,1.13509,3.2449,0.42336,36.966,0.42336,423.524,0,0.584254,0,0,0.800772,0.216518,1.028160,1,0,21.0925,0,0,0,21.0925,0
73.7731,2.62121,0,0,1.82207,0.302402,0.36288,3.6288,59.0032,0.66528,0,0,0.815835,0.227819,0,0.66528,12.849,1,0.447648,0.36288,0,34.6968,4.32862,30.2834,0.84672,12.849,0.84672,3695.15,0,36.966,0.617173,1.28627,2.36005,4.99103,1.13509,6.8851,0.42336,36.966,0.42336,423.524,0,1.02816,0,0,2.31443,1.28627,1.028160,1,0,37.1685,0,0,0,37.1685,0
74.9095,2.61394,0,0,4.41117,0.297897,0.36288,3.6288,59.9379,0.66528,0,0,1.82771,0.227707,0,0.66528,12.849,1,0.455269,0.36288,0,90.9274,4.32862,86.5063,0.84672,12.849,0.84672,3695.15,0,36.966,0.617385,2.61366,2.36028,7.55037,1.13509,10.7718,0.42336,36.966,0.42336,423.524,0,1.02816,0,0,3.64182,2.61366,1.028160,1,0,97.2782,0,0,0,97.2782,0
74.3538,2.40338,0,0,2.57965,0.369063,0.36288,3.6288,60.0794,0.66528,0,0,1.00298,0.196166,0,0.66528,12.849,1,0.412244,0.36288,0,51.2993,3.77263,47.4773,0.84672,12.849,0.84672,3695.15,0,36.966,0.415836,0.637701,2.36051,4.57368,0.887187,6.26887,0.42336,36.966,0.42336,423.524,0,1.02816,0,0,1.66586,0.637701,1.028160,1,0,53.7462,0,0,0,53.7462,0
76.4931,2.40103,0,0,5.2724,0.369206,0.36288,3.6288,60.2687,0.66528,0,0,1.1082,0.253709,0,0.66528,12.849,1,0.414919,0.36288,0,66.3383,4.98739,61.2989,0.84672,12.849,0.84672,3695.15,0,36.966,0.416027,2.20587,2.15727,4.80015,1.19266,7.55461,0.42336,36.966,0.42336,423.524,0,1.02816,0,0,3.23403,2.20587,1.028160,1,0,68.8535,0,0,0,68.8535,0
78.5781,2.41125,0,0,5.23642,0.377313,0.36288,3.6288,60.9805,0.66528,0,0,1.63118,0.254015,0,0.66528,12.849,1,0.405032,0.36288,0,75.7409,4.98739,70.7114,0.84672,12.849,0.84672,3695.15,0,36.966,0.416218,3.86596,2.15748,8.90801,1.19266,13.3226,0.42336,36.966,0.42336,423.524,0,1.02816,0,0,4.89412,3.86596,1.028160,1,0,84.034,0,0,0,84.034,0
78.8506,2.42077,0,0,3.4258,0.369683,0.36288,3.6288,60.7897,0.66528,0,0,0.695307,0.220906,0,0.66528,12.849,1,0.395841,0.36288,0,44.9726,4.3625,40.5771,0.84672,12.849,0.84672,3695.15,0,36.966,0.416409,1.3497,2.15769,3.70955,1.01295,5.78758,0.42336,36.966,0.42336,423.524,0,1.02816,0,0,2.37786,1.3497,1.028160,1,0,46.3647,0,0,0,46.3647,0
78.5713,2.42223,0,0,2.86481,0.358994,0.36288,3.6288,60.8148,0.66528,0,0,0.885342,0.194976,0,0.66528,12.849,1,0.394711,0.36288,0,48.4919,3.89382,44.5663,0.84672,12.849,0.84672,3695.15,0,36.966,0.4166,0.975093,2.1579,4.0537,0.878167,5.89193,0.42336,36.966,0.42336,423.524,0,1.02816,0,0,2.00325,0.975093,1.028160,1,0,50.4582,0,0,0,50.4582,0
80.4849,2.42102,0,0,5.06263,0.365164,0.36288,3.6288,61.308,0.66528,0,0,2.41197,0.209649,1.04379,0.66528,12.849,1,0.395917,0.36288,0,91.0987,4.15164,86.914,0.84672,12.849,0.84672,3695.15,0,36.966,0.4166,2.13861,2.15811,9.60331,1.03223,12.4512,0.42336,36.966,0.42336,423.524,0,1.02816,0,0,3.16677,2.13861,1.028160,1,0,100.409,0,0,0,100.409,0
82.847,2.51369,0,0,5.61625,0.377506,0.36288,3.6288,61.308,0.66528,0,0,2.36508,0.22132,1.47848,0.66528,12.849,1,0.401298,0.36288,0,119.998,4.345,115.615,0.84672,12.849,0.84672,3695.15,0,36.966,0.475238,3.0691,2.15811,10.9862,1.14778,14.5904,0.42336,36.966,0.42336,423.524,0,1.02816,0,0,4.09726,3.0691,1.028160,1,0,131.684,0,0,0,131.684,0
84.7788,2.52387,0,0,5.20467,0.386117,0.36288,3.6288,61.308,0.66528,0,0,2.35143,0.22132,1.46483,0.66528,12.849,1,0.391434,0.36288,0,95.9126,4.345,91.5391,0.84672,12.849,0.84672,3695.15,0,36.966,0.47542,2.68599,2.22179,10.4255,1.14778,13.71,0.42336,36.966,0.42336,423.524,0,1.02816,0,0,3.71415,2.68599,1.028160,1,0,106.714,0,0,0,106.714,0
86.7543,2.53188,0,0,5.29425,0.423971,0.36288,3.6288,61.308,0.66528,0,0,1.55487,0.215965,0.673627,0.66528,12.849,1,0.38373,0.36288,0,94.1147,4.40198,89.6918,0.84672,12.849,0.84672,3695.15,0,36.966,0.475602,1.95331,2.22199,10.5259,1.24711,12.9785,0.42336,36.966,0.42336,423.524,0,1.02816,0,0,2.98147,1.95331,1.028160,1,0,103.344,0,0,0,103.344,0
88.024,2.53977,0,0,4.63764,0.465374,0.36288,3.6288,61.308,0.66528,0,0,1.74931,0.213854,0.870172,0.66528,12.849,1,0.37616,0.36288,0,99.6857,4.47299,95.1995,0.84672,12.849,0.84672,3695.15,0,36.966,0.475784,2.01518,2.22219,10.0582,1.35288,12.4669,0.42336,36.966,0.42336,423.524,0,1.02816,0,0,3.04334,2.01518,1.028160,1,0,108.537,0,0,0,108.537,0
89.1645,2.81873,0,0,4.74318,0.420998,0.36288,3.6288,61.308,0.66528,0,0,2.08692,0.244029,1.17761,0.66528,12.849,1,0.411454,0.36288,0,111.516,4.44328,107.024,0.84672,12.849,0.84672,3695.15,0,36.966,0.695487,2.22965,2.22239,8.84779,1.1928,11.4115,0.42336,36.966,0.42336,423.524,0,1.02816,0,0,3.25781,2.22965,1.028160,1,0,119.613,0,0,0,119.613,0
91.7192,2.82363,0,0,6.16646,0.425321,0.36288,3.6288,61.308,0.66528,0,0,2.65504,0.244029,1.74573,0.66528,12.849,1,0.406897,0.36288,0,109.702,4.44328,105.215,0.84672,12.849,0.84672,3695.15,0,36.966,0.69569,2.53066,2.45102,11.3735,1.1928,14.4667,0.42336,36.966,0.42336,423.524,0,1.02816,0,0,3.55882,2.53066,1.028160,1,0,121.427,0,0,0,121.427,0
95.2368,2.83387,0,0,7.11978,0.405394,0.36288,3.6288,61.308,0.66528,0,0,3.07828,0.250209,2.16279,0.66528,12.849,1,0.396999,0.36288,0,111.491,4.4058,107.052,0.84672,12.849,0.84672,3695.15,0,36.966,0.695894,3.38005,2.45124,13.2092,1.16769,17.1769,0.42336,36.966,0.42336,423.524,0,1.02816,0,0,4.40821,3.38005,1.028160,1,0,126.391,0,0,0,126.391,0
96.5919,2.8471,0,0,5.07977,0.514733,0.36288,3.6288,61.308,0.66528,0,0,2.24232,0.231311,1.34573,0.66528,12.849,1,0.38412,0.36288,0,122.549,4.11129,118.416,0.84672,12.849,0.84672,3695.15,0,36.966,0.696098,2.3613,2.45147,10.6366,1.1767,13.5766,0.42336,36.966,0.42336,423.524,0,1.02816,0,0,3.38946,2.3613,1.028160,1,0,133.339,0,0,0,133.339,0
97.506,2.4568,0,0,5.90257,0.529653,2.00198,3.6288,61.308,0.66528,0,0,2.33213,0.236199,1.43066,0.66528,12.849,1,0.326812,2.00198,0,251.63,4.00523,249.3,0.84672,12.849,0.84672,3695.15,0,36.966,0.401588,2.73445,2.45169,16.0358,0.939789,19.8806,0.42336,36.966,0.42336,423.524,0,1.02816,0,0,3.76261,2.73445,1.028160,1,0,270.611,0,0,0,270.611,0
97.506,2.45977,0,0,5.6748,0.533699,2.68133,3.6288,61.308,0.66528,0,0,1.06774,0.236199,0.166261,0.66528,12.849,1,0.32414,2.68133,0,196.195,4.00523,194.547,0.84672,12.849,0.84672,3695.15,0,36.966,0.401763,1.83273,2.14027,12.1562,0.939789,14.7877,0.42336,36.966,0.42336,423.524,0,1.02816,0,0,2.86089,1.83273,1.028160,1,0,209.501,0,0,0,209.501,0
97.506,2.46004,0,0,8.50012,0.533699,5.50638,3.6288,61.308,0.66528,0,0,3.04303,0.236199,2.14155,0.66528,12.849,1,0.324175,5.50638,0,211.63,4.00523,212.807,0.84672,12.849,0.84672,3695.15,0,36.966,0.401938,4.72725,2.14046,18.3093,0.939789,23.8353,0.42336,36.966,0.42336,423.524,0,1.02816,0,0,5.75541,4.72725,1.028160,1,0,238.784,0,0,0,238.784,0
97.506,2.4603,0,0,9.9309,0.535529,6.93507,3.6288,61.308,0.66528,0,0,2.54625,0.19078,1.69019,0.66528,12.849,1,0.32421,6.93507,0,202.574,3.79684,205.388,0.84672,12.849,0.84672,3695.15,0,36.966,0.402113,3.34532,2.14065,19.0905,0.86469,23.3097,0.42336,36.966,0.42336,423.524,0,1.02816,0,0,4.37348,3.34532,1.028160,1,0,230.388,0,0,0,230.388,0
97.506,2.46057,0,0,9.02604,0.564432,6.00103,3.6288,61.308,0.66528,0,0,2.62821,0.176009,1.78692,0.66528,12.849,1,0.324245,6.00103,0,186.831,3.55139,188.957,0.84672,12.849,0.84672,3695.15,0,36.966,0.402288,3.57551,2.14084,21.1946,0.76732,25.7414,0.42336,36.966,0.42336,423.524,0,1.02816,0,0,4.60367,3.57551,1.028160,1,0,216.485,0,0,0,216.485,0
97.506,2.56051,0,0,11.3131,0.575444,8.17717,3.6288,61.308,0.66528,0,0,2.9918,0.183726,2.14279,0.66528,12.849,1,0.337415,8.17717,0,196.104,3.51572,200.428,0.84672,12.849,0.84672,3695.15,0,36.966,0.474596,3.26045,2.14103,21.3154,0.750902,25.4914,0.42336,36.966,0.42336,423.524,0,1.02816,0,0,4.28861,3.26045,1.028160,1,0,228.062,0,0,0,228.062,0
97.506,2.56079,0,0,9.15503,0.562473,6.03177,3.6288,61.308,0.66528,0,0,2.62246,0.182894,1.77428,0.66528,12.849,1,0.337452,6.03177,0,144.151,3.56514,146.281,0.84672,12.849,0.84672,3695.15,0,36.966,0.474778,3.47479,2.2181,15.5309,0.754116,19.9949,0.42336,36.966,0.42336,423.524,0,1.02816,0,0,4.50295,3.47479,1.028160,1,0,168.05,0,0,0,168.05,0
97.506,2.56106,0,0,7.28283,0.484641,4.23712,3.6288,61.308,0.66528,0,0,1.8354,0.177899,0.992225,0.66528,12.849,1,0.337488,4.23712,0,133.273,3.86169,133.311,0.84672,12.849,0.84672,3695.15,0,36.966,0.47496,1.88653,2.2183,11.0211,0.773399,13.8776,0.42336,36.966,0.42336,423.524,0,1.02816,0,0,2.91469,1.88653,1.028160,1,0,148.181,0,0,0,148.181,0
97.506,2.56134,0,0,6.07508,0.488792,3.02495,3.6288,61.308,0.66528,0,0,1.62798,0.190038,0.772665,0.66528,12.849,1,0.337524,3.02495,0,112.19,4.05995,110.818,0.84672,12.849,0.84672,3695.15,0,36.966,0.475143,1.23136,2.21849,9.72,0.873874,11.8208,0.42336,36.966,0.42336,423.524,0,1.02816,0,0,2.25952,1.23136,1.028160,1,0,123.411,0,0,0,123.411,0
97.506,2.52263,0,0,5.23121,0.418782,2.2898,3.6288,61.308,0.66528,0,0,1.41873,0.220784,0.532667,0.66528,12.849,1,0.332423,2.2898,0,96.8881,4.45399,94.3915,0.84672,12.849,0.84672,3695.15,0,36.966,0.447298,1.25791,2.21869,8.69547,1.0169,10.7079,0.42336,36.966,0.42336,423.524,0,1.02816,0,0,2.28607,1.25791,1.028160,1,0,105.632,0,0,0,105.632,0
97.506,2.5229,0,0,4.95845,0.418782,2.01677,3.6288,61.308,0.66528,0,0,1.39276,0.220784,0.506695,0.66528,12.849,1,0.332459,2.01677,0,90.6448,4.45399,87.8751,0.84672,12.849,0.84672,3695.15,0,36.966,0.447477,1.15105,2.18897,8.20549,1.0169,10.0811,0.42336,36.966,0.42336,423.524,0,1.02816,0,0,2.17921,1.15105,1.028160,1,0,98.463,0,0,0,98.463,0
97.506,2.52317,0,0,4.64938,0.418782,1.70743,3.6288,61.308,0.66528,0,0,1.67172,0.220784,0.785655,0.66528,12.849,1,0.332495,1.70743,0,83.9523,4.45399,80.8732,0.84672,12.849,0.84672,3695.15,0,36.966,0.447657,1.54501,2.18917,9.36654,1.0169,11.6362,0.42336,36.966,0.42336,423.524,0,1.02816,0,0,2.57317,1.54501,1.028160,1,0,93.295,0,0,0,93.295,0
97.506,2.52345,0,0,4.33784,0.456123,1.35827,3.6288,61.308,0.66528,0,0,1.46799,0.174221,0.628487,0.66528,12.849,1,0.332531,1.35827,0,76.1979,4.01132,73.2123,0.84672,12.849,0.84672,3695.15,0,36.966,0.447836,1.25494,2.18936,8.53183,0.852666,10.6756,0.42336,36.966,0.42336,423.524,0,1.02816,0,0,2.2831,1.25494,1.028160,1,0,84.5164,0,0,0,84.5164,0
97.506,2.65611,0,0,3.3965,0.265852,0.474534,3.6288,61.308,0.66528,0,0,1.0865,0.240714,0.180503,0.66528,12.849,1,0.350013,0.474534,0,55.3693,4.81183,50.682,0.84672,12.849,0.84672,3695.15,0,36.966,0.547445,0.512378,2.18956,6.64485,0.973371,7.82597,0.42336,36.966,0.42336,423.524,0,1.02816,0,0,1.54054,0.512378,1.028160,1,0,58.6884,0,0,0,58.6884,0
97.506,2.6564,0,0,3.30449,0.265852,0.382241,3.6288,61.308,0.66528,0,0,1.10208,0.240714,0.19609,0.66528,12.849,1,0.35005,0.382241,0,52.6134,4.81183,47.8337,0.84672,12.849,0.84672,3695.15,0,36.966,0.547634,0.637243,2.29466,6.32768,0.973371,7.73857,0.42336,36.966,0.42336,423.524,0,1.02816,0,0,1.6654,0.637243,1.028160,1,0,55.7684,0,0,0,55.7684,0
97.1872,2.65668,0,0,3.00045,0.29967,0.36288,3.6288,61.308,0.66528,0,0,1.0374,0.235447,0.136669,0.66528,12.849,1,0.350088,0.36288,0,49.5841,4.47338,45.1235,0.84672,12.849,0.84672,3695.15,0,36.966,0.547823,0.586276,2.29486,5.78942,0.986428,7.13631,0.42336,36.966,0.42336,423.524,0,1.02816,0,0,1.61444,0.586276,1.028160,1,0,52.3965,0,0,0,52.3965,0
96.7802,2.65595,0,0,2.85983,0.247969,0.36288,3.6288,61.308,0.66528,0,0,1.03535,0.2481,0.121968,0.66528,12.849,1,0.35114,0.36288,0,46.1411,4.34775,41.8051,0.84672,12.849,0.84672,3695.15,0,36.966,0.548012,0.632422,2.29507,5.62723,1.03431,6.9724,0.42336,36.966,0.42336,423.524,0,1.02816,0,0,1.66058,0.632422,1.028160,1,0,48.8995,0,0,0,48.8995,0
96.7783,2.65493,0,0,3.26216,0.246293,0.36288,3.6288,61.308,0.66528,0,0,0.977193,0.245659,0.0662534,0.66528,12.849,1,0.352481,0.36288,0,57.0378,4.97439,52.0738,0.84672,12.849,0.84672,3695.15,0,36.966,0.548202,0.749105,2.29528,6.93198,1.1347,8.29347,0.42336,36.966,0.42336,423.524,0,1.02816,0,0,1.77727,0.749105,1.028160,1,0,60.4336,0,0,0,60.4336,0
96.9588,2.62904,0,0,3.32723,0.154826,0.36288,3.6288,61.308,0.66528,0,0,0.957951,0.264607,0.0280642,0.66528,12.849,1,0.349051,0.36288,0,59.8876,5.37891,54.5226,0.84672,12.849,0.84672,3695.15,0,36.966,0.603065,0.864812,2.29548,7.53417,1.22055,8.87084,0.42336,36.966,0.42336,423.524,0,1.02816,0,0,1.89297,0.864812,1.028160,1,0,63.4215,0,0,0,63.4215,0
96.9152,2.6299,0,0,3.08537,0.136159,0.36288,3.6288,61.308,0.66528,0,0,0.946581,0.268758,0.0125431,0.66528,12.849,1,0.348514,0.36288,0,54.7688,5.41097,49.3722,0.84672,12.849,0.84672,3695.15,0,36.966,0.60326,0.787778,2.33237,7.10761,1.23007,8.39443,0.42336,36.966,0.42336,423.524,0,1.02816,0,0,1.81594,0.787778,1.028160,1,0,57.7792,0,0,0,57.7792,0
96.6561,2.63004,0,0,2.86978,0.135996,0.36288,3.6288,61.308,0.66528,0,0,0.950867,0.268758,0.0168285,0.66528,12.849,1,0.34869,0.36288,0,50.6548,5.41097,45.258,0.84672,12.849,0.84672,3695.15,0,36.966,0.603455,0.879889,2.33258,6.7252,1.23007,8.10415,0.42336,36.966,0.42336,423.524,0,1.02816,0,0,1.90805,0.879889,1.028160,1,0,53.379,0,0,0,53.379,0
96.1335,2.6295,0,0,2.60032,0.130493,0.36288,3.6288,61.2428,0.66528,0,0,0.89265,0.292605,0,0.66528,12.849,1,0.349553,0.36288,0,45.6984,5.75082,39.9609,0.84672,12.849,0.84672,3695.15,0,36.966,0.603649,0.687476,2.3328,5.99112,1.33599,7.07175,0.42336,36.966,0.42336,423.524,0,1.02816,0,0,1.71564,0.687476,1.028160,1,0,47.0327,0,0,0,47.0327,0
95.5111,2.69566,0,0,2.55835,0.122191,0.36288,3.6288,61.308,0.66528,0,0,1.11088,0.32809,0.0522741,0.66528,12.849,1,0.360297,0.36288,0,54.4414,6.29832,48.1457,0.84672,12.849,0.84672,3695.15,0,36.966,0.65259,0.692686,2.33301,5.54062,1.52829,6.38543,0.42336,36.966,0.42336,423.524,0,1.02816,0,0,1.72085,0.692686,1.028160,1,0,54.5834,0,0,0,54.5834,0
94.6615,2.69388,0,0,2.32868,0.121553,0.36288,3.6288,61.2307,0.66528,0,0,0.916237,0.328226,0,0.66528,12.849,1,0.362405,0.36288,0,43.8494,6.29832,37.5515,0.84672,12.849,0.84672,3695.15,0,36.966,0.652789,0.729855,2.38523,5.14849,1.52829,6.08249,0.42336,36.966,0.42336,423.524,0,1.02816,0,0,1.75802,0.729855,1.028160,1,0,43.634,0,0,0,43.634,0
93.6046,2.69131,0,0,2.11793,0.120682,0.36288,3.6288,61.0907,0.66528,0,0,0.853278,0.328065,0,0.66528,12.849,1,0.365308,0.36288,0,40.8775,6.29832,34.5767,0.84672,12.849,0.84672,3695.15,0,36.966,0.652989,0.455838,2.38545,4.58832,1.52829,5.24832,0.42336,36.966,0.42336,423.524,0,1.02816,0,0,1.484,0.455838,1.028160,1,0,39.8251,0,0,0,39.8251,0
92.753,2.68797,0,0,2.30641,0.107175,0.36288,3.6288,61.1066,0.66528,0,0,1.00718,0.325977,0,0.66528,12.849,1,0.368975,0.36288,0,41.0708,6.40645,34.6582,0.84672,12.849,0.84672,3695.15,0,36.966,0.653188,0.841968,2.38566,6.48759,1.5542,7.50782,0.42336,36.966,0.42336,423.524,0,1.02816,0,0,1.87013,0.841968,1.028160,1,0,42.166,0,0,0,42.166,0
90.6091,2.88236,0,0,1.18813,0.0867823,0.36288,3.6288,60.8586,0.66528,0,0,0.732275,0.315032,0,0.66528,12.849,1,0.399291,0.36288,0,24.6894,6.29199,18.361,0.84672,12.849,0.84672,3695.15,0,36.966,0.829404,0.276005,2.38588,4.39296,1.50147,4.72398,0.42336,36.966,0.42336,423.524,0,1.02816,0,0,1.30416,0.276005,1.028160,1,0,23.085,0,0,0,23.085,0
88.1567,2.87439,0,0,0.869702,0.0848029,0.36288,3.6288,60.3785,0.785134,0,0,0.622572,0.317519,0,0.66528,12.849,1,0.407609,0.36288,0,19.8516,6.25201,13.5549,0.84672,12.849,0.84672,3695.15,0,36.966,0.829621,0.227405,2.56413,3.92029,1.4842,4.398,0.42336,36.966,0.42336,423.524,0,0.908306,0,0,1.13571,0.227405,1.028160,1,0,17.9529,0,0,0,17.9529,0
85.8202,2.8648,0,0,0.974195,0.0829735,0.36288,3.6288,59.97,0.730521,0,0,0.638636,0.316553,0,0.66528,12.849,1,0.41755,0.36288,0,19.7327,6.25201,13.426,0.84672,12.849,0.84672,3695.15,0,36.966,0.829837,0.204422,2.56436,4.20175,1.4842,4.6565,0.42336,36.966,0.42336,423.524,0,0.962919,0,0,1.16734,0.204422,1.028160,1,0,18.0825,0,0,0,18.0825,0
84.0484,2.85522,0,0,1.55911,0.112843,0.36288,3.6288,59.7782,0.66528,0,0,0.784901,0.311476,0,0.66528,12.849,1,0.427483,0.36288,0,32.7821,6.13328,26.5842,0.84672,12.849,0.84672,3695.15,0,36.966,0.830054,0.390035,2.5646,4.58029,1.46963,5.23523,0.42336,36.966,0.42336,423.524,0,1.02816,0,0,1.4182,0.390035,1.028160,1,0,31.8194,0,0,0,31.8194,0
82.5631,2.8477,0,0,1.81194,0.0866579,0.36288,3.6288,59.9488,0.66528,0,0,1.13556,0.299696,0,0.66528,12.849,1,0.435346,0.36288,0,30.6352,5.59536,24.9674,0.84672,12.849,0.84672,3695.15,0,36.966,0.830271,0.428466,2.56483,5.48023,1.34214,6.30112,0.42336,36.966,0.42336,423.524,0,1.02816,0,0,1.45663,0.428466,1.028160,1,0,31.2685,0,0,0,31.2685,0
80.4237,2.74656,0,0,1.03324,0.0631726,0.36288,3.6288,59.9106,0.719479,0,0,0.978445,0.297098,0,0.66528,12.849,1,0.427437,0.36288,0,28.1888,5.12505,22.9992,0.84672,12.849,0.84672,3695.15,0,36.966,0.7236,0.204422,2.56506,4.89759,1.25651,5.68697,0.42336,36.966,0.42336,423.524,0,0.973961,0,0,1.17838,0.204422,1.028160,1,0,28.6861,0,0,0,28.6861,0
78.4186,2.73704,0,0,1.2146,0.119825,0.36288,3.6288,59.9359,0.701793,0,0,0.994067,0.266971,0,0.66528,12.849,1,0.437287,0.36288,0,28.3946,4.70979,23.6104,0.84672,12.849,0.84672,3695.15,0,36.966,0.723806,0.216518,2.46221,5.11461,1.12672,5.94282,0.42336,36.966,0.42336,423.524,0,0.991647,0,0,1.20817,0.216518,1.028160,1,0,29.5532,0,0,0,29.5532,0
78.4905,2.72773,0,0,3.422,0.259527,0.36288,3.6288,61.308,0.66528,0,0,2.41326,0.191865,0.184048,0.66528,12.849,1,0.446942,0.36288,0,90.7257,3.67164,86.97,0.84672,12.849,0.84672,3695.15,0,36.966,0.724013,0.954236,2.46243,13.6136,0.802226,15.504,0.42336,36.966,0.42336,423.524,0,1.02816,0,0,1.9824,0.954236,1.028160,1,0,102.658,0,0,0,102.658,0
77.1807,2.72837,0,0,2.0483,0.266812,0.36288,3.6288,61.308,0.66528,0,0,1.45923,0.206194,0.587753,0.66528,12.849,1,0.446638,0.36288,0,61.6559,3.83952,57.7326,0.84672,12.849,0.84672,3695.15,0,36.966,0.724219,0.667742,2.46266,6.65351,0.866041,8.19365,0.42336,36.966,0.42336,423.524,0,1.02816,0,0,1.6959,0.667742,1.028160,1,0,66.514,0,0,0,66.514,0
74.8036,2.64515,0,0,0.93636,0.305428,0.36288,3.6288,60.9947,0.792876,0,0,0.761702,0.282094,0,0.66528,12.849,1,0.440363,0.36288,0,28.1096,4.8468,23.1854,0.84672,12.849,0.84672,3695.15,0,36.966,0.627093,0.216518,2.46288,3.51678,1.24893,4.32016,0.42336,36.966,0.42336,423.524,0,0.900564,0,0,1.11708,0.216518,1.028160,1,0,27.5055,0,0,0,27.5055,0
72.9694,2.63349,0,0,1.46032,0.298185,0.36288,3.6288,61.1773,0.66528,0,0,1.12942,0.281536,0,0.66528,12.849,1,0.452354,0.36288,0,47.9072,4.8468,42.971,0.84672,12.849,0.84672,3695.15,0,36.966,0.62729,0.554075,2.37107,7.42395,1.24893,8.47287,0.42336,36.966,0.42336,423.524,0,1.02816,0,0,1.58223,0.554075,1.028160,1,0,51.4438,0,0,0,51.4438,0
72.2447,2.6241,0,0,2.62189,0.359603,0.36288,3.6288,61.308,0.66528,0,0,1.86931,0.267339,0.806026,0.66528,12.849,1,0.462071,0.36288,0,65.1628,4.41786,60.6457,0.84672,12.849,0.84672,3695.15,0,36.966,0.627487,0.833216,2.37128,10.6256,1.18663,12.016,0.42336,36.966,0.42336,423.524,0,1.02816,0,0,1.86138,0.833216,1.028160,1,0,73.4678,0,0,0,73.4678,0
72.0778,2.62045,0,0,3.08711,0.270646,0.36288,3.6288,61.308,0.66528,0,0,1.69682,0.265137,0.766401,0.66528,12.849,1,0.466057,0.36288,0,66.1815,4.34637,61.732,0.84672,12.849,0.84672,3695.15,0,36.966,0.627684,1.19586,2.3715,7.20922,1.17625,8.97264,0.42336,36.966,0.42336,423.524,0,1.02816,0,0,2.22402,1.19586,1.028160,1,0,71.471,0,0,0,71.471,0
70.7825,2.40318,0,0,1.75897,0.288268,0.36288,3.6288,61.308,0.66528,0,0,1.02019,0.234347,0.120568,0.66528,12.849,1,0.428405,0.36288,0,57.6621,4.08609,53.5104,0.84672,12.849,0.84672,3695.15,0,36.966,0.425087,0.467707,2.37171,7.20086,1.06346,8.55173,0.42336,36.966,0.42336,423.524,0,1.02816,0,0,1.49587,0.467707,1.028160,1,0,62.1827,0,0,0,62.1827,0
71.2902,2.3968,0,0,3.55579,0.288395,0.36288,3.6288,61.308,0.66528,0,0,2.729,0.229215,1.8345,0.66528,12.849,1,0.435087,0.36288,0,133.011,4.04271,128.896,0.84672,12.849,0.84672,3695.15,0,36.966,0.425264,2.62925,2.16741,10.3615,1.04467,13.6882,0.42336,36.966,0.42336,423.524,0,1.02816,0,0,3.65741,2.62925,1.028160,1,0,144.419,0,0,0,144.419,0
71.3535,2.39969,0,0,3.10806,0.282159,0.36288,3.6288,61.308,0.66528,0,0,0.99957,0.226251,0.10804,0.66528,12.849,1,0.432508,0.36288,0,83.6594,3.89091,79.6989,0.84672,12.849,0.84672,3695.15,0,36.966,0.425441,0.853615,2.16761,7.6362,1.01951,9.21248,0.42336,36.966,0.42336,423.524,0,1.02816,0,0,1.88177,0.853615,1.028160,1,0,89.0194,0,0,0,89.0194,0
71.0313,2.40027,0,0,2.70483,0.263886,0.36288,3.6288,61.308,0.66528,0,0,1.43232,0.21884,0.548202,0.66528,12.849,1,0.43223,0.36288,0,63.8804,3.51141,60.2996,0.84672,12.849,0.84672,3695.15,0,36.966,0.425618,0.842167,2.1678,6.53137,0.956607,8.15912,0.42336,36.966,0.42336,423.524,0,1.02816,0,0,1.87033,0.842167,1.028160,1,0,69.0069,0,0,0,69.0069,0
72.2185,2.39887,0,0,4.21869,0.269704,0.36288,3.6288,61.308,0.66528,0,0,2.05411,0.203509,1.18532,0.66528,12.849,1,0.433937,0.36288,0,83.147,3.81651,79.2595,0.84672,12.849,0.84672,3695.15,0,36.966,0.425796,1.44815,2.168,7.93878,0.842912,10.2862,0.42336,36.966,0.42336,423.524,0,1.02816,0,0,2.47631,1.44815,1.028160,1,0,90.731,0,0,0,90.731,0
72.9917,2.48857,0,0,3.90549,0.280859,0.36288,3.6288,61.308,0.66528,0,0,1.95194,0.183068,1.10359,0.66528,12.849,1,0.442762,0.36288,0,77.7609,4.22331,73.4577,0.84672,12.849,0.84672,3695.15,0,36.966,0.484717,1.93221,2.16819,7.82741,0.691318,10.7518,0.42336,36.966,0.42336,423.524,0,1.02816,0,0,2.96037,1.93221,1.028160,1,0,85.313,0,0,0,85.313,0
73.3073,2.4928,0,0,3.55622,0.384928,0.36288,3.6288,61.308,0.66528,0,0,1.81009,0.183068,0.961741,0.66528,12.849,1,0.438817,0.36288,0,70.3218,4.22331,66.0226,0.84672,12.849,0.84672,3695.15,0,36.966,0.484885,1.71838,2.23218,7.4507,0.691318,10.2251,0.42336,36.966,0.42336,423.524,0,1.02816,0,0,2.74654,1.71838,1.028160,1,0,77.2094,0,0,0,77.2094,0
73.6435,2.49466,0,0,3.62854,0.434874,0.36288,3.6288,61.308,0.66528,0,0,1.84035,0.186591,0.988475,0.66528,12.849,1,0.437253,0.36288,0,71.0225,4.42545,66.5227,0.84672,12.849,0.84672,3695.15,0,36.966,0.485054,1.76346,2.23236,7.77738,0.804419,10.4837,0.42336,36.966,0.42336,423.524,0,1.02816,0,0,2.79162,1.76346,1.028160,1,0,77.9949,0,0,0,77.9949,0
74.0437,2.4966,0,0,3.77247,0.51271,0.36288,3.6288,61.308,0.66528,0,0,1.78767,0.206603,0.915784,0.66528,12.849,1,0.435597,0.36288,0,74.0232,5.10387,68.8466,0.84672,12.849,0.84672,3695.15,0,36.966,0.485222,1.92005,2.23254,7.88296,1.21111,10.3392,0.42336,36.966,0.42336,423.524,0,1.02816,0,0,2.94821,1.92005,1.028160,1,0,80.1016,0,0,0,80.1016,0
74.907,2.76772,0,0,4.48813,0.494305,0.36288,3.6288,61.308,0.66528,0,0,2.4973,0.1652,1.66682,0.66528,12.849,1,0.48029,0.36288,0,86.6696,3.7443,82.8079,0.84672,12.849,0.84672,3695.15,0,36.966,0.706019,3.71872,2.23273,10.199,0.923867,14.5206,0.42336,36.966,0.42336,423.524,0,1.02816,0,0,4.74688,3.71872,1.028160,1,0,98.9952,0,0,0,98.9952,0
76.1872,2.70499,0,0,4.84677,0.498699,0.36288,3.6288,61.308,0.66528,0,0,2.39651,0.1652,1.56603,0.66528,12.849,1,0.463994,0.36288,0,107.84,3.7443,103.995,0.84672,12.849,0.84672,3695.15,0,36.966,0.659338,4.05073,2.4625,10.9112,0.923867,15.8412,0.42336,36.966,0.42336,423.524,0,1.02816,0,0,5.07889,4.05073,1.028160,1,0,121.402,0,0,0,121.402,0
76.283,2.71193,0,0,3.67589,0.505216,0.36288,3.6288,61.308,0.66528,0,0,1.95204,0.1652,1.12156,0.66528,12.849,1,0.457367,0.36288,0,81.9176,3.7443,78.0788,0.84672,12.849,0.84672,3695.15,0,36.966,0.659522,2.70483,2.41162,9.91431,0.923867,13.4474,0.42336,36.966,0.42336,423.524,0,1.02816,0,0,3.73299,2.70483,1.028160,1,0,92.6477,0,0,0,92.6477,0
80.3422,2.44099,0,0,7.35039,0.487305,0.36288,3.6288,61.308,0.66528,0,0,3.83651,0.192864,2.97837,0.66528,12.849,1,0.411157,0.36288,0,119.135,4.3995,114.687,0.84672,12.849,0.84672,3695.15,0,36.966,0.4722,6.96832,2.41182,13.7496,1.12885,21.5287,0.42336,36.966,0.42336,423.524,0,1.02816,0,0,7.99648,6.96832,1.028160,1,0,139.195,0,0,0,139.195,0
84.2538,2.41316,0,0,7.1731,0.485535,0.36288,3.6288,61.308,0.66528,0,0,3.0586,0.164091,2.22923,0.66528,12.849,1,0.385932,0.36288,0,131.674,2.71152,128.939,0.84672,12.849,0.84672,3695.15,0,36.966,0.410579,5.98747,2.20767,11.8347,0.99883,18.6205,0.42336,36.966,0.42336,423.524,0,1.02816,0,0,7.01563,5.98747,1.028160,1,0,149.789,0,0,0,149.789,0
87.2761,2.42894,0,0,6.31803,0.5039,0.36288,3.6288,61.308,0.66528,0,0,2.28093,0.164091,1.45156,0.66528,12.849,1,0.370423,0.36288,0,101.283,2.71152,98.5642,0.84672,12.849,0.84672,3695.15,0,36.966,0.41074,4.48265,2.15011,10.8498,0.99883,16.073,0.42336,36.966,0.42336,423.524,0,1.02816,0,0,5.51081,4.48265,1.028160,1,0,116.089,0,0,0,116.089,0
92.4023,2.44037,0,0,8.44759,0.518091,0.36288,3.6288,61.308,0.66528,0,0,3.43315,0.164091,2.60378,0.66528,12.849,1,0.359277,0.36288,0,141.944,2.71152,139.236,0.84672,12.849,0.84672,3695.15,0,36.966,0.410902,6.46315,2.15029,16.5712,0.99883,23.7749,0.42336,36.966,0.42336,423.524,0,1.02816,0,0,7.49131,6.46315,1.028160,1,0,165.615,0,0,0,165.615,0
97.506,2.45811,0,0,10.7218,0.544222,2.6158,3.6288,61.308,0.66528,0,0,5.22003,0.17939,4.37536,0.66528,12.849,1,0.341812,2.6158,0,179.385,3.14463,178.515,0.84672,12.849,0.84672,3695.15,0,36.966,0.411064,11.669,2.15047,26.3225,1.06553,38.6653,0.42336,36.966,0.42336,423.524,0,1.02816,0,0,12.6972,11.669,1.028160,1,0,221.555,0,0,0,221.555,0
97.506,2.47416,0,0,7.17742,0.547165,4.15609,3.6288,61.308,0.66528,0,0,3.18125,0.217256,2.29871,0.66528,12.849,1,0.326037,4.15609,0,126.357,4.01045,126.176,0.84672,12.849,0.84672,3695.15,0,36.966,0.411225,5.81718,2.15064,14.1686,1.16881,20.5564,0.42336,36.966,0.42336,423.524,0,1.02816,0,0,6.84534,5.81718,1.028160,1,0,149.031,0,0,0,149.031,0
97.506,2.57458,0,0,7.38399,0.527293,4.28211,3.6288,61.308,0.66528,0,0,3.23106,0.216971,2.34881,0.66528,12.849,1,0.339269,4.28211,0,100.621,3.84772,100.716,0.84672,12.849,0.84672,3695.15,0,36.966,0.483879,5.32105,2.15082,15.4501,1.1212,21.3169,0.42336,36.966,0.42336,423.524,0,1.02816,0,0,6.34921,5.32105,1.028160,1,0,124.381,0,0,0,124.381,0
97.506,2.57484,0,0,5.32511,0.527293,2.22298,3.6288,61.308,0.66528,0,0,2.37788,0.216971,1.49563,0.66528,12.849,1,0.339303,2.22298,0,84.7895,3.84772,82.8255,0.84672,12.849,0.84672,3695.15,0,36.966,0.484047,3.57368,2.22825,9.03493,1.1212,13.2316,0.42336,36.966,0.42336,423.524,0,1.02816,0,0,4.60184,3.57368,1.028160,1,0,97.5527,0,0,0,97.5527,0
97.506,2.57509,0,0,4.54968,0.383866,1.59072,3.6288,61.308,0.66528,0,0,2.17404,0.249669,1.25909,0.66528,12.849,1,0.339337,1.59072,0,110.001,3.44684,107.806,0.84672,12.849,0.84672,3695.15,0,36.966,0.484215,3.33065,2.22844,7.58661,1.12772,11.5338,0.42336,36.966,0.42336,423.524,0,1.02816,0,0,4.35881,3.33065,1.028160,1,0,120.598,0,0,0,120.598,0
97.506,2.57535,0,0,4.48902,0.347618,1.56605,3.6288,61.308,0.66528,0,0,1.83961,0.263782,0.91055,0.66528,12.849,1,0.33937,1.56605,0,97.6959,4.14877,94.7738,0.84672,12.849,0.84672,3695.15,0,36.966,0.484383,3.05383,2.22862,7.1011,1.16532,10.7338,0.42336,36.966,0.42336,423.524,0,1.02816,0,0,4.08199,3.05383,1.028160,1,0,106.418,0,0,0,106.418,0
97.506,2.53642,0,0,4.54552,0.334265,1.67484,3.6288,61.308,0.66528,0,0,1.31582,0.24456,0.40598,0.66528,12.849,1,0.334241,1.67484,0,74.4388,4.4542,71.3252,0.84672,12.849,0.84672,3695.15,0,36.966,0.456386,2.5776,2.2288,6.6505,1.15373,9.84679,0.42336,36.966,0.42336,423.524,0,1.02816,0,0,3.60576,2.5776,1.028160,1,0,81.5779,0,0,0,81.5779,0
97.506,2.53667,0,0,4.09662,0.334265,1.22569,3.6288,61.308,0.66528,0,0,1.30683,0.24456,0.396986,0.66528,12.849,1,0.334274,1.22569,0,74.4898,4.4542,70.927,0.84672,12.849,0.84672,3695.15,0,36.966,0.456552,2.77354,2.19892,6.75333,1.15373,10.1155,0.42336,36.966,0.42336,423.524,0,1.02816,0,0,3.8017,2.77354,1.028160,1,0,81.4395,0,0,0,81.4395,0
97.506,2.53692,0,0,3.46827,0.334265,0.597081,3.6288,61.308,0.66528,0,0,0.965339,0.24456,0.0554989,0.66528,12.849,1,0.334307,0.597081,0,60.4035,4.4542,56.2121,0.84672,12.849,0.84672,3695.15,0,36.966,0.456718,1.5787,2.1991,6.48807,1.15373,8.65543,0.42336,36.966,0.42336,423.524,0,1.02816,0,0,2.60686,1.5787,1.028160,1,0,64.923,0,0,0,64.923,0
97.506,2.53717,0,0,3.3132,0.334265,0.441759,3.6288,61.308,0.66528,0,0,0.929604,0.24456,0.0197638,0.66528,12.849,1,0.33434,0.441759,0,55.9354,4.4542,51.5887,0.84672,12.849,0.84672,3695.15,0,36.966,0.456883,1.56867,2.19928,5.85079,1.15373,8.00813,0.42336,36.966,0.42336,423.524,0,1.02816,0,0,2.59683,1.56867,1.028160,1,0,59.6166,0,0,0,59.6166,0
97.4782,2.67047,0,0,3.23565,0.230112,0.36288,3.6288,61.308,0.66528,0,0,0.945527,0.229663,0.0505838,0.66528,12.849,1,0.351905,0.36288,0,45.7424,4.14966,41.6037,0.84672,12.849,0.84672,3695.15,0,36.966,0.556967,1.70309,2.19946,5.18013,1.03105,7.49466,0.42336,36.966,0.42336,423.524,0,1.02816,0,0,2.73125,1.70309,1.028160,1,0,49.149,0,0,0,49.149,0
97.1354,2.67064,0,0,2.92676,0.236064,0.36288,3.6288,61.292,0.66528,0,0,0.869728,0.220479,0,0.66528,12.849,1,0.352028,0.36288,0,42.6349,4.12051,38.5252,0.84672,12.849,0.84672,3695.15,0,36.966,0.557141,1.60847,2.30506,5.31529,1.02255,7.64913,0.42336,36.966,0.42336,423.524,0,1.02816,0,0,2.63663,1.60847,1.028160,1,0,46.1743,0,0,0,46.1743,0
96.5458,2.66981,0,0,2.67034,0.22725,0.36288,3.6288,61.2158,0.66528,0,0,0.814519,0.225395,0,0.66528,12.849,1,0.353161,0.36288,0,38.9916,4.21833,34.783,0.84672,12.849,0.84672,3695.15,0,36.966,0.557316,1.48387,2.30525,5.11453,1.04924,7.29708,0.42336,36.966,0.42336,423.524,0,1.02816,0,0,2.51203,1.48387,1.028160,1,0,42.0801,0,0,0,42.0801,0
95.8797,2.66817,0,0,2.54251,0.177522,0.36288,3.6288,61.0182,0.66528,0,0,0.722546,0.254903,0,0.66528,12.849,1,0.355099,0.36288,0,38.261,4.80522,33.4636,0.84672,12.849,0.84672,3695.15,0,36.966,0.557491,1.15385,2.30544,4.77353,1.2094,6.46593,0.42336,36.966,0.42336,423.524,0,1.02816,0,0,2.18201,1.15385,1.028160,1,0,39.9295,0,0,0,39.9295,0
94.7858,2.66626,0,0,2.09819,0.162957,0.36288,3.6288,60.8312,0.66528,0,0,0.764934,0.28665,0,0.66528,12.849,1,0.35731,0.36288,0,34.8306,5.15406,29.6821,0.84672,12.849,0.84672,3695.15,0,36.966,0.557665,1.00862,2.30563,4.09422,1.28088,5.56992,0.42336,36.966,0.42336,423.524,0,1.02816,0,0,2.03678,1.00862,1.028160,1,0,35.252,0,0,0,35.252,0
93.504,2.63665,0,0,1.86914,0.15137,0.36288,3.6288,60.6389,0.66528,0,0,0.783285,0.31033,0,0.66528,12.849,1,0.35742,0.36288,0,33.2554,5.41569,27.8452,0.84672,12.849,0.84672,3695.15,0,36.966,0.612781,0.742539,2.30582,3.63404,1.33449,4.73513,0.42336,36.966,0.42336,423.524,0,1.02816,0,0,1.7707,0.742539,1.028160,1,0,32.5804,0,0,0,32.5804,0
92.0867,2.63261,0,0,1.72791,0.149724,0.36288,3.6288,60.4209,0.66528,0,0,0.757261,0.309952,0,0.66528,12.849,1,0.361763,0.36288,0,33.0544,5.41569,27.6398,0.84672,12.849,0.84672,3695.15,0,36.966,0.61296,0.712558,2.34288,3.68491,1.33449,4.79289,0.42336,36.966,0.42336,423.524,0,1.02816,0,0,1.74072,0.712558,1.028160,1,0,32.4327,0,0,0,32.4327,0
90.5166,2.62798,0,0,1.56866,0.147904,0.36288,3.6288,60.1615,0.66528,0,0,0.715375,0.309523,0,0.66528,12.849,1,0.366686,0.36288,0,32.0719,5.41569,26.6524,0.84672,12.849,0.84672,3695.15,0,36.966,0.61314,0.541797,2.34307,3.46377,1.33449,4.401,0.42336,36.966,0.42336,423.524,0,1.02816,0,0,1.56996,0.541797,1.028160,1,0,31.0534,0,0,0,31.0534,0
88.8234,2.62267,0,0,1.43062,0.138337,0.36288,3.6288,59.8507,0.66528,0,0,0.664822,0.310284,0,0.66528,12.849,1,0.372292,0.36288,0,27.9502,5.39871,22.5421,0.84672,12.849,0.84672,3695.15,0,36.966,0.61332,0.467217,2.34326,3.37155,1.3398,4.22891,0.42336,36.966,0.42336,423.524,0,1.02816,0,0,1.49538,0.467217,1.028160,1,0,26.771,0,0,0,26.771,0
86.9741,2.68396,0,0,1.31878,0.12123,0.36288,3.6288,59.4878,0.66528,0,0,0.581121,0.278721,0,0.66528,12.849,1,0.388256,0.36288,0,24.0137,4.94131,19.047,0.84672,12.849,0.84672,3695.15,0,36.966,0.662482,0.290779,2.34346,3.20067,1.19184,3.98059,0.42336,36.966,0.42336,423.524,0,1.02816,0,0,1.31894,0.290779,1.028160,1,0,23.0276,0,0,0,23.0276,0
85.0901,2.67703,0,0,1.25601,0.10006,0.36288,3.6288,59.0349,0.66528,0,0,0.531803,0.319425,0,0.66528,12.849,1,0.395488,0.36288,0,22.9414,5.70181,17.207,0.84672,12.849,0.84672,3695.15,0,36.966,0.662666,0.429356,2.39592,2.68994,1.4191,3.43345,0.42336,36.966,0.42336,423.524,0,1.02816,0,0,1.45752,0.429356,1.028160,1,0,20.6405,0,0,0,20.6405,0
83.3571,2.66969,0,0,1.39787,0.0983466,0.36288,3.6288,58.6485,0.66528,0,0,0.597318,0.318499,0,0.66528,12.849,1,0.403135,0.36288,0,24.1499,5.70181,18.4079,0.84672,12.849,0.84672,3695.15,0,36.966,0.66285,0.483866,2.39612,2.95394,1.4191,3.75197,0.42336,36.966,0.42336,423.524,0,1.02816,0,0,1.51203,0.483866,1.028160,1,0,22.1598,0,0,0,22.1598,0
81.5033,2.66269,0,0,1.26852,0.0967708,0.36288,3.6288,58.1884,0.66528,0,0,0.522894,0.31771,0,0.66528,12.849,1,0.410437,0.36288,0,26.66,5.70181,20.9106,0.84672,12.849,0.84672,3695.15,0,36.966,0.663034,0.25755,2.39632,2.88767,1.4191,3.4594,0.42336,36.966,0.42336,423.524,0,1.02816,0,0,1.28571,0.25755,1.028160,1,0,24.37,0,0,0,24.37,0
79.0538,2.84964,0,0,0.868104,0.105009,0.36288,3.6288,57.6974,0.66528,0,0,0.479904,0.305624,0,0.66528,12.849,1,0.449246,0.36288,0,17.1653,5.36356,11.7154,0.84672,12.849,0.84672,3695.15,0,36.966,0.840081,0.229271,2.39652,2.48613,1.4929,2.77894,0.42336,36.966,0.42336,423.524,0,1.02816,0,0,1.25743,0.229271,1.028160,1,0,14.4944,0,0,0,14.4944,0
76.414,2.83794,0,0,0.667423,0.106426,0.36288,3.6288,57.0424,0.782326,0,0,0.427528,0.300212,0,0.66528,12.849,1,0.461264,0.36288,0,13.4211,5.22826,8.09447,0.84672,12.849,0.84672,3695.15,0,36.966,0.840281,0.227405,2.57561,2.34673,1.52243,2.78703,0.42336,36.966,0.42336,423.524,0,0.911114,0,0,1.13852,0.227405,1.028160,1,0,10.8815,0,0,0,10.8815,0
73.8705,2.82458,0,0,0.747619,0.103675,0.36288,3.6288,56.4544,0.727626,0,0,0.438567,0.29894,0,0.66528,12.849,1,0.474952,0.36288,0,13.3406,5.22826,8.00026,0.84672,12.849,0.84672,3695.15,0,36.966,0.840481,0.204422,2.57582,2.51522,1.52243,2.93256,0.42336,36.966,0.42336,423.524,0,0.965814,0,0,1.17024,0.204422,1.028160,1,0,10.9328,0,0,0,10.9328,0
71.764,2.81092,0,0,1.19649,0.129172,0.36288,3.6288,56.0344,0.66528,0,0,0.538999,0.293639,0,0.66528,12.849,1,0.488931,0.36288,0,22.1629,5.10952,16.9273,0.84672,12.849,0.84672,3695.15,0,36.966,0.840681,0.393569,2.57604,2.74181,1.50786,3.36287,0.42336,36.966,0.42336,423.524,0,1.02816,0,0,1.42173,0.393569,1.028160,1,0,20.2902,0,0,0,20.2902,0
69.9081,2.79902,0,0,1.41914,0.11313,0.36288,3.6288,55.5734,0.74984,0,0,0.559226,0.270473,0,0.66528,12.849,1,0.501152,0.36288,0,21.3589,5.04292,16.1777,0.84672,12.849,0.84672,3695.15,0,36.966,0.840881,0.204422,2.57625,2.82405,1.498,3.26585,0.42336,36.966,0.42336,423.524,0,0.9436,0,0,1.14802,0.204422,1.028160,1,0,19.4436,0,0,0,19.4436,0
67.6995,2.6952,0,0,0.984286,0.134821,0.36288,3.6288,54.606,1.06534,0,0,0.348376,0.250369,0,0.66528,12.849,1,0.495373,0.36288,0,16.6614,4.80553,11.7233,0.84672,12.849,0.84672,3695.15,0,36.966,0.733684,0.204422,2.57647,2.48006,1.50303,3.02424,0.42336,36.966,0.42336,423.524,0,0.628102,0,0,0.832524,0.204422,1.028160,1,0,14.7476,0,0,0,14.7476,0
65.3316,2.68188,0,0,0.809352,0.13252,0.36288,3.6288,54.1789,0.66528,0,0,0.486923,0.24878,0,0.66528,12.849,1,0.509006,0.36288,0,16.1743,4.80553,11.2226,0.84672,12.849,0.84672,3695.15,0,36.966,0.733874,0.39223,2.47311,2.8001,1.50303,3.42854,0.42336,36.966,0.42336,423.524,0,1.02816,0,0,1.42039,0.39223,1.028160,1,0,14.6511,0,0,0,14.6511,0
62.8435,2.66672,0,0,0.67157,0.130054,0.36288,3.6288,53.0581,1.13458,0,0,0.26189,0.248079,0,0.66528,12.849,1,0.524474,0.36288,0,15.4974,4.80553,10.5303,0.84672,12.849,0.84672,3695.15,0,36.966,0.774119,0.216518,2.47331,2.08535,1.50303,2.49804,0.42336,36.966,0.42336,423.524,0,0.518806,0,0,0.735325,0.216518,1.028160,1,0,13.0283,0,0,0,13.0283,0
60.6146,2.64974,0,0,0.9659,0.182123,0.36288,3.6288,52.1073,1.07007,0,0,0.322131,0.20292,0,0.66528,12.849,1,0.541767,0.36288,0,18.0869,4.18265,13.7254,0.84672,12.849,0.84672,3695.15,0,36.966,0.745529,0.216518,2.47352,2.29469,1.30833,2.93087,0.42336,36.966,0.42336,423.524,0,0.612092,0,0,0.828611,0.216518,1.028160,1,0,16.6562,0,0,0,16.6562,0
58.2462,2.55909,0,0,0.743397,0.189912,0.36288,3.6288,51.1668,1.08487,0,0,0.307439,0.162991,0,0.66528,12.849,1,0.542471,0.36288,0,18.4363,4.45118,13.8055,0.84672,12.849,0.84672,3695.15,0,36.966,0.769629,0.216518,2.47373,2.28431,0.843424,3.3615,0.42336,36.966,0.42336,423.524,0,0.475596,0,0,0.692114,0.216518,1.028160,1,0,17.167,0,0,0,17.167,0
55.7407,2.54126,0,0,0.618628,0.219968,0.36288,3.6288,50.0396,1.18452,0,0,0.215182,0.157945,0,0.66528,12.849,1,0.560598,0.36288,0,14.9785,4.49011,10.2906,0.84672,12.849,0.84672,3695.15,0,36.966,0.855769,0.216518,2.38146,1.90717,0.893029,2.75635,0.42336,36.966,0.42336,423.524,0,0.289984,0,0,0.506503,0.216518,1.028160,1,0,13.047,0,0,0,13.047,0
53.5733,2.52103,0,0,0.931191,0.214608,0.36288,3.6288,49.7389,0.66528,0,0,0.521098,0.1565,0,0.66528,12.849,1,0.581133,0.36288,0,23.357,4.49011,18.6487,0.84672,12.849,0.84672,3695.15,0,36.966,0.637016,0.435776,2.38166,3.86719,0.893029,5.15458,0.42336,36.966,0.42336,423.524,0,1.02816,0,0,1.46394,0.435776,1.028160,1,0,23.8032,0,0,0,23.8032,0
52.7525,2.50232,0,0,2.25437,0.209971,0.36288,3.6288,50.0849,0.66528,0,0,1.16742,0.156114,0,0.66528,12.849,1,0.600155,0.36288,0,61.2106,4.49011,56.4832,0.84672,12.849,0.84672,3695.15,0,36.966,0.637198,1.27534,2.38186,5.85023,0.893029,7.9772,0.42336,36.966,0.42336,423.524,0,1.02816,0,0,2.3035,1.27534,1.028160,1,0,64.4604,0,0,0,64.4604,0
51.6623,2.23225,0,0,1.75246,0.247594,0.36288,3.6288,49.8319,0.6088,0,0,0.505318,0.14951,0,0.66528,12.849,1,0.543712,0.36288,0,48.0512,3.74147,44.1289,0.84672,12.849,0.84672,3695.15,0,36.966,0.449335,0.372215,2.38205,4.60258,0.937184,5.97033,0.42336,36.966,0.42336,423.524,0,1.02816,0,0,1.40037,0.372215,1.028160,1,0,50.0992,0,0,0,50.0992,0
51.3574,1.99786,0,0,2.28973,0.233824,0.36288,3.6288,49.9005,0.513932,0,0,0.749166,0.166614,0,0.66528,12.849,1,0.496891,0.36288,0,70.1578,3.74672,66.2771,0.84672,12.849,0.84672,3695.15,0,36.966,0.381242,1.40421,2.13209,6.28608,1.04116,8.39998,0.42336,36.966,0.42336,423.524,0,1.02816,0,0,2.43237,1.40421,1.028160,1,0,74.6771,0,0,0,74.6771,0
51.1582,1.9957,0,0,2.3924,0.233083,0.36288,3.6288,49.9723,0.514316,0,0,0.752812,0.166708,0,0.66528,12.849,1,0.4993,0.36288,0,82.3634,3.74672,78.4803,0.84672,12.849,0.84672,3695.15,0,36.966,0.381002,1.18781,1.95348,8.102,1.04116,9.82113,0.42336,36.966,0.42336,423.524,0,1.02816,0,0,2.21597,1.18781,1.028160,1,0,88.3014,0,0,0,88.3014,0
50.022,1.99435,0,0,1.48022,0.259172,0.36288,3.6288,49.8981,0.514714,0,0,0.607885,0.167426,0,0.66528,12.849,1,0.500905,0.36288,0,55.4356,4.17234,51.1253,0.84672,12.849,0.84672,3695.15,0,36.966,0.380749,0.730365,1.95364,4.148,1.04083,5.41043,0.42336,36.966,0.42336,423.524,0,1.02816,0,0,1.75853,0.730365,1.028160,1,0,56.5357,0,0,0,56.5357,0
49.657,1.98549,0,0,2.23379,0.250377,0.36288,3.6288,50.0908,0.514472,0,0,0.930998,0.223821,0,0.66528,12.849,1,0.510008,0.36288,0,65.2165,4.85329,60.2161,0.84672,12.849,0.84672,3695.15,0,36.966,0.381137,1.55946,1.9538,6.73529,1.26241,8.60501,0.42336,36.966,0.42336,423.524,0,1.02816,0,0,2.58762,1.55946,1.028160,1,0,68.8211,0,0,0,68.8211,0
50.5174,2.05235,0,0,3.50539,0.22981,0.36288,3.6288,51.2675,0.545563,0,0,1.97729,0.25501,0,0.66528,12.849,1,0.531055,0.36288,0,83.2067,4.65151,78.387,0.84672,12.849,0.84672,3695.15,0,36.966,0.402615,2.32895,1.95396,9.76147,1.25807,12.3837,0.42336,36.966,0.42336,423.524,0,1.02816,0,0,3.35711,2.32895,1.028160,1,0,90.7707,0,0,0,90.7707,0
51.5222,2.05975,0,0,3.66954,0.242065,0.36288,3.6288,52.5128,0.551012,0,0,2.05225,0.255913,0,0.66528,12.849,1,0.523892,0.36288,0,69.4405,4.67365,64.6059,0.84672,12.849,0.84672,3695.15,0,36.966,0.397303,2.13219,2.01105,8.42046,1.35878,10.8076,0.42336,36.966,0.42336,423.524,0,1.02816,0,0,3.16035,2.13219,1.028160,1,0,75.4135,0,0,0,75.4135,0
52.6479,2.06811,0,0,3.8013,0.244623,0.36288,3.6288,53.4291,0.556622,0,0,1.73146,0.258498,0,0.66528,12.849,1,0.515761,0.36288,0,89.729,4.67365,84.9025,0.84672,12.849,0.84672,3695.15,0,36.966,0.39183,1.67731,2.0112,9.05472,1.35878,10.9926,0.42336,36.966,0.42336,423.524,0,1.02816,0,0,2.70547,1.67731,1.028160,1,0,95.8951,0,0,0,95.8951,0
53.7933,2.07717,0,0,3.83287,0.247489,0.36288,3.6288,54.3553,0.560675,0,0,1.74725,0.2604,0,0.66528,12.849,1,0.506943,0.36288,0,79.8457,4.67365,75.028,0.84672,12.849,0.84672,3695.15,0,36.966,0.387914,1.71568,2.01135,8.38287,1.35878,10.3632,0.42336,36.966,0.42336,423.524,0,1.02816,0,0,2.74384,1.71568,1.028160,1,0,85.3912,0,0,0,85.3912,0
55.4891,2.31335,0,0,4.65538,0.283356,0.36288,3.6288,55.7154,0.66528,0,0,2.22003,0.194683,0,0.66528,12.849,1,0.552564,0.36288,0,100.011,3.61517,96.2066,0.84672,12.849,0.84672,3695.15,0,36.966,0.480331,2.05254,2.0115,10.0099,0.813451,12.7801,0.42336,36.966,0.42336,423.524,0,1.02816,0,0,3.0807,2.05254,1.028160,1,0,108.987,0,0,0,108.987,0
57.8625,2.32727,0,0,5.35738,0.293827,0.36288,3.6288,57.0759,0.66528,0,0,2.21092,0.185089,0,0.66528,12.849,1,0.538901,0.36288,0,111.453,3.43875,107.839,0.84672,12.849,0.84672,3695.15,0,36.966,0.480484,2.16112,2.21653,10.4522,0.722563,13.6268,0.42336,36.966,0.42336,423.524,0,1.02816,0,0,3.18928,2.16112,1.028160,1,0,121.465,0,0,0,121.465,0
58.9581,2.34557,0,0,4.10485,0.300797,0.36288,3.6288,58.1491,0.66528,0,0,1.92519,0.18674,0,0.66528,12.849,1,0.52086,0.36288,0,95.8185,3.43875,92.2217,0.84672,12.849,0.84672,3695.15,0,36.966,0.480637,1.51375,2.21669,9.66721,0.722563,12.1944,0.42336,36.966,0.42336,423.524,0,1.02816,0,0,2.54191,1.51375,1.028160,1,0,104.416,0,0,0,104.416,0
64.1616,2.35373,0,0,8.21022,0.29003,0.36288,3.6288,61.1365,0.66528,0,0,3.87326,0.220575,0,0.66528,12.849,1,0.51296,0.36288,0,131.471,4.22499,127.095,0.84672,12.849,0.84672,3695.15,0,36.966,0.480791,4.6795,2.21686,13.8819,0.968539,19.3289,0.42336,36.966,0.42336,423.524,0,1.02816,0,0,5.70766,4.6795,1.028160,1,0,146.424,0,0,0,146.424,0
66.5817,2.0539,0,0,5.13022,0.293327,0.36288,3.6288,61.308,0.549602,0,0,2.3511,0.178871,1.45114,0.66528,12.849,1,0.411314,0.36288,0,112.315,3.61722,108.649,0.84672,12.849,0.84672,3695.15,0,36.966,0.332315,2.3922,2.21703,11.892,0.845862,15.3231,0.42336,36.966,0.42336,423.524,0,1.02816,0,0,3.42036,2.3922,1.028160,1,0,125.423,0,0,0,125.423,0
68.1484,2.06662,0,0,4.29392,0.297793,0.36288,3.6288,61.308,0.550264,0,0,2.10861,0.170476,1.38787,0.66528,12.849,1,0.398819,0.36288,0,97.0091,3.49408,93.479,0.84672,12.849,0.84672,3695.15,0,36.966,0.331785,1.63803,1.93771,11.0916,0.818583,13.517,0.42336,36.966,0.42336,423.524,0,1.02816,0,0,2.66619,1.63803,1.028160,1,0,108.384,0,0,0,108.384,0
72.0262,2.07453,0,0,6.61678,0.301493,0.36288,3.6288,61.308,0.550346,0,0,3.01714,0.170476,2.29632,0.66528,12.849,1,0.391141,0.36288,0,176.836,3.49408,173.313,0.84672,12.849,0.84672,3695.15,0,36.966,0.331834,3.28285,1.93785,15.5167,0.818583,19.587,0.42336,36.966,0.42336,423.524,0,1.02816,0,0,4.31101,3.28285,1.028160,1,0,195.197,0,0,0,195.197,0
76.4668,2.09259,0,0,7.20196,0.305882,0.36288,3.6288,61.308,0.550428,0,0,3.0076,0.130386,2.32679,0.66528,12.849,1,0.373304,0.36288,0,198.342,2.8665,195.465,0.84672,12.849,0.84672,3695.15,0,36.966,0.331884,3.39014,1.938,18.0148,0.711098,22.3,0.42336,36.966,0.42336,423.524,0,1.02816,0,0,4.4183,3.39014,1.028160,1,0,220.091,0,0,0,220.091,0
79.3215,2.11135,0,0,5.76277,0.433895,0.36288,3.6288,61.308,0.55051,0,0,2.026,0.136122,1.33937,0.66528,12.849,1,0.354777,0.36288,0,179.275,2.71467,176.568,0.84672,12.849,0.84672,3695.15,0,36.966,0.331933,2.25134,1.93814,10.0834,0.709828,13.2311,0.42336,36.966,0.42336,423.524,0,1.02816,0,0,3.2795,2.25134,1.028160,1,0,191.139,0,0,0,191.139,0
79.5176,2.20959,0,0,3.21339,0.444792,0.36288,3.6288,61.308,0.590946,0,0,1.25252,0.143771,0.517806,0.66528,12.849,1,0.357923,0.36288,0,51.7892,2.51223,49.2819,0.84672,12.849,0.84672,3695.15,0,36.966,0.356314,0.715833,1.93828,5.11227,0.708136,6.70194,0.42336,36.966,0.42336,423.524,0,1.02816,0,0,1.74399,0.715833,1.028160,1,0,56.5017,0,0,0,56.5017,0
80.745,2.21055,0,0,4.2465,0.445644,0.36288,3.6288,61.308,0.591032,0,0,2.4288,0.143771,1.694,0.66528,12.849,1,0.357196,0.36288,0,105.392,2.51223,102.885,0.84672,12.849,0.84672,3695.15,0,36.966,0.356366,2.45722,2.00736,9.22078,0.708136,12.6209,0.42336,36.966,0.42336,423.524,0,1.02816,0,0,3.48538,2.45722,1.028160,1,0,117.2,0,0,0,117.2,0
80.8799,2.21544,0,0,3.08915,0.375996,0.36288,3.6288,61.308,0.591117,0,0,1.49659,0.170462,0.735007,0.66528,12.849,1,0.352544,0.36288,0,64.9812,3.00399,61.9875,0.84672,12.849,0.84672,3695.15,0,36.966,0.356418,0.79901,2.00751,5.66835,0.79921,7.31924,0.42336,36.966,0.42336,423.524,0,1.02816,0,0,1.82717,0.79901,1.028160,1,0,70.0418,0,0,0,70.0418,0
80.6265,2.21615,0,0,2.68245,0.356773,0.36288,3.6288,61.308,0.591203,0,0,1.2346,0.137337,0.506064,0.66528,12.849,1,0.352069,0.36288,0,46.6161,2.99364,43.6333,0.84672,12.849,0.84672,3695.15,0,36.966,0.356469,0.529485,2.00766,4.66341,0.66641,6.17767,0.42336,36.966,0.42336,423.524,0,1.02816,0,0,1.55765,0.529485,1.028160,1,0,50.317,0,0,0,50.317,0
80.2442,2.18127,0,0,2.61809,0.456244,0.36288,3.6288,61.308,0.57561,0,0,0.929984,0.179174,0.1752,0.66528,12.849,1,0.347617,0.36288,0,52.8227,3.66922,49.1688,0.84672,12.849,0.84672,3695.15,0,36.966,0.347067,0.63771,2.00781,3.81586,0.956743,5.15758,0.42336,36.966,0.42336,423.524,0,1.02816,0,0,1.66587,0.63771,1.028160,1,0,54.5015,0,0,0,54.5015,0
79.4485,2.48706,0,0,2.38462,0.330416,0.36288,3.6288,61.1715,0.695529,0,0,0.777444,0.218412,0,0.66528,12.849,1,0.398238,0.36288,0,47.9364,4.01518,43.8859,0.84672,12.849,0.84672,3695.15,0,36.966,0.464911,0.528595,1.98113,3.5231,0.9774,4.59051,0.42336,36.966,0.42336,423.524,0,0.997911,0,0,1.52651,0.528595,1.028160,1,0,48.4764,0,0,0,48.4764,0
78.6191,2.48386,0,0,2.3247,0.30734,0.36288,3.6288,61.1307,0.66528,0,0,0.849191,0.224757,0,0.66528,12.849,1,0.401708,0.36288,0,46.451,4.07284,42.3393,0.84672,12.849,0.84672,3695.15,0,36.966,0.465063,0.636172,2.20825,3.99311,0.980843,5.39163,0.42336,36.966,0.42336,423.524,0,1.02816,0,0,1.66433,0.636172,1.028160,1,0,47.7309,0,0,0,47.7309,0
77.6445,2.48044,0,0,2.17356,0.304853,0.36288,3.6288,61.0758,0.66528,0,0,0.835151,0.224699,0,0.66528,12.849,1,0.405387,0.36288,0,42.3582,4.07284,38.2429,0.84672,12.849,0.84672,3695.15,0,36.966,0.465215,0.456667,2.20841,3.58414,0.980843,4.80316,0.42336,36.966,0.42336,423.524,0,1.02816,0,0,1.48483,0.456667,1.028160,1,0,43.046,0,0,0,43.046,0
76.4641,2.60607,0,0,2.03856,0.250037,0.36288,3.6288,60.8105,0.742565,0,0,0.736759,0.25956,0,0.66528,12.849,1,0.431266,0.36288,0,40.295,4.7198,35.5068,0.84672,12.849,0.84672,3695.15,0,36.966,0.565734,0.402797,2.20858,3.3061,1.15535,4.19639,0.42336,36.966,0.42336,423.524,0,0.950875,0,0,1.35367,0.402797,1.028160,1,0,39.7032,0,0,0,39.7032,0
75.1016,2.60061,0,0,1.8276,0.226591,0.36288,3.6288,60.3792,0.823807,0,0,0.665574,0.273076,0,0.66528,12.849,1,0.437005,0.36288,0,34.4683,4.97858,29.4156,0.84672,12.849,0.84672,3695.15,0,36.966,0.565894,0.402797,2.31464,3.1744,1.22516,4.10078,0.42336,36.966,0.42336,423.524,0,0.869633,0,0,1.27243,0.402797,1.028160,1,0,33.5164,0,0,0,33.5164,0
73.6992,2.59407,0,0,1.77808,0.22349,0.36288,3.6288,60.1167,0.66528,0,0,0.675112,0.272329,0,0.66528,12.849,1,0.443815,0.36288,0,32.7529,4.97858,27.6933,0.84672,12.849,0.84672,3695.15,0,36.966,0.566055,0.347414,2.31481,3.02294,1.22516,3.89395,0.42336,36.966,0.42336,423.524,0,1.02816,0,0,1.37557,0.347414,1.028160,1,0,31.5873,0,0,0,31.5873,0
72.1163,2.58711,0,0,1.61448,0.247437,0.36288,3.6288,59.8202,0.66528,0,0,0.635507,0.266647,0,0.66528,12.849,1,0.451047,0.36288,0,30.8671,4.64012,26.1388,0.84672,12.849,0.84672,3695.15,0,36.966,0.566215,0.305294,2.31499,2.76573,1.23821,3.58158,0.42336,36.966,0.42336,423.524,0,1.02816,0,0,1.33345,0.305294,1.028160,1,0,29.7204,0,0,0,29.7204,0
70.6672,2.57894,0,0,1.64214,0.149441,0.36288,3.6288,59.6892,0.66528,0,0,0.806881,0.272631,0,0.66528,12.849,1,0.459491,0.36288,0,30.8617,4.68625,26.0789,0.84672,12.849,0.84672,3695.15,0,36.966,0.566375,0.791986,2.31516,2.88817,1.2749,4.15404,0.42336,36.966,0.42336,423.524,0,1.02816,0,0,1.82015,0.791986,1.028160,1,0,30.2329,0,0,0,30.2329,0
69.3521,2.54588,0,0,1.70855,0.114886,0.36288,3.6288,59.7437,0.66528,0,0,0.99646,0.276674,0,0.66528,12.849,1,0.462902,0.36288,0,33.9091,5.01144,28.7976,0.84672,12.849,0.84672,3695.15,0,36.966,0.621721,1.24097,2.31534,3.17399,1.28855,4.82003,0.42336,36.966,0.42336,423.524,0,1.02816,0,0,2.26913,1.24097,1.028160,1,0,33.6176,0,0,0,33.6176,0
67.9069,2.5387,0,0,1.57011,0.113726,0.36288,3.6288,59.7695,0.66528,0,0,0.96781,0.27677,0,0.66528,12.849,1,0.47035,0.36288,0,33.3736,5.01144,28.2547,0.84672,12.849,0.84672,3695.15,0,36.966,0.621886,1.24192,2.35254,3.20058,1.28855,4.88461,0.42336,36.966,0.42336,423.524,0,1.02816,0,0,2.27008,1.24192,1.028160,1,0,33.1393,0,0,0,33.1393,0
66.3302,2.53051,0,0,1.42918,0.11245,0.36288,3.6288,59.7326,0.66528,0,0,0.905204,0.276816,0,0.66528,12.849,1,0.478811,0.36288,0,32.0385,5.01144,26.9111,0.84672,12.849,0.84672,3695.15,0,36.966,0.622051,0.938719,2.35272,3.00666,1.28855,4.3875,0.42336,36.966,0.42336,423.524,0,1.02816,0,0,1.96688,0.938719,1.028160,1,0,31.2986,0,0,0,31.2986,0
64.6629,2.52121,0,0,1.31418,0.0974254,0.36288,3.6288,59.6222,0.66528,0,0,0.864233,0.30933,0,0.66528,12.849,1,0.488389,0.36288,0,28.4032,5.43489,22.8428,0.84672,12.849,0.84672,3695.15,0,36.966,0.622216,0.928921,2.3529,2.89306,1.44311,4.10955,0.42336,36.966,0.42336,423.524,0,1.02816,0,0,1.95708,0.928921,1.028160,1,0,26.9524,0,0,0,26.9524,0
63.0421,2.57541,0,0,1.40416,0.0866549,0.36288,3.6288,59.7671,0.66528,0,0,1.12167,0.311483,0,0.66528,12.849,1,0.511754,0.36288,0,28.5085,6.03985,22.3198,0.84672,12.849,0.84672,3695.15,0,36.966,0.67158,0.93217,2.35307,3.16756,1.45505,4.32617,0.42336,36.966,0.42336,423.524,0,1.02816,0,0,1.96033,0.93217,1.028160,1,0,26.646,0,0,0,26.646,0
61.4476,2.56471,0,0,1.4138,0.0806962,0.36288,3.6288,59.8514,0.66528,0,0,1.06578,0.316171,0,0.66528,12.849,1,0.52273,0.36288,0,37.3428,6.07782,31.1051,0.84672,12.849,0.84672,3695.15,0,36.966,0.671748,1.16634,2.40575,3.48675,1.47754,4.90955,0.42336,36.966,0.42336,423.524,0,1.02816,0,0,2.1945,1.16634,1.028160,1,0,36.0146,0,0,0,36.0146,0
59.7752,2.55373,0,0,1.32381,0.0796462,0.36288,3.6288,59.861,0.66528,0,0,0.991146,0.316341,0,0.66528,12.849,1,0.533997,0.36288,0,29.9829,6.07782,23.7339,0.84672,12.849,0.84672,3695.15,0,36.966,0.671917,1.12566,2.40593,3.14303,1.47754,4.52517,0.42336,36.966,0.42336,423.524,0,1.02816,0,0,2.15382,1.12566,1.028160,1,0,28.2591,0,0,0,28.2591,0
57.9974,2.54166,0,0,1.2053,0.0784948,0.36288,3.6288,59.8203,0.66528,0,0,0.940948,0.31636,0,0.66528,12.849,1,0.546343,0.36288,0,27.3253,6.07782,21.064,0.84672,12.849,0.84672,3695.15,0,36.966,0.672086,0.794232,2.40611,2.93175,1.47754,3.98247,0.42336,36.966,0.42336,423.524,0,1.02816,0,0,1.82239,0.794232,1.028160,1,0,25.0465,0,0,0,25.0465,0
56.1613,2.71355,0,0,1.30662,0.0662722,0.36288,3.6288,60.2153,0.66528,0,0,1.3628,0.302487,0,0.66528,12.849,1,0.601172,0.36288,0,29.7588,5.89591,23.6246,0.84672,12.849,0.84672,3695.15,0,36.966,0.849896,1.77708,2.4063,4.20524,1.4954,6.04332,0.42336,36.966,0.42336,423.524,0,1.02816,0,0,2.80524,1.77708,1.028160,1,0,29.668,0,0,0,29.668,0
54.1604,2.6978,0,0,1.12426,0.0645565,0.36288,3.6288,60.6146,0.66528,0,0,1.35295,0.28838,0,0.66528,12.849,1,0.617222,0.36288,0,28.4139,5.62863,22.531,0.84672,12.849,0.84672,3695.15,0,36.966,0.850079,1.61457,2.58616,3.84864,1.48265,5.71664,0.42336,36.966,0.42336,423.524,0,1.02816,0,0,2.64273,1.61457,1.028160,1,0,28.2476,0,0,0,28.2476,0
52.155,2.67961,0,0,1.10043,0.063274,0.36288,3.6288,60.9252,0.66528,0,0,1.26497,0.289113,0,0.66528,12.849,1,0.63571,0.36288,0,25.9287,5.62863,20.0273,0.84672,12.849,0.84672,3695.15,0,36.966,0.850263,1.46613,2.58636,3.86284,1.48265,5.58242,0.42336,36.966,0.42336,423.524,0,1.02816,0,0,2.49429,1.46613,1.028160,1,0,25.6097,0,0,0,25.6097,0
50.6687,2.66023,0,0,1.59875,0.0619888,0.36288,3.6288,61.308,0.66528,0,0,1.45351,0.289683,0.115714,0.66528,12.849,1,0.65538,0.36288,0,29.5311,5.62863,23.61,0.84672,12.849,0.84672,3695.15,0,36.966,0.850446,1.90946,2.58656,4.28281,1.48265,6.44573,0.42336,36.966,0.42336,423.524,0,1.02816,0,0,2.93762,1.90946,1.028160,1,0,30.1714,0,0,0,30.1714,0
49.3828,2.64514,0,0,1.79911,0.0769525,0.36288,3.6288,61.308,0.66528,0,0,1.47915,0.273176,0.540695,0.66528,12.849,1,0.670776,0.36288,0,43.638,5.33197,37.9981,0.84672,12.849,0.84672,3695.15,0,36.966,0.85063,1.88637,2.58675,4.23179,1.4415,6.41278,0.42336,36.966,0.42336,423.524,0,1.02816,0,0,2.91453,1.88637,1.028160,1,0,44.9516,0,0,0,44.9516,0
48.0548,2.5439,0,0,1.62608,0.0472911,0.36288,3.6288,61.308,0.66528,0,0,0.909213,0.243734,0.000198989,0.66528,12.849,1,0.661901,0.36288,0,38.0703,4.80409,32.9671,0.84672,12.849,0.84672,3695.15,0,36.966,0.742948,1.81261,2.58695,4.03366,1.3084,6.38187,0.42336,36.966,0.42336,423.524,0,1.02816,0,0,2.84077,1.81261,1.028160,1,0,39.3492,0,0,0,39.3492,0
46.42,2.52969,0,0,1.34038,0.08265,0.36288,3.6288,61.308,0.66528,0,0,1.02046,0.224321,0.130861,0.66528,12.849,1,0.676394,0.36288,0,29.7597,3.86166,25.5845,0.84672,12.849,0.84672,3695.15,0,36.966,0.743123,1.74,2.48312,4.61295,1.05173,7.04122,0.42336,36.966,0.42336,423.524,0,1.02816,0,0,2.76816,1.74,1.028160,1,0,32.7566,0,0,0,32.7566,0
45.0475,2.51126,0,0,1.58683,0.0851899,0.36288,3.6288,61.308,0.66528,0,0,1.74349,0.223248,0.854963,0.66528,12.849,1,0.695114,0.36288,0,35.3034,3.83198,31.1392,0.84672,12.849,0.84672,3695.15,0,36.966,0.743297,3.18426,2.48331,6.60836,1.04809,10.4845,0.42336,36.966,0.42336,423.524,0,1.02816,0,0,4.21242,3.18426,1.028160,1,0,42.4787,0,0,0,42.4787,0
43.7105,2.43399,0,0,1.54376,0.0838917,0.36288,3.6288,61.308,0.66528,0,0,1.49268,0.223248,0.604153,0.66528,12.849,1,0.694253,0.36288,0,34.4359,3.83198,30.2726,0.84672,12.849,0.84672,3695.15,0,36.966,0.695771,2.9904,2.4835,5.39908,1.04809,9.12912,0.42336,36.966,0.42336,423.524,0,1.02816,0,0,4.01856,2.9904,1.028160,1,0,40.0059,0,0,0,40.0059,0
42.6469,2.11313,0,0,1.52284,0.110403,0.36288,3.6288,61.1936,0.66528,0,0,0.777591,0.226696,0,0.66528,12.849,1,0.621169,0.36288,0,23.021,4.44652,18.3162,0.84672,12.849,0.84672,3695.15,0,36.966,0.417881,0.389621,2.43214,5.27819,0.978968,6.7031,0.42336,36.966,0.42336,423.524,0,1.02816,0,0,1.41778,0.389621,1.028160,1,0,25.0193,0,0,0,25.0193,0
41.334,2.10142,0,0,1.29894,0.147516,0.36288,3.6288,60.5226,0.929926,0,0,0.48122,0.222343,0,0.66528,12.849,1,0.633131,0.36288,0,17.9416,4.59438,13.0769,0.84672,12.849,0.84672,3695.15,0,36.966,0.561752,0.216518,2.14361,4.56068,1.02532,5.33374,0.42336,36.966,0.42336,423.524,0,0.61979,0,0,0.836309,0.216518,1.028160,1,0,18.4107,0,0,0,18.4107,0
40.4532,2.08626,0,0,1.7136,0.145272,0.36288,3.6288,60.7309,0.66528,0,0,1.09502,0.221399,0,0.66528,12.849,1,0.648531,0.36288,0,24.0046,4.59438,19.1246,0.84672,12.849,0.84672,3695.15,0,36.966,0.418177,1.10424,2.14377,8.1066,1.02532,9.91112,0.42336,36.966,0.42336,423.524,0,1.02816,0,0,2.1324,1.10424,1.028160,1,0,29.0357,0,0,0,29.0357,0
42.5081,2.07574,0,0,4.63722,0.143766,0.36288,3.6288,61.308,0.66528,0,0,2.54523,0.221692,1.08117,0.66528,12.849,1,0.659308,0.36288,0,71.6971,4.59438,66.8062,0.84672,12.849,0.84672,3695.15,0,36.966,0.418325,2.82448,2.14394,14.1291,1.02532,17.6538,0.42336,36.966,0.42336,423.524,0,1.02816,0,0,3.85264,2.82448,1.028160,1,0,85.5413,0,0,0,85.5413,0
42.2882,1.92473,0,0,2.25156,0.183811,0.36288,3.6288,61.308,0.562706,0,0,1.92909,0.197614,1.16877,0.66528,12.849,1,0.581791,0.36288,0,56.4302,4.12671,52.0846,0.84672,12.849,0.84672,3695.15,0,36.966,0.339287,1.48433,2.1441,8.39825,0.982345,10.705,0.42336,36.966,0.42336,423.524,0,1.02816,0,0,2.51249,1.48433,1.028160,1,0,63.9584,0,0,0,63.9584,0
44.2107,1.92258,0,0,4.38871,0.180715,0.36288,3.6288,61.308,0.56279,0,0,2.06847,0.206355,1.29932,0.66528,12.849,1,0.584165,0.36288,0,87.9274,4.15685,83.5492,0.84672,12.849,0.84672,3695.15,0,36.966,0.339337,2.45563,1.96096,10.5852,1.05801,13.6045,0.42336,36.966,0.42336,423.524,0,1.02816,0,0,3.48379,2.45563,1.028160,1,0,98.453,0,0,0,98.453,0
45.7807,2.21626,0,0,4.33383,0.184759,0.36288,3.6288,61.308,0.66528,0,0,2.93391,0.206355,2.06228,0.66528,12.849,1,0.644115,0.36288,0,128.894,4.15685,124.456,0.84672,12.849,0.84672,3695.15,0,36.966,0.441773,2.43936,1.9611,11.2428,1.05801,14.1435,0.42336,36.966,0.42336,423.524,0,1.02816,0,0,3.46752,2.43936,1.028160,1,0,140.662,0,0,0,140.662,0
45.4488,2.23371,0,0,2.46335,0.198585,0.36288,3.6288,61.308,0.66528,0,0,1.37365,0.153401,0.554967,0.66528,12.849,1,0.626924,0.36288,0,56.828,3.57935,52.9846,0.84672,12.849,0.84672,3695.15,0,36.966,0.441923,1.22397,2.1857,8.84624,0.901425,10.9126,0.42336,36.966,0.42336,423.524,0,1.02816,0,0,2.25213,1.22397,1.028160,1,0,64.4521,0,0,0,64.4521,0
45.0281,2.23035,0,0,2.37246,0.19993,0.36288,3.6288,61.308,0.66528,0,0,1.13748,0.162368,0.309834,0.66528,12.849,1,0.630549,0.36288,0,49.5583,3.64463,45.6461,0.84672,12.849,0.84672,3695.15,0,36.966,0.442073,0.770308,2.18587,8.66868,0.969707,10.2131,0.42336,36.966,0.42336,423.524,0,1.02816,0,0,1.79847,0.770308,1.028160,1,0,56.169,0,0,0,56.169,0
47.2668,2.30306,0,0,5.11603,0.211416,0.36288,3.6288,61.308,0.66528,0,0,2.45883,0.216173,1.57738,0.66528,12.849,1,0.65719,0.36288,0,85.7399,4.03631,81.4093,0.84672,12.849,0.84672,3695.15,0,36.966,0.501493,2.51096,2.18603,9.5491,1.3794,12.3652,0.42336,36.966,0.42336,423.524,0,1.02816,0,0,3.53912,2.51096,1.028160,1,0,95.3519,0,0,0,95.3519,0
48.4545,2.32772,0,0,4.09503,0.216754,0.36288,3.6288,61.308,0.66528,0,0,2.18589,0.216173,1.30443,0.66528,12.849,1,0.632768,0.36288,0,103.042,4.03631,98.7353,0.84672,12.849,0.84672,3695.15,0,36.966,0.501634,2.08924,2.25056,8.73504,1.3794,11.1938,0.42336,36.966,0.42336,423.524,0,1.02816,0,0,3.1174,2.08924,1.028160,1,0,111.234,0,0,0,111.234,0
49.2373,2.34018,0,0,3.70545,0.219585,0.36288,3.6288,61.308,0.66528,0,0,2.00191,0.216173,1.12046,0.66528,12.849,1,0.62056,0.36288,0,78.0771,4.03631,73.7831,0.84672,12.849,0.84672,3695.15,0,36.966,0.501775,1.91832,2.25071,9.74506,1.3794,12.0329,0.42336,36.966,0.42336,423.524,0,1.02816,0,0,2.94648,1.91832,1.028160,1,0,86.9365,0,0,0,86.9365,0
49.6049,2.58801,0,0,3.50856,0.190018,0.36288,3.6288,61.308,0.5395,0,0,1.77185,0.222412,1.00994,0.66528,12.849,1,0.675369,0.36288,0,111.772,3.67372,107.786,0.84672,12.849,0.84672,3695.15,0,36.966,0.325295,1.56072,2.25086,8.42383,1.08986,10.8203,0.42336,36.966,0.42336,423.524,0,1.02816,0,0,2.58888,1.56072,1.028160,1,0,119.616,0,0,0,119.616,0
49.0348,2.84501,0,0,2.85541,0.217636,0.36288,3.6288,61.308,0.66528,0,0,1.26878,0.229053,0.374451,0.66528,12.849,1,0.736934,0.36288,0,65.4448,4.23039,60.8404,0.84672,12.849,0.84672,3695.15,0,36.966,0.422244,0.737061,2.07405,5.27552,1.05905,6.60534,0.42336,36.966,0.42336,423.524,0,1.02816,0,0,1.76522,0.737061,1.028160,1,0,67.8201,0,0,0,67.8201,0
49.3076,2.83843,0,0,3.69115,0.217091,0.36288,3.6288,61.308,0.66528,0,0,1.37185,0.235396,0.471175,0.66528,12.849,1,0.743778,0.36288,0,69.9944,4.51794,65.0955,0.84672,12.849,0.84672,3695.15,0,36.966,0.422401,1.32866,2.30583,5.80589,1.08186,7.93612,0.42336,36.966,0.42336,423.524,0,1.02816,0,0,2.35682,1.32866,1.028160,1,0,73.5028,0,0,0,73.5028,0
49.6508,2.84191,0,0,3.77669,0.228629,0.36288,3.6288,61.308,0.66528,0,0,1.28184,0.228721,0.387838,0.66528,12.849,1,0.74057,0.36288,0,73.1488,4.51578,68.2554,0.84672,12.849,0.84672,3695.15,0,36.966,0.422558,1.0686,2.30601,6.27171,1.08914,8.13461,0.42336,36.966,0.42336,423.524,0,1.02816,0,0,2.09676,1.0686,1.028160,1,0,76.7778,0,0,0,76.7778,0
50.0814,2.84619,0,0,3.89649,0.256818,0.36288,3.6288,61.308,0.66528,0,0,1.70427,0.212033,0.826953,0.66528,12.849,1,0.736557,0.36288,0,63.6155,4.51038,58.7314,0.84672,12.849,0.84672,3695.15,0,36.966,0.422715,1.55318,2.30618,7.86087,1.10735,10.1902,0.42336,36.966,0.42336,423.524,0,1.02816,0,0,2.58134,1.55318,1.028160,1,0,69.7485,0,0,0,69.7485,0
50.7157,2.49,0,0,3.74968,0.262538,0.36288,3.6288,61.308,0.492433,0,0,2.21828,0.202511,1.52333,0.66528,12.849,1,0.63884,0.36288,0,55.2667,4.04673,50.944,0.84672,12.849,0.84672,3695.15,0,36.966,0.296915,2.91526,2.30635,7.26443,0.901126,11.288,0.42336,36.966,0.42336,423.524,0,1.02816,0,0,3.94342,2.91526,1.028160,1,0,63.7553,0,0,0,63.7553,0
50.9079,2.49656,0,0,3.31782,0.266129,0.36288,3.6288,61.308,0.492517,0,0,3.00006,0.198702,2.30884,0.66528,12.849,1,0.632513,0.36288,0,63.5336,3.86127,59.4027,0.84672,12.849,0.84672,3695.15,0,36.966,0.296966,2.8017,1.99055,9.23901,0.818637,12.9157,0.42336,36.966,0.42336,423.524,0,1.02816,0,0,3.82986,2.8017,1.028160,1,0,74.6272,0,0,0,74.6272,0
52.3427,2.49865,0,0,4.56299,0.266666,0.36288,3.6288,61.308,0.492602,0,0,3.29873,0.198702,2.60742,0.66528,12.849,1,0.630652,0.36288,0,96.6954,3.86127,92.5664,0.84672,12.849,0.84672,3695.15,0,36.966,0.297017,2.83355,1.9907,11.0789,0.818637,14.7875,0.42336,36.966,0.42336,423.524,0,1.02816,0,0,3.86171,2.83355,1.028160,1,0,109.961,0,0,0,109.961,0
54.1939,2.51272,0,0,4.99617,0.269378,0.36288,3.6288,61.308,0.492686,0,0,2.95346,0.207031,2.25375,0.66528,12.849,1,0.616818,0.36288,0,90.7511,4.04639,86.4508,0.84672,12.849,0.84672,3695.15,0,36.966,0.297068,3.16595,1.99085,11.6996,0.869096,15.6902,0.42336,36.966,0.42336,423.524,0,1.02816,0,0,4.19411,3.16595,1.028160,1,0,104.395,0,0,0,104.395,0
55.1738,2.52994,0,0,4.14093,0.268197,0.36288,3.6288,61.308,0.49277,0,0,2.87623,0.235807,2.14765,0.66528,12.849,1,0.599831,0.36288,0,82.9466,4.87551,77.8341,0.84672,12.849,0.84672,3695.15,0,36.966,0.297118,2.62284,1.991,11.8048,1.05929,15.0623,0.42336,36.966,0.42336,423.524,0,1.02816,0,0,3.651,2.62284,1.028160,1,0,95.044,0,0,0,95.044,0
55.796,2.63153,0,0,3.89873,0.282121,0.36288,3.6288,61.308,0.538474,0,0,1.64525,0.193999,0.912782,0.66528,12.849,1,0.612837,0.36288,0,95.9584,3.84783,91.8606,0.84672,12.849,0.84672,3695.15,0,36.966,0.324676,1.64622,1.99114,10.7937,0.777366,13.329,0.42336,36.966,0.42336,423.524,0,1.02816,0,0,2.67438,1.64622,1.028160,1,0,106.102,0,0,0,106.102,0
57.7402,2.63728,0,0,5.22817,0.283881,0.36288,3.6288,61.308,0.538561,0,0,2.29775,0.193999,1.56519,0.66528,12.849,1,0.607327,0.36288,0,131.492,3.84783,127.4,0.84672,12.849,0.84672,3695.15,0,36.966,0.324729,3.23482,2.06922,15.5732,0.777366,19.7751,0.42336,36.966,0.42336,423.524,0,1.02816,0,0,4.26298,3.23482,1.028160,1,0,148.74,0,0,0,148.74,0
58.239,2.65421,0,0,3.80534,0.28938,0.36288,3.6288,61.308,0.538649,0,0,1.82301,0.193999,1.09036,0.66528,12.849,1,0.590644,0.36288,0,92.9984,3.84783,88.9228,0.84672,12.849,0.84672,3695.15,0,36.966,0.324781,1.81582,2.06937,12.0223,0.777366,14.8053,0.42336,36.966,0.42336,423.524,0,1.02816,0,0,2.84398,1.81582,1.028160,1,0,104.818,0,0,0,104.818,0
58.168,2.65855,0,0,3.22644,0.276046,0.36288,3.6288,61.308,0.538737,0,0,1.45992,0.198795,0.722386,0.66528,12.849,1,0.586543,0.36288,0,77.868,3.85285,73.7915,0.84672,12.849,0.84672,3695.15,0,36.966,0.324834,1.41497,2.06953,9.4278,0.783898,11.8036,0.42336,36.966,0.42336,423.524,0,1.02816,0,0,2.44313,1.41497,1.028160,1,0,86.3174,0,0,0,86.3174,0
58.7891,2.62152,0,0,3.84788,0.242339,0.36288,3.6288,61.308,0.521101,0,0,1.6178,0.210217,0.886479,0.66528,12.849,1,0.57908,0.36288,0,73.5333,4.10875,69.2084,0.84672,12.849,0.84672,3695.15,0,36.966,0.314201,2.47628,2.06968,11.1732,0.926258,14.4787,0.42336,36.966,0.42336,423.524,0,1.02816,0,0,3.50444,2.47628,1.028160,1,0,84.5736,0,0,0,84.5736,0
58.548,2.62674,0,0,2.99229,0.243804,0.36288,3.6288,61.308,0.521187,0,0,1.23917,0.210217,0.507761,0.66528,12.849,1,0.574102,0.36288,0,60.4032,4.10875,56.0832,0.84672,12.849,0.84672,3695.15,0,36.966,0.314253,1.9358,2.0395,8.95899,0.926258,11.6938,0.42336,36.966,0.42336,423.524,0,1.02816,0,0,2.96396,1.9358,1.028160,1,0,68.2848,0,0,0,68.2848,0
57.9403,2.62499,0,0,2.62343,0.243235,0.36288,3.6288,61.308,0.521274,0,0,1.16847,0.210217,0.436974,0.66528,12.849,1,0.576084,0.36288,0,55.1531,4.10875,50.8311,0.84672,12.849,0.84672,3695.15,0,36.966,0.314305,1.57709,2.03966,8.34399,0.926258,10.7202,0.42336,36.966,0.42336,423.524,0,1.02816,0,0,2.60525,1.57709,1.028160,1,0,61.9883,0,0,0,61.9883,0
57.5609,2.62024,0,0,2.84546,0.241801,0.36288,3.6288,61.308,0.52136,0,0,1.1212,0.210217,0.389618,0.66528,12.849,1,0.581072,0.36288,0,59.456,4.10875,55.129,0.84672,12.849,0.84672,3695.15,0,36.966,0.314357,1.08814,2.03981,9.13205,0.926258,11.0194,0.42336,36.966,0.42336,423.524,0,1.02816,0,0,2.1163,1.08814,1.028160,1,0,66.538,0,0,0,66.538,0
57.0135,2.74146,0,0,2.73846,0.181509,0.36288,3.6288,61.308,0.584317,0,0,1.08366,0.238743,0.260603,0.66528,12.849,1,0.611962,0.36288,0,52.3966,4.56461,47.5829,0.84672,12.849,0.84672,3695.15,0,36.966,0.352317,1.04385,2.03996,8.07607,1.03039,9.77717,0.42336,36.966,0.42336,423.524,0,1.02816,0,0,2.07201,1.04385,1.028160,1,0,57.6207,0,0,0,57.6207,0
56.2492,2.73687,0,0,2.49194,0.156445,0.36288,3.6288,61.308,0.584408,0,0,0.997721,0.249535,0.163778,0.66528,12.849,1,0.616803,0.36288,0,45.2644,4.76858,40.2419,0.84672,12.849,0.84672,3695.15,0,36.966,0.352372,1.14464,2.14643,7.17898,1.07855,9.03913,0.42336,36.966,0.42336,423.524,0,1.02816,0,0,2.1728,1.14464,1.028160,1,0,49.4448,0,0,0,49.4448,0
55.3816,2.73025,0,0,2.38079,0.155268,0.36288,3.6288,61.308,0.584499,0,0,1.00164,0.249535,0.167601,0.66528,12.849,1,0.623671,0.36288,0,43.2498,4.76858,38.2204,0.84672,12.849,0.84672,3695.15,0,36.966,0.352427,1.33793,2.14659,6.837,1.07855,8.89055,0.42336,36.966,0.42336,423.524,0,1.02816,0,0,2.36609,1.33793,1.028160,1,0,47.2786,0,0,0,47.2786,0
54.3147,2.72252,0,0,2.20224,0.183752,0.36288,3.6288,61.308,0.58459,0,0,0.945052,0.240318,0.120144,0.66528,12.849,1,0.631649,0.36288,0,40.2385,4.17627,35.7934,0.84672,12.849,0.84672,3695.15,0,36.966,0.352482,1.25582,2.14675,6.21847,1.1014,8.16715,0.42336,36.966,0.42336,423.524,0,1.02816,0,0,2.28398,1.25582,1.028160,1,0,44.0807,0,0,0,44.0807,0
53.1487,2.71269,0,0,2.0246,0.114976,0.36288,3.6288,61.2907,0.584681,0,0,0.830447,0.263101,0,0.66528,12.849,1,0.64173,0.36288,0,35.2699,4.48138,30.5097,0.84672,12.849,0.84672,3695.15,0,36.966,0.352537,0.967982,2.14691,5.4932,1.14917,7.10638,0.42336,36.966,0.42336,423.524,0,1.02816,0,0,1.99614,0.967982,1.028160,1,0,37.6161,0,0,0,37.6161,0
51.6437,2.67736,0,0,1.64846,0.113232,0.36288,3.6288,60.9419,0.638083,0,0,0.536673,0.247393,0,0.66528,12.849,1,0.647266,0.36288,0,27.708,4.68321,22.7405,0.84672,12.849,0.84672,3695.15,0,36.966,0.384845,0.30119,2.14707,3.45877,1.10199,4.42019,0.42336,36.966,0.42336,423.524,0,0.998006,0,0,1.2992,0.30119,1.028160,1,0,27.1606,0,0,0,27.1606,0
49.9926,2.66245,0,0,1.48567,0.111488,0.36288,3.6288,60.4798,0.714936,0,0,0.499763,0.246847,0,0.66528,12.849,1,0.66242,0.36288,0,25.6813,4.68321,20.6985,0.84672,12.849,0.84672,3695.15,0,36.966,0.433664,0.261274,2.18441,3.2932,1.10199,4.20322,0.42336,36.966,0.42336,423.524,0,0.872484,0,0,1.13376,0.261274,1.028160,1,0,24.9017,0,0,0,24.9017,0
48.3151,2.64524,0,0,1.42068,0.0900658,0.36288,3.6288,59.9298,0.721863,0,0,0.472472,0.300683,0,0.66528,12.849,1,0.679876,0.36288,0,23.153,5.38896,17.447,0.84672,12.849,0.84672,3695.15,0,36.966,0.441212,0.261274,2.18457,3.12887,1.35961,3.7739,0.42336,36.966,0.42336,423.524,0,0.858159,0,0,1.11943,0.261274,1.028160,1,0,21.2209,0,0,0,21.2209,0
46.5109,2.62679,0,0,1.26631,0.0807927,0.36288,3.6288,59.3182,0.733025,0,0,0.442884,0.321379,0,0.66528,12.849,1,0.698574,0.36288,0,21.0349,5.67126,15.0279,0.84672,12.849,0.84672,3695.15,0,36.966,0.452146,0.261274,2.18473,3.0267,1.46265,3.55791,0.42336,36.966,0.42336,423.524,0,0.836214,0,0,1.09749,0.261274,1.028160,1,0,18.5858,0,0,0,18.5858,0
44.7126,2.66657,0,0,1.3091,0.0779592,0.36288,3.6288,58.6776,0.756925,0,0,0.428518,0.312224,0,0.66528,12.849,1,0.73666,0.36288,0,19.9674,5.81634,13.7773,0.84672,12.849,0.84672,3695.15,0,36.966,0.471701,0.261274,2.1849,2.83405,1.45131,3.35721,0.42336,36.966,0.42336,423.524,0,0.842305,0,0,1.10358,0.261274,1.028160,1,0,17.1345,0,0,0,17.1345,0
42.8041,2.64375,0,0,1.1743,0.0762002,0.36288,3.6288,57.9848,0.786555,0,0,0.403405,0.309632,0,0.66528,12.849,1,0.759731,0.36288,0,18.8585,5.84052,12.6212,0.84672,12.849,0.84672,3695.15,0,36.966,0.495517,0.261274,2.23777,2.81118,1.44942,3.36528,0.42336,36.966,0.42336,423.524,0,0.789013,0,0,1.05029,0.261274,1.028160,1,0,15.9864,0,0,0,15.9864,0
40.8224,2.61789,0,0,1.07365,0.0745542,0.36288,3.6288,57.2535,0.812771,0,0,0.38968,0.308253,0,0.66528,12.849,1,0.785843,0.36288,0,17.7102,5.84052,11.4467,0.84672,12.849,0.84672,3695.15,0,36.966,0.518151,0.227405,2.23793,2.67846,1.44942,3.17623,0.42336,36.966,0.42336,423.524,0,0.740318,0,0,0.967723,0.227405,1.028160,1,0,14.6229,0,0,0,14.6229,0
38.731,2.58907,0,0,0.921309,0.0607187,0.36288,3.6288,56.514,0.814601,0,0,0.388085,0.312996,0,0.66528,12.849,1,0.814918,0.36288,0,16.8932,6.09982,10.3413,0.84672,12.849,0.84672,3695.15,0,36.966,0.525951,0.227405,2.2381,2.66147,1.46469,3.13633,0.42336,36.966,0.42336,423.524,0,0.73084,0,0,0.958245,0.227405,1.028160,1,0,13.4776,0,0,0,13.4776,0
36.4515,2.72693,0,0,0.871163,0.0609102,0.36288,3.6288,55.6145,0.955934,0,0,0.363091,0.306635,0,0.66528,12.849,1,0.904659,0.36288,0,16.2807,5.99423,9.74469,0.84672,12.849,0.84672,3695.15,0,36.966,0.62528,0.227405,2.23827,2.58021,1.3991,3.02151,0.42336,36.966,0.42336,423.524,0,0.668684,0,0,0.896089,0.227405,1.028160,1,0,12.7662,0,0,0,12.7662,0
34.2152,2.6853,0,0,0.863551,0.0516588,0.36288,3.6288,54.62,1.00041,0,0,0.318826,0.312906,0,0.66528,12.849,1,0.946559,0.36288,0,16.3292,6.03593,9.70956,0.84672,12.849,0.84672,3695.15,0,36.966,0.664954,0.227405,2.41883,2.56929,1.46988,3.0807,0.42336,36.966,0.42336,423.524,0,0.584703,0,0,0.812108,0.227405,1.028160,1,0,12.7903,0,0,0,12.7903,0
32.0067,2.64052,0,0,0.845225,0.0502816,0.36288,3.6288,53.6004,1.0068,0,0,0.298096,0.310865,0,0.66528,12.849,1,0.991609,0.36288,0,14.9008,6.03593,8.23615,0.84672,12.849,0.84672,3695.15,0,36.966,0.681386,0.204422,2.41901,2.57878,1.46988,3.05095,0.42336,36.966,0.42336,423.524,0,0.562049,0,0,0.766472,0.204422,1.028160,1,0,11.2871,0,0,0,11.2871,0
30.231,2.59189,0,0,1.22801,0.0489216,0.36288,3.6288,52.7157,0.918597,0,0,0.342521,0.30868,0,0.66528,12.849,1,1.04051,0.36288,0,16.971,6.03593,10.2575,0.84672,12.849,0.84672,3695.15,0,36.966,0.633518,0.204422,2.41919,2.85915,1.46988,3.37937,0.42336,36.966,0.42336,423.524,0,0.698285,0,0,0.902707,0.204422,1.028160,1,0,13.6368,0,0,0,13.6368,0
28.9971,2.5492,0,0,1.74855,0.070368,0.36288,3.6288,52.0796,0.820338,0,0,0.479272,0.295028,0,0.66528,12.849,1,1.08348,0.36288,0,29.7951,5.8284,23.2461,0.84672,12.849,0.84672,3695.15,0,36.966,0.575249,0.204422,2.41937,3.59666,1.4153,4.2299,0.42336,36.966,0.42336,423.524,0,0.85498,0,0,1.0594,0.204422,1.028160,1,0,27.476,0,0,0,27.476,0
28.3208,2.44063,0,0,2.2038,0.0766529,0.36288,3.6288,51.8721,0.651704,0,0,0.717682,0.273479,0,0.66528,12.849,1,1.08147,0.36288,0,39.0249,5.56269,32.7436,0.84672,12.849,0.84672,3695.15,0,36.966,0.462578,0.513294,2.41955,6.18,1.24437,7.4059,0.42336,36.966,0.42336,423.524,0,1.02816,0,0,1.54145,0.513294,1.028160,1,0,40.1495,0,0,0,40.1495,0
27.4185,2.42304,0,0,1.95959,0.0759489,0.36288,3.6288,51.998,0.650716,0,0,1.04961,0.273022,0,0.66528,12.849,1,1.09932,0.36288,0,33.1057,5.56269,26.8066,0.84672,12.849,0.84672,3695.15,0,36.966,0.463725,1.51317,2.31529,7.1029,1.24437,9.22327,0.42336,36.966,0.42336,423.524,0,1.02816,0,0,2.54133,1.51317,1.028160,1,0,36.0299,0,0,0,36.0299,0
26.3107,2.39858,0,0,1.72867,0.0750098,0.36288,3.6288,51.6641,0.651465,0,0,0.59094,0.273299,0,0.66528,12.849,1,1.12404,0.36288,0,34.2923,5.56269,27.9685,0.84672,12.849,0.84672,3695.15,0,36.966,0.463135,0.510581,2.31546,5.32655,1.24437,6.44509,0.42336,36.966,0.42336,423.524,0,1.02816,0,0,1.53874,0.510581,1.028160,1,0,34.4136,0,0,0,34.4136,0
24.9739,2.36696,0,0,1.46687,0.0738567,0.36288,3.6288,51.2804,0.649813,0,0,0.538673,0.272563,0,0.66528,12.849,1,1.15592,0.36288,0,31.6869,5.56269,25.3312,0.84672,12.849,0.84672,3695.15,0,36.966,0.464945,0.370751,2.31564,5.06847,1.24437,6.04554,0.42336,36.966,0.42336,423.524,0,1.02816,0,0,1.39891,0.370751,1.028160,1,0,31.3768,0,0,0,31.3768,0
23.7313,2.26619,0,0,1.51886,0.132338,0.36288,3.6288,50.9366,0.641159,0,0,0.493773,0.196416,0,0.66528,12.849,1,1.16595,0.36288,0,25.8727,4.19991,20.8697,0.84672,12.849,0.84672,3695.15,0,36.966,0.462186,0.216518,2.31581,3.99193,1.0259,5.03617,0.42336,36.966,0.42336,423.524,0,0.94113,0,0,1.15765,0.216518,1.028160,1,0,25.9058,0,0,0,25.9058,0
23.0468,2.22675,0,0,2.04225,0.137185,0.36288,3.6288,50.7458,0.626964,0,0,0.621702,0.185589,0,0.66528,12.849,1,1.20564,0.36288,0,34.3519,3.94548,29.5636,0.84672,12.849,0.84672,3695.15,0,36.966,0.455003,0.216518,2.22274,4.61456,1.02937,5.56945,0.42336,36.966,0.42336,423.524,0,0.96266,0,0,1.17918,0.216518,1.028160,1,0,35.1331,0,0,0,35.1331,0
23.4373,2.20392,0,0,3.09321,0.135857,0.36288,3.6288,51.1571,0.588166,0,0,1.18479,0.185301,0,0.66528,12.849,1,1.22872,0.36288,0,37.6143,3.94548,32.803,0.84672,12.849,0.84672,3695.15,0,36.966,0.428452,1.13444,2.22291,6.73487,1.02937,8.6344,0.42336,36.966,0.42336,423.524,0,1.02816,0,0,2.1626,1.13444,1.028160,1,0,41.4374,0,0,0,41.4374,0
22.6288,2.21731,0,0,1.91457,0.142899,0.36288,3.6288,51.1711,0.590254,0,0,0.793397,0.189138,0,0.66528,12.849,1,1.21559,0.36288,0,31.2778,4.00347,26.4217,0.84672,12.849,0.84672,3695.15,0,36.966,0.426516,0.726278,2.22307,6.67013,1.04291,8.15006,0.42336,36.966,0.42336,423.524,0,1.02816,0,0,1.75444,0.726278,1.028160,1,0,34.5717,0,0,0,34.5717,0
24.384,2.02485,0,0,4.31306,0.170185,0.36288,3.6288,51.4684,0.471145,0,0,0.97251,0.204055,0,0.66528,12.849,1,1.14974,0.36288,0,80.6727,4.50337,75.3825,0.84672,12.849,0.84672,3695.15,0,36.966,0.340355,0.896871,2.22324,9.86734,1.14509,11.502,0.42336,36.966,0.42336,423.524,0,1.02816,0,0,1.92503,0.896871,1.028160,1,0,86.8845,0,0,0,86.8845,0
24.2044,2.07921,0,0,2.42531,0.162762,0.36288,3.6288,51.489,0.483638,0,0,0.702829,0.198659,0,0.66528,12.849,1,1.09563,0.36288,0,62.667,4.706,57.2283,0.84672,12.849,0.84672,3695.15,0,36.966,0.347362,0.292723,2.01624,6.4389,1.17302,7.22748,0.42336,36.966,0.42336,423.524,0,1.0088,0,0,1.30152,0.292723,1.028160,1,0,64.4558,0,0,0,64.4558,0
23.6939,2.07405,0,0,2.09095,0.164529,0.36288,3.6288,51.213,0.618356,0,0,0.543673,0.201242,0,0.66528,12.849,1,1.10102,0.36288,0,42.8229,4.58817,37.4966,0.84672,12.849,0.84672,3695.15,0,36.966,0.443943,0.412474,2.01639,5.19246,1.17357,6.00381,0.42336,36.966,0.42336,423.524,0,0.777635,0,0,1.19011,0.412474,1.028160,1,0,43.5004,0,0,0,43.5004,0
25.9722,2.05882,0,0,4.87864,0.178629,0.36288,3.6288,51.3962,0.471545,0,0,0.856665,0.201946,0,0.66528,12.849,1,1.11648,0.36288,0,61.0539,3.71622,56.584,0.84672,12.849,0.84672,3695.15,0,36.966,0.340365,1.34212,2.01654,8.71274,1.13217,10.5989,0.42336,36.966,0.42336,423.524,0,1.02816,0,0,2.37028,1.34212,1.028160,1,0,67.1829,0,0,0,67.1829,0
29.8502,2.1245,0,0,6.55585,0.190471,0.36288,3.6288,51.7972,0.47233,0,0,1.04027,0.166907,0,0.66528,12.849,1,1.05104,0.36288,0,87.0696,3.30372,83.0777,0.84672,12.849,0.84672,3695.15,0,36.966,0.339717,1.7192,2.01669,12.6326,1.02032,15.0085,0.42336,36.966,0.42336,423.524,0,1.02816,0,0,2.74736,1.7192,1.028160,1,0,98.0862,0,0,0,98.0862,0
36.8898,2.28967,0,0,9.86869,0.176605,0.36288,3.6288,52.9863,0.508665,0,0,1.93418,0.236489,0,0.66528,12.849,1,0.985585,0.36288,0,137.933,4.33419,132.976,0.84672,12.849,0.84672,3695.15,0,36.966,0.363018,2.74331,2.01684,16.0782,1.18956,19.2857,0.42336,36.966,0.42336,423.524,0,1.02816,0,0,3.77147,2.74331,1.028160,1,0,152.262,0,0,0,152.262,0
39.1274,2.42932,0,0,5.22259,0.192804,0.36288,3.6288,53.67,0.513539,0,0,1.43599,0.23876,0,0.66528,12.849,1,0.846151,0.36288,0,111.815,4.33419,106.997,0.84672,12.849,0.84672,3695.15,0,36.966,0.358271,1.59427,2.0816,12.7122,1.18956,14.8402,0.42336,36.966,0.42336,423.524,0,1.02816,0,0,2.62243,1.59427,1.028160,1,0,121.837,0,0,0,121.837,0
42.6845,2.46591,0,0,6.5839,0.197921,0.36288,3.6288,54.6947,0.516316,0,0,1.78114,0.240066,0,0.66528,12.849,1,0.809778,0.36288,0,108.564,4.33419,103.783,0.84672,12.849,0.84672,3695.15,0,36.966,0.355621,1.85972,2.08174,15.55,1.18956,17.9463,0.42336,36.966,0.42336,423.524,0,1.02816,0,0,2.88788,1.85972,1.028160,1,0,121.729,0,0,0,121.729,0
45.2676,2.51795,0,0,5.69059,0.226733,0.36288,3.6288,56.4604,0.520368,0,0,2.50993,0.223919,0,0.66528,12.849,1,0.757959,0.36288,0,179.099,4.25331,174.45,0.84672,12.849,0.84672,3695.15,0,36.966,0.351696,1.79124,2.08188,11.9914,1.25409,14.2587,0.42336,36.966,0.42336,423.524,0,1.02816,0,0,2.8194,1.79124,1.028160,1,0,188.709,0,0,0,188.709,0
45.5334,2.80071,0,0,3.67019,0.240752,0.36288,3.6288,56.7557,0.679023,0,0,1.19373,0.219345,0,0.66528,12.849,1,0.794968,0.36288,0,82.7131,3.7754,78.5056,0.84672,12.849,0.84672,3695.15,0,36.966,0.444573,0.503194,2.08202,6.65951,1.03884,7.76131,0.42336,36.966,0.42336,423.524,0,1.0002,0,0,1.50339,0.503194,1.028160,1,0,86.2669,0,0,0,86.2669,0
45.9654,2.80451,0,0,3.8479,0.248499,0.36288,3.6288,57.2465,0.663575,0,0,1.38898,0.234609,0,0.66528,12.849,1,0.791401,0.36288,0,93.4235,3.71816,89.2768,0.84672,12.849,0.84672,3695.15,0,36.966,0.432198,0.738858,2.31467,7.17392,1.01717,8.77808,0.42336,36.966,0.42336,423.524,0,1.02816,0,0,1.76702,0.738858,1.028160,1,0,98.0549,0,0,0,98.0549,0
47.8936,2.81051,0,0,5.35127,0.249703,0.36288,3.6288,58.4379,0.66528,0,0,2.09204,0.235358,0,0.66528,12.849,1,0.78564,0.36288,0,101.536,3.71816,97.3955,0.84672,12.849,0.84672,3695.15,0,36.966,0.430635,2.28816,2.31483,7.13439,1.01717,10.2896,0.42336,36.966,0.42336,423.524,0,1.02816,0,0,3.31632,2.28816,1.028160,1,0,107.685,0,0,0,107.685,0
47.866,2.83564,0,0,3.42596,0.255076,0.36288,3.6288,58.5878,0.66528,0,0,1.05233,0.237178,0,0.66528,12.849,1,0.760752,0.36288,0,69.3697,3.71816,65.2537,0.84672,12.849,0.84672,3695.15,0,36.966,0.430777,0.934667,2.31498,5.44469,1.01717,7.24639,0.42336,36.966,0.42336,423.524,0,1.02816,0,0,1.96283,0.934667,1.028160,1,0,72.5001,0,0,0,72.5001,0
49.0486,2.47607,0,0,4.27041,0.248788,0.36288,3.6288,60.0505,0.488218,0,0,2.16385,0.212973,0,0.66528,12.849,1,0.664669,0.36288,0,91.9734,3.59791,88.0737,0.84672,12.849,0.84672,3695.15,0,36.966,0.308041,2.2456,2.31513,9.66136,0.926157,12.9879,0.42336,36.966,0.42336,423.524,0,1.02816,0,0,3.27376,2.2456,1.028160,1,0,101.062,0,0,0,101.062,0
50.5342,2.48893,0,0,4.58466,0.247285,0.36288,3.6288,61.308,0.492937,0,0,2.18779,0.196479,0.240842,0.66528,12.849,1,0.652012,0.36288,0,103.666,3.50774,99.8693,0.84672,12.849,0.84672,3695.15,0,36.966,0.303443,2.52037,1.99812,8.72217,0.857898,12.0793,0.42336,36.966,0.42336,423.524,0,1.02816,0,0,3.54853,2.52037,1.028160,1,0,112.189,0,0,0,112.189,0
51.4108,2.50438,0,0,3.99507,0.251221,0.36288,3.6288,61.308,0.496896,0,0,2.33451,0.198054,1.63956,0.66528,12.849,1,0.636773,0.36288,0,91.7257,3.50774,87.9441,0.84672,12.849,0.84672,3695.15,0,36.966,0.299606,2.27496,1.99825,7.51004,0.857898,10.6258,0.42336,36.966,0.42336,423.524,0,1.02816,0,0,3.30312,2.27496,1.028160,1,0,100.209,0,0,0,100.209,0
54.9789,2.51324,0,0,6.69717,0.252968,0.36288,3.6288,61.308,0.496972,0,0,3.37929,0.192327,2.69,0.66528,12.849,1,0.628129,0.36288,0,186.549,3.41808,182.865,0.84672,12.849,0.84672,3695.15,0,36.966,0.299652,4.84331,1.99839,12.4363,0.842543,18.1358,0.42336,36.966,0.42336,423.524,0,1.02816,0,0,5.87147,4.84331,1.028160,1,0,203.691,0,0,0,203.691,0
58.5513,2.54645,0,0,6.74183,0.260115,0.36288,3.6288,61.308,0.497048,0,0,3.00813,0.157249,2.35383,0.66528,12.849,1,0.595126,0.36288,0,172.898,2.96332,169.703,0.84672,12.849,0.84672,3695.15,0,36.966,0.299698,3.88797,1.99852,13.3758,0.750611,18.2119,0.42336,36.966,0.42336,423.524,0,1.02816,0,0,4.91613,3.88797,1.028160,1,0,190.269,0,0,0,190.269,0
63.3515,2.67053,0,0,8.11106,0.277395,0.36288,3.6288,61.308,0.542915,0,0,2.47773,0.152956,1.78186,0.66528,12.849,1,0.586046,0.36288,0,116.499,3.46237,112.814,0.84672,12.849,0.84672,3695.15,0,36.966,0.327354,2.31015,1.99865,12.4929,0.751798,15.7226,0.42336,36.966,0.42336,423.524,0,1.02816,0,0,3.33831,2.31015,1.028160,1,0,130.318,0,0,0,130.318,0
67.0395,2.70763,0,0,7.04783,0.289288,0.36288,3.6288,61.308,0.542994,0,0,3.09997,0.152956,2.40402,0.66528,12.849,1,0.549164,0.36288,0,128.479,3.46237,124.831,0.84672,12.849,0.84672,3695.15,0,36.966,0.327401,3.46118,2.07701,18.0895,0.751798,22.5485,0.42336,36.966,0.42336,423.524,0,1.02816,0,0,4.48934,3.46118,1.028160,1,0,149.783,0,0,0,149.783,0
69.1421,2.73317,0,0,5.49654,0.297972,0.36288,3.6288,61.308,0.543073,0,0,2.45458,0.152956,1.75855,0.66528,12.849,1,0.523847,0.36288,0,147.259,3.46237,143.636,0.84672,12.849,0.84672,3695.15,0,36.966,0.327449,3.50959,2.07715,12.4113,0.751798,16.9188,0.42336,36.966,0.42336,423.524,0,1.02816,0,0,4.53775,3.50959,1.028160,1,0,162.313,0,0,0,162.313,0
70.1325,2.74678,0,0,4.36543,0.26532,0.36288,3.6288,61.308,0.543152,0,0,1.77297,0.11739,1.11243,0.66528,12.849,1,0.510448,0.36288,0,103.369,2.20635,101.015,0.84672,12.849,0.84672,3695.15,0,36.966,0.327497,2.36775,2.07729,9.86584,0.611728,13.3717,0.42336,36.966,0.42336,423.524,0,1.02816,0,0,3.39591,2.36775,1.028160,1,0,115.499,0,0,0,115.499,0
70.2151,2.71512,0,0,3.41013,0.249504,0.36288,3.6288,61.308,0.525442,0,0,1.22542,0.188955,0.511022,0.66528,12.849,1,0.497438,0.36288,0,60.488,3.86151,56.492,0.84672,12.849,0.84672,3695.15,0,36.966,0.316818,0.844448,2.07743,6.70445,0.982861,8.32664,0.42336,36.966,0.42336,423.524,0,1.02816,0,0,1.87261,0.844448,1.028160,1,0,65.3296,0,0,0,65.3296,0
69.9272,2.71579,0,0,2.98045,0.189673,0.36288,3.6288,61.308,0.52552,0,0,1.06837,0.223179,0.319672,0.66528,12.849,1,0.496976,0.36288,0,50.3296,4.30028,45.8953,0.84672,12.849,0.84672,3695.15,0,36.966,0.316865,0.626167,2.04712,5.93324,1.03108,7.25858,0.42336,36.966,0.42336,423.524,0,1.02816,0,0,1.65433,0.626167,1.028160,1,0,53.4735,0,0,0,53.4735,0
69.573,2.71425,0,0,2.91219,0.189252,0.36288,3.6288,61.308,0.525598,0,0,1.19906,0.223179,0.450283,0.66528,12.849,1,0.498738,0.36288,0,48.8633,4.30028,44.4271,0.84672,12.849,0.84672,3695.15,0,36.966,0.316912,0.860337,2.04726,7.06319,1.03108,8.62279,0.42336,36.966,0.42336,423.524,0,1.02816,0,0,1.8885,0.860337,1.028160,1,0,53.5002,0,0,0,53.5002,0
69.2015,2.71228,0,0,2.89231,0.188735,0.36288,3.6288,61.308,0.525676,0,0,1.19307,0.223179,0.444217,0.66528,12.849,1,0.500914,0.36288,0,47.8704,4.30028,43.4321,0.84672,12.849,0.84672,3695.15,0,36.966,0.316959,0.586976,2.04739,6.00599,1.03108,7.29232,0.42336,36.966,0.42336,423.524,0,1.02816,0,0,1.61514,0.586976,1.028160,1,0,51.1687,0,0,0,51.1687,0
68.4108,2.83876,0,0,2.57939,0.168401,0.36288,3.6288,61.308,0.588857,0,0,0.920393,0.213633,0.117903,0.66528,12.849,1,0.527088,0.36288,0,43.8159,4.18897,39.4628,0.84672,12.849,0.84672,3695.15,0,36.966,0.355055,0.445038,2.04753,5.11079,1.05902,6.18929,0.42336,36.966,0.42336,423.524,0,1.02816,0,0,1.4732,0.445038,1.028160,1,0,45.77,0,0,0,45.77,0
67.4855,2.83382,0,0,2.43119,0.159814,0.36288,3.6288,61.2469,0.698255,0,0,0.855965,0.218853,0,0.66528,12.849,1,0.532252,0.36288,0,42.9217,4.56661,38.1857,0.84672,12.849,0.84672,3695.15,0,36.966,0.421017,0.402797,2.15438,4.20133,1.09058,5.24691,0.42336,36.966,0.42336,423.524,0,0.852932,0,0,1.25573,0.402797,1.028160,1,0,43.4326,0,0,0,43.4326,0
66.3273,2.82788,0,0,2.13895,0.106422,0.36288,3.6288,61.061,0.697897,0,0,0.729346,0.217299,0,0.66528,12.849,1,0.538418,0.36288,0,37.068,4.53379,32.3587,0.84672,12.849,0.84672,3695.15,0,36.966,0.421221,0.402797,2.15453,3.8658,1.03874,4.96316,0.42336,36.966,0.42336,423.524,0,0.853217,0,0,1.25601,0.402797,1.028160,1,0,37.3219,0,0,0,37.3219,0
65.1149,2.82019,0,0,2.07617,0.105452,0.36288,3.6288,60.9756,0.642867,0,0,0.77455,0.217044,0,0.66528,12.849,1,0.546331,0.36288,0,35.3313,4.53379,30.614,0.84672,12.849,0.84672,3695.15,0,36.966,0.389188,0.30119,2.15467,4.11242,1.03874,5.14035,0.42336,36.966,0.42336,423.524,0,0.940412,0,0,1.2416,0.30119,1.028160,1,0,35.7544,0,0,0,35.7544,0
63.8462,2.81188,0,0,2.01058,0.104512,0.36288,3.6288,60.7973,0.696674,0,0,0.742133,0.223776,0,0.66528,12.849,1,0.554863,0.36288,0,33.8926,4.63809,29.0626,0.84672,12.849,0.84672,3695.15,0,36.966,0.422353,0.30119,2.15481,3.77079,1.056,4.74845,0.42336,36.966,0.42336,423.524,0,0.853572,0,0,1.15476,0.30119,1.028160,1,0,33.811,0,0,0,33.811,0
62.7105,2.77779,0,0,2.10487,0.0999382,0.36288,3.6288,60.3137,0.842959,0,0,0.629732,0.270445,0,0.66528,12.849,1,0.559028,0.36288,0,36.096,5.27019,30.6297,0.84672,12.849,0.84672,3695.15,0,36.966,0.512536,0.30119,2.15496,3.21804,1.17904,3.98261,0.42336,36.966,0.42336,423.524,0,0.672849,0,0,0.974039,0.30119,1.028160,1,0,34.6123,0,0,0,34.6123,0
61.4912,2.76957,0,0,1.98864,0.0754737,0.36288,3.6288,59.7411,0.860674,0,0,0.592844,0.304761,0,0.66528,12.849,1,0.567468,0.36288,0,34.3319,5.30817,28.8191,0.84672,12.849,0.84672,3695.15,0,36.966,0.527503,0.30119,2.19242,3.29435,1.29621,3.96425,0.42336,36.966,0.42336,423.524,0,0.640302,0,0,0.941492,0.30119,1.028160,1,0,32.7834,0,0,0,32.7834,0
60.1854,2.76045,0,0,1.89226,0.0747208,0.36288,3.6288,59.1349,0.854047,0,0,0.551491,0.303651,0,0.66528,12.849,1,0.576814,0.36288,0,31.1215,5.30817,25.5994,0.84672,12.849,0.84672,3695.15,0,36.966,0.528459,0.261274,2.19256,3.13681,1.29621,3.76598,0.42336,36.966,0.42336,423.524,0,0.646108,0,0,0.907381,0.261274,1.028160,1,0,29.3654,0,0,0,29.3654,0
58.7449,2.75032,0,0,1.74663,0.0739034,0.36288,3.6288,58.447,0.878592,0,0,0.493179,0.302476,0,0.66528,12.849,1,0.587166,0.36288,0,29.4501,5.30817,23.9177,0.84672,12.849,0.84672,3695.15,0,36.966,0.54922,0.261274,2.19271,2.93408,1.29621,3.54264,0.42336,36.966,0.42336,423.524,0,0.600938,0,0,0.862212,0.261274,1.028160,1,0,27.4603,0,0,0,27.4603,0
56.9995,2.8026,0,0,1.48443,0.0643646,0.36288,3.6288,57.6415,0.975825,0,0,0.490244,0.319929,0,0.66528,12.849,1,0.613,0.36288,0,23.2808,5.88394,17.1468,0.84672,12.849,0.84672,3695.15,0,36.966,0.617181,0.261274,2.19286,2.25892,1.44605,2.64982,0.42336,36.966,0.42336,423.524,0,0.485456,0,0,0.746729,0.261274,1.028160,1,0,19.7966,0,0,0,19.7966,0
55.2449,2.78747,0,0,1.45567,0.0599257,0.36288,3.6288,56.9368,0.905949,0,0,0.526998,0.325745,0,0.66528,12.849,1,0.62836,0.36288,0,29.399,6.11425,23.0192,0.84672,12.849,0.84672,3695.15,0,36.966,0.580993,0.261274,2.2459,2.29081,1.50599,2.71101,0.42336,36.966,0.42336,423.524,0,0.591659,0,0,0.852932,0.261274,1.028160,1,0,25.7303,0,0,0,25.7303,0
53.4093,2.77146,0,0,1.35761,0.0588905,0.36288,3.6288,56.1709,0.908337,0,0,0.466782,0.324259,0,0.66528,12.849,1,0.644594,0.36288,0,23.2573,6.11425,16.8614,0.84672,12.849,0.84672,3695.15,0,36.966,0.589734,0.261274,2.24605,2.09098,1.50599,2.50259,0.42336,36.966,0.42336,423.524,0,0.580668,0,0,0.841942,0.261274,1.028160,1,0,19.3639,0,0,0,19.3639,0
51.4697,2.75379,0,0,1.23489,0.0578074,0.36288,3.6288,55.3241,0.962609,0,0,0.438453,0.322645,0,0.66528,12.849,1,0.662496,0.36288,0,21.3859,6.11425,14.972,0.84672,12.849,0.84672,3695.15,0,36.966,0.633491,0.227405,2.2462,1.9137,1.50599,2.24783,0.42336,36.966,0.42336,423.524,0,0.482777,0,0,0.710182,0.227405,1.028160,1,0,17.2199,0,0,0,17.2199,0
49.4782,2.91659,0,0,1.33045,0.0424966,0.36288,3.6288,54.5532,0.950856,0,0,0.502648,0.322721,0,0.66528,12.849,1,0.728102,0.36288,0,22.2893,6.37651,15.5476,0.84672,12.849,0.84672,3695.15,0,36.966,0.635335,0.227405,2.24635,2.62856,1.56896,2.89803,0.42336,36.966,0.42336,423.524,0,0.67182,0,0,0.899225,0.227405,1.028160,1,0,18.4456,0,0,0,18.4456,0
47.5998,2.89351,0,0,1.41291,0.0349,0.36288,3.6288,53.8464,0.943292,0,0,0.54481,0.30836,0,0.66528,12.849,1,0.751417,0.36288,0,28.718,6.50874,21.8207,0.84672,12.849,0.84672,3695.15,0,36.966,0.639188,0.227405,2.42755,2.81235,1.62181,3.20631,0.42336,36.966,0.42336,423.524,0,0.675683,0,0,0.903087,0.227405,1.028160,1,0,25.027,0,0,0,25.027,0
45.4486,2.87036,0,0,1.11624,0.034196,0.36288,3.6288,52.8469,1.09027,0,0,0.397687,0.30692,0,0.66528,12.849,1,0.774819,0.36288,0,29.6362,6.50874,22.7155,0.84672,12.849,0.84672,3695.15,0,36.966,0.748477,0.227405,2.42772,2.22842,1.62181,2.51325,0.42336,36.966,0.42336,423.524,0,0.41957,0,0,0.646975,0.227405,1.028160,1,0,25.2287,0,0,0,25.2287,0
43.5929,2.84196,0,0,1.38248,0.0333897,0.36288,3.6288,52.4601,0.743911,0,0,0.661623,0.304489,0,0.66528,12.849,1,0.803463,0.36288,0,26.2643,6.50874,19.315,0.84672,12.849,0.84672,3695.15,0,36.966,0.565024,0.204422,2.42788,3.34866,1.62181,3.79412,0.42336,36.966,0.42336,423.524,0,0.949529,0,0,1.15395,0.204422,1.028160,1,0,23.1091,0,0,0,23.1091,0
41.4748,2.81573,0,0,1.09811,0.037538,0.36288,3.6288,51.6649,0.982059,0,0,0.457962,0.27106,0,0.66528,12.849,1,0.829936,0.36288,0,21.2087,5.58452,15.1571,0.84672,12.849,0.84672,3695.15,0,36.966,0.692008,0.204422,2.42804,3.27767,1.26204,3.95608,0.42336,36.966,0.42336,423.524,0,0.584548,0,0,0.78897,0.204422,1.028160,1,0,19.1132,0,0,0,19.1132,0
39.8069,2.69862,0,0,1.42038,0.0268317,0.36288,3.6288,51.6429,0.653996,0,0,0.913302,0.281301,0,0.66528,12.849,1,0.83604,0.36288,0,22.3074,5.44037,16.3939,0.84672,12.849,0.84672,3695.15,0,36.966,0.467931,0.896072,2.4282,6.2955,1.38516,7.76668,0.42336,36.966,0.42336,423.524,0,1.02816,0,0,1.92423,0.896072,1.028160,1,0,24.1606,0,0,0,24.1606,0
37.9497,2.67232,0,0,1.20436,0.026306,0.36288,3.6288,51.0779,0.7796,0,0,0.495844,0.281251,0,0.66528,12.849,1,0.862581,0.36288,0,22.2763,5.44037,16.3362,0.84672,12.849,0.84672,3695.15,0,36.966,0.558037,0.204422,2.32355,4.6565,1.38516,5.24128,0.42336,36.966,0.42336,423.524,0,0.812592,0,0,1.01701,0.204422,1.028160,1,0,21.5775,0,0,0,21.5775,0
36.3078,2.64096,0,0,1.41577,0.0538129,0.36288,3.6288,50.5618,0.768203,0,0,0.503772,0.251709,0,0.66528,12.849,1,0.894175,0.36288,0,22.4388,5.02511,16.8824,0.84672,12.849,0.84672,3695.15,0,36.966,0.555962,0.216518,2.32371,4.86285,1.25537,5.59175,0.42336,36.966,0.42336,423.524,0,0.826209,0,0,1.04273,0.216518,1.028160,1,0,22.4741,0,0,0,22.4741,0
37.2009,2.61127,0,0,3.98878,0.121596,0.36288,3.6288,50.9561,0.648347,0,0,1.22296,0.180306,0,0.66528,12.849,1,0.924103,0.36288,0,71.6951,3.98695,67.1469,0.84672,12.849,0.84672,3695.15,0,36.966,0.47401,0.682785,2.32386,12.9434,0.930877,14.5452,0.42336,36.966,0.42336,423.524,0,1.02816,0,0,1.71094,0.682785,1.028160,1,0,81.6921,0,0,0,81.6921,0
37.0346,2.56005,0,0,2.86012,0.103466,0.36288,3.6288,51.2409,0.593208,0,0,1.08855,0.210507,0,0.66528,12.849,1,0.884228,0.36288,0,59.0331,4.66526,53.8465,0.84672,12.849,0.84672,3695.15,0,36.966,0.430341,0.820644,2.32402,9.46597,1.0485,11.1318,0.42336,36.966,0.42336,423.524,0,1.02816,0,0,1.8488,0.820644,1.028160,1,0,64.9782,0,0,0,64.9782,0
37.8594,2.55727,0,0,3.88549,0.140492,0.36288,3.6288,51.8685,0.594677,0,0,1.38904,0.166784,0,0.66528,12.849,1,0.887234,0.36288,0,87.8628,4.17595,83.1624,0.84672,12.849,0.84672,3695.15,0,36.966,0.429009,1.17513,2.23061,11.1326,1.04506,13.0642,0.42336,36.966,0.42336,423.524,0,1.02816,0,0,2.20329,1.17513,1.028160,1,0,96.2267,0,0,0,96.2267,0
38.4933,2.57187,0,0,3.73138,0.162774,0.36288,3.6288,52.2067,0.597787,0,0,1.07683,0.140907,0,0.66528,12.849,1,0.87286,0.36288,0,85.5256,3.77674,81.2389,0.84672,12.849,0.84672,3695.15,0,36.966,0.426035,1.71068,2.23076,13.3717,1.00839,15.8787,0.42336,36.966,0.42336,423.524,0,1.02816,0,0,2.73884,1.71068,1.028160,1,0,97.1176,0,0,0,97.1176,0
41.1626,2.58282,0,0,5.77903,0.163984,0.36288,3.6288,53.0448,0.599483,0,0,1.57887,0.141292,0,0.66528,12.849,1,0.862142,0.36288,0,140.568,3.77674,136.292,0.84672,12.849,0.84672,3695.15,0,36.966,0.424476,2.54206,2.23091,17.457,1.00839,20.7971,0.42336,36.966,0.42336,423.524,0,1.02816,0,0,3.57022,2.54206,1.028160,1,0,157.09,0,0,0,157.09,0
43.7111,2.42787,0,0,5.52029,0.181134,0.36288,3.6288,54.4207,0.482033,0,0,2.01903,0.161,0,0.66528,12.849,1,0.757864,0.36288,0,133.634,3.94052,129.299,0.84672,12.849,0.84672,3695.15,0,36.966,0.335921,3.83454,2.23105,16.9477,1.03395,21.6434,0.42336,36.966,0.42336,423.524,0,1.02816,0,0,4.8627,3.83454,1.028160,1,0,150.942,0,0,0,150.942,0
45.7171,2.46218,0,0,5.04846,0.217321,0.36288,3.6288,55.8461,0.487165,0,0,2.12252,0.210014,0,0.66528,12.849,1,0.723765,0.36288,0,118.767,4.34994,114.056,0.84672,12.849,0.84672,3695.15,0,36.966,0.330913,5.10178,2.02331,12.0436,1.09784,17.7399,0.42336,36.966,0.42336,423.524,0,1.02816,0,0,6.12994,5.10178,1.028160,1,0,131.796,0,0,0,131.796,0
51.1456,2.48714,0,0,8.50079,0.222311,0.36288,3.6288,58.0742,0.492321,0,0,2.93241,0.211992,0,0.66528,12.849,1,0.699021,0.36288,0,187.923,4.34994,183.237,0.84672,12.849,0.84672,3695.15,0,36.966,0.32588,5.66514,2.02345,12.6795,1.09784,18.9443,0.42336,36.966,0.42336,423.524,0,1.02816,0,0,6.6933,5.66514,1.028160,1,0,202.181,0,0,0,202.181,0
63.4571,2.5466,0,0,15.4508,0.229881,0.36288,3.6288,61.308,0.500036,0,0,18.5314,0.24258,14.555,0.66528,12.849,1,0.639768,0.36288,0,512.679,4.4535,507.949,0.84672,12.849,0.84672,3695.15,0,36.966,0.318288,9.40308,2.02358,33.7275,1.17775,43.6582,0.42336,36.966,0.42336,423.524,0,1.02816,0,0,10.4312,9.40308,1.028160,1,0,566.162,0,0,0,566.162,0
69.7998,2.65,0,0,9.60129,0.245678,0.36288,3.6288,61.308,0.510586,0,0,12.0893,0.22225,11.3564,0.66528,12.849,1,0.536581,0.36288,0,261.859,3.94459,257.741,0.84672,12.849,0.84672,3695.15,0,36.966,0.307861,3.9801,2.02372,21.7561,1.02055,26.4315,0.42336,36.966,0.42336,423.524,0,1.02816,0,0,5.00826,3.9801,1.028160,1,0,295.529,0,0,0,295.529,0
68.8963,2.77566,0,0,2.52956,0.294509,0.36288,3.6288,61.308,0.547911,0,0,1.64108,0.233048,0.860123,0.66528,12.849,1,0.510954,0.36288,0,76.8256,4.18539,72.4921,0.84672,12.849,0.84672,3695.15,0,36.966,0.330366,1.90989,2.02385,11.1467,1.15764,13.5925,0.42336,36.966,0.42336,423.524,0,1.02816,0,0,2.93805,1.90989,1.028160,1,0,86.9447,0,0,0,86.9447,0
68.219,2.77018,0,0,2.72266,0.26685,0.36288,3.6288,61.308,0.547981,0,0,1.53684,0.179881,0.808978,0.66528,12.849,1,0.516632,0.36288,0,75.4567,3.03587,72.2671,0.84672,12.849,0.84672,3695.15,0,36.966,0.330408,1.20882,2.08882,9.71188,0.867,11.8121,0.42336,36.966,0.42336,423.524,0,1.02816,0,0,2.23698,1.20882,1.028160,1,0,84.8882,0,0,0,84.8882,0
67.2297,2.76603,0,0,2.40504,0.265442,0.36288,3.6288,61.308,0.548052,0,0,1.2919,0.179881,0.563964,0.66528,12.849,1,0.520979,0.36288,0,105.321,3.03587,102.127,0.84672,12.849,0.84672,3695.15,0,36.966,0.330451,0.841968,2.08895,8.77919,0.867,10.5127,0.42336,36.966,0.42336,423.524,0,1.02816,0,0,1.87013,0.841968,1.028160,1,0,113.203,0,0,0,113.203,0
65.9575,2.75976,0,0,2.11377,0.263386,0.36288,3.6288,61.308,0.548122,0,0,1.13294,0.179881,0.404934,0.66528,12.849,1,0.527447,0.36288,0,56.7073,3.03587,53.5068,0.84672,12.849,0.84672,3695.15,0,36.966,0.330493,0.5947,2.08907,7.07417,0.867,8.56045,0.42336,36.966,0.42336,423.524,0,1.02816,0,0,1.62286,0.5947,1.028160,1,0,62.4722,0,0,0,62.4722,0
64.3029,3.01977,0,0,1.99001,0.261921,0.36288,3.6288,61.308,0.667302,0,0,1.00495,0.174707,0.162944,0.66528,12.849,1,0.588273,0.36288,0,68.836,2.92008,65.6905,0.84672,12.849,0.84672,3695.15,0,36.966,0.437658,0.503194,2.0892,7.21189,0.850488,8.51613,0.42336,36.966,0.42336,423.524,0,1.02614,0,0,1.52933,0.503194,1.028160,1,0,74.3696,0,0,0,74.3696,0
63.1868,3.00733,0,0,2.51413,0.260019,0.36288,3.6288,61.308,0.66528,0,0,0.980891,0.167808,0.147802,0.66528,12.849,1,0.600925,0.36288,0,95.8539,2.7657,92.8501,0.84672,12.849,0.84672,3695.15,0,36.966,0.437784,0.871033,2.32263,6.87325,0.828473,8.80066,0.42336,36.966,0.42336,423.524,0,1.02816,0,0,1.89919,0.871033,1.028160,1,0,101.799,0,0,0,101.799,0
62.2086,2.99869,0,0,2.64099,0.257675,0.36288,3.6288,61.308,0.66528,0,0,0.929128,0.167808,0.0960399,0.66528,12.849,1,0.609782,0.36288,0,91.3542,2.7657,88.3416,0.84672,12.849,0.84672,3695.15,0,36.966,0.43791,0.68021,2.32277,5.30357,0.828473,7.04017,0.42336,36.966,0.42336,423.524,0,1.02816,0,0,1.70837,0.68021,1.028160,1,0,95.4778,0,0,0,95.4778,0
60.8171,2.99092,0,0,2.21079,0.248425,0.36288,3.6288,61.308,0.66528,0,0,1.05468,0.184407,0.204998,0.66528,12.849,1,0.617766,0.36288,0,83.4356,3.15882,80.0219,0.84672,12.849,0.84672,3695.15,0,36.966,0.438037,0.802941,2.32291,6.02802,0.95146,7.76437,0.42336,36.966,0.42336,423.524,0,1.02816,0,0,1.8311,0.802941,1.028160,1,0,87.9913,0,0,0,87.9913,0
60.3635,2.60177,0,0,2.76882,0.257827,0.36288,3.6288,61.308,0.500625,0,0,1.06904,0.181589,0.386821,0.66528,12.849,1,0.549682,0.36288,0,101.11,3.52149,97.4013,0.84672,12.849,0.84672,3695.15,0,36.966,0.301855,0.936058,2.32305,6.61917,1.12126,8.45516,0.42336,36.966,0.42336,423.524,0,1.02816,0,0,1.96422,0.936058,1.028160,1,0,106.243,0,0,0,106.243,0
61.5864,2.59851,0,0,4.48112,0.296797,0.36288,3.6288,61.308,0.500693,0,0,1.26837,0.17377,0.593907,0.66528,12.849,1,0.553121,0.36288,0,133.509,2.71383,130.605,0.84672,12.849,0.84672,3695.15,0,36.966,0.301896,2.14662,2.00493,6.48689,0.867489,9.46905,0.42336,36.966,0.42336,423.524,0,1.02816,0,0,3.17478,2.14662,1.028160,1,0,140.668,0,0,0,140.668,0
62.3117,2.60776,0,0,3.99572,0.299825,0.36288,3.6288,61.308,0.500761,0,0,1.06747,0.17377,0.392942,0.66528,12.849,1,0.544066,0.36288,0,131.287,2.71383,128.392,0.84672,12.849,0.84672,3695.15,0,36.966,0.301936,0.93776,2.00505,6.75155,0.867489,8.52494,0.42336,36.966,0.42336,423.524,0,1.02816,0,0,1.96592,0.93776,1.028160,1,0,137.31,0,0,0,137.31,0
62.7853,2.61316,0,0,3.72113,0.271477,0.36288,3.6288,61.308,0.500828,0,0,1.08409,0.180162,0.403096,0.66528,12.849,1,0.538848,0.36288,0,145.256,3.08322,141.996,0.84672,12.849,0.84672,3695.15,0,36.966,0.301977,1.8481,2.00517,5.64271,0.968744,8.22527,0.42336,36.966,0.42336,423.524,0,1.02816,0,0,2.87626,1.8481,1.028160,1,0,150.625,0,0,0,150.625,0
63.9261,2.61669,0,0,4.3983,0.277852,0.36288,3.6288,61.308,0.500896,0,0,1.28726,0.189806,0.596563,0.66528,12.849,1,0.535505,0.36288,0,110.461,3.94365,106.344,0.84672,12.849,0.84672,3695.15,0,36.966,0.302018,1.76632,2.00529,6.23565,1.05686,8.64838,0.42336,36.966,0.42336,423.524,0,1.02816,0,0,2.79448,1.76632,1.028160,1,0,115.589,0,0,0,115.589,0
65.3149,2.72071,0,0,4.79633,0.323938,0.36288,3.6288,61.308,0.546909,0,0,1.42281,0.17912,0.69678,0.66528,12.849,1,0.546856,0.36288,0,198.166,3.80635,194.176,0.84672,12.849,0.84672,3695.15,0,36.966,0.329762,3.73181,2.00541,9.68864,0.986386,14.1097,0.42336,36.966,0.42336,423.524,0,1.02816,0,0,4.75997,3.73181,1.028160,1,0,208.982,0,0,0,208.982,0
65.7694,2.73059,0,0,3.8755,0.327583,0.36288,3.6288,61.308,0.54698,0,0,1.04153,0.17912,0.315426,0.66528,12.849,1,0.537171,0.36288,0,164.697,3.80635,160.717,0.84672,12.849,0.84672,3695.15,0,36.966,0.329804,2.68924,2.08401,7.80071,0.986386,11.2578,0.42336,36.966,0.42336,423.524,0,1.02816,0,0,3.7174,2.68924,1.028160,1,0,172.29,0,0,0,172.29,0
65.6683,2.73385,0,0,3.24575,0.250136,0.36288,3.6288,61.308,0.54705,0,0,0.945432,0.2031,0.195282,0.66528,12.849,1,0.534098,0.36288,0,148.783,3.83148,144.78,0.84672,12.849,0.84672,3695.15,0,36.966,0.329847,2.09409,2.08414,6.83968,1.01905,9.66901,0.42336,36.966,0.42336,423.524,0,1.02816,0,0,3.12225,2.09409,1.028160,1,0,154.644,0,0,0,154.644,0
65.3628,2.73333,0,0,3.00922,0.218503,0.36288,3.6288,61.308,0.54712,0,0,0.892089,0.212692,0.132277,0.66528,12.849,1,0.534817,0.36288,0,133.918,3.84153,129.905,0.84672,12.849,0.84672,3695.15,0,36.966,0.329889,1.95839,2.08426,7.0778,1.03211,9.75845,0.42336,36.966,0.42336,423.524,0,1.02816,0,0,2.98655,1.95839,1.028160,1,0,139.796,0,0,0,139.796,0
64.7149,2.69375,0,0,2.62596,0.217251,0.36288,3.6288,61.308,0.529342,0,0,0.917335,0.222562,0.165431,0.66528,12.849,1,0.529538,0.36288,0,97.2441,3.65021,93.4272,0.84672,12.849,0.84672,3695.15,0,36.966,0.31917,1.43843,2.08438,4.87402,1.05624,7.02143,0.42336,36.966,0.42336,423.524,0,1.02816,0,0,2.46659,1.43843,1.028160,1,0,100.614,0,0,0,100.614,0
63.7922,2.68949,0,0,2.34549,0.215837,0.36288,3.6288,61.308,0.529411,0,0,1.00601,0.22651,0.250086,0.66528,12.849,1,0.533993,0.36288,0,87.8584,3.57368,84.1136,0.84672,12.849,0.84672,3695.15,0,36.966,0.319212,1.553,2.05396,4.46064,1.06589,6.6825,0.42336,36.966,0.42336,423.524,0,1.02816,0,0,2.58116,1.553,1.028160,1,0,91.0462,0,0,0,91.0462,0
62.9815,2.68322,0,0,2.44971,0.214234,0.36288,3.6288,61.308,0.529481,0,0,0.861728,0.22651,0.105737,0.66528,12.849,1,0.540454,0.36288,0,87.1353,3.57368,83.384,0.84672,12.849,0.84672,3695.15,0,36.966,0.319253,1.11494,2.05408,5.23405,1.06589,7.01794,0.42336,36.966,0.42336,423.524,0,1.02816,0,0,2.1431,1.11494,1.028160,1,0,90.5077,0,0,0,90.5077,0
62.1561,2.6776,0,0,2.39395,0.17891,0.36288,3.6288,61.308,0.52955,0,0,0.840318,0.244313,0.0664543,0.66528,12.849,1,0.546263,0.36288,0,86.6333,4.97723,81.4727,0.84672,12.849,0.84672,3695.15,0,36.966,0.319295,1.21077,2.0542,4.72865,1.12122,6.55312,0.42336,36.966,0.42336,423.524,0,1.02816,0,0,2.23893,1.21077,1.028160,1,0,88.0922,0,0,0,88.0922,0
60.7732,2.79849,0,0,1.92198,0.143498,0.36288,3.6288,61.233,0.592932,0,0,0.784158,0.266252,0,0.66528,12.849,1,0.578508,0.36288,0,58.1606,5.18119,52.7638,0.84672,12.849,0.84672,3695.15,0,36.966,0.357512,0.962332,2.05433,3.97774,1.23376,5.40312,0.42336,36.966,0.42336,423.524,0,1.02816,0,0,1.99049,0.962332,1.028160,1,0,58.1669,0,0,0,58.1669,0
59.1384,2.78779,0,0,1.67704,0.161136,0.36288,3.6288,61.0765,0.592732,0,0,0.71928,0.282973,0,0.66528,12.849,1,0.589409,0.36288,0,63.1005,4.54337,58.3306,0.84672,12.849,0.84672,3695.15,0,36.966,0.357829,0.562861,2.16152,3.48098,1.24658,4.60095,0.42336,36.966,0.42336,423.524,0,1.02816,0,0,1.59102,0.562861,1.028160,1,0,62.9316,0,0,0,62.9316,0
57.4298,2.77457,0,0,1.55523,0.126398,0.36288,3.6288,60.8536,0.610986,0,0,0.66109,0.273039,0,0.66528,12.849,1,0.60283,0.36288,0,60.7803,4.62431,55.9161,0.84672,12.849,0.84672,3695.15,0,36.966,0.369794,0.402797,2.16165,3.24214,1.21777,4.21903,0.42336,36.966,0.42336,423.524,0,0.998058,0,0,1.40086,0.402797,1.028160,1,0,60.1351,0,0,0,60.1351,0
55.6512,2.76007,0,0,1.4687,0.124315,0.36288,3.6288,60.6534,0.59149,0,0,0.663967,0.272654,0,0.66528,12.849,1,0.617522,0.36288,0,52.2807,4.62431,47.4018,0.84672,12.849,0.84672,3695.15,0,36.966,0.359305,0.522279,2.16177,2.94991,1.21777,4.05689,0.42336,36.966,0.42336,423.524,0,1.02816,0,0,1.55044,0.522279,1.028160,1,0,51.4587,0,0,0,51.4587,0
53.831,2.7442,0,0,1.40894,0.122148,0.36288,3.6288,60.4265,0.590826,0,0,0.636215,0.272308,0,0.66528,12.849,1,0.633593,0.36288,0,47.9831,4.62431,43.0881,0.84672,12.849,0.84672,3695.15,0,36.966,0.360086,0.483399,2.1619,2.75271,1.21777,3.82016,0.42336,36.966,0.42336,423.524,0,1.02816,0,0,1.51156,0.483399,1.028160,1,0,46.9082,0,0,0,46.9082,0
52.2126,2.70264,0,0,1.54637,0.0992307,0.36288,3.6288,59.8679,0.788547,0,0,0.516365,0.286406,0,0.66528,12.849,1,0.645098,0.36288,0,40.8716,5.54959,35.0398,0.84672,12.849,0.84672,3695.15,0,36.966,0.482395,0.30119,2.16203,2.43187,1.31084,3.10186,0.42336,36.966,0.42336,423.524,0,0.764044,0,0,1.06523,0.30119,1.028160,1,0,38.1416,0,0,0,38.1416,0
50.5476,2.68676,0,0,1.46097,0.0762983,0.36288,3.6288,59.2258,0.807836,0,0,0.48612,0.320434,0,0.66528,12.849,1,0.661184,0.36288,0,38.8742,5.58757,32.9883,0.84672,12.849,0.84672,3695.15,0,36.966,0.498806,0.30119,2.1996,2.48954,1.42801,3.06351,0.42336,36.966,0.42336,423.524,0,0.728464,0,0,1.02965,0.30119,1.028160,1,0,36.0518,0,0,0,36.0518,0
48.8303,2.66955,0,0,1.39016,0.0749856,0.36288,3.6288,58.5559,0.80299,0,0,0.452212,0.319122,0,0.66528,12.849,1,0.678589,0.36288,0,35.2392,5.58757,29.3359,0.84672,12.849,0.84672,3695.15,0,36.966,0.501189,0.261274,2.19973,2.3705,1.42801,2.9023,0.42336,36.966,0.42336,423.524,0,0.731048,0,0,0.992321,0.261274,1.028160,1,0,32.2382,0,0,0,32.2382,0
47.0262,2.65081,0,0,1.28317,0.0736266,0.36288,3.6288,57.8127,0.829828,0,0,0.404396,0.317752,0,0.66528,12.849,1,0.697523,0.36288,0,33.3466,5.58757,27.4244,0.84672,12.849,0.84672,3695.15,0,36.966,0.523866,0.261274,2.19986,2.21729,1.42801,2.72655,0.42336,36.966,0.42336,423.524,0,0.681653,0,0,0.942926,0.261274,1.028160,1,0,30.1509,0,0,0,30.1509,0
45.1867,2.69133,0,0,1.28015,0.0654078,0.36288,3.6288,57.0562,0.882146,0,0,0.451732,0.326128,0,0.66528,12.849,1,0.735354,0.36288,0,34.7783,5.83574,28.5701,0.84672,12.849,0.84672,3695.15,0,36.966,0.564053,0.261274,2.19999,2.04596,1.45878,2.48439,0.42336,36.966,0.42336,423.524,0,0.639006,0,0,0.900279,0.261274,1.028160,1,0,31.0545,0,0,0,31.0545,0
43.2832,2.66818,0,0,1.18658,0.0590972,0.36288,3.6288,56.2399,0.887272,0,0,0.40298,0.331917,0,0.66528,12.849,1,0.758706,0.36288,0,32.6419,6.02185,26.2242,0.84672,12.849,0.84672,3695.15,0,36.966,0.574853,0.261274,2.25319,1.96657,1.48186,2.42432,0.42336,36.966,0.42336,423.524,0,0.623203,0,0,0.884477,0.261274,1.028160,1,0,28.6486,0,0,0,28.6486,0
41.3302,2.64261,0,0,1.11037,0.0578308,0.36288,3.6288,55.3776,0.905215,0,0,0.373015,0.330157,0,0.66528,12.849,1,0.784482,0.36288,0,29.4674,6.02185,23.024,0.84672,12.849,0.84672,3695.15,0,36.966,0.59499,0.261274,2.25332,1.75514,1.48186,2.19289,0.42336,36.966,0.42336,423.524,0,0.585248,0,0,0.846521,0.261274,1.028160,1,0,25.2168,0,0,0,25.2168,0
39.3157,2.61448,0,0,1.01938,0.0565315,0.36288,3.6288,54.4971,0.921116,0,0,0.368918,0.328298,0,0.66528,12.849,1,0.812808,0.36288,0,26.9368,6.02185,20.465,0.84672,12.849,0.84672,3695.15,0,36.966,0.614869,0.227405,2.25346,1.71659,1.48186,2.10072,0.42336,36.966,0.42336,423.524,0,0.54959,0,0,0.776995,0.227405,1.028160,1,0,22.5657,0,0,0,22.5657,0
37.3908,2.75577,0,0,1.2365,0.0426984,0.36288,3.6288,53.7285,0.89152,0,0,0.442029,0.319102,0,0.66528,12.849,1,0.900631,0.36288,0,27.8846,6.17847,21.1683,0.84672,12.849,0.84672,3695.15,0,36.966,0.604728,0.227405,2.25359,2.58739,1.54496,2.91869,0.42336,36.966,0.42336,423.524,0,0.76902,0,0,0.996425,0.227405,1.028160,1,0,24.087,0,0,0,24.087,0
35.4624,2.72143,0,0,1.202,0.0461077,0.36288,3.6288,52.7139,1.08055,0,0,0.361397,0.295409,0,0.66528,12.849,1,0.935192,0.36288,0,23.8752,5.52949,17.7734,0.84672,12.849,0.84672,3695.15,0,36.966,0.743431,0.227405,2.43536,1.98656,1.5459,2.35999,0.42336,36.966,0.42336,423.524,0,0.441426,0,0,0.668831,0.227405,1.028160,1,0,20.1334,0,0,0,20.1334,0
33.7168,2.68426,0,0,1.34312,0.0416578,0.36288,3.6288,51.8909,0.971653,0,0,0.444106,0.295471,0,0.66528,12.849,1,0.972579,0.36288,0,30.3807,5.60427,24.1668,0.84672,12.849,0.84672,3695.15,0,36.966,0.681378,0.227405,2.4355,2.10861,1.56084,2.52929,0.42336,36.966,0.42336,423.524,0,0.612507,0,0,0.839912,0.227405,1.028160,1,0,26.6961,0,0,0,26.6961,0
31.7262,2.64795,0,0,1.0611,0.0407805,0.36288,3.6288,50.8305,1.0911,0,0,0.324175,0.293521,0,0.66528,12.849,1,1.0091,0.36288,0,31.352,5.60427,25.1015,0.84672,12.849,0.84672,3695.15,0,36.966,0.777273,0.204422,2.43565,1.6708,1.56084,1.97275,0.42336,36.966,0.42336,423.524,0,0.397303,0,0,0.601726,0.204422,1.028160,1,0,27.0742,0,0,0,27.0742,0
30.0347,2.60305,0,0,1.31421,0.0397802,0.36288,3.6288,50.27,0.808802,0,0,0.539324,0.291009,0,0.66528,12.849,1,1.05422,0.36288,0,27.7851,5.60427,21.4895,0.84672,12.849,0.84672,3695.15,0,36.966,0.588194,0.204422,2.43579,2.51072,1.56084,3.0019,0.42336,36.966,0.42336,423.524,0,0.86881,0,0,1.07323,0.204422,1.028160,1,0,24.4914,0,0,0,24.4914,0
29.1361,2.48346,0,0,1.98215,0.0344833,0.36288,3.6288,50.1262,0.650449,0,0,0.726215,0.219602,0,0.66528,12.849,1,1.06243,0.36288,0,41.7356,4.70292,36.3331,0.84672,12.849,0.84672,3695.15,0,36.966,0.478307,0.657815,2.43593,3.45476,1.43995,4.63025,0.42336,36.966,0.42336,423.524,0,1.02816,0,0,1.68598,0.657815,1.028160,1,0,40.9634,0,0,0,40.9634,0
28.109,2.46086,0,0,1.83,0.0333393,0.36288,3.6288,49.849,0.729914,0,0,0.660468,0.207677,0,0.66528,12.849,1,1.08524,0.36288,0,44.9884,4.55269,39.7133,0.84672,12.849,0.84672,3695.15,0,36.966,0.538282,0.204422,2.33093,3.15555,1.4198,3.73282,0.42336,36.966,0.42336,423.524,0,0.888849,0,0,1.09327,0.204422,1.028160,1,0,43.4462,0,0,0,43.4462,0
26.8173,2.43379,0,0,1.53787,0.0328752,0.36288,3.6288,49.5787,0.675761,0,0,0.612598,0.207206,0,0.66528,12.849,1,1.11252,0.36288,0,32.2036,4.55269,26.9013,0.84672,12.849,0.84672,3695.15,0,36.966,0.501117,0.216518,2.33107,2.96897,1.4198,3.59564,0.42336,36.966,0.42336,423.524,0,0.980294,0,0,1.19681,0.216518,1.028160,1,0,30.4969,0,0,0,30.4969,0
26.2302,2.39771,0,0,2.25201,0.0784865,0.36288,3.6288,49.3823,0.695512,0,0,0.707158,0.207986,0,0.66528,12.849,1,1.14882,0.36288,0,52.7689,3.90812,48.0748,0.84672,12.849,0.84672,3695.15,0,36.966,0.518576,0.216518,2.33121,3.40795,1.31338,4.12372,0.42336,36.966,0.42336,423.524,0,0.943212,0,0,1.15973,0.216518,1.028160,1,0,52.1986,0,0,0,52.1986,0
25.049,2.31909,0,0,1.57747,0.0767378,0.36288,3.6288,49.3331,0.591191,0,0,0.742872,0.200872,0,0.66528,12.849,1,1.13602,0.36288,0,28.4258,3.73231,23.9203,0.84672,12.849,0.84672,3695.15,0,36.966,0.442546,0.216518,2.33135,3.3364,1.04563,4.39608,0.42336,36.966,0.42336,423.524,0,1.02443,0,0,1.24095,0.216518,1.028160,1,0,28.3164,0,0,0,28.3164,0
23.8743,2.28382,0,0,1.60323,0.131228,0.36288,3.6288,48.7923,0.873005,0,0,0.488114,0.155957,0,0.66528,12.849,1,1.1715,0.36288,0,25.867,4.05953,20.9988,0.84672,12.849,0.84672,3695.15,0,36.966,0.654155,0.216518,2.23763,3.12349,0.913903,4.00958,0.42336,36.966,0.42336,423.524,0,0.531127,0,0,0.747645,0.216518,1.028160,1,0,25.0084,0,0,0,25.0084,0
22.4472,2.24648,0,0,1.33415,0.151889,0.36288,3.6288,47.9994,0.98302,0,0,0.341641,0.151525,0,0.66528,12.849,1,1.20904,0.36288,0,21.0157,4.09847,16.071,0.84672,12.849,0.84672,3695.15,0,36.966,0.744756,0.216518,2.23776,2.6078,0.963508,3.35382,0.42336,36.966,0.42336,423.524,0,0.330632,0,0,0.54715,0.216518,1.028160,1,0,19.4249,0,0,0,19.4249,0
21.7459,2.19773,0,0,2.00825,0.148906,0.36288,3.6288,48.0941,0.582086,0,0,0.827335,0.150531,0,0.66528,12.849,1,1.258,0.36288,0,32.7712,4.09847,27.7776,0.84672,12.849,0.84672,3695.15,0,36.966,0.448285,0.553245,2.23789,5.28795,0.963508,6.66729,0.42336,36.966,0.42336,423.524,0,1.02816,0,0,1.58141,0.553245,1.028160,1,0,34.4449,0,0,0,34.4449,0
24.3494,2.00875,0,0,5.1242,0.149098,0.36288,3.6288,49.3795,0.465735,0,0,1.90345,0.152294,0,0.66528,12.849,1,1.18691,0.36288,0,88.9449,4.04907,84.0718,0.84672,12.849,0.84672,3695.15,0,36.966,0.357972,1.60115,2.23802,8.09477,0.967933,10.608,0.42336,36.966,0.42336,423.524,0,1.02816,0,0,2.62931,1.60115,1.028160,1,0,94.6799,0,0,0,94.6799,0
25.2552,2.09195,0,0,3.52509,0.164518,0.36288,3.6288,49.8786,0.471127,0,0,1.1341,0.163898,0,0.66528,12.849,1,1.1039,0.36288,0,55.851,3.7527,51.3573,0.84672,12.849,0.84672,3695.15,0,36.966,0.35269,0.941397,2.02962,6.42933,0.994482,8.05317,0.42336,36.966,0.42336,423.524,0,1.02816,0,0,1.96956,0.941397,1.028160,1,0,59.4105,0,0,0,59.4105,0
25.9155,2.11831,0,0,3.30816,0.166678,0.36288,3.6288,50.5474,0.473217,0,0,1.30664,0.164572,0,0.66528,12.849,1,1.07773,0.36288,0,54.2209,3.7527,49.7534,0.84672,12.849,0.84672,3695.15,0,36.966,0.35071,1.35028,2.02974,7.5519,0.994482,9.58673,0.42336,36.966,0.42336,423.524,0,1.02816,0,0,2.37844,1.35028,1.028160,1,0,59.3401,0,0,0,59.3401,0
25.7288,2.1368,0,0,2.47963,0.166631,0.36288,3.6288,50.4346,0.47596,0,0,0.519477,0.156382,0,0.66528,12.849,1,1.05943,0.36288,0,40.0289,3.5538,35.7785,0.84672,12.849,0.84672,3695.15,0,36.966,0.348076,0.612585,2.02986,4.21547,0.9305,5.57934,0.42336,36.966,0.42336,423.524,0,1.02816,0,0,1.64074,0.612585,1.028160,1,0,41.3579,0,0,0,41.3579,0
26.4566,2.13179,0,0,3.38748,0.164977,0.36288,3.6288,50.4527,0.475574,0,0,0.643085,0.149425,0,0.66528,12.849,1,1.06462,0.36288,0,49.1596,3.40462,45.0532,0.84672,12.849,0.84672,3695.15,0,36.966,0.348572,0.675035,2.02998,6.06243,0.882514,7.53636,0.42336,36.966,0.42336,423.524,0,1.02816,0,0,1.70319,0.675035,1.028160,1,0,52.5896,0,0,0,52.5896,0
26.4691,2.15151,0,0,2.68324,0.15638,0.36288,3.6288,50.7031,0.475646,0,0,0.888443,0.162365,0,0.66528,12.849,1,1.04491,0.36288,0,29.8707,3.4986,25.6901,0.84672,12.849,0.84672,3695.15,0,36.966,0.3485,0.629977,2.0301,4.24071,0.866173,5.68612,0.42336,36.966,0.42336,423.524,0,1.02816,0,0,1.65814,0.629977,1.028160,1,0,31.3762,0,0,0,31.3762,0
28.9846,2.21938,0,0,5.25004,0.152286,0.36288,3.6288,51.7644,0.511342,0,0,1.74049,0.167875,0,0.66528,12.849,1,1.07736,0.36288,0,77.4001,3.53619,73.1495,0.84672,12.849,0.84672,3695.15,0,36.966,0.372803,1.62783,2.0301,9.71739,0.859637,12.1429,0.42336,36.966,0.42336,423.524,0,1.02816,0,0,2.65599,1.62783,1.028160,1,0,85.2924,0,0,0,85.2924,0
34.2694,2.28428,0,0,8.08967,0.157673,0.36288,3.6288,55.0795,0.515859,0,0,4.00031,0.169327,0,0.66528,12.849,1,1.01263,0.36288,0,139.521,3.53619,135.335,0.84672,12.849,0.84672,3695.15,0,36.966,0.368386,4.65695,2.09526,17.783,0.859637,23.3072,0.42336,36.966,0.42336,423.524,0,1.02816,0,0,5.68511,4.65695,1.028160,1,0,158.643,0,0,0,158.643,0
41.8178,2.39798,0,0,10.5121,0.202904,0.36288,3.6288,58.0913,0.529186,0,0,3.73773,0.196693,0,0.66528,12.849,1,0.8991,0.36288,0,199.015,3.99347,194.485,0.84672,12.849,0.84672,3695.15,0,36.966,0.355158,6.38858,2.09536,19.4107,0.976973,26.5625,0.42336,36.966,0.42336,423.524,0,1.02816,0,0,7.41674,6.38858,1.028160,1,0,221.047,0,0,0,221.047,0
46.5142,2.52226,0,0,7.82566,0.244155,0.36288,3.6288,60.7896,0.5405,0,0,3.44653,0.207733,0,0.66528,12.849,1,0.774993,0.36288,0,226.181,4.18717,221.582,0.84672,12.849,0.84672,3695.15,0,36.966,0.343943,4.93239,2.09547,15.7822,1.04847,21.4176,0.42336,36.966,0.42336,423.524,0,1.02816,0,0,5.96055,4.93239,1.028160,1,0,243,0,0,0,243,0
52.1645,2.83571,0,0,9.06879,0.219824,0.36288,3.6288,61.308,0.66528,0,0,3.43875,0.245112,2.01,0.66528,12.849,1,0.783332,0.36288,0,189.171,4.3035,184.447,0.84672,12.849,0.84672,3695.15,0,36.966,0.444155,4.35286,2.09558,17.1874,1.12891,22.0628,0.42336,36.966,0.42336,423.524,0,1.02816,0,0,5.38102,4.35286,1.028160,1,0,208.52,0,0,0,208.52,0
55.8177,2.90394,0,0,7.13931,0.219365,0.36288,3.6288,61.308,0.66528,0,0,3.24342,0.222552,2.35559,0.66528,12.849,1,0.715289,0.36288,0,174.065,3.87145,169.841,0.84672,12.849,0.84672,3695.15,0,36.966,0.444266,4.03037,2.32971,16.1695,0.956037,21.1293,0.42336,36.966,0.42336,423.524,0,1.02816,0,0,5.05853,4.03037,1.028160,1,0,193.326,0,0,0,193.326,0
58.4409,2.94215,0,0,6.1559,0.227649,0.36288,3.6288,61.308,0.66528,0,0,3.13603,0.222552,2.24819,0.66528,12.849,1,0.677271,0.36288,0,164.189,3.87145,160.004,0.84672,12.849,0.84672,3695.15,0,36.966,0.444377,3.65517,2.32984,14.9215,0.956037,19.5061,0.42336,36.966,0.42336,423.524,0,1.02816,0,0,4.68333,3.65517,1.028160,1,0,181.758,0,0,0,181.758,0
61.3116,2.96722,0,0,6.4371,0.236255,0.36288,3.6288,61.308,0.66528,0,0,3.17015,0.236947,2.26793,0.66528,12.849,1,0.652383,0.36288,0,196.974,4.03702,192.647,0.84672,12.849,0.84672,3695.15,0,36.966,0.444488,3.76917,2.32996,14.6128,1.00448,19.263,0.42336,36.966,0.42336,423.524,0,1.02816,0,0,4.79733,3.76917,1.028160,1,0,214.178,0,0,0,214.178,0
62.5291,2.6133,0,0,4.52536,0.331721,0.36288,3.6288,61.308,0.504073,0,0,2.44553,0.242031,1.69943,0.66528,12.849,1,0.547665,0.36288,0,103.626,4.21968,99.222,0.84672,12.849,0.84672,3695.15,0,36.966,0.303934,2.41256,2.33008,12.1726,1.05817,15.5531,0.42336,36.966,0.42336,423.524,0,1.02816,0,0,3.44072,2.41256,1.028160,1,0,116.474,0,0,0,116.474,0
64.7218,2.62228,0,0,5.515,0.337163,0.36288,3.6288,61.308,0.504132,0,0,2.86362,0.228899,2.13059,0.66528,12.849,1,0.538848,0.36288,0,127.136,3.99283,122.967,0.84672,12.849,0.84672,3695.15,0,36.966,0.303969,2.85353,2.01099,15.3933,0.993124,18.9607,0.42336,36.966,0.42336,423.524,0,1.02816,0,0,3.88169,2.85353,1.028160,1,0,144.058,0,0,0,144.058,0
67.2716,2.63765,0,0,5.89355,0.343221,0.36288,3.6288,61.308,0.504192,0,0,2.58085,0.228899,1.84776,0.66528,12.849,1,0.523643,0.36288,0,136.878,3.99283,132.725,0.84672,12.849,0.84672,3695.15,0,36.966,0.304005,2.63122,2.01109,13.2163,0.993124,16.5614,0.42336,36.966,0.42336,423.524,0,1.02816,0,0,3.65938,2.63122,1.028160,1,0,151.134,0,0,0,151.134,0
69.2091,2.65445,0,0,5.30509,0.350266,0.36288,3.6288,61.308,0.504251,0,0,2.66364,0.228899,1.93049,0.66528,12.849,1,0.507005,0.36288,0,122.621,3.99283,118.485,0.84672,12.849,0.84672,3695.15,0,36.966,0.304041,3.10894,2.0112,15.2049,0.993124,19.0279,0.42336,36.966,0.42336,423.524,0,1.02816,0,0,4.1371,3.10894,1.028160,1,0,139.443,0,0,0,139.443,0
71.9106,2.66656,0,0,6.06512,0.33414,0.36288,3.6288,61.308,0.504311,0,0,4.09014,0.213391,3.37244,0.66528,12.849,1,0.495059,0.36288,0,166.952,4.59071,162.23,0.84672,12.849,0.84672,3695.15,0,36.966,0.304077,4.6522,2.0113,19.1989,1.0731,24.4852,0.42336,36.966,0.42336,423.524,0,1.02816,0,0,5.68036,4.6522,1.028160,1,0,190.087,0,0,0,190.087,0
74.0101,2.78049,0,0,5.58034,0.337498,0.36288,3.6288,61.308,0.550452,0,0,3.12377,0.210806,2.36251,0.66528,12.849,1,0.496818,0.36288,0,118.193,4.69035,113.368,0.84672,12.849,0.84672,3695.15,0,36.966,0.331898,3.55027,2.0114,14.7233,1.08643,18.8667,0.42336,36.966,0.42336,423.524,0,1.02816,0,0,4.57843,3.55027,1.028160,1,0,134.598,0,0,0,134.598,0
75.6674,2.79264,0,0,5.1881,0.375285,0.36288,3.6288,61.308,0.550514,0,0,2.63721,0.210848,1.87585,0.66528,12.849,1,0.484834,0.36288,0,102.852,4.50795,98.2224,0.84672,12.849,0.84672,3695.15,0,36.966,0.331936,3.09197,2.09023,13.3968,1.07651,17.1705,0.42336,36.966,0.42336,423.524,0,1.02816,0,0,4.12013,3.09197,1.028160,1,0,117.269,0,0,0,117.269,0
77.0325,2.80186,0,0,4.87358,0.343748,0.36288,3.6288,61.308,0.550576,0,0,2.4833,0.210865,1.72186,0.66528,12.849,1,0.475782,0.36288,0,98.1893,4.43499,93.6414,0.84672,12.849,0.84672,3695.15,0,36.966,0.331973,2.4618,2.09034,15.4519,1.07254,18.5996,0.42336,36.966,0.42336,423.524,0,1.02816,0,0,3.48996,2.4618,1.028160,1,0,113.963,0,0,0,113.963,0
77.5693,2.80924,0,0,4.06159,0.352701,0.36288,3.6288,61.308,0.550638,0,0,1.79918,0.198793,1.04975,0.66528,12.849,1,0.46858,0.36288,0,87.594,4.33402,83.1543,0.84672,12.849,0.84672,3695.15,0,36.966,0.33201,1.67077,2.09044,9.37716,1.06049,11.7459,0.42336,36.966,0.42336,423.524,0,1.02816,0,0,2.69893,1.67077,1.028160,1,0,95.9499,0,0,0,95.9499,0
77.5172,2.7734,0,0,3.37106,0.286825,0.36288,3.6288,61.308,0.532798,0,0,1.20677,0.20612,0.467848,0.66528,12.849,1,0.459402,0.36288,0,72.8888,4.40423,68.388,0.84672,12.849,0.84672,3695.15,0,36.966,0.321253,1.37106,2.09055,6.8783,1.06165,8.95701,0.42336,36.966,0.42336,423.524,0,1.02816,0,0,2.39922,1.37106,1.028160,1,0,77.8129,0,0,0,77.8129,0
77.2897,2.77328,0,0,3.19531,0.286677,0.36288,3.6288,61.308,0.532859,0,0,1.18465,0.20612,0.445669,0.66528,12.849,1,0.45969,0.36288,0,68.1912,4.40423,63.6902,0.84672,12.849,0.84672,3695.15,0,36.966,0.32129,1.2589,2.06002,6.49071,1.06165,8.4267,0.42336,36.966,0.42336,423.524,0,1.02816,0,0,2.28706,1.2589,1.028160,1,0,72.5625,0,0,0,72.5625,0
76.8646,2.77227,0,0,2.99613,0.286029,0.36288,3.6288,61.308,0.53292,0,0,1.42194,0.20612,0.682897,0.66528,12.849,1,0.460875,0.36288,0,63.1584,4.40423,58.6562,0.84672,12.849,0.84672,3695.15,0,36.966,0.321327,1.67237,2.06013,7.40915,1.06165,9.75867,0.42336,36.966,0.42336,423.524,0,1.02816,0,0,2.70053,1.67237,1.028160,1,0,69.0977,0,0,0,69.0977,0
76.3031,2.77023,0,0,2.86132,0.289721,0.36288,3.6288,61.308,0.532981,0,0,1.23865,0.171793,0.533875,0.66528,12.849,1,0.463082,0.36288,0,58.3006,4.13741,54.063,0.84672,12.849,0.84672,3695.15,0,36.966,0.321364,1.32714,2.06024,6.82456,0.939381,8.95119,0.42336,36.966,0.42336,423.524,0,1.02816,0,0,2.3553,1.32714,1.028160,1,0,63.5481,0,0,0,63.5481,0
75.9369,2.89873,0,0,3.05117,0.155785,0.36288,3.6288,61.308,0.596539,0,0,1.09127,0.210287,0.284441,0.66528,12.849,1,0.48813,0.36288,0,59.1201,4.86056,54.1343,0.84672,12.849,0.84672,3695.15,0,36.966,0.359686,0.964855,2.06034,6.77091,1.068,8.36842,0.42336,36.966,0.42336,423.524,0,1.02816,0,0,1.99301,0.964855,1.028160,1,0,62.7871,0,0,0,62.7871,0
75.4699,2.89687,0,0,2.948,0.155211,0.36288,3.6288,61.308,0.596603,0,0,1.11316,0.210287,0.306271,0.66528,12.849,1,0.490169,0.36288,0,56.3666,4.86056,51.3787,0.84672,12.849,0.84672,3695.15,0,36.966,0.359725,1.18193,2.16783,6.47637,1.068,8.39841,0.42336,36.966,0.42336,423.524,0,1.02816,0,0,2.21009,1.18193,1.028160,1,0,60.0834,0,0,0,60.0834,0
74.7294,2.89443,0,0,2.70582,0.189025,0.36288,3.6288,61.308,0.596667,0,0,1.04346,0.203703,0.243092,0.66528,12.849,1,0.492786,0.36288,0,52.9989,4.43748,48.4315,0.84672,12.849,0.84672,3695.15,0,36.966,0.359764,1.08324,2.16795,5.90621,1.08433,7.71331,0.42336,36.966,0.42336,423.524,0,1.02816,0,0,2.1114,1.08324,1.028160,1,0,56.3879,0,0,0,56.3879,0
73.9167,2.89041,0,0,2.56445,0.123854,0.36288,3.6288,61.308,0.596731,0,0,1.0412,0.221824,0.222643,0.66528,12.849,1,0.496978,0.36288,0,49.4235,4.42852,44.8609,0.84672,12.849,0.84672,3695.15,0,36.966,0.359802,1.11866,2.16806,5.80663,1.13846,7.59509,0.42336,36.966,0.42336,423.524,0,1.02816,0,0,2.14682,1.11866,1.028160,1,0,52.6786,0,0,0,52.6786,0
73.0659,2.88591,0,0,2.51927,0.121282,0.36288,3.6288,61.3017,0.596795,0,0,0.838935,0.248489,0,0.66528,12.849,1,0.501659,0.36288,0,39.8993,5.14549,34.615,0.84672,12.849,0.84672,3695.15,0,36.966,0.359841,0.692254,2.16817,5.30119,1.28559,6.51619,0.42336,36.966,0.42336,423.524,0,1.02816,0,0,1.72041,0.692254,1.028160,1,0,41.1312,0,0,0,41.1312,0
72.1709,2.85528,0,0,2.44819,0.125039,0.36288,3.6288,61.1869,0.631743,0,0,0.768545,0.251539,0,0.66528,12.849,1,0.502116,0.36288,0,38.4006,5.25431,33.007,0.84672,12.849,0.84672,3695.15,0,36.966,0.380952,0.525398,2.16828,5.38012,1.30694,6.38591,0.42336,36.966,0.42336,423.524,0,1.02816,0,0,1.55356,0.525398,1.028160,1,0,39.3929,0,0,0,39.3929,0
71.1051,2.85015,0,0,2.23832,0.0911306,0.36288,3.6288,61.0543,0.631364,0,0,0.75009,0.251357,0,0.66528,12.849,1,0.507428,0.36288,0,37.8582,5.25431,32.4594,0.84672,12.849,0.84672,3695.15,0,36.966,0.381438,0.553936,2.20594,5.31399,1.30694,6.38549,0.42336,36.966,0.42336,423.524,0,1.02816,0,0,1.5821,0.553936,1.028160,1,0,38.8449,0,0,0,38.8449,0
69.8536,2.84385,0,0,2.04567,0.0903929,0.36288,3.6288,60.8737,0.630913,0,0,0.701447,0.251146,0,0.66528,12.849,1,0.513896,0.36288,0,35.609,5.25431,30.2037,0.84672,12.849,0.84672,3695.15,0,36.966,0.381994,0.323905,2.20606,5.05669,1.30694,5.89772,0.42336,36.966,0.42336,423.524,0,1.02816,0,0,1.35206,0.323905,1.028160,1,0,36.1014,0,0,0,36.1014,0
68.4811,2.83622,0,0,1.90681,0.0802428,0.36288,3.6288,60.5544,0.65684,0,0,0.623014,0.285469,0,0.66528,12.849,1,0.5217,0.36288,0,31.4209,5.5913,25.6708,0.84672,12.849,0.84672,3695.15,0,36.966,0.398871,0.261274,2.20617,4.47006,1.43806,5.10057,0.42336,36.966,0.42336,423.524,0,0.985461,0,0,1.24673,0.261274,1.028160,1,0,30.7714,0,0,0,30.7714,0
66.9183,2.89355,0,0,1.77157,0.0779297,0.36288,3.6288,60.057,0.733076,0,0,0.541136,0.305473,0,0.66528,12.849,1,0.542913,0.36288,0,28.5565,5.71127,22.6652,0.84672,12.849,0.84672,3695.15,0,36.966,0.447513,0.261274,2.20628,4.16465,1.49267,4.69202,0.42336,36.966,0.42336,423.524,0,0.91057,0,0,1.17184,0.261274,1.028160,1,0,27.3572,0,0,0,27.3572,0
65.1618,2.88307,0,0,1.5664,0.0769782,0.36288,3.6288,59.4559,0.806006,0,0,0.50942,0.304508,0,0.66528,12.849,1,0.553578,0.36288,0,26.9756,5.71127,21.0737,0.84672,12.849,0.84672,3695.15,0,36.966,0.496109,0.261274,2.25962,3.90699,1.49267,4.4391,0.42336,36.966,0.42336,423.524,0,0.789152,0,0,1.05043,0.261274,1.028160,1,0,25.5128,0,0,0,25.5128,0
63.277,2.87075,0,0,1.41549,0.0666361,0.36288,3.6288,58.8504,0.801435,0,0,0.504387,0.308461,0,0.66528,12.849,1,0.566072,0.36288,0,25.571,5.86081,19.507,0.84672,12.849,0.84672,3695.15,0,36.966,0.498283,0.227405,2.25974,3.89833,1.52255,4.36464,0.42336,36.966,0.42336,423.524,0,0.791657,0,0,1.01906,0.227405,1.028160,1,0,23.8717,0,0,0,23.8717,0
61.1542,2.85688,0,0,1.16241,0.0654514,0.36288,3.6288,58.2362,0.80714,0,0,0.493521,0.300559,0,0.66528,12.849,1,0.580117,0.36288,0,24.0559,5.89098,17.9477,0.84672,12.849,0.84672,3695.15,0,36.966,0.506994,0.227405,2.25986,3.73013,1.41898,4.29142,0.42336,36.966,0.42336,423.524,0,0.777349,0,0,1.00475,0.227405,1.028160,1,0,22.2391,0,0,0,22.2391,0
58.7276,3.03009,0,0,1.06123,0.0948057,0.36288,3.6288,57.2336,1.05079,0,0,0.358265,0.310074,0,0.66528,12.849,1,0.636646,0.36288,0,17.237,5.63145,11.3318,0.84672,12.849,0.84672,3695.15,0,36.966,0.666998,0.227405,2.25997,2.89502,1.40889,3.30652,0.42336,36.966,0.42336,423.524,0,0.553884,0,0,0.781289,0.227405,1.028160,1,0,14.6383,0,0,0,14.6383,0
56.4536,3.00866,0,0,1.18581,0.0883349,0.36288,3.6288,56.4409,0.922329,0,0,0.44025,0.310593,0,0.66528,12.849,1,0.658264,0.36288,0,21.9337,5.70623,15.9321,0.84672,12.849,0.84672,3695.15,0,36.966,0.595713,0.227405,2.44224,3.07291,1.42383,3.72301,0.42336,36.966,0.42336,423.524,0,0.753745,0,0,0.98115,0.227405,1.028160,1,0,19.6551,0,0,0,19.6551,0
53.9539,2.98721,0,0,0.936827,0.0863902,0.36288,3.6288,55.3817,1.07159,0,0,0.321365,0.308995,0,0.66528,12.849,1,0.679899,0.36288,0,22.6349,5.70623,16.6117,0.84672,12.849,0.84672,3695.15,0,36.966,0.701838,0.204422,2.44236,2.43488,1.42383,2.956,0.42336,36.966,0.42336,423.524,0,0.498476,0,0,0.702899,0.204422,1.028160,1,0,19.5677,0,0,0,19.5677,0
51.7051,2.96193,0,0,1.16028,0.0842525,0.36288,3.6288,54.9442,0.66528,0,0,0.534644,0.306861,0,0.66528,12.849,1,0.705376,0.36288,0,20.0596,5.70623,14.0109,0.84672,12.849,0.84672,3695.15,0,36.966,0.578582,0.225539,2.44249,3.6589,1.42383,4.32452,0.42336,36.966,0.42336,423.524,0,1.02816,0,0,1.2537,0.225539,1.028160,1,0,18.3354,0,0,0,18.3354,0
49.0679,2.93751,0,0,0.763137,0.0999814,0.36288,3.6288,54.5483,0.66528,0,0,0.56041,0.291064,0,0.66528,12.849,1,0.729986,0.36288,0,14.1031,5.02673,8.70924,0.84672,12.849,0.84672,3695.15,0,36.966,0.5787,0.259658,2.44262,3.70261,1.23191,4.59428,0.42336,36.966,0.42336,423.524,0,1.02816,0,0,1.28782,0.259658,1.028160,1,0,13.3035,0,0,0,13.3035,0
46.4029,2.81788,0,0,0.619834,0.104105,0.36288,3.6288,53.5946,0.980918,0,0,0.311565,0.284355,0,0.66528,12.849,1,0.737895,0.36288,0,12.1055,4.75492,6.97556,0.84672,12.849,0.84672,3695.15,0,36.966,0.664743,0.204422,2.44274,2.71846,1.15514,3.54575,0.42336,36.966,0.42336,423.524,0,0.517268,0,0,0.721691,0.204422,1.028160,1,0,10.5213,0,0,0,10.5213,0
43.757,2.78484,0,0,0.602948,0.101113,0.36288,3.6288,52.5826,1.01769,0,0,0.288233,0.282476,0,0.66528,12.849,1,0.771124,0.36288,0,11.0582,4.75492,5.89508,0.84672,12.849,0.84672,3695.15,0,36.966,0.701937,0.216518,2.33743,2.67114,1.15514,3.36802,0.42336,36.966,0.42336,423.524,0,0.443413,0,0,0.659932,0.216518,1.028160,1,0,9.2631,0,0,0,9.2631,0
41.654,2.74894,0,0,1.21211,0.203262,0.36288,3.6288,52.1804,0.840359,0,0,0.618201,0.180091,0,0.66528,12.849,1,0.80721,0.36288,0,30.0669,3.30152,26.321,0.84672,12.849,0.84672,3695.15,0,36.966,0.590779,0.216518,2.33755,6.73009,0.700854,7.99253,0.42336,36.966,0.42336,423.524,0,0.732015,0,0,0.948534,0.216518,1.028160,1,0,34.3135,0,0,0,34.3135,0
40.306,2.71793,0,0,1.93606,0.203266,0.36288,3.6288,51.883,0.664415,0,0,0.567993,0.200939,0,0.66528,12.849,1,0.838399,0.36288,0,34.3884,3.56599,30.3469,0.84672,12.849,0.84672,3695.15,0,36.966,0.47069,0.233029,2.33767,4.35771,0.781713,5.67601,0.42336,36.966,0.42336,423.524,0,1.02816,0,0,1.26119,0.233029,1.028160,1,0,36.0229,0,0,0,36.0229,0
37.988,2.62714,0,0,0.884097,0.212098,0.36288,3.6288,51.3977,0.617465,0,0,0.386021,0.253905,0,0.66528,12.849,1,0.837497,0.36288,0,16.0447,4.2272,11.3428,0.84672,12.849,0.84672,3695.15,0,36.966,0.439936,0.216518,2.3378,2.87565,0.983859,4.00617,0.42336,36.966,0.42336,423.524,0,1.00644,0,0,1.22296,0.216518,1.028160,1,0,15.349,0,0,0,15.349,0
36.0344,2.58909,0,0,1.20482,0.206441,0.36288,3.6288,51.0484,0.602477,0,0,0.506099,0.25291,0,0.66528,12.849,1,0.87573,0.36288,0,24.8487,4.2272,20.1087,0.84672,12.849,0.84672,3695.15,0,36.966,0.433311,0.50868,2.2438,5.70319,0.983859,7.03849,0.42336,36.966,0.42336,423.524,0,1.02816,0,0,1.53684,0.50868,1.028160,1,0,27.1472,0,0,0,27.1472,0
34.7844,2.55422,0,0,1.89738,0.230219,0.36288,3.6288,50.9313,0.600819,0,0,0.724669,0.24091,0,0.66528,12.849,1,0.910775,0.36288,0,35.106,3.86974,30.6884,0.84672,12.849,0.84672,3695.15,0,36.966,0.435075,0.884503,2.24391,5.30153,0.931944,7.06293,0.42336,36.966,0.42336,423.524,0,1.02816,0,0,1.91266,0.884503,1.028160,1,0,37.7513,0,0,0,37.7513,0
34.8114,2.53046,0,0,3.15825,0.238,0.36288,3.6288,51.0673,0.600302,0,0,0.972505,0.236171,0,0.66528,12.849,1,0.934723,0.36288,0,37.0636,3.72676,32.765,0.84672,12.849,0.84672,3695.15,0,36.966,0.4357,1.28181,2.24403,8.83144,0.911179,11.0104,0.42336,36.966,0.42336,423.524,0,1.02816,0,0,2.30997,1.28181,1.028160,1,0,43.7754,0,0,0,43.7754,0
33.486,2.34049,0,0,1.59678,0.218807,0.36288,3.6288,51.0095,0.480756,0,0,0.612892,0.190024,0,0.66528,12.849,1,0.863885,0.36288,0,31.3522,3.93069,26.9205,0.84672,12.849,0.84672,3695.15,0,36.966,0.348004,0.986265,2.24415,5.68558,1.03991,7.52807,0.42336,36.966,0.42336,423.524,0,1.02816,0,0,2.01442,0.986265,1.028160,1,0,34.4486,0,0,0,34.4486,0
32.5369,2.3159,0,0,1.92476,0.195058,0.36288,3.6288,50.9129,0.480583,0,0,0.579677,0.195621,0,0.66528,12.849,1,0.888642,0.36288,0,38.6916,4.13475,34.0311,0.84672,12.849,0.84672,3695.15,0,36.966,0.348273,1.17808,2.03516,6.47104,0.97719,8.35881,0.42336,36.966,0.42336,423.524,0,1.02816,0,0,2.20624,1.17808,1.028160,1,0,42.3899,0,0,0,42.3899,0
32.0729,2.29744,0,0,2.39401,0.197698,0.36288,3.6288,50.7912,0.480256,0,0,0.539043,0.180474,0,0.66528,12.849,1,0.907272,0.36288,0,49.1156,4.14235,44.4289,0.84672,12.849,0.84672,3695.15,0,36.966,0.348696,0.807875,2.03526,5.94493,1.02456,7.41481,0.42336,36.966,0.42336,423.524,0,1.02816,0,0,1.83603,0.807875,1.028160,1,0,51.8437,0,0,0,51.8437,0
32.0528,2.28819,0,0,2.82754,0.196551,0.36288,3.6288,50.9374,0.488594,0,0,0.815026,0.180295,0,0.66528,12.849,1,0.916691,0.36288,0,57.9746,4.14235,53.2784,0.84672,12.849,0.84672,3695.15,0,36.966,0.3556,0.412474,2.03537,5.46628,1.02456,6.53396,0.42336,36.966,0.42336,423.524,0,1.01301,0,0,1.42549,0.412474,1.028160,1,0,59.8124,0,0,0,59.8124,0
34.7239,2.28789,0,0,5.52469,0.202834,0.36288,3.6288,52.412,0.480464,0,0,2.1363,0.181176,0,0.66528,12.849,1,0.917148,0.36288,0,116.279,4.24234,111.482,0.84672,12.849,0.84672,3695.15,0,36.966,0.34868,1.48401,2.03547,13.1942,1.02502,15.34,0.42336,36.966,0.42336,423.524,0,1.02816,0,0,2.51217,1.48401,1.028160,1,0,126.822,0,0,0,126.822,0
39.8352,2.41279,0,0,8.09667,0.209628,0.36288,3.6288,54.4033,0.521488,0,0,2.69151,0.178745,0,0.66528,12.849,1,0.892815,0.36288,0,106.977,4.12975,102.317,0.84672,12.849,0.84672,3695.15,0,36.966,0.367804,1.77323,2.03558,16.8342,1.00193,19.2733,0.42336,36.966,0.42336,423.524,0,1.02816,0,0,2.80139,1.77323,1.028160,1,0,121.591,0,0,0,121.591,0
45.4273,2.49953,0,0,8.67715,0.222673,0.36288,3.6288,57.2799,0.529555,0,0,3.58757,0.181469,0,0.66528,12.849,1,0.806231,0.36288,0,125.274,4.12975,120.701,0.84672,12.849,0.84672,3695.15,0,36.966,0.359822,2.3672,2.10089,22.1345,1.00193,25.2408,0.42336,36.966,0.42336,423.524,0,1.02816,0,0,3.39536,2.3672,1.028160,1,0,145.942,0,0,0,145.942,0
49.2207,2.577,0,0,6.97088,0.23759,0.36288,3.6288,58.4935,0.540589,0,0,1.9391,0.18492,0,0.66528,12.849,1,0.728899,0.36288,0,133.52,4.12975,129.024,0.84672,12.849,0.84672,3695.15,0,36.966,0.348873,0.980363,2.10099,17.3281,1.00193,19.0587,0.42336,36.966,0.42336,423.524,0,1.02816,0,0,2.00852,0.980363,1.028160,1,0,148.083,0,0,0,148.083,0
53.2324,2.62167,0,0,7.23011,0.233899,0.36288,3.6288,59.8419,0.545077,0,0,2.03113,0.137572,0,0.66528,12.849,1,0.684383,0.36288,0,110.687,4.20576,106.16,0.84672,12.849,0.84672,3695.15,0,36.966,0.344471,1.15692,2.10108,15.7743,0.864881,17.823,0.42336,36.966,0.42336,423.524,0,1.02816,0,0,2.18508,1.15692,1.028160,1,0,123.983,0,0,0,123.983,0
56.3474,2.92311,0,0,6.66187,0.26087,0.36288,3.6288,61.308,0.66528,0,0,2.87359,0.192122,0.55013,0.66528,12.849,1,0.705567,0.36288,0,97.6959,4.30953,93.0437,0.84672,12.849,0.84672,3695.15,0,36.966,0.449845,1.10985,2.10117,17.9162,0.95056,19.7268,0.42336,36.966,0.42336,423.524,0,1.02816,0,0,2.13801,1.10985,1.028160,1,0,113.321,0,0,0,113.321,0
58.7854,2.955,0,0,6.02649,0.270597,0.36288,3.6288,61.308,0.66528,0,0,2.51751,0.196982,1.65525,0.66528,12.849,1,0.673835,0.36288,0,87.6027,4.39131,82.9004,0.84672,12.849,0.84672,3695.15,0,36.966,0.44994,1.00719,2.33592,16.4835,1.00174,18.3749,0.42336,36.966,0.42336,423.524,0,1.02816,0,0,2.03535,1.00719,1.028160,1,0,102.931,0,0,0,102.931,0
62.1835,2.97807,0,0,7.01622,0.277135,0.36288,3.6288,61.308,0.66528,0,0,2.7209,0.196982,1.85864,0.66528,12.849,1,0.65093,0.36288,0,103.912,4.39131,99.2322,0.84672,12.849,0.84672,3695.15,0,36.966,0.450036,1.20365,2.33602,17.9466,1.00174,20.0345,0.42336,36.966,0.42336,423.524,0,1.02816,0,0,2.23181,1.20365,1.028160,1,0,121.125,0,0,0,121.125,0
65.2698,3.00768,0,0,6.74492,0.288059,0.36288,3.6288,61.308,0.66528,0,0,2.53752,0.201314,1.67092,0.66528,12.849,1,0.621478,0.36288,0,100.224,4.38862,95.5768,0.84672,12.849,0.84672,3695.15,0,36.966,0.450131,1.11152,2.33612,18.3181,1.02005,20.2956,0.42336,36.966,0.42336,423.524,0,1.02816,0,0,2.13968,1.11152,1.028160,1,0,117.543,0,0,0,117.543,0
68.5825,2.648,0,0,6.63371,0.310176,0.36288,3.6288,61.308,0.507088,0,0,2.56523,0.203793,1.85435,0.66528,12.849,1,0.521284,0.36288,0,104.357,4.17501,100.024,0.84672,12.849,0.84672,3695.15,0,36.966,0.305752,1.9869,2.33623,16.8199,1.03459,19.8027,0.42336,36.966,0.42336,423.524,0,1.02816,0,0,3.01506,1.9869,1.028160,1,0,121.681,0,0,0,121.681,0
71.2132,2.66932,0,0,5.98101,0.318147,0.36288,3.6288,61.308,0.50714,0,0,2.46001,0.172447,1.78042,0.66528,12.849,1,0.5001,0.36288,0,93.1331,3.91167,89.0843,0.84672,12.849,0.84672,3695.15,0,36.966,0.305783,2.11737,2.01628,16.8568,0.907511,19.7772,0.42336,36.966,0.42336,423.524,0,1.02816,0,0,3.14553,2.11737,1.028160,1,0,110.642,0,0,0,110.642,0
74.8278,2.68509,0,0,6.98731,0.324682,0.36288,3.6288,61.308,0.507191,0,0,2.28752,0.172447,1.60788,0.66528,12.849,1,0.484472,0.36288,0,110.67,3.91167,106.636,0.84672,12.849,0.84672,3695.15,0,36.966,0.305814,1.6652,2.01637,16.3892,0.907511,18.8575,0.42336,36.966,0.42336,423.524,0,1.02816,0,0,2.69336,1.6652,1.028160,1,0,127.102,0,0,0,127.102,0
77.034,2.70519,0,0,5.7346,0.460323,0.36288,3.6288,61.308,0.507242,0,0,2.09648,0.175645,1.41359,0.66528,12.849,1,0.464519,0.36288,0,88.9574,3.81916,85.0366,0.84672,12.849,0.84672,3695.15,0,36.966,0.305844,1.29294,2.01646,14.1725,0.907359,16.2686,0.42336,36.966,0.42336,423.524,0,1.02816,0,0,2.3211,1.29294,1.028160,1,0,102.719,0,0,0,102.719,0
79.2034,2.71671,0,0,5.70076,0.451778,0.36288,3.6288,61.308,0.507293,0,0,1.99004,0.185592,1.29716,0.66528,12.849,1,0.453138,0.36288,0,76.8727,3.44991,73.3325,0.84672,12.849,0.84672,3695.15,0,36.966,0.305875,1.33912,2.01655,14.5327,0.863115,16.7194,0.42336,36.966,0.42336,423.524,0,1.02816,0,0,2.36728,1.33912,1.028160,1,0,91.3491,0,0,0,91.3491,0
81.4169,2.82717,0,0,5.84901,0.445458,0.36288,3.6288,61.308,0.553546,0,0,2.43185,0.181895,1.69641,0.66528,12.849,1,0.458645,0.36288,0,90.5653,3.52422,86.9454,0.84672,12.849,0.84672,3695.15,0,36.966,0.333764,1.83593,2.01664,15.3283,0.84578,18.0013,0.42336,36.966,0.42336,423.524,0,1.02816,0,0,2.86409,1.83593,1.028160,1,0,106.643,0,0,0,106.643,0
82.8718,2.83806,0,0,5.11097,0.4551,0.36288,3.6288,61.308,0.5536,0,0,3.09018,0.181895,2.35469,0.66528,12.849,1,0.447896,0.36288,0,58.0598,3.52422,54.4506,0.84672,12.849,0.84672,3695.15,0,36.966,0.333796,1.68021,2.09565,14.8732,0.84578,17.4694,0.42336,36.966,0.42336,423.524,0,1.02816,0,0,2.70837,1.68021,1.028160,1,0,74.2747,0,0,0,74.2747,0
83.693,2.845,0,0,4.49047,0.461437,0.36288,3.6288,61.308,0.553653,0,0,2.16686,0.181895,1.43131,0.66528,12.849,1,0.441107,0.36288,0,64.7361,3.52422,61.1336,0.84672,12.849,0.84672,3695.15,0,36.966,0.333828,1.18248,2.09575,13.1545,0.84578,15.2531,0.42336,36.966,0.42336,423.524,0,1.02816,0,0,2.21064,1.18248,1.028160,1,0,77.818,0,0,0,77.818,0
83.7991,2.84888,0,0,3.7386,0.420714,0.36288,3.6288,61.308,0.553706,0,0,1.54814,0.172898,0.821537,0.66528,12.849,1,0.437375,0.36288,0,60.1386,3.61204,56.4521,0.84672,12.849,0.84672,3695.15,0,36.966,0.33386,0.812151,2.09584,11.0513,0.900675,12.7247,0.42336,36.966,0.42336,423.524,0,1.02816,0,0,1.84031,0.812151,1.028160,1,0,69.9983,0,0,0,69.9983,0
83.1884,2.81021,0,0,2.99851,0.436138,0.36288,3.6288,61.308,0.632584,0,0,1.41308,0.163755,0.616742,0.66528,12.849,1,0.430892,0.36288,0,45.1884,3.78428,41.3361,0.84672,12.849,0.84672,3695.15,0,36.966,0.38142,0.528595,2.09593,7.87666,0.966575,9.15319,0.42336,36.966,0.42336,423.524,0,0.873037,0,0,1.40163,0.528595,1.028160,1,0,51.1061,0,0,0,51.1061,0
82.2921,2.8076,0,0,2.67554,0.40141,0.36288,3.6288,61.308,0.69756,0,0,1.18523,0.193839,0.293828,0.66528,12.849,1,0.433652,0.36288,0,40.152,4.1004,35.9808,0.84672,12.849,0.84672,3695.15,0,36.966,0.420598,0.528595,2.06531,7.15167,0.99147,8.33351,0.42336,36.966,0.42336,423.524,0,0.768969,0,0,1.29756,0.528595,1.028160,1,0,44.6082,0,0,0,44.6082,0
81.33,2.80364,0,0,2.51802,0.31362,0.36288,3.6288,61.308,0.63145,0,0,1.17872,0.219997,0.327274,0.66528,12.849,1,0.437757,0.36288,0,37.4443,4.33104,33.0384,0.84672,12.849,0.84672,3695.15,0,36.966,0.380736,0.402797,2.0654,7.11711,1.00524,8.19934,0.42336,36.966,0.42336,423.524,0,0.875025,0,0,1.27782,0.402797,1.028160,1,0,41.565,0,0,0,41.565,0
80.2836,2.79929,0,0,2.42662,0.310756,0.36288,3.6288,61.308,0.603533,0,0,1.17809,0.219997,0.35456,0.66528,12.849,1,0.442249,0.36288,0,35.8004,4.33104,31.39,0.84672,12.849,0.84672,3695.15,0,36.966,0.363904,0.402797,2.0655,7.82032,1.00524,8.91947,0.42336,36.966,0.42336,423.524,0,0.919858,0,0,1.32265,0.402797,1.028160,1,0,40.6641,0,0,0,40.6641,0
79.4087,2.927,0,0,2.68269,0.267715,0.36288,3.6288,61.308,0.639647,0,0,1.20045,0.186544,0.37426,0.66528,12.849,1,0.468452,0.36288,0,36.1079,4.37251,31.6298,0.84672,12.849,0.84672,3695.15,0,36.966,0.385679,0.402797,2.06559,7.18001,0.93392,8.3288,0.42336,36.966,0.42336,423.524,0,0.964094,0,0,1.36689,0.402797,1.028160,1,0,40.3328,0,0,0,40.3328,0
78.2058,2.92269,0,0,2.34805,0.265449,0.36288,3.6288,61.308,0.75499,0,0,1.03537,0.186544,0.0938323,0.66528,12.849,1,0.472916,0.36288,0,31.2346,4.37251,26.752,0.84672,12.849,0.84672,3695.15,0,36.966,0.455225,0.402797,2.17333,6.26133,0.93392,7.44832,0.42336,36.966,0.42336,423.524,0,0.779293,0,0,1.18209,0.402797,1.028160,1,0,34.2941,0,0,0,34.2941,0
76.6989,2.91657,0,0,2.03495,0.262333,0.36288,3.6288,61.308,0.681218,0,0,0.950435,0.186544,0.0826734,0.66528,12.849,1,0.479185,0.36288,0,29.3111,4.37251,24.8223,0.84672,12.849,0.84672,3695.15,0,36.966,0.410744,0.30119,2.17343,6.33722,0.93392,7.46718,0.42336,36.966,0.42336,423.524,0,0.897636,0,0,1.19883,0.30119,1.028160,1,0,32.3721,0,0,0,32.3721,0
75.014,2.90864,0,0,1.84501,0.25843,0.36288,3.6288,61.1861,0.761983,0,0,0.826658,0.186544,0,0.66528,12.849,1,0.48727,0.36288,0,26.9909,4.37251,22.494,0.84672,12.849,0.84672,3695.15,0,36.966,0.459442,0.30119,2.17353,5.99236,0.93392,7.07371,0.42336,36.966,0.42336,423.524,0,0.76826,0,0,1.06945,0.30119,1.028160,1,0,29.5677,0,0,0,29.5677,0
73.8144,2.89942,0,0,2.26892,0.206198,0.36288,3.6288,61.308,0.599452,0,0,1.17677,0.197906,0.257541,0.66528,12.849,1,0.496637,0.36288,0,37.5037,4.6143,32.7557,0.84672,12.849,0.84672,3695.15,0,36.966,0.362163,1.00808,2.17362,7.1002,1.05869,8.86106,0.42336,36.966,0.42336,423.524,0,1.02816,0,0,2.03624,1.00808,1.028160,1,0,41.8743,0,0,0,41.8743,0
72.7155,2.86677,0,0,2.30769,0.176989,0.36288,3.6288,61.308,0.634951,0,0,1.28883,0.217582,0.436296,0.66528,12.849,1,0.499024,0.36288,0,40.3481,4.93405,35.2779,0.84672,12.849,0.84672,3695.15,0,36.966,0.382848,1.47755,2.17372,7.49624,1.14851,9.61615,0.42336,36.966,0.42336,423.524,0,1.02816,0,0,2.50571,1.47755,1.028160,1,0,45.3304,0,0,0,45.3304,0
71.4279,2.86049,0,0,2.1108,0.174981,0.36288,3.6288,61.308,0.635008,0,0,1.29626,0.217582,0.443669,0.66528,12.849,1,0.505455,0.36288,0,37.3944,4.93405,32.3178,0.84672,12.849,0.84672,3695.15,0,36.966,0.382882,1.47565,2.21146,7.38253,1.14851,9.53825,0.42336,36.966,0.42336,423.524,0,1.02816,0,0,2.50381,1.47565,1.028160,1,0,42.2997,0,0,0,42.2997,0
70.1561,2.85289,0,0,2.07119,0.127273,0.36288,3.6288,61.308,0.635065,0,0,1.25767,0.217582,0.405026,0.66528,12.849,1,0.5132,0.36288,0,35.4374,4.93405,30.353,0.84672,12.849,0.84672,3695.15,0,36.966,0.382916,1.49386,2.21156,7.3802,1.14851,9.5542,0.42336,36.966,0.42336,423.524,0,1.02816,0,0,2.52202,1.49386,1.028160,1,0,40.3122,0,0,0,40.3122,0
68.8473,2.84516,0,0,2.0185,0.119178,0.36288,3.6288,61.308,0.635122,0,0,1.197,0.236262,0.325619,0.66528,12.849,1,0.521087,0.36288,0,33.6699,5.10526,28.4064,0.84672,12.849,0.84672,3695.15,0,36.966,0.38295,1.36986,2.21165,6.62182,1.23294,8.58745,0.42336,36.966,0.42336,423.524,0,1.02816,0,0,2.39802,1.36986,1.028160,1,0,37.3195,0,0,0,37.3195,0
67.4363,2.90314,0,0,1.95602,0.101,0.36288,3.6288,61.308,0.66528,0,0,1.23346,0.282962,0.285213,0.66528,12.849,1,0.541815,0.36288,0,31.8605,5.53329,26.1483,0.84672,12.849,0.84672,3695.15,0,36.966,0.402886,1.21874,2.21175,4.9434,1.44401,6.527,0.42336,36.966,0.42336,423.524,0,1.02816,0,0,2.2469,1.21874,1.028160,1,0,32.9605,0,0,0,32.9605,0
65.8692,2.89375,0,0,1.78937,0.0998893,0.36288,3.6288,61.308,0.66528,0,0,1.15932,0.282962,0.211073,0.66528,12.849,1,0.551362,0.36288,0,29.956,5.53329,24.2342,0.84672,12.849,0.84672,3695.15,0,36.966,0.40298,1.17653,2.26521,5.03169,1.44401,6.62643,0.42336,36.966,0.42336,423.524,0,1.02816,0,0,2.20469,1.17653,1.028160,1,0,31.0717,0,0,0,31.0717,0
64.1449,2.8829,0,0,1.62017,0.0986561,0.36288,3.6288,61.308,0.66528,0,0,1.10766,0.282962,0.159414,0.66528,12.849,1,0.562363,0.36288,0,28.2129,5.53329,22.4801,0.84672,12.849,0.84672,3695.15,0,36.966,0.403073,0.951774,2.26531,4.67838,1.44401,6.04837,0.42336,36.966,0.42336,423.524,0,1.02816,0,0,1.97993,0.951774,1.028160,1,0,28.6879,0,0,0,28.6879,0
62.245,2.87044,0,0,1.41689,0.0835036,0.36288,3.6288,61.308,0.66528,0,0,1.0998,0.290732,0.143791,0.66528,12.849,1,0.574983,0.36288,0,26.8648,5.75761,20.8951,0.84672,12.849,0.84672,3695.15,0,36.966,0.403166,0.920151,2.26541,4.72841,1.48883,6.02197,0.42336,36.966,0.42336,423.524,0,1.02816,0,0,1.94831,0.920151,1.028160,1,0,27.0608,0,0,0,27.0608,0
60.1325,3.04676,0,0,1.41491,0.117773,0.36288,3.6288,61.292,0.66528,0,0,0.963628,0.314367,0,0.66528,12.849,1,0.628931,0.36288,0,26.5842,6.02607,20.292,0.84672,12.849,0.84672,3695.15,0,36.966,0.583776,0.769383,2.26551,3.58307,1.46399,4.5702,0.42336,36.966,0.42336,423.524,0,1.02816,0,0,1.79754,0.769383,1.028160,1,0,24.8622,0,0,0,24.8622,0
58.177,3.02869,0,0,1.55622,0.120201,0.36288,3.6288,61.308,0.66528,0,0,1.17901,0.320389,0.177318,0.66528,12.849,1,0.647164,0.36288,0,33.7372,6.0878,27.3651,0.84672,12.849,0.84672,3695.15,0,36.966,0.583878,1.20477,2.4482,3.92024,1.48455,5.50478,0.42336,36.966,0.42336,423.524,0,1.02816,0,0,2.23293,1.20477,1.028160,1,0,33.0472,0,0,0,33.0472,0
55.9654,3.011,0,0,1.28029,0.117955,0.36288,3.6288,61.1809,0.66528,0,0,0.858643,0.320422,0,0.66528,12.849,1,0.665012,0.36288,0,30.9086,6.0878,24.5186,0.84672,12.849,0.84672,3695.15,0,36.966,0.583979,0.497932,2.44831,3.21082,1.48455,4.08854,0.42336,36.966,0.42336,423.524,0,1.02816,0,0,1.52609,0.497932,1.028160,1,0,28.6072,0,0,0,28.6072,0
54.0928,2.98976,0,0,1.59545,0.115416,0.36288,3.6288,61.308,0.66528,0,0,1.48742,0.320165,0.374916,0.66528,12.849,1,0.686415,0.36288,0,30.1285,6.0878,23.7172,0.84672,12.849,0.84672,3695.15,0,36.966,0.584081,1.98764,2.44842,5.00785,1.48455,7.37528,0.42336,36.966,0.42336,423.524,0,1.02816,0,0,3.0158,1.98764,1.028160,1,0,31.4674,0,0,0,31.4674,0
52.343,2.97069,0,0,1.69613,0.112367,0.36288,3.6288,61.308,0.66528,0,0,1.30637,0.340407,0.300681,0.66528,12.849,1,0.705648,0.36288,0,30.5441,5.95008,24.2513,0.84672,12.849,0.84672,3695.15,0,36.966,0.584182,1.36383,2.44853,5.5331,1.31648,7.4448,0.42336,36.966,0.42336,423.524,0,1.02816,0,0,2.39199,1.36383,1.028160,1,0,31.9968,0,0,0,31.9968,0
50.864,2.86182,0,0,1.91165,0.165949,0.36288,3.6288,61.308,0.66528,0,0,1.48973,0.339636,0.484819,0.66528,12.849,1,0.702511,0.36288,0,33.5058,5.54511,27.6211,0.84672,12.849,0.84672,3695.15,0,36.966,0.474692,1.55738,2.44864,5.84826,1.24427,8.13532,0.42336,36.966,0.42336,423.524,0,1.02816,0,0,2.58554,1.55738,1.028160,1,0,36.2412,0,0,0,36.2412,0
49.585,2.84564,0,0,2.15392,0.224383,0.36288,3.6288,61.308,0.66528,0,0,2.0867,0.306706,1.11471,0.66528,12.849,1,0.718851,0.36288,0,32.3085,4.68867,27.2639,0.84672,12.849,0.84672,3695.15,0,36.966,0.474789,2.34187,2.34305,7.81008,1.05725,10.963,0.42336,36.966,0.42336,423.524,0,1.02816,0,0,3.37003,2.34187,1.028160,1,0,39.3415,0,0,0,39.3415,0
48.1878,2.83104,0,0,2.02057,0.223892,0.36288,3.6288,61.308,0.66528,0,0,2.11998,0.307712,1.14699,0.66528,12.849,1,0.733609,0.36288,0,39.7668,4.70495,34.6911,0.84672,12.849,0.84672,3695.15,0,36.966,0.474885,2.24161,2.34316,7.90232,1.06656,10.9456,0.42336,36.966,0.42336,423.524,0,1.02816,0,0,3.26977,2.24161,1.028160,1,0,46.7838,0,0,0,46.7838,0
47.2089,2.81437,0,0,2.42124,0.222802,0.36288,3.6288,61.308,0.66528,0,0,2.1911,0.297168,1.22866,0.66528,12.849,1,0.750436,0.36288,0,60.5099,4.70007,55.4223,0.84672,12.849,0.84672,3695.15,0,36.966,0.474982,2.48772,2.34326,9.46598,1.08197,12.74,0.42336,36.966,0.42336,423.524,0,1.02816,0,0,3.51588,2.48772,1.028160,1,0,69.3909,0,0,0,69.3909,0
48.3183,2.72988,0,0,4.43602,0.233864,0.36288,3.6288,61.308,0.649166,0,0,1.14915,0.233901,0.266087,0.66528,12.849,1,0.742998,0.36288,0,61.3237,4.67082,56.2728,0.84672,12.849,0.84672,3695.15,0,36.966,0.391418,1.31668,2.34337,8.43574,1.17443,10.5299,0.42336,36.966,0.42336,423.524,0,1.02816,0,0,2.34484,1.31668,1.028160,1,0,67.0688,0,0,0,67.0688,0
49.6609,2.74347,0,0,4.68563,0.23672,0.36288,3.6288,61.308,0.649224,0,0,2.18201,0.233901,1.29888,0.66528,12.849,1,0.729555,0.36288,0,68.8859,4.67082,63.8484,0.84672,12.849,0.84672,3695.15,0,36.966,0.391453,2.20514,2.24913,7.48048,1.17443,10.3689,0.42336,36.966,0.42336,423.524,0,1.02816,0,0,3.2333,2.20514,1.028160,1,0,75.5161,0,0,0,75.5161,0
50.1967,2.75927,0,0,3.91084,0.252931,0.36288,3.6288,61.308,0.649281,0,0,1.71428,0.238513,0.826486,0.66528,12.849,1,0.713918,0.36288,0,60.6657,4.31541,55.9992,0.84672,12.849,0.84672,3695.15,0,36.966,0.391488,1.681,2.24923,9.76521,1.09884,12.2051,0.42336,36.966,0.42336,423.524,0,1.02816,0,0,2.70916,1.681,1.028160,1,0,69.0308,0,0,0,69.0308,0
54.4553,2.76546,0,0,7.65841,0.271479,0.36288,3.6288,61.308,0.649339,0,0,2.81331,0.244661,1.91931,0.66528,12.849,1,0.707883,0.36288,0,113.111,3.84153,108.925,0.84672,12.849,0.84672,3695.15,0,36.966,0.391522,3.34081,2.24933,13.0647,0.998042,17.2653,0.42336,36.966,0.42336,423.524,0,1.02816,0,0,4.36897,3.34081,1.028160,1,0,128.11,0,0,0,128.11,0
54.9459,2.59872,0,0,3.70842,0.256131,0.36288,3.6288,61.308,0.519738,0,0,1.53544,0.259531,0.756171,0.66528,12.849,1,0.613181,0.36288,0,67.2107,4.4277,62.5327,0.84672,12.849,0.84672,3695.15,0,36.966,0.313379,1.20117,2.24943,5.63623,1.05661,7.71683,0.42336,36.966,0.42336,423.524,0,1.02816,0,0,2.22933,1.20117,1.028160,1,0,71.0057,0,0,0,71.0057,0
56.2891,2.60327,0,0,4.56214,0.252786,0.36288,3.6288,61.308,0.51979,0,0,2.21791,0.26201,1.43611,0.66528,12.849,1,0.60877,0.36288,0,86.9071,4.5254,82.1358,0.84672,12.849,0.84672,3695.15,0,36.966,0.31341,1.54341,2.03993,7.71688,1.06637,9.92043,0.42336,36.966,0.42336,423.524,0,1.02816,0,0,2.57157,1.54341,1.028160,1,0,93.4923,0,0,0,93.4923,0
57.4081,2.61522,0,0,4.35326,0.256198,0.36288,3.6288,61.308,0.519842,0,0,1.93942,0.26201,1.15757,0.66528,12.849,1,0.596969,0.36288,0,130.92,4.5254,126.161,0.84672,12.849,0.84672,3695.15,0,36.966,0.313442,1.27103,2.04002,7.39016,1.06637,9.3214,0.42336,36.966,0.42336,423.524,0,1.02816,0,0,2.29919,1.27103,1.028160,1,0,136.64,0,0,0,136.64,0
69.1871,2.62484,0,0,15.0194,0.25276,0.36288,3.6288,61.308,0.519894,0,0,5.28965,0.290078,4.47968,0.66528,12.849,1,0.587488,0.36288,0,268.891,4.62895,264.037,0.84672,12.849,0.84672,3695.15,0,36.966,0.313473,7.37907,2.04011,28.483,1.14629,36.4424,0.42336,36.966,0.42336,423.524,0,1.02816,0,0,8.40723,7.37907,1.028160,1,0,304.959,0,0,0,304.959,0
76.2159,2.70931,0,0,10.3934,0.292411,0.36288,3.6288,61.308,0.519945,0,0,4.5786,0.244518,3.81414,0.66528,12.849,1,0.503157,0.36288,0,262.195,4.04074,258.014,0.84672,12.849,0.84672,3695.15,0,36.966,0.313504,8.25146,2.04021,15.7918,1.10735,24.6627,0.42336,36.966,0.42336,423.524,0,1.02816,0,0,9.27962,8.25146,1.028160,1,0,286.49,0,0,0,286.49,0
77.2856,2.83526,0,0,4.68928,0.421439,0.36288,3.6288,61.308,0.557546,0,0,2.77768,0.220833,1.9993,0.66528,12.849,1,0.477988,0.36288,0,120.847,3.88033,116.851,0.84672,12.849,0.84672,3695.15,0,36.966,0.336176,6.17596,2.0403,11.5619,1.01001,18.4319,0.42336,36.966,0.42336,423.524,0,1.02816,0,0,7.20412,6.17596,1.028160,1,0,137.283,0,0,0,137.283,0
77.7838,2.84104,0,0,4.10927,0.407088,0.36288,3.6288,61.308,0.557591,0,0,1.16437,0.197609,0.40917,0.66528,12.849,1,0.472332,0.36288,0,106.321,3.63541,102.576,0.84672,12.849,0.84672,3695.15,0,36.966,0.336203,4.52301,2.10575,8.43143,0.833499,13.8905,0.42336,36.966,0.42336,423.524,0,1.02816,0,0,5.55117,4.52301,1.028160,1,0,116.876,0,0,0,116.876,0
77.6727,2.84374,0,0,3.50464,0.40911,0.36288,3.6288,61.308,0.557636,0,0,0.993298,0.197609,0.238053,0.66528,12.849,1,0.469753,0.36288,0,90.2405,3.63541,86.4982,0.84672,12.849,0.84672,3695.15,0,36.966,0.336229,3.74353,2.10583,7.63759,0.833499,12.3172,0.42336,36.966,0.42336,423.524,0,1.02816,0,0,4.77169,3.74353,1.028160,1,0,99.0535,0,0,0,99.0535,0
77.3281,2.84327,0,0,3.27012,0.408659,0.36288,3.6288,61.308,0.55768,0,0,0.9741,0.197609,0.21881,0.66528,12.849,1,0.470347,0.36288,0,83.6551,3.63541,79.9122,0.84672,12.849,0.84672,3695.15,0,36.966,0.336256,3.66035,2.10591,7.56095,0.833499,12.1575,0.42336,36.966,0.42336,423.524,0,1.02816,0,0,4.68851,3.66035,1.028160,1,0,92.2885,0,0,0,92.2885,0
76.6359,3.11874,0,0,3.30932,0.519804,0.36288,3.6288,61.308,0.66528,0,0,1.27364,0.153208,0.455152,0.66528,12.849,1,0.518216,0.36288,0,127.125,2.82156,124.148,0.84672,12.849,0.84672,3695.15,0,36.966,0.454734,3.80015,2.10598,10.648,0.833581,15.2658,0.42336,36.966,0.42336,423.524,0,1.02816,0,0,4.82831,3.80015,1.028160,1,0,139.869,0,0,0,139.869,0
75.3886,3.11485,0,0,2.74656,0.51622,0.36288,3.6288,61.308,0.66528,0,0,0.979655,0.153208,0.161167,0.66528,12.849,1,0.522244,0.36288,0,78.853,2.82156,75.872,0.84672,12.849,0.84672,3695.15,0,36.966,0.454814,2.26345,2.34124,9.60846,0.833581,12.9248,0.42336,36.966,0.42336,423.524,0,1.02816,0,0,3.29161,2.26345,1.028160,1,0,88.958,0,0,0,88.958,0
76.3219,3.10758,0,0,4.90259,0.498822,0.36288,3.6288,61.308,0.66528,0,0,1.77088,0.169806,0.935794,0.66528,12.849,1,0.529646,0.36288,0,125.518,3.21468,122.136,0.84672,12.849,0.84672,3695.15,0,36.966,0.454895,5.58042,2.34133,12.3474,0.956568,18.8577,0.42336,36.966,0.42336,423.524,0,1.02816,0,0,6.60858,5.58042,1.028160,1,0,141.93,0,0,0,141.93,0
77.8806,3.11324,0,0,5.52367,0.488827,0.36288,3.6288,61.308,0.66528,0,0,2.33936,0.191937,1.48214,0.66528,12.849,1,0.524122,0.36288,0,133.774,3.73884,129.874,0.84672,12.849,0.84672,3695.15,0,36.966,0.454975,9.36761,2.34142,15.4558,1.12055,25.5893,0.42336,36.966,0.42336,423.524,0,1.02816,0,0,10.3958,9.36761,1.028160,1,0,156.945,0,0,0,156.945,0
77.9913,2.72658,0,0,3.61672,0.416532,0.36288,3.6288,61.308,0.509675,0,0,1.58439,0.166406,0.908305,0.66528,12.849,1,0.44984,0.36288,0,73.0788,4.24588,68.746,0.84672,12.849,0.84672,3695.15,0,36.966,0.307311,3.19323,2.34151,9.75793,1.2147,13.7707,0.42336,36.966,0.42336,423.524,0,1.02816,0,0,4.22139,3.19323,1.028160,1,0,83.425,0,0,0,83.425,0
77.7287,2.72723,0,0,3.24434,0.416891,0.36288,3.6288,61.308,0.509718,0,0,1.30694,0.158569,0.638651,0.66528,12.849,1,0.449309,0.36288,0,64.9304,4.18005,60.6639,0.84672,12.849,0.84672,3695.15,0,36.966,0.307337,2.36385,2.02082,8.35885,1.18293,11.2533,0.42336,36.966,0.42336,423.524,0,1.02816,0,0,3.39201,2.36385,1.028160,1,0,72.5558,0,0,0,72.5558,0
77.8308,2.72603,0,0,3.60685,0.415807,0.36288,3.6288,61.308,0.509761,0,0,1.327,0.158569,0.65867,0.66528,12.849,1,0.450628,0.36288,0,72.9838,4.18005,68.716,0.84672,12.849,0.84672,3695.15,0,36.966,0.307363,2.26662,2.0209,8.49537,1.18293,11.2926,0.42336,36.966,0.42336,423.524,0,1.02816,0,0,3.29478,2.26662,1.028160,1,0,80.6673,0,0,0,80.6673,0
77.5709,2.72664,0,0,3.2596,0.430006,0.36288,3.6288,61.308,0.509804,0,0,1.23496,0.171363,0.553792,0.66528,12.849,1,0.450138,0.36288,0,65.2707,3.81003,61.3734,0.84672,12.849,0.84672,3695.15,0,36.966,0.307389,1.86566,2.02097,7.29657,1.18233,9.69348,0.42336,36.966,0.42336,423.524,0,1.02816,0,0,2.89382,1.86566,1.028160,1,0,71.6207,0,0,0,71.6207,0
77.718,2.72545,0,0,3.68228,0.446865,0.36288,3.6288,61.308,0.509847,0,0,1.22894,0.163335,0.555755,0.66528,12.849,1,0.451448,0.36288,0,66.0271,3.82219,62.1163,0.84672,12.849,0.84672,3695.15,0,36.966,0.307415,1.90897,2.02105,6.94932,1.15317,9.41875,0.42336,36.966,0.42336,423.524,0,1.02816,0,0,2.93713,1.90897,1.028160,1,0,72.0908,0,0,0,72.0908,0
77.0505,2.82589,0,0,2.97454,0.453272,0.36288,3.6288,61.308,0.556194,0,0,0.809292,0.150118,0.10298,0.66528,12.849,1,0.467201,0.36288,0,46.8342,4.03945,42.6904,0.84672,12.849,0.84672,3695.15,0,36.966,0.33536,1.00525,2.02112,5.72474,1.13164,7.28411,0.42336,36.966,0.42336,423.524,0,1.02816,0,0,2.03341,1.00525,1.028160,1,0,50.0775,0,0,0,50.0775,0
76.0245,2.82253,0,0,2.60975,0.45027,0.36288,3.6288,61.308,0.556239,0,0,0.888719,0.150118,0.182363,0.66528,12.849,1,0.470687,0.36288,0,40.4301,4.03945,36.2828,0.84672,12.849,0.84672,3695.15,0,36.966,0.335387,1.28675,2.1003,5.94357,1.13164,7.86359,0.42336,36.966,0.42336,423.524,0,1.02816,0,0,2.31491,1.28675,1.028160,1,0,44.3288,0,0,0,44.3288,0
75.0771,2.8172,0,0,2.65313,0.420425,0.36288,3.6288,61.308,0.556283,0,0,0.914734,0.159633,0.198818,0.66528,12.849,1,0.476139,0.36288,0,41.2351,4.1558,36.966,0.84672,12.849,0.84672,3695.15,0,36.966,0.335414,1.61177,2.10038,6.66989,1.15454,8.89208,0.42336,36.966,0.42336,423.524,0,1.02816,0,0,2.63993,1.61177,1.028160,1,0,46.0569,0,0,0,46.0569,0
73.9887,2.81217,0,0,2.45822,0.371652,0.36288,3.6288,61.308,0.556328,0,0,0.884563,0.173957,0.154278,0.66528,12.849,1,0.481287,0.36288,0,38.3777,4.27686,33.9824,0.84672,12.849,0.84672,3695.15,0,36.966,0.335441,1.30327,2.10045,5.35234,1.20766,7.21296,0.42336,36.966,0.42336,423.524,0,1.02816,0,0,2.33143,1.30327,1.028160,1,0,41.3496,0,0,0,41.3496,0
72.9419,2.76757,0,0,2.49019,0.406531,0.36288,3.6288,61.308,0.538386,0,0,1.08823,0.148553,0.401287,0.66528,12.849,1,0.480621,0.36288,0,39.5435,3.82854,35.5972,0.84672,12.849,0.84672,3695.15,0,36.966,0.324623,1.37772,2.10053,4.8673,1.19489,6.82603,0.42336,36.966,0.42336,423.524,0,1.02816,0,0,2.40588,1.37772,1.028160,1,0,42.8245,0,0,0,42.8245,0
71.6199,2.76181,0,0,2.20448,0.401769,0.36288,3.6288,61.308,0.53843,0,0,0.9417,0.175585,0.227685,0.66528,12.849,1,0.486503,0.36288,0,34.7501,4.13472,30.4917,0.84672,12.849,0.84672,3695.15,0,36.966,0.324649,1.19509,2.06983,4.39672,1.2212,6.11579,0.42336,36.966,0.42336,423.524,0,1.02816,0,0,2.22325,1.19509,1.028160,1,0,36.8352,0,0,0,36.8352,0
70.3224,2.7543,0,0,2.04183,0.2221,0.36288,3.6288,61.308,0.538474,0,0,0.858108,0.208284,0.11135,0.66528,12.849,1,0.494136,0.36288,0,31.8877,4.42302,27.3335,0.84672,12.849,0.84672,3695.15,0,36.966,0.324676,1.02853,2.0699,4.1481,1.23842,5.68344,0.42336,36.966,0.42336,423.524,0,1.02816,0,0,2.05669,1.02853,1.028160,1,0,33.1283,0,0,0,33.1283,0
68.988,2.74669,0,0,1.99506,0.219902,0.36288,3.6288,61.308,0.538518,0,0,0.963084,0.208284,0.216282,0.66528,12.849,1,0.501863,0.36288,0,30.9588,4.42302,26.3968,0.84672,12.849,0.84672,3695.15,0,36.966,0.324702,1.31965,2.06998,4.93808,1.23842,6.76459,0.42336,36.966,0.42336,423.524,0,1.02816,0,0,2.34781,1.31965,1.028160,1,0,33.3777,0,0,0,33.3777,0
67.4901,2.86852,0,0,1.92059,0.187115,0.36288,3.6288,61.308,0.602357,0,0,0.989816,0.238009,0.149449,0.66528,12.849,1,0.534261,0.36288,0,34.7729,4.54101,30.0605,0.84672,12.849,0.84672,3695.15,0,36.966,0.363195,1.26567,2.07006,4.22258,1.15164,6.04348,0.42336,36.966,0.42336,423.524,0,1.02816,0,0,2.29383,1.26567,1.028160,1,0,36.2534,0,0,0,36.2534,0
65.9766,2.85867,0,0,1.88795,0.179906,0.36288,3.6288,61.308,0.602404,0,0,0.944482,0.242964,0.0991143,0.66528,12.849,1,0.544243,0.36288,0,33.595,4.56068,28.853,0.84672,12.849,0.84672,3695.15,0,36.966,0.363223,1.07939,2.17802,3.89652,1.13718,5.65353,0.42336,36.966,0.42336,423.524,0,1.02816,0,0,2.10755,1.07939,1.028160,1,0,34.6056,0,0,0,34.6056,0
64.2777,2.84832,0,0,1.66952,0.157202,0.36288,3.6288,61.308,0.60245,0,0,0.886507,0.257129,0.0269285,0.66528,12.849,1,0.554713,0.36288,0,29.8636,4.72132,24.9505,0.84672,12.849,0.84672,3695.15,0,36.966,0.363251,0.960371,2.1781,3.8051,1.17823,5.4021,0.42336,36.966,0.42336,423.524,0,1.02816,0,0,1.98853,0.960371,1.028160,1,0,30.3795,0,0,0,30.3795,0
62.5309,2.83621,0,0,1.58033,0.128031,0.36288,3.6288,61.28,0.602496,0,0,0.85053,0.276015,0,0.66528,12.849,1,0.566953,0.36288,0,27.6233,4.93553,22.4837,0.84672,12.849,0.84672,3695.15,0,36.966,0.363279,0.855066,2.17819,3.70437,1.23295,5.14138,0.42336,36.966,0.42336,423.524,0,1.02816,0,0,1.88323,0.855066,1.028160,1,0,27.6251,0,0,0,27.6251,0
60.6846,2.82318,0,0,1.46132,0.121575,0.36288,3.6288,61.1275,0.602439,0,0,0.719928,0.270012,0,0.66528,12.849,1,0.580113,0.36288,0,25.3083,4.94621,20.1449,0.84672,12.849,0.84672,3695.15,0,36.966,0.36341,0.841769,2.17827,3.28643,1.28993,4.65312,0.42336,36.966,0.42336,423.524,0,1.02816,0,0,1.86993,0.841769,1.028160,1,0,24.798,0,0,0,24.798,0
58.8225,2.78356,0,0,1.40065,0.116301,0.36288,3.6288,60.843,0.636951,0,0,0.617767,0.26529,0,0.66528,12.849,1,0.589374,0.36288,0,23.7278,4.95422,18.5471,0.84672,12.849,0.84672,3695.15,0,36.966,0.385187,0.80142,2.17835,2.89172,1.33267,4.15363,0.42336,36.966,0.42336,423.524,0,1.02816,0,0,1.82958,0.80142,1.028160,1,0,22.7007,0,0,0,22.7007,0
56.8718,2.76835,0,0,1.29482,0.114294,0.36288,3.6288,60.5396,0.635878,0,0,0.597259,0.264812,0,0.66528,12.849,1,0.604709,0.36288,0,23.5845,4.95422,18.3885,0.84672,12.849,0.84672,3695.15,0,36.966,0.386337,0.770446,2.21615,2.93221,1.33267,4.1998,0.42336,36.966,0.42336,423.524,0,1.02816,0,0,1.79861,0.770446,1.028160,1,0,22.5883,0,0,0,22.5883,0
54.8207,2.75153,0,0,1.17547,0.112138,0.36288,3.6288,60.2048,0.634724,0,0,0.564223,0.264303,0,0.66528,12.849,1,0.621652,0.36288,0,22.8837,4.95422,17.6707,0.84672,12.849,0.84672,3695.15,0,36.966,0.387568,0.594009,2.21623,2.75625,1.33267,3.84625,0.42336,36.966,0.42336,423.524,0,1.02816,0,0,1.62217,0.594009,1.028160,1,0,21.517,0,0,0,21.517,0
52.7353,2.73279,0,0,1.1126,0.102346,0.36288,3.6288,59.8237,0.633436,0,0,0.530991,0.278685,0,0.66528,12.849,1,0.640518,0.36288,0,20.8569,5.20053,15.3787,0.84672,12.849,0.84672,3695.15,0,36.966,0.388932,0.504619,2.21631,2.67171,1.40666,3.59705,0.42336,36.966,0.42336,423.524,0,1.02816,0,0,1.53278,0.504619,1.028160,1,0,18.9758,0,0,0,18.9758,0
50.7818,2.77583,0,0,1.26925,0.0841072,0.36288,3.6288,59.3588,0.662922,0,0,0.489439,0.291396,0,0.66528,12.849,1,0.676334,0.36288,0,23.3767,5.69037,17.3729,0.84672,12.849,0.84672,3695.15,0,36.966,0.40963,0.56211,2.2164,2.58167,1.48996,3.46059,0.42336,36.966,0.42336,423.524,0,1.02816,0,0,1.59027,0.56211,1.028160,1,0,20.8335,0,0,0,20.8335,0
48.7696,2.75517,0,0,1.18833,0.0824185,0.36288,3.6288,58.8792,0.660993,0,0,0.471972,0.290531,0,0.66528,12.849,1,0.697124,0.36288,0,21.9283,5.69037,15.9037,0.84672,12.849,0.84672,3695.15,0,36.966,0.411637,0.573402,2.26995,2.6703,1.48996,3.61206,0.42336,36.966,0.42336,423.524,0,1.02816,0,0,1.60156,0.573402,1.028160,1,0,19.5158,0,0,0,19.5158,0
46.6443,2.73251,0,0,1.05072,0.0806731,0.36288,3.6288,58.3749,0.658981,0,0,0.444308,0.28964,0,0.66528,12.849,1,0.719915,0.36288,0,20.7144,5.69037,14.667,0.84672,12.849,0.84672,3695.15,0,36.966,0.413727,0.407488,2.27003,2.50508,1.48996,3.27892,0.42336,36.966,0.42336,423.524,0,1.02816,0,0,1.43565,0.407488,1.028160,1,0,17.9459,0,0,0,17.9459,0
44.4529,2.70689,0,0,0.949467,0.0710705,0.36288,3.6288,57.8642,0.656841,0,0,0.439919,0.293786,0,0.66528,12.849,1,0.745661,0.36288,0,19.6359,5.83992,13.4132,0.84672,12.849,0.84672,3695.15,0,36.966,0.415946,0.36466,2.27011,2.49954,1.51984,3.19854,0.42336,36.966,0.42336,423.524,0,1.02816,0,0,1.39282,0.36466,1.028160,1,0,16.6117,0,0,0,16.6117,0
42.1583,2.85736,0,0,0.984839,0.0592082,0.36288,3.6288,57.2784,0.66528,0,0,0.382637,0.30313,0,0.66528,12.849,1,0.825912,0.36288,0,18.6373,6.08293,12.0913,0.84672,12.849,0.84672,3695.15,0,36.966,0.588474,0.39382,2.2702,2.49311,1.4954,3.07325,0.42336,36.966,0.42336,423.524,0,1.02816,0,0,1.42198,0.39382,1.028160,1,0,15.1645,0,0,0,15.1645,0
40.111,2.82301,0,0,1.1954,0.0568177,0.36288,3.6288,56.7454,0.66528,0,0,0.437789,0.305537,0,0.66528,12.849,1,0.860397,0.36288,0,22.1003,6.11079,15.492,0.84672,12.849,0.84672,3695.15,0,36.966,0.588559,0.714623,2.45325,2.67653,1.49735,3.75849,0.42336,36.966,0.42336,423.524,0,1.02816,0,0,1.74278,0.714623,1.028160,1,0,19.2505,0,0,0,19.2505,0
37.8506,2.78985,0,0,0.947825,0.055462,0.36288,3.6288,56.1042,0.66528,0,0,0.328596,0.30448,0,0.66528,12.849,1,0.893691,0.36288,0,24.2672,6.11079,17.6256,0.84672,12.849,0.84672,3695.15,0,36.966,0.588644,0.280765,2.45334,2.14906,1.49735,2.79718,0.42336,36.966,0.42336,423.524,0,1.02816,0,0,1.30893,0.280765,1.028160,1,0,20.4227,0,0,0,20.4227,0
35.8356,2.75011,0,0,1.15204,0.0540215,0.36288,3.6288,55.664,0.66528,0,0,0.528288,0.30321,0,0.66528,12.849,1,0.93357,0.36288,0,21.1536,6.11079,14.4721,0.84672,12.849,0.84672,3695.15,0,36.966,0.588729,1.14197,2.45343,3.09651,1.49735,4.60584,0.42336,36.966,0.42336,423.524,0,1.02816,0,0,2.17013,1.14197,1.028160,1,0,19.0779,0,0,0,19.0779,0
33.7358,2.71157,0,0,1.00459,0.0299977,0.36288,3.6288,55.5199,0.66528,0,0,0.814912,0.293814,0,0.66528,12.849,1,0.972245,0.36288,0,18.3318,5.62197,12.1005,0.84672,12.849,0.84672,3695.15,0,36.966,0.588814,1.74026,2.45353,3.18868,1.32933,5.46432,0.42336,36.966,0.42336,423.524,0,1.02816,0,0,2.76842,1.74026,1.028160,1,0,17.5648,0,0,0,17.5648,0
31.8267,2.58645,0,0,1.03789,-0.00233566,0.36288,3.6288,55.1135,0.66528,0,0,0.556636,0.297681,0,0.66528,12.849,1,0.985105,0.36288,0,16.2981,5.40151,10.2743,0.84672,12.849,0.84672,3695.15,0,36.966,0.479086,0.69622,2.45362,2.20502,1.27319,3.60258,0.42336,36.966,0.42336,423.524,0,1.02816,0,0,1.72438,0.69622,1.028160,1,0,13.8769,0,0,0,13.8769,0
29.7793,2.54445,0,0,0.857667,-0.00228073,0.36288,3.6288,54.6418,0.66528,0,0,0.490387,0.296887,0,0.66528,12.849,1,1.02724,0.36288,0,15.0479,5.40151,8.98207,0.84672,12.849,0.84672,3695.15,0,36.966,0.479167,0.50512,2.3478,2.04202,1.27319,3.14258,0.42336,36.966,0.42336,423.524,0,1.02816,0,0,1.53328,0.50512,1.028160,1,0,12.1247,0,0,0,12.1247,0
28.4543,2.4952,0,0,1.59428,0.0611925,0.36288,3.6288,54.516,0.66528,0,0,0.762902,0.223354,0,0.66528,12.849,1,1.07662,0.36288,0,26.5693,4.36337,21.4922,0.84672,12.849,0.84672,3695.15,0,36.966,0.479248,0.887501,2.34789,3.54544,0.948704,5.35288,0.42336,36.966,0.42336,423.524,0,1.02816,0,0,1.91566,0.887501,1.028160,1,0,26.8451,0,0,0,26.8451,0
28.7212,2.46076,0,0,3.17555,0.0850167,0.36288,3.6288,54.8185,0.66528,0,0,1.16191,0.194148,0,0.66528,12.849,1,1.1112,0.36288,0,53.2509,3.94811,48.5545,0.84672,12.849,0.84672,3695.15,0,36.966,0.479329,1.62672,2.34798,5.0655,0.818909,7.74196,0.42336,36.966,0.42336,423.524,0,1.02816,0,0,2.65488,1.62672,1.028160,1,0,56.2965,0,0,0,56.2965,0
27.075,2.40423,0,0,1.27195,0.151058,0.36288,3.6288,54.8058,0.62396,0,0,0.83391,0.222626,0,0.66528,12.849,1,1.07558,0.36288,0,30.9333,4.52204,25.6985,0.84672,12.849,0.84672,3695.15,0,36.966,0.420757,1.08301,2.34807,4.6682,1.08333,6.59519,0.42336,36.966,0.42336,423.524,0,1.02816,0,0,2.11117,1.08301,1.028160,1,0,32.2937,0,0,0,32.2937,0
25.2232,2.35997,0,0,1.01874,0.147668,0.36288,3.6288,54.4623,0.690044,0,0,0.569169,0.222607,0,0.66528,12.849,1,1.11997,0.36288,0,26.0526,4.52204,20.7735,0.84672,12.849,0.84672,3695.15,0,36.966,0.465428,0.216518,2.25362,3.9717,1.08333,4.89309,0.42336,36.966,0.42336,423.524,0,0.917482,0,0,1.134,0.216518,1.028160,1,0,25.6666,0,0,0,25.6666,0
24.6219,2.30558,0,0,2.211,0.143856,0.36288,3.6288,54.8059,0.622413,0,0,1.18808,0.222103,0,0.66528,12.849,1,1.17449,0.36288,0,38.9822,4.52204,33.6486,0.84672,12.849,0.84672,3695.15,0,36.966,0.422459,1.51121,2.25371,5.74379,1.08333,8.00293,0.42336,36.966,0.42336,423.524,0,1.02816,0,0,2.53937,1.51121,1.028160,1,0,41.6515,0,0,0,41.6515,0
26.3474,2.28682,0,0,4.5178,0.142618,0.36288,3.6288,56.2584,0.62404,0,0,2.29917,0.222608,0,0.66528,12.849,1,1.19338,0.36288,0,78.0855,4.52204,72.7329,0.84672,12.849,0.84672,3695.15,0,36.966,0.420908,4.51821,2.25379,9.22189,1.08333,14.4896,0.42336,36.966,0.42336,423.524,0,1.02816,0,0,5.54637,4.51821,1.028160,1,0,87.2226,0,0,0,87.2226,0
26.2717,2.16325,0,0,2.62042,0.169984,0.36288,3.6288,56.5713,0.504975,0,0,1.03618,0.218365,0,0.66528,12.849,1,1.05497,0.36288,0,38.6724,4.33648,33.6438,0.84672,12.849,0.84672,3695.15,0,36.966,0.331806,1.59339,2.25387,6.0515,1.12434,8.44261,0.42336,36.966,0.42336,423.524,0,1.02816,0,0,2.62155,1.59339,1.028160,1,0,42.0864,0,0,0,42.0864,0
25.8502,2.16129,0,0,2.28098,0.178226,0.36288,3.6288,56.6639,0.506127,0,0,0.812825,0.214104,0,0.66528,12.849,1,1.05705,0.36288,0,31.6326,4.15071,26.7877,0.84672,12.849,0.84672,3695.15,0,36.966,0.330724,1.7658,2.04395,6.20479,0.973538,8.71028,0.42336,36.966,0.42336,423.524,0,1.02816,0,0,2.79396,1.7658,1.028160,1,0,35.498,0,0,0,35.498,0
26.2369,2.14986,0,0,3.07284,0.173443,0.36288,3.6288,56.85,0.506496,0,0,0.889583,0.196949,0,0.66528,12.849,1,1.0686,0.36288,0,44.0461,4.30311,39.0373,0.84672,12.849,0.84672,3695.15,0,36.966,0.330424,2.32826,2.04402,7.91381,1.04687,10.9088,0.42336,36.966,0.42336,423.524,0,1.02816,0,0,3.35642,2.32826,1.028160,1,0,49.9461,0,0,0,49.9461,0
26.9372,2.16051,0,0,3.39814,0.174394,0.36288,3.6288,56.9013,0.507194,0,0,0.75568,0.197188,0,0.66528,12.849,1,1.05807,0.36288,0,49.105,4.30311,44.1067,0.84672,12.849,0.84672,3695.15,0,36.966,0.329796,0.935937,2.0441,5.78109,1.04687,7.38447,0.42336,36.966,0.42336,423.524,0,1.02816,0,0,1.9641,0.935937,1.028160,1,0,51.4912,0,0,0,51.4912,0
28.478,2.17922,0,0,4.25403,0.171169,0.36288,3.6288,57.843,0.507416,0,0,1.65218,0.20307,0,0.66528,12.849,1,1.03948,0.36288,0,70.0514,4.2033,65.1715,0.84672,12.849,0.84672,3695.15,0,36.966,0.329643,1.28736,2.04418,6.914,1.00644,8.90945,0.42336,36.966,0.42336,423.524,0,1.02816,0,0,2.31552,1.28736,1.028160,1,0,74.0809,0,0,0,74.0809,0
28.3891,2.28753,0,0,2.72373,0.162217,0.36288,3.6288,58.0652,0.547525,0,0,0.988658,0.218945,0,0.66528,12.849,1,1.03211,0.36288,0,58.8208,3.95378,54.1978,0.84672,12.849,0.84672,3695.15,0,36.966,0.34991,0.768407,2.04425,4.49239,0.905364,6.04977,0.42336,36.966,0.42336,423.524,0,1.02816,0,0,1.79657,0.768407,1.028160,1,0,60.2475,0,0,0,60.2475,0
27.6823,2.28538,0,0,2.10346,0.16202,0.36288,3.6288,58.1395,0.548378,0,0,0.841986,0.219259,0,0.66528,12.849,1,1.03437,0.36288,0,36.5845,3.95378,31.9593,0.84672,12.849,0.84672,3695.15,0,36.966,0.349114,0.547396,2.10982,3.86226,0.905364,5.265,0.42336,36.966,0.42336,423.524,0,1.02816,0,0,1.57556,0.547396,1.028160,1,0,37.2243,0,0,0,37.2243,0
26.7881,2.26741,0,0,1.92959,0.193498,0.36288,3.6288,57.8011,0.787586,0,0,0.636117,0.18695,0,0.66528,12.849,1,1.05244,0.36288,0,45.5243,3.8436,40.9912,0.84672,12.849,0.84672,3695.15,0,36.966,0.500759,0.503194,2.10988,5.1648,0.818206,6.45891,0.42336,36.966,0.42336,423.524,0,0.637364,0,0,1.14056,0.503194,1.028160,1,0,47.4501,0,0,0,47.4501,0
26.8158,2.24373,0,0,2.83845,0.20416,0.36288,3.6288,58.1147,0.547476,0,0,1.03465,0.173604,0,0.66528,12.849,1,1.07621,0.36288,0,77.5302,3.79953,73.0173,0.84672,12.849,0.84672,3695.15,0,36.966,0.350132,0.979621,2.10994,8.93095,0.783343,10.887,0.42336,36.966,0.42336,423.524,0,1.02816,0,0,2.00778,0.979621,1.028160,1,0,83.9044,0,0,0,83.9044,0
25.7296,2.46348,0,0,1.92472,0.184528,0.36288,3.6288,57.8792,0.763069,0,0,0.722693,0.195102,0,0.66528,12.849,1,1.1804,0.36288,0,43.1766,3.72807,38.631,0.84672,12.849,0.84672,3695.15,0,36.966,0.485379,0.503194,2.11001,4.26577,1.02732,5.36627,0.42336,36.966,0.42336,423.524,0,0.903813,0,0,1.40701,0.503194,1.028160,1,0,43.9973,0,0,0,43.9973,0
24.4113,2.43032,0,0,1.6516,0.176758,0.36288,3.6288,57.1972,1.01119,0,0,0.51118,0.182003,0,0.66528,12.849,1,1.21367,0.36288,0,36.9822,3.85188,32.2796,0.84672,12.849,0.84672,3695.15,0,36.966,0.645822,0.503194,2.3457,3.48093,1.09823,4.58577,0.42336,36.966,0.42336,423.524,0,0.495314,0,0,0.998507,0.503194,1.028160,1,0,36.8653,0,0,0,36.8653,0
23.3707,2.38745,0,0,1.88292,0.173164,0.36288,3.6288,56.9954,0.66528,0,0,0.641968,0.178493,0,0.66528,12.849,1,1.25665,0.36288,0,43.5199,3.8745,38.7517,0.84672,12.849,0.84672,3695.15,0,36.966,0.45895,0.518642,2.34577,4.8646,1.10327,6.16679,0.42336,36.966,0.42336,423.524,0,1.02816,0,0,1.5468,0.518642,1.028160,1,0,44.9185,0,0,0,44.9185,0
22.8679,2.35141,0,0,2.3821,0.170554,0.36288,3.6288,56.6533,0.823518,0,0,0.659716,0.178259,0,0.66528,12.849,1,1.29279,0.36288,0,56.8999,3.8745,52.0955,0.84672,12.849,0.84672,3695.15,0,36.966,0.534117,0.608429,2.34584,4.48203,1.10327,5.79891,0.42336,36.966,0.42336,423.524,0,0.79482,0,0,1.40325,0.608429,1.028160,1,0,57.8944,0,0,0,57.8944,0
25.9735,2.03753,0,0,5.73056,0.224545,0.36288,3.6288,58.4194,0.496487,0,0,2.41528,0.152728,0,0.66528,12.849,1,1.14484,0.36288,0,102.044,3.31947,97.9422,0.84672,12.849,0.84672,3695.15,0,36.966,0.323955,3.78918,2.34591,13.3008,0.991067,18.1208,0.42336,36.966,0.42336,423.524,0,1.02816,0,0,4.81734,3.78918,1.028160,1,0,116.063,0,0,0,116.063,0
28.5001,2.12917,0,0,5.26292,0.244342,0.36288,3.6288,59.7753,0.502519,0,0,2.00871,0.150247,0,0.66528,12.849,1,1.05329,0.36288,0,113.045,3.22697,109.128,0.84672,12.849,0.84672,3695.15,0,36.966,0.317979,2.51448,2.02461,10.2243,0.972366,13.4731,0.42336,36.966,0.42336,423.524,0,1.02816,0,0,3.54264,2.51448,1.028160,1,0,122.601,0,0,0,122.601,0
29.3512,2.1936,0,0,3.66073,0.253084,0.36288,3.6288,60.5518,0.50701,0,0,1.43507,0.151559,0,0.66528,12.849,1,0.988964,0.36288,0,104.823,3.22697,100.97,0.84672,12.849,0.84672,3695.15,0,36.966,0.313543,2.11043,2.02467,9.82904,0.972366,12.6782,0.42336,36.966,0.42336,423.524,0,1.02816,0,0,3.13859,2.11043,1.028160,1,0,113.648,0,0,0,113.648,0
30.6313,2.21361,0,0,4.06888,0.212362,0.36288,3.6288,61.197,0.509541,0,0,1.2711,0.116385,0,0.66528,12.849,1,0.969045,0.36288,0,95.2474,2.7038,91.9374,0.84672,12.849,0.84672,3695.15,0,36.966,0.311067,1.82054,2.02473,9.28938,0.897213,11.9264,0.42336,36.966,0.42336,423.524,0,1.02816,0,0,2.8487,1.82054,1.028160,1,0,103.864,0,0,0,103.864,0
31.0339,2.24221,0,0,3.21539,0.207679,0.36288,3.6288,61.308,0.51162,0,0,1.25065,0.12659,0.501447,0.66528,12.849,1,0.940546,0.36288,0,96.0085,2.51247,92.9184,0.84672,12.849,0.84672,3695.15,0,36.966,0.309044,2.21766,2.02479,8.20364,0.842966,11.2941,0.42336,36.966,0.42336,423.524,0,1.02816,0,0,3.24582,2.21766,1.028160,1,0,104.714,0,0,0,104.714,0
31.0408,2.33315,0,0,2.90332,0.200422,0.36288,3.6288,61.308,0.558393,0,0,0.954323,0.205986,0.189943,0.66528,12.849,1,0.965995,0.36288,0,111.135,3.66943,106.862,0.84672,12.849,0.84672,3695.15,0,36.966,0.336686,1.88657,2.02485,7.03231,1.14055,9.4665,0.42336,36.966,0.42336,423.524,0,1.02816,0,0,2.91473,1.88657,1.028160,1,0,116.518,0,0,0,116.518,0
31.4258,2.33337,0,0,3.28175,0.20044,0.36288,3.6288,61.308,0.558429,0,0,1.20509,0.205986,0.440675,0.66528,12.849,1,0.965873,0.36288,0,118.104,3.66943,113.832,0.84672,12.849,0.84672,3695.15,0,36.966,0.336708,2.35833,2.10415,7.29542,1.14055,10.2806,0.42336,36.966,0.42336,423.524,0,1.02816,0,0,3.38649,2.35833,1.028160,1,0,124.553,0,0,0,124.553,0
31.8209,2.34184,0,0,3.30126,0.201428,0.36288,3.6288,61.308,0.558465,0,0,1.3439,0.205986,0.579449,0.66528,12.849,1,0.957501,0.36288,0,100.433,3.66943,96.169,0.84672,12.849,0.84672,3695.15,0,36.966,0.33673,2.75592,2.10422,6.49297,1.14055,9.87582,0.42336,36.966,0.42336,423.524,0,1.02816,0,0,3.78408,2.75592,1.028160,1,0,106.624,0,0,0,106.624,0
33.6915,2.35038,0,0,4.77484,0.19106,0.36288,3.6288,61.308,0.558501,0,0,1.75004,0.18821,1.00333,0.66528,12.849,1,0.94906,0.36288,0,167.892,3.54643,163.76,0.84672,12.849,0.84672,3695.15,0,36.966,0.336751,3.30006,2.10428,13.7121,1.1285,17.6512,0.42336,36.966,0.42336,423.524,0,1.02816,0,0,4.32822,3.30006,1.028160,1,0,182.414,0,0,0,182.414,0
33.6598,2.35567,0,0,2.83567,0.148809,0.36288,3.6288,61.308,0.540518,0,0,0.873288,0.260895,0.0718749,0.66528,12.849,1,0.898388,0.36288,0,86.1054,4.23013,81.3397,0.84672,12.849,0.84672,3695.15,0,36.966,0.325908,1.2576,2.10434,7.05387,1.13229,8.95761,0.42336,36.966,0.42336,423.524,0,1.02816,0,0,2.28576,1.2576,1.028160,1,0,90.3692,0,0,0,90.3692,0
33.3338,2.35513,0,0,2.54083,0.148751,0.36288,3.6288,61.2782,0.540553,0,0,0.771647,0.260895,0,0.66528,12.849,1,0.899028,0.36288,0,73.9014,4.23013,69.1351,0.84672,12.849,0.84672,3695.15,0,36.966,0.325929,0.976406,2.07357,6.14523,1.13229,7.73698,0.42336,36.966,0.42336,423.524,0,1.02816,0,0,2.00457,0.976406,1.028160,1,0,76.8721,0,0,0,76.8721,0
32.8379,2.34886,0,0,2.34935,0.133541,0.36288,3.6288,61.2233,0.540489,0,0,0.718001,0.232408,0,0.66528,12.849,1,0.905399,0.36288,0,70.1914,3.64033,66.0085,0.84672,12.849,0.84672,3695.15,0,36.966,0.32605,0.874826,2.07363,5.53965,0.982698,7.17936,0.42336,36.966,0.42336,423.524,0,1.02816,0,0,1.90299,0.874826,1.028160,1,0,73.1879,0,0,0,73.1879,0
32.2648,2.3391,0,0,2.25575,0.126912,0.36288,3.6288,61.1926,0.540342,0,0,0.730572,0.220955,0,0.66528,12.849,1,0.915255,0.36288,0,64.0405,3.40441,60.0838,0.84672,12.849,0.84672,3695.15,0,36.966,0.326253,1.15985,2.07369,5.80868,0.922862,7.79311,0.42336,36.966,0.42336,423.524,0,1.02816,0,0,2.18801,1.15985,1.028160,1,0,67.8769,0,0,0,67.8769,0
31.5187,2.43795,0,0,2.14618,0.0913925,0.36288,3.6288,61.0847,0.60414,0,0,0.737749,0.241457,0,0.66528,12.849,1,0.97088,0.36288,0,53.1849,3.92192,48.655,0.84672,12.849,0.84672,3695.15,0,36.966,0.364956,1.31547,2.07375,5.45117,1.01332,7.46212,0.42336,36.966,0.42336,423.524,0,1.02816,0,0,2.34363,1.31547,1.028160,1,0,56.1171,0,0,0,56.1171,0
30.6756,2.4217,0,0,2.01829,0.0768212,0.36288,3.6288,60.9061,0.603775,0,0,0.674686,0.249504,0,0.66528,12.849,1,0.987235,0.36288,0,48.8489,4.12892,44.0956,0.84672,12.849,0.84672,3695.15,0,36.966,0.36538,1.06028,2.18189,4.83289,1.0495,6.66018,0.42336,36.966,0.42336,423.524,0,1.02816,0,0,2.08844,1.06028,1.028160,1,0,50.7558,0,0,0,50.7558,0
29.6689,2.40265,0,0,1.83482,0.0759864,0.36288,3.6288,60.7019,0.603146,0,0,0.648108,0.249222,0,0.66528,12.849,1,1.00639,0.36288,0,46.7802,4.12892,42.0078,0.84672,12.849,0.84672,3695.15,0,36.966,0.36607,0.604584,2.18196,4.66865,1.0495,6.03962,0.42336,36.966,0.42336,423.524,0,1.02816,0,0,1.63274,0.604584,1.028160,1,0,48.0474,0,0,0,48.0474,0
28.4771,2.37889,0,0,1.62492,0.0749708,0.36288,3.6288,60.4319,0.602417,0,0,0.58131,0.248899,0,0.66528,12.849,1,1.03025,0.36288,0,40.3402,4.12892,35.5439,0.84672,12.849,0.84672,3695.15,0,36.966,0.366858,0.414789,2.18203,4.3952,1.0495,5.57566,0.42336,36.966,0.42336,423.524,0,1.02816,0,0,1.44295,0.414789,1.028160,1,0,41.1195,0,0,0,41.1195,0
27.157,2.34925,0,0,1.45817,0.0661104,0.36288,3.6288,60.045,0.634873,0,0,0.515271,0.267232,0,0.66528,12.849,1,1.05999,0.36288,0,33.4327,4.57068,28.1649,0.84672,12.849,0.84672,3695.15,0,36.966,0.38835,0.30119,2.18209,3.78232,1.14304,4.73421,0.42336,36.966,0.42336,423.524,0,0.974272,0,0,1.27546,0.30119,1.028160,1,0,32.8991,0,0,0,32.8991,0
25.7643,2.29361,0,0,1.31861,0.0548905,0.36288,3.6288,59.3591,0.840055,0,0,0.44563,0.291526,0,0.66528,12.849,1,1.08519,0.36288,0,28.7904,5.1597,22.9084,0.84672,12.849,0.84672,3695.15,0,36.966,0.51717,0.30119,2.18216,3.475,1.26776,4.17342,0.42336,36.966,0.42336,423.524,0,0.696643,0,0,0.997834,0.30119,1.028160,1,0,27.0818,0,0,0,27.0818,0
24.294,2.25454,0,0,1.20093,0.0538258,0.36288,3.6288,58.6806,0.827071,0,0,0.438852,0.290252,0,0.66528,12.849,1,1.12437,0.36288,0,28.121,5.1597,22.1999,0.84672,12.849,0.84672,3695.15,0,36.966,0.51506,0.30119,2.22001,3.35197,1.26776,4.09035,0.42336,36.966,0.42336,423.524,0,0.711798,0,0,1.01299,0.30119,1.028160,1,0,26.2902,0,0,0,26.2902,0
22.7506,2.21009,0,0,1.08235,0.0527018,0.36288,3.6288,57.9222,0.878101,0,0,0.408669,0.288991,0,0.66528,12.849,1,1.16891,0.36288,0,26.0639,5.1597,20.0981,0.84672,12.849,0.84672,3695.15,0,36.966,0.553162,0.261274,2.22007,3.1915,1.26776,3.85193,0.42336,36.966,0.42336,423.524,0,0.622728,0,0,0.884002,0.261274,1.028160,1,0,23.9501,0,0,0,23.9501,0
21.2256,2.15948,0,0,1.03499,0.0376222,0.36288,3.6288,57.0868,0.880542,0,0,0.386353,0.341254,0,0.66528,12.849,1,1.21962,0.36288,0,23.4979,5.86545,16.7758,0.84672,12.849,0.84672,3695.15,0,36.966,0.561963,0.261274,2.22014,3.03227,1.52537,3.42635,0.42336,36.966,0.42336,423.524,0,0.611548,0,0,0.872821,0.261274,1.028160,1,0,20.2021,0,0,0,20.2021,0
19.8903,2.15409,0,0,1.21954,0.0378989,0.36288,3.6288,56.4647,0.760349,0,0,0.47854,0.34022,0,0.66528,12.849,1,1.30398,0.36288,0,24.9795,6.03141,18.007,0.84672,12.849,0.84672,3695.15,0,36.966,0.492357,0.261274,2.22021,3.23179,1.46923,3.75169,0.42336,36.966,0.42336,423.524,0,0.851602,0,0,1.11288,0.261274,1.028160,1,0,21.7587,0,0,0,21.7587,0
18.4862,2.10097,0,0,1.09698,0.0372078,0.36288,3.6288,55.7961,0.778595,0,0,0.448867,0.338845,0,0.66528,12.849,1,1.35721,0.36288,0,23.5418,6.03141,16.5161,0.84672,12.849,0.84672,3695.15,0,36.966,0.509726,0.261274,2.27383,3.29924,1.46923,3.85539,0.42336,36.966,0.42336,423.524,0,0.816048,0,0,1.07732,0.261274,1.028160,1,0,20.3715,0,0,0,20.3715,0
17.0449,2.04021,0,0,0.998291,0.036481,0.36288,3.6288,55.0532,0.836174,0,0,0.430618,0.337368,0,0.66528,12.849,1,1.41807,0.36288,0,22.1118,6.03141,15.0252,0.84672,12.849,0.84672,3695.15,0,36.966,0.553981,0.261274,2.2739,3.06719,1.46923,3.57916,0.42336,36.966,0.42336,423.524,0,0.714277,0,0,0.975551,0.261274,1.028160,1,0,18.6044,0,0,0,18.6044,0
15.5467,1.9719,0,0,0.863819,0.0273227,0.36288,3.6288,54.3217,0.817865,0,0,0.428813,0.342513,0,0.66528,12.849,1,1.48648,0.36288,0,21.0972,6.27323,13.7003,0.84672,12.849,0.84672,3695.15,0,36.966,0.549163,0.227405,2.27397,3.10813,1.49927,3.56106,0.42336,36.966,0.42336,423.524,0,0.737467,0,0,0.964872,0.227405,1.028160,1,0,17.2614,0,0,0,17.2614,0
13.8658,2.01999,0,0,0.740578,0.0385641,0.36288,3.6288,53.3966,1.00706,0,0,0.392342,0.310306,0,0.66528,12.849,1,1.66948,0.36288,0,16.9716,5.8596,9.80535,0.84672,12.849,0.84672,3695.15,0,36.966,0.685306,0.227405,2.27403,2.62176,1.37257,3.06533,0.42336,36.966,0.42336,423.524,0,0.593387,0,0,0.820791,0.227405,1.028160,1,0,12.8707,0,0,0,12.8707,0
12.3725,1.75805,0,0,0.66979,0.0421882,0.36288,3.6288,52.2079,1.24858,0,0,0.353806,0.294007,0,0.66528,12.849,1,1.62913,0.36288,0,15.0192,5.63892,8.114,0.84672,12.849,0.84672,3695.15,0,36.966,0.894781,0.227405,2.45738,2.30367,1.37764,2.71604,0.42336,36.966,0.42336,423.524,0,0.444856,0,0,0.672261,0.227405,1.028160,1,0,10.83,0,0,0,10.83,0
11.0224,1.66164,0,0,0.715271,0.0408281,0.36288,3.6288,51.0825,1.19281,0,0,0.358702,0.29122,0,0.66528,12.849,1,1.72564,0.36288,0,15.016,5.63892,8.01429,0.84672,12.849,0.84672,3695.15,0,36.966,0.894849,0.227405,2.63442,2.78228,1.37764,3.37161,0.42336,36.966,0.42336,423.524,0,0.500627,0,0,0.728032,0.227405,1.028160,1,0,11.3859,0,0,0,11.3859,0
9.86247,1.5641,0,0,0.806648,0.0395985,0.36288,3.6288,49.9735,1.19112,0,0,0.37071,0.288581,0,0.66528,12.849,1,1.8233,0.36288,0,14.3636,5.63892,7.26423,0.84672,12.849,0.84672,3695.15,0,36.966,0.894918,0.204422,2.63449,3.09262,1.37764,3.65898,0.42336,36.966,0.42336,423.524,0,0.502321,0,0,0.706743,0.204422,1.028160,1,0,10.9232,0,0,0,10.9232,0
8.64312,1.47103,0,0,0.667537,0.0529839,0.36288,3.6288,48.8176,1.24216,0,0,0.35836,0.27216,0,0.66528,12.849,1,1.91648,0.36288,0,16.8528,5.52111,9.77813,0.84672,12.849,0.84672,3695.15,0,36.966,0.91884,0.204422,2.63456,2.61731,1.37092,3.16653,0.42336,36.966,0.42336,423.524,0,0.427426,0,0,0.631848,0.204422,1.028160,1,0,12.9447,0,0,0,12.9447,0
8.02289,1.15631,0,0,0.977098,0.0781293,0.36288,3.6288,47.9846,1.08669,0,0,0.48884,0.235094,0,0.66528,12.849,1,1.71899,0.36288,0,22.5952,5.14888,16.0902,0.84672,12.849,0.84672,3695.15,0,36.966,0.822869,0.204422,2.63464,3.79633,1.36935,4.44317,0.42336,36.966,0.42336,423.524,0,0.325794,0,0,0.530216,0.204422,1.028160,1,0,20.5333,0,0,0,20.5333,0
7.30004,1.10527,0,0,0.821984,0.0766906,0.36288,3.6288,47.5858,0.858763,0,0,0.693446,0.233473,0,0.66528,12.849,1,1.77013,0.36288,0,20.4906,5.14888,13.9345,0.84672,12.849,0.84672,3695.15,0,36.966,0.661567,0.204422,2.26586,4.28528,1.36935,4.72464,0.42336,36.966,0.42336,423.524,0,0.715078,0,0,0.9195,0.204422,1.028160,1,0,18.6591,0,0,0,18.6591,0
6.5237,1.0418,0,0,0.703348,0.0750139,0.36288,3.6288,46.6446,1.09156,0,0,0.383007,0.232698,0,0.66528,12.849,1,1.83369,0.36288,0,20.4706,5.14888,13.8509,0.84672,12.849,0.84672,3695.15,0,36.966,0.847952,0.216518,2.26592,3.18927,1.36935,3.45441,0.42336,36.966,0.42336,423.524,0,0.295955,0,0,0.512474,0.216518,1.028160,1,0,17.3053,0,0,0,17.3053,0
5.84484,0.968344,0,0,0.733821,0.0814583,0.36288,3.6288,45.7053,1.0908,0,0,0.368718,0.21723,0,0.66528,12.849,1,1.90724,0.36288,0,19.676,4.94126,13.1903,0.84672,12.849,0.84672,3695.15,0,36.966,0.864461,0.216518,2.26599,3.20945,1.30445,3.52304,0.42336,36.966,0.42336,423.524,0,0.280264,0,0,0.496783,0.216518,1.028160,1,0,16.7134,0,0,0,16.7134,0
5.37147,0.873445,0,0,0.828749,0.0657925,0.36288,3.6288,45.131,0.890561,0,0,0.492115,0.175884,0,0.66528,12.849,1,1.92014,0.36288,0,19.165,4.26806,13.3397,0.84672,12.849,0.84672,3695.15,0,36.966,0.720278,0.216518,2.26605,3.88991,0.884463,4.76774,0.42336,36.966,0.42336,423.524,0,0.535796,0,0,0.752314,0.216518,1.028160,1,0,18.1074,0,0,0,18.1074,0
5.3858,0.823587,0,0,1.30204,0.101243,0.36288,3.6288,44.5771,0.86032,0,0,0.477452,0.170974,0,0.66528,12.849,1,1.97009,0.36288,0,33.2465,4.4803,27.159,0.84672,12.849,0.84672,3695.15,0,36.966,0.704674,0.216518,2.18201,4.59618,1.02818,5.26185,0.42336,36.966,0.42336,423.524,0,0.581697,0,0,0.798215,0.216518,1.028160,1,0,32.4209,0,0,0,32.4209,0
5.13578,0.825162,0,0,1.0471,0.109075,0.36288,3.6288,43.8667,0.903864,0,0,0.36178,0.168289,0,0.66528,12.849,1,1.9686,0.36288,0,25.9046,4.49977,19.7991,0.84672,12.849,0.84672,3695.15,0,36.966,0.749538,0.216518,2.18207,3.94988,1.05298,4.54595,0.42336,36.966,0.42336,423.524,0,0.493342,0,0,0.709861,0.216518,1.028160,1,0,24.3451,0,0,0,24.3451,0
5.82339,0.797822,0,0,1.95648,0.108179,0.36288,3.6288,44.0796,0.60707,0,0,0.987065,0.167167,0,0.66528,12.849,1,1.99604,0.36288,0,51.6096,4.49977,45.4766,0.84672,12.849,0.84672,3695.15,0,36.966,0.511571,1.14624,2.18213,8.71387,1.05298,10.4777,0.42336,36.966,0.42336,423.524,0,1.02816,0,0,2.1744,1.14624,1.028160,1,0,55.9543,0,0,0,55.9543,0
7.883,0.798628,0,0,3.3352,0.114074,0.36288,3.6288,44.9046,0.507678,0,0,1.50137,0.168614,0,0.66528,12.849,1,1.76213,0.36288,0,100.118,4.07251,94.646,0.84672,12.849,0.84672,3695.15,0,36.966,0.425749,1.17182,2.18219,11.0881,1.00209,13.0143,0.42336,36.966,0.42336,423.524,0,1.02816,0,0,2.19998,1.17182,1.028160,1,0,107.66,0,0,0,107.66,0
8.66655,0.97372,0,0,2.24459,0.124431,0.36288,3.6288,44.7656,0.628904,0,0,0.660603,0.170767,0,0.66528,12.849,1,1.58713,0.36288,0,63.4794,3.75207,58.5031,0.84672,12.849,0.84672,3695.15,0,36.966,0.517721,0.292723,1.99541,6.80849,0.963916,7.61499,0.42336,36.966,0.42336,423.524,0,0.815011,0,0,1.10773,0.292723,1.028160,1,0,66.118,0,0,0,66.118,0
9.06511,1.03155,0,0,1.92039,0.127393,0.36288,3.6288,44.5975,0.649885,0,0,0.652319,0.170545,0,0.66528,12.849,1,1.52938,0.36288,0,57.8489,3.75207,52.9304,0.84672,12.849,0.84672,3695.15,0,36.966,0.536654,0.292723,1.99546,6.73635,0.963916,7.52396,0.42336,36.966,0.42336,423.524,0,0.775146,0,0,1.06787,0.292723,1.028160,1,0,60.4543,0,0,0,60.4543,0
10.3955,1.0594,0,0,2.88096,0.12826,0.36288,3.6288,44.3941,0.64343,0,0,0.624613,0.184518,0,0.66528,12.849,1,1.50161,0.36288,0,54.4646,4.2482,49.0776,0.84672,12.849,0.84672,3695.15,0,36.966,0.533327,0.412474,1.99552,6.77075,1.11794,7.52748,0.42336,36.966,0.42336,423.524,0,0.784979,0,0,1.19745,0.412474,1.028160,1,0,56.6051,0,0,0,56.6051,0
12.5885,1.14539,0,0,3.83276,0.131554,0.36288,3.6288,44.4962,0.509432,0,0,0.816957,0.205463,0,0.66528,12.849,1,1.41572,0.36288,0,76.2273,4.96305,70.2115,0.84672,12.849,0.84672,3695.15,0,36.966,0.424193,0.495573,1.99557,9.24731,1.34534,9.96892,0.42336,36.966,0.42336,423.524,0,1.02816,0,0,1.52373,0.495573,1.028160,1,0,80.1804,0,0,0,80.1804,0
15.507,1.31187,0,0,4.72837,0.135053,0.36288,3.6288,44.7187,0.539296,0,0,0.981539,0.219743,0,0.66528,12.849,1,1.33902,0.36288,0,92.918,5.28318,86.6587,0.84672,12.849,0.84672,3695.15,0,36.966,0.448029,0.807097,1.99563,9.78385,1.47762,10.6609,0.42336,36.966,0.42336,423.524,0,1.02816,0,0,1.83526,0.807097,1.028160,1,0,97.3196,0,0,0,97.3196,0
19.8731,1.81827,0,0,6.69098,0.143803,0.36288,3.6288,45.0028,0.492963,0,0,0.997307,0.220203,0,0.66528,12.849,1,1.5066,0.36288,0,71.445,5.28318,65.0181,0.84672,12.849,0.84672,3695.15,0,36.966,0.4075,0.834538,2.05394,9.2156,1.47762,10.219,0.42336,36.966,0.42336,423.524,0,1.02816,0,0,1.8627,0.834538,1.028160,1,0,75.2371,0,0,0,75.2371,0
24.1144,1.61004,0,0,6.368,0.153747,0.36288,3.6288,45.1994,0.542107,0,0,0.959437,0.22079,0,0.66528,12.849,1,1.04098,0.36288,0,77.6485,5.28318,71.6873,0.84672,12.849,0.84672,3695.15,0,36.966,0.445295,0.750315,2.11313,8.3433,1.47762,9.28383,0.42336,36.966,0.42336,423.524,0,1.02816,0,0,1.77847,0.750315,1.028160,1,0,80.9711,0,0,0,80.9711,0
25.541,1.97191,0,0,3.95201,0.190584,0.36288,3.6288,45.3962,0.661746,0,0,1.06147,0.202869,0,0.66528,12.849,1,1.0507,0.36288,0,54.6324,4.14385,49.8007,0.84672,12.849,0.84672,3695.15,0,36.966,0.541204,1.02896,2.05403,7.74187,1.12658,9.15707,0.42336,36.966,0.42336,423.524,0,1.02816,0,0,2.05712,1.02896,1.028160,1,0,58.9578,0,0,0,58.9578,0
29.4629,2.22678,0,0,6.68661,0.175081,0.36288,3.6288,45.9028,0.66528,0,0,1.35119,0.179324,0,0.66528,12.849,1,1.12023,0.36288,0,104.206,3.56094,99.8878,0.84672,12.849,0.84672,3695.15,0,36.966,0.764494,1.9141,2.29019,12.5643,0.722905,15.2812,0.42336,36.966,0.42336,423.524,0,1.02816,0,0,2.94226,1.9141,1.028160,1,0,115.169,0,0,0,115.169,0
34.1218,2.54124,0,0,7.7614,0.198381,0.36288,3.6288,46.4836,0.624503,0,0,1.39543,0.190106,0,0.66528,12.849,1,1.10826,0.36288,0,124.544,4.10763,119.691,0.84672,12.849,0.84672,3695.15,0,36.966,0.502919,2.37832,2.52623,13.873,0.979046,17.2956,0.42336,36.966,0.42336,423.524,0,1.02816,0,0,3.40648,2.37832,1.028160,1,0,136.986,0,0,0,136.986,0
38.0243,2.65123,0,0,7.12938,0.212779,0.36288,3.6288,46.876,0.628031,0,0,1.21704,0.196624,0,0.66528,12.849,1,0.998353,0.36288,0,113.665,4.27119,108.759,0.84672,12.849,0.84672,3695.15,0,36.966,0.49944,2.1635,2.34932,12.8106,1.0814,15.7426,0.42336,36.966,0.42336,423.524,0,1.02816,0,0,3.19166,2.1635,1.028160,1,0,124.501,0,0,0,124.501,0
42.6895,2.72787,0,0,7.97895,0.22296,0.36288,3.6288,47.3736,0.630396,0,0,1.32532,0.197315,0,0.66528,12.849,1,0.92179,0.36288,0,129.012,4.27119,124.182,0.84672,12.849,0.84672,3695.15,0,36.966,0.497124,2.64299,2.34937,14.1782,1.0814,17.592,0.42336,36.966,0.42336,423.524,0,1.02816,0,0,3.67115,2.64299,1.028160,1,0,141.774,0,0,0,141.774,0
47.9916,2.44977,0,0,8.36075,0.246019,0.36288,3.6288,50.0869,0.462391,0,0,3.33506,0.159389,0,0.66528,12.849,1,0.737348,0.36288,0,128.135,3.43097,124.329,0.84672,12.849,0.84672,3695.15,0,36.966,0.360808,4.30128,2.34942,17.4832,0.820275,22.9528,0.42336,36.966,0.42336,423.524,0,1.02816,0,0,5.32944,4.30128,1.028160,1,0,147.282,0,0,0,147.282,0
52.8508,2.51408,0,0,8.00172,0.265605,0.36288,3.6288,52.3075,0.473661,0,0,2.84138,0.147159,0,0.66528,12.849,1,0.673106,0.36288,0,96.3913,3.09487,92.9862,0.84672,12.849,0.84672,3695.15,0,36.966,0.34958,3.44366,2.02763,15.4291,0.715825,19.8349,0.42336,36.966,0.42336,423.524,0,1.02816,0,0,4.47182,3.44366,1.028160,1,0,112.821,0,0,0,112.821,0
56.0063,2.56392,0,0,6.36191,0.279594,0.36288,3.6288,53.8308,0.482381,0,0,2.15552,0.149835,0,0.66528,12.849,1,0.623337,0.36288,0,109.638,3.09487,106.283,0.84672,12.849,0.84672,3695.15,0,36.966,0.340902,2.04763,2.02767,11.3636,0.715825,14.3822,0.42336,36.966,0.42336,423.524,0,1.02816,0,0,3.07579,2.04763,1.028160,1,0,120.665,0,0,0,120.665,0
57.0826,2.59255,0,0,4.31054,0.278775,0.36288,3.6288,54.6862,0.488125,0,0,1.48952,0.145939,0,0.66528,12.849,1,0.594784,0.36288,0,88.4451,3.00768,85.2055,0.84672,12.849,0.84672,3695.15,0,36.966,0.335199,1.51835,2.02772,10.262,0.7033,12.7696,0.42336,36.966,0.42336,423.524,0,1.02816,0,0,2.54651,1.51835,1.028160,1,0,97.9751,0,0,0,97.9751,0
60.1667,2.60176,0,0,6.27828,0.229574,0.36288,3.6288,55.9225,0.491279,0,0,1.85221,0.124633,0,0.66528,12.849,1,0.585643,0.36288,0,98.8779,2.68746,95.9677,0.84672,12.849,0.84672,3695.15,0,36.966,0.332088,2.10271,2.02776,11.3961,0.656652,14.5378,0.42336,36.966,0.42336,423.524,0,1.02816,0,0,3.13087,2.10271,1.028160,1,0,110.505,0,0,0,110.505,0
62.6971,2.72253,0,0,5.8722,0.256387,0.36288,3.6288,57.4282,0.540557,0,0,2.20323,0.157035,0,0.66528,12.849,1,0.581414,0.36288,0,109.908,3.19484,106.494,0.84672,12.849,0.84672,3695.15,0,36.966,0.35732,2.01774,2.02781,10.2596,0.727916,13.2199,0.42336,36.966,0.42336,423.524,0,1.02816,0,0,3.0459,2.01774,1.028160,1,0,119.714,0,0,0,119.714,0
64.0583,2.74206,0,0,4.72796,0.261853,0.36288,3.6288,58.5552,0.546283,0,0,1.8319,0.158583,0,0.66528,12.849,1,0.561952,0.36288,0,76.3016,3.19484,72.9077,0.84672,12.849,0.84672,3695.15,0,36.966,0.351637,1.48469,2.10721,8.14406,0.727916,10.6564,0.42336,36.966,0.42336,423.524,0,1.02816,0,0,2.51285,1.48469,1.028160,1,0,83.5641,0,0,0,83.5641,0
65.212,2.75207,0,0,4.52862,0.259948,0.36288,3.6288,59.5898,0.550458,0,0,1.74549,0.1604,0,0.66528,12.849,1,0.552018,0.36288,0,74.9166,3.15378,71.5737,0.84672,12.849,0.84672,3695.15,0,36.966,0.347505,1.6734,2.10726,6.97118,0.744043,9.66029,0.42336,36.966,0.42336,423.524,0,1.02816,0,0,2.70156,1.6734,1.028160,1,0,81.2339,0,0,0,81.2339,0
66.5786,2.76029,0,0,4.72291,0.233174,0.36288,3.6288,60.7767,0.554209,0,0,1.9065,0.165445,0,0.66528,12.849,1,0.543872,0.36288,0,85.4988,2.90745,82.4104,0.84672,12.849,0.84672,3695.15,0,36.966,0.343798,1.916,2.10731,8.26356,0.840808,11.1023,0.42336,36.966,0.42336,423.524,0,1.02816,0,0,2.94416,1.916,1.028160,1,0,93.5127,0,0,0,93.5127,0
67.3265,2.73154,0,0,4.02818,0.185852,0.36288,3.6288,60.9537,0.540425,0,0,0.914916,0.197458,0,0.66528,12.849,1,0.52716,0.36288,0,75.6985,3.84058,71.6936,0.84672,12.849,0.84672,3695.15,0,36.966,0.328701,1.69498,2.10736,6.58763,0.894822,9.16644,0.42336,36.966,0.42336,423.524,0,1.02816,0,0,2.72314,1.69498,1.028160,1,0,80.8601,0,0,0,80.8601,0
67.3103,2.73652,0,0,3.27014,0.186955,0.36288,3.6288,61.0256,0.541045,0,0,0.810622,0.19768,0,0.66528,12.849,1,0.522254,0.36288,0,64.4535,3.84058,60.4536,0.84672,12.849,0.84672,3695.15,0,36.966,0.328123,1.45821,2.07652,5.66317,0.894822,7.97495,0.42336,36.966,0.42336,423.524,0,1.02816,0,0,2.48637,1.45821,1.028160,1,0,68.4285,0,0,0,68.4285,0
66.9408,2.73647,0,0,2.91683,0.186931,0.36288,3.6288,60.9748,0.541313,0,0,0.688304,0.19777,0,0.66528,12.849,1,0.522371,0.36288,0,61.4729,3.84058,57.4728,0.84672,12.849,0.84672,3695.15,0,36.966,0.327898,0.822692,2.07657,5.32494,0.894822,7.00149,0.42336,36.966,0.42336,423.524,0,1.02816,0,0,1.85085,0.822692,1.028160,1,0,64.4743,0,0,0,64.4743,0
67.2224,2.73412,0,0,3.55241,0.173798,0.36288,3.6288,61.0073,0.54117,0,0,0.777366,0.203752,0,0.66528,12.849,1,0.524802,0.36288,0,69.1983,3.91939,65.117,0.84672,12.849,0.84672,3695.15,0,36.966,0.328084,0.794664,2.07662,6.1417,0.911932,7.77297,0.42336,36.966,0.42336,423.524,0,1.02816,0,0,1.82282,0.794664,1.028160,1,0,72.8899,0,0,0,72.8899,0
66.8171,2.86581,0,0,2.94922,0.125883,0.36288,3.6288,60.8987,0.605185,0,0,0.727082,0.230498,0,0.66528,12.849,1,0.547776,0.36288,0,50.5816,4.50031,45.8964,0.84672,12.849,0.84672,3695.15,0,36.966,0.366698,1.30603,2.07666,5.16627,1.07211,7.11016,0.42336,36.966,0.42336,423.524,0,1.02816,0,0,2.33419,1.30603,1.028160,1,0,53.0065,0,0,0,53.0065,0
66.4298,2.86309,0,0,2.98465,0.145961,0.36288,3.6288,60.7875,0.604806,0,0,0.716766,0.223162,0,0.66528,12.849,1,0.550575,0.36288,0,43.8211,4.58136,39.0521,0.84672,12.849,0.84672,3695.15,0,36.966,0.367122,1.06866,2.18494,4.61055,1.11525,6.38177,0.42336,36.966,0.42336,423.524,0,1.02816,0,0,2.09682,1.06866,1.028160,1,0,45.4338,0,0,0,45.4338,0
65.7949,2.86046,0,0,2.73401,0.145514,0.36288,3.6288,60.6157,0.604416,0,0,0.655629,0.223005,0,0.66528,12.849,1,0.553278,0.36288,0,39.32,4.58136,34.5483,0.84672,12.849,0.84672,3695.15,0,36.966,0.367557,0.862212,2.18499,4.40389,1.11525,5.96828,0.42336,36.966,0.42336,423.524,0,1.02816,0,0,1.89037,0.862212,1.028160,1,0,40.5166,0,0,0,40.5166,0
65.0121,2.85606,0,0,2.53979,0.10372,0.36288,3.6288,60.3885,0.603798,0,0,0.627653,0.250968,0,0.66528,12.849,1,0.557756,0.36288,0,34.7896,4.90266,29.6921,0.84672,12.849,0.84672,3695.15,0,36.966,0.368221,0.796859,2.18504,4.20498,1.19735,5.6213,0.42336,36.966,0.42336,423.524,0,1.02816,0,0,1.82502,0.796859,1.028160,1,0,35.3134,0,0,0,35.3134,0
64.2003,2.85052,0,0,2.49431,0.0926635,0.36288,3.6288,60.1798,0.602966,0,0,0.664871,0.270677,0,0.66528,12.849,1,0.563377,0.36288,0,36.109,5.09841,30.8101,0.84672,12.849,0.84672,3695.15,0,36.966,0.369097,0.772442,2.18509,4.39385,1.26252,5.71976,0.42336,36.966,0.42336,423.524,0,1.02816,0,0,1.8006,0.772442,1.028160,1,0,36.5298,0,0,0,36.5298,0
63.2345,2.81917,0,0,2.29929,0.0830986,0.36288,3.6288,59.9801,0.637133,0,0,0.746116,0.308708,0,0.66528,12.849,1,0.564227,0.36288,0,37.8764,5.45391,32.2211,0.84672,12.849,0.84672,3695.15,0,36.966,0.391365,0.630668,2.18514,3.88767,1.39125,4.92086,0.42336,36.966,0.42336,423.524,0,1.02816,0,0,1.65883,0.630668,1.028160,1,0,37.142,0,0,0,37.142,0
62.0985,2.81207,0,0,2.12141,0.0824498,0.36288,3.6288,59.7612,0.636356,0,0,0.725846,0.308316,0,0.66528,12.849,1,0.571402,0.36288,0,34.2255,5.45391,28.5631,0.84672,12.849,0.84672,3695.15,0,36.966,0.392189,0.542488,2.22302,3.66072,1.39125,4.64279,0.42336,36.966,0.42336,423.524,0,1.02816,0,0,1.57065,0.542488,1.028160,1,0,33.2059,0,0,0,33.2059,0
60.8349,2.80347,0,0,1.98445,0.0816866,0.36288,3.6288,59.4836,0.635497,0,0,0.665781,0.307885,0,0.66528,12.849,1,0.580076,0.36288,0,31.2123,5.45391,25.5412,0.84672,12.849,0.84672,3695.15,0,36.966,0.393094,0.36561,2.22307,3.56721,1.39125,4.37155,0.42336,36.966,0.42336,423.524,0,1.02816,0,0,1.39377,0.36561,1.028160,1,0,29.9127,0,0,0,29.9127,0
59.521,2.79359,0,0,1.92345,0.0808378,0.36288,3.6288,59.183,0.634395,0,0,0.641149,0.30734,0,0.66528,12.849,1,0.590037,0.36288,0,27.8231,5.45391,22.1421,0.84672,12.849,0.84672,3695.15,0,36.966,0.394243,0.286857,2.22312,3.53001,1.39125,4.2545,0.42336,36.966,0.42336,423.524,0,1.02816,0,0,1.31502,0.286857,1.028160,1,0,26.3966,0,0,0,26.3966,0
58.019,2.84789,0,0,1.79108,0.0823221,0.36288,3.6288,58.7977,0.664681,0,0,0.56922,0.28988,0,0.66528,12.849,1,0.614783,0.36288,0,27.0537,5.01703,21.7848,0.84672,12.849,0.84672,3695.15,0,36.966,0.415163,0.261274,2.22317,3.74449,1.25756,4.55622,0.42336,36.966,0.42336,423.524,0,1.02726,0,0,1.28853,0.261274,1.028160,1,0,26.341,0,0,0,26.341,0
56.4545,2.83492,0,0,1.69812,0.0648649,0.36288,3.6288,58.2927,0.691468,0,0,0.533949,0.347458,0,0.66528,12.849,1,0.627827,0.36288,0,25.6897,6.06365,19.3612,0.84672,12.849,0.84672,3695.15,0,36.966,0.434725,0.261274,2.27685,3.09275,1.56842,3.62773,0.42336,36.966,0.42336,423.524,0,0.98096,0,0,1.24223,0.261274,1.028160,1,0,22.9889,0,0,0,22.9889,0
54.9965,2.82081,0,0,1.78956,0.0638756,0.36288,3.6288,57.796,0.660309,0,0,0.509942,0.346331,0,0.66528,12.849,1,0.642015,0.36288,0,24.993,6.06365,18.6502,0.84672,12.849,0.84672,3695.15,0,36.966,0.418731,0.401363,2.27691,3.04323,1.56842,3.73434,0.42336,36.966,0.42336,423.524,0,1.02816,0,0,1.42952,0.401363,1.028160,1,0,22.3846,0,0,0,22.3846,0
53.5486,2.80708,0,0,1.78502,0.0629537,0.36288,3.6288,57.3382,0.682926,0,0,0.570342,0.345223,0,0.66528,12.849,1,0.655827,0.36288,0,30.9473,6.06365,24.5907,0.84672,12.849,0.84672,3695.15,0,36.966,0.436795,0.227405,2.27696,3.45574,1.56842,3.95488,0.42336,36.966,0.42336,423.524,0,0.987526,0,0,1.21493,0.227405,1.028160,1,0,28.5456,0,0,0,28.5456,0
51.7851,2.97936,0,0,1.65054,0.0717399,0.36288,3.6288,56.7927,0.701723,0,0,0.490517,0.334327,0,0.66528,12.849,1,0.714899,0.36288,0,23.8708,5.91655,17.6022,0.84672,12.849,0.84672,3695.15,0,36.966,0.595284,0.227405,2.27701,3.42391,1.53596,3.79708,0.42336,36.966,0.42336,423.524,0,0.991717,0,0,1.21912,0.227405,1.028160,1,0,21.3993,0,0,0,21.3993,0
50.1853,2.95992,0,0,1.79658,0.0736054,0.36288,3.6288,56.3313,0.66528,0,0,0.52981,0.325896,0,0.66528,12.849,1,0.734421,0.36288,0,23.1537,5.89491,16.8873,0.84672,12.849,0.84672,3695.15,0,36.966,0.595336,0.276843,2.46057,3.47625,1.52753,4.0908,0.42336,36.966,0.42336,423.524,0,1.02816,0,0,1.305,0.276843,1.028160,1,0,20.9781,0,0,0,20.9781,0
48.3853,2.94135,0,0,1.57658,0.0723832,0.36288,3.6288,55.8436,0.673972,0,0,0.511134,0.324918,0,0.66528,12.849,1,0.753078,0.36288,0,29.4324,5.89491,23.1473,0.84672,12.849,0.84672,3695.15,0,36.966,0.595388,0.227405,2.46063,3.33817,1.52753,3.90328,0.42336,36.966,0.42336,423.524,0,1.01947,0,0,1.24687,0.227405,1.028160,1,0,27.0506,0,0,0,27.0506,0
46.6423,2.91928,0,0,1.61015,0.0709998,0.36288,3.6288,55.4407,0.66528,0,0,0.586318,0.323884,0,0.66528,12.849,1,0.775233,0.36288,0,25.4959,5.89491,19.1886,0.84672,12.849,0.84672,3695.15,0,36.966,0.595439,0.289388,2.46068,3.46658,1.52753,4.09368,0.42336,36.966,0.42336,423.524,0,1.02816,0,0,1.31755,0.289388,1.028160,1,0,23.2823,0,0,0,23.2823,0
44.9027,2.89663,0,0,1.58756,0.0675839,0.36288,3.6288,55.028,0.66528,0,0,0.577642,0.325083,0,0.66528,12.849,1,0.797964,0.36288,0,26.2734,5.88804,19.9503,0.84672,12.849,0.84672,3695.15,0,36.966,0.595491,0.581394,2.46074,4.16543,1.51653,5.09554,0.42336,36.966,0.42336,423.524,0,1.02816,0,0,1.60955,0.581394,1.028160,1,0,25.0458,0,0,0,25.0458,0
42.9509,2.78501,0,0,1.25019,0.0540945,0.36288,3.6288,54.3771,0.750661,0,0,0.436302,0.336494,0,0.66528,12.849,1,0.796937,0.36288,0,18.8574,5.84682,12.5765,0.84672,12.849,0.84672,3695.15,0,36.966,0.50427,0.204422,2.4608,2.72666,1.45051,3.4371,0.42336,36.966,0.42336,423.524,0,0.923918,0,0,1.12834,0.204422,1.028160,1,0,16.0136,0,0,0,16.0136,0
41.1438,2.7572,0,0,1.41878,0.10579,0.36288,3.6288,53.7186,0.790524,0,0,0.420847,0.288863,0,0.66528,12.849,1,0.824831,0.36288,0,15.9082,5.46031,9.98596,0.84672,12.849,0.84672,3695.15,0,36.966,0.537404,0.204422,2.35464,2.05617,1.31775,2.76008,0.42336,36.966,0.42336,423.524,0,0.850971,0,0,1.05539,0.204422,1.028160,1,0,12.746,0,0,0,12.746,0
39.8246,2.72966,0,0,1.87692,0.103582,0.36288,3.6288,53.3133,0.66528,0,0,0.547493,0.287563,0,0.66528,12.849,1,0.852457,0.36288,0,23.1579,5.46031,17.208,0.84672,12.849,0.84672,3695.15,0,36.966,0.485508,0.43232,2.35469,2.95178,1.31775,3.93553,0.42336,36.966,0.42336,423.524,0,1.02816,0,0,1.46048,0.43232,1.028160,1,0,21.1435,0,0,0,21.1435,0
39.094,2.70837,0,0,2.44261,0.10197,0.36288,3.6288,53.1361,0.66528,0,0,0.774724,0.286636,0,0.66528,12.849,1,0.873826,0.36288,0,45.3438,5.46031,39.3725,0.84672,12.849,0.84672,3695.15,0,36.966,0.485557,1.01822,2.35474,3.50533,1.31775,5.07499,0.42336,36.966,0.42336,423.524,0,1.02816,0,0,2.04638,1.01822,1.028160,1,0,44.4475,0,0,0,44.4475,0
37.5363,2.62649,0,0,1.53011,0.098457,0.36288,3.6288,53.0851,0.619589,0,0,0.779225,0.210597,0,0.66528,12.849,1,0.863246,0.36288,0,31.4462,5.02481,25.9211,0.84672,12.849,0.84672,3695.15,0,36.966,0.431039,1.03149,2.3548,3.91555,1.14713,5.72367,0.42336,36.966,0.42336,423.524,0,1.02816,0,0,2.05965,1.03149,1.028160,1,0,31.6447,0,0,0,31.6447,0
37.1739,2.59986,0,0,2.73561,0.135245,0.36288,3.6288,53.1625,0.619373,0,0,0.864829,0.168039,0,0.66528,12.849,1,0.889954,0.36288,0,30.845,4.56804,25.7499,0.84672,12.849,0.84672,3695.15,0,36.966,0.431303,1.40747,2.26005,5.50264,1.01654,7.72232,0.42336,36.966,0.42336,423.524,0,1.02816,0,0,2.43563,1.40747,1.028160,1,0,33.4722,0,0,0,33.4722,0
38.8785,2.59347,0,0,4.84243,0.18155,0.36288,3.6288,53.9374,0.619771,0,0,1.5702,0.175554,0,0.66528,12.849,1,0.896422,0.36288,0,44.8408,4.6662,39.6411,0.84672,12.849,0.84672,3695.15,0,36.966,0.430951,2.07592,2.2601,5.7824,1.02187,8.66559,0.42336,36.966,0.42336,423.524,0,1.02816,0,0,3.10408,2.07592,1.028160,1,0,48.3067,0,0,0,48.3067,0
42.1838,2.62307,0,0,6.47647,0.185208,0.36288,3.6288,54.9814,0.623473,0,0,1.84412,0.176616,0,0.66528,12.849,1,0.866902,0.36288,0,101.512,4.6662,96.3423,0.84672,12.849,0.84672,3695.15,0,36.966,0.427297,3.5179,2.26015,11.7628,1.02187,16.0916,0.42336,36.966,0.42336,423.524,0,1.02816,0,0,4.54606,3.5179,1.028160,1,0,112.434,0,0,0,112.434,0
45.6526,2.47372,0,0,6.50147,0.196001,0.36288,3.6288,56.4074,0.503481,0,0,2.11443,0.184967,0,0.66528,12.849,1,0.753486,0.36288,0,75.2522,4.58741,70.2741,0.84672,12.849,0.84672,3695.15,0,36.966,0.338509,3.49983,2.2602,10.5396,1.00178,14.9593,0.42336,36.966,0.42336,423.524,0,1.02816,0,0,4.52799,3.49983,1.028160,1,0,85.2335,0,0,0,85.2335,0
53.0635,2.51846,0,0,10.501,0.208735,0.36288,3.6288,60.0615,0.508677,0,0,4.35911,0.196298,0,0.66528,12.849,1,0.708824,0.36288,0,122.811,4.48234,117.982,0.84672,12.849,0.84672,3695.15,0,36.966,0.333356,4.22878,2.04966,12.2199,0.975001,17.19,0.42336,36.966,0.42336,423.524,0,1.02816,0,0,5.25694,4.22878,1.028160,1,0,135.172,0,0,0,135.172,0
58.4947,2.59821,0,0,8.61823,0.225977,0.36288,3.6288,61.308,0.521257,0,0,2.39689,0.200978,0.4282,0.66528,12.849,1,0.629141,0.36288,0,67.9265,4.48234,63.1779,0.84672,12.849,0.84672,3695.15,0,36.966,0.320818,3.05333,2.0497,9.53942,0.975001,13.3466,0.42336,36.966,0.42336,423.524,0,1.02816,0,0,4.08149,3.05333,1.028160,1,0,76.9527,0,0,0,76.9527,0
61.7711,2.64617,0,0,6.57558,0.290172,0.36288,3.6288,61.308,0.525353,0,0,1.35431,0.208285,0.620673,0.66528,12.849,1,0.58126,0.36288,0,87.748,3.88609,83.6435,0.84672,12.849,0.84672,3695.15,0,36.966,0.316764,1.99358,2.04975,7.9704,0.849894,10.8471,0.42336,36.966,0.42336,423.524,0,1.02816,0,0,3.02174,1.99358,1.028160,1,0,95.1113,0,0,0,95.1113,0
65.3574,2.67175,0,0,6.92876,0.307746,0.36288,3.6288,61.308,0.525379,0,0,1.27803,0.209237,0.543413,0.66528,12.849,1,0.555751,0.36288,0,96.6565,3.78672,92.677,0.84672,12.849,0.84672,3695.15,0,36.966,0.31678,1.95075,2.0498,6.77911,0.829043,9.63383,0.42336,36.966,0.42336,423.524,0,1.02816,0,0,2.97891,1.95075,1.028160,1,0,102.854,0,0,0,102.854,0
69.6885,2.78179,0,0,7.73401,0.258272,0.36288,3.6288,61.308,0.56313,0,0,2.37933,0.202873,1.61333,0.66528,12.849,1,0.546888,0.36288,0,147.865,3.59016,144.091,0.84672,12.849,0.84672,3695.15,0,36.966,0.339542,2.62965,2.04984,14.403,0.977862,17.7651,0.42336,36.966,0.42336,423.524,0,1.02816,0,0,3.65781,2.62965,1.028160,1,0,163.469,0,0,0,163.469,0
71.3336,2.81053,0,0,5.10286,0.284338,0.36288,3.6288,61.308,0.563148,0,0,1.74633,0.236331,0.946847,0.66528,12.849,1,0.518198,0.36288,0,106.792,4.11707,102.52,0.84672,12.849,0.84672,3695.15,0,36.966,0.339553,2.41603,2.11555,11.6116,1.10144,14.7021,0.42336,36.966,0.42336,423.524,0,1.02816,0,0,3.44419,2.41603,1.028160,1,0,118.169,0,0,0,118.169,0
73.4002,2.8207,0,0,5.54916,0.298976,0.36288,3.6288,61.308,0.563167,0,0,1.75508,0.246997,0.944914,0.66528,12.849,1,0.508079,0.36288,0,110.096,4.34563,105.605,0.84672,12.849,0.84672,3695.15,0,36.966,0.339564,2.47183,2.11559,11.463,1.17275,14.5381,0.42336,36.966,0.42336,423.524,0,1.02816,0,0,3.49999,2.47183,1.028160,1,0,121.088,0,0,0,121.088,0
75.3485,2.83292,0,0,5.55832,0.414283,0.36288,3.6288,61.308,0.563185,0,0,1.84373,0.246997,1.03355,0.66528,12.849,1,0.495913,0.36288,0,110.48,4.34563,106.001,0.84672,12.849,0.84672,3695.15,0,36.966,0.339576,2.54605,2.11562,13.0965,1.17275,16.2459,0.42336,36.966,0.42336,423.524,0,1.02816,0,0,3.57421,2.54605,1.028160,1,0,123.28,0,0,0,123.28,0
76.0284,3.1213,0,0,4.57371,0.409627,0.36288,3.6288,61.308,0.66528,0,0,2.63395,0.219292,1.74937,0.66528,12.849,1,0.532268,0.36288,0,99.4611,3.6047,95.687,0.84672,12.849,0.84672,3695.15,0,36.966,0.464549,3.45387,2.11565,15.9456,1.04332,20.0073,0.42336,36.966,0.42336,423.524,0,1.02816,0,0,4.48203,3.45387,1.028160,1,0,117.444,0,0,0,117.444,0
76.6013,3.12542,0,0,4.46381,0.402622,0.36288,3.6288,61.308,0.66528,0,0,2.04635,0.198514,1.18256,0.66528,12.849,1,0.528205,0.36288,0,105.017,3.04899,101.803,0.84672,12.849,0.84672,3695.15,0,36.966,0.464582,2.9901,2.35194,14.3252,0.946255,18.2564,0.42336,36.966,0.42336,423.524,0,1.02816,0,0,4.01826,2.9901,1.028160,1,0,121.242,0,0,0,121.242,0
77.3807,3.12885,0,0,4.67609,0.40495,0.36288,3.6288,61.308,0.66528,0,0,1.98965,0.198514,1.12585,0.66528,12.849,1,0.52483,0.36288,0,95.2292,3.04899,92.0183,0.84672,12.849,0.84672,3695.15,0,36.966,0.464615,2.84156,2.35198,9.7448,0.946255,13.5275,0.42336,36.966,0.42336,423.524,0,1.02816,0,0,3.86972,2.84156,1.028160,1,0,106.672,0,0,0,106.672,0
77.649,3.13343,0,0,4.17273,0.408116,0.36288,3.6288,61.308,0.66528,0,0,2.03256,0.198514,1.16877,0.66528,12.849,1,0.520304,0.36288,0,90.1575,3.04899,86.9511,0.84672,12.849,0.84672,3695.15,0,36.966,0.464648,2.8551,2.35201,9.74488,0.946255,13.5411,0.42336,36.966,0.42336,423.524,0,1.02816,0,0,3.88326,2.8551,1.028160,1,0,101.661,0,0,0,101.661,0
77.807,2.73764,0,0,3.7003,0.441798,0.36288,3.6288,61.308,0.514833,0,0,1.4589,0.202846,0.74122,0.66528,12.849,1,0.453012,0.36288,0,78.5576,3.00069,75.4668,0.84672,12.849,0.84672,3695.15,0,36.966,0.310421,1.86086,2.35205,7.71033,0.95651,10.6563,0.42336,36.966,0.42336,423.524,0,1.02816,0,0,2.88902,1.86086,1.028160,1,0,86.8643,0,0,0,86.8643,0
77.7629,2.73847,0,0,3.54392,0.486587,0.36288,3.6288,61.308,0.514851,0,0,1.16509,0.177048,0.473189,0.66528,12.849,1,0.45223,0.36288,0,61.8272,2.27651,59.4614,0.84672,12.849,0.84672,3695.15,0,36.966,0.310432,1.42899,2.02988,5.45487,0.748973,7.85433,0.42336,36.966,0.42336,423.524,0,1.02816,0,0,2.45715,1.42899,1.028160,1,0,67.7889,0,0,0,67.7889,0
79.9598,2.73829,0,0,5.76812,0.470087,0.36288,3.6288,61.308,0.514868,0,0,1.79932,0.171031,1.11342,0.66528,12.849,1,0.452456,0.36288,0,118.969,2.18931,116.69,0.84672,12.849,0.84672,3695.15,0,36.966,0.310443,3.07282,2.02991,10.8197,0.736447,14.8755,0.42336,36.966,0.42336,423.524,0,1.02816,0,0,4.10098,3.07282,1.028160,1,0,132.679,0,0,0,132.679,0
82.1767,2.74905,0,0,5.80746,0.47864,0.36288,3.6288,61.308,0.514886,0,0,1.89977,0.196522,1.18836,0.66528,12.849,1,0.441753,0.36288,0,152.257,3.13173,149.046,0.84672,12.849,0.84672,3695.15,0,36.966,0.310453,3.37974,2.02994,16.0249,0.88947,20.2346,0.42336,36.966,0.42336,423.524,0,1.02816,0,0,4.4079,3.37974,1.028160,1,0,170.469,0,0,0,170.469,0
83.066,2.75939,0,0,4.45607,0.444543,0.36288,3.6288,61.308,0.514904,0,0,1.68176,0.182948,0.983908,0.66528,12.849,1,0.431454,0.36288,0,109.581,3.41675,106.096,0.84672,12.849,0.84672,3695.15,0,36.966,0.310464,2.06225,2.02997,9.64215,0.929456,12.4944,0.42336,36.966,0.42336,423.524,0,1.02816,0,0,3.09041,2.06225,1.028160,1,0,119.574,0,0,0,119.574,0
83.6035,2.86441,0,0,4.25803,0.493203,0.36288,3.6288,61.308,0.561428,0,0,1.26858,0.148045,0.559103,0.66528,12.849,1,0.443079,0.36288,0,81.3672,3.04363,78.2434,0.84672,12.849,0.84672,3695.15,0,36.966,0.338516,2.20729,2.03,8.23081,0.764813,11.3648,0.42336,36.966,0.42336,423.524,0,1.02816,0,0,3.23545,2.20729,1.028160,1,0,90.1672,0,0,0,90.1672,0
83.5417,2.86692,0,0,3.66373,0.495701,0.36288,3.6288,61.308,0.561447,0,0,1.51678,0.148045,0.807286,0.66528,12.849,1,0.440616,0.36288,0,95.9204,3.04363,92.799,0.84672,12.849,0.84672,3695.15,0,36.966,0.338527,2.43101,2.10948,11.077,0.764813,14.5141,0.42336,36.966,0.42336,423.524,0,1.02816,0,0,3.45917,2.43101,1.028160,1,0,108.12,0,0,0,108.12,0
83.9582,2.86668,0,0,4.14147,0.495414,0.36288,3.6288,61.308,0.561465,0,0,1.49817,0.148045,0.788657,0.66528,12.849,1,0.440905,0.36288,0,99.1259,3.04363,96.0042,0.84672,12.849,0.84672,3695.15,0,36.966,0.338539,1.98937,2.10951,10.6678,0.764813,13.6633,0.42336,36.966,0.42336,423.524,0,1.02816,0,0,3.01753,1.98937,1.028160,1,0,110.456,0,0,0,110.456,0
83.5925,2.86862,0,0,3.35157,0.485835,0.36288,3.6288,61.308,0.561484,0,0,1.31321,0.147212,0.604515,0.66528,12.849,1,0.439015,0.36288,0,72.8646,3.09306,69.6954,0.84672,12.849,0.84672,3695.15,0,36.966,0.33855,2.14019,2.10954,7.77289,0.768027,10.916,0.42336,36.966,0.42336,423.524,0,1.02816,0,0,3.16835,2.14019,1.028160,1,0,81.2159,0,0,0,81.2159,0
82.965,2.82749,0,0,2.99039,0.427479,0.36288,3.6288,61.308,0.543438,0,0,1.07419,0.190192,0.340555,0.66528,12.849,1,0.434613,0.36288,0,67.2883,4.29501,62.9216,0.84672,12.849,0.84672,3695.15,0,36.966,0.327669,1.4053,2.10957,7.97034,0.900074,10.2575,0.42336,36.966,0.42336,423.524,0,1.02816,0,0,2.43346,1.4053,1.028160,1,0,73.5196,0,0,0,73.5196,0
82.4444,2.82468,0,0,3.0514,0.384421,0.36288,3.6288,61.308,0.543456,0,0,0.978661,0.136262,0.298943,0.66528,12.849,1,0.437466,0.36288,0,65.11,3.21836,61.8171,0.84672,12.849,0.84672,3695.15,0,36.966,0.32768,1.20624,2.07869,6.44637,0.746853,8.65677,0.42336,36.966,0.42336,423.524,0,1.02816,0,0,2.2344,1.20624,1.028160,1,0,70.7728,0,0,0,70.7728,0
81.7919,2.82234,0,0,2.83269,0.299999,0.36288,3.6288,61.308,0.543475,0,0,0.964405,0.195465,0.225466,0.66528,12.849,1,0.439863,0.36288,0,66.6348,3.98281,62.575,0.84672,12.849,0.84672,3695.15,0,36.966,0.327691,1.12213,2.07872,5.61043,0.960714,7.52287,0.42336,36.966,0.42336,423.524,0,1.02816,0,0,2.15029,1.12213,1.028160,1,0,70.3233,0,0,0,70.3233,0
80.8819,2.81935,0,0,2.55672,0.284473,0.36288,3.6288,61.308,0.543493,0,0,0.974506,0.205332,0.22568,0.66528,12.849,1,0.442902,0.36288,0,57.4786,4.11023,53.2884,0.84672,12.849,0.84672,3695.15,0,36.966,0.327702,1.17621,2.07876,5.30207,0.996357,7.23298,0.42336,36.966,0.42336,423.524,0,1.02816,0,0,2.20437,1.17621,1.028160,1,0,60.747,0,0,0,60.747,0
79.7217,2.94863,0,0,2.41972,0.2684,0.36288,3.6288,61.308,0.607574,0,0,0.945726,0.215086,0.123066,0.66528,12.849,1,0.468423,0.36288,0,56.3022,4.26673,51.9299,0.84672,12.849,0.84672,3695.15,0,36.966,0.36634,1.22469,2.07879,5.25096,1.02164,7.16646,0.42336,36.966,0.42336,423.524,0,1.02816,0,0,2.25285,1.22469,1.028160,1,0,59.2195,0,0,0,59.2195,0
78.4353,2.94281,0,0,2.26671,0.247467,0.36288,3.6288,61.308,0.607593,0,0,0.875863,0.22809,0.0401792,0.66528,12.849,1,0.474301,0.36288,0,45.8063,4.47542,41.2194,0.84672,12.849,0.84672,3695.15,0,36.966,0.366352,1.00373,2.18716,4.63131,1.05534,6.4005,0.42336,36.966,0.42336,423.524,0,1.02816,0,0,2.03189,1.00373,1.028160,1,0,47.6601,0,0,0,47.6601,0
76.9091,2.93617,0,0,2.01727,0.24437,0.36288,3.6288,61.2759,0.607613,0,0,0.803598,0.22809,0,0.66528,12.849,1,0.480993,0.36288,0,41.3075,4.47542,36.714,0.84672,12.849,0.84672,3695.15,0,36.966,0.366363,0.823997,2.18719,4.46304,1.05534,6.05252,0.42336,36.966,0.42336,423.524,0,1.02816,0,0,1.85216,0.823997,1.028160,1,0,42.7665,0,0,0,42.7665,0
75.3546,2.92803,0,0,1.90527,0.168862,0.36288,3.6288,61.1791,0.607512,0,0,0.771777,0.261089,0,0.66528,12.849,1,0.489179,0.36288,0,36.8176,4.85027,31.8411,0.84672,12.849,0.84672,3695.15,0,36.966,0.366495,0.754134,2.18723,4.2506,1.15112,5.67435,0.42336,36.966,0.42336,423.524,0,1.02816,0,0,1.78229,0.754134,1.028160,1,0,37.5154,0,0,0,37.5154,0
73.7481,2.91946,0,0,1.83788,0.162084,0.36288,3.6288,61.0781,0.60717,0,0,0.765297,0.2591,0,0.66528,12.849,1,0.497808,0.36288,0,36.4986,4.87492,31.4888,0.84672,12.849,0.84672,3695.15,0,36.966,0.366868,0.748976,2.18726,4.50256,1.15881,5.91312,0.42336,36.966,0.42336,423.524,0,1.02816,0,0,1.77714,0.748976,1.028160,1,0,37.4019,0,0,0,37.4019,0
72.3746,2.8842,0,0,2.00855,0.134928,0.36288,3.6288,61.0536,0.641974,0,0,0.865391,0.247964,0,0.66528,12.849,1,0.502509,0.36288,0,38.5171,5.02289,33.3546,0.84672,12.849,0.84672,3695.15,0,36.966,0.388539,1.25803,2.18729,5.11986,1.20497,6.97167,0.42336,36.966,0.42336,423.524,0,1.02816,0,0,2.28619,1.25803,1.028160,1,0,40.3263,0,0,0,40.3263,0
70.8594,2.87615,0,0,1.85679,0.133014,0.36288,3.6288,61.0004,0.641896,0,0,0.836628,0.247926,0,0.66528,12.849,1,0.510616,0.36288,0,38.2844,5.02289,33.1138,0.84672,12.849,0.84672,3695.15,0,36.966,0.388648,1.21935,2.2252,5.19152,1.20497,7.04245,0.42336,36.966,0.42336,423.524,0,1.02816,0,0,2.24751,1.21935,1.028160,1,0,40.1563,0,0,0,40.1563,0
69.2185,2.86695,0,0,1.68566,0.0966723,0.36288,3.6288,60.9012,0.641705,0,0,0.790361,0.247842,0,0.66528,12.849,1,0.519867,0.36288,0,37.1466,5.02289,31.9668,0.84672,12.849,0.84672,3695.15,0,36.966,0.388871,0.99887,2.22523,4.87997,1.20497,6.51023,0.42336,36.966,0.42336,423.524,0,1.02816,0,0,2.02703,0.99887,1.028160,1,0,38.477,0,0,0,38.477,0
67.4564,2.8566,0,0,1.54347,0.0861562,0.36288,3.6288,60.7425,0.641331,0,0,0.752233,0.269568,0,0.66528,12.849,1,0.530269,0.36288,0,32.7586,5.30519,27.2861,0.84672,12.849,0.84672,3695.15,0,36.966,0.389277,0.915693,2.22527,4.73916,1.30801,6.18283,0.42336,36.966,0.42336,423.524,0,1.02816,0,0,1.94385,0.915693,1.028160,1,0,33.4689,0,0,0,33.4689,0
65.5861,2.9114,0,0,1.48256,0.0785614,0.36288,3.6288,60.5891,0.66528,0,0,0.823867,0.311984,0,0.66528,12.849,1,0.55456,0.36288,0,33.7976,5.94764,27.6583,0.84672,12.849,0.84672,3695.15,0,36.966,0.415667,0.807244,2.2253,4.274,1.46605,5.42483,0.42336,36.966,0.42336,423.524,0,1.02816,0,0,1.8354,0.807244,1.028160,1,0,33.0831,0,0,0,33.0831,0
63.5576,2.89822,0,0,1.31653,0.0839127,0.36288,3.6288,60.299,0.66528,0,0,0.682033,0.3069,0,0.66528,12.849,1,0.567792,0.36288,0,27.2127,5.92231,21.0855,0.84672,12.849,0.84672,3695.15,0,36.966,0.415699,0.77239,2.27902,3.95515,1.42622,5.16464,0.42336,36.966,0.42336,423.524,0,1.02816,0,0,1.80055,0.77239,1.028160,1,0,26.2501,0,0,0,26.2501,0
61.4462,2.88319,0,0,1.21721,0.0825519,0.36288,3.6288,59.9598,0.66528,0,0,0.632491,0.306335,0,0.66528,12.849,1,0.582875,0.36288,0,26.0946,5.92231,19.9523,0.84672,12.849,0.84672,3695.15,0,36.966,0.415732,0.553262,2.27905,3.43895,1.42622,4.42932,0.42336,36.966,0.42336,423.524,0,1.02816,0,0,1.58142,0.553262,1.028160,1,0,24.3816,0,0,0,24.3816,0
59.3842,2.86667,0,0,1.24426,0.0766383,0.36288,3.6288,59.6887,0.66528,0,0,0.702415,0.308242,0,0.66528,12.849,1,0.599449,0.36288,0,24.8187,5.99709,18.585,0.84672,12.849,0.84672,3695.15,0,36.966,0.415764,0.766662,2.27909,4.2537,1.44116,5.44253,0.42336,36.966,0.42336,423.524,0,1.02816,0,0,1.79482,0.766662,1.028160,1,0,24.0275,0,0,0,24.0275,0
57.1621,3.03992,0,0,1.26236,0.0816814,0.36288,3.6288,59.4043,0.66528,0,0,0.667531,0.286645,0,0.66528,12.849,1,0.657749,0.36288,0,22.4294,5.95239,16.1822,0.84672,12.849,0.84672,3695.15,0,36.966,0.597393,0.696349,2.27912,4.54194,1.48478,5.43524,0.42336,36.966,0.42336,423.524,0,1.02816,0,0,1.72451,0.696349,1.028160,1,0,21.6174,0,0,0,21.6174,0
54.7002,3.01909,0,0,1.02149,0.101417,0.36288,3.6288,58.8334,0.714839,0,0,0.453541,0.309639,0,0.66528,12.849,1,0.678635,0.36288,0,16.9006,5.82225,10.7626,0.84672,12.849,0.84672,3695.15,0,36.966,0.597428,0.227405,2.46284,2.94059,1.5299,3.50351,0.42336,36.966,0.42336,423.524,0,0.978601,0,0,1.20601,0.227405,1.028160,1,0,14.2661,0,0,0,14.2661,0
52.3317,2.9944,0,0,1.08772,0.0989623,0.36288,3.6288,58.4175,0.66528,0,0,0.557879,0.308508,0,0.66528,12.849,1,0.70338,0.36288,0,21.5067,5.82225,15.3439,0.84672,12.849,0.84672,3695.15,0,36.966,0.597463,0.458257,2.46288,3.28453,1.5299,4.0783,0.42336,36.966,0.42336,423.524,0,1.02816,0,0,1.48642,0.458257,1.028160,1,0,19.4222,0,0,0,19.4222,0
49.7982,2.96889,0,0,0.894879,0.0966011,0.36288,3.6288,57.6341,0.88198,0,0,0.406295,0.307684,0,0.66528,12.849,1,0.72895,0.36288,0,19.7033,5.82225,13.515,0.84672,12.849,0.84672,3695.15,0,36.966,0.597498,0.204422,2.46292,2.69017,1.5299,3.23011,0.42336,36.966,0.42336,423.524,0,0.81146,0,0,1.01588,0.204422,1.028160,1,0,16.7451,0,0,0,16.7451,0
47.517,2.93945,0,0,1.11517,0.0940753,0.36288,3.6288,57.3665,0.66528,0,0,0.703821,0.306132,0,0.66528,12.849,1,0.758441,0.36288,0,19.2061,5.82225,12.9883,0.84672,12.849,0.84672,3695.15,0,36.966,0.597533,0.979413,2.46295,4.19577,1.5299,5.5107,0.42336,36.966,0.42336,423.524,0,1.02816,0,0,2.00757,0.979413,1.028160,1,0,18.499,0,0,0,18.499,0
45.6455,2.82202,0,0,1.36658,0.0531623,0.36288,3.6288,57.0649,0.66528,0,0,0.700324,0.33667,0,0.66528,12.849,1,0.763099,0.36288,0,25.4254,6.04182,18.9833,0.84672,12.849,0.84672,3695.15,0,36.966,0.487338,0.541927,2.46299,3.94568,1.65503,4.80823,0.42336,36.966,0.42336,423.524,0,1.02816,0,0,1.57009,0.541927,1.028160,1,0,23.7915,0,0,0,23.7915,0
43.6916,2.79765,0,0,1.35218,0.145599,0.36288,3.6288,56.9828,0.66528,0,0,0.846262,0.263105,0,0.66528,12.849,1,0.787526,0.36288,0,23.2777,4.18246,18.6706,0.84672,12.849,0.84672,3695.15,0,36.966,0.487371,0.808272,2.35672,4.50184,1.19712,5.98234,0.42336,36.966,0.42336,423.524,0,1.02816,0,0,1.83643,0.808272,1.028160,1,0,24.6529,0,0,0,24.6529,0
41.871,2.77048,0,0,1.46467,0.151842,0.36288,3.6288,57.0607,0.66528,0,0,1.01006,0.26688,0,0.66528,12.849,1,0.814754,0.36288,0,25.5423,4.24756,20.8428,0.84672,12.849,0.84672,3695.15,0,36.966,0.487405,0.884874,2.35676,5.16027,1.23439,6.6801,0.42336,36.966,0.42336,423.524,0,1.02816,0,0,1.91303,0.884874,1.028160,1,0,27.5229,0,0,0,27.5229,0
40.1071,2.74341,0,0,1.49101,0.148677,0.36288,3.6288,57.1611,0.66528,0,0,1.03273,0.267015,0,0.66528,12.849,1,0.841873,0.36288,0,36.3137,4.24756,31.5872,0.84672,12.849,0.84672,3695.15,0,36.966,0.487438,1.01492,2.35679,5.55818,1.23439,7.20806,0.42336,36.966,0.42336,423.524,0,1.02816,0,0,2.04308,1.01492,1.028160,1,0,38.7953,0,0,0,38.7953,0
40.0029,2.64527,0,0,3.07511,0.171111,0.36288,3.6288,57.8665,0.639102,0,0,1.58639,0.241907,0,0.66528,12.849,1,0.847457,0.36288,0,73.5969,4.42145,68.6909,0.84672,12.849,0.84672,3695.15,0,36.966,0.413306,1.91941,2.35683,8.71881,1.10758,11.4742,0.42336,36.966,0.42336,423.524,0,1.02816,0,0,2.94757,1.91941,1.028160,1,0,80.165,0,0,0,80.165,0
41.2358,2.64364,0,0,4.42941,0.190001,0.36288,3.6288,58.6996,0.642196,0,0,1.69928,0.223966,0,0.66528,12.849,1,0.84914,0.36288,0,93.992,4.55185,88.9539,0.84672,12.849,0.84672,3695.15,0,36.966,0.410244,2.17825,2.26198,10.3597,1.01247,13.3772,0.42336,36.966,0.42336,423.524,0,1.02816,0,0,3.20641,2.17825,1.028160,1,0,102.331,0,0,0,102.331,0
43.2269,2.66303,0,0,5.20983,0.192802,0.36288,3.6288,60.6077,0.645788,0,0,2.77908,0.225172,0,0.66528,12.849,1,0.829796,0.36288,0,110.795,4.55185,105.776,0.84672,12.849,0.84672,3695.15,0,36.966,0.406684,3.22525,2.26202,12.8479,1.01247,16.9161,0.42336,36.966,0.42336,423.524,0,1.02816,0,0,4.25341,3.22525,1.028160,1,0,122.692,0,0,0,122.692,0
45.1221,2.69254,0,0,5.15536,0.204786,0.36288,3.6288,61.308,0.653761,0,0,2.24402,0.206547,0.683458,0.66528,12.849,1,0.800344,0.36288,0,111.019,4.56199,106.019,0.84672,12.849,0.84672,3695.15,0,36.966,0.398743,2.95968,2.26205,14.3951,1.07563,18.1425,0.42336,36.966,0.42336,423.524,0,1.02816,0,0,3.98784,2.95968,1.028160,1,0,124.845,0,0,0,124.845,0
46.521,2.51399,0,0,4.52219,0.246445,0.36288,3.6288,61.308,0.526238,0,0,1.98028,0.215543,1.2385,0.66528,12.849,1,0.715886,0.36288,0,84.9424,4.56729,80.0221,0.84672,12.849,0.84672,3695.15,0,36.966,0.317298,1.98527,2.26209,9.79603,1.08404,12.6421,0.42336,36.966,0.42336,423.524,0,1.02816,0,0,3.01343,1.98527,1.028160,1,0,93.9027,0,0,0,93.9027,0
47.9529,2.5309,0,0,4.5662,0.240486,0.36288,3.6288,61.308,0.526256,0,0,1.58115,0.229065,0.825825,0.66528,12.849,1,0.699029,0.36288,0,84.5061,4.30217,79.8678,0.84672,12.849,0.84672,3695.15,0,36.966,0.317309,2.24765,2.05135,9.4189,1.19065,12.2099,0.42336,36.966,0.42336,423.524,0,1.02816,0,0,3.27581,2.24765,1.028160,1,0,92.9036,0,0,0,92.9036,0
51.1055,2.5474,0,0,6.30723,0.244305,0.36288,3.6288,61.308,0.526274,0,0,1.72686,0.229065,0.97152,0.66528,12.849,1,0.682577,0.36288,0,82.9993,4.30217,78.3774,0.84672,12.849,0.84672,3695.15,0,36.966,0.31732,2.25806,2.05138,8.3554,1.19065,11.1569,0.42336,36.966,0.42336,423.524,0,1.02816,0,0,3.28622,2.25806,1.028160,1,0,90.5058,0,0,0,90.5058,0
56.7667,2.58109,0,0,8.85781,0.252672,0.36288,3.6288,61.308,0.526292,0,0,3.0366,0.229065,2.28124,0.66528,12.849,1,0.64894,0.36288,0,134.895,4.30217,130.306,0.84672,12.849,0.84672,3695.15,0,36.966,0.317331,3.39787,2.05142,17.9334,1.19065,21.8747,0.42336,36.966,0.42336,423.524,0,1.02816,0,0,4.42603,3.39787,1.028160,1,0,154.462,0,0,0,154.462,0
61.1179,2.6339,0,0,7.59041,0.242437,0.36288,3.6288,61.308,0.52631,0,0,4.22368,0.207362,3.49001,0.66528,12.849,1,0.596177,0.36288,0,117.732,3.55183,113.947,0.84672,12.849,0.84672,3695.15,0,36.966,0.317342,4.3652,2.05145,13.1848,1.09691,18.1872,0.42336,36.966,0.42336,423.524,0,1.02816,0,0,5.39336,4.3652,1.028160,1,0,135.624,0,0,0,135.624,0
59.9706,2.66897,0,0,2.15059,0.266028,0.36288,3.6288,61.308,0.52631,0,0,1.00027,0.242436,0.231524,0.66528,12.849,1,0.561106,0.36288,0,44.9217,4.9382,39.7853,0.84672,12.849,0.84672,3695.15,0,36.966,0.317342,0.803027,2.05148,5.34937,1.29119,6.59535,0.42336,36.966,0.42336,423.524,0,1.02816,0,0,1.83119,0.803027,1.028160,1,0,46.6121,0,0,0,46.6121,0
59.1355,2.7435,0,0,2.53683,0.265606,0.36288,3.6288,61.308,0.564082,0,0,0.889004,0.248282,0.0766399,0.66528,12.849,1,0.587808,0.36288,0,42.3347,5.16926,36.9405,0.84672,12.849,0.84672,3695.15,0,36.966,0.340116,0.705551,2.05148,9.11614,1.32357,10.2095,0.42336,36.966,0.42336,423.524,0,1.02816,0,0,1.73371,0.705551,1.028160,1,0,47.2266,0,0,0,47.2266,0
63.5672,2.7367,0,0,7.79477,0.263484,0.36288,3.6288,61.308,0.564092,0,0,1.69069,0.248282,0.878318,0.66528,12.849,1,0.594633,0.36288,0,158.429,5.16926,153.028,0.84672,12.849,0.84672,3695.15,0,36.966,0.340122,2.59672,2.11723,7.4513,1.32357,10.5016,0.42336,36.966,0.42336,423.524,0,1.02816,0,0,3.62488,2.59672,1.028160,1,0,164.408,0,0,0,164.408,0
64.4229,2.77121,0,0,4.27149,0.281695,0.36288,3.6288,61.308,0.564102,0,0,1.47552,0.237755,0.673665,0.66528,12.849,1,0.560152,0.36288,0,117.023,4.5938,112.232,0.84672,12.849,0.84672,3695.15,0,36.966,0.340128,1.90009,2.11724,5.09063,1.16865,7.59918,0.42336,36.966,0.42336,423.524,0,1.02816,0,0,2.92825,1.90009,1.028160,1,0,120.505,0,0,0,120.505,0
65.989,2.77744,0,0,4.98767,0.28117,0.36288,3.6288,61.308,0.564112,0,0,1.64,0.229416,0.846474,0.66528,12.849,1,0.553954,0.36288,0,96.2081,4.41917,91.5979,0.84672,12.849,0.84672,3695.15,0,36.966,0.340134,3.62681,2.11726,10.1013,1.10525,14.4,0.42336,36.966,0.42336,423.524,0,1.02816,0,0,4.65497,3.62681,1.028160,1,0,106.844,0,0,0,106.844,0
69.636,3.06044,0,0,7.36793,0.297657,0.36288,3.6288,61.308,0.66528,0,0,2.50236,0.221181,1.6159,0.66528,12.849,1,0.595912,0.36288,0,192.698,4.26216,188.203,0.84672,12.849,0.84672,3695.15,0,36.966,0.466194,5.89617,2.11728,17.9075,1.09061,24.3642,0.42336,36.966,0.42336,423.524,0,1.02816,0,0,6.92433,5.89617,1.028160,1,0,214.183,0,0,0,214.183,0
70.8256,3.08682,0,0,4.94562,0.306307,0.36288,3.6288,61.308,0.66528,0,0,1.6249,0.221181,0.738438,0.66528,12.849,1,0.569569,0.36288,0,126.382,4.26216,121.914,0.84672,12.849,0.84672,3695.15,0,36.966,0.466212,3.59549,2.35373,10.9951,1.09061,15.3875,0.42336,36.966,0.42336,423.524,0,1.02816,0,0,4.62365,3.59549,1.028160,1,0,138.04,0,0,0,138.04,0
72.5679,3.09494,0,0,5.50924,0.309129,0.36288,3.6288,61.308,0.66528,0,0,1.4824,0.221181,0.595939,0.66528,12.849,1,0.561476,0.36288,0,107.373,4.26216,102.912,0.84672,12.849,0.84672,3695.15,0,36.966,0.466229,3.06757,2.35375,8.56138,1.09061,12.4259,0.42336,36.966,0.42336,423.524,0,1.02816,0,0,4.09573,3.06757,1.028160,1,0,115.934,0,0,0,115.934,0
73.5773,3.10642,0,0,4.93049,0.451814,0.36288,3.6288,61.308,0.66528,0,0,1.21888,0.193092,0.360508,0.66528,12.849,1,0.550028,0.36288,0,133.187,3.83737,129.163,0.84672,12.849,0.84672,3695.15,0,36.966,0.466247,3.29977,2.35377,9.93332,1.02152,14.0991,0.42336,36.966,0.42336,423.524,0,1.02816,0,0,4.32793,3.29977,1.028160,1,0,143.622,0,0,0,143.622,0
76.5345,2.71829,0,0,6.52393,0.485561,0.36288,3.6288,61.308,0.515681,0,0,2.49221,0.153408,1.82312,0.66528,12.849,1,0.474703,0.36288,0,179.847,3.14122,176.594,0.84672,12.849,0.84672,3695.15,0,36.966,0.310933,7.1426,2.35379,19.3471,0.858379,27.6742,0.42336,36.966,0.42336,423.524,0,1.02816,0,0,8.17076,7.1426,1.028160,1,0,206.091,0,0,0,206.091,0
78.684,2.73402,0,0,5.75654,0.510116,0.36288,3.6288,61.308,0.51569,0,0,2.04067,0.12871,1.39627,0.66528,12.849,1,0.459001,0.36288,0,195.739,2.73798,192.905,0.84672,12.849,0.84672,3695.15,0,36.966,0.310938,5.36528,2.03137,14.4899,0.739979,20.8356,0.42336,36.966,0.42336,423.524,0,1.02816,0,0,6.39344,5.36528,1.028160,1,0,215.137,0,0,0,215.137,0
83.2539,2.74482,0,0,8.1987,0.521125,0.36288,3.6288,61.308,0.5157,0,0,2.81256,0.12871,2.16815,0.66528,12.849,1,0.448226,0.36288,0,166.075,2.73798,163.252,0.84672,12.849,0.84672,3695.15,0,36.966,0.310944,10.0639,2.03138,19.584,0.739979,30.6284,0.42336,36.966,0.42336,423.524,0,1.02816,0,0,11.092,10.0639,1.028160,1,0,196.049,0,0,0,196.049,0
90.4418,2.76616,0,0,10.8619,0.544933,0.36288,3.6288,61.308,0.51571,0,0,4.43778,0.117355,3.80472,0.66528,12.849,1,0.426915,0.36288,0,180.333,2.68589,177.583,0.84672,12.849,0.84672,3695.15,0,36.966,0.31095,11.105,2.0314,25.2522,0.721205,37.3565,0.42336,36.966,0.42336,423.524,0,1.02816,0,0,12.1332,11.105,1.028160,1,0,218.744,0,0,0,218.744,0
94.2084,2.79589,0,0,7.38305,0.457655,0.36288,3.6288,61.308,0.515719,0,0,2.84221,0.146181,2.18031,0.66528,12.849,1,0.39721,0.36288,0,151.228,3.59741,147.596,0.84672,12.849,0.84672,3695.15,0,36.966,0.310956,6.5736,2.03142,16.8111,0.903653,24.2015,0.42336,36.966,0.42336,423.524,0,1.02816,0,0,7.60176,6.5736,1.028160,1,0,173.978,0,0,0,173.978,0
97.506,2.91255,0,0,8.20964,0.472842,1.52664,3.6288,61.308,0.562268,0,0,3.39449,0.146181,2.68604,0.66528,12.849,1,0.397241,1.52664,0,171.126,3.59741,168.658,0.84672,12.849,0.84672,3695.15,0,36.966,0.339022,6.02603,2.03143,17.9672,0.903653,24.782,0.42336,36.966,0.42336,423.524,0,1.02816,0,0,7.05419,6.02603,1.028160,1,0,196.126,0,0,0,196.126,0
97.506,2.92445,0,0,6.83988,0.486137,3.4293,3.6288,61.308,0.562278,0,0,2.91596,0.146181,2.2075,0.66528,12.849,1,0.385374,3.4293,0,127.857,3.59741,127.304,0.84672,12.849,0.84672,3695.15,0,36.966,0.339028,6.0345,2.11095,13.4825,0.903653,20.3852,0.42336,36.966,0.42336,423.524,0,1.02816,0,0,7.06266,6.0345,1.028160,1,0,149.897,0,0,0,149.897,0
97.506,2.92447,0,0,5.47284,0.408306,2.14007,3.6288,61.308,0.562288,0,0,2.02994,0.141186,1.32647,0.66528,12.849,1,0.385377,2.14007,0,111.291,3.89395,109.152,0.84672,12.849,0.84672,3695.15,0,36.966,0.339034,3.82644,2.11097,9.36351,0.922936,14.039,0.42336,36.966,0.42336,423.524,0,1.02816,0,0,4.8546,3.82644,1.028160,1,0,124.517,0,0,0,124.517,0
97.506,2.9245,0,0,5.13618,0.34922,1.86246,3.6288,61.308,0.562297,0,0,1.64608,0.188546,0.895232,0.66528,12.849,1,0.38538,1.86246,0,122.063,3.85323,119.687,0.84672,12.849,0.84672,3695.15,0,36.966,0.33904,3.15689,2.11098,12.3853,0.971194,16.3429,0.42336,36.966,0.42336,423.524,0,1.02816,0,0,4.18505,3.15689,1.028160,1,0,136.925,0,0,0,136.925,0
97.506,2.88421,0,0,3.92748,0.330774,0.712489,3.6288,61.308,0.544231,0,0,1.08129,0.207823,0.329233,0.66528,12.849,1,0.380071,0.712489,0,81.4493,3.81717,77.9645,0.84672,12.849,0.84672,3695.15,0,36.966,0.328147,1.8521,2.111,6.78448,0.989211,9.43022,0.42336,36.966,0.42336,423.524,0,1.02816,0,0,2.88026,1.8521,1.028160,1,0,87.724,0,0,0,87.724,0
97.2802,2.88424,0,0,3.35208,0.330774,0.36288,3.6288,61.308,0.544241,0,0,1.0215,0.207823,0.269435,0.66528,12.849,1,0.380075,0.36288,0,71.4243,3.81717,67.5899,0.84672,12.849,0.84672,3695.15,0,36.966,0.328153,1.54945,2.08008,5.77063,0.989211,8.08279,0.42336,36.966,0.42336,423.524,0,1.02816,0,0,2.57761,1.54945,1.028160,1,0,75.9421,0,0,0,75.9421,0
96.6858,2.88348,0,0,2.9821,0.330155,0.36288,3.6288,61.308,0.544251,0,0,0.914034,0.207823,0.161961,0.66528,12.849,1,0.380857,0.36288,0,61.2427,3.81717,57.4076,0.84672,12.849,0.84672,3695.15,0,36.966,0.328159,1.22701,2.0801,4.93417,0.989211,6.92391,0.42336,36.966,0.42336,423.524,0,1.02816,0,0,2.25517,1.22701,1.028160,1,0,64.4935,0,0,0,64.4935,0
95.8902,2.88144,0,0,2.76141,0.312648,0.36288,3.6288,61.308,0.54426,0,0,0.83084,0.20624,0.0803393,0.66528,12.849,1,0.382927,0.36288,0,53.7092,3.93255,49.7566,0.84672,12.849,0.84672,3695.15,0,36.966,0.328165,0.977175,2.08012,4.63578,0.984918,6.37999,0.42336,36.966,0.42336,423.524,0,1.02816,0,0,2.00534,0.977175,1.028160,1,0,56.2169,0,0,0,56.2169,0
94.9184,3.01521,0,0,2.70187,0.295609,0.36288,3.6288,61.2412,0.608375,0,0,0.75333,0.211719,0,0.66528,12.849,1,0.40403,0.36288,0,47.7304,4.3248,43.3644,0.84672,12.849,0.84672,3695.15,0,36.966,0.366823,0.668442,2.08013,4.39795,1.09268,5.68703,0.42336,36.966,0.42336,423.524,0,1.02816,0,0,1.6966,0.668442,1.028160,1,0,49.0515,0,0,0,49.0515,0
93.719,3.0116,0,0,2.37708,0.201985,0.36288,3.6288,61.0648,0.608135,0,0,0.6419,0.210161,0,0.66528,12.849,1,0.407677,0.36288,0,41.2211,4.29198,36.8843,0.84672,12.849,0.84672,3695.15,0,36.966,0.367078,0.668814,2.18856,4.04671,1.04083,5.49617,0.42336,36.966,0.42336,423.524,0,1.02816,0,0,1.69697,0.668814,1.028160,1,0,42.3805,0,0,0,42.3805,0
92.4565,3.00703,0,0,2.30731,0.199932,0.36288,3.6288,60.9291,0.607485,0,0,0.681687,0.209926,0,0.66528,12.849,1,0.412268,0.36288,0,39.2898,4.29198,34.9484,0.84672,12.849,0.84672,3695.15,0,36.966,0.367745,0.649365,2.18858,4.30486,1.04083,5.73423,0.42336,36.966,0.42336,423.524,0,1.02816,0,0,1.67753,0.649365,1.028160,1,0,40.6827,0,0,0,40.6827,0
91.0827,3.00211,0,0,2.18895,0.19777,0.36288,3.6288,60.7748,0.606986,0,0,0.662437,0.209746,0,0.66528,12.849,1,0.417214,0.36288,0,36.9021,4.29198,32.5558,0.84672,12.849,0.84672,3695.15,0,36.966,0.368261,0.577955,2.1886,3.98009,1.04083,5.33754,0.42336,36.966,0.42336,423.524,0,1.02816,0,0,1.60612,0.577955,1.028160,1,0,37.8934,0,0,0,37.8934,0
88.9408,2.99662,0,0,1.37409,0.156426,0.36288,3.6288,60.2887,0.744515,0,0,0.480765,0.222336,0,0.66528,12.849,1,0.422733,0.36288,0,33.5196,4.49096,28.9688,0.84672,12.849,0.84672,3695.15,0,36.966,0.452848,0.30119,2.18861,2.75797,1.08778,3.70714,0.42336,36.966,0.42336,423.524,0,0.80606,0,0,1.10725,0.30119,1.028160,1,0,32.6759,0,0,0,32.6759,0
86.7131,2.96099,0,0,1.24968,0.153491,0.36288,3.6288,59.7497,0.78617,0,0,0.468804,0.22165,0,0.66528,12.849,1,0.427765,0.36288,0,32.8635,4.49096,28.3077,0.84672,12.849,0.84672,3695.15,0,36.966,0.482039,0.30119,2.18863,2.64263,1.08778,3.56263,0.42336,36.966,0.42336,423.524,0,0.791709,0,0,1.0929,0.30119,1.028160,1,0,31.8703,0,0,0,31.8703,0
84.3826,2.95145,0,0,1.13426,0.150439,0.36288,3.6288,59.1337,0.83497,0,0,0.439813,0.22089,0,0.66528,12.849,1,0.43734,0.36288,0,29.2841,4.49096,24.7187,0.84672,12.849,0.84672,3695.15,0,36.966,0.51658,0.261274,2.22655,2.55639,1.08778,3.43985,0.42336,36.966,0.42336,423.524,0,0.708385,0,0,0.969659,0.261274,1.028160,1,0,28.1585,0,0,0,28.1585,0
82.0587,2.94099,0,0,1.07611,0.0961832,0.36288,3.6288,58.4211,0.829335,0,0,0.412553,0.295749,0,0.66528,12.849,1,0.447826,0.36288,0,26.3409,5.47901,20.7769,0.84672,12.849,0.84672,3695.15,0,36.966,0.518439,0.261274,2.22656,2.42272,1.44844,2.94367,0.42336,36.966,0.42336,423.524,0,0.712178,0,0,0.973451,0.261274,1.028160,1,0,23.7206,0,0,0,23.7206,0
79.55,2.93005,0,0,0.88547,0.101278,0.36288,3.6288,57.5922,0.900895,0,0,0.385644,0.313734,0,0.66528,12.849,1,0.458796,0.36288,0,23.3231,5.67095,17.5562,0.84672,12.849,0.84672,3695.15,0,36.966,0.570042,0.261274,2.22658,2.16434,1.50092,2.58123,0.42336,36.966,0.42336,423.524,0,0.589032,0,0,0.850306,0.261274,1.028160,1,0,20.1374,0,0,0,20.1374,0
77.0458,2.98571,0,0,0.948577,0.104114,0.36288,3.6288,56.9121,0.863445,0,0,0.509842,0.326483,0,0.66528,12.849,1,0.482255,0.36288,0,30.1071,5.8149,24.1728,0.84672,12.849,0.84672,3695.15,0,36.966,0.554209,0.261274,2.2266,2.36038,1.54028,2.75377,0.42336,36.966,0.42336,423.524,0,0.692669,0,0,0.953942,0.261274,1.028160,1,0,26.9266,0,0,0,26.9266,0
74.4725,2.9723,0,0,0.86343,0.101574,0.36288,3.6288,56.1606,0.846959,0,0,0.420516,0.325046,0,0.66528,12.849,1,0.495692,0.36288,0,24.2497,5.8149,18.302,0.84672,12.849,0.84672,3695.15,0,36.966,0.550124,0.261274,2.28033,2.19333,1.54028,2.64454,0.42336,36.966,0.42336,423.524,0,0.713258,0,0,0.974532,0.261274,1.028160,1,0,20.9465,0,0,0,20.9465,0
71.8382,2.95771,0,0,0.78529,0.0989627,0.36288,3.6288,55.315,0.913699,0,0,0.39162,0.323457,0,0.66528,12.849,1,0.510304,0.36288,0,22.6062,5.8149,16.6439,0.84672,12.849,0.84672,3695.15,0,36.966,0.601415,0.227405,2.28035,1.95468,1.54028,2.32074,0.42336,36.966,0.42336,423.524,0,0.595244,0,0,0.822649,0.227405,1.028160,1,0,18.9646,0,0,0,18.9646,0
69.2966,2.94186,0,0,0.82804,0.0648985,0.36288,3.6288,54.6388,0.796162,0,0,0.447727,0.327791,0,0.66528,12.849,1,0.526182,0.36288,0,22.4569,6.03059,16.263,0.84672,12.849,0.84672,3695.15,0,36.966,0.53206,0.227405,2.28037,2.58577,1.56176,2.99972,0.42336,36.966,0.42336,423.524,0,0.782153,0,0,1.00956,0.227405,1.028160,1,0,19.2627,0,0,0,19.2627,0
66.553,3.121,0,0,0.835548,0.0953503,0.36288,3.6288,53.8803,0.897316,0,0,0.466981,0.328167,0,0.66528,12.849,1,0.578696,0.36288,0,24.482,6.27785,17.9883,0.84672,12.849,0.84672,3695.15,0,36.966,0.607081,0.227405,2.28039,2.21988,1.48153,2.63905,0.42336,36.966,0.42336,423.524,0,0.787692,0,0,1.0151,0.227405,1.028160,1,0,20.6273,0,0,0,20.6273,0
63.6582,3.10102,0,0,0.662507,0.0933192,0.36288,3.6288,52.8622,1.04214,0,0,0.350509,0.326524,0,0.66528,12.849,1,0.598697,0.36288,0,26.8822,6.27785,20.3686,0.84672,12.849,0.84672,3695.15,0,36.966,0.714987,0.227405,2.46419,1.78239,1.48153,2.27746,0.42336,36.966,0.42336,423.524,0,0.53498,0,0,0.762385,0.227405,1.028160,1,0,22.646,0,0,0,22.646,0
60.9311,3.0784,0,0,0.805257,0.0911762,0.36288,3.6288,52.4365,0.66528,0,0,0.563518,0.323905,0,0.66528,12.849,1,0.621354,0.36288,0,23.4331,6.27785,16.8967,0.84672,12.849,0.84672,3695.15,0,36.966,0.598685,0.235829,2.46421,2.56821,1.48153,3.18803,0.42336,36.966,0.42336,423.524,0,1.02816,0,0,1.26399,0.235829,1.028160,1,0,20.0848,0,0,0,20.0848,0
58.0678,3.05546,0,0,0.648844,0.0937918,0.36288,3.6288,51.6119,0.926583,0,0,0.398783,0.296817,0,0.66528,12.849,1,0.644327,0.36288,0,20.1649,5.53847,14.345,0.84672,12.849,0.84672,3695.15,0,36.966,0.65321,0.204422,2.46423,2.57492,1.19372,3.39664,0.42336,36.966,0.42336,423.524,0,0.712351,0,0,0.916773,0.204422,1.028160,1,0,17.7416,0,0,0,17.7416,0
55.2877,3.02947,0,0,0.750384,0.138086,0.36288,3.6288,50.4242,1.10698,0,0,0.229959,0.310639,0,0.66528,12.849,1,0.670348,0.36288,0,14.2691,5.70885,8.25281,0.84672,12.849,0.84672,3695.15,0,36.966,0.792851,0.204422,2.46425,1.93732,1.25702,2.55612,0.42336,36.966,0.42336,423.524,0,0.392334,0,0,0.596756,0.204422,1.028160,1,0,10.8089,0,0,0,10.8089,0
52.7062,2.91054,0,0,0.870506,0.178643,0.36288,3.6288,49.4712,0.943047,0,0,0.29593,0.305939,0,0.66528,12.849,1,0.676417,0.36288,0,13.9082,5.57256,8.02214,0.84672,12.849,0.84672,3695.15,0,36.966,0.691348,0.204422,2.46427,2.51094,1.27431,3.21398,0.42336,36.966,0.42336,423.524,0,0.547499,0,0,0.751922,0.204422,1.028160,1,0,11.2361,0,0,0,11.2361,0
50.114,2.88393,0,0,0.828645,0.174025,0.36288,3.6288,48.4864,0.96916,0,0,0.287941,0.303557,0,0.66528,12.849,1,0.70306,0.36288,0,17.7042,5.57256,11.7915,0.84672,12.849,0.84672,3695.15,0,36.966,0.724178,0.216518,2.35793,2.48594,1.27431,3.0619,0.42336,36.966,0.42336,423.524,0,0.488575,0,0,0.705093,0.216518,1.028160,1,0,14.8534,0,0,0,14.8534,0
47.6582,2.85501,0,0,0.931461,0.169387,0.36288,3.6288,47.6928,0.870639,0,0,0.378126,0.301096,0,0.66528,12.849,1,0.732011,0.36288,0,35.1061,5.57256,29.1644,0.84672,12.849,0.84672,3695.15,0,36.966,0.663775,0.216518,2.35795,3.30173,1.27431,3.93812,0.42336,36.966,0.42336,423.524,0,0.647516,0,0,0.864035,0.216518,1.028160,1,0,33.1026,0,0,0,33.1026,0
45.7803,2.82532,0,0,1.50085,0.190472,0.36288,3.6288,47.1446,0.772492,0,0,0.490247,0.265925,0,0.66528,12.849,1,0.761727,0.36288,0,55.5316,5.05236,50.0804,0.84672,12.849,0.84672,3695.15,0,36.966,0.598748,0.216518,2.35797,4.37847,1.22832,5.12588,0.42336,36.966,0.42336,423.524,0,0.810709,0,0,1.02723,0.216518,1.028160,1,0,55.2063,0,0,0,55.2063,0
45.4136,2.72859,0,0,2.94464,0.219868,0.36288,3.6288,46.8891,0.590446,0,0,0.555571,0.220658,0,0.66528,12.849,1,0.765823,0.36288,0,54.0917,4.35876,49.33,0.84672,12.849,0.84672,3695.15,0,36.966,0.462968,0.409631,2.35799,5.9175,1.16701,7.05514,0.42336,36.966,0.42336,423.524,0,1.02816,0,0,1.43779,0.409631,1.028160,1,0,56.3851,0,0,0,56.3851,0
45.8326,2.72379,0,0,3.7246,0.218967,0.36288,3.6288,47.6379,0.589045,0,0,1.55809,0.220185,0,0.66528,12.849,1,0.770649,0.36288,0,87.6277,4.35876,82.8612,0.84672,12.849,0.84672,3695.15,0,36.966,0.464386,2.6415,2.26308,10.4477,1.16701,13.7209,0.42336,36.966,0.42336,423.524,0,1.02816,0,0,3.66966,2.6415,1.028160,1,0,96.5821,0,0,0,96.5821,0
45.5981,2.72932,0,0,3.07766,0.219997,0.36288,3.6288,47.5434,0.593165,0,0,0.720221,0.221572,0,0.66528,12.849,1,0.765153,0.36288,0,63.5856,4.35876,58.8246,0.84672,12.849,0.84672,3695.15,0,36.966,0.460283,0.598666,2.2631,4.60685,1.16701,5.84131,0.42336,36.966,0.42336,423.524,0,1.02816,0,0,1.62683,0.598666,1.028160,1,0,64.6659,0,0,0,64.6659,0
46.6348,2.72627,0,0,4.35656,0.230715,0.36288,3.6288,48.0273,0.59266,0,0,1.30462,0.228116,0,0.66528,12.849,1,0.76823,0.36288,0,100.477,4.57033,95.5015,0.84672,12.849,0.84672,3695.15,0,36.966,0.460806,1.54621,2.26311,9.40276,1.20726,11.544,0.42336,36.966,0.42336,423.524,0,1.02816,0,0,2.57437,1.54621,1.028160,1,0,107.045,0,0,0,107.045,0
45.6857,2.53335,0,0,2.18654,0.239421,0.36288,3.6288,48.2373,0.47714,0,0,0.874765,0.187559,0,0.66528,12.849,1,0.697999,0.36288,0,41.0524,3.91135,36.8059,0.84672,12.849,0.84672,3695.15,0,36.966,0.367249,1.08395,2.26313,4.07598,0.904929,6.15088,0.42336,36.966,0.42336,423.524,0,1.02816,0,0,2.11211,1.08395,1.028160,1,0,42.9568,0,0,0,42.9568,0
45.9199,2.52205,0,0,3.35611,0.236904,0.36288,3.6288,48.5725,0.478054,0,0,1.00114,0.187887,0,0.66528,12.849,1,0.709322,0.36288,0,37.3492,3.91135,33.0914,0.84672,12.849,0.84672,3695.15,0,36.966,0.36635,1.3285,2.05229,5.32284,0.904929,7.43235,0.42336,36.966,0.42336,423.524,0,1.02816,0,0,2.35666,1.3285,1.028160,1,0,40.5237,0,0,0,40.5237,0
51.0594,2.5249,0,0,8.26969,0.242476,0.36288,3.6288,51.1543,0.479498,0,0,3.25506,0.193788,0,0.66528,12.849,1,0.7065,0.36288,0,130.999,4.02318,126.632,0.84672,12.849,0.84672,3695.15,0,36.966,0.364921,4.4063,2.0523,11.821,0.921344,16.9933,0.42336,36.966,0.42336,423.524,0,1.02816,0,0,5.43446,4.4063,1.028160,1,0,143.625,0,0,0,143.625,0
54.7614,2.58174,0,0,6.93437,0.287753,0.36288,3.6288,53.0084,0.490199,0,0,2.57519,0.230891,0,0.66528,12.849,1,0.64969,0.36288,0,175.125,4.69413,170.144,0.84672,12.849,0.84672,3695.15,0,36.966,0.354236,3.64648,2.05232,12.799,1.01983,17.1237,0.42336,36.966,0.42336,423.524,0,1.02816,0,0,4.67464,3.64648,1.028160,1,0,187.268,0,0,0,187.268,0
55.7989,2.61733,0,0,4.27402,0.256313,0.36288,3.6288,53.5234,0.497508,0,0,1.24593,0.233425,0,0.66528,12.849,1,0.614121,0.36288,0,142.96,4.7851,137.924,0.84672,12.849,0.84672,3695.15,0,36.966,0.346942,1.74027,2.05234,8.42685,1.21338,10.6591,0.42336,36.966,0.42336,423.524,0,1.02816,0,0,2.76843,1.74027,1.028160,1,0,148.583,0,0,0,148.583,0
57.8641,2.70891,0,0,5.37886,0.24178,0.36288,3.6288,54.3947,0.535302,0,0,1.64061,0.234009,0,0.66528,12.849,1,0.623791,0.36288,0,108.712,4.8215,103.63,0.84672,12.849,0.84672,3695.15,0,36.966,0.369707,2.44808,2.05235,11.387,1.2908,14.2269,0.42336,36.966,0.42336,423.524,0,1.02816,0,0,3.47624,2.44808,1.028160,1,0,117.856,0,0,0,117.856,0
63.4336,2.72714,0,0,8.90749,0.248021,0.36288,3.6288,56.3389,0.538829,0,0,2.71685,0.233782,0,0.66528,12.849,1,0.605573,0.36288,0,295.885,4.72559,290.916,0.84672,12.849,0.84672,3695.15,0,36.966,0.366182,4.06527,2.11812,16.1642,1.26498,20.7164,0.42336,36.966,0.42336,423.524,0,1.02816,0,0,5.09343,4.06527,1.028160,1,0,311.633,0,0,0,311.633,0
69.585,2.77135,0,0,9.52949,0.243825,0.36288,3.6288,57.4097,0.546461,0,0,1.81364,0.196449,0,0.66528,12.849,1,0.56136,0.36288,0,255.576,3.58206,251.795,0.84672,12.849,0.84672,3695.15,0,36.966,0.358553,2.8947,2.11812,12.9623,1.03808,16.5785,0.42336,36.966,0.42336,423.524,0,1.02816,0,0,3.92286,2.8947,1.028160,1,0,268.373,0,0,0,268.373,0
71.712,2.81324,0,0,5.56438,0.26127,0.36288,3.6288,57.857,0.55053,0,0,1.19864,0.200809,0,0.66528,12.849,1,0.519471,0.36288,0,191.484,3.38064,187.947,0.84672,12.849,0.84672,3695.15,0,36.966,0.354485,1.76085,2.11812,9.53626,1.04789,12.0129,0.42336,36.966,0.42336,423.524,0,1.02816,0,0,2.78901,1.76085,1.028160,1,0,199.96,0,0,0,199.96,0
72.177,3.10199,0,0,4.22774,0.297933,0.36288,3.6288,58.3561,0.66528,0,0,1.39301,0.228552,0,0.66528,12.849,1,0.555798,0.36288,0,75.3909,3.66324,71.5348,0.84672,12.849,0.84672,3695.15,0,36.966,0.467038,1.58639,2.11812,6.16666,1.11004,8.2941,0.42336,36.966,0.42336,423.524,0,1.02816,0,0,2.61455,1.58639,1.028160,1,0,79.8289,0,0,0,79.8289,0
72.9919,3.10503,0,0,4.58182,0.298989,0.36288,3.6288,58.8421,0.66528,0,0,1.38052,0.22929,0,0.66528,12.849,1,0.55276,0.36288,0,128.17,3.66324,124.317,0.84672,12.849,0.84672,3695.15,0,36.966,0.46704,1.60562,2.35465,6.11507,1.11004,8.49827,0.42336,36.966,0.42336,423.524,0,1.02816,0,0,2.63378,1.60562,1.028160,1,0,132.815,0,0,0,132.815,0
73.5304,3.11028,0,0,4.42159,0.409905,0.36288,3.6288,59.0047,0.66528,0,0,1.05792,0.230007,0,0.66528,12.849,1,0.547513,0.36288,0,130.286,3.66324,126.438,0.84672,12.849,0.84672,3695.15,0,36.966,0.467043,1.14656,2.35466,5.71974,1.11004,7.64388,0.42336,36.966,0.42336,423.524,0,1.02816,0,0,2.17472,1.14656,1.028160,1,0,134.082,0,0,0,134.082,0
74.0184,3.1137,0,0,4.42422,0.459666,0.36288,3.6288,59.2995,0.66528,0,0,1.15113,0.191073,0,0.66528,12.849,1,0.5441,0.36288,0,103.21,3.33703,99.6917,0.84672,12.849,0.84672,3695.15,0,36.966,0.467045,1.38747,2.35466,7.51316,0.949799,9.83845,0.42336,36.966,0.42336,423.524,0,1.02816,0,0,2.41563,1.38747,1.028160,1,0,109.53,0,0,0,109.53,0
76.4827,2.72169,0,0,6.0007,0.451853,0.36288,3.6288,60.9558,0.509608,0,0,2.31037,0.144473,0,0.66528,12.849,1,0.472463,0.36288,0,150.123,2.74312,147.27,0.84672,12.849,0.84672,3695.15,0,36.966,0.317678,1.89973,2.35466,12.0796,0.785707,15.2306,0.42336,36.966,0.42336,423.524,0,1.02816,0,0,2.92789,1.89973,1.028160,1,0,162.5,0,0,0,162.5,0
78.0271,2.73472,0,0,5.10532,0.463322,0.36288,3.6288,61.308,0.514983,0,0,2.09663,0.146005,1.08343,0.66528,12.849,1,0.459431,0.36288,0,119.851,2.74312,117.011,0.84672,12.849,0.84672,3695.15,0,36.966,0.312306,1.63449,2.0321,10.4929,0.785707,13.0615,0.42336,36.966,0.42336,423.524,0,1.02816,0,0,2.66265,1.63449,1.028160,1,0,131.156,0,0,0,131.156,0
79.9671,2.74254,0,0,5.51594,0.470509,0.36288,3.6288,61.308,0.516103,0,0,2.02419,0.146331,1.36175,0.66528,12.849,1,0.451623,0.36288,0,129.826,2.74312,126.994,0.84672,12.849,0.84672,3695.15,0,36.966,0.311187,2.02625,2.0321,12.2313,0.785707,15.1928,0.42336,36.966,0.42336,423.524,0,1.02816,0,0,3.05441,2.02625,1.028160,1,0,143.548,0,0,0,143.548,0
83.4148,2.75198,0,0,7.04216,0.479538,0.36288,3.6288,61.308,0.516104,0,0,2.32034,0.146331,1.65791,0.66528,12.849,1,0.442184,0.36288,0,162.563,2.74312,159.741,0.84672,12.849,0.84672,3695.15,0,36.966,0.311188,2.16293,2.03211,13.1981,0.785707,16.2963,0.42336,36.966,0.42336,423.524,0,1.02816,0,0,3.19109,2.16293,1.028160,1,0,177.695,0,0,0,177.695,0
87.3678,2.76782,0,0,7.61969,0.536029,0.36288,3.6288,61.308,0.516106,0,0,2.6137,0.133915,1.96367,0.66528,12.849,1,0.426347,0.36288,0,208.234,2.19987,205.97,0.84672,12.849,0.84672,3695.15,0,36.966,0.311189,2.3327,2.03211,16.8873,0.655492,20.2854,0.42336,36.966,0.42336,423.524,0,1.02816,0,0,3.36086,2.3327,1.028160,1,0,228.219,0,0,0,228.219,0
90.2721,2.88638,0,0,6.66179,0.508247,0.36288,3.6288,61.308,0.562662,0,0,2.53492,0.130548,1.84171,0.66528,12.849,1,0.424494,0.36288,0,152.942,2.57104,150.309,0.84672,12.849,0.84672,3695.15,0,36.966,0.33926,2.19649,2.03211,12.4019,0.721057,15.5702,0.42336,36.966,0.42336,423.524,0,1.02816,0,0,3.22465,2.19649,1.028160,1,0,167.721,0,0,0,167.721,0
91.4176,2.89834,0,0,4.91883,0.512047,0.36288,3.6288,61.308,0.562663,0,0,1.88539,0.129219,1.1935,0.66528,12.849,1,0.412539,0.36288,0,128.205,2.63056,125.524,0.84672,12.849,0.84672,3695.15,0,36.966,0.339261,1.75785,2.11164,9.7835,0.732616,12.5811,0.42336,36.966,0.42336,423.524,0,1.02816,0,0,2.78601,1.75785,1.028160,1,0,139.299,0,0,0,139.299,0
92.1501,2.90288,0,0,4.51548,0.517223,0.36288,3.6288,61.308,0.562664,0,0,2.13204,0.129219,1.44016,0.66528,12.849,1,0.408007,0.36288,0,117.67,2.63056,114.994,0.84672,12.849,0.84672,3695.15,0,36.966,0.339261,1.6411,2.11164,11.9203,0.732616,14.6011,0.42336,36.966,0.42336,423.524,0,1.02816,0,0,2.66926,1.6411,1.028160,1,0,131.035,0,0,0,131.035,0
92.8766,2.90573,0,0,4.48151,0.486459,0.36288,3.6288,61.308,0.562666,0,0,1.90092,0.148644,1.18961,0.66528,12.849,1,0.405161,0.36288,0,149.49,3.12671,146.321,0.84672,12.849,0.84672,3695.15,0,36.966,0.339262,1.72246,2.11164,10.1276,0.808072,12.8144,0.42336,36.966,0.42336,423.524,0,1.02816,0,0,2.75062,1.72246,1.028160,1,0,160.325,0,0,0,160.325,0
93.3421,2.86843,0,0,4.16068,0.463811,0.36288,3.6288,61.308,0.544585,0,0,1.54233,0.163213,0.834528,0.66528,12.849,1,0.396832,0.36288,0,129.022,3.49881,125.489,0.84672,12.849,0.84672,3695.15,0,36.966,0.328361,1.42321,2.11165,8.95018,0.864663,11.292,0.42336,36.966,0.42336,423.524,0,1.02816,0,0,2.45137,1.42321,1.028160,1,0,137.616,0,0,0,137.616,0
93.4721,2.87017,0,0,3.82866,0.465673,0.36288,3.6288,61.308,0.544587,0,0,1.43472,0.163213,0.726924,0.66528,12.849,1,0.395093,0.36288,0,93.3483,3.49881,89.8173,0.84672,12.849,0.84672,3695.15,0,36.966,0.328362,1.24737,2.0807,8.12782,0.864663,10.2629,0.42336,36.966,0.42336,423.524,0,1.02816,0,0,2.27553,1.24737,1.028160,1,0,100.807,0,0,0,100.807,0
93.3192,2.87066,0,0,3.54687,0.466193,0.36288,3.6288,61.308,0.544588,0,0,1.36513,0.163213,0.657328,0.66528,12.849,1,0.39461,0.36288,0,82.9475,3.49881,79.4169,0.84672,12.849,0.84672,3695.15,0,36.966,0.328362,1.12398,2.08071,7.51792,0.864663,9.52958,0.42336,36.966,0.42336,423.524,0,1.02816,0,0,2.15214,1.12398,1.028160,1,0,89.6038,0,0,0,89.6038,0
93.0447,2.87009,0,0,3.31846,0.359987,0.36288,3.6288,61.308,0.544589,0,0,1.31394,0.177478,0.59187,0.66528,12.849,1,0.395179,0.36288,0,78.8132,3.60237,75.1785,0.84672,12.849,0.84672,3695.15,0,36.966,0.328363,1.00123,2.08071,6.90784,0.861752,8.79966,0.42336,36.966,0.42336,423.524,0,1.02816,0,0,2.02939,1.00123,1.028160,1,0,84.5701,0,0,0,84.5701,0
92.3882,3.00517,0,0,3.00574,0.294209,0.36288,3.6288,61.308,0.608712,0,0,1.17533,0.168183,0.398438,0.66528,12.849,1,0.414999,0.36288,0,63.9801,3.80583,60.1221,0.84672,12.849,0.84672,3695.15,0,36.966,0.367027,0.688323,2.08071,5.12152,0.963699,6.55982,0.42336,36.966,0.42336,423.524,0,1.02816,0,0,1.71648,0.688323,1.028160,1,0,67.0804,0,0,0,67.0804,0
91.3377,3.00258,0,0,2.6075,0.292545,0.36288,3.6288,61.308,0.608714,0,0,1.08718,0.168183,0.310283,0.66528,12.849,1,0.417588,0.36288,0,59.3911,3.80583,55.5306,0.84672,12.849,0.84672,3695.15,0,36.966,0.367027,0.691684,2.18915,5.04298,0.963699,6.59309,0.42336,36.966,0.42336,423.524,0,1.02816,0,0,1.71984,0.691684,1.028160,1,0,62.4339,0,0,0,62.4339,0
90.0312,2.99838,0,0,2.34461,0.289883,0.36288,3.6288,61.308,0.608715,0,0,0.903934,0.168183,0.127036,0.66528,12.849,1,0.421799,0.36288,0,55.2137,3.80583,51.3489,0.84672,12.849,0.84672,3695.15,0,36.966,0.367028,0.453695,2.18915,4.77514,0.963699,6.08726,0.42336,36.966,0.42336,423.524,0,1.02816,0,0,1.48186,0.453695,1.028160,1,0,57.5632,0,0,0,57.5632,0
88.6085,2.99302,0,0,2.1815,0.248268,0.36288,3.6288,61.308,0.608717,0,0,0.884684,0.192878,0.0830893,0.66528,12.849,1,0.427156,0.36288,0,52.2205,4.29491,47.8613,0.84672,12.849,0.84672,3695.15,0,36.966,0.367029,0.456762,2.18916,4.68353,1.09716,5.86526,0.42336,36.966,0.42336,423.524,0,1.02816,0,0,1.48492,0.456762,1.028160,1,0,53.8097,0,0,0,53.8097,0
87.2146,2.98704,0,0,2.19169,0.235619,0.36288,3.6288,61.308,0.608718,0,0,1.2793,0.25702,0.413561,0.66528,12.849,1,0.433146,0.36288,0,60.3404,5.0681,55.202,0.84672,12.849,0.84672,3695.15,0,36.966,0.36703,0.828118,2.18916,6.3738,1.20624,7.8178,0.42336,36.966,0.42336,423.524,0,1.02816,0,0,1.85628,0.828118,1.028160,1,0,63.4334,0,0,0,63.4334,0
85.7909,2.95431,0,0,2.08824,0.19478,0.36288,3.6288,61.308,0.643962,0,0,1.28808,0.300449,0.343666,0.66528,12.849,1,0.435247,0.36288,0,58.8585,5.20128,53.5849,0.84672,12.849,0.84672,3695.15,0,36.966,0.38828,0.866134,2.18916,6.90889,1.32944,8.24647,0.42336,36.966,0.42336,423.524,0,1.02816,0,0,1.89429,0.866134,1.028160,1,0,62.175,0,0,0,62.175,0
84.2748,2.94803,0,0,1.98703,0.192266,0.36288,3.6288,61.308,0.643963,0,0,1.19822,0.300449,0.253808,0.66528,12.849,1,0.44153,0.36288,0,53.3549,5.20128,48.0749,0.84672,12.849,0.84672,3695.15,0,36.966,0.388281,0.797498,2.22707,6.57841,1.32944,7.88526,0.42336,36.966,0.42336,423.524,0,1.02816,0,0,1.82566,0.797498,1.028160,1,0,56.214,0,0,0,56.214,0
82.6153,2.94114,0,0,1.8341,0.189588,0.36288,3.6288,61.308,0.643965,0,0,1.07152,0.300449,0.127101,0.66528,12.849,1,0.448423,0.36288,0,50.4894,5.20128,45.2026,0.84672,12.849,0.84672,3695.15,0,36.966,0.388282,0.706614,2.22707,6.1533,1.32944,7.36927,0.42336,36.966,0.42336,423.524,0,1.02816,0,0,1.73477,0.706614,1.028160,1,0,52.6989,0,0,0,52.6989,0
80.8315,2.93335,0,0,1.68716,0.174727,0.36288,3.6288,61.308,0.643966,0,0,1.0192,0.320785,0.0544496,0.66528,12.849,1,0.456218,0.36288,0,54.1451,5.61911,48.4326,0.84672,12.849,0.84672,3695.15,0,36.966,0.388283,0.551586,2.22707,5.33517,1.39467,6.33088,0.42336,36.966,0.42336,423.524,0,1.02816,0,0,1.57975,0.551586,1.028160,1,0,54.8179,0,0,0,54.8179,0
78.7969,2.99292,0,0,1.47738,0.15614,0.36288,3.6288,61.2759,0.66528,0,0,0.981046,0.347898,0,0.66528,12.849,1,0.475756,0.36288,0,41.0308,6.1762,34.7417,0.84672,12.849,0.84672,3695.15,0,36.966,0.417319,0.569117,2.22708,4.33407,1.48164,5.2313,0.42336,36.966,0.42336,423.524,0,1.02816,0,0,1.59728,0.569117,1.028160,1,0,39.973,0,0,0,39.973,0
76.6645,2.98236,0,0,1.36592,0.153082,0.36288,3.6288,61.1725,0.66528,0,0,0.909766,0.347827,0,0.66528,12.849,1,0.486318,0.36288,0,39.3447,6.1762,33.0451,0.84672,12.849,0.84672,3695.15,0,36.966,0.417321,0.374734,2.2808,3.76844,1.48164,4.52501,0.42336,36.966,0.42336,423.524,0,1.02816,0,0,1.40289,0.374734,1.028160,1,0,37.5701,0,0,0,37.5701,0
74.5842,2.97078,0,0,1.39628,0.142909,0.36288,3.6288,61.1674,0.66528,0,0,1.01035,0.350188,0,0.66528,12.849,1,0.497904,0.36288,0,37.421,6.25098,31.035,0.84672,12.849,0.84672,3695.15,0,36.966,0.417323,0.564028,2.2808,4.66125,1.49658,5.59217,0.42336,36.966,0.42336,423.524,0,1.02816,0,0,1.59219,0.564028,1.028160,1,0,36.6271,0,0,0,36.6271,0
72.5919,2.95894,0,0,1.45482,0.125318,0.36288,3.6288,61.2167,0.66528,0,0,1.03582,0.32127,0,0.66528,12.849,1,0.509751,0.36288,0,37.4778,6.37637,30.9546,0.84672,12.849,0.84672,3695.15,0,36.966,0.417325,0.666714,2.28081,5.08816,1.54746,6.0709,0.42336,36.966,0.42336,423.524,0,1.02816,0,0,1.69487,0.666714,1.028160,1,0,37.0255,0,0,0,37.0255,0
70.0243,3.14387,0,0,1.08163,0.142475,0.36288,3.6288,60.9876,0.66528,0,0,0.779337,0.343142,0,0.66528,12.849,1,0.556476,0.36288,0,24.1504,5.89995,18.0568,0.84672,12.849,0.84672,3695.15,0,36.966,0.599056,0.354611,2.28081,3.62729,1.46773,4.19592,0.42336,36.966,0.42336,423.524,0,1.02816,0,0,1.38277,0.354611,1.028160,1,0,22.2527,0,0,0,22.2527,0
67.3228,3.12664,0,0,0.890698,0.102651,0.36288,3.6288,60.6243,0.699019,0,0,0.678326,0.342645,0,0.66528,12.849,1,0.573717,0.36288,0,29.9813,5.89995,23.8705,0.84672,12.849,0.84672,3695.15,0,36.966,0.599059,0.227405,2.46463,3.2361,1.46773,3.86135,0.42336,36.966,0.42336,423.524,0,0.994421,0,0,1.22183,0.227405,1.028160,1,0,27.7319,0,0,0,27.7319,0
64.7375,3.10731,0,0,0.985349,0.10051,0.36288,3.6288,60.5489,0.66528,0,0,0.931798,0.341856,0,0.66528,12.849,1,0.59305,0.36288,0,25.7049,5.89995,19.5747,0.84672,12.849,0.84672,3695.15,0,36.966,0.599061,0.571329,2.46463,3.86718,1.46773,4.83634,0.42336,36.966,0.42336,423.524,0,1.02816,0,0,1.59949,0.571329,1.028160,1,0,24.4111,0,0,0,24.4111,0
62.1013,3.08755,0,0,0.91514,0.100852,0.36288,3.6288,60.3046,0.66528,0,0,0.74895,0.327969,0,0.66528,12.849,1,0.612812,0.36288,0,24.6613,5.53026,18.8811,0.84672,12.849,0.84672,3695.15,0,36.966,0.599064,0.444606,2.46463,4.39368,1.32382,5.38003,0.42336,36.966,0.42336,423.524,0,1.02816,0,0,1.47277,0.444606,1.028160,1,0,24.2612,0,0,0,24.2612,0
59.4706,3.066,0,0,0.890948,0.0927989,0.36288,3.6288,60.0812,0.66528,0,0,0.780218,0.338348,0,0.66528,12.849,1,0.634367,0.36288,0,21.0552,5.23071,15.553,0.84672,12.849,0.84672,3695.15,0,36.966,0.599066,0.363727,2.46464,4.41993,1.22368,5.42555,0.42336,36.966,0.42336,423.524,0,1.02816,0,0,1.39189,0.363727,1.028160,1,0,20.9785,0,0,0,20.9785,0
56.8202,2.95008,0,0,0.831609,0.169073,0.36288,3.6288,59.9603,0.66528,0,0,0.835851,0.291457,0,0.66528,12.849,1,0.637384,0.36288,0,20.4377,3.89043,16.2728,0.84672,12.849,0.84672,3695.15,0,36.966,0.488766,0.367796,2.46464,4.06735,0.922641,5.48838,0.42336,36.966,0.42336,423.524,0,1.02816,0,0,1.39596,0.367796,1.028160,1,0,21.7612,0,0,0,21.7612,0
54.262,2.92584,0,0,0.946581,0.216076,0.36288,3.6288,60.2313,0.66528,0,0,1.20868,0.272458,0,0.66528,12.849,1,0.661633,0.36288,0,20.132,3.3683,16.4649,0.84672,12.849,0.84672,3695.15,0,36.966,0.488768,0.865581,2.35826,5.67565,0.825919,7.58481,0.42336,36.966,0.42336,423.524,0,1.02816,0,0,1.89374,0.865581,1.028160,1,0,24.0497,0,0,0,24.0497,0
51.6889,2.90062,0,0,0.901066,0.210624,0.36288,3.6288,60.4691,0.66528,0,0,1.17605,0.272929,0,0.66528,12.849,1,0.686855,0.36288,0,25.6267,3.3683,21.9344,0.84672,12.849,0.84672,3695.15,0,36.966,0.488771,0.747654,2.35827,5.61908,0.825919,7.41032,0.42336,36.966,0.42336,423.524,0,1.02816,0,0,1.77581,0.747654,1.028160,1,0,29.3447,0,0,0,29.3447,0
49.1214,2.87324,0,0,0.885341,0.216712,0.36288,3.6288,60.663,0.66528,0,0,1.13478,0.275565,0,0.66528,12.849,1,0.71424,0.36288,0,33.3183,3.86293,29.104,0.84672,12.849,0.84672,3695.15,0,36.966,0.488773,0.786568,2.35827,5.50679,0.91704,7.24582,0.42336,36.966,0.42336,423.524,0,1.02816,0,0,1.81473,0.786568,1.028160,1,0,36.3499,0,0,0,36.3499,0
46.3703,2.77019,0,0,0.620997,0.23908,0.36288,3.6288,60.2591,0.722317,0,0,0.599855,0.281467,0,0.66528,12.849,1,0.724617,0.36288,0,18.1999,5.09954,12.7386,0.84672,12.849,0.84672,3695.15,0,36.966,0.440156,0.216518,2.35827,4.05674,1.14484,5.04653,0.42336,36.966,0.42336,423.524,0,0.919339,0,0,1.13586,0.216518,1.028160,1,0,17.7852,0,0,0,17.7852,0
43.8602,2.73653,0,0,0.827747,0.238415,0.36288,3.6288,60.1605,0.653044,0,0,0.832784,0.278339,0,0.66528,12.849,1,0.758282,0.36288,0,32.0281,5.02804,26.6047,0.84672,12.849,0.84672,3695.15,0,36.966,0.40061,0.520128,2.26334,5.78324,1.13446,7.03164,0.42336,36.966,0.42336,423.524,0,1.02816,0,0,1.54829,0.520128,1.028160,1,0,33.6363,0,0,0,33.6363,0
42.4175,2.70297,0,0,1.89241,0.269247,0.36288,3.6288,60.8751,0.652639,0,0,1.63092,0.263735,0,0.66528,12.849,1,0.791846,0.36288,0,40.6037,4.5991,35.5756,0.84672,12.849,0.84672,3695.15,0,36.966,0.401018,1.01549,2.26334,9.41236,1.07216,11.218,0.42336,36.966,0.42336,423.524,0,1.02816,0,0,2.04365,1.01549,1.028160,1,0,46.7936,0,0,0,46.7936,0
40.8022,2.6823,0,0,1.69472,0.264808,0.36288,3.6288,60.9855,0.655569,0,0,1.03091,0.264935,0,0.66528,12.849,1,0.812517,0.36288,0,40.5534,4.5991,35.5047,0.84672,12.849,0.84672,3695.15,0,36.966,0.39809,0.918484,2.26334,5.94189,1.07216,7.65346,0.42336,36.966,0.42336,423.524,0,1.02816,0,0,1.94664,0.918484,1.028160,1,0,43.1581,0,0,0,43.1581,0
40.0753,2.45768,0,0,2.32909,0.235419,0.36288,3.6288,61.0537,0.525824,0,0,0.849935,0.25589,0,0.66528,12.849,1,0.773946,0.36288,0,36.906,4.35215,32.1428,0.84672,12.849,0.84672,3695.15,0,36.966,0.318725,1.18761,2.26334,5.52495,1.17976,7.47742,0.42336,36.966,0.42336,423.524,0,1.02816,0,0,2.21577,1.18761,1.028160,1,0,39.6202,0,0,0,39.6202,0
39.4747,2.44705,0,0,2.44267,0.233392,0.36288,3.6288,61.308,0.526047,0,0,1.14718,0.256,0.11082,0.66528,12.849,1,0.784577,0.36288,0,44.4891,4.35215,39.7152,0.84672,12.849,0.84672,3695.15,0,36.966,0.318504,2.16363,2.05246,8.00343,1.17976,10.7213,0.42336,36.966,0.42336,423.524,0,1.02816,0,0,3.19179,2.16363,1.028160,1,0,50.5473,0,0,0,50.5473,0
37.9705,2.43805,0,0,1.52462,0.227859,0.36288,3.6288,61.0753,0.526873,0,0,0.533426,0.239247,0,0.66528,12.849,1,0.793584,0.36288,0,26.6521,4.03969,22.1817,0.84672,12.849,0.84672,3695.15,0,36.966,0.317681,0.711124,2.05246,4.20635,1.0899,5.56236,0.42336,36.966,0.42336,423.524,0,1.02816,0,0,1.73928,0.711124,1.028160,1,0,27.744,0,0,0,27.744,0
36.3801,2.41456,0,0,1.40133,0.214336,0.36288,3.6288,60.7859,0.587764,0,0,0.494384,0.196046,0,0.66528,12.849,1,0.817074,0.36288,0,27.0975,3.25857,23.3847,0.84672,12.849,0.84672,3695.15,0,36.966,0.355746,0.412474,2.05247,3.91248,0.865261,5.15641,0.42336,36.966,0.42336,423.524,0,0.929206,0,0,1.34168,0.412474,1.028160,1,0,28.5411,0,0,0,28.5411,0
37.8088,2.38817,0,0,4.4023,0.222549,0.36288,3.6288,61.308,0.525178,0,0,1.68948,0.187093,0.455092,0.66528,12.849,1,0.843472,0.36288,0,130.411,3.23991,126.691,0.84672,12.849,0.84672,3695.15,0,36.966,0.319379,2.05535,2.05247,8.06564,0.845931,11.0081,0.42336,36.966,0.42336,423.524,0,1.02816,0,0,3.08351,2.05535,1.028160,1,0,138.154,0,0,0,138.154,0
39.5015,2.48751,0,0,4.77879,0.235652,0.36288,3.6288,61.308,0.564648,0,0,1.96302,0.181247,1.21712,0.66528,12.849,1,0.845361,0.36288,0,103.273,3.22591,99.5647,0.84672,12.849,0.84672,3695.15,0,36.966,0.340458,2.11879,2.05247,6.90587,0.831434,9.90523,0.42336,36.966,0.42336,423.524,0,1.02816,0,0,3.14695,2.11879,1.028160,1,0,110.687,0,0,0,110.687,0
40.9175,2.51483,0,0,4.53404,0.240332,0.36288,3.6288,61.308,0.564641,0,0,2.21834,0.181247,1.47245,0.66528,12.849,1,0.818021,0.36288,0,89.6581,3.22591,85.9771,0.84672,12.849,0.84672,3695.15,0,36.966,0.340454,2.70414,2.11822,7.9967,0.831434,11.6472,0.42336,36.966,0.42336,423.524,0,1.02816,0,0,3.7323,2.70414,1.028160,1,0,99.0967,0,0,0,99.0967,0
44.4144,2.53636,0,0,6.67564,0.279505,0.36288,3.6288,61.308,0.564634,0,0,2.42248,0.161512,1.69634,0.66528,12.849,1,0.796473,0.36288,0,106.332,3.38654,102.511,0.84672,12.849,0.84672,3695.15,0,36.966,0.340449,3.0038,2.11821,11.9414,0.928859,15.7941,0.42336,36.966,0.42336,423.524,0,1.02816,0,0,4.03196,3.0038,1.028160,1,0,120.002,0,0,0,120.002,0
47.8146,2.58498,0,0,6.66069,0.312628,0.36288,3.6288,61.308,0.564627,0,0,2.3046,0.151864,1.58811,0.66528,12.849,1,0.74783,0.36288,0,141.947,3.65416,137.907,0.84672,12.849,0.84672,3695.15,0,36.966,0.340445,3.00313,2.1182,14.7944,1.0215,18.5537,0.42336,36.966,0.42336,423.524,0,1.02816,0,0,4.03129,3.00313,1.028160,1,0,158.049,0,0,0,158.049,0
50.3282,2.8831,0,0,6.04777,0.288155,0.36288,3.6288,61.308,0.66528,0,0,2.26268,0.182784,1.41461,0.66528,12.849,1,0.774763,0.36288,0,103.791,4.53716,98.8416,0.84672,12.849,0.84672,3695.15,0,36.966,0.467086,2.48245,2.11818,13.6052,1.13892,16.5999,0.42336,36.966,0.42336,423.524,0,1.02816,0,0,3.51061,2.48245,1.028160,1,0,116.856,0,0,0,116.856,0
54.1815,2.91391,0,0,7.42608,0.296049,0.36288,3.6288,61.308,0.66528,0,0,2.43123,0.182784,1.58316,0.66528,12.849,1,0.743933,0.36288,0,141.991,4.53716,137.072,0.84672,12.849,0.84672,3695.15,0,36.966,0.467073,2.94784,2.35471,13.6144,1.13892,17.3109,0.42336,36.966,0.42336,423.524,0,1.02816,0,0,3.976,2.94784,1.028160,1,0,155.967,0,0,0,155.967,0
57.2404,2.95666,0,0,6.69504,0.316567,0.36288,3.6288,61.308,0.66528,0,0,3.17894,0.164039,2.34962,0.66528,12.849,1,0.701164,0.36288,0,154.476,3.9077,150.23,0.84672,12.849,0.84672,3695.15,0,36.966,0.46706,4.25747,2.35469,14.5586,0.928226,19.7755,0.42336,36.966,0.42336,423.524,0,1.02816,0,0,5.28563,4.25747,1.028160,1,0,172.355,0,0,0,172.355,0
59.3332,2.98724,0,0,5.77517,0.332297,0.36288,3.6288,61.308,0.66528,0,0,2.41949,0.16613,1.58808,0.66528,12.849,1,0.670559,0.36288,0,123.444,4.00872,119.128,0.84672,12.849,0.84672,3695.15,0,36.966,0.467047,2.808,2.35468,12.4575,0.933,16.2201,0.42336,36.966,0.42336,423.524,0,1.02816,0,0,3.83616,2.808,1.028160,1,0,136.936,0,0,0,136.936,0
60.3697,2.62555,0,0,4.38661,0.361677,0.36288,3.6288,61.308,0.516093,0,0,1.82625,0.16177,1.14839,0.66528,12.849,1,0.568581,0.36288,0,95.0702,3.97053,90.894,0.84672,12.849,0.84672,3695.15,0,36.966,0.311181,2.05756,2.35466,11.5815,0.939141,14.7434,0.42336,36.966,0.42336,423.524,0,1.02816,0,0,3.08572,2.05756,1.028160,1,0,106.786,0,0,0,106.786,0
61.8478,2.63358,0,0,4.82615,0.351515,0.36288,3.6288,61.308,0.516086,0,0,1.72356,0.175173,1.0323,0.66528,12.849,1,0.560528,0.36288,0,92.1516,4.11621,87.8378,0.84672,12.849,0.84672,3695.15,0,36.966,0.311177,1.91062,2.03209,11.3568,1.05084,13.9374,0.42336,36.966,0.42336,423.524,0,1.02816,0,0,2.93878,1.91062,1.028160,1,0,102.808,0,0,0,102.808,0
62.9669,2.64466,0,0,4.47771,0.351067,0.36288,3.6288,61.308,0.516079,0,0,1.82577,0.186238,1.12345,0.66528,12.849,1,0.549433,0.36288,0,111.416,4.37829,106.851,0.84672,12.849,0.84672,3695.15,0,36.966,0.311173,2.09061,2.03208,11.8632,1.13283,14.5418,0.42336,36.966,0.42336,423.524,0,1.02816,0,0,3.11877,2.09061,1.028160,1,0,122.517,0,0,0,122.517,0
73.013,2.65275,0,0,13.416,0.354304,0.36288,3.6288,61.308,0.516072,0,0,4.49644,0.186238,3.79413,0.66528,12.849,1,0.54132,0.36288,0,135.406,4.37829,130.849,0.84672,12.849,0.84672,3695.15,0,36.966,0.311169,5.25942,2.03206,25.2323,1.13283,31.0797,0.42336,36.966,0.42336,423.524,0,1.02816,0,0,6.28758,5.25942,1.028160,1,0,165.723,0,0,0,165.723,0
76.922,2.71607,0,0,7.47382,0.485845,0.36288,3.6288,61.308,0.516065,0,0,2.67215,0.178912,1.97718,0.66528,12.849,1,0.477981,0.36288,0,145.099,4.21869,140.765,0.84672,12.849,0.84672,3695.15,0,36.966,0.311165,3.9014,2.03205,18.2906,1.06941,22.8435,0.42336,36.966,0.42336,423.524,0,1.02816,0,0,4.92956,3.9014,1.028160,1,0,165.586,0,0,0,165.586,0
78.9915,2.83687,0,0,5.75964,0.4904,0.36288,3.6288,61.308,0.562611,0,0,1.78498,0.175982,1.04639,0.66528,12.849,1,0.473869,0.36288,0,91.6834,4.15485,87.4175,0.84672,12.849,0.84672,3695.15,0,36.966,0.33923,2.31082,2.03204,12.2829,1.04404,15.2425,0.42336,36.966,0.42336,423.524,0,1.02816,0,0,3.33898,2.31082,1.028160,1,0,103.706,0,0,0,103.706,0
80.5756,2.84753,0,0,5.29498,0.50055,0.36288,3.6288,61.308,0.562604,0,0,1.53616,0.175982,0.797572,0.66528,12.849,1,0.463188,0.36288,0,76.5936,4.15485,72.3384,0.84672,12.849,0.84672,3695.15,0,36.966,0.339225,1.98835,2.11155,8.27842,1.04404,10.995,0.42336,36.966,0.42336,423.524,0,1.02816,0,0,3.01651,1.98835,1.028160,1,0,84.1311,0,0,0,84.1311,0
81.9566,2.85537,0,0,5.04164,0.442344,0.36288,3.6288,61.308,0.562597,0,0,1.48743,0.19977,0.725061,0.66528,12.849,1,0.455332,0.36288,0,71.299,4.4457,66.7609,0.84672,12.849,0.84672,3695.15,0,36.966,0.339221,1.76141,2.11154,7.94681,1.10129,10.3792,0.42336,36.966,0.42336,423.524,0,1.02816,0,0,2.78957,1.76141,1.028160,1,0,77.8652,0,0,0,77.8652,0
82.3808,2.86198,0,0,4.07426,0.42523,0.36288,3.6288,61.308,0.56259,0,0,1.19077,0.250155,0.378029,0.66528,12.849,1,0.448696,0.36288,0,57.5485,5.84908,51.6136,0.84672,12.849,0.84672,3695.15,0,36.966,0.339216,1.48635,2.11153,6.78447,1.25978,8.78335,0.42336,36.966,0.42336,423.524,0,1.02816,0,0,2.51451,1.48635,1.028160,1,0,60.775,0,0,0,60.775,0
82.4973,2.82449,0,0,3.70532,0.401425,0.36288,3.6288,61.308,0.544502,0,0,1.05864,0.222563,0.291577,0.66528,12.849,1,0.440538,0.36288,0,59.7553,5.10088,54.5767,0.84672,12.849,0.84672,3695.15,0,36.966,0.328311,1.64684,2.11151,6.74387,1.16763,9.00628,0.42336,36.966,0.42336,423.524,0,1.02816,0,0,2.675,1.64684,1.028160,1,0,63.8746,0,0,0,63.8746,0
82.3358,2.82501,0,0,3.34549,0.319099,0.36288,3.6288,61.308,0.544495,0,0,1.15411,0.205584,0.404026,0.66528,12.849,1,0.439997,0.36288,0,54.2048,4.19759,49.9301,0.84672,12.849,0.84672,3695.15,0,36.966,0.328306,1.31412,2.08056,6.36958,1.06368,8.37227,0.42336,36.966,0.42336,423.524,0,1.02816,0,0,2.34228,1.31412,1.028160,1,0,58.7064,0,0,0,58.7064,0
81.9724,2.82425,0,0,3.14235,0.318611,0.36288,3.6288,61.308,0.544488,0,0,1.08715,0.205584,0.337082,0.66528,12.849,1,0.440741,0.36288,0,46.1932,4.19759,41.9178,0.84672,12.849,0.84672,3695.15,0,36.966,0.328302,1.15549,2.08055,5.81035,1.06368,7.65439,0.42336,36.966,0.42336,423.524,0,1.02816,0,0,2.18365,1.15549,1.028160,1,0,49.9093,0,0,0,49.9093,0
81.4776,2.82254,0,0,3.00815,0.317512,0.36288,3.6288,61.308,0.544481,0,0,1.01793,0.205584,0.267865,0.66528,12.849,1,0.442428,0.36288,0,43.6237,4.19759,39.3466,0.84672,12.849,0.84672,3695.15,0,36.966,0.328298,0.995285,2.08053,5.79584,1.06368,7.47968,0.42336,36.966,0.42336,423.524,0,1.02816,0,0,2.02344,0.995285,1.028160,1,0,47.0941,0,0,0,47.0941,0
80.6123,2.95399,0,0,2.73418,0.282613,0.36288,3.6288,61.2437,0.608589,0,0,0.774265,0.229985,0,0.66528,12.849,1,0.465843,0.36288,0,37.8473,4.45727,33.2871,0.84672,12.849,0.84672,3695.15,0,36.966,0.366952,0.702311,2.08052,4.15238,1.06511,5.50314,0.42336,36.966,0.42336,423.524,0,1.02816,0,0,1.73047,0.702311,1.028160,1,0,38.7903,0,0,0,38.7903,0
79.5625,2.94966,0,0,2.49766,0.234918,0.36288,3.6288,61.1695,0.608341,0,0,0.767733,0.233539,0,0.66528,12.849,1,0.470153,0.36288,0,33.8267,4.57096,29.1485,0.84672,12.849,0.84672,3695.15,0,36.966,0.367188,0.70187,2.18894,3.96641,1.02959,5.46044,0.42336,36.966,0.42336,423.524,0,1.02816,0,0,1.73003,0.70187,1.028160,1,0,34.6089,0,0,0,34.6089,0
78.4709,2.9443,0,0,2.44812,0.232539,0.36288,3.6288,61.1584,0.608056,0,0,0.830347,0.233429,0,0.66528,12.849,1,0.475491,0.36288,0,32.4047,4.57096,27.7211,0.84672,12.849,0.84672,3695.15,0,36.966,0.367461,0.66922,2.18892,4.27392,1.02959,5.73502,0.42336,36.966,0.42336,423.524,0,1.02816,0,0,1.69738,0.66922,1.028160,1,0,33.4561,0,0,0,33.4561,0
77.2243,2.9386,0,0,2.28493,0.230066,0.36288,3.6288,61.0758,0.608007,0,0,0.758825,0.233413,0,0.66528,12.849,1,0.481172,0.36288,0,30.2924,4.57096,25.6032,0.84672,12.849,0.84672,3695.15,0,36.966,0.367498,0.547413,2.18891,3.78462,1.02959,5.12386,0.42336,36.966,0.42336,423.524,0,1.02816,0,0,1.57557,0.547413,1.028160,1,0,30.727,0,0,0,30.727,0
75.5639,2.93192,0,0,1.83071,0.196335,0.36288,3.6288,60.8657,0.60769,0,0,0.623614,0.225994,0,0.66528,12.849,1,0.487829,0.36288,0,27.6067,4.51059,22.9712,0.84672,12.849,0.84672,3695.15,0,36.966,0.367803,0.304655,2.1889,2.91107,1.07556,3.96125,0.42336,36.966,0.42336,423.524,0,1.02816,0,0,1.33282,0.304655,1.028160,1,0,26.9324,0,0,0,26.9324,0
73.6603,2.89656,0,0,1.53683,0.180926,0.36288,3.6288,60.5535,0.663439,0,0,0.574004,0.222779,0,0.66528,12.849,1,0.492536,0.36288,0,26.6037,4.48644,21.9876,0.84672,12.849,0.84672,3695.15,0,36.966,0.402931,0.30119,2.18888,2.48514,1.09395,3.47833,0.42336,36.966,0.42336,423.524,0,0.993756,0,0,1.29495,0.30119,1.028160,1,0,25.4659,0,0,0,25.4659,0
71.6194,2.88571,0,0,1.38507,0.177435,0.36288,3.6288,60.126,0.73975,0,0,0.534527,0.222338,0,0.66528,12.849,1,0.503371,0.36288,0,24.6575,4.48644,20.0306,0.84672,12.849,0.84672,3695.15,0,36.966,0.451594,0.261274,2.22677,2.36616,1.09395,3.30866,0.42336,36.966,0.42336,423.524,0,0.868769,0,0,1.13004,0.261274,1.028160,1,0,23.3393,0,0,0,23.3393,0
69.6031,2.87353,0,0,1.32448,0.104304,0.36288,3.6288,59.6085,0.746604,0,0,0.505339,0.27617,0,0.66528,12.849,1,0.515531,0.36288,0,22.2302,5.19219,16.8854,0.84672,12.849,0.84672,3695.15,0,36.966,0.459019,0.261274,2.22676,2.24811,1.35156,2.92556,0.42336,36.966,0.42336,423.524,0,0.854479,0,0,1.11575,0.261274,1.028160,1,0,19.8109,0,0,0,19.8109,0
67.5071,2.86091,0,0,1.22276,0.0950607,0.36288,3.6288,59.031,0.765714,0,0,0.483632,0.295466,0,0.66528,12.849,1,0.528134,0.36288,0,21.0099,5.51244,15.3322,0.84672,12.849,0.84672,3695.15,0,36.966,0.474854,0.261274,2.22674,2.18341,1.43158,2.76499,0.42336,36.966,0.42336,423.524,0,0.819521,0,0,1.08079,0.261274,1.028160,1,0,18.0972,0,0,0,18.0972,0
65.3532,2.91356,0,0,1.22024,0.0976669,0.36288,3.6288,58.4543,0.780362,0,0,0.494307,0.29065,0,0.66528,12.849,1,0.554554,0.36288,0,22.7416,5.60732,16.9426,0.84672,12.849,0.84672,3695.15,0,36.966,0.488673,0.261274,2.22673,2.08977,1.37402,2.71508,0.42336,36.966,0.42336,423.524,0,0.84138,0,0,1.10265,0.261274,1.028160,1,0,19.6577,0,0,0,19.6577,0
63.1456,2.89827,0,0,1.14959,0.0960107,0.36288,3.6288,57.8019,0.837512,0,0,0.474708,0.289575,0,0.66528,12.849,1,0.569824,0.36288,0,21.6223,5.60732,15.808,0.84672,12.849,0.84672,3695.15,0,36.966,0.529635,0.261274,2.28043,2.04016,1.37402,2.67821,0.42336,36.966,0.42336,423.524,0,0.743256,0,0,1.00453,0.261274,1.028160,1,0,18.4862,0,0,0,18.4862,0
60.8524,2.8817,0,0,1.04565,0.0943131,0.36288,3.6288,57.1027,0.863564,0,0,0.452745,0.288359,0,0.66528,12.849,1,0.586374,0.36288,0,17.7758,5.60732,11.945,0.84672,12.849,0.84672,3695.15,0,36.966,0.552274,0.227405,2.28042,1.92313,1.37402,2.50465,0.42336,36.966,0.42336,423.524,0,0.694552,0,0,0.921957,0.227405,1.028160,1,0,14.4496,0,0,0,14.4496,0
58.5076,2.86343,0,0,0.971309,0.0898121,0.36288,3.6288,56.3812,0.862221,0,0,0.43206,0.291375,0,0.66528,12.849,1,0.604615,0.36288,0,14.6902,5.61679,8.83172,0.84672,12.849,0.84672,3695.15,0,36.966,0.558167,0.227405,2.2804,1.79853,1.44727,2.3009,0.42336,36.966,0.42336,423.524,0,0.68999,0,0,0.917395,0.227405,1.028160,1,0,11.1326,0,0,0,11.1326,0
56.0953,3.03346,0,0,1.0911,0.10704,0.36288,3.6288,55.5736,0.92786,0,0,0.438596,0.318325,0,0.66528,12.849,1,0.666186,0.36288,0,16.8544,6.33185,10.2192,0.84672,12.849,0.84672,3695.15,0,36.966,0.608346,0.227405,2.28039,2.1976,1.52257,2.57449,0.42336,36.966,0.42336,423.524,0,0.755853,0,0,0.983258,0.227405,1.028160,1,0,12.7937,0,0,0,12.7937,0
53.4893,3.01013,0,0,0.875059,0.107982,0.36288,3.6288,54.5429,1.04624,0,0,0.336395,0.320808,0,0.66528,12.849,1,0.689491,0.36288,0,19.7103,6.44984,12.9338,0.84672,12.849,0.84672,3695.15,0,36.966,0.695929,0.227405,2.46416,1.8428,1.52596,2.31247,0.42336,36.966,0.42336,423.524,0,0.549876,0,0,0.77728,0.227405,1.028160,1,0,15.2463,0,0,0,15.2463,0
51.0746,2.98303,0,0,1.03634,0.105187,0.36288,3.6288,54.0092,0.728603,0,0,0.513485,0.318639,0,0.66528,12.849,1,0.716571,0.36288,0,16.9177,6.44984,10.1142,0.84672,12.849,0.84672,3695.15,0,36.966,0.598591,0.204422,2.46414,2.49204,1.52596,3.03606,0.42336,36.966,0.42336,423.524,0,0.964837,0,0,1.16926,0.204422,1.028160,1,0,13.1503,0,0,0,13.1503,0
48.5159,2.95594,0,0,0.865866,0.10575,0.36288,3.6288,53.1538,0.934394,0,0,0.376841,0.297786,0,0.66528,12.849,1,0.743636,0.36288,0,15.4386,5.8953,9.1625,0.84672,12.849,0.84672,3695.15,0,36.966,0.639536,0.204422,2.46413,2.58186,1.31009,3.30078,0.42336,36.966,0.42336,423.524,0,0.718088,0,0,0.92251,0.204422,1.028160,1,0,12.4633,0,0,0,12.4633,0
46.1051,2.92492,0,0,0.978774,0.10176,0.36288,3.6288,52.3235,0.893047,0,0,0.368986,0.306246,0,0.66528,12.849,1,0.774638,0.36288,0,13.5671,5.61366,7.54171,0.84672,12.849,0.84672,3695.15,0,36.966,0.621072,0.204422,2.46411,3.08,1.33242,3.79504,0.42336,36.966,0.42336,423.524,0,0.777885,0,0,0.982307,0.204422,1.028160,1,0,11.3368,0,0,0,11.3368,0
43.8819,2.80495,0,0,1.09475,0.150087,0.36288,3.6288,51.497,0.866178,0,0,0.325626,0.28597,0,0.66528,12.849,1,0.781709,0.36288,0,13.3968,5.57046,7.40746,0.84672,12.849,0.84672,3695.15,0,36.966,0.611945,0.204422,2.4641,2.2218,1.43228,2.8461,0.42336,36.966,0.42336,423.524,0,0.70359,0,0,0.908012,0.204422,1.028160,1,0,10.2536,0,0,0,10.2536,0
42.0466,2.7743,0,0,1.44824,0.146369,0.36288,3.6288,50.9713,0.66528,0,0,0.423621,0.284069,0,0.66528,12.849,1,0.812338,0.36288,0,19.5018,5.57046,13.4819,0.84672,12.849,0.84672,3695.15,0,36.966,0.488259,0.228381,2.35773,3.18957,1.43228,3.85515,0.42336,36.966,0.42336,423.524,0,1.02816,0,0,1.25654,0.228381,1.028160,1,0,17.337,0,0,0,17.337,0
40.678,2.74712,0,0,1.88472,0.1433,0.36288,3.6288,50.6226,0.66528,0,0,0.599434,0.28286,0,0.66528,12.849,1,0.839491,0.36288,0,38.1852,5.57046,32.1381,0.84672,12.849,0.84672,3695.15,0,36.966,0.488246,0.732456,2.35772,3.78768,1.43228,4.95733,0.42336,36.966,0.42336,423.524,0,1.02816,0,0,1.76062,0.732456,1.028160,1,0,37.0954,0,0,0,37.0954,0
38.8891,2.72564,0,0,1.50477,0.205145,0.36288,3.6288,49.9376,0.793155,0,0,0.358506,0.250304,0,0.66528,12.849,1,0.86095,0.36288,0,25.9562,5.32065,20.1375,0.84672,12.849,0.84672,3695.15,0,36.966,0.579184,0.216518,2.3577,2.21738,1.39492,2.8175,0.42336,36.966,0.42336,423.524,0,0.809335,0,0,1.02585,0.216518,1.028160,1,0,22.955,0,0,0,22.955,0
37.2792,2.62622,0,0,1.59336,0.214253,0.36288,3.6288,49.5095,0.65433,0,0,0.432212,0.206056,0,0.66528,12.849,1,0.867704,0.36288,0,26.8708,4.18593,22.1801,0.84672,12.849,0.84672,3695.15,0,36.966,0.484363,0.216518,2.35769,2.86017,1.00731,3.9427,0.42336,36.966,0.42336,423.524,0,0.942589,0,0,1.15911,0.216518,1.028160,1,0,26.1228,0,0,0,26.1228,0
37.2763,2.59833,0,0,3.16864,0.210257,0.36288,3.6288,49.5044,0.602933,0,0,0.803192,0.205333,0,0.66528,12.849,1,0.895567,0.36288,0,39.6293,4.18593,34.9106,0.84672,12.849,0.84672,3695.15,0,36.966,0.450177,0.801014,2.26276,5.84931,1.00731,7.4556,0.42336,36.966,0.42336,423.524,0,1.02816,0,0,1.82917,0.801014,1.028160,1,0,42.3662,0,0,0,42.3662,0
36.4731,2.59827,0,0,2.36819,0.21025,0.36288,3.6288,49.541,0.602899,0,0,0.844811,0.205324,0,0.66528,12.849,1,0.895612,0.36288,0,27.8321,4.18593,23.1135,0.84672,12.849,0.84672,3695.15,0,36.966,0.450198,0.983906,2.26275,4.562,1.00731,6.35114,0.42336,36.966,0.42336,423.524,0,1.02816,0,0,2.01207,0.983906,1.028160,1,0,29.4646,0,0,0,29.4646,0
36.3606,2.58367,0,0,3.07226,0.238228,0.36288,3.6288,49.3554,0.603082,0,0,0.635633,0.218083,0,0.66528,12.849,1,0.910192,0.36288,0,37.1829,4.41789,32.2177,0.84672,12.849,0.84672,3695.15,0,36.966,0.450002,0.451027,2.26273,7.85771,1.06146,9.06,0.42336,36.966,0.42336,423.524,0,1.02816,0,0,1.47919,0.451027,1.028160,1,0,41.2777,0,0,0,41.2777,0
37.4064,2.38715,0,0,4.03196,0.236136,0.36288,3.6288,49.5353,0.482579,0,0,0.876433,0.213974,0,0.66528,12.849,1,0.843563,0.36288,0,67.237,4.60446,62.1519,0.84672,12.849,0.84672,3695.15,0,36.966,0.36144,1.3226,2.26272,5.95867,1.23124,7.95132,0.42336,36.966,0.42336,423.524,0,1.02816,0,0,2.35076,1.3226,1.028160,1,0,70.1032,0,0,0,70.1032,0
39.2115,2.40469,0,0,4.80768,0.234995,0.36288,3.6288,50.0005,0.483325,0,0,1.16059,0.212074,0,0.66528,12.849,1,0.826004,0.36288,0,68.422,4.60656,63.3523,0.84672,12.849,0.84672,3695.15,0,36.966,0.360684,2.00275,2.05188,7.4238,1.25276,9.86499,0.42336,36.966,0.42336,423.524,0,1.02816,0,0,3.03091,2.00275,1.028160,1,0,73.2173,0,0,0,73.2173,0
40.2575,2.43331,0,0,4.08212,0.239995,0.36288,3.6288,50.1194,0.485248,0,0,0.816981,0.212886,0,0.66528,12.849,1,0.797359,0.36288,0,46.7878,4.60656,41.7467,0.84672,12.849,0.84672,3695.15,0,36.966,0.35875,0.995138,2.05187,8.20397,1.25276,9.63947,0.42336,36.966,0.42336,423.524,0,1.02816,0,0,2.0233,0.995138,1.028160,1,0,51.3862,0,0,0,51.3862,0
41.7248,2.449,0,0,4.50559,0.226337,0.36288,3.6288,50.557,0.485731,0,0,1.09965,0.176279,0,0.66528,12.849,1,0.78165,0.36288,0,53.3985,3.76398,49.2157,0.84672,12.849,0.84672,3695.15,0,36.966,0.358255,1.49939,2.05186,7.23133,1.02787,9.39646,0.42336,36.966,0.42336,423.524,0,1.02816,0,0,2.52755,1.49939,1.028160,1,0,58.6122,0,0,0,58.6122,0
45.1556,2.47001,0,0,6.47614,0.212435,0.36288,3.6288,51.2123,0.487516,0,0,1.32835,0.185484,0,0.66528,12.849,1,0.760629,0.36288,0,102.242,3.88354,97.961,0.84672,12.849,0.84672,3695.15,0,36.966,0.356459,2.23983,2.05184,7.68951,1.11474,10.51,0.42336,36.966,0.42336,423.524,0,1.02816,0,0,3.26799,2.23983,1.028160,1,0,108.471,0,0,0,108.471,0
53.0229,2.59376,0,0,11.0376,0.213783,0.36288,3.6288,52.8776,0.525312,0,0,2.42571,0.235112,0,0.66528,12.849,1,0.738052,0.36288,0,269.777,4.88555,264.516,0.84672,12.849,0.84672,3695.15,0,36.966,0.379179,3.37478,2.05183,13.3684,1.45545,16.9604,0.42336,36.966,0.42336,423.524,0,1.02816,0,0,4.40294,3.37478,1.028160,1,0,281.477,0,0,0,281.477,0
56.3082,2.68187,0,0,6.56275,0.23264,0.36288,3.6288,53.7862,0.532325,0,0,1.67913,0.238289,0,0.66528,12.849,1,0.649897,0.36288,0,226.124,4.88555,220.952,0.84672,12.849,0.84672,3695.15,0,36.966,0.372141,2.26622,2.11755,9.78791,1.45545,12.3441,0.42336,36.966,0.42336,423.524,0,1.02816,0,0,3.29438,2.26622,1.028160,1,0,233.296,0,0,0,233.296,0
57.1968,2.71271,0,0,4.19958,0.235359,0.36288,3.6288,53.9984,0.536036,0,0,0.975326,0.226998,0,0.66528,12.849,1,0.619015,0.36288,0,106.472,4.77038,101.446,0.84672,12.849,0.84672,3695.15,0,36.966,0.368405,1.43211,2.11752,5.40246,1.38483,7.19886,0.42336,36.966,0.42336,423.524,0,1.02816,0,0,2.46027,1.43211,1.028160,1,0,108.645,0,0,0,108.645,0
57.7275,2.72053,0,0,3.85694,0.242869,0.36288,3.6288,54.1931,0.53688,0,0,0.896806,0.165306,0,0.66528,12.849,1,0.611154,0.36288,0,83.6577,4.19066,79.2187,0.84672,12.849,0.84672,3695.15,0,36.966,0.367535,1.46123,2.11749,5.06308,1.15305,7.12122,0.42336,36.966,0.42336,423.524,0,1.02816,0,0,2.48939,1.46123,1.028160,1,0,86.34,0,0,0,86.34,0
57.5655,2.99089,0,0,3.40401,0.212298,0.36288,3.6288,55.3888,0.66528,0,0,2.04528,0.184302,0,0.66528,12.849,1,0.665712,0.36288,0,92.7772,2.91921,89.5551,0.84672,12.849,0.84672,3695.15,0,36.966,0.466337,1.57445,2.11746,7.04147,1.0376,9.22945,0.42336,36.966,0.42336,423.524,0,1.02816,0,0,2.60261,1.57445,1.028160,1,0,98.7846,0,0,0,98.7846,0
58.374,2.98931,0,0,4.37269,0.211962,0.36288,3.6288,56.1872,0.66528,0,0,1.64951,0.18576,0,0.66528,12.849,1,0.667235,0.36288,0,143.891,2.91921,140.668,0.84672,12.849,0.84672,3695.15,0,36.966,0.466309,2.88663,2.35389,8.46651,1.0376,12.2031,0.42336,36.966,0.42336,423.524,0,1.02816,0,0,3.91479,2.88663,1.028160,1,0,152.871,0,0,0,152.871,0
58.746,2.99685,0,0,3.98866,0.256877,0.36288,3.6288,56.9452,0.66528,0,0,1.59478,0.171492,0,0.66528,12.849,1,0.659652,0.36288,0,122.87,3.03165,119.542,0.84672,12.849,0.84672,3695.15,0,36.966,0.466281,3.23391,2.35386,7.24634,0.99038,11.3774,0.42336,36.966,0.42336,423.524,0,1.02816,0,0,4.26207,3.23391,1.028160,1,0,130.919,0,0,0,130.919,0
61.5184,3.00024,0,0,6.42701,0.291564,0.36288,3.6288,57.4639,0.66528,0,0,1.39262,0.20869,0,0.66528,12.849,1,0.656216,0.36288,0,178.937,2.94032,175.703,0.84672,12.849,0.84672,3695.15,0,36.966,0.466253,2.66509,2.35383,8.38529,1.04246,11.8955,0.42336,36.966,0.42336,423.524,0,1.02816,0,0,3.69325,2.66509,1.028160,1,0,187.599,0,0,0,187.599,0
62.2064,2.64127,0,0,3.9714,0.279194,0.36288,3.6288,57.8255,0.503003,0,0,1.02203,0.157433,0,0.66528,12.849,1,0.551667,0.36288,0,66.0951,2.42581,63.4805,0.84672,12.849,0.84672,3695.15,0,36.966,0.323577,1.18751,2.3538,4.03961,0.723541,6.53379,0.42336,36.966,0.42336,423.524,0,1.02816,0,0,2.21567,1.18751,1.028160,1,0,70.0143,0,0,0,70.0143,0
62.5735,2.64629,0,0,3.65699,0.280781,0.36288,3.6288,58.1712,0.504222,0,0,1.00771,0.157802,0,0.66528,12.849,1,0.546602,0.36288,0,67.4681,2.42581,64.8586,0.84672,12.849,0.84672,3695.15,0,36.966,0.322333,1.15333,2.03133,3.65969,0.723541,5.79847,0.42336,36.966,0.42336,423.524,0,1.02816,0,0,2.18149,1.15333,1.028160,1,0,70.657,0,0,0,70.657,0
65.8737,2.64892,0,0,6.59369,0.281628,0.36288,3.6288,59.1939,0.505379,0,0,1.68624,0.158155,0,0.66528,12.849,1,0.543935,0.36288,0,127.668,2.42581,125.061,0.84672,12.849,0.84672,3695.15,0,36.966,0.321153,2.75726,2.0313,7.26646,0.723541,11.0103,0.42336,36.966,0.42336,423.524,0,1.02816,0,0,3.78542,2.75726,1.028160,1,0,136.072,0,0,0,136.072,0
68.8226,2.67168,0,0,6.25342,0.269986,0.36288,3.6288,60.463,0.508779,0,0,1.94492,0.166986,0,0.66528,12.849,1,0.521125,0.36288,0,137.068,2.9495,133.961,0.84672,12.849,0.84672,3695.15,0,36.966,0.317728,3.568,2.03127,11.46,0.811371,15.9302,0.42336,36.966,0.42336,423.524,0,1.02816,0,0,4.59616,3.568,1.028160,1,0,149.891,0,0,0,149.891,0
71.4969,2.69047,0,0,6.02291,0.295262,0.36288,3.6288,61.308,0.512903,0,0,2.19294,0.175059,0.660022,0.66528,12.849,1,0.502303,0.36288,0,168.915,2.86308,165.912,0.84672,12.849,0.84672,3695.15,0,36.966,0.31358,3.37813,2.03125,10.2108,0.74761,14.5589,0.42336,36.966,0.42336,423.524,0,1.02816,0,0,4.40629,3.37813,1.028160,1,0,181.131,0,0,0,181.131,0
72.9772,2.80524,0,0,4.95849,0.310118,0.36288,3.6288,61.308,0.562118,0,0,2.15762,0.172377,1.42312,0.66528,12.849,1,0.504141,0.36288,0,106.92,2.54961,104.229,0.84672,12.849,0.84672,3695.15,0,36.966,0.338932,2.89519,2.03122,9.40861,0.660289,13.3358,0.42336,36.966,0.42336,423.524,0,1.02816,0,0,3.92335,2.89519,1.028160,1,0,118.988,0,0,0,118.988,0
73.7435,2.8139,0,0,4.37045,0.427305,0.36288,3.6288,61.308,0.562102,0,0,1.89588,0.172377,1.1614,0.66528,12.849,1,0.49544,0.36288,0,86.864,2.54961,84.1818,0.84672,12.849,0.84672,3695.15,0,36.966,0.338923,2.43376,2.11069,7.89523,0.660289,11.4405,0.42336,36.966,0.42336,423.524,0,1.02816,0,0,3.46192,2.43376,1.028160,1,0,96.7837,0,0,0,96.7837,0
74.556,2.81825,0,0,4.39588,0.402314,0.36288,3.6288,61.308,0.562086,0,0,1.91411,0.175058,1.17696,0.66528,12.849,1,0.491049,0.36288,0,97.4471,2.38539,94.9335,0.84672,12.849,0.84672,3695.15,0,36.966,0.338913,3.56308,2.11066,7.77217,0.724799,12.3822,0.42336,36.966,0.42336,423.524,0,1.02816,0,0,4.59124,3.56308,1.028160,1,0,108.493,0,0,0,108.493,0
75.4489,2.82277,0,0,4.44143,0.36288,0.36288,3.6288,61.308,0.562071,0,0,1.85372,0.189423,1.10223,0.66528,12.849,1,0.486478,0.36288,0,98.5271,2.83696,95.5665,0.84672,12.849,0.84672,3695.15,0,36.966,0.338904,2.38557,2.11063,7.78165,0.828958,11.11,0.42336,36.966,0.42336,423.524,0,1.02816,0,0,3.41373,2.38557,1.028160,1,0,107.779,0,0,0,107.779,0
75.5319,2.78869,0,0,3.54702,0.312385,0.36288,3.6288,61.308,0.543983,0,0,1.57553,0.220308,0.811239,0.66528,12.849,1,0.474915,0.36288,0,78.6361,4.27381,74.2502,0.84672,12.849,0.84672,3695.15,0,36.966,0.327998,2.16581,2.1106,5.61462,0.968399,8.59464,0.42336,36.966,0.42336,423.524,0,1.02816,0,0,3.19397,2.16581,1.028160,1,0,83.6561,0,0,0,83.6561,0
75.0056,2.7891,0,0,2.93827,0.312648,0.36288,3.6288,61.308,0.543967,0,0,1.4382,0.220308,0.673922,0.66528,12.849,1,0.474463,0.36288,0,67.8871,4.27381,63.5017,0.84672,12.849,0.84672,3695.15,0,36.966,0.327988,1.89555,2.07965,4.98106,0.968399,7.65987,0.42336,36.966,0.42336,423.524,0,1.02816,0,0,2.92371,1.89555,1.028160,1,0,71.8355,0,0,0,71.8355,0
74.1965,2.78622,0,0,2.65097,0.310979,0.36288,3.6288,61.308,0.543952,0,0,1.22996,0.220308,0.465696,0.66528,12.849,1,0.477299,0.36288,0,65.9854,4.27381,61.5972,0.84672,12.849,0.84672,3695.15,0,36.966,0.327979,1.18365,2.07962,5.07527,0.968399,7.04217,0.42336,36.966,0.42336,423.524,0,1.02816,0,0,2.21181,1.18365,1.028160,1,0,69.105,0,0,0,69.105,0
74.0624,2.78174,0,0,3.28254,0.272017,0.36288,3.6288,61.308,0.543937,0,0,1.47549,0.232425,0.699126,0.66528,12.849,1,0.481729,0.36288,0,73.0832,4.43143,68.5329,0.84672,12.849,0.84672,3695.15,0,36.966,0.32797,1.38753,2.07959,5.15837,1.00262,7.2949,0.42336,36.966,0.42336,423.524,0,1.02816,0,0,2.41569,1.38753,1.028160,1,0,76.5269,0,0,0,76.5269,0
73.3367,2.91288,0,0,2.78816,0.238102,0.36288,3.6288,61.308,0.608007,0,0,1.31902,0.244091,0.466919,0.66528,12.849,1,0.505353,0.36288,0,54.9283,4.50464,50.2812,0.84672,12.849,0.84672,3695.15,0,36.966,0.366601,1.66179,2.07957,4.22029,1.07759,6.51746,0.42336,36.966,0.42336,423.524,0,1.02816,0,0,2.68995,1.66179,1.028160,1,0,57.2655,0,0,0,57.2655,0
72.4924,2.90859,0,0,2.67297,0.245806,0.36288,3.6288,61.308,0.60799,0,0,1.19951,0.240987,0.350531,0.66528,12.849,1,0.509602,0.36288,0,48.8112,4.45116,44.2133,0.84672,12.849,0.84672,3695.15,0,36.966,0.366591,1.26565,2.18792,3.90701,1.07583,5.91815,0.42336,36.966,0.42336,423.524,0,1.02816,0,0,2.29381,1.26565,1.028160,1,0,50.482,0,0,0,50.482,0
71.4545,2.90351,0,0,2.42312,0.19461,0.36288,3.6288,61.308,0.607974,0,0,1.14509,0.264596,0.272515,0.66528,12.849,1,0.514637,0.36288,0,43.0385,4.71891,38.1679,0.84672,12.849,0.84672,3695.15,0,36.966,0.366581,1.1907,2.18789,3.80551,1.14424,5.67328,0.42336,36.966,0.42336,423.524,0,1.02816,0,0,2.21886,1.1907,1.028160,1,0,44.1136,0,0,0,44.1136,0
70.3566,2.89714,0,0,2.28976,0.127605,0.36288,3.6288,61.308,0.607958,0,0,1.09385,0.274039,0.211853,0.66528,12.849,1,0.520966,0.36288,0,41.6547,4.82601,36.6706,0.84672,12.849,0.84672,3695.15,0,36.966,0.366572,1.04044,2.18786,3.79495,1.1716,5.48507,0.42336,36.966,0.42336,423.524,0,1.02816,0,0,2.0686,1.04044,1.028160,1,0,42.3676,0,0,0,42.3676,0
70.0276,2.89023,0,0,3.04495,0.120856,0.36288,3.6288,61.308,0.607942,0,0,1.55582,0.271392,0.676489,0.66528,12.849,1,0.527833,0.36288,0,51.2431,5.0751,46.003,0.84672,12.849,0.84672,3695.15,0,36.966,0.366562,1.64424,2.18783,4.77999,1.20174,7.04377,0.42336,36.966,0.42336,423.524,0,1.02816,0,0,2.6724,1.64424,1.028160,1,0,53.7233,0,0,0,53.7233,0
70.2177,2.86223,0,0,3.50962,0.0944664,0.36288,3.6288,61.308,0.643145,0,0,1.86913,0.300353,0.925627,0.66528,12.849,1,0.525175,0.36288,0,55.7551,5.29515,50.2977,0.84672,12.849,0.84672,3695.15,0,36.966,0.387788,2.09504,2.1878,5.70809,1.32685,8.2763,0.42336,36.966,0.42336,423.524,0,1.02816,0,0,3.1232,2.09504,1.028160,1,0,59.4996,0,0,0,59.4996,0
70.2363,2.86339,0,0,3.33951,0.094605,0.36288,3.6288,61.308,0.643129,0,0,1.73876,0.300353,0.795275,0.66528,12.849,1,0.523967,0.36288,0,50.5416,5.29515,45.0853,0.84672,12.849,0.84672,3695.15,0,36.966,0.387778,1.98186,2.22565,5.43512,1.32685,7.928,0.42336,36.966,0.42336,423.524,0,1.02816,0,0,3.01002,1.98186,1.028160,1,0,53.8086,0,0,0,53.8086,0
69.9978,2.86347,0,0,3.08248,0.0946186,0.36288,3.6288,61.308,0.643112,0,0,1.55491,0.300353,0.611441,0.66528,12.849,1,0.523842,0.36288,0,47.8272,5.29515,42.3711,0.84672,12.849,0.84672,3695.15,0,36.966,0.387768,1.83203,2.22563,5.08386,1.32685,7.42689,0.42336,36.966,0.42336,423.524,0,1.02816,0,0,2.86019,1.83203,1.028160,1,0,50.4095,0,0,0,50.4095,0
69.6532,2.86193,0,0,2.97088,0.0906668,0.36288,3.6288,61.308,0.643095,0,0,1.55039,0.302906,0.604386,0.66528,12.849,1,0.525343,0.36288,0,45.1849,5.38938,39.633,0.84672,12.849,0.84672,3695.15,0,36.966,0.387758,1.74307,2.2256,4.78069,1.34291,7.01869,0.42336,36.966,0.42336,423.524,0,1.02816,0,0,2.77123,1.74307,1.028160,1,0,47.2561,0,0,0,47.2561,0
69.0154,2.92643,0,0,2.71933,0.0678187,0.36288,3.6288,61.308,0.66528,0,0,1.26712,0.318226,0.28361,0.66528,12.849,1,0.539842,0.36288,0,48.3124,5.95476,42.1807,0.84672,12.849,0.84672,3695.15,0,36.966,0.415859,1.69526,2.22557,4.05126,1.43923,6.117,0.42336,36.966,0.42336,423.524,0,1.02816,0,0,2.72342,1.69526,1.028160,1,0,48.5813,0,0,0,48.5813,0
68.2091,2.92219,0,0,2.54629,0.0674838,0.36288,3.6288,61.308,0.66528,0,0,1.17838,0.318226,0.194878,0.66528,12.849,1,0.544041,0.36288,0,38.7902,5.95476,32.6543,0.84672,12.849,0.84672,3695.15,0,36.966,0.415831,1.64479,2.27922,3.65189,1.43923,5.72084,0.42336,36.966,0.42336,423.524,0,1.02816,0,0,2.67295,1.64479,1.028160,1,0,38.57,0,0,0,38.57,0
67.1808,2.91674,0,0,2.31829,0.0670604,0.36288,3.6288,61.308,0.66528,0,0,1.11872,0.318226,0.135218,0.66528,12.849,1,0.549445,0.36288,0,35.3521,5.95476,29.2108,0.84672,12.849,0.84672,3695.15,0,36.966,0.415804,1.23347,2.27919,3.40638,1.43923,5.06401,0.42336,36.966,0.42336,423.524,0,1.02816,0,0,2.26163,1.23347,1.028160,1,0,34.41,0,0,0,34.41,0
66.5756,2.90964,0,0,2.72179,0.0544103,0.36288,3.6288,61.308,0.66528,0,0,1.39754,0.307645,0.424612,0.66528,12.849,1,0.556499,0.36288,0,36.9544,6.12962,30.6312,0.84672,12.849,0.84672,3695.15,0,36.966,0.415776,2.24953,2.27916,5.17437,1.48708,7.80021,0.42336,36.966,0.42336,423.524,0,1.02816,0,0,3.27769,2.24953,1.028160,1,0,38.856,0,0,0,38.856,0
65.4447,3.0994,0,0,2.3836,0.0522276,0.36288,3.6288,61.308,0.66528,0,0,1.08251,0.302949,0.114285,0.66528,12.849,1,0.59818,0.36288,0,27.8002,5.80158,21.7634,0.84672,12.849,0.84672,3695.15,0,36.966,0.597341,0.99951,2.27914,3.67176,1.48978,4.86328,0.42336,36.966,0.42336,423.524,0,1.02816,0,0,2.02767,0.99951,1.028160,1,0,26.7409,0,0,0,26.7409,0
64.4695,3.09072,0,0,2.52493,0.046526,0.36288,3.6288,61.308,0.66528,0,0,1.16671,0.312758,0.188674,0.66528,12.849,1,0.606813,0.36288,0,28.0412,5.75159,22.0457,0.84672,12.849,0.84672,3695.15,0,36.966,0.597311,0.889989,2.46278,3.3198,1.5002,4.57506,0.42336,36.966,0.42336,423.524,0,1.02816,0,0,1.91815,0.889989,1.028160,1,0,26.8094,0,0,0,26.8094,0
63.0033,3.08303,0,0,2.02582,0.0461628,0.36288,3.6288,61.2474,0.66528,0,0,0.91743,0.312758,0,0.66528,12.849,1,0.614458,0.36288,0,32.9824,5.75159,26.9793,0.84672,12.849,0.84672,3695.15,0,36.966,0.597281,0.510538,2.46275,2.75772,1.5002,3.63353,0.42336,36.966,0.42336,423.524,0,1.02816,0,0,1.5387,0.510538,1.028160,1,0,30.6128,0,0,0,30.6128,0
61.9229,3.07111,0,0,2.39922,0.0456169,0.36288,3.6288,61.308,0.66528,0,0,1.40041,0.312638,0.36188,0.66528,12.849,1,0.626328,0.36288,0,28.3097,5.75159,22.2946,0.84672,12.849,0.84672,3695.15,0,36.966,0.597251,1.2865,2.46272,3.72929,1.5002,5.38106,0.42336,36.966,0.42336,423.524,0,1.02816,0,0,2.31466,1.2865,1.028160,1,0,28.0376,0,0,0,28.0376,0
61.5156,3.06202,0,0,3.05838,0.0407982,0.36288,3.6288,61.308,0.66528,0,0,1.79094,0.295973,0.829689,0.66528,12.849,1,0.635369,0.36288,0,27.7703,5.22279,22.275,0.84672,12.849,0.84672,3695.15,0,36.966,0.597222,1.50907,2.46269,5.35259,1.48199,7.24514,0.42336,36.966,0.42336,423.524,0,1.02816,0,0,2.53723,1.50907,1.028160,1,0,30.3498,0,0,0,30.3498,0
59.9074,2.96518,0,0,1.75471,0.0347927,0.36288,3.6288,61.308,0.66528,0,0,1.30142,0.273595,0.362543,0.66528,12.849,1,0.619349,0.36288,0,40.0798,4.51773,35.3056,0.84672,12.849,0.84672,3695.15,0,36.966,0.486979,0.826001,2.46266,3.30542,1.45771,4.64939,0.42336,36.966,0.42336,423.524,0,1.02816,0,0,1.85416,0.826001,1.028160,1,0,40.3175,0,0,0,40.3175,0
57.9976,2.95145,0,0,1.43879,0.0343139,0.36288,3.6288,61.308,0.66528,0,0,1.18841,0.273595,0.24954,0.66528,12.849,1,0.633031,0.36288,0,23.2515,4.51773,18.4637,0.84672,12.849,0.84672,3695.15,0,36.966,0.486951,0.250249,2.35633,2.36208,1.45771,3.02401,0.42336,36.966,0.42336,423.524,0,1.02816,0,0,1.27841,0.250249,1.028160,1,0,21.7372,0,0,0,21.7372,0
58.138,2.93435,0,0,3.53995,0.102298,0.36288,3.6288,61.308,0.66528,0,0,1.89029,0.279513,0.945492,0.66528,12.849,1,0.650087,0.36288,0,30.957,4.05453,26.6153,0.84672,12.849,0.84672,3695.15,0,36.966,0.486922,1.84582,2.3563,6.14384,1.35814,8.5009,0.42336,36.966,0.42336,423.524,0,1.02816,0,0,2.87398,1.84582,1.028160,1,0,36.0617,0,0,0,36.0617,0
57.8599,2.9356,0,0,3.15954,0.139158,0.36288,3.6288,61.308,0.66528,0,0,2.12471,0.293471,1.16595,0.66528,12.849,1,0.648793,0.36288,0,52.0938,3.85801,47.9499,0.84672,12.849,0.84672,3695.15,0,36.966,0.486894,1.17865,2.35627,4.60402,1.28876,6.36329,0.42336,36.966,0.42336,423.524,0,1.02816,0,0,2.20681,1.17865,1.028160,1,0,55.4792,0,0,0,55.4792,0
55.773,2.85724,0,0,1.30068,0.167473,0.36288,3.6288,61.308,0.656182,0,0,0.939237,0.207111,0.075944,0.66528,12.849,1,0.634511,0.36288,0,20.4855,4.58722,15.6267,0.84672,12.849,0.84672,3695.15,0,36.966,0.395648,0.269845,2.35624,3.71504,0.944835,5.00064,0.42336,36.966,0.42336,423.524,0,1.02816,0,0,1.298,0.269845,1.028160,1,0,20.7033,0,0,0,20.7033,0
53.9165,2.83791,0,0,1.59202,0.247664,0.36288,3.6288,60.9877,0.802952,0,0,0.679583,0.196897,0,0.66528,12.849,1,0.653799,0.36288,0,26.2993,4.68457,21.3238,0.84672,12.849,0.84672,3695.15,0,36.966,0.484144,0.216518,2.26135,3.36916,1.06885,4.29404,0.42336,36.966,0.42336,423.524,0,0.792867,0,0,1.00939,0.216518,1.028160,1,0,25.6178,0,0,0,25.6178,0
52.1302,2.81969,0,0,1.63928,0.243082,0.36288,3.6288,61.1276,0.654854,0,0,0.991188,0.196498,0,0.66528,12.849,1,0.671969,0.36288,0,26.6827,4.68457,21.689,0.84672,12.849,0.84672,3695.15,0,36.966,0.396922,0.966755,2.26133,4.63597,1.06885,6.39829,0.42336,36.966,0.42336,423.524,0,1.02816,0,0,1.99492,0.966755,1.028160,1,0,28.0873,0,0,0,28.0873,0
