0volume,0demand,0up_spill,0ww_inflow,0catch_inflow,0evap,0ds_spill,0treat_cap,1volume,1demand,1up_spill,1ww_inflow,1catch_inflow,1evap,1ds_spill,1treat_cap,2volume,2s_area,2demand,2up_spill,2ww_inflow,2catch_inflow,2evap,2ds_spill,2treat_cap,2valloc_0,2talloc_0,2valloc_1,2talloc_1,3volume,3demand,3up_spill,3ww_inflow,3catch_inflow,3evap,3ds_spill,3treat_cap,3valloc_0,3talloc_0,3valloc_1,3talloc_1,3valloc_2,3talloc_2,4demand,4up_spill,4ww_inflow,4catch_inflow,4ds_spill,4treat_cap,11volume,11s_area,11demand,11up_spill,11ww_inflow,11catch_inflow,11evap,11ds_spill,11treat_cap
72.29,1.73757,0,0,12.9641,0.275376,10.9511,3.6288,61.308,0,0,0,3.121,0.19317,2.92783,0.66528,12.849,1,0.30884,10.9511,0,252.168,3.94266,258.868,0.84672,12.849,0.84672,3695.15,0,18.483,0.42336,8.5552,0,27.7698,1.02538,34.8763,0.42336,18.483,0.42336,0,0,442.007,0,1.12031,0,0,9.6755,8.5552,1.028160,1,0,296.672,0,0,0,296.672,0
72.29,1.73824,0,0,11.8027,0.291521,9.77292,3.6288,61.308,0.0925004,0,0,2.85505,0.193833,2.56872,0.66528,12.849,1,0.308958,9.77292,0,208.281,3.98465,213.76,0.84672,12.849,0.84672,3695.15,0,18.483,0.42336,7.51997,1.32838,22.5069,1.06667,29.8653,0.42336,18.483,0.42336,0,0,442.007,0,1.02816,0,0,8.54813,7.51997,1.028160,1,0,246.194,0,0,0,246.194,0
72.29,1.7389,0,0,8.02354,0.291521,5.99312,3.6288,61.308,0.0928547,0,0,1.71876,0.193833,1.43208,0.66528,12.849,1,0.309076,5.99312,0,142.282,3.98465,143.981,0.84672,12.849,0.84672,3695.15,0,18.483,0.42336,3.46158,1.3288,10.8657,1.06667,14.166,0.42336,18.483,0.42336,0,0,442.007,0,1.02816,0,0,4.48974,3.46158,1.028160,1,0,159.579,0,0,0,159.579,0
72.29,1.73956,0,0,7.26218,0.303166,5.21945,3.6288,61.308,0.0932091,0,0,1.50089,0.178374,1.22931,0.66528,12.849,1,0.309194,5.21945,0,128.238,3.72707,129.422,0.84672,12.849,0.84672,3695.15,0,18.483,0.42336,2.45089,1.32922,9.76674,1.00646,12.117,0.42336,18.483,0.42336,0,0,442.007,0,1.02816,0,0,3.47905,2.45089,1.028160,1,0,142.768,0,0,0,142.768,0
72.29,1.94502,0,0,7.9907,0.321195,5.72448,3.6288,61.308,0.225455,0,0,1.95544,0.171321,1.55866,0.66528,12.849,1,0.345713,5.72448,0,146.445,3.32473,148.499,0.84672,12.849,0.84672,3695.15,0,18.483,0.42336,3.50558,1.32964,12.7112,0.923044,16.2,0.42336,18.483,0.42336,0,0,442.007,0,1.02816,0,0,4.53374,3.50558,1.028160,1,0,166.257,0,0,0,166.257,0
72.29,1.94575,0,0,8.90041,0.312883,6.64177,3.6288,61.308,0.225851,0,0,2.11982,0.195017,1.69895,0.66528,12.849,1,0.345843,6.64177,0,159.268,3.50595,162.058,0.84672,12.849,0.84672,3695.15,0,18.483,0.42336,3.88508,1.47716,15.3753,0.973371,19.3408,0.42336,18.483,0.42336,0,0,442.007,0,1.02816,0,0,4.91324,3.88508,1.028160,1,0,183.098,0,0,0,183.098,0
72.29,1.94648,0,0,13.2532,0.305092,11.0016,3.6288,61.308,0.226247,0,0,3.2892,0.211615,2.85134,0.66528,12.849,1,0.345972,11.0016,0,216.497,3.89907,223.253,0.84672,12.849,0.84672,3695.15,0,18.483,0.42336,6.00411,1.47763,28.3538,1.09636,34.3158,0.42336,18.483,0.42336,0,0,442.007,0,1.02816,0,0,7.03227,6.00411,1.028160,1,0,260.421,0,0,0,260.421,0
72.29,1.94721,0,0,11.5443,0.299392,9.29773,3.6288,61.308,0.226644,0,0,3.38419,0.203896,2.95365,0.66528,12.849,1,0.346102,9.29773,0,200.932,3.99381,205.89,0.84672,12.849,0.84672,3695.15,0,18.483,0.42336,6.73056,1.4781,28.4431,1.07198,35.1564,0.42336,18.483,0.42336,0,0,442.007,0,1.02816,0,0,7.75872,6.73056,1.028160,1,0,244,0,0,0,244,0
72.29,1.65553,0,0,7.78222,0.32886,5.79783,3.6288,61.308,0.0498173,0,0,1.66019,0.208519,1.40186,0.66528,12.849,1,0.294257,5.79783,0,145.738,3.82961,147.412,0.84672,12.849,0.84672,3695.15,0,18.483,0.423283,3.3648,1.47857,14.9236,0.99173,18.352,0.42336,18.483,0.42336,0,0,442.007,0,1.02816,0,0,4.39296,3.3648,1.028160,1,0,167.166,0,0,0,167.166,0
72.29,1.6561,0,0,5.10267,0.348323,3.09825,3.6288,61.308,0.0501579,0,0,1.24332,0.228776,0.964388,0.66528,12.849,1,0.294359,3.09825,0,106.114,3.948,104.97,0.84672,12.849,0.84672,3695.15,0,18.483,0.42336,1.92649,1.27756,10.7778,1.03749,12.521,0.42336,18.483,0.42336,0,0,442.007,0,1.02816,0,0,2.95465,1.92649,1.028160,1,0,118.455,0,0,0,118.455,0
72.29,1.65673,0,0,4.62218,0.325667,2.63977,3.6288,61.308,0.0504987,0,0,1.00769,0.216743,0.74045,0.66528,12.849,1,0.294472,2.63977,0,116.605,3.77361,115.177,0.84672,12.849,0.84672,3695.15,0,18.483,0.42336,1.5281,1.27796,9.24454,1.01244,10.6148,0.42336,18.483,0.42336,0,0,442.007,0,1.02816,0,0,2.55626,1.5281,1.028160,1,0,126.532,0,0,0,126.532,0
72.29,1.65737,0,0,5.67138,0.278137,3.73587,3.6288,61.308,0.0508395,0,0,2.0063,0.209639,1.74582,0.66528,12.849,1,0.294585,3.73587,0,114.555,3.78366,114.213,0.84672,12.849,0.84672,3695.15,0,18.483,0.42336,3.06311,1.27837,13.4154,1.02144,16.3121,0.42336,18.483,0.42336,0,0,442.007,0,1.02816,0,0,4.09127,3.06311,1.028160,1,0,132.271,0,0,0,132.271,0
72.29,1.65801,0,0,8.92862,0.29334,6.97727,3.6288,61.308,0.0511805,0,0,2.95559,0.211271,2.69314,0.66528,12.849,1,0.294699,6.97727,0,126.877,4.28428,129.275,0.84672,12.849,0.84672,3695.15,0,18.483,0.42336,4.27799,1.27877,19.7391,1.0038,23.8687,0.42336,18.483,0.42336,0,0,442.007,0,1.02816,0,0,5.30615,4.27799,1.028160,1,0,155.837,0,0,0,155.837,0
72.29,1.73238,0,0,8.25339,0.332093,6.18892,3.6288,61.308,0.0949454,0,0,3.42001,0.188188,3.13688,0.66528,12.849,1,0.307918,6.18892,0,149.006,3.93824,150.949,0.84672,12.849,0.84672,3695.15,0,18.483,0.42336,5.80311,1.27917,15.6598,0.914955,21.4038,0.42336,18.483,0.42336,0,0,442.007,0,1.02816,0,0,6.83127,5.80311,1.028160,1,0,175.49,0,0,0,175.49,0
72.29,1.73305,0,0,5.94701,0.332093,3.88187,3.6288,61.308,0.0953002,0,0,1.8143,0.188188,1.53082,0.66528,12.849,1,0.308036,3.88187,0,95.3044,3.93824,94.94,0.84672,12.849,0.84672,3695.15,0,18.483,0.42336,3.51138,1.3294,12.2743,0.914955,15.7768,0.42336,18.483,0.42336,0,0,442.007,0,1.02816,0,0,4.53954,3.51138,1.028160,1,0,112.248,0,0,0,112.248,0
72.29,1.73371,0,0,5.50078,0.332093,3.43498,3.6288,61.308,0.0956552,0,0,2.05113,0.188188,1.76728,0.66528,12.849,1,0.308153,3.43498,0,109.388,3.93824,108.577,0.84672,12.849,0.84672,3695.15,0,18.483,0.42336,3.65407,1.32982,12.7218,0.914955,16.3674,0.42336,18.483,0.42336,0,0,442.007,0,1.02816,0,0,4.68223,3.65407,1.028160,1,0,126.712,0,0,0,126.712,0
72.29,1.73437,0,0,5.14285,0.269597,3.13888,3.6288,61.308,0.0960102,0,0,2.09405,0.221491,1.77655,0.66528,12.849,1,0.308271,3.13888,0,95.3605,4.34542,93.8457,0.84672,12.849,0.84672,3695.15,0,18.483,0.42336,3.8362,1.33024,13.077,0.995107,16.825,0.42336,18.483,0.42336,0,0,442.007,0,1.02816,0,0,4.86436,3.8362,1.028160,1,0,112.447,0,0,0,112.447,0
72.29,1.70616,0,0,4.84708,0.2604,2.88052,3.6288,61.308,0.0794785,0,0,1.30518,0.225031,1.00067,0.66528,12.849,1,0.303257,2.88052,0,75.6769,4.37044,73.8837,0.84672,12.849,0.84672,3695.15,0,18.483,0.42336,2.37026,1.33066,9.84459,1.04692,12.0752,0.42336,18.483,0.42336,0,0,442.007,0,1.02816,0,0,3.39842,2.37026,1.028160,1,0,86.9596,0,0,0,86.9596,0
72.29,1.70681,0,0,4.28788,0.258867,2.3222,3.6288,61.308,0.0798284,0,0,1.20709,0.225621,0.901636,0.66528,12.849,1,0.303373,2.3222,0,68.8582,4.37461,66.5024,0.84672,12.849,0.84672,3695.15,0,18.483,0.42336,1.91846,1.31166,9.01117,1.05556,10.7624,0.42336,18.483,0.42336,0,0,442.007,0,1.02816,0,0,2.94662,1.91846,1.028160,1,0,78.1664,0,0,0,78.1664,0
72.29,1.70747,0,0,3.84204,0.258867,1.8757,3.6288,61.308,0.0801782,0,0,1.0666,0.225621,0.7608,0.66528,12.849,1,0.303489,1.8757,0,59.0998,4.37461,56.2974,0.84672,12.849,0.84672,3695.15,0,18.483,0.42336,1.55598,1.31208,7.85022,1.05556,9.23935,0.42336,18.483,0.42336,0,0,442.007,0,1.02816,0,0,2.58414,1.55598,1.028160,1,0,66.2975,0,0,0,66.2975,0
72.29,1.70812,0,0,3.5525,0.237263,1.60712,3.6288,61.308,0.0805284,0,0,0.99246,0.197177,0.714754,0.66528,12.849,1,0.303605,1.60712,0,56.1327,3.78482,53.6514,0.84672,12.849,0.84672,3695.15,0,18.483,0.42336,1.42505,1.31249,7.07676,0.90597,8.48497,0.42336,18.483,0.42336,0,0,442.007,0,1.02816,0,0,2.45321,1.42505,1.028160,1,0,62.8511,0,0,0,62.8511,0
72.29,1.80688,0,0,3.50639,0.221293,1.47821,3.6288,61.308,0.140839,0,0,1.00321,0.183883,0.678486,0.66528,12.849,1,0.32116,1.47821,0,53.9965,3.59605,51.5575,0.84672,12.849,0.84672,3695.15,0,18.483,0.42336,1.70938,1.31291,7.22866,0.838844,8.98874,0.42336,18.483,0.42336,0,0,442.007,0,1.02816,0,0,2.73754,1.70938,1.028160,1,0,61.2248,0,0,0,61.2248,0
72.29,1.80757,0,0,3.64386,0.211521,1.62477,3.6288,61.308,0.141208,0,0,0.906621,0.181327,0.584086,0.66528,12.849,1,0.321281,1.62477,0,54.0391,3.65893,51.6836,0.84672,12.849,0.84672,3695.15,0,18.483,0.42336,1.61604,1.3813,7.36258,0.829125,9.10744,0.42336,18.483,0.42336,0,0,442.007,0,1.02816,0,0,2.6442,1.61604,1.028160,1,0,61.3751,0,0,0,61.3751,0
72.29,1.80825,0,0,3.38888,0.211521,1.3691,3.6288,61.308,0.141577,0,0,0.87277,0.181327,0.549865,0.66528,12.849,1,0.321403,1.3691,0,49.2903,3.65893,46.6791,0.84672,12.849,0.84672,3695.15,0,18.483,0.42336,1.26525,1.38174,6.54163,0.829125,7.93613,0.42336,18.483,0.42336,0,0,442.007,0,1.02816,0,0,2.29341,1.26525,1.028160,1,0,55.1651,0,0,0,55.1651,0
72.29,1.80894,0,0,3.20449,0.148372,1.24718,3.6288,61.308,0.141947,0,0,0.820377,0.271298,0.407132,0.66528,12.849,1,0.321525,1.24718,0,47.1061,4.88131,43.1504,0.84672,12.849,0.84672,3695.15,0,18.483,0.42336,1.03061,1.38217,5.77287,1.15645,6.60584,0.42336,18.483,0.42336,0,0,442.007,0,1.02816,0,0,2.05877,1.03061,1.028160,1,0,50.1634,0,0,0,50.1634,0
72.29,1.80962,0,0,2.91343,0.137256,0.966548,3.6288,61.308,0.142316,0,0,0.784564,0.283697,0.35855,0.66528,12.849,1,0.321646,0.966548,0,41.5043,5.04762,37.1016,0.84672,12.849,0.84672,3695.15,0,18.483,0.42336,0.97308,1.38261,5.36617,1.20584,6.09266,0.42336,18.483,0.42336,0,0,442.007,0,1.02816,0,0,2.00124,0.97308,1.028160,1,0,43.5528,0,0,0,43.5528,0
72.29,1.79087,0,0,2.3643,0.133709,0.439721,3.6288,61.308,0.175693,0,0,0.756181,0.268121,0.312368,0.66528,12.849,1,0.318314,0.439721,0,32.337,4.82307,27.6353,0.84672,12.849,0.84672,3695.15,0,18.483,0.42336,1.02236,1.38305,4.34973,1.17484,5.15694,0.42336,18.483,0.42336,0,0,442.007,0,1.02816,0,0,2.05052,1.02236,1.028160,1,0,33.1047,0,0,0,33.1047,0
72.1875,1.79155,0,0,2.18565,0.133709,0.36288,3.6288,61.308,0.176073,0,0,0.731056,0.268121,0.286863,0.66528,12.849,1,0.318435,0.36288,0,32.1417,4.82307,27.363,0.84672,12.849,0.84672,3695.15,0,18.483,0.42336,0.98769,1.4047,4.41061,1.17484,5.2048,0.42336,18.483,0.42336,0,0,442.007,0,1.02816,0,0,2.01585,0.98769,1.028160,1,0,32.8547,0,0,0,32.8547,0
71.8834,1.79185,0,0,1.98421,0.133605,0.36288,3.6288,61.308,0.176453,0,0,0.690612,0.268121,0.246039,0.66528,12.849,1,0.318939,0.36288,0,31.1863,4.82307,26.4071,0.84672,12.849,0.84672,3695.15,0,18.483,0.42336,0.789921,1.40514,4.14591,1.17484,4.74277,0.42336,18.483,0.42336,0,0,442.007,0,1.02816,0,0,1.81808,0.789921,1.028160,1,0,31.3959,0,0,0,31.3959,0
71.4222,1.79138,0,0,1.81685,0.123805,0.36288,3.6288,61.308,0.176833,0,0,0.657288,0.290059,0.190396,0.66528,12.849,1,0.320205,0.36288,0,27.5023,5.10537,22.4396,0.84672,12.849,0.84672,3695.15,0,18.483,0.42336,0.715332,1.40558,4.0263,1.27788,4.44597,0.42336,18.483,0.42336,0,0,442.007,0,1.02816,0,0,1.74349,0.715332,1.028160,1,0,27.076,0,0,0,27.076,0
70.8712,1.84046,0,0,1.76598,0.113575,0.36288,3.6288,61.308,0.206668,0,0,0.644374,0.31765,0.120056,0.66528,12.849,1,0.331103,0.36288,0,28.4321,5.7953,22.6686,0.84672,12.849,0.84672,3695.15,0,18.483,0.42336,0.486734,1.40603,3.33349,1.49528,3.30761,0.42336,18.483,0.42336,0,0,442.007,0,1.02816,0,0,1.51489,0.486734,1.028160,1,0,26.0962,0,0,0,26.0962,0
70.1263,1.83898,0,0,1.57556,0.118613,0.36288,3.6288,61.3064,0.207057,0,0,0.51216,0.306748,0,0.66528,12.849,1,0.333407,0.36288,0,22.9082,5.78896,17.1487,0.84672,12.849,0.84672,3695.15,0,18.483,0.42336,0.400006,1.44032,2.96022,1.4792,2.89798,0.42336,18.483,0.42336,0,0,442.007,0,1.02816,0,0,1.42817,0.400006,1.028160,1,0,20.0467,0,0,0,20.0467,0
69.2655,1.83667,0,0,1.4567,0.117935,0.36288,3.6288,61.2659,0.208648,0,0,0.474953,0.306745,0,0.66528,12.849,1,0.336527,0.36288,0,21.9669,5.78896,16.2043,0.84672,12.849,0.84672,3695.15,0,18.483,0.42336,0.227405,1.44077,2.57389,1.4792,2.33951,0.42336,18.483,0.42336,0,0,442.007,0,1.02696,0,0,1.25436,0.227405,1.028160,1,0,18.5438,0,0,0,18.5438,0
68.4455,1.83384,0,0,1.48907,0.112364,0.36288,3.6288,61.2763,0.207837,0,0,0.527452,0.309256,0,0.66528,12.849,1,0.340183,0.36288,0,20.8928,5.86374,15.0518,0.84672,12.849,0.84672,3695.15,0,18.483,0.42336,0.395487,1.44123,3.18368,1.49414,3.1029,0.42336,18.483,0.42336,0,0,442.007,0,1.02816,0,0,1.42365,0.395487,1.028160,1,0,18.1547,0,0,0,18.1547,0
67.574,1.97719,0,0,1.5766,0.108027,0.36288,3.6288,61.1879,0.314675,0,0,0.511554,0.285265,0,0.66528,12.849,1,0.371171,0.36288,0,20.6119,6.02542,14.5782,0.84672,12.849,0.84672,3695.15,0,18.483,0.42336,0.466836,1.44168,3.46217,1.53391,3.41341,0.42336,18.483,0.42336,0,0,442.007,0,1.02816,0,0,1.495,0.466836,1.028160,1,0,17.9916,0,0,0,17.9916,0
66.7214,1.97391,0,0,1.60524,0.121121,0.36288,3.6288,61.0031,0.315098,0,0,0.4233,0.293002,0,0.66528,12.849,1,0.375332,0.36288,0,21.0212,6.14954,14.8592,0.84672,12.849,0.84672,3695.15,0,18.483,0.42336,0.414245,1.5569,2.84856,1.51713,2.87921,0.42336,18.483,0.42336,0,0,442.007,0,1.02816,0,0,1.4424,0.414245,1.028160,1,0,17.7384,0,0,0,17.7384,0
65.5894,1.97062,0,0,1.32189,0.120308,0.36288,3.6288,60.7633,0.315522,0,0,0.368428,0.292659,0,0.66528,12.849,1,0.379496,0.36288,0,26.0964,6.14954,19.9303,0.84672,12.849,0.84672,3695.15,0,18.483,0.42336,0.246352,1.55739,2.54135,1.51713,2.4046,0.42336,18.483,0.42336,0,0,442.007,0,1.02816,0,0,1.27451,0.246352,1.028160,1,0,22.3349,0,0,0,22.3349,0
64.6038,1.96587,0,0,1.46235,0.119229,0.36288,3.6288,60.6613,0.315946,0,0,0.5061,0.292215,0,0.66528,12.849,1,0.385115,0.36288,0,22.3741,6.14954,16.2024,0.84672,12.849,0.84672,3695.15,0,18.483,0.42336,0.640276,1.55788,3.03696,1.51713,3.29463,0.42336,18.483,0.42336,0,0,442.007,0,1.02816,0,0,1.66844,0.640276,1.028160,1,0,19.497,0,0,0,19.497,0
63.5167,1.9617,0,0,1.35816,0.12068,0.36288,3.6288,60.4734,0.31637,0,0,0.406783,0.278292,0,0.66528,12.849,1,0.390161,0.36288,0,21.4658,5.77984,15.6587,0.84672,12.849,0.84672,3695.15,0,18.483,0.42336,0.50811,1.55837,3.45041,1.37322,3.72031,0.42336,18.483,0.42336,0,0,442.007,0,1.02816,0,0,1.53627,0.50811,1.028160,1,0,19.379,0,0,0,19.379,0
62.6974,1.88643,0,0,1.57344,0.143469,0.36288,3.6288,60.3372,0.252082,0,0,0.375731,0.259871,0,0.66528,12.849,1,0.381611,0.36288,0,25.1992,5.11381,20.0666,0.84672,12.849,0.84672,3695.15,0,18.483,0.42336,0.528362,1.55886,2.73678,1.37804,3.0226,0.42336,18.483,0.42336,0,0,442.007,0,1.02816,0,0,1.55652,0.528362,1.028160,1,0,23.0892,0,0,0,23.0892,0
61.7791,1.88299,0,0,1.47016,0.142513,0.36288,3.6288,60.3868,0.252486,0,0,0.561736,0.259646,0,0.66528,12.849,1,0.385894,0.36288,0,21.6033,5.11381,16.4665,0.84672,12.849,0.84672,3695.15,0,18.483,0.42336,1.56005,1.49348,3.15714,1.37804,4.40927,0.42336,18.483,0.42336,0,0,442.007,0,1.02816,0,0,2.58821,1.56005,1.028160,1,0,20.8757,0,0,0,20.8757,0
60.6931,1.87895,0,0,1.2972,0.141442,0.36288,3.6288,60.2002,0.25289,0,0,0.326008,0.259728,0,0.66528,12.849,1,0.390789,0.36288,0,22.1283,5.11381,16.9866,0.84672,12.849,0.84672,3695.15,0,18.483,0.42336,0.596799,1.49395,2.42499,1.37804,2.71434,0.42336,18.483,0.42336,0,0,442.007,0,1.02816,0,0,1.62496,0.596799,1.028160,1,0,19.701,0,0,0,19.701,0
59.3881,1.87388,0,0,1.07196,0.140176,0.36288,3.6288,59.9747,0.253294,0,0,0.287207,0.259419,0,0.66528,12.849,1,0.396708,0.36288,0,20.4311,5.11381,15.2835,0.84672,12.849,0.84672,3695.15,0,18.483,0.42336,0.416707,1.49443,2.24572,1.37804,2.35545,0.42336,18.483,0.42336,0,0,442.007,0,1.02816,0,0,1.44487,0.416707,1.028160,1,0,17.6389,0,0,0,17.6389,0
58.7106,1.81018,0,0,1.69292,0.197412,0.36288,3.6288,59.8235,0.209097,0,0,0.269036,0.21108,0,0.66528,12.849,1,0.391644,0.36288,0,24.8458,4.1875,20.6295,0.84672,12.849,0.84672,3695.15,0,18.483,0.42336,0.216518,1.4949,2.32982,1.1291,2.48877,0.42336,18.483,0.42336,0,0,442.007,0,1.01378,0,0,1.2303,0.216518,1.028160,1,0,23.1183,0,0,0,23.1183,0
57.7754,1.80715,0,0,1.44418,0.209272,0.36288,3.6288,59.1464,0.660378,0,0,0.184515,0.20122,0,0.66528,12.849,1,0.3955,0.36288,0,20.257,3.85613,16.3683,0.84672,12.849,0.84672,3695.15,0,18.483,0.42336,0.216518,1.43676,1.89214,1.05597,2.06609,0.42336,18.483,0.42336,0,0,442.007,0,0.562887,0,0,0.779406,0.216518,1.028160,1,0,18.4343,0,0,0,18.4343,0
57.5765,1.80259,0,0,2.17386,0.207377,0.36288,3.6288,59.1974,0.195492,0,0,0.446823,0.20035,0,0.66528,12.849,1,0.400888,0.36288,0,31.5881,3.85613,27.694,0.84672,12.849,0.84672,3695.15,0,18.483,0.42336,1.22455,1.43721,3.8367,1.05597,5.01913,0.42336,18.483,0.42336,0,0,442.007,0,1.02816,0,0,2.25271,1.22455,1.028160,1,0,32.7131,0,0,0,32.7131,0
60.4672,1.80213,0,0,5.26276,0.206974,0.36288,3.6288,59.8022,0.195877,0,0,1.00103,0.200416,0,0.66528,12.849,1,0.402172,0.36288,0,82.7812,3.85613,78.8858,0.84672,12.849,0.84672,3695.15,0,18.483,0.42336,2.51649,1.43766,5.80414,1.05597,8.27897,0.42336,18.483,0.42336,0,0,442.007,0,1.02816,0,0,3.54465,2.51649,1.028160,1,0,87.1648,0,0,0,87.1648,0
60.9018,1.65541,0,0,2.71382,0.260936,0.36288,3.6288,60.1384,0.0732741,0,0,0.5837,0.174161,0,0.66528,12.849,1,0.351767,0.36288,0,38.8001,3.59138,35.2198,0.84672,12.849,0.84672,3695.15,0,18.483,0.42336,0.986066,1.43812,4.42428,0.891946,5.53316,0.42336,18.483,0.42336,0,0,442.007,0,1.02816,0,0,2.01423,0.986066,1.028160,1,0,40.753,0,0,0,40.753,0
63.6637,1.65812,0,0,5.01695,0.234042,0.36288,3.6288,60.9986,0.0736212,0,0,1.15159,0.217802,0,0.66528,12.849,1,0.349828,0.36288,0,86.2819,4.59385,81.7011,0.84672,12.849,0.84672,3695.15,0,18.483,0.42336,2.45106,1.30645,8.16471,1.05882,10.44,0.42336,18.483,0.42336,0,0,442.007,0,1.02816,0,0,3.47922,2.45106,1.028160,1,0,92.1411,0,0,0,92.1411,0
68.3136,1.67138,0,0,6.92349,0.239411,0.36288,3.6288,61.308,0.0739686,0,0,1.77809,0.218995,1.17571,0.66528,12.849,1,0.337328,0.36288,0,76.2562,4.59385,71.6879,0.84672,12.849,0.84672,3695.15,0,18.483,0.42336,3.68673,1.30686,10.1687,1.05882,13.6801,0.42336,18.483,0.42336,0,0,442.007,0,1.02816,0,0,4.71489,3.68673,1.028160,1,0,86.5437,0,0,0,86.5437,0
70.4433,1.69135,0,0,4.45106,0.26713,0.36288,3.6288,61.308,0.0743161,0,0,0.624457,0.221328,0.328813,0.66528,12.849,1,0.318124,0.36288,0,73.0796,4.39511,68.7293,0.84672,12.849,0.84672,3695.15,0,18.483,0.42336,1.53367,1.30727,6.26879,1.01712,7.66925,0.42336,18.483,0.42336,0,0,442.007,0,1.02816,0,0,2.56183,1.53367,1.028160,1,0,76.7273,0,0,0,76.7273,0
72.29,1.70014,0,0,4.61138,0.319061,0.745438,3.6288,61.308,0.0746636,0,0,0.53648,0.226087,0.23573,0.66528,12.849,1,0.310108,0.745438,0,93.8598,3.89823,90.3969,0.84672,12.849,0.84672,3695.15,0,18.483,0.42336,1.63871,1.30769,6.44852,0.912863,8.0587,0.42336,18.483,0.42336,0,0,442.007,0,1.02816,0,0,2.66687,1.63871,1.028160,1,0,98.6913,0,0,0,98.6913,0
72.29,1.77225,0,0,5.00959,0.260499,2.97684,3.6288,61.308,0.110675,0,0,2.00382,0.257525,1.63562,0.66528,12.849,1,0.315005,2.97684,0,81.0138,4.20819,79.4675,0.84672,12.849,0.84672,3695.15,0,18.483,0.42336,2.25991,1.3081,6.74456,1.25681,8.63239,0.42336,18.483,0.42336,0,0,442.007,0,1.02816,0,0,3.28807,2.25991,1.028160,1,0,89.7355,0,0,0,89.7355,0
72.29,1.77291,0,0,5.19842,0.249983,3.17553,3.6288,61.308,0.111023,0,0,1.8523,0.262765,1.47851,0.66528,12.849,1,0.315121,3.17553,0,103.088,4.25985,101.689,0.84672,12.849,0.84672,3695.15,0,18.483,0.42336,1.83102,1.35035,7.48405,1.31414,8.92793,0.42336,18.483,0.42336,0,0,442.007,0,1.02816,0,0,2.85918,1.83102,1.028160,1,0,112.095,0,0,0,112.095,0
72.29,1.77356,0,0,5.09693,0.249983,3.07339,3.6288,61.308,0.11137,0,0,1.84652,0.262765,1.47239,0.66528,12.849,1,0.315236,3.07339,0,99.6892,4.25985,98.1875,0.84672,12.849,0.84672,3695.15,0,18.483,0.42336,1.81932,1.35077,7.08947,1.31414,8.52206,0.42336,18.483,0.42336,0,0,442.007,0,1.02816,0,0,2.84748,1.81932,1.028160,1,0,108.182,0,0,0,108.182,0
72.29,1.77421,0,0,5.45041,0.229885,3.44631,3.6288,61.308,0.111719,0,0,2.13317,0.250721,1.77073,0.66528,12.849,1,0.315352,3.44631,0,95.0201,3.54802,94.6031,0.84672,12.849,0.84672,3695.15,0,18.483,0.42336,2.24878,1.35118,7.53987,1.16831,9.54816,0.42336,18.483,0.42336,0,0,442.007,0,1.02816,0,0,3.27694,2.24878,1.028160,1,0,105.922,0,0,0,105.922,0
72.29,1.98304,0,0,5.45886,0.261922,3.2139,3.6288,61.308,0.246133,0,0,2.86065,0.191215,2.4233,0.66528,12.849,1,0.35247,3.2139,0,90.0003,3.19447,89.6673,0.84672,12.849,0.84672,3695.15,0,18.483,0.42336,3.57246,1.35159,7.96859,0.996982,11.4723,0.42336,18.483,0.42336,0,0,442.007,0,1.02816,0,0,4.60062,3.57246,1.028160,1,0,103.563,0,0,0,103.563,0
72.29,1.98375,0,0,3.89575,0.252004,1.65999,3.6288,61.308,0.246522,0,0,2.29052,0.220967,1.82304,0.66528,12.849,1,0.352597,1.65999,0,65.1472,3.87145,62.5832,0.84672,12.849,0.84672,3695.15,0,18.483,0.42336,1.78366,1.50153,6.12494,1.03002,7.95675,0.42336,18.483,0.42336,0,0,442.007,0,1.02816,0,0,2.81182,1.78366,1.028160,1,0,72.363,0,0,0,72.363,0
72.29,1.98447,0,0,4.65793,0.252004,2.42145,3.6288,61.308,0.246911,0,0,2.40328,0.220967,1.9354,0.66528,12.849,1,0.352724,2.42145,0,76.3397,3.87145,74.5369,0.84672,12.849,0.84672,3695.15,0,18.483,0.42336,1.63351,1.50199,6.15174,1.03002,7.83386,0.42336,18.483,0.42336,0,0,442.007,0,1.02816,0,0,2.66167,1.63351,1.028160,1,0,84.3062,0,0,0,84.3062,0
72.29,1.98518,0,0,4.81116,0.252004,2.57397,3.6288,61.308,0.247301,0,0,2.49637,0.220967,2.02811,0.66528,12.849,1,0.352851,2.57397,0,120.17,3.87145,118.52,0.84672,12.849,0.84672,3695.15,0,18.483,0.42336,1.79328,1.50245,6.37006,1.03002,8.21241,0.42336,18.483,0.42336,0,0,442.007,0,1.02816,0,0,2.82144,1.79328,1.028160,1,0,128.76,0,0,0,128.76,0
72.29,1.68861,0,0,2.80125,0.260892,0.85175,3.6288,61.308,0.0675516,0,0,1.14656,0.217402,0.861609,0.66528,12.849,1,0.300138,0.85175,0,62.2776,4.05528,58.774,0.84672,12.849,0.84672,3695.15,0,18.483,0.42336,0.988226,1.50291,5.25839,1.03551,6.29066,0.42336,18.483,0.42336,0,0,442.007,0,1.02816,0,0,2.01639,0.988226,1.028160,1,0,65.9262,0,0,0,65.9262,0
72.2781,1.68923,0,0,2.31295,0.272743,0.36288,3.6288,61.308,0.433755,0,0,1.09246,0.212649,0.446054,0.66528,12.849,1,0.300249,0.36288,0,56.2517,4.30038,52.0139,0.84672,12.849,0.84672,3695.15,0,18.483,0.42336,0.608429,1.29858,4.53435,1.04282,4.97518,0.42336,18.483,0.42336,0,0,442.007,0,0.662291,0,0,1.27072,0.608429,1.028160,1,0,57.4352,0,0,0,57.4352,0
72.29,1.68982,0,0,3.39341,0.272718,1.41896,3.6288,61.308,0.0682206,0,0,1.77581,0.212649,1.49494,0.66528,12.849,1,0.300402,1.41896,0,68.7546,4.30038,65.5728,0.84672,12.849,0.84672,3695.15,0,18.483,0.42336,0.914916,1.29897,5.50623,1.04282,6.25394,0.42336,18.483,0.42336,0,0,442.007,0,1.02816,0,0,1.94308,0.914916,1.028160,1,0,73.3217,0,0,0,73.3217,0
72.29,1.69049,0,0,3.9023,0.272743,1.93907,3.6288,61.308,0.0685553,0,0,1.90661,0.212649,1.62541,0.66528,12.849,1,0.300471,1.93907,0,57.9445,4.30038,55.2827,0.84672,12.849,0.84672,3695.15,0,18.483,0.42336,0.798103,1.29937,4.76601,1.04282,5.39731,0.42336,18.483,0.42336,0,0,442.007,0,1.02816,0,0,1.82626,0.798103,1.028160,1,0,62.3054,0,0,0,62.3054,0
72.29,1.69111,0,0,3.43658,0.282395,1.46307,3.6288,61.308,0.0688901,0,0,1.75899,0.201142,1.48896,0.66528,12.849,1,0.300582,1.46307,0,56.0114,4.31626,52.8576,0.84672,12.849,0.84672,3695.15,0,18.483,0.42336,0.828455,1.29977,5.17279,1.01435,5.8633,0.42336,18.483,0.42336,0,0,442.007,0,1.02816,0,0,1.85662,0.828455,1.028160,1,0,60.2099,0,0,0,60.2099,0
72.29,1.76668,0,0,2.86821,0.317769,0.783759,3.6288,61.308,0.113361,0,0,1.43735,0.170824,1.15317,0.66528,12.849,1,0.314015,0.783759,0,53.6034,5.09565,48.9775,0.84672,12.849,0.84672,3695.15,0,18.483,0.42336,0.878282,1.30016,5.19262,1.07781,5.86989,0.42336,18.483,0.42336,0,0,442.007,0,1.02816,0,0,1.90644,0.878282,1.028160,1,0,56.0006,0,0,0,56.0006,0
72.1246,1.76733,0,0,2.28254,0.317769,0.36288,3.6288,61.308,0.113709,0,0,1.165,0.170824,0.880467,0.66528,12.849,1,0.31413,0.36288,0,38.7643,5.09565,33.7174,0.84672,12.849,0.84672,3695.15,0,18.483,0.42336,0.544061,1.3512,4.90024,1.07781,5.29432,0.42336,18.483,0.42336,0,0,442.007,0,1.02816,0,0,1.57222,0.544061,1.028160,1,0,39.8922,0,0,0,39.8922,0
71.9481,1.76737,0,0,2.21623,0.262455,0.36288,3.6288,61.308,0.185511,0,0,1.12524,0.153845,0.785883,0.66528,12.849,1,0.314857,0.36288,0,44.8386,4.19235,40.6943,0.84672,12.849,0.84672,3695.15,0,18.483,0.42336,0.528595,1.35161,4.69823,0.973868,5.18121,0.42336,18.483,0.42336,0,0,442.007,0,0.956707,0,0,1.4853,0.528595,1.028160,1,0,46.6613,0,0,0,46.6613,0
71.6573,1.76736,0,0,2.07966,0.240167,0.36288,3.6288,61.308,0.260077,0,0,1.02591,0.147054,0.618774,0.66528,12.849,1,0.315628,0.36288,0,39.3631,3.83103,35.5794,0.84672,12.849,0.84672,3695.15,0,18.483,0.42336,0.528595,1.35202,4.5092,0.93229,5.03417,0.42336,18.483,0.42336,0,0,442.007,0,0.88249,0,0,1.41108,0.528595,1.028160,1,0,41.2323,0,0,0,41.2323,0
71.2114,1.73763,0,0,1.91689,0.26229,0.36288,3.6288,61.308,0.11679,0,0,1.05897,0.20288,0.7393,0.66528,12.849,1,0.311577,0.36288,0,34.5726,4.95156,29.6724,0.84672,12.849,0.84672,3695.15,0,18.483,0.42336,0.528595,1.35244,3.55772,1.12017,3.89522,0.42336,18.483,0.42336,0,0,442.007,0,1.00896,0,0,1.53756,0.528595,1.028160,1,0,34.3069,0,0,0,34.3069,0
70.7915,1.73661,0,0,1.91695,0.237372,0.36288,3.6288,61.308,0.0979355,0,0,1.06272,0.230082,0.734702,0.66528,12.849,1,0.313345,0.36288,0,39.4334,5.27838,34.2045,0.84672,12.849,0.84672,3695.15,0,18.483,0.42336,0.568339,1.33311,3.30287,1.17923,3.60174,0.42336,18.483,0.42336,0,0,442.007,0,1.02816,0,0,1.5965,0.568339,1.028160,1,0,38.541,0,0,0,38.541,0
70.2214,1.73568,0,0,1.72159,0.193122,0.36288,3.6288,61.308,0.136217,0,0,1.17647,0.2165,0.823749,0.66528,12.849,1,0.315034,0.36288,0,34.8505,4.55574,30.3426,0.84672,12.849,0.84672,3695.15,0,18.483,0.42336,0.402797,1.33352,3.10675,1.09607,3.32363,0.42336,18.483,0.42336,0,0,442.007,0,0.990222,0,0,1.39302,0.402797,1.028160,1,0,34.49,0,0,0,34.49,0
69.5637,1.73415,0,0,1.63164,0.192277,0.36288,3.6288,61.308,0.237407,0,0,1.07313,0.2165,0.619224,0.66528,12.849,1,0.317313,0.36288,0,29.7188,4.55574,25.2087,0.84672,12.849,0.84672,3695.15,0,18.483,0.42336,0.402797,1.33393,2.85086,1.09607,3.06816,0.42336,18.483,0.42336,0,0,442.007,0,0.889376,0,0,1.29217,0.402797,1.028160,1,0,28.896,0,0,0,28.896,0
68.7231,1.83138,0,0,1.54084,0.187199,0.36288,3.6288,61.308,0.334934,0,0,0.985202,0.22742,0.422848,0.66528,12.849,1,0.338272,0.36288,0,28.1614,4.74273,23.4433,0.84672,12.849,0.84672,3695.15,0,18.483,0.42336,0.402797,1.33433,2.71729,1.13307,2.89799,0.42336,18.483,0.42336,0,0,442.007,0,0.853131,0,0,1.25593,0.402797,1.028160,1,0,26.7641,0,0,0,26.7641,0
67.731,1.82856,0,0,1.37507,0.175787,0.36288,3.6288,61.308,0.324566,0,0,0.853848,0.25472,0.274562,0.66528,12.849,1,0.341882,0.36288,0,26.2091,5.2102,21.0199,0.84672,12.849,0.84672,3695.15,0,18.483,0.42336,0.402797,1.40383,2.29827,1.22556,2.45598,0.42336,18.483,0.42336,0,0,442.007,0,0.863862,0,0,1.26666,0.402797,1.028160,1,0,23.7504,0,0,0,23.7504,0
66.7065,1.82502,0,0,1.33785,0.174427,0.36288,3.6288,61.308,0.344783,0,0,0.79094,0.25472,0.191437,0.66528,12.849,1,0.346218,0.36288,0,24.3671,5.2102,19.1736,0.84672,12.849,0.84672,3695.15,0,18.483,0.42336,0.30119,1.40426,2.11673,1.22556,2.17326,0.42336,18.483,0.42336,0,0,442.007,0,0.844007,0,0,1.1452,0.30119,1.028160,1,0,21.5383,0,0,0,21.5383,0
65.5359,1.82123,0,0,1.1728,0.159236,0.36288,3.6288,61.308,0.422638,0,0,0.736828,0.264163,0.0500267,0.66528,12.849,1,0.350804,0.36288,0,21.7706,5.31731,16.4654,0.84672,12.849,0.84672,3695.15,0,18.483,0.42336,0.30119,1.40469,2.05368,1.25293,2.08326,0.42336,18.483,0.42336,0,0,442.007,0,0.766515,0,0,1.06771,0.30119,1.028160,1,0,18.5987,0,0,0,18.5987,0
64.3424,1.81665,0,0,1.10958,0.123613,0.36288,3.6288,61.2541,0.474538,0,0,0.708428,0.287772,0,0.66528,12.849,1,0.356173,0.36288,0,19.9011,5.58506,14.3228,0.84672,12.849,0.84672,3695.15,0,18.483,0.42336,0.30119,1.40512,1.97567,1.32134,1.93728,0.42336,18.483,0.42336,0,0,442.007,0,0.714977,0,0,1.01617,0.30119,1.028160,1,0,16.2601,0,0,0,16.2601,0
63.4002,1.79241,0,0,1.3087,0.0956132,0.36288,3.6288,61.308,0.195262,0,0,0.796746,0.320827,0.226776,0.66528,12.849,1,0.35794,0.36288,0,25.9813,6.07257,19.9136,0.84672,12.849,0.84672,3695.15,0,18.483,0.42336,0.404559,1.40554,3.04655,1.4338,2.9995,0.42336,18.483,0.42336,0,0,442.007,0,1.02816,0,0,1.43272,0.404559,1.028160,1,0,23.1399,0,0,0,23.1399,0
62.3668,1.78864,0,0,1.21306,0.0948858,0.36288,3.6288,61.308,0.195635,0,0,0.751948,0.320936,0.235377,0.66528,12.849,1,0.362495,0.36288,0,23.5915,6.07257,17.5193,0.84672,12.849,0.84672,3695.15,0,18.483,0.42336,0.298426,1.42753,3.00859,1.4338,2.87738,0.42336,18.483,0.42336,0,0,442.007,0,1.02816,0,0,1.32659,0.298426,1.028160,1,0,20.6321,0,0,0,20.6321,0
61.3047,1.78431,0,0,1.1791,0.0940881,0.36288,3.6288,61.308,0.279609,0,0,0.710718,0.320936,0.110173,0.66528,12.849,1,0.36761,0.36288,0,21.2059,6.07257,15.1286,0.84672,12.849,0.84672,3695.15,0,18.483,0.42336,0.261274,1.42796,2.9651,1.4338,2.79718,0.42336,18.483,0.42336,0,0,442.007,0,0.944559,0,0,1.20583,0.261274,1.028160,1,0,18.036,0,0,0,18.036,0
60.2145,1.7797,0,0,1.12666,0.0742303,0.36288,3.6288,61.2893,0.36074,0,0,0.680737,0.338706,0,0.66528,12.849,1,0.373011,0.36288,0,19.5119,6.22443,13.2773,0.84672,12.849,0.84672,3695.15,0,18.483,0.42336,0.261274,1.4284,2.89615,1.52375,2.63871,0.42336,18.483,0.42336,0,0,442.007,0,0.863801,0,0,1.12507,0.261274,1.028160,1,0,15.916,0,0,0,15.916,0
59.1513,1.82434,0,0,1.19012,0.0660662,0.36288,3.6288,61.308,0.369981,0,0,0.830335,0.335879,0.105766,0.66528,12.849,1,0.389291,0.36288,0,21.4579,6.01991,15.4116,0.84672,12.849,0.84672,3695.15,0,18.483,0.42336,0.261274,1.42884,2.56179,1.47212,2.35641,0.42336,18.483,0.42336,0,0,442.007,0,0.884866,0,0,1.14614,0.261274,1.028160,1,0,17.8737,0,0,0,17.8737,0
57.9533,1.81925,0,0,1.05441,0.0703416,0.36288,3.6288,61.1501,0.480947,0,0,0.646896,0.323834,0,0.66528,12.849,1,0.395183,0.36288,0,22.9393,5.78109,17.1259,0.84672,12.849,0.84672,3695.15,0,18.483,0.42336,0.261274,1.46367,2.11548,1.3828,2.03426,0.42336,18.483,0.42336,0,0,442.007,0,0.774282,0,0,1.03556,0.261274,1.028160,1,0,19.1602,0,0,0,19.1602,0
56.691,1.81323,0,0,0.983379,0.069529,0.36288,3.6288,60.9388,0.460801,0,0,0.572981,0.32351,0,0.66528,12.849,1,0.402016,0.36288,0,18.1471,5.78109,12.3269,0.84672,12.849,0.84672,3695.15,0,18.483,0.42336,0.227405,1.46411,1.93094,1.3828,1.8163,0.42336,18.483,0.42336,0,0,442.007,0,0.794811,0,0,1.02222,0.227405,1.028160,1,0,14.1432,0,0,0,14.1432,0
55.3474,1.80658,0,0,0.894491,0.068673,0.36288,3.6288,60.5328,0.621162,0,0,0.538208,0.323078,0,0.66528,12.849,1,0.409462,0.36288,0,16.6869,5.78109,10.8592,0.84672,12.849,0.84672,3695.15,0,18.483,0.42336,0.227405,1.46456,1.76723,1.3828,1.65303,0.42336,18.483,0.42336,0,0,442.007,0,0.634833,0,0,0.862237,0.227405,1.028160,1,0,12.5122,0,0,0,12.5122,0
54.0091,1.94228,0,0,1.02641,0.0595482,0.36288,3.6288,60.4325,0.431927,0,0,0.64966,0.318019,0,0.66528,12.849,1,0.450903,0.36288,0,17.4716,5.86479,11.5188,0.84672,12.849,0.84672,3695.15,0,18.483,0.42336,0.227405,1.46501,2.57917,1.43277,2.41545,0.42336,18.483,0.42336,0,0,442.007,0,0.932619,0,0,1.16002,0.227405,1.028160,1,0,13.9343,0,0,0,13.9343,0
52.889,1.93394,0,0,1.23152,0.0547959,0.36288,3.6288,60.3502,0.429086,0,0,0.651849,0.304997,0,0.66528,12.849,1,0.460094,0.36288,0,20.2307,5.61004,14.5235,0.84672,12.849,0.84672,3695.15,0,18.483,0.42336,0.227405,1.58207,2.43754,1.55125,2.2724,0.42336,18.483,0.42336,0,0,442.007,0,0.935876,0,0,1.16328,0.227405,1.028160,1,0,16.7959,0,0,0,16.7959,0
51.5593,1.92679,0,0,1.01413,0.0541733,0.36288,3.6288,60.0708,0.541908,0,0,0.567353,0.304838,0,0.66528,12.849,1,0.468101,0.36288,0,25.1152,5.61004,19.3999,0.84672,12.849,0.84672,3695.15,0,18.483,0.42336,0.204422,1.58255,2.17468,1.55125,1.98704,0.42336,18.483,0.42336,0,0,442.007,0,0.82347,0,0,1.02789,0.204422,1.028160,1,0,21.387,0,0,0,21.387,0
50.347,1.91782,0,0,1.12189,0.0534341,0.36288,3.6288,60.2083,0.337634,0,0,0.779362,0.304296,0,0.66528,12.849,1,0.477936,0.36288,0,21.5326,5.61004,15.8075,0.84672,12.849,0.84672,3695.15,0,18.483,0.42336,0.317425,1.58303,2.59877,1.55125,2.52461,0.42336,18.483,0.42336,0,0,442.007,0,1.02816,0,0,1.34558,0.317425,1.028160,1,0,18.3321,0,0,0,18.3321,0
49.0619,1.90933,0,0,1.04196,0.0548476,0.36288,3.6288,60.2058,0.33805,0,0,0.62642,0.290869,0,0.66528,12.849,1,0.487279,0.36288,0,20.6586,5.24035,15.2938,0.84672,12.849,0.84672,3695.15,0,18.483,0.42336,0.210842,1.58351,2.95258,1.40734,2.91623,0.42336,18.483,0.42336,0,0,442.007,0,1.02816,0,0,1.239,0.210842,1.028160,1,0,18.2101,0,0,0,18.2101,0
47.7103,1.8317,0,0,0.863594,0.0206402,0.36288,3.6288,60.5799,0.272712,0,0,0.91777,0.270937,0,0.66528,12.849,1,0.47971,0.36288,0,12.2398,4.67991,7.44303,0.84672,12.849,0.84672,3695.15,0,18.483,0.42336,1.57381,1.584,3.02016,1.24136,4.51324,0.42336,18.483,0.42336,0,0,442.007,0,1.02816,0,0,2.60197,1.57381,1.028160,1,0,11.9563,0,0,0,11.9563,0
46.2354,1.82165,0,0,0.723626,0.0139981,0.36288,3.6288,60.542,0.273109,0,0,0.509147,0.273972,0,0.66528,12.849,1,0.490593,0.36288,0,11.7844,4.74054,6.9161,0.84672,12.849,0.84672,3695.15,0,18.483,0.42336,0.448528,1.51755,2.1923,1.27366,2.46136,0.42336,18.483,0.42336,0,0,442.007,0,1.02816,0,0,1.47669,0.448528,1.028160,1,0,9.37746,0,0,0,9.37746,0
44.7882,1.81005,0,0,0.754989,0.0292153,0.36288,3.6288,60.4998,0.273505,0,0,0.490152,0.258818,0,0.66528,12.849,1,0.503021,0.36288,0,11.327,4.53291,6.65399,0.84672,12.849,0.84672,3695.15,0,18.483,0.42336,0.403307,1.51801,2.20617,1.20876,2.49537,0.42336,18.483,0.42336,0,0,442.007,0,1.02816,0,0,1.43147,0.403307,1.028160,1,0,9.14936,0,0,0,9.14936,0
44.6976,1.79807,0,0,2.1902,0.119912,0.36288,3.6288,61.2127,0.273902,0,0,1.15501,0.168246,0,0.66528,12.849,1,0.515837,0.36288,0,34.1403,3.28713,30.7002,0.84672,12.849,0.84672,3695.15,0,18.483,0.42336,1.17784,1.51847,5.79447,0.819371,7.24805,0.42336,18.483,0.42336,0,0,442.007,0,1.02816,0,0,2.206,1.17784,1.028160,1,0,37.9482,0,0,0,37.9482,0
43.9994,1.74297,0,0,1.53682,0.129109,0.36288,3.6288,61.308,0.214373,0,0,0.698822,0.16868,0.220427,0.66528,12.849,1,0.501043,0.36288,0,30.0161,3.36943,26.5085,0.84672,12.849,0.84672,3695.15,0,18.483,0.42336,0.787668,1.51894,3.16145,0.784426,4.26027,0.42336,18.483,0.42336,0,0,442.007,0,1.02816,0,0,1.81583,0.787668,1.028160,1,0,30.9892,0,0,0,30.9892,0
43.2039,1.73744,0,0,1.44521,0.140417,0.36288,3.6288,61.308,0.214751,0,0,0.645565,0.168344,0.26247,0.66528,12.849,1,0.507379,0.36288,0,31.4677,3.47917,27.8441,0.84672,12.849,0.84672,3695.15,0,18.483,0.42336,0.37038,1.45985,3.04373,0.737833,3.71277,0.42336,18.483,0.42336,0,0,442.007,0,1.02816,0,0,1.39854,0.37038,1.028160,1,0,31.8193,0,0,0,31.8193,0
43.1599,1.73087,0,0,2.18892,0.139142,0.36288,3.6288,61.308,0.21513,0,0,1.23027,0.168344,0.846793,0.66528,12.849,1,0.514767,0.36288,0,34.4565,3.47917,30.8254,0.84672,12.849,0.84672,3695.15,0,18.483,0.42336,1.53676,1.46029,4.44224,0.737833,6.2781,0.42336,18.483,0.42336,0,0,442.007,0,1.02816,0,0,2.56492,1.53676,1.028160,1,0,37.9503,0,0,0,37.9503,0
42.2736,1.73109,0,0,1.35486,0.147175,0.36288,3.6288,61.308,0.215509,0,0,0.823867,0.171793,0.436565,0.66528,12.849,1,0.515357,0.36288,0,28.6521,3.53717,24.9624,0.84672,12.849,0.84672,3695.15,0,18.483,0.42336,1.05266,1.46074,4.39959,0.751371,5.73826,0.42336,18.483,0.42336,0,0,442.007,0,1.02816,0,0,2.08082,1.05266,1.028160,1,0,31.1372,0,0,0,31.1372,0
43.9149,1.56918,0,0,3.76996,0.196653,0.36288,3.6288,61.308,0.090927,0,0,1.24497,0.195894,0.958151,0.66528,12.849,1,0.47695,0.36288,0,69.4675,3.87497,65.4785,0.84672,12.849,0.84672,3695.15,0,18.483,0.42336,1.23361,1.46118,5.86507,0.868091,7.26841,0.42336,18.483,0.42336,0,0,442.007,0,1.02816,0,0,2.26177,1.23361,1.028160,1,0,73.705,0,0,0,73.705,0
45.2317,1.58355,0,0,3.48113,0.217868,0.36288,3.6288,61.308,0.0912678,0,0,1.38331,0.216323,1.07572,0.66528,12.849,1,0.46333,0.36288,0,43.2422,3.81412,39.3276,0.84672,12.849,0.84672,3695.15,0,18.483,0.42336,1.36429,1.32739,4.20435,1.08102,5.39165,0.42336,18.483,0.42336,0,0,442.007,0,1.02816,0,0,2.39245,1.36429,1.028160,1,0,45.795,0,0,0,45.795,0
47.9146,1.59465,0,0,4.86156,0.221145,0.36288,3.6288,61.308,0.0916087,0,0,1.69636,0.216323,1.38843,0.66528,12.849,1,0.452992,0.36288,0,68.5003,3.81412,64.596,0.84672,12.849,0.84672,3695.15,0,18.483,0.42336,1.7392,1.32779,3.92796,1.08102,5.49057,0.42336,18.483,0.42336,0,0,442.007,0,1.02816,0,0,2.76736,1.7392,1.028160,1,0,71.475,0,0,0,71.475,0
48.5611,1.61524,0,0,2.85239,0.227821,0.36288,3.6288,61.308,0.0919498,0,0,1.13133,0.216323,0.823058,0.66528,12.849,1,0.43315,0.36288,0,57.2196,3.81412,53.3352,0.84672,12.849,0.84672,3695.15,0,18.483,0.42336,1.20186,1.3282,3.4024,1.08102,4.42807,0.42336,18.483,0.42336,0,0,442.007,0,1.02816,0,0,2.23002,1.20186,1.028160,1,0,58.5863,0,0,0,58.5863,0
48.4085,1.62039,0,0,2.06011,0.229429,0.36288,3.6288,61.308,0.180885,0,0,0.651701,0.216323,0.254493,0.66528,12.849,1,0.428748,0.36288,0,32.6326,3.81412,28.7526,0.84672,12.849,0.84672,3695.15,0,18.483,0.42336,0.412474,1.3286,3.41907,1.08102,3.65577,0.42336,18.483,0.42336,0,0,442.007,0,0.939565,0,0,1.35204,0.412474,1.028160,1,0,32.6629,0,0,0,32.6629,0
49.9068,1.68114,0,0,3.75213,0.209768,0.36288,3.6288,61.308,0.128865,0,0,1.70031,0.274653,1.29679,0.66528,12.849,1,0.446222,0.36288,0,74.4499,4.33962,70.027,0.84672,12.849,0.84672,3695.15,0,18.483,0.42336,3.23482,1.32901,10.4061,1.13687,13.4097,0.42336,18.483,0.42336,0,0,442.007,0,1.02816,0,0,4.26298,3.23482,1.028160,1,0,84.7334,0,0,0,84.7334,0
50.8478,1.69239,0,0,3.20573,0.209431,0.36288,3.6288,61.308,0.129206,0,0,2.27723,0.280276,1.86775,0.66528,12.849,1,0.435722,0.36288,0,78.3924,4.26672,74.0529,0.84672,12.849,0.84672,3695.15,0,18.483,0.42336,2.69462,1.37192,8.68648,1.22725,11.1024,0.42336,18.483,0.42336,0,0,442.007,0,1.02816,0,0,3.72278,2.69462,1.028160,1,0,87.0231,0,0,0,87.0231,0
51.8849,1.69943,0,0,3.31772,0.218312,0.36288,3.6288,61.308,0.129546,0,0,2.23443,0.279165,1.82571,0.66528,12.849,1,0.429437,0.36288,0,69.9313,4.28148,65.5833,0.84672,12.849,0.84672,3695.15,0,18.483,0.42336,2.37682,1.37233,7.83639,1.29439,9.86779,0.42336,18.483,0.42336,0,0,442.007,0,1.02816,0,0,3.40498,2.37682,1.028160,1,0,77.2768,0,0,0,77.2768,0
53.1527,1.70691,0,0,3.55826,0.220685,0.36288,3.6288,61.308,0.129887,0,0,1.94319,0.279165,1.53414,0.66528,12.849,1,0.422706,0.36288,0,92.3452,4.28148,88.0039,0.84672,12.849,0.84672,3695.15,0,18.483,0.42336,1.96133,1.37273,8.38287,1.29439,9.99919,0.42336,18.483,0.42336,0,0,442.007,0,1.02816,0,0,2.98949,1.96133,1.028160,1,0,99.5372,0,0,0,99.5372,0
53.9881,1.91623,0,0,3.34573,0.231297,0.36288,3.6288,61.308,0.26643,0,0,1.98056,0.271324,1.44281,0.66528,12.849,1,0.463224,0.36288,0,75.181,4.17924,70.9014,0.84672,12.849,0.84672,3695.15,0,18.483,0.42336,1.96176,1.37313,7.69093,1.19945,9.40301,0.42336,18.483,0.42336,0,0,442.007,0,1.02816,0,0,2.98992,1.96176,1.028160,1,0,81.7472,0,0,0,81.7472,0
54.7835,1.92268,0,0,3.33373,0.252718,0.36288,3.6288,61.308,0.266811,0,0,1.83458,0.251721,1.31605,0.66528,12.849,1,0.457593,0.36288,0,71.9297,3.92364,67.9114,0.84672,12.849,0.84672,3695.15,0,18.483,0.42336,1.42109,1.52545,6.68276,0.962095,8.24385,0.42336,18.483,0.42336,0,0,442.007,0,1.02816,0,0,2.44925,1.42109,1.028160,1,0,77.4713,0,0,0,77.4713,0
55.0092,1.92873,0,0,2.77208,0.254757,0.36288,3.6288,61.308,0.267192,0,0,1.95179,0.251721,1.43288,0.66528,12.849,1,0.452368,0.36288,0,79.8846,3.92364,75.8714,0.84672,12.849,0.84672,3695.15,0,18.483,0.42336,1.63884,1.5259,6.94706,0.962095,8.72635,0.42336,18.483,0.42336,0,0,442.007,0,1.02816,0,0,2.667,1.63884,1.028160,1,0,86.0307,0,0,0,86.0307,0
56.2738,1.93091,0,0,3.81689,0.258508,0.36288,3.6288,61.308,0.267574,0,0,1.96329,0.243825,1.45189,0.66528,12.849,1,0.45102,0.36288,0,80.6795,3.78842,76.8029,0.84672,12.849,0.84672,3695.15,0,18.483,0.42336,1.63057,1.52635,8.39229,0.934378,10.1915,0.42336,18.483,0.42336,0,0,442.007,0,1.02816,0,0,2.65873,1.63057,1.028160,1,0,88.4463,0,0,0,88.4463,0
58.6678,1.65026,0,0,4.69235,0.285223,0.36288,3.6288,61.308,0.0849554,0,0,2.57656,0.19004,2.30156,0.66528,12.849,1,0.376803,0.36288,0,113.308,3.06821,110.225,0.84672,12.849,0.84672,3695.15,0,18.483,0.42336,2.19009,1.52679,13.2897,0.80865,15.7746,0.42336,18.483,0.42336,0,0,442.007,0,1.02816,0,0,3.21825,2.19009,1.028160,1,0,128.302,0,0,0,128.302,0
61.9354,1.66346,0,0,5.57468,0.280738,0.36288,3.6288,61.308,0.085283,0,0,2.8223,0.190377,2.54664,0.66528,12.849,1,0.364319,0.36288,0,153.91,3.42663,150.482,0.84672,12.849,0.84672,3695.15,0,18.483,0.42336,2.5723,1.3192,14.668,0.902038,17.2341,0.42336,18.483,0.42336,0,0,442.007,0,1.02816,0,0,3.60046,2.5723,1.028160,1,0,170.263,0,0,0,170.263,0
64.1838,1.67998,0,0,4.57135,0.28005,0.36288,3.6288,61.308,0.0856107,0,0,2.611,0.196924,2.32847,0.66528,12.849,1,0.348525,0.36288,0,117.308,3.47886,113.843,0.84672,12.849,0.84672,3695.15,0,18.483,0.42336,2.00976,1.31959,12.1999,0.898816,14.2071,0.42336,18.483,0.42336,0,0,442.007,0,1.02816,0,0,3.03792,2.00976,1.028160,1,0,130.379,0,0,0,130.379,0
65.9982,1.69075,0,0,4.15323,0.285236,0.36288,3.6288,61.308,0.0859385,0,0,2.31473,0.196924,2.03187,0.66528,12.849,1,0.338473,0.36288,0,105.116,3.47886,101.662,0.84672,12.849,0.84672,3695.15,0,18.483,0.42336,2.30323,1.31998,11.4195,0.898816,13.7205,0.42336,18.483,0.42336,0,0,442.007,0,1.02816,0,0,3.33139,2.30323,1.028160,1,0,117.414,0,0,0,117.414,0
69.7554,1.69914,0,0,6.10861,0.28942,0.36288,3.6288,61.308,0.0862664,0,0,2.82792,0.196924,2.54473,0.66528,12.849,1,0.330802,0.36288,0,142.875,3.47886,139.429,0.84672,12.849,0.84672,3695.15,0,18.483,0.42336,2.67988,1.32037,16.097,0.898816,18.7751,0.42336,18.483,0.42336,0,0,442.007,0,1.02816,0,0,3.70804,2.67988,1.028160,1,0,160.748,0,0,0,160.748,0
72.2388,1.79052,0,0,4.91279,0.275952,0.36288,3.6288,61.308,0.131429,0,0,2.29249,0.203176,1.95788,0.66528,12.849,1,0.329815,0.36288,0,157.099,4.04613,153.086,0.84672,12.849,0.84672,3695.15,0,18.483,0.42336,2.06587,1.32076,9.46382,0.845159,11.5819,0.42336,18.483,0.42336,0,0,442.007,0,1.02816,0,0,3.09403,2.06587,1.028160,1,0,166.626,0,0,0,166.626,0
72.29,1.80078,0,0,3.95666,0.277494,1.8272,3.6288,61.308,0.13177,0,0,1.96728,0.204218,1.63129,0.66528,12.849,1,0.320302,1.8272,0,108.765,4.14068,106.131,0.84672,12.849,0.84672,3695.15,0,18.483,0.42336,1.726,1.37259,7.6794,0.836216,9.51842,0.42336,18.483,0.42336,0,0,442.007,0,1.02816,0,0,2.75416,1.726,1.028160,1,0,117.281,0,0,0,117.281,0
72.29,1.80161,0,0,3.32199,0.275758,1.24463,3.6288,61.308,0.132111,0,0,1.68821,0.164923,1.39118,0.66528,12.849,1,0.320222,1.24463,0,85.5982,3.50538,83.0172,0.84672,12.849,0.84672,3695.15,0,18.483,0.42336,1.45507,1.37299,6.68123,0.838968,8.24696,0.42336,18.483,0.42336,0,0,442.007,0,1.02816,0,0,2.48323,1.45507,1.028160,1,0,92.6554,0,0,0,92.6554,0
72.29,1.80224,0,0,2.97406,0.249421,0.922396,3.6288,61.308,0.132453,0,0,1.54173,0.176833,1.23244,0.66528,12.849,1,0.320335,0.922396,0,71.5547,3.60801,68.5488,0.84672,12.849,0.84672,3695.15,0,18.483,0.42336,1.26654,1.37339,5.81361,0.93987,7.09031,0.42336,18.483,0.42336,0,0,442.007,0,1.02816,0,0,2.2947,1.26654,1.028160,1,0,76.8716,0,0,0,76.8716,0
72.29,1.77308,0,0,3.19757,0.233609,1.19088,3.6288,61.308,0.11536,0,0,1.80297,0.204957,1.48265,0.66528,12.849,1,0.315151,1.19088,0,76.4813,3.94263,73.4144,0.84672,12.849,0.84672,3695.15,0,18.483,0.42336,1.61285,1.3738,5.98174,0.98297,7.56205,0.42336,18.483,0.42336,0,0,442.007,0,1.02816,0,0,2.64101,1.61285,1.028160,1,0,82.4591,0,0,0,82.4591,0
72.29,1.7737,0,0,2.84404,0.22175,0.848583,3.6288,61.308,0.115697,0,0,1.61209,0.226049,1.27034,0.66528,12.849,1,0.315263,0.848583,0,70.9819,4.19359,67.3216,0.84672,12.849,0.84672,3695.15,0,18.483,0.42336,1.43923,1.35416,5.04978,1.01529,6.40451,0.42336,18.483,0.42336,0,0,442.007,0,1.02816,0,0,2.46739,1.43923,1.028160,1,0,74.9965,0,0,0,74.9965,0
72.29,1.77433,0,0,2.40246,0.22175,0.406374,3.6288,61.308,0.116033,0,0,1.48529,0.226049,1.1432,0.66528,12.849,1,0.315374,0.406374,0,62.2266,4.19359,58.124,0.84672,12.849,0.84672,3695.15,0,18.483,0.42336,1.18561,1.35455,4.59698,1.01529,5.69849,0.42336,18.483,0.42336,0,0,442.007,0,1.02816,0,0,2.21377,1.18561,1.028160,1,0,64.9657,0,0,0,64.9657,0
72.1236,1.77496,0,0,2.19314,0.22175,0.36288,3.6288,61.308,0.11637,0,0,1.27851,0.226049,0.936093,0.66528,12.849,1,0.315486,0.36288,0,61.6308,4.19359,57.4846,0.84672,12.849,0.84672,3695.15,0,18.483,0.42336,0.687632,1.35495,4.69294,1.01529,5.29687,0.42336,18.483,0.42336,0,0,442.007,0,1.02816,0,0,1.71579,0.687632,1.028160,1,0,63.7176,0,0,0,63.7176,0
72.29,1.87621,0,0,2.72326,0.187045,0.493553,3.6288,61.308,0.178604,0,0,1.52797,0.243761,1.1056,0.66528,12.849,1,0.334253,0.493553,0,65.2225,4.41816,60.9636,0.84672,12.849,0.84672,3695.15,0,18.483,0.42336,0.808704,1.35535,4.74754,1.07158,5.41665,0.42336,18.483,0.42336,0,0,442.007,0,1.02816,0,0,1.83686,0.808704,1.028160,1,0,67.4859,0,0,0,67.4859,0
71.8174,1.87753,0,0,1.93194,0.164166,0.36288,3.6288,61.308,0.178959,0,0,1.23463,0.265212,0.790459,0.66528,12.849,1,0.333716,0.36288,0,42.5969,4.66221,37.9639,0.84672,12.849,0.84672,3695.15,0,18.483,0.42336,0.69031,1.42593,3.88095,1.16978,4.40404,0.42336,18.483,0.42336,0,0,442.007,0,1.02816,0,0,1.71847,0.69031,1.028160,1,0,43.1584,0,0,0,43.1584,0
71.228,1.87632,0,0,1.81338,0.163577,0.36288,3.6288,61.308,0.179314,0,0,1.15843,0.265212,0.713899,0.66528,12.849,1,0.335696,0.36288,0,40.2625,4.66221,35.6275,0.84672,12.849,0.84672,3695.15,0,18.483,0.42336,0.547932,1.42634,3.59224,1.16978,3.97337,0.42336,18.483,0.42336,0,0,442.007,0,1.02816,0,0,1.57609,0.547932,1.028160,1,0,40.3147,0,0,0,40.3147,0
70.4887,1.87462,0,0,1.6611,0.162843,0.36288,3.6288,61.308,0.179669,0,0,1.05963,0.265212,0.614745,0.66528,12.849,1,0.338168,0.36288,0,36.1269,4.66221,31.4895,0.84672,12.849,0.84672,3695.15,0,18.483,0.42336,0.392774,1.42676,3.43122,1.16978,3.65761,0.42336,18.483,0.42336,0,0,442.007,0,1.02816,0,0,1.42093,0.392774,1.028160,1,0,35.7618,0,0,0,35.7618,0
69.6773,1.87228,0,0,1.5431,0.119324,0.36288,3.6288,61.308,0.180024,0,0,1.01441,0.293543,0.540847,0.66528,12.849,1,0.341288,0.36288,0,31.9643,4.98351,27.0024,0.84672,12.849,0.84672,3695.15,0,18.483,0.42336,0.343639,1.42718,3.27624,1.25188,3.37183,0.42336,18.483,0.42336,0,0,442.007,0,1.02816,0,0,1.3718,0.343639,1.028160,1,0,30.915,0,0,0,30.915,0
69.5563,1.84963,0,0,2.19538,0.103949,0.36288,3.6288,61.308,0.214449,0,0,0.979949,0.267845,0.497654,0.66528,12.849,1,0.341085,0.36288,0,35.1915,4.71342,30.4999,0.84672,12.849,0.84672,3695.15,0,18.483,0.42336,0.549124,1.4276,3.29729,1.24898,3.60168,0.42336,18.483,0.42336,0,0,442.007,0,1.02816,0,0,1.57728,0.549124,1.028160,1,0,34.5992,0,0,0,34.5992,0
69.4186,1.84978,0,0,2.17763,0.10259,0.36288,3.6288,61.308,0.214815,0,0,0.925837,0.262775,0.448246,0.66528,12.849,1,0.341707,0.36288,0,35.5121,4.65948,30.8738,0.84672,12.849,0.84672,3695.15,0,18.483,0.42336,0.491184,1.44992,3.47979,1.24621,3.75131,0.42336,18.483,0.42336,0,0,442.007,0,1.02816,0,0,1.51934,0.491184,1.028160,1,0,35.0734,0,0,0,35.0734,0
69.0863,1.84986,0,0,1.98289,0.102481,0.36288,3.6288,61.308,0.21518,0,0,0.916471,0.262775,0.438515,0.66528,12.849,1,0.342398,0.36288,0,35.2375,4.65948,30.5986,0.84672,12.849,0.84672,3695.15,0,18.483,0.42336,0.49337,1.45034,3.34912,1.24621,3.62326,0.42336,18.483,0.42336,0,0,442.007,0,1.02816,0,0,1.52153,0.49337,1.028160,1,0,34.6603,0,0,0,34.6603,0
68.5662,1.84912,0,0,1.79406,0.102217,0.36288,3.6288,61.308,0.215546,0,0,0.850513,0.262775,0.372192,0.66528,12.849,1,0.343908,0.36288,0,31.6437,4.65948,27.0031,0.84672,12.849,0.84672,3695.15,0,18.483,0.42336,0.304638,1.45077,3.21211,1.24621,3.29794,0.42336,18.483,0.42336,0,0,442.007,0,1.02816,0,0,1.3328,0.304638,1.028160,1,0,30.6733,0,0,0,30.6733,0
67.9718,1.89901,0,0,1.75358,0.0860682,0.36288,3.6288,61.308,0.246311,0,0,0.818804,0.312924,0.25957,0.66528,12.849,1,0.355866,0.36288,0,30.0172,5.48311,24.5411,0.84672,12.849,0.84672,3695.15,0,18.483,0.42336,0.332588,1.4512,3.11472,1.48598,2.98916,0.42336,18.483,0.42336,0,0,442.007,0,1.02816,0,0,1.36075,0.332588,1.028160,1,0,27.7898,0,0,0,27.7898,0
67.4044,1.89705,0,0,1.78955,0.0970129,0.36288,3.6288,61.308,0.246686,0,0,0.817007,0.303004,0.267317,0.66528,12.849,1,0.358608,0.36288,0,28.2675,5.59324,22.6785,0.84672,12.849,0.84672,3695.15,0,18.483,0.42336,0.387901,1.48656,3.17197,1.44502,3.17805,0.42336,18.483,0.42336,0,0,442.007,0,1.02816,0,0,1.41606,0.387901,1.028160,1,0,26.1239,0,0,0,26.1239,0
66.6337,1.89518,0,0,1.58398,0.0965811,0.36288,3.6288,61.308,0.24706,0,0,0.766843,0.303004,0.216779,0.66528,12.849,1,0.361269,0.36288,0,26.684,5.59324,21.0924,0.84672,12.849,0.84672,3695.15,0,18.483,0.42336,0.315567,1.48699,3.17374,1.44502,3.10792,0.42336,18.483,0.42336,0,0,442.007,0,1.02816,0,0,1.34373,0.315567,1.028160,1,0,24.4171,0,0,0,24.4171,0
65.7307,1.89234,0,0,1.4482,0.0959946,0.36288,3.6288,61.308,0.264923,0,0,0.740759,0.303004,0.172832,0.66528,12.849,1,0.3649,0.36288,0,25.0594,5.59324,19.4641,0.84672,12.849,0.84672,3695.15,0,18.483,0.42336,0.227405,1.48743,3.02391,1.44502,2.87036,0.42336,18.483,0.42336,0,0,442.007,0,1.01067,0,0,1.23808,0.227405,1.028160,1,0,22.5073,0,0,0,22.5073,0
64.4923,2.0386,0,0,1.24273,0.0797209,0.36288,3.6288,61.308,0.387275,0,0,0.737726,0.309366,0.0410849,0.66528,12.849,1,0.398504,0.36288,0,23.9033,5.85255,18.0151,0.84672,12.849,0.84672,3695.15,0,18.483,0.42336,0.227405,1.48787,3.00469,1.46029,2.83631,0.42336,18.483,0.42336,0,0,442.007,0,0.998551,0,0,1.22596,0.227405,1.028160,1,0,20.8925,0,0,0,20.8925,0
62.9352,2.03292,0,0,0.96228,0.123557,0.36288,3.6288,61.1947,0.414078,0,0,0.607135,0.306309,0,0.66528,12.849,1,0.405025,0.36288,0,17.9327,5.44792,12.4426,0.84672,12.849,0.84672,3695.15,0,18.483,0.42336,0.227405,1.60674,2.62351,1.50892,2.52537,0.42336,18.483,0.42336,0,0,442.007,0,0.972155,0,0,1.19956,0.227405,1.028160,1,0,14.968,0,0,0,14.968,0
61.4702,2.02529,0,0,1.04522,0.122006,0.36288,3.6288,61.1204,0.382569,0,0,0.614334,0.30609,0,0.66528,12.849,1,0.413489,0.36288,0,17.1389,5.44792,11.6404,0.84672,12.849,0.84672,3695.15,0,18.483,0.42336,0.204422,1.60721,2.78657,1.50892,2.66592,0.42336,18.483,0.42336,0,0,442.007,0,1.00407,0,0,1.20849,0.204422,1.028160,1,0,14.3063,0,0,0,14.3063,0
60.5694,2.01784,0,0,1.61441,0.134563,0.36288,3.6288,61.1978,0.358888,0,0,0.738953,0.302731,0,0.66528,12.849,1,0.421785,0.36288,0,27.682,5.35887,22.2642,0.84672,12.849,0.84672,3695.15,0,18.483,0.42336,0.420483,1.60768,2.9449,1.498,3.05171,0.42336,18.483,0.42336,0,0,442.007,0,1.02816,0,0,1.44864,0.420483,1.028160,1,0,25.3159,0,0,0,25.3159,0
60.2433,2.01336,0,0,2.19103,0.140898,0.36288,3.6288,61.308,0.359296,0,0,0.934226,0.293924,0.170765,0.66528,12.849,1,0.427108,0.36288,0,33.8159,5.43108,28.3206,0.84672,12.849,0.84672,3695.15,0,18.483,0.42336,0.460339,1.60816,3.18056,1.48086,3.34484,0.42336,18.483,0.42336,0,0,442.007,0,1.02816,0,0,1.4885,0.460339,1.028160,1,0,31.8362,0,0,0,31.8362,0
59.4018,1.94011,0,0,1.62848,0.166945,0.36288,3.6288,61.1621,0.476441,0,0,0.592316,0.261795,0,0.66528,12.849,1,0.413796,0.36288,0,29.0947,4.66653,24.3772,0.84672,12.849,0.84672,3695.15,0,18.483,0.42336,0.204422,1.60863,2.88523,1.25185,3.02307,0.42336,18.483,0.42336,0,0,442.007,0,0.844646,0,0,1.04907,0.204422,1.028160,1,0,27.4003,0,0,0,27.4003,0
58.9262,1.93596,0,0,2.01399,0.190716,0.36288,3.6288,61.308,0.293315,0,0,0.936325,0.246378,0.250712,0.66528,12.849,1,0.41876,0.36288,0,30.6395,4.24704,26.3366,0.84672,12.849,0.84672,3695.15,0,18.483,0.42336,0.547577,1.54113,4.61212,1.15047,5.127,0.42336,18.483,0.42336,0,0,442.007,0,1.02816,0,0,1.57574,0.547577,1.028160,1,0,31.7143,0,0,0,31.7143,0
58.4355,1.93385,0,0,1.99586,0.189843,0.36288,3.6288,61.308,0.293703,0,0,1.09155,0.246606,0.551243,0.66528,12.849,1,0.421681,0.36288,0,29.9886,4.24704,25.6827,0.84672,12.849,0.84672,3695.15,0,18.483,0.42336,0.803071,1.54158,4.66518,1.15047,5.43601,0.42336,18.483,0.42336,0,0,442.007,0,1.02816,0,0,1.83123,0.803071,1.028160,1,0,31.67,0,0,0,31.67,0
57.7107,1.93162,0,0,1.75859,0.188943,0.36288,3.6288,61.308,0.294092,0,0,0.9666,0.246606,0.425902,0.66528,12.849,1,0.424731,0.36288,0,25.727,4.24704,21.4181,0.84672,12.849,0.84672,3695.15,0,18.483,0.42336,0.674715,1.54204,4.06801,1.15047,4.71094,0.42336,18.483,0.42336,0,0,442.007,0,1.02816,0,0,1.70287,0.674715,1.028160,1,0,26.5549,0,0,0,26.5549,0
57.5602,1.86918,0,0,2.26726,0.185633,0.36288,3.6288,61.308,0.233626,0,0,1.12684,0.233865,0.659345,0.66528,12.849,1,0.416163,0.36288,0,35.1142,4.26546,30.7954,0.84672,12.849,0.84672,3695.15,0,18.483,0.42336,0.897921,1.54249,5.68425,1.09336,6.60794,0.42336,18.483,0.42336,0,0,442.007,0,1.02816,0,0,1.92608,0.897921,1.028160,1,0,38.0627,0,0,0,38.0627,0
56.9848,1.86894,0,0,1.81129,0.154886,0.36288,3.6288,61.308,0.257635,0,0,0.822675,0.205076,0.359963,0.66528,12.849,1,0.417198,0.36288,0,25.4945,4.28231,21.1579,0.84672,12.849,0.84672,3695.15,0,18.483,0.42336,0.216518,1.48247,5.43386,0.913399,5.79609,0.42336,18.483,0.42336,0,0,442.007,0,1.00452,0,0,1.22104,0.216518,1.028160,1,0,27.3139,0,0,0,27.3139,0
56.7342,1.86615,0,0,2.21701,0.238627,0.36288,3.6288,61.1027,0.605723,0,0,0.595248,0.194862,0,0.66528,12.849,1,0.420782,0.36288,0,32.7295,4.37965,28.292,0.84672,12.849,0.84672,3695.15,0,18.483,0.42336,0.292723,1.4829,4.92794,1.03741,5.24279,0.42336,18.483,0.42336,0,0,442.007,0,0.656804,0,0,0.949527,0.292723,1.028160,1,0,33.5348,0,0,0,33.5348,0
56.5508,1.86528,0,0,2.28283,0.238038,0.36288,3.6288,61.308,0.234738,0,0,0.868181,0.194609,0.233498,0.66528,12.849,1,0.422444,0.36288,0,33.2071,4.37965,28.7679,0.84672,12.849,0.84672,3695.15,0,18.483,0.42336,0.848448,1.48334,6.78088,1.03741,7.65189,0.42336,18.483,0.42336,0,0,442.007,0,1.02816,0,0,1.87661,0.848448,1.028160,1,0,36.6533,0,0,0,36.6533,0
60.65,1.69839,0,0,6.39813,0.237607,0.36288,3.6288,61.308,0.108218,0,0,2.59942,0.194862,2.29634,0.66528,12.849,1,0.385895,0.36288,0,102.854,4.37965,98.4515,0.84672,12.849,0.84672,3695.15,0,18.483,0.42336,2.78057,1.48377,14.0769,1.03741,16.8805,0.42336,18.483,0.42336,0,0,442.007,0,1.02816,0,0,3.80873,2.78057,1.028160,1,0,117.628,0,0,0,117.628,0
60.9512,1.72052,0,0,2.60902,0.224427,0.36288,3.6288,61.308,0.108551,0,0,1.20526,0.20214,0.894571,0.66528,12.849,1,0.364501,0.36288,0,38.8328,2.92108,35.9101,0.84672,12.849,0.84672,3695.15,0,18.483,0.42336,1.29247,1.3479,4.76306,0.638464,6.3416,0.42336,18.483,0.42336,0,0,442.007,0,1.02816,0,0,2.32063,1.29247,1.028160,1,0,43.1463,0,0,0,43.1463,0
62.8076,1.72262,0,0,4.22525,0.283414,0.36288,3.6288,61.308,0.108885,0,0,1.33878,0.197772,1.03212,0.66528,12.849,1,0.363142,0.36288,0,50.0558,3.93785,46.1176,0.84672,12.849,0.84672,3695.15,0,18.483,0.42336,1.71134,1.34829,8.18479,0.979484,9.84158,0.42336,18.483,0.42336,0,0,442.007,0,1.02816,0,0,2.7395,1.71134,1.028160,1,0,56.9913,0,0,0,56.9913,0
65.1985,1.73214,0,0,4.76389,0.277968,0.36288,3.6288,61.308,0.109219,0,0,1.39578,0.193801,1.09276,0.66528,12.849,1,0.354357,0.36288,0,66.3227,3.84184,62.4894,0.84672,12.849,0.84672,3695.15,0,18.483,0.42336,1.55041,1.34869,10.4177,1.00095,11.8925,0.42336,18.483,0.42336,0,0,442.007,0,1.02816,0,0,2.57857,1.55041,1.028160,1,0,75.4746,0,0,0,75.4746,0
68.0809,1.74361,0,0,5.27236,0.283401,0.36288,3.6288,61.308,0.109553,0,0,1.60701,0.193801,1.30365,0.66528,12.849,1,0.343623,0.36288,0,92.1223,3.84184,88.2997,0.84672,12.849,0.84672,3695.15,0,18.483,0.42336,1.40311,1.34909,10.5697,1.00095,11.8976,0.42336,18.483,0.42336,0,0,442.007,0,1.02816,0,0,2.43127,1.40311,1.028160,1,0,101.501,0,0,0,101.501,0
71.2399,1.82264,0,0,5.6315,0.287055,0.36288,3.6288,61.308,0.146678,0,0,1.29662,0.183521,0.966424,0.66528,12.849,1,0.343989,0.36288,0,100.319,3.49343,96.8445,0.84672,12.849,0.84672,3695.15,0,18.483,0.42336,1.61572,1.34948,10.0818,0.905869,11.7178,0.42336,18.483,0.42336,0,0,442.007,0,1.02816,0,0,2.64388,1.61572,1.028160,1,0,109.529,0,0,0,109.529,0
72.29,1.83619,0,0,4.72881,0.291936,1.55056,3.6288,61.308,0.147011,0,0,1.35046,0.17581,1.02764,0.66528,12.849,1,0.331179,1.55056,0,84.5847,3.23211,82.572,0.84672,12.849,0.84672,3695.15,0,18.483,0.42336,3.05042,1.39304,11.3953,0.834559,14.5808,0.42336,18.483,0.42336,0,0,442.007,0,1.02816,0,0,4.07858,3.05042,1.028160,1,0,98.1805,0,0,0,98.1805,0
72.29,1.84089,0,0,6.80355,0.2995,4.66316,3.6288,61.308,0.147344,0,0,1.93361,0.173334,1.61293,0.66528,12.849,1,0.327205,4.66316,0,108.951,3.26892,110.018,0.84672,12.849,0.84672,3695.15,0,18.483,0.42336,3.49705,1.39344,13.9147,0.826427,17.5554,0.42336,18.483,0.42336,0,0,442.007,0,1.02816,0,0,4.52521,3.49705,1.028160,1,0,129.187,0,0,0,129.187,0
72.29,1.84152,0,0,8.52414,0.330818,6.3518,3.6288,61.308,0.147677,0,0,2.71674,0.158473,2.41059,0.66528,12.849,1,0.327316,6.3518,0,171.977,3.48978,174.512,0.84672,12.849,0.84672,3695.15,0,18.483,0.42336,6.71098,1.39383,14.3764,0.777637,21.2803,0.42336,18.483,0.42336,0,0,442.007,0,1.02816,0,0,7.73914,6.71098,1.028160,1,0,198.203,0,0,0,198.203,0
72.29,2.05688,0,0,8.02751,0.326078,5.64455,3.6288,61.308,0.286303,0,0,2.3042,0.161452,1.85645,0.66528,12.849,1,0.365595,5.64455,0,200.447,3.50867,202.217,0.84672,12.849,0.84672,3695.15,0,18.483,0.42336,4.33115,1.39423,17.0648,0.798787,21.568,0.42336,18.483,0.42336,0,0,442.007,0,1.02816,0,0,5.35931,4.33115,1.028160,1,0,225.642,0,0,0,225.642,0
72.29,2.05757,0,0,9.39177,0.297637,7.03656,3.6288,61.308,0.286675,0,0,2.86704,0.179324,2.40104,0.66528,12.849,1,0.365717,7.03656,0,194.511,3.62197,197.559,0.84672,12.849,0.84672,3695.15,0,18.483,0.42336,6.96524,1.54886,19.272,0.925687,26.4371,0.42336,18.483,0.42336,0,0,442.007,0,1.02816,0,0,7.9934,6.96524,1.028160,1,0,226.398,0,0,0,226.398,0
72.29,2.05825,0,0,7.1731,0.297637,4.81721,3.6288,61.308,0.287048,0,0,1.86738,0.179324,1.40101,0.66528,12.849,1,0.365838,4.81721,0,135.729,3.62197,136.559,0.84672,12.849,0.84672,3695.15,0,18.483,0.42336,2.89656,1.5493,11.8219,0.925687,14.9187,0.42336,18.483,0.42336,0,0,442.007,0,1.02816,0,0,3.92472,2.89656,1.028160,1,0,152.878,0,0,0,152.878,0
72.29,2.05894,0,0,6.03505,0.292752,3.68336,3.6288,61.308,0.287421,0,0,1.65255,0.186087,1.17904,0.66528,12.849,1,0.36596,3.68336,0,99.7963,3.63501,99.4787,0.84672,12.849,0.84672,3695.15,0,18.483,0.42336,2.18405,1.54974,9.90144,0.937153,12.2747,0.42336,18.483,0.42336,0,0,442.007,0,1.02816,0,0,3.21221,2.18405,1.028160,1,0,112.932,0,0,0,112.932,0
72.29,1.75299,0,0,7.16694,0.270976,5.14298,3.6288,61.308,0.101993,0,0,2.14677,0.227681,1.8171,0.66528,12.849,1,0.31158,5.14298,0,118.617,3.76209,119.686,0.84672,12.849,0.84672,3695.15,0,18.483,0.42336,3.54501,1.55018,19.437,1.00981,23.099,0.42336,18.483,0.42336,0,0,442.007,0,1.02816,0,0,4.57317,3.54501,1.028160,1,0,144.602,0,0,0,144.602,0
72.29,1.75358,0,0,4.42399,0.316214,2.35419,3.6288,61.308,0.102313,0,0,1.27707,0.233773,0.940984,0.66528,12.849,1,0.311686,2.35419,0,118.422,4.05531,116.409,0.84672,12.849,0.84672,3695.15,0,18.483,0.42336,1.84973,1.33939,9.19745,1.03298,10.9302,0.42336,18.483,0.42336,0,0,442.007,0,1.02816,0,0,2.87789,1.84973,1.028160,1,0,128.28,0,0,0,128.28,0
72.29,1.75418,0,0,5.04827,0.316214,2.97787,3.6288,61.308,0.102633,0,0,1.9392,0.233773,1.60279,0.66528,12.849,1,0.311793,2.97787,0,102.238,4.05531,100.849,0.84672,12.849,0.84672,3695.15,0,18.483,0.42336,2.94407,1.33977,12.4591,1.03298,15.2866,0.42336,18.483,0.42336,0,0,442.007,0,1.02816,0,0,3.97223,2.94407,1.028160,1,0,117.738,0,0,0,117.738,0
72.29,1.75478,0,0,4.65744,0.316214,2.58644,3.6288,61.308,0.102954,0,0,1.81989,0.233773,1.48316,0.66528,12.849,1,0.311899,2.58644,0,123.577,4.05531,121.796,0.84672,12.849,0.84672,3695.15,0,18.483,0.42336,2.55131,1.34015,11.3381,1.03298,13.7732,0.42336,18.483,0.42336,0,0,442.007,0,1.02816,0,0,3.57947,2.55131,1.028160,1,0,137.053,0,0,0,137.053,0
72.29,1.75538,0,0,4.99192,0.248245,2.98829,3.6288,61.308,0.103274,0,0,2.64115,0.197675,2.3402,0.66528,12.849,1,0.312006,2.98829,0,112.761,3.53214,111.905,0.84672,12.849,0.84672,3695.15,0,18.483,0.42336,3.64878,1.34053,13.7237,0.95783,17.3318,0.42336,18.483,0.42336,0,0,442.007,0,1.02816,0,0,4.67694,3.64878,1.028160,1,0,131.577,0,0,0,131.577,0
72.29,1.83327,0,0,5.18722,0.303846,3.0501,3.6288,61.308,0.149113,0,0,2.56507,0.223143,2.19281,0.66528,12.849,1,0.325851,3.0501,0,108.858,4.42714,107.155,0.84672,12.849,0.84672,3695.15,0,18.483,0.42336,3.6065,1.34091,13.9439,1.10219,17.3658,0.42336,18.483,0.42336,0,0,442.007,0,1.02816,0,0,4.63466,3.6065,1.028160,1,0,126.714,0,0,0,126.714,0
72.29,1.8339,0,0,3.49288,0.321434,1.33756,3.6288,61.308,0.149446,0,0,1.62588,0.209258,1.26717,0.66528,12.849,1,0.325961,1.33756,0,96.6652,4.39645,93.2803,0.84672,12.849,0.84672,3695.15,0,18.483,0.42336,2.28532,1.39352,10.5335,1.07844,12.7106,0.42336,18.483,0.42336,0,0,442.007,0,1.02816,0,0,3.31348,2.28532,1.028160,1,0,107.258,0,0,0,107.258,0
72.29,1.83452,0,0,4.12134,0.321434,1.96539,3.6288,61.308,0.14978,0,0,2.15781,0.209258,1.79878,0.66528,12.849,1,0.326071,1.96539,0,128.096,4.39645,125.339,0.84672,12.849,0.84672,3695.15,0,18.483,0.42336,3.06183,1.39391,11.3945,1.07844,14.3485,0.42336,18.483,0.42336,0,0,442.007,0,1.02816,0,0,4.08999,3.06183,1.028160,1,0,141.486,0,0,0,141.486,0
72.29,1.83514,0,0,4.60159,0.321434,2.44501,3.6288,61.308,0.150114,0,0,2.33357,0.209258,1.9742,0.66528,12.849,1,0.326182,2.44501,0,87.6753,4.39645,85.3976,0.84672,12.849,0.84672,3695.15,0,18.483,0.42336,4.1937,1.39431,11.5307,1.07844,15.6169,0.42336,18.483,0.42336,0,0,442.007,0,1.02816,0,0,5.22186,4.1937,1.028160,1,0,102.989,0,0,0,102.989,0
72.29,1.8055,0,0,3.46668,0.249175,1.412,3.6288,61.308,0.132748,0,0,1.38354,0.231643,1.01915,0.66528,12.849,1,0.320915,1.412,0,70.3124,4.75187,66.6516,0.84672,12.849,0.84672,3695.15,0,18.483,0.42336,2.53565,1.3947,9.52283,1.1013,11.9285,0.42336,18.483,0.42336,0,0,442.007,0,1.02816,0,0,3.56381,2.53565,1.028160,1,0,79.5993,0,0,0,79.5993,0
72.29,1.80612,0,0,3.27195,0.251143,1.21469,3.6288,61.308,0.133077,0,0,1.58773,0.215712,1.23894,0.66528,12.849,1,0.321024,1.21469,0,77.3133,4.82213,73.3849,0.84672,12.849,0.84672,3695.15,0,18.483,0.42336,2.7406,1.37475,9.28826,1.10767,11.8726,0.42336,18.483,0.42336,0,0,442.007,0,1.02816,0,0,3.76876,2.7406,1.028160,1,0,86.4964,0,0,0,86.4964,0
72.29,1.80673,0,0,3.10575,0.251143,1.04788,3.6288,61.308,0.133406,0,0,1.40489,0.215712,1.05577,0.66528,12.849,1,0.321133,1.04788,0,66.1608,4.82213,62.0654,0.84672,12.849,0.84672,3695.15,0,18.483,0.42336,2.43915,1.37514,8.60259,1.10767,10.8858,0.42336,18.483,0.42336,0,0,442.007,0,1.02816,0,0,3.46731,2.43915,1.028160,1,0,74.007,0,0,0,74.007,0
72.29,1.80734,0,0,2.86408,0.259419,0.79732,3.6288,61.308,0.133735,0,0,1.35176,0.195305,1.02272,0.66528,12.849,1,0.321242,0.79732,0,63.8012,4.65463,59.6227,0.84672,12.849,0.84672,3695.15,0,18.483,0.42336,2.29673,1.37553,8.39385,1.05936,10.5834,0.42336,18.483,0.42336,0,0,442.007,0,1.02816,0,0,3.32489,2.29673,1.028160,1,0,71.2288,0,0,0,71.2288,0
72.29,1.91077,0,0,2.62489,0.26427,0.449849,3.6288,61.308,0.1969,0,0,1.46167,0.149917,1.11485,0.66528,12.849,1,0.339626,0.449849,0,61.9696,4.31148,57.7684,0.84672,12.849,0.84672,3695.15,0,18.483,0.42336,2.90884,1.37591,9.00107,0.95377,11.9087,0.42336,18.483,0.42336,0,0,442.007,0,1.02816,0,0,3.937,2.90884,1.028160,1,0,70.7919,0,0,0,70.7919,0
72.29,1.91142,0,0,2.63428,0.20735,0.515509,3.6288,61.308,0.197247,0,0,1.16568,0.213969,0.754468,0.66528,12.849,1,0.33974,0.515509,0,57.5539,4.51286,53.2168,0.84672,12.849,0.84672,3695.15,0,18.483,0.42336,2.08348,1.44754,7.18511,1.14873,9.14405,0.42336,18.483,0.42336,0,0,442.007,0,1.02816,0,0,3.11164,2.08348,1.028160,1,0,63.1153,0,0,0,63.1153,0
72.1795,1.91206,0,0,2.31762,0.153138,0.36288,3.6288,61.308,0.197594,0,0,0.993263,0.212499,0.583171,0.66528,12.849,1,0.339854,0.36288,0,49.705,4.48004,45.248,0.84672,12.849,0.84672,3695.15,0,18.483,0.42336,2.08415,1.44795,6.61133,1.09689,8.62318,0.42336,18.483,0.42336,0,0,442.007,0,1.02816,0,0,3.11231,2.08415,1.028160,1,0,54.4543,0,0,0,54.4543,0
72.001,1.91226,0,0,2.24961,0.153009,0.36288,3.6288,61.308,0.197941,0,0,1.05483,0.212499,0.644392,0.66528,12.849,1,0.34041,0.36288,0,47.3763,4.48004,42.9188,0.84672,12.849,0.84672,3695.15,0,18.483,0.42336,2.04847,1.44836,7.03296,1.09689,9.00954,0.42336,18.483,0.42336,0,0,442.007,0,1.02816,0,0,3.07663,2.04847,1.028160,1,0,52.5727,0,0,0,52.5727,0
71.7073,1.91219,0,0,2.1342,0.152802,0.36288,3.6288,61.308,0.198288,0,0,1.02503,0.212499,0.614246,0.66528,12.849,1,0.341241,0.36288,0,44.4973,4.48004,40.0389,0.84672,12.849,0.84672,3695.15,0,18.483,0.42336,1.91749,1.44877,6.50246,1.09689,8.34848,0.42336,18.483,0.42336,0,0,442.007,0,1.02816,0,0,2.94565,1.91749,1.028160,1,0,49.0016,0,0,0,49.0016,0
71.7831,1.89131,0,0,2.45913,0.129221,0.36288,3.6288,61.308,0.23322,0,0,0.990533,0.190631,0.566682,0.66528,12.849,1,0.338897,0.36288,0,47.5502,4.46076,43.1135,0.84672,12.849,0.84672,3695.15,0,18.483,0.42336,2.03481,1.44918,7.52561,1.02562,9.56062,0.42336,18.483,0.42336,0,0,442.007,0,1.02816,0,0,3.06297,2.03481,1.028160,1,0,53.2408,0,0,0,53.2408,0
71.8194,1.89225,0,0,2.41143,0.119994,0.36288,3.6288,61.308,0.233577,0,0,0.93795,0.181884,0.522489,0.66528,12.849,1,0.338708,0.36288,0,48.6492,4.45305,44.2203,0.84672,12.849,0.84672,3695.15,0,18.483,0.42336,1.77106,1.47182,7.5562,0.997118,9.3786,0.42336,18.483,0.42336,0,0,442.007,0,1.02816,0,0,2.79922,1.77106,1.028160,1,0,54.1214,0,0,0,54.1214,0
71.6609,1.89303,0,0,2.20803,0.11054,0.36288,3.6288,61.308,0.233934,0,0,0.892702,0.203822,0.454946,0.66528,12.849,1,0.338677,0.36288,0,42.9024,4.73535,38.1913,0.84672,12.849,0.84672,3695.15,0,18.483,0.42336,1.6562,1.47224,7.3383,1.10016,8.94321,0.42336,18.483,0.42336,0,0,442.007,0,1.02816,0,0,2.68436,1.6562,1.028160,1,0,47.5895,0,0,0,47.5895,0
71.4029,1.89303,0,0,2.08456,0.086718,0.36288,3.6288,61.308,0.234291,0,0,0.833095,0.258667,0.340136,0.66528,12.849,1,0.339426,0.36288,0,38.1584,5.4411,32.7407,0.84672,12.849,0.84672,3695.15,0,18.483,0.42336,1.60927,1.47265,6.99978,1.35777,8.30057,0.42336,18.483,0.42336,0,0,442.007,0,1.02816,0,0,2.63743,1.60927,1.028160,1,0,41.3814,0,0,0,41.3814,0
70.9799,1.94517,0,0,1.97033,0.0852397,0.36288,3.6288,61.308,0.265506,0,0,0.762869,0.261662,0.235701,0.66528,12.849,1,0.350036,0.36288,0,37.5489,5.51541,32.0464,0.84672,12.849,0.84672,3695.15,0,18.483,0.42336,1.54784,1.47307,6.43082,1.36941,7.65896,0.42336,18.483,0.42336,0,0,442.007,0,1.02816,0,0,2.576,1.54784,1.028160,1,0,39.941,0,0,0,39.941,0
70.7174,1.94406,0,0,2.12615,0.0817055,0.36288,3.6288,61.308,0.265872,0,0,0.693766,0.269149,0.158745,0.66528,12.849,1,0.35192,0.36288,0,36.6713,5.70119,30.981,0.84672,12.849,0.84672,3695.15,0,18.483,0.42336,1.46462,1.50895,5.6817,1.3985,6.8334,0.42336,18.483,0.42336,0,0,442.007,0,1.02816,0,0,2.49278,1.46462,1.028160,1,0,37.9732,0,0,0,37.9732,0
70.2418,1.94361,0,0,1.91243,0.0815411,0.36288,3.6288,61.308,0.266238,0,0,0.65073,0.269149,0.115343,0.66528,12.849,1,0.353143,0.36288,0,34.5608,5.70119,28.8693,0.84672,12.849,0.84672,3695.15,0,18.483,0.42336,1.38497,1.50937,5.80027,1.3985,6.87274,0.42336,18.483,0.42336,0,0,442.007,0,1.02816,0,0,2.41313,1.38497,1.028160,1,0,35.8574,0,0,0,35.8574,0
69.5959,1.94223,0,0,1.74039,0.0812433,0.36288,3.6288,61.308,0.266604,0,0,0.624257,0.269149,0.0885039,0.66528,12.849,1,0.355284,0.36288,0,32.4614,5.70119,26.7678,0.84672,12.849,0.84672,3695.15,0,18.483,0.42336,1.157,1.5098,5.39233,1.3985,6.23727,0.42336,18.483,0.42336,0,0,442.007,0,1.02816,0,0,2.18516,1.157,1.028160,1,0,33.0936,0,0,0,33.0936,0
68.5798,2.09354,0,0,1.50599,0.0656041,0.36288,3.6288,61.275,0.378476,0,0,0.621648,0.276215,0,0.66528,12.849,1,0.386516,0.36288,0,30.9717,5.943,25.0051,0.84672,12.849,0.84672,3695.15,0,18.483,0.42336,1.13305,1.51023,5.4643,1.42855,6.25567,0.42336,18.483,0.42336,0,0,442.007,0,1.02816,0,0,2.16121,1.13305,1.028160,1,0,31.2608,0,0,0,31.2608,0
68.0141,2.08941,0,0,1.95153,0.0649936,0.36288,3.6288,61.1885,0.378874,0,0,0.595097,0.302698,0,0.66528,12.849,1,0.391468,0.36288,0,34.9002,6.06222,28.8093,0.84672,12.849,0.84672,3695.15,0,18.483,0.42336,1.2464,1.63087,5.73586,1.45384,6.73593,0.42336,18.483,0.42336,0,0,442.007,0,1.02816,0,0,2.27456,1.2464,1.028160,1,0,35.5453,0,0,0,35.5453,0
67.7989,2.08736,0,0,2.29272,0.0576098,0.36288,3.6288,61.2083,0.379272,0,0,0.711028,0.31197,0,0.66528,12.849,1,0.394338,0.36288,0,43.1199,6.18922,36.8992,0.84672,12.849,0.84672,3695.15,0,18.483,0.42336,1.79102,1.63133,5.94208,1.49773,7.44334,0.42336,18.483,0.42336,0,0,442.007,0,1.02816,0,0,2.81918,1.79102,1.028160,1,0,44.3426,0,0,0,44.3426,0
67.1094,2.087,0,0,1.81789,0.0575126,0.36288,3.6288,61.0503,0.37967,0,0,0.533682,0.312009,0,0.66528,12.849,1,0.39552,0.36288,0,47.3474,6.18922,41.1255,0.84672,12.849,0.84672,3695.15,0,18.483,0.42336,1.08918,1.63179,4.77106,1.49773,5.57094,0.42336,18.483,0.42336,0,0,442.007,0,1.02816,0,0,2.11734,1.08918,1.028160,1,0,46.6964,0,0,0,46.6964,0
66.8146,2.08428,0,0,2.20956,0.0572011,0.36288,3.6288,61.2165,0.380069,0,0,0.858017,0.311697,0,0.66528,12.849,1,0.399063,0.36288,0,41.2725,6.18922,35.0471,0.84672,12.849,0.84672,3695.15,0,18.483,0.42336,2.48231,1.63225,6.87442,1.49773,9.06789,0.42336,18.483,0.42336,0,0,442.007,0,1.02816,0,0,3.51047,2.48231,1.028160,1,0,44.115,0,0,0,44.115,0
66.1891,2.00909,0,0,1.78762,0.0411767,0.36288,3.6288,61.1816,0.312692,0,0,0.61121,0.333434,0,0.66528,12.849,1,0.386364,0.36288,0,33.6565,6.07672,27.5563,0.84672,12.849,0.84672,3695.15,0,18.483,0.42336,1.71223,1.63271,6.94526,1.57795,8.2889,0.42336,18.483,0.42336,0,0,442.007,0,1.02816,0,0,2.74039,1.71223,1.028160,1,0,35.8452,0,0,0,35.8452,0
65.6296,2.0067,0,0,1.87723,0.067133,0.36288,3.6288,61.2236,0.313071,0,0,0.676858,0.321832,0,0.66528,12.849,1,0.389552,0.36288,0,23.7639,5.77149,17.9657,0.84672,12.849,0.84672,3695.15,0,18.483,0.42336,1.98698,1.56419,6.92804,1.56226,8.49359,0.42336,18.483,0.42336,0,0,442.007,0,1.02816,0,0,3.01514,1.98698,1.028160,1,0,26.4593,0,0,0,26.4593,0
65.8099,2.00459,0,0,2.64292,0.0952221,0.36288,3.6288,61.308,0.31345,0,0,0.73459,0.301226,0.0354763,0.66528,12.849,1,0.392459,0.36288,0,26.524,5.60585,20.8886,0.84672,12.849,0.84672,3695.15,0,18.483,0.42336,2.3826,1.56463,6.17348,1.50536,8.19199,0.42336,18.483,0.42336,0,0,442.007,0,1.02816,0,0,3.41076,2.3826,1.028160,1,0,29.1161,0,0,0,29.1161,0
66.974,2.00616,0,0,3.62858,0.0953592,0.36288,3.6288,61.308,0.31383,0,0,1.18816,0.301387,0.572939,0.66528,12.849,1,0.39169,0.36288,0,50.957,5.60585,45.3223,0.84672,12.849,0.84672,3695.15,0,18.483,0.42336,4.60144,1.56507,10.9547,1.50536,15.1925,0.42336,18.483,0.42336,0,0,442.007,0,1.02816,0,0,5.6296,4.60144,1.028160,1,0,61.0878,0,0,0,61.0878,0
67.355,1.95137,0,0,2.82157,0.1264,0.36288,3.6288,61.308,0.252447,0,0,0.819101,0.280874,0.28578,0.66528,12.849,1,0.374372,0.36288,0,55.1696,5.40743,49.7507,0.84672,12.849,0.84672,3695.15,0,18.483,0.42336,2.72922,1.56552,6.76445,1.44501,9.19082,0.42336,18.483,0.42336,0,0,442.007,0,1.02816,0,0,3.75738,2.72922,1.028160,1,0,59.2273,0,0,0,59.2273,0
67.6302,1.9538,0,0,2.77914,0.187259,0.36288,3.6288,61.308,0.252809,0,0,1.01726,0.197497,0.566953,0.66528,12.849,1,0.372718,0.36288,0,40.1717,4.30794,35.8539,0.84672,12.849,0.84672,3695.15,0,18.483,0.42336,1.47202,1.50458,8.09056,1.04206,9.60175,0.42336,18.483,0.42336,0,0,442.007,0,1.02816,0,0,2.50018,1.47202,1.028160,1,0,46.0226,0,0,0,46.0226,0
69.532,1.95573,0,0,4.40814,0.187665,0.36288,3.6288,61.308,0.253171,0,0,2.12968,0.197497,1.67901,0.66528,12.849,1,0.371568,0.36288,0,54.6572,4.30794,50.3406,0.84672,12.849,0.84672,3695.15,0,18.483,0.42336,3.25595,1.505,13.0267,1.04206,16.3222,0.42336,18.483,0.42336,0,0,442.007,0,1.02816,0,0,4.28411,3.25595,1.028160,1,0,68.3419,0,0,0,68.3419,0
69.8459,1.96497,0,0,2.83217,0.190473,0.36288,3.6288,61.308,0.253534,0,0,1.58789,0.197497,1.13686,0.66528,12.849,1,0.363111,0.36288,0,37.5922,4.30794,33.284,0.84672,12.849,0.84672,3695.15,0,18.483,0.42336,2.68775,1.50543,12.8527,1.04206,15.5805,0.42336,18.483,0.42336,0,0,442.007,0,1.02816,0,0,3.71591,2.68775,1.028160,1,0,50.0014,0,0,0,50.0014,0
72.29,1.79193,0,0,5.54363,0.2642,1.04336,3.6288,61.308,0.125118,0,0,1.82081,0.221641,1.47405,0.66528,12.849,1,0.329648,1.04336,0,94.8491,4.71387,90.8489,0.84672,12.849,0.84672,3695.15,0,18.483,0.42336,2.90218,1.50586,16.2786,1.13683,19.1265,0.42336,18.483,0.42336,0,0,442.007,0,1.02816,0,0,3.93034,2.90218,1.028160,1,0,111.449,0,0,0,111.449,0
72.29,1.80201,0,0,5.02037,0.282125,2.93623,3.6288,61.308,0.125444,0,0,1.16158,0.224249,0.811883,0.66528,12.849,1,0.320293,2.93623,0,58.2694,4.2618,56.6235,0.84672,12.849,0.84672,3695.15,0,18.483,0.42336,1.10316,1.36794,10.3866,1.08187,11.3525,0.42336,18.483,0.42336,0,0,442.007,0,1.02816,0,0,2.13132,1.10316,1.028160,1,0,68.7878,0,0,0,68.7878,0
72.29,1.80262,0,0,4.67771,0.284281,2.59081,3.6288,61.308,0.12577,0,0,2.75341,0.224684,2.40296,0.66528,12.849,1,0.320402,2.59081,0,90.1319,4.18646,88.2158,0.84672,12.849,0.84672,3695.15,0,18.483,0.42336,3.36944,1.36833,13.7357,1.07271,16.9774,0.42336,18.483,0.42336,0,0,442.007,0,1.02816,0,0,4.3976,3.36944,1.028160,1,0,107.596,0,0,0,107.596,0
72.29,1.80323,0,0,5.33285,0.284281,3.24534,3.6288,61.308,0.126096,0,0,2.24467,0.224684,1.89389,0.66528,12.849,1,0.320511,3.24534,0,95.5505,4.18646,94.2888,0.84672,12.849,0.84672,3695.15,0,18.483,0.42336,2.78771,1.36872,12.2666,1.07271,14.9269,0.42336,18.483,0.42336,0,0,442.007,0,1.02816,0,0,3.81587,2.78771,1.028160,1,0,111.11,0,0,0,111.11,0
72.29,1.80384,0,0,6.1144,0.262031,4.04853,3.6288,61.308,0.126423,0,0,1.30042,0.215791,0.95821,0.66528,12.849,1,0.320619,4.04853,0,67.0481,3.73105,67.045,0.84672,12.849,0.84672,3695.15,0,18.483,0.42336,1.67286,1.36911,9.43773,0.997226,11.0591,0.42336,18.483,0.42336,0,0,442.007,0,1.02816,0,0,2.70102,1.67286,1.028160,1,0,79.0623,0,0,0,79.0623,0
72.29,1.87223,0,0,5.22621,0.257701,3.09627,3.6288,61.308,0.164085,0,0,2.45448,0.227127,2.06327,0.66528,12.849,1,0.332775,3.09627,0,97.6352,4.25654,96.1422,0.84672,12.849,0.84672,3695.15,0,18.483,0.42336,2.53852,1.36949,11.2736,1.15832,13.5999,0.42336,18.483,0.42336,0,0,442.007,0,1.02816,0,0,3.56668,2.53852,1.028160,1,0,111.805,0,0,0,111.805,0
72.29,1.87284,0,0,5.87682,0.256873,3.74711,3.6288,61.308,0.16441,0,0,2.40916,0.244217,2.00053,0.66528,12.849,1,0.332883,3.74711,0,130.829,5.05838,129.184,0.84672,12.849,0.84672,3695.15,0,18.483,0.42336,4.08656,1.41368,15.0535,1.38989,18.7405,0.42336,18.483,0.42336,0,0,442.007,0,1.02816,0,0,5.11472,4.08656,1.028160,1,0,149.925,0,0,0,149.925,0
72.29,1.87345,0,0,13.3505,0.256873,11.2202,3.6288,61.308,0.164735,0,0,4.05682,0.244217,3.64787,0.66528,12.849,1,0.332991,11.2202,0,319.776,5.05838,325.605,0.84672,12.849,0.84672,3695.15,0,18.483,0.42336,4.85794,1.41407,27.0357,1.38989,31.4944,0.42336,18.483,0.42336,0,0,442.007,0,1.02816,0,0,5.8861,4.85794,1.028160,1,0,360.747,0,0,0,360.747,0
72.29,1.87406,0,0,7.93791,0.256873,5.80699,3.6288,61.308,0.16506,0,0,2.80822,0.244217,2.39894,0.66528,12.849,1,0.333099,5.80699,0,268.032,5.05838,268.447,0.84672,12.849,0.84672,3695.15,0,18.483,0.42336,3.37599,1.41445,19.7949,1.38989,22.7721,0.42336,18.483,0.42336,0,0,442.007,0,1.02816,0,0,4.40415,3.37599,1.028160,1,0,293.618,0,0,0,293.618,0
72.29,2.09258,0,0,5.07953,0.251025,2.73593,3.6288,61.308,0.305721,0,0,1.63117,0.230541,1.09491,0.66528,12.849,1,0.37194,2.73593,0,126.205,4.94321,123.626,0.84672,12.849,0.84672,3695.15,0,18.483,0.42336,2.26093,1.41484,10.9257,1.31927,12.8589,0.42336,18.483,0.42336,0,0,442.007,0,1.02816,0,0,3.28909,2.26093,1.028160,1,0,137.58,0,0,0,137.58,0
72.29,2.09324,0,0,6.93794,0.245537,4.59916,3.6288,61.308,0.306084,0,0,2.57611,0.13526,2.13477,0.66528,12.849,1,0.372058,4.59916,0,189.127,3.99011,189.364,0.84672,12.849,0.84672,3695.15,0,18.483,0.42336,2.9036,1.57174,16.6455,0.929518,19.7679,0.42336,18.483,0.42336,0,0,442.007,0,1.02816,0,0,3.93176,2.9036,1.028160,1,0,211.267,0,0,0,211.267,0
72.29,2.09391,0,0,5.44406,0.287445,3.06271,3.6288,61.308,0.306448,0,0,2.21142,0.187697,1.71727,0.66528,12.849,1,0.372177,3.06271,0,148.147,4.37269,146.465,0.84672,12.849,0.84672,3695.15,0,18.483,0.42336,2.31329,1.57217,13.9339,1.06306,16.3329,0.42336,18.483,0.42336,0,0,442.007,0,1.02816,0,0,3.34145,2.31329,1.028160,1,0,164.516,0,0,0,164.516,0
72.29,2.09458,0,0,5.99561,0.29443,3.6066,3.6288,61.308,0.306811,0,0,2.71017,0.196436,2.20692,0.66528,12.849,1,0.372296,3.6066,0,156.028,4.43646,154.826,0.84672,12.849,0.84672,3695.15,0,18.483,0.42336,2.96781,1.5726,15.7251,1.08531,18.7569,0.42336,18.483,0.42336,0,0,442.007,0,1.02816,0,0,3.99597,2.96781,1.028160,1,0,175.79,0,0,0,175.79,0
72.29,1.7841,0,0,4.53273,0.29443,2.4542,3.6288,61.308,0.118638,0,0,2.07701,0.196436,1.76194,0.66528,12.849,1,0.31711,2.4542,0,116.108,4.43646,113.808,0.84672,12.849,0.84672,3695.15,0,18.483,0.42336,2.18207,1.57303,12.2553,1.08531,14.5017,0.42336,18.483,0.42336,0,0,442.007,0,1.02816,0,0,3.21023,2.18207,1.028160,1,0,130.072,0,0,0,130.072,0
72.29,1.78468,0,0,5.35594,0.310168,3.26109,3.6288,61.308,0.11895,0,0,1.84333,0.153572,1.5708,0.66528,12.849,1,0.317214,3.26109,0,302.061,3.57504,301.43,0.84672,12.849,0.84672,3695.15,0,18.483,0.42336,2.3167,1.35912,15.7772,0.91069,18.1189,0.42336,18.483,0.42336,0,0,442.007,0,1.02816,0,0,3.34486,2.3167,1.028160,1,0,321.12,0,0,0,321.12,0
72.29,1.78527,0,0,5.94564,0.310168,3.85021,3.6288,61.308,0.119263,0,0,1.35499,0.153572,1.08215,0.66528,12.849,1,0.317318,3.85021,0,229.866,3.57504,229.824,0.84672,12.849,0.84672,3695.15,0,18.483,0.42336,3.02135,1.35949,16.5056,0.91069,19.5524,0.42336,18.483,0.42336,0,0,442.007,0,1.02816,0,0,4.04951,3.02135,1.028160,1,0,250.459,0,0,0,250.459,0
72.29,1.78585,0,0,10.8782,0.310168,8.78217,3.6288,61.308,0.119575,0,0,2.93407,0.153572,2.66093,0.66528,12.849,1,0.317421,8.78217,0,250.942,3.57504,255.832,0.84672,12.849,0.84672,3695.15,0,18.483,0.42336,4.39905,1.35986,24.2082,0.91069,28.633,0.42336,18.483,0.42336,0,0,442.007,0,1.02816,0,0,5.42721,4.39905,1.028160,1,0,287.126,0,0,0,287.126,0
72.29,1.78644,0,0,6.65021,0.311765,4.55201,3.6288,61.308,0.119888,0,0,1.45022,0.0854441,1.24489,0.66528,12.849,1,0.317525,4.55201,0,226.073,3.26247,227.045,0.84672,12.849,0.84672,3695.15,0,18.483,0.42336,2.20382,1.36023,16.0655,0.798042,18.4081,0.42336,18.483,0.42336,0,0,442.007,0,1.02816,0,0,3.23198,2.20382,1.028160,1,0,246.698,0,0,0,246.698,0
72.29,1.86545,0,0,6.9267,0.326809,4.73444,3.6288,61.308,0.166387,0,0,2.04676,0.110342,1.77003,0.66528,12.849,1,0.331569,4.73444,0,246.371,2.81809,247.956,0.84672,12.849,0.84672,3695.15,0,18.483,0.42336,2.81778,1.3606,21.4087,0.707616,24.4561,0.42336,18.483,0.42336,0,0,442.007,0,1.02816,0,0,3.84594,2.81778,1.028160,1,0,274.182,0,0,0,274.182,0
72.29,1.86605,0,0,7.11349,0.308298,4.93914,3.6288,61.308,0.166712,0,0,2.72828,0.130882,2.43068,0.66528,12.849,1,0.331677,4.93914,0,194.549,2.82149,196.335,0.84672,12.849,0.84672,3695.15,0,18.483,0.42336,3.48776,1.41397,19.5602,0.711672,23.3269,0.42336,18.483,0.42336,0,0,442.007,0,1.02816,0,0,4.51592,3.48776,1.028160,1,0,222.092,0,0,0,222.092,0
72.29,1.86666,0,0,4.99169,0.29646,2.82857,3.6288,61.308,0.167037,0,0,1.9638,0.128222,1.66854,0.66528,12.849,1,0.331785,2.82857,0,159.062,2.94053,158.619,0.84672,12.849,0.84672,3695.15,0,18.483,0.42336,2.82526,1.41435,14.8255,0.73479,17.9069,0.42336,18.483,0.42336,0,0,442.007,0,1.02816,0,0,3.85342,2.82526,1.028160,1,0,178.194,0,0,0,178.194,0
72.29,1.86727,0,0,4.41391,0.29646,2.25018,3.6288,61.308,0.167363,0,0,2.10394,0.128222,1.80836,0.66528,12.849,1,0.331892,2.25018,0,137.558,2.94053,136.536,0.84672,12.849,0.84672,3695.15,0,18.483,0.42336,2.58774,1.41474,14.5155,0.73479,17.3598,0.42336,18.483,0.42336,0,0,442.007,0,1.02816,0,0,3.6159,2.58774,1.028160,1,0,155.704,0,0,0,155.704,0
72.29,1.83717,0,0,4.26248,0.284781,2.14053,3.6288,61.308,0.149731,0,0,2.08019,0.153698,1.77676,0.66528,12.849,1,0.326544,2.14053,0,131.966,3.29202,130.488,0.84672,12.849,0.84672,3695.15,0,18.483,0.42336,2.39371,1.41512,17.9457,0.813708,20.5175,0.42336,18.483,0.42336,0,0,442.007,0,1.02816,0,0,3.42187,2.39371,1.028160,1,0,152.782,0,0,0,152.782,0
72.29,1.83777,0,0,4.26755,0.250352,2.17942,3.6288,61.308,0.150052,0,0,1.66199,0.212702,1.29924,0.66528,12.849,1,0.32665,2.17942,0,121.825,4.35446,119.323,0.84672,12.849,0.84672,3695.15,0,18.483,0.42336,1.75423,1.39486,12.4998,1.03521,14.1904,0.42336,18.483,0.42336,0,0,442.007,0,1.02816,0,0,2.78239,1.75423,1.028160,1,0,134.813,0,0,0,134.813,0
72.29,1.83837,0,0,4.05668,0.250352,1.96796,3.6288,61.308,0.150372,0,0,1.51966,0.212702,1.15659,0.66528,12.849,1,0.326757,1.96796,0,109.711,4.35446,106.997,0.84672,12.849,0.84672,3695.15,0,18.483,0.42336,1.26688,1.39524,11.2735,1.03521,12.477,0.42336,18.483,0.42336,0,0,442.007,0,1.02816,0,0,2.29504,1.26688,1.028160,1,0,120.631,0,0,0,120.631,0
72.29,1.83897,0,0,3.73193,0.250352,1.64261,3.6288,61.308,0.150693,0,0,1.42312,0.212702,1.05972,0.66528,12.849,1,0.326863,1.64261,0,100.719,4.35446,97.6804,0.84672,12.849,0.84672,3695.15,0,18.483,0.42336,1.15157,1.39562,9.65615,1.03521,10.7448,0.42336,18.483,0.42336,0,0,442.007,0,1.02816,0,0,2.17973,1.15157,1.028160,1,0,109.485,0,0,0,109.485,0
72.29,1.94388,0,0,3.43275,0.216318,1.27255,3.6288,61.308,0.214767,0,0,1.329,0.240515,0.873723,0.66528,12.849,1,0.345511,1.27255,0,88.9626,4.62623,85.2634,0.84672,12.849,0.84672,3695.15,0,18.483,0.42336,1.08941,1.396,9.41829,1.0361,10.4442,0.42336,18.483,0.42336,0,0,442.007,0,1.02816,0,0,2.11757,1.08941,1.028160,1,0,96.5814,0,0,0,96.5814,0
72.29,1.94451,0,0,3.36589,0.191222,1.23016,3.6288,61.308,0.215105,0,0,1.27678,0.178761,0.882918,0.66528,12.849,1,0.345622,1.23016,0,79.5701,3.69378,76.7608,0.84672,12.849,0.84672,3695.15,0,18.483,0.42336,1.35104,1.46866,9.62997,0.902678,11.1236,0.42336,18.483,0.42336,0,0,442.007,0,1.02816,0,0,2.3792,1.35104,1.028160,1,0,88.7674,0,0,0,88.7674,0
72.29,1.94514,0,0,3.17192,0.185466,1.04131,3.6288,61.308,0.215444,0,0,1.21649,0.16873,0.832321,0.66528,12.849,1,0.345734,1.04131,0,73.783,3.58606,70.8925,0.84672,12.849,0.84672,3695.15,0,18.483,0.42336,1.12282,1.46906,9.03528,0.891779,10.312,0.42336,18.483,0.42336,0,0,442.007,0,1.02816,0,0,2.15098,1.12282,1.028160,1,0,82.0369,0,0,0,82.0369,0
72.29,1.94577,0,0,3.00395,0.143367,0.914814,3.6288,61.308,0.215782,0,0,1.14596,0.228711,0.701465,0.66528,12.849,1,0.345845,0.914814,0,68.288,4.40099,64.456,0.84672,12.849,0.84672,3695.15,0,18.483,0.42336,0.831868,1.46946,7.63906,1.10999,8.40702,0.42336,18.483,0.42336,0,0,442.007,0,1.02816,0,0,1.86003,0.831868,1.028160,1,0,73.5644,0,0,0,73.5644,0
72.29,1.94639,0,0,2.78967,0.111793,0.73148,3.6288,61.308,0.216121,0,0,1.08094,0.273696,0.591125,0.66528,12.849,1,0.345957,0.73148,0,64.0293,5.01218,59.4027,0.84672,12.849,0.84672,3695.15,0,18.483,0.42336,0.736733,1.46986,7.2754,1.27366,7.78497,0.42336,18.483,0.42336,0,0,442.007,0,1.02816,0,0,1.76489,0.736733,1.028160,1,0,67.7788,0,0,0,67.7788,0
72.29,1.92636,0,0,2.72223,0.121389,0.674479,3.6288,61.308,0.251546,0,0,0.951886,0.268711,0.431629,0.66528,12.849,1,0.342396,0.674479,0,59.5938,5.19181,54.7341,0.84672,12.849,0.84672,3695.15,0,18.483,0.42336,0.597681,1.47026,6.25457,1.24695,6.65219,0.42336,18.483,0.42336,0,0,442.007,0,1.02816,0,0,1.62584,0.597681,1.028160,1,0,61.8179,0,0,0,61.8179,0
72.29,1.92699,0,0,2.67292,0.128586,0.617351,3.6288,61.308,0.251895,0,0,0.878861,0.264971,0.361995,0.66528,12.849,1,0.342507,0.617351,0,56.1738,5.32654,51.1221,0.84672,12.849,0.84672,3695.15,0,18.483,0.42336,0.501587,1.4932,5.27918,1.22692,5.62369,0.42336,18.483,0.42336,0,0,442.007,0,1.02816,0,0,1.52975,0.501587,1.028160,1,0,57.1078,0,0,0,57.1078,0
72.29,1.92761,0,0,2.53854,0.128586,0.482351,3.6288,61.308,0.252243,0,0,0.858229,0.264971,0.341014,0.66528,12.849,1,0.342618,0.482351,0,54.9372,5.32654,49.7504,0.84672,12.849,0.84672,3695.15,0,18.483,0.42336,0.437365,1.49361,5.00945,1.22692,5.29014,0.42336,18.483,0.42336,0,0,442.007,0,1.02816,0,0,1.46553,0.437365,1.028160,1,0,55.3815,0,0,0,55.3815,0
72.29,1.92823,0,0,2.40759,0.106631,0.372727,3.6288,61.308,0.252592,0,0,0.814596,0.300046,0.261959,0.66528,12.849,1,0.342728,0.372727,0,52.2868,5.87313,46.4436,0.84672,12.849,0.84672,3695.15,0,18.483,0.42336,0.424146,1.49402,4.8067,1.40159,4.89991,0.42336,18.483,0.42336,0,0,442.007,0,1.02816,0,0,1.45231,0.424146,1.028160,1,0,51.6055,0,0,0,51.6055,0
72.0134,1.98226,0,0,2.17627,0.107761,0.36288,3.6288,61.308,0.284245,0,0,0.763996,0.296488,0.183264,0.66528,12.849,1,0.352331,0.36288,0,48.5416,6.0969,42.4552,0.84672,12.849,0.84672,3695.15,0,18.483,0.42336,0.375235,1.49442,4.57079,1.42853,4.58856,0.42336,18.483,0.42336,0,0,442.007,0,1.02816,0,0,1.4034,0.375235,1.028160,1,0,47.2271,0,0,0,47.2271,0
71.4016,1.98175,0,0,1.83359,0.100755,0.36288,3.6288,61.1209,0.536812,0,0,0.667945,0.318188,0,0.66528,12.849,1,0.353593,0.36288,0,43.1312,6.00474,37.1358,0.84672,12.849,0.84672,3695.15,0,18.483,0.42336,0.261274,1.5308,3.69247,1.47599,3.58519,0.42336,18.483,0.42336,0,0,442.007,0,0.77595,0,0,1.03722,0.261274,1.028160,1,0,40.721,0,0,0,40.721,0
70.6964,1.97981,0,0,1.73779,0.100286,0.36288,3.6288,60.9985,0.402204,0,0,0.597567,0.317812,0,0.66528,12.849,1,0.356275,0.36288,0,38.1103,6.00474,32.1122,0.84672,12.849,0.84672,3695.15,0,18.483,0.42336,0.227405,1.53122,3.85668,1.47599,3.71595,0.42336,18.483,0.42336,0,0,442.007,0,0.910915,0,0,1.13832,0.227405,1.028160,1,0,35.8282,0,0,0,35.8282,0
69.8808,1.97744,0,0,1.62452,0.0997461,0.36288,3.6288,60.7333,0.500504,0,0,0.552887,0.317566,0,0.66528,12.849,1,0.359398,0.36288,0,36.2373,6.00474,30.236,0.84672,12.849,0.84672,3695.15,0,18.483,0.42336,0.227405,1.53164,3.38409,1.47599,3.24378,0.42336,18.483,0.42336,0,0,442.007,0,0.812972,0,0,1.04038,0.227405,1.028160,1,0,33.4798,0,0,0,33.4798,0
68.8912,2.13029,0,0,1.60269,0.0991213,0.36288,3.6288,60.4706,0.543863,0,0,0.598178,0.317032,0,0.66528,12.849,1,0.391696,0.36288,0,33.6245,6.00474,27.591,0.84672,12.849,0.84672,3695.15,0,18.483,0.42336,0.227405,1.53205,3.82703,1.47599,3.68713,0.42336,18.483,0.42336,0,0,442.007,0,0.883086,0,0,1.11049,0.227405,1.028160,1,0,31.2781,0,0,0,31.2781,0
67.8612,2.12622,0,0,1.54657,0.0874698,0.36288,3.6288,59.9378,0.705889,0,0,0.464064,0.290996,0,0.66528,12.849,1,0.396564,0.36288,0,28.4219,5.80487,22.5833,0.84672,12.849,0.84672,3695.15,0,18.483,0.42336,0.227405,1.65442,3.34977,1.52194,3.28629,0.42336,18.483,0.42336,0,0,442.007,0,0.721449,0,0,0.948853,0.227405,1.028160,1,0,25.8696,0,0,0,25.8696,0
66.9356,2.12183,0,0,1.65477,0.0957059,0.36288,3.6288,59.6219,0.545253,0,0,0.502053,0.272653,0,0.66528,12.849,1,0.401753,0.36288,0,32.351,5.51555,26.7966,0.84672,12.849,0.84672,3695.15,0,18.483,0.42336,0.204422,1.65487,3.00828,1.49849,2.94572,0.42336,18.483,0.42336,0,0,442.007,0,0.882472,0,0,1.08689,0.204422,1.028160,1,0,29.7423,0,0,0,29.7423,0
65.6892,2.11785,0,0,1.32936,0.0950103,0.36288,3.6288,58.835,0.877962,0,0,0.36313,0.272104,0,0.66528,12.849,1,0.406543,0.36288,0,31.6121,5.51555,26.0529,0.84672,12.849,0.84672,3695.15,0,18.483,0.42336,0.204422,1.65532,2.41496,1.49849,2.35285,0.42336,18.483,0.42336,0,0,442.007,0,0.550152,0,0,0.754574,0.204422,1.028160,1,0,28.4058,0,0,0,28.4058,0
64.7758,2.11206,0,0,1.65558,0.0940737,0.36288,3.6288,58.7846,0.400343,0,0,0.620656,0.270735,0,0.66528,12.849,1,0.413126,0.36288,0,28.8715,5.51555,23.3057,0.84672,12.849,0.84672,3695.15,0,18.483,0.42336,0.399211,1.65577,3.73401,1.49849,3.86714,0.42336,18.483,0.42336,0,0,442.007,0,1.02816,0,0,1.42737,0.399211,1.028160,1,0,27.1729,0,0,0,27.1729,0
63.8452,2.03278,0,0,1.57218,0.107138,0.36288,3.6288,58.5912,0.416031,0,0,0.446834,0.224123,0,0.66528,12.849,1,0.403225,0.36288,0,26.743,4.83694,21.8658,0.84672,12.849,0.84672,3695.15,0,18.483,0.42336,0.204422,1.65622,3.3445,1.15684,3.62494,0.42336,18.483,0.42336,0,0,442.007,0,0.94411,0,0,1.14853,0.204422,1.028160,1,0,25.4907,0,0,0,25.4907,0
63.7939,2.02853,0,0,2.46442,0.124272,0.36288,3.6288,58.6512,0.332351,0,0,0.593971,0.201671,0,0.66528,12.849,1,0.408248,0.36288,0,40.0473,4.76746,35.2344,0.84672,12.849,0.84672,3695.15,0,18.483,0.42336,0.564529,1.58669,4.05143,1.0641,4.71519,0.42336,18.483,0.42336,0,0,442.007,0,1.02816,0,0,1.59269,0.564529,1.028160,1,0,39.9496,0,0,0,39.9496,0
63.2841,2.02891,0,0,2.0503,0.16829,0.36288,3.6288,58.8522,0.332721,0,0,0.717861,0.184158,0,0.66528,12.849,1,0.408651,0.36288,0,31.5528,3.94821,27.5588,0.84672,12.849,0.84672,3695.15,0,18.483,0.42336,0.665306,1.58712,4.69968,0.850752,5.678,0.42336,18.483,0.42336,0,0,442.007,0,1.02816,0,0,1.69347,0.665306,1.028160,1,0,33.2368,0,0,0,33.2368,0
63.1782,2.02682,0,0,2.4514,0.167594,0.36288,3.6288,59.4552,0.333091,0,0,1.12056,0.184396,0,0.66528,12.849,1,0.411519,0.36288,0,38.0216,3.94821,34.0248,0.84672,12.849,0.84672,3695.15,0,18.483,0.42336,1.29836,1.58755,6.43863,0.850752,8.05043,0.42336,18.483,0.42336,0,0,442.007,0,1.02816,0,0,2.32652,1.29836,1.028160,1,0,42.0752,0,0,0,42.0752,0
62.9586,1.96545,0,0,2.27612,0.16745,0.36288,3.6288,59.948,0.270813,0,0,0.948707,0.18511,0,0.66528,12.849,1,0.399726,0.36288,0,35.0918,3.94821,31.1067,0.84672,12.849,0.84672,3695.15,0,18.483,0.42336,1.24315,1.58798,5.16733,0.850752,6.72436,0.42336,18.483,0.42336,0,0,442.007,0,1.02816,0,0,2.27131,1.24315,1.028160,1,0,37.8311,0,0,0,37.8311,0
70.134,1.96492,0,0,9.73633,0.233141,0.36288,3.6288,61.308,0.271167,0,0,2.53275,0.18837,0.713235,0.66528,12.849,1,0.401013,0.36288,0,153.744,4.17932,149.526,0.84672,12.849,0.84672,3695.15,0,18.483,0.42336,4.44226,1.52616,16.2878,0.989103,20.8437,0.42336,18.483,0.42336,0,0,442.007,0,1.02816,0,0,5.47042,4.44226,1.028160,1,0,171.083,0,0,0,171.083,0
72.29,2.00023,0,0,5.4749,0.246801,1.07182,3.6288,61.308,0.27152,0,0,1.36199,0.190004,0.900469,0.66528,12.849,1,0.366456,1.07182,0,95.0875,4.17932,91.6136,0.84672,12.849,0.84672,3695.15,0,18.483,0.42336,1.88746,1.52657,6.19156,0.989103,8.19313,0.42336,18.483,0.42336,0,0,442.007,0,1.02816,0,0,2.91562,1.88746,1.028160,1,0,100.707,0,0,0,100.707,0
72.29,2.01016,0,0,5.54254,0.250906,3.28148,3.6288,61.308,0.271873,0,0,1.39383,0.190004,0.931954,0.66528,12.849,1,0.35729,3.28148,0,78.94,4.17932,77.6848,0.84672,12.849,0.84672,3695.15,0,18.483,0.42336,2.2433,1.52699,6.30994,0.989103,8.66776,0.42336,18.483,0.42336,0,0,442.007,0,1.02816,0,0,3.27146,2.2433,1.028160,1,0,87.2846,0,0,0,87.2846,0
72.29,1.83229,0,0,6.9748,0.244948,4.89755,3.6288,61.308,0.141607,0,0,1.87024,0.263237,1.4654,0.66528,12.849,1,0.325676,4.89755,0,106,4.13413,106.438,0.84672,12.849,0.84672,3695.15,0,18.483,0.42336,2.8941,1.5274,7.30166,1.10257,10.1972,0.42336,18.483,0.42336,0,0,442.007,0,1.02816,0,0,3.92226,2.8941,1.028160,1,0,118.1,0,0,0,118.1,0
72.29,1.83289,0,0,9.24057,0.280536,7.12714,3.6288,61.308,0.141925,0,0,2.0596,0.22184,1.69584,0.66528,12.849,1,0.325782,7.12714,0,94.125,4.13375,96.7926,0.84672,12.849,0.84672,3695.15,0,18.483,0.42336,3.12626,1.3875,12.1522,1.0449,15.1978,0.42336,18.483,0.42336,0,0,442.007,0,1.02816,0,0,4.15442,3.12626,1.028160,1,0,113.686,0,0,0,113.686,0
72.29,1.83349,0,0,9.35773,0.287321,7.23692,3.6288,61.308,0.142244,0,0,2.40615,0.222086,2.04182,0.66528,12.849,1,0.325888,7.23692,0,92.2527,4.22845,94.9353,0.84672,12.849,0.84672,3695.15,0,18.483,0.42336,3.74372,1.38788,14.104,1.03266,17.7796,0.42336,18.483,0.42336,0,0,442.007,0,1.02816,0,0,4.77188,3.74372,1.028160,1,0,114.757,0,0,0,114.757,0
72.29,1.83408,0,0,9.08868,0.287321,6.96727,3.6288,61.308,0.142562,0,0,2.05387,0.222086,1.68923,0.66528,12.849,1,0.325994,6.96727,0,179.216,4.22845,181.629,0.84672,12.849,0.84672,3695.15,0,18.483,0.42336,2.9462,1.38826,8.92538,1.03266,11.8038,0.42336,18.483,0.42336,0,0,442.007,0,1.02816,0,0,3.97436,2.9462,1.028160,1,0,195.122,0,0,0,195.122,0
72.29,1.83468,0,0,7.63629,0.293584,5.50803,3.6288,61.308,0.14288,0,0,1.66085,0.179608,1.33836,0.66528,12.849,1,0.3261,5.50803,0,153.205,3.7009,154.686,0.84672,12.849,0.84672,3695.15,0,18.483,0.42336,1.8932,1.38864,6.37535,0.943286,8.29054,0.42336,18.483,0.42336,0,0,442.007,0,1.02816,0,0,2.92136,1.8932,1.028160,1,0,164.315,0,0,0,164.315,0
72.29,1.90402,0,0,8.59918,0.271093,6.42407,3.6288,61.308,0.181066,0,0,1.68951,0.178515,1.32993,0.66528,12.849,1,0.338424,6.42407,0,109.448,3.61142,111.922,0.84672,12.849,0.84672,3695.15,0,18.483,0.42336,2.41534,1.38901,7.23564,0.913306,9.70332,0.42336,18.483,0.42336,0,0,442.007,0,1.02816,0,0,3.4435,2.41534,1.028160,1,0,122.956,0,0,0,122.956,0
72.29,1.90461,0,0,8.0462,0.238806,5.90278,3.6288,61.308,0.181383,0,0,1.41478,0.140862,1.09254,0.66528,12.849,1,0.33853,5.90278,0,92.5992,3.22119,94.9423,0.84672,12.849,0.84672,3695.15,0,18.483,0.42336,2.02961,1.43382,4.30567,0.614317,6.73141,0.42336,18.483,0.42336,0,0,442.007,0,1.02816,0,0,3.05777,2.02961,1.028160,1,0,102.766,0,0,0,102.766,0
72.29,1.9052,0,0,6.49595,0.238806,4.35194,3.6288,61.308,0.181699,0,0,1.03605,0.140862,0.713486,0.66528,12.849,1,0.338635,4.35194,0,95.8954,3.22119,96.6875,0.84672,12.849,0.84672,3695.15,0,18.483,0.42336,1.14078,1.43419,3.55946,0.614317,5.09676,0.42336,18.483,0.42336,0,0,442.007,0,1.02816,0,0,2.16894,1.14078,1.028160,1,0,102.498,0,0,0,102.498,0
72.29,1.90579,0,0,4.47729,0.254902,2.31659,3.6288,61.308,0.182016,0,0,0.970367,0.143039,0.645312,0.66528,12.849,1,0.338741,2.31659,0,74.2928,3.1335,73.1371,0.84672,12.849,0.84672,3695.15,0,18.483,0.42336,1.01295,1.43457,3.19872,0.658054,4.56483,0.42336,18.483,0.42336,0,0,442.007,0,1.02816,0,0,2.04111,1.01295,1.028160,1,0,78.3473,0,0,0,78.3473,0
72.29,2.12739,0,0,4.45337,0.295142,2.03083,3.6288,61.308,0.324661,0,0,0.955428,0.148479,0.482289,0.66528,12.849,1,0.378128,2.03083,0,107.431,2.91428,106.169,0.84672,12.849,0.84672,3695.15,0,18.483,0.42336,0.989081,1.43495,3.78145,0.767394,5.01472,0.42336,18.483,0.42336,0,0,442.007,0,1.02816,0,0,2.01724,0.989081,1.028160,1,0,111.666,0,0,0,111.666,0
72.29,2.12805,0,0,4.23644,0.266151,1.84225,3.6288,61.308,0.325015,0,0,1.05656,0.157876,0.573668,0.66528,12.849,1,0.378244,1.84225,0,93.0078,3.86953,90.6022,0.84672,12.849,0.84672,3695.15,0,18.483,0.42336,1.20229,1.59406,3.79499,0.849627,5.31836,0.42336,18.483,0.42336,0,0,442.007,0,1.02816,0,0,2.23045,1.20229,1.028160,1,0,96.4943,0,0,0,96.4943,0
72.29,2.1287,0,0,3.64586,0.261319,1.25585,3.6288,61.308,0.32537,0,0,0.900253,0.159442,0.415441,0.66528,12.849,1,0.37836,1.25585,0,84.4029,4.02875,81.2516,0.84672,12.849,0.84672,3695.15,0,18.483,0.42336,0.681877,1.59448,3.9312,0.863332,4.92086,0.42336,18.483,0.42336,0,0,442.007,0,1.02816,0,0,1.71004,0.681877,1.028160,1,0,86.5879,0,0,0,86.5879,0
72.29,2.12935,0,0,3.70805,0.261319,1.31739,3.6288,61.0771,0.760843,0,0,0.689412,0.159442,0,0.66528,12.849,1,0.378475,1.31739,0,56.6549,4.02875,53.5651,0.84672,12.849,0.84672,3695.15,0,18.483,0.42336,0.608429,1.5949,3.63811,0.863332,4.55475,0.42336,18.483,0.42336,0,0,442.007,0,0.593041,0,0,1.20147,0.608429,1.028160,1,0,58.1198,0,0,0,58.1198,0
72.29,1.81444,0,0,4.91283,0.258722,2.83967,3.6288,61.308,0.134872,0,0,1.03912,0.164734,0.508644,0.66528,12.849,1,0.322504,2.83967,0,81.9494,4.15978,80.3068,0.84672,12.849,0.84672,3695.15,0,18.483,0.42336,0.945631,1.59531,4.20167,0.904328,5.41492,0.42336,18.483,0.42336,0,0,442.007,0,1.02816,0,0,1.97379,0.945631,1.028160,1,0,86.2304,0,0,0,86.2304,0
72.29,1.81501,0,0,9.34744,0.319696,7.21273,3.6288,61.308,0.135177,0,0,4.08212,0.230047,3.7169,0.66528,12.849,1,0.322605,7.21273,0,251.227,4.98055,253.137,0.84672,12.849,0.84672,3695.15,0,18.483,0.42336,4.17944,1.37836,12.3023,1.13477,16.302,0.42336,18.483,0.42336,0,0,442.007,0,1.02816,0,0,5.2076,4.17944,1.028160,1,0,273.155,0,0,0,273.155,0
72.29,1.81558,0,0,8.62056,0.328903,6.47608,3.6288,61.308,0.135481,0,0,3.1465,0.255566,2.75545,0.66528,12.849,1,0.322706,6.47608,0,200.454,4.78695,201.82,0.84672,12.849,0.84672,3695.15,0,18.483,0.42336,3.48316,1.37872,10.8619,1.13256,14.1678,0.42336,18.483,0.42336,0,0,442.007,0,1.02816,0,0,4.51132,3.48316,1.028160,1,0,218.744,0,0,0,218.744,0
72.29,1.81615,0,0,7.17267,0.328903,5.02762,3.6288,61.308,0.135785,0,0,2.56008,0.255566,2.16872,0.66528,12.849,1,0.322807,5.02762,0,153.835,4.78695,153.753,0.84672,12.849,0.84672,3695.15,0,18.483,0.42336,2.9577,1.37908,9.44931,1.13256,12.2302,0.42336,18.483,0.42336,0,0,442.007,0,1.02816,0,0,3.98586,2.9577,1.028160,1,0,168.152,0,0,0,168.152,0
72.29,1.81672,0,0,7.04412,0.328903,4.8985,3.6288,61.308,0.13609,0,0,2.50218,0.255566,2.11052,0.66528,12.849,1,0.322908,4.8985,0,176.346,4.78695,176.134,0.84672,12.849,0.84672,3695.15,0,18.483,0.42336,2.98499,1.37944,9.18622,1.13256,11.9947,0.42336,18.483,0.42336,0,0,442.007,0,1.02816,0,0,4.01315,2.98499,1.028160,1,0,190.24,0,0,0,190.24,0
72.29,1.89682,0,0,6.11449,0.322561,3.89511,3.6288,61.308,0.183232,0,0,2.21923,0.243079,1.79292,0.66528,12.849,1,0.337146,3.89511,0,108.445,4.65938,107.344,0.84672,12.849,0.84672,3695.15,0,18.483,0.42336,2.16245,1.3798,6.93377,1.12808,8.92459,0.42336,18.483,0.42336,0,0,442.007,0,1.02816,0,0,3.19061,2.16245,1.028160,1,0,118.061,0,0,0,118.061,0
72.29,1.89741,0,0,8.46893,0.314105,6.25741,3.6288,61.308,0.183549,0,0,7.07325,0.22643,6.66327,0.66528,12.849,1,0.337251,6.25741,0,115.284,4.48927,116.714,0.84672,12.849,0.84672,3695.15,0,18.483,0.42336,5.74003,1.43391,13.3617,1.1221,18.9901,0.42336,18.483,0.42336,0,0,442.007,0,1.02816,0,0,6.76819,5.74003,1.028160,1,0,142.368,0,0,0,142.368,0
72.29,1.898,0,0,7.83847,0.314105,5.62636,3.6288,61.308,0.183866,0,0,5.0301,0.22643,4.6198,0.66528,12.849,1,0.337356,5.62636,0,218.053,4.48927,218.853,0.84672,12.849,0.84672,3695.15,0,18.483,0.42336,4.99285,1.43428,12.5312,1.1221,17.4129,0.42336,18.483,0.42336,0,0,442.007,0,1.02816,0,0,6.02101,4.99285,1.028160,1,0,240.885,0,0,0,240.885,0
72.29,1.8986,0,0,6.02696,0.314105,3.81426,3.6288,61.308,0.184183,0,0,2.84955,0.22643,2.43894,0.66528,12.849,1,0.337461,3.81426,0,135.866,4.48927,134.853,0.84672,12.849,0.84672,3695.15,0,18.483,0.42336,2.79629,1.43466,6.74499,1.1221,9.43048,0.42336,18.483,0.42336,0,0,442.007,0,1.02816,0,0,3.82445,2.79629,1.028160,1,0,146.723,0,0,0,146.723,0
72.29,1.86806,0,0,5.57441,0.280625,3.42573,3.6288,61.308,0.16629,0,0,2.38401,0.240508,1.97721,0.66528,12.849,1,0.332033,3.42573,0,138.673,4.81473,136.952,0.84672,12.849,0.84672,3695.15,0,18.483,0.42336,2.1273,1.43503,5.93314,1.18052,7.89159,0.42336,18.483,0.42336,0,0,442.007,0,1.02816,0,0,3.15546,2.1273,1.028160,1,0,146.821,0,0,0,146.821,0
72.29,1.86864,0,0,4.23714,0.255027,2.11348,3.6288,61.308,0.166603,0,0,1.32394,0.209917,0.947422,0.66528,12.849,1,0.332136,2.11348,0,110.156,4.50009,107.437,0.84672,12.849,0.84672,3695.15,0,18.483,0.42336,0.631826,1.41447,4.52388,1.11281,5.034,0.42336,18.483,0.42336,0,0,442.007,0,1.02816,0,0,1.65999,0.631826,1.028160,1,0,113.418,0,0,0,113.418,0
72.29,1.86922,0,0,4.60558,0.255027,2.48133,3.6288,61.308,0.166916,0,0,1.64887,0.209917,1.27203,0.66528,12.849,1,0.33224,2.48133,0,115.027,4.50009,112.676,0.84672,12.849,0.84672,3695.15,0,18.483,0.42336,1.7464,1.41484,4.8875,1.11281,6.51257,0.42336,18.483,0.42336,0,0,442.007,0,1.02816,0,0,2.77456,1.7464,1.028160,1,0,120.461,0,0,0,120.461,0
72.29,1.86981,0,0,4.07588,0.186523,2.01955,3.6288,61.308,0.167228,0,0,1.43304,0.230971,1.03484,0.66528,12.849,1,0.332344,2.01955,0,97.2216,4.85811,94.0507,0.84672,12.849,0.84672,3695.15,0,18.483,0.42336,1.4484,1.41521,4.1803,1.26493,5.35562,0.42336,18.483,0.42336,0,0,442.007,0,1.02816,0,0,2.47656,1.4484,1.028160,1,0,100.441,0,0,0,100.441,0
72.29,1.97617,0,0,3.63008,0.175106,1.47881,3.6288,61.308,0.232187,0,0,1.26888,0.23448,0.802213,0.66528,12.849,1,0.351249,1.47881,0,86.6601,4.91778,82.8698,0.84672,12.849,0.84672,3695.15,0,18.483,0.42336,1.20603,1.41558,3.9227,1.29028,4.83066,0.42336,18.483,0.42336,0,0,442.007,0,1.02816,0,0,2.23419,1.20603,1.028160,1,0,88.5027,0,0,0,88.5027,0
72.29,1.97678,0,0,3.49125,0.175338,1.33914,3.6288,61.308,0.232516,0,0,1.1842,0.257832,0.69385,0.66528,12.849,1,0.351357,1.33914,0,78.1514,4.78173,74.3574,0.84672,12.849,0.84672,3695.15,0,18.483,0.42336,0.932835,1.48924,3.55327,1.19276,4.35922,0.42336,18.483,0.42336,0,0,442.007,0,1.02816,0,0,1.96099,0.932835,1.028160,1,0,79.4105,0,0,0,79.4105,0
72.29,1.97739,0,0,3.39943,0.183478,1.23856,3.6288,61.308,0.232846,0,0,1.17599,0.286489,0.656656,0.66528,12.849,1,0.351466,1.23856,0,71.2057,4.73144,67.3614,0.84672,12.849,0.84672,3695.15,0,18.483,0.42336,0.894326,1.48963,3.33595,1.21425,4.0823,0.42336,18.483,0.42336,0,0,442.007,0,1.02816,0,0,1.92249,0.894326,1.028160,1,0,72.1003,0,0,0,72.1003,0
72.29,1.978,0,0,3.16911,0.12377,1.06734,3.6288,61.308,0.233176,0,0,1.1211,0.277296,0.610629,0.66528,12.849,1,0.351574,1.06734,0,68.6811,4.87473,64.5221,0.84672,12.849,0.84672,3695.15,0,18.483,0.42336,0.675112,1.49002,3.17829,1.18802,3.73205,0.42336,18.483,0.42336,0,0,442.007,0,1.02816,0,0,1.70327,0.675112,1.028160,1,0,68.8648,0,0,0,68.8648,0
72.29,1.97861,0,0,2.95853,0.12377,0.856145,3.6288,61.308,0.233506,0,0,1.07244,0.277296,0.561639,0.66528,12.849,1,0.351683,0.856145,0,62.9904,4.87473,58.6202,0.84672,12.849,0.84672,3695.15,0,18.483,0.42336,0.650117,1.49041,2.91381,1.18802,3.44296,0.42336,18.483,0.42336,0,0,442.007,0,1.02816,0,0,1.67828,0.650117,1.028160,1,0,62.6248,0,0,0,62.6248,0
72.29,1.95828,0,0,3.04735,0.116573,0.972505,3.6288,61.308,0.269413,0,0,1.06037,0.271858,0.5191,0.66528,12.849,1,0.348069,0.972505,0,56.8519,4.9493,52.527,0.84672,12.849,0.84672,3695.15,0,18.483,0.42336,0.796755,1.4908,3.34877,1.19652,4.01645,0.42336,18.483,0.42336,0,0,442.007,0,1.02816,0,0,1.82491,0.796755,1.028160,1,0,57.0626,0,0,0,57.0626,0
72.29,1.95888,0,0,3.19493,0.106978,1.12907,3.6288,61.308,0.269752,0,0,1.04963,0.264607,0.515271,0.66528,12.849,1,0.348176,1.12907,0,58.3123,5.04871,54.0445,0.84672,12.849,0.84672,3695.15,0,18.483,0.42336,0.854807,1.51405,4.08052,1.20785,4.81817,0.42336,18.483,0.42336,0,0,442.007,0,1.02816,0,0,1.88297,0.854807,1.028160,1,0,59.3779,0,0,0,59.3779,0
72.29,1.95949,0,0,3.02256,0.106978,0.956091,3.6288,61.308,0.270092,0,0,1.02484,0.264607,0.490144,0.66528,12.849,1,0.348284,0.956091,0,56.5593,5.04871,52.1183,0.84672,12.849,0.84672,3695.15,0,18.483,0.42336,0.729778,1.51445,3.7272,1.20785,4.34022,0.42336,18.483,0.42336,0,0,442.007,0,1.02816,0,0,1.75794,0.729778,1.028160,1,0,56.9487,0,0,0,56.9487,0
72.29,1.96009,0,0,2.8772,0.0974079,0.819695,3.6288,61.308,0.270431,0,0,0.989427,0.280152,0.438844,0.66528,12.849,1,0.348392,0.819695,0,54.2922,5.26588,49.4976,0.84672,12.849,0.84672,3695.15,0,18.483,0.42336,0.711141,1.51484,3.59036,1.28135,4.11164,0.42336,18.483,0.42336,0,0,442.007,0,1.02816,0,0,1.7393,0.711141,1.028160,1,0,54.0481,0,0,0,54.0481,0
72.29,2.01485,0,0,2.71456,0.0833386,0.61637,3.6288,61.308,0.302511,0,0,0.954539,0.30008,0.351948,0.66528,12.849,1,0.358124,0.61637,0,51.4276,5.82711,45.8587,0.84672,12.849,0.84672,3695.15,0,18.483,0.42336,0.761253,1.51524,3.5612,1.4197,3.99463,0.42336,18.483,0.42336,0,0,442.007,0,1.02816,0,0,1.78941,0.761253,1.028160,1,0,50.2053,0,0,0,50.2053,0
72.29,2.01547,0,0,2.48288,0.0763228,0.391084,3.6288,61.308,0.302859,0,0,0.891743,0.29301,0.295875,0.66528,12.849,1,0.358235,0.391084,0,47.526,5.79873,41.7602,0.84672,12.849,0.84672,3695.15,0,18.483,0.42336,0.511505,1.55211,2.54483,1.43662,2.74846,0.42336,18.483,0.42336,0,0,442.007,0,1.02816,0,0,1.53967,0.511505,1.028160,1,0,44.8045,0,0,0,44.8045,0
72.1878,2.01609,0,0,2.35313,0.0763228,0.36288,3.6288,61.308,0.303207,0,0,0.797792,0.29301,0.201575,0.66528,12.849,1,0.358345,0.36288,0,41.9936,5.79873,36.1994,0.84672,12.849,0.84672,3695.15,0,18.483,0.42336,0.661573,1.55251,2.65797,1.43662,3.01208,0.42336,18.483,0.42336,0,0,442.007,0,1.02816,0,0,1.68973,0.661573,1.028160,1,0,39.4131,0,0,0,39.4131,0
71.9322,2.01628,0,0,2.19976,0.0762636,0.36288,3.6288,61.308,0.303555,0,0,0.738141,0.29301,0.141577,0.66528,12.849,1,0.358886,0.36288,0,39.9296,5.79873,34.1349,0.84672,12.849,0.84672,3695.15,0,18.483,0.42336,0.51618,1.55292,2.33228,1.43662,2.5414,0.42336,18.483,0.42336,0,0,442.007,0,1.02816,0,0,1.54434,0.51618,1.028160,1,0,36.8178,0,0,0,36.8178,0
71.4889,2.17444,0,0,2.17019,0.0761156,0.36288,3.6288,61.308,0.418588,0,0,0.798595,0.29301,0.0869976,0.66528,12.849,1,0.388412,0.36288,0,37.0507,5.79873,31.2265,0.84672,12.849,0.84672,3695.15,0,18.483,0.42336,0.620274,1.55333,2.63754,1.43662,2.95116,0.42336,18.483,0.42336,0,0,442.007,0,1.02816,0,0,1.64843,0.620274,1.028160,1,0,34.2646,0,0,0,34.2646,0
70.5184,2.17306,0,0,1.6435,0.0780418,0.36288,3.6288,61.2885,0.418966,0,0,0.687242,0.2878,0,0.66528,12.849,1,0.390573,0.36288,0,30.4054,6.01871,24.359,0.84672,12.849,0.84672,3695.15,0,18.483,0.42336,0.335025,1.67737,2.40423,1.49335,2.49991,0.42336,18.483,0.42336,0,0,442.007,0,1.02816,0,0,1.36318,0.335025,1.028160,1,0,26.8589,0,0,0,26.8589,0
69.166,2.16917,0,0,1.27158,0.0919809,0.36288,3.6288,61.055,0.538412,0,0,0.591932,0.287008,0,0.66528,12.849,1,0.39524,0.36288,0,23.894,5.99445,17.8672,0.84672,12.849,0.84672,3695.15,0,18.483,0.42336,0.227405,1.67781,1.65203,1.49056,1.64333,0.42336,18.483,0.42336,0,0,442.007,0,0.909092,0,0,1.1365,0.227405,1.028160,1,0,19.5105,0,0,0,19.5105,0
68.5639,2.16331,0,0,2.03504,0.110903,0.36288,3.6288,61.0805,0.419723,0,0,0.727488,0.2823,0,0.66528,12.849,1,0.40188,0.36288,0,39.6951,5.87571,33.7804,0.84672,12.849,0.84672,3695.15,0,18.483,0.42336,0.352555,1.67825,1.80088,1.47599,1.93233,0.42336,18.483,0.42336,0,0,442.007,0,1.02816,0,0,1.38072,0.352555,1.028160,1,0,35.7127,0,0,0,35.7127,0
68.4799,2.161,0,0,2.55068,0.110871,0.36288,3.6288,61.274,0.420101,0,0,0.887147,0.273535,0,0.66528,12.849,1,0.404975,0.36288,0,47.3402,6.01579,41.2823,0.84672,12.849,0.84672,3695.15,0,18.483,0.42336,0.327249,1.67869,1.76621,1.46197,1.88682,0.42336,18.483,0.42336,0,0,442.007,0,1.02816,0,0,1.35541,0.327249,1.028160,1,0,43.1691,0,0,0,43.1691,0
68.4125,2.08442,0,0,2.49365,0.113693,0.36288,3.6288,61.308,0.350779,0,0,1.01018,0.265309,0.360055,0.66528,12.849,1,0.391103,0.36288,0,33.0972,5.9176,27.1514,0.84672,12.849,0.84672,3695.15,0,18.483,0.42336,0.857399,1.67913,1.84099,1.4475,2.50665,0.42336,18.483,0.42336,0,0,442.007,0,1.02816,0,0,1.88556,0.857399,1.028160,1,0,30.0181,0,0,0,30.0181,0
67.1227,2.08473,0,0,1.28459,0.126841,0.36288,3.6288,61.308,0.35114,0,0,0.850185,0.246295,0.25275,0.66528,12.849,1,0.391547,0.36288,0,23.1144,5.57665,17.5091,0.84672,12.849,0.84672,3695.15,0,18.483,0.42336,0.464849,1.60862,1.21469,1.4126,1.45219,0.42336,18.483,0.42336,0,0,442.007,0,1.02816,0,0,1.49301,0.464849,1.028160,1,0,19.214,0,0,0,19.214,0
65.8047,2.07905,0,0,1.24958,0.125562,0.36288,3.6288,61.308,0.3515,0,0,0.786525,0.246295,0.18873,0.66528,12.849,1,0.397984,0.36288,0,21.1144,5.57665,15.5027,0.84672,12.849,0.84672,3695.15,0,18.483,0.42336,0.337081,1.60904,1.19355,1.4126,1.3037,0.42336,18.483,0.42336,0,0,442.007,0,1.02816,0,0,1.36524,0.337081,1.028160,1,0,16.9951,0,0,0,16.9951,0
65.626,2.07302,0,0,2.51205,0.254885,0.36288,3.6288,61.308,0.35186,0,0,1.68691,0.140166,1.19488,0.66528,12.849,1,0.404777,0.36288,0,57.41,4.12325,53.2448,0.84672,12.849,0.84672,3695.15,0,18.483,0.42336,0.934148,1.60946,3.00727,0.958319,4.1692,0.42336,18.483,0.42336,0,0,442.007,0,1.02816,0,0,1.96231,0.934148,1.028160,1,0,58.6089,0,0,0,58.6089,0
66.9577,2.01004,0,0,3.95917,0.254522,0.36288,3.6288,61.308,0.28871,0,0,1.51422,0.140166,1.08534,0.66528,12.849,1,0.393549,0.36288,0,64.9818,4.12325,60.8279,0.84672,12.849,0.84672,3695.15,0,18.483,0.42336,1.26792,1.60988,1.95357,0.958319,3.44969,0.42336,18.483,0.42336,0,0,442.007,0,1.02816,0,0,2.29608,1.26792,1.028160,1,0,65.3629,0,0,0,65.3629,0
66.9262,2.01723,0,0,2.57961,0.231075,0.36288,3.6288,61.308,0.289054,0,0,1.32595,0.206704,0.830197,0.66528,12.849,1,0.387101,0.36288,0,56.3211,3.84001,52.4569,0.84672,12.849,0.84672,3695.15,0,18.483,0.42336,0.96463,1.54718,2.86775,1.00201,3.9542,0.42336,18.483,0.42336,0,0,442.007,0,1.02816,0,0,1.99279,0.96463,1.028160,1,0,57.2413,0,0,0,57.2413,0
67.2271,2.0177,0,0,2.95898,0.27749,0.36288,3.6288,61.308,0.289398,0,0,1.74137,0.159191,1.29278,0.66528,12.849,1,0.387373,0.36288,0,89.8481,3.15483,86.6687,0.84672,12.849,0.84672,3695.15,0,18.483,0.42336,1.36363,1.54759,4.51659,0.810758,6.19368,0.42336,18.483,0.42336,0,0,442.007,0,1.02816,0,0,2.39179,1.36363,1.028160,1,0,94.1552,0,0,0,94.1552,0
67.3264,2.01977,0,0,2.76018,0.278151,0.36288,3.6288,61.308,0.289742,0,0,2.42375,0.159191,1.97482,0.66528,12.849,1,0.386036,0.36288,0,101.958,3.15483,98.7801,0.84672,12.849,0.84672,3695.15,0,18.483,0.42336,2.67528,1.54799,7.42478,0.810758,10.4139,0.42336,18.483,0.42336,0,0,442.007,0,1.02816,0,0,3.70344,2.67528,1.028160,1,0,111.169,0,0,0,111.169,0
69.5274,1.8419,0,0,4.68408,0.278369,0.36288,3.6288,61.308,0.157673,0,0,1.76696,0.159191,1.45009,0.66528,12.849,1,0.35152,0.36288,0,112.506,3.15483,109.362,0.84672,12.849,0.84672,3695.15,0,18.483,0.42336,2.45868,1.5484,6.33521,0.810758,9.10818,0.42336,18.483,0.42336,0,0,442.007,0,1.02816,0,0,3.48684,2.45868,1.028160,1,0,119.921,0,0,0,119.921,0
71.501,1.85187,0,0,4.47182,0.283406,0.36288,3.6288,61.308,0.157983,0,0,1.5807,0.202368,1.22035,0.66528,12.849,1,0.342235,0.36288,0,129.688,4.10993,125.599,0.84672,12.849,0.84672,3695.15,0,18.483,0.42336,1.02006,1.40656,4.46535,0.958684,5.50993,0.42336,18.483,0.42336,0,0,442.007,0,1.02816,0,0,2.04822,1.02006,1.028160,1,0,132.329,0,0,0,132.329,0
72.29,1.86046,0,0,4.04489,0.267852,1.12762,3.6288,61.308,0.158293,0,0,1.41862,0.237977,1.02235,0.66528,12.849,1,0.334331,1.12762,0,129.072,4.36705,125.498,0.84672,12.849,0.84672,3695.15,0,18.483,0.42336,0.783035,1.40693,3.18671,0.958591,3.99472,0.42336,18.483,0.42336,0,0,442.007,0,1.02816,0,0,1.81119,0.783035,1.028160,1,0,130.515,0,0,0,130.515,0
72.29,1.86414,0,0,3.61455,0.269465,1.48095,3.6288,61.308,0.158603,0,0,1.48395,0.237977,1.08737,0.66528,12.849,1,0.331336,1.48095,0,102.391,4.36705,99.1735,0.84672,12.849,0.84672,3695.15,0,18.483,0.42336,2.02823,1.40729,4.22954,0.958591,6.28312,0.42336,18.483,0.42336,0,0,442.007,0,1.02816,0,0,3.05639,2.02823,1.028160,1,0,106.544,0,0,0,106.544,0
72.29,1.86472,0,0,3.66966,0.269465,1.53548,3.6288,61.308,0.158913,0,0,1.51757,0.237977,1.12068,0.66528,12.849,1,0.33144,1.53548,0,115.342,4.36705,112.179,0.84672,12.849,0.84672,3695.15,0,18.483,0.42336,2.37705,1.40766,4.69324,0.958591,7.09601,0.42336,18.483,0.42336,0,0,442.007,0,1.02816,0,0,3.40521,2.37705,1.028160,1,0,120.396,0,0,0,120.396,0
72.29,1.86472,0,0,4.23359,0.270599,2.09827,3.6288,61.308,0.158913,0,0,1.44995,0.234838,1.0562,0.66528,12.849,1,0.33144,2.09827,0,113.807,4.29868,111.275,0.84672,12.849,0.84672,3695.15,0,18.483,0.42336,1.3513,1.40803,3.96687,0.975246,5.3276,0.42336,18.483,0.42336,0,0,442.007,0,1.02816,0,0,2.37946,1.3513,1.028160,1,0,117.659,0,0,0,117.659,0
72.29,1.88519,0,0,5.06784,0.315713,2.86694,3.6288,61.308,0.197609,0,0,1.38816,0.213683,0.976871,0.66528,12.849,1,0.335078,2.86694,0,132.564,4.51284,130.583,0.84672,12.849,0.84672,3695.15,0,18.483,0,1.88902,1.40803,6.19594,1.15038,8.34262,0.42336,18.483,0.42336,0,0,442.007,0,1.02816,0,0,2.91718,1.88902,1.028160,1,0,139.903,0,0,0,139.903,0
72.29,1.88566,0,0,5.90951,0.310557,3.71329,3.6288,61.308,0.197917,0,0,1.5895,0.197254,1.19433,0.66528,12.849,1,0.335162,3.71329,0,154.841,4.22664,153.992,0.84672,12.849,0.84672,3695.15,0,18.483,0,2.49564,1.45343,7.01248,1.11351,9.84805,0.42336,18.483,0.42336,0,0,442.007,0,1.02816,0,0,3.5238,2.49564,1.028160,1,0,165.035,0,0,0,165.035,0
72.29,1.88614,0,0,6.71372,0.302365,4.52522,3.6288,61.308,0.198225,0,0,2.31924,0.191053,1.92996,0.66528,12.849,1,0.335247,4.52522,0,108.915,4.01226,109.093,0.84672,12.849,0.84672,3695.15,0,18.483,0,3.50076,1.4538,8.21638,1.08673,12.0842,0.42336,18.483,0.42336,0,0,442.007,0,1.02816,0,0,4.52892,3.50076,1.028160,1,0,123.107,0,0,0,123.107,0
72.29,1.88661,0,0,5.74387,0.302365,3.5549,3.6288,61.308,0.198533,0,0,1.61788,0.191053,1.2283,0.66528,12.849,1,0.335331,3.5549,0,121.715,4.01226,120.922,0.84672,12.849,0.84672,3695.15,0,18.483,0,2.4044,1.45416,7.79212,1.08673,10.564,0.42336,18.483,0.42336,0,0,442.007,0,1.02816,0,0,3.43256,2.4044,1.028160,1,0,132.715,0,0,0,132.715,0
72.29,2.07115,0,0,5.00096,0.317674,2.61214,3.6288,61.308,0.34311,0,0,1.64113,0.193479,1.10454,0.66528,12.849,1,0.368131,2.61214,0,116.447,4.00386,114.687,0.84672,12.849,0.84672,3695.15,0,18.483,0,3.2771,1.45453,7.03581,1.00948,10.758,0.42336,18.483,0.42336,0,0,442.007,0,1.02816,0,0,4.30526,3.2771,1.028160,1,0,126.55,0,0,0,126.55,0
72.29,2.07167,0,0,4.11691,0.323797,1.72144,3.6288,61.308,0.343455,0,0,1.32753,0.194449,0.789624,0.66528,12.849,1,0.368223,1.72144,0,72.387,4.0005,69.7397,0.84672,12.849,0.84672,3695.15,0,18.483,0,1.43009,1.6158,7.23885,0.978588,9.30616,0.42336,18.483,0.42336,0,0,442.007,0,1.02816,0,0,2.45825,1.43009,1.028160,1,0,79.8355,0,0,0,79.8355,0
72.29,2.07219,0,0,4.52525,0.323797,2.12927,3.6288,61.308,0.343799,0,0,1.25183,0.194449,0.713584,0.66528,12.849,1,0.368316,2.12927,0,80.4807,4.0005,78.2411,0.84672,12.849,0.84672,3695.15,0,18.483,0,1.42474,1.61621,7.49442,0.978588,9.55678,0.42336,18.483,0.42336,0,0,442.007,0,1.02816,0,0,2.4529,1.42474,1.028160,1,0,88.5115,0,0,0,88.5115,0
72.29,2.07271,0,0,3.46726,0.323797,1.07075,3.6288,61.308,0.344144,0,0,1.09007,0.194449,0.551473,0.66528,12.849,1,0.368408,1.07075,0,69.192,4.0005,65.8938,0.84672,12.849,0.84672,3695.15,0,18.483,0,0.92683,1.61661,6.93153,0.978588,8.49638,0.42336,18.483,0.42336,0,0,442.007,0,1.02816,0,0,1.95499,0.92683,1.028160,1,0,74.9417,0,0,0,74.9417,0
72.29,1.81043,0,0,7.46577,0.335811,5.31953,3.6288,61.308,0.150683,0,0,2.16835,0.206626,1.81105,0.66528,12.849,1,0.321791,5.31953,0,106.364,4.36551,106.996,0.84672,12.849,0.84672,3695.15,0,18.483,0,3.23713,1.61702,10.5413,1.07202,14.3235,0.42336,18.483,0.42336,0,0,442.007,0,1.02816,0,0,4.26529,3.23713,1.028160,1,0,123.13,0,0,0,123.13,0
72.29,1.81089,0,0,6.36333,0.317629,4.23481,3.6288,61.308,0.150979,0,0,1.8241,0.223843,1.44928,0.66528,12.849,1,0.321872,4.23481,0,100.233,4.21365,99.9319,0.84672,12.849,0.84672,3695.15,0,18.483,0,2.28793,1.3971,9.48525,0.973072,12.1972,0.42336,18.483,0.42336,0,0,442.007,0,1.02816,0,0,3.31609,2.28793,1.028160,1,0,113.578,0,0,0,113.578,0
72.29,1.81134,0,0,6.55374,0.317222,4.42518,3.6288,61.308,0.151275,0,0,2.05427,0.176823,1.72617,0.66528,12.849,1,0.321953,4.42518,0,103.146,3.81864,103.431,0.84672,12.849,0.84672,3695.15,0,18.483,0,2.56504,1.39745,10.3268,0.782454,13.5068,0.42336,18.483,0.42336,0,0,442.007,0,1.02816,0,0,3.5932,2.56504,1.028160,1,0,118.664,0,0,0,118.664,0
72.29,1.8118,0,0,5.87899,0.317154,3.75004,3.6288,61.308,0.151571,0,0,1.69454,0.168987,1.37398,0.66528,12.849,1,0.322033,3.75004,0,91.6462,3.75281,91.3214,0.84672,12.849,0.84672,3695.15,0,18.483,0,1.8591,1.3978,8.84598,0.750684,11.3522,0.42336,18.483,0.42336,0,0,442.007,0,1.02816,0,0,2.88726,1.8591,1.028160,1,0,104.048,0,0,0,104.048,0
72.29,1.81225,0,0,6.99641,0.311967,4.87219,3.6288,61.308,0.151868,0,0,1.70281,0.166947,1.38399,0.66528,12.849,1,0.322114,4.87219,0,113.301,3.75349,114.097,0.84672,12.849,0.84672,3695.15,0,18.483,0,1.94588,1.39815,9.55117,0.784282,12.1109,0.42336,18.483,0.42336,0,0,442.007,0,1.02816,0,0,2.97404,1.94588,1.028160,1,0,127.592,0,0,0,127.592,0
72.29,1.87894,0,0,8.26463,0.298999,6.08669,3.6288,61.308,0.199636,0,0,2.67966,0.161847,2.31818,0.66528,12.849,1,0.333967,6.08669,0,138.503,3.75522,140.5,0.84672,12.849,0.84672,3695.15,0,18.483,0,2.75986,1.3985,10.7554,0.868277,14.0455,0.42336,18.483,0.42336,0,0,442.007,0,1.02816,0,0,3.78802,2.75986,1.028160,1,0,156.864,0,0,0,156.864,0
72.29,1.87941,0,0,5.95528,0.298999,3.77686,3.6288,61.308,0.199944,0,0,1.42157,0.161847,1.05977,0.66528,12.849,1,0.334051,3.77686,0,88.5876,3.75522,88.2752,0.84672,12.849,0.84672,3695.15,0,18.483,0,1.48906,1.45332,8.43013,0.868277,10.5042,0.42336,18.483,0.42336,0,0,442.007,0,1.02816,0,0,2.51722,1.48906,1.028160,1,0,99.8393,0,0,0,99.8393,0
72.29,1.87988,0,0,5.50827,0.298999,3.32938,3.6288,61.308,0.200252,0,0,1.60712,0.161847,1.24502,0.66528,12.849,1,0.334135,3.32938,0,101.676,3.75522,100.916,0.84672,12.849,0.84672,3695.15,0,18.483,0,1.56819,1.45369,8.73755,0.868277,10.8912,0.42336,18.483,0.42336,0,0,442.007,0,1.02816,0,0,2.59635,1.56819,1.028160,1,0,113.053,0,0,0,113.053,0
72.29,1.88036,0,0,5.14989,0.236504,3.03303,3.6288,61.308,0.200561,0,0,1.64075,0.195151,1.24504,0.66528,12.849,1,0.334219,3.03303,0,88.6395,4.16241,87.1759,0.84672,12.849,0.84672,3695.15,0,18.483,0,1.6692,1.45405,8.98154,0.948429,11.1564,0.42336,18.483,0.42336,0,0,442.007,0,1.02816,0,0,2.69736,1.6692,1.028160,1,0,99.5773,0,0,0,99.5773,0
72.29,1.85491,0,0,4.75694,0.220387,2.68165,3.6288,61.308,0.182413,0,0,1.41858,0.173079,1.06309,0.66528,12.849,1,0.329695,2.68165,0,99.074,3.44463,97.9813,0.84672,12.849,0.84672,3695.15,0,18.483,0,1.46254,1.45442,6.36747,0.991983,8.29245,0.42336,18.483,0.42336,0,0,442.007,0,1.02816,0,0,2.4907,1.46254,1.028160,1,0,107.337,0,0,0,107.337,0
72.29,1.85537,0,0,4.10254,0.220387,2.02678,3.6288,61.308,0.182717,0,0,1.23386,0.173079,0.878065,0.66528,12.849,1,0.329778,2.02678,0,83.6214,3.44463,81.8737,0.84672,12.849,0.84672,3695.15,0,18.483,0,0.981806,1.43356,5.57891,0.991983,7.00229,0.42336,18.483,0.42336,0,0,442.007,0,1.02816,0,0,2.00997,0.981806,1.028160,1,0,89.7541,0,0,0,89.7541,0
72.29,1.85584,0,0,3.71348,0.220387,1.63726,3.6288,61.308,0.183021,0,0,1.15037,0.173079,0.794273,0.66528,12.849,1,0.329861,1.63726,0,54.7681,3.44463,52.6309,0.84672,12.849,0.84672,3695.15,0,18.483,0,0.798034,1.43392,5.06926,0.991983,6.30923,0.42336,18.483,0.42336,0,0,442.007,0,1.02816,0,0,1.82619,0.798034,1.028160,1,0,59.7344,0,0,0,59.7344,0
72.29,1.8563,0,0,3.45152,0.220387,1.37482,3.6288,61.308,0.183325,0,0,1.08169,0.173079,0.725289,0.66528,12.849,1,0.329944,1.37482,0,48.8585,3.44463,46.4588,0.84672,12.849,0.84672,3695.15,0,18.483,0,0.679493,1.43428,4.65643,0.991983,5.77822,0.42336,18.483,0.42336,0,0,442.007,0,1.02816,0,0,1.70765,0.679493,1.028160,1,0,52.9623,0,0,0,52.9623,0
72.29,1.94485,0,0,3.49173,0.197329,1.34955,3.6288,61.308,0.249145,0,0,1.17083,0.204878,0.716809,0.66528,12.849,1,0.345682,1.34955,0,54.8563,4.22295,51.6372,0.84672,12.849,0.84672,3695.15,0,18.483,0,0.99506,1.43464,4.22296,1.06955,5.58311,0.42336,18.483,0.42336,0,0,442.007,0,1.02816,0,0,2.02322,0.99506,1.028160,1,0,57.9372,0,0,0,57.9372,0
72.29,1.94534,0,0,3.20967,0.155802,1.10853,3.6288,61.308,0.249466,0,0,0.906336,0.213135,0.443736,0.66528,12.849,1,0.345769,1.10853,0,56.0447,4.35111,52.4564,0.84672,12.849,0.84672,3695.15,0,18.483,0,1.19548,1.50928,3.80986,1.12519,5.38943,0.42336,18.483,0.42336,0,0,442.007,0,1.02816,0,0,2.22364,1.19548,1.028160,1,0,58.2896,0,0,0,58.2896,0
72.29,1.94583,0,0,2.932,0.125124,0.861052,3.6288,61.308,0.249787,0,0,0.898672,0.216784,0.432102,0.66528,12.849,1,0.345856,0.861052,0,50.0907,4.46481,46.1411,0.84672,12.849,0.84672,3695.15,0,18.483,0,1.19492,1.50966,3.63923,1.08966,5.25415,0.42336,18.483,0.42336,0,0,442.007,0,1.02816,0,0,2.22308,1.19492,1.028160,1,0,51.8274,0,0,0,51.8274,0
72.29,1.94631,0,0,2.87385,0.125124,0.802417,3.6288,61.308,0.250107,0,0,0.971974,0.216784,0.505083,0.66528,12.849,1,0.345943,0.802417,0,47.9854,4.46481,43.977,0.84672,12.849,0.84672,3695.15,0,18.483,0,1.15296,1.51004,3.92139,1.08966,5.49473,0.42336,18.483,0.42336,0,0,442.007,0,1.02816,0,0,2.18112,1.15296,1.028160,1,0,49.9768,0,0,0,49.9768,0
72.29,1.9468,0,0,2.66831,0.120948,0.600558,3.6288,61.308,0.250428,0,0,0.933846,0.214358,0.469059,0.66528,12.849,1,0.346029,0.600558,0,45.0048,4.40367,40.8557,0.84672,12.849,0.84672,3695.15,0,18.483,0,1.14523,1.51041,3.79991,1.09248,5.36308,0.42336,18.483,0.42336,0,0,442.007,0,1.02816,0,0,2.17339,1.14523,1.028160,1,0,46.6878,0,0,0,46.6878,0
72.29,1.92985,0,0,2.48136,0.11051,0.441004,3.6288,61.308,0.286803,0,0,1.0012,0.208294,0.506106,0.66528,12.849,1,0.343016,0.441004,0,42.4409,4.25082,38.2881,0.84672,12.849,0.84672,3695.15,0,18.483,0,1.23506,1.51079,4.52199,1.09952,6.16833,0.42336,18.483,0.42336,0,0,442.007,0,1.02816,0,0,2.26322,1.23506,1.028160,1,0,44.9625,0,0,0,44.9625,0
72.2303,1.93033,0,0,2.34404,0.11051,0.36288,3.6288,61.308,0.287133,0,0,0.933863,0.208294,0.438436,0.66528,12.849,1,0.343102,0.36288,0,39.865,4.25082,35.634,0.84672,12.849,0.84672,3695.15,0,18.483,0,1.16425,1.53434,4.47566,1.09952,6.07473,0.42336,18.483,0.42336,0,0,442.007,0,1.02816,0,0,2.19241,1.16425,1.028160,1,0,42.1472,0,0,0,42.1472,0
72.1647,1.93034,0,0,2.3381,0.11046,0.36288,3.6288,61.308,0.287463,0,0,0.860034,0.208294,0.364277,0.66528,12.849,1,0.343386,0.36288,0,39.8961,4.25082,35.6647,0.84672,12.849,0.84672,3695.15,0,18.483,0,1.04862,1.53473,4.26367,1.09952,5.74749,0.42336,18.483,0.42336,0,0,442.007,0,1.02816,0,0,2.07678,1.04862,1.028160,1,0,41.7765,0,0,0,41.7765,0
72.0125,1.93029,0,0,2.25136,0.110405,0.36288,3.6288,61.308,0.287793,0,0,0.893851,0.208294,0.397764,0.66528,12.849,1,0.34369,0.36288,0,37.9139,4.25082,33.6822,0.84672,12.849,0.84672,3695.15,0,18.483,0,1.14294,1.53511,4.2712,1.09952,5.84973,0.42336,18.483,0.42336,0,0,442.007,0,1.02816,0,0,2.1711,1.14294,1.028160,1,0,39.9297,0,0,0,39.9297,0
71.8835,1.97457,0,0,2.29466,0.0861993,0.36288,3.6288,61.308,0.320287,0,0,1.05278,0.294754,0.437743,0.66528,12.849,1,0.352317,0.36288,0,39.2266,5.62276,33.6143,0.84672,12.849,0.84672,3695.15,0,18.483,0,1.20581,1.5355,4.26116,1.47521,5.52726,0.42336,18.483,0.42336,0,0,442.007,0,1.02816,0,0,2.23397,1.20581,1.028160,1,0,39.5794,0,0,0,39.5794,0
71.6178,1.97399,0,0,2.16093,0.0897753,0.36288,3.6288,61.308,0.320626,0,0,0.943549,0.296133,0.32679,0.66528,12.849,1,0.352846,0.36288,0,35.1863,5.60322,29.5931,0.84672,12.849,0.84672,3695.15,0,18.483,0,1.11526,1.57284,3.80955,1.46398,5.03367,0.42336,18.483,0.42336,0,0,442.007,0,1.02816,0,0,2.14342,1.11526,1.028160,1,0,34.9536,0,0,0,34.9536,0
71.1605,1.97227,0,0,1.96745,0.0895938,0.36288,3.6288,61.308,0.320964,0,0,0.895787,0.296133,0.27869,0.66528,12.849,1,0.353846,0.36288,0,32.0677,5.60322,26.4735,0.84672,12.849,0.84672,3695.15,0,18.483,0,0.785428,1.57324,3.55346,1.46398,4.44814,0.42336,18.483,0.42336,0,0,442.007,0,1.02816,0,0,1.81359,0.785428,1.028160,1,0,31.2004,0,0,0,31.2004,0
71.0618,1.96891,0,0,2.30989,0.0767877,0.36288,3.6288,61.308,0.321303,0,0,1.11905,0.285551,0.512199,0.66528,12.849,1,0.355514,0.36288,0,33.5212,5.77807,27.7505,0.84672,12.849,0.84672,3695.15,0,18.483,0,1.60021,1.57363,5.39776,1.51183,7.05977,0.42336,18.483,0.42336,0,0,442.007,0,1.02816,0,0,2.62837,1.60021,1.028160,1,0,35.3225,0,0,0,35.3225,0
70.6712,2.10004,0,0,2.15289,0.0806012,0.36288,3.6288,61.308,0.437853,0,0,0.98642,0.307913,0.240654,0.66528,12.849,1,0.379718,0.36288,0,31.3889,6.11796,25.2541,0.84672,12.849,0.84672,3695.15,0,18.483,0,1.14941,1.57403,4.51851,1.52849,5.71345,0.42336,18.483,0.42336,0,0,442.007,0,1.02816,0,0,2.17757,1.14941,1.028160,1,0,31.2082,0,0,0,31.2082,0
70.4437,2.09702,0,0,2.31365,0.0812735,0.36288,3.6288,61.308,0.438221,0,0,1.04361,0.37064,0.234748,0.66528,12.849,1,0.381268,0.36288,0,32.291,6.66739,25.6053,0.84672,12.849,0.84672,3695.15,0,18.483,0,1.14939,1.69971,4.36107,1.54699,5.66318,0.42336,18.483,0.42336,0,0,442.007,0,1.02816,0,0,2.17755,1.14939,1.028160,1,0,31.5032,0,0,0,31.5032,0
69.9345,2.09547,0,0,2.03031,0.0811314,0.36288,3.6288,61.308,0.438589,0,0,1.00682,0.37064,0.197591,0.66528,12.849,1,0.382216,0.36288,0,41.0477,6.66739,34.361,0.84672,12.849,0.84672,3695.15,0,18.483,0,1.05237,1.70014,4.18787,1.54699,5.39339,0.42336,18.483,0.42336,0,0,442.007,0,1.02816,0,0,2.08053,1.05237,1.028160,1,0,39.9519,0,0,0,39.9519,0
69.4731,2.09131,0,0,2.07357,0.0808135,0.36288,3.6288,61.308,0.438957,0,0,1.15491,0.37064,0.345312,0.66528,12.849,1,0.384234,0.36288,0,35.5575,6.66739,28.8687,0.84672,12.849,0.84672,3695.15,0,18.483,0,1.1703,1.70056,4.349,1.54699,5.67287,0.42336,18.483,0.42336,0,0,442.007,0,1.02816,0,0,2.19846,1.1703,1.028160,1,0,34.8869,0,0,0,34.8869,0
69.3409,2.08754,0,0,2.4021,0.0838462,0.36288,3.6288,61.308,0.439325,0,0,1.22313,0.374856,0.40895,0.66528,12.849,1,0.38609,0.36288,0,40.0301,6.65684,33.35,0.84672,12.849,0.84672,3695.15,0,18.483,0,1.97964,1.70099,5.93302,1.53498,8.07867,0.42336,18.483,0.42336,0,0,442.007,0,1.02816,0,0,3.0078,1.97964,1.028160,1,0,41.8376,0,0,0,41.8376,0
69.9311,2.02316,0,0,3.07987,0.103665,0.36288,3.6288,61.308,0.369068,0,0,1.23854,0.400151,0.469325,0.66528,12.849,1,0.374895,0.36288,0,49.9829,6.59347,43.3774,0.84672,12.849,0.84672,3695.15,0,18.483,0,2.4713,1.70142,5.76552,1.46292,8.47532,0.42336,18.483,0.42336,0,0,442.007,0,1.02816,0,0,3.49946,2.4713,1.028160,1,0,52.3221,0,0,0,52.3221,0
69.9003,2.02899,0,0,2.46523,0.104139,0.36288,3.6288,61.308,0.369418,0,0,1.00824,0.400151,0.238675,0.66528,12.849,1,0.372803,0.36288,0,43.5161,6.59347,36.9127,0.84672,12.849,0.84672,3695.15,0,18.483,0,1.99818,1.62995,5.08252,1.46292,7.24774,0.42336,18.483,0.42336,0,0,442.007,0,1.02816,0,0,3.02634,1.99818,1.028160,1,0,44.3991,0,0,0,44.3991,0
70.4662,2.02923,0,0,3.06214,0.104115,0.36288,3.6288,61.308,0.369769,0,0,1.18023,0.400151,0.410313,0.66528,12.849,1,0.37301,0.36288,0,48.3343,6.59347,41.7307,0.84672,12.849,0.84672,3695.15,0,18.483,0,2.31479,1.63036,7.65469,1.46292,10.1369,0.42336,18.483,0.42336,0,0,442.007,0,1.02816,0,0,3.34295,2.31479,1.028160,1,0,52.2779,0,0,0,52.2779,0
72.29,2.03479,0,0,4.38547,0.10457,0.422315,3.6288,61.308,0.37012,0,0,1.50104,0.400151,0.730774,0.66528,12.849,1,0.37103,0.422315,0,64.6021,6.59347,58.0599,0.84672,12.849,0.84672,3695.15,0,18.483,0,2.92056,1.63077,11.4268,1.46292,14.5152,0.42336,18.483,0.42336,0,0,442.007,0,1.02816,0,0,3.94872,2.92056,1.028160,1,0,73.3058,0,0,0,73.3058,0
72.29,1.99824,0,0,2.93039,0.201997,0.730145,3.6288,61.308,0.306119,0,0,1.46419,0.260193,0.897882,0.66528,12.849,1,0.355173,0.730145,0,50.9345,5.11611,46.1934,0.84672,12.849,0.84672,3695.15,0,18.483,0,1.90385,1.63118,8.6889,1.25571,10.9682,0.42336,18.483,0.42336,0,0,442.007,0,1.02816,0,0,2.93201,1.90385,1.028160,1,0,58.0595,0,0,0,58.0595,0
72.29,1.99874,0,0,3.93212,0.217672,1.71571,3.6288,61.308,0.306454,0,0,1.73151,0.219001,1.20605,0.66528,12.849,1,0.355262,1.71571,0,65.2578,4.76038,61.8579,0.84672,12.849,0.84672,3695.15,0,18.483,0,2.67923,1.56764,10.8578,1.23385,13.8708,0.42336,18.483,0.42336,0,0,442.007,0,1.02816,0,0,3.70739,2.67923,1.028160,1,0,76.9348,0,0,0,76.9348,0
72.29,1.99925,0,0,3.59338,0.217672,1.37646,3.6288,61.308,0.306789,0,0,1.34952,0.219001,0.823735,0.66528,12.849,1,0.355351,1.37646,0,84.9398,4.76038,81.2006,0.84672,12.849,0.84672,3695.15,0,18.483,0,2.86971,1.56803,10.4296,1.23385,13.6335,0.42336,18.483,0.42336,0,0,442.007,0,1.02816,0,0,3.89787,2.86971,1.028160,1,0,95.6578,0,0,0,95.6578,0
72.29,1.99975,0,0,3.42443,0.14396,1.28072,3.6288,61.308,0.307123,0,0,1.47116,0.206817,0.957219,0.66528,12.849,1,0.35544,1.28072,0,61.0349,4.47158,57.4887,0.84672,12.849,0.84672,3695.15,0,18.483,0,3.08715,1.56842,15.0976,1.10167,18.6515,0.42336,18.483,0.42336,0,0,442.007,0,1.02816,0,0,4.11531,3.08715,1.028160,1,0,77.0974,0,0,0,77.0974,0
72.29,1.84961,0,0,6.92726,0.221654,4.856,3.6288,61.308,0.1733,0,0,2.96215,0.195367,2.59348,0.66528,12.849,1,0.328754,4.856,0,126.572,4.12108,126.978,0.84672,12.849,0.84672,3695.15,0,18.483,0,4.4625,1.56882,19.947,0.982923,24.9954,0.42336,18.483,0.42336,0,0,442.007,0,1.02816,0,0,5.49066,4.4625,1.028160,1,0,154.567,0,0,0,154.567,0
72.29,1.85007,0,0,6.8295,0.278674,4.70075,3.6288,61.308,0.173601,0,0,3.9278,0.244512,3.50968,0.66528,12.849,1,0.328836,4.70075,0,145.002,4.64142,144.732,0.84672,12.849,0.84672,3695.15,0,18.483,0,4.75182,1.42509,17.2972,1.12321,22.3509,0.42336,18.483,0.42336,0,0,442.007,0,1.02816,0,0,5.77998,4.75182,1.028160,1,0,170.593,0,0,0,170.593,0
72.29,1.85053,0,0,5.9969,0.278674,3.86769,3.6288,61.308,0.173902,0,0,3.50713,0.244512,3.08872,0.66528,12.849,1,0.328918,3.86769,0,135.102,4.64142,133.999,0.84672,12.849,0.84672,3695.15,0,18.483,0,4.68464,1.42545,18.5495,1.12321,23.5364,0.42336,18.483,0.42336,0,0,442.007,0,1.02816,0,0,5.7128,4.68464,1.028160,1,0,160.624,0,0,0,160.624,0
72.29,1.851,0,0,5.52643,0.278674,3.39676,3.6288,61.308,0.174204,0,0,3.25745,0.244512,2.83874,0.66528,12.849,1,0.329001,3.39676,0,134.613,4.64142,133.039,0.84672,12.849,0.84672,3695.15,0,18.483,0,4.14131,1.42581,20.0547,1.12454,24.4973,0.42336,18.483,0.42336,0,0,442.007,0,1.02816,0,0,5.16947,4.14131,1.028160,1,0,160.375,0,0,0,160.375,0
72.29,1.85146,0,0,7.88874,0.24678,5.7905,3.6288,61.308,0.174505,0,0,5.64674,0.234425,5.23781,0.66528,12.849,1,0.329083,5.7905,0,165.631,4.60381,166.489,0.84672,12.849,0.84672,3695.15,0,18.483,0,5.15554,1.42617,23.2328,1.07872,28.7358,0.42336,18.483,0.42336,0,0,442.007,0,1.02816,0,0,6.1837,5.15554,1.028160,1,0,200.463,0,0,0,200.463,0
72.0289,1.90993,0,0,2.28111,0.26943,0.36288,3.6288,61.308,0.213696,0,0,0.833979,0.192548,0.427736,0.66528,12.849,1,0.339476,0.36288,0,46.7561,3.01171,43.7677,0.84672,12.849,0.84672,3695.15,0,18.483,0,0.949311,1.42652,9.49216,0.824261,11.0437,0.42336,18.483,0.42336,0,0,442.007,0,1.02816,0,0,1.97747,0.949311,1.028160,1,0,55.2392,0,0,0,55.2392,0
71.0634,1.9083,0,0,1.57462,0.268896,0.36288,3.6288,61.308,0.213995,0,0,0.906906,0.192548,0.500363,0.66528,12.849,1,0.340415,0.36288,0,32.0181,3.01171,29.0289,0.84672,12.849,0.84672,3695.15,0,18.483,0,0.733873,1.47251,5.35151,0.824261,6.73363,0.42336,18.483,0.42336,0,0,442.007,0,1.02816,0,0,1.76203,0.733873,1.028160,1,0,36.2629,0,0,0,36.2629,0
71.6458,1.90093,0,0,3.1131,0.266922,0.36288,3.6288,61.308,0.214294,0,0,1.80488,0.192548,1.39804,0.66528,12.849,1,0.343708,0.36288,0,82.931,3.01171,79.9384,0.84672,12.849,0.84672,3695.15,0,18.483,0,2.11327,1.47286,11.8447,0.824261,14.6066,0.42336,18.483,0.42336,0,0,442.007,0,1.02816,0,0,3.14143,2.11327,1.028160,1,0,95.9431,0,0,0,95.9431,0
72.29,1.90613,0,0,4.37664,0.268113,1.55819,3.6288,61.308,0.214593,0,0,3.67144,0.192548,3.2643,0.66528,12.849,1,0.341846,1.55819,0,133.943,3.01171,132.148,0.84672,12.849,0.84672,3695.15,0,18.483,0,5.11869,1.47322,20.4551,0.824261,26.2228,0.42336,18.483,0.42336,0,0,442.007,0,1.02816,0,0,6.14685,5.11869,1.028160,1,0,161.635,0,0,0,161.635,0
72.29,2.09824,0,0,4.29736,0.307547,1.89158,3.6288,61.308,0.361049,0,0,2.86384,0.187077,2.31571,0.66528,12.849,1,0.372946,1.89158,0,141.07,3.18928,139.399,0.84672,12.849,0.84672,3695.15,0,18.483,0,4.70635,1.47357,19.0973,0.907526,24.3696,0.42336,18.483,0.42336,0,0,442.007,0,1.02816,0,0,5.73451,4.70635,1.028160,1,0,166.084,0,0,0,166.084,0
72.29,2.09875,0,0,3.52759,0.301187,1.12766,3.6288,61.308,0.361383,0,0,1.46845,0.166132,0.940931,0.66528,12.849,1,0.373036,1.12766,0,103.395,3.00237,101.147,0.84672,12.849,0.84672,3695.15,0,18.483,0,2.87279,1.63694,12.1567,0.887839,15.7786,0.42336,18.483,0.42336,0,0,442.007,0,1.02816,0,0,3.90095,2.87279,1.028160,1,0,117.867,0,0,0,117.867,0
72.29,2.09925,0,0,3.60817,0.301187,1.20773,3.6288,61.308,0.361718,0,0,1.3952,0.166132,0.867346,0.66528,12.849,1,0.373126,1.20773,0,97.6398,3.00237,95.472,0.84672,12.849,0.84672,3695.15,0,18.483,0,2.54934,1.63733,9.00737,0.887839,12.3062,0.42336,18.483,0.42336,0,0,442.007,0,1.02816,0,0,3.5775,2.54934,1.028160,1,0,108.646,0,0,0,108.646,0
72.29,2.09976,0,0,3.13459,0.295993,0.738843,3.6288,61.308,0.362052,0,0,1.4946,0.177197,0.955349,0.66528,12.849,1,0.373216,0.738843,0,89.4871,3.26445,86.5883,0.84672,12.849,0.84672,3695.15,0,18.483,0,2.63376,1.63773,9.68319,0.969831,12.9848,0.42336,18.483,0.42336,0,0,442.007,0,1.02816,0,0,3.66192,2.63376,1.028160,1,0,100.528,0,0,0,100.528,0
72.29,1.83404,0,0,4.3487,0.303313,2.21135,3.6288,61.308,0.166054,0,0,2.68377,0.139483,2.37823,0.66528,12.849,1,0.325987,2.21135,0,97.7357,3.213,96.408,0.84672,12.849,0.84672,3695.15,0,18.483,0,3.52902,1.63812,10.8349,1.04111,14.9609,0.42336,18.483,0.42336,0,0,442.007,0,1.02816,0,0,4.55718,3.52902,1.028160,1,0,113.747,0,0,0,113.747,0
72.29,1.83448,0,0,6.58158,0.323112,4.42399,3.6288,61.308,0.166341,0,0,5.14428,0.0999909,4.87795,0.66528,12.849,1,0.326065,4.42399,0,145.809,2.46089,147.446,0.84672,12.849,0.84672,3695.15,0,18.483,0,5.52582,1.41532,16.7424,0.842764,22.8408,0.42336,18.483,0.42336,0,0,442.007,0,1.02816,0,0,6.55398,5.52582,1.028160,1,0,175.164,0,0,0,175.164,0
72.29,1.83492,0,0,8.35341,0.324365,6.19412,3.6288,61.308,0.166629,0,0,7.82193,0.115289,7.54001,0.66528,12.849,1,0.326144,6.19412,0,184.27,2.894,187.244,0.84672,12.849,0.84672,3695.15,0,18.483,0,10.0804,1.41566,26.5944,0.909463,37.181,0.42336,18.483,0.42336,0,0,442.007,0,1.02816,0,0,11.1085,10.0804,1.028160,1,0,231.965,0,0,0,231.965,0
72.29,1.83536,0,0,5.58688,0.327497,3.42402,3.6288,61.308,0.166916,0,0,4.22535,0.153535,3.9049,0.66528,12.849,1,0.326222,3.42402,0,146.391,3.97677,145.512,0.84672,12.849,0.84672,3695.15,0,18.483,0,4.98222,1.416,15.8079,1.07621,21.1299,0.42336,18.483,0.42336,0,0,442.007,0,1.02816,0,0,6.01038,4.98222,1.028160,1,0,170.547,0,0,0,170.547,0
72.29,1.83581,0,0,5.53262,0.327388,3.36942,3.6288,61.308,0.167204,0,0,7.14971,0.150613,6.8319,0.66528,12.849,1,0.326301,3.36942,0,132.618,3.93624,131.725,0.84672,12.849,0.84672,3695.15,0,18.483,0,6.64096,1.41634,18.4648,1.06851,25.4536,0.42336,18.483,0.42336,0,0,442.007,0,1.02816,0,0,7.66912,6.64096,1.028160,1,0,164.01,0,0,0,164.01,0
72.29,1.90334,0,0,3.91884,0.326732,1.68876,3.6288,61.308,0.21558,0,0,3.05977,0.13308,2.71111,0.66528,12.849,1,0.338304,1.68876,0,73.5212,3.69306,71.1786,0.84672,12.849,0.84672,3695.15,0,18.483,0,3.15462,1.41668,10.4474,1.02228,13.9964,0.42336,18.483,0.42336,0,0,442.007,0,1.02816,0,0,4.18278,3.15462,1.028160,1,0,87.8861,0,0,0,87.8861,0
72.29,1.9038,0,0,4.1684,0.326732,1.93787,3.6288,61.308,0.215879,0,0,4.79226,0.13308,4.4433,0.66528,12.849,1,0.338386,1.93787,0,85.6993,3.69306,83.6057,0.84672,12.849,0.84672,3695.15,0,18.483,0,3.72971,1.47219,10.7778,1.02228,14.9574,0.42336,18.483,0.42336,0,0,442.007,0,1.02816,0,0,4.75787,3.72971,1.028160,1,0,103.006,0,0,0,103.006,0
72.29,1.90426,0,0,3.00363,0.326732,0.772638,3.6288,61.308,0.216178,0,0,2.54228,0.13308,2.19302,0.66528,12.849,1,0.338467,0.772638,0,54.8136,3.69306,51.5547,0.84672,12.849,0.84672,3695.15,0,18.483,0,2.1335,1.47255,8.44767,1.02228,11.0314,0.42336,18.483,0.42336,0,0,442.007,0,1.02816,0,0,3.16166,2.1335,1.028160,1,0,64.7792,0,0,0,64.7792,0
72.29,1.90471,0,0,2.77819,0.326732,0.546745,3.6288,61.308,0.216478,0,0,2.87411,0.13308,2.52456,0.66528,12.849,1,0.338549,0.546745,0,62.9135,3.69306,59.4286,0.84672,12.849,0.84672,3695.15,0,18.483,0,2.23289,1.4729,8.7556,1.02228,11.4391,0.42336,18.483,0.42336,0,0,442.007,0,1.02816,0,0,3.26105,2.23289,1.028160,1,0,73.3923,0,0,0,73.3923,0
72.1357,1.87891,0,0,2.36698,0.279496,0.36288,3.6288,61.308,0.198082,0,0,1.1083,0.172866,0.737357,0.66528,12.849,1,0.333963,0.36288,0,51.6354,3.70101,47.9633,0.84672,12.849,0.84672,3695.15,0,18.483,0,1.12163,1.47326,5.82857,1.06039,7.36306,0.42336,18.483,0.42336,0,0,442.007,0,1.02816,0,0,2.14979,1.12163,1.028160,1,0,56.0637,0,0,0,56.0637,0
71.7719,1.87815,0,0,2.1589,0.28171,0.36288,3.6288,61.308,0.198377,0,0,0.928247,0.173946,0.555924,0.66528,12.849,1,0.334541,0.36288,0,44.8156,3.63447,41.2095,0.84672,12.849,0.84672,3695.15,0,18.483,0,1.05176,1.45211,6.74114,1.05339,8.19163,0.42336,18.483,0.42336,0,0,442.007,0,1.02816,0,0,2.07992,1.05176,1.028160,1,0,49.957,0,0,0,49.957,0
72.29,1.87572,0,0,3.1516,0.280931,0.476791,3.6288,61.308,0.198672,0,0,1.08621,0.173946,0.713594,0.66528,12.849,1,0.335803,0.476791,0,52.8236,3.63447,49.3301,0.84672,12.849,0.84672,3695.15,0,18.483,0,1.29693,1.45246,6.07057,1.05339,7.76658,0.42336,18.483,0.42336,0,0,442.007,0,1.02816,0,0,2.32509,1.29693,1.028160,1,0,57.8103,0,0,0,57.8103,0
72.1543,1.88027,0,0,2.35148,0.243984,0.36288,3.6288,61.308,0.198967,0,0,0.993557,0.182872,0.611718,0.66528,12.849,1,0.334204,0.36288,0,51.2657,3.90537,47.389,0.84672,12.849,0.84672,3695.15,0,18.483,0,1.06424,1.45281,5.40572,1.00324,6.91953,0.42336,18.483,0.42336,0,0,442.007,0,1.02816,0,0,2.0924,1.06424,1.028160,1,0,54.9203,0,0,0,54.9203,0
71.7976,1.96882,0,0,2.20154,0.226581,0.36288,3.6288,61.308,0.265623,0,0,0.942045,0.200086,0.476336,0.66528,12.849,1,0.350601,0.36288,0,46.9183,4.19738,42.7332,0.84672,12.849,0.84672,3695.15,0,18.483,0,0.780494,1.45316,5.35201,1.00444,6.58123,0.42336,18.483,0.42336,0,0,442.007,0,1.02816,0,0,1.80865,0.780494,1.028160,1,0,49.7908,0,0,0,49.7908,0
71.5221,1.96634,0,0,2.24509,0.191422,0.36288,3.6288,61.308,0.265934,0,0,0.889739,0.200979,0.422825,0.66528,12.849,1,0.351898,0.36288,0,48.0614,3.93782,44.1345,0.84672,12.849,0.84672,3695.15,0,18.483,0,0.783311,1.52875,5.4952,1.02482,6.78245,0.42336,18.483,0.42336,0,0,442.007,0,1.02816,0,0,1.81147,0.783311,1.028160,1,0,51.3398,0,0,0,51.3398,0
71.1034,1.96451,0,0,2.07707,0.16832,0.36288,3.6288,61.308,0.266246,0,0,0.904504,0.206334,0.431925,0.66528,12.849,1,0.352926,0.36288,0,43.5405,4.10035,39.4501,0.84672,12.849,0.84672,3695.15,0,18.483,0,0.786836,1.52912,5.42217,0.994727,6.7434,0.42336,18.483,0.42336,0,0,442.007,0,1.02816,0,0,1.815,0.786836,1.028160,1,0,46.6254,0,0,0,46.6254,0
70.6237,1.96146,0,0,2.01237,0.167782,0.36288,3.6288,61.308,0.266557,0,0,0.947799,0.206334,0.474908,0.66528,12.849,1,0.354453,0.36288,0,41.3139,4.10035,37.222,0.84672,12.849,0.84672,3695.15,0,18.483,0,0.720783,1.52948,5.62853,0.994727,6.88407,0.42336,18.483,0.42336,0,0,442.007,0,1.02816,0,0,1.74894,0.720783,1.028160,1,0,44.5809,0,0,0,44.5809,0
69.9436,1.95787,0,0,1.80153,0.160842,0.36288,3.6288,61.308,0.266868,0,0,0.840292,0.209545,0.363879,0.66528,12.849,1,0.356207,0.36288,0,36.8299,4.18209,32.6545,0.84672,12.849,0.84672,3695.15,0,18.483,0,0.519575,1.52985,4.70575,1.01749,5.73768,0.42336,18.483,0.42336,0,0,442.007,0,1.02816,0,0,1.54774,0.519575,1.028160,1,0,38.756,0,0,0,38.756,0
68.7461,1.93502,0,0,1.22263,0.122257,0.36288,3.6288,61.1973,0.491556,0,0,0.609623,0.228808,0,0.66528,12.849,1,0.355472,0.36288,0,23.2204,4.6725,18.5553,0.84672,12.849,0.84672,3695.15,0,18.483,0,0.30119,1.53022,2.53414,1.15408,3.21147,0.42336,18.483,0.42336,0,0,442.007,0,0.840301,0,0,1.14149,0.30119,1.028160,1,0,21.7668,0,0,0,21.7668,0
67.4548,1.92511,0,0,1.11782,0.121126,0.36288,3.6288,61.1326,0.430999,0,0,0.594996,0.228648,0,0.66528,12.849,1,0.359812,0.36288,0,22.8926,4.6725,18.2232,0.84672,12.849,0.84672,3695.15,0,18.483,0,0.261274,1.55406,2.50299,1.15408,3.16424,0.42336,18.483,0.42336,0,0,442.007,0,0.901178,0,0,1.16245,0.261274,1.028160,1,0,21.3874,0,0,0,21.3874,0
66.0795,1.9141,0,0,1.0216,0.119907,0.36288,3.6288,60.8601,0.600344,0,0,0.55641,0.228554,0,0.66528,12.849,1,0.364603,0.36288,0,21.5324,4.6725,16.8582,0.84672,12.849,0.84672,3695.15,0,18.483,0,0.261274,1.55443,2.38179,1.15408,3.04341,0.42336,18.483,0.42336,0,0,442.007,0,0.732154,0,0,0.993427,0.261274,1.028160,1,0,19.9016,0,0,0,19.9016,0
64.6535,1.902,0,0,0.939384,0.100464,0.36288,3.6288,60.5155,0.59999,0,0,0.527275,0.271912,0,0.66528,12.849,1,0.36984,0.36288,0,19.2789,5.2371,14.0349,0.84672,12.849,0.84672,3695.15,0,18.483,0,0.261274,1.5548,2.26781,1.36017,2.72372,0.42336,18.483,0.42336,0,0,442.007,0,0.732828,0,0,0.994101,0.261274,1.028160,1,0,16.7586,0,0,0,16.7586,0
63.2028,1.93315,0,0,0.934623,0.0893302,0.36288,3.6288,59.9453,0.761009,0,0,0.495228,0.304368,0,0.66528,12.849,1,0.384186,0.36288,0,17.8813,5.88726,11.9727,0.84672,12.849,0.84672,3695.15,0,18.483,0,0.261274,1.55518,2.28425,1.47705,2.62365,0.42336,18.483,0.42336,0,0,442.007,0,0.604705,0,0,0.865979,0.261274,1.028160,1,0,14.5963,0,0,0,14.5963,0
61.8991,1.91923,0,0,1.06125,0.0828867,0.36288,3.6288,59.7136,0.588183,0,0,0.666026,0.309554,0,0.66528,12.849,1,0.390176,0.36288,0,24.2692,6.03109,18.2108,0.84672,12.849,0.84672,3695.15,0,18.483,0,0.261274,1.59298,2.75303,1.49346,3.11383,0.42336,18.483,0.42336,0,0,442.007,0,0.777859,0,0,1.03913,0.261274,1.028160,1,0,21.3246,0,0,0,21.3246,0
60.5138,1.90638,0,0,0.965969,0.082006,0.36288,3.6288,59.4217,0.532213,0,0,0.549334,0.309096,0,0.66528,12.849,1,0.395727,0.36288,0,19.5474,6.03109,13.4835,0.84672,12.849,0.84672,3695.15,0,18.483,0,0.227405,1.59337,2.55819,1.49346,2.8855,0.42336,18.483,0.42336,0,0,442.007,0,0.834157,0,0,1.06156,0.227405,1.028160,1,0,16.369,0,0,0,16.369,0
59.0561,1.89228,0,0,0.87855,0.0810702,0.36288,3.6288,58.9267,0.697998,0,0,0.511587,0.30852,0,0.66528,12.849,1,0.401792,0.36288,0,18.2226,6.03109,12.1526,0.84672,12.849,0.84672,3695.15,0,18.483,0,0.227405,1.59375,2.27985,1.49346,2.60754,0.42336,18.483,0.42336,0,0,442.007,0,0.668701,0,0,0.896106,0.227405,1.028160,1,0,14.7602,0,0,0,14.7602,0
57.5804,2.00229,0,0,0.965632,0.0761161,0.36288,3.6288,58.5946,0.621362,0,0,0.607413,0.318226,0,0.66528,12.849,1,0.435643,0.36288,0,19.3411,6.27539,12.9929,0.84672,12.849,0.84672,3695.15,0,18.483,0,0.227405,1.59413,3.1776,1.51923,3.47991,0.42336,18.483,0.42336,0,0,442.007,0,0.863361,0,0,1.09077,0.227405,1.028160,1,0,16.4728,0,0,0,16.4728,0
56.1329,1.98513,0,0,0.966021,0.06555,0.36288,3.6288,58.1023,0.736666,0,0,0.588635,0.344199,0,0.66528,12.849,1,0.44298,0.36288,0,23.1295,6.88611,16.1633,0.84672,12.849,0.84672,3695.15,0,18.483,0,0.227405,1.7214,2.74612,1.58364,3.11129,0.42336,18.483,0.42336,0,0,442.007,0,0.748414,0,0,0.975819,0.227405,1.028160,1,0,19.2746,0,0,0,19.2746,0
54.7663,1.96773,0,0,1.02867,0.0646211,0.36288,3.6288,57.9961,0.487119,0,0,0.72405,0.34311,0,0.66528,12.849,1,0.45042,0.36288,0,29.4331,6.88611,22.4595,0.84672,12.849,0.84672,3695.15,0,18.483,0,0.204422,1.72182,3.06731,1.58364,3.40991,0.42336,18.483,0.42336,0,0,442.007,0,0.998317,0,0,1.20274,0.204422,1.028160,1,0,25.8694,0,0,0,25.8694,0
53.2352,1.95077,0,0,0.846297,0.0637441,0.36288,3.6288,57.3124,0.868215,0,0,0.527312,0.342874,0,0.66528,12.849,1,0.457679,0.36288,0,26.9654,6.88611,19.9845,0.84672,12.849,0.84672,3695.15,0,18.483,0,0.204422,1.72223,2.51226,1.58364,2.85527,0.42336,18.483,0.42336,0,0,442.007,0,0.617579,0,0,0.822001,0.204422,1.028160,1,0,22.8398,0,0,0,22.8398,0
51.9332,1.93102,0,0,1.05461,0.0627616,0.36288,3.6288,57.4265,0.457991,0,0,0.913475,0.341361,0,0.66528,12.849,1,0.466077,0.36288,0,26.285,6.88611,19.2956,0.84672,12.849,0.84672,3695.15,0,18.483,0,0.596238,1.72264,3.91829,1.58364,4.65353,0.42336,18.483,0.42336,0,0,442.007,0,1.02816,0,0,1.6244,0.596238,1.028160,1,0,23.9492,0,0,0,23.9492,0
50.3587,1.85532,0,0,0.70454,0.0607811,0.36288,3.6288,56.8843,0.69028,0,0,0.53129,0.383161,0,0.66528,12.849,1,0.459033,0.36288,0,17.6883,6.85056,10.7416,0.84672,12.849,0.84672,3695.15,0,18.483,0,0.204422,1.72306,2.54539,1.66779,2.80507,0.42336,18.483,0.42336,0,0,442.007,0,0.724706,0,0,0.929128,0.204422,1.028160,1,0,13.5467,0,0,0,13.5467,0
48.7835,1.83419,0,0,0.723643,0.10184,0.36288,3.6288,56.2785,0.776424,0,0,0.512151,0.341573,0,0.66528,12.849,1,0.467992,0.36288,0,13.5311,6.38964,7.03635,0.84672,12.849,0.84672,3695.15,0,18.483,0,0.216518,1.65067,2.20481,1.50102,2.57098,0.42336,18.483,0.42336,0,0,442.007,0,0.638902,0,0,0.85542,0.216518,1.028160,1,0,9.60733,0,0,0,9.60733,0
47.5774,1.81219,0,0,1.08528,0.116271,0.36288,3.6288,55.9733,0.56778,0,0,0.58944,0.326865,0,0.66528,12.849,1,0.477309,0.36288,0,16.4791,6.27921,10.0854,0.84672,12.849,0.84672,3695.15,0,18.483,0,0.216518,1.65107,2.34513,1.46309,2.74963,0.42336,18.483,0.42336,0,0,442.007,0,0.847886,0,0,1.0644,0.216518,1.028160,1,0,12.8351,0,0,0,12.8351,0
46.7702,1.79483,0,0,1.46531,0.114754,0.36288,3.6288,56.2117,0.387846,0,0,0.952517,0.326213,0,0.66528,12.849,1,0.48472,0.36288,0,32.8845,6.27921,26.4835,0.84672,12.849,0.84672,3695.15,0,18.483,0,0.702536,1.65146,3.6941,1.46309,4.58501,0.42336,18.483,0.42336,0,0,442.007,0,1.02816,0,0,1.7307,0.702536,1.028160,1,0,31.0685,0,0,0,31.0685,0
45.7892,1.73698,0,0,1.27312,0.154293,0.36288,3.6288,56.4281,0.323021,0,0,0.825267,0.285936,0,0.66528,12.849,1,0.477193,0.36288,0,40.0538,5.47383,34.4657,0.84672,12.849,0.84672,3695.15,0,18.483,0,0.641244,1.65186,2.86959,1.31741,3.84528,0.42336,18.483,0.42336,0,0,442.007,0,1.02816,0,0,1.6694,0.641244,1.028160,1,0,38.311,0,0,0,38.311,0
45.0711,1.72259,0,0,1.55007,0.182705,0.36288,3.6288,56.8325,0.323345,0,0,0.983543,0.255707,0,0.66528,12.849,1,0.48338,0.36288,0,24.9992,4.86979,20.0089,0.84672,12.849,0.84672,3695.15,0,18.483,0,1.12828,1.5875,3.3661,1.20815,4.87373,0.42336,18.483,0.42336,0,0,442.007,0,1.02816,0,0,2.15644,1.12828,1.028160,1,0,24.8827,0,0,0,24.8827,0
48.9292,1.71192,0,0,6.09443,0.161494,0.36288,3.6288,57.865,0.32367,0,0,1.59447,0.238338,0,0.66528,12.849,1,0.48804,0.36288,0,62.7834,4.44156,58.2167,0.84672,12.849,0.84672,3695.15,0,18.483,0,2.24893,1.58788,9.00688,1.23665,11.607,0.42336,18.483,0.42336,0,0,442.007,0,1.02816,0,0,3.27709,2.24893,1.028160,1,0,69.8237,0,0,0,69.8237,0
51.1988,1.76956,0,0,4.59689,0.194874,0.36288,3.6288,59.0526,0.323995,0,0,1.71047,0.19893,0,0.66528,12.849,1,0.464692,0.36288,0,74.1383,3.55215,70.4843,0.84672,12.849,0.84672,3695.15,0,18.483,0,2.33626,1.58826,9.43289,1.03203,12.3254,0.42336,18.483,0.42336,0,0,442.007,0,1.02816,0,0,3.36442,2.33626,1.028160,1,0,82.8097,0,0,0,82.8097,0
51.6027,1.6655,0,0,2.64067,0.208431,0.36288,3.6288,59.9071,0.188467,0,0,1.23905,0.196079,0,0.66528,12.849,1,0.417979,0.36288,0,65.3995,3.59652,61.7479,0.84672,12.849,0.84672,3695.15,0,18.483,0,1.25791,1.58864,4.60612,1.00614,6.44653,0.42336,18.483,0.42336,0,0,442.007,0,1.02816,0,0,2.28607,1.25791,1.028160,1,0,68.1944,0,0,0,68.1944,0
51.0107,1.67087,0,0,1.67321,0.231437,0.36288,3.6288,60.6408,0.18876,0,0,1.10864,0.18615,0,0.66528,12.849,1,0.416044,0.36288,0,42.1161,3.70744,38.3555,0.84672,12.849,0.84672,3695.15,0,18.483,0,0.821932,1.44309,3.31264,0.941419,4.63624,0.42336,18.483,0.42336,0,0,442.007,0,1.02816,0,0,1.85009,0.821932,1.028160,1,0,42.9917,0,0,0,42.9917,0
51.322,1.66397,0,0,2.56821,0.230013,0.36288,3.6288,61.308,0.189052,0,0,1.26881,0.187021,0.225529,0.66528,12.849,1,0.419136,0.36288,0,38.3164,3.70744,34.5527,0.84672,12.849,0.84672,3695.15,0,18.483,0,1.03615,1.44343,4.32597,0.941419,5.86414,0.42336,18.483,0.42336,0,0,442.007,0,1.02816,0,0,2.06431,1.03615,1.028160,1,0,40.6424,0,0,0,40.6424,0
55.3833,1.66822,0,0,6.32839,0.23601,0.36288,3.6288,61.308,0.189345,0,0,4.12533,0.193703,3.74228,0.66528,12.849,1,0.417657,0.36288,0,134.39,3.81927,130.516,0.84672,12.849,0.84672,3695.15,0,18.483,0,3.73214,1.44378,9.60707,0.957834,13.8252,0.42336,18.483,0.42336,0,0,442.007,0,1.02816,0,0,4.7603,3.73214,1.028160,1,0,148.084,0,0,0,148.084,0
58.3317,1.71633,0,0,5.30647,0.278831,0.36288,3.6288,61.308,0.189637,0,0,3.26367,0.229043,2.84499,0.66528,12.849,1,0.398192,0.36288,0,179.661,4.49022,175.135,0.84672,12.849,0.84672,3695.15,0,18.483,0,3.06658,1.44413,10.402,1.05632,13.8564,0.42336,18.483,0.42336,0,0,442.007,0,1.02816,0,0,4.09474,3.06658,1.028160,1,0,191.837,0,0,0,191.837,0
60.7884,1.80345,0,0,4.8634,0.240432,0.36288,3.6288,61.308,0.229308,0,0,1.69235,0.250698,1.21234,0.66528,12.849,1,0.397255,0.36288,0,121.945,5.01951,116.891,0.84672,12.849,0.84672,3695.15,0,18.483,0,3.32347,1.44447,9.93246,1.27142,13.429,0.42336,18.483,0.42336,0,0,442.007,0,1.02816,0,0,4.35163,3.32347,1.028160,1,0,131.532,0,0,0,131.532,0
70.1064,1.82971,0,0,11.7487,0.238081,0.36288,3.6288,61.308,0.229598,0,0,2.97677,0.254308,2.49286,0.66528,12.849,1,0.38675,0.36288,0,315.09,5.10772,309.958,0.84672,12.849,0.84672,3695.15,0,18.483,0,4.17096,1.49102,19.8726,1.30727,24.2273,0.42336,18.483,0.42336,0,0,442.007,0,1.02816,0,0,5.19912,4.17096,1.028160,1,0,336.678,0,0,0,336.678,0
72.29,1.91678,0,0,5.78121,0.256523,1.42432,3.6288,61.308,0.229888,0,0,1.59522,0.254308,1.11103,0.66528,12.849,1,0.351305,1.42432,0,214.198,5.10772,210.163,0.84672,12.849,0.84672,3695.15,0,18.483,0,2.55497,1.49136,11.7627,1.30727,14.5017,0.42336,18.483,0.42336,0,0,442.007,0,1.02816,0,0,3.58313,2.55497,1.028160,1,0,225.776,0,0,0,225.776,0
72.29,1.93528,0,0,4.05275,0.255042,1.86243,3.6288,61.308,0.230177,0,0,1.04446,0.229388,0.584899,0.66528,12.849,1,0.343981,1.86243,0,108.341,4.89328,104.966,0.84672,12.849,0.84672,3695.15,0,18.483,0,1.7374,1.49171,7.19237,1.19345,9.22803,0.42336,18.483,0.42336,0,0,442.007,0,1.02816,0,0,2.76556,1.7374,1.028160,1,0,114.779,0,0,0,114.779,0
72.29,2.12453,0,0,5.14069,0.26895,2.74721,3.6288,61.308,0.378455,0,0,1.34653,0.196488,0.771583,0.66528,12.849,1,0.377619,2.74721,0,107.64,4.22796,105.781,0.84672,12.849,0.84672,3695.15,0,18.483,0,2.61227,1.49205,8.50513,0.976698,11.6328,0.42336,18.483,0.42336,0,0,442.007,0,1.02816,0,0,3.64043,2.61227,1.028160,1,0,118.186,0,0,0,118.186,0
72.29,2.12502,0,0,6.62104,0.29834,4.19768,3.6288,61.308,0.378779,0,0,1.91322,0.224882,1.30955,0.66528,12.849,1,0.377706,4.19768,0,182.383,3.92941,182.274,0.84672,12.849,0.84672,3695.15,0,18.483,0,2.91512,1.65745,10.6068,0.974621,14.2048,0.42336,18.483,0.42336,0,0,442.007,0,1.02816,0,0,3.94328,2.91512,1.028160,1,0,197.788,0,0,0,197.788,0
72.29,2.12551,0,0,4.44427,0.29834,2.02042,3.6288,61.308,0.379103,0,0,1.24234,0.224882,0.638352,0.66528,12.849,1,0.377793,2.02042,0,119.616,3.92941,117.33,0.84672,12.849,0.84672,3695.15,0,18.483,0,1.60492,1.65783,6.51255,0.974621,8.80068,0.42336,18.483,0.42336,0,0,442.007,0,1.02816,0,0,2.63308,1.60492,1.028160,1,0,126.769,0,0,0,126.769,0
72.29,2.126,0,0,4.9508,0.29834,2.52646,3.6288,61.308,0.379427,0,0,1.1334,0.224882,0.529086,0.66528,12.849,1,0.37788,2.52646,0,101.625,3.92941,99.8437,0.84672,12.849,0.84672,3695.15,0,18.483,0,1.30428,1.65821,5.07095,0.974621,7.05881,0.42336,18.483,0.42336,0,0,442.007,0,1.02816,0,0,2.33244,1.30428,1.028160,1,0,107.432,0,0,0,107.432,0
72.29,1.85694,0,0,4.30462,0.314363,2.13331,3.6288,61.308,0.180967,0,0,1.28727,0.188075,0.918232,0.66528,12.849,1,0.330058,2.13331,0,134.609,3.28157,133.13,0.84672,12.849,0.84672,3695.15,0,18.483,0,1.42714,1.65859,6.06107,0.816642,8.33016,0.42336,18.483,0.42336,0,0,442.007,0,1.02816,0,0,2.4553,1.42714,1.028160,1,0,142.379,0,0,0,142.379,0
72.29,1.85737,0,0,6.29662,0.322717,4.11653,3.6288,61.308,0.181246,0,0,1.46456,0.169699,1.11361,0.66528,12.849,1,0.330134,4.11653,0,111.362,2.82566,112.323,0.84672,12.849,0.84672,3695.15,0,18.483,0,1.49808,1.43299,7.94566,0.692839,10.1839,0.42336,18.483,0.42336,0,0,442.007,0,1.02816,0,0,2.52624,1.49808,1.028160,1,0,123.62,0,0,0,123.62,0
72.29,1.8578,0,0,4.32055,0.322717,2.14004,3.6288,61.308,0.181524,0,0,1.20563,0.169699,0.854411,0.66528,12.849,1,0.33021,2.14004,0,100.904,2.82566,99.8881,0.84672,12.849,0.84672,3695.15,0,18.483,0,1.47199,1.43332,6.24517,0.692839,8.45764,0.42336,18.483,0.42336,0,0,442.007,0,1.02816,0,0,2.50015,1.47199,1.028160,1,0,109.2,0,0,0,109.2,0
72.29,1.85823,0,0,5.9087,0.322717,3.72775,3.6288,61.308,0.181803,0,0,1.27837,0.169699,0.926864,0.66528,12.849,1,0.330286,3.72775,0,112.183,2.82566,112.755,0.84672,12.849,0.84672,3695.15,0,18.483,0,1.2183,1.43365,7.12074,0.692839,9.07985,0.42336,18.483,0.42336,0,0,442.007,0,1.02816,0,0,2.24646,1.2183,1.028160,1,0,122.762,0,0,0,122.762,0
72.29,1.85865,0,0,4.97429,0.283465,2.83217,3.6288,61.308,0.182082,0,0,1.3462,0.188375,0.975741,0.66528,12.849,1,0.330362,2.83217,0,106.974,3.55756,105.919,0.84672,12.849,0.84672,3695.15,0,18.483,0,1.91211,1.43398,6.51741,0.878299,8.9852,0.42336,18.483,0.42336,0,0,442.007,0,1.02816,0,0,2.94027,1.91211,1.028160,1,0,115.88,0,0,0,115.88,0
72.29,1.92701,0,0,3.33628,0.318094,1.09117,3.6288,61.308,0.258919,0,0,1.19286,0.159667,0.774269,0.66528,12.849,1,0.342511,1.09117,0,52.0534,2.71509,50.087,0.84672,12.849,0.84672,3695.15,0,18.483,0,0.558835,1.43431,5.62546,0.742533,6.87607,0.42336,18.483,0.42336,0,0,442.007,0,1.00029,0,0,1.55912,0.558835,1.028160,1,0,57.7373,0,0,0,57.7373,0
72.29,1.92745,0,0,3.52104,0.318094,1.27549,3.6288,61.308,0.231336,0,0,1.17573,0.159667,0.784728,0.66528,12.849,1,0.34259,1.27549,0,67.207,2.71509,65.4248,0.84672,12.849,0.84672,3695.15,0,18.483,0,0.541123,1.4905,5.45633,0.742533,6.74542,0.42336,18.483,0.42336,0,0,442.007,0,1.02816,0,0,1.56928,0.541123,1.028160,1,0,72.955,0,0,0,72.955,0
72.29,1.9279,0,0,2.85294,0.318094,0.606945,3.6288,61.308,0.245718,0,0,0.94964,0.159667,0.544254,0.66528,12.849,1,0.342669,0.606945,0,46.696,2.71509,44.2452,0.84672,12.849,0.84672,3695.15,0,18.483,0,0.528595,1.49085,4.39926,0.742533,5.67617,0.42336,18.483,0.42336,0,0,442.007,0,1.01407,0,0,1.54266,0.528595,1.028160,1,0,50.4656,0,0,0,50.4656,0
72.29,1.92834,0,0,2.94521,0.310053,0.706818,3.6288,61.308,0.231916,0,0,0.815383,0.141974,0.441492,0.66528,12.849,1,0.342748,0.706818,0,46.4993,2.36436,44.499,0.84672,12.849,0.84672,3695.15,0,18.483,0,0.685904,1.49119,3.79412,0.693386,5.27782,0.42336,18.483,0.42336,0,0,442.007,0,1.02816,0,0,1.71406,0.685904,1.028160,1,0,50.2183,0,0,0,50.2183,0
72.29,1.9022,0,0,2.93934,0.274702,0.762433,3.6288,61.308,0.21328,0,0,0.969451,0.175621,0.58055,0.66528,12.849,1,0.338102,0.762433,0,56.3318,3.08218,53.6739,0.84672,12.849,0.84672,3695.15,0,18.483,0,0.686845,1.49153,4.26537,0.808064,5.63568,0.42336,18.483,0.42336,0,0,442.007,0,1.02816,0,0,1.71501,0.686845,1.028160,1,0,59.8901,0,0,0,59.8901,0
72.0923,1.90264,0,0,2.33645,0.268604,0.36288,3.6288,61.308,0.333973,0,0,0.863542,0.206773,0.322796,0.66528,12.849,1,0.33818,0.36288,0,44.3651,3.72004,40.6698,0.84672,12.849,0.84672,3695.15,0,18.483,0,0.528595,1.47011,3.96036,0.903082,5.05599,0.42336,18.483,0.42336,0,0,442.007,0,0.907753,0,0,1.43635,0.528595,1.028160,1,0,46.0485,0,0,0,46.0485,0
71.6687,1.9015,0,0,2.10897,0.268201,0.36288,3.6288,61.308,0.213852,0,0,0.866264,0.206773,0.445639,0.66528,12.849,1,0.338904,0.36288,0,40.7131,3.72004,37.017,0.84672,12.849,0.84672,3695.15,0,18.483,0,0.467916,1.47045,5.04122,0.903082,6.0765,0.42336,18.483,0.42336,0,0,442.007,0,1.02816,0,0,1.49608,0.467916,1.028160,1,0,43.5391,0,0,0,43.5391,0
72.29,1.89854,0,0,3.25958,0.267338,0.472415,3.6288,61.308,0.214138,0,0,1.05808,0.206773,0.63717,0.66528,12.849,1,0.340376,0.472415,0,51.1913,3.72004,47.6033,0.84672,12.849,0.84672,3695.15,0,18.483,0,0.702752,1.47079,4.54752,0.903082,5.81798,0.42336,18.483,0.42336,0,0,442.007,0,1.02816,0,0,1.73091,0.702752,1.028160,1,0,54.0584,0,0,0,54.0584,0
71.8894,1.99427,0,0,2.17433,0.2178,0.36288,3.6288,61.308,0.281604,0,0,0.881453,0.219502,0.380347,0.66528,12.849,1,0.354467,0.36288,0,43.3191,4.24337,39.0841,0.84672,12.849,0.84672,3695.15,0,18.483,0,0.510244,1.47113,3.89337,0.94376,4.93099,0.42336,18.483,0.42336,0,0,442.007,0,1.02816,0,0,1.5384,0.510244,1.028160,1,0,44.3954,0,0,0,44.3954,0
71.5081,1.99138,0,0,2.16931,0.196282,0.36288,3.6288,61.308,0.281906,0,0,0.892408,0.219351,0.391152,0.66528,12.849,1,0.355924,0.36288,0,40.3034,4.58711,35.7232,0.84672,12.849,0.84672,3695.15,0,18.483,0,0.552632,1.54763,3.53883,1.19505,4.44404,0.42336,18.483,0.42336,0,0,442.007,0,1.02816,0,0,1.58079,0.552632,1.028160,1,0,40.5584,0,0,0,40.5584,0
70.9085,1.98862,0,0,1.90097,0.149156,0.36288,3.6288,61.308,0.282207,0,0,0.710277,0.212604,0.215466,0.66528,12.849,1,0.357326,0.36288,0,34.888,4.39708,30.4964,0.84672,12.849,0.84672,3695.15,0,18.483,0,0.525554,1.54799,3.23342,1.15783,4.14912,0.42336,18.483,0.42336,0,0,442.007,0,1.02816,0,0,1.55371,0.525554,1.028160,1,0,34.861,0,0,0,34.861,0
70.2399,1.98396,0,0,1.81918,0.140942,0.36288,3.6288,61.308,0.282509,0,0,0.746807,0.214389,0.249909,0.66528,12.849,1,0.359505,0.36288,0,32.7797,4.45127,28.3318,0.84672,12.849,0.84672,3695.15,0,18.483,0,0.516836,1.54834,3.36855,1.1478,4.28592,0.42336,18.483,0.42336,0,0,442.007,0,1.02816,0,0,1.545,0.516836,1.028160,1,0,32.8677,0,0,0,32.8677,0
69.496,1.97865,0,0,1.7379,0.140219,0.36288,3.6288,61.308,0.282811,0,0,0.749969,0.214389,0.252769,0.66528,12.849,1,0.361954,0.36288,0,30.7981,4.45127,26.3478,0.84672,12.849,0.84672,3695.15,0,18.483,0,0.448762,1.5487,3.2391,1.1478,4.08876,0.42336,18.483,0.42336,0,0,442.007,0,1.02816,0,0,1.47692,0.448762,1.028160,1,0,30.6893,0,0,0,30.6893,0
68.8974,1.95492,0,0,1.83284,0.113672,0.36288,3.6288,61.308,0.320078,0,0,1.22966,0.242353,0.667231,0.66528,12.849,1,0.361442,0.36288,0,31.6139,4.85268,26.7627,0.84672,12.849,0.84672,3695.15,0,18.483,0,1.00209,1.54906,4.53003,1.17098,5.9102,0.42336,18.483,0.42336,0,0,442.007,0,1.02816,0,0,2.03025,1.00209,1.028160,1,0,33.3401,0,0,0,33.3401,0
68.1656,1.95011,0,0,1.69435,0.113144,0.36288,3.6288,61.308,0.320389,0,0,1.1888,0.242353,0.626062,0.66528,12.849,1,0.363685,0.36288,0,31.4229,4.85268,26.5694,0.84672,12.849,0.84672,3695.15,0,18.483,0,0.967749,1.57317,4.59344,1.17098,5.96338,0.42336,18.483,0.42336,0,0,442.007,0,1.02816,0,0,1.99591,0.967749,1.028160,1,0,33.1589,0,0,0,33.1589,0
67.2844,1.94403,0,0,1.53819,0.1125,0.36288,3.6288,61.308,0.320699,0,0,1.12305,0.242353,0.560001,0.66528,12.849,1,0.366444,0.36288,0,30.489,4.85268,25.6328,0.84672,12.849,0.84672,3695.15,0,18.483,0,0.771949,1.57353,4.31778,1.17098,5.49228,0.42336,18.483,0.42336,0,0,442.007,0,1.02816,0,0,1.80011,0.771949,1.028160,1,0,31.685,0,0,0,31.685,0
66.2909,1.93649,0,0,1.40844,0.102563,0.36288,3.6288,61.308,0.321009,0,0,1.06887,0.264291,0.483571,0.66528,12.849,1,0.369803,0.36288,0,26.8875,5.13498,21.7456,0.84672,12.849,0.84672,3695.15,0,18.483,0,0.698077,1.57389,4.1932,1.27402,5.19115,0.42336,18.483,0.42336,0,0,442.007,0,1.02816,0,0,1.72624,0.698077,1.028160,1,0,27.4203,0,0,0,27.4203,0
65.2454,1.97275,0,0,1.36721,0.0771118,0.36288,3.6288,61.308,0.354295,0,0,0.996391,0.318093,0.324003,0.66528,12.849,1,0.382373,0.36288,0,23.7938,5.82753,17.9468,0.84672,12.849,0.84672,3695.15,0,18.483,0,0.587779,1.57426,3.81369,1.48121,4.49451,0.42336,18.483,0.42336,0,0,442.007,0,1.02816,0,0,1.61594,0.587779,1.028160,1,0,22.7653,0,0,0,22.7653,0
64.3852,1.96311,0,0,1.54086,0.0750379,0.36288,3.6288,61.308,0.354613,0,0,1.31743,0.31731,0.645504,0.66528,12.849,1,0.386601,0.36288,0,31.7653,5.81763,25.924,0.84672,12.849,0.84672,3695.15,0,18.483,0,0.879932,1.61251,4.34017,1.44339,5.38922,0.42336,18.483,0.42336,0,0,442.007,0,1.02816,0,0,1.90809,0.879932,1.028160,1,0,31.9587,0,0,0,31.9587,0
63.3952,1.95508,0,0,1.40251,0.0745205,0.36288,3.6288,61.308,0.354931,0,0,1.08662,0.31731,0.414377,0.66528,12.849,1,0.390165,0.36288,0,25.5854,5.81763,19.7405,0.84672,12.849,0.84672,3695.15,0,18.483,0,0.921136,1.61288,4.03298,1.44339,5.12361,0.42336,18.483,0.42336,0,0,442.007,0,1.02816,0,0,1.9493,0.921136,1.028160,1,0,25.2784,0,0,0,25.2784,0
62.2884,1.94559,0,0,1.27558,0.073925,0.36288,3.6288,61.308,0.35525,0,0,1.01195,0.31731,0.339392,0.66528,12.849,1,0.394334,0.36288,0,23.8513,5.81763,18.0022,0.84672,12.849,0.84672,3695.15,0,18.483,0,0.617311,1.61325,3.59419,1.44339,4.38136,0.42336,18.483,0.42336,0,0,442.007,0,1.02816,0,0,1.64547,0.617311,1.028160,1,0,22.723,0,0,0,22.723,0
61.1414,2.06387,0,0,1.3394,0.0596472,0.36288,3.6288,61.308,0.474701,0,0,1.1961,0.321805,0.399589,0.66528,12.849,1,0.425741,0.36288,0,24.2562,6.01649,18.1768,0.84672,12.849,0.84672,3695.15,0,18.483,0,1.09374,1.61362,4.93952,1.48162,6.16526,0.42336,18.483,0.42336,0,0,442.007,0,1.02816,0,0,2.1219,1.09374,1.028160,1,0,24.7417,0,0,0,24.7417,0
59.7031,2.05147,0,0,1.01707,0.04099,0.36288,3.6288,61.308,0.475047,0,0,1.13237,0.312516,0.344804,0.66528,12.849,1,0.431121,0.36288,0,23.3736,6.16277,17.1426,0.84672,12.849,0.84672,3695.15,0,18.483,0,1.18174,1.74243,4.54783,1.50189,5.97011,0.42336,18.483,0.42336,0,0,442.007,0,1.02816,0,0,2.2099,1.18174,1.028160,1,0,23.4575,0,0,0,23.4575,0
58.1763,2.03533,0,0,0.911883,0.040472,0.36288,3.6288,61.308,0.475393,0,0,1.02648,0.312516,0.238575,0.66528,12.849,1,0.438033,0.36288,0,20.8661,6.16277,14.6282,0.84672,12.849,0.84672,3695.15,0,18.483,0,1.03827,1.74283,4.43482,1.50189,5.71403,0.42336,18.483,0.42336,0,0,442.007,0,1.02816,0,0,2.06643,1.03827,1.028160,1,0,20.5808,0,0,0,20.5808,0
56.8474,2.01757,0,0,1.09141,0.0398794,0.36288,3.6288,61.308,0.475739,0,0,1.10272,0.312516,0.314468,0.66528,12.849,1,0.445607,0.36288,0,21.595,6.16277,15.3495,0.84672,12.849,0.84672,3695.15,0,18.483,0,1.21604,1.74323,4.86444,1.50189,6.32183,0.42336,18.483,0.42336,0,0,442.007,0,1.02816,0,0,2.2442,1.21604,1.028160,1,0,21.9858,0,0,0,21.9858,0
56.2873,2.00166,0,0,1.86621,0.0617381,0.36288,3.6288,61.308,0.476085,0,0,1.41633,0.307153,0.633092,0.66528,12.849,1,0.452427,0.36288,0,35.8881,6.01434,29.7843,0.84672,12.849,0.84672,3695.15,0,18.483,0,1.5859,1.74363,5.38458,1.48368,7.23043,0.42336,18.483,0.42336,0,0,442.007,0,1.02816,0,0,2.61406,1.5859,1.028160,1,0,37.6478,0,0,0,37.6478,0
55.2818,1.93419,0,0,1.34768,0.0561592,0.36288,3.6288,61.308,0.404038,0,0,1.155,0.280954,0.470012,0.66528,12.849,1,0.441528,0.36288,0,15.5816,5.66268,9.84031,0.84672,12.849,0.84672,3695.15,0,18.483,0,0.810873,1.74404,5.06005,1.31708,6.29788,0.42336,18.483,0.42336,0,0,442.007,0,1.02816,0,0,1.83903,0.810873,1.028160,1,0,16.6082,0,0,0,16.6082,0
53.8885,1.92213,0,0,0.947445,0.0557521,0.36288,3.6288,61.308,0.404368,0,0,1.47055,0.278035,0.788143,0.66528,12.849,1,0.446756,0.36288,0,12.4131,5.56941,6.7598,0.84672,12.849,0.84672,3695.15,0,18.483,0,1.85481,1.67075,5.48529,1.29113,7.71973,0.42336,18.483,0.42336,0,0,442.007,0,1.02816,0,0,2.88297,1.85481,1.028160,1,0,15.2677,0,0,0,15.2677,0
52.352,1.90476,0,0,0.786136,0.0549741,0.36288,3.6288,61.308,0.404697,0,0,0.79094,0.278035,0.108208,0.66528,12.849,1,0.454165,0.36288,0,11.8935,5.56941,6.23278,0.84672,12.849,0.84672,3695.15,0,18.483,0,0.464365,1.67113,4.0851,1.29113,4.92948,0.42336,18.483,0.42336,0,0,442.007,0,1.02816,0,0,1.49253,0.464365,1.028160,1,0,11.2705,0,0,0,11.2705,0
51.1314,1.88486,0,0,1.1307,0.103583,0.36288,3.6288,61.308,0.405027,0,0,0.972873,0.232551,0.335295,0.66528,12.849,1,0.46261,0.36288,0,13.8808,4.94652,8.83451,0.84672,12.849,0.84672,3695.15,0,18.483,0,0.653694,1.67152,4.49522,1.09643,5.724,0.42336,18.483,0.42336,0,0,442.007,0,1.02816,0,0,1.68185,0.653694,1.028160,1,0,14.8938,0,0,0,14.8938,0
50.3643,1.82032,0,0,1.57143,0.155306,0.36288,3.6288,61.308,0.339401,0,0,1.46626,0.208529,0.91833,0.66528,12.849,1,0.457436,0.36288,0,34.6855,4.28381,30.3072,0.84672,12.849,0.84672,3695.15,0,18.483,0,1.1495,1.6719,10.0988,0.959608,11.9605,0.42336,18.483,0.42336,0,0,442.007,0,1.02816,0,0,2.17766,1.1495,1.028160,1,0,43.1861,0,0,0,43.1861,0
49.2299,1.81027,0,0,1.17679,0.138062,0.36288,3.6288,61.308,0.339715,0,0,0.688044,0.257361,0.0909683,0.66528,12.849,1,0.461837,0.36288,0,24.897,4.50754,20.2905,0.84672,12.849,0.84672,3695.15,0,18.483,0,0.731419,1.60674,5.57132,1.1233,6.78619,0.42336,18.483,0.42336,0,0,442.007,0,1.02816,0,0,1.75958,0.731419,1.028160,1,0,27.1677,0,0,0,27.1677,0
48.4977,1.79482,0,0,1.56856,0.143038,0.36288,3.6288,61.308,0.34003,0,0,0.955212,0.254938,0.360245,0.66528,12.849,1,0.468448,0.36288,0,43.8138,4.43606,39.2722,0.84672,12.849,0.84672,3695.15,0,18.483,0,1.37034,1.60711,7.94247,1.11291,9.807,0.42336,18.483,0.42336,0,0,442.007,0,1.02816,0,0,2.3985,1.37034,1.028160,1,0,49.4394,0,0,0,49.4394,0
49.7548,1.78475,0,0,3.5861,0.181377,0.36288,3.6288,61.308,0.340344,0,0,1.8707,0.240403,1.28995,0.66528,12.849,1,0.472853,0.36288,0,55.5447,4.00712,51.4276,0.84672,12.849,0.84672,3695.15,0,18.483,0,2.13768,1.60748,12.9267,1.05062,15.6212,0.42336,18.483,0.42336,0,0,442.007,0,1.02816,0,0,3.16584,2.13768,1.028160,1,0,68.3387,0,0,0,68.3387,0
50.4839,1.66725,0,0,2.94523,0.185945,0.36288,3.6288,61.308,0.203166,0,0,1.18937,0.233571,0.752637,0.66528,12.849,1,0.430562,0.36288,0,52.1051,4.04691,47.9905,0.84672,12.849,0.84672,3695.15,0,18.483,0,1.85851,1.60785,8.16705,1.06064,10.5728,0.42336,18.483,0.42336,0,0,442.007,0,1.02816,0,0,2.88667,1.85851,1.028160,1,0,59.3159,0,0,0,59.3159,0
51.8102,1.677,0,0,3.56617,0.200067,0.36288,3.6288,61.308,0.203449,0,0,1.00551,0.192575,0.609483,0.66528,12.849,1,0.426823,0.36288,0,59.1849,4.28568,54.8352,0.84672,12.849,0.84672,3695.15,0,18.483,0,1.02025,1.46052,10.488,1.12077,11.848,0.42336,18.483,0.42336,0,0,442.007,0,1.02816,0,0,2.04841,1.02025,1.028160,1,0,67.2927,0,0,0,67.2927,0
54.3521,1.69399,0,0,4.80165,0.202858,0.36288,3.6288,61.308,0.203732,0,0,1.74449,0.192575,1.34819,0.66528,12.849,1,0.420112,0.36288,0,83.8381,4.28568,79.4952,0.84672,12.849,0.84672,3695.15,0,18.483,0,2.82063,1.46086,13.2931,1.12077,16.4538,0.42336,18.483,0.42336,0,0,442.007,0,1.02816,0,0,3.84879,2.82063,1.028160,1,0,97.2971,0,0,0,97.2971,0
54.8547,1.72478,0,0,2.81016,0.219889,0.36288,3.6288,61.308,0.204015,0,0,1.52424,0.199945,1.12028,0.66528,12.849,1,0.407742,0.36288,0,59.3606,4.28559,55.0302,0.84672,12.849,0.84672,3695.15,0,18.483,0,2.35784,1.46119,10.7777,1.1201,13.4766,0.42336,18.483,0.42336,0,0,442.007,0,1.02816,0,0,3.386,2.35784,1.028160,1,0,69.6271,0,0,0,69.6271,0
57.0484,1.73097,0,0,4.52087,0.233341,0.36288,3.6288,61.308,0.204299,0,0,2.03566,0.237506,1.59386,0.66528,12.849,1,0.405458,0.36288,0,78.7588,4.98067,73.7355,0.84672,12.849,0.84672,3695.15,0,18.483,0,3.18355,1.46153,13.602,1.26203,16.9851,0.42336,18.483,0.42336,0,0,442.007,0,1.02816,0,0,4.21171,3.18355,1.028160,1,0,92.3145,0,0,0,92.3145,0
59.7026,1.81091,0,0,5.08474,0.256715,0.36288,3.6288,61.308,0.244434,0,0,2.30501,0.191586,1.86898,0.66528,12.849,1,0.407872,0.36288,0,117.612,4.13694,113.43,0.84672,12.849,0.84672,3695.15,0,18.483,0,4.29986,1.46186,16.1165,1.04924,20.8289,0.42336,18.483,0.42336,0,0,442.007,0,1.02816,0,0,5.32802,4.29986,1.028160,1,0,136.128,0,0,0,136.128,0
63.7422,1.84032,0,0,6.50396,0.26116,0.36288,3.6288,61.308,0.244715,0,0,2.52147,0.152624,2.12413,0.66528,12.849,1,0.396067,0.36288,0,152.523,3.33102,149.159,0.84672,12.849,0.84672,3695.15,0,18.483,0,4.97372,1.50896,19.2122,0.827304,24.8676,0.42336,18.483,0.42336,0,0,442.007,0,1.02816,0,0,6.00188,4.97372,1.028160,1,0,176.15,0,0,0,176.15,0
66.024,1.88177,0,0,4.79662,0.270206,0.36288,3.6288,61.308,0.244995,0,0,2.4514,0.152624,2.05378,0.66528,12.849,1,0.379322,0.36288,0,104.219,3.33102,100.872,0.84672,12.849,0.84672,3695.15,0,18.483,0,5.09539,1.50929,14.835,0.827304,20.6123,0.42336,18.483,0.42336,0,0,442.007,0,1.02816,0,0,6.12355,5.09539,1.028160,1,0,123.538,0,0,0,123.538,0
70.8934,1.90387,0,0,7.41133,0.275209,0.36288,3.6288,61.308,0.245276,0,0,2.86733,0.152624,2.46943,0.66528,12.849,1,0.370513,0.36288,0,134.711,3.33102,131.372,0.84672,12.849,0.84672,3695.15,0,18.483,0,5.73196,1.50962,20.1555,0.827304,26.5698,0.42336,18.483,0.42336,0,0,442.007,0,1.02816,0,0,6.76012,5.73196,1.028160,1,0,160.411,0,0,0,160.411,0
72.29,2.13727,0,0,9.4081,0.284978,5.58921,3.6288,61.308,0.395318,0,0,3.12176,0.152329,2.57411,0.66528,12.849,1,0.387367,5.58921,0,167.046,3.52266,168.725,0.84672,12.849,0.84672,3695.15,0,18.483,0,6.0703,1.50995,22.5501,0.879292,29.251,0.42336,18.483,0.42336,0,0,442.007,0,1.02816,0,0,7.09846,6.0703,1.028160,1,0,200.55,0,0,0,200.55,0
72.29,2.15047,0,0,4.87312,0.285739,2.4369,3.6288,61.308,0.395632,0,0,2.82057,0.15159,2.27335,0.66528,12.849,1,0.38223,2.4369,0,86.2428,4.00176,84.2957,0.84672,12.849,0.84672,3695.15,0,18.483,0,2.69431,1.67732,14.2905,1.00926,17.6528,0.42336,18.483,0.42336,0,0,442.007,0,1.02816,0,0,3.72247,2.69431,1.028160,1,0,104.222,0,0,0,104.222,0
72.29,2.15095,0,0,6.25984,0.285739,3.82315,3.6288,61.308,0.395945,0,0,2.2748,0.15159,1.72726,0.66528,12.849,1,0.382315,3.82315,0,133.755,4.00176,133.194,0.84672,12.849,0.84672,3695.15,0,18.483,0,4.57115,1.67769,17.1824,1.00926,22.4219,0.42336,18.483,0.42336,0,0,442.007,0,1.02816,0,0,5.59931,4.57115,1.028160,1,0,157.343,0,0,0,157.343,0
72.29,2.15142,0,0,5.71016,0.334194,3.22454,3.6288,61.308,0.396259,0,0,2.19931,0.135839,1.66721,0.66528,12.849,1,0.382399,3.22454,0,114.215,4.1142,112.943,0.84672,12.849,0.84672,3695.15,0,18.483,0,5.06784,1.67806,14.7062,0.962041,20.4901,0.42336,18.483,0.42336,0,0,442.007,0,1.02816,0,0,6.096,5.06784,1.028160,1,0,135.1,0,0,0,135.1,0
72.29,1.87913,0,0,9.21165,0.357017,6.9755,3.6288,61.308,0.195413,0,0,1.88821,0.170857,1.52194,0.66528,12.849,1,0.334001,6.9755,0,155.802,3.83657,158.607,0.84672,12.849,0.84672,3695.15,0,18.483,0,3.88195,1.67843,14.1926,0.995721,18.7572,0.42336,18.483,0.42336,0,0,442.007,0,1.02816,0,0,4.91011,3.88195,1.028160,1,0,178.886,0,0,0,178.886,0
72.29,1.87954,0,0,5.53807,0.319834,3.33869,3.6288,61.308,0.195683,0,0,2.00467,0.164954,1.64403,0.66528,12.849,1,0.334074,3.33869,0,116.727,3.37082,116.361,0.84672,12.849,0.84672,3695.15,0,18.483,0,2.17325,1.45011,9.12211,0.949706,11.7958,0.42336,18.483,0.42336,0,0,442.007,0,1.02816,0,0,3.20141,2.17325,1.028160,1,0,129.801,0,0,0,129.801,0
72.29,1.87996,0,0,6.95313,0.319834,4.75334,3.6288,61.308,0.195952,0,0,2.87307,0.164954,2.51216,0.66528,12.849,1,0.334148,4.75334,0,169.841,3.37082,170.889,0.84672,12.849,0.84672,3695.15,0,18.483,0,3.4104,1.45043,12.3071,0.949706,16.2182,0.42336,18.483,0.42336,0,0,442.007,0,1.02816,0,0,4.43856,3.4104,1.028160,1,0,189.62,0,0,0,189.62,0
72.29,1.88037,0,0,8.66402,0.321714,6.46194,3.6288,61.308,0.196222,0,0,4.22442,0.187901,3.8403,0.66528,12.849,1,0.334222,6.46194,0,195.205,4.02048,197.312,0.84672,12.849,0.84672,3695.15,0,18.483,0,6.08693,1.45075,20.3055,1.04975,26.7934,0.42336,18.483,0.42336,0,0,442.007,0,1.02816,0,0,7.11509,6.08693,1.028160,1,0,227.946,0,0,0,227.946,0
72.29,1.88078,0,0,5.77813,0.324219,3.57313,3.6288,61.308,0.196491,0,0,2.27,0.218497,1.85502,0.66528,12.849,1,0.334295,3.57313,0,157.251,4.8867,155.603,0.84672,12.849,0.84672,3695.15,0,18.483,0,2.87747,1.45107,11.5469,1.18315,14.6923,0.42336,18.483,0.42336,0,0,442.007,0,1.02816,0,0,3.90563,2.87747,1.028160,1,0,172.15,0,0,0,172.15,0
72.29,1.94993,0,0,8.42521,0.329635,6.14564,3.6288,61.308,0.246026,0,0,2.89802,0.188988,2.46301,0.66528,12.849,1,0.346586,6.14564,0,173.591,4.16247,175.227,0.84672,12.849,0.84672,3695.15,0,18.483,0,3.9663,1.45139,16.8327,1.1052,21.1452,0.42336,18.483,0.42336,0,0,442.007,0,1.02816,0,0,4.99446,3.9663,1.028160,1,0,198.835,0,0,0,198.835,0
72.29,1.95036,0,0,8.25405,0.330537,5.97315,3.6288,61.308,0.246307,0,0,2.62836,0.184069,2.19798,0.66528,12.849,1,0.346662,5.97315,0,202.871,4.04177,204.455,0.84672,12.849,0.84672,3695.15,0,18.483,0,4.1647,1.50823,16.0819,1.09221,20.6626,0.42336,18.483,0.42336,0,0,442.007,0,1.02816,0,0,5.19286,4.1647,1.028160,1,0,227.316,0,0,0,227.316,0
72.29,1.95079,0,0,7.77626,0.28414,5.54133,3.6288,61.308,0.246587,0,0,2.61969,0.204948,2.16816,0.66528,12.849,1,0.346739,5.54133,0,305.447,4.32317,306.319,0.84672,12.849,0.84672,3695.15,0,18.483,0,3.78017,1.50857,16.7726,1.13171,20.9296,0.42336,18.483,0.42336,0,0,442.007,0,1.02816,0,0,4.80833,3.78017,1.028160,1,0,329.417,0,0,0,329.417,0
72.29,1.95122,0,0,7.19729,0.249342,4.99673,3.6288,61.308,0.246868,0,0,2.47787,0.220608,2.0104,0.66528,12.849,1,0.346815,4.99673,0,162.39,4.53421,162.505,0.84672,12.849,0.84672,3695.15,0,18.483,0,3.60165,1.5089,14.3191,1.16133,18.2683,0.42336,18.483,0.42336,0,0,442.007,0,1.02816,0,0,4.62981,3.60165,1.028160,1,0,182.784,0,0,0,182.784,0
72.29,1.92475,0,0,6.20024,0.264441,4.01104,3.6288,61.308,0.227998,0,0,1.58327,0.219331,1.13594,0.66528,12.849,1,0.34211,4.01104,0,138.309,4.52833,137.45,0.84672,12.849,0.84672,3695.15,0,18.483,0,2.76302,1.50923,11.3136,1.17073,14.4151,0.42336,18.483,0.42336,0,0,442.007,0,1.02816,0,0,3.79118,2.76302,1.028160,1,0,153.001,0,0,0,153.001,0
72.29,1.92518,0,0,5.01893,0.237277,2.85648,3.6288,61.308,0.228274,0,0,1.46704,0.206489,1.03227,0.66528,12.849,1,0.342186,2.85648,0,123.244,3.89162,121.866,0.84672,12.849,0.84672,3695.15,0,18.483,0,2.39563,1.48754,9.99717,1.10501,12.7753,0.42336,18.483,0.42336,0,0,442.007,0,1.02816,0,0,3.42379,2.39563,1.028160,1,0,135.674,0,0,0,135.674,0
72.29,1.9256,0,0,4.98228,0.237277,2.8194,3.6288,61.308,0.228551,0,0,1.6157,0.206489,1.18066,0.66528,12.849,1,0.342261,2.8194,0,103.234,3.89162,101.82,0.84672,12.849,0.84672,3695.15,0,18.483,0,2.74311,1.48787,12.5151,1.10501,15.6411,0.42336,18.483,0.42336,0,0,442.007,0,1.02816,0,0,3.77127,2.74311,1.028160,1,0,118.641,0,0,0,118.641,0
72.29,1.92602,0,0,5.19045,0.237277,3.02715,3.6288,61.308,0.228828,0,0,1.78972,0.206489,1.3544,0.66528,12.849,1,0.342336,3.02715,0,125.696,3.89162,124.49,0.84672,12.849,0.84672,3695.15,0,18.483,0,3.06006,1.4882,12.4051,1.10501,15.8484,0.42336,18.483,0.42336,0,0,442.007,0,1.02816,0,0,4.08822,3.06006,1.028160,1,0,141.692,0,0,0,141.692,0
72.29,2.01783,0,0,4.15061,0.189765,1.94301,3.6288,61.308,0.297079,0,0,1.56677,0.177175,1.09252,0.66528,12.849,1,0.358655,1.94301,0,98.4407,3.85465,96.1704,0.84672,12.849,0.84672,3695.15,0,18.483,0,2.60194,1.48852,10.2106,1.17687,13.1242,0.42336,18.483,0.42336,0,0,442.007,0,1.02816,0,0,3.6301,2.60194,1.028160,1,0,110.387,0,0,0,110.387,0
72.29,2.01828,0,0,4.51312,0.173015,2.32183,3.6288,61.308,0.29737,0,0,1.52047,0.175355,1.04774,0.66528,12.849,1,0.358734,2.32183,0,94.9942,3.70272,93.2546,0.84672,12.849,0.84672,3695.15,0,18.483,0,3.15437,1.56592,11.5719,0.932453,15.3597,0.42336,18.483,0.42336,0,0,442.007,0,1.02816,0,0,4.18253,3.15437,1.028160,1,0,109.662,0,0,0,109.662,0
72.29,2.01872,0,0,4.28138,0.173015,2.08964,3.6288,61.308,0.297662,0,0,1.2853,0.175355,0.812278,0.66528,12.849,1,0.358812,2.08964,0,86.2065,3.70272,84.2346,0.84672,12.849,0.84672,3695.15,0,18.483,0,2.54456,1.56626,10.7559,0.932453,13.9343,0.42336,18.483,0.42336,0,0,442.007,0,1.02816,0,0,3.57272,2.54456,1.028160,1,0,98.9812,0,0,0,98.9812,0
72.29,2.01917,0,0,3.98178,0.173015,1.7896,3.6288,61.308,0.297954,0,0,1.23734,0.175355,0.764034,0.66528,12.849,1,0.358891,1.7896,0,78.6309,3.70272,76.3589,0.84672,12.849,0.84672,3695.15,0,18.483,0,2.07059,1.56661,9.55662,0.932453,12.2614,0.42336,18.483,0.42336,0,0,442.007,0,1.02816,0,0,3.09875,2.07059,1.028160,1,0,89.3843,0,0,0,89.3843,0
72.29,2.01961,0,0,3.76513,0.109866,1.63565,3.6288,61.308,0.298246,0,0,1.16304,0.265326,0.599467,0.66528,12.849,1,0.35897,1.63565,0,75.1455,4.9251,71.4971,0.84672,12.849,0.84672,3695.15,0,18.483,0,1.75356,1.56695,8.43359,1.25978,10.4943,0.42336,18.483,0.42336,0,0,442.007,0,1.02816,0,0,2.78172,1.75356,1.028160,1,0,82.5909,0,0,0,82.5909,0
72.29,2.00196,0,0,3.05249,0.113434,0.937099,3.6288,61.308,0.335939,0,0,0.951471,0.243438,0.372095,0.66528,12.849,1,0.355834,0.937099,0,64.5114,5.03783,60.0549,0.84672,12.849,0.84672,3695.15,0,18.483,0,1.69547,1.5673,6.49941,1.2654,8.49677,0.42336,18.483,0.42336,0,0,442.007,0,1.02816,0,0,2.72363,1.69547,1.028160,1,0,68.9237,0,0,0,68.9237,0
72.29,2.0024,0,0,2.73349,0.102888,0.628198,3.6288,61.308,0.336239,0,0,0.911581,0.242133,0.333208,0.66528,12.849,1,0.355912,0.628198,0,58.3538,5.06005,53.566,0.84672,12.849,0.84672,3695.15,0,18.483,0,1.55889,1.59168,5.89111,1.26836,7.77332,0.42336,18.483,0.42336,0,0,442.007,0,1.02816,0,0,2.58705,1.55889,1.028160,1,0,61.6725,0,0,0,61.6725,0
72.29,2.00284,0,0,2.55583,0.102821,0.450168,3.6288,61.308,0.336539,0,0,0.914337,0.242133,0.335664,0.66528,12.849,1,0.35599,0.450168,0,54.4255,5.06005,49.4596,0.84672,12.849,0.84672,3695.15,0,18.483,0,1.69282,1.59203,5.51132,1.26836,7.5278,0.42336,18.483,0.42336,0,0,442.007,0,1.02816,0,0,2.72098,1.69282,1.028160,1,0,57.3231,0,0,0,57.3231,0
72.2669,2.00328,0,0,2.44414,0.101061,0.36288,3.6288,61.308,0.336839,0,0,0.883535,0.255846,0.290849,0.66528,12.849,1,0.356069,0.36288,0,50.4763,5.23271,45.2505,0.84672,12.849,0.84672,3695.15,0,18.483,0,1.61565,1.59238,5.33638,1.30978,7.23463,0.42336,18.483,0.42336,0,0,442.007,0,1.02816,0,0,2.64381,1.61565,1.028160,1,0,52.7759,0,0,0,52.7759,0
72.0616,2.05029,0,0,2.30139,0.0935529,0.36288,3.6288,61.308,0.370501,0,0,0.78529,0.295674,0.119114,0.66528,12.849,1,0.36454,0.36288,0,45.0102,5.67693,39.3316,0.84672,12.849,0.84672,3695.15,0,18.483,0,1.33159,1.59273,5.04135,1.43274,6.53292,0.42336,18.483,0.42336,0,0,442.007,0,1.02816,0,0,2.35975,1.33159,1.028160,1,0,45.9836,0,0,0,45.9836,0
72.1159,2.04898,0,0,2.55544,0.0892917,0.36288,3.6288,61.308,0.370809,0,0,0.944171,0.303069,0.270293,0.66528,12.849,1,0.365344,0.36288,0,53.3326,5.69373,47.6364,0.84672,12.849,0.84672,3695.15,0,18.483,0,1.58476,1.63141,5.51345,1.4586,7.27102,0.42336,18.483,0.42336,0,0,442.007,0,1.02816,0,0,2.61292,1.58476,1.028160,1,0,55.1777,0,0,0,55.1777,0
71.9662,2.04989,0,0,2.35242,0.0893286,0.36288,3.6288,61.308,0.371117,0,0,0.800461,0.303069,0.126276,0.66528,12.849,1,0.365233,0.36288,0,43.8068,5.69373,38.1107,0.84672,12.849,0.84672,3695.15,0,18.483,0,1.74319,1.63177,5.33101,1.4586,7.24737,0.42336,18.483,0.42336,0,0,442.007,0,1.02816,0,0,2.77135,1.74319,1.028160,1,0,45.4843,0,0,0,45.4843,0
71.6191,2.04905,0,0,2.15401,0.089227,0.36288,3.6288,61.308,0.371425,0,0,0.74139,0.303069,0.0668962,0.66528,12.849,1,0.365843,0.36288,0,41.6381,5.69373,35.9414,0.84672,12.849,0.84672,3695.15,0,18.483,0,1.34085,1.63213,4.68589,1.4586,6.20027,0.42336,18.483,0.42336,0,0,442.007,0,1.02816,0,0,2.36901,1.34085,1.028160,1,0,42.2085,0,0,0,42.2085,0
71.2696,2.18317,0,0,2.27586,0.0792388,0.36288,3.6288,61.308,0.492258,0,0,0.851101,0.308249,0.0505943,0.66528,12.849,1,0.391678,0.36288,0,40.8371,5.84328,34.9651,0.84672,12.849,0.84672,3695.15,0,18.483,0,1.81468,1.63249,6.19884,1.48848,8.15752,0.42336,18.483,0.42336,0,0,442.007,0,1.02816,0,0,2.84284,1.81468,1.028160,1,0,43.1732,0,0,0,43.1732,0
71.3083,2.1804,0,0,2.63803,0.0561229,0.36288,3.6288,61.308,0.492592,0,0,1.04602,0.330507,0.222919,0.66528,12.849,1,0.393098,0.36288,0,44.8267,5.94394,38.8525,0.84672,12.849,0.84672,3695.15,0,18.483,0,2.07544,1.76279,8.3465,1.43086,10.7539,0.42336,18.483,0.42336,0,0,442.007,0,1.02816,0,0,3.1036,2.07544,1.028160,1,0,49.8293,0,0,0,49.8293,0
72.0513,2.18124,0,0,3.34332,0.0561395,0.36288,3.6288,61.308,0.492927,0,0,1.05916,0.330507,0.235726,0.66528,12.849,1,0.393037,0.36288,0,57.9549,5.94394,51.9808,0.84672,12.849,0.84672,3695.15,0,18.483,0,2.39642,1.76317,8.69521,1.43086,11.4239,0.42336,18.483,0.42336,0,0,442.007,0,1.02816,0,0,3.42458,2.39642,1.028160,1,0,63.6404,0,0,0,63.6404,0
72.0378,2.18861,0,0,2.60465,0.0666218,0.36288,3.6288,61.2523,0.493261,0,0,0.765936,0.328362,0,0.66528,12.849,1,0.390298,0.36288,0,44.2487,5.88457,38.3367,0.84672,12.849,0.84672,3695.15,0,18.483,0,1.7178,1.76356,5.36555,1.42358,7.42334,0.42336,18.483,0.42336,0,0,442.007,0,1.02816,0,0,2.74596,1.7178,1.028160,1,0,45.7601,0,0,0,45.7601,0
71.2948,2.18897,0,0,1.94546,0.13663,0.36288,3.6288,61.1394,0.493596,0,0,0.684832,0.30411,0,0.66528,12.849,1,0.390434,0.36288,0,32.1227,5.72328,26.3719,0.84672,12.849,0.84672,3695.15,0,18.483,0,1.60843,1.76395,4.60583,1.35726,6.62095,0.42336,18.483,0.42336,0,0,442.007,0,1.02816,0,0,2.63659,1.60843,1.028160,1,0,32.9929,0,0,0,32.9929,0
70.904,2.11596,0,0,2.1989,0.110872,0.36288,3.6288,61.1551,0.420696,0,0,0.743999,0.307656,0,0.66528,12.849,1,0.381346,0.36288,0,56.79,5.75106,51.0205,0.84672,12.849,0.84672,3695.15,0,18.483,0,1.86499,1.76434,5.4001,1.3624,7.66703,0.42336,18.483,0.42336,0,0,442.007,0,1.02816,0,0,2.89315,1.86499,1.028160,1,0,58.6875,0,0,0,58.6875,0
70.915,2.11287,0,0,2.5844,0.0976271,0.36288,3.6288,61.308,0.421015,0,0,1.00564,0.310443,0.121271,0.66528,12.849,1,0.382888,0.36288,0,60.0036,5.76303,54.2206,0.84672,12.849,0.84672,3695.15,0,18.483,0,2.49151,1.69018,6.87133,1.36766,9.68536,0.42336,18.483,0.42336,0,0,442.007,0,1.02816,0,0,3.51967,2.49151,1.028160,1,0,64.0272,0,0,0,64.0272,0
70.4845,2.11344,0,0,2.14343,0.0976354,0.36288,3.6288,61.2823,0.421334,0,0,0.706389,0.310744,0,0.66528,12.849,1,0.382931,0.36288,0,49.9991,5.76303,44.216,0.84672,12.849,0.84672,3695.15,0,18.483,0,1.94568,1.69055,6.23324,1.36766,8.50182,0.42336,18.483,0.42336,0,0,442.007,0,1.02816,0,0,2.97384,1.94568,1.028160,1,0,52.7178,0,0,0,52.7178,0
70.1043,2.10995,0,0,2.23042,0.137779,0.36288,3.6288,61.2595,0.421653,0,0,0.681584,0.282723,0,0.66528,12.849,1,0.384635,0.36288,0,39.9959,5.37395,34.6002,0.84672,12.849,0.84672,3695.15,0,18.483,0,1.78228,1.69093,8.19262,1.20105,10.4648,0.42336,18.483,0.42336,0,0,442.007,0,1.02816,0,0,2.81044,1.78228,1.028160,1,0,45.0649,0,0,0,45.0649,0
72.29,2.05247,0,0,4.81596,0.105673,0.472125,3.6288,61.308,0.355251,0,0,0.98566,0.29413,0.287799,0.66528,12.849,1,0.376186,0.472125,0,51.3459,5.61459,45.8272,0.84672,12.849,0.84672,3695.15,0,18.483,0,2.91709,1.6913,13.2486,1.20594,16.6511,0.42336,18.483,0.42336,0,0,442.007,0,1.02816,0,0,3.94525,2.91709,1.028160,1,0,62.7661,0,0,0,62.7661,0
72.29,2.07228,0,0,3.17381,0.196222,0.905307,3.6288,61.308,0.355555,0,0,0.74736,0.220361,0.171443,0.66528,12.849,1,0.368332,0.905307,0,63.3341,4.23759,59.6335,0.84672,12.849,0.84672,3695.15,0,18.483,0,2.02846,1.62536,8.56603,1.11517,11.1047,0.42336,18.483,0.42336,0,0,442.007,0,1.02816,0,0,3.05662,2.02846,1.028160,1,0,70.9097,0,0,0,70.9097,0
72.29,2.07274,0,0,3.34171,0.196222,1.07275,3.6288,61.308,0.35586,0,0,1.14214,0.220361,0.565918,0.66528,12.849,1,0.368413,1.07275,0,74.4912,4.23759,70.958,0.84672,12.849,0.84672,3695.15,0,18.483,0,2.49013,1.62572,10.1162,1.11517,13.1169,0.42336,18.483,0.42336,0,0,442.007,0,1.02816,0,0,3.51829,2.49013,1.028160,1,0,84.6408,0,0,0,84.6408,0
72.29,2.07319,0,0,3.3001,0.196222,1.03069,3.6288,61.308,0.356164,0,0,1.18528,0.220361,0.608753,0.66528,12.849,1,0.368494,1.03069,0,58.7003,4.23759,55.1249,0.84672,12.849,0.84672,3695.15,0,18.483,0,3.19518,1.62608,12.0312,1.11517,15.7373,0.42336,18.483,0.42336,0,0,442.007,0,1.02816,0,0,4.22334,3.19518,1.028160,1,0,71.471,0,0,0,71.471,0
72.29,1.91748,0,0,3.79496,0.232672,1.64481,3.6288,61.308,0.217387,0,0,1.76072,0.231122,1.31221,0.66528,12.849,1,0.340817,1.64481,0,98.5199,3.4083,96.4156,0.84672,12.849,0.84672,3695.15,0,18.483,0,3.46573,1.62644,11.8434,0.938784,15.9967,0.42336,18.483,0.42336,0,0,442.007,0,1.02816,0,0,4.49389,3.46573,1.028160,1,0,113.725,0,0,0,113.725,0
72.29,1.9179,0,0,6.16733,0.220739,4.02869,3.6288,61.308,0.217661,0,0,1.97887,0.159116,1.60209,0.66528,12.849,1,0.340892,4.02869,0,149.59,3.92448,149.353,0.84672,12.849,0.84672,3695.15,0,18.483,0,3.67653,1.47739,15.486,0.978642,19.6613,0.42336,18.483,0.42336,0,0,442.007,0,1.02816,0,0,4.70469,3.67653,1.028160,1,0,170.616,0,0,0,170.616,0
72.29,1.91832,0,0,4.13987,0.220739,2.00081,3.6288,61.308,0.217935,0,0,1.1496,0.159116,0.772545,0.66528,12.849,1,0.340967,2.00081,0,112.971,3.92448,110.707,0.84672,12.849,0.84672,3695.15,0,18.483,0,3.01622,1.47771,14.1566,0.978642,17.6718,0.42336,18.483,0.42336,0,0,442.007,0,1.02816,0,0,4.04438,3.01622,1.028160,1,0,129.151,0,0,0,129.151,0
72.29,1.91874,0,0,3.85712,0.239471,1.69891,3.6288,61.308,0.218209,0,0,1.94406,0.177525,1.54833,0.66528,12.849,1,0.341042,1.69891,0,134.354,4.10076,131.611,0.84672,12.849,0.84672,3695.15,0,18.483,0,4.29172,1.47804,16.342,1.03721,21.0745,0.42336,18.483,0.42336,0,0,442.007,0,1.02816,0,0,5.31988,4.29172,1.028160,1,0,154.234,0,0,0,154.234,0
72.29,1.91916,0,0,7.03616,0.286302,4.83069,3.6288,61.308,0.218483,0,0,3.76875,0.223548,3.32672,0.66528,12.849,1,0.341117,4.83069,0,180.804,4.54146,180.752,0.84672,12.849,0.84672,3695.15,0,18.483,0,4.43939,1.47836,17.0115,1.18364,21.7456,0.42336,18.483,0.42336,0,0,442.007,0,1.02816,0,0,5.46755,4.43939,1.028160,1,0,205.825,0,0,0,205.825,0
72.29,1.97971,0,0,7.90197,0.279121,5.64314,3.6288,61.308,0.259068,0,0,1.96235,0.213219,1.49006,0.66528,12.849,1,0.351879,5.64314,0,194.516,4.1865,195.621,0.84672,12.849,0.84672,3695.15,0,18.483,0,5.03529,1.47869,16.6313,1.10482,22.0405,0.42336,18.483,0.42336,0,0,442.007,0,1.02816,0,0,6.06345,5.03529,1.028160,1,0,219.151,0,0,0,219.151,0
72.29,1.98013,0,0,5.80829,0.273736,3.55443,3.6288,61.308,0.25934,0,0,1.05902,0.205472,0.59421,0.66528,12.849,1,0.351953,3.55443,0,120.661,3.92028,119.943,0.84672,12.849,0.84672,3695.15,0,18.483,0,3.10891,1.52631,11.1268,1.0457,14.7163,0.42336,18.483,0.42336,0,0,442.007,0,1.02816,0,0,4.13707,3.10891,1.028160,1,0,135.254,0,0,0,135.254,0
72.29,1.98055,0,0,5.63042,0.273736,3.37614,3.6288,61.308,0.259611,0,0,2.06486,0.205472,1.59977,0.66528,12.849,1,0.352027,3.37614,0,112.616,3.92028,111.72,0.84672,12.849,0.84672,3695.15,0,18.483,0,7.04319,1.52663,16.1273,1.0457,23.6515,0.42336,18.483,0.42336,0,0,442.007,0,1.02816,0,0,8.07135,7.04319,1.028160,1,0,136.971,0,0,0,136.971,0
72.29,1.98097,0,0,5.69622,0.269006,3.44625,3.6288,61.308,0.259883,0,0,1.46134,0.213329,0.988123,0.66528,12.849,1,0.352102,3.44625,0,93.293,4.35521,92.0319,0.84672,12.849,0.84672,3695.15,0,18.483,0,4.84083,1.52695,14.3493,0.947198,19.7699,0.42336,18.483,0.42336,0,0,442.007,0,1.02816,0,0,5.86899,4.84083,1.028160,1,0,112.79,0,0,0,112.79,0
72.29,2.17464,0,0,5.60553,0.294789,3.1361,3.6288,61.308,0.411633,0,0,1.44908,0.217854,0.819597,0.66528,12.849,1,0.386526,3.1361,0,116.537,4.35543,114.931,0.84672,12.849,0.84672,3695.15,0,18.483,0,4.76356,1.52727,13.1579,1.00446,18.4442,0.42336,18.483,0.42336,0,0,442.007,0,1.02816,0,0,5.79172,4.76356,1.028160,1,0,134.195,0,0,0,134.195,0
72.29,2.1751,0,0,3.44734,0.283182,0.98906,3.6288,61.308,0.411936,0,0,1.0522,0.23321,0.40705,0.66528,12.849,1,0.386608,0.98906,0,43.6175,4.39026,39.8297,0.84672,12.849,0.84672,3695.15,0,18.483,0,2.73379,1.69654,5.56827,1.12726,8.87134,0.42336,18.483,0.42336,0,0,442.007,0,1.02816,0,0,3.76195,2.73379,1.028160,1,0,49.1081,0,0,0,49.1081,0
72.29,2.17556,0,0,4.17211,0.283182,1.71337,3.6288,61.308,0.41224,0,0,0.965079,0.23321,0.319629,0.66528,12.849,1,0.386689,1.71337,0,46.3539,4.39026,43.2903,0.84672,12.849,0.84672,3695.15,0,18.483,0,2.23079,1.6969,8.06503,1.12726,10.8655,0.42336,18.483,0.42336,0,0,442.007,0,1.02816,0,0,3.25895,2.23079,1.028160,1,0,54.4754,0,0,0,54.4754,0
72.29,2.17602,0,0,5.23057,0.283114,2.77144,3.6288,61.308,0.412544,0,0,1.48879,0.225374,0.850875,0.66528,12.849,1,0.386771,2.77144,0,120.392,4.32443,118.453,0.84672,12.849,0.84672,3695.15,0,18.483,0,3.46185,1.69726,12.1194,1.09549,16.183,0.42336,18.483,0.42336,0,0,442.007,0,1.02816,0,0,4.49001,3.46185,1.028160,1,0,135.486,0,0,0,135.486,0
72.29,1.90059,0,0,5.31898,0.282376,3.13601,3.6288,61.308,0.20939,0,0,1.28773,0.183827,0.894515,0.66528,12.849,1,0.337816,3.13601,0,109.347,3.89568,108.249,0.84672,12.849,0.84672,3695.15,0,18.483,0,3.17325,1.69762,7.88132,0.919337,11.8328,0.42336,18.483,0.42336,0,0,442.007,0,1.02816,0,0,4.20141,3.17325,1.028160,1,0,120.977,0,0,0,120.977,0
72.29,1.901,0,0,4.17904,0.280388,1.99766,3.6288,61.308,0.209651,0,0,1.11693,0.21666,0.690616,0.66528,12.849,1,0.337888,1.99766,0,102.862,3.69327,100.828,0.84672,12.849,0.84672,3695.15,0,18.483,0,1.73375,1.46667,6.49685,1.00611,8.69116,0.42336,18.483,0.42336,0,0,442.007,0,1.02816,0,0,2.76191,1.73375,1.028160,1,0,110.21,0,0,0,110.21,0
72.29,1.9014,0,0,5.18076,0.280388,2.99898,3.6288,61.308,0.209912,0,0,1.57957,0.21666,1.153,0.66528,12.849,1,0.337959,2.99898,0,112.307,3.69327,111.275,0.84672,12.849,0.84672,3695.15,0,18.483,0,2.87406,1.46698,10.533,1.00611,13.868,0.42336,18.483,0.42336,0,0,442.007,0,1.02816,0,0,3.90222,2.87406,1.028160,1,0,126.296,0,0,0,126.296,0
72.29,1.9018,0,0,6.73351,0.302094,4.52962,3.6288,61.308,0.210173,0,0,1.77231,0.227712,1.33443,0.66528,12.849,1,0.33803,4.52962,0,177.171,4.31814,177.044,0.84672,12.849,0.84672,3695.15,0,18.483,0,5.23507,1.46729,15.7109,1.02938,21.3839,0.42336,18.483,0.42336,0,0,442.007,0,1.02816,0,0,6.26323,5.23507,1.028160,1,0,199.763,0,0,0,199.763,0
72.29,1.9022,0,0,4.52057,0.318991,2.29938,3.6288,61.308,0.210434,0,0,1.25688,0.230677,0.815767,0.66528,12.849,1,0.338101,2.29938,0,139.806,4.54671,137.221,0.84672,12.849,0.84672,3695.15,0,18.483,0,2.90729,1.4676,10.0389,1.03518,13.3786,0.42336,18.483,0.42336,0,0,442.007,0,1.02816,0,0,3.93545,2.90729,1.028160,1,0,151.415,0,0,0,151.415,0
72.29,1.97212,0,0,6.02274,0.305566,3.74505,3.6288,61.308,0.260521,0,0,1.74021,0.217428,1.26226,0.66528,12.849,1,0.350529,3.74505,0,187.449,4.68958,186.154,0.84672,12.849,0.84672,3695.15,0,18.483,0,2.9875,1.46791,11.3272,1.07572,14.7069,0.42336,18.483,0.42336,0,0,442.007,0,1.02816,0,0,4.01566,2.9875,1.028160,1,0,202.123,0,0,0,202.123,0
72.29,1.97253,0,0,5.85439,0.295651,3.5862,3.6288,61.308,0.260793,0,0,1.82184,0.21681,1.34424,0.66528,12.849,1,0.350602,3.5862,0,127.57,4.28904,126.516,0.84672,12.849,0.84672,3695.15,0,18.483,0,3.08277,1.52539,14.1134,1.03597,17.6855,0.42336,18.483,0.42336,0,0,442.007,0,1.02816,0,0,4.11093,3.08277,1.028160,1,0,145.546,0,0,0,145.546,0
72.29,1.97295,0,0,5.43095,0.295651,3.16235,3.6288,61.308,0.261064,0,0,1.70772,0.21681,1.22985,0.66528,12.849,1,0.350676,3.16235,0,102.154,4.28904,100.677,0.84672,12.849,0.84672,3695.15,0,18.483,0,2.94147,1.52571,14.3096,1.03597,17.7408,0.42336,18.483,0.42336,0,0,442.007,0,1.02816,0,0,3.96963,2.94147,1.028160,1,0,119.647,0,0,0,119.647,0
72.29,1.97336,0,0,5.66378,0.295651,3.39477,3.6288,61.308,0.261336,0,0,1.71933,0.21681,1.24119,0.66528,12.849,1,0.35075,3.39477,0,178.581,4.28904,177.336,0.84672,12.849,0.84672,3695.15,0,18.483,0,2.98563,1.52603,15.4399,1.03597,18.9155,0.42336,18.483,0.42336,0,0,442.007,0,1.02816,0,0,4.01379,2.98563,1.028160,1,0,197.493,0,0,0,197.493,0
72.29,1.94657,0,0,5.15959,0.274441,2.93858,3.6288,61.308,0.24224,0,0,1.42267,0.218096,0.962336,0.66528,12.849,1,0.345989,2.93858,0,139.271,4.38548,137.478,0.84672,12.849,0.84672,3695.15,0,18.483,0,2.14027,1.52636,12.5014,1.03074,15.1373,0.42336,18.483,0.42336,0,0,442.007,0,1.02816,0,0,3.16843,2.14027,1.028160,1,0,153.577,0,0,0,153.577,0
72.29,1.94699,0,0,3.90036,0.246161,1.70721,3.6288,61.308,0.242507,0,0,1.02744,0.21981,0.565126,0.66528,12.849,1,0.346062,1.70721,0,106.224,4.51406,103.072,0.84672,12.849,0.84672,3695.15,0,18.483,0,1.32791,1.50441,8.26597,1.02377,10.0745,0.42336,18.483,0.42336,0,0,442.007,0,1.02816,0,0,2.35607,1.32791,1.028160,1,0,113.711,0,0,0,113.711,0
72.29,1.9474,0,0,4.20965,0.234744,2.02751,3.6288,61.308,0.242775,0,0,1.19754,0.223319,0.731445,0.66528,12.849,1,0.346135,2.02751,0,107.304,4.57373,104.411,0.84672,12.849,0.84672,3695.15,0,18.483,0,2.26769,1.50472,8.79949,1.04913,11.5228,0.42336,18.483,0.42336,0,0,442.007,0,1.02816,0,0,3.29585,2.26769,1.028160,1,0,116.665,0,0,0,116.665,0
72.29,1.94781,0,0,3.64085,0.16624,1.52681,3.6288,61.308,0.243043,0,0,1.03103,0.244372,0.543613,0.66528,12.849,1,0.346208,1.52681,0,90.6768,4.93175,86.9257,0.84672,12.849,0.84672,3695.15,0,18.483,0,1.86018,1.50504,7.46824,1.20125,9.63222,0.42336,18.483,0.42336,0,0,442.007,0,1.02816,0,0,2.88834,1.86018,1.028160,1,0,97.1015,0,0,0,97.1015,0
72.29,2.04063,0,0,3.25426,0.16624,1.04738,3.6288,61.308,0.312053,0,0,0.915857,0.244372,0.359432,0.66528,12.849,1,0.362707,1.04738,0,82.0126,4.93175,77.7655,0.84672,12.849,0.84672,3695.15,0,18.483,0,1.60008,1.50536,7.11651,1.20125,9.02069,0.42336,18.483,0.42336,0,0,442.007,0,1.02816,0,0,2.62824,1.60008,1.028160,1,0,87.1457,0,0,0,87.1457,0
72.29,2.04106,0,0,3.17021,0.130238,0.998913,3.6288,61.308,0.312336,0,0,0.847152,0.258785,0.276031,0.66528,12.849,1,0.362784,0.998913,0,69.2565,5.12452,64.7681,0.84672,12.849,0.84672,3695.15,0,18.483,0,1.10582,1.58361,6.21009,1.09504,7.80447,0.42336,18.483,0.42336,0,0,442.007,0,1.02816,0,0,2.13398,1.10582,1.028160,1,0,72.8486,0,0,0,72.8486,0
72.29,2.04149,0,0,3.1216,0.130238,0.949866,3.6288,61.308,0.312618,0,0,0.848439,0.258785,0.277036,0.66528,12.849,1,0.36286,0.949866,0,65.1231,5.12452,60.5856,0.84672,12.849,0.84672,3695.15,0,18.483,0,1.14863,1.58394,5.94263,1.09504,7.58016,0.42336,18.483,0.42336,0,0,442.007,0,1.02816,0,0,2.17679,1.14863,1.028160,1,0,68.4428,0,0,0,68.4428,0
72.29,2.04192,0,0,2.79094,0.140072,0.60894,3.6288,61.308,0.312901,0,0,0.816048,0.256152,0.246996,0.66528,12.849,1,0.362937,0.60894,0,61.7372,4.9553,57.0279,0.84672,12.849,0.84672,3695.15,0,18.483,0,1.24565,1.58428,5.4916,1.10157,7.21997,0.42336,18.483,0.42336,0,0,442.007,0,1.02816,0,0,2.27381,1.24565,1.028160,1,0,64.4949,0,0,0,64.4949,0
72.29,2.04235,0,0,2.67017,0.14244,0.485372,3.6288,61.308,0.313183,0,0,0.799209,0.257869,0.228156,0.66528,12.849,1,0.363013,0.485372,0,57.3231,4.59633,52.8491,0.84672,12.849,0.84672,3695.15,0,18.483,0,1.2256,1.58461,5.19271,1.13693,6.86599,0.42336,18.483,0.42336,0,0,442.007,0,1.02816,0,0,2.25376,1.2256,1.028160,1,0,59.9433,0,0,0,59.9433,0
72.29,2.02449,0,0,2.92221,0.100279,0.797444,3.6288,61.308,0.351287,0,0,0.88185,0.262728,0.267835,0.66528,12.849,1,0.359838,0.797444,0,57.4997,4.81541,53.1219,0.84672,12.849,0.84672,3695.15,0,18.483,0,1.12436,1.58495,5.30194,1.12218,6.88907,0.42336,18.483,0.42336,0,0,442.007,0,1.02816,0,0,2.15252,1.12436,1.028160,1,0,60.2788,0,0,0,60.2788,0
72.29,2.02492,0,0,2.92694,0.105633,0.79639,3.6288,61.308,0.351578,0,0,0.884589,0.25637,0.276641,0.66528,12.849,1,0.359913,0.79639,0,56.7719,4.83893,52.3694,0.84672,12.849,0.84672,3695.15,0,18.483,0,1.07256,1.60959,5.13341,1.09724,6.71832,0.42336,18.483,0.42336,0,0,442.007,0,1.02816,0,0,2.10072,1.07256,1.028160,1,0,59.3644,0,0,0,59.3644,0
72.29,2.02534,0,0,2.765,0.0808637,0.658793,3.6288,61.308,0.351869,0,0,0.842288,0.29543,0.194989,0.66528,12.849,1,0.359989,0.658793,0,53.5367,5.49775,48.3378,0.84672,12.849,0.84672,3695.15,0,18.483,0,1.06481,1.60992,4.989,1.29958,6.36415,0.42336,18.483,0.42336,0,0,442.007,0,1.02816,0,0,2.09297,1.06481,1.028160,1,0,54.8969,0,0,0,54.8969,0
72.29,2.02577,0,0,2.56833,0.0859335,0.456625,3.6288,61.308,0.352159,0,0,0.834788,0.284269,0.19836,0.66528,12.849,1,0.360065,0.456625,0,53.1702,5.62464,47.6421,0.84672,12.849,0.84672,3695.15,0,18.483,0,1.08155,1.61026,4.87493,1.29094,6.2758,0.42336,18.483,0.42336,0,0,442.007,0,1.02816,0,0,2.10971,1.08155,1.028160,1,0,54.1163,0,0,0,54.1163,0
72.1973,2.07348,0,0,2.42752,0.0838878,0.36288,3.6288,61.308,0.386186,0,0,0.729252,0.289418,0.0536478,0.66528,12.849,1,0.368546,0.36288,0,47.4473,5.64255,41.799,0.84672,12.849,0.84672,3695.15,0,18.483,0,0.896685,1.6106,4.25265,1.33578,5.42416,0.42336,18.483,0.42336,0,0,442.007,0,1.02816,0,0,1.92485,0.896685,1.028160,1,0,47.2768,0,0,0,47.2768,0
72.0518,2.07311,0,0,2.36928,0.0787182,0.36288,3.6288,61.1886,0.386484,0,0,0.569338,0.302292,0,0.66528,12.849,1,0.368954,0.36288,0,41.7848,5.68733,36.0914,0.84672,12.849,0.84672,3695.15,0,18.483,0,0.794033,1.64971,3.80225,1.4479,4.79809,0.42336,18.483,0.42336,0,0,442.007,0,1.02816,0,0,1.82219,0.794033,1.028160,1,0,40.8895,0,0,0,40.8895,0
71.6692,2.07228,0,0,2.13112,0.0786312,0.36288,3.6288,61.0337,0.386782,0,0,0.534033,0.302064,0,0.66528,12.849,1,0.36955,0.36288,0,39.3801,5.68733,33.6861,0.84672,12.849,0.84672,3695.15,0,18.483,0,0.735817,1.65006,3.88161,1.4479,4.81958,0.42336,18.483,0.42336,0,0,442.007,0,1.02816,0,0,1.76398,0.735817,1.028160,1,0,38.5057,0,0,0,38.5057,0
71.0979,2.06937,0,0,1.93942,0.0784025,0.36288,3.6288,60.8572,0.38708,0,0,0.51232,0.301768,0,0.66528,12.849,1,0.371002,0.36288,0,36.9878,5.68733,31.2924,0.84672,12.849,0.84672,3695.15,0,18.483,0,0.569212,1.6504,3.6086,1.4479,4.38032,0.42336,18.483,0.42336,0,0,442.007,0,1.02816,0,0,1.59737,0.569212,1.028160,1,0,35.6727,0,0,0,35.6727,0
70.1479,2.20266,0,0,1.67819,0.0626491,0.36288,3.6288,60.5497,0.50925,0,0,0.510172,0.308476,0,0.66528,12.849,1,0.39807,0.36288,0,35.2906,5.92914,29.3263,0.84672,12.849,0.84672,3695.15,0,18.483,0,0.551699,1.65075,3.65677,1.47794,4.38127,0.42336,18.483,0.42336,0,0,442.007,0,1.02816,0,0,1.57986,0.551699,1.028160,1,0,33.7075,0,0,0,33.7075,0
69.3228,2.19403,0,0,1.79849,0.0666614,0.36288,3.6288,60.2582,0.509574,0,0,0.530749,0.312638,0,0.66528,12.849,1,0.401881,0.36288,0,34.1925,5.98939,28.1641,0.84672,12.849,0.84672,3695.15,0,18.483,0,0.857053,1.78249,3.89991,1.52898,5.01047,0.42336,18.483,0.42336,0,0,442.007,0,1.02816,0,0,1.88521,0.857053,1.028160,1,0,33.1746,0,0,0,33.1746,0
68.3563,2.18646,0,0,1.64822,0.0654111,0.36288,3.6288,59.9133,0.509898,0,0,0.479875,0.314837,0,0.66528,12.849,1,0.405261,0.36288,0,30.7351,6.01933,24.6734,0.84672,12.849,0.84672,3695.15,0,18.483,0,0.80168,1.78286,3.87158,1.55973,4.8964,0.42336,18.483,0.42336,0,0,442.007,0,1.02816,0,0,1.82984,0.80168,1.028160,1,0,29.5698,0,0,0,29.5698,0
67.5414,2.17734,0,0,1.79026,0.0649203,0.36288,3.6288,59.5745,0.510221,0,0,0.485566,0.314146,0,0.66528,12.849,1,0.409276,0.36288,0,29.3745,6.01933,23.3088,0.84672,12.849,0.84672,3695.15,0,18.483,0,0.815279,1.78324,4.11222,1.55973,5.151,0.42336,18.483,0.42336,0,0,442.007,0,1.02816,0,0,1.84344,0.815279,1.028160,1,0,28.4598,0,0,0,28.4598,0
67.6949,2.16957,0,0,2.76518,0.0792268,0.36288,3.6288,59.3378,0.510545,0,0,0.584052,0.310284,0,0.66528,12.849,1,0.412736,0.36288,0,47.4449,5.93028,41.4648,0.84672,12.849,0.84672,3695.15,0,18.483,0,1.18159,1.78361,4.34584,1.54881,5.76224,0.42336,18.483,0.42336,0,0,442.007,0,1.02816,0,0,2.20975,1.18159,1.028160,1,0,47.227,0,0,0,47.227,0
67.9774,2.10533,0,0,2.8448,0.0941503,0.36288,3.6288,59.2092,0.43682,0,0,0.596091,0.287808,0,0.66528,12.849,1,0.399607,0.36288,0,39.1168,5.81847,33.2616,0.84672,12.849,0.84672,3695.15,0,18.483,0,0.986826,1.78399,4.13801,1.46677,5.44206,0.42336,18.483,0.42336,0,0,442.007,0,1.02816,0,0,2.01499,0.986826,1.028160,1,0,38.7037,0,0,0,38.7037,0
68.5559,2.10854,0,0,3.14482,0.0949006,0.36288,3.6288,59.268,0.437128,0,0,0.771771,0.275868,0,0.66528,12.849,1,0.398555,0.36288,0,46.4121,5.75684,40.6196,0.84672,12.849,0.84672,3695.15,0,18.483,0,2.20069,1.70899,5.53342,1.41706,8.02604,0.42336,18.483,0.42336,0,0,442.007,0,1.02816,0,0,3.22885,2.20069,1.028160,1,0,48.6456,0,0,0,48.6456,0
67.3932,2.11462,0,0,1.41013,0.0953313,0.36288,3.6288,58.9924,0.437437,0,0,0.437854,0.275972,0,0.66528,12.849,1,0.39633,0.36288,0,35.2897,5.75684,29.4994,0.84672,12.849,0.84672,3695.15,0,18.483,0,0.622331,1.70935,2.8452,1.41706,3.75982,0.42336,18.483,0.42336,0,0,442.007,0,1.02816,0,0,1.65049,0.622331,1.028160,1,0,33.2593,0,0,0,33.2593,0
66.5728,2.10368,0,0,1.76608,0.119906,0.36288,3.6288,58.8358,0.437746,0,0,0.554067,0.272923,0,0.66528,12.849,1,0.401082,0.36288,0,33.668,5.57637,28.0534,0.84672,12.849,0.84672,3695.15,0,18.483,0,0.696557,1.70971,3.48086,1.3899,4.49722,0.42336,18.483,0.42336,0,0,442.007,0,1.02816,0,0,1.72472,0.696557,1.028160,1,0,32.5507,0,0,0,32.5507,0
68.9435,2.04178,0,0,4.97788,0.202498,0.36288,3.6288,59.2509,0.370594,0,0,1.06863,0.282989,0,0.66528,12.849,1,0.394078,0.36288,0,57.1041,4.92486,52.148,0.84672,12.849,0.84672,3695.15,0,18.483,0,3.52465,1.71007,8.18766,1.2272,12.1952,0.42336,18.483,0.42336,0,0,442.007,0,1.02816,0,0,4.55281,3.52465,1.028160,1,0,64.3432,0,0,0,64.3432,0
71.2965,2.06494,0,0,4.9588,0.177948,0.36288,3.6288,60.1676,0.370888,0,0,1.50047,0.212849,0,0.66528,12.849,1,0.384842,0.36288,0,88.9583,3.8913,85.045,0.84672,12.849,0.84672,3695.15,0,18.483,0,4.21552,1.64339,10.393,1.10172,15.1502,0.42336,18.483,0.42336,0,0,442.007,0,1.02816,0,0,5.24368,4.21552,1.028160,1,0,100.195,0,0,0,100.195,0
72.29,2.08689,0,0,3.91658,0.181208,0.655016,3.6288,60.4697,0.371183,0,0,0.887328,0.214099,0,0.66528,12.849,1,0.376098,0.655016,0,80.8488,3.8913,77.2364,0.84672,12.849,0.84672,3695.15,0,18.483,0,2.44136,1.64374,8.69469,1.10172,11.6781,0.42336,18.483,0.42336,0,0,442.007,0,1.02816,0,0,3.46952,2.44136,1.028160,1,0,88.9145,0,0,0,88.9145,0
72.29,2.09612,0,0,4.44674,0.250222,2.10039,3.6288,61.0531,0.371477,0,0,1.11891,0.164005,0,0.66528,12.849,1,0.37257,2.10039,0,86.7715,3.29721,85.2021,0.84672,12.849,0.84672,3695.15,0,18.483,0,3.22125,1.64408,9.07019,0.906796,13.0287,0.42336,18.483,0.42336,0,0,442.007,0,1.02816,0,0,4.24941,3.22125,1.028160,1,0,98.2309,0,0,0,98.2309,0
72.29,1.93867,0,0,7.17176,0.261495,4.9716,3.6288,61.308,0.231154,0,0,3.27993,0.156164,2.63771,0.66528,12.849,1,0.344584,4.9716,0,114.324,3.1982,115.752,0.84672,12.849,0.84672,3695.15,0,18.483,0,4.15212,1.64443,11.5604,0.874309,16.4827,0.42336,18.483,0.42336,0,0,442.007,0,1.02816,0,0,5.18028,4.15212,1.028160,1,0,134.873,0,0,0,134.873,0
72.29,1.93908,0,0,8.15745,0.258708,5.95966,3.6288,61.308,0.231419,0,0,2.04741,0.213049,1.60294,0.66528,12.849,1,0.344657,5.95966,0,104.684,4.06733,106.232,0.84672,12.849,0.84672,3695.15,0,18.483,0,3.96258,1.49372,10.464,1.11504,14.8052,0.42336,18.483,0.42336,0,0,442.007,0,1.02816,0,0,4.99074,3.96258,1.028160,1,0,122.64,0,0,0,122.64,0
72.29,1.93949,0,0,7.0962,0.258244,4.89847,3.6288,61.308,0.231684,0,0,2.78154,0.222488,2.32737,0.66528,12.849,1,0.344729,4.89847,0,89.3799,4.21218,89.7215,0.84672,12.849,0.84672,3695.15,0,18.483,0,6.17829,1.49403,15.2372,1.15517,21.7544,0.42336,18.483,0.42336,0,0,442.007,0,1.02816,0,0,7.20645,6.17829,1.028160,1,0,113.803,0,0,0,113.803,0
72.29,1.9399,0,0,6.78853,0.258244,4.5904,3.6288,61.308,0.231949,0,0,2.19434,0.222488,1.7399,0.66528,12.849,1,0.344802,4.5904,0,166.305,4.21218,166.339,0.84672,12.849,0.84672,3695.15,0,18.483,0,4.47732,1.49435,9.14604,1.15517,13.9625,0.42336,18.483,0.42336,0,0,442.007,0,1.02816,0,0,5.50548,4.47732,1.028160,1,0,182.041,0,0,0,182.041,0
72.29,1.9403,0,0,6.15354,0.26498,3.94825,3.6288,61.308,0.232214,0,0,1.86163,0.184082,1.44533,0.66528,12.849,1,0.344874,3.94825,0,158.317,3.75048,158.17,0.84672,12.849,0.84672,3695.15,0,18.483,0,3.37755,1.49466,7.38656,1.06576,11.193,0.42336,18.483,0.42336,0,0,442.007,0,1.02816,0,0,4.40571,3.37755,1.028160,1,0,170.808,0,0,0,170.808,0
72.29,2.0015,0,0,5.31557,0.246239,3.06783,3.6288,61.308,0.273235,0,0,1.8015,0.209272,1.31899,0.66528,12.849,1,0.355752,3.06783,0,87.8076,3.92412,86.5956,0.84672,12.849,0.84672,3695.15,0,18.483,0,3.15251,1.49498,8.15543,1.11554,11.6874,0.42336,18.483,0.42336,0,0,442.007,0,1.02816,0,0,4.18067,3.15251,1.028160,1,0,99.602,0,0,0,99.602,0
72.29,2.0019,0,0,3.77825,0.234649,1.5417,3.6288,61.308,0.273498,0,0,1.397,0.229665,0.893839,0.66528,12.849,1,0.355823,1.5417,0,79.3826,4.15464,76.4138,0.84672,12.849,0.84672,3695.15,0,18.483,0,1.85059,1.54311,7.74324,1.06238,10.0746,0.42336,18.483,0.42336,0,0,442.007,0,1.02816,0,0,2.87875,1.85059,1.028160,1,0,87.3822,0,0,0,87.3822,0
72.29,2.00231,0,0,2.79024,0.234649,0.553286,3.6288,61.308,0.273761,0,0,1.58106,0.229665,1.07763,0.66528,12.849,1,0.355895,0.553286,0,51.9359,4.15464,47.9787,0.84672,12.849,0.84672,3695.15,0,18.483,0,2.28766,1.54342,5.40474,1.06238,8.17345,0.42336,18.483,0.42336,0,0,442.007,0,1.02816,0,0,3.31582,2.28766,1.028160,1,0,57.2297,0,0,0,57.2297,0
71.6359,2.00271,0,0,1.94617,0.234649,0.36288,3.6288,61.308,0.274024,0,0,1.08069,0.229665,0.577002,0.66528,12.849,1,0.355967,0.36288,0,39.5698,4.15464,35.4221,0.84672,12.849,0.84672,3695.15,0,18.483,0,1.19403,1.54373,4.68826,1.06238,6.36364,0.42336,18.483,0.42336,0,0,442.007,0,1.02816,0,0,2.22219,1.19403,1.028160,1,0,42.3627,0,0,0,42.3627,0
70.9517,2.19245,0,0,2.1779,0.306793,0.36288,3.6288,61.308,0.427427,0,0,1.05253,0.183357,0.441747,0.66528,12.849,1,0.393249,0.36288,0,58.263,4.0004,54.2322,0.84672,12.849,0.84672,3695.15,0,18.483,0,1.09753,1.54404,8.67173,0.940359,10.3729,0.42336,18.483,0.42336,0,0,442.007,0,1.02816,0,0,2.12569,1.09753,1.028160,1,0,65.0469,0,0,0,65.0469,0
72.29,2.18647,0,0,4.36913,0.325537,0.518828,3.6288,61.308,0.427721,0,0,2.2674,0.216548,1.62313,0.66528,12.849,1,0.395959,0.518828,0,91.0993,3.36231,87.8599,0.84672,12.849,0.84672,3695.15,0,18.483,0,3.06956,1.71515,8.93447,0.963101,12.7561,0.42336,18.483,0.42336,0,0,442.007,0,1.02816,0,0,4.09772,3.06956,1.028160,1,0,102.239,0,0,0,102.239,0
72.29,2.19939,0,0,2.90033,0.328876,0.372064,3.6288,61.308,0.428015,0,0,1.16587,0.216548,0.521306,0.66528,12.849,1,0.390924,0.372064,0,63.1446,3.36231,59.7634,0.84672,12.849,0.84672,3695.15,0,18.483,0,1.60942,1.7155,6.75659,0.963101,9.11841,0.42336,18.483,0.42336,0,0,442.007,0,1.02816,0,0,2.63758,1.60942,1.028160,1,0,69.4031,0,0,0,69.4031,0
71.6799,2.19983,0,0,2.25647,0.303874,0.36288,3.6288,61.308,0.42831,0,0,0.868773,0.223719,0.216744,0.66528,12.849,1,0.391003,0.36288,0,53.9673,3.40866,50.5306,0.84672,12.849,0.84672,3695.15,0,18.483,0,1.06012,1.71585,6.37237,1.0125,8.13584,0.42336,18.483,0.42336,0,0,442.007,0,1.02816,0,0,2.08828,1.06012,1.028160,1,0,58.8831,0,0,0,58.8831,0
71.3922,1.91644,0,0,2.26097,0.269285,0.36288,3.6288,61.308,0.222922,0,0,1.04438,0.23328,0.588179,0.66528,12.849,1,0.343533,0.36288,0,83.503,3.47046,80.0519,0.84672,12.849,0.84672,3695.15,0,18.483,0,1.22508,1.71619,5.91592,1.07836,7.77884,0.42336,18.483,0.42336,0,0,442.007,0,1.02816,0,0,2.25324,1.22508,1.028160,1,0,88.4189,0,0,0,88.4189,0
72.29,1.91448,0,0,4.90159,0.284927,1.80443,3.6288,61.308,0.223174,0,0,1.32551,0.195611,0.906728,0.66528,12.849,1,0.344564,1.80443,0,58.0901,3.36819,56.1818,0.84672,12.849,0.84672,3695.15,0,18.483,0,1.54901,1.48271,6.93516,0.989565,8.97731,0.42336,18.483,0.42336,0,0,442.007,0,1.02816,0,0,2.57717,1.54901,1.028160,1,0,66.0658,0,0,0,66.0658,0
72.29,1.92215,0,0,4.36531,0.286882,2.15627,3.6288,61.308,0.223427,0,0,1.65973,0.195611,1.24069,0.66528,12.849,1,0.341648,2.15627,0,70.5794,3.36819,69.0258,0.84672,12.849,0.84672,3695.15,0,18.483,0,1.89506,1.48301,8.88944,0.989565,11.2779,0.42336,18.483,0.42336,0,0,442.007,0,1.02816,0,0,2.92322,1.89506,1.028160,1,0,81.5445,0,0,0,81.5445,0
72.29,1.92254,0,0,6.33629,0.286882,4.12687,3.6288,61.308,0.22368,0,0,2.07472,0.195611,1.65543,0.66528,12.849,1,0.341717,4.12687,0,122.208,3.36819,122.625,0.84672,12.849,0.84672,3695.15,0,18.483,0,2.28293,1.48331,10.91,0.989565,13.6867,0.42336,18.483,0.42336,0,0,442.007,0,1.02816,0,0,3.31109,2.28293,1.028160,1,0,137.967,0,0,0,137.967,0
72.29,1.92293,0,0,8.11071,0.286882,5.9009,3.6288,61.308,0.223933,0,0,1.85087,0.195611,1.43133,0.66528,12.849,1,0.341786,5.9009,0,131.255,3.36819,133.445,0.84672,12.849,0.84672,3695.15,0,18.483,0,2.43016,1.48361,12.55,0.989565,15.4742,0.42336,18.483,0.42336,0,0,442.007,0,1.02816,0,0,3.45832,2.43016,1.028160,1,0,150.351,0,0,0,150.351,0
72.29,1.99359,0,0,7.96481,0.293871,5.67735,3.6288,61.308,0.274554,0,0,1.55148,0.199229,1.07769,0.66528,12.849,1,0.354346,5.67735,0,107.024,3.9396,108.407,0.84672,12.849,0.84672,3695.15,0,18.483,0,1.73115,1.48391,11.4028,1.0864,13.5315,0.42336,18.483,0.42336,0,0,442.007,0,1.02816,0,0,2.75931,1.73115,1.028160,1,0,123.016,0,0,0,123.016,0
72.29,1.99399,0,0,11.234,0.304509,8.93548,3.6288,61.308,0.274817,0,0,3.33485,0.172789,2.88724,0.66528,12.849,1,0.354417,8.93548,0,119.766,3.72025,124.627,0.84672,12.849,0.84672,3695.15,0,18.483,0,3.39367,1.542,15.7698,0.982419,19.7231,0.42336,18.483,0.42336,0,0,442.007,0,1.02816,0,0,4.42183,3.39367,1.028160,1,0,147.237,0,0,0,147.237,0
72.29,1.9944,0,0,9.36014,0.304509,7.06124,3.6288,61.308,0.27508,0,0,3.36499,0.172789,2.91712,0.66528,12.849,1,0.354489,7.06124,0,147.411,3.72025,150.398,0.84672,12.849,0.84672,3695.15,0,18.483,0,4.22609,1.54231,17.4799,0.982419,22.2659,0.42336,18.483,0.42336,0,0,442.007,0,1.02816,0,0,5.25425,4.22609,1.028160,1,0,175.581,0,0,0,175.581,0
72.29,1.9948,0,0,6.68417,0.295836,4.39354,3.6288,61.308,0.275343,0,0,2.23911,0.149089,1.81468,0.66528,12.849,1,0.35456,4.39354,0,118.574,3.07275,119.54,0.84672,12.849,0.84672,3695.15,0,18.483,0,2.80555,1.54262,11.5309,0.891837,14.9873,0.42336,18.483,0.42336,0,0,442.007,0,1.02816,0,0,3.83371,2.80555,1.028160,1,0,136.342,0,0,0,136.342,0
72.29,1.9677,0,0,6.15127,0.242894,3.94068,3.6288,61.308,0.256028,0,0,1.84731,0.173485,1.4178,0.66528,12.849,1,0.349744,3.94068,0,98.261,3.12549,98.7264,0.84672,12.849,0.84672,3695.15,0,18.483,0,2.03985,1.54294,9.32308,0.974004,11.9319,0.42336,18.483,0.42336,0,0,442.007,0,1.02816,0,0,3.06801,2.03985,1.028160,1,0,112.076,0,0,0,112.076,0
72.29,1.9681,0,0,5.37015,0.235449,3.1666,3.6288,61.308,0.256287,0,0,1.63897,0.209869,1.17282,0.66528,12.849,1,0.349815,3.1666,0,89.5899,4.07788,88.3288,0.84672,12.849,0.84672,3695.15,0,18.483,0,1.55982,1.52073,7.06968,1.1071,9.04313,0.42336,18.483,0.42336,0,0,442.007,0,1.02816,0,0,2.58798,1.55982,1.028160,1,0,98.5447,0,0,0,98.5447,0
72.29,1.9685,0,0,4.7719,0.235449,2.56795,3.6288,61.308,0.256546,0,0,1.77764,0.209869,1.31122,0.66528,12.849,1,0.349885,2.56795,0,83.2101,4.07788,81.3503,0.84672,12.849,0.84672,3695.15,0,18.483,0,1.73282,1.52104,7.25328,1.1071,9.40004,0.42336,18.483,0.42336,0,0,442.007,0,1.02816,0,0,2.76098,1.73282,1.028160,1,0,92.0616,0,0,0,92.0616,0
72.29,1.96889,0,0,4.98394,0.235449,2.7796,3.6288,61.308,0.256806,0,0,1.5227,0.209869,1.05602,0.66528,12.849,1,0.349956,2.7796,0,82.5275,4.07788,80.8793,0.84672,12.849,0.84672,3695.15,0,18.483,0,1.26425,1.52135,8.511,1.1071,10.1895,0.42336,18.483,0.42336,0,0,442.007,0,1.02816,0,0,2.29241,1.26425,1.028160,1,0,92.1248,0,0,0,92.1248,0
72.29,2.06271,0,0,4.87051,0.198956,2.60884,3.6288,61.308,0.326551,0,0,1.48487,0.227672,0.930647,0.66528,12.849,1,0.366631,2.60884,0,82.0498,5.48144,78.8105,0.84672,12.849,0.84672,3695.15,0,18.483,0,1.36678,1.52166,7.68917,1.16244,9.41517,0.42336,18.483,0.42336,0,0,442.007,0,1.02816,0,0,2.39494,1.36678,1.028160,1,0,89.1563,0,0,0,89.1563,0
72.29,2.06313,0,0,3.74974,0.160637,1.52598,3.6288,61.308,0.326825,0,0,1.34574,0.234308,0.784608,0.66528,12.849,1,0.366705,1.52598,0,57.7814,5.0823,53.8584,0.84672,12.849,0.84672,3695.15,0,18.483,0,1.04967,1.60074,6.1742,1.09502,7.7296,0.42336,18.483,0.42336,0,0,442.007,0,1.02816,0,0,2.07783,1.04967,1.028160,1,0,62.3726,0,0,0,62.3726,0
72.29,2.06354,0,0,3.52502,0.155264,1.30622,3.6288,61.308,0.327098,0,0,1.262,0.234919,0.699984,0.66528,12.849,1,0.366779,1.30622,0,53.2943,4.97679,49.2569,0.84672,12.849,0.84672,3695.15,0,18.483,0,0.912228,1.60106,5.88247,1.08224,7.31353,0.42336,18.483,0.42336,0,0,442.007,0,1.02816,0,0,1.94039,0.912228,1.028160,1,0,57.2704,0,0,0,57.2704,0
72.29,2.06396,0,0,3.40583,0.155264,1.1866,3.6288,61.308,0.327372,0,0,1.28732,0.234919,0.725026,0.66528,12.849,1,0.366853,1.1866,0,50.8124,4.97679,46.6553,0.84672,12.849,0.84672,3695.15,0,18.483,0,1.12359,1.60139,5.62658,1.08224,7.26932,0.42336,18.483,0.42336,0,0,442.007,0,1.02816,0,0,2.15175,1.12359,1.028160,1,0,54.6497,0,0,0,54.6497,0
72.29,2.06438,0,0,3.12602,0.17985,0.881796,3.6288,61.308,0.327645,0,0,1.2067,0.228335,0.650717,0.66528,12.849,1,0.366927,0.881796,0,47.7765,4.55372,43.7377,0.84672,12.849,0.84672,3695.15,0,18.483,0,1.0275,1.60171,5.13115,1.09856,6.6618,0.42336,18.483,0.42336,0,0,442.007,0,1.02816,0,0,2.05566,1.0275,1.028160,1,0,51.0502,0,0,0,51.0502,0
72.2108,2.0463,0,0,2.45891,0.128883,0.36288,3.6288,61.308,0.366148,0,0,0.881807,0.247108,0.268551,0.66528,12.849,1,0.363714,0.36288,0,34.4807,4.95864,29.5212,0.84672,12.849,0.84672,3695.15,0,18.483,0,0.424509,1.60203,4.01583,1.17159,4.87078,0.42336,18.483,0.42336,0,0,442.007,0,1.02816,0,0,1.45267,0.424509,1.028160,1,0,34.6605,0,0,0,34.6605,0
71.6766,2.04603,0,0,1.97738,0.102663,0.36288,3.6288,60.8617,0.808763,0,0,0.618349,0.255898,0,0.66528,12.849,1,0.364066,0.36288,0,26.024,5.33316,20.6897,0.84672,12.849,0.84672,3695.15,0,18.483,0,0.30119,1.62693,3.32873,1.20481,4.05204,0.42336,18.483,0.42336,0,0,442.007,0,0.585827,0,0,0.887017,0.30119,1.028160,1,0,24.7417,0,0,0,24.7417,0
70.9775,2.04184,0,0,1.80786,0.102246,0.36288,3.6288,60.4572,0.752824,0,0,0.603494,0.255176,0,0.66528,12.849,1,0.366027,0.36288,0,25.6568,5.33316,20.3205,0.84672,12.849,0.84672,3695.15,0,18.483,0,0.261274,1.62725,3.28781,1.20481,3.97153,0.42336,18.483,0.42336,0,0,442.007,0,0.642047,0,0,0.903321,0.261274,1.028160,1,0,24.2921,0,0,0,24.2921,0
70.1291,2.03615,0,0,1.65225,0.101701,0.36288,3.6288,59.8826,0.884442,0,0,0.564358,0.254522,0,0.66528,12.849,1,0.368603,0.36288,0,24.1325,5.33316,18.7936,0.84672,12.849,0.84672,3695.15,0,18.483,0,0.261274,1.62758,3.12862,1.20481,3.81267,0.42336,18.483,0.42336,0,0,442.007,0,0.51071,0,0,0.771984,0.261274,1.028160,1,0,22.6063,0,0,0,22.6063,0
69.0753,2.0764,0,0,1.47293,0.0874346,0.36288,3.6288,59.1239,0.976186,0,0,0.508045,0.290514,0,0.66528,12.849,1,0.380437,0.36288,0,21.1632,5.83065,15.315,0.84672,12.849,0.84672,3695.15,0,18.483,0,0.261274,1.62791,2.87861,1.37226,3.39554,0.42336,18.483,0.42336,0,0,442.007,0,0.453347,0,0,0.71462,0.261274,1.028160,1,0,18.7105,0,0,0,18.7105,0
67.8261,2.06708,0,0,1.24864,0.0678136,0.36288,3.6288,57.9932,1.22499,0,0,0.407366,0.313061,0,0.66528,12.849,1,0.384507,0.36288,0,18.9839,6.1172,12.8451,0.84672,12.849,0.84672,3695.15,0,18.483,0,0.261274,1.66742,2.27033,1.45244,2.74659,0.42336,18.483,0.42336,0,0,442.007,0,0.204835,0,0,0.466108,0.261274,1.028160,1,0,15.5917,0,0,0,15.5917,0
66.5584,2.05568,0,0,1.21795,0.0671548,0.36288,3.6288,56.8741,1.1837,0,0,0.375328,0.310792,0,0.66528,12.849,1,0.389429,0.36288,0,18.9595,6.1172,12.8158,0.84672,12.849,0.84672,3695.15,0,18.483,0,0.261274,1.66776,2.43283,1.45244,2.90942,0.42336,18.483,0.42336,0,0,442.007,0,0.246414,0,0,0.507687,0.261274,1.028160,1,0,15.7252,0,0,0,15.7252,0
65.2249,2.0438,0,0,1.13973,0.0664861,0.36288,3.6288,55.741,1.1719,0,0,0.347419,0.308546,0,0.66528,12.849,1,0.394552,0.36288,0,17.1159,6.1172,10.9671,0.84672,12.849,0.84672,3695.15,0,18.483,0,0.227405,1.6681,2.17127,1.45244,2.61433,0.42336,18.483,0.42336,0,0,442.007,0,0.258496,0,0,0.485901,0.227405,1.028160,1,0,13.5814,0,0,0,13.5814,0
63.6761,2.16656,0,0,1.04634,0.0657829,0.36288,3.6288,54.4431,1.33527,0,0,0.343602,0.306272,0,0.66528,12.849,1,0.426802,0.36288,0,15.6459,6.1172,9.4648,0.84672,12.849,0.84672,3695.15,0,18.483,0,0.227405,1.66843,2.12357,1.45244,2.56698,0.42336,18.483,0.42336,0,0,442.007,0,0.218588,0,0,0.445992,0.227405,1.028160,1,0,12.0318,0,0,0,12.0318,0
62.0491,2.15002,0,0,0.966177,0.0802006,0.36288,3.6288,53.0432,1.39576,0,0,0.2975,0.301596,0,0.66528,12.849,1,0.433847,0.36288,0,13.1802,6.30807,6.8012,0.84672,12.849,0.84672,3695.15,0,18.483,0,0.227405,1.80156,2.07407,1.55846,2.54458,0.42336,18.483,0.42336,0,0,442.007,0,0.158416,0,0,0.385821,0.227405,1.028160,1,0,9.34577,0,0,0,9.34577,0
60.3511,2.13202,0,0,0.882058,0.0851547,0.36288,3.6288,51.5438,1.4718,0,0,0.270071,0.297676,0,0.66528,12.849,1,0.441495,0.36288,0,13.3079,6.38442,6.8449,0.84672,12.849,0.84672,3695.15,0,18.483,0,0.227405,1.80193,1.40481,1.60087,1.83328,0.42336,18.483,0.42336,0,0,442.007,0,0.0826917,0,0,0.310097,0.227405,1.028160,1,0,8.67818,0,0,0,8.67818,0
58.4995,2.11251,0,0,0.707711,0.0839651,0.36288,3.6288,49.9516,1.51047,0,0,0.212364,0.294107,0,0.66528,12.849,1,0.449762,0.36288,0,15.6529,6.38442,9.18161,0.84672,12.849,0.84672,3695.15,0,18.483,0,0.204422,1.80229,1.16696,1.60087,1.57281,0.42336,18.483,0.42336,0,0,442.007,0,0.0443301,0,0,0.248753,0.204422,1.028160,1,0,10.7544,0,0,0,10.7544,0
56.8019,2.09033,0,0,0.838158,0.0824873,0.36288,3.6288,48.6001,1.38535,0,0,0.324164,0.290317,0,0.66528,12.849,1,0.459125,0.36288,0,13.4353,6.38442,6.95462,0.84672,12.849,0.84672,3695.15,0,18.483,0,0.204422,1.80265,1.5781,1.60087,1.98431,0.42336,18.483,0.42336,0,0,442.007,0,0.169772,0,0,0.374194,0.204422,1.028160,1,0,8.93893,0,0,0,8.93893,0
55.2232,2.00605,0,0,0.904919,0.1147,0.36288,3.6288,47.2923,1.33909,0,0,0.306715,0.275486,0,0.66528,12.849,1,0.453782,0.36288,0,17.2842,5.74177,11.4516,0.84672,12.849,0.84672,3695.15,0,18.483,0,0.204422,1.80302,1.91576,1.47216,2.45104,0.42336,18.483,0.42336,0,0,442.007,0,0.141499,0,0,0.345921,0.204422,1.028160,1,0,13.9026,0,0,0,13.9026,0
54.0434,1.98626,0,0,1.3263,0.156979,0.36288,3.6288,46.2712,1.21267,0,0,0.44875,0.257181,0,0.66528,12.849,1,0.462152,0.36288,0,19.7649,4.88492,14.7807,0.84672,12.849,0.84672,3695.15,0,18.483,0,0.204422,1.7272,2.34304,1.30055,2.97411,0.42336,18.483,0.42336,0,0,442.007,0,0.268223,0,0,0.472645,0.204422,1.028160,1,0,17.7548,0,0,0,17.7548,0
52.6449,1.97109,0,0,1.09057,0.155123,0.36288,3.6288,45.7522,0.891326,0,0,0.627208,0.254885,0,0.66528,12.849,1,0.468633,0.36288,0,19.187,4.88492,14.1964,0.84672,12.849,0.84672,3695.15,0,18.483,0,0.216518,1.72755,2.64543,1.30055,3.28895,0.42336,18.483,0.42336,0,0,442.007,0,0.589863,0,0,0.806382,0.216518,1.028160,1,0,17.4853,0,0,0,17.4853,0
51.0815,1.95245,0,0,0.90491,0.152923,0.36288,3.6288,44.5553,1.28055,0,0,0.337344,0.253662,0,0.66528,12.849,1,0.476533,0.36288,0,18.3839,4.88492,13.3854,0.84672,12.849,0.84672,3695.15,0,18.483,0,0.216518,1.7279,1.97014,1.30055,2.614,0.42336,18.483,0.42336,0,0,442.007,0,0.20094,0,0,0.417458,0.216518,1.028160,1,0,15.9994,0,0,0,15.9994,0
49.94,1.88092,0,0,1.30151,0.199283,0.36288,3.6288,43.5998,1.15972,0,0,0.414946,0.210772,0,0.66528,12.849,1,0.473125,0.36288,0,21.4559,4.26202,17.0836,0.84672,12.849,0.84672,3695.15,0,18.483,0,0.216518,1.72825,2.16791,1.10586,3.00682,0.42336,18.483,0.42336,0,0,442.007,0,0.253894,0,0,0.470413,0.216518,1.028160,1,0,20.0904,0,0,0,20.0904,0
48.2546,1.86509,0,0,0.760942,0.21833,0.36288,3.6288,42.6728,0.969321,0,0,0.249901,0.207534,0,0.66528,12.849,1,0.479867,0.36288,0,13.6534,4.05878,9.47768,0.84672,12.849,0.84672,3695.15,0,18.483,0,0.216518,1.66084,1.97418,1.06385,2.78769,0.42336,18.483,0.42336,0,0,442.007,0,0.444575,0,0,0.661093,0.216518,1.028160,1,0,12.2654,0,0,0,12.2654,0
47.7715,1.84068,0,0,1.9349,0.214408,0.36288,3.6288,42.8812,0.386021,0,0,0.800079,0.205711,0,0.66528,12.849,1,0.490128,0.36288,0,38.0917,4.05878,33.9057,0.84672,12.849,0.84672,3695.15,0,18.483,0,0.983457,1.66118,4.61373,1.06385,6.19451,0.42336,18.483,0.42336,0,0,442.007,0,1.02816,0,0,2.01162,0.983457,1.028160,1,0,40.1002,0,0,0,40.1002,0
47.6203,1.83375,0,0,2.27686,0.23149,0.36288,3.6288,43.3256,0.394928,0,0,1.03196,0.19254,0,0.66528,12.849,1,0.493221,0.36288,0,45.4473,3.84112,41.4759,0.84672,12.849,0.84672,3695.15,0,18.483,0,0.292723,1.66151,4.67429,1.00219,5.62633,0.42336,18.483,0.42336,0,0,442.007,0,1.01954,0,0,1.31226,0.292723,1.028160,1,0,47.1022,0,0,0,47.1022,0
46.899,1.69386,0,0,1.57244,0.236963,0.36288,3.6288,43.2638,0.541983,0,0,0.666081,0.185968,0,0.66528,12.849,1,0.457041,0.36288,0,30.5084,3.64251,26.7718,0.84672,12.849,0.84672,3695.15,0,18.483,0,0.292723,1.66185,3.38494,0.810327,4.52918,0.42336,18.483,0.42336,0,0,442.007,0,0.730661,0,0,1.02338,0.292723,1.028160,1,0,31.301,0,0,0,31.301,0
47.3106,1.68393,0,0,2.69142,0.232973,0.36288,3.6288,43.6857,0.244741,0,0,0.85947,0.192759,0,0.66528,12.849,1,0.461348,0.36288,0,66.034,4.13706,61.7984,0.84672,12.849,0.84672,3695.15,0,18.483,0,0.513147,1.50953,5.66573,1.07848,6.60992,0.42336,18.483,0.42336,0,0,442.007,0,1.02816,0,0,1.54131,0.513147,1.028160,1,0,68.4084,0,0,0,68.4084,0
49.7046,1.69016,0,0,4.68212,0.23512,0.36288,3.6288,45.1446,0.244997,0,0,1.90637,0.202528,0,0.66528,12.849,1,0.459026,0.36288,0,102.969,4.27392,98.5989,0.84672,12.849,0.84672,3695.15,0,18.483,0,1.09035,1.50983,7.79092,1.15642,9.23469,0.42336,18.483,0.42336,0,0,442.007,0,1.02816,0,0,2.11851,1.09035,1.028160,1,0,107.834,0,0,0,107.834,0
52.6305,1.72357,0,0,5.25366,0.241303,0.36288,3.6288,46.3157,0.245254,0,0,1.62169,0.205326,0,0.66528,12.849,1,0.445555,0.36288,0,99.2606,4.27392,94.904,0.84672,12.849,0.84672,3695.15,0,18.483,0,1.6667,1.51014,12.3987,1.15642,14.4191,0.42336,18.483,0.42336,0,0,442.007,0,1.02816,0,0,2.69486,1.6667,1.028160,1,0,109.323,0,0,0,109.323,0
54.2083,1.76179,0,0,3.95127,0.248792,0.36288,3.6288,46.349,0.374705,0,0,0.615542,0.207572,0,0.66528,12.849,1,0.430116,0.36288,0,83.0045,4.27392,78.6633,0.84672,12.849,0.84672,3695.15,0,18.483,0,0.412474,1.51044,7.06495,1.15642,7.83145,0.42336,18.483,0.42336,0,0,442.007,0,0.898966,0,0,1.31144,0.412474,1.028160,1,0,86.4948,0,0,0,86.4948,0
56.2785,1.78113,0,0,4.47549,0.261296,0.36288,3.6288,47.5269,0.310121,0,0,1.7159,0.227886,0,0.66528,12.849,1,0.422182,0.36288,0,92.5309,4.2387,88.2329,0.84672,12.849,0.84672,3695.15,0,18.483,0,0.412474,1.51075,6.841,1.19836,7.56586,0.42336,18.483,0.42336,0,0,442.007,0,0.96355,0,0,1.37602,0.412474,1.028160,1,0,95.7988,0,0,0,95.7988,0
58.6478,1.86239,0,0,4.90469,0.310118,0.36288,3.6288,48.6382,0.480161,0,0,1.784,0.192463,0,0.66528,12.849,1,0.425203,0.36288,0,128.294,3.78819,124.443,0.84672,12.849,0.84672,3695.15,0,18.483,0,0.412474,1.51075,7.86076,1.02353,8.76045,0.42336,18.483,0.42336,0,0,442.007,0,0.834952,0,0,1.24743,0.412474,1.028160,1,0,133.204,0,0,0,133.204,0
60.8114,1.89005,0,0,4.73395,0.317405,0.36288,3.6288,49.19,0.671117,0,0,1.41718,0.194252,0,0.66528,12.849,1,0.414087,0.36288,0,103.645,3.78819,99.806,0.84672,12.849,0.84672,3695.15,0,18.483,0,0.503194,1.55937,6.90932,1.02353,7.94836,0.42336,18.483,0.42336,0,0,442.007,0,0.64425,0,0,1.14744,0.503194,1.028160,1,0,107.754,0,0,0,107.754,0
61.9842,1.91413,0,0,3.74592,0.296104,0.36288,3.6288,49.177,0.87436,0,0,1.06428,0.202962,0,0.66528,12.849,1,0.404442,0.36288,0,74.0284,4.10686,69.88,0.84672,12.849,0.84672,3695.15,0,18.483,0,0.503194,1.55967,5.65077,1.10548,6.60815,0.42336,18.483,0.42336,0,0,442.007,0,0.441262,0,0,0.944456,0.503194,1.028160,1,0,76.4881,0,0,0,76.4881,0
62.8944,1.9269,0,0,3.48777,0.287777,0.36288,3.6288,49.3,0.910591,0,0,1.23962,0.206068,0,0.66528,12.849,1,0.399436,0.36288,0,68.3631,4.23433,64.0922,0.84672,12.849,0.84672,3695.15,0,18.483,0,0.503194,1.55998,5.60011,1.13827,6.52501,0.42336,18.483,0.42336,0,0,442.007,0,0.405285,0,0,0.908479,0.503194,1.028160,1,0,70.6173,0,0,0,70.6173,0
62.4555,2.12558,0,0,2.36216,0.312681,0.36288,3.6288,49.3407,1.02982,0,0,1.24003,0.16943,0,0.66528,12.849,1,0.434245,0.36288,0,50.8568,3.27719,47.5082,0.84672,12.849,0.84672,3695.15,0,18.483,0,0.503194,1.56028,4.52958,0.90007,5.69298,0.42336,18.483,0.42336,0,0,442.007,0,0.441063,0,0,0.944257,0.503194,1.028160,1,0,53.2012,0,0,0,53.2012,0
62.0933,2.12104,0,0,2.43713,0.315338,0.36288,3.6288,49.5449,0.908864,0,0,1.27634,0.163344,0,0.66528,12.849,1,0.436362,0.36288,0,55.4024,3.11766,52.2113,0.84672,12.849,0.84672,3695.15,0,18.483,0,0.503194,1.73317,4.93117,0.86037,6.30716,0.42336,18.483,0.42336,0,0,442.007,0,0.5623,0,0,1.06549,0.503194,1.028160,1,0,58.5185,0,0,0,58.5185,0
61.4666,2.11732,0,0,2.16549,0.312005,0.36288,3.6288,49.5695,1.16337,0,0,1.35667,0.168711,0,0.66528,12.849,1,0.438138,0.36288,0,40.9534,3.2487,37.6295,0.84672,12.849,0.84672,3695.15,0,18.483,0,0.608429,1.73351,5.19466,0.901366,6.63523,0.42336,18.483,0.42336,0,0,442.007,0,0.308076,0,0,0.916505,0.608429,1.028160,1,0,44.2647,0,0,0,44.2647,0
62.3257,2.11051,0,0,3.61824,0.285799,0.36288,3.6288,50.5519,0.839587,0,0,2.00733,0.18525,0,0.66528,12.849,1,0.441182,0.36288,0,90.7148,4.19334,86.4432,0.84672,12.849,0.84672,3695.15,0,18.483,0,0.608429,1.73384,10.3625,1.05193,11.6528,0.42336,18.483,0.42336,0,0,442.007,0,0.632146,0,0,1.24057,0.608429,1.028160,1,0,98.096,0,0,0,98.096,0
66.1658,1.85197,0,0,6.39399,0.339037,0.36288,3.6288,53.8707,0.236021,0,0,3.68945,0.134721,0,0.66528,12.849,1,0.3818,0.36288,0,118.049,3.41739,114.613,0.84672,12.849,0.84672,3695.15,0,18.483,0,1.15562,1.73418,13.9362,0.886582,15.9394,0.42336,18.483,0.42336,0,0,442.007,0,1.02816,0,0,2.18378,1.15562,1.028160,1,0,130.552,0,0,0,130.552,0
68.7975,1.889,0,0,5.24241,0.358824,0.36288,3.6288,56.8469,0.236266,0,0,3.34236,0.12986,0,0.66528,12.849,1,0.366833,0.36288,0,123.314,3.28366,120.026,0.84672,12.849,0.84672,3695.15,0,18.483,0,1.03365,1.49824,13.5949,0.861675,15.2651,0.42336,18.483,0.42336,0,0,442.007,0,1.02816,0,0,2.06181,1.03365,1.028160,1,0,135.291,0,0,0,135.291,0
70.9024,1.91288,0,0,4.70289,0.322227,0.36288,3.6288,58.7215,0.237754,0,0,2.22143,0.109038,0,0.66528,12.849,1,0.35726,0.36288,0,103.542,2.93488,100.612,0.84672,12.849,0.84672,3695.15,0,18.483,0,0.558835,1.49853,12.0025,0.811573,13.2483,0.42336,18.483,0.42336,0,0,442.007,0,1.02692,0,0,1.58575,0.558835,1.028160,1,0,113.861,0,0,0,113.861,0
72.29,1.93119,0,0,4.96568,0.293886,1.35298,3.6288,61.308,0.236754,0,0,2.9283,0.0926134,0.0124623,0.66528,12.849,1,0.349972,1.35298,0,108.963,2.6733,107.293,0.84672,12.849,0.84672,3695.15,0,18.483,0,1.047,1.49882,12.5965,0.773996,14.3683,0.42336,18.483,0.42336,0,0,442.007,0,1.02816,0,0,2.07516,1.047,1.028160,1,0,121.674,0,0,0,121.674,0
72.29,1.94299,0,0,5.85094,0.312356,3.59559,3.6288,61.308,0.236999,0,0,4.83058,0.12201,4.47157,0.66528,12.849,1,0.345353,3.59559,0,112.136,3.07479,112.311,0.84672,12.849,0.84672,3695.15,0,18.483,0,1.22238,1.49911,12.3139,0.839612,14.1958,0.42336,18.483,0.42336,0,0,442.007,0,1.02816,0,0,2.25054,1.22238,1.028160,1,0,130.979,0,0,0,130.979,0
72.29,2.01438,0,0,4.37705,0.332813,2.02986,3.6288,61.308,0.31753,0,0,3.24151,0.159153,2.76483,0.66528,12.849,1,0.35804,2.02986,0,80.0453,3.61011,78.107,0.84672,12.849,0.84672,3695.15,0,18.483,0,0.558835,1.49939,8.66333,0.9271,9.79446,0.42336,18.483,0.42336,0,0,442.007,0,0.998767,0,0,1.5576,0.558835,1.028160,1,0,90.6663,0,0,0,90.6663,0
72.29,2.01477,0,0,3.52295,0.332813,1.17537,3.6288,61.308,0.389582,0,0,2.69673,0.159153,2.148,0.66528,12.849,1,0.358109,1.17537,0,60.9622,3.61011,58.1694,0.84672,12.849,0.84672,3695.15,0,18.483,0,0.528595,1.55808,7.08013,0.9271,8.23971,0.42336,18.483,0.42336,0,0,442.007,0,0.926968,0,0,1.45556,0.528595,1.028160,1,0,68.5571,0,0,0,68.5571,0
72.29,2.01515,0,0,3.47058,0.328792,1.12664,3.6288,61.308,0.288645,0,0,2.24021,0.150307,1.80125,0.66528,12.849,1,0.358178,1.12664,0,56.9157,3.43475,54.2494,0.84672,12.849,0.84672,3695.15,0,18.483,0,0.697006,1.55838,6.02766,0.902527,7.38052,0.42336,18.483,0.42336,0,0,442.007,0,1.02816,0,0,1.72517,0.697006,1.028160,1,0,63.4311,0,0,0,63.4311,0
72.29,2.01554,0,0,3.41262,0.296897,1.10018,3.6288,61.308,0.386652,0,0,1.88379,0.114211,1.38292,0.66528,12.849,1,0.358248,1.10018,0,52.9144,2.61285,51.0435,0.84672,12.849,0.84672,3695.15,0,18.483,0,0.528595,1.55868,4.41379,0.797083,5.70398,0.42336,18.483,0.42336,0,0,442.007,0,0.930407,0,0,1.459,0.528595,1.028160,1,0,58.1304,0,0,0,58.1304,0
71.8572,1.98815,0,0,2.16852,0.250273,0.36288,3.6288,61.2775,0.949988,0,0,1.13556,0.216114,0,0.66528,12.849,1,0.353378,0.36288,0,36.7067,3.99462,32.7216,0.84672,12.849,0.84672,3695.15,0,18.483,0,0.528595,1.55898,3.86177,1.04907,4.90028,0.42336,18.483,0.42336,0,0,442.007,0,0.347544,0,0,0.876139,0.528595,1.028160,1,0,37.6219,0,0,0,37.6219,0
71.4952,1.98492,0,0,2.23526,0.249452,0.36288,3.6288,61.3024,0.957393,0,0,1.19837,0.216072,0,0.66528,12.849,1,0.354929,0.36288,0,35.3555,3.99462,31.3688,0.84672,12.849,0.84672,3695.15,0,18.483,0,0.528595,1.53654,3.33003,1.04907,4.34609,0.42336,18.483,0.42336,0,0,442.007,0,0.34039,0,0,0.868985,0.528595,1.028160,1,0,35.7149,0,0,0,35.7149,0
71.9881,1.98225,0,0,3.07161,0.233634,0.36288,3.6288,61.308,0.726134,0,0,1.31786,0.219676,0.366404,0.66528,12.849,1,0.356247,0.36288,0,46.0967,4.10298,42.0004,0.84672,12.849,0.84672,3695.15,0,18.483,0,0.402797,1.53683,3.32624,1.02901,4.23686,0.42336,18.483,0.42336,0,0,442.007,0,0.571899,0,0,0.974696,0.402797,1.028160,1,0,46.6036,0,0,0,46.6036,0
71.3988,1.98678,0,0,1.95688,0.196544,0.36288,3.6288,61.2963,0.895047,0,0,1.11191,0.22861,0,0.66528,12.849,1,0.354616,0.36288,0,33.7412,4.37388,29.3756,0.84672,12.849,0.84672,3695.15,0,18.483,0,0.402797,1.53713,2.95062,0.978859,3.91169,0.42336,18.483,0.42336,0,0,442.007,0,0.403237,0,0,0.806034,0.402797,1.028160,1,0,33.2873,0,0,0,33.2873,0
70.7837,2.07623,0,0,2.00435,0.180258,0.36288,3.6288,61.1185,0.985332,0,0,1.03601,0.228401,0,0.66528,12.849,1,0.373641,0.36288,0,32.7207,4.12698,28.583,0.84672,12.849,0.84672,3695.15,0,18.483,0,0.402797,1.53743,2.81777,1.04739,3.71061,0.42336,18.483,0.42336,0,0,442.007,0,0.383409,0,0,0.786205,0.402797,1.028160,1,0,32.2936,0,0,0,32.2936,0
70.0459,2.07115,0,0,1.86946,0.173279,0.36288,3.6288,60.769,1.0495,0,0,0.928048,0.228068,0,0.66528,12.849,1,0.375964,0.36288,0,29.1022,4.02822,25.0609,0.84672,12.849,0.84672,3695.15,0,18.483,0,0.402797,1.61732,2.56202,1.0748,3.50734,0.42336,18.483,0.42336,0,0,442.007,0,0.319507,0,0,0.722304,0.402797,1.028160,1,0,28.5682,0,0,0,28.5682,0
69.0598,2.06487,0,0,1.61397,0.172297,0.36288,3.6288,60.3619,0.998146,0,0,0.818614,0.227564,0,0.66528,12.849,1,0.378774,0.36288,0,26.7434,4.02822,22.6993,0.84672,12.849,0.84672,3695.15,0,18.483,0,0.30119,1.61763,2.4232,1.0748,3.26722,0.42336,18.483,0.42336,0,0,442.007,0,0.371123,0,0,0.672314,0.30119,1.028160,1,0,25.9665,0,0,0,25.9665,0
67.9233,2.0562,0,0,1.45351,0.170986,0.36288,3.6288,59.7654,1.06634,0,0,0.696807,0.226976,0,0.66528,12.849,1,0.382568,0.36288,0,25.0493,4.02822,21.0014,0.84672,12.849,0.84672,3695.15,0,18.483,0,0.30119,1.61794,2.34712,1.0748,3.19145,0.42336,18.483,0.42336,0,0,442.007,0,0.303197,0,0,0.604387,0.30119,1.028160,1,0,24.1928,0,0,0,24.1928,0
66.9344,2.04591,0,0,1.56956,0.149646,0.36288,3.6288,59.4329,0.777566,0,0,0.683882,0.238843,0,0.66528,12.849,1,0.387024,0.36288,0,26.6567,4.5291,22.1035,0.84672,12.849,0.84672,3695.15,0,18.483,0,0.30119,1.61826,2.57926,1.13804,3.36066,0.42336,18.483,0.42336,0,0,442.007,0,0.592232,0,0,0.893423,0.30119,1.028160,1,0,25.4641,0,0,0,25.4641,0
66.1999,2.01856,0,0,1.77983,0.132887,0.36288,3.6288,59.3372,0.486859,0,0,0.63504,0.243884,0,0.66528,12.849,1,0.387492,0.36288,0,31.0681,4.9687,26.0747,0.84672,12.849,0.84672,3695.15,0,18.483,0,0.30119,1.61857,2.85208,1.16008,3.61176,0.42336,18.483,0.42336,0,0,442.007,0,0.921828,0,0,1.22302,0.30119,1.028160,1,0,29.6865,0,0,0,29.6865,0
65.3088,2.01184,0,0,1.61578,0.132115,0.36288,3.6288,59.1262,0.56718,0,0,0.599915,0.243734,0,0.66528,12.849,1,0.390485,0.36288,0,30.1448,4.9687,25.1485,0.84672,12.849,0.84672,3695.15,0,18.483,0,0.261274,1.6437,2.68094,1.16008,3.42583,0.42336,18.483,0.42336,0,0,442.007,0,0.841778,0,0,1.10305,0.261274,1.028160,1,0,28.5743,0,0,0,28.5743,0
64.2998,2.00344,0,0,1.4795,0.122162,0.36288,3.6288,58.8194,0.612717,0,0,0.570972,0.265041,0,0.66528,12.849,1,0.394162,0.36288,0,26.5839,5.25101,21.3016,0.84672,12.849,0.84672,3695.15,0,18.483,0,0.261274,1.64402,2.60359,1.26313,3.24576,0.42336,18.483,0.42336,0,0,442.007,0,0.796513,0,0,1.05779,0.261274,1.028160,1,0,24.5474,0,0,0,24.5474,0
63.2412,1.99369,0,0,1.39679,0.0988162,0.36288,3.6288,58.4023,0.631462,0,0,0.532845,0.318502,0,0.66528,12.849,1,0.398397,0.36288,0,23.6443,5.95675,17.652,0.84672,12.849,0.84672,3695.15,0,18.483,0,0.261274,1.64434,2.4835,1.52074,2.86837,0.42336,18.483,0.42336,0,0,442.007,0,0.778041,0,0,1.03931,0.261274,1.028160,1,0,20.5204,0,0,0,20.5204,0
62.0411,2.02948,0,0,1.29387,0.10163,0.36288,3.6288,57.8695,0.747692,0,0,0.550587,0.335656,0,0.66528,12.849,1,0.412338,0.36288,0,23.282,6.16277,17.0698,0.84672,12.849,0.84672,3695.15,0,18.483,0,0.261274,1.64465,2.17571,1.52215,2.55948,0.42336,18.483,0.42336,0,0,442.007,0,0.696531,0,0,0.957805,0.261274,1.028160,1,0,19.6293,0,0,0,19.6293,0
60.8228,2.01695,0,0,1.2621,0.100636,0.36288,3.6288,57.3798,0.662521,0,0,0.507285,0.334504,0,0.66528,12.849,1,0.417719,0.36288,0,23.2522,6.16277,17.0346,0.84672,12.849,0.84672,3695.15,0,18.483,0,0.261274,1.68456,2.33143,1.52215,2.7551,0.42336,18.483,0.42336,0,0,442.007,0,0.781981,0,0,1.04325,0.261274,1.028160,1,0,19.7897,0,0,0,19.7897,0
59.5374,2.00387,0,0,1.18104,0.0996271,0.36288,3.6288,56.8422,0.673704,0,0,0.469564,0.333446,0,0.66528,12.849,1,0.423323,0.36288,0,20.9909,6.16277,14.7677,0.84672,12.849,0.84672,3695.15,0,18.483,0,0.227405,1.68488,2.08078,1.52215,2.47091,0.42336,18.483,0.42336,0,0,442.007,0,0.771077,0,0,0.998482,0.227405,1.028160,1,0,17.2386,0,0,0,17.2386,0
58.1706,1.98965,0,0,1.08423,0.0984718,0.36288,3.6288,56.2183,0.755985,0,0,0.464404,0.332284,0,0.66528,12.849,1,0.429394,0.36288,0,19.1882,6.16277,12.959,0.84672,12.849,0.84672,3695.15,0,18.483,0,0.227405,1.68521,2.03507,1.52215,2.42553,0.42336,18.483,0.42336,0,0,442.007,0,0.689075,0,0,0.916479,0.227405,1.028160,1,0,15.3845,0,0,0,15.3845,0
57.0007,2.10588,0,0,1.39601,0.0971602,0.36288,3.6288,55.9337,0.541616,0,0,0.583356,0.326319,0,0.66528,12.849,1,0.465156,0.36288,0,22.5099,6.36379,16.0438,0.84672,12.849,0.84672,3695.15,0,18.483,0,0.322427,1.68553,2.81835,1.59439,3.23192,0.42336,18.483,0.42336,0,0,442.007,0,1.02816,0,0,1.35059,0.322427,1.028160,1,0,19.2757,0,0,0,19.2757,0
55.4693,2.09126,0,0,1.03382,0.111143,0.36288,3.6288,55.158,0.850013,0,0,0.387716,0.313499,0,0.66528,12.849,1,0.471408,0.36288,0,25.7329,6.25285,19.3716,0.84672,12.849,0.84672,3695.15,0,18.483,0,0.227405,1.82001,1.80174,1.59627,2.25289,0.42336,18.483,0.42336,0,0,442.007,0,0.720066,0,0,0.947471,0.227405,1.028160,1,0,21.6244,0,0,0,21.6244,0
54.1499,2.07138,0,0,1.22438,0.109467,0.36288,3.6288,54.8957,0.542222,0,0,0.591835,0.311907,0,0.66528,12.849,1,0.479818,0.36288,0,22.0873,6.25285,15.7175,0.84672,12.849,0.84672,3695.15,0,18.483,0,0.397112,1.82036,2.4365,1.59627,3.0577,0.42336,18.483,0.42336,0,0,442.007,0,1.02816,0,0,1.42527,0.397112,1.028160,1,0,18.7752,0,0,0,18.7752,0
52.645,2.05372,0,0,1.02297,0.111278,0.36288,3.6288,54.3878,0.650621,0,0,0.434332,0.291524,0,0.66528,12.849,1,0.487317,0.36288,0,20.1557,5.69832,14.333,0.84672,12.849,0.84672,3695.15,0,18.483,0,0.204422,1.82072,2.52431,1.38041,3.16904,0.42336,18.483,0.42336,0,0,442.007,0,0.920065,0,0,1.12449,0.204422,1.028160,1,0,17.502,0,0,0,17.502,0
51.2364,2.03281,0,0,1.10867,0.121607,0.36288,3.6288,54.1028,0.542829,0,0,0.522996,0.265236,0,0.66528,12.849,1,0.496146,0.36288,0,16.5569,4.93617,11.4875,0.84672,12.849,0.84672,3695.15,0,18.483,0,0.578085,1.82107,3.00751,1.16998,4.23668,0.42336,18.483,0.42336,0,0,442.007,0,1.02816,0,0,1.60625,0.578085,1.028160,1,0,15.7242,0,0,0,15.7242,0
49.7342,1.95116,0,0,0.950754,0.138944,0.36288,3.6288,53.9653,0.46753,0,0,0.597406,0.267379,0,0.66528,12.849,1,0.489309,0.36288,0,21.408,4.87925,16.4023,0.84672,12.849,0.84672,3695.15,0,18.483,0,1.33838,1.82142,2.77227,1.36345,4.56862,0.42336,18.483,0.42336,0,0,442.007,0,1.02816,0,0,2.36654,1.33838,1.028160,1,0,20.971,0,0,0,20.971,0
48.2299,1.92942,0,0,0.924843,0.136765,0.36288,3.6288,53.783,0.467819,0,0,0.552659,0.267136,0,0.66528,12.849,1,0.498472,0.36288,0,19.5556,4.87925,14.5408,0.84672,12.849,0.84672,3695.15,0,18.483,0,1.13586,1.74482,2.72404,1.36345,4.24126,0.42336,18.483,0.42336,0,0,442.007,0,1.02816,0,0,2.16402,1.13586,1.028160,1,0,18.782,0,0,0,18.782,0
47.5744,1.9068,0,0,1.85924,0.245065,0.36288,3.6288,54.3345,0.468108,0,0,1.18534,0.165723,0,0.66528,12.849,1,0.507994,0.36288,0,53.1708,3.42584,49.5999,0.84672,12.849,0.84672,3695.15,0,18.483,0,2.08225,1.74515,6.86351,0.909168,9.78175,0.42336,18.483,0.42336,0,0,442.007,0,1.02816,0,0,3.11041,2.08225,1.028160,1,0,59.3816,0,0,0,59.3816,0
48.0017,1.89688,0,0,2.9303,0.243317,0.36288,3.6288,54.7637,0.468397,0,0,1.06399,0.16634,0,0.66528,12.849,1,0.512313,0.36288,0,60.1843,3.42584,56.609,0.84672,12.849,0.84672,3695.15,0,18.483,0,2.61132,1.74549,4.45866,0.909168,7.9063,0.42336,18.483,0.42336,0,0,442.007,0,1.02816,0,0,3.63948,2.61132,1.028160,1,0,64.5153,0,0,0,64.5153,0
48.5525,1.85479,0,0,3.01958,0.251061,0.36288,3.6288,54.8808,0.399816,0,0,0.70781,0.190982,0,0.66528,12.849,1,0.496487,0.36288,0,56.6476,4.21045,52.3035,0.84672,12.849,0.84672,3695.15,0,18.483,0,1.55907,1.74583,4.22539,1.03688,6.49341,0.42336,18.483,0.42336,0,0,442.007,0,1.02816,0,0,2.58723,1.55907,1.028160,1,0,58.7969,0,0,0,58.7969,0
49.3142,1.8635,0,0,3.24179,0.253678,0.36288,3.6288,54.9828,0.400091,0,0,0.69731,0.19516,0,0.66528,12.849,1,0.493159,0.36288,0,61.5927,4.34123,57.1212,0.84672,12.849,0.84672,3695.15,0,18.483,0,1.52401,1.67772,5.38467,1.05817,7.52823,0.42336,18.483,0.42336,0,0,442.007,0,1.02816,0,0,2.55217,1.52401,1.028160,1,0,64.6495,0,0,0,64.6495,0
50.3627,1.87522,0,0,3.54237,0.255774,0.36288,3.6288,55.6289,0.400367,0,0,1.24178,0.195292,0,0.66528,12.849,1,0.488595,0.36288,0,63.9871,4.34123,59.5201,0.84672,12.849,0.84672,3695.15,0,18.483,0,2.33554,1.67805,5.74492,1.05817,8.70033,0.42336,18.483,0.42336,0,0,442.007,0,1.02816,0,0,3.3637,2.33554,1.028160,1,0,68.2205,0,0,0,68.2205,0
50.9303,1.89088,0,0,3.09704,0.275774,0.36288,3.6288,56.2459,0.400643,0,0,1.21967,0.20205,0,0.66528,12.849,1,0.482417,0.36288,0,64.7849,3.86735,60.798,0.84672,12.849,0.84672,3695.15,0,18.483,0,2.06081,1.67837,6.04574,0.957376,8.82754,0.42336,18.483,0.42336,0,0,442.007,0,1.02816,0,0,3.08897,2.06081,1.028160,1,0,69.6255,0,0,0,69.6255,0
51.5517,1.75631,0,0,3.01754,0.276908,0.36288,3.6288,56.6515,0.257372,0,0,0.853882,0.190975,0,0.66528,12.849,1,0.443094,0.36288,0,74.2048,3.66908,70.4555,0.84672,12.849,0.84672,3695.15,0,18.483,0,1.77023,1.67869,4.89466,0.907553,7.43603,0.42336,18.483,0.42336,0,0,442.007,0,1.02816,0,0,2.79839,1.77023,1.028160,1,0,77.8916,0,0,0,77.8916,0
52.5944,1.76476,0,0,3.43889,0.268559,0.36288,3.6288,57.4441,0.25762,0,0,1.22945,0.179181,0,0.66528,12.849,1,0.439856,0.36288,0,66.8162,3.78693,62.9523,0.84672,12.849,0.84672,3695.15,0,18.483,0,2.98785,1.52482,4.5401,0.926883,8.12588,0.42336,18.483,0.42336,0,0,442.007,0,1.02816,0,0,4.01601,2.98785,1.028160,1,0,71.0782,0,0,0,71.0782,0
52.8233,1.77842,0,0,2.64169,0.271472,0.36288,3.6288,57.6723,0.257868,0,0,0.666192,0.180106,0,0.66528,12.849,1,0.434475,0.36288,0,54.8669,3.78693,51.0083,0.84672,12.849,0.84672,3695.15,0,18.483,0,1.2812,1.52511,4.50039,0.926883,6.37982,0.42336,18.483,0.42336,0,0,442.007,0,1.02816,0,0,2.30936,1.2812,1.028160,1,0,57.3881,0,0,0,57.3881,0
53.4793,1.78165,0,0,3.07268,0.272112,0.36288,3.6288,58.5384,0.258117,0,0,1.30462,0.180372,0,0.66528,12.849,1,0.433377,0.36288,0,61.0978,3.78693,57.2404,0.84672,12.849,0.84672,3695.15,0,18.483,0,1.41936,1.5254,5.06442,0.926883,7.08231,0.42336,18.483,0.42336,0,0,442.007,0,1.02816,0,0,2.44752,1.41936,1.028160,1,0,64.3227,0,0,0,64.3227,0
55.8849,1.79017,0,0,4.82325,0.264621,0.36288,3.6288,59.92,0.258365,0,0,1.81928,0.179396,0,0.66528,12.849,1,0.430108,0.36288,0,160.612,3.51942,157.026,0.84672,12.849,0.84672,3695.15,0,18.483,0,3.10082,1.5257,6.31763,0.8767,10.0674,0.42336,18.483,0.42336,0,0,442.007,0,1.02816,0,0,4.12898,3.10082,1.028160,1,0,167.093,0,0,0,167.093,0
59.0117,1.87644,0,0,5.59296,0.226838,0.36288,3.6288,60.5052,0.300214,0,0,1.04934,0.163862,0,0.66528,12.849,1,0.431429,0.36288,0,159.66,2.65818,156.934,0.84672,12.849,0.84672,3695.15,0,18.483,0,2.09774,1.52599,6.24936,0.667517,9.20558,0.42336,18.483,0.42336,0,0,442.007,0,1.02816,0,0,3.1259,2.09774,1.028160,1,0,166.139,0,0,0,166.139,0
60.5586,1.9132,0,0,4.05689,0.233899,0.36288,3.6288,60.9655,0.300459,0,0,0.925206,0.164474,0,0.66528,12.849,1,0.416574,0.36288,0,81.0155,2.65818,78.3037,0.84672,12.849,0.84672,3695.15,0,18.483,0,1.64018,1.5751,4.02743,0.667517,6.5752,0.42336,18.483,0.42336,0,0,442.007,0,1.02816,0,0,2.66834,1.64018,1.028160,1,0,84.8789,0,0,0,84.8789,0
62.7399,1.93066,0,0,4.71214,0.237322,0.36288,3.6288,61.308,0.300705,0,0,1.09816,0.164955,0.290002,0.66528,12.849,1,0.409637,0.36288,0,95.7165,2.65818,93.0116,0.84672,12.849,0.84672,3695.15,0,18.483,0,2.15235,1.57539,6.11408,0.667517,9.1743,0.42336,18.483,0.42336,0,0,442.007,0,1.02816,0,0,3.18051,2.15235,1.028160,1,0,102.476,0,0,0,102.476,0
66.799,1.95418,0,0,6.69476,0.318641,0.36288,3.6288,61.308,0.30095,0,0,1.21753,0.130777,0.785804,0.66528,12.849,1,0.400212,0.36288,0,100.633,2.93926,97.6561,0.84672,12.849,0.84672,3695.15,0,18.483,0,2.47082,1.57568,8.33812,0.838009,11.5466,0.42336,18.483,0.42336,0,0,442.007,0,1.02816,0,0,3.49898,2.47082,1.028160,1,0,109.988,0,0,0,109.988,0
68.4085,2.1895,0,0,4.48604,0.324168,0.36288,3.6288,61.308,0.4575,0,0,0.899623,0.16219,0.279933,0.66528,12.849,1,0.421157,0.36288,0,123.351,3.13569,120.157,0.84672,12.849,0.84672,3695.15,0,18.483,0,1.43943,1.57597,8.10972,0.805056,10.3201,0.42336,18.483,0.42336,0,0,442.007,0,1.02816,0,0,2.46759,1.43943,1.028160,1,0,130.757,0,0,0,130.757,0
69.96,2.20648,0,0,4.44714,0.326252,0.36288,3.6288,61.308,0.457774,0,0,0.800263,0.174755,0.167734,0.66528,12.849,1,0.414437,0.36288,0,109.477,3.21426,106.212,0.84672,12.849,0.84672,3695.15,0,18.483,0,1.02764,1.75059,6.09047,0.791874,8.07682,0.42336,18.483,0.42336,0,0,442.007,0,1.02816,0,0,2.0558,1.02764,1.028160,1,0,114.456,0,0,0,114.456,0
70.4519,2.22237,0,0,3.4074,0.33021,0.36288,3.6288,61.308,0.458048,0,0,0.696842,0.174755,0.0640383,0.66528,12.849,1,0.408165,0.36288,0,94.1216,3.21426,90.862,0.84672,12.849,0.84672,3695.15,0,18.483,0,0.610338,1.75091,5.633,0.791874,7.20238,0.42336,18.483,0.42336,0,0,442.007,0,1.02816,0,0,1.6385,0.610338,1.028160,1,0,98.1284,0,0,0,98.1284,0
72.29,2.22759,0,0,6.81516,0.316098,2.43342,3.6288,61.308,0.458323,0,0,1.40196,0.207952,0.735686,0.66528,12.849,1,0.406267,2.43342,0,129.141,4.0005,127.168,0.84672,12.849,0.84672,3695.15,0,18.483,0,2.65099,1.75124,8.08885,1.03785,11.4532,0.42336,18.483,0.42336,0,0,442.007,0,1.02816,0,0,3.67915,2.65099,1.028160,1,0,139.357,0,0,0,139.357,0
72.29,1.96094,0,0,5.5218,0.328974,3.23189,3.6288,61.308,0.248681,0,0,1.08833,0.201682,0.637966,0.66528,12.849,1,0.348541,3.23189,0,86.0356,3.46022,85.4587,0.84672,12.849,0.84672,3695.15,0,18.483,0,1.96722,1.75156,7.18274,0.92811,9.97342,0.42336,18.483,0.42336,0,0,442.007,0,1.02816,0,0,2.99538,1.96722,1.028160,1,0,96.0701,0,0,0,96.0701,0
72.29,1.9613,0,0,7.09609,0.333376,4.80142,3.6288,61.308,0.248916,0,0,1.80481,0.196961,1.35893,0.66528,12.849,1,0.348606,4.80142,0,121.28,3.19169,122.542,0.84672,12.849,0.84672,3695.15,0,18.483,0,1.93535,1.51324,7.28034,0.867815,9.86112,0.42336,18.483,0.42336,0,0,442.007,0,1.02816,0,0,2.96351,1.93535,1.028160,1,0,133.762,0,0,0,133.762,0
72.29,1.96166,0,0,3.51606,0.310719,1.24368,3.6288,61.1924,0.633071,0,0,0.702354,0.184928,0,0.66528,12.849,1,0.34867,1.24368,0,100.801,3.0173,98.6789,0.84672,12.849,0.84672,3695.15,0,18.483,0,0.558835,1.51352,3.50914,0.842764,4.73873,0.42336,18.483,0.42336,0,0,442.007,0,0.644242,0,0,1.20308,0.558835,1.028160,1,0,103.418,0,0,0,103.418,0
72.29,1.96202,0,0,3.10873,0.277974,0.868737,3.6288,60.7923,0.773145,0,0,0.596745,0.223611,0,0.66528,12.849,1,0.348735,0.868737,0,82.0204,4.32252,78.2179,0.84672,12.849,0.84672,3695.15,0,18.483,0,0.558835,1.5138,2.63762,1.12813,3.58212,0.42336,18.483,0.42336,0,0,442.007,0,0.504403,0,0,1.06324,0.558835,1.028160,1,0,81.8,0,0,0,81.8,0
72.29,1.96238,0,0,4.68191,0.295616,2.42391,3.6288,61.308,0.249624,0,0,2.1397,0.238634,1.13578,0.66528,12.849,1,0.348799,2.42391,0,78.2412,4.84401,75.4723,0.84672,12.849,0.84672,3695.15,0,18.483,0,1.67737,1.51408,7.08049,1.22188,9.05006,0.42336,18.483,0.42336,0,0,442.007,0,1.02816,0,0,2.70553,1.67737,1.028160,1,0,85.6581,0,0,0,85.6581,0
72.29,2.03446,0,0,4.45315,0.315827,2.10286,3.6288,61.308,0.301261,0,0,1.20461,0.209585,0.693769,0.66528,12.849,1,0.36161,2.10286,0,87.6398,4.40654,84.9746,0.84672,12.849,0.84672,3695.15,0,18.483,0,1.56508,1.51436,5.41731,1.10827,7.38849,0.42336,18.483,0.42336,0,0,442.007,0,1.02816,0,0,2.59324,1.56508,1.028160,1,0,93.0568,0,0,0,93.0568,0
72.29,2.03484,0,0,6.15877,0.315827,3.80811,3.6288,61.308,0.301506,0,0,2.4209,0.209585,1.90981,0.66528,12.849,1,0.361677,3.80811,0,122.875,4.40654,121.915,0.84672,12.849,0.84672,3695.15,0,18.483,0,2.93077,1.57361,9.6142,1.10827,13.0103,0.42336,18.483,0.42336,0,0,442.007,0,1.02816,0,0,3.95893,2.93077,1.028160,1,0,136.835,0,0,0,136.835,0
72.29,2.03521,0,0,5.02601,0.27561,2.71519,3.6288,61.308,0.301752,0,0,1.24102,0.217688,0.721584,0.66528,12.849,1,0.361744,2.71519,0,92.6796,4.49402,90.539,0.84672,12.849,0.84672,3695.15,0,18.483,0,1.74006,1.5739,6.08435,1.07611,8.32221,0.42336,18.483,0.42336,0,0,442.007,0,1.02816,0,0,2.76822,1.74006,1.028160,1,0,99.5828,0,0,0,99.5828,0
72.29,2.03559,0,0,4.09253,0.244456,1.81249,3.6288,61.308,0.301997,0,0,1.03051,0.20124,0.527272,0.66528,12.849,1,0.36181,1.81249,0,78.7121,3.88595,76.2769,0.84672,12.849,0.84672,3695.15,0,18.483,0,1.24788,1.57419,4.54566,0.980435,6.3873,0.42336,18.483,0.42336,0,0,442.007,0,1.02816,0,0,2.27604,1.24788,1.028160,1,0,83.1914,0,0,0,83.1914,0
72.29,2.0079,0,0,3.56333,0.252242,1.30318,3.6288,61.308,0.282265,0,0,0.983439,0.216719,0.484456,0.66528,12.849,1,0.35689,1.30318,0,60.4506,4.34017,57.0567,0.84672,12.849,0.84672,3695.15,0,18.483,0,1.35675,1.57449,4.60356,1.07879,6.45601,0.42336,18.483,0.42336,0,0,442.007,0,1.02816,0,0,2.38491,1.35675,1.028160,1,0,63.9972,0,0,0,63.9972,0
72.29,2.00827,0,0,2.771,0.252242,0.510488,3.6288,61.308,0.282506,0,0,0.753261,0.216719,0.254035,0.66528,12.849,1,0.356956,0.510488,0,49.6564,4.34017,45.4698,0.84672,12.849,0.84672,3695.15,0,18.483,0,0.988917,1.5518,3.69121,1.07879,5.15314,0.42336,18.483,0.42336,0,0,442.007,0,1.02816,0,0,2.01708,0.988917,1.028160,1,0,50.8769,0,0,0,50.8769,0
72.0957,2.00864,0,0,2.42943,0.252242,0.36288,3.6288,61.308,0.282748,0,0,0.71028,0.216719,0.210812,0.66528,12.849,1,0.357021,0.36288,0,45.3406,4.34017,41.0063,0.84672,12.849,0.84672,3695.15,0,18.483,0,0.744811,1.55209,3.43786,1.07879,4.65597,0.42336,18.483,0.42336,0,0,442.007,0,1.02816,0,0,1.77297,0.744811,1.028160,1,0,45.8731,0,0,0,45.8731,0
72.1086,2.00738,0,0,2.63504,0.25187,0.36288,3.6288,61.308,0.28299,0,0,0.681555,0.216719,0.181845,0.66528,12.849,1,0.357758,0.36288,0,48.8775,4.34017,44.5425,0.84672,12.849,0.84672,3695.15,0,18.483,0,0.412059,1.55238,3.76255,1.07879,4.64819,0.42336,18.483,0.42336,0,0,442.007,0,1.02816,0,0,1.44022,0.412059,1.028160,1,0,49.3725,0,0,0,49.3725,0
72.0709,2.10311,0,0,2.64701,0.218696,0.36288,3.6288,61.308,0.354133,0,0,0.67849,0.227691,0.0966658,0.66528,12.849,1,0.374752,0.36288,0,49.9675,4.39139,45.5642,0.84672,12.849,0.84672,3695.15,0,18.483,0,0.708912,1.55266,3.40552,1.13035,4.53674,0.42336,18.483,0.42336,0,0,442.007,0,1.02816,0,0,1.73707,0.708912,1.028160,1,0,50.1976,0,0,0,50.1976,0
71.7246,2.10316,0,0,2.29718,0.177449,0.36288,3.6288,61.3039,0.354388,0,0,0.566163,0.215913,0,0.66528,12.849,1,0.374957,0.36288,0,44.9676,4.02192,40.9336,0.84672,12.849,0.84672,3695.15,0,18.483,0,1.02478,1.63333,2.96476,1.11303,4.50984,0.42336,18.483,0.42336,0,0,442.007,0,1.02816,0,0,2.05294,1.02478,1.028160,1,0,45.4434,0,0,0,45.4434,0
71.2586,2.10048,0,0,2.15915,0.161825,0.36288,3.6288,61.308,0.354644,0,0,0.589622,0.219477,0.0113629,0.66528,12.849,1,0.376287,0.36288,0,41.4199,4.13028,37.2762,0.84672,12.849,0.84672,3695.15,0,18.483,0,1.0299,1.63363,3.01317,1.09297,4.58373,0.42336,18.483,0.42336,0,0,442.007,0,1.02816,0,0,2.05806,1.0299,1.028160,1,0,41.8713,0,0,0,41.8713,0
70.7125,2.09669,0,0,2.0748,0.161251,0.36288,3.6288,61.308,0.354899,0,0,0.600649,0.219483,0.0262676,0.66528,12.849,1,0.378066,0.36288,0,39.0474,4.13028,34.9019,0.84672,12.849,0.84672,3695.15,0,18.483,0,0.927452,1.63394,3.00454,1.09297,4.47296,0.42336,18.483,0.42336,0,0,442.007,0,1.02816,0,0,1.95561,0.927452,1.028160,1,0,39.4011,0,0,0,39.4011,0
70.0972,2.09215,0,0,1.98458,0.14488,0.36288,3.6288,61.2756,0.355154,0,0,0.55007,0.227281,0,0.66528,12.849,1,0.380159,0.36288,0,35.7001,4.36668,31.3162,0.84672,12.849,0.84672,3695.15,0,18.483,0,0.63809,1.63424,2.87345,1.13386,4.01191,0.42336,18.483,0.42336,0,0,442.007,0,1.02816,0,0,1.66625,0.63809,1.028160,1,0,35.3281,0,0,0,35.3281,0
69.5449,2.06822,0,0,1.98394,0.105137,0.36288,3.6288,60.9446,0.577417,0,0,0.493145,0.246727,0,0.66528,12.849,1,0.37911,0.36288,0,31.9693,4.95768,26.9954,0.84672,12.849,0.84672,3695.15,0,18.483,0,0.30119,1.63454,3.1657,1.23608,3.86535,0.42336,18.483,0.42336,0,0,442.007,0,0.845156,0,0,1.14635,0.30119,1.028160,1,0,30.8607,0,0,0,30.8607,0
68.8277,2.06354,0,0,1.81388,0.104689,0.36288,3.6288,60.663,0.51669,0,0,0.481309,0.24621,0,0.66528,12.849,1,0.381256,0.36288,0,31.5179,4.95768,26.5418,0.84672,12.849,0.84672,3695.15,0,18.483,0,0.261274,1.65991,3.12679,1.23608,3.81189,0.42336,18.483,0.42336,0,0,442.007,0,0.906146,0,0,1.16742,0.261274,1.028160,1,0,30.3537,0,0,0,30.3537,0
67.9612,2.05726,0,0,1.65777,0.104107,0.36288,3.6288,60.1807,0.686703,0,0,0.450096,0.245771,0,0.66528,12.849,1,0.384057,0.36288,0,29.6455,4.95768,24.6666,0.84672,12.849,0.84672,3695.15,0,18.483,0,0.261274,1.66021,2.9754,1.23608,3.66081,0.42336,18.483,0.42336,0,0,442.007,0,0.736396,0,0,0.997669,0.261274,1.028160,1,0,28.3274,0,0,0,28.3274,0
66.9882,2.04947,0,0,1.52435,0.0849907,0.36288,3.6288,59.6323,0.6863,0,0,0.426527,0.288582,0,0.66528,12.849,1,0.38748,0.36288,0,26.5427,5.52228,20.9958,0.84672,12.849,0.84672,3695.15,0,18.483,0,0.261274,1.66052,2.83302,1.44217,3.31265,0.42336,18.483,0.42336,0,0,442.007,0,0.737061,0,0,0.998335,0.261274,1.028160,1,0,24.3085,0,0,0,24.3085,0
66.0066,2.08811,0,0,1.5379,0.0685588,0.36288,3.6288,58.9115,0.797442,0,0,0.3983,0.321623,0,0.66528,12.849,1,0.400521,0.36288,0,24.6057,6.15714,18.4109,0.84672,12.849,0.84672,3695.15,0,18.483,0,0.261274,1.66083,2.57305,1.54226,2.95289,0.42336,18.483,0.42336,0,0,442.007,0,0.660969,0,0,0.922242,0.261274,1.028160,1,0,21.3638,0,0,0,21.3638,0
64.9714,2.07865,0,0,1.47404,0.067683,0.36288,3.6288,58.1958,0.786013,0,0,0.390639,0.320389,0,0.66528,12.849,1,0.404634,0.36288,0,23.1757,6.19238,16.9415,0.84672,12.849,0.84672,3695.15,0,18.483,0,0.261274,1.70111,2.60912,1.53319,3.03832,0.42336,18.483,0.42336,0,0,442.007,0,0.672667,0,0,0.933941,0.261274,1.028160,1,0,19.9799,0,0,0,19.9799,0
63.7548,2.06842,0,0,1.28187,0.0671248,0.36288,3.6288,57.4127,0.83127,0,0,0.367113,0.318917,0,0.66528,12.849,1,0.409059,0.36288,0,21.9267,6.19238,15.6881,0.84672,12.849,0.84672,3695.15,0,18.483,0,0.227405,1.70142,2.53907,1.53319,2.93471,0.42336,18.483,0.42336,0,0,442.007,0,0.627679,0,0,0.855084,0.227405,1.028160,1,0,18.6228,0,0,0,18.6228,0
62.4499,2.05604,0,0,1.18041,0.0664688,0.36288,3.6288,56.5796,0.875543,0,0,0.359696,0.317306,0,0.66528,12.849,1,0.414369,0.36288,0,20.6801,6.19238,14.4362,0.84672,12.849,0.84672,3695.15,0,18.483,0,0.227405,1.70173,2.51338,1.53319,2.90933,0.42336,18.483,0.42336,0,0,442.007,0,0.583675,0,0,0.81108,0.227405,1.028160,1,0,17.3456,0,0,0,17.3456,0
60.787,2.17876,0,0,0.912756,0.033941,0.36288,3.6288,55.5086,1.05968,0,0,0.322374,0.33362,0,0.66528,12.849,1,0.448277,0.36288,0,18.7793,6.66585,12.0281,0.84672,12.849,0.84672,3695.15,0,18.483,0,0.227405,1.70205,2.39499,1.59482,2.72962,0.42336,18.483,0.42336,0,0,442.007,0,0.525468,0,0,0.752872,0.227405,1.028160,1,0,14.7577,0,0,0,14.7577,0
58.9726,2.15942,0,0,0.732577,0.024747,0.36288,3.6288,54.2496,1.17562,0,0,0.255852,0.339276,0,0.66528,12.849,1,0.456453,0.36288,0,15.0655,6.73292,8.23899,0.84672,12.849,0.84672,3695.15,0,18.483,0,0.227405,1.83783,2.32047,1.6069,2.77881,0.42336,18.483,0.42336,0,0,442.007,0,0.409812,0,0,0.637217,0.227405,1.028160,1,0,11.0178,0,0,0,11.0178,0
57.3247,2.13745,0,0,0.876822,0.0243345,0.36288,3.6288,53.0899,1.09811,0,0,0.274854,0.336473,0,0.66528,12.849,1,0.46571,0.36288,0,15.5919,6.73292,8.75617,0.84672,12.849,0.84672,3695.15,0,18.483,0,0.204422,1.83817,2.54526,1.6069,2.98095,0.42336,18.483,0.42336,0,0,442.007,0,0.487616,0,0,0.692038,0.204422,1.028160,1,0,11.7371,0,0,0,11.7371,0
56.298,2.11674,0,0,1.49928,0.046427,0.36288,3.6288,52.13,0.984357,0,0,0.353025,0.328485,0,0.66528,12.849,1,0.474454,0.36288,0,25.9118,6.58449,19.2157,0.84672,12.849,0.84672,3695.15,0,18.483,0,0.204422,1.83851,2.8174,1.58869,3.27164,0.42336,18.483,0.42336,0,0,442.007,0,0.601664,0,0,0.806086,0.204422,1.028160,1,0,22.4874,0,0,0,22.4874,0
55.2803,2.10357,0,0,1.49539,0.0465974,0.36288,3.6288,51.2714,0.926252,0,0,0.377955,0.310301,0,0.66528,12.849,1,0.480102,0.36288,0,29.9694,6.49018,23.362,0.84672,12.849,0.84672,3695.15,0,18.483,0,0.204422,1.83885,2.57927,1.52771,3.09483,0.42336,18.483,0.42336,0,0,442.007,0,0.660061,0,0,0.864484,0.204422,1.028160,1,0,26.4568,0,0,0,26.4568,0
54.1189,2.02642,0,0,1.3224,0.0945406,0.36288,3.6288,50.977,0.482108,0,0,0.453978,0.266277,0,0.66528,12.849,1,0.471009,0.36288,0,21.9682,4.72542,17.1347,0.84672,12.849,0.84672,3695.15,0,18.483,0,0.603063,1.83919,3.51112,1.25515,4.69822,0.42336,18.483,0.42336,0,0,442.007,0,1.02816,0,0,1.63122,0.603063,1.028160,1,0,21.8329,0,0,0,21.8329,0
53.0732,2.01118,0,0,1.4324,0.10399,0.36288,3.6288,50.7671,0.482386,0,0,0.541853,0.269388,0,0.66528,12.849,1,0.477499,0.36288,0,24.1054,4.79052,19.2003,0.84672,12.849,0.84672,3695.15,0,18.483,0,0.671095,1.76182,4.02462,1.29243,5.16511,0.42336,18.483,0.42336,0,0,442.007,0,1.02816,0,0,1.69925,0.671095,1.028160,1,0,24.3654,0,0,0,24.3654,0
52.0685,1.99713,0,0,1.45817,0.102889,0.36288,3.6288,50.5695,0.482665,0,0,0.554009,0.268928,0,0.66528,12.849,1,0.483504,0.36288,0,34.2708,4.79052,29.3597,0.84672,12.849,0.84672,3695.15,0,18.483,0,0.78662,1.76215,4.33499,1.29243,5.59133,0.42336,18.483,0.42336,0,0,442.007,0,1.02816,0,0,1.81478,0.78662,1.028160,1,0,34.951,0,0,0,34.951,0
51.2305,1.98329,0,0,1.61003,0.10183,0.36288,3.6288,50.621,0.482944,0,0,0.802953,0.268496,0,0.66528,12.849,1,0.489419,0.36288,0,81.3519,4.79052,76.4348,0.84672,12.849,0.84672,3695.15,0,18.483,0,1.20156,1.76247,6.09336,1.29243,7.76496,0.42336,18.483,0.42336,0,0,442.007,0,1.02816,0,0,2.22972,1.20156,1.028160,1,0,84.1998,0,0,0,84.1998,0
49.9471,1.92061,0,0,1.16018,0.160068,0.36288,3.6288,50.4359,0.413684,0,0,0.44884,0.220263,0,0.66528,12.849,1,0.481704,0.36288,0,52.8683,4.57392,48.1756,0.84672,12.849,0.84672,3695.15,0,18.483,0,0.269257,1.7628,4.28812,1.09766,5.22251,0.42336,18.483,0.42336,0,0,442.007,0,1.02816,0,0,1.29742,0.269257,1.028160,1,0,53.3981,0,0,0,53.3981,0
49.5163,1.90241,0,0,2.0157,0.181256,0.36288,3.6288,50.3925,0.41395,0,0,0.571105,0.200622,0,0.66528,12.849,1,0.4894,0.36288,0,52.3308,4.48728,47.717,0.84672,12.849,0.84672,3695.15,0,18.483,0,0.963585,1.69402,5.28384,1.01975,6.92169,0.42336,18.483,0.42336,0,0,442.007,0,1.02816,0,0,1.99174,0.963585,1.028160,1,0,54.6386,0,0,0,54.6386,0
51.9645,1.8964,0,0,4.88794,0.180429,0.36288,3.6288,51.1893,0.414216,0,0,1.41158,0.200551,0,0.66528,12.849,1,0.492099,0.36288,0,119.73,4.48728,115.113,0.84672,12.849,0.84672,3695.15,0,18.483,0,4.14794,1.69433,8.76048,1.01975,13.583,0.42336,18.483,0.42336,0,0,442.007,0,1.02816,0,0,5.1761,4.14794,1.028160,1,0,128.696,0,0,0,128.696,0
53.2747,1.93203,0,0,3.80774,0.202636,0.36288,3.6288,51.5933,0.414482,0,0,1.02679,0.208329,0,0.66528,12.849,1,0.477723,0.36288,0,68.6914,4.30305,64.2735,0.84672,12.849,0.84672,3695.15,0,18.483,0,2.44278,1.69464,5.21644,0.956114,8.39775,0.42336,18.483,0.42336,0,0,442.007,0,1.02816,0,0,3.47094,2.44278,1.028160,1,0,72.6712,0,0,0,72.6712,0
55.8926,1.80354,0,0,5.01024,0.225906,0.36288,3.6288,53.5051,0.269813,0,0,2.39045,0.208796,0,0.66528,12.849,1,0.434985,0.36288,0,83.3994,4.25937,79.0679,0.84672,12.849,0.84672,3695.15,0,18.483,0,4.20466,1.69495,9.80066,0.979314,14.721,0.42336,18.483,0.42336,0,0,442.007,0,1.02816,0,0,5.23282,4.20466,1.028160,1,0,93.7889,0,0,0,93.7889,0
60.3302,1.83571,0,0,6.86382,0.227643,0.36288,3.6288,56.5442,0.270052,0,0,3.50918,0.200012,0,0.66528,12.849,1,0.422007,0.36288,0,144.797,4.52865,140.209,0.84672,12.849,0.84672,3695.15,0,18.483,0,5.9676,1.53957,14.0714,1.12338,20.4552,0.42336,18.483,0.42336,0,0,442.007,0,1.02816,0,0,6.99576,5.9676,1.028160,1,0,160.664,0,0,0,160.664,0
70.8758,1.88588,0,0,13.0321,0.237693,0.36288,3.6288,59.069,0.270291,0,0,2.99925,0.204141,0,0.66528,12.849,1,0.401651,0.36288,0,217.983,4.52865,213.415,0.84672,12.849,0.84672,3695.15,0,18.483,0,6.58253,1.53986,15.9477,1.12338,22.9467,0.42336,18.483,0.42336,0,0,442.007,0,1.02816,0,0,7.61069,6.58253,1.028160,1,0,236.362,0,0,0,236.362,0
72.29,1.9873,0,0,12.8692,0.258611,9.2091,3.6288,61.308,0.270531,0,0,4.25415,0.2075,1.53716,0.66528,12.849,1,0.360276,9.2091,0,319.543,4.52865,323.863,0.84672,12.849,0.84672,3695.15,0,18.483,0,6.54693,1.54014,16.9385,1.12338,23.9022,0.42336,18.483,0.42336,0,0,442.007,0,1.02816,0,0,7.57509,6.54693,1.028160,1,0,349.302,0,0,0,349.302,0
72.29,1.99966,0,0,7.3148,0.27486,5.04028,3.6288,61.308,0.27077,0,0,1.99177,0.157525,1.56348,0.66528,12.849,1,0.355424,5.04028,0,140.885,3.95115,141.618,0.84672,12.849,0.84672,3695.15,0,18.483,0,3.89182,1.54042,13.328,0.966796,17.7934,0.42336,18.483,0.42336,0,0,442.007,0,1.02816,0,0,4.91998,3.89182,1.028160,1,0,160.975,0,0,0,160.975,0
72.29,2.06268,0,0,2.85854,0.314635,0.481234,3.6288,61.308,0.313012,0,0,1.21625,0.212008,0.691234,0.66528,12.849,1,0.366625,0.481234,0,46.3158,3.77795,42.6525,0.84672,12.849,0.84672,3695.15,0,18.483,0,0.861555,1.54071,6.62683,0.981219,8.04787,0.42336,18.483,0.42336,0,0,442.007,0,1.02816,0,0,1.88971,0.861555,1.028160,1,0,51.3916,0,0,0,51.3916,0
72.29,2.06304,0,0,4.41799,0.297672,2.05728,3.6288,61.308,0.313248,0,0,1.42982,0.182146,0.934422,0.66528,12.849,1,0.36669,2.05728,0,95.8176,3.14601,94.3622,0.84672,12.849,0.84672,3695.15,0,18.483,0,0.859706,1.59027,7.53252,0.812551,9.16995,0.42336,18.483,0.42336,0,0,442.007,0,1.02816,0,0,1.88787,0.859706,1.028160,1,0,104.467,0,0,0,104.467,0
72.29,2.0634,0,0,3.51785,0.297672,1.15678,3.6288,61.308,0.339387,0,0,1.15688,0.182146,0.635345,0.66528,12.849,1,0.366754,1.15678,0,73.6478,3.14601,71.2918,0.84672,12.849,0.84672,3695.15,0,18.483,0,0.503194,1.59055,5.67461,0.812551,6.95581,0.42336,18.483,0.42336,0,0,442.007,0,1.00226,0,0,1.50545,0.503194,1.028160,1,0,78.883,0,0,0,78.883,0
72.29,2.06377,0,0,2.75772,0.297672,0.396277,3.6288,61.308,0.51581,0,0,1.03239,0.182146,0.334437,0.66528,12.849,1,0.366819,0.396277,0,42.1846,3.14601,39.0681,0.84672,12.849,0.84672,3695.15,0,18.483,0,0.503194,1.59083,4.73699,0.812551,6.01847,0.42336,18.483,0.42336,0,0,442.007,0,0.82607,0,0,1.32926,0.503194,1.028160,1,0,45.421,0,0,0,45.421,0
72.29,2.26546,0,0,3.80563,0.34302,1.19715,3.6288,61.308,0.471762,0,0,1.77815,0.160266,1.14612,0.66528,12.849,1,0.402668,1.19715,0,63.1317,3.31887,60.6073,0.84672,12.849,0.84672,3695.15,0,18.483,0,1.09721,1.59111,6.70877,0.835576,8.56152,0.42336,18.483,0.42336,0,0,442.007,0,1.02816,0,0,2.12537,1.09721,1.028160,1,0,70.3149,0,0,0,70.3149,0
72.29,2.26586,0,0,4.23165,0.377031,1.58876,3.6288,61.308,0.472026,0,0,1.80331,0.143856,1.18742,0.66528,12.849,1,0.402739,1.58876,0,87.9604,3.44851,85.6979,0.84672,12.849,0.84672,3695.15,0,18.483,0,1.46115,1.76739,7.43351,0.852844,9.80921,0.42336,18.483,0.42336,0,0,442.007,0,1.02816,0,0,2.48931,1.46115,1.028160,1,0,96.6945,0,0,0,96.6945,0
72.29,2.26626,0,0,3.55529,0.377031,0.912001,3.6288,61.308,0.47229,0,0,1.61512,0.143856,0.998972,0.66528,12.849,1,0.40281,0.912001,0,77.6762,3.44851,74.7369,0.84672,12.849,0.84672,3695.15,0,18.483,0,1.14553,1.76771,6.72408,0.852844,8.78448,0.42336,18.483,0.42336,0,0,442.007,0,1.02816,0,0,2.17369,1.14553,1.028160,1,0,84.5203,0,0,0,84.5203,0
72.29,2.26666,0,0,3.65831,0.3633,1.02836,3.6288,61.308,0.472555,0,0,1.99513,0.166987,1.35559,0.66528,12.849,1,0.402881,1.02836,0,79.8967,3.50932,77.0128,0.84672,12.849,0.84672,3695.15,0,18.483,0,1.64123,1.76802,7.44047,0.923789,9.92593,0.42336,18.483,0.42336,0,0,442.007,0,1.02816,0,0,2.66939,1.64123,1.028160,1,0,88.2943,0,0,0,88.2943,0
72.29,1.97969,0,0,3.62242,0.316224,1.32651,3.6288,61.308,0.260894,0,0,1.18781,0.196447,0.730469,0.66528,12.849,1,0.351875,1.32651,0,62.4141,3.62901,59.7597,0.84672,12.849,0.84672,3695.15,0,18.483,0,0.651992,1.76833,5.25137,1.04169,6.63001,0.42336,18.483,0.42336,0,0,442.007,0,1.02816,0,0,1.68015,0.651992,1.028160,1,0,67.1202,0,0,0,67.1202,0
72.29,1.98004,0,0,4.59134,0.306662,2.30464,3.6288,61.308,0.261121,0,0,2.28197,0.175173,1.84568,0.66528,12.849,1,0.351937,2.30464,0,96.8475,3.60475,95.1954,0.84672,12.849,0.84672,3695.15,0,18.483,0,1.74688,1.52771,7.12863,0.997091,9.40613,0.42336,18.483,0.42336,0,0,442.007,0,1.02816,0,0,2.77504,1.74688,1.028160,1,0,106.447,0,0,0,106.447,0
72.29,1.98039,0,0,3.9712,0.314814,1.676,3.6288,61.308,0.261349,0,0,1.25511,0.164345,0.829413,0.66528,12.849,1,0.351999,1.676,0,72.0127,3.4806,69.8561,0.84672,12.849,0.84672,3695.15,0,18.483,0,0.783674,1.52798,4.67086,0.962585,6.01993,0.42336,18.483,0.42336,0,0,442.007,0,1.02816,0,0,1.81183,0.783674,1.028160,1,0,76.7054,0,0,0,76.7054,0
72.29,1.98074,0,0,3.88836,0.363727,1.5439,3.6288,61.308,0.261576,0,0,1.19894,0.0993803,0.837982,0.66528,12.849,1,0.352061,1.5439,0,57.9207,2.73567,56.3768,0.84672,12.849,0.84672,3695.15,0,18.483,0,0.746038,1.52825,4.0567,0.755548,5.57544,0.42336,18.483,0.42336,0,0,442.007,0,1.02816,0,0,1.7742,0.746038,1.028160,1,0,62.7902,0,0,0,62.7902,0
72.29,1.98109,0,0,3.55025,0.348185,1.22098,3.6288,61.308,0.261803,0,0,1.23894,0.162034,0.815105,0.66528,12.849,1,0.352123,1.22098,0,81.1175,3.90657,78.0798,0.84672,12.849,0.84672,3695.15,0,18.483,0,0.920246,1.52852,5.10292,1.0904,6.46129,0.42336,18.483,0.42336,0,0,442.007,0,1.02816,0,0,1.94841,0.920246,1.028160,1,0,85.3562,0,0,0,85.3562,0
72.29,2.05383,0,0,4.49494,0.316029,2.12508,3.6288,61.308,0.31392,0,0,1.39515,0.161168,0.920064,0.66528,12.849,1,0.365054,2.12508,0,89.3316,3.11814,87.9734,0.84672,12.849,0.84672,3695.15,0,18.483,0,1.94853,1.52879,6.95901,0.874903,9.56143,0.42336,18.483,0.42336,0,0,442.007,0,1.02816,0,0,2.97669,1.94853,1.028160,1,0,98.4549,0,0,0,98.4549,0
72.29,2.0542,0,0,4.94283,0.314571,2.57406,3.6288,61.308,0.314157,0,0,2.64395,0.150385,2.17941,0.66528,12.849,1,0.365118,2.57406,0,89.7705,3.10254,88.8769,0.84672,12.849,0.84672,3695.15,0,18.483,0,2.7246,1.5886,6.56303,0.832766,10.0435,0.42336,18.483,0.42336,0,0,442.007,0,1.02816,0,0,3.75276,2.7246,1.028160,1,0,101.1,0,0,0,101.1,0
72.29,2.05456,0,0,4.59752,0.314571,2.22839,3.6288,61.308,0.314393,0,0,3.09735,0.150385,2.63257,0.66528,12.849,1,0.365182,2.22839,0,101.864,3.10254,100.625,0.84672,12.849,0.84672,3695.15,0,18.483,0,2.80179,1.58888,9.55861,0.832766,13.1165,0.42336,18.483,0.42336,0,0,442.007,0,1.02816,0,0,3.82995,2.80179,1.028160,1,0,116.374,0,0,0,116.374,0
72.29,2.05492,0,0,3.31022,0.31168,0.943617,3.6288,61.308,0.31463,0,0,2.29233,0.142485,1.83522,0.66528,12.849,1,0.365247,0.943617,0,106.974,2.8867,104.665,0.84672,12.849,0.84672,3695.15,0,18.483,0,3.1818,1.58916,6.18684,0.802572,10.1552,0.42336,18.483,0.42336,0,0,442.007,0,1.02816,0,0,4.20996,3.1818,1.028160,1,0,116.656,0,0,0,116.656,0
72.29,2.02696,0,0,2.75874,0.244579,0.487209,3.6288,61.308,0.294698,0,0,1.42127,0.147593,0.978979,0.66528,12.849,1,0.360276,0.487209,0,62.2221,3.47182,58.8772,0.84672,12.849,0.84672,3695.15,0,18.483,0,1.80919,1.58944,4.87065,0.967665,7.30162,0.42336,18.483,0.42336,0,0,442.007,0,1.02816,0,0,2.83735,1.80919,1.028160,1,0,67.1578,0,0,0,67.1578,0
72.1049,2.02731,0,0,2.45982,0.254691,0.36288,3.6288,61.308,0.294932,0,0,1.22404,0.179163,0.749943,0.66528,12.849,1,0.360339,0.36288,0,52.4042,4.06551,48.3412,0.84672,12.849,0.84672,3695.15,0,18.483,0,1.21948,1.56653,4.37647,1.05148,6.11101,0.42336,18.483,0.42336,0,0,442.007,0,1.02816,0,0,2.24764,1.21948,1.028160,1,0,55.2022,0,0,0,55.2022,0
71.8107,2.0261,0,0,2.26495,0.170183,0.36288,3.6288,61.308,0.295164,0,0,1.07908,0.218401,0.56551,0.66528,12.849,1,0.361048,0.36288,0,47.9078,4.41147,43.4981,0.84672,12.849,0.84672,3695.15,0,18.483,0,1.04002,1.5668,4.07905,1.07213,5.61374,0.42336,18.483,0.42336,0,0,442.007,0,1.02816,0,0,2.06818,1.04002,1.028160,1,0,49.6774,0,0,0,49.6774,0
71.463,2.02394,0,0,2.20892,0.169803,0.36288,3.6288,61.308,0.295397,0,0,1.20621,0.218401,0.692415,0.66528,12.849,1,0.362141,0.36288,0,46.4054,4.41147,41.9947,0.84672,12.849,0.84672,3695.15,0,18.483,0,1.30417,1.56708,4.82823,1.07213,6.62735,0.42336,18.483,0.42336,0,0,442.007,0,1.02816,0,0,2.33233,1.30417,1.028160,1,0,49.3145,0,0,0,49.3145,0
70.8533,2.1172,0,0,2.05068,0.180322,0.36288,3.6288,61.308,0.367202,0,0,1.06865,0.211425,0.49002,0.66528,12.849,1,0.38067,0.36288,0,43.9738,4.2462,39.7098,0.84672,12.849,0.84672,3695.15,0,18.483,0,0.852664,1.56736,4.12474,1.07314,5.47162,0.42336,18.483,0.42336,0,0,442.007,0,1.02816,0,0,1.88082,0.852664,1.028160,1,0,45.6714,0,0,0,45.6714,0
70.0743,2.11203,0,0,1.84421,0.148332,0.36288,3.6288,61.308,0.367447,0,0,0.947886,0.204688,0.37575,0.66528,12.849,1,0.383009,0.36288,0,40.9175,4.11054,36.7868,0.84672,12.849,0.84672,3695.15,0,18.483,0,0.625614,1.64877,3.86116,1.02503,5.11052,0.42336,18.483,0.42336,0,0,442.007,0,1.02816,0,0,1.65377,0.625614,1.028160,1,0,42.2731,0,0,0,42.2731,0
69.231,2.10522,0,0,1.76484,0.139962,0.36288,3.6288,61.308,0.367693,0,0,0.99665,0.206473,0.422483,0.66528,12.849,1,0.38602,0.36288,0,38.4448,4.16472,34.2569,0.84672,12.849,0.84672,3695.15,0,18.483,0,0.61636,1.64906,4.02255,1.015,5.27298,0.42336,18.483,0.42336,0,0,442.007,0,1.02816,0,0,1.64452,0.61636,1.028160,1,0,39.9524,0,0,0,39.9524,0
68.3174,2.0977,0,0,1.68598,0.139051,0.36288,3.6288,61.308,0.367939,0,0,1.00085,0.206473,0.426437,0.66528,12.849,1,0.389325,0.36288,0,36.1207,4.16472,31.9296,0.84672,12.849,0.84672,3695.15,0,18.483,0,0.543914,1.64935,3.86796,1.015,5.04624,0.42336,18.483,0.42336,0,0,442.007,0,1.02816,0,0,1.57207,0.543914,1.028160,1,0,37.4022,0,0,0,37.4022,0
67.4349,2.08936,0,0,1.70199,0.132268,0.36288,3.6288,61.308,0.368185,0,0,0.916574,0.20937,0.339019,0.66528,12.849,1,0.392964,0.36288,0,34.0611,4.25141,29.7796,0.84672,12.849,0.84672,3695.15,0,18.483,0,0.427818,1.64965,3.58906,1.02389,4.64263,0.42336,18.483,0.42336,0,0,442.007,0,1.02816,0,0,1.45598,0.427818,1.028160,1,0,34.7613,0,0,0,34.7613,0
67.2651,2.06253,0,0,2.35247,0.0968158,0.36288,3.6288,61.308,0.436832,0,0,0.789195,0.226751,0.125611,0.66528,12.849,1,0.392993,0.36288,0,35.3945,4.77151,30.5929,0.84672,12.849,0.84672,3695.15,0,18.483,0,0.30119,1.64994,3.1462,1.07727,4.02005,0.42336,18.483,0.42336,0,0,442.007,0,0.99913,0,0,1.30032,0.30119,1.028160,1,0,34.7386,0,0,0,34.7386,0
66.8753,2.06124,0,0,2.13101,0.0966864,0.36288,3.6288,61.308,0.461787,0,0,0.754151,0.226751,0.065613,0.66528,12.849,1,0.393739,0.36288,0,34.7838,4.77151,29.9814,0.84672,12.849,0.84672,3695.15,0,18.483,0,0.261274,1.67553,2.97222,1.07727,3.83175,0.42336,18.483,0.42336,0,0,442.007,0,0.974428,0,0,1.2357,0.261274,1.028160,1,0,33.8788,0,0,0,33.8788,0
66.3031,2.05779,0,0,1.9403,0.0918248,0.36288,3.6288,61.2034,0.580062,0,0,0.713206,0.23772,0,0.66528,12.849,1,0.395371,0.36288,0,30.62,4.91266,25.6748,0.84672,12.849,0.84672,3695.15,0,18.483,0,0.261274,1.67582,2.88477,1.12879,3.69307,0.42336,18.483,0.42336,0,0,442.007,0,0.856405,0,0,1.11768,0.261274,1.028160,1,0,29.3679,0,0,0,29.3679,0
65.6657,2.0525,0,0,1.84211,0.0641471,0.36288,3.6288,61.0032,0.565014,0,0,0.668088,0.303334,0,0.66528,12.849,1,0.397759,0.36288,0,27.6172,5.75956,21.8227,0.84672,12.849,0.84672,3695.15,0,18.483,0,0.261274,1.67612,2.75084,1.43793,3.2503,0.42336,18.483,0.42336,0,0,442.007,0,0.871707,0,0,1.13298,0.261274,1.028160,1,0,25.073,0,0,0,25.073,0
64.6887,2.09425,0,0,1.53944,0.0593309,0.36288,3.6288,60.3989,0.851277,0,0,0.558699,0.311652,0,0.66528,12.849,1,0.409788,0.36288,0,24.8319,5.84364,18.9413,0.84672,12.849,0.84672,3695.15,0,18.483,0,0.261274,1.67641,2.43324,1.45726,2.91367,0.42336,18.483,0.42336,0,0,442.007,0,0.62081,0,0,0.882084,0.261274,1.028160,1,0,21.855,0,0,0,21.855,0
63.5775,2.08445,0,0,1.39328,0.0570854,0.36288,3.6288,59.5838,0.94045,0,0,0.439198,0.313926,0,0.66528,12.849,1,0.414031,0.36288,0,22.8586,5.87727,16.9302,0.84672,12.849,0.84672,3695.15,0,18.483,0,0.261274,1.71706,2.38028,1.46499,2.89362,0.42336,18.483,0.42336,0,0,442.007,0,0.531896,0,0,0.793169,0.261274,1.028160,1,0,19.8238,0,0,0,19.8238,0
62.3889,2.073,0,0,1.30379,0.0565746,0.36288,3.6288,58.7371,0.940891,0,0,0.406538,0.312299,0,0.66528,12.849,1,0.418952,0.36288,0,20.6355,5.87727,14.7022,0.84672,12.849,0.84672,3695.15,0,18.483,0,0.227405,1.71736,2.12439,1.46499,2.60416,0.42336,18.483,0.42336,0,0,442.007,0,0.531714,0,0,0.759119,0.227405,1.028160,1,0,17.3063,0,0,0,17.3063,0
61.1065,2.0604,0,0,1.19695,0.0560282,0.36288,3.6288,57.8251,1.0035,0,0,0.402074,0.310609,0,0.66528,12.849,1,0.42434,0.36288,0,18.8634,5.87727,12.9246,0.84672,12.849,0.84672,3695.15,0,18.483,0,0.227405,1.71766,2.07774,1.46499,2.55782,0.42336,18.483,0.42336,0,0,442.007,0,0.469361,0,0,0.696766,0.227405,1.028160,1,0,15.4825,0,0,0,15.4825,0
59.844,2.18308,0,0,1.32527,0.0418627,0.36288,3.6288,56.9204,1.03388,0,0,0.432044,0.302838,0,0.66528,12.849,1,0.459041,0.36288,0,18.4091,6.02743,12.2855,0.84672,12.849,0.84672,3695.15,0,18.483,0,0.227405,1.71797,2.74506,1.5439,3.14653,0.42336,18.483,0.42336,0,0,442.007,0,0.566072,0,0,0.793477,0.227405,1.028160,1,0,15.432,0,0,0,15.432,0
58.3792,2.16796,0,0,1.10573,0.039616,0.36288,3.6288,55.6976,1.27168,0,0,0.356246,0.307342,0,0.66528,12.849,1,0.465479,0.36288,0,18.5869,5.90762,12.5767,0.84672,12.849,0.84672,3695.15,0,18.483,0,0.227405,1.855,1.75255,1.61211,2.22284,0.42336,18.483,0.42336,0,0,442.007,0,0.328558,0,0,0.555962,0.227405,1.028160,1,0,14.7995,0,0,0,14.7995,0
56.7158,2.14981,0,0,0.888304,0.0390603,0.36288,3.6288,54.2314,1.41896,0,0,0.257669,0.304899,0,0.66528,12.849,1,0.473162,0.36288,0,18.1623,5.90762,12.1444,0.84672,12.849,0.84672,3695.15,0,18.483,0,0.204422,1.85533,1.4069,1.61211,1.85454,0.42336,18.483,0.42336,0,0,442.007,0,0.181556,0,0,0.385978,0.204422,1.028160,1,0,13.999,0,0,0,13.999,0
55.2924,2.12838,0,0,1.10629,0.0384291,0.36288,3.6288,53.2948,1.0751,0,0,0.440406,0.301969,0,0.66528,12.849,1,0.482186,0.36288,0,16.5878,5.90762,10.5608,0.84672,12.849,0.84672,3695.15,0,18.483,0,0.204422,1.85565,2.17534,1.61211,2.62331,0.42336,18.483,0.42336,0,0,442.007,0,0.525703,0,0,0.730126,0.204422,1.028160,1,0,13.1841,0,0,0,13.1841,0
53.6724,2.10943,0,0,0.896806,0.0444773,0.36288,3.6288,52.0463,1.30103,0,0,0.313154,0.260641,0,0.66528,12.849,1,0.490196,0.36288,0,12.5167,4.79854,7.59082,0.84672,12.849,0.84672,3695.15,0,18.483,0,0.204422,1.85598,2.17677,1.18039,3.05679,0.42336,18.483,0.42336,0,0,442.007,0,0.300055,0,0,0.504478,0.204422,1.028160,1,0,10.6476,0,0,0,10.6476,0
52.0515,2.02334,0,0,0.806656,0.0413436,0.36288,3.6288,51.1373,0.988793,0,0,0.361756,0.281917,0,0.66528,12.849,1,0.484382,0.36288,0,15.2156,4.8825,10.2116,0.84672,12.849,0.84672,3695.15,0,18.483,0,0.204422,1.85631,1.69243,1.34538,2.40777,0.42336,18.483,0.42336,0,0,442.007,0,0.53552,0,0,0.739943,0.204422,1.028160,1,0,12.6193,0,0,0,12.6193,0
50.3138,2.00073,0,0,0.666585,0.0406615,0.36288,3.6288,50.093,1.08317,0,0,0.3187,0.279851,0,0.66528,12.849,1,0.493885,0.36288,0,14.0486,4.8825,9.03505,0.84672,12.849,0.84672,3695.15,0,18.483,0,0.216518,1.77821,1.56732,1.34538,2.21666,0.42336,18.483,0.42336,0,0,442.007,0,0.441409,0,0,0.657927,0.216518,1.028160,1,0,11.2517,0,0,0,11.2517,0
49.0939,1.97545,0,0,1.23907,0.120642,0.36288,3.6288,49.462,0.919368,0,0,0.495818,0.2074,0,0.66528,12.849,1,0.504485,0.36288,0,24.8049,3.84435,20.819,0.84672,12.849,0.84672,3695.15,0,18.483,0,0.216518,1.77852,2.72126,1.0209,3.69541,0.42336,18.483,0.42336,0,0,442.007,0,0.605483,0,0,0.822001,0.216518,1.028160,1,0,24.5144,0,0,0,24.5144,0
49.091,1.95714,0,0,2.46802,0.150955,0.36288,3.6288,49.4363,0.60241,0,0,0.755126,0.178442,0,0.66528,12.849,1,0.512227,0.36288,0,49.7151,3.42909,46.1366,0.84672,12.849,0.84672,3695.15,0,18.483,0,0.216518,1.77883,3.88799,0.8911,4.99224,0.42336,18.483,0.42336,0,0,442.007,0,0.922709,0,0,1.13923,0.216518,1.028160,1,0,51.1289,0,0,0,51.1289,0
47.7638,1.90687,0,0,1.11218,0.169555,0.36288,3.6288,48.753,0.930296,0,0,0.44404,0.197002,0,0.66528,12.849,1,0.499101,0.36288,0,22.4426,3.80025,18.5061,0.84672,12.849,0.84672,3695.15,0,18.483,0,0.216518,1.77915,2.14384,0.961199,3.17831,0.42336,18.483,0.42336,0,0,442.007,0,0.524908,0,0,0.741426,0.216518,1.028160,1,0,21.6844,0,0,0,21.6844,0
47.3698,1.88678,0,0,2.03652,0.180882,0.36288,3.6288,49.0679,0.4273,0,0,0.951895,0.209764,0,0.66528,12.849,1,0.507565,0.36288,0,32.8504,4.07862,28.6271,0.84672,12.849,0.84672,3695.15,0,18.483,0,0.58339,1.70971,3.79839,1.01377,5.07772,0.42336,18.483,0.42336,0,0,442.007,0,1.02816,0,0,1.61155,0.58339,1.028160,1,0,33.7048,0,0,0,33.7048,0
46.1944,1.88091,0,0,1.24844,0.180102,0.36288,3.6288,49.2207,0.427556,0,0,0.790716,0.210311,0,0.66528,12.849,1,0.510196,0.36288,0,19.6048,4.07862,15.3788,0.84672,12.849,0.84672,3695.15,0,18.483,0,0.446671,1.71001,3.81612,1.01377,4.95903,0.42336,18.483,0.42336,0,0,442.007,0,1.02816,0,0,1.47483,0.446671,1.028160,1,0,20.3379,0,0,0,20.3379,0
45.8687,1.86238,0,0,2.12771,0.228097,0.36288,3.6288,49.308,0.427812,0,0,0.744693,0.229572,0,0.66528,12.849,1,0.518022,0.36288,0,46.5297,4.42656,41.948,0.84672,12.849,0.84672,3695.15,0,18.483,0,0.339277,1.71031,4.71905,1.095,5.67363,0.42336,18.483,0.42336,0,0,442.007,0,1.02816,0,0,1.36744,0.339277,1.028160,1,0,47.6216,0,0,0,47.6216,0
47.8642,1.7175,0,0,4.31014,0.234323,0.36288,3.6288,49.7812,0.281795,0,0,0.979995,0.225024,0,0.66528,12.849,1,0.481114,0.36288,0,75.2489,4.45872,70.6719,0.84672,12.849,0.84672,3695.15,0,18.483,0,1.11887,1.71062,5.56842,1.11766,7.28024,0.42336,18.483,0.42336,0,0,442.007,0,1.02816,0,0,2.14703,1.11887,1.028160,1,0,77.9522,0,0,0,77.9522,0
50.7091,1.74736,0,0,5.19143,0.236213,0.36288,3.6288,50.9364,0.282026,0,0,1.64337,0.206123,0,0.66528,12.849,1,0.469075,0.36288,0,102.602,4.39415,98.1014,0.84672,12.849,0.84672,3695.15,0,18.483,0,1.28169,1.55379,8.01664,1.14047,9.71165,0.42336,18.483,0.42336,0,0,442.007,0,1.02816,0,0,2.30985,1.28169,1.028160,1,0,107.813,0,0,0,107.813,0
55.5021,1.78734,0,0,7.18673,0.243526,0.36288,3.6288,53.1562,0.282256,0,0,2.71012,0.208078,0,0.66528,12.849,1,0.452888,0.36288,0,110.22,4.39415,105.736,0.84672,12.849,0.84672,3695.15,0,18.483,0,3.09118,1.55406,18.8184,1.14047,22.3231,0.42336,18.483,0.42336,0,0,442.007,0,1.02816,0,0,4.11934,3.09118,1.028160,1,0,128.059,0,0,0,128.059,0
58.8037,1.84862,0,0,5.7689,0.255777,0.36288,3.6288,53.6728,0.282487,0,0,1.01093,0.211835,0,0.66528,12.849,1,0.427965,0.36288,0,93.8589,4.39415,89.3997,0.84672,12.849,0.84672,3695.15,0,18.483,0,1.39918,1.55433,9.08001,1.14047,10.8931,0.42336,18.483,0.42336,0,0,442.007,0,1.02816,0,0,2.42734,1.39918,1.028160,1,0,100.293,0,0,0,100.293,0
61.5967,1.88718,0,0,5.30249,0.259441,0.36288,3.6288,54.0928,0.282718,0,0,0.935392,0.23274,0,0.66528,12.849,1,0.412362,0.36288,0,81.2506,4.47182,76.7293,0.84672,12.849,0.84672,3695.15,0,18.483,0,0.734728,1.55461,8.54833,1.2004,9.63726,0.42336,18.483,0.42336,0,0,442.007,0,1.02816,0,0,1.76289,0.734728,1.028160,1,0,86.3665,0,0,0,86.3665,0
63.2589,1.97781,0,0,4.28116,0.278283,0.36288,3.6288,55.0945,0.325336,0,0,1.53659,0.209522,0,0.66528,12.849,1,0.412569,0.36288,0,107.012,3.76869,103.194,0.84672,12.849,0.84672,3695.15,0,18.483,0,0.968173,1.55488,6.39298,1.04869,7.86734,0.42336,18.483,0.42336,0,0,442.007,0,1.02816,0,0,1.99633,0.968173,1.028160,1,0,111.061,0,0,0,111.061,0
67.7202,1.99582,0,0,7.12428,0.304253,0.36288,3.6288,56.8726,0.325563,0,0,2.29946,0.19577,0,0.66528,12.849,1,0.405387,0.36288,0,154.898,3.42972,151.426,0.84672,12.849,0.84672,3695.15,0,18.483,0,1.564,1.60488,8.98171,1.02635,11.1242,0.42336,18.483,0.42336,0,0,442.007,0,1.02816,0,0,2.59216,1.564,1.028160,1,0,162.55,0,0,0,162.55,0
71.4116,2.04069,0,0,6.41021,0.31531,0.36288,3.6288,59.1574,0.32579,0,0,2.80863,0.19806,0,0.66528,12.849,1,0.387193,0.36288,0,166.568,3.42972,163.114,0.84672,12.849,0.84672,3695.15,0,18.483,0,1.91907,1.60515,11.7139,1.02635,14.2118,0.42336,18.483,0.42336,0,0,442.007,0,1.02816,0,0,2.94723,1.91907,1.028160,1,0,177.326,0,0,0,177.326,0
72.29,2.07496,0,0,5.48638,0.324459,2.20853,3.6288,60.8434,0.326017,0,0,2.21306,0.201003,0,0.66528,12.849,1,0.373345,2.20853,0,170.835,3.42972,169.241,0.84672,12.849,0.84672,3695.15,0,18.483,0,1.55346,1.60542,9.61788,1.02635,11.7504,0.42336,18.483,0.42336,0,0,442.007,0,1.02816,0,0,2.58162,1.55346,1.028160,1,0,180.991,0,0,0,180.991,0
72.29,2.2862,0,0,10.0294,0.335674,7.40752,3.6288,61.308,0.485493,0,0,2.40569,0.177007,1.27862,0.66528,12.849,1,0.406355,7.40752,0,208.748,3.28941,212.46,0.84672,12.849,0.84672,3695.15,0,18.483,0,2.08914,1.60569,13.2404,0.944272,15.9909,0.42336,18.483,0.42336,0,0,442.007,0,1.02816,0,0,3.1173,2.08914,1.028160,1,0,229.73,0,0,0,229.73,0
72.29,2.28658,0,0,10.1611,0.347725,7.52676,3.6288,61.308,0.485746,0,0,4.04063,0.142534,3.41235,0.66528,12.849,1,0.406423,7.52676,0,262.767,3.10233,266.785,0.84672,12.849,0.84672,3695.15,0,18.483,0,3.70203,1.78357,16.9755,0.83483,21.6263,0.42336,18.483,0.42336,0,0,442.007,0,1.02816,0,0,4.73019,3.70203,1.028160,1,0,291.823,0,0,0,291.823,0
72.29,2.28697,0,0,8.07901,0.347725,5.44431,3.6288,61.308,0.486,0,0,2.82852,0.142534,2.19999,0.66528,12.849,1,0.406491,5.44431,0,210.952,3.10233,212.887,0.84672,12.849,0.84672,3695.15,0,18.483,0,3.28796,1.78387,11.8311,0.83483,16.0681,0.42336,18.483,0.42336,0,0,442.007,0,1.02816,0,0,4.31612,3.28796,1.028160,1,0,231.155,0,0,0,231.155,0
72.29,2.28735,0,0,9.06491,0.318411,6.45915,3.6288,61.308,0.486254,0,0,4.44535,0.183112,3.77598,0.66528,12.849,1,0.406559,6.45915,0,453.635,3.18054,456.507,0.84672,12.849,0.84672,3695.15,0,18.483,0,4.61997,1.78417,15.9144,0.903625,21.415,0.42336,18.483,0.42336,0,0,442.007,0,1.02816,0,0,5.64813,4.61997,1.028160,1,0,481.698,0,0,0,481.698,0
72.29,1.99775,0,0,6.41403,0.354834,4.06145,3.6288,61.308,0.27265,0,0,2.10102,0.13527,1.6931,0.66528,12.849,1,0.355085,4.06145,0,239.723,2.82132,240.608,0.84672,12.849,0.84672,3695.15,0,18.483,0,2.30078,1.78447,10.6215,0.85869,13.8481,0.42336,18.483,0.42336,0,0,442.007,0,1.02816,0,0,3.32894,2.30078,1.028160,1,0,256.149,0,0,0,256.149,0
72.29,1.99808,0,0,7.03391,0.339738,4.69609,3.6288,61.308,0.272868,0,0,4.19615,0.155093,3.76819,0.66528,12.849,1,0.355144,4.69609,0,304.792,3.56139,305.571,0.84672,12.849,0.84672,3695.15,0,18.483,0,4.42934,1.54165,13.1248,0.984946,18.1108,0.42336,18.483,0.42336,0,0,442.007,0,1.02816,0,0,5.4575,4.42934,1.028160,1,0,327.45,0,0,0,327.45,0
72.29,1.99842,0,0,7.34089,0.339738,5.00273,3.6288,61.308,0.273087,0,0,2.47753,0.155093,2.04935,0.66528,12.849,1,0.355204,5.00273,0,232.324,3.56139,233.41,0.84672,12.849,0.84672,3695.15,0,18.483,0,4.65003,1.54191,11.5701,0.984946,16.7771,0.42336,18.483,0.42336,0,0,442.007,0,1.02816,0,0,5.67819,4.65003,1.028160,1,0,252.236,0,0,0,252.236,0
72.29,1.99875,0,0,13.1063,0.339738,10.7678,3.6288,61.308,0.273305,0,0,5.87343,0.155093,5.44503,0.66528,12.849,1,0.355263,10.7678,0,256.008,3.56139,262.86,0.84672,12.849,0.84672,3695.15,0,18.483,0,7.1045,1.54216,16.8636,0.984946,24.5254,0.42336,18.483,0.42336,0,0,442.007,0,1.02816,0,0,8.13266,7.1045,1.028160,1,0,292.83,0,0,0,292.83,0
72.29,1.99909,0,0,9.64371,0.341068,7.30355,3.6288,61.308,0.273523,0,0,3.79521,0.0983199,3.42336,0.66528,12.849,1,0.355323,7.30355,0,234.94,3.30092,238.587,0.84672,12.849,0.84672,3695.15,0,18.483,0,4.66782,1.54242,13.987,0.891073,19.3062,0.42336,18.483,0.42336,0,0,442.007,0,1.02816,0,0,5.69598,4.66782,1.028160,1,0,261.317,0,0,0,261.317,0
72.29,2.07248,0,0,8.83993,0.319808,6.44764,3.6288,61.308,0.326102,0,0,4.1349,0.178263,3.63053,0.66528,12.849,1,0.368367,6.44764,0,228.403,4.47437,230.008,0.84672,12.849,0.84672,3695.15,0,18.483,0,5.33113,1.54268,17.3353,1.06042,23.1487,0.42336,18.483,0.42336,0,0,442.007,0,1.02816,0,0,6.35929,5.33113,1.028160,1,0,256.787,0,0,0,256.787,0
72.29,2.07282,0,0,9.63576,0.319808,7.24313,3.6288,61.308,0.326329,0,0,4.2068,0.178263,3.70221,0.66528,12.849,1,0.368429,7.24313,0,216.831,4.47437,219.231,0.84672,12.849,0.84672,3695.15,0,18.483,0,5.85207,1.60302,16.4412,1.06042,22.8359,0.42336,18.483,0.42336,0,0,442.007,0,1.02816,0,0,6.88023,5.85207,1.028160,1,0,245.77,0,0,0,245.77,0
72.29,2.07317,0,0,7.64485,0.319808,5.25187,3.6288,61.308,0.326556,0,0,3.16783,0.178263,2.66301,0.66528,12.849,1,0.368491,5.25187,0,220.894,4.47437,221.303,0.84672,12.849,0.84672,3695.15,0,18.483,0,4.28703,1.60329,13.6831,1.06042,18.513,0.42336,18.483,0.42336,0,0,442.007,0,1.02816,0,0,5.31519,4.28703,1.028160,1,0,242.479,0,0,0,242.479,0
72.29,2.07352,0,0,6.61314,0.263333,4.27629,3.6288,61.308,0.326783,0,0,2.97161,0.176679,2.46814,0.66528,12.849,1,0.368552,4.27629,0,163.993,3.82354,164.077,0.84672,12.849,0.84672,3695.15,0,18.483,0,4.00245,1.60356,11.1372,1.07023,15.673,0.42336,18.483,0.42336,0,0,442.007,0,1.02816,0,0,5.03061,4.00245,1.028160,1,0,182.219,0,0,0,182.219,0
72.29,2.04528,0,0,4.73856,0.189427,2.50385,3.6288,61.308,0.30666,0,0,1.89751,0.215323,1.37553,0.66528,12.849,1,0.363534,2.50385,0,107.343,3.74077,105.743,0.84672,12.849,0.84672,3695.15,0,18.483,0,1.95402,1.60382,6.39627,1.18072,8.7734,0.42336,18.483,0.42336,0,0,442.007,0,1.02816,0,0,2.98218,1.95402,1.028160,1,0,115.892,0,0,0,115.892,0
72.29,2.04563,0,0,3.64224,0.190695,1.40591,3.6288,61.308,0.306884,0,0,1.69454,0.218706,1.16895,0.66528,12.849,1,0.363595,1.40591,0,85.0547,3.5869,82.5102,0.84672,12.849,0.84672,3695.15,0,18.483,0,1.402,1.58069,5.09206,1.20122,6.87354,0.42336,18.483,0.42336,0,0,442.007,0,1.02816,0,0,2.43016,1.402,1.028160,1,0,90.5526,0,0,0,90.5526,0
72.29,2.04597,0,0,3.71688,0.190695,1.48021,3.6288,61.308,0.307107,0,0,1.4584,0.218706,0.932584,0.66528,12.849,1,0.363655,1.48021,0,82.1077,3.5869,79.6373,0.84672,12.849,0.84672,3695.15,0,18.483,0,0.973097,1.58096,5.03635,1.20122,6.38919,0.42336,18.483,0.42336,0,0,442.007,0,1.02816,0,0,2.00126,0.973097,1.028160,1,0,86.9591,0,0,0,86.9591,0
72.29,2.04631,0,0,3.80166,0.160284,1.59506,3.6288,61.308,0.307331,0,0,1.42619,0.233542,0.885314,0.66528,12.849,1,0.363716,1.59506,0,85.091,4.75653,81.5659,0.84672,12.849,0.84672,3695.15,0,18.483,0,1.06136,1.58122,6.26336,1.24733,7.65861,0.42336,18.483,0.42336,0,0,442.007,0,1.02816,0,0,2.08952,1.06136,1.028160,1,0,90.1098,0,0,0,90.1098,0
72.29,2.14374,0,0,3.07962,0.136889,0.798994,3.6288,61.308,0.37977,0,0,1.29715,0.24775,0.669629,0.66528,12.849,1,0.381034,0.798994,0,67.1932,5.22108,62.3901,0.84672,12.849,0.84672,3695.15,0,18.483,0,0.88433,1.58149,4.56855,1.26328,5.77108,0.42336,18.483,0.42336,0,0,442.007,0,1.02816,0,0,1.91249,0.88433,1.028160,1,0,68.8308,0,0,0,68.8308,0
72.29,2.1441,0,0,2.87137,0.131649,0.595616,3.6288,61.308,0.380006,0,0,1.06738,0.261413,0.425957,0.66528,12.849,1,0.381098,0.595616,0,64.2114,5.09349,59.3324,0.84672,12.849,0.84672,3695.15,0,18.483,0,0.472643,1.66363,3.88668,1.20635,4.8166,0.42336,18.483,0.42336,0,0,442.007,0,1.02816,0,0,1.5008,0.472643,1.028160,1,0,64.5749,0,0,0,64.5749,0
72.29,2.14446,0,0,2.74038,0.108814,0.487109,3.6288,61.308,0.380242,0,0,0.996529,0.268431,0.347855,0.66528,12.849,1,0.381162,0.487109,0,57.3329,5.21283,52.226,0.84672,12.849,0.84672,3695.15,0,18.483,0,0.350283,1.6639,3.77289,1.25705,4.53002,0.42336,18.483,0.42336,0,0,442.007,0,1.02816,0,0,1.37844,0.350283,1.028160,1,0,57.1039,0,0,0,57.1039,0
72.29,2.14482,0,0,2.66612,0.108814,0.412489,3.6288,61.308,0.380478,0,0,1.01081,0.268431,0.361901,0.66528,12.849,1,0.381225,0.412489,0,54.4793,5.21283,49.2977,0.84672,12.849,0.84672,3695.15,0,18.483,0,0.462007,1.66418,3.59289,1.25705,4.46203,0.42336,18.483,0.42336,0,0,442.007,0,1.02816,0,0,1.49017,0.462007,1.028160,1,0,54.1216,0,0,0,54.1216,0
72.0743,2.14518,0,0,2.42082,0.128483,0.36288,3.6288,61.308,0.380714,0,0,0.951489,0.263164,0.30761,0.66528,12.849,1,0.381289,0.36288,0,51.3426,4.87437,46.4498,0.84672,12.849,0.84672,3695.15,0,18.483,0,0.416388,1.66446,3.28719,1.27011,4.09793,0.42336,18.483,0.42336,0,0,442.007,0,1.02816,0,0,1.44455,0.416388,1.028160,1,0,50.8554,0,0,0,50.8554,0
72.29,2.1244,0,0,3.0937,0.0988629,0.65472,3.6288,61.308,0.420675,0,0,1.08943,0.255668,0.413084,0.66528,12.849,1,0.378726,0.65472,0,76.2497,4.87074,71.655,0.84672,12.849,0.84672,3695.15,0,18.483,0,1.03189,1.66474,7.52829,1.19921,9.02571,0.42336,18.483,0.42336,0,0,442.007,0,1.02816,0,0,2.06005,1.03189,1.028160,1,0,81.0938,0,0,0,81.0938,0
72.29,2.12668,0,0,2.94977,0.0942406,0.728855,3.6288,61.308,0.420917,0,0,1.05312,0.26344,0.368763,0.66528,12.849,1,0.378001,0.728855,0,73.4149,4.97933,68.7865,0.84672,12.849,0.84672,3695.15,0,18.483,0,1.00738,1.69055,7.19677,1.23596,8.65874,0.42336,18.483,0.42336,0,0,442.007,0,1.02816,0,0,2.03554,1.00738,1.028160,1,0,77.814,0,0,0,77.814,0
72.29,2.12703,0,0,2.7877,0.0734186,0.587243,3.6288,61.308,0.42116,0,0,1.01041,0.294927,0.294326,0.66528,12.849,1,0.378064,0.587243,0,69.1606,5.64548,63.7243,0.84672,12.849,0.84672,3695.15,0,18.483,0,1.0471,1.69083,7.07927,1.42014,8.39706,0.42336,18.483,0.42336,0,0,442.007,0,1.02816,0,0,2.07526,1.0471,1.028160,1,0,72.4157,0,0,0,72.4157,0
72.2696,2.12739,0,0,2.54918,0.0793316,0.36288,3.6288,61.308,0.421403,0,0,0.983353,0.283567,0.278383,0.66528,12.849,1,0.378128,0.36288,0,68.9956,5.65645,63.3239,0.84672,12.849,0.84672,3695.15,0,18.483,0,0.971248,1.69112,6.68857,1.39291,7.95803,0.42336,18.483,0.42336,0,0,442.007,0,1.02816,0,0,1.99941,0.971248,1.028160,1,0,71.5603,0,0,0,71.5603,0
72.0361,2.17722,0,0,2.3801,0.0734558,0.36288,3.6288,61.308,0.457072,0,0,0.998654,0.297337,0.244245,0.66528,12.849,1,0.387093,0.36288,0,55.9068,5.81389,50.0687,0.84672,12.849,0.84672,3695.15,0,18.483,0,0.720291,1.6914,5.89251,1.43579,6.86841,0.42336,18.483,0.42336,0,0,442.007,0,1.02816,0,0,1.74845,0.720291,1.028160,1,0,57.1814,0,0,0,57.1814,0
71.7887,2.17545,0,0,2.35982,0.0689358,0.36288,3.6288,61.308,0.457321,0,0,1.03886,0.307664,0.273871,0.66528,12.849,1,0.388033,0.36288,0,70.5765,5.93198,64.6194,0.84672,12.849,0.84672,3695.15,0,18.483,0,0.894015,1.73239,6.2983,1.46795,7.45676,0.42336,18.483,0.42336,0,0,442.007,0,1.02816,0,0,1.92218,0.894015,1.028160,1,0,72.35,0,0,0,72.35,0
71.3843,2.17354,0,0,2.20088,0.0688061,0.36288,3.6288,61.308,0.45757,0,0,0.920143,0.307664,0.154909,0.66528,12.849,1,0.389029,0.36288,0,55.8325,5.93198,49.8743,0.84672,12.849,0.84672,3695.15,0,18.483,0,0.869253,1.73268,5.74894,1.46795,6.88293,0.42336,18.483,0.42336,0,0,442.007,0,1.02816,0,0,1.89741,0.869253,1.028160,1,0,56.9122,0,0,0,56.9122,0
70.7846,2.17017,0,0,2.00191,0.0685942,0.36288,3.6288,61.308,0.457819,0,0,0.864302,0.307664,0.0988197,0.66528,12.849,1,0.390626,0.36288,0,51.3398,5.93198,45.3801,0.84672,12.849,0.84672,3695.15,0,18.483,0,0.572314,1.73297,5.26151,1.46795,6.09885,0.42336,18.483,0.42336,0,0,442.007,0,1.02816,0,0,1.60047,0.572314,1.028160,1,0,51.5778,0,0,0,51.5778,0
70.2432,2.30953,0,0,2.19782,0.066809,0.36288,3.6288,61.308,0.586025,0,0,1.03915,0.302909,0.150216,0.66528,12.849,1,0.419232,0.36288,0,51.4533,5.98431,45.4126,0.84672,12.849,0.84672,3695.15,0,18.483,0,1.05847,1.73326,7.50528,1.49522,8.8018,0.42336,18.483,0.42336,0,0,442.007,0,1.02816,0,0,2.08663,1.05847,1.028160,1,0,54.3646,0,0,0,54.3646,0
69.3382,2.30447,0,0,1.83781,0.0754273,0.36288,3.6288,61.308,0.586296,0,0,0.90186,0.305109,0.0104555,0.66528,12.849,1,0.421537,0.36288,0,43.1282,6.0648,37.0047,0.84672,12.849,0.84672,3695.15,0,18.483,0,0.652346,1.8715,4.84308,1.58204,5.78489,0.42336,18.483,0.42336,0,0,442.007,0,1.02816,0,0,1.68051,0.652346,1.028160,1,0,42.8001,0,0,0,42.8001,0
68.6217,2.29561,0,0,2.0169,0.0749012,0.36288,3.6288,61.308,0.586566,0,0,1.11366,0.305109,0.221986,0.66528,12.849,1,0.425397,0.36288,0,55.4661,6.0648,49.3388,0.84672,12.849,0.84672,3695.15,0,18.483,0,1.05969,1.87182,5.28323,1.58204,6.6327,0.42336,18.483,0.42336,0,0,442.007,0,1.02816,0,0,2.08785,1.05969,1.028160,1,0,56.1935,0,0,0,56.1935,0
67.5161,2.28856,0,0,1.62028,0.0744846,0.36288,3.6288,61.2216,0.586837,0,0,0.805499,0.305109,0,0.66528,12.849,1,0.428518,0.36288,0,54.1993,6.0648,48.0689,0.84672,12.849,0.84672,3695.15,0,18.483,0,0.42133,1.87213,4.24124,1.58204,4.95266,0.42336,18.483,0.42336,0,0,442.007,0,1.02816,0,0,1.44949,0.42133,1.028160,1,0,53.0215,0,0,0,53.0215,0
66.82,2.27725,0,0,2.01788,0.0738419,0.36288,3.6288,61.308,0.587107,0,0,1.37673,0.304942,0.398236,0.66528,12.849,1,0.433384,0.36288,0,49.5009,6.0648,43.3656,0.84672,12.849,0.84672,3695.15,0,18.483,0,1.71374,1.87244,6.55784,1.58204,8.56199,0.42336,18.483,0.42336,0,0,442.007,0,1.02816,0,0,2.7419,1.71374,1.028160,1,0,52.3258,0,0,0,52.3258,0
65.634,2.20087,0,0,1.50033,0.122594,0.36288,3.6288,61.308,0.509647,0,0,0.808911,0.238684,0.0605803,0.66528,12.849,1,0.423212,0.36288,0,34.5902,4.4736,30.0563,0.84672,12.849,0.84672,3695.15,0,18.483,0,0.344304,1.87276,9.32869,1.10895,10.4368,0.42336,18.483,0.42336,0,0,442.007,0,1.02816,0,0,1.37246,0.344304,1.028160,1,0,40.5537,0,0,0,40.5537,0
65.0504,2.18862,0,0,2.0975,0.129559,0.36288,3.6288,61.2432,0.632798,0,0,0.795614,0.227613,0,0.66528,12.849,1,0.42846,0.36288,0,49.1915,4.2084,44.9175,0.84672,12.849,0.84672,3695.15,0,18.483,0,0.216518,1.79395,10.7525,1.0301,11.7328,0.42336,18.483,0.42336,0,0,442.007,0,0.905266,0,0,1.12178,0.216518,1.028160,1,0,56.6504,0,0,0,56.6504,0
64.6447,2.18265,0,0,2.26874,0.128955,0.36288,3.6288,61.308,0.510162,0,0,1.07922,0.22752,0.276743,0.66528,12.849,1,0.431126,0.36288,0,49.4624,4.2084,45.1858,0.84672,12.849,0.84672,3695.15,0,18.483,0,1.05738,1.79425,10.5149,1.0301,12.3364,0.42336,18.483,0.42336,0,0,442.007,0,1.02816,0,0,2.08554,1.05738,1.028160,1,0,57.7989,0,0,0,57.7989,0
65.4398,2.17858,0,0,3.4651,0.128535,0.36288,3.6288,61.308,0.51042,0,0,2.33277,0.227613,1.59474,0.66528,12.849,1,0.433021,0.36288,0,67.0812,4.2084,62.8027,0.84672,12.849,0.84672,3695.15,0,18.483,0,4.9514,1.79455,16.5161,1.0301,22.232,0.42336,18.483,0.42336,0,0,442.007,0,1.02816,0,0,5.97956,4.9514,1.028160,1,0,86.6294,0,0,0,86.6294,0
68.4831,2.13111,0,0,5.74347,0.20613,0.36288,3.6288,61.308,0.439875,0,0,2.05968,0.208468,1.41134,0.66528,12.849,1,0.418439,0.36288,0,112.995,4.19804,108.741,0.84672,12.849,0.84672,3695.15,0,18.483,0,2.56612,1.79485,12.785,1.01592,16.1301,0.42336,18.483,0.42336,0,0,442.007,0,1.02816,0,0,3.59428,2.56612,1.028160,1,0,126.283,0,0,0,126.283,0
69.0762,2.16258,0,0,3.37483,0.256287,0.36288,3.6288,61.308,0.440121,0,0,2.21742,0.189864,1.58744,0.66528,12.849,1,0.405749,0.36288,0,84.2219,3.81054,80.3684,0.84672,12.849,0.84672,3695.15,0,18.483,0,3.06933,1.72479,17.4343,0.961971,21.2665,0.42336,18.483,0.42336,0,0,442.007,0,1.02816,0,0,4.09749,3.06933,1.028160,1,0,103.222,0,0,0,103.222,0
72.29,2.16879,0,0,6.0398,0.282055,0.375179,3.6288,61.308,0.440367,0,0,2.77874,0.19243,2.14595,0.66528,12.849,1,0.40342,0.375179,0,146.961,3.53703,143.396,0.84672,12.849,0.84672,3695.15,0,18.483,0,3.56709,1.72508,26.2901,0.869011,30.7133,0.42336,18.483,0.42336,0,0,442.007,0,1.02816,0,0,4.59525,3.56709,1.028160,1,0,176.255,0,0,0,176.255,0
72.29,2.19966,0,0,6.86267,0.289105,4.3739,3.6288,61.308,0.440613,0,0,3.24619,0.19243,2.61315,0.66528,12.849,1,0.390974,4.3739,0,136.503,3.53703,136.948,0.84672,12.849,0.84672,3695.15,0,18.483,0,5.41488,1.72537,26.2074,0.869011,32.4786,0.42336,18.483,0.42336,0,0,442.007,0,1.02816,0,0,6.44304,5.41488,1.028160,1,0,172.04,0,0,0,172.04,0
72.29,2.03434,0,0,5.36071,0.279485,3.04688,3.6288,61.308,0.293301,0,0,2.71712,0.191193,2.23262,0.66528,12.849,1,0.361589,3.04688,0,114.544,3.43968,113.79,0.84672,12.849,0.84672,3695.15,0,18.483,0,4.11636,1.72565,18.8397,0.879525,23.8022,0.42336,18.483,0.42336,0,0,442.007,0,1.02816,0,0,5.14452,4.11636,1.028160,1,0,139.824,0,0,0,139.824,0
72.29,2.03468,0,0,5.71317,0.248709,3.42977,3.6288,61.308,0.293522,0,0,3.4645,0.163234,3.00775,0.66528,12.849,1,0.36165,3.42977,0,178.214,3.00846,178.273,0.84672,12.849,0.84672,3695.15,0,18.483,0,5.37358,1.56743,20.7746,0.878466,26.8372,0.42336,18.483,0.42336,0,0,442.007,0,1.02816,0,0,6.40174,5.37358,1.028160,1,0,208.118,0,0,0,208.118,0
72.29,2.03503,0,0,5.90471,0.282618,3.58707,3.6288,61.308,0.293743,0,0,2.95927,0.201885,2.46364,0.66528,12.849,1,0.36171,3.58707,0,177.498,3.83493,176.889,0.84672,12.849,0.84672,3695.15,0,18.483,0,4.81487,1.56769,17.8139,1.11154,23.0849,0.42336,18.483,0.42336,0,0,442.007,0,1.02816,0,0,5.84303,4.81487,1.028160,1,0,202.437,0,0,0,202.437,0
72.29,2.03537,0,0,5.37526,0.28827,3.05162,3.6288,61.308,0.293965,0,0,3.81557,0.208326,3.31328,0.66528,12.849,1,0.361771,3.05162,0,156.337,3.97268,155.055,0.84672,12.849,0.84672,3695.15,0,18.483,0,5.91129,1.56796,21.8834,1.15038,28.2123,0.42336,18.483,0.42336,0,0,442.007,0,1.02816,0,0,6.93945,5.91129,1.028160,1,0,186.58,0,0,0,186.58,0
72.29,2.03571,0,0,4.71247,0.28827,2.38849,3.6288,61.308,0.294186,0,0,2.83767,0.208326,2.33516,0.66528,12.849,1,0.361831,2.38849,0,154.919,3.97268,152.973,0.84672,12.849,0.84672,3695.15,0,18.483,0,4.66501,1.56822,21.1454,1.15171,26.227,0.42336,18.483,0.42336,0,0,442.007,0,1.02816,0,0,5.69317,4.66501,1.028160,1,0,181.535,0,0,0,181.535,0
72.29,2.09982,0,0,12.6976,0.255148,10.3426,3.6288,61.308,0.337165,0,0,5.42554,0.227776,4.8606,0.66528,12.849,1,0.373228,10.3426,0,234.333,3.99262,240.31,0.84672,12.849,0.84672,3695.15,0,18.483,0,3.21279,1.56848,27.0251,1.01217,30.7942,0.42336,18.483,0.42336,0,0,442.007,0,1.02816,0,0,4.24095,3.21279,1.028160,1,0,275.965,0,0,0,275.965,0
72.29,2.10016,0,0,12.3408,0.268807,9.97181,3.6288,61.308,0.337382,0,0,2.45058,0.236662,1.87654,0.66528,12.849,1,0.373287,9.97181,0,235.235,4.07058,240.763,0.84672,12.849,0.84672,3695.15,0,18.483,0,4.83449,1.61891,27.679,1.0257,33.1067,0.42336,18.483,0.42336,0,0,442.007,0,1.02816,0,0,5.86265,4.83449,1.028160,1,0,275.746,0,0,0,275.746,0
72.29,2.10049,0,0,10.3121,0.27957,7.93204,3.6288,61.308,0.337599,0,0,2.15984,0.237104,1.58513,0.66528,12.849,1,0.373346,7.93204,0,202.676,4.09857,206.136,0.84672,12.849,0.84672,3695.15,0,18.483,0,3.63368,1.61917,20.9982,1.05322,25.1979,0.42336,18.483,0.42336,0,0,442.007,0,1.02816,0,0,4.66184,3.63368,1.028160,1,0,232.919,0,0,0,232.919,0
72.29,2.10082,0,0,7.33355,0.27957,4.95315,3.6288,61.308,0.337817,0,0,1.33687,0.237104,0.761946,0.66528,12.849,1,0.373406,4.95315,0,134.606,4.09857,135.087,0.84672,12.849,0.84672,3695.15,0,18.483,0,1.47335,1.61943,10.8208,1.05322,12.8604,0.42336,18.483,0.42336,0,0,442.007,0,1.02816,0,0,2.50151,1.47335,1.028160,1,0,148.71,0,0,0,148.71,0
72.29,2.3061,0,0,5.72866,0.297919,3.12464,3.6288,61.308,0.498669,0,0,1.14439,0.229505,0.416211,0.66528,12.849,1,0.409892,3.12464,0,105.945,3.85212,104.808,0.84672,12.849,0.84672,3695.15,0,18.483,0,1.04678,1.61968,8.66851,0.99664,10.3383,0.42336,18.483,0.42336,0,0,442.007,0,1.02816,0,0,2.07494,1.04678,1.028160,1,0,115.563,0,0,0,115.563,0
72.29,2.30647,0,0,5.03035,0.323411,2.40047,3.6288,61.308,0.498912,0,0,1.40786,0.237559,0.671391,0.66528,12.849,1,0.409957,2.40047,0,88.2282,3.68676,86.532,0.84672,12.849,0.84672,3695.15,0,18.483,0,1.60559,1.7991,9.12565,0.960547,11.5698,0.42336,18.483,0.42336,0,0,442.007,0,1.02816,0,0,2.63375,1.60559,1.028160,1,0,98.7732,0,0,0,98.7732,0
72.29,2.30683,0,0,7.86645,0.323411,5.23621,3.6288,61.308,0.499155,0,0,1.84585,0.237559,1.10914,0.66528,12.849,1,0.410022,5.23621,0,151.014,3.68676,152.154,0.84672,12.849,0.84672,3695.15,0,18.483,0,2.07418,1.79939,10.4117,0.960547,13.3247,0.42336,18.483,0.42336,0,0,442.007,0,1.02816,0,0,3.10234,2.07418,1.028160,1,0,166.588,0,0,0,166.588,0
72.29,2.3072,0,0,5.109,0.323411,2.47839,3.6288,61.308,0.499397,0,0,1.5727,0.237559,0.835739,0.66528,12.849,1,0.410087,2.47839,0,100.534,3.68676,98.9157,0.84672,12.849,0.84672,3695.15,0,18.483,0,1.50771,1.79967,8.96504,0.960547,11.3119,0.42336,18.483,0.42336,0,0,442.007,0,1.02816,0,0,2.53587,1.50771,1.028160,1,0,111.063,0,0,0,111.063,0
72.29,2.01507,0,0,6.54998,0.306383,4.22853,3.6288,61.308,0.283929,0,0,1.48357,0.189548,1.01009,0.66528,12.849,1,0.358163,4.22853,0,112.916,3.27435,113.512,0.84672,12.849,0.84672,3695.15,0,18.483,0,1.98798,1.79996,10.1686,0.894811,13.0617,0.42336,18.483,0.42336,0,0,442.007,0,1.02816,0,0,3.01614,1.98798,1.028160,1,0,127.584,0,0,0,127.584,0
72.29,2.01539,0,0,7.6432,0.304759,5.32306,3.6288,61.308,0.284137,0,0,1.28457,0.206307,0.794125,0.66528,12.849,1,0.35822,5.32306,0,138.211,3.64407,139.531,0.84672,12.849,0.84672,3695.15,0,18.483,0,2.39425,1.55501,12.116,1.11819,14.947,0.42336,18.483,0.42336,0,0,442.007,0,1.02816,0,0,3.42241,2.39425,1.028160,1,0,155.273,0,0,0,155.273,0
72.29,2.01571,0,0,7.50012,0.322646,5.16177,3.6288,61.308,0.284346,0,0,3.44715,0.213363,2.94944,0.66528,12.849,1,0.358277,5.16177,0,182.131,3.54966,183.385,0.84672,12.849,0.84672,3695.15,0,18.483,0,4.33065,1.55526,18.5208,1.02071,23.386,0.42336,18.483,0.42336,0,0,442.007,0,1.02816,0,0,5.35881,4.33065,1.028160,1,0,209.72,0,0,0,209.72,0
72.29,2.01603,0,0,6.71829,0.327198,4.37506,3.6288,61.308,0.284554,0,0,2.14993,0.196897,1.66847,0.66528,12.849,1,0.358334,4.37506,0,161.737,3.28083,162.473,0.84672,12.849,0.84672,3695.15,0,18.483,0,3.36065,1.55551,13.1883,0.941772,17.1627,0.42336,18.483,0.42336,0,0,442.007,0,1.02816,0,0,4.38881,3.36065,1.028160,1,0,181.304,0,0,0,181.304,0
72.29,2.01635,0,0,10.0656,0.327198,7.72205,3.6288,61.308,0.284763,0,0,3.85819,0.196897,3.37653,0.66528,12.849,1,0.358391,7.72205,0,153.833,3.28083,157.915,0.84672,12.849,0.84672,3695.15,0,18.483,0,6.61719,1.55576,19.1017,0.941772,26.3329,0.42336,18.483,0.42336,0,0,442.007,0,1.02816,0,0,7.64535,6.61719,1.028160,1,0,187.625,0,0,0,187.625,0
72.29,2.09036,0,0,6.10959,0.332877,3.68635,3.6288,61.308,0.337785,0,0,1.69019,0.151755,1.20065,0.66528,12.849,1,0.371545,3.68635,0,108.745,3.41304,108.647,0.84672,12.849,0.84672,3695.15,0,18.483,0,2.28792,1.556,11.2662,1.00787,14.1023,0.42336,18.483,0.42336,0,0,442.007,0,1.02816,0,0,3.31608,2.28792,1.028160,1,0,123.949,0,0,0,123.949,0
72.29,2.09069,0,0,6.28002,0.333824,3.85551,3.6288,61.308,0.338002,0,0,2.18962,0.144231,1.70738,0.66528,12.849,1,0.371604,3.85551,0,101.854,3.43508,101.903,0.84672,12.849,0.84672,3695.15,0,18.483,0,2.7045,1.61685,10.4899,1.01888,13.7924,0.42336,18.483,0.42336,0,0,442.007,0,1.02816,0,0,3.73266,2.7045,1.028160,1,0,117.403,0,0,0,117.403,0
72.29,2.09102,0,0,5.30663,0.333824,2.88178,3.6288,61.308,0.338219,0,0,2.39373,0.144231,1.91128,0.66528,12.849,1,0.371663,2.88178,0,123.888,3.43508,122.963,0.84672,12.849,0.84672,3695.15,0,18.483,0,3.59163,1.6171,13.1477,1.01888,17.3375,0.42336,18.483,0.42336,0,0,442.007,0,1.02816,0,0,4.61979,3.59163,1.028160,1,0,142.212,0,0,0,142.212,0
72.29,2.09135,0,0,3.87061,0.328042,1.45121,3.6288,61.308,0.338436,0,0,1.66526,0.128431,1.19839,0.66528,12.849,1,0.371722,1.45121,0,110.885,3.00341,108.961,0.84672,12.849,0.84672,3695.15,0,18.483,0,2.40186,1.61736,8.66056,0.958494,11.7213,0.42336,18.483,0.42336,0,0,442.007,0,1.02816,0,0,3.43002,2.40186,1.028160,1,0,121.881,0,0,0,121.881,0
72.29,2.06286,0,0,4.35782,0.272426,2.02254,3.6288,61.308,0.318128,0,0,1.41564,0.149729,0.947781,0.66528,12.849,1,0.366657,2.02254,0,95.0832,2.92197,93.8171,0.84672,12.849,0.84672,3695.15,0,18.483,0,1.84772,1.61762,7.88918,1.01885,10.3357,0.42336,18.483,0.42336,0,0,442.007,0,1.02816,0,0,2.87588,1.84772,1.028160,1,0,105.101,0,0,0,105.101,0
72.29,2.06318,0,0,4.6223,0.241556,2.31757,3.6288,61.308,0.318342,0,0,1.61926,0.195327,1.10559,0.66528,12.849,1,0.366715,2.31757,0,95.4132,3.67028,93.6938,0.84672,12.849,0.84672,3695.15,0,18.483,0,1.87775,1.59427,8.61175,1.17734,10.9064,0.42336,18.483,0.42336,0,0,442.007,0,1.02816,0,0,2.90591,1.87775,1.028160,1,0,105.706,0,0,0,105.706,0
72.29,2.06351,0,0,4.33219,0.241556,2.02712,3.6288,61.308,0.318556,0,0,1.38568,0.195327,0.871799,0.66528,12.849,1,0.366774,2.02712,0,90.3139,3.67028,88.304,0.84672,12.849,0.84672,3695.15,0,18.483,0,1.3344,1.59453,8.1521,1.17734,9.90368,0.42336,18.483,0.42336,0,0,442.007,0,1.02816,0,0,2.36256,1.3344,1.028160,1,0,99.0795,0,0,0,99.0795,0
72.29,2.06384,0,0,5.1284,0.217228,2.84733,3.6288,61.308,0.31877,0,0,1.37679,0.207196,0.850826,0.66528,12.849,1,0.366832,2.84733,0,95.5403,4.60597,93.4148,0.84672,12.849,0.84672,3695.15,0,18.483,0,1.45451,1.59478,10.7343,1.21423,12.5693,0.42336,18.483,0.42336,0,0,442.007,0,1.02816,0,0,2.48267,1.45451,1.028160,1,0,106.835,0,0,0,106.835,0
72.29,2.16209,0,0,3.97089,0.174143,1.63466,3.6288,61.308,0.391818,0,0,1.30791,0.218537,0.697551,0.66528,12.849,1,0.384294,1.63466,0,66.6393,5.22046,62.6692,0.84672,12.849,0.84672,3695.15,0,18.483,0,1.31855,1.59503,7.77738,1.25356,9.43741,0.42336,18.483,0.42336,0,0,442.007,0,1.02816,0,0,2.34671,1.31855,1.028160,1,0,72.8041,0,0,0,72.8041,0
72.29,2.16243,0,0,3.94121,0.184957,1.59383,3.6288,61.308,0.392044,0,0,1.32439,0.184042,0.748305,0.66528,12.849,1,0.384355,1.59383,0,63.5645,3.86138,60.9126,0.84672,12.849,0.84672,3695.15,0,18.483,0,1.35338,1.67786,6.94025,0.968589,9.0029,0.42336,18.483,0.42336,0,0,442.007,0,1.02816,0,0,2.38154,1.35338,1.028160,1,0,70.6638,0,0,0,70.6638,0
72.29,2.16277,0,0,3.57336,0.184957,1.22563,3.6288,61.308,0.392269,0,0,1.15193,0.184042,0.575616,0.66528,12.849,1,0.384416,1.22563,0,58.5322,3.86138,55.512,0.84672,12.849,0.84672,3695.15,0,18.483,0,1.09641,1.67813,6.56251,0.968589,8.36846,0.42336,18.483,0.42336,0,0,442.007,0,1.02816,0,0,2.12457,1.09641,1.028160,1,0,64.4561,0,0,0,64.4561,0
72.29,2.16312,0,0,3.35134,0.156456,1.03177,3.6288,61.308,0.392495,0,0,1.06802,0.213676,0.461854,0.66528,12.849,1,0.384478,1.03177,0,56.0246,4.44827,52.2236,0.84672,12.849,0.84672,3695.15,0,18.483,0,0.952266,1.67839,6.29426,1.12875,7.79617,0.42336,18.483,0.42336,0,0,442.007,0,1.02816,0,0,1.98043,0.952266,1.028160,1,0,60.4817,0,0,0,60.4817,0
72.29,2.16346,0,0,3.11581,0.151705,0.800644,3.6288,61.308,0.392721,0,0,0.988476,0.218615,0.37714,0.66528,12.849,1,0.384539,0.800644,0,54.1549,4.54608,50.0249,0.84672,12.849,0.84672,3695.15,0,18.483,0,0.836499,1.67866,5.91827,1.15544,7.27799,0.42336,18.483,0.42336,0,0,442.007,0,1.02816,0,0,1.86466,0.836499,1.028160,1,0,57.6801,0,0,0,57.6801,0
72.0627,2.14442,0,0,2.3912,0.111243,0.36288,3.6288,61.308,0.433009,0,0,0.7844,0.18333,0.168061,0.66528,12.849,1,0.381155,0.36288,0,40.1034,4.6386,35.4465,0.84672,12.849,0.84672,3695.15,0,18.483,0,0.767241,1.67893,4.11903,1.05462,5.51058,0.42336,18.483,0.42336,0,0,442.007,0,1.02816,0,0,1.7954,0.767241,1.028160,1,0,41.1252,0,0,0,41.1252,0
71.5949,2.14272,0,0,2.14217,0.104319,0.36288,3.6288,61.308,0.433241,0,0,0.681817,0.177449,0.0711266,0.66528,12.849,1,0.382054,0.36288,0,36.0147,4.65402,31.3415,0.84672,12.849,0.84672,3695.15,0,18.483,0,0.436622,1.70494,3.63087,1.03782,4.73462,0.42336,18.483,0.42336,0,0,442.007,0,1.02816,0,0,1.46478,0.436622,1.028160,1,0,36.1473,0,0,0,36.1473,0
70.9779,2.13883,0,0,1.96976,0.0850098,0.36288,3.6288,61.2993,0.433473,0,0,0.646134,0.221325,0,0.66528,12.849,1,0.383851,0.36288,0,32.2453,5.21862,27.0058,0.84672,12.849,0.84672,3695.15,0,18.483,0,0.43759,1.70521,3.4571,1.24391,4.35599,0.42336,18.483,0.42336,0,0,442.007,0,1.02816,0,0,1.46575,0.43759,1.028160,1,0,31.3617,0,0,0,31.3617,0
70.2579,2.13352,0,0,1.84687,0.0704727,0.36288,3.6288,61.2179,0.433706,0,0,0.606502,0.254219,0,0.66528,12.849,1,0.386227,0.36288,0,28.9812,5.64207,23.3158,0.84672,12.849,0.84672,3695.15,0,18.483,0,0.401475,1.70548,3.33124,1.39848,4.03972,0.42336,18.483,0.42336,0,0,442.007,0,1.02816,0,0,1.42963,0.401475,1.028160,1,0,27.3555,0,0,0,27.3555,0
69.311,2.17683,0,0,1.66604,0.0732889,0.36288,3.6288,61.0273,0.469665,0,0,0.543348,0.26432,0,0.66528,12.849,1,0.398105,0.36288,0,27.3776,5.66484,21.6775,0.84672,12.849,0.84672,3695.15,0,18.483,0,0.318444,1.70575,2.96368,1.41733,3.57055,0.42336,18.483,0.42336,0,0,442.007,0,1.02816,0,0,1.3466,0.318444,1.028160,1,0,25.2481,0,0,0,25.2481,0
68.3387,2.16804,0,0,1.63559,0.0769965,0.36288,3.6288,60.7902,0.469903,0,0,0.510445,0.277627,0,0.66528,12.849,1,0.401915,0.36288,0,24.5914,5.6952,18.8572,0.84672,12.849,0.84672,3695.15,0,18.483,0,0.294425,1.74708,2.66132,1.44246,3.26036,0.42336,18.483,0.42336,0,0,442.007,0,1.02816,0,0,1.32259,0.294425,1.028160,1,0,22.1176,0,0,0,22.1176,0
67.2368,2.15882,0,0,1.49624,0.0764153,0.36288,3.6288,60.5226,0.470141,0,0,0.47976,0.27721,0,0.66528,12.849,1,0.4059,0.36288,0,23.1215,5.6952,17.3833,0.84672,12.849,0.84672,3695.15,0,18.483,0,0.269603,1.74736,2.70884,1.44246,3.28333,0.42336,18.483,0.42336,0,0,442.007,0,1.02816,0,0,1.29776,0.269603,1.028160,1,0,20.6666,0,0,0,20.6666,0
66.0048,2.1481,0,0,1.35476,0.0757566,0.36288,3.6288,60.1438,0.560459,0,0,0.458387,0.276739,0,0.66528,12.849,1,0.410503,0.36288,0,21.776,5.6952,16.0332,0.84672,12.849,0.84672,3695.15,0,18.483,0,0.227405,1.74763,2.51862,1.44246,3.0512,0.42336,18.483,0.42336,0,0,442.007,0,0.938079,0,0,1.16548,0.227405,1.028160,1,0,19.0844,0,0,0,19.0844,0
64.4873,2.27841,0,0,1.18477,0.0610174,0.36288,3.6288,59.6068,0.708346,0,0,0.455135,0.283786,0,0.66528,12.849,1,0.443532,0.36288,0,20.7355,5.91952,14.7353,0.84672,12.849,0.84672,3695.15,0,18.483,0,0.227405,1.74791,2.54557,1.48728,3.0336,0.42336,18.483,0.42336,0,0,442.007,0,0.919469,0,0,1.14687,0.227405,1.028160,1,0,17.7689,0,0,0,17.7689,0
63.2208,2.26164,0,0,1.42103,0.06296,0.36288,3.6288,59.2198,0.599914,0,0,0.462156,0.249188,0,0.66528,12.849,1,0.450628,0.36288,0,22.176,5.31248,16.7758,0.84672,12.849,0.84672,3695.15,0,18.483,0,0.328769,1.8873,2.69186,1.48194,3.42599,0.42336,18.483,0.42336,0,0,442.007,0,1.02816,0,0,1.35693,0.328769,1.028160,1,0,20.2018,0,0,0,20.2018,0
61.848,2.24727,0,0,1.29967,0.0623169,0.36288,3.6288,58.8095,0.600172,0,0,0.438379,0.248572,0,0.66528,12.849,1,0.456736,0.36288,0,22.1288,5.31248,16.7224,0.84672,12.849,0.84672,3695.15,0,18.483,0,0.243605,1.8876,2.63425,1.48194,3.28352,0.42336,18.483,0.42336,0,0,442.007,0,1.02816,0,0,1.27176,0.243605,1.028160,1,0,20.006,0,0,0,20.006,0
60.7595,2.23122,0,0,1.56719,0.0616198,0.36288,3.6288,58.4102,0.600431,0,0,0.449077,0.247919,0,0.66528,12.849,1,0.463539,0.36288,0,22.0172,5.31248,16.6041,0.84672,12.849,0.84672,3695.15,0,18.483,0,0.3442,1.8879,3.80131,1.48194,4.55148,0.42336,18.483,0.42336,0,0,442.007,0,1.02816,0,0,1.37236,0.3442,1.028160,1,0,21.1556,0,0,0,21.1556,0
59.4931,2.21821,0,0,1.37576,0.0610671,0.36288,3.6288,58.0124,0.60069,0,0,0.450173,0.247283,0,0.66528,12.849,1,0.469092,0.36288,0,20.7757,5.31248,15.357,0.84672,12.849,0.84672,3695.15,0,18.483,0,0.30005,1.8882,2.79439,1.48194,3.5007,0.42336,18.483,0.42336,0,0,442.007,0,1.02816,0,0,1.32821,0.30005,1.028160,1,0,18.8577,0,0,0,18.8577,0
57.7671,2.13541,0,0,0.824844,0.052515,0.36288,3.6288,57.285,0.746946,0,0,0.29396,0.274428,0,0.66528,12.849,1,0.461194,0.36288,0,12.2014,4.9548,7.14829,0.84672,12.849,0.84672,3695.15,0,18.483,0,0.204422,1.8885,1.99731,1.30737,2.78286,0.42336,18.483,0.42336,0,0,442.007,0,0.803779,0,0,1.0082,0.204422,1.028160,1,0,9.93116,0,0,0,9.93116,0
55.8459,2.11396,0,0,0.601007,0.0454397,0.36288,3.6288,56.1154,1.09251,0,0,0.207086,0.284144,0,0.66528,12.849,1,0.470203,0.36288,0,8.65261,4.79619,3.7491,0.84672,12.849,0.84672,3695.15,0,18.483,0,0.216518,1.80902,1.59773,1.24059,2.38268,0.42336,18.483,0.42336,0,0,442.007,0,0.458464,0,0,0.674983,0.216518,1.028160,1,0,6.13178,0,0,0,6.13178,0
54.0217,2.08902,0,0,0.706504,0.0787529,0.36288,3.6288,54.9975,1.0757,0,0,0.210398,0.252661,0,0.66528,12.849,1,0.480642,0.36288,0,8.71577,4.38093,4.21708,0.84672,12.849,0.84672,3695.15,0,18.483,0,0.216518,1.80931,1.66853,1.11079,2.58356,0.42336,18.483,0.42336,0,0,442.007,0,0.47552,0,0,0.692038,0.216518,1.028160,1,0,6.80064,0,0,0,6.80064,0
53.4238,2.0643,0,0,1.99047,0.161186,0.36288,3.6288,54.6978,0.632444,0,0,0.510761,0.178032,0,0.66528,12.849,1,0.490992,0.36288,0,27.8488,3.34278,24.3779,0.84672,12.849,0.84672,3695.15,0,18.483,0,0.216518,1.80959,4.44117,0.786305,5.68097,0.42336,18.483,0.42336,0,0,442.007,0,0.919019,0,0,1.13554,0.216518,1.028160,1,0,30.0589,0,0,0,30.0589,0
52.0975,2.00307,0,0,1.18668,0.147111,0.36288,3.6288,54.0265,0.78687,0,0,0.314969,0.199334,0,0.66528,12.849,1,0.481759,0.36288,0,17.8559,3.56157,14.1754,0.84672,12.849,0.84672,3695.15,0,18.483,0,0.216518,1.80988,2.35086,0.798873,3.57838,0.42336,18.483,0.42336,0,0,442.007,0,0.693446,0,0,0.909965,0.216518,1.028160,1,0,17.7538,0,0,0,17.7538,0
50.8797,1.9847,0,0,1.33928,0.209466,0.36288,3.6288,53.1307,0.945943,0,0,0.290758,0.240652,0,0.66528,12.849,1,0.489496,0.36288,0,16.969,4.22536,12.617,0.84672,12.849,0.84672,3695.15,0,18.483,0,0.216518,1.73922,2.39009,0.979108,3.36672,0.42336,18.483,0.42336,0,0,442.007,0,0.534608,0,0,0.751126,0.216518,1.028160,1,0,15.9837,0,0,0,15.9837,0
49.4038,1.96734,0,0,1.07706,0.222732,0.36288,3.6288,52.0084,1.10551,0,0,0.220317,0.237067,0,0.66528,12.849,1,0.496825,0.36288,0,13.2217,4.24483,8.84293,0.84672,12.849,0.84672,3695.15,0,18.483,0,0.292723,1.73949,2.05401,1.00391,3.08232,0.42336,18.483,0.42336,0,0,442.007,0,0.375275,0,0,0.667998,0.292723,1.028160,1,0,11.9252,0,0,0,11.9252,0
48.8886,1.9455,0,0,2.01246,0.219286,0.36288,3.6288,51.9217,0.452862,0,0,0.601095,0.234941,0,0.66528,12.849,1,0.505988,0.36288,0,26.3414,4.24483,21.9534,0.84672,12.849,0.84672,3695.15,0,18.483,0,1.01802,1.73977,4.53144,1.00391,6.28531,0.42336,18.483,0.42336,0,0,442.007,0,1.02816,0,0,2.04618,1.01802,1.028160,1,0,28.2387,0,0,0,28.2387,0
50.2005,1.79194,0,0,3.69402,0.227288,0.36288,3.6288,52.4784,0.304309,0,0,1.08843,0.227429,0,0.66528,12.849,1,0.470961,0.36288,0,50.6462,4.13601,46.4021,0.84672,12.849,0.84672,3695.15,0,18.483,0,0.987111,1.74005,5.93041,0.973084,7.68448,0.42336,18.483,0.42336,0,0,442.007,0,1.02816,0,0,2.01527,0.987111,1.028160,1,0,54.0866,0,0,0,54.0866,0
50.1631,1.8107,0,0,2.39122,0.255053,0.36288,3.6288,52.4077,0.304521,0,0,0.484896,0.251031,0,0.66528,12.849,1,0.463456,0.36288,0,26.0886,4.43614,21.5518,0.84672,12.849,0.84672,3695.15,0,18.483,0,0.365723,1.58049,4.21068,1.11884,5.03805,0.42336,18.483,0.42336,0,0,442.007,0,1.02816,0,0,1.39388,0.365723,1.028160,1,0,26.5899,0,0,0,26.5899,0
49.803,1.81047,0,0,2.06821,0.254952,0.36288,3.6288,51.7446,0.66401,0,0,0.25172,0.250889,0,0.66528,12.849,1,0.463743,0.36288,0,26.3912,4.43614,21.8542,0.84672,12.849,0.84672,3695.15,0,18.483,0,0.412474,1.58074,2.62117,1.11884,3.49554,0.42336,18.483,0.42336,0,0,442.007,0,0.668883,0,0,1.08136,0.412474,1.028160,1,0,25.3498,0,0,0,25.3498,0
49.1602,1.80574,0,0,1.77981,0.253983,0.36288,3.6288,50.8955,0.808458,0,0,0.208945,0.249551,0,0.66528,12.849,1,0.465875,0.36288,0,22.1688,4.43614,17.6296,0.84672,12.849,0.84672,3695.15,0,18.483,0,0.412474,1.58099,2.54606,1.11884,3.42069,0.42336,18.483,0.42336,0,0,442.007,0,0.524647,0,0,0.93712,0.412474,1.028160,1,0,21.0503,0,0,0,21.0503,0
48.2381,1.79695,0,0,1.49002,0.252244,0.36288,3.6288,49.9837,0.861313,0,0,0.197345,0.247839,0,0.66528,12.849,1,0.46967,0.36288,0,17.6229,4.43614,13.08,0.84672,12.849,0.84672,3695.15,0,18.483,0,0.412474,1.58124,5.15805,1.11884,6.03292,0.42336,18.483,0.42336,0,0,442.007,0,0.472003,0,0,0.884477,0.412474,1.028160,1,0,19.1129,0,0,0,19.1129,0
46.9727,1.83984,0,0,1.16596,0.22872,0.36288,3.6288,49.2592,0.763926,0,0,0.254343,0.214895,0,0.66528,12.849,1,0.490072,0.36288,0,26.7006,4.32581,22.2476,0.84672,12.849,0.84672,3695.15,0,18.483,0,0.412474,1.58149,3.59169,1.10612,4.47954,0.42336,18.483,0.42336,0,0,442.007,0,0.612714,0,0,1.02519,0.412474,1.028160,1,0,26.7272,0,0,0,26.7272,0
45.5452,1.82081,0,0,0.971006,0.214749,0.36288,3.6288,48.8211,0.732424,0,0,0.469211,0.174913,0,0.66528,12.849,1,0.498067,0.36288,0,25.2754,3.66324,21.4769,0.84672,12.849,0.84672,3695.15,0,18.483,0,0.412474,1.63233,3.50976,0.96234,4.59222,0.42336,18.483,0.42336,0,0,442.007,0,0.644423,0,0,1.0569,0.412474,1.028160,1,0,26.0692,0,0,0,26.0692,0
44.2294,1.79853,0,0,1.05694,0.211366,0.36288,3.6288,48.3382,0.785197,0,0,0.476585,0.174281,0,0.66528,12.849,1,0.507391,0.36288,0,22.4956,3.66324,18.6879,0.84672,12.849,0.84672,3695.15,0,18.483,0,0.503194,1.63257,3.00571,0.96234,4.17914,0.42336,18.483,0.42336,0,0,442.007,0,0.591857,0,0,1.09505,0.503194,1.028160,1,0,22.867,0,0,0,22.867,0
43.9488,1.77725,0,0,2.06773,0.208247,0.36288,3.6288,48.0602,0.654707,0,0,0.550275,0.173585,0,0.66528,12.849,1,0.516305,0.36288,0,34.0479,3.66324,30.2312,0.84672,12.849,0.84672,3695.15,0,18.483,0,0.503194,1.63282,5.19362,0.96234,6.36729,0.42336,18.483,0.42336,0,0,442.007,0,0.722555,0,0,1.22575,0.503194,1.028160,1,0,36.5985,0,0,0,36.5985,0
44.1912,1.94574,0,0,2.79478,0.243698,0.36288,3.6288,47.7087,0.768725,0,0,0.594065,0.176778,0,0.66528,12.849,1,0.568862,0.36288,0,50.3239,3.87052,46.2474,0.84672,12.849,0.84672,3695.15,0,18.483,0,0.503194,1.63306,5.46894,1.11133,6.49387,0.42336,18.483,0.42336,0,0,442.007,0,0.770705,0,0,1.2739,0.503194,1.028160,1,0,52.7413,0,0,0,52.7413,0
44.4188,1.95048,0,0,2.77322,0.232284,0.36288,3.6288,47.9576,0.511501,0,0,0.917767,0.157402,0,0.66528,12.849,1,0.567121,0.36288,0,53.7524,3.54406,50.0041,0.84672,12.849,0.84672,3695.15,0,18.483,0,0.69152,1.81395,7.85428,0.962154,9.39759,0.42336,18.483,0.42336,0,0,442.007,0,1.02816,0,0,1.71968,0.69152,1.028160,1,0,59.4017,0,0,0,59.4017,0
44.9623,1.95493,0,0,3.11424,0.252885,0.36288,3.6288,48.1798,0.511733,0,0,0.888814,0.154915,0,0.66528,12.849,1,0.565502,0.36288,0,57.7746,3.94874,53.6233,0.84672,12.849,0.84672,3695.15,0,18.483,0,1.07552,1.81422,8.40534,1.07879,10.2163,0.42336,18.483,0.42336,0,0,442.007,0,1.02816,0,0,2.10368,1.07552,1.028160,1,0,63.8396,0,0,0,63.8396,0
46.29,1.96505,0,0,3.91005,0.254446,0.36288,3.6288,48.3564,0.511965,0,0,0.843826,0.155202,0,0.66528,12.849,1,0.561558,0.36288,0,79.5362,3.94874,75.3888,0.84672,12.849,0.84672,3695.15,0,18.483,0,1.21108,1.81449,9.30381,1.07879,11.2506,0.42336,18.483,0.42336,0,0,442.007,0,1.02816,0,0,2.23924,1.21108,1.028160,1,0,86.6394,0,0,0,86.6394,0
47.9011,1.73668,0,0,3.96738,0.256688,0.36288,3.6288,48.9266,0.294712,0,0,1.0212,0.156354,0,0.66528,12.849,1,0.482062,0.36288,0,79.1519,3.9936,75.0391,0.84672,12.849,0.84672,3695.15,0,18.483,0,1.25416,1.81477,9.9544,1.07332,11.95,0.42336,18.483,0.42336,0,0,442.007,0,1.02816,0,0,2.28232,1.25416,1.028160,1,0,86.9891,0,0,0,86.9891,0
49.8356,1.76085,0,0,4.30988,0.251695,0.36288,3.6288,49.2698,0.311871,0,0,0.817819,0.162664,0,0.66528,12.849,1,0.47233,0.36288,0,107.208,4.26279,102.835,0.84672,12.849,0.84672,3695.15,0,18.483,0,0.608429,1.56779,10.3038,1.04048,11.4395,0.42336,18.483,0.42336,0,0,442.007,0,1.0112,0,0,1.61963,0.608429,1.028160,1,0,114.275,0,0,0,114.275,0
51.201,1.78857,0,0,3.77381,0.257005,0.36288,3.6288,49.6372,0.3803,0,0,0.910768,0.163126,0,0.66528,12.849,1,0.461143,0.36288,0,98.5971,4.26279,94.236,0.84672,12.849,0.84672,3695.15,0,18.483,0,0.608429,1.56803,9.1311,1.04048,10.2671,0.42336,18.483,0.42336,0,0,442.007,0,0.94297,0,0,1.5514,0.608429,1.028160,1,0,104.503,0,0,0,104.503,0
55.6331,1.80744,0,0,6.86202,0.259588,0.36288,3.6288,50.5581,0.295309,0,0,1.36933,0.153071,0,0.66528,12.849,1,0.453582,0.36288,0,210.359,4.08348,206.185,0.84672,12.849,0.84672,3695.15,0,18.483,0,1.82243,1.56826,17.1498,1.00977,19.5307,0.42336,18.483,0.42336,0,0,442.007,0,1.02816,0,0,2.85059,1.82243,1.028160,1,0,225.715,0,0,0,225.715,0
59.5607,1.86409,0,0,6.4232,0.268636,0.36288,3.6288,51.3872,0.295508,0,0,1.2522,0.127657,0,0.66528,12.849,1,0.430531,0.36288,0,201.434,3.6352,197.731,0.84672,12.849,0.84672,3695.15,0,18.483,0,1.62442,1.5685,14.8916,0.932996,17.1516,0.42336,18.483,0.42336,0,0,442.007,0,1.02816,0,0,2.65258,1.62442,1.028160,1,0,214.883,0,0,0,214.883,0
61.6617,1.97952,0,0,4.72023,0.276821,0.36288,3.6288,52.0752,0.348952,0,0,1.19421,0.157181,0,0.66528,12.849,1,0.427042,0.36288,0,136.92,4.30188,132.554,0.84672,12.849,0.84672,3695.15,0,18.483,0,1.66395,1.56874,9.97332,1.03304,12.173,0.42336,18.483,0.42336,0,0,442.007,0,1.02816,0,0,2.69211,1.66395,1.028160,1,0,144.727,0,0,0,144.727,0
64.5174,2.00335,0,0,5.50302,0.281003,0.36288,3.6288,53.2454,0.349159,0,0,1.68887,0.169586,0,0.66528,12.849,1,0.417457,0.36288,0,129.102,4.56855,124.479,0.84672,12.849,0.84672,3695.15,0,18.483,0,3.16551,1.63006,12.895,1.07306,16.6175,0.42336,18.483,0.42336,0,0,442.007,0,1.02816,0,0,4.19367,3.16551,1.028160,1,0,141.097,0,0,0,141.097,0
65.8384,2.03399,0,0,4.0054,0.287626,0.36288,3.6288,54.0647,0.349366,0,0,1.33993,0.171185,0,0.66528,12.849,1,0.40508,0.36288,0,91.3067,4.56855,86.6959,0.84672,12.849,0.84672,3695.15,0,18.483,0,1.76958,1.63031,9.95483,1.07306,12.2817,0.42336,18.483,0.42336,0,0,442.007,0,1.02816,0,0,2.79774,1.76958,1.028160,1,0,98.9776,0,0,0,98.9776,0
66.5489,2.04772,0,0,3.39607,0.274952,0.36288,3.6288,54.6114,0.349573,0,0,1.07307,0.176829,0,0.66528,12.849,1,0.399633,0.36288,0,76.4528,4.57357,71.8424,0.84672,12.849,0.84672,3695.15,0,18.483,0,1.37525,1.63056,7.8065,1.07959,9.73272,0.42336,18.483,0.42336,0,0,442.007,0,1.02816,0,0,2.40341,1.37525,1.028160,1,0,81.5752,0,0,0,81.5752,0
66.7813,2.02678,0,0,2.88113,0.259041,0.36288,3.6288,54.9427,0.329088,0,0,0.849684,0.1893,0,0.66528,12.849,1,0.391323,0.36288,0,71.1314,4.23648,66.8665,0.84672,12.849,0.84672,3695.15,0,18.483,0,1.28887,1.6308,6.16766,1.06731,8.02003,0.42336,18.483,0.42336,0,0,442.007,0,1.02816,0,0,2.31703,1.28887,1.028160,1,0,74.8865,0,0,0,74.8865,0
66.4239,2.02935,0,0,2.28379,0.248965,0.36288,3.6288,55.1653,0.329292,0,0,0.739843,0.187935,0,0.66528,12.849,1,0.390455,0.36288,0,67.6771,3.42447,64.2251,0.84672,12.849,0.84672,3695.15,0,18.483,0,1.50049,1.60725,4.84761,1.04073,6.91463,0.42336,18.483,0.42336,0,0,442.007,0,1.02816,0,0,2.52865,1.50049,1.028160,1,0,71.1397,0,0,0,71.1397,0
66.1172,2.02617,0,0,2.33061,0.24826,0.36288,3.6288,55.2844,0.329497,0,0,0.636752,0.188211,0,0.66528,12.849,1,0.391941,0.36288,0,65.3348,3.42447,61.8813,0.84672,12.849,0.84672,3695.15,0,18.483,0,1.05419,1.60749,4.79458,1.04073,6.41554,0.42336,18.483,0.42336,0,0,442.007,0,1.02816,0,0,2.08235,1.05419,1.028160,1,0,68.2968,0,0,0,68.2968,0
65.8959,2.02347,0,0,2.38376,0.21867,0.36288,3.6288,55.3747,0.329701,0,0,0.622685,0.202629,0,0.66528,12.849,1,0.393234,0.36288,0,67.7077,4.59409,63.0833,0.84672,12.849,0.84672,3695.15,0,18.483,0,1.14604,1.60774,5.96268,1.08684,7.62961,0.42336,18.483,0.42336,0,0,442.007,0,1.02816,0,0,2.1742,1.14604,1.028160,1,0,70.7129,0,0,0,70.7129,0
65.1738,2.11749,0,0,1.92148,0.163257,0.36288,3.6288,55.3405,0.403329,0,0,0.591038,0.221971,0,0.66528,12.849,1,0.412887,0.36288,0,43.9444,5.30063,38.5938,0.84672,12.849,0.84672,3695.15,0,18.483,0,1.00201,1.60798,4.50375,1.2067,5.90703,0.42336,18.483,0.42336,0,0,442.007,0,1.02816,0,0,2.03017,1.00201,1.028160,1,0,44.5008,0,0,0,44.5008,0
64.2091,2.11027,0,0,1.68463,0.176159,0.36288,3.6288,55.2282,0.403544,0,0,0.529379,0.238143,0,0.66528,12.849,1,0.416039,0.36288,0,36.8672,4.975,31.8391,0.84672,12.849,0.84672,3695.15,0,18.483,0,0.7884,1.69146,4.27221,1.18679,5.56528,0.42336,18.483,0.42336,0,0,442.007,0,1.02816,0,0,1.81656,0.7884,1.028160,1,0,37.4043,0,0,0,37.4043,0
63.2235,2.10034,0,0,1.65242,0.174796,0.36288,3.6288,55.0765,0.40376,0,0,0.490025,0.237967,0,0.66528,12.849,1,0.420303,0.36288,0,34.6177,4.975,29.5853,0.84672,12.849,0.84672,3695.15,0,18.483,0,0.603694,1.69172,3.94292,1.18679,5.05153,0.42336,18.483,0.42336,0,0,442.007,0,1.02816,0,0,1.63185,0.603694,1.028160,1,0,34.6368,0,0,0,34.6368,0
62.0459,2.08997,0,0,1.44196,0.1667,0.36288,3.6288,54.8857,0.403975,0,0,0.455466,0.242265,0,0.66528,12.849,1,0.424748,0.36288,0,30.9411,5.02856,25.8507,0.84672,12.849,0.84672,3695.15,0,18.483,0,0.495945,1.69197,3.81358,1.20047,4.80102,0.42336,18.483,0.42336,0,0,442.007,0,1.02816,0,0,1.5241,0.495945,1.028160,1,0,30.6517,0,0,0,30.6517,0
60.8385,2.07722,0,0,1.35797,0.125269,0.36288,3.6288,54.6488,0.40419,0,0,0.436494,0.269141,0,0.66528,12.849,1,0.430169,0.36288,0,27.7455,5.34985,22.3283,0.84672,12.849,0.84672,3695.15,0,18.483,0,0.426842,1.69223,3.60673,1.28257,4.44323,0.42336,18.483,0.42336,0,0,442.007,0,1.02816,0,0,1.455,0.426842,1.028160,1,0,26.7715,0,0,0,26.7715,0
59.9169,2.04531,0,0,1.58904,0.102458,0.36288,3.6288,54.3139,0.493365,0,0,0.453387,0.294927,0,0.66528,12.849,1,0.431966,0.36288,0,34.0325,5.63733,28.3261,0.84672,12.849,0.84672,3695.15,0,18.483,0,0.30119,1.69248,4.06337,1.38841,4.66863,0.42336,18.483,0.42336,0,0,442.007,0,0.979586,0,0,1.28078,0.30119,1.028160,1,0,32.9947,0,0,0,32.9947,0
58.9453,2.03498,0,0,1.51931,0.0930687,0.36288,3.6288,53.7345,0.702934,0,0,0.42825,0.304734,0,0.66528,12.849,1,0.436394,0.36288,0,33.0057,5.75232,27.1799,0.84672,12.849,0.84672,3695.15,0,18.483,0,0.30119,1.71869,3.43651,1.43075,4.02563,0.42336,18.483,0.42336,0,0,442.007,0,0.770239,0,0,1.07143,0.30119,1.028160,1,0,31.2055,0,0,0,31.2055,0
57.8554,2.02383,0,0,1.38901,0.0922032,0.36288,3.6288,53.1283,0.713981,0,0,0.411247,0.303528,0,0.66528,12.849,1,0.441157,0.36288,0,29.8757,5.75232,24.0451,0.84672,12.849,0.84672,3695.15,0,18.483,0,0.261274,1.71895,3.4213,1.43075,3.97077,0.42336,18.483,0.42336,0,0,442.007,0,0.759413,0,0,1.02069,0.261274,1.028160,1,0,28.0159,0,0,0,28.0159,0
56.7346,2.01098,0,0,1.34427,0.0912324,0.36288,3.6288,52.3719,0.840597,0,0,0.38628,0.302065,0,0.66528,12.849,1,0.446616,0.36288,0,27.179,5.75232,21.343,0.84672,12.849,0.84672,3695.15,0,18.483,0,0.261274,1.71921,3.32485,1.43075,3.87458,0.42336,18.483,0.42336,0,0,442.007,0,0.633018,0,0,0.894292,0.261274,1.028160,1,0,25.2175,0,0,0,25.2175,0
55.5915,2.04404,0,0,1.34732,0.0834979,0.36288,3.6288,51.6423,0.831162,0,0,0.409488,0.307894,0,0.66528,12.849,1,0.462925,0.36288,0,28.9513,5.82924,23.0221,0.84672,12.849,0.84672,3695.15,0,18.483,0,0.261274,1.71946,3.41487,1.45979,3.93582,0.42336,18.483,0.42336,0,0,442.007,0,0.678689,0,0,0.939963,0.261274,1.028160,1,0,26.9579,0,0,0,26.9579,0
54.4554,2.0295,0,0,1.32225,0.0659055,0.36288,3.6288,50.952,0.772861,0,0,0.407691,0.325113,0,0.66528,12.849,1,0.469083,0.36288,0,27.3363,6.02154,21.2085,0.84672,12.849,0.84672,3695.15,0,18.483,0,0.261274,1.76111,3.60126,1.53237,4.09127,0.42336,18.483,0.42336,0,0,442.007,0,0.737217,0,0,0.99849,0.261274,1.028160,1,0,25.2998,0,0,0,25.2998,0
53.2501,2.01465,0,0,1.23733,0.065158,0.36288,3.6288,50.1902,0.815934,0,0,0.377377,0.323298,0,0.66528,12.849,1,0.475367,0.36288,0,24.6778,6.02154,18.5438,0.84672,12.849,0.84672,3695.15,0,18.483,0,0.261274,1.76137,3.21408,1.53237,3.70436,0.42336,18.483,0.42336,0,0,442.007,0,0.694371,0,0,0.955644,0.261274,1.028160,1,0,22.2482,0,0,0,22.2482,0
51.9603,1.99844,0,0,1.13593,0.0643648,0.36288,3.6288,49.3813,0.860787,0,0,0.373229,0.321295,0,0.66528,12.849,1,0.482213,0.36288,0,22.5584,6.02154,16.4176,0.84672,12.849,0.84672,3695.15,0,18.483,0,0.227405,1.76164,3.1435,1.53237,3.60017,0.42336,18.483,0.42336,0,0,442.007,0,0.649745,0,0,0.87715,0.227405,1.028160,1,0,20.0177,0,0,0,20.0177,0
50.7985,2.1128,0,0,1.36472,0.0508274,0.36288,3.6288,48.8508,0.679543,0,0,0.454482,0.305408,0,0.66528,12.849,1,0.522463,0.36288,0,23.6239,6.22975,17.2346,0.84672,12.849,0.84672,3695.15,0,18.483,0,0.227405,1.7619,4.69374,1.59119,5.09186,0.42336,18.483,0.42336,0,0,442.007,0,0.961286,0,0,1.18869,0.227405,1.028160,1,0,22.3264,0,0,0,22.3264,0
49.2764,2.09509,0,0,0.991984,0.0561925,0.36288,3.6288,47.7734,1.10159,0,0,0.344135,0.320019,0,0.66528,12.849,1,0.529933,0.36288,0,16.4944,6.13707,10.1902,0.84672,12.849,0.84672,3695.15,0,18.483,0,0.227405,1.90239,2.9933,1.5551,3.568,0.42336,18.483,0.42336,0,0,442.007,0,0.539481,0,0,0.766886,0.227405,1.028160,1,0,13.7582,0,0,0,13.7582,0
47.6195,2.071,0,0,0.833639,0.0566536,0.36288,3.6288,46.5878,1.18572,0,0,0.322353,0.322182,0,0.66528,12.849,1,0.540021,0.36288,0,19.4616,6.1174,13.1671,0.84672,12.849,0.84672,3695.15,0,18.483,0,0.227405,1.90268,2.76407,1.54609,3.34807,0.42336,18.483,0.42336,0,0,442.007,0,0.455598,0,0,0.683002,0.227405,1.028160,1,0,16.5151,0,0,0,16.5151,0
46.0087,2.04367,0,0,0.851429,0.0556434,0.36288,3.6288,45.5144,1.12428,0,0,0.369774,0.318954,0,0.66528,12.849,1,0.551437,0.36288,0,16.8586,6.1174,10.5527,0.84672,12.849,0.84672,3695.15,0,18.483,0,0.204422,1.90296,2.87044,1.54609,3.43174,0.42336,18.483,0.42336,0,0,442.007,0,0.517291,0,0,0.721713,0.204422,1.028160,1,0,13.9844,0,0,0,13.9844,0
44.4333,2.01597,0,0,0.859058,0.0556568,0.36288,3.6288,44.6291,0.948197,0,0,0.37257,0.30967,0,0.66528,12.849,1,0.563006,0.36288,0,17.1057,5.93256,10.973,0.84672,12.849,0.84672,3695.15,0,18.483,0,0.204422,1.90325,3.67147,1.47414,4.30501,0.42336,18.483,0.42336,0,0,442.007,0,0.693619,0,0,0.898042,0.204422,1.028160,1,0,15.2781,0,0,0,15.2781,0
42.8525,1.92707,0,0,0.790906,0.0817512,0.36288,3.6288,43.4327,1.20025,0,0,0.268358,0.264494,0,0.66528,12.849,1,0.557262,0.36288,0,16.1696,5.23497,10.7402,0.84672,12.849,0.84672,3695.15,0,18.483,0,0.204422,1.90354,3.06141,1.20688,3.96249,0.42336,18.483,0.42336,0,0,442.007,0,0.362803,0,0,0.567226,0.204422,1.028160,1,0,14.7027,0,0,0,14.7027,0
41.26,1.8984,0,0,0.764675,0.0959015,0.36288,3.6288,42.5884,0.943895,0,0,0.356634,0.25696,0,0.66528,12.849,1,0.569222,0.36288,0,17.3857,5.54358,11.6357,0.84672,12.849,0.84672,3695.15,0,18.483,0,0.204422,1.8234,2.89049,1.33022,3.5881,0.42336,18.483,0.42336,0,0,442.007,0,0.619396,0,0,0.823818,0.204422,1.028160,1,0,15.2238,0,0,0,15.2238,0
39.6047,1.86823,0,0,0.670015,0.0941358,0.36288,3.6288,41.3701,1.1839,0,0,0.220437,0.254901,0,0.66528,12.849,1,0.581797,0.36288,0,17.652,5.54358,11.8895,0.84672,12.849,0.84672,3695.15,0,18.483,0,0.216518,1.82368,2.27872,1.33022,2.98869,0.42336,18.483,0.42336,0,0,442.007,0,0.379629,0,0,0.596148,0.216518,1.028160,1,0,14.8781,0,0,0,14.8781,0
37.8592,1.8354,0,0,0.545042,0.0923104,0.36288,3.6288,39.9848,1.3148,0,0,0.181437,0.251928,0,0.66528,12.849,1,0.595462,0.36288,0,16.2098,5.54358,10.4336,0.84672,12.849,0.84672,3695.15,0,18.483,0,0.216518,1.82395,2.05893,1.33022,2.76917,0.42336,18.483,0.42336,0,0,442.007,0,0.248957,0,0,0.465476,0.216518,1.028160,1,0,13.2028,0,0,0,13.2028,0
36.3971,1.75257,0,0,0.801787,0.148433,0.36288,3.6288,38.8867,1.14785,0,0,0.244981,0.195254,0,0.66528,12.849,1,0.594803,0.36288,0,19.2573,4.63736,14.388,0.84672,12.849,0.84672,3695.15,0,18.483,0,0.216518,1.82422,2.26767,1.07979,3.22863,0.42336,18.483,0.42336,0,0,442.007,0,0.344191,0,0,0.560709,0.216518,1.028160,1,0,17.6166,0,0,0,17.6166,0
34.6508,1.72152,0,0,0.536599,0.198426,0.36288,3.6288,37.973,1.05193,0,0,0.280605,0.1424,0,0.66528,12.849,1,0.607735,0.36288,0,15.3327,3.56023,11.5276,0.84672,12.849,0.84672,3695.15,0,18.483,0,0.216518,1.75299,1.77026,0.940033,2.79973,0.42336,18.483,0.42336,0,0,442.007,0,0.440333,0,0,0.656852,0.216518,1.028160,1,0,14.3274,0,0,0,14.3274,0
33.5683,1.68255,0,0,1.15718,0.194293,0.36288,3.6288,37.0457,1.08887,0,0,0.302782,0.141164,0,0.66528,12.849,1,0.623912,0.36288,0,28.9654,3.56023,25.1442,0.84672,12.849,0.84672,3695.15,0,18.483,0,0.216518,1.75325,2.92453,0.940033,3.95426,0.42336,18.483,0.42336,0,0,442.007,0,0.403616,0,0,0.620134,0.216518,1.028160,1,0,29.0984,0,0,0,29.0984,0
33.6838,1.65742,0,0,2.32757,0.191731,0.36288,3.6288,37.2107,0.464549,0,0,0.769427,0.139909,0,0.66528,12.849,1,0.634415,0.36288,0,47.6296,3.56023,43.7979,0.84672,12.849,0.84672,3695.15,0,18.483,0,0.424604,1.75351,5.05456,0.940033,6.29265,0.42336,18.483,0.42336,0,0,442.007,0,1.02816,0,0,1.45276,0.424604,1.028160,1,0,50.0905,0,0,0,50.0905,0
33.0205,1.53537,0,0,1.42686,0.192004,0.36288,3.6288,37.3949,0.314813,0,0,0.639159,0.140132,0,0.66528,12.849,1,0.585681,0.36288,0,28.4246,3.56023,24.6415,0.84672,12.849,0.84672,3695.15,0,18.483,0,0.301337,1.75378,5.07826,0.940033,6.19334,0.42336,18.483,0.42336,0,0,442.007,0,1.02816,0,0,1.3295,0.301337,1.028160,1,0,30.8349,0,0,0,30.8349,0
32.3586,1.52088,0,0,1.43665,0.21473,0.36288,3.6288,37.302,0.315015,0,0,0.367658,0.145546,0,0.66528,12.849,1,0.591808,0.36288,0,31.5743,3.49519,27.8502,0.84672,12.849,0.84672,3695.15,0,18.483,0,0.325391,1.59295,4.82471,0.887719,5.85533,0.42336,18.483,0.42336,0,0,442.007,0,1.02816,0,0,1.35355,0.325391,1.028160,1,0,33.7055,0,0,0,33.7055,0
31.8922,1.50611,0,0,1.59533,0.192741,0.36288,3.6288,37.2181,0.315217,0,0,0.383155,0.151853,0,0.66528,12.849,1,0.598048,0.36288,0,33.8875,3.81714,29.8352,0.84672,12.849,0.84672,3695.15,0,18.483,0,0.644216,1.59319,5.93786,0.907992,7.26727,0.42336,18.483,0.42336,0,0,442.007,0,1.02816,0,0,1.67238,0.644216,1.028160,1,0,37.1024,0,0,0,37.1024,0
31.8432,1.49558,0,0,2.00434,0.194873,0.36288,3.6288,36.9314,0.484642,0,0,0.340887,0.142909,0,0.66528,12.849,1,0.60255,0.36288,0,43.5092,3.82221,39.4473,0.84672,12.849,0.84672,3695.15,0,18.483,0,0.412474,1.59343,5.21962,0.939571,6.28595,0.42336,18.483,0.42336,0,0,442.007,0,0.858937,0,0,1.27141,0.412474,1.028160,1,0,45.7333,0,0,0,45.7333,0
32.2777,1.49466,0,0,2.48672,0.194753,0.36288,3.6288,36.7108,0.693578,0,0,0.615498,0.142514,0,0.66528,12.849,1,0.603108,0.36288,0,54.035,3.82221,49.9726,0.84672,12.849,0.84672,3695.15,0,18.483,0,0.412474,1.59367,4.97031,0.939571,6.03688,0.42336,18.483,0.42336,0,0,442.007,0,0.650203,0,0,1.06268,0.412474,1.028160,1,0,56.0094,0,0,0,56.0094,0
35.4716,1.5047,0,0,5.25586,0.194337,0.36288,3.6288,38.0075,0.315621,0,0,1.77112,0.158783,0,0.66528,12.849,1,0.598989,0.36288,0,125.55,4.21313,121.1,0.84672,12.849,0.84672,3695.15,0,18.483,0,1.74212,1.59391,12.8544,0.962138,15.2283,0.42336,18.483,0.42336,0,0,442.007,0,1.02816,0,0,2.77028,1.74212,1.028160,1,0,136.329,0,0,0,136.329,0
41.7544,1.6241,0,0,8.46988,0.200067,0.36288,3.6288,39.6385,0.359273,0,0,2.17342,0.183156,0,0.66528,12.849,1,0.588304,0.36288,0,127.629,4.73435,122.669,0.84672,12.849,0.84672,3695.15,0,18.483,0,2.53254,1.59391,17.0061,0.992227,20.1403,0.42336,18.483,0.42336,0,0,442.007,0,1.02816,0,0,3.5607,2.53254,1.028160,1,0,142.81,0,0,0,142.81,0
48.8647,1.74767,0,0,9.43626,0.215442,0.36288,3.6288,41.734,0.35947,0,0,2.64095,0.186018,0,0.66528,12.849,1,0.537807,0.36288,0,168.595,4.73435,163.686,0.84672,12.849,0.84672,3695.15,0,18.483,0,3.39841,1.64513,19.3202,0.992227,23.3715,0.42336,18.483,0.42336,0,0,442.007,0,1.02816,0,0,4.42657,3.39841,1.028160,1,0,187.057,0,0,0,187.057,0
53.1769,1.86421,0,0,6.78351,0.244197,0.36288,3.6288,43.1684,0.359667,0,0,1.98081,0.18676,0,0.66528,12.849,1,0.490195,0.36288,0,123.33,4.77233,118.43,0.84672,12.849,0.84672,3695.15,0,18.483,0,2.29761,1.64536,15.0555,1.05845,17.9401,0.42336,18.483,0.42336,0,0,442.007,0,1.02816,0,0,3.32577,2.29761,1.028160,1,0,136.37,0,0,0,136.37,0
60.0866,1.92548,0,0,9.44501,0.246996,0.36288,3.6288,44.5929,0.359865,0,0,1.98674,0.2023,0,0.66528,12.849,1,0.465248,0.36288,0,95.1955,4.92087,90.1723,0.84672,12.849,0.84672,3695.15,0,18.483,0,2.44608,1.64559,13.8079,1.23544,16.6642,0.42336,18.483,0.42336,0,0,442.007,0,1.02816,0,0,3.47424,2.44608,1.028160,1,0,106.836,0,0,0,106.836,0
64.4802,2.20771,0,0,7.26437,0.300211,0.36288,3.6288,45.9782,0.523287,0,0,2.13419,0.225619,0,0.66528,12.849,1,0.472099,0.36288,0,116.992,4.522,112.36,0.84672,12.849,0.84672,3695.15,0,18.483,0,2.03753,1.64583,16.5957,1.20962,19.0695,0.42336,18.483,0.42336,0,0,442.007,0,1.02816,0,0,3.06569,2.03753,1.028160,1,0,131.43,0,0,0,131.43,0
67.941,2.26082,0,0,6.40235,0.317795,0.36288,3.6288,47.2007,0.523507,0,0,1.95449,0.208531,0,0.66528,12.849,1,0.450515,0.36288,0,105.557,4.25471,101.214,0.84672,12.849,0.84672,3695.15,0,18.483,0,2.43052,1.82811,14.0276,1.10648,17.1797,0.42336,18.483,0.42336,0,0,442.007,0,1.02816,0,0,3.45868,2.43052,1.028160,1,0,118.394,0,0,0,118.394,0
72.29,2.29944,0,0,7.87196,0.326666,0.896876,3.6288,48.5915,0.523728,0,0,2.12534,0.210819,0,0.66528,12.849,1,0.43487,0.896876,0,130.924,4.25471,127.131,0.84672,12.849,0.84672,3695.15,0,18.483,0,2.28862,1.82837,15.2132,1.10648,18.2237,0.42336,18.483,0.42336,0,0,442.007,0,1.02816,0,0,3.31678,2.28862,1.028160,1,0,145.355,0,0,0,145.355,0
72.29,2.34428,0,0,6.76378,0.337813,4.08169,3.6288,50.7759,0.523948,0,0,2.92163,0.213278,0,0.66528,12.849,1,0.416678,4.08169,0,110.974,4.25471,110.384,0.84672,12.849,0.84672,3695.15,0,18.483,0,3.08258,1.82863,15.7179,1.10648,19.5226,0.42336,18.483,0.42336,0,0,442.007,0,1.02816,0,0,4.11074,3.08258,1.028160,1,0,129.907,0,0,0,129.907,0
72.29,2.04742,0,0,9.43695,0.357063,7.03247,3.6288,57.4018,0.304994,0,0,7.18839,0.257497,0,0.66528,12.849,1,0.363913,7.03247,0,273.576,4.13558,276.109,0.84672,12.849,0.84672,3695.15,0,18.483,0,6.69807,1.82889,31.3618,1.03551,38.8533,0.42336,18.483,0.42336,0,0,442.007,0,1.02816,0,0,7.72623,6.69807,1.028160,1,0,314.962,0,0,0,314.962,0
72.29,2.04771,0,0,8.42452,0.358235,6.01857,3.6288,61.308,0.305183,0,0,5.64649,0.262879,1.1722,0.66528,12.849,1,0.363965,6.01857,0,182.131,4.02822,183.758,0.84672,12.849,0.84672,3695.15,0,18.483,0,4.89513,1.57998,21.9392,0.988423,27.4259,0.42336,18.483,0.42336,0,0,442.007,0,1.02816,0,0,5.92329,4.89513,1.028160,1,0,212.356,0,0,0,212.356,0
72.29,2.048,0,0,7.60044,0.358235,5.1942,3.6288,61.308,0.305372,0,0,4.77947,0.269535,4.20456,0.66528,12.849,1,0.364017,5.1942,0,189.974,4.02822,190.776,0.84672,12.849,0.84672,3695.15,0,18.483,0,3.46902,1.5802,18.7609,0.988423,22.8217,0.42336,18.483,0.42336,0,0,442.007,0,1.02816,0,0,4.49718,3.46902,1.028160,1,0,217.802,0,0,0,217.802,0
72.29,2.04829,0,0,8.18804,0.335579,5.80417,3.6288,61.308,0.305562,0,0,4.62971,0.257502,4.06665,0.66528,12.849,1,0.364068,5.80417,0,204.815,3.85383,206.401,0.84672,12.849,0.84672,3695.15,0,18.483,0,4.27029,1.58043,23.1536,0.963373,28.041,0.42336,18.483,0.42336,0,0,442.007,0,1.02816,0,0,5.29845,4.27029,1.028160,1,0,238.509,0,0,0,238.509,0
72.29,2.04858,0,0,6.49702,0.300731,4.14771,3.6288,61.308,0.305751,0,0,3.80917,0.200968,3.30245,0.66528,12.849,1,0.36412,4.14771,0,147.325,3.21463,147.894,0.84672,12.849,0.84672,3695.15,0,18.483,0,3.40762,1.58065,18.3612,0.798617,22.5509,0.42336,18.483,0.42336,0,0,442.007,0,1.02816,0,0,4.43578,3.40762,1.028160,1,0,173.747,0,0,0,173.747,0
72.29,2.12374,0,0,7.08894,0.317075,4.64813,3.6288,61.308,0.359597,0,0,5.45576,0.181129,4.91504,0.66528,12.849,1,0.377478,4.64813,0,131.212,3.06222,132.421,0.84672,12.849,0.84672,3695.15,0,18.483,0,3.37897,1.58088,14.5232,0.72202,18.7611,0.42336,18.483,0.42336,0,0,442.007,0,1.02816,0,0,4.40713,3.37897,1.028160,1,0,156.097,0,0,0,156.097,0
72.29,2.12404,0,0,4.99866,0.317075,2.55755,3.6288,61.308,0.359794,0,0,2.79882,0.181129,2.2579,0.66528,12.849,1,0.377531,2.55755,0,89.7713,3.06222,88.8891,0.84672,12.849,0.84672,3695.15,0,18.483,0,1.84342,1.64267,11.2361,0.72202,14.0001,0.42336,18.483,0.42336,0,0,442.007,0,1.02816,0,0,2.87158,1.84342,1.028160,1,0,105.147,0,0,0,105.147,0
72.29,2.12434,0,0,4.51244,0.308147,2.07995,3.6288,61.308,0.359991,0,0,3.06628,0.185886,2.5204,0.66528,12.849,1,0.377585,2.07995,0,97.8178,3.12039,96.3997,0.84672,12.849,0.84672,3695.15,0,18.483,0,1.93105,1.6429,11.7573,0.73347,14.5978,0.42336,18.483,0.42336,0,0,442.007,0,1.02816,0,0,2.95921,1.93105,1.028160,1,0,113.518,0,0,0,113.518,0
72.29,2.12464,0,0,4.39203,0.250045,2.01735,3.6288,61.308,0.360188,0,0,2.82419,0.207799,2.2562,0.66528,12.849,1,0.377639,2.01735,0,90.7848,3.59694,88.8276,0.84672,12.849,0.84672,3695.15,0,18.483,0,2.0156,1.64313,11.2936,0.817861,14.1345,0.42336,18.483,0.42336,0,0,442.007,0,1.02816,0,0,3.04376,2.0156,1.028160,1,0,105.218,0,0,0,105.218,0
72.29,2.09565,0,0,3.84558,0.238709,1.51121,3.6288,61.308,0.339534,0,0,1.20641,0.191214,0.675664,0.66528,12.849,1,0.372487,1.51121,0,101.93,3.91576,99.1525,0.84672,12.849,0.84672,3695.15,0,18.483,0,1.19167,1.64337,7.9418,0.857083,9.91976,0.42336,18.483,0.42336,0,0,442.007,0,1.02816,0,0,2.21983,1.19167,1.028160,1,0,109.748,0,0,0,109.748,0
72.29,2.09595,0,0,3.32137,0.238709,0.98671,3.6288,61.308,0.339728,0,0,1.08122,0.191214,0.550276,0.66528,12.849,1,0.37254,0.98671,0,74.9911,3.91576,71.6895,0.84672,12.849,0.84672,3695.15,0,18.483,0,0.810613,1.61962,7.07607,0.857083,8.64923,0.42336,18.483,0.42336,0,0,442.007,0,1.02816,0,0,1.83877,0.810613,1.028160,1,0,80.889,0,0,0,80.889,0
72.29,2.09625,0,0,3.05632,0.238709,0.721363,3.6288,61.308,0.339922,0,0,1.00578,0.191214,0.474646,0.66528,12.849,1,0.372593,0.721363,0,54.2563,3.91576,50.6893,0.84672,12.849,0.84672,3695.15,0,18.483,0,0.678715,1.61985,6.42617,0.857083,7.86766,0.42336,18.483,0.42336,0,0,442.007,0,1.02816,0,0,1.70688,0.678715,1.028160,1,0,59.0316,0,0,0,59.0316,0
72.29,2.09655,0,0,2.83137,0.238709,0.496115,3.6288,61.308,0.340117,0,0,0.956984,0.191214,0.425653,0.66528,12.849,1,0.372645,0.496115,0,48.2109,3.91576,44.4186,0.84672,12.849,0.84672,3695.15,0,18.483,0,0.586146,1.62008,5.94385,0.857083,7.293,0.42336,18.483,0.42336,0,0,442.007,0,1.02816,0,0,1.61431,0.586146,1.028160,1,0,52.1373,0,0,0,52.1373,0
72.29,2.19631,0,0,3.00434,0.171606,0.636425,3.6288,61.308,0.414298,0,0,0.889039,0.208944,0.265797,0.66528,12.849,1,0.390378,0.636425,0,51.9982,4.10882,48.1354,0.84672,12.849,0.84672,3695.15,0,18.483,0,0.667846,1.62031,5.82731,0.866119,7.24935,0.42336,18.483,0.42336,0,0,442.007,0,1.02816,0,0,1.69601,0.667846,1.028160,1,0,55.6506,0,0,0,55.6506,0
72.29,2.19662,0,0,2.95326,0.160422,0.596217,3.6288,61.308,0.414502,0,0,0.919071,0.211899,0.29267,0.66528,12.849,1,0.390433,0.596217,0,50.59,4.14099,46.6548,0.84672,12.849,0.84672,3695.15,0,18.483,0,0.671864,1.70442,6.13718,0.867625,7.64584,0.42336,18.483,0.42336,0,0,442.007,0,1.02816,0,0,1.70002,0.671864,1.028160,1,0,54.5934,0,0,0,54.5934,0
72.29,2.19694,0,0,2.82131,0.160422,0.463946,3.6288,61.308,0.414707,0,0,0.922959,0.211899,0.296353,0.66528,12.849,1,0.390489,0.463946,0,47.5319,4.14099,43.4644,0.84672,12.849,0.84672,3695.15,0,18.483,0,0.596989,1.70467,5.90133,0.867625,7.33536,0.42336,18.483,0.42336,0,0,442.007,0,1.02816,0,0,1.62515,0.596989,1.028160,1,0,51.0961,0,0,0,51.0961,0
72.2071,2.19725,0,0,2.63765,0.160422,0.36288,3.6288,61.308,0.414912,0,0,0.859179,0.211899,0.232368,0.66528,12.849,1,0.390544,0.36288,0,44.3616,4.14099,40.1929,0.84672,12.849,0.84672,3695.15,0,18.483,0,0.50995,1.70491,5.59003,0.867625,6.93726,0.42336,18.483,0.42336,0,0,442.007,0,1.02816,0,0,1.53811,0.50995,1.028160,1,0,47.3625,0,0,0,47.3625,0
72.1761,2.1968,0,0,2.63593,0.107239,0.36288,3.6288,61.308,0.415117,0,0,1.10068,0.239653,0.445906,0.66528,12.849,1,0.390913,0.36288,0,53.6857,4.85878,48.7989,0.84672,12.849,0.84672,3695.15,0,18.483,0,0.811192,1.70515,5.65927,1.11766,7.05795,0.42336,18.483,0.42336,0,0,442.007,0,1.02816,0,0,1.83935,0.811192,1.028160,1,0,56.3027,0,0,0,56.3027,0
72.0883,2.17715,0,0,2.57158,0.119414,0.36288,3.6288,61.308,0.456015,0,0,1.31303,0.216269,0.640745,0.66528,12.849,1,0.387582,0.36288,0,58.3146,4.37472,53.9152,0.84672,12.849,0.84672,3695.15,0,18.483,0,1.01255,1.70539,5.37773,1.16003,6.93564,0.42336,18.483,0.42336,0,0,442.007,0,1.02816,0,0,2.04071,1.01255,1.028160,1,0,61.4916,0,0,0,61.4916,0
71.8216,2.17665,0,0,2.39222,0.119334,0.36288,3.6288,61.308,0.456226,0,0,1.29317,0.216269,0.620671,0.66528,12.849,1,0.387967,0.36288,0,54.3031,4.37472,49.9033,0.84672,12.849,0.84672,3695.15,0,18.483,0,0.996062,1.73179,5.2537,1.16003,6.82152,0.42336,18.483,0.42336,0,0,442.007,0,1.02816,0,0,2.02422,0.996062,1.028160,1,0,57.3455,0,0,0,57.3455,0
71.5176,2.17452,0,0,2.34636,0.112954,0.36288,3.6288,61.308,0.456436,0,0,1.21315,0.264264,0.49245,0.66528,12.849,1,0.389025,0.36288,0,51.1805,4.97899,46.1754,0.84672,12.849,0.84672,3695.15,0,18.483,0,0.890231,1.73203,5.12456,1.30501,6.44181,0.42336,18.483,0.42336,0,0,442.007,0,1.02816,0,0,1.91839,0.890231,1.028160,1,0,53.1096,0,0,0,53.1096,0
71.0511,2.17202,0,0,2.17771,0.109333,0.36288,3.6288,61.308,0.456647,0,0,1.16404,0.266479,0.440915,0.66528,12.849,1,0.39023,0.36288,0,48.7619,5.08809,43.6465,0.84672,12.849,0.84672,3695.15,0,18.483,0,0.705551,1.73228,4.94065,1.32282,6.05566,0.42336,18.483,0.42336,0,0,442.007,0,1.02816,0,0,1.73371,0.705551,1.028160,1,0,50.1431,0,0,0,50.1431,0
70.4408,2.21859,0,0,2.06006,0.0888583,0.36288,3.6288,61.308,0.644958,0,0,0.947989,0.27977,0.0232611,0.66528,12.849,1,0.401214,0.36288,0,43.6441,5.74266,37.8631,0.84672,12.849,0.84672,3695.15,0,18.483,0,0.261274,1.73252,3.94527,1.42967,4.5094,0.42336,18.483,0.42336,0,0,442.007,0,0.876347,0,0,1.13762,0.261274,1.028160,1,0,42.3958,0,0,0,42.3958,0
69.7052,2.21304,0,0,1.92871,0.088443,0.36288,3.6288,61.3053,0.637105,0,0,0.914147,0.27977,0,0.66528,12.849,1,0.403677,0.36288,0,40.9402,5.74266,35.1568,0.84672,12.849,0.84672,3695.15,0,18.483,0,0.261274,1.77447,4.08075,1.42967,4.68682,0.42336,18.483,0.42336,0,0,442.007,0,0.884416,0,0,1.14569,0.261274,1.028160,1,0,39.8436,0,0,0,39.8436,0
68.7535,2.20618,0,0,1.70534,0.0879423,0.36288,3.6288,61.1639,0.722148,0,0,0.86057,0.279765,0,0.66528,12.849,1,0.406674,0.36288,0,38.6737,5.74266,32.8872,0.84672,12.849,0.84672,3695.15,0,18.483,0,0.227405,1.77472,3.82825,1.42967,4.4007,0.42336,18.483,0.42336,0,0,442.007,0,0.799589,0,0,1.02699,0.227405,1.028160,1,0,37.2879,0,0,0,37.2879,0
67.6568,2.19707,0,0,1.54104,0.0777544,0.36288,3.6288,60.9783,0.753019,0,0,0.852077,0.28469,0,0.66528,12.849,1,0.410599,0.36288,0,36.66,5.89221,30.7201,0.84672,12.849,0.84672,3695.15,0,18.483,0,0.227405,1.77497,3.81978,1.45955,4.36261,0.42336,18.483,0.42336,0,0,442.007,0,0.768934,0,0,0.996339,0.227405,1.028160,1,0,35.0827,0,0,0,35.0827,0
66.433,2.3323,0,0,1.55415,0.0828348,0.36288,3.6288,60.8253,0.691779,0,0,0.837199,0.298401,0,0.66528,12.849,1,0.442937,0.36288,0,35.1581,6.27052,28.8075,0.84672,12.849,0.84672,3695.15,0,18.483,0,0.227405,1.77522,3.62874,1.52549,4.10588,0.42336,18.483,0.42336,0,0,442.007,0,0.961442,0,0,1.18885,0.227405,1.028160,1,0,32.9134,0,0,0,32.9134,0
65.5689,2.31911,0,0,1.90618,0.0882594,0.36288,3.6288,60.94,0.625296,0,0,1.04318,0.303158,0,0.66528,12.849,1,0.448545,0.36288,0,44.0786,6.3525,37.6404,0.84672,12.849,0.84672,3695.15,0,18.483,0,0.550947,1.91676,4.07742,1.56359,4.98154,0.42336,18.483,0.42336,0,0,442.007,0,1.02816,0,0,1.57911,0.550947,1.028160,1,0,42.622,0,0,0,42.622,0
64.3146,2.30968,0,0,1.50594,0.0876538,0.36288,3.6288,60.6713,0.726826,0,0,0.761486,0.303379,0,0.66528,12.849,1,0.452609,0.36288,0,45.4877,6.3525,39.0455,0.84672,12.849,0.84672,3695.15,0,18.483,0,0.204422,1.91703,3.23082,1.56359,3.78868,0.42336,18.483,0.42336,0,0,442.007,0,0.926865,0,0,1.13129,0.204422,1.028160,1,0,42.8342,0,0,0,42.8342,0
63.4346,2.29553,0,0,1.86514,0.0867748,0.36288,3.6288,61.0095,0.625765,0,0,1.26684,0.302862,0,0.66528,12.849,1,0.458609,0.36288,0,40.3123,6.3525,33.8641,0.84672,12.849,0.84672,3695.15,0,18.483,0,0.989617,1.9173,4.85498,1.56359,6.19831,0.42336,18.483,0.42336,0,0,442.007,0,1.02816,0,0,2.01778,0.989617,1.028160,1,0,40.0624,0,0,0,40.0624,0
61.9788,2.28547,0,0,1.28663,0.0940178,0.36288,3.6288,60.8299,0.626,0,0,0.749949,0.303578,0,0.66528,12.849,1,0.462934,0.36288,0,31.1302,6.01291,25.0172,0.84672,12.849,0.84672,3695.15,0,18.483,0,0.332528,1.91758,3.46794,1.47037,4.24768,0.42336,18.483,0.42336,0,0,442.007,0,1.02816,0,0,1.36069,0.332528,1.028160,1,0,29.2649,0,0,0,29.2649,0
60.5499,2.19898,0,0,1.24908,0.116179,0.36288,3.6288,60.5038,0.546634,0,0,0.542158,0.321638,0,0.66528,12.849,1,0.455876,0.36288,0,19.8868,6.31231,13.4815,0.84672,12.849,0.84672,3695.15,0,18.483,0,0.270009,1.91785,2.2228,1.64393,2.76672,0.42336,18.483,0.42336,0,0,442.007,0,1.02816,0,0,1.29817,0.270009,1.028160,1,0,16.2482,0,0,0,16.2482,0
59.3615,2.182,0,0,1.51669,0.160204,0.36288,3.6288,60.2199,0.546858,0,0,0.549641,0.286645,0,0.66528,12.849,1,0.463031,0.36288,0,18.054,6.03624,11.9176,0.84672,12.849,0.84672,3695.15,0,18.483,0,0.291635,1.8371,1.64453,1.54911,2.22415,0.42336,18.483,0.42336,0,0,442.007,0,1.02816,0,0,1.31979,0.291635,1.028160,1,0,14.1417,0,0,0,14.1417,0
59.0041,2.16751,0,0,2.33142,0.158438,0.36288,3.6288,60.3151,0.547081,0,0,0.928368,0.286128,0,0.66528,12.849,1,0.469165,0.36288,0,33.5001,6.03624,27.3576,0.84672,12.849,0.84672,3695.15,0,18.483,0,1.27237,1.83736,3.17925,1.54911,4.73987,0.42336,18.483,0.42336,0,0,442.007,0,1.02816,0,0,2.30053,1.27237,1.028160,1,0,32.0975,0,0,0,32.0975,0
58.2615,2.16329,0,0,1.94143,0.157893,0.36288,3.6288,60.2191,0.547305,0,0,0.737623,0.286301,0,0.66528,12.849,1,0.471088,0.36288,0,49.71,6.03624,43.5655,0.84672,12.849,0.84672,3695.15,0,18.483,0,0.788797,1.83762,2.23833,1.54911,3.31564,0.42336,18.483,0.42336,0,0,442.007,0,1.02816,0,0,1.81696,0.788797,1.028160,1,0,46.8812,0,0,0,46.8812,0
57.6975,2.09843,0,0,2.11208,0.214722,0.36288,3.6288,59.7897,0.569216,0,0,0.385428,0.245605,0,0.66528,12.849,1,0.462789,0.36288,0,23.0468,4.26668,18.6802,0.84672,12.849,0.84672,3695.15,0,18.483,0,0.216518,1.83788,2.86337,1.14506,3.77271,0.42336,18.483,0.42336,0,0,442.007,0,0.933975,0,0,1.15049,0.216518,1.028160,1,0,22.4529,0,0,0,22.4529,0
57.2043,2.09158,0,0,2.17477,0.213544,0.36288,3.6288,59.6317,0.475244,0,0,0.562155,0.244934,0,0.66528,12.849,1,0.465786,0.36288,0,23.3827,4.26668,19.0131,0.84672,12.849,0.84672,3695.15,0,18.483,0,1.24567,1.76609,3.94,1.14506,5.80671,0.42336,18.483,0.42336,0,0,442.007,0,1.02816,0,0,2.27383,1.24567,1.028160,1,0,24.8198,0,0,0,24.8198,0
60.6388,2.08555,0,0,6.09543,0.212514,0.36288,3.6288,60.5947,0.475458,0,0,1.68316,0.244687,0,0.66528,12.849,1,0.468447,0.36288,0,72.4264,4.26668,68.0542,0.84672,12.849,0.84672,3695.15,0,18.483,0,3.58681,1.76634,8.1794,1.14506,12.3875,0.42336,18.483,0.42336,0,0,442.007,0,1.02816,0,0,4.61497,3.58681,1.028160,1,0,80.4417,0,0,0,80.4417,0
61.8099,2.12851,0,0,3.92362,0.261086,0.36288,3.6288,60.9206,0.475671,0,0,1.0166,0.215009,0,0.66528,12.849,1,0.451018,0.36288,0,45.1171,3.83137,41.1976,0.84672,12.849,0.84672,3695.15,0,18.483,0,0.601966,1.76659,4.86452,1.02175,6.21132,0.42336,18.483,0.42336,0,0,442.007,0,1.02816,0,0,1.63013,0.601966,1.028160,1,0,47.4089,0,0,0,47.4089,0
65.2937,1.98127,0,0,6.08037,0.252442,0.36288,3.6288,61.308,0.324808,0,0,1.61866,0.23809,0.66839,0.66528,12.849,1,0.411866,0.36288,0,65.476,4.23976,61.1872,0.84672,12.849,0.84672,3695.15,0,18.483,0,2.20573,1.76684,6.09295,1.00286,9.06267,0.42336,18.483,0.42336,0,0,442.007,0,1.02816,0,0,3.23389,2.20573,1.028160,1,0,70.9183,0,0,0,70.9183,0
67.2368,2.01777,0,0,4.59355,0.269739,0.36288,3.6288,61.308,0.325,0,0,1.34438,0.236965,0.782419,0.66528,12.849,1,0.397073,0.36288,0,50.7264,4.34165,46.3506,0.84672,12.849,0.84672,3695.15,0,18.483,0,1.59006,1.6048,5.03124,1.06227,7.16383,0.42336,18.483,0.42336,0,0,442.007,0,1.02816,0,0,2.61822,1.59006,1.028160,1,0,54.2968,0,0,0,54.2968,0
70.2401,2.03715,0,0,5.67721,0.273939,0.36288,3.6288,61.308,0.325192,0,0,1.60329,0.236965,1.04113,0.66528,12.849,1,0.3893,0.36288,0,98.2368,4.34165,93.8687,0.84672,12.849,0.84672,3695.15,0,18.483,0,2.81843,1.60503,4.85384,1.06227,8.21503,0.42336,18.483,0.42336,0,0,442.007,0,1.02816,0,0,3.84659,2.81843,1.028160,1,0,103.125,0,0,0,103.125,0
70.819,2.06551,0,0,3.28773,0.28043,0.36288,3.6288,61.308,0.325384,0,0,0.934934,0.236965,0.372585,0.66528,12.849,1,0.377843,0.36288,0,56.1088,4.34165,51.7522,0.84672,12.849,0.84672,3695.15,0,18.483,0,1.25779,1.60526,4.29208,1.06227,6.09287,0.42336,18.483,0.42336,0,0,442.007,0,1.02816,0,0,2.28595,1.25779,1.028160,1,0,58.2176,0,0,0,58.2176,0
71.5626,2.07102,0,0,3.46524,0.287754,0.36288,3.6288,61.308,0.325576,0,0,0.815905,0.239646,0.250683,0.66528,12.849,1,0.375755,0.36288,0,69.8674,4.33664,65.5179,0.84672,12.849,0.84672,3695.15,0,18.483,0,0.860276,1.60549,5.4682,1.06886,6.86511,0.42336,18.483,0.42336,0,0,442.007,0,1.02816,0,0,1.88844,0.860276,1.028160,1,0,72.6337,0,0,0,72.6337,0
72.29,2.14303,0,0,6.10089,0.304664,2.92578,3.6288,61.308,0.369541,0,0,1.51926,0.246349,0.903368,0.66528,12.849,1,0.384779,2.92578,0,120.52,4.32411,118.737,0.84672,12.849,0.84672,3695.15,0,18.483,0,1.6119,1.60572,6.76265,1.08534,8.89493,0.42336,18.483,0.42336,0,0,442.007,0,1.02816,0,0,2.64006,1.6119,1.028160,1,0,128.535,0,0,0,128.535,0
72.29,2.1499,0,0,4.92356,0.306354,2.46731,3.6288,61.308,0.369727,0,0,1.2394,0.246349,0.623323,0.66528,12.849,1,0.382129,2.46731,0,95.4236,4.32411,93.1847,0.84672,12.849,0.84672,3695.15,0,18.483,0,0.99201,1.6573,5.79708,1.08534,7.36105,0.42336,18.483,0.42336,0,0,442.007,0,1.02816,0,0,2.02017,0.99201,1.028160,1,0,101.169,0,0,0,101.169,0
72.29,2.15019,0,0,5.95622,0.339746,3.46628,3.6288,61.308,0.369914,0,0,1.08497,0.237423,0.47763,0.66528,12.849,1,0.38218,3.46628,0,115.411,4.41906,114.076,0.84672,12.849,0.84672,3695.15,0,18.483,0,0.952379,1.65752,7.55317,1.2509,8.91216,0.42336,18.483,0.42336,0,0,442.007,0,1.02816,0,0,1.98054,0.952379,1.028160,1,0,123.465,0,0,0,123.465,0
72.29,2.15048,0,0,4.46426,0.353103,1.96068,3.6288,61.308,0.370101,0,0,0.992088,0.233853,0.388134,0.66528,12.849,1,0.382231,1.96068,0,89.4966,4.45704,86.618,0.84672,12.849,0.84672,3695.15,0,18.483,0,0.708532,1.65774,4.8732,1.31713,5.92235,0.42336,18.483,0.42336,0,0,442.007,0,1.02816,0,0,1.73669,0.708532,1.028160,1,0,92.9285,0,0,0,92.9285,0
72.29,2.36055,0,0,5.71781,0.340781,3.01649,3.6288,61.308,0.562943,0,0,1.60355,0.171652,0.868955,0.66528,12.849,1,0.419569,3.01649,0,103.352,3.39783,102.551,0.84672,12.849,0.84672,3695.15,0,18.483,0,0.503194,1.65796,9.87174,0.873199,11.1597,0.42336,18.483,0.42336,0,0,442.007,0,0.999933,0,0,1.50313,0.503194,1.028160,1,0,114.579,0,0,0,114.579,0
72.29,2.36086,0,0,4.57955,0.338727,1.87997,3.6288,61.308,0.675558,0,0,1.60502,0.161285,0.768175,0.66528,12.849,1,0.419625,1.87997,0,109.664,3.2213,107.903,0.84672,12.849,0.84672,3695.15,0,18.483,0,0.503194,1.84157,10.2291,0.79921,11.7746,0.42336,18.483,0.42336,0,0,442.007,0,0.887527,0,0,1.39072,0.503194,1.028160,1,0,120.446,0,0,0,120.446,0
72.29,2.36118,0,0,9.15966,0.323143,6.47534,3.6288,61.308,0.535134,0,0,3.22905,0.194481,2.49944,0.66528,12.849,1,0.419681,6.47534,0,150.466,4.00754,152.515,0.84672,12.849,0.84672,3695.15,0,18.483,0,2.09463,1.84182,14.6885,1.04519,17.5798,0.42336,18.483,0.42336,0,0,442.007,0,1.02816,0,0,3.12279,2.09463,1.028160,1,0,172.594,0,0,0,172.594,0
72.29,2.36149,0,0,11.8803,0.320546,9.19822,3.6288,61.308,0.535343,0,0,4.27046,0.200014,3.5351,0.66528,12.849,1,0.419737,9.19822,0,176.474,4.13858,181.114,0.84672,12.849,0.84672,3695.15,0,18.483,0,4.00632,1.84207,17.3697,1.08618,22.1319,0.42336,18.483,0.42336,0,0,442.007,0,1.02816,0,0,5.03448,4.00632,1.028160,1,0,206.781,0,0,0,206.781,0
72.29,2.06243,0,0,4.77711,0.366333,2.34834,3.6288,61.308,0.31477,0,0,2.30767,0.107495,1.88541,0.66528,12.849,1,0.366582,2.34834,0,107.51,3.49544,105.996,0.84672,12.849,0.84672,3695.15,0,18.483,0,1.53543,1.84231,12.7332,0.801989,15.309,0.42336,18.483,0.42336,0,0,442.007,0,1.02816,0,0,2.56359,1.53543,1.028160,1,0,123.191,0,0,0,123.191,0
72.29,2.06271,0,0,3.60567,0.325906,1.21705,3.6288,61.308,0.314949,0,0,1.47665,0.173031,0.988665,0.66528,12.849,1,0.366631,1.21705,0,79.7524,3.60108,77.0017,0.84672,12.849,0.84672,3695.15,0,18.483,0,0.661625,1.59156,9.59895,1.00293,10.8492,0.42336,18.483,0.42336,0,0,442.007,0,1.02816,0,0,1.68979,0.661625,1.028160,1,0,88.8396,0,0,0,88.8396,0
72.29,2.06299,0,0,3.47232,0.325906,1.08343,3.6288,61.308,0.379592,0,0,1.40962,0.173031,0.856993,0.66528,12.849,1,0.36668,1.08343,0,64.0034,3.60108,61.1191,0.84672,12.849,0.84672,3695.15,0,18.483,0,0.558835,1.59178,8.18122,1.00293,9.3289,0.42336,18.483,0.42336,0,0,442.007,0,0.963697,0,0,1.52253,0.558835,1.028160,1,0,71.305,0,0,0,71.305,0
72.29,2.06326,0,0,3.63144,0.325906,1.24228,3.6288,61.308,0.326765,0,0,1.42055,0.173031,0.92075,0.66528,12.849,1,0.366729,1.24228,0,61.2382,3.60108,58.5127,0.84672,12.849,0.84672,3695.15,0,18.483,0,0.558835,1.59199,8.30226,1.00293,9.45016,0.42336,18.483,0.42336,0,0,442.007,0,1.0167,0,0,1.57554,0.558835,1.028160,1,0,68.8836,0,0,0,68.8836,0
72.29,2.06354,0,0,3.57432,0.326117,1.18467,3.6288,61.308,0.315488,0,0,1.63562,0.15584,1.16429,0.66528,12.849,1,0.366778,1.18467,0,54.5606,3.3251,52.0534,0.84672,12.849,0.84672,3695.15,0,18.483,0,0.670291,1.5922,8.04228,0.860988,9.44379,0.42336,18.483,0.42336,0,0,442.007,0,1.02816,0,0,1.69845,0.670291,1.028160,1,0,62.6614,0,0,0,62.6614,0
72.29,2.13922,0,0,4.30803,0.323958,1.84486,3.6288,61.308,0.369715,0,0,2.24488,0.144228,1.73094,0.66528,12.849,1,0.38023,1.84486,0,63.3417,3.1481,61.6583,0.84672,12.849,0.84672,3695.15,0,18.483,0,2.23924,1.59242,8.90533,0.785501,11.9515,0.42336,18.483,0.42336,0,0,442.007,0,1.02816,0,0,3.2674,2.23924,1.028160,1,0,75.3407,0,0,0,75.3407,0
72.29,2.13951,0,0,5.07749,0.322128,2.61585,3.6288,61.308,0.369902,0,0,2.07332,0.15271,1.55071,0.66528,12.849,1,0.380281,2.61585,0,90.7212,3.29133,89.6654,0.84672,12.849,0.84672,3695.15,0,18.483,0,0.94144,1.65464,9.9652,0.870831,11.6905,0.42336,18.483,0.42336,0,0,442.007,0,1.02816,0,0,1.9696,0.94144,1.028160,1,0,102.907,0,0,0,102.907,0
72.29,2.13979,0,0,4.21677,0.322128,1.75485,3.6288,61.308,0.370089,0,0,2.87721,0.15271,2.35441,0.66528,12.849,1,0.380332,1.75485,0,67.1898,3.29133,65.273,0.84672,12.849,0.84672,3695.15,0,18.483,0,2.59496,1.65486,11.735,0.870831,15.114,0.42336,18.483,0.42336,0,0,442.007,0,1.02816,0,0,3.62312,2.59496,1.028160,1,0,82.7414,0,0,0,82.7414,0
72.29,2.14008,0,0,4.36588,0.315965,1.90984,3.6288,61.308,0.370276,0,0,3.13127,0.14883,2.61217,0.66528,12.849,1,0.380383,1.90984,0,96.9261,3.31425,95.1413,0.84672,12.849,0.84672,3695.15,0,18.483,0,2.18491,1.65508,12.5171,0.877282,15.4798,0.42336,18.483,0.42336,0,0,442.007,0,1.02816,0,0,3.21307,2.18491,1.028160,1,0,113.233,0,0,0,113.233,0
72.29,2.11086,0,0,3.17249,0.223448,0.838175,3.6288,61.308,0.34946,0,0,1.47722,0.162341,0.965414,0.66528,12.849,1,0.37519,0.838175,0,53.6532,3.90667,50.2095,0.84672,12.849,0.84672,3695.15,0,18.483,0,1.12801,1.65531,6.12352,1.001,7.90585,0.42336,18.483,0.42336,0,0,442.007,0,1.02816,0,0,2.15617,1.12801,1.028160,1,0,59.0808,0,0,0,59.0808,0
72.1644,2.11115,0,0,2.61357,0.265168,0.36288,3.6288,61.308,0.349644,0,0,1.33567,0.183271,0.802759,0.66528,12.849,1,0.37524,0.36288,0,43.1441,4.19296,38.9388,0.84672,12.849,0.84672,3695.15,0,18.483,0,0.794621,1.63138,5.31046,1.03013,6.70633,0.42336,18.483,0.42336,0,0,442.007,0,1.02816,0,0,1.82278,0.794621,1.028160,1,0,46.4479,0,0,0,46.4479,0
71.9216,2.11032,0,0,2.39712,0.166696,0.36288,3.6288,61.308,0.349828,0,0,1.14382,0.229049,0.564946,0.66528,12.849,1,0.375746,0.36288,0,39.3875,4.59659,34.7781,0.84672,12.849,0.84672,3695.15,0,18.483,0,0.648199,1.63159,4.94923,1.05423,6.17479,0.42336,18.483,0.42336,0,0,442.007,0,1.02816,0,0,1.67636,0.648199,1.028160,1,0,41.5178,0,0,0,41.5178,0
71.6159,2.10845,0,0,2.33198,0.166388,0.36288,3.6288,61.308,0.350013,0,0,1.26167,0.229049,0.682612,0.66528,12.849,1,0.37668,0.36288,0,38.0664,4.59659,33.456,0.84672,12.849,0.84672,3695.15,0,18.483,0,0.832231,1.63181,5.73838,1.05423,7.14819,0.42336,18.483,0.42336,0,0,442.007,0,1.02816,0,0,1.86039,0.832231,1.028160,1,0,41.2868,0,0,0,41.2868,0
71.1104,2.2059,0,0,2.24419,0.180838,0.36288,3.6288,61.308,0.424718,0,0,1.04914,0.231474,0.392946,0.66528,12.849,1,0.395773,0.36288,0,36.6377,4.74501,31.8598,0.84672,12.849,0.84672,3695.15,0,18.483,0,0.439854,1.63203,4.26279,1.1175,5.21718,0.42336,18.483,0.42336,0,0,442.007,0,1.02816,0,0,1.46801,0.439854,1.028160,1,0,37.4699,0,0,0,37.4699,0
70.4214,2.20143,0,0,2.02959,0.154262,0.36288,3.6288,61.308,0.459049,0,0,0.772857,0.215145,0.0986623,0.66528,12.849,1,0.397779,0.36288,0,33.1714,4.29996,28.8365,0.84672,12.849,0.84672,3695.15,0,18.483,0,0.402797,1.71674,3.6372,1.13483,4.6219,0.42336,18.483,0.42336,0,0,442.007,0,0.994023,0,0,1.39682,0.402797,1.028160,1,0,33.5571,0,0,0,33.5571,0
69.6102,2.19516,0,0,1.87769,0.130938,0.36288,3.6288,61.308,0.425106,0,0,0.785678,0.220501,0.140071,0.66528,12.849,1,0.400526,0.36288,0,30.051,4.4625,25.5508,0.84672,12.849,0.84672,3695.15,0,18.483,0,0.371364,1.71697,3.58887,1.10474,4.57246,0.42336,18.483,0.42336,0,0,442.007,0,1.02816,0,0,1.39952,0.371364,1.028160,1,0,30.2633,0,0,0,30.2633,0
68.7488,2.1876,0,0,1.81921,0.130121,0.36288,3.6288,61.308,0.425301,0,0,0.823288,0.220501,0.177487,0.66528,12.849,1,0.403799,0.36288,0,28.5143,4.4625,24.0109,0.84672,12.849,0.84672,3695.15,0,18.483,0,0.320432,1.7172,3.72545,1.10474,4.65833,0.42336,18.483,0.42336,0,0,442.007,0,1.02816,0,0,1.34859,0.320432,1.028160,1,0,28.8467,0,0,0,28.8467,0
67.8307,2.17942,0,0,1.75166,0.127449,0.36288,3.6288,61.308,0.425495,0,0,0.761616,0.233233,0.102888,0.66528,12.849,1,0.407329,0.36288,0,28.6894,4.62774,24.0172,0.84672,12.849,0.84672,3695.15,0,18.483,0,0.343932,1.71742,3.62235,1.08908,4.59463,0.42336,18.483,0.42336,0,0,442.007,0,1.02816,0,0,1.37209,0.343932,1.028160,1,0,28.7147,0,0,0,28.7147,0
66.9851,2.15107,0,0,1.79247,0.12415,0.36288,3.6288,61.308,0.466675,0,0,0.763266,0.25021,0.0463813,0.66528,12.849,1,0.407472,0.36288,0,29.3855,4.84806,24.4929,0.84672,12.849,0.84672,3695.15,0,18.483,0,0.550878,1.71765,4.29969,1.0682,5.50002,0.42336,18.483,0.42336,0,0,442.007,0,1.02816,0,0,1.57904,0.550878,1.028160,1,0,30.0393,0,0,0,30.0393,0
66.0817,2.14281,0,0,1.72104,0.118734,0.36288,3.6288,61.308,0.466874,0,0,0.733787,0.257983,0.00892954,0.66528,12.849,1,0.411032,0.36288,0,27.583,4.95664,22.5782,0.84672,12.849,0.84672,3695.15,0,18.483,0,0.566706,1.74422,4.35824,1.10494,5.56423,0.42336,18.483,0.42336,0,0,442.007,0,1.02816,0,0,1.59487,0.566706,1.028160,1,0,28.1514,0,0,0,28.1514,0
65.0083,2.1338,0,0,1.514,0.0907298,0.36288,3.6288,61.2334,0.467074,0,0,0.69438,0.301937,0,0.66528,12.849,1,0.414899,0.36288,0,26.0965,5.74376,20.3007,0.84672,12.849,0.84672,3695.15,0,18.483,0,0.366327,1.74446,4.18288,1.37574,4.91793,0.42336,18.483,0.42336,0,0,442.007,0,1.02816,0,0,1.39449,0.366327,1.028160,1,0,25.2187,0,0,0,25.2187,0
63.882,2.12281,0,0,1.44985,0.0904405,0.36288,3.6288,61.1455,0.467274,0,0,0.674507,0.295099,0,0.66528,12.849,1,0.419578,0.36288,0,23.9328,6.08275,17.7933,0.84672,12.849,0.84672,3695.15,0,18.483,0,0.476565,1.74469,4.13115,1.50148,4.85092,0.42336,18.483,0.42336,0,0,442.007,0,1.02816,0,0,1.50473,0.476565,1.028160,1,0,22.6443,0,0,0,22.6443,0
62.5186,2.16026,0,0,1.25252,0.0927404,0.36288,3.6288,60.6285,0.719009,0,0,0.514136,0.312179,0,0.66528,12.849,1,0.434507,0.36288,0,21.8036,5.88473,15.8472,0.84672,12.849,0.84672,3695.15,0,18.483,0,0.261274,1.74492,3.14194,1.46309,3.68505,0.42336,18.483,0.42336,0,0,442.007,0,0.813171,0,0,1.07444,0.261274,1.028160,1,0,19.5323,0,0,0,19.5323,0
61.1491,2.14515,0,0,1.23026,0.0917157,0.36288,3.6288,60.1353,0.68716,0,0,0.505189,0.311158,0,0.66528,12.849,1,0.440878,0.36288,0,20.357,5.88473,14.3943,0.84672,12.849,0.84672,3695.15,0,18.483,0,0.261274,1.78715,3.19061,1.46309,3.77594,0.42336,18.483,0.42336,0,0,442.007,0,0.845225,0,0,1.1065,0.261274,1.028160,1,0,18.1703,0,0,0,18.1703,0
59.6359,2.12952,0,0,1.06986,0.0906863,0.36288,3.6288,59.553,0.74692,0,0,0.474765,0.310184,0,0.66528,12.849,1,0.447467,0.36288,0,19.2599,5.88473,13.2906,0.84672,12.849,0.84672,3695.15,0,18.483,0,0.227405,1.78739,3.10491,1.46309,3.65662,0.42336,18.483,0.42336,0,0,442.007,0,0.78567,0,0,1.01307,0.227405,1.028160,1,0,16.9473,0,0,0,16.9473,0
58.0571,2.11165,0,0,0.985185,0.0894768,0.36288,3.6288,58.9099,0.799224,0,0,0.465174,0.309033,0,0.66528,12.849,1,0.454971,0.36288,0,18.1649,5.88473,12.1881,0.84672,12.849,0.84672,3695.15,0,18.483,0,0.227405,1.78763,3.07351,1.46309,3.62546,0.42336,18.483,0.42336,0,0,442.007,0,0.733571,0,0,0.960975,0.227405,1.028160,1,0,15.8135,0,0,0,15.8135,0
56.2432,2.23207,0,0,0.847446,0.0663453,0.36288,3.6288,58.0998,0.928511,0,0,0.434922,0.316509,0,0.66528,12.849,1,0.493995,0.36288,0,17.2701,5.97273,11.1662,0.84672,12.849,0.84672,3695.15,0,18.483,0,0.227405,1.78787,2.75651,1.57855,3.19324,0.42336,18.483,0.42336,0,0,442.007,0,0.736474,0,0,0.963878,0.227405,1.028160,1,0,14.3595,0,0,0,14.3595,0
54.3502,2.20742,0,0,0.748881,0.0716167,0.36288,3.6288,57.1962,0.96935,0,0,0.373825,0.308067,0,0.66528,12.849,1,0.504294,0.36288,0,15.8766,5.64616,10.089,0.84672,12.849,0.84672,3695.15,0,18.483,0,0.227405,1.9304,2.55618,1.58671,3.12727,0.42336,18.483,0.42336,0,0,442.007,0,0.695857,0,0,0.923262,0.227405,1.028160,1,0,13.2163,0,0,0,13.2163,0
52.501,2.18054,0,0,0.764519,0.0702718,0.36288,3.6288,56.2638,0.984165,0,0,0.358014,0.306271,0,0.66528,12.849,1,0.515504,0.36288,0,14.6477,5.64616,8.84895,0.84672,12.849,0.84672,3695.15,0,18.483,0,0.204422,1.93066,2.62054,1.58671,3.16891,0.42336,18.483,0.42336,0,0,442.007,0,0.681264,0,0,0.885686,0.204422,1.028160,1,0,12.0179,0,0,0,12.0179,0
51.0511,2.1531,0,0,1.13933,0.0732407,0.36288,3.6288,55.5812,0.80306,0,0,0.423851,0.303379,0,0.66528,12.849,1,0.526946,0.36288,0,18.8555,5.61648,13.075,0.84672,12.849,0.84672,3695.15,0,18.483,0,0.204422,1.93091,2.87203,1.58307,3.4243,0.42336,18.483,0.42336,0,0,442.007,0,0.862592,0,0,1.06701,0.204422,1.028160,1,0,16.4993,0,0,0,16.4993,0
49.8131,2.13077,0,0,1.36037,0.104705,0.36288,3.6288,54.8172,0.918185,0,0,0.441642,0.287484,0,0.66528,12.849,1,0.536291,0.36288,0,23.6602,5.3295,18.1573,0.84672,12.849,0.84672,3695.15,0,18.483,0,0.204422,1.93117,2.95602,1.49281,3.5988,0.42336,18.483,0.42336,0,0,442.007,0,0.747689,0,0,0.952112,0.204422,1.028160,1,0,21.7561,0,0,0,21.7561,0
48.1368,2.04669,0,0,0.86152,0.128281,0.36288,3.6288,53.4986,1.2474,0,0,0.197226,0.268434,0,0.66528,12.849,1,0.527931,0.36288,0,14.6005,4.92366,9.51177,0.84672,12.849,0.84672,3695.15,0,18.483,0,0.204422,1.93143,2.25826,1.32359,3.07052,0.42336,18.483,0.42336,0,0,442.007,0,0.338538,0,0,0.54296,0.204422,1.028160,1,0,12.5823,0,0,0,12.5823,0
46.3529,2.0198,0,0,0.724758,0.125985,0.36288,3.6288,52.6513,0.861078,0,0,0.279779,0.265985,0,0.66528,12.849,1,0.53914,0.36288,0,13.2405,4.92366,8.14062,0.84672,12.849,0.84672,3695.15,0,18.483,0,0.216518,1.85009,2.54912,1.32359,3.29213,0.42336,18.483,0.42336,0,0,442.007,0,0.725067,0,0,0.941585,0.216518,1.028160,1,0,11.4328,0,0,0,11.4328,0
44.4967,1.98988,0,0,0.620139,0.123536,0.36288,3.6288,51.2635,1.27809,0,0,0.154526,0.264189,0,0.66528,12.849,1,0.551594,0.36288,0,13.2275,4.92366,8.11512,0.84672,12.849,0.84672,3695.15,0,18.483,0,0.216518,1.85034,1.89715,1.32359,2.64042,0.42336,18.483,0.42336,0,0,442.007,0,0.308271,0,0,0.524789,0.216518,1.028160,1,0,10.7555,0,0,0,10.7555,0
42.6875,1.95722,0,0,0.647013,0.136132,0.36288,3.6288,49.8708,1.29437,0,0,0.148763,0.247098,0,0.66528,12.849,1,0.565171,0.36288,0,12.7142,4.71603,7.79587,0.84672,12.849,0.84672,3695.15,0,18.483,0,0.216518,1.85059,1.90915,1.2587,2.71756,0.42336,18.483,0.42336,0,0,442.007,0,0.292202,0,0,0.508721,0.216518,1.028160,1,0,10.5134,0,0,0,10.5134,0
41.1274,1.87409,0,0,0.90828,0.231384,0.36288,3.6288,48.5951,1.22499,0,0,0.147268,0.198064,0,0.66528,12.849,1,0.564104,0.36288,0,13.279,4.18701,8.89075,0.84672,12.849,0.84672,3695.15,0,18.483,0,0.216518,1.85083,1.87847,1.00396,2.94186,0.42336,18.483,0.42336,0,0,442.007,0,0.288787,0,0,0.505305,0.216518,1.028160,1,0,11.8326,0,0,0,11.8326,0
39.6362,1.84472,0,0,0.945009,0.228683,0.36288,3.6288,47.9113,0.695591,0,0,0.214075,0.202208,0,0.66528,12.849,1,0.576326,0.36288,0,13.1477,4.30647,8.62783,0.84672,12.849,0.84672,3695.15,0,18.483,0,0.216518,1.77853,2.5613,1.02641,3.52994,0.42336,18.483,0.42336,0,0,442.007,0,0.818385,0,0,1.0349,0.216518,1.028160,1,0,12.1578,0,0,0,12.1578,0
39.8818,1.81543,0,0,2.64863,0.22468,0.36288,3.6288,47.8652,0.486018,0,0,0.640964,0.201061,0,0.66528,12.849,1,0.588516,0.36288,0,40.7239,4.30647,36.1918,0.84672,12.849,0.84672,3695.15,0,18.483,0,1.07226,1.77876,5.31719,1.02641,7.14181,0.42336,18.483,0.42336,0,0,442.007,0,1.02816,0,0,2.10042,1.07226,1.028160,1,0,43.3336,0,0,0,43.3336,0
39.1446,1.82063,0,0,1.70494,0.258598,0.36288,3.6288,47.0146,1.06519,0,0,0.387141,0.172555,0,0.66528,12.849,1,0.586564,0.36288,0,25.3689,3.87117,21.2741,0.84672,12.849,0.84672,3695.15,0,18.483,0,0.292723,1.779,3.16231,0.903101,4.33093,0.42336,18.483,0.42336,0,0,442.007,0,0.449189,0,0,0.741912,0.292723,1.028160,1,0,25.605,0,0,0,25.605,0
41.7868,1.6699,0,0,4.90348,0.228529,0.36288,3.6288,47.3415,0.334288,0,0,0.851855,0.190659,0,0.66528,12.849,1,0.548135,0.36288,0,64.1318,4.0095,59.937,0.84672,12.849,0.84672,3695.15,0,18.483,0,0.940974,1.77924,6.29307,0.882359,8.13093,0.42336,18.483,0.42336,0,0,442.007,0,1.02816,0,0,1.96913,0.940974,1.028160,1,0,68.068,0,0,0,68.068,0
43.8609,1.71843,0,0,4.39126,0.23587,0.36288,3.6288,47.613,0.33447,0,0,0.793438,0.187445,0,0.66528,12.849,1,0.528399,0.36288,0,74.9234,3.99798,70.7599,0.84672,12.849,0.84672,3695.15,0,18.483,0,2.24878,1.61605,7.37001,0.992363,10.2425,0.42336,18.483,0.42336,0,0,442.007,0,1.02816,0,0,3.27694,2.24878,1.028160,1,0,81.0024,0,0,0,81.0024,0
44.4077,1.75421,0,0,2.90554,0.241597,0.36288,3.6288,47.5486,0.334652,0,0,0.458037,0.187872,0,0.66528,12.849,1,0.513893,0.36288,0,41.4804,3.99798,37.3314,0.84672,12.849,0.84672,3695.15,0,18.483,0,0.58949,1.61626,6.16228,0.992363,7.37567,0.42336,18.483,0.42336,0,0,442.007,0,1.02816,0,0,1.61765,0.58949,1.028160,1,0,44.7071,0,0,0,44.7071,0
45.9819,1.76349,0,0,3.96504,0.264491,0.36288,3.6288,47.5973,0.334834,0,0,0.595473,0.211907,0,0.66528,12.849,1,0.51025,0.36288,0,48.0929,4.5694,43.3761,0.84672,12.849,0.84672,3695.15,0,18.483,0,1.14603,1.61648,9.00003,1.17062,10.5919,0.42336,18.483,0.42336,0,0,442.007,0,1.02816,0,0,2.17419,1.14603,1.028160,1,0,53.9681,0,0,0,53.9681,0
46.9227,1.78906,0,0,3.36714,0.274432,0.36288,3.6288,47.6582,0.335016,0,0,0.619694,0.223811,0,0.66528,12.849,1,0.499928,0.36288,0,68.6338,4.76517,63.7316,0.84672,12.849,0.84672,3695.15,0,18.483,0,0.887501,1.6167,8.26993,1.24892,9.52521,0.42336,18.483,0.42336,0,0,442.007,0,1.02816,0,0,1.91566,0.887501,1.028160,1,0,73.2568,0,0,0,73.2568,0
46.0233,1.86046,0,0,1.58011,0.256125,0.36288,3.6288,47.668,0.49499,0,0,0.741735,0.236885,0,0.66528,12.849,1,0.509457,0.36288,0,28.3585,4.56834,23.6436,0.84672,12.849,0.84672,3695.15,0,18.483,0,0.412474,1.61691,4.82133,1.29091,5.5598,0.42336,18.483,0.42336,0,0,442.007,0,0.912444,0,0,1.32492,0.412474,1.028160,1,0,29.2034,0,0,0,29.2034,0
44.8155,1.84625,0,0,1.25485,0.253582,0.36288,3.6288,47.2612,0.780364,0,0,0.610454,0.236905,0,0.66528,12.849,1,0.515445,0.36288,0,25.4743,4.56834,20.7534,0.84672,12.849,0.84672,3695.15,0,18.483,0,0.503194,1.66884,4.08165,1.29091,4.96277,0.42336,18.483,0.42336,0,0,442.007,0,0.627247,0,0,1.13044,0.503194,1.028160,1,0,25.7162,0,0,0,25.7162,0
43.9074,1.82654,0,0,1.5133,0.231913,0.36288,3.6288,47.3228,0.565949,0,0,0.854849,0.227314,0,0.66528,12.849,1,0.523686,0.36288,0,26.7901,4.50474,22.1246,0.84672,12.849,0.84672,3695.15,0,18.483,0,0.503194,1.66905,5.06895,1.18123,6.05996,0.42336,18.483,0.42336,0,0,442.007,0,0.841838,0,0,1.34503,0.503194,1.028160,1,0,28.1845,0,0,0,28.1845,0
42.8227,1.81136,0,0,1.30551,0.215984,0.36288,3.6288,47.6959,0.504713,0,0,1.09865,0.220838,0,0.66528,12.849,1,0.530073,0.36288,0,28.8018,4.45704,24.1776,0.84672,12.849,0.84672,3695.15,0,18.483,0,0.503194,1.66926,5.18541,1.09898,6.25888,0.42336,18.483,0.42336,0,0,442.007,0,0.903252,0,0,1.40645,0.503194,1.028160,1,0,30.4364,0,0,0,30.4364,0
41.4372,1.96753,0,0,1.16853,0.223637,0.36288,3.6288,47.3181,0.903468,0,0,0.724301,0.198656,0,0.66528,12.849,1,0.590359,0.36288,0,28.6177,4.16949,24.2207,0.84672,12.849,0.84672,3695.15,0,18.483,0,0.503194,1.66947,4.0018,1.10125,5.07321,0.42336,18.483,0.42336,0,0,442.007,0,0.670239,0,0,1.17343,0.503194,1.028160,1,0,29.2939,0,0,0,29.2939,0
40.2074,1.94036,0,0,1.29757,0.224119,0.36288,3.6288,46.9705,0.876856,0,0,0.718226,0.188909,0,0.66528,12.849,1,0.601675,0.36288,0,28.5893,4.05447,24.2961,0.84672,12.849,0.84672,3695.15,0,18.483,0,0.503194,1.85434,4.29885,1.10216,5.55422,0.42336,18.483,0.42336,0,0,442.007,0,0.697049,0,0,1.20024,0.503194,1.028160,1,0,29.8503,0,0,0,29.8503,0
39.117,1.91538,0,0,1.40867,0.220879,0.36288,3.6288,46.4695,1.07764,0,0,0.764994,0.188358,0,0.66528,12.849,1,0.612094,0.36288,0,31.2412,4.05447,26.9375,0.84672,12.849,0.84672,3695.15,0,18.483,0,0.608429,1.85457,3.95705,1.10216,5.31789,0.42336,18.483,0.42336,0,0,442.007,0,0.496463,0,0,1.10489,0.608429,1.028160,1,0,32.2554,0,0,0,32.2554,0
37.9675,1.89252,0,0,1.30511,0.199186,0.36288,3.6288,45.7545,1.24777,0,0,0.713647,0.180866,0,0.66528,12.849,1,0.621647,0.36288,0,28.442,3.96913,24.2141,0.84672,12.849,0.84672,3695.15,0,18.483,0,0.608429,1.8548,3.63761,1.00164,5.09921,0.42336,18.483,0.42336,0,0,442.007,0,0.326532,0,0,0.93496,0.608429,1.028160,1,0,29.3133,0,0,0,29.3133,0
38.9813,1.63087,0,0,3.26214,0.254566,0.36288,3.6288,46.5085,0.433285,0,0,1.29139,0.104105,0,0.66528,12.849,1,0.551923,0.36288,0,67.6528,3.44023,64.0235,0.84672,12.849,0.84672,3695.15,0,18.483,0,0.608429,1.85504,5.7858,0.670335,7.57893,0.42336,18.483,0.42336,0,0,442.007,0,0.918907,0,0,1.52734,0.608429,1.028160,1,0,71.6024,0,0,0,71.6024,0
40.2875,1.65049,0,0,3.56409,0.244563,0.36288,3.6288,47.1655,0.483126,0,0,1.28599,0.145868,0,0.66528,12.849,1,0.544033,0.36288,0,77.4728,3.37857,73.9131,0.84672,12.849,0.84672,3695.15,0,18.483,0,0.608429,1.60254,5.62956,0.75712,7.08341,0.42336,18.483,0.42336,0,0,442.007,0,0.869236,0,0,1.47766,0.608429,1.028160,1,0,80.9965,0,0,0,80.9965,0
41.2207,1.67489,0,0,3.20922,0.238232,0.36288,3.6288,47.2728,0.757304,0,0,1.03212,0.167573,0,0.66528,12.849,1,0.534178,0.36288,0,56.1465,3.43938,52.5358,0.84672,12.849,0.84672,3695.15,0,18.483,0,0.558835,1.60274,4.48381,0.828065,5.81733,0.42336,18.483,0.42336,0,0,442.007,0,0.595227,0,0,1.15406,0.558835,1.028160,1,0,58.3532,0,0,0,58.3532,0
42.2677,1.69186,0,0,3.34261,0.240881,0.36288,3.6288,47.3695,0.757188,0,0,1.02162,0.167724,0,0.66528,12.849,1,0.527373,0.36288,0,50.8346,3.43938,47.2308,0.84672,12.849,0.84672,3695.15,0,18.483,0,0.558835,1.60294,4.3195,0.828065,5.65321,0.42336,18.483,0.42336,0,0,442.007,0,0.595512,0,0,1.15435,0.558835,1.028160,1,0,52.884,0,0,0,52.884,0
42.9355,1.71036,0,0,2.98688,0.245815,0.36288,3.6288,47.3551,0.786786,0,0,0.93668,0.164293,0,0.66528,12.849,1,0.519936,0.36288,0,48.5425,3.4638,44.9216,0.84672,12.849,0.84672,3695.15,0,18.483,0,0.558835,1.60314,4.40886,0.80407,5.76677,0.42336,18.483,0.42336,0,0,442.007,0,0.566084,0,0,1.12492,0.558835,1.028160,1,0,50.6884,0,0,0,50.6884,0
43.4687,1.7849,0,0,2.93362,0.252668,0.36288,3.6288,47.6865,0.665739,0,0,1.15257,0.155357,0,0.66528,12.849,1,0.534154,0.36288,0,53.3516,3.52485,49.6554,0.84672,12.849,0.84672,3695.15,0,18.483,0,0.558835,1.60335,5.53878,0.744082,6.95688,0.42336,18.483,0.42336,0,0,442.007,0,0.741718,0,0,1.30055,0.558835,1.028160,1,0,56.6123,0,0,0,56.6123,0
43.2595,1.79441,0,0,2.20237,0.254224,0.36288,3.6288,47.5321,0.872585,0,0,0.873936,0.155788,0,0.66528,12.849,1,0.530413,0.36288,0,53.3394,3.52485,49.647,0.84672,12.849,0.84672,3695.15,0,18.483,0,0.528595,1.66598,3.22027,0.744082,4.67076,0.42336,18.483,0.42336,0,0,442.007,0,0.535049,0,0,1.06364,0.528595,1.028160,1,0,54.3178,0,0,0,54.3178,0
42.4507,1.79101,0,0,1.59871,0.253614,0.36288,3.6288,46.8786,1.17304,0,0,0.675164,0.155587,0,0.66528,12.849,1,0.531967,0.36288,0,31.3889,3.52485,27.695,0.84672,12.849,0.84672,3695.15,0,18.483,0,0.528595,1.66619,2.80306,0.744082,4.25376,0.42336,18.483,0.42336,0,0,442.007,0,0.234766,0,0,0.763361,0.528595,1.028160,1,0,31.9488,0,0,0,31.9488,0
41.4338,1.77701,0,0,1.36595,0.242965,0.36288,3.6288,46.0674,1.2426,0,0,0.583071,0.15168,0,0.66528,12.849,1,0.537866,0.36288,0,29.6718,3.34419,26.1527,0.84672,12.849,0.84672,3695.15,0,18.483,0,0.528595,1.6664,2.66502,0.723293,4.13672,0.42336,18.483,0.42336,0,0,442.007,0,0.165391,0,0,0.693986,0.528595,1.028160,1,0,30.2894,0,0,0,30.2894,0
40.5224,1.73466,0,0,1.40886,0.222748,0.36288,3.6288,45.5526,1.02991,0,0,0.68773,0.172626,0,0.66528,12.849,1,0.537933,0.36288,0,29.8429,4.04586,25.622,0.84672,12.849,0.84672,3695.15,0,18.483,0,0.528595,1.66661,2.58418,0.931122,3.84827,0.42336,18.483,0.42336,0,0,442.007,0,0.357108,0,0,0.885704,0.528595,1.028160,1,0,29.4703,0,0,0,29.4703,0
39.5662,1.71823,0,0,1.28325,0.158273,0.36288,3.6288,44.8167,1.10418,0,0,0.574919,0.206694,0,0.66528,12.849,1,0.544825,0.36288,0,27.0826,4.39182,22.5088,0.84672,12.849,0.84672,3695.15,0,18.483,0,0.528595,1.6425,2.3859,0.951779,3.60522,0.42336,18.483,0.42336,0,0,442.007,0,0.283012,0,0,0.811607,0.528595,1.028160,1,0,26.1141,0,0,0,26.1141,0
38.6076,1.70053,0,0,1.25099,0.146263,0.36288,3.6288,44.3283,0.90527,0,0,0.627976,0.211054,0,0.66528,12.849,1,0.552241,0.36288,0,26.2431,4.44948,21.6043,0.84672,12.849,0.84672,3695.15,0,18.483,0,0.402797,1.64271,2.7042,0.955221,3.79448,0.42336,18.483,0.42336,0,0,442.007,0,0.482095,0,0,0.884892,0.402797,1.028160,1,0,25.3988,0,0,0,25.3988,0
37.5874,1.68228,0,0,1.16964,0.144651,0.36288,3.6288,43.735,1.00089,0,0,0.617604,0.210088,0,0.66528,12.849,1,0.559881,0.36288,0,23.9309,4.44948,19.2844,0.84672,12.849,0.84672,3695.15,0,18.483,0,0.402797,1.64292,2.42723,0.955221,3.51772,0.42336,18.483,0.42336,0,0,442.007,0,0.386649,0,0,0.789445,0.402797,1.028160,1,0,22.8021,0,0,0,22.8021,0
36.5292,1.74114,0,0,1.16775,0.121883,0.36288,3.6288,43.0897,1.03691,0,0,0.615958,0.224264,0,0.66528,12.849,1,0.595196,0.36288,0,25.3298,4.69902,20.3985,0.84672,12.849,0.84672,3695.15,0,18.483,0,0.402797,1.64312,2.41249,1.03965,3.41875,0.42336,18.483,0.42336,0,0,442.007,0,0.425831,0,0,0.828628,0.402797,1.028160,1,0,23.8172,0,0,0,23.8172,0
35.3787,1.71872,0,0,1.03582,0.104773,0.36288,3.6288,42.4512,1.01753,0,0,0.613352,0.234336,0,0.66528,12.849,1,0.604552,0.36288,0,23.8223,4.88618,18.6944,0.84672,12.849,0.84672,3695.15,0,18.483,0,0.402797,1.72839,2.37589,1.10297,3.4041,0.42336,18.483,0.42336,0,0,442.007,0,0.445392,0,0,0.848189,0.402797,1.028160,1,0,22.0985,0,0,0,22.0985,0
34.2233,1.69351,0,0,1.00431,0.103337,0.36288,3.6288,41.7692,1.00999,0,0,0.560906,0.232911,0,0.66528,12.849,1,0.615056,0.36288,0,21.9008,4.88618,16.7624,0.84672,12.849,0.84672,3695.15,0,18.483,0,0.30119,1.7286,2.20984,1.10297,3.13666,0.42336,18.483,0.42336,0,0,442.007,0,0.453116,0,0,0.754307,0.30119,1.028160,1,0,19.8991,0,0,0,19.8991,0
33.0047,1.66728,0,0,0.893799,0.0822073,0.36288,3.6288,41.0121,1.04191,0,0,0.532395,0.247592,0,0.66528,12.849,1,0.625975,0.36288,0,19.3749,5.10037,14.0114,0.84672,12.849,0.84672,3695.15,0,18.483,0,0.30119,1.72882,2.14971,1.1577,3.02202,0.42336,18.483,0.42336,0,0,442.007,0,0.421381,0,0,0.722572,0.30119,1.028160,1,0,17.0334,0,0,0,17.0334,0
31.846,1.63858,0,0,0.913438,0.0706831,0.36288,3.6288,40.3275,0.97018,0,0,0.53608,0.250555,0,0.66528,12.849,1,0.637911,0.36288,0,18.6048,5.23118,13.0986,0.84672,12.849,0.84672,3695.15,0,18.483,0,0.30119,1.72904,2.09744,1.18745,2.94021,0.42336,18.483,0.42336,0,0,442.007,0,0.493292,0,0,0.794483,0.30119,1.028160,1,0,16.0388,0,0,0,16.0388,0
30.8299,1.59583,0,0,1.01147,0.0688949,0.36288,3.6288,39.8393,0.778907,0,0,0.541496,0.250728,0,0.66528,12.849,1,0.643873,0.36288,0,18.451,5.18187,12.9881,0.84672,12.849,0.84672,3695.15,0,18.483,0,0.30119,1.72925,2.03599,1.23733,2.82911,0.42336,18.483,0.42336,0,0,442.007,0,0.726011,0,0,1.0272,0.30119,1.028160,1,0,15.8172,0,0,0,15.8172,0
29.797,1.57036,0,0,0.960085,0.0596847,0.36288,3.6288,39.3238,0.7743,0,0,0.523206,0.264445,0,0.66528,12.849,1,0.65448,0.36288,0,17.236,5.20086,11.7436,0.84672,12.849,0.84672,3695.15,0,18.483,0,0.261274,1.75599,2.05131,1.29591,2.77266,0.42336,18.483,0.42336,0,0,442.007,0,0.730806,0,0,0.992079,0.261274,1.028160,1,0,14.5162,0,0,0,14.5162,0
28.7328,1.54359,0,0,0.9011,0.058868,0.36288,3.6288,38.7099,0.811174,0,0,0.46045,0.263161,0,0.66528,12.849,1,0.665621,0.36288,0,15.7486,5.20086,10.245,0.84672,12.849,0.84672,3695.15,0,18.483,0,0.261274,1.75621,1.94675,1.29591,2.66832,0.42336,18.483,0.42336,0,0,442.007,0,0.69412,0,0,0.955394,0.261274,1.028160,1,0,12.9134,0,0,0,12.9134,0
27.6408,1.51502,0,0,0.843955,0.0580265,0.36288,3.6288,38.0135,0.864058,0,0,0.42931,0.261633,0,0.66528,12.849,1,0.6775,0.36288,0,15.0706,5.20086,9.5551,0.84672,12.849,0.84672,3695.15,0,18.483,0,0.261274,1.75643,1.8426,1.29591,2.56439,0.42336,18.483,0.42336,0,0,442.007,0,0.641425,0,0,0.902699,0.261274,1.028160,1,0,12.1195,0,0,0,12.1195,0
26.659,1.51926,0,0,0.946452,0.0461232,0.36288,3.6288,37.4093,0.856015,0,0,0.50785,0.256111,0,0.66528,12.849,1,0.706237,0.36288,0,16.3325,5.61045,10.3786,0.84672,12.849,0.84672,3695.15,0,18.483,0,0.261274,1.75665,1.99926,1.40679,2.6104,0.42336,18.483,0.42336,0,0,442.007,0,0.686448,0,0,0.947722,0.261274,1.028160,1,0,12.989,0,0,0,12.989,0
25.7095,1.49029,0,0,0.947307,0.0436818,0.36288,3.6288,36.8556,0.814477,0,0,0.514852,0.254001,0,0.66528,12.849,1,0.718284,0.36288,0,15.5187,5.67871,9.48462,0.84672,12.849,0.84672,3695.15,0,18.483,0,0.261274,1.79915,2.04819,1.42527,2.68334,0.42336,18.483,0.42336,0,0,442.007,0,0.728179,0,0,0.989453,0.261274,1.028160,1,0,12.168,0,0,0,12.168,0
24.6811,1.46132,0,0,0.838909,0.0431001,0.36288,3.6288,36.2373,0.849144,0,0,0.483476,0.252646,0,0.66528,12.849,1,0.730333,0.36288,0,14.6214,5.67871,8.57522,0.84672,12.849,0.84672,3695.15,0,18.483,0,0.227405,1.79937,2.02826,1.42527,2.62977,0.42336,18.483,0.42336,0,0,442.007,0,0.693706,0,0,0.92111,0.227405,1.028160,1,0,11.205,0,0,0,11.205,0
23.609,1.4288,0,0,0.762039,0.0424702,0.36288,3.6288,35.5477,0.908824,0,0,0.470375,0.251132,0,0.66528,12.849,1,0.743835,0.36288,0,13.7639,5.67871,7.7042,0.84672,12.849,0.84672,3695.15,0,18.483,0,0.227405,1.7996,1.95585,1.42527,2.55758,0.42336,18.483,0.42336,0,0,442.007,0,0.634219,0,0,0.861624,0.227405,1.028160,1,0,10.2618,0,0,0,10.2618,0
22.3606,1.48665,0,0,0.62886,0.0277054,0.36288,3.6288,34.6349,1.09682,0,0,0.443192,0.259202,0,0.66528,12.849,1,0.809098,0.36288,0,11.9466,5.95438,5.54601,0.84672,12.849,0.84672,3695.15,0,18.483,0,0.227405,1.79982,1.81813,1.51388,2.33148,0.42336,18.483,0.42336,0,0,442.007,0,0.579277,0,0,0.806682,0.227405,1.028160,1,0,7.87749,0,0,0,7.87749,0
21.1235,1.44096,0,0,0.595445,0.0287305,0.36288,3.6288,33.5939,1.18553,0,0,0.399811,0.255256,0,0.66528,12.849,1,0.828013,0.36288,0,10.0845,5.79852,3.82087,0.84672,12.849,0.84672,3695.15,0,18.483,0,0.227405,1.94329,1.70389,1.52745,2.34713,0.42336,18.483,0.42336,0,0,442.007,0,0.490787,0,0,0.718191,0.227405,1.028160,1,0,6.168,0,0,0,6.168,0
20.2228,1.39401,0,0,0.887363,0.0311685,0.36288,3.6288,32.7998,1.01571,0,0,0.473335,0.251736,0,0.66528,12.849,1,0.84672,0.36288,0,12.9815,5.76883,6.72884,0.84672,12.849,0.84672,3695.15,0,18.483,0,0.204422,1.94353,1.86742,1.52381,2.49156,0.42336,18.483,0.42336,0,0,442.007,0,0.660813,0,0,0.865236,0.204422,1.028160,1,0,9.2204,0,0,0,9.2204,0
19.7158,1.36585,0,0,1.26565,0.0438868,0.36288,3.6288,32.1945,0.974732,0,0,0.611702,0.242333,0,0.66528,12.849,1,0.84672,0.36288,0,19.0426,5.7053,12.8534,0.84672,12.849,0.84672,3695.15,0,18.483,0,0.204422,1.94378,2.04462,1.50042,2.6924,0.42336,18.483,0.42336,0,0,442.007,0,0.702,0,0,0.906422,0.204422,1.028160,1,0,15.5458,0,0,0,15.5458,0
18.7279,1.34951,0,0,0.76261,0.0381117,0.36288,3.6288,31.356,1.09224,0,0,0.484633,0.230857,0,0.66528,12.849,1,0.84672,0.36288,0,18.6211,5.81819,12.3191,0.84672,12.849,0.84672,3695.15,0,18.483,0,0.204422,1.94402,1.46473,1.5011,2.11207,0.42336,18.483,0.42336,0,0,442.007,0,0.584703,0,0,0.789126,0.204422,1.028160,1,0,14.4311,0,0,0,14.4311,0
17.4682,1.26298,0,0,0.404107,0.0379724,0.36288,3.6288,30.2102,1.33215,0,0,0.373617,0.187294,0,0.66528,12.849,1,0.84672,0.36288,0,13.2328,5.57897,7.16996,0.84672,12.849,0.84672,3695.15,0,18.483,0,0.204422,1.94426,1.25516,1.51762,1.88623,0.42336,18.483,0.42336,0,0,442.007,0,0.264305,0,0,0.468728,0.204422,1.028160,1,0,9.05619,0,0,0,9.05619,0
16.1799,1.21951,0,0,0.331354,0.037296,0.36288,3.6288,28.8764,1.49,0,0,0.341173,0.184936,0,0.66528,12.0108,1,0.84672,0.36288,0,7.67681,5.57897,3.20544,0.84672,12.0108,0.84672,3694.4,0,18.483,0,0.216518,1.86237,0.896944,1.51762,1.45821,0.42336,18.483,0.42336,0,0,442.007,0,0.106659,0,0,0.323177,0.216518,1.028160,1,0,4.66365,0,0,0,4.66365,0
15.3827,1.17174,0,0,0.81524,0.0778107,0.36288,3.6288,28.1456,1.08684,0,0,0.542673,0.186642,0,0.66528,12.6732,1,0.84672,0.36288,0,10.2207,5.11576,3.20544,0.84672,12.6732,0.84672,3695.15,0,18.483,0,0.216518,1.8626,2.33297,1.41805,2.99404,0.42336,18.483,0.42336,0,0,442.007,0,0.510017,0,0,0.726536,0.216518,1.028160,1,0,6.19948,0,0,0,6.19948,0
14.5088,1.14043,0,0,0.727635,0.0982006,0.36288,3.6288,27.3044,1.2557,0,0,0.609976,0.195515,0,0.66528,12.849,1,0.84672,0.36288,0,17.199,4.91925,11.6202,0.84672,12.849,0.84672,3695.15,0,18.483,0,0.216518,1.86283,1.74825,1.34867,2.47893,0.42336,18.483,0.42336,0,0,442.007,0,0.341357,0,0,0.557875,0.216518,1.028160,1,0,14.0991,0,0,0,14.0991,0
13.6139,1.06617,0,0,0.606144,0.0720178,0.36288,3.6288,26.2632,1.22573,0,0,0.342302,0.157684,0,0.66528,12.849,1,0.84672,0.36288,0,11.1606,4.66823,6.00857,0.84672,12.849,0.84672,3695.15,0,18.483,0,0.216518,1.86307,1.57694,1.15852,2.498,0.42336,18.483,0.42336,0,0,442.007,0,0.298038,0,0,0.514556,0.216518,1.028160,1,0,8.50657,0,0,0,8.50657,0
13.1835,1.02847,0,0,1.08042,0.119424,0.36288,3.6288,25.2244,1.20866,0,0,0.302513,0.132661,0,0.66528,12.849,1,0.84672,0.36288,0,20.471,4.68464,15.3025,0.84672,12.849,0.84672,3695.15,0,18.483,0,0.216518,1.79027,2.0122,1.23127,2.78772,0.42336,18.483,0.42336,0,0,442.007,0,0.315302,0,0,0.531821,0.216518,1.028160,1,0,18.0903,0,0,0,18.0903,0
12.5519,1.00967,0,0,0.868882,0.127942,0.36288,3.6288,23.9801,1.34391,0,0,0.229224,0.129621,0,0.66528,12.849,1,0.84672,0.36288,0,15.9504,4.7041,10.7624,0.84672,12.849,0.84672,3695.15,0,18.483,0,0.292723,1.79049,1.72926,1.25608,2.5564,0.42336,18.483,0.42336,0,0,442.007,0,0.180238,0,0,0.472961,0.292723,1.028160,1,0,13.3188,0,0,0,13.3188,0
12.7053,0.981025,0,0,1.62348,0.126171,0.36288,3.6288,23.9816,0.49618,0,0,0.625403,0.127768,0,0.66528,12.849,1,0.84672,0.36288,0,31.7776,4.7041,26.5896,0.84672,12.849,0.84672,3695.15,0,18.483,0,0.420595,1.79072,3.81499,1.25608,4.77023,0.42336,18.483,0.42336,0,0,442.007,0,1.02816,0,0,1.44876,0.420595,1.028160,1,0,31.3599,0,0,0,31.3599,0
14.1111,0.88789,0,0,2.79088,0.134364,0.36288,3.6288,24.5332,0.343236,0,0,1.04089,0.145998,0,0.66528,12.849,1,0.84672,0.36288,0,57.6069,4.69515,52.4279,0.84672,12.849,0.84672,3695.15,0,18.483,0,0.448027,1.79094,5.13197,1.26032,6.11062,0.42336,18.483,0.42336,0,0,442.007,0,1.02816,0,0,1.47619,0.448027,1.028160,1,0,58.5385,0,0,0,58.5385,0
14.479,0.943762,0,0,1.82384,0.14922,0.36288,3.6288,24.2696,0.653886,0,0,0.561629,0.171397,0,0.66528,12.849,1,0.84672,0.36288,0,51.8009,4.68321,46.6338,0.84672,12.849,0.84672,3695.15,0,18.483,0,0.292723,1.62666,4.43197,1.26597,5.08539,0.42336,18.483,0.42336,0,0,442.007,0,0.717682,0,0,1.0104,0.292723,1.028160,1,0,51.7192,0,0,0,51.7192,0
14.5923,0.957728,0,0,1.58424,0.150399,0.36288,3.6288,23.472,1.05534,0,0,0.428645,0.170873,0,0.66528,12.849,1,0.84672,0.36288,0,41.3182,4.68321,36.1512,0.84672,12.849,0.84672,3695.15,0,18.483,0,0.412474,1.62687,4.07011,1.26597,4.84349,0.42336,18.483,0.42336,0,0,442.007,0,0.3164,0,0,0.728874,0.412474,1.028160,1,0,40.9946,0,0,0,40.9946,0
14.7503,0.962081,0,0,1.6308,0.147841,0.36288,3.6288,22.7562,1.01277,0,0,0.459209,0.16225,0,0.66528,12.849,1,0.84672,0.36288,0,36.5672,4.47257,31.6108,0.84672,12.849,0.84672,3695.15,0,18.483,0,0.412474,1.62707,4.92966,1.20974,5.75946,0.42336,18.483,0.42336,0,0,442.007,0,0.359139,0,0,0.771612,0.412474,1.028160,1,0,37.3702,0,0,0,37.3702,0
15.7832,0.969149,0,0,2.49574,0.130753,0.36288,3.6288,22.4306,0.895337,0,0,0.688774,0.119003,0,0.66528,12.849,1,0.844228,0.36288,0,58.6421,3.20869,54.9521,0.84672,12.849,0.84672,3695.15,0,18.483,0,0.412474,1.62727,4.72878,0.872407,5.89612,0.42336,18.483,0.42336,0,0,442.007,0,0.476747,0,0,0.88922,0.412474,1.028160,1,0,60.8482,0,0,0,60.8482,0
19.0304,1.04847,0,0,4.82315,0.164646,0.36288,3.6288,23.2729,0.38846,0,0,1.40766,0.176902,0,0.66528,12.849,1,0.84672,0.36288,0,66.3993,5.02582,60.8896,0.84672,12.849,0.84672,3695.15,0,18.483,0,1.13666,1.62748,4.98459,1.37734,6.37139,0.42336,18.483,0.42336,0,0,442.007,0,1.02816,0,0,2.16482,1.13666,1.028160,1,0,67.261,0,0,0,67.261,0
20.6934,1.18023,0,0,3.3791,0.17297,0.36288,3.6288,24.001,0.388625,0,0,1.29536,0.178671,0,0.66528,12.849,1,0.79687,0.36288,0,60.564,5.02582,55.1042,0.84672,12.849,0.84672,3695.15,0,18.483,0,0.745252,1.67973,5.68037,1.37734,6.72802,0.42336,18.483,0.42336,0,0,442.007,0,1.02816,0,0,1.77341,0.745252,1.028160,1,0,61.8322,0,0,0,61.8322,0
21.4823,1.24249,0,0,2.5713,0.17702,0.36288,3.6288,24.4808,0.389517,0,0,1.04954,0.180201,0,0.66528,12.849,1,0.771488,0.36288,0,54.4887,5.02582,49.0542,0.84672,12.849,0.84672,3695.15,0,18.483,0,0.503194,1.67993,4.5894,1.37734,5.39518,0.42336,18.483,0.42336,0,0,442.007,0,1.02743,0,0,1.53063,0.503194,1.028160,1,0,54.4494,0,0,0,54.4494,0
22.1911,1.27074,0,0,2.51792,0.175549,0.36288,3.6288,24.9429,0.422541,0,0,1.06411,0.179468,0,0.66528,12.849,1,0.760053,0.36288,0,52.4699,5.00993,47.0628,0.84672,12.849,0.84672,3695.15,0,18.483,0,0.503194,1.68013,4.32696,1.34992,5.16036,0.42336,18.483,0.42336,0,0,442.007,0,0.994576,0,0,1.49777,0.503194,1.028160,1,0,52.2231,0,0,0,52.2231,0
24.744,1.42178,0,0,4.52123,0.183675,0.36288,3.6288,25.5777,0.555765,0,0,1.3344,0.143875,0,0.66528,12.849,1,0.823236,0.36288,0,66.832,3.88919,62.4825,0.84672,12.849,0.84672,3695.15,0,18.483,0,0.809819,1.68032,5.84886,0.993694,7.3453,0.42336,18.483,0.42336,0,0,442.007,0,1.02816,0,0,1.83798,0.809819,1.028160,1,0,69.8278,0,0,0,69.8278,0
27.4092,1.51335,0,0,4.75279,0.211363,0.36288,3.6288,26.0127,0.55595,0,0,1.11618,0.125245,0,0.66528,12.849,1,0.78585,0.36288,0,73.796,3.12018,70.2528,0.84672,12.849,0.84672,3695.15,0,18.483,0,0.759827,1.86638,5.38844,0.84991,7.16473,0.42336,18.483,0.42336,0,0,442.007,0,1.02816,0,0,1.78799,0.759827,1.028160,1,0,77.4176,0,0,0,77.4176,0
30.2489,1.60048,0,0,5.00793,0.20484,0.36288,3.6288,26.4718,0.556136,0,0,1.16141,0.146134,0,0.66528,12.849,1,0.750282,0.36288,0,74.4915,4.29132,69.8128,0.84672,12.849,0.84672,3695.15,0,18.483,0,0.840205,1.8666,6.00172,1.24896,7.45956,0.42336,18.483,0.42336,0,0,442.007,0,1.02816,0,0,1.86837,0.840205,1.028160,1,0,77.2723,0,0,0,77.2723,0
33.3212,1.68505,0,0,5.31267,0.192448,0.36288,3.6288,26.9617,0.556321,0,0,1.1965,0.150285,0,0.66528,12.849,1,0.715768,0.36288,0,79.323,4.01731,74.9528,0.84672,12.849,0.84672,3695.15,0,18.483,0,1.09254,1.86681,6.98181,1.07941,8.86175,0.42336,18.483,0.42336,0,0,442.007,0,1.02816,0,0,2.1207,1.09254,1.028160,1,0,83.8145,0,0,0,83.8145,0
39.3661,1.54406,0,0,8.16587,0.213985,0.36288,3.6288,28.7328,0.332766,0,0,2.23565,0.131826,0,0.66528,12.849,1,0.595408,0.36288,0,107.22,3.80534,103.182,0.84672,12.849,0.84672,3695.15,0,18.483,0,1.96759,1.86703,14.642,0.985322,17.4913,0.42336,18.483,0.42336,0,0,442.007,0,1.02816,0,0,2.99575,1.96759,1.028160,1,0,120.673,0,0,0,120.673,0
45.1117,1.6684,0,0,8.02405,0.247175,0.36288,3.6288,30.3802,0.332925,0,0,2.09724,0.116839,0,0.66528,12.849,1,0.544562,0.36288,0,143.381,3.78567,139.413,0.84672,12.849,0.84672,3695.15,0,18.483,0,1.41394,1.61289,13.2926,0.990842,15.3286,0.42336,18.483,0.42336,0,0,442.007,0,1.02816,0,0,2.4421,1.41394,1.028160,1,0,154.742,0,0,0,154.742,0
48.1617,1.76841,0,0,5.43673,0.25542,0.36288,3.6288,31.382,0.333084,0,0,1.44926,0.114415,0,0.66528,12.849,1,0.503691,0.36288,0,115.665,3.69848,111.825,0.84672,12.849,0.84672,3695.15,0,18.483,0,0.993686,1.61308,12.004,0.978316,13.6324,0.42336,18.483,0.42336,0,0,442.007,0,1.02816,0,0,2.02185,0.993686,1.028160,1,0,125.458,0,0,0,125.458,0
53.1645,1.81575,0,0,7.391,0.209572,0.36288,3.6288,32.6885,0.333244,0,0,1.7275,0.0877635,0,0.66528,12.849,1,0.484422,0.36288,0,118.329,3.17531,115.032,0.84672,12.849,0.84672,3695.15,0,18.483,0,1.36934,1.61327,12.8658,0.903163,14.9453,0.42336,18.483,0.42336,0,0,442.007,0,1.02816,0,0,2.3975,1.36934,1.028160,1,0,129.978,0,0,0,129.978,0
59.1833,1.88591,0,0,8.49387,0.226266,0.36288,3.6288,34.7808,0.333403,0,0,2.51663,0.0909188,0,0.66528,12.849,1,0.455794,0.36288,0,149.255,3.17099,145.991,0.84672,12.849,0.84672,3695.15,0,18.483,0,2.09891,1.61346,13.6897,0.898987,16.5031,0.42336,18.483,0.42336,0,0,442.007,0,1.02816,0,0,3.12707,2.09891,1.028160,1,0,162.494,0,0,0,162.494,0
65.6363,2.03166,0,0,9.12185,0.274314,0.36288,3.6288,36.804,0.388329,0,0,2.51612,0.104537,0,0.66528,12.849,1,0.441084,0.36288,0,130.497,3.14506,127.274,0.84672,12.849,0.84672,3695.15,0,18.483,0,1.85192,1.61365,12.3574,0.873928,14.9491,0.42336,18.483,0.42336,0,0,442.007,0,1.02816,0,0,2.88008,1.85192,1.028160,1,0,142.223,0,0,0,142.223,0
71.2297,2.10348,0,0,8.34935,0.28962,0.36288,3.6288,38.3859,0.388495,0,0,2.07702,0.106629,0,0.66528,12.849,1,0.411779,0.36288,0,149.525,3.14506,146.331,0.84672,12.849,0.84672,3695.15,0,18.483,0,1.71582,1.67668,11.9504,0.873928,14.469,0.42336,18.483,0.42336,0,0,442.007,0,1.02816,0,0,2.74398,1.71582,1.028160,1,0,160.8,0,0,0,160.8,0
72.29,2.1585,0,0,7.20801,0.258284,3.73093,3.6288,39.6212,0.388661,0,0,1.75198,0.12802,0,0.66528,12.849,1,0.389368,3.73093,0,139.581,3.43591,139.487,0.84672,12.849,0.84672,3695.15,0,18.483,0,1.49711,1.67687,11.8944,0.93118,14.1372,0.42336,18.483,0.42336,0,0,442.007,0,1.02816,0,0,2.52527,1.49711,1.028160,1,0,153.624,0,0,0,153.624,0
72.29,2.16847,0,0,6.5643,0.242523,4.15331,3.6288,40.7725,0.388827,0,0,1.6776,0.137525,0,0.66528,12.849,1,0.385428,4.15331,0,93.1366,3.55225,93.3522,0.84672,12.849,0.84672,3695.15,0,18.483,0,1.32277,1.67707,9.81625,0.95408,11.862,0.42336,18.483,0.42336,0,0,442.007,0,1.02816,0,0,2.35093,1.32277,1.028160,1,0,105.214,0,0,0,105.214,0
72.29,2.13883,0,0,4.7042,0.271315,2.29405,3.6288,41.1841,0.39847,0,0,0.941302,0.131241,0,0.66528,12.849,1,0.380161,2.29405,0,68.2074,3.42149,66.6998,0.84672,12.849,0.84672,3695.15,0,18.483,0,0.528595,1.67726,7.08571,0.861376,8.43019,0.42336,18.483,0.42336,0,0,442.007,0,0.997402,0,0,1.526,0.528595,1.028160,1,0,75.13,0,0,0,75.13,0
72.29,2.13908,0,0,4.55693,0.239304,2.17854,3.6288,41.4383,0.448754,0,0,0.841121,0.138103,0,0.66528,12.849,1,0.380205,2.17854,0,64.3224,3.37274,62.748,0.84672,12.849,0.84672,3695.15,0,18.483,0,0.528595,1.65299,5.85266,0.895517,7.13873,0.42336,18.483,0.42336,0,0,442.007,0,0.947281,0,0,1.47588,0.528595,1.028160,1,0,69.8867,0,0,0,69.8867,0
72.29,2.13933,0,0,3.93272,0.202734,1.59066,3.6288,41.6581,0.445668,0,0,0.837613,0.172196,0,0.66528,12.849,1,0.38025,1.59066,0,51.9445,3.88237,49.2725,0.84672,12.849,0.84672,3695.15,0,18.483,0,0.402797,1.65318,5.24108,1.03809,6.25897,0.42336,18.483,0.42336,0,0,442.007,0,0.95053,0,0,1.35333,0.402797,1.028160,1,0,55.5315,0,0,0,55.5315,0
72.29,2.13958,0,0,3.77321,0.202734,1.4309,3.6288,41.9453,0.368201,0,0,0.827963,0.172562,0,0.66528,12.849,1,0.380294,1.4309,0,58.3241,3.88237,55.4924,0.84672,12.849,0.84672,3695.15,0,18.483,0,0.422963,1.65338,5.27043,1.03809,6.30867,0.42336,18.483,0.42336,0,0,442.007,0,1.02816,0,0,1.45112,0.422963,1.028160,1,0,61.801,0,0,0,61.801,0
72.29,2.24134,0,0,3.59671,0.197676,1.1577,3.6288,41.877,0.619493,0,0,0.74145,0.190205,0,0.66528,12.849,1,0.398381,1.1577,0,50.578,4.30353,47.0338,0.84672,12.849,0.84672,3695.15,0,18.483,0,0.402797,1.65357,4.74956,1.05676,5.74916,0.42336,18.483,0.42336,0,0,442.007,0,0.852535,0,0,1.25533,0.402797,1.028160,1,0,52.783,0,0,0,52.783,0
72.29,2.2416,0,0,3.63074,0.190232,1.1989,3.6288,41.7226,0.653603,0,0,0.703099,0.203954,0,0.66528,12.849,1,0.398427,1.1989,0,48.7393,4.55601,44.9837,0.84672,12.849,0.84672,3695.15,0,18.483,0,0.402797,1.73936,4.54226,1.09542,5.58901,0.42336,18.483,0.42336,0,0,442.007,0,0.818597,0,0,1.22139,0.402797,1.028160,1,0,50.5727,0,0,0,50.5727,0
72.29,2.24186,0,0,3.19431,0.13602,0.81643,3.6288,41.5674,0.551901,0,0,0.599107,0.202391,0,0.66528,12.849,1,0.398474,0.81643,0,42.0922,4.52319,37.9869,0.84672,12.849,0.84672,3695.15,0,18.483,0,0.30119,1.73957,4.1795,1.04358,5.17668,0.42336,18.483,0.42336,0,0,442.007,0,0.920471,0,0,1.22166,0.30119,1.028160,1,0,43.1636,0,0,0,43.1636,0
72.29,2.24212,0,0,3.10055,0.13602,0.722406,3.6288,41.4355,0.566079,0,0,0.636227,0.202087,0,0.66528,12.849,1,0.398521,0.722406,0,40.1204,4.52319,35.9211,0.84672,12.849,0.84672,3695.15,0,18.483,0,0.30119,1.73977,4.44614,1.04358,5.44352,0.42336,18.483,0.42336,0,0,442.007,0,0.906466,0,0,1.20766,0.30119,1.028160,1,0,41.3646,0,0,0,41.3646,0
72.29,2.24239,0,0,2.85884,0.133822,0.48263,3.6288,41.2569,0.603032,0,0,0.621282,0.196801,0,0.66528,12.849,1,0.398567,0.48263,0,37.1024,4.51683,32.6696,0.84672,12.849,0.84672,3695.15,0,18.483,0,0.30119,1.73997,4.00937,1.03762,5.01292,0.42336,18.483,0.42336,0,0,442.007,0,0.869685,0,0,1.17088,0.30119,1.028160,1,0,37.6826,0,0,0,37.6826,0
71.788,2.22256,0,0,2.2041,0.120633,0.36288,3.6288,41.2424,0.486251,0,0,0.638117,0.166343,0,0.66528,12.849,1,0.395044,0.36288,0,32.9446,4.47867,28.4337,0.84672,12.849,0.84672,3695.15,0,18.483,0,0.302918,1.74018,3.21874,1.00187,4.25996,0.42336,18.483,0.42336,0,0,442.007,0,1.02816,0,0,1.33108,0.302918,1.028160,1,0,32.6937,0,0,0,32.6937,0
71.081,2.21813,0,0,1.99421,0.120174,0.36288,3.6288,41.0584,0.609885,0,0,0.592193,0.16632,0,0.66528,12.849,1,0.397013,0.36288,0,29.5846,4.47867,25.0718,0.84672,12.849,0.84672,3695.15,0,18.483,0,0.261274,1.76707,3.08705,1.00187,4.11352,0.42336,18.483,0.42336,0,0,442.007,0,0.904703,0,0,1.16598,0.261274,1.028160,1,0,29.1853,0,0,0,29.1853,0
70.3151,2.21171,0,0,1.89992,0.0912301,0.36288,3.6288,40.7923,0.60436,0,0,0.56032,0.222099,0,0.66528,12.849,1,0.399801,0.36288,0,26.8014,5.32557,21.4389,0.84672,12.849,0.84672,3695.15,0,18.483,0,0.261274,1.76727,2.9248,1.31101,3.64233,0.42336,18.483,0.42336,0,0,442.007,0,0.910405,0,0,1.17168,0.261274,1.028160,1,0,25.0812,0,0,0,25.0812,0
69.3483,2.20462,0,0,1.68671,0.0860066,0.36288,3.6288,40.4488,0.636566,0,0,0.523915,0.230847,0,0.66528,12.849,1,0.40286,0.36288,0,24.5128,5.46672,19.0061,0.84672,12.849,0.84672,3695.15,0,18.483,0,0.261274,1.76748,2.82838,1.36253,3.49461,0.42336,18.483,0.42336,0,0,442.007,0,0.878377,0,0,1.13965,0.261274,1.028160,1,0,22.5007,0,0,0,22.5007,0
68.1917,2.24668,0,0,1.54042,0.0874868,0.36288,3.6288,39.8589,0.808843,0,0,0.459639,0.240664,0,0.66528,12.849,1,0.41627,0.36288,0,22.526,5.42254,17.0501,0.84672,12.849,0.84672,3695.15,0,18.483,0,0.261274,1.76769,2.49549,1.4086,3.11585,0.42336,18.483,0.42336,0,0,442.007,0,0.743299,0,0,1.00457,0.261274,1.028160,1,0,20.1659,0,0,0,20.1659,0
66.8626,2.23515,0,0,1.35646,0.0875422,0.36288,3.6288,39.1411,0.890543,0,0,0.416196,0.24351,0,0.66528,12.849,1,0.421157,0.36288,0,20.6321,5.40488,15.169,0.84672,12.849,0.84672,3695.15,0,18.483,0,0.261274,1.81044,2.43514,1.42703,3.07982,0.42336,18.483,0.42336,0,0,442.007,0,0.661781,0,0,0.923054,0.261274,1.028160,1,0,18.2488,0,0,0,18.2488,0
65.4261,2.2215,0,0,1.23446,0.0866311,0.36288,3.6288,38.3544,0.944068,0,0,0.399274,0.241864,0,0.66528,12.849,1,0.426907,0.36288,0,19.3788,5.40488,13.9099,0.84672,12.849,0.84672,3695.15,0,18.483,0,0.227405,1.81065,2.26389,1.42703,2.87491,0.42336,18.483,0.42336,0,0,442.007,0,0.608437,0,0,0.835842,0.227405,1.028160,1,0,16.7848,0,0,0,16.7848,0
63.8542,2.20631,0,0,1.0682,0.0709031,0.36288,3.6288,37.5527,0.953417,0,0,0.3976,0.245928,0,0.66528,12.849,1,0.433296,0.36288,0,18.4895,5.64669,12.7724,0.84672,12.849,0.84672,3695.15,0,18.483,0,0.227405,1.81086,2.29408,1.45708,2.87527,0.42336,18.483,0.42336,0,0,442.007,0,0.59927,0,0,0.826675,0.227405,1.028160,1,0,15.6477,0,0,0,15.6477,0
62.0377,2.33532,0,0,0.964509,0.0827421,0.36288,3.6288,36.5627,1.11952,0,0,0.374826,0.245256,0,0.66528,12.849,1,0.469922,0.36288,0,16.3621,5.59676,10.6583,0.84672,12.849,0.84672,3695.15,0,18.483,0,0.227405,1.81107,2.11613,1.38008,2.77452,0.42336,18.483,0.42336,0,0,442.007,0,0.567043,0,0,0.794448,0.227405,1.028160,1,0,13.4328,0,0,0,13.4328,0
60.367,2.31329,0,0,1.09617,0.0907221,0.36288,3.6288,35.5272,1.13014,0,0,0.365037,0.270386,0,0.66528,12.849,1,0.47912,0.36288,0,15.1095,5.77038,9.22284,0.84672,12.849,0.84672,3695.15,0,18.483,0,0.227405,1.95542,1.86409,1.52123,2.52568,0.42336,18.483,0.42336,0,0,442.007,0,0.556623,0,0,0.784028,0.227405,1.028160,1,0,11.7485,0,0,0,11.7485,0
58.525,2.29228,0,0,0.902673,0.089475,0.36288,3.6288,34.3787,1.1986,0,0,0.31772,0.267666,0,0.66528,12.849,1,0.487906,0.36288,0,18.7574,5.77038,12.862,0.84672,12.849,0.84672,3695.15,0,18.483,0,0.204422,1.95565,1.66306,1.52123,2.3019,0.42336,18.483,0.42336,0,0,442.007,0,0.488359,0,0,0.692781,0.204422,1.028160,1,0,15.1639,0,0,0,15.1639,0
56.8047,2.26815,0,0,0.998585,0.0879104,0.36288,3.6288,33.5658,0.984677,0,0,0.436442,0.264649,0,0.66528,12.849,1,0.497966,0.36288,0,16.0821,5.77038,10.1766,0.84672,12.849,0.84672,3695.15,0,18.483,0,0.204422,1.95588,1.98738,1.52123,2.62645,0.42336,18.483,0.42336,0,0,442.007,0,0.702479,0,0,0.906901,0.204422,1.028160,1,0,12.803,0,0,0,12.803,0
55.0359,2.24471,0,0,0.927444,0.0886738,0.36288,3.6288,32.6083,1.05672,0,0,0.350798,0.251544,0,0.66528,12.849,1,0.507745,0.36288,0,15.429,5.40069,9.88341,0.84672,12.849,0.84672,3695.15,0,18.483,0,0.204422,1.9561,2.25794,1.37732,3.04115,0.42336,18.483,0.42336,0,0,442.007,0,0.630634,0,0,0.835056,0.204422,1.028160,1,0,12.9246,0,0,0,12.9246,0
53.3544,2.15189,0,0,0.909636,0.076286,0.36288,3.6288,31.6677,1.00016,0,0,0.310869,0.251306,0,0.66528,12.849,1,0.502394,0.36288,0,21.0024,5.99498,14.8679,0.84672,12.849,0.84672,3695.15,0,18.483,0,0.204422,1.95633,1.59158,1.49909,2.25325,0.42336,18.483,0.42336,0,0,442.007,0,0.606191,0,0,0.810613,0.204422,1.028160,1,0,17.1211,0,0,0,17.1211,0
52.5081,2.12782,0,0,1.71937,0.0749982,0.36288,3.6288,31.3734,0.578383,0,0,0.532815,0.248743,0,0.66528,12.849,1,0.512428,0.36288,0,25.0383,5.99498,18.8938,0.84672,12.849,0.84672,3695.15,0,18.483,0,0.502978,1.87391,2.72828,1.49909,3.60608,0.42336,18.483,0.42336,0,0,442.007,0,1.02816,0,0,1.53114,0.502978,1.028160,1,0,22.4998,0,0,0,22.4998,0
50.7264,2.11545,0,0,0.770973,0.0743499,0.36288,3.6288,30.3872,1.04056,0,0,0.302288,0.247941,0,0.66528,12.849,1,0.517662,0.36288,0,19.0382,5.99498,12.8885,0.84672,12.849,0.84672,3695.15,0,18.483,0,0.216518,1.87413,1.40283,1.49909,1.9944,0.42336,18.483,0.42336,0,0,442.007,0,0.566171,0,0,0.782689,0.216518,1.028160,1,0,14.8829,0,0,0,14.8829,0
49.146,2.08829,0,0,0.96558,0.0948109,0.36288,3.6288,29.5209,1.00556,0,0,0.382516,0.243265,0,0.66528,12.849,1,0.528963,0.36288,0,18.1633,5.81451,12.1827,0.84672,12.849,0.84672,3695.15,0,18.483,0,0.216518,1.87435,1.71622,1.47193,2.33517,0.42336,18.483,0.42336,0,0,442.007,0,0.601361,0,0,0.81788,0.216518,1.028160,1,0,14.5178,0,0,0,14.5178,0
49.1244,2.0099,0,0,2.48899,0.137858,0.36288,3.6288,29.4112,0.505003,0,0,0.608836,0.213485,0,0.66528,12.849,1,0.52548,0.36288,0,23.8631,4.57188,19.1286,0.84672,12.849,0.84672,3695.15,0,18.483,0,0.870247,1.87457,4.29505,1.10558,5.93429,0.42336,18.483,0.42336,0,0,442.007,0,1.02816,0,0,1.89841,0.870247,1.028160,1,0,25.0629,0,0,0,25.0629,0
48.4863,2.00979,0,0,1.90445,0.169894,0.36288,3.6288,29.0051,0.659891,0,0,0.428269,0.174499,0,0.66528,12.849,1,0.525682,0.36288,0,30.1829,4.06749,25.9526,0.84672,12.849,0.84672,3695.15,0,18.483,0,0.216518,1.80131,3.44727,1.02396,4.44114,0.42336,18.483,0.42336,0,0,442.007,0,0.873452,0,0,1.08997,0.216518,1.028160,1,0,30.3937,0,0,0,30.3937,0
47.9158,1.99978,0,0,1.96098,0.168725,0.36288,3.6288,28.9507,0.505362,0,0,0.624648,0.173703,0,0.66528,12.849,1,0.529947,0.36288,0,30.6228,4.06749,26.3882,0.84672,12.849,0.84672,3695.15,0,18.483,0,1.12604,1.80152,4.74339,1.02396,6.64699,0.42336,18.483,0.42336,0,0,442.007,0,1.02816,0,0,2.1542,1.12604,1.028160,1,0,33.0352,0,0,0,33.0352,0
50.8906,1.99071,0,0,5.49605,0.167681,0.36288,3.6288,30.1418,0.505541,0,0,1.87024,0.173596,0,0.66528,12.849,1,0.533824,0.36288,0,94.852,4.06749,90.6136,0.84672,12.849,0.84672,3695.15,0,18.483,0,3.34396,1.80173,9.84735,1.02396,13.9691,0.42336,18.483,0.42336,0,0,442.007,0,1.02816,0,0,4.37212,3.34396,1.028160,1,0,104.583,0,0,0,104.583,0
52.0604,1.88455,0,0,3.61168,0.194516,0.36288,3.6288,30.886,0.351647,0,0,1.25226,0.156462,0,0.66528,12.849,1,0.475817,0.36288,0,58.5143,3.93966,54.4617,0.84672,12.849,0.84672,3695.15,0,18.483,0,1.12856,1.80194,6.63349,0.986886,8.5771,0.42336,18.483,0.42336,0,0,442.007,0,1.02816,0,0,2.15672,1.12856,1.028160,1,0,63.0388,0,0,0,63.0388,0
55.5399,1.90105,0,0,5.92785,0.184381,0.36288,3.6288,33.0408,0.351809,0,0,2.65748,0.15086,0,0.66528,12.849,1,0.469198,0.36288,0,116.76,4.38186,112.272,0.84672,12.849,0.84672,3695.15,0,18.483,0,3.84781,1.63664,10.9171,1.10998,15.2915,0.42336,18.483,0.42336,0,0,442.007,0,1.02816,0,0,4.87597,3.84781,1.028160,1,0,127.563,0,0,0,127.563,0
57.904,1.94711,0,0,4.86511,0.19102,0.36288,3.6288,33.9956,0.35197,0,0,1.46126,0.154451,0,0.66528,12.849,1,0.450458,0.36288,0,64.5802,4.38186,60.1108,0.84672,12.849,0.84672,3695.15,0,18.483,0,2.75747,1.63683,8.52232,1.10998,11.8066,0.42336,18.483,0.42336,0,0,442.007,0,1.02816,0,0,3.78563,2.75747,1.028160,1,0,71.9174,0,0,0,71.9174,0
59.0298,1.97644,0,0,3.712,0.246859,0.36288,3.6288,34.3086,0.352131,0,0,0.825647,0.160566,0,0.66528,12.849,1,0.438575,0.36288,0,83.424,3.78561,79.5626,0.84672,12.849,0.84672,3695.15,0,18.483,0,1.77453,1.63702,7.12048,0.984876,9.54716,0.42336,18.483,0.42336,0,0,442.007,0,1.02816,0,0,2.80269,1.77453,1.028160,1,0,89.1098,0,0,0,89.1098,0
60.3302,1.98999,0,0,3.91142,0.25822,0.36288,3.6288,34.5736,0.352293,0,0,0.779129,0.161826,0,0.66528,12.849,1,0.433161,0.36288,0,91.8942,3.68623,88.1377,0.84672,12.849,0.84672,3695.15,0,18.483,0,1.7348,1.63721,6.05638,0.964025,8.46437,0.42336,18.483,0.42336,0,0,442.007,0,1.02816,0,0,2.76296,1.7348,1.028160,1,0,96.602,0,0,0,96.602,0
63.9142,2.06802,0,0,6.23563,0.220645,0.36288,3.6288,35.1038,0.397089,0,0,1.08457,0.157285,0,0.66528,12.849,1,0.440444,0.36288,0,164.255,3.6091,160.568,0.84672,12.849,0.84672,3695.15,0,18.483,0,2.1669,1.6374,9.33206,0.878741,12.2576,0.42336,18.483,0.42336,0,0,442.007,0,1.02816,0,0,3.19506,2.1669,1.028160,1,0,172.826,0,0,0,172.826,0
65.6731,2.10867,0,0,4.45063,0.220239,0.36288,3.6288,35.5503,0.397245,0,0,1.00105,0.157279,0,0.66528,12.849,1,0.423916,0.36288,0,85.7071,3.59625,82.0498,0.84672,12.849,0.84672,3695.15,0,18.483,0,1.23917,1.68997,6.03768,0.864527,8.10228,0.42336,18.483,0.42336,0,0,442.007,0,1.02816,0,0,2.26733,1.23917,1.028160,1,0,90.1521,0,0,0,90.1521,0
67.7832,2.12764,0,0,4.824,0.223378,0.36288,3.6288,36.1671,0.3974,0,0,1.1722,0.157971,0,0.66528,12.849,1,0.416275,0.36288,0,94.6512,3.59625,91.0016,0.84672,12.849,0.84672,3695.15,0,18.483,0,1.6551,1.69015,8.46363,0.864527,10.9444,0.42336,18.483,0.42336,0,0,442.007,0,1.02816,0,0,2.68326,1.6551,1.028160,1,0,101.946,0,0,0,101.946,0
71.6268,2.14949,0,0,6.65191,0.295872,0.36288,3.6288,36.9029,0.397555,0,0,1.26823,0.134864,0,0.66528,12.849,1,0.407457,0.36288,0,98.5452,3.83718,94.6635,0.84672,12.849,0.84672,3695.15,0,18.483,0,1.81196,1.69033,11.4505,1.01066,13.9421,0.42336,18.483,0.42336,0,0,442.007,0,1.02816,0,0,2.84012,1.81196,1.028160,1,0,108.606,0,0,0,108.606,0
72.29,2.40011,0,0,5.93565,0.316945,2.55543,3.6288,37.4279,0.565363,0,0,1.2245,0.134171,0,0.66528,12.849,1,0.430552,2.55543,0,136.276,3.64325,134.758,0.84672,12.849,0.84672,3695.15,0,18.483,0,1.58538,1.69052,13.1916,0.984775,15.4827,0.42336,18.483,0.42336,0,0,442.007,0,1.02816,0,0,2.61354,1.58538,1.028160,1,0,150.24,0,0,0,150.24,0
72.29,2.4071,0,0,3.38062,0.318999,0.654529,3.6288,37.6775,0.565536,0,0,0.953182,0.138042,0,0.66528,12.849,1,0.427843,0.654529,0,78.9721,3.33113,75.8677,0.84672,12.849,0.84672,3695.15,0,18.483,0,0.510952,1.87769,8.97955,0.917781,10.4504,0.42336,18.483,0.42336,0,0,442.007,0,1.02816,0,0,1.53911,0.510952,1.028160,1,0,86.3181,0,0,0,86.3181,0
72.29,2.40736,0,0,3.71593,0.318999,0.989577,3.6288,37.8723,0.56571,0,0,0.898845,0.138374,0,0.66528,12.849,1,0.42789,0.989577,0,87.8018,3.33113,85.0323,0.84672,12.849,0.84672,3695.15,0,18.483,0,0.507583,1.87789,9.29647,0.917781,10.7642,0.42336,18.483,0.42336,0,0,442.007,0,1.02816,0,0,1.53574,0.507583,1.028160,1,0,95.7965,0,0,0,95.7965,0
72.0477,2.40762,0,0,2.84716,0.318999,0.36288,3.6288,37.5378,0.978461,0,0,0.782672,0.138633,0,0.66528,12.849,1,0.427936,0.36288,0,75.4868,3.33113,72.0906,0.84672,12.849,0.84672,3695.15,0,18.483,0,0.608429,1.8781,8.59827,0.917781,10.167,0.42336,18.483,0.42336,0,0,442.007,0,0.615583,0,0,1.22401,0.608429,1.028160,1,0,82.2576,0,0,0,82.2576,0
72.29,2.10053,0,0,5.98223,0.302862,3.3365,3.6288,38.7435,0.340968,0,0,1.68455,0.137908,0,0.66528,12.849,1,0.374609,3.3365,0,135.393,3.34341,135.012,0.84672,12.849,0.84672,3695.15,0,18.483,0,2.18236,1.8783,12.4577,0.967689,15.5506,0.42336,18.483,0.42336,0,0,442.007,0,1.02816,0,0,3.21052,2.18236,1.028160,1,0,150.562,0,0,0,150.562,0
72.29,2.1029,0,0,4.14771,0.300827,1.74399,3.6288,39.4005,0.341117,0,0,1.10493,0.106857,0,0.66528,12.849,1,0.373774,1.74399,0,141.579,2.44251,140.507,0.84672,12.849,0.84672,3695.15,0,18.483,0,1.11858,1.62261,10.5144,0.747261,12.5083,0.42336,18.483,0.42336,0,0,442.007,0,1.02816,0,0,2.14674,1.11858,1.028160,1,0,153.015,0,0,0,153.015,0
72.29,2.10313,0,0,5.39436,0.278171,3.01306,3.6288,40.1743,0.341267,0,0,1.21255,0.0974346,0,0.66528,12.849,1,0.373815,3.01306,0,164.944,2.26812,165.315,0.84672,12.849,0.84672,3695.15,0,18.483,0,1.40467,1.62279,11.348,0.72221,13.6533,0.42336,18.483,0.42336,0,0,442.007,0,1.02816,0,0,2.43283,1.40467,1.028160,1,0,178.968,0,0,0,178.968,0
72.29,2.10336,0,0,4.51971,0.276135,2.14022,3.6288,41.0439,0.341416,0,0,1.34658,0.135524,0,0.66528,12.849,1,0.373856,2.14022,0,138.792,3.69573,136.863,0.84672,12.849,0.84672,3695.15,0,18.483,0,1.79531,1.62297,11.1245,0.999839,13.543,0.42336,18.483,0.42336,0,0,442.007,0,1.02816,0,0,2.82347,1.79531,1.028160,1,0,150.406,0,0,0,150.406,0
72.29,2.10358,0,0,6.54407,0.272488,4.168,3.6288,42.6153,0.341565,0,0,2.02668,0.113715,0,0.66528,12.849,1,0.373896,4.168,0,121.506,3.65673,121.643,0.84672,12.849,0.84672,3695.15,0,18.483,0,1.61663,1.62314,10.5245,0.894496,12.8697,0.42336,18.483,0.42336,0,0,442.007,0,1.02816,0,0,2.64479,1.61663,1.028160,1,0,134.513,0,0,0,134.513,0
72.29,2.18068,0,0,6.13685,0.30965,3.64651,3.6288,43.8259,0.39681,0,0,1.76532,0.157958,0,0.66528,12.849,1,0.3876,3.64651,0,136.39,4.51427,135.135,0.84672,12.849,0.84672,3695.15,0,18.483,0,1.31666,1.62332,12.4898,1.06205,14.3677,0.42336,18.483,0.42336,0,0,442.007,0,1.02816,0,0,2.34482,1.31666,1.028160,1,0,149.503,0,0,0,149.503,0
72.29,2.18092,0,0,5.17436,0.30965,2.68379,3.6288,44.8145,0.396965,0,0,1.54534,0.159787,0,0.66528,12.849,1,0.387642,2.68379,0,104.079,4.51427,101.861,0.84672,12.849,0.84672,3695.15,0,18.483,0,1.18962,1.68671,11.3797,1.06205,13.194,0.42336,18.483,0.42336,0,0,442.007,0,1.02816,0,0,2.21778,1.18962,1.028160,1,0,115.055,0,0,0,115.055,0
72.29,2.18116,0,0,4.62631,0.30965,2.13551,3.6288,45.6662,0.39712,0,0,1.41012,0.161281,0,0.66528,12.849,1,0.387684,2.13551,0,88.4598,4.51427,85.6933,0.84672,12.849,0.84672,3695.15,0,18.483,0,1.03193,1.6869,10.3749,1.06205,12.0317,0.42336,18.483,0.42336,0,0,442.007,0,1.02816,0,0,2.06009,1.03193,1.028160,1,0,97.725,0,0,0,97.725,0
72.29,2.1814,0,0,5.36355,0.265906,2.91625,3.6288,46.5859,0.397275,0,0,1.45737,0.140427,0,0.66528,12.849,1,0.387727,2.91625,0,94.252,3.55047,93.2301,0.84672,12.849,0.84672,3695.15,0,18.483,0,1.0622,1.68708,11.2436,1.04803,12.9448,0.42336,18.483,0.42336,0,0,442.007,0,1.02816,0,0,2.09036,1.0622,1.028160,1,0,106.175,0,0,0,106.175,0
72.29,2.15157,0,0,3.75146,0.264663,1.33523,3.6288,47.0633,0.376023,0,0,1.03667,0.183228,0,0.66528,12.849,1,0.382424,1.33523,0,79.2487,3.74405,76.4574,0.84672,12.849,0.84672,3695.15,0,18.483,0,0.731419,1.68726,6.8795,1.04237,8.25581,0.42336,18.483,0.42336,0,0,442.007,0,1.02816,0,0,1.75958,0.731419,1.028160,1,0,84.7132,0,0,0,84.7132,0
72.29,2.1518,0,0,3.01946,0.264166,0.60349,3.6288,47.4776,0.376176,0,0,0.991155,0.200697,0,0.66528,12.849,1,0.382466,0.60349,0,67.4698,3.82148,63.8693,0.84672,12.849,0.84672,3695.15,0,18.483,0,0.585239,1.66283,5.80605,1.0401,7.01402,0.42336,18.483,0.42336,0,0,442.007,0,1.02816,0,0,1.6134,0.585239,1.028160,1,0,70.8833,0,0,0,70.8833,0
72.29,2.15203,0,0,3.08134,0.264166,0.665144,3.6288,47.5248,0.604442,0,0,0.853027,0.201395,0,0.66528,12.849,1,0.382508,0.665144,0,65.1326,3.82148,61.5938,0.84672,12.849,0.84672,3695.15,0,18.483,0,0.528595,1.66301,5.74246,1.0401,6.89397,0.42336,18.483,0.42336,0,0,442.007,0,0.800047,0,0,1.32864,0.528595,1.028160,1,0,68.4878,0,0,0,68.4878,0
72.29,2.15227,0,0,3.15163,0.233756,0.765606,3.6288,47.7238,0.420209,0,0,0.834192,0.214901,0,0.66528,12.849,1,0.382549,0.765606,0,67.4997,4.9911,62.8917,0.84672,12.849,0.84672,3695.15,0,18.483,0,0.402797,1.66319,7.14156,1.08621,8.12133,0.42336,18.483,0.42336,0,0,442.007,0,0.984433,0,0,1.38723,0.402797,1.028160,1,0,71.013,0,0,0,71.013,0
72.2045,2.25461,0,0,2.71113,0.179103,0.36288,3.6288,47.8152,0.539115,0,0,0.855084,0.224567,0,0.66528,12.849,1,0.40074,0.36288,0,48.3249,5.32437,42.9627,0.84672,12.849,0.84672,3695.15,0,18.483,0,0.402797,1.66338,5.38066,1.15064,6.29619,0.42336,18.483,0.42336,0,0,442.007,0,0.94163,0,0,1.34443,0.402797,1.028160,1,0,49.2589,0,0,0,49.2589,0
72.1766,2.25405,0,0,2.74173,0.152705,0.36288,3.6288,47.946,0.452747,0,0,0.79577,0.212285,0,0.66528,12.849,1,0.401115,0.36288,0,54.3118,4.57023,49.7034,0.84672,12.849,0.84672,3695.15,0,18.483,0,0.579908,1.74966,4.93952,1.08814,6.18096,0.42336,18.483,0.42336,0,0,442.007,0,1.02816,0,0,1.60807,0.579908,1.028160,1,0,55.8843,0,0,0,55.8843,0
71.9364,2.25403,0,0,2.52936,0.152672,0.36288,3.6288,47.8053,0.741311,0,0,0.813179,0.212516,0,0.66528,12.849,1,0.401266,0.36288,0,51.5615,4.57023,46.9529,0.84672,12.849,0.84672,3695.15,0,18.483,0,0.402797,1.74986,4.70783,1.08814,5.77235,0.42336,18.483,0.42336,0,0,442.007,0,0.739757,0,0,1.14255,0.402797,1.028160,1,0,52.7253,0,0,0,52.7253,0
71.4628,2.252,0,0,2.2937,0.152394,0.36288,3.6288,47.518,0.797512,0,0,0.722485,0.212267,0,0.66528,12.849,1,0.402244,0.36288,0,47.4429,4.57023,42.8333,0.84672,12.849,0.84672,3695.15,0,18.483,0,0.30119,1.75005,4.39189,1.08814,5.35499,0.42336,18.483,0.42336,0,0,442.007,0,0.683718,0,0,0.984908,0.30119,1.028160,1,0,48.1883,0,0,0,48.1883,0
70.7373,2.24773,0,0,2.03693,0.151845,0.36288,3.6288,47.2665,0.744114,0,0,0.704307,0.211758,0,0.66528,12.849,1,0.404141,0.36288,0,40.3418,4.57023,35.7303,0.84672,12.849,0.84672,3695.15,0,18.483,0,0.30119,1.75024,4.33999,1.08814,5.30328,0.42336,18.483,0.42336,0,0,442.007,0,0.737277,0,0,1.03847,0.30119,1.028160,1,0,41.0336,0,0,0,41.0336,0
70.2431,2.2209,0,0,2.2024,0.112873,0.36288,3.6288,47.1091,0.509985,0,0,0.616401,0.263838,0,0.66528,12.849,1,0.403412,0.36288,0,37.1599,5.36781,31.7515,0.84672,12.849,0.84672,3695.15,0,18.483,0,0.30119,1.75043,3.35028,1.28401,4.11789,0.42336,18.483,0.42336,0,0,442.007,0,1.01333,0,0,1.31452,0.30119,1.028160,1,0,35.8694,0,0,0,35.8694,0
69.635,2.21635,0,0,2.08357,0.112444,0.36288,3.6288,46.8203,0.610185,0,0,0.584957,0.26349,0,0.66528,12.849,1,0.405419,0.36288,0,37.2799,5.36781,31.8695,0.84672,12.849,0.84672,3695.15,0,18.483,0,0.30119,1.77746,3.566,1.28401,4.36064,0.42336,18.483,0.42336,0,0,442.007,0,0.9133,0,0,1.21449,0.30119,1.028160,1,0,36.2302,0,0,0,36.2302,0
68.8472,2.21064,0,0,1.89764,0.111917,0.36288,3.6288,46.5816,0.551987,0,0,0.57606,0.262851,0,0.66528,12.849,1,0.407905,0.36288,0,36.413,5.36781,31.0002,0.84672,12.849,0.84672,3695.15,0,18.483,0,0.261274,1.77765,3.43977,1.28401,4.19469,0.42336,18.483,0.42336,0,0,442.007,0,0.971663,0,0,1.23294,0.261274,1.028160,1,0,35.1949,0,0,0,35.1949,0
67.8803,2.20305,0,0,1.71027,0.111235,0.36288,3.6288,46.1466,0.709125,0,0,0.536441,0.26229,0,0.66528,12.849,1,0.411158,0.36288,0,33.7495,5.36781,28.3334,0.84672,12.849,0.84672,3695.15,0,18.483,0,0.261274,1.77785,3.27509,1.28401,4.0302,0.42336,18.483,0.42336,0,0,442.007,0,0.814692,0,0,1.07597,0.261274,1.028160,1,0,32.3636,0,0,0,32.3636,0
66.8482,2.24471,0,0,1.66948,0.0939311,0.36288,3.6288,45.5318,0.843825,0,0,0.522595,0.293569,0,0.66528,12.849,1,0.4249,0.36288,0,29.6598,5.90924,23.6886,0.84672,12.849,0.84672,3695.15,0,18.483,0,0.261274,1.77804,3.08375,1.46724,3.65582,0.42336,18.483,0.42336,0,0,442.007,0,0.717396,0,0,0.97867,0.261274,1.028160,1,0,27.3444,0,0,0,27.3444,0
66.1167,2.23407,0,0,1.94563,0.0801983,0.36288,3.6288,45.2956,0.642804,0,0,0.712488,0.305855,0,0.66528,12.849,1,0.429413,0.36288,0,36.9651,6.13473,30.7639,0.84672,12.849,0.84672,3695.15,0,18.483,0,0.261274,1.82103,3.56035,1.55386,4.08879,0.42336,18.483,0.42336,0,0,442.007,0,0.918587,0,0,1.17986,0.261274,1.028160,1,0,34.8526,0,0,0,34.8526,0
65.2387,2.22645,0,0,1.79105,0.079734,0.36288,3.6288,45.023,0.571435,0,0,0.604024,0.305183,0,0.66528,12.849,1,0.432684,0.36288,0,30.3625,6.13473,24.158,0.84672,12.849,0.84672,3695.15,0,18.483,0,0.261274,1.82122,3.44253,1.55386,3.97117,0.42336,18.483,0.42336,0,0,442.007,0,0.990127,0,0,1.2514,0.261274,1.028160,1,0,28.1291,0,0,0,28.1291,0
64.2195,2.2171,0,0,1.63998,0.0791767,0.36288,3.6288,44.5587,0.71941,0,0,0.559454,0.304407,0,0.66528,12.849,1,0.436665,0.36288,0,28.8594,6.13473,22.6509,0.84672,12.849,0.84672,3695.15,0,18.483,0,0.227405,1.82142,3.02595,1.55386,3.52092,0.42336,18.483,0.42336,0,0,442.007,0,0.842322,0,0,1.06973,0.227405,1.028160,1,0,26.1718,0,0,0,26.1718,0
63.0634,2.35331,0,0,1.63442,0.0743211,0.36288,3.6288,44.1929,0.690042,0,0,0.62463,0.300376,0,0.66528,12.849,1,0.470848,0.36288,0,26.9453,6.17411,20.6632,0.84672,12.849,0.84672,3695.15,0,18.483,0,0.227405,1.82162,3.73555,1.54562,4.23896,0.42336,18.483,0.42336,0,0,442.007,0,1.0034,0,0,1.2308,0.227405,1.028160,1,0,24.9022,0,0,0,24.9022,0
61.3483,2.3395,0,0,1.06772,0.0805141,0.36288,3.6288,43.4044,1.02809,0,0,0.506903,0.267232,0,0.66528,12.849,1,0.476667,0.36288,0,20.0344,5.88693,14.0337,0.84672,12.849,0.84672,3695.15,0,18.483,0,0.227405,1.96453,2.75124,1.39157,3.5516,0.42336,18.483,0.42336,0,0,442.007,0,0.665349,0,0,0.892754,0.227405,1.028160,1,0,17.5853,0,0,0,17.5853,0
59.6328,2.31824,0,0,1.04508,0.0793874,0.36288,3.6288,42.5349,1.07824,0,0,0.473944,0.265246,0,0.66528,12.849,1,0.485541,0.36288,0,18.2822,5.88693,12.2726,0.84672,12.849,0.84672,3695.15,0,18.483,0,0.227405,1.9646,2.76139,1.39157,3.56181,0.42336,18.483,0.42336,0,0,442.007,0,0.615203,0,0,0.842607,0.227405,1.028160,1,0,15.8344,0,0,0,15.8344,0
58.4139,2.29617,0,0,1.51832,0.0781972,0.36288,3.6288,41.9109,0.905489,0,0,0.544572,0.263056,0,0.66528,12.849,1,0.494751,0.36288,0,20.8221,5.88693,14.8033,0.84672,12.849,0.84672,3695.15,0,18.483,0,0.204422,1.96467,3.06161,1.39157,3.83913,0.42336,18.483,0.42336,0,0,442.007,0,0.787951,0,0,0.992373,0.204422,1.028160,1,0,18.6425,0,0,0,18.6425,0
57.8547,2.28003,0,0,2.18839,0.104694,0.36288,3.6288,41.5562,0.822131,0,0,0.720821,0.253428,0,0.66528,12.849,1,0.501526,0.36288,0,33.9721,5.75552,28.078,0.84672,12.849,0.84672,3695.15,0,18.483,0,0.204422,1.96474,3.4085,1.36506,4.2126,0.42336,18.483,0.42336,0,0,442.007,0,0.871309,0,0,1.07573,0.204422,1.028160,1,0,32.2906,0,0,0,32.2906,0
56.8724,2.20327,0,0,1.63904,0.0551851,0.36288,3.6288,41.7057,0.587475,0,0,0.960122,0.223113,0,0.66528,12.849,1,0.489326,0.36288,0,28.2925,5.47163,22.6945,0.84672,12.849,0.84672,3695.15,0,18.483,0,0.491115,1.96481,3.48642,1.33166,4.61068,0.42336,18.483,0.42336,0,0,442.007,0,1.02816,0,0,1.51927,0.491115,1.028160,1,0,27.3052,0,0,0,27.3052,0
55.6552,2.19022,0,0,1.38427,0.0483811,0.36288,3.6288,41.0592,0.954358,0,0,0.527056,0.219188,0,0.66528,12.849,1,0.494829,0.36288,0,26.9824,5.39249,21.4579,0.84672,12.849,0.84672,3695.15,0,18.483,0,0.204422,1.88474,2.60506,1.32653,3.3677,0.42336,18.483,0.42336,0,0,442.007,0,0.661452,0,0,0.865875,0.204422,1.028160,1,0,24.8256,0,0,0,24.8256,0
54.4175,2.17357,0,0,1.34655,0.0478006,0.36288,3.6288,40.2883,1.04074,0,0,0.487587,0.21782,0,0.66528,12.849,1,0.501808,0.36288,0,24.6479,5.39249,19.1165,0.84672,12.849,0.84672,3695.15,0,18.483,0,0.216518,1.88494,2.55973,1.32653,3.33466,0.42336,18.483,0.42336,0,0,442.007,0,0.575251,0,0,0.79177,0.216518,1.028160,1,0,22.4512,0,0,0,22.4512,0
54.4404,2.15614,0,0,2.70697,0.165091,0.36288,3.6288,40.5129,0.694655,0,0,1.04577,0.126441,0,0.66528,12.849,1,0.509106,0.36288,0,67.0168,3.93907,62.9315,0.84672,12.849,0.84672,3695.15,0,18.483,0,0.216518,1.88515,6.44957,0.872244,7.67899,0.42336,18.483,0.42336,0,0,442.007,0,0.921508,0,0,1.13803,0.216518,1.028160,1,0,70.6105,0,0,0,70.6105,0
55.9805,2.101,0,0,4.16588,0.161897,0.36288,3.6288,40.7178,0.513811,0,0,0.869613,0.150982,0,0.66528,12.849,1,0.495876,0.36288,0,73.8354,3.92013,69.7822,0.84672,12.849,0.84672,3695.15,0,18.483,0,0.225398,1.88535,4.73914,0.940456,5.90943,0.42336,18.483,0.42336,0,0,442.007,0,1.02816,0,0,1.25356,0.225398,1.028160,1,0,75.6917,0,0,0,75.6917,0
55.027,2.12256,0,0,1.69195,0.160039,0.36288,3.6288,40.8769,0.513979,0,0,0.85677,0.183699,0,0.66528,12.849,1,0.487183,0.36288,0,43.8329,3.89487,39.8137,0.84672,12.849,0.84672,3695.15,0,18.483,0,0.698302,1.81165,4.76913,1.03141,6.24768,0.42336,18.483,0.42336,0,0,442.007,0,1.02816,0,0,1.72646,0.698302,1.028160,1,0,46.0614,0,0,0,46.0614,0
54.3538,2.10967,0,0,1.95794,0.158521,0.36288,3.6288,40.1814,1.00308,0,0,0.491642,0.183984,0,0.66528,12.849,1,0.492615,0.36288,0,44.4028,3.89487,40.3782,0.84672,12.849,0.84672,3695.15,0,18.483,0,0.216518,1.81185,3.20265,1.03141,4.19961,0.42336,18.483,0.42336,0,0,442.007,0,0.539228,0,0,0.755747,0.216518,1.028160,1,0,44.5778,0,0,0,44.5778,0
54.0628,2.10046,0,0,2.35394,0.18168,0.36288,3.6288,40.3063,0.514315,0,0,0.849122,0.209948,0,0.66528,12.849,1,0.496539,0.36288,0,54.1005,4.58359,49.3832,0.84672,12.849,0.84672,3695.15,0,18.483,0,0.521165,1.81205,5.51345,1.22563,6.62103,0.42336,18.483,0.42336,0,0,442.007,0,1.02816,0,0,1.54932,0.521165,1.028160,1,0,56.0043,0,0,0,56.0043,0
54.2194,1.93867,0,0,2.65537,0.197229,0.36288,3.6288,40.4902,0.359529,0,0,0.753851,0.210464,0,0.66528,12.849,1,0.46076,0.36288,0,70.8885,4.7176,66.073,0.84672,12.849,0.84672,3695.15,0,18.483,0,0.392678,1.81225,4.83052,1.24004,5.7954,0.42336,18.483,0.42336,0,0,442.007,0,1.02816,0,0,1.42084,0.392678,1.028160,1,0,71.8684,0,0,0,71.8684,0
52.8451,1.94093,0,0,1.16567,0.236124,0.36288,3.6288,40.0595,0.797633,0,0,0.513841,0.146899,0,0.66528,12.849,1,0.459966,0.36288,0,54.0375,3.86873,50.0717,0.84672,12.849,0.84672,3695.15,0,18.483,0,0.292723,1.64599,3.04007,0.860343,4.11844,0.42336,18.483,0.42336,0,0,442.007,0,0.590207,0,0,0.88293,0.292723,1.028160,1,0,54.1901,0,0,0,54.1901,0
51.6854,1.92283,0,0,1.36108,0.235074,0.36288,3.6288,39.8767,0.695159,0,0,0.685748,0.1734,0,0.66528,12.849,1,0.467526,0.36288,0,71.7333,4.35046,67.2782,0.84672,12.849,0.84672,3695.15,0,18.483,0,0.292723,1.64617,3.53017,1.05035,4.41872,0.42336,18.483,0.42336,0,0,442.007,0,0.692833,0,0,0.985556,0.292723,1.028160,1,0,71.6969,0,0,0,71.6969,0
50.7176,1.90711,0,0,1.52039,0.218213,0.36288,3.6288,39.6139,0.815643,0,0,0.744582,0.191742,0,0.66528,12.849,1,0.474109,0.36288,0,77.917,4.22824,73.5775,0.84672,12.849,0.84672,3695.15,0,18.483,0,0.412474,1.64635,3.97382,1.00251,5.03014,0.42336,18.483,0.42336,0,0,442.007,0,0.572499,0,0,0.984973,0.412474,1.028160,1,0,78.6077,0,0,0,78.6077,0
50.2823,1.89368,0,0,2.02486,0.2036,0.36288,3.6288,39.927,0.423862,0,0,0.907433,0.170412,0,0.66528,12.849,1,0.479754,0.36288,0,90.9507,3.59741,87.2364,0.84672,12.849,0.84672,3695.15,0,18.483,0,0.412474,1.64653,6.30144,0.800569,7.55987,0.42336,18.483,0.42336,0,0,442.007,0,0.964431,0,0,1.3769,0.412474,1.028160,1,0,94.7963,0,0,0,94.7963,0
57.2636,1.94678,0,0,9.52662,0.235599,0.36288,3.6288,41.7826,0.405174,0,0,2.43308,0.172322,0,0.66528,12.849,1,0.497475,0.36288,0,204.392,4.08363,200.174,0.84672,12.849,0.84672,3695.15,0,18.483,0,4.02757,1.64671,17.9754,1.02763,22.622,0.42336,18.483,0.42336,0,0,442.007,0,1.02816,0,0,5.05573,4.02757,1.028160,1,0,222.796,0,0,0,222.796,0
62.486,2.04258,0,0,7.89489,0.267082,0.36288,3.6288,43.2511,0.405319,0,0,2.04981,0.176024,0,0.66528,12.849,1,0.45832,0.36288,0,195.41,4.27812,191.036,0.84672,12.849,0.84672,3695.15,0,18.483,0,2.7566,1.69955,13.9196,1.11846,17.2573,0.42336,18.483,0.42336,0,0,442.007,0,1.02816,0,0,3.78476,2.7566,1.028160,1,0,208.294,0,0,0,208.294,0
66.1128,2.105,0,0,6.37482,0.280067,0.36288,3.6288,44.1311,0.405464,0,0,1.46401,0.178516,0,0.66528,12.849,1,0.432851,0.36288,0,141.079,4.27812,136.731,0.84672,12.849,0.84672,3695.15,0,18.483,0,1.31769,1.69972,8.51023,1.11846,10.4092,0.42336,18.483,0.42336,0,0,442.007,0,1.02816,0,0,2.34585,1.31769,1.028160,1,0,147.14,0,0,0,147.14,0
69.8638,2.1445,0,0,6.5745,0.316141,0.36288,3.6288,45.206,0.405609,0,0,1.62664,0.146099,0,0.66528,12.849,1,0.416783,0.36288,0,142.006,3.63417,138.318,0.84672,12.849,0.84672,3695.15,0,18.483,0,1.63311,1.69989,9.35755,0.967937,11.7226,0.42336,18.483,0.42336,0,0,442.007,0,1.02816,0,0,2.66127,1.63311,1.028160,1,0,150.041,0,0,0,150.041,0
72.29,2.39526,0,0,6.7708,0.328852,1.62051,3.6288,46.1209,0.574352,0,0,1.62875,0.139557,0,0.66528,12.849,1,0.440524,1.62051,0,188.284,3.60507,185.859,0.84672,12.849,0.84672,3695.15,0,18.483,0,1.69061,1.70007,9.62798,0.960904,12.0578,0.42336,18.483,0.42336,0,0,442.007,0,1.02816,0,0,2.71877,1.69061,1.028160,1,0,197.916,0,0,0,197.916,0
72.29,2.42066,0,0,8.56716,0.314237,5.83227,3.6288,46.7743,0.574514,0,0,1.38298,0.155068,0,0.66528,12.849,1,0.430253,5.83227,0,199.172,4.17627,200.398,0.84672,12.849,0.84672,3695.15,0,18.483,0,1.68674,1.88828,12.0813,1.09384,14.5625,0.42336,18.483,0.42336,0,0,442.007,0,1.02816,0,0,2.7149,1.68674,1.028160,1,0,214.96,0,0,0,214.96,0
72.29,2.4209,0,0,9.47203,0.314237,6.73689,3.6288,47.7402,0.574676,0,0,1.69658,0.156002,0,0.66528,12.849,1,0.430297,6.73689,0,203.971,4.17627,206.102,0.84672,12.849,0.84672,3695.15,0,18.483,0,2.35755,1.88847,14.3847,1.09384,17.5369,0.42336,18.483,0.42336,0,0,442.007,0,1.02816,0,0,3.38571,2.35755,1.028160,1,0,223.639,0,0,0,223.639,0
72.29,2.42114,0,0,9.5307,0.314237,6.79532,3.6288,49.0749,0.574838,0,0,2.06679,0.157271,0,0.66528,12.849,1,0.43034,6.79532,0,204.203,4.17627,206.392,0.84672,12.849,0.84672,3695.15,0,18.483,0,2.89718,1.88866,17.4484,1.09384,21.1404,0.42336,18.483,0.42336,0,0,442.007,0,1.02816,0,0,3.92534,2.89718,1.028160,1,0,227.532,0,0,0,227.532,0
72.29,2.11446,0,0,6.92178,0.316224,4.49109,3.6288,50.2539,0.348648,0,0,1.70786,0.180159,0,0.66528,12.849,1,0.37583,4.49109,0,117.197,4.59596,116.717,0.84672,12.849,0.84672,3695.15,0,18.483,0,2.23443,1.88885,12.4747,1.17721,15.4208,0.42336,18.483,0.42336,0,0,442.007,0,1.02816,0,0,3.26259,2.23443,1.028160,1,0,132.137,0,0,0,132.137,0
72.29,2.11468,0,0,4.58544,0.319799,2.15096,3.6288,51.401,0.348788,0,0,1.69012,0.194201,0,0.66528,12.849,1,0.375868,2.15096,0,95.0823,4.38344,92.474,0.84672,12.849,0.84672,3695.15,0,18.483,0,1.42017,1.63172,12.7783,1.02616,14.804,0.42336,18.483,0.42336,0,0,442.007,0,1.02816,0,0,2.44833,1.42017,1.028160,1,0,107.278,0,0,0,107.278,0
72.29,2.11489,0,0,4.94666,0.319799,2.51197,3.6288,52.8659,0.348927,0,0,2.00976,0.196023,0,0.66528,12.849,1,0.375906,2.51197,0,107.697,4.38344,105.449,0.84672,12.849,0.84672,3695.15,0,18.483,0,1.51956,1.63188,10.391,1.02616,12.5163,0.42336,18.483,0.42336,0,0,442.007,0,1.02816,0,0,2.54772,1.51956,1.028160,1,0,117.966,0,0,0,117.966,0
72.29,2.1151,0,0,7.70662,0.317068,5.27445,3.6288,55.4605,0.349066,0,0,3.12041,0.176692,0,0.66528,12.849,1,0.375944,5.27445,0,199.113,4.02481,199.987,0.84672,12.849,0.84672,3695.15,0,18.483,0,3.86202,1.63205,21.9067,0.964743,26.436,0.42336,18.483,0.42336,0,0,442.007,0,1.02816,0,0,4.89018,3.86202,1.028160,1,0,226.423,0,0,0,226.423,0
72.29,2.11532,0,0,6.91106,0.315019,4.48072,3.6288,57.2568,0.349205,0,0,2.30898,0.163436,0,0.66528,12.849,1,0.375982,4.48072,0,199.32,3.75585,199.669,0.84672,12.849,0.84672,3695.15,0,18.483,0,3.00093,1.63221,14.3993,0.918678,18.1137,0.42336,18.483,0.42336,0,0,442.007,0,1.02816,0,0,4.02909,3.00093,1.028160,1,0,217.783,0,0,0,217.783,0
72.29,2.19283,0,0,4.58148,0.324587,2.06406,3.6288,58.5786,0.404747,0,0,1.87608,0.149613,0,0.66528,12.849,1,0.389759,2.06406,0,118.679,3.39378,116.96,0.84672,12.849,0.84672,3695.15,0,18.483,0,1.79392,1.63238,10.6416,0.856473,13.2115,0.42336,18.483,0.42336,0,0,442.007,0,1.02816,0,0,2.82208,1.79392,1.028160,1,0,130.171,0,0,0,130.171,0
72.29,2.19305,0,0,4.97921,0.318555,2.4676,3.6288,59.6144,0.404892,0,0,1.60888,0.168176,0,0.66528,12.849,1,0.389798,2.4676,0,115.916,3.91545,114.078,0.84672,12.849,0.84672,3695.15,0,18.483,0,1.55649,1.69611,10.5963,0.948996,12.8999,0.42336,18.483,0.42336,0,0,442.007,0,1.02816,0,0,2.58465,1.55649,1.028160,1,0,126.978,0,0,0,126.978,0
72.29,2.19327,0,0,5.48113,0.317014,2.97084,3.6288,61.0087,0.405037,0,0,1.97686,0.177536,0,0.66528,12.849,1,0.389838,2.97084,0,120.076,4.10056,118.557,0.84672,12.849,0.84672,3695.15,0,18.483,0,1.88402,1.69628,10.908,0.999455,13.4888,0.42336,18.483,0.42336,0,0,442.007,0,1.02816,0,0,2.91218,1.88402,1.028160,1,0,132.045,0,0,0,132.045,0
72.29,2.1935,0,0,5.71857,0.317014,3.20807,3.6288,61.308,0.405182,0,0,2.29685,0.179118,1.41321,0.66528,12.849,1,0.389877,3.20807,0,106.763,4.10056,105.48,0.84672,12.849,0.84672,3695.15,0,18.483,0,2.24041,1.69645,9.80052,0.999455,12.7379,0.42336,18.483,0.42336,0,0,442.007,0,1.02816,0,0,3.26857,2.24041,1.028160,1,0,119.632,0,0,0,119.632,0
72.29,2.16348,0,0,6.41492,0.255221,3.99621,3.6288,61.308,0.3838,0,0,2.34676,0.194984,1.76798,0.66528,12.849,1,0.384543,3.99621,0,119.631,4.2097,119.033,0.84672,12.849,0.84672,3695.15,0,18.483,0,2.87756,1.69662,15.647,1.07098,19.1502,0.42336,18.483,0.42336,0,0,442.007,0,1.02816,0,0,3.90572,2.87756,1.028160,1,0,139.951,0,0,0,139.951,0
72.29,2.1637,0,0,4.73459,0.208876,2.36201,3.6288,61.308,0.383943,0,0,1.62316,0.206629,1.03259,0.66528,12.849,1,0.384581,2.36201,0,96.2427,4.29156,93.9286,0.84672,12.849,0.84672,3695.15,0,18.483,0,1.79052,1.67204,9.76605,1.12463,12.104,0.42336,18.483,0.42336,0,0,442.007,0,1.02816,0,0,2.81868,1.79052,1.028160,1,0,107.065,0,0,0,107.065,0
72.29,2.16392,0,0,4.40702,0.208876,2.03423,3.6288,61.308,0.384086,0,0,1.52344,0.206629,0.932725,0.66528,12.849,1,0.38462,2.03423,0,87.6416,4.29156,84.9996,0.84672,12.849,0.84672,3695.15,0,18.483,0,1.5007,1.67221,8.73729,1.12463,10.7856,0.42336,18.483,0.42336,0,0,442.007,0,1.02816,0,0,2.52886,1.5007,1.028160,1,0,96.7179,0,0,0,96.7179,0
72.29,2.16414,0,0,4.0306,0.181869,1.6846,3.6288,61.308,0.384229,0,0,1.40054,0.226942,0.789374,0.66528,12.849,1,0.384659,1.6846,0,78.8167,4.56744,75.5492,0.84672,12.849,0.84672,3695.15,0,18.483,0,1.39057,1.67238,7.90197,1.1447,9.82022,0.42336,18.483,0.42336,0,0,442.007,0,1.02816,0,0,2.41873,1.39057,1.028160,1,0,86.1588,0,0,0,86.1588,0
72.29,2.26703,0,0,3.90097,0.184126,1.44981,3.6288,61.308,0.460741,0,0,1.39267,0.231382,0.700551,0.66528,12.849,1,0.402947,1.44981,0,69.7784,4.37214,66.4531,0.84672,12.849,0.84672,3695.15,0,18.483,0,1.46299,1.67255,8.19444,1.05429,10.2757,0.42336,18.483,0.42336,0,0,442.007,0,1.02816,0,0,2.49115,1.46299,1.028160,1,0,77.4293,0,0,0,77.4293,0
72.29,2.26726,0,0,3.89511,0.182499,1.44535,3.6288,61.308,0.460891,0,0,1.22708,0.211928,0.55426,0.66528,12.849,1,0.402988,1.44535,0,66.8641,4.63287,63.2736,0.84672,12.849,0.84672,3695.15,0,18.483,0,1.378,1.7593,7.50574,1.04888,9.59417,0.42336,18.483,0.42336,0,0,442.007,0,1.02816,0,0,2.40616,1.378,1.028160,1,0,73.422,0,0,0,73.422,0
72.29,2.26749,0,0,3.42691,0.128287,1.03114,3.6288,61.308,0.461042,0,0,1.04558,0.210458,0.374078,0.66528,12.849,1,0.403029,1.03114,0,57.7457,4.60005,53.7738,0.84672,12.849,0.84672,3695.15,0,18.483,0,1.37853,1.75948,6.90638,0.997036,9.04736,0.42336,18.483,0.42336,0,0,442.007,0,1.02816,0,0,2.40669,1.37853,1.028160,1,0,63.1952,0,0,0,63.1952,0
72.29,2.26772,0,0,3.32631,0.128287,0.930311,3.6288,61.308,0.461192,0,0,1.11038,0.210458,0.438728,0.66528,12.849,1,0.403069,0.930311,0,55.0403,4.60005,50.9675,0.84672,12.849,0.84672,3695.15,0,18.483,0,1.35094,1.75966,7.34685,0.997036,9.46041,0.42336,18.483,0.42336,0,0,442.007,0,1.02816,0,0,2.3791,1.35094,1.028160,1,0,60.8667,0,0,0,60.8667,0
72.29,2.26795,0,0,3.15568,0.128287,0.75945,3.6288,61.308,0.461343,0,0,1.07902,0.210458,0.407223,0.66528,12.849,1,0.40311,0.75945,0,51.6957,4.60005,47.452,0.84672,12.849,0.84672,3695.15,0,18.483,0,1.24965,1.75983,6.79268,0.997036,8.80513,0.42336,18.483,0.42336,0,0,442.007,0,1.02816,0,0,2.27781,1.24965,1.028160,1,0,56.6644,0,0,0,56.6644,0
72.29,2.24786,0,0,3.8649,0.0980308,1.51901,3.6288,61.308,0.503488,0,0,1.23533,0.225645,0.506197,0.66528,12.849,1,0.39954,1.51901,0,53.1473,5.1837,49.0831,0.84672,12.849,0.84672,3695.15,0,18.483,0,1.25836,1.76001,7.03607,1.09233,8.9621,0.42336,18.483,0.42336,0,0,442.007,0,1.02816,0,0,2.28652,1.25836,1.028160,1,0,58.5514,0,0,0,58.5514,0
72.29,2.24809,0,0,3.5649,0.0929881,1.22382,3.6288,61.308,0.503643,0,0,1.12334,0.228176,0.391519,0.66528,12.849,1,0.39958,1.22382,0,56.5357,5.28097,52.0789,0.84672,12.849,0.84672,3695.15,0,18.483,0,1.05043,1.78718,6.87485,1.10822,8.60424,0.42336,18.483,0.42336,0,0,442.007,0,1.02816,0,0,2.07859,1.05043,1.028160,1,0,61.0747,0,0,0,61.0747,0
72.29,2.24831,0,0,3.25764,0.0929881,0.91634,3.6288,61.308,0.503798,0,0,1.11454,0.228176,0.382569,0.66528,12.849,1,0.399621,0.91634,0,55.0345,5.28097,50.2702,0.84672,12.849,0.84672,3695.15,0,18.483,0,1.04318,1.78736,6.64165,1.10822,8.36397,0.42336,18.483,0.42336,0,0,442.007,0,1.02816,0,0,2.07134,1.04318,1.028160,1,0,59.0168,0,0,0,59.0168,0
72.29,2.24854,0,0,3.16508,0.0929881,0.823552,3.6288,61.308,0.503953,0,0,1.06614,0.228176,0.334013,0.66528,12.849,1,0.399661,0.823552,0,48.0887,5.28097,43.2316,0.84672,12.849,0.84672,3695.15,0,18.483,0,0.965019,1.78754,6.49037,1.10822,8.13471,0.42336,18.483,0.42336,0,0,442.007,0,1.02816,0,0,1.99318,0.965019,1.028160,1,0,51.7003,0,0,0,51.7003,0
72.29,2.30125,0,0,3.07725,0.0663077,0.70969,3.6288,61.308,0.54155,0,0,0.932662,0.299472,0.0916408,0.66528,12.849,1,0.40903,0.70969,0,43.1399,6.28502,37.1555,0.84672,12.849,0.84672,3695.15,0,18.483,0,0.716567,1.78772,5.50543,1.46402,6.54569,0.42336,18.483,0.42336,0,0,442.007,0,1.02816,0,0,1.74473,0.716567,1.028160,1,0,43.7928,0,0,0,43.7928,0
72.29,2.30148,0,0,3.10336,0.0768896,0.724985,3.6288,61.2478,0.541708,0,0,0.797844,0.316346,0,0.66528,12.849,1,0.409071,0.724985,0,51.4936,6.13452,45.675,0.84672,12.849,0.84672,3695.15,0,18.483,0,0.759421,1.83093,4.94909,1.49539,6.04404,0.42336,18.483,0.42336,0,0,442.007,0,1.02816,0,0,1.78758,0.759421,1.028160,1,0,51.7191,0,0,0,51.7191,0
72.29,2.30172,0,0,2.89433,0.0768896,0.515725,3.6288,61.0964,0.541867,0,0,0.706666,0.316226,0,0.66528,12.849,1,0.409113,0.515725,0,40.7365,6.13452,34.7086,0.84672,12.849,0.84672,3695.15,0,18.483,0,0.736387,1.83111,4.51735,1.49539,5.58946,0.42336,18.483,0.42336,0,0,442.007,0,1.02816,0,0,1.76455,0.736387,1.028160,1,0,40.298,0,0,0,40.298,0
72.1809,2.30195,0,0,2.63267,0.0768896,0.36288,3.6288,60.9022,0.542026,0,0,0.663785,0.315923,0,0.66528,12.849,1,0.409154,0.36288,0,37.4586,6.13452,31.2778,0.84672,12.849,0.84672,3695.15,0,18.483,0,0.460253,1.8313,4.13435,1.49539,4.93051,0.42336,18.483,0.42336,0,0,442.007,0,1.02816,0,0,1.48841,0.460253,1.028160,1,0,36.2084,0,0,0,36.2084,0
72.275,2.45481,0,0,2.97859,0.0668017,0.36288,3.6288,60.7346,0.66528,0,0,0.807011,0.30936,0,0.66528,12.849,1,0.436984,0.36288,0,38.5215,6.27602,32.1714,0.84672,12.849,0.84672,3695.15,0,18.483,0,0.985029,1.83148,6.06118,1.53227,7.34543,0.42336,18.483,0.42336,0,0,442.007,0,1.02816,0,0,2.01319,0.985029,1.028160,1,0,39.5168,0,0,0,39.5168,0
71.347,2.45603,0,0,1.9905,0.09962,0.36288,3.6288,60.3231,0.66528,0,0,0.549856,0.296046,0,0.66528,12.849,1,0.436631,0.36288,0,32.0587,5.64743,26.3375,0.84672,12.849,0.84672,3695.15,0,18.483,0,0.492644,1.96807,3.45127,1.54685,4.36514,0.42336,18.483,0.42336,0,0,442.007,0,1.02816,0,0,1.5208,0.492644,1.028160,1,0,30.7027,0,0,0,30.7027,0
70.6683,2.44665,0,0,2.22969,0.0989185,0.36288,3.6288,59.9266,0.66528,0,0,0.564054,0.295273,0,0.66528,12.849,1,0.440622,0.36288,0,31.8666,5.64743,26.1414,0.84672,12.849,0.84672,3695.15,0,18.483,0,0.535015,1.96814,3.69908,1.54685,4.65538,0.42336,18.483,0.42336,0,0,442.007,0,1.02816,0,0,1.56317,0.535015,1.028160,1,0,30.7968,0,0,0,30.7968,0
71.3155,2.43975,0,0,3.56843,0.118516,0.36288,3.6288,59.6642,0.66528,0,0,0.693204,0.290275,0,0.66528,12.849,1,0.443599,0.36288,0,52.9404,5.52868,47.331,0.84672,12.849,0.84672,3695.15,0,18.483,0,0.870921,1.96821,4.03231,1.53229,5.33915,0.42336,18.483,0.42336,0,0,442.007,0,1.02816,0,0,1.89908,0.870921,1.028160,1,0,52.6701,0,0,0,52.6701,0
72.29,2.44682,0,0,4.47267,0.119603,0.931784,3.6288,59.5633,0.66528,0,0,0.845363,0.281058,0,0.66528,12.849,1,0.440846,0.931784,0,63.1355,5.66877,57.9577,0.84672,12.849,0.84672,3695.15,0,18.483,0,0.836119,1.96827,3.95472,1.51827,5.24084,0.42336,18.483,0.42336,0,0,442.007,0,1.02816,0,0,1.86428,0.836119,1.028160,1,0,63.1985,0,0,0,63.1985,0
72.29,2.38221,0,0,3.32075,0.165792,0.772753,3.6288,59.3419,0.596144,0,0,0.614607,0.239839,0,0.66528,12.849,1,0.423419,0.772753,0,42.9278,4.42646,38.8507,0.84672,12.849,0.84672,3695.15,0,18.483,0,0.609578,1.96834,3.33266,1.14978,4.76081,0.42336,18.483,0.42336,0,0,442.007,0,1.02816,0,0,1.63774,0.609578,1.028160,1,0,43.6115,0,0,0,43.6115,0
72.29,2.38245,0,0,4.1078,0.199148,1.52621,3.6288,59.5641,0.596308,0,0,1.03905,0.220511,0,0.66528,12.849,1,0.423462,1.52621,0,43.3382,3.83113,40.6098,0.84672,12.849,0.84672,3695.15,0,18.483,0,1.64306,1.89485,5.15069,0.99239,7.69622,0.42336,18.483,0.42336,0,0,442.007,0,1.02816,0,0,2.67122,1.64306,1.028160,1,0,48.306,0,0,0,48.306,0
72.29,2.38269,0,0,4.07082,0.199148,1.48899,3.6288,59.9581,0.596473,0,0,1.2113,0.220824,0,0.66528,12.849,1,0.423505,1.48899,0,42.4172,3.83113,39.6516,0.84672,12.849,0.84672,3695.15,0,18.483,0,2.07617,1.89504,5.20989,0.99239,8.18871,0.42336,18.483,0.42336,0,0,442.007,0,1.02816,0,0,3.10433,2.07617,1.028160,1,0,47.8403,0,0,0,47.8403,0
72.29,2.38293,0,0,3.58688,0.199148,1.0048,3.6288,60.2127,0.596637,0,0,1.07263,0.22138,0,0.66528,12.849,1,0.423547,1.0048,0,36.3896,3.83113,33.1397,0.84672,12.849,0.84672,3695.15,0,18.483,0,1.85861,1.89524,4.54301,0.99239,7.30446,0.42336,18.483,0.42336,0,0,442.007,0,1.02816,0,0,2.88677,1.85861,1.028160,1,0,40.4442,0,0,0,40.4442,0
72.29,2.32161,0,0,4.4058,0.246575,1.83762,3.6288,60.6913,0.522037,0,0,1.22456,0.224004,0,0.66528,12.849,1,0.412648,1.83762,0,49.6929,3.93752,47.1803,0.84672,12.849,0.84672,3695.15,0,18.483,0,2.22522,1.89543,6.38421,1.05071,9.45415,0.42336,18.483,0.42336,0,0,442.007,0,1.02816,0,0,3.25338,2.22522,1.028160,1,0,56.6345,0,0,0,56.6345,0
70.99,2.32184,0,0,1.68255,0.297857,0.36288,3.6288,60.1147,0.783873,0,0,0.444814,0.237487,0,0.66528,12.849,1,0.41269,0.36288,0,21.7047,4.13532,17.5196,0.84672,12.849,0.84672,3695.15,0,18.483,0,0.216518,1.82132,3.45549,1.10968,4.38364,0.42336,18.483,0.42336,0,0,442.007,0,0.76648,0,0,0.982999,0.216518,1.028160,1,0,21.9032,0,0,0,21.9032,0
69.9868,2.30929,0,0,1.96392,0.294919,0.36288,3.6288,60.228,0.52235,0,0,0.872275,0.236618,0,0.66528,12.849,1,0.417975,0.36288,0,25.264,4.13532,21.0736,0.84672,12.849,0.84672,3695.15,0,18.483,0,1.24528,1.8215,5.48641,1.10968,7.44351,0.42336,18.483,0.42336,0,0,442.007,0,1.02816,0,0,2.27344,1.24528,1.028160,1,0,28.5171,0,0,0,28.5171,0
72.2731,2.29943,0,0,5.24122,0.292652,0.36288,3.6288,61.308,0.522507,0,0,2.13614,0.236789,0.296873,0.66528,12.849,1,0.422156,0.36288,0,74.2471,4.13532,70.0525,0.84672,12.849,0.84672,3695.15,0,18.483,0,3.22543,1.82169,10.3581,1.10968,14.2955,0.42336,18.483,0.42336,0,0,442.007,0,1.02816,0,0,4.25359,3.22543,1.028160,1,0,84.6448,0,0,0,84.6448,0
72.29,2.14748,0,0,3.04897,0.344297,0.540269,3.6288,61.308,0.366889,0,0,1.30102,0.206469,0.727662,0.66528,12.849,1,0.381787,0.540269,0,41.3947,3.65979,37.8934,0.84672,12.849,0.84672,3695.15,0,18.483,0,0.924921,1.82187,6.24412,0.944846,8.04606,0.42336,18.483,0.42336,0,0,442.007,0,1.02816,0,0,1.95308,0.924921,1.028160,1,0,46.6671,0,0,0,46.6671,0
72.29,2.14785,0,0,4.55751,0.324905,2.08475,3.6288,61.308,0.36703,0,0,0.940686,0.25487,0.318786,0.66528,12.849,1,0.381764,2.08475,0,63.8175,4.80049,60.72,0.84672,12.849,0.84672,3695.15,0,18.483,0,1.38979,1.65472,8.67162,1.27599,10.4401,0.42336,18.483,0.42336,0,0,442.007,0,1.02816,0,0,2.41795,1.38979,1.028160,1,0,71.4789,0,0,0,71.4789,0
72.29,2.14806,0,0,4.77975,0.324905,2.30678,3.6288,61.308,0.367171,0,0,1.26967,0.25487,0.647624,0.66528,12.849,1,0.381802,2.30678,0,76.9297,4.80049,74.0542,0.84672,12.849,0.84672,3695.15,0,18.483,0,2.45487,1.65489,12.5616,1.27599,15.3954,0.42336,18.483,0.42336,0,0,442.007,0,1.02816,0,0,3.48303,2.45487,1.028160,1,0,90.0972,0,0,0,90.0972,0
72.29,2.14828,0,0,2.98336,0.319547,0.515529,3.6288,61.2934,0.367312,0,0,0.590385,0.237705,0,0.66528,12.849,1,0.381841,0.515529,0,46.0865,4.48805,41.7321,0.84672,12.849,0.84672,3695.15,0,18.483,0,0.869823,1.65505,6.60207,1.18614,7.94081,0.42336,18.483,0.42336,0,0,442.007,0,1.02816,0,0,1.89798,0.869823,1.028160,1,0,49.6729,0,0,0,49.6729,0
72.2145,2.1485,0,0,2.74206,0.306152,0.36288,3.6288,61.2783,0.367453,0,0,0.547176,0.194774,0,0.66528,12.849,1,0.381879,0.36288,0,46.8569,3.70692,43.131,0.84672,12.849,0.84672,3695.15,0,18.483,0,0.435948,1.65522,6.14075,0.961498,7.27042,0.42336,18.483,0.42336,0,0,442.007,0,1.02816,0,0,1.46411,0.435948,1.028160,1,0,50.4014,0,0,0,50.4014,0
72.1314,2.14782,0,0,2.73422,0.306643,0.36288,3.6288,61.308,0.367453,0,0,0.917922,0.205631,0.315157,0.66528,12.849,1,0.382158,0.36288,0,54.0979,3.75452,50.3241,0.84672,12.849,0.84672,3695.15,0,18.483,0,0.821206,1.65539,4.89053,0.973185,6.39393,0.42336,18.483,0.42336,0,0,442.007,0,1.02816,0,0,1.84937,0.821206,1.028160,1,0,57.0332,0,0,0,57.0332,0
72.29,2.21455,0,0,3.99273,0.319344,1.30025,3.6288,61.308,0.412719,0,0,1.19083,0.170813,0.607302,0.66528,12.849,1,0.394485,1.30025,0,73.0412,3.17226,70.7747,0.84672,12.849,0.84672,3695.15,0,18.483,0,1.67384,1.65539,7.73887,0.666403,10.4017,0.42336,18.483,0.42336,0,0,442.007,0,1.02816,0,0,2.702,1.67384,1.028160,1,0,81.7837,0,0,0,81.7837,0
72.29,2.21623,0,0,3.55858,0.319729,1.02262,3.6288,61.308,0.412854,0,0,1.18365,0.170813,0.599979,0.66528,12.849,1,0.393918,1.02262,0,64.2806,3.17226,61.7371,0.84672,12.849,0.84672,3695.15,0,18.483,0,1.70648,1.7085,6.55003,0.666403,9.2986,0.42336,18.483,0.42336,0,0,442.007,0,1.02816,0,0,2.73464,1.70648,1.028160,1,0,71.6357,0,0,0,71.6357,0
72.29,2.21644,0,0,3.40794,0.319729,0.871771,3.6288,61.308,0.412989,0,0,1.0261,0.170813,0.442293,0.66528,12.849,1,0.393955,0.871771,0,47.3098,3.17226,44.6153,0.84672,12.849,0.84672,3695.15,0,18.483,0,1.2757,1.70866,5.95013,0.666403,8.26808,0.42336,18.483,0.42336,0,0,442.007,0,1.02816,0,0,2.30386,1.2757,1.028160,1,0,53.3257,0,0,0,53.3257,0
72.29,2.21664,0,0,4.09542,0.330752,1.54802,3.6288,61.308,0.413123,0,0,1.21936,0.166942,0.639298,0.66528,12.849,1,0.393992,1.54802,0,76.7353,3.49119,74.3981,0.84672,12.849,0.84672,3695.15,0,18.483,0,1.72367,1.70882,7.45062,0.714195,10.1689,0.42336,18.483,0.42336,0,0,442.007,0,1.02816,0,0,2.75183,1.72367,1.028160,1,0,85.2064,0,0,0,85.2064,0
72.29,2.43308,0,0,3.8162,0.287277,1.09585,3.6288,61.308,0.582738,0,0,1.32086,0.195724,0.542395,0.66528,12.849,1,0.432461,1.09585,0,74.6963,4.63176,70.7279,0.84672,12.849,0.84672,3695.15,0,18.483,0,2.28728,1.70898,9.14371,1.17171,11.9683,0.42336,18.483,0.42336,0,0,442.007,0,1.02816,0,0,3.31544,2.28728,1.028160,1,0,83.2385,0,0,0,83.2385,0
72.29,2.4333,0,0,4.48867,0.287277,1.76809,3.6288,61.308,0.582889,0,0,1.38943,0.195724,0.61082,0.66528,12.849,1,0.432501,1.76809,0,89.5752,4.63176,86.279,0.84672,12.849,0.84672,3695.15,0,18.483,0,2.22609,1.89816,9.51523,1.17171,12.4678,0.42336,18.483,0.42336,0,0,442.007,0,1.02816,0,0,3.25425,2.22609,1.028160,1,0,99.3576,0,0,0,99.3576,0
72.29,2.43353,0,0,4.74334,0.276769,2.03304,3.6288,61.308,0.583039,0,0,1.40386,0.188737,0.632086,0.66528,12.849,1,0.432542,2.03304,0,95.269,4.39245,92.477,0.84672,12.849,0.84672,3695.15,0,18.483,0,2.54861,1.89834,10.4086,1.09469,13.7609,0.42336,18.483,0.42336,0,0,442.007,0,1.02816,0,0,3.57677,2.54861,1.028160,1,0,106.87,0,0,0,106.87,0
72.29,2.43376,0,0,4.6824,0.261949,1.9867,3.6288,61.308,0.58319,0,0,1.40165,0.206839,0.611621,0.66528,12.849,1,0.432582,1.9867,0,102.07,4.29678,99.3277,0.84672,12.849,0.84672,3695.15,0,18.483,0,2.25362,1.89852,9.62029,1.03862,12.7338,0.42336,18.483,0.42336,0,0,442.007,0,1.02816,0,0,3.28178,2.25362,1.028160,1,0,112.673,0,0,0,112.673,0
72.29,2.12546,0,0,5.88759,0.316662,3.44546,3.6288,61.308,0.355811,0,0,2.29991,0.221984,1.72211,0.66528,12.849,1,0.377785,3.44546,0,161.581,4.53411,160.115,0.84672,12.849,0.84672,3695.15,0,18.483,0,2.64322,1.89869,10.2399,1.17383,13.6079,0.42336,18.483,0.42336,0,0,442.007,0,1.02816,0,0,3.67138,2.64322,1.028160,1,0,175.445,0,0,0,175.445,0
72.29,2.12566,0,0,4.48293,0.316662,2.04061,3.6288,61.308,0.355941,0,0,1.25201,0.221984,0.67408,0.66528,12.849,1,0.37782,2.04061,0,113.957,4.53411,111.086,0.84672,12.849,0.84672,3695.15,0,18.483,0,1.57695,1.6402,6.97421,1.17383,9.01753,0.42336,18.483,0.42336,0,0,442.007,0,1.02816,0,0,2.60511,1.57695,1.028160,1,0,120.778,0,0,0,120.778,0
72.29,2.12586,0,0,4.30313,0.316662,1.8606,3.6288,61.308,0.35607,0,0,2.18311,0.221984,1.60506,0.66528,12.849,1,0.377856,1.8606,0,134.724,4.53411,131.672,0.84672,12.849,0.84672,3695.15,0,18.483,0,3.84467,1.64036,12.6899,1.17383,17.0011,0.42336,18.483,0.42336,0,0,442.007,0,1.02816,0,0,4.87283,3.84467,1.028160,1,0,150.278,0,0,0,150.278,0
72.29,2.12606,0,0,4.36303,0.334897,1.90207,3.6288,61.308,0.356199,0,0,1.48923,0.174414,0.95862,0.66528,12.849,1,0.377891,1.90207,0,100.969,4.44312,98.0496,0.84672,12.849,0.84672,3695.15,0,18.483,0,2.3583,1.64051,11.0594,1.06438,13.9938,0.42336,18.483,0.42336,0,0,442.007,0,1.02816,0,0,3.38646,2.3583,1.028160,1,0,113.002,0,0,0,113.002,0
72.29,2.12626,0,0,5.06677,0.344138,2.59638,3.6288,61.308,0.356329,0,0,2.36711,0.177691,1.83309,0.66528,12.849,1,0.377926,2.59638,0,134.782,4.45616,132.545,0.84672,12.849,0.84672,3695.15,0,18.483,0,3.73402,1.64066,9.95043,1.11039,14.2147,0.42336,18.483,0.42336,0,0,442.007,0,1.02816,0,0,4.76218,3.73402,1.028160,1,0,148.592,0,0,0,148.592,0
72.29,2.20415,0,0,4.51141,0.346618,1.96064,3.6288,61.308,0.412146,0,0,2.54268,0.182173,1.94836,0.66528,12.849,1,0.391772,1.96064,0,132.976,4.46744,130.077,0.84672,12.849,0.84672,3695.15,0,18.483,0,3.42272,1.64082,8.72208,1.13609,12.6495,0.42336,18.483,0.42336,0,0,442.007,0,1.02816,0,0,4.45088,3.42272,1.028160,1,0,144.675,0,0,0,144.675,0
72.29,2.20436,0,0,3.44845,0.346618,0.897471,3.6288,61.308,0.412281,0,0,1.93362,0.182173,1.33917,0.66528,12.849,1,0.391808,0.897471,0,99.2641,4.46744,95.3023,0.84672,12.849,0.84672,3695.15,0,18.483,0,2.21153,1.70487,6.39369,1.13609,9.174,0.42336,18.483,0.42336,0,0,442.007,0,1.02816,0,0,3.23969,2.21153,1.028160,1,0,105.815,0,0,0,105.815,0
72.29,2.20457,0,0,3.0761,0.3149,0.556634,3.6288,61.308,0.412415,0,0,1.63158,0.197563,1.0216,0.66528,12.849,1,0.391845,0.556634,0,88.0036,4.63071,83.5377,0.84672,12.849,0.84672,3695.15,0,18.483,0,1.9238,1.70503,5.65052,1.15073,8.12861,0.42336,18.483,0.42336,0,0,442.007,0,1.02816,0,0,2.95196,1.9238,1.028160,1,0,92.6879,0,0,0,92.6879,0
72.29,2.20477,0,0,3.13869,0.303477,0.630439,3.6288,61.308,0.41255,0,0,1.64843,0.197002,1.03887,0.66528,12.849,1,0.391881,0.630439,0,100.333,4.47133,96.1001,0.84672,12.849,0.84672,3695.15,0,18.483,0,2.81914,1.70519,6.75542,1.1608,10.1189,0.42336,18.483,0.42336,0,0,442.007,0,1.02816,0,0,3.8473,2.81914,1.028160,1,0,107.258,0,0,0,107.258,0
72.29,2.17459,0,0,2.98071,0.263648,0.542479,3.6288,61.308,0.391048,0,0,1.53317,0.191455,0.950665,0.66528,12.849,1,0.386516,0.542479,0,87.2683,3.93498,83.4893,0.84672,12.849,0.84672,3695.15,0,18.483,0,3.34063,1.70535,5.36458,1.18432,9.22623,0.42336,18.483,0.42336,0,0,442.007,0,1.02816,0,0,4.36879,3.34063,1.028160,1,0,93.6662,0,0,0,93.6662,0
72.0327,2.17479,0,0,2.54402,0.263648,0.36288,3.6288,61.308,0.391181,0,0,1.44837,0.191455,0.865731,0.66528,12.849,1,0.386553,0.36288,0,76.5271,3.93498,72.5684,0.84672,12.849,0.84672,3695.15,0,18.483,0,2.8816,1.68062,4.5629,1.18432,7.9408,0.42336,18.483,0.42336,0,0,442.007,0,1.02816,0,0,3.90976,2.8816,1.028160,1,0,81.3749,0,0,0,81.3749,0
71.4973,2.17265,0,0,2.26322,0.263133,0.36288,3.6288,61.308,0.391313,0,0,1.29599,0.191455,0.713223,0.66528,12.849,1,0.387551,0.36288,0,65.6182,3.93498,61.6586,0.84672,12.849,0.84672,3695.15,0,18.483,0,2.39251,1.68078,3.9015,1.18432,6.79048,0.42336,18.483,0.42336,0,0,442.007,0,1.02816,0,0,3.42067,2.39251,1.028160,1,0,69.1623,0,0,0,69.1623,0
70.7923,2.16793,0,0,2.07498,0.249177,0.36288,3.6288,61.308,0.391446,0,0,1.17261,0.174389,0.606778,0.66528,12.849,1,0.389605,0.36288,0,60.2066,3.5811,56.5988,0.84672,12.849,0.84672,3695.15,0,18.483,0,2.14438,1.68094,3.64599,1.09457,6.37675,0.42336,18.483,0.42336,0,0,442.007,0,1.02816,0,0,3.17254,2.14438,1.028160,1,0,63.5823,0,0,0,63.5823,0
70.117,2.26411,0,0,2.15249,0.200716,0.36288,3.6288,61.308,0.468337,0,0,1.27234,0.234983,0.569023,0.66528,12.849,1,0.410943,0.36288,0,60.2719,4.44979,55.7741,0.84672,12.849,0.84672,3695.15,0,18.483,0,2.42254,1.6811,4.38318,1.08015,7.40667,0.42336,18.483,0.42336,0,0,442.007,0,1.02816,0,0,3.4507,2.42254,1.028160,1,0,63.7498,0,0,0,63.7498,0
69.2937,2.25765,0,0,1.96531,0.168126,0.36288,3.6288,61.308,0.468477,0,0,1.01634,0.217684,0.330179,0.66528,12.849,1,0.413716,0.36288,0,54.7154,3.94537,50.7192,0.84672,12.849,0.84672,3695.15,0,18.483,0,2.4064,1.76828,4.06995,1.07217,7.17245,0.42336,18.483,0.42336,0,0,442.007,0,1.02816,0,0,3.43456,2.4064,1.028160,1,0,58.2218,0,0,0,58.2218,0
68.3547,2.24961,0,0,1.81824,0.144744,0.36288,3.6288,61.308,0.468617,0,0,1.0332,0.223039,0.341541,0.66528,12.849,1,0.417141,0.36288,0,49.5685,4.10791,45.4063,0.84672,12.849,0.84672,3695.15,0,18.483,0,2.41307,1.76844,4.01587,1.04208,7.1553,0.42336,18.483,0.42336,0,0,442.007,0,1.02816,0,0,3.44123,2.41307,1.028160,1,0,52.9031,0,0,0,52.9031,0
67.3695,2.24024,0,0,1.7616,0.143689,0.36288,3.6288,61.308,0.468757,0,0,1.08265,0.223039,0.390856,0.66528,12.849,1,0.421109,0.36288,0,47.0338,4.10791,42.8677,0.84672,12.849,0.84672,3695.15,0,18.483,0,2.28785,1.76861,4.1687,1.04208,7.18307,0.42336,18.483,0.42336,0,0,442.007,0,1.02816,0,0,3.31601,2.28785,1.028160,1,0,50.4416,0,0,0,50.4416,0
67.0258,2.23019,0,0,2.37696,0.127542,0.36288,3.6288,61.308,0.468897,0,0,1.02113,0.220721,0.331509,0.66528,12.849,1,0.425352,0.36288,0,56.5224,4.29421,52.1658,0.84672,12.849,0.84672,3695.15,0,18.483,0,1.67453,1.76877,4.61903,1.09452,6.96781,0.42336,18.483,0.42336,0,0,442.007,0,1.02816,0,0,2.70269,1.67453,1.028160,1,0,59.4651,0,0,0,59.4651,0
66.8015,2.20683,0,0,2.46663,0.121261,0.36288,3.6288,61.308,0.511244,0,0,1.02124,0.219794,0.290202,0.66528,12.849,1,0.423055,0.36288,0,56.5056,4.36873,52.0767,0.84672,12.849,0.84672,3695.15,0,18.483,0,1.59187,1.76894,4.58529,1.1155,6.8306,0.42336,18.483,0.42336,0,0,442.007,0,1.02816,0,0,2.62003,1.59187,1.028160,1,0,59.1975,0,0,0,59.1975,0
66.4184,2.20468,0,0,2.3055,0.120982,0.36288,3.6288,61.308,0.511388,0,0,1.02739,0.219794,0.29621,0.66528,12.849,1,0.424062,0.36288,0,52.5353,4.36873,48.1053,0.84672,12.849,0.84672,3695.15,0,18.483,0,1.70884,1.79623,4.4323,1.1155,6.82187,0.42336,18.483,0.42336,0,0,442.007,0,1.02816,0,0,2.737,1.70884,1.028160,1,0,55.2234,0,0,0,55.2234,0
65.9811,2.20084,0,0,2.24362,0.117252,0.36288,3.6288,61.308,0.511532,0,0,0.972242,0.247219,0.213491,0.66528,12.849,1,0.425763,0.36288,0,49.1648,4.71404,44.3879,0.84672,12.849,0.84672,3695.15,0,18.483,0,1.59426,1.7964,4.26593,1.19834,6.45824,0.42336,18.483,0.42336,0,0,442.007,0,1.02816,0,0,2.62242,1.59426,1.028160,1,0,51.0596,0,0,0,51.0596,0
65.4373,2.19638,0,0,2.12357,0.10813,0.36288,3.6288,61.308,0.511676,0,0,0.8971,0.268649,0.116776,0.66528,12.849,1,0.427717,0.36288,0,47.5144,5.10912,42.3404,0.84672,12.849,0.84672,3695.15,0,18.483,0,1.37913,1.79656,3.93841,1.29963,5.81448,0.42336,18.483,0.42336,0,0,442.007,0,1.02816,0,0,2.40729,1.37913,1.028160,1,0,48.2717,0,0,0,48.2717,0
64.9281,2.24185,0,0,2.18773,0.0922267,0.36288,3.6288,61.2818,0.54945,0,0,0.794085,0.270799,0,0.66528,12.849,1,0.4402,0.36288,0,44.9912,5.44939,39.4644,0.84672,12.849,0.84672,3695.15,0,18.483,0,1.4439,1.79673,3.40607,1.39752,5.24918,0.42336,18.483,0.42336,0,0,442.007,0,1.02816,0,0,2.47206,1.4439,1.028160,1,0,44.7136,0,0,0,44.7136,0
64.1394,2.23638,0,0,1.90249,0.0918508,0.36288,3.6288,61.2077,0.549597,0,0,0.746263,0.270754,0,0.66528,12.849,1,0.44257,0.36288,0,42.5663,5.44939,37.0373,0.84672,12.849,0.84672,3695.15,0,18.483,0,1.2352,1.84014,3.31462,1.39752,4.99243,0.42336,18.483,0.42336,0,0,442.007,0,1.02816,0,0,2.26336,1.2352,1.028160,1,0,42.0297,0,0,0,42.0297,0
63.2095,2.22767,0,0,1.75191,0.0912687,0.36288,3.6288,61.1186,0.549744,0,0,0.731186,0.270627,0,0.66528,12.849,1,0.446267,0.36288,0,40.1463,5.44939,34.6135,0.84672,12.849,0.84672,3695.15,0,18.483,0,1.11879,1.84031,3.28106,1.39752,4.84264,0.42336,18.483,0.42336,0,0,442.007,0,1.02816,0,0,2.14695,1.11879,1.028160,1,0,39.4561,0,0,0,39.4561,0
62.0102,2.21717,0,0,1.45447,0.0737297,0.36288,3.6288,61.0205,0.549892,0,0,0.727212,0.275423,0,0.66528,12.849,1,0.450699,0.36288,0,38.0714,5.74368,32.2399,0.84672,12.849,0.84672,3695.15,0,18.483,0,1.10571,1.84049,3.12475,1.38325,4.6877,0.42336,18.483,0.42336,0,0,442.007,0,1.02816,0,0,2.13387,1.10571,1.028160,1,0,36.9276,0,0,0,36.9276,0
60.717,2.3504,0,0,1.50978,0.0896645,0.36288,3.6288,60.791,0.66528,0,0,0.726399,0.290546,0,0.66528,12.849,1,0.487022,0.36288,0,42.5492,5.65256,36.7725,0.84672,12.849,0.84672,3695.15,0,18.483,0,1.10218,1.84066,2.36847,1.49011,3.8212,0.42336,18.483,0.42336,0,0,442.007,0,1.02816,0,0,2.13034,1.10218,1.028160,1,0,40.5937,0,0,0,40.5937,0
59.2895,2.33394,0,0,1.35888,0.0896081,0.36288,3.6288,60.487,0.66528,0,0,0.655569,0.294311,0,0.66528,12.849,1,0.49391,0.36288,0,39.2936,5.66601,33.4966,0.84672,12.849,0.84672,3695.15,0,18.483,0,0.987751,1.97137,2.19716,1.52278,3.6335,0.42336,18.483,0.42336,0,0,442.007,0,1.02816,0,0,2.01591,0.987751,1.028160,1,0,37.1301,0,0,0,37.1301,0
57.999,2.31518,0,0,1.47601,0.0884357,0.36288,3.6288,60.1913,0.66528,0,0,0.663345,0.293743,0,0.66528,12.849,1,0.501738,0.36288,0,37.5543,5.66601,31.7494,0.84672,12.849,0.84672,3695.15,0,18.483,0,1.00273,1.97143,2.33372,1.52278,3.78511,0.42336,18.483,0.42336,0,0,442.007,0,1.02816,0,0,2.03089,1.00273,1.028160,1,0,35.5345,0,0,0,35.5345,0
57.5173,2.29772,0,0,2.27978,0.100914,0.36288,3.6288,60.0339,0.66528,0,0,0.797887,0.289996,0,0.66528,12.849,1,0.509033,0.36288,0,60.6567,5.57696,54.9336,0.84672,12.849,0.84672,3695.15,0,18.483,0,1.40631,1.9715,2.46631,1.51186,4.33226,0.42336,18.483,0.42336,0,0,442.007,0,1.02816,0,0,2.43447,1.40631,1.028160,1,0,59.2658,0,0,0,59.2658,0
57.5877,2.29121,0,0,2.83001,0.105482,0.36288,3.6288,60.1563,0.66528,0,0,1.08172,0.29404,0,0.66528,12.849,1,0.511841,0.36288,0,47.8534,5.65385,42.0506,0.84672,12.849,0.84672,3695.15,0,18.483,0,1.61194,1.97156,2.61076,1.55613,4.63812,0.42336,18.483,0.42336,0,0,442.007,0,1.02816,0,0,2.6401,1.61194,1.028160,1,0,46.6887,0,0,0,46.6887,0
56.5206,2.22247,0,0,1.61783,0.0996311,0.36288,3.6288,60.1503,0.604206,0,0,0.900504,0.30234,0,0.66528,12.849,1,0.495878,0.36288,0,58.8334,5.73374,52.9667,0.84672,12.849,0.84672,3695.15,0,18.483,0,1.46701,1.97162,1.6819,1.60116,3.51936,0.42336,18.483,0.42336,0,0,442.007,0,1.02816,0,0,2.49517,1.46701,1.028160,1,0,56.486,0,0,0,56.486,0
54.812,2.20798,0,0,0.960837,0.0985903,0.36288,3.6288,59.8589,0.604359,0,0,0.615301,0.302329,0,0.66528,12.849,1,0.501948,0.36288,0,40.9009,5.73374,35.0281,0.84672,12.849,0.84672,3695.15,0,18.483,0,0.435413,1.90426,1.0933,1.60116,1.8318,0.42336,18.483,0.42336,0,0,442.007,0,1.02816,0,0,1.46357,0.435413,1.028160,1,0,36.8599,0,0,0,36.8599,0
53.4578,2.18391,0,0,1.32684,0.134258,0.36288,3.6288,59.7966,0.604511,0,0,0.844239,0.302005,0,0.66528,12.849,1,0.511952,0.36288,0,43.0482,5.45902,37.4401,0.84672,12.849,0.84672,3695.15,0,18.483,0,0.660675,1.90444,1.46747,1.54987,2.48271,0.42336,18.483,0.42336,0,0,442.007,0,1.02816,0,0,1.68883,0.660675,1.028160,1,0,39.9228,0,0,0,39.9228,0
54.3765,2.16417,0,0,3.64659,0.200765,0.36288,3.6288,60.2932,0.604664,0,0,1.4107,0.309462,0,0.66528,12.849,1,0.520177,0.36288,0,68.7673,4.92633,63.6837,0.84672,12.849,0.84672,3695.15,0,18.483,0,2.85915,1.90461,3.22072,1.37946,6.60503,0.42336,18.483,0.42336,0,0,442.007,0,1.02816,0,0,3.88731,2.85915,1.028160,1,0,70.2887,0,0,0,70.2887,0
56.249,2.12171,0,0,4.58723,0.230147,0.36288,3.6288,61.085,0.529683,0,0,1.56042,0.238984,0,0.66528,12.849,1,0.501354,0.36288,0,92.6294,4.04019,88.4508,0.84672,12.849,0.84672,3695.15,0,18.483,0,2.17076,1.90479,3.39998,1.0629,6.41263,0.42336,18.483,0.42336,0,0,442.007,0,1.02816,0,0,3.19892,2.17076,1.028160,1,0,94.8634,0,0,0,94.8634,0
56.7954,2.14805,0,0,3.29186,0.234502,0.36288,3.6288,61.308,0.529829,0,0,1.33316,0.240188,0.340113,0.66528,12.849,1,0.490681,0.36288,0,81.2882,4.04019,77.1202,0.84672,12.849,0.84672,3695.15,0,18.483,0,1.00679,1.8303,2.89203,1.0629,4.66623,0.42336,18.483,0.42336,0,0,442.007,0,1.02816,0,0,2.03495,1.00679,1.028160,1,0,82.1266,0,0,0,82.1266,0
58.4899,2.15567,0,0,4.44874,0.235773,0.36288,3.6288,61.308,0.529974,0,0,1.35715,0.240527,0.586644,0.66528,12.849,1,0.487684,0.36288,0,85.1144,4.04019,80.9494,0.84672,12.849,0.84672,3695.15,0,18.483,0,1.61349,1.83047,3.22001,1.0629,5.60107,0.42336,18.483,0.42336,0,0,442.007,0,1.02816,0,0,2.64165,1.61349,1.028160,1,0,87.1371,0,0,0,87.1371,0
59.0284,2.17831,0,0,3.31944,0.239714,0.36288,3.6288,61.308,0.53012,0,0,0.788815,0.240527,0.0181681,0.66528,12.849,1,0.478529,0.36288,0,80.2068,4.04019,76.051,0.84672,12.849,0.84672,3695.15,0,18.483,0,0.67278,1.83064,2.67363,1.0629,4.11416,0.42336,18.483,0.42336,0,0,442.007,0,1.02816,0,0,1.70094,0.67278,1.028160,1,0,80.1833,0,0,0,80.1833,0
59.3656,2.02088,0,0,3.00475,0.283745,0.36288,3.6288,61.308,0.373727,0,0,2.20179,0.231743,1.59632,0.66528,12.849,1,0.439894,0.36288,0,71.176,4.36372,66.7352,0.84672,12.849,0.84672,3695.15,0,18.483,0,2.59831,1.83082,6.57721,1.16702,9.83931,0.42336,18.483,0.42336,0,0,442.007,0,1.02816,0,0,3.62647,2.59831,1.028160,1,0,78.1709,0,0,0,78.1709,0
58.9268,2.02505,0,0,2.22904,0.279973,0.36288,3.6288,61.308,0.373858,0,0,1.03208,0.240152,0.418069,0.66528,12.849,1,0.438299,0.36288,0,58.348,4.53317,53.7394,0.84672,12.849,0.84672,3695.15,0,18.483,0,1.23699,1.66283,3.78358,1.22228,5.46112,0.42336,18.483,0.42336,0,0,442.007,0,1.02816,0,0,2.26515,1.23699,1.028160,1,0,59.6186,0,0,0,59.6186,0
58.3732,2.02005,0,0,2.10177,0.272417,0.36288,3.6288,61.308,0.373989,0,0,0.996138,0.26822,0.353929,0.66528,12.849,1,0.440472,0.36288,0,50.9944,4.63673,46.2801,0.84672,12.849,0.84672,3695.15,0,18.483,0,0.719859,1.66298,3.03986,1.30219,4.12052,0.42336,18.483,0.42336,0,0,442.007,0,1.02816,0,0,1.74802,0.719859,1.028160,1,0,50.7545,0,0,0,50.7545,0
58.0527,2.01361,0,0,2.32214,0.266205,0.36288,3.6288,61.308,0.37412,0,0,1.01676,0.289272,0.353366,0.66528,12.849,1,0.443231,0.36288,0,75.2181,4.71439,70.4234,0.84672,12.849,0.84672,3695.15,0,18.483,0,0.688979,1.66314,3.93395,1.36212,4.92394,0.42336,18.483,0.42336,0,0,442.007,0,1.02816,0,0,1.71714,0.688979,1.028160,1,0,75.7007,0,0,0,75.7007,0
64.0217,2.00992,0,0,8.60392,0.262048,0.36288,3.6288,61.308,0.374251,0,0,3.06526,0.252271,2.43874,0.66528,12.849,1,0.444862,0.36288,0,215.622,4.29123,211.249,0.84672,12.849,0.84672,3695.15,0,18.483,0,2.86777,1.66329,11.4146,1.25964,14.686,0.42336,18.483,0.42336,0,0,442.007,0,1.02816,0,0,3.89593,2.86777,1.028160,1,0,228.374,0,0,0,228.374,0
66.0941,2.14311,0,0,4.83252,0.254128,0.36288,3.6288,61.308,0.419727,0,0,2.8363,0.22412,2.19246,0.66528,12.849,1,0.430117,0.36288,0,115.731,3.73742,111.926,0.84672,12.849,0.84672,3695.15,0,18.483,0,3.67071,1.66345,9.56612,1.03108,13.8692,0.42336,18.483,0.42336,0,0,442.007,0,1.02816,0,0,4.69887,3.67071,1.028160,1,0,127.988,0,0,0,127.988,0
67.945,2.16561,0,0,4.66951,0.290118,0.36288,3.6288,61.308,0.419851,0,0,2.41584,0.256118,1.73987,0.66528,12.849,1,0.421004,0.36288,0,107.848,4.42313,103.367,0.84672,12.849,0.84672,3695.15,0,18.483,0,3.1995,1.71681,8.55308,1.24499,12.2244,0.42336,18.483,0.42336,0,0,442.007,0,1.02816,0,0,4.22766,3.1995,1.028160,1,0,117.331,0,0,0,117.331,0
69.7764,2.18493,0,0,4.67359,0.294394,0.36288,3.6288,61.308,0.419975,0,0,2.62988,0.256118,1.95378,0.66528,12.849,1,0.41319,0.36288,0,108.227,4.42313,103.754,0.84672,12.849,0.84672,3695.15,0,18.483,0,3.46878,1.71695,9.44395,1.24499,13.3847,0.42336,18.483,0.42336,0,0,442.007,0,1.02816,0,0,4.49694,3.46878,1.028160,1,0,119.092,0,0,0,119.092,0
71.2848,2.20337,0,0,4.37321,0.298624,0.36288,3.6288,61.308,0.4201,0,0,2.86344,0.256118,2.18723,0.66528,12.849,1,0.405741,0.36288,0,98.0104,4.42313,93.5444,0.84672,12.849,0.84672,3695.15,0,18.483,0,3.86783,1.7171,9.53165,1.24499,13.8716,0.42336,18.483,0.42336,0,0,442.007,0,1.02816,0,0,4.89599,3.86783,1.028160,1,0,109.603,0,0,0,109.603,0
72.29,2.43446,0,0,4.93717,0.27245,1.22502,3.6288,61.308,0.590523,0,0,2.20686,0.196099,1.42024,0.66528,12.849,1,0.438808,1.22502,0,90.7597,4.02139,87.5246,0.84672,12.849,0.84672,3695.15,0,18.483,0,3.63109,1.71725,11.8142,1.05227,16.1103,0.42336,18.483,0.42336,0,0,442.007,0,1.02816,0,0,4.65925,3.63109,1.028160,1,0,105.055,0,0,0,105.055,0
72.29,2.44505,0,0,3.33902,0.274544,0.619433,3.6288,61.308,0.590662,0,0,2.0094,0.196099,1.22264,0.66528,12.849,1,0.434588,0.619433,0,53.4112,4.02139,49.5746,0.84672,12.849,0.84672,3695.15,0,18.483,0,1.68412,1.90733,7.10096,1.05227,9.64014,0.42336,18.483,0.42336,0,0,442.007,0,1.02816,0,0,2.71228,1.68412,1.028160,1,0,60.4374,0,0,0,60.4374,0
72.29,2.44526,0,0,4.04095,0.274544,1.32115,3.6288,61.308,0.590801,0,0,1.84303,0.196099,1.05613,0.66528,12.849,1,0.434626,1.32115,0,56.7613,4.02139,53.6264,0.84672,12.849,0.84672,3695.15,0,18.483,0,1.32145,1.9075,10.2851,1.05227,12.4618,0.42336,18.483,0.42336,0,0,442.007,0,1.02816,0,0,2.34961,1.32145,1.028160,1,0,67.1443,0,0,0,67.1443,0
72.29,2.44547,0,0,5.06621,0.274476,2.34627,3.6288,61.308,0.59094,0,0,2.84316,0.188262,2.06395,0.66528,12.849,1,0.434663,2.34627,0,147.423,3.95556,145.38,0.84672,12.849,0.84672,3695.15,0,18.483,0,2.20902,1.90766,15.4554,1.0205,18.5516,0.42336,18.483,0.42336,0,0,442.007,0,1.02816,0,0,3.23718,2.20902,1.028160,1,0,165.995,0,0,0,165.995,0
72.29,2.13567,0,0,6.09817,0.313226,3.64928,3.6288,61.308,0.362457,0,0,2.30574,0.129717,1.81357,0.66528,12.849,1,0.379599,3.64928,0,101.29,3.98034,100.58,0.84672,12.849,0.84672,3695.15,0,18.483,0,2.45201,1.90783,15.5556,0.867951,19.0475,0.42336,18.483,0.42336,0,0,442.007,0,1.02816,0,0,3.48017,2.45201,1.028160,1,0,121.441,0,0,0,121.441,0
72.29,2.13585,0,0,4.93665,0.313226,2.48757,3.6288,61.308,0.362577,0,0,1.62962,0.129717,1.13732,0.66528,12.849,1,0.379632,2.48757,0,101.549,3.98034,99.677,0.84672,12.849,0.84672,3695.15,0,18.483,0,1.20009,1.64808,10.6728,0.867951,12.653,0.42336,18.483,0.42336,0,0,442.007,0,1.02816,0,0,2.22825,1.20009,1.028160,1,0,113.467,0,0,0,113.467,0
72.29,2.13604,0,0,3.43378,0.313226,0.984514,3.6288,61.308,0.362696,0,0,1.16424,0.129717,0.671827,0.66528,12.849,1,0.379665,0.984514,0,94.163,3.98034,90.7875,0.84672,12.849,0.84672,3695.15,0,18.483,0,0.945968,1.64822,10.2603,0.867951,11.9865,0.42336,18.483,0.42336,0,0,442.007,0,1.02816,0,0,1.97413,0.945968,1.028160,1,0,103.446,0,0,0,103.446,0
72.29,2.13622,0,0,3.81668,0.245257,1.4352,3.6288,61.308,0.362816,0,0,1.0312,0.0936188,0.574766,0.66528,12.849,1,0.379697,1.4352,0,85.5619,3.45717,83.1603,0.84672,12.849,0.84672,3695.15,0,18.483,0,0.763629,1.64836,9.69702,0.792798,11.3162,0.42336,18.483,0.42336,0,0,442.007,0,1.02816,0,0,1.79179,0.763629,1.028160,1,0,95.0512,0,0,0,95.0512,0
72.29,2.1364,0,0,4.75561,0.280557,2.33865,3.6288,61.308,0.362935,0,0,1.32878,0.0943603,0.871485,0.66528,12.849,1,0.37973,2.33865,0,87.0955,3.46045,85.594,0.84672,12.849,0.84672,3695.15,0,18.483,0,1.28788,1.64851,9.8966,0.827921,12.0051,0.42336,18.483,0.42336,0,0,442.007,0,1.02816,0,0,2.31604,1.28788,1.028160,1,0,98.4705,0,0,0,98.4705,0
72.29,2.21465,0,0,5.11777,0.315528,2.58758,3.6288,61.308,0.419008,0,0,1.56445,0.0994285,1.04602,0.66528,12.849,1,0.393638,2.58758,0,105.408,3.52831,104.074,0.84672,12.849,0.84672,3695.15,0,18.483,0,1.58186,1.64865,9.55307,0.863658,11.9199,0.42336,18.483,0.42336,0,0,442.007,0,1.02816,0,0,2.61002,1.58186,1.028160,1,0,117.04,0,0,0,117.04,0
72.29,2.21484,0,0,4.47199,0.315528,1.94161,3.6288,61.308,0.419133,0,0,1.98796,0.0994285,1.4694,0.66528,12.849,1,0.393672,1.94161,0,67.5751,3.52831,65.5947,0.84672,12.849,0.84672,3695.15,0,18.483,0,1.43995,1.71299,9.26942,0.863658,11.5587,0.42336,18.483,0.42336,0,0,442.007,0,1.02816,0,0,2.46811,1.43995,1.028160,1,0,78.6228,0,0,0,78.6228,0
72.29,2.21503,0,0,3.92907,0.315528,1.3985,3.6288,61.308,0.419257,0,0,1.39399,0.0994285,0.875309,0.66528,12.849,1,0.393706,1.3985,0,75.3434,3.52831,72.8199,0.84672,12.849,0.84672,3695.15,0,18.483,0,0.986377,1.71314,8.19832,0.863658,10.0342,0.42336,18.483,0.42336,0,0,442.007,0,1.02816,0,0,2.01454,0.986377,1.028160,1,0,83.7294,0,0,0,83.7294,0
72.29,2.21523,0,0,3.11986,0.276603,0.628033,3.6288,61.308,0.419381,0,0,1.04973,0.128977,0.501367,0.66528,12.849,1,0.39374,0.628033,0,66.6637,3.73021,63.1677,0.84672,12.849,0.84672,3695.15,0,18.483,0,0.618546,1.71328,6.92661,0.94589,8.31255,0.42336,18.483,0.42336,0,0,442.007,0,1.02816,0,0,1.64671,0.618546,1.028160,1,0,71.9816,0,0,0,71.9816,0
71.9882,2.18488,0,0,2.48771,0.241785,0.36288,3.6288,61.308,0.454652,0,0,1.05323,0.169544,0.429037,0.66528,12.849,1,0.388346,0.36288,0,50.9094,3.82778,47.0561,0.84672,12.849,0.84672,3695.15,0,18.483,0,0.528595,1.71343,5.31503,1.07132,6.48573,0.42336,18.483,0.42336,0,0,442.007,0,0.971274,0,0,1.49987,0.528595,1.028160,1,0,53.9709,0,0,0,53.9709,0
72.29,2.1823,0,0,3.27834,0.241231,0.552971,3.6288,61.308,0.397889,0,0,1.17603,0.169544,0.608601,0.66528,12.849,1,0.389514,0.552971,0,56.1991,3.82778,52.5347,0.84672,12.849,0.84672,3695.15,0,18.483,0,0.55633,1.68858,4.62492,1.07132,5.79851,0.42336,18.483,0.42336,0,0,442.007,0,1.02816,0,0,1.58449,0.55633,1.028160,1,0,58.9418,0,0,0,58.9418,0
72.29,2.18526,0,0,2.95616,0.21134,0.559562,3.6288,61.308,0.398011,0,0,1.1465,0.176684,0.571807,0.66528,12.849,1,0.388413,0.559562,0,61.0731,4.04449,57.1998,0.84672,12.849,0.84672,3695.15,0,18.483,0,0.509103,1.68873,4.35893,1.0312,5.52556,0.42336,18.483,0.42336,0,0,442.007,0,1.02816,0,0,1.53726,0.509103,1.028160,1,0,63.2972,0,0,0,63.2972,0
71.7689,2.18544,0,0,2.21569,0.188507,0.36288,3.6288,61.308,0.495325,0,0,0.991405,0.182039,0.314041,0.66528,12.849,1,0.388446,0.36288,0,45.9669,4.20703,41.7343,0.84672,12.849,0.84672,3695.15,0,18.483,0,0.402797,1.68887,3.88671,1.00111,4.97727,0.42336,18.483,0.42336,0,0,442.007,0,0.930969,0,0,1.33377,0.402797,1.028160,1,0,47.0256,0,0,0,47.0256,0
71.3775,2.2843,0,0,2.43334,0.177483,0.36288,3.6288,61.308,0.475376,0,0,1.16323,0.200444,0.487409,0.66528,12.849,1,0.408965,0.36288,0,50.1345,4.96411,45.1243,0.84672,12.849,0.84672,3695.15,0,18.483,0,0.459855,1.68902,4.38905,1.02601,5.51191,0.42336,18.483,0.42336,0,0,442.007,0,1.02816,0,0,1.48802,0.459855,1.028160,1,0,51.1236,0,0,0,51.1236,0
70.8431,2.28069,0,0,2.25252,0.14339,0.36288,3.6288,61.308,0.475505,0,0,0.929474,0.186212,0.267757,0.66528,12.849,1,0.410558,0.36288,0,45.9869,4.58587,41.3534,0.84672,12.849,0.84672,3695.15,0,18.483,0,0.471053,1.77659,4.14647,1.02218,5.37193,0.42336,18.483,0.42336,0,0,442.007,0,1.02816,0,0,1.49921,0.471053,1.028160,1,0,46.9931,0,0,0,46.9931,0
70.1683,2.27565,0,0,2.08395,0.120221,0.36288,3.6288,61.308,0.475634,0,0,0.944888,0.191568,0.277686,0.66528,12.849,1,0.412741,0.36288,0,41.661,4.74841,36.8628,0.84672,12.849,0.84672,3695.15,0,18.483,0,0.473947,1.77675,4.09137,0.992091,5.34997,0.42336,18.483,0.42336,0,0,442.007,0,1.02816,0,0,1.50211,0.473947,1.028160,1,0,42.4904,0,0,0,42.4904,0
69.4357,2.26916,0,0,2.01903,0.119599,0.36288,3.6288,61.308,0.475763,0,0,0.990135,0.191568,0.322805,0.66528,12.849,1,0.415521,0.36288,0,39.5306,4.74841,34.7295,0.84672,12.849,0.84672,3695.15,0,18.483,0,0.419282,1.7769,4.24707,0.992091,5.45116,0.42336,18.483,0.42336,0,0,442.007,0,1.02816,0,0,1.44744,0.419282,1.028160,1,0,40.5035,0,0,0,40.5035,0
68.4574,2.26198,0,0,1.78723,0.140696,0.36288,3.6288,61.308,0.475892,0,0,0.823167,0.215627,0.131648,0.66528,12.849,1,0.418578,0.36288,0,34.5039,4.81885,29.6294,0.84672,12.849,0.84672,3695.15,0,18.483,0,0.354827,1.77705,3.44433,1.08899,4.48722,0.42336,18.483,0.42336,0,0,442.007,0,1.02816,0,0,1.38299,0.354827,1.028160,1,0,34.2482,0,0,0,34.2482,0
67.3687,2.232,0,0,1.6081,0.101902,0.36288,3.6288,61.2884,0.518426,0,0,0.753278,0.254425,0,0.66528,12.849,1,0.418932,0.36288,0,30.637,5.03196,25.549,0.84672,12.849,0.84672,3695.15,0,18.483,0,0.431585,1.7772,3.19219,1.20927,4.19171,0.42336,18.483,0.42336,0,0,442.007,0,1.02816,0,0,1.45975,0.431585,1.028160,1,0,29.7407,0,0,0,29.7407,0
66.1884,2.22092,0,0,1.48327,0.0797104,0.36288,3.6288,61.2548,0.518559,0,0,0.747671,0.262695,0,0.66528,12.849,1,0.423589,0.36288,0,28.0389,5.09607,22.8821,0.84672,12.849,0.84672,3695.15,0,18.483,0,0.3585,1.80461,3.05478,1.22831,3.98957,0.42336,18.483,0.42336,0,0,442.007,0,1.02816,0,0,1.38666,0.3585,1.028160,1,0,26.8717,0,0,0,26.8717,0
64.9249,2.20861,0,0,1.38688,0.0789055,0.36288,3.6288,61.2234,0.518692,0,0,0.749926,0.262639,0,0.66528,12.849,1,0.428752,0.36288,0,26.1512,5.09607,20.9893,0.84672,12.849,0.84672,3695.15,0,18.483,0,0.430298,1.80476,2.85785,1.22831,3.86461,0.42336,18.483,0.42336,0,0,442.007,0,1.02816,0,0,1.45846,0.430298,1.028160,1,0,24.8539,0,0,0,24.8539,0
63.5671,2.19507,0,0,1.28185,0.0817469,0.36288,3.6288,61.1203,0.518824,0,0,0.687444,0.271793,0,0.66528,12.849,1,0.434417,0.36288,0,23.7747,5.25182,18.4513,0.84672,12.849,0.84672,3695.15,0,18.483,0,0.333971,1.80492,2.72817,1.26454,3.60252,0.42336,18.483,0.42336,0,0,442.007,0,1.02816,0,0,1.36213,0.333971,1.028160,1,0,22.0539,0,0,0,22.0539,0
62.0443,2.23098,0,0,1.15022,0.0790875,0.36288,3.6288,60.5796,0.746868,0,0,0.5117,0.305499,0,0.66528,12.849,1,0.450955,0.36288,0,19.5766,5.8098,13.6787,0.84672,12.849,0.84672,3695.15,0,18.483,0,0.261274,1.80507,2.56313,1.47187,3.1576,0.42336,18.483,0.42336,0,0,442.007,0,0.838054,0,0,1.09933,0.261274,1.028160,1,0,16.8363,0,0,0,16.8363,0
60.553,2.21324,0,0,1.15811,0.0733207,0.36288,3.6288,60.1413,0.615676,0,0,0.486207,0.308876,0,0.66528,12.849,1,0.458349,0.36288,0,25.6433,5.84776,19.7001,0.84672,12.849,0.84672,3695.15,0,18.483,0,0.261274,1.84867,2.82141,1.49436,3.43699,0.42336,18.483,0.42336,0,0,442.007,0,0.969382,0,0,1.23066,0.261274,1.028160,1,0,23.1371,0,0,0,23.1371,0
59.0068,2.19529,0,0,1.08442,0.0724211,0.36288,3.6288,59.6806,0.60477,0,0,0.452154,0.308016,0,0.66528,12.849,1,0.465828,0.36288,0,20.5891,5.84776,14.6384,0.84672,12.849,0.84672,3695.15,0,18.483,0,0.227405,1.84883,2.54327,1.49436,3.12515,0.42336,18.483,0.42336,0,0,442.007,0,0.980424,0,0,1.20783,0.227405,1.028160,1,0,17.7636,0,0,0,17.7636,0
57.3839,2.17604,0,0,0.987327,0.0713765,0.36288,3.6288,59.012,0.790761,0,0,0.42926,0.307112,0,0.66528,12.849,1,0.473841,0.36288,0,18.7642,5.84776,12.8055,0.84672,12.849,0.84672,3695.15,0,18.483,0,0.227405,1.84899,2.37231,1.49436,2.95434,0.42336,18.483,0.42336,0,0,442.007,0,0.794569,0,0,1.02197,0.227405,1.028160,1,0,15.7598,0,0,0,15.7598,0
55.8182,2.29901,0,0,1.16108,0.0648481,0.36288,3.6288,58.4998,0.66528,0,0,0.466293,0.313235,0,0.66528,12.849,1,0.514779,0.36288,0,19.3496,6.01764,13.1801,0.84672,12.849,0.84672,3695.15,0,18.483,0,0.307057,1.84915,3.10787,1.50791,3.75617,0.42336,18.483,0.42336,0,0,442.007,0,1.02816,0,0,1.33522,0.307057,1.028160,1,0,16.9363,0,0,0,16.9363,0
54.3951,2.27666,0,0,1.27814,0.0617215,0.36288,3.6288,58.0174,0.66528,0,0,0.498082,0.31517,0,0.66528,12.849,1,0.524072,0.36288,0,23.076,6.08559,16.8292,0.84672,12.849,0.84672,3695.15,0,18.483,0,0.356124,1.97443,3.03496,1.51332,3.85218,0.42336,18.483,0.42336,0,0,442.007,0,1.02816,0,0,1.38428,0.356124,1.028160,1,0,20.6814,0,0,0,20.6814,0
52.7291,2.25563,0,0,1.01342,0.0608465,0.36288,3.6288,57.2189,0.858194,0,0,0.373855,0.314192,0,0.66528,12.849,1,0.532817,0.36288,0,25.3383,6.08559,19.0827,0.84672,12.849,0.84672,3695.15,0,18.483,0,0.204422,1.97448,2.43686,1.51332,3.10244,0.42336,18.483,0.42336,0,0,442.007,0,0.835246,0,0,1.03967,0.204422,1.028160,1,0,22.1852,0,0,0,22.1852,0
51.3082,2.23008,0,0,1.23179,0.0598222,0.36288,3.6288,56.8421,0.66528,0,0,0.601055,0.312572,0,0.66528,12.849,1,0.543424,0.36288,0,22.0872,6.08559,15.8211,0.84672,12.849,0.84672,3695.15,0,18.483,0,0.695546,1.97454,3.51119,1.51332,4.66795,0.42336,18.483,0.42336,0,0,442.007,0,1.02816,0,0,1.72371,0.695546,1.028160,1,0,20.489,0,0,0,20.489,0
49.9378,2.20748,0,0,1.23807,0.0381008,0.36288,3.6288,56.424,0.66528,0,0,0.585644,0.338453,0,0.66528,12.849,1,0.552815,0.36288,0,28.3109,6.02612,22.0948,0.84672,12.849,0.84672,3695.15,0,18.483,0,0.622555,1.9746,4.41736,1.43654,5.57797,0.42336,18.483,0.42336,0,0,442.007,0,1.02816,0,0,1.65072,0.622555,1.028160,1,0,27.6728,0,0,0,27.6728,0
48.9068,2.11827,0,0,1.4987,0.0485538,0.36288,3.6288,56.2058,0.61166,0,0,0.748621,0.355116,0,0.66528,12.849,1,0.545032,0.36288,0,32.0497,6.10205,25.7655,0.84672,12.849,0.84672,3695.15,0,18.483,0,0.877962,1.97465,4.56272,1.40722,6.00811,0.42336,18.483,0.42336,0,0,442.007,0,1.02816,0,0,1.90612,0.877962,1.028160,1,0,31.7736,0,0,0,31.7736,0
48.626,2.10138,0,0,2.24771,0.0641708,0.36288,3.6288,56.1144,0.611801,0,0,0.861607,0.341254,0,0.66528,12.849,1,0.552083,0.36288,0,39.0318,5.99161,32.851,0.84672,12.849,0.84672,3695.15,0,18.483,0,1.34361,1.91295,4.85317,1.36929,6.74043,0.42336,18.483,0.42336,0,0,442.007,0,1.02816,0,0,2.37177,1.34361,1.028160,1,0,39.5914,0,0,0,39.5914,0
49.1372,2.09683,0,0,3.03479,0.0639761,0.36288,3.6288,56.5537,0.611942,0,0,1.39231,0.34105,0,0.66528,12.849,1,0.554069,0.36288,0,77.8899,5.99161,71.7071,0.84672,12.849,0.84672,3695.15,0,18.483,0,2.82823,1.91312,7.64471,1.36929,11.0168,0.42336,18.483,0.42336,0,0,442.007,0,1.02816,0,0,3.85639,2.82823,1.028160,1,0,82.7238,0,0,0,82.7238,0
49.2028,2.10559,0,0,2.64222,0.108086,0.36288,3.6288,56.6159,0.612083,0,0,0.999812,0.325527,0,0.66528,12.849,1,0.550597,0.36288,0,73.1222,5.9526,66.9819,0.84672,12.849,0.84672,3695.15,0,18.483,0,1.68051,1.91328,4.865,1.38681,7.07199,0.42336,18.483,0.42336,0,0,442.007,0,1.02816,0,0,2.70867,1.68051,1.028160,1,0,74.0539,0,0,0,74.0539,0
51.9123,2.05244,0,0,5.27539,0.150553,0.36288,3.6288,58.0551,0.53675,0,0,2.2538,0.277869,0,0.66528,12.849,1,0.535982,0.36288,0,107.337,4.40664,102.758,0.84672,12.849,0.84672,3695.15,0,18.483,0,4.79664,1.91345,15.7791,1.22882,21.2603,0.42336,18.483,0.42336,0,0,442.007,0,1.02816,0,0,5.8248,4.79664,1.028160,1,0,124.018,0,0,0,124.018,0
54.0822,2.09516,0,0,4.78281,0.154908,0.36288,3.6288,59.1274,0.536884,0,0,1.88962,0.280474,0,0.66528,12.849,1,0.518581,0.36288,0,109.198,4.40664,104.636,0.84672,12.849,0.84672,3695.15,0,18.483,0,3.86268,1.83861,11.1447,1.22882,15.6172,0.42336,18.483,0.42336,0,0,442.007,0,1.02816,0,0,4.89084,3.86268,1.028160,1,0,120.253,0,0,0,120.253,0
60.9174,2.12747,0,0,9.4937,0.168121,0.36288,3.6288,61.0105,0.537019,0,0,2.69484,0.274692,0,0.66528,12.849,1,0.50545,0.36288,0,230.73,4.29782,226.29,0.84672,12.849,0.84672,3695.15,0,18.483,0,5.50513,1.83876,17.3163,1.198,23.4622,0.42336,18.483,0.42336,0,0,442.007,0,1.02816,0,0,6.53329,5.50513,1.028160,1,0,249.752,0,0,0,249.752,0
62.5779,2.21898,0,0,4.48436,0.242013,0.36288,3.6288,61.308,0.537153,0,0,1.8456,0.231109,0.779828,0.66528,12.849,1,0.468039,0.36288,0,92.0333,3.64486,88.2833,0.84672,12.849,0.84672,3695.15,0,18.483,0,3.74541,1.83892,7.93428,1.01304,12.5056,0.42336,18.483,0.42336,0,0,442.007,0,1.02816,0,0,4.77357,3.74541,1.028160,1,0,101.569,0,0,0,101.569,0
66.1979,2.07071,0,0,6.30152,0.247949,0.36288,3.6288,61.308,0.380043,0,0,2.9218,0.239231,2.30252,0.66528,12.849,1,0.425174,0.36288,0,109.892,4.36292,105.467,0.84672,12.849,0.84672,3695.15,0,18.483,0,4.81235,1.83908,11.2635,1.12533,16.7896,0.42336,18.483,0.42336,0,0,442.007,0,1.02816,0,0,5.84051,4.81235,1.028160,1,0,124.559,0,0,0,124.559,0
72.29,2.10937,0,0,9.04889,0.256372,0.591028,3.6288,61.308,0.380164,0,0,3.81068,0.242305,3.18821,0.66528,12.849,1,0.409429,0.591028,0,175.128,4.65013,170.66,0.84672,12.849,0.84672,3695.15,0,18.483,0,5.65116,1.67032,18.3157,1.17025,24.4669,0.42336,18.483,0.42336,0,0,442.007,0,1.02816,0,0,6.67932,5.65116,1.028160,1,0,198.315,0,0,0,198.315,0
72.29,2.16825,0,0,7.70602,0.268797,5.26897,3.6288,61.308,0.380285,0,0,3.58543,0.242305,2.96284,0.66528,12.849,1,0.385391,5.26897,0,169.732,4.65013,169.965,0.84672,12.849,0.84672,3695.15,0,18.483,0,4.30659,1.67046,13.9151,1.17025,18.7219,0.42336,18.483,0.42336,0,0,442.007,0,1.02816,0,0,5.33475,4.30659,1.028160,1,0,191.65,0,0,0,191.65,0
72.29,2.16844,0,0,6.38546,0.277969,3.93905,3.6288,61.308,0.380406,0,0,3.71299,0.235683,3.0969,0.66528,12.849,1,0.385424,3.93905,0,139.309,4.5355,138.327,0.84672,12.849,0.84672,3695.15,0,18.483,0,4.9602,1.67061,12.0291,1.14381,17.5161,0.42336,18.483,0.42336,0,0,442.007,0,1.02816,0,0,5.98836,4.9602,1.028160,1,0,158.94,0,0,0,158.94,0
72.29,2.16863,0,0,8.10288,0.267071,5.66718,3.6288,61.308,0.380527,0,0,2.95102,0.17866,2.39183,0.66528,12.849,1,0.385457,5.66718,0,137.111,3.16144,139.231,0.84672,12.849,0.84672,3695.15,0,18.483,0,4.32733,1.67075,14.4165,0.785109,19.6295,0.42336,18.483,0.42336,0,0,442.007,0,1.02816,0,0,5.35549,4.32733,1.028160,1,0,161.252,0,0,0,161.252,0
72.29,2.23675,0,0,2.93555,0.24986,0.448944,3.6288,61.308,0.426195,0,0,1.39889,0.206205,0.766493,0.66528,12.849,1,0.397565,0.448944,0,110.774,3.37039,107.455,0.84672,12.849,0.84672,3695.15,0,18.483,0,2.48448,1.67089,9.28999,0.908733,12.5366,0.42336,18.483,0.42336,0,0,442.007,0,1.02816,0,0,3.51264,2.48448,1.028160,1,0,120.758,0,0,0,120.758,0
71.7766,2.23692,0,0,2.33624,0.24986,0.36288,3.6288,61.308,0.426309,0,0,1.04061,0.206205,0.408095,0.66528,12.849,1,0.397596,0.36288,0,80.905,3.37039,77.4998,0.84672,12.849,0.84672,3695.15,0,18.483,0,1.88398,1.72448,6.95131,0.908733,9.65103,0.42336,18.483,0.42336,0,0,442.007,0,1.02816,0,0,2.91214,1.88398,1.028160,1,0,87.559,0,0,0,87.559,0
70.9729,2.23227,0,0,2.07561,0.284172,0.36288,3.6288,61.308,0.426424,0,0,0.976735,0.209729,0.340582,0.66528,12.849,1,0.399607,0.36288,0,64.8536,3.57253,61.2443,0.84672,12.849,0.84672,3695.15,0,18.483,0,1.51673,1.72461,6.19142,1.02183,8.41093,0.42336,18.483,0.42336,0,0,442.007,0,1.02816,0,0,2.54489,1.51673,1.028160,1,0,69.9958,0,0,0,69.9958,0
70.5263,2.22479,0,0,2.46005,0.318917,0.36288,3.6288,61.308,0.426538,0,0,1.22999,0.201444,0.602009,0.66528,12.849,1,0.402778,0.36288,0,72.138,3.35444,68.7436,0.84672,12.849,0.84672,3695.15,0,18.483,0,1.99442,1.72475,6.85199,0.810187,9.76097,0.42336,18.483,0.42336,0,0,442.007,0,1.02816,0,0,3.02258,1.99442,1.028160,1,0,79.1066,0,0,0,79.1066,0
70.2501,2.43726,0,0,2.78323,0.259357,0.36288,3.6288,61.308,0.597707,0,0,1.52783,0.25153,0.678592,0.66528,12.849,1,0.444037,0.36288,0,86.9806,3.75764,83.1418,0.84672,12.849,0.84672,3695.15,0,18.483,0,2.19334,1.72488,6.6457,1.17431,9.38962,0.42336,18.483,0.42336,0,0,442.007,0,1.02816,0,0,3.2215,2.19334,1.028160,1,0,93.21,0,0,0,93.21,0
70.004,2.4345,0,0,2.80044,0.249081,0.36288,3.6288,61.308,0.597834,0,0,1.86375,0.259878,1.00604,0.66528,12.849,1,0.44528,0.36288,0,100.386,3.82483,96.4783,0.84672,12.849,0.84672,3695.15,0,18.483,0,3.0606,1.9158,9.32455,1.23499,13.066,0.42336,18.483,0.42336,0,0,442.007,0,1.02816,0,0,4.08876,3.0606,1.028160,1,0,110.55,0,0,0,110.55,0
71.0234,2.43206,0,0,4.0737,0.259441,0.36288,3.6288,61.308,0.597962,0,0,1.84323,0.236191,1.00908,0.66528,12.849,1,0.446396,0.36288,0,117.564,3.41916,114.062,0.84672,12.849,0.84672,3695.15,0,18.483,0,2.87376,1.91595,11.6199,1.15184,15.2578,0.42336,18.483,0.42336,0,0,442.007,0,1.02816,0,0,3.90192,2.87376,1.028160,1,0,130.329,0,0,0,130.329,0
71.6264,2.44309,0,0,3.68502,0.276039,0.36288,3.6288,61.308,0.598089,0,0,2.35526,0.204609,1.55257,0.66528,12.849,1,0.441985,0.36288,0,123.981,2.87826,121.023,0.84672,12.849,0.84672,3695.15,0,18.483,0,4.03406,1.9161,11.4678,1.04097,16.377,0.42336,18.483,0.42336,0,0,442.007,0,1.02816,0,0,5.06222,4.03406,1.028160,1,0,138.953,0,0,0,138.953,0
72.29,2.13909,0,0,3.94331,0.288601,0.851993,3.6288,61.308,0.368587,0,0,1.47943,0.213488,0.897352,0.66528,12.849,1,0.38373,0.851993,0,126.335,3.37434,123.429,0.84672,12.849,0.84672,3695.15,0,18.483,0,2.09952,1.91625,8.55213,1.02572,11.5422,0.42336,18.483,0.42336,0,0,442.007,0,1.02816,0,0,3.12768,2.09952,1.028160,1,0,135.868,0,0,0,135.868,0
72.29,2.14525,0,0,4.4289,0.291952,1.99169,3.6288,61.308,0.368697,0,0,1.55627,0.214968,0.972607,0.66528,12.849,1,0.381302,1.99169,0,107.648,3.45702,105.802,0.84672,12.849,0.84672,3695.15,0,18.483,0,1.89751,1.65535,8.29834,1.02317,10.828,0.42336,18.483,0.42336,0,0,442.007,0,1.02816,0,0,2.92567,1.89751,1.028160,1,0,117.602,0,0,0,117.602,0
72.29,2.14542,0,0,5.05606,0.297114,2.61352,3.6288,61.308,0.368806,0,0,1.87766,0.220012,1.28884,0.66528,12.849,1,0.381332,2.61352,0,161.475,3.71613,159.991,0.84672,12.849,0.84672,3695.15,0,18.483,0,2.64889,1.65548,11.0407,1.03399,14.3111,0.42336,18.483,0.42336,0,0,442.007,0,1.02816,0,0,3.67705,2.64889,1.028160,1,0,175.591,0,0,0,175.591,0
72.29,2.14559,0,0,5.3683,0.330555,2.89216,3.6288,61.308,0.368916,0,0,1.65415,0.228985,1.05625,0.66528,12.849,1,0.381362,2.89216,0,190.226,4.31046,188.426,0.84672,12.849,0.84672,3695.15,0,18.483,0,4.48,1.65561,13.7286,1.05225,18.812,0.42336,18.483,0.42336,0,0,442.007,0,1.02816,0,0,5.50816,4.48,1.028160,1,0,208.295,0,0,0,208.295,0
72.29,2.14576,0,0,4.25259,0.349747,1.75709,3.6288,61.308,0.369026,0,0,2.17869,0.222886,1.58678,0.66528,12.849,1,0.381392,1.75709,0,149.05,4.30187,146.124,0.84672,12.849,0.84672,3695.15,0,18.483,0,3.21653,1.65574,9.26528,1.0904,13.0471,0.42336,18.483,0.42336,0,0,442.007,0,1.02816,0,0,4.24469,3.21653,1.028160,1,0,160.758,0,0,0,160.758,0
72.29,2.22433,0,0,4.52815,0.375335,1.92849,3.6288,61.308,0.425333,0,0,2.63355,0.214754,1.99346,0.66528,12.849,1,0.395358,1.92849,0,144.397,4.29041,141.64,0.84672,12.849,0.84672,3695.15,0,18.483,0,4.62804,1.65587,11.6095,1.14128,16.7521,0.42336,18.483,0.42336,0,0,442.007,0,1.02816,0,0,5.6562,4.62804,1.028160,1,0,160.385,0,0,0,160.385,0
72.29,2.22451,0,0,4.09039,0.348386,1.5175,3.6288,61.308,0.425447,0,0,2.06737,0.21477,1.42715,0.66528,12.849,1,0.395389,1.5175,0,103.81,4.21744,100.714,0.84672,12.849,0.84672,3695.15,0,18.483,0,3.60584,1.72048,8.87095,1.13732,13.0599,0.42336,18.483,0.42336,0,0,442.007,0,1.02816,0,0,4.634,3.60584,1.028160,1,0,115.201,0,0,0,115.201,0
72.29,2.22468,0,0,3.82379,0.281012,1.31809,3.6288,61.308,0.425561,0,0,1.87157,0.214813,1.2312,0.66528,12.849,1,0.39542,1.31809,0,97.1542,4.03505,94.0418,0.84672,12.849,0.84672,3695.15,0,18.483,0,2.83918,1.72061,10.0257,1.1274,13.4581,0.42336,18.483,0.42336,0,0,442.007,0,1.02816,0,0,3.86734,2.83918,1.028160,1,0,108.731,0,0,0,108.731,0
72.29,2.22486,0,0,3.49446,0.283288,0.986312,3.6288,61.308,0.425675,0,0,1.70205,0.213658,1.06272,0.66528,12.849,1,0.395452,0.986312,0,94.7212,3.91952,91.3925,0.84672,12.849,0.84672,3695.15,0,18.483,0,2.49892,1.72075,7.57499,1.1177,10.677,0.42336,18.483,0.42336,0,0,442.007,0,1.02816,0,0,3.52708,2.49892,1.028160,1,0,103.132,0,0,0,103.132,0
72.1543,2.19437,0,0,2.71847,0.296943,0.36288,3.6288,61.308,0.403956,0,0,1.36465,0.20673,0.753967,0.66528,12.849,1,0.390032,0.36288,0,79.5606,3.22634,76.3071,0.84672,12.849,0.84672,3695.15,0,18.483,0,2.29484,1.72088,5.66339,1.05947,8.61963,0.42336,18.483,0.42336,0,0,442.007,0,1.02816,0,0,3.323,2.29484,1.028160,1,0,85.6807,0,0,0,85.6807,0
71.8493,2.19329,0,0,2.54784,0.296637,0.36288,3.6288,61.308,0.404068,0,0,1.1678,0.20673,0.557001,0.66528,12.849,1,0.390574,0.36288,0,75.3062,3.22634,72.0522,0.84672,12.849,0.84672,3695.15,0,18.483,0,1.67348,1.69591,5.36117,1.05947,7.67109,0.42336,18.483,0.42336,0,0,442.007,0,1.02816,0,0,2.70164,1.67348,1.028160,1,0,80.2803,0,0,0,80.2803,0
72.0402,2.19065,0,0,3.01614,0.271703,0.36288,3.6288,61.308,0.40418,0,0,1.16032,0.218599,0.537538,0.66528,12.849,1,0.391759,0.36288,0,79.6651,4.16203,75.4742,0.84672,12.849,0.84672,3695.15,0,18.483,0,1.81083,1.69604,7.05932,1.09636,9.46983,0.42336,18.483,0.42336,0,0,442.007,0,1.02816,0,0,2.83899,1.81083,1.028160,1,0,85.4816,0,0,0,85.4816,0
71.5568,2.19258,0,0,2.29173,0.219699,0.36288,3.6288,61.308,0.404293,0,0,1.095,0.238028,0.452679,0.66528,12.849,1,0.391066,0.36288,0,54.4942,5.04282,49.4232,0.84672,12.849,0.84672,3695.15,0,18.483,0,1.67155,1.69618,5.2588,1.20009,7.42643,0.42336,18.483,0.42336,0,0,442.007,0,1.02816,0,0,2.69971,1.67155,1.028160,1,0,57.3023,0,0,0,57.3023,0
70.7536,2.29208,0,0,2.0714,0.219596,0.36288,3.6288,61.308,0.481857,0,0,1.01263,0.240829,0.289939,0.66528,12.849,1,0.411574,0.36288,0,50.631,4.78645,45.7959,0.84672,12.849,0.84672,3695.15,0,18.483,0,1.16008,1.69631,4.58208,1.13427,6.3042,0.42336,18.483,0.42336,0,0,442.007,0,1.02816,0,0,2.18824,1.16008,1.028160,1,0,52.39,0,0,0,52.39,0
69.7298,2.28436,0,0,1.82111,0.19768,0.36288,3.6288,61.308,0.481976,0,0,0.80117,0.225709,0.0934855,0.66528,12.849,1,0.414845,0.36288,0,46.9716,4.28243,42.6372,0.84672,12.849,0.84672,3695.15,0,18.483,0,1.07688,1.78425,4.03386,1.04293,5.85206,0.42336,18.483,0.42336,0,0,442.007,0,1.02816,0,0,2.10504,1.07688,1.028160,1,0,48.5828,0,0,0,48.5828,0
68.6231,2.27429,0,0,1.71169,0.1812,0.36288,3.6288,61.308,0.482094,0,0,0.834356,0.229279,0.122983,0.66528,12.849,1,0.41908,0.36288,0,43.2657,4.39078,38.8187,0.84672,12.849,0.84672,3695.15,0,18.483,0,1.08213,1.78439,4.09974,1.02288,5.94339,0.42336,18.483,0.42336,0,0,442.007,0,1.02816,0,0,2.11029,1.08213,1.028160,1,0,44.8851,0,0,0,44.8851,0
67.4623,2.26316,0,0,1.64481,0.179648,0.36288,3.6288,61.308,0.482212,0,0,0.849969,0.229279,0.138477,0.66528,12.849,1,0.423753,0.36288,0,40.7874,4.39078,36.3357,0.84672,12.849,0.84672,3695.15,0,18.483,0,0.977098,1.78453,4.08801,1.02288,5.82676,0.42336,18.483,0.42336,0,0,442.007,0,1.02816,0,0,2.00526,0.977098,1.028160,1,0,42.3009,0,0,0,42.3009,0
66.2617,2.25119,0,0,1.56857,0.15511,0.36288,3.6288,61.308,0.482331,0,0,0.718171,0.227661,0.00817894,0.66528,12.849,1,0.428766,0.36288,0,38.5531,4.62618,33.861,0.84672,12.849,0.84672,3695.15,0,18.483,0,0.6675,1.78467,3.91516,1.06162,5.30572,0.42336,18.483,0.42336,0,0,442.007,0,1.02816,0,0,1.69566,0.6675,1.028160,1,0,39.1749,0,0,0,39.1749,0
65.0009,2.21845,0,0,1.44398,0.123383,0.36288,3.6288,61.179,0.525035,0,0,0.621503,0.225503,0,0.66528,12.849,1,0.430187,0.36288,0,37.9165,4.94004,32.9091,0.84672,12.849,0.84672,3695.15,0,18.483,0,0.375261,1.78481,4.02475,1.11327,5.07156,0.42336,18.483,0.42336,0,0,442.007,0,1.02816,0,0,1.40342,0.375261,1.028160,1,0,37.9807,0,0,0,37.9807,0
63.6175,2.2049,0,0,1.30648,0.122146,0.36288,3.6288,60.9452,0.585248,0,0,0.576768,0.225319,0,0.66528,12.849,1,0.435852,0.36288,0,34.0494,4.94004,29.0364,0.84672,12.849,0.84672,3695.15,0,18.483,0,0.261274,1.81232,3.86008,1.11327,4.82041,0.42336,18.483,0.42336,0,0,442.007,0,0.968069,0,0,1.22934,0.261274,1.028160,1,0,33.8568,0,0,0,33.8568,0
62.2156,2.18959,0,0,1.2447,0.0941072,0.36288,3.6288,60.6209,0.579365,0,0,0.545726,0.290649,0,0.66528,12.849,1,0.442237,0.36288,0,30.8462,5.78694,24.9799,0.84672,12.849,0.84672,3695.15,0,18.483,0,0.261274,1.81246,3.6572,1.4224,4.30853,0.42336,18.483,0.42336,0,0,442.007,0,0.974074,0,0,1.23535,0.261274,1.028160,1,0,29.2884,0,0,0,29.2884,0
60.6955,2.1736,0,0,1.10504,0.0886393,0.36288,3.6288,60.2169,0.613269,0,0,0.510268,0.300973,0,0.66528,12.849,1,0.448899,0.36288,0,28.2122,5.92809,22.1981,0.84672,12.849,0.84672,3695.15,0,18.483,0,0.261274,1.8126,3.53665,1.47393,4.1366,0.42336,18.483,0.42336,0,0,442.007,0,0.940291,0,0,1.20156,0.261274,1.028160,1,0,26.3347,0,0,0,26.3347,0
59.1591,2.20599,0,0,1.10461,0.0721713,0.36288,3.6288,59.6292,0.800249,0,0,0.524349,0.31177,0,0.66528,12.849,1,0.467,0.36288,0,29.8377,5.85659,23.877,0.84672,12.849,0.84672,3695.15,0,18.483,0,0.261274,1.81275,3.20702,1.45896,3.82208,0.42336,18.483,0.42336,0,0,442.007,0,0.791398,0,0,1.05267,0.261274,1.028160,1,0,27.6991,0,0,0,27.6991,0
57.6157,2.18683,0,0,1.07748,0.0711504,0.36288,3.6288,59.0953,0.706475,0,0,0.483106,0.310604,0,0.66528,12.849,1,0.474966,0.36288,0,29.7994,5.85659,23.8307,0.84672,12.849,0.84672,3695.15,0,18.483,0,0.261274,1.85652,3.43657,1.45896,4.0954,0.42336,18.483,0.42336,0,0,442.007,0,0.885298,0,0,1.14657,0.261274,1.028160,1,0,27.9261,0,0,0,27.9261,0
56.0241,2.1669,0,0,1.00827,0.0700917,0.36288,3.6288,58.511,0.721935,0,0,0.447181,0.309544,0,0.66528,12.849,1,0.483246,0.36288,0,26.9015,5.85659,20.9246,0.84672,12.849,0.84672,3695.15,0,18.483,0,0.227405,1.85666,3.06711,1.45896,3.69221,0.42336,18.483,0.42336,0,0,442.007,0,0.869962,0,0,1.09737,0.227405,1.028160,1,0,24.6168,0,0,0,24.6168,0
54.3723,2.1456,0,0,0.925646,0.0689999,0.36288,3.6288,57.8327,0.812184,0,0,0.44227,0.308385,0,0.66528,12.849,1,0.492089,0.36288,0,24.5912,5.85659,18.6054,0.84672,12.849,0.84672,3695.15,0,18.483,0,0.227405,1.85681,2.99974,1.45896,3.62499,0.42336,18.483,0.42336,0,0,442.007,0,0.779838,0,0,1.00724,0.227405,1.028160,1,0,22.2304,0,0,0,22.2304,0
52.6098,2.2644,0,0,0.909913,0.0450705,0.36288,3.6288,56.9463,0.991068,0,0,0.42085,0.316149,0,0.66528,12.849,1,0.535113,0.36288,0,20.4428,6.10465,14.166,0.84672,12.849,0.84672,3695.15,0,18.483,0,0.227405,1.85695,3.54764,1.49568,4.13632,0.42336,18.483,0.42336,0,0,442.007,0,0.702372,0,0,0.929777,0.227405,1.028160,1,0,18.3023,0,0,0,18.3023,0
50.7911,2.23718,0,0,0.823271,0.0419239,0.36288,3.6288,55.7339,1.27673,0,0,0.37667,0.312316,0,0.66528,12.849,1,0.546391,0.36288,0,18.8808,6.029,12.6683,0.84672,12.849,0.84672,3695.15,0,18.483,0,0.227405,1.97723,2.72169,1.47094,3.45538,0.42336,18.483,0.42336,0,0,442.007,0,0.416707,0,0,0.644112,0.227405,1.028160,1,0,16.1237,0,0,0,16.1237,0
48.832,2.20785,0,0,0.652761,0.0411392,0.36288,3.6288,54.2927,1.4141,0,0,0.282723,0.309854,0,0.66528,12.849,1,0.558535,0.36288,0,20.7318,6.029,14.5071,0.84672,12.849,0.84672,3695.15,0,18.483,0,0.204422,1.97728,2.18532,1.47094,2.89609,0.42336,18.483,0.42336,0,0,442.007,0,0.279336,0,0,0.483759,0.204422,1.028160,1,0,17.4032,0,0,0,17.4032,0
47.0475,2.17473,0,0,0.793394,0.0402912,0.36288,3.6288,53.3445,1.09582,0,0,0.454544,0.306928,0,0.66528,12.849,1,0.57223,0.36288,0,18.0717,6.029,11.8333,0.84672,12.849,0.84672,3695.15,0,18.483,0,0.204422,1.97734,3.14878,1.47094,3.8596,0.42336,18.483,0.42336,0,0,442.007,0,0.597617,0,0,0.802039,0.204422,1.028160,1,0,15.6929,0,0,0,15.6929,0
45.1248,2.14313,0,0,0.625812,0.0425379,0.36288,3.6288,52.0711,1.31748,0,0,0.345024,0.300891,0,0.66528,12.849,1,0.585304,0.36288,0,18.9342,5.64881,13.063,0.84672,12.849,0.84672,3695.15,0,18.483,0,0.204422,1.97739,3.08387,1.34971,3.91597,0.42336,18.483,0.42336,0,0,442.007,0,0.375961,0,0,0.580383,0.204422,1.028160,1,0,16.9789,0,0,0,16.9789,0
43.392,2.04311,0,0,0.723142,0.0498811,0.36288,3.6288,50.7992,1.31561,0,0,0.370731,0.326998,0,0.66528,12.849,1,0.581762,0.36288,0,19.5491,5.93703,13.3932,0.84672,12.849,0.84672,3695.15,0,18.483,0,0.204422,1.97744,3.44104,1.53136,4.09154,0.42336,18.483,0.42336,0,0,442.007,0,0.331055,0,0,0.535478,0.204422,1.028160,1,0,17.4848,0,0,0,17.4848,0
41.7542,2.01037,0,0,0.829907,0.0944711,0.36288,3.6288,49.5251,1.34874,0,0,0.359779,0.285148,0,0.66528,12.849,1,0.595299,0.36288,0,16.7563,5.60574,10.9182,0.84672,12.849,0.84672,3695.15,0,18.483,0,0.216518,1.92094,2.50816,1.41758,3.22804,0.42336,18.483,0.42336,0,0,442.007,0,0.298058,0,0,0.514577,0.216518,1.028160,1,0,14.1462,0,0,0,14.1462,0
40.6123,1.97799,0,0,1.29162,0.0926933,0.36288,3.6288,48.8625,0.976966,0,0,0.596518,0.28219,0,0.66528,12.849,1,0.608687,0.36288,0,27.2386,5.60574,21.387,0.84672,12.849,0.84672,3695.15,0,18.483,0,0.216518,1.92109,4.474,1.41758,5.19403,0.42336,18.483,0.42336,0,0,442.007,0,0.669961,0,0,0.88648,0.216518,1.028160,1,0,26.581,0,0,0,26.581,0
39.3914,1.95459,0,0,1.18807,0.0914538,0.36288,3.6288,48.0722,1.05824,0,0,0.548632,0.280651,0,0.66528,12.849,1,0.618397,0.36288,0,49.3525,5.60574,43.4912,0.84672,12.849,0.84672,3695.15,0,18.483,0,0.216518,1.92124,3.78161,1.41758,4.50179,0.42336,18.483,0.42336,0,0,442.007,0,0.588816,0,0,0.805334,0.216518,1.028160,1,0,47.993,0,0,0,47.993,0
38.3087,1.87888,0,0,1.3348,0.175797,0.36288,3.6288,47.8387,0.63001,0,0,0.628513,0.232063,0,0.66528,12.849,1,0.612869,0.36288,0,42.0206,4.17501,37.5956,0.84672,12.849,0.84672,3695.15,0,18.483,0,0.216518,1.92139,4.81384,1.12563,5.82612,0.42336,18.483,0.42336,0,0,442.007,0,0.941388,0,0,1.15791,0.216518,1.028160,1,0,43.4217,0,0,0,43.4217,0
38.8397,1.85579,0,0,2.93738,0.187702,0.36288,3.6288,48.9491,0.543362,0,0,1.8776,0.223834,0,0.66528,12.849,1,0.622447,0.36288,0,78.5713,3.93656,74.3752,0.84672,12.849,0.84672,3695.15,0,18.483,0,2.53424,1.84623,10.202,1.07697,13.5055,0.42336,18.483,0.42336,0,0,442.007,0,1.02816,0,0,3.5624,2.53424,1.028160,1,0,87.8807,0,0,0,87.8807,0
38.2929,1.86743,0,0,1.87241,0.188864,0.36288,3.6288,49.2709,0.543485,0,0,1.09118,0.225908,0,0.66528,12.849,1,0.617785,0.36288,0,52.588,3.93656,48.3965,0.84672,12.849,0.84672,3695.15,0,18.483,0,0.891821,1.84637,7.17014,1.07697,8.83136,0.42336,18.483,0.42336,0,0,442.007,0,1.02816,0,0,1.91998,0.891821,1.028160,1,0,57.2279,0,0,0,57.2279,0
39.0684,1.85574,0,0,3.18183,0.187667,0.36288,3.6288,49.8838,0.543608,0,0,1.38307,0.226509,0,0.66528,12.849,1,0.622685,0.36288,0,92.6353,3.93656,88.439,0.84672,12.849,0.84672,3695.15,0,18.483,0,0.885151,1.84652,9.28258,1.07697,10.9373,0.42336,18.483,0.42336,0,0,442.007,0,1.02816,0,0,1.91331,0.885151,1.028160,1,0,99.3762,0,0,0,99.3762,0
39.8729,1.73159,0,0,3.11326,0.214333,0.36288,3.6288,50.9124,0.38584,0,0,1.65431,0.239924,0,0.66528,12.849,1,0.569492,0.36288,0,71.3795,4.48347,66.6895,0.84672,12.849,0.84672,3695.15,0,18.483,0,1.94207,1.84666,11.3495,1.14629,13.9919,0.42336,18.483,0.42336,0,0,442.007,0,1.02816,0,0,2.97023,1.94207,1.028160,1,0,80.6814,0,0,0,80.6814,0
40.8743,1.74741,0,0,3.32525,0.213541,0.36288,3.6288,51.8471,0.385951,0,0,1.54049,0.219756,0,0.66528,12.849,1,0.563102,0.36288,0,97.4488,4.17049,93.0781,0.84672,12.849,0.84672,3695.15,0,18.483,0,1.26928,1.6772,10.8773,0.994346,12.8295,0.42336,18.483,0.42336,0,0,442.007,0,1.02816,0,0,2.29744,1.26928,1.028160,1,0,105.908,0,0,0,105.908,0
42.2699,1.76659,0,0,3.74119,0.216102,0.36288,3.6288,52.9444,0.386062,0,0,1.70478,0.221427,0,0.66528,12.849,1,0.555336,0.36288,0,151.243,4.17049,146.88,0.84672,12.849,0.84672,3695.15,0,18.483,0,1.78457,1.67733,9.97237,0.994346,12.4399,0.42336,18.483,0.42336,0,0,442.007,0,1.02816,0,0,2.81273,1.78457,1.028160,1,0,159.32,0,0,0,159.32,0
43.8448,1.79241,0,0,3.94535,0.215212,0.36288,3.6288,54.143,0.386173,0,0,1.78967,0.204959,0,0.66528,12.849,1,0.544848,0.36288,0,104.784,3.94581,100.656,0.84672,12.849,0.84672,3695.15,0,18.483,0,1.09398,1.67746,8.59231,0.972269,10.3915,0.42336,18.483,0.42336,0,0,442.007,0,1.02816,0,0,2.12214,1.09398,1.028160,1,0,111.048,0,0,0,111.048,0
47.2123,1.82039,0,0,5.76756,0.216735,0.36288,3.6288,55.44,0.386283,0,0,1.87193,0.188656,0,0.66528,12.849,1,0.533476,0.36288,0,75.7453,3.79889,71.7758,0.84672,12.849,0.84672,3695.15,0,18.483,0,1.12882,1.67759,13.6613,0.957748,15.51,0.42336,18.483,0.42336,0,0,442.007,0,1.02816,0,0,2.15698,1.12882,1.028160,1,0,87.2859,0,0,0,87.2859,0
50.7274,1.93508,0,0,6.06072,0.247705,0.36288,3.6288,56.1183,0.432128,0,0,1.3408,0.230304,0,0.66528,12.849,1,0.526639,0.36288,0,64.0488,4.71481,59.1703,0.84672,12.849,0.84672,3695.15,0,18.483,0,0.854366,1.67772,6.89051,1.04725,8.37535,0.42336,18.483,0.42336,0,0,442.007,0,1.02816,0,0,1.88253,0.854366,1.028160,1,0,67.5456,0,0,0,67.5456,0
52.7756,1.99023,0,0,4.65857,0.257255,0.36288,3.6288,56.2811,0.576831,0,0,0.970894,0.23133,0,0.66528,12.849,1,0.504116,0.36288,0,70.6838,4.71481,65.8278,0.84672,12.849,0.84672,3695.15,0,18.483,0,0.503194,1.73151,6.749,1.04725,7.93646,0.42336,18.483,0.42336,0,0,442.007,0,0.883561,0,0,1.38675,0.503194,1.028160,1,0,73.7642,0,0,0,73.7642,0
56.0174,2.02031,0,0,5.88774,0.262784,0.36288,3.6288,56.4892,0.534141,0,0,0.97384,0.231576,0,0.66528,12.849,1,0.491875,0.36288,0,104.345,4.71481,99.5015,0.84672,12.849,0.84672,3695.15,0,18.483,0,0.503194,1.73163,6.49237,1.04725,7.67995,0.42336,18.483,0.42336,0,0,442.007,0,0.926355,0,0,1.42955,0.503194,1.028160,1,0,107.181,0,0,0,107.181,0
57.2725,2.06497,0,0,3.95458,0.271536,0.36288,3.6288,55.8779,1.05938,0,0,0.679971,0.231891,0,0.66528,12.849,1,0.473654,0.36288,0,60.5012,4.71481,55.6756,0.84672,12.849,0.84672,3695.15,0,18.483,0,0.503194,1.73176,5.62329,1.04725,6.811,0.42336,18.483,0.42336,0,0,442.007,0,0.401216,0,0,0.904409,0.503194,1.028160,1,0,62.4866,0,0,0,62.4866,0
58.2242,2.28451,0,0,3.88799,0.288926,0.36288,3.6288,55.2015,1.07049,0,0,0.616359,0.222269,0,0.66528,12.849,1,0.512525,0.36288,0,67.0096,4.15134,62.7086,0.84672,12.849,0.84672,3695.15,0,18.483,0,0.503194,1.73188,4.51526,0.997444,5.7529,0.42336,18.483,0.42336,0,0,442.007,0,0.561963,0,0,1.06516,0.503194,1.028160,1,0,68.4615,0,0,0,68.4615,0
60.5324,2.29795,0,0,5.26198,0.292989,0.36288,3.6288,55.2803,0.604408,0,0,0.916142,0.232915,0,0.66528,12.849,1,0.507115,0.36288,0,88.274,4.11306,84.0167,0.84672,12.849,0.84672,3695.15,0,18.483,0,1.02265,1.92356,6.15687,1.04972,8.05336,0.42336,18.483,0.42336,0,0,442.007,0,1.02816,0,0,2.05081,1.02265,1.028160,1,0,92.0701,0,0,0,92.0701,0
62.9126,2.32919,0,0,5.38396,0.311688,0.36288,3.6288,55.3052,0.604524,0,0,0.856025,0.226615,0,0.66528,12.849,1,0.494408,0.36288,0,92.2527,4.1109,88.0103,0.84672,12.849,0.84672,3695.15,0,18.483,0,0.796357,1.92369,6.65096,1.057,8.31401,0.42336,18.483,0.42336,0,0,442.007,0,1.02816,0,0,1.82452,0.796357,1.028160,1,0,96.3243,0,0,0,96.3243,0
65.3956,2.3598,0,0,5.55466,0.348972,0.36288,3.6288,55.6281,0.60464,0,0,1.13813,0.210598,0,0.66528,12.849,1,0.481956,0.36288,0,80.2302,4.1055,76.0056,0.84672,12.849,0.84672,3695.15,0,18.483,0,1.218,1.92383,8.33613,1.0752,10.4028,0.42336,18.483,0.42336,0,0,442.007,0,1.02816,0,0,2.24616,1.218,1.028160,1,0,86.4084,0,0,0,86.4084,0
71.3578,2.08718,0,0,8.75123,0.338973,0.36288,3.6288,56.6174,0.374203,0,0,1.57086,0.207286,0,0.66528,12.849,1,0.410091,0.36288,0,106.222,4.08735,102.087,0.84672,12.849,0.84672,3695.15,0,18.483,0,4.08148,1.92397,11.0937,1.02966,16.0695,0.42336,18.483,0.42336,0,0,442.007,0,1.02816,0,0,5.10964,4.08148,1.028160,1,0,118.157,0,0,0,118.157,0
72.29,2.14539,0,0,8.38659,0.347997,4.96099,3.6288,57.3221,0.374303,0,0,1.28604,0.207118,0,0.66528,12.849,1,0.386308,4.96099,0,113.667,4.08009,114.162,0.84672,12.849,0.84672,3695.15,0,18.483,0,2.60435,1.662,9.70834,1.01144,12.9632,0.42336,18.483,0.42336,0,0,442.007,0,1.02816,0,0,3.63251,2.60435,1.028160,1,0,127.125,0,0,0,127.125,0
72.29,2.15402,0,0,5.88412,0.350476,3.37962,3.6288,57.714,0.374403,0,0,0.974428,0.208068,0,0.66528,12.849,1,0.38286,3.37962,0,110.678,4.08009,109.595,0.84672,12.849,0.84672,3695.15,0,18.483,0,2.11535,1.66212,8.76753,1.01144,11.5336,0.42336,18.483,0.42336,0,0,442.007,0,1.02816,0,0,3.14351,2.11535,1.028160,1,0,121.129,0,0,0,121.129,0
72.29,2.15417,0,0,6.00589,0.293835,3.55788,3.6288,57.901,0.374503,0,0,0.740655,0.179199,0,0.66528,12.849,1,0.382887,3.55788,0,96.298,3.64411,95.8289,0.84672,12.849,0.84672,3695.15,0,18.483,0,1.56114,1.66224,7.98811,0.948809,10.2627,0.42336,18.483,0.42336,0,0,442.007,0,1.02816,0,0,2.5893,1.56114,1.028160,1,0,106.092,0,0,0,106.092,0
72.29,2.15432,0,0,5.5387,0.287591,3.09678,3.6288,58.1784,0.374603,0,0,0.829911,0.177844,0,0.66528,12.849,1,0.382915,3.09678,0,97.8212,3.48263,97.0525,0.84672,12.849,0.84672,3695.15,0,18.483,0,1.97275,1.66236,7.87527,0.972121,10.5383,0.42336,18.483,0.42336,0,0,442.007,0,1.02816,0,0,3.00091,1.97275,1.028160,1,0,107.591,0,0,0,107.591,0
72.29,2.2332,0,0,5.79626,0.324246,3.23881,3.6288,58.165,0.431125,0,0,0.589736,0.172004,0,0.66528,12.849,1,0.396934,3.23881,0,84.0188,3.46808,83.3926,0.84672,12.849,0.84672,3695.15,0,18.483,0,0.6149,1.66248,6.87108,0.966617,8.18184,0.42336,18.483,0.42336,0,0,442.007,0,1.02816,0,0,1.64306,0.6149,1.028160,1,0,91.5745,0,0,0,91.5745,0
72.29,2.23336,0,0,6.50144,0.323516,3.94457,3.6288,58.7354,0.431228,0,0,1.16828,0.166705,0,0.66528,12.849,1,0.396962,3.94457,0,86.2367,3.46027,86.324,0.84672,12.849,0.84672,3695.15,0,18.483,0,1.40497,1.72733,7.2057,0.945549,9.39245,0.42336,18.483,0.42336,0,0,442.007,0,1.02816,0,0,2.43313,1.40497,1.028160,1,0,95.7165,0,0,0,95.7165,0
72.29,2.23351,0,0,5.49367,0.323516,2.93664,3.6288,59.4139,0.431332,0,0,1.27719,0.167319,0,0.66528,12.849,1,0.39699,2.93664,0,104.89,3.46027,103.969,0.84672,12.849,0.84672,3695.15,0,18.483,0,1.98322,1.72745,9.03148,0.945549,11.7966,0.42336,18.483,0.42336,0,0,442.007,0,1.02816,0,0,3.01138,1.98322,1.028160,1,0,115.766,0,0,0,115.766,0
72.29,2.23367,0,0,4.00705,0.317734,1.45564,3.6288,59.7186,0.431436,0,0,0.888503,0.152437,0,0.66528,12.849,1,0.397019,1.45564,0,93.8805,3.0286,91.9105,0.84672,12.849,0.84672,3695.15,0,18.483,0,1.20771,1.72758,5.94913,0.885161,7.99926,0.42336,18.483,0.42336,0,0,442.007,0,1.02816,0,0,2.23587,1.20771,1.028160,1,0,99.9098,0,0,0,99.9098,0
72.29,2.20304,0,0,4.33026,0.253437,1.87378,3.6288,59.8424,0.438063,0,0,0.764225,0.202352,0,0.66528,12.849,1,0.391574,1.87378,0,73.3933,3.38258,71.493,0.84672,12.849,0.84672,3695.15,0,18.483,0,0.528595,1.7277,5.18601,1.01122,6.43109,0.42336,18.483,0.42336,0,0,442.007,0,0.999717,0,0,1.52831,0.528595,1.028160,1,0,77.9241,0,0,0,77.9241,0
72.29,2.2032,0,0,3.91128,0.253437,1.45465,3.6288,59.5912,0.716201,0,0,0.6675,0.202512,0,0.66528,12.849,1,0.391602,1.45465,0,68.4072,3.38258,66.0877,0.84672,12.849,0.84672,3695.15,0,18.483,0,0.528595,1.70262,4.85784,1.01122,6.07783,0.42336,18.483,0.42336,0,0,442.007,0,0.721682,0,0,1.25028,0.528595,1.028160,1,0,72.1655,0,0,0,72.1655,0
72.29,2.20336,0,0,4.69994,0.23519,2.26139,3.6288,59.4835,0.541611,0,0,0.644992,0.210992,0,0.66528,12.849,1,0.39163,2.26139,0,73.6361,4.08435,71.4215,0.84672,12.849,0.84672,3695.15,0,18.483,0,0.402797,1.70274,6.52597,1.03889,7.59262,0.42336,18.483,0.42336,0,0,442.007,0,0.896374,0,0,1.29917,0.402797,1.028160,1,0,79.0142,0,0,0,79.0142,0
72.29,2.20352,0,0,3.61743,0.188027,1.22589,3.6288,59.3019,0.572472,0,0,0.620333,0.229516,0,0.66528,12.849,1,0.391658,1.22589,0,52.8951,5.13939,48.59,0.84672,12.849,0.84672,3695.15,0,18.483,0,0.402797,1.70286,4.90233,1.12648,5.8815,0.42336,18.483,0.42336,0,0,442.007,0,0.865616,0,0,1.26841,0.402797,1.028160,1,0,54.4715,0,0,0,54.4715,0
72.29,2.30821,0,0,3.61172,0.177572,1.12594,3.6288,59.2033,0.633085,0,0,0.732504,0.19802,0,0.66528,12.849,1,0.410266,1.12594,0,51.3383,4.70388,47.3501,0.84672,12.849,0.84672,3695.15,0,18.483,0,0.402797,1.70298,5.19464,1.04594,6.25448,0.42336,18.483,0.42336,0,0,442.007,0,0.882861,0,0,1.28566,0.402797,1.028160,1,0,53.6045,0,0,0,53.6045,0
72.29,2.30837,0,0,3.44177,0.157118,0.97628,3.6288,59.0819,0.667381,0,0,0.7269,0.180954,0,0.66528,12.849,1,0.410296,0.97628,0,55.0924,4.41798,51.2404,0.84672,12.849,0.84672,3695.15,0,18.483,0,0.402797,1.79126,4.87173,0.943674,6.12211,0.42336,18.483,0.42336,0,0,442.007,0,0.848673,0,0,1.25147,0.402797,1.028160,1,0,57.3625,0,0,0,57.3625,0
72.29,2.30854,0,0,3.13017,0.157118,0.664514,3.6288,58.7299,0.758122,0,0,0.587012,0.180813,0,0.66528,12.849,1,0.410325,0.664514,0,50.15,4.41798,45.9862,0.84672,12.849,0.84672,3695.15,0,18.483,0,0.30119,1.79138,4.35551,0.943674,5.50441,0.42336,18.483,0.42336,0,0,442.007,0,0.758039,0,0,1.05923,0.30119,1.028160,1,0,51.4906,0,0,0,51.4906,0
72.29,2.3087,0,0,3.05156,0.162938,0.579923,3.6288,58.2053,0.811876,0,0,0.479974,0.192724,0,0.66528,12.849,1,0.410354,0.579923,0,45.4602,4.63656,40.9932,0.84672,12.849,0.84672,3695.15,0,18.483,0,0.30119,1.79151,4.17729,0.98691,5.28309,0.42336,18.483,0.42336,0,0,442.007,0,0.704393,0,0,1.00558,0.30119,1.028160,1,0,46.2763,0,0,0,46.2763,0
72.2306,2.30886,0,0,2.75263,0.140275,0.36288,3.6288,57.6416,0.791404,0,0,0.489421,0.261726,0,0.66528,12.849,1,0.410383,0.36288,0,40.9724,5.71666,35.2083,0.84672,12.849,0.84672,3695.15,0,18.483,0,0.30119,1.79164,3.91776,1.22198,4.78862,0.42336,18.483,0.42336,0,0,442.007,0,0.724974,0,0,1.02616,0.30119,1.028160,1,0,39.9969,0,0,0,39.9969,0
71.8741,2.28778,0,0,2.41812,0.123925,0.36288,3.6288,57.2758,0.713786,0,0,0.572483,0.22454,0,0.66528,12.849,1,0.40697,0.36288,0,36.8288,4.80091,31.9838,0.84672,12.849,0.84672,3695.15,0,18.483,0,0.30119,1.79177,3.4003,1.05638,4.43688,0.42336,18.483,0.42336,0,0,442.007,0,0.84545,0,0,1.14664,0.30119,1.028160,1,0,36.4207,0,0,0,36.4207,0
71.3042,2.28451,0,0,2.20107,0.12359,0.36288,3.6288,56.7601,0.827133,0,0,0.535445,0.224009,0,0.66528,12.849,1,0.408405,0.36288,0,35.3555,4.80091,30.509,0.84672,12.849,0.84672,3695.15,0,18.483,0,0.261274,1.81937,3.19428,1.05638,4.21854,0.42336,18.483,0.42336,0,0,442.007,0,0.732214,0,0,0.993488,0.261274,1.028160,1,0,34.7276,0,0,0,34.7276,0
70.5773,2.27915,0,0,2.02395,0.10888,0.36288,3.6288,56.1839,0.832195,0,0,0.511212,0.25522,0,0.66528,12.849,1,0.410702,0.36288,0,31.3438,5.22437,26.0716,0.84672,12.849,0.84672,3695.15,0,18.483,0,0.261274,1.8195,3.07358,1.21094,3.94341,0.42336,18.483,0.42336,0,0,442.007,0,0.727263,0,0,0.988537,0.261274,1.028160,1,0,30.015,0,0,0,30.015,0
69.7549,2.27216,0,0,1.90216,0.0894812,0.36288,3.6288,55.5134,0.850623,0,0,0.476897,0.296718,0,0.66528,12.849,1,0.413661,0.36288,0,27.8246,5.78896,21.9849,0.84672,12.849,0.84672,3695.15,0,18.483,0,0.261274,1.81963,2.95889,1.41703,3.62276,0.42336,18.483,0.42336,0,0,442.007,0,0.708947,0,0,0.97022,0.261274,1.028160,1,0,25.6076,0,0,0,25.6076,0
69.1382,2.31696,0,0,2.15097,0.087837,0.36288,3.6288,54.9067,0.895343,0,0,0.600293,0.31165,0,0.66528,12.849,1,0.426789,0.36288,0,33.5489,6.0379,27.447,0.84672,12.849,0.84672,3695.15,0,18.483,0,0.261274,1.81976,3.36252,1.48292,3.96063,0.42336,18.483,0.42336,0,0,442.007,0,0.702449,0,0,0.963723,0.261274,1.028160,1,0,31.4077,0,0,0,31.4077,0
68.4369,2.31074,0,0,2.0596,0.087239,0.36288,3.6288,54.3009,0.828773,0,0,0.536036,0.313103,0,0.66528,12.849,1,0.429439,0.36288,0,29.4779,6.07939,23.3319,0.84672,12.849,0.84672,3695.15,0,18.483,0,0.261274,1.86368,3.54458,1.4939,4.17564,0.42336,18.483,0.42336,0,0,442.007,0,0.769133,0,0,1.03041,0.261274,1.028160,1,0,27.5075,0,0,0,27.5075,0
67.6091,2.30354,0,0,1.92536,0.0867635,0.36288,3.6288,53.6013,0.883681,0,0,0.495956,0.311854,0,0.66528,12.849,1,0.432488,0.36288,0,28.0293,6.07939,21.8803,0.84672,12.849,0.84672,3695.15,0,18.483,0,0.227405,1.86381,3.11024,1.4939,3.70756,0.42336,18.483,0.42336,0,0,442.007,0,0.714338,0,0,0.941743,0.227405,1.028160,1,0,25.5878,0,0,0,25.5878,0
66.7647,2.29488,0,0,1.8995,0.0862021,0.36288,3.6288,53.0072,0.820326,0,0,0.536575,0.310317,0,0.66528,12.849,1,0.436138,0.36288,0,26.0084,6.07939,19.8557,0.84672,12.849,0.84672,3695.15,0,18.483,0,0.227405,1.86395,3.51732,1.4939,4.11477,0.42336,18.483,0.42336,0,0,442.007,0,0.777807,0,0,1.00521,0.227405,1.028160,1,0,23.9705,0,0,0,23.9705,0
65.5144,2.43855,0,0,1.6196,0.0684447,0.36288,3.6288,52.1689,1.03544,0,0,0.493198,0.296109,0,0.66528,12.849,1,0.469304,0.36288,0,22.3509,6.22507,16.0194,0.84672,12.849,0.84672,3695.15,0,18.483,0,0.227405,1.86408,3.89847,1.55134,4.43862,0.42336,18.483,0.42336,0,0,442.007,0,0.657997,0,0,0.885401,0.227405,1.028160,1,0,20.458,0,0,0,20.458,0
63.6996,2.42395,0,0,1.03931,0.0672842,0.36288,3.6288,50.955,1.30379,0,0,0.380802,0.290831,0,0.66528,12.849,1,0.475397,0.36288,0,15.7968,6.08916,9.59509,0.84672,12.849,0.84672,3695.15,0,18.483,0,0.227405,1.97979,2.99145,1.54188,3.65677,0.42336,18.483,0.42336,0,0,442.007,0,0.389646,0,0,0.617051,0.227405,1.028160,1,0,13.2519,0,0,0,13.2519,0
62.3783,2.40198,0,0,1.50994,0.0663075,0.36288,3.6288,49.9335,1.17113,0,0,0.437556,0.287988,0,0.66528,12.849,1,0.48451,0.36288,0,17.9915,6.08916,11.7807,0.84672,12.849,0.84672,3695.15,0,18.483,0,0.204422,1.97984,3.3167,1.54188,3.95908,0.42336,18.483,0.42336,0,0,442.007,0,0.522314,0,0,0.726736,0.204422,1.028160,1,0,15.7398,0,0,0,15.7398,0
61.7123,2.38549,0,0,2.17632,0.0939971,0.36288,3.6288,49.1256,1.11008,0,0,0.579172,0.276938,0,0.66528,12.849,1,0.491376,0.36288,0,29.3538,5.95775,23.2676,0.84672,12.849,0.84672,3695.15,0,18.483,0,0.204422,1.97989,3.69248,1.51536,4.36143,0.42336,18.483,0.42336,0,0,442.007,0,0.583356,0,0,0.787778,0.204422,1.028160,1,0,27.629,0,0,0,27.629,0
60.5592,2.37709,0,0,1.65377,0.0668836,0.36288,3.6288,48.1866,1.17698,0,0,0.516253,0.278279,0,0.66528,12.849,1,0.494929,0.36288,0,32.9704,6.17573,26.6626,0.84672,12.849,0.84672,3695.15,0,18.483,0,0.204422,1.97994,2.86625,1.53005,3.52057,0.42336,18.483,0.42336,0,0,442.007,0,0.516456,0,0,0.720878,0.204422,1.028160,1,0,30.1832,0,0,0,30.1832,0
60.1445,2.29004,0,0,2.26398,0.025735,0.36288,3.6288,47.5784,1.04434,0,0,0.721181,0.28507,0,0.66528,12.849,1,0.485884,0.36288,0,31.704,5.38382,26.1971,0.84672,12.849,0.84672,3695.15,0,18.483,0,0.204422,1.97999,3.89488,1.3907,4.68859,0.42336,18.483,0.42336,0,0,442.007,0,0.608576,0,0,0.812998,0.204422,1.028160,1,0,30.8857,0,0,0,30.8857,0
59.8908,2.28483,0,0,2.50044,0.106442,0.36288,3.6288,47.4421,0.858631,0,0,0.963507,0.241142,0,0.66528,12.849,1,0.488121,0.36288,0,29.98,4.19307,25.6617,0.84672,12.849,0.84672,3695.15,0,18.483,0,0.216518,1.92823,4.94245,1.11338,5.97382,0.42336,18.483,0.42336,0,0,442.007,0,0.794405,0,0,1.01092,0.216518,1.028160,1,0,31.6355,0,0,0,31.6355,0
59.4793,2.28168,0,0,2.34479,0.111767,0.36288,3.6288,47.3908,0.844777,0,0,1.03613,0.242687,0,0.66528,12.849,1,0.489513,0.36288,0,35.6689,4.22562,31.3166,0.84672,12.849,0.84672,3695.15,0,18.483,0,0.216518,1.92837,5.20478,1.13202,6.21765,0.42336,18.483,0.42336,0,0,442.007,0,0.808376,0,0,1.02489,0.216518,1.028160,1,0,37.5343,0,0,0,37.5343,0
59.3376,2.27644,0,0,2.60897,0.111327,0.36288,3.6288,47.6039,0.708167,0,0,1.16389,0.242582,0,0.66528,12.849,1,0.491767,0.36288,0,53.7789,4.22562,49.4244,0.84672,12.849,0.84672,3695.15,0,18.483,0,0.216518,1.92851,6.00476,1.13202,7.01776,0.42336,18.483,0.42336,0,0,442.007,0,0.945104,0,0,1.16162,0.216518,1.028160,1,0,56.4422,0,0,0,56.4422,0
59.7873,2.21596,0,0,3.21998,0.191463,0.36288,3.6288,48.8533,0.549156,0,0,2.04075,0.242201,0,0.66528,12.849,1,0.479846,0.36288,0,110.87,4.3271,106.426,0.84672,12.849,0.84672,3695.15,0,18.483,0,1.38212,1.92864,10.0193,1.20202,12.128,0.42336,18.483,0.42336,0,0,442.007,0,1.02816,0,0,2.41028,1.38212,1.028160,1,0,118.554,0,0,0,118.554,0
60.9043,2.22189,0,0,3.92634,0.224545,0.36288,3.6288,50.3089,0.549268,0,0,2.24925,0.244402,0,0.66528,12.849,1,0.477512,0.36288,0,73.9377,4.36768,69.4553,0.84672,12.849,0.84672,3695.15,0,18.483,0,2.89742,1.85318,10.2044,1.23002,13.725,0.42336,18.483,0.42336,0,0,442.007,0,1.02816,0,0,3.92558,2.89742,1.028160,1,0,83.1804,0,0,0,83.1804,0
61.7213,2.23616,0,0,3.64283,0.22679,0.36288,3.6288,52.2329,0.549381,0,0,2.72072,0.247346,0,0.66528,12.849,1,0.471762,0.36288,0,86.6583,4.36768,82.1818,0.84672,12.849,0.84672,3695.15,0,18.483,0,3.09394,1.85331,11.4052,1.23002,15.1225,0.42336,18.483,0.42336,0,0,442.007,0,1.02816,0,0,4.1221,3.09394,1.028160,1,0,97.3042,0,0,0,97.3042,0
62.6052,2.24642,0,0,3.73012,0.236905,0.36288,3.6288,53.6198,0.549493,0,0,2.16456,0.228151,0,0.66528,12.849,1,0.467654,0.36288,0,96.0664,4.43189,91.5298,0.84672,12.849,0.84672,3695.15,0,18.483,0,1.97793,1.85344,11.1437,1.1504,13.8247,0.42336,18.483,0.42336,0,0,442.007,0,1.02816,0,0,3.00609,1.97793,1.028160,1,0,105.354,0,0,0,105.354,0
63.0962,2.08731,0,0,3.17593,0.234731,0.36288,3.6288,54.6819,0.391124,0,0,1.65319,0.200042,0,0.66528,12.849,1,0.428395,0.36288,0,70.5339,3.91713,66.5513,0.84672,12.849,0.84672,3695.15,0,18.483,0,0.907511,1.85358,7.82756,1.0708,9.51785,0.42336,18.483,0.42336,0,0,442.007,0,1.02816,0,0,1.93567,0.907511,1.028160,1,0,76.0691,0,0,0,76.0691,0
63.3608,2.09289,0,0,3.00569,0.285384,0.36288,3.6288,55.8896,0.391225,0,0,1.82022,0.221209,0,0.66528,12.849,1,0.426198,0.36288,0,58.2388,4.75461,53.4209,0.84672,12.849,0.84672,3695.15,0,18.483,0,0.311023,1.68346,8.68088,1.18158,9.49379,0.42336,18.483,0.42336,0,0,442.007,0,1.02816,0,0,1.33918,0.311023,1.028160,1,0,62.9146,0,0,0,62.9146,0
63.484,2.09594,0,0,2.86806,0.286,0.36288,3.6288,56.6237,0.634611,0,0,1.59168,0.222972,0,0.66528,12.849,1,0.425038,0.36288,0,87.7313,4.75461,82.9146,0.84672,12.849,0.84672,3695.15,0,18.483,0,0.412474,1.68358,8.31315,1.18158,9.22763,0.42336,18.483,0.42336,0,0,442.007,0,0.784875,0,0,1.19735,0.412474,1.028160,1,0,92.1422,0,0,0,92.1422,0
70.6393,2.09744,0,0,9.8953,0.279656,0.36288,3.6288,60.3222,0.391427,0,0,4.3412,0.251281,0,0.66528,12.849,1,0.424515,0.36288,0,180.189,4.85817,175.269,0.84672,12.849,0.84672,3695.15,0,18.483,0,3.35008,1.6837,32.041,1.26149,35.8133,0.42336,18.483,0.42336,0,0,442.007,0,1.02816,0,0,4.37824,3.35008,1.028160,1,0,211.082,0,0,0,211.082,0
72.29,2.17023,0,0,7.42908,0.303264,3.30492,3.6288,61.308,0.391528,0,0,3.27567,0.216731,1.68165,0.66528,12.849,1,0.394755,3.30492,0,160.233,4.2525,158.891,0.84672,12.849,0.84672,3695.15,0,18.483,0,2.79647,1.68382,15.3061,1.19628,18.5901,0.42336,18.483,0.42336,0,0,442.007,0,1.02816,0,0,3.82463,2.79647,1.028160,1,0,179.163,0,0,0,179.163,0
72.29,2.25418,0,0,5.14216,0.271346,2.61663,3.6288,61.308,0.437532,0,0,1.5255,0.203951,0.884013,0.66528,12.849,1,0.400664,2.61663,0,98.0407,3.74745,96.5092,0.84672,12.849,0.84672,3695.15,0,18.483,0,1.87963,1.68394,8.43564,0.968073,11.0311,0.42336,18.483,0.42336,0,0,442.007,0,1.02816,0,0,2.90779,1.87963,1.028160,1,0,108.424,0,0,0,108.424,0
72.29,2.25433,0,0,5.8413,0.271346,3.31562,3.6288,61.308,0.437625,0,0,1.32386,0.203951,0.682279,0.66528,12.849,1,0.40069,3.31562,0,56.3396,3.74745,55.5071,0.84672,12.849,0.84672,3695.15,0,18.483,0,1.77916,1.73792,7.44315,0.968073,9.99216,0.42336,18.483,0.42336,0,0,442.007,0,1.02816,0,0,2.80732,1.77916,1.028160,1,0,66.1815,0,0,0,66.1815,0
72.29,2.25447,0,0,8.07002,0.285315,5.53023,3.6288,61.308,0.437719,0,0,1.32973,0.22143,0.670582,0.66528,12.849,1,0.400715,5.53023,0,157.25,3.87498,158.504,0.84672,12.849,0.84672,3695.15,0,18.483,0,1.91425,1.73803,10.519,1.01259,13.1587,0.42336,18.483,0.42336,0,0,442.007,0,1.02816,0,0,2.94241,1.91425,1.028160,1,0,172.334,0,0,0,172.334,0
72.29,2.25462,0,0,11.6775,0.318446,9.10442,3.6288,61.308,0.437813,0,0,2.9542,0.222877,2.29351,0.66528,12.849,1,0.400741,9.10442,0,223.476,4.11065,228.069,0.84672,12.849,0.84672,3695.15,0,18.483,0,4.30432,1.73814,16.4699,1.03078,21.4816,0.42336,18.483,0.42336,0,0,442.007,0,1.02816,0,0,5.33248,4.30432,1.028160,1,0,251.844,0,0,0,251.844,0
72.29,2.47468,0,0,12.1986,0.289483,9.43448,3.6288,61.308,0.610285,0,0,2.86102,0.209572,2.04116,0.66528,12.849,1,0.439856,9.43448,0,228.848,3.93031,233.912,0.84672,12.849,0.84672,3695.15,0,18.483,0,6.26982,1.73825,13.7504,1.02171,20.7368,0.42336,18.483,0.42336,0,0,442.007,0,1.02816,0,0,7.29798,6.26982,1.028160,1,0,256.69,0,0,0,256.69,0
72.29,2.47484,0,0,10.2665,0.298551,7.49309,3.6288,61.308,0.61039,0,0,1.95829,0.164295,1.18361,0.66528,12.849,1,0.439884,7.49309,0,245.561,3.12932,249.485,0.84672,12.849,0.84672,3695.15,0,18.483,0,5.49361,1.93062,13.2531,0.868494,19.8088,0.42336,18.483,0.42336,0,0,442.007,0,1.02816,0,0,6.52177,5.49361,1.028160,1,0,270.477,0,0,0,270.477,0
72.29,2.475,0,0,8.83699,0.298551,6.06344,3.6288,61.308,0.610495,0,0,1.54714,0.164295,0.772349,0.66528,12.849,1,0.439913,6.06344,0,201.953,3.12932,204.447,0.84672,12.849,0.84672,3695.15,0,18.483,0,4.28265,1.93074,9.86299,0.868494,15.2079,0.42336,18.483,0.42336,0,0,442.007,0,1.02816,0,0,5.31081,4.28265,1.028160,1,0,220.428,0,0,0,220.428,0
72.29,2.47516,0,0,12.718,0.298551,9.94428,3.6288,61.308,0.6106,0,0,2.20761,0.164295,1.43271,0.66528,12.849,1,0.439941,9.94428,0,262.09,3.12932,268.465,0.84672,12.849,0.84672,3695.15,0,18.483,0,6.86647,1.93087,16.504,0.868494,24.4328,0.42336,18.483,0.42336,0,0,442.007,0,1.02816,0,0,7.89463,6.86647,1.028160,1,0,294.331,0,0,0,294.331,0
72.29,2.16156,0,0,13.769,0.275635,11.3318,3.6288,61.308,0.379312,0,0,3.02899,0.216188,2.43349,0.66528,12.849,1,0.3842,11.3318,0,354.691,4.19276,361.446,0.84672,12.849,0.84672,3695.15,0,18.483,0,9.27979,1.93099,21.7356,1.15624,31.7902,0.42336,18.483,0.42336,0,0,442.007,0,1.02816,0,0,10.308,9.27979,1.028160,1,0,395.67,0,0,0,395.67,0
72.29,2.16169,0,0,8.19815,0.324025,5.71243,3.6288,61.308,0.379402,0,0,1.22906,0.141814,0.707842,0.66528,12.849,1,0.384225,5.71243,0,212.072,3.1043,214.296,0.84672,12.849,0.84672,3695.15,0,18.483,0,3.683,1.66806,11.6396,0.908916,16.0818,0.42336,18.483,0.42336,0,0,442.007,0,1.02816,0,0,4.71116,3.683,1.028160,1,0,231.086,0,0,0,231.086,0
72.29,2.16183,0,0,8.64371,0.332681,6.1492,3.6288,61.308,0.379492,0,0,1.40265,0.127772,0.895388,0.66528,12.849,1,0.384249,6.1492,0,219.452,2.90461,222.312,0.84672,12.849,0.84672,3695.15,0,18.483,0,3.76472,1.66816,12.7256,0.867598,17.2909,0.42336,18.483,0.42336,0,0,442.007,0,1.02816,0,0,4.79288,3.76472,1.028160,1,0,240.498,0,0,0,240.498,0
72.29,2.16197,0,0,9.88122,0.332681,7.38657,3.6288,61.308,0.379582,0,0,1.84008,0.127772,1.33272,0.66528,12.849,1,0.384274,7.38657,0,270.026,2.90461,274.124,0.84672,12.849,0.84672,3695.15,0,18.483,0,4.30957,1.66827,15.9847,0.867598,21.0949,0.42336,18.483,0.42336,0,0,442.007,0,1.02816,0,0,5.33773,4.30957,1.028160,1,0,296.551,0,0,0,296.551,0
72.29,2.16211,0,0,11.619,0.303103,9.15377,3.6288,61.308,0.379672,0,0,2.21159,0.124519,1.7074,0.66528,12.849,1,0.384298,9.15377,0,292.701,2.92558,298.545,0.84672,12.849,0.84672,3695.15,0,18.483,0,6.09708,1.66838,18.2018,0.891185,25.0761,0.42336,18.483,0.42336,0,0,442.007,0,1.02816,0,0,7.12524,6.09708,1.028160,1,0,325.328,0,0,0,325.328,0
72.29,2.24125,0,0,11.811,0.284228,9.28549,3.6288,61.308,0.436388,0,0,3.05445,0.189227,2.42883,0.66528,12.849,1,0.398365,9.28549,0,330.896,4.27214,335.511,0.84672,12.849,0.84672,3695.15,0,18.483,0,5.65972,1.66848,23.9342,1.20807,30.0543,0.42336,18.483,0.42336,0,0,442.007,0,1.02816,0,0,6.68788,5.65972,1.028160,1,0,367.995,0,0,0,367.995,0
72.29,2.24139,0,0,9.80795,0.284228,7.28233,3.6288,61.308,0.436481,0,0,2.09847,0.189227,1.47276,0.66528,12.849,1,0.398391,7.28233,0,284.583,4.27214,287.195,0.84672,12.849,0.84672,3695.15,0,18.483,0,4.55623,1.73356,15.4934,1.20807,20.5751,0.42336,18.483,0.42336,0,0,442.007,0,1.02816,0,0,5.58439,4.55623,1.028160,1,0,309.243,0,0,0,309.243,0
72.29,2.24154,0,0,9.25154,0.284228,6.72577,3.6288,61.308,0.436575,0,0,2.08184,0.189227,1.45604,0.66528,12.849,1,0.398416,6.72577,0,231.403,4.27214,233.459,0.84672,12.849,0.84672,3695.15,0,18.483,0,4.61176,1.73367,13.635,1.20807,18.7724,0.42336,18.483,0.42336,0,0,442.007,0,1.02816,0,0,5.63992,4.61176,1.028160,1,0,253.687,0,0,0,253.687,0
72.29,2.24168,0,0,8.11624,0.243243,5.63132,3.6288,61.308,0.436669,0,0,1.74752,0.184453,1.1264,0.66528,12.849,1,0.398442,5.63132,0,225.936,4.36117,226.808,0.84672,12.849,0.84672,3695.15,0,18.483,0,4.56705,1.73378,12.2453,1.12272,17.4234,0.42336,18.483,0.42336,0,0,442.007,0,1.02816,0,0,5.59521,4.56705,1.028160,1,0,245.358,0,0,0,245.358,0
72.29,2.21093,0,0,7.50038,0.170032,5.11943,3.6288,61.308,0.414764,0,0,1.13643,0.192555,0.529108,0.66528,12.849,1,0.392975,5.11943,0,171.189,4.39411,171.522,0.84672,12.849,0.84672,3695.15,0,18.483,0,2.42273,1.73389,10.7037,1.1133,13.747,0.42336,18.483,0.42336,0,0,442.007,0,1.02816,0,0,3.45089,2.42273,1.028160,1,0,185.798,0,0,0,185.798,0
72.29,2.21107,0,0,6.73739,0.162953,4.36336,3.6288,61.308,0.414856,0,0,1.01196,0.194503,0.402601,0.66528,12.849,1,0.393001,4.36336,0,157.357,4.38848,156.939,0.84672,12.849,0.84672,3695.15,0,18.483,0,1.95024,1.70871,9.54314,1.1224,12.0797,0.42336,18.483,0.42336,0,0,442.007,0,1.02816,0,0,2.9784,1.95024,1.028160,1,0,169.421,0,0,0,169.421,0
72.29,2.21121,0,0,6.35196,0.162953,3.97779,3.6288,61.308,0.414949,0,0,0.956249,0.194503,0.346798,0.66528,12.849,1,0.393026,3.97779,0,145.847,4.38848,145.043,0.84672,12.849,0.84672,3695.15,0,18.483,0,1.82105,1.70882,9.05723,1.1224,11.4647,0.42336,18.483,0.42336,0,0,442.007,0,1.02816,0,0,2.84921,1.82105,1.028160,1,0,156.854,0,0,0,156.854,0
72.29,2.21135,0,0,6.3206,0.160031,3.94922,3.6288,61.308,0.415041,0,0,1.09483,0.21118,0.468614,0.66528,12.849,1,0.393051,3.94922,0,145.598,4.50764,144.646,0.84672,12.849,0.84672,3695.15,0,18.483,0,1.92307,1.70893,9.48214,1.24442,11.8697,0.42336,18.483,0.42336,0,0,442.007,0,1.02816,0,0,2.95123,1.92307,1.028160,1,0,156.985,0,0,0,156.985,0
72.29,2.3164,0,0,6.06792,0.113897,3.63763,3.6288,61.308,0.493165,0,0,0.9875,0.222092,0.272243,0.66528,12.849,1,0.411722,3.63763,0,127.742,4.61223,126.355,0.84672,12.849,0.84672,3695.15,0,18.483,0,1.81126,1.70904,8.71145,1.24366,10.9881,0.42336,18.483,0.42336,0,0,442.007,0,1.02816,0,0,2.83942,1.81126,1.028160,1,0,137.616,0,0,0,137.616,0
72.29,2.31655,0,0,5.58687,0.0972587,3.17306,3.6288,61.308,0.493263,0,0,0.957044,0.231245,0.232537,0.66528,12.849,1,0.411749,3.17306,0,115.336,4.5381,113.559,0.84672,12.849,0.84672,3695.15,0,18.483,0,1.51324,1.79761,7.72183,1.15424,9.87844,0.42336,18.483,0.42336,0,0,442.007,0,1.02816,0,0,2.5414,1.51324,1.028160,1,0,123.67,0,0,0,123.67,0
72.29,2.3167,0,0,5.40143,0.0972587,2.98748,3.6288,61.308,0.49336,0,0,0.929664,0.231245,0.205059,0.66528,12.849,1,0.411775,2.98748,0,109.217,4.5381,107.255,0.84672,12.849,0.84672,3695.15,0,18.483,0,1.29253,1.79773,7.22822,1.15424,9.16424,0.42336,18.483,0.42336,0,0,442.007,0,1.02816,0,0,2.32069,1.29253,1.028160,1,0,116.624,0,0,0,116.624,0
72.29,2.31684,0,0,5.0114,0.102094,2.59246,3.6288,61.308,0.493457,0,0,0.886058,0.222583,0.170017,0.66528,12.849,1,0.411801,2.59246,0,103.111,4.59276,100.699,0.84672,12.849,0.84672,3695.15,0,18.483,0,2.10927,1.79784,7.24274,1.15403,9.99583,0.42336,18.483,0.42336,0,0,442.007,0,1.02816,0,0,3.13743,2.10927,1.028160,1,0,110.865,0,0,0,110.865,0
72.29,2.31699,0,0,4.77792,0.103653,2.35727,3.6288,61.308,0.493555,0,0,0.874757,0.222106,0.159096,0.66528,12.849,1,0.411828,2.35727,0,92.4661,4.76736,89.6442,0.84672,12.849,0.84672,3695.15,0,18.483,0,1.04348,1.79796,7.11086,1.18264,8.76966,0.42336,18.483,0.42336,0,0,442.007,0,1.02816,0,0,2.07164,1.04348,1.028160,1,0,98.573,0,0,0,98.573,0
72.29,2.29639,0,0,3.94119,0.0912482,1.55355,3.6288,61.3041,0.536553,0,0,0.790845,0.258217,0,0.66528,12.849,1,0.408165,1.55355,0,87.0843,5.56899,82.6607,0.84672,12.849,0.84672,3695.15,0,18.483,0,1.03997,1.79807,5.04242,1.3553,6.52516,0.42336,18.483,0.42336,0,0,442.007,0,1.02816,0,0,2.06813,1.03997,1.028160,1,0,89.1858,0,0,0,89.1858,0
72.29,2.29653,0,0,3.6399,0.0912482,1.25212,3.6288,61.2639,0.536654,0,0,0.75473,0.258211,0,0.66528,12.849,1,0.408191,1.25212,0,78.9402,5.56899,74.2152,0.84672,12.849,0.84672,3695.15,0,18.483,0,0.925206,1.82576,5.02171,1.3553,6.41738,0.42336,18.483,0.42336,0,0,442.007,0,1.02816,0,0,1.95337,0.925206,1.028160,1,0,80.6325,0,0,0,80.6325,0
72.29,2.29668,0,0,3.5228,0.0912482,1.13487,3.6288,61.1801,0.536754,0,0,0.711081,0.258146,0,0.66528,12.849,1,0.408218,1.13487,0,71.3828,5.56899,66.5405,0.84672,12.849,0.84672,3695.15,0,18.483,0,0.707547,1.82588,4.90095,1.3553,6.07908,0.42336,18.483,0.42336,0,0,442.007,0,1.02816,0,0,1.73571,0.707547,1.028160,1,0,72.6195,0,0,0,72.6195,0
72.29,2.29683,0,0,3.38001,0.0756711,1.00751,3.6288,61.0503,0.536854,0,0,0.678318,0.271325,0,0.66528,12.849,1,0.408244,1.00751,0,65.2035,5.68288,60.1199,0.84672,12.849,0.84672,3695.15,0,18.483,0,0.615038,1.82599,4.79829,1.42277,5.81656,0.42336,18.483,0.42336,0,0,442.007,0,1.02816,0,0,1.6432,0.615038,1.028160,1,0,65.9364,0,0,0,65.9364,0
72.29,2.35058,0,0,3.16348,0.0670485,0.745854,3.6288,60.9064,0.575198,0,0,0.741056,0.309716,0,0.66528,12.849,1,0.417798,0.745854,0,51.8719,5.79042,46.4095,0.84672,12.849,0.84672,3695.15,0,18.483,0,0.465005,1.82611,4.40695,1.49767,5.2004,0.42336,18.483,0.42336,0,0,442.007,0,1.02816,0,0,1.49316,0.465005,1.028160,1,0,51.6099,0,0,0,51.6099,0
72.29,2.35073,0,0,2.96726,0.0719071,0.544622,3.6288,60.6879,0.575301,0,0,0.674611,0.317776,0,0.66528,12.849,1,0.417825,0.544622,0,66.5678,5.77269,60.9219,0.84672,12.849,0.84672,3695.15,0,18.483,0,0.593654,1.87018,4.59292,1.49164,5.56511,0.42336,18.483,0.42336,0,0,442.007,0,1.02816,0,0,1.62181,0.593654,1.028160,1,0,66.487,0,0,0,66.487,0
72.2717,2.35088,0,0,2.76742,0.0719071,0.36288,3.6288,60.3927,0.575404,0,0,0.597528,0.317336,0,0.66528,12.849,1,0.417851,0.36288,0,52.6613,5.77269,46.8337,0.84672,12.849,0.84672,3695.15,0,18.483,0,0.572763,1.87029,4.19227,1.49164,5.14368,0.42336,18.483,0.42336,0,0,442.007,0,1.02816,0,0,1.60092,0.572763,1.028160,1,0,51.9773,0,0,0,51.9773,0
72.0034,2.35085,0,0,2.51724,0.0718972,0.36288,3.6288,60.0617,0.575506,0,0,0.561257,0.316741,0,0.66528,12.849,1,0.417952,0.36288,0,48.4237,5.77269,42.5959,0.84672,12.849,0.84672,3695.15,0,18.483,0,0.32222,1.87041,3.83684,1.49164,4.53784,0.42336,18.483,0.42336,0,0,442.007,0,1.02816,0,0,1.35038,0.32222,1.028160,1,0,47.1337,0,0,0,47.1337,0
71.8141,2.50519,0,0,2.75158,0.0727516,0.36288,3.6288,59.7136,0.66528,0,0,0.643448,0.326307,0,0.66528,12.849,1,0.447052,0.36288,0,48.3558,5.8054,42.4663,0.84672,12.849,0.84672,3695.15,0,18.483,0,0.663872,1.87053,5.01001,1.52037,6.02404,0.42336,18.483,0.42336,0,0,442.007,0,1.02816,0,0,1.69203,0.663872,1.028160,1,0,48.4903,0,0,0,48.4903,0
71.2853,2.50335,0,0,2.42963,0.0922408,0.36288,3.6288,59.2054,0.66528,0,0,0.499226,0.342133,0,0.66528,12.849,1,0.447901,0.36288,0,45.1234,5.62548,39.4129,0.84672,12.849,0.84672,3695.15,0,18.483,0,0.241566,1.98211,2.89595,1.5399,3.57973,0.42336,18.483,0.42336,0,0,442.007,0,1.02816,0,0,1.26973,0.241566,1.028160,1,0,42.9926,0,0,0,42.9926,0
70.9198,2.49788,0,0,2.5872,0.0918693,0.36288,3.6288,58.8132,0.66528,0,0,0.614068,0.341023,0,0.66528,12.849,1,0.450238,0.36288,0,57.4207,5.62548,51.7079,0.84672,12.849,0.84672,3695.15,0,18.483,0,0.536803,1.98216,3.23465,1.5399,4.21372,0.42336,18.483,0.42336,0,0,442.007,0,1.02816,0,0,1.56496,0.536803,1.028160,1,0,55.9216,0,0,0,55.9216,0
70.0997,2.49412,0,0,2.12848,0.0916126,0.36288,3.6288,58.0919,0.828291,0,0,0.447218,0.340166,0,0.66528,12.849,1,0.451876,0.36288,0,52.6065,5.62548,46.8921,0.84672,12.849,0.84672,3695.15,0,18.483,0,0.204422,1.9822,2.64934,1.5399,3.29606,0.42336,18.483,0.42336,0,0,442.007,0,0.865149,0,0,1.06957,0.204422,1.028160,1,0,50.1881,0,0,0,50.1881,0
69.8129,2.48537,0,0,2.65245,0.0910365,0.36288,3.6288,57.8628,0.66528,0,0,0.774709,0.33859,0,0.66528,12.849,1,0.455558,0.36288,0,51.2788,5.62548,45.5607,0.84672,12.849,0.84672,3695.15,0,18.483,0,1.08548,1.98224,4.13208,1.5399,5.65991,0.42336,18.483,0.42336,0,0,442.007,0,1.02816,0,0,2.11364,1.08548,1.028160,1,0,51.2206,0,0,0,51.2206,0
70.7294,2.40664,0,0,3.72218,0.0361599,0.36288,3.6288,57.578,0.630409,0,0,0.713215,0.367576,0,0.66528,12.849,1,0.44294,0.36288,0,85.8012,5.85921,79.862,0.84672,12.849,0.84672,3695.15,0,18.483,0,0.976899,1.98229,5.89621,1.65309,7.20231,0.42336,18.483,0.42336,0,0,442.007,0,1.02816,0,0,2.00506,0.976899,1.028160,1,0,87.0643,0,0,0,87.0643,0
71.278,2.41649,0,0,3.49779,0.169791,0.36288,3.6288,57.4731,0.630515,0,0,0.805732,0.280085,0,0.66528,12.849,1,0.43899,0.36288,0,77.8075,3.66555,74.0659,0.84672,12.849,0.84672,3695.15,0,18.483,0,1.08776,1.93482,5.86981,1.10487,7.78752,0.42336,18.483,0.42336,0,0,442.007,0,1.02816,0,0,2.11592,1.08776,1.028160,1,0,81.8534,0,0,0,81.8534,0
72.29,2.42237,0,0,4.05599,0.185804,0.435823,3.6288,57.6033,0.630621,0,0,1.04558,0.284804,0,0.66528,12.849,1,0.436671,0.435823,0,81.724,3.74693,77.9763,0.84672,12.849,0.84672,3695.15,0,18.483,0,1.54543,1.93495,8.09482,1.15147,10.4237,0.42336,18.483,0.42336,0,0,442.007,0,1.02816,0,0,2.57359,1.54543,1.028160,1,0,88.4,0,0,0,88.4,0
72.29,2.43292,0,0,3.93307,0.187241,1.3129,3.6288,57.7283,0.630727,0,0,1.04079,0.285044,0,0.66528,12.849,1,0.432434,1.3129,0,112.788,3.74693,109.922,0.84672,12.849,0.84672,3695.15,0,18.483,0,1.53026,1.93507,8.11624,1.15147,10.4301,0.42336,18.483,0.42336,0,0,442.007,0,1.02816,0,0,2.55842,1.53026,1.028160,1,0,120.352,0,0,0,120.352,0
72.29,2.37023,0,0,3.68588,0.226549,1.0891,3.6288,57.8085,0.554503,0,0,0.892581,0.257916,0,0.66528,12.849,1,0.42129,1.0891,0,109.368,3.95242,106.083,0.84672,12.849,0.84672,3695.15,0,18.483,0,1.26214,1.9352,7.22592,1.05675,9.3665,0.42336,18.483,0.42336,0,0,442.007,0,1.02816,0,0,2.2903,1.26214,1.028160,1,0,115.45,0,0,0,115.45,0
72.29,2.37038,0,0,3.25808,0.256029,0.631675,3.6288,58.4417,0.554604,0,0,1.42538,0.23752,0,0.66528,12.849,1,0.421317,0.631675,0,100.972,4.10655,97.076,0.84672,12.849,0.84672,3695.15,0,18.483,0,2.5585,1.85946,8.29313,0.985706,11.7254,0.42336,18.483,0.42336,0,0,442.007,0,1.02816,0,0,3.58666,2.5585,1.028160,1,0,108.801,0,0,0,108.801,0
71.9927,2.37053,0,0,2.69218,0.256029,0.36288,3.6288,58.3074,0.554706,0,0,0.658886,0.238493,0,0.66528,12.849,1,0.421344,0.36288,0,73.2689,4.10655,69.1039,0.84672,12.849,0.84672,3695.15,0,18.483,0,0.561894,1.85958,3.65684,0.985706,5.09261,0.42336,18.483,0.42336,0,0,442.007,0,1.02816,0,0,1.59005,0.561894,1.028160,1,0,74.1965,0,0,0,74.1965,0
72.29,2.36773,0,0,4.01861,0.272368,1.08126,3.6288,58.7935,0.554807,0,0,1.29815,0.257245,0,0.66528,12.849,1,0.422583,1.08126,0,112.752,4.51978,108.891,0.84672,12.849,0.84672,3695.15,0,18.483,0,1.63518,1.8597,8.10029,1.10224,10.4929,0.42336,18.483,0.42336,0,0,442.007,0,1.02816,0,0,2.66334,1.63518,1.028160,1,0,119.384,0,0,0,119.384,0
72.29,2.19228,0,0,3.80828,0.280995,1.335,3.6288,59.4578,0.395894,0,0,1.31442,0.254248,0,0.66528,12.849,1,0.389662,1.335,0,159.621,4.70709,155.86,0.84672,12.849,0.84672,3695.15,0,18.483,0,2.22737,1.85982,8.54021,1.14929,11.4781,0.42336,18.483,0.42336,0,0,442.007,0,1.02816,0,0,3.25553,2.22737,1.028160,1,0,167.338,0,0,0,167.338,0
72.29,2.19242,0,0,4.87769,0.210326,2.47494,3.6288,60.4564,0.395985,0,0,1.58615,0.191582,0,0.66528,12.849,1,0.389687,2.47494,0,187.65,3.31706,186.418,0.84672,12.849,0.84672,3695.15,0,18.483,0,2.19078,1.68912,9.25759,0.886128,12.2514,0.42336,18.483,0.42336,0,0,442.007,0,1.02816,0,0,3.21894,2.19078,1.028160,1,0,198.669,0,0,0,198.669,0
72.29,2.19256,0,0,3.55101,0.303091,1.05536,3.6288,61.2669,0.396076,0,0,1.36676,0.160203,0,0.66528,12.849,1,0.389712,1.05536,0,79.8794,3.66482,76.8802,0.84672,12.849,0.84672,3695.15,0,18.483,0,1.75533,1.68923,6.75043,0.913725,9.28127,0.42336,18.483,0.42336,0,0,442.007,0,1.02816,0,0,2.78349,1.75533,1.028160,1,0,86.1615,0,0,0,86.1615,0
72.29,2.1927,0,0,4.61997,0.318551,2.10872,3.6288,61.308,0.396167,0,0,1.80509,0.155567,1.21221,0.66528,12.849,1,0.389737,2.10872,0,140.825,3.72278,138.821,0.84672,12.849,0.84672,3695.15,0,18.483,0,1.81074,1.68934,8.6222,0.918324,11.204,0.42336,18.483,0.42336,0,0,442.007,0,1.02816,0,0,2.8389,1.81074,1.028160,1,0,151.237,0,0,0,151.237,0
72.29,2.19284,0,0,4.94476,0.318551,2.43336,3.6288,61.308,0.396259,0,0,2.06455,0.155607,1.51268,0.66528,12.849,1,0.389761,2.43336,0,117.183,3.72278,115.504,0.84672,12.849,0.84672,3695.15,0,18.483,0,2.20227,1.68945,9.07874,0.918324,12.0521,0.42336,18.483,0.42336,0,0,442.007,0,1.02816,0,0,3.23043,2.20227,1.028160,1,0,129.069,0,0,0,129.069,0
72.29,2.26168,0,0,4.94799,0.280055,2.40626,3.6288,61.308,0.442405,0,0,1.29623,0.223056,0.630772,0.66528,12.849,1,0.401996,2.40626,0,137.956,4.6207,135.339,0.84672,12.849,0.84672,3695.15,0,18.483,0,1.77116,1.68955,6.57025,1.03889,8.99207,0.42336,18.483,0.42336,0,0,442.007,0,1.02816,0,0,2.79932,1.77116,1.028160,1,0,144.962,0,0,0,144.962,0
72.29,2.26181,0,0,3.89612,0.273639,1.36068,3.6288,61.308,0.442489,0,0,0.88293,0.234298,0.206144,0.66528,12.849,1,0.402019,1.36068,0,76.2108,4.77036,72.3991,0.84672,12.849,0.84672,3695.15,0,18.483,0,1.81926,1.7437,4.46579,1.05898,6.96976,0.42336,18.483,0.42336,0,0,442.007,0,1.02816,0,0,2.84742,1.81926,1.028160,1,0,79.575,0,0,0,79.575,0
72.29,2.26194,0,0,3.92455,0.273639,1.38897,3.6288,61.308,0.442572,0,0,1.05717,0.234298,0.380303,0.66528,12.849,1,0.402042,1.38897,0,126.998,4.77036,123.215,0.84672,12.849,0.84672,3695.15,0,18.483,0,1.69192,1.7438,5.26579,1.05898,7.64253,0.42336,18.483,0.42336,0,0,442.007,0,1.02816,0,0,2.72008,1.69192,1.028160,1,0,131.238,0,0,0,131.238,0
72.29,2.26206,0,0,3.14793,0.273639,0.612229,3.6288,61.308,0.442656,0,0,0.732257,0.234298,0.0553037,0.66528,12.849,1,0.402065,0.612229,0,85.428,4.77036,80.8678,0.84672,12.849,0.84672,3695.15,0,18.483,0,1.38172,1.7439,3.45898,1.05898,5.52561,0.42336,18.483,0.42336,0,0,442.007,0,1.02816,0,0,2.40988,1.38172,1.028160,1,0,86.4487,0,0,0,86.4487,0
72.29,2.48284,0,0,3.33992,0.263452,0.593629,3.6288,61.1329,0.615686,0,0,0.688513,0.247944,0,0.66528,12.849,1,0.441306,0.593629,0,91.4069,4.63171,86.9275,0.84672,12.849,0.84672,3695.15,0,18.483,0,1.16281,1.74399,3.67168,1.07958,5.4989,0.42336,18.483,0.42336,0,0,442.007,0,1.02816,0,0,2.19097,1.16281,1.028160,1,0,92.4264,0,0,0,92.4264,0
72.29,2.48298,0,0,3.51418,0.249869,0.78133,3.6288,60.921,0.615779,0,0,0.669747,0.265844,0,0.66528,12.849,1,0.441331,0.78133,0,96.285,4.44686,92.1782,0.84672,12.849,0.84672,3695.15,0,18.483,0,1.19522,1.93698,3.93828,1.10705,5.96344,0.42336,18.483,0.42336,0,0,442.007,0,1.02816,0,0,2.22338,1.19522,1.028160,1,0,98.1416,0,0,0,98.1416,0
72.29,2.48312,0,0,4.32092,0.249869,1.58792,3.6288,60.7679,0.615873,0,0,0.728283,0.265488,0,0.66528,12.849,1,0.441356,1.58792,0,119.423,4.44686,116.123,0.84672,12.849,0.84672,3695.15,0,18.483,0,1.10399,1.93709,4.2712,1.10705,6.20524,0.42336,18.483,0.42336,0,0,442.007,0,1.02816,0,0,2.13215,1.10399,1.028160,1,0,122.328,0,0,0,122.328,0
72.29,2.48326,0,0,3.71263,0.249869,0.9795,3.6288,60.8879,0.615966,0,0,1.00116,0.26523,0,0.66528,12.849,1,0.441381,0.9795,0,101.225,4.44686,97.3166,0.84672,12.849,0.84672,3695.15,0,18.483,0,1.6144,1.9372,4.4129,1.10705,6.85745,0.42336,18.483,0.42336,0,0,442.007,0,1.02816,0,0,2.64256,1.6144,1.028160,1,0,104.174,0,0,0,104.174,0
72.29,2.16862,0,0,3.53788,0.335116,1.03415,3.6288,61.1388,0.383911,0,0,0.868838,0.234049,0,0.66528,12.849,1,0.385455,1.03415,0,91.5944,3.72441,88.5187,0.84672,12.849,0.84672,3695.15,0,18.483,0,1.34148,1.93731,4.86943,0.970739,7.17749,0.42336,18.483,0.42336,0,0,442.007,0,1.02816,0,0,2.36964,1.34148,1.028160,1,0,95.6961,0,0,0,95.6961,0
71.8149,2.16874,0,0,2.38778,0.331267,0.36288,3.6288,61.2879,0.383991,0,0,0.753641,0.220554,0,0.66528,12.849,1,0.385477,0.36288,0,68.497,2.84267,65.6317,0.84672,12.849,0.84672,3695.15,0,18.483,0,0.825301,1.67351,3.59494,0.813828,5.27992,0.42336,18.483,0.42336,0,0,442.007,0,1.02816,0,0,1.85346,0.825301,1.028160,1,0,70.9116,0,0,0,70.9116,0
72.29,2.16453,0,0,3.99368,0.328536,1.02551,3.6288,61.308,0.384071,0,0,1.13103,0.22909,0.497735,0.66528,12.849,1,0.387275,1.02551,0,79.5761,3.02778,77.1866,0.84672,12.849,0.84672,3695.15,0,18.483,0,1.86429,1.6736,6.28888,0.864287,8.96249,0.42336,18.483,0.42336,0,0,442.007,0,1.02816,0,0,2.89245,1.86429,1.028160,1,0,86.6468,0,0,0,86.6468,0
72.29,2.16899,0,0,5.74989,0.296916,3.28399,3.6288,61.308,0.384151,0,0,1.23071,0.256747,0.589809,0.66528,12.849,1,0.385521,3.28399,0,97.0661,4.41849,95.5461,0.84672,12.849,0.84672,3695.15,0,18.483,0,2.29941,1.6737,8.69086,1.19269,11.4713,0.42336,18.483,0.42336,0,0,442.007,0,1.02816,0,0,3.32757,2.29941,1.028160,1,0,107.607,0,0,0,107.607,0
72.29,2.16911,0,0,3.84057,0.277057,1.3944,3.6288,61.308,0.384232,0,0,0.980934,0.223812,0.37289,0.66528,12.849,1,0.385543,1.3944,0,165.056,4.6051,161.46,0.84672,12.849,0.84672,3695.15,0,18.483,0,1.4092,1.67379,4.80002,1.14872,6.73429,0.42336,18.483,0.42336,0,0,442.007,0,1.02816,0,0,2.43736,1.4092,1.028160,1,0,168.567,0,0,0,168.567,0
72.29,2.24849,0,0,3.84886,0.314178,1.28619,3.6288,61.308,0.44112,0,0,1.00327,0.195665,0.366483,0.66528,12.849,1,0.399653,1.28619,0,84.99,3.22875,82.6477,0.84672,12.849,0.84672,3695.15,0,18.483,0,1.65897,1.67389,3.70284,0.933831,6.10188,0.42336,18.483,0.42336,0,0,442.007,0,1.02816,0,0,2.68713,1.65897,1.028160,1,0,89.1161,0,0,0,89.1161,0
71.9476,2.24862,0,0,2.58207,0.312954,0.36288,3.6288,61.308,0.441204,0,0,0.806086,0.19589,0.168993,0.66528,12.849,1,0.399675,0.36288,0,54.5169,3.08847,51.3917,0.84672,12.849,0.84672,3695.15,0,18.483,0,1.05028,1.73916,3.38245,0.921666,5.25022,0.42336,18.483,0.42336,0,0,442.007,0,1.02816,0,0,2.07844,1.05028,1.028160,1,0,56.8109,0,0,0,56.8109,0
71.8429,2.24552,0,0,2.81586,0.312141,0.36288,3.6288,61.308,0.441287,0,0,0.79075,0.19589,0.153573,0.66528,12.849,1,0.401023,0.36288,0,65.2951,3.08847,62.1685,0.84672,12.849,0.84672,3695.15,0,18.483,0,1.07279,1.73926,3.29442,0.921666,5.1848,0.42336,18.483,0.42336,0,0,442.007,0,1.02816,0,0,2.10095,1.07279,1.028160,1,0,67.5068,0,0,0,67.5068,0
71.1899,2.24465,0,0,2.2664,0.311892,0.36288,3.6288,61.308,0.441371,0,0,0.657836,0.19589,0.0205753,0.66528,12.849,1,0.401453,0.36288,0,49.7291,3.08847,46.602,0.84672,12.849,0.84672,3695.15,0,18.483,0,0.93515,1.73936,2.69237,0.921666,4.44522,0.42336,18.483,0.42336,0,0,442.007,0,1.02816,0,0,1.96331,0.93515,1.028160,1,0,51.0678,0,0,0,51.0678,0
70.7026,2.20769,0,0,2.38262,0.299405,0.36288,3.6288,61.308,0.419385,0,0,0.658365,0.183074,0.0559056,0.66528,12.849,1,0.398464,0.36288,0,51.2911,3.53645,47.7191,0.84672,12.849,0.84672,3695.15,0,18.483,0,0.914026,1.73946,2.76416,0.989941,4.4277,0.42336,18.483,0.42336,0,0,442.007,0,1.02816,0,0,1.94219,0.914026,1.028160,1,0,52.2027,0,0,0,52.2027,0
70.1636,2.20318,0,0,2.26553,0.238428,0.36288,3.6288,61.2551,0.419467,0,0,0.570682,0.204106,0,0.66528,12.849,1,0.40039,0.36288,0,49.4091,3.94628,45.4254,0.84672,12.849,0.84672,3695.15,0,18.483,0,0.574655,1.71418,2.69212,1.03102,3.94993,0.42336,18.483,0.42336,0,0,442.007,0,1.02816,0,0,1.60282,0.574655,1.028160,1,0,49.3753,0,0,0,49.3753,0
69.5899,2.19812,0,0,2.18324,0.195987,0.36288,3.6288,61.2089,0.41955,0,0,0.59697,0.22365,0,0.66528,12.849,1,0.402539,0.36288,0,47.3195,4.11925,43.1606,0.84672,12.849,0.84672,3695.15,0,18.483,0,0.641831,1.71428,2.85865,1.04135,4.17341,0.42336,18.483,0.42336,0,0,442.007,0,1.02816,0,0,1.66999,0.641831,1.028160,1,0,47.334,0,0,0,47.334,0
68.8616,2.19266,0,0,2.02241,0.19512,0.36288,3.6288,61.1197,0.419632,0,0,0.554088,0.223585,0,0.66528,12.849,1,0.404851,0.36288,0,43.1776,4.11925,39.0164,0.84672,12.849,0.84672,3695.15,0,18.483,0,0.538903,1.71438,2.8056,1.04135,4.01753,0.42336,18.483,0.42336,0,0,442.007,0,1.02816,0,0,1.56706,0.538903,1.028160,1,0,43.0339,0,0,0,43.0339,0
68.1331,2.28929,0,0,2.12002,0.196367,0.36288,3.6288,61.0386,0.497994,0,0,0.638326,0.221475,0,0.66528,12.849,1,0.427162,0.36288,0,47.0771,4.29283,42.72,0.84672,12.849,0.84672,3695.15,0,18.483,0,0.455743,1.71447,2.67082,1.03486,3.80618,0.42336,18.483,0.42336,0,0,442.007,0,1.02816,0,0,1.4839,0.455743,1.028160,1,0,46.5262,0,0,0,46.5262,0
67.0804,2.28179,0,0,1.76958,0.177618,0.36288,3.6288,60.8517,0.49808,0,0,0.512057,0.200837,0,0.66528,12.849,1,0.430315,0.36288,0,43.1544,4.2712,38.8157,0.84672,12.849,0.84672,3695.15,0,18.483,0,0.483883,1.80332,2.61817,1.0161,3.88928,0.42336,18.483,0.42336,0,0,442.007,0,1.02816,0,0,1.51204,0.483883,1.028160,1,0,42.705,0,0,0,42.705,0
65.9166,2.27069,0,0,1.61649,0.146688,0.36288,3.6288,60.6571,0.498167,0,0,0.507733,0.204238,0,0.66528,12.849,1,0.434943,0.36288,0,38.5698,4.3849,34.1129,0.84672,12.849,0.84672,3695.15,0,18.483,0,0.483494,1.80342,2.50089,0.980571,3.80724,0.42336,18.483,0.42336,0,0,442.007,0,1.02816,0,0,1.51165,0.483494,1.028160,1,0,37.9201,0,0,0,37.9201,0
64.7347,2.25813,0,0,1.58444,0.145339,0.36288,3.6288,60.504,0.498254,0,0,0.549144,0.203986,0,0.66528,12.849,1,0.440173,0.36288,0,36.9484,4.3849,32.4862,0.84672,12.849,0.84672,3695.15,0,18.483,0,0.454991,1.80352,2.69479,0.980571,3.97273,0.42336,18.483,0.42336,0,0,442.007,0,1.02816,0,0,1.48315,0.454991,1.028160,1,0,36.4589,0,0,0,36.4589,0
63.4616,2.24505,0,0,1.47881,0.143969,0.36288,3.6288,60.3037,0.498341,0,0,0.501846,0.203788,0,0.66528,12.849,1,0.445613,0.36288,0,34.54,4.3849,30.0723,0.84672,12.849,0.84672,3695.15,0,18.483,0,0.348538,1.80363,2.38628,0.980571,3.55787,0.42336,18.483,0.42336,0,0,442.007,0,1.02816,0,0,1.3767,0.348538,1.028160,1,0,33.6302,0,0,0,33.6302,0
62.8593,2.21061,0,0,2.07662,0.105469,0.36288,3.6288,60.0403,0.541463,0,0,0.506773,0.228707,0,0.66528,12.849,1,0.447579,0.36288,0,39.5968,5.02877,34.4833,0.84672,12.849,0.84672,3695.15,0,18.483,0,0.474422,1.80373,3.0391,1.14639,4.17086,0.42336,18.483,0.42336,0,0,442.007,0,1.02816,0,0,1.50258,0.474422,1.028160,1,0,38.6542,0,0,0,38.6542,0
62.0802,2.20375,0,0,1.89251,0.104952,0.36288,3.6288,59.7828,0.541552,0,0,0.512378,0.228324,0,0.66528,12.849,1,0.450467,0.36288,0,36.4412,5.02877,31.3248,0.84672,12.849,0.84672,3695.15,0,18.483,0,0.481792,1.83149,2.98445,1.14639,4.15135,0.42336,18.483,0.42336,0,0,442.007,0,1.02816,0,0,1.50995,0.481792,1.028160,1,0,35.4762,0,0,0,35.4762,0
61.2669,2.19472,0,0,1.84856,0.104284,0.36288,3.6288,59.5068,0.541642,0,0,0.493628,0.227949,0,0.66528,12.849,1,0.454249,0.36288,0,34.5867,5.02877,29.4666,0.84672,12.849,0.84672,3695.15,0,18.483,0,0.484929,1.83159,2.97812,1.14639,4.14825,0.42336,18.483,0.42336,0,0,442.007,0,1.02816,0,0,1.51309,0.484929,1.028160,1,0,33.6148,0,0,0,33.6148,0
60.3992,2.18511,0,0,1.78386,0.103586,0.36288,3.6288,59.2076,0.541731,0,0,0.469996,0.227547,0,0.66528,12.849,1,0.458265,0.36288,0,32.476,5.02877,27.3519,0.84672,12.849,0.84672,3695.15,0,18.483,0,0.476418,1.8317,2.94294,1.14639,4.10466,0.42336,18.483,0.42336,0,0,442.007,0,1.02816,0,0,1.50458,0.476418,1.028160,1,0,31.4565,0,0,0,31.4565,0
59.5286,2.22542,0,0,1.79589,0.0781845,0.36288,3.6288,58.8411,0.580183,0,0,0.491948,0.278186,0,0.66528,12.849,1,0.473423,0.36288,0,30.6259,5.79191,24.7234,0.84672,12.849,0.84672,3695.15,0,18.483,0,0.40405,1.8318,2.99404,1.40858,3.82131,0.42336,18.483,0.42336,0,0,442.007,0,1.02816,0,0,1.43221,0.40405,1.028160,1,0,28.5447,0,0,0,28.5447,0
58.7695,2.21448,0,0,1.89753,0.0791957,0.36288,3.6288,58.4813,0.580274,0,0,0.518814,0.29839,0,0.66528,12.849,1,0.477986,0.36288,0,42.1986,6.16423,35.9193,0.84672,12.849,0.84672,3695.15,0,18.483,0,0.636016,1.87599,3.48045,1.45216,4.54029,0.42336,18.483,0.42336,0,0,442.007,0,1.02816,0,0,1.66418,0.636016,1.028160,1,0,40.4596,0,0,0,40.4596,0
57.893,2.20479,0,0,1.76972,0.0786183,0.36288,3.6288,58.0627,0.580366,0,0,0.45953,0.2977,0,0.66528,12.849,1,0.48204,0.36288,0,33.3831,6.16423,27.0997,0.84672,12.849,0.84672,3695.15,0,18.483,0,0.61458,1.8761,3.17684,1.45216,4.21535,0.42336,18.483,0.42336,0,0,442.007,0,1.02816,0,0,1.64274,0.61458,1.028160,1,0,31.3151,0,0,0,31.3151,0
56.8685,2.19336,0,0,1.60973,0.0779514,0.36288,3.6288,57.617,0.580457,0,0,0.43164,0.296898,0,0.66528,12.849,1,0.486804,0.36288,0,30.6969,6.16423,24.4087,0.84672,12.849,0.84672,3695.15,0,18.483,0,0.357497,1.8762,2.9075,1.45216,3.68903,0.42336,18.483,0.42336,0,0,442.007,0,1.02816,0,0,1.38566,0.357497,1.028160,1,0,28.0978,0,0,0,28.0978,0
55.8764,2.32527,0,0,1.76984,0.0738451,0.36288,3.6288,57.1607,0.66528,0,0,0.50321,0.29428,0,0.66528,12.849,1,0.525377,0.36288,0,30.5828,6.24267,24.1777,0.84672,12.849,0.84672,3695.15,0,18.483,0,0.694025,1.87631,4.15773,1.47994,5.24812,0.42336,18.483,0.42336,0,0,442.007,0,1.02816,0,0,1.72219,0.694025,1.028160,1,0,29.4258,0,0,0,29.4258,0
54.6291,2.31083,0,0,1.49541,0.0690019,0.36288,3.6288,56.0843,1.10811,0,0,0.344498,0.312788,0,0.66528,12.849,1,0.531384,0.36288,0,24.468,6.47976,17.8198,0.84672,12.849,0.84672,3695.15,0,18.483,0,0.227405,1.98419,2.73451,1.56984,3.37626,0.42336,18.483,0.42336,0,0,442.007,0,0.585325,0,0,0.81273,0.227405,1.028160,1,0,21.196,0,0,0,21.196,0
53.547,2.29216,0,0,1.64112,0.068145,0.36288,3.6288,55.288,0.911114,0,0,0.425405,0.310602,0,0.66528,12.849,1,0.539125,0.36288,0,31.4677,6.47976,24.8117,0.84672,12.849,0.84672,3695.15,0,18.483,0,0.227405,1.98423,2.98304,1.56984,3.62483,0.42336,18.483,0.42336,0,0,442.007,0,0.782326,0,0,1.00973,0.227405,1.028160,1,0,28.4365,0,0,0,28.4365,0
52.1596,2.27553,0,0,1.31841,0.0674016,0.36288,3.6288,54.0898,1.19685,0,0,0.307689,0.308985,0,0.66528,12.849,1,0.546029,0.36288,0,30.7489,6.47976,24.086,0.84672,12.849,0.84672,3695.15,0,18.483,0,0.204422,1.98427,2.3947,1.56984,3.01355,0.42336,18.483,0.42336,0,0,442.007,0,0.496593,0,0,0.701015,0.204422,1.028160,1,0,27.0995,0,0,0,27.0995,0
51.1187,2.25353,0,0,1.64195,0.0664485,0.36288,3.6288,53.6439,0.66528,0,0,0.525887,0.306552,0,0.66528,12.849,1,0.555134,0.36288,0,28.0835,6.47976,21.4114,0.84672,12.849,0.84672,3695.15,0,18.483,0,0.297881,1.9843,3.70265,1.56984,4.415,0.42336,18.483,0.42336,0,0,442.007,0,1.02816,0,0,1.32604,0.297881,1.028160,1,0,25.8264,0,0,0,25.8264,0
49.9487,2.16833,0,0,1.47203,0.110859,0.36288,3.6288,52.8033,1.08925,0,0,0.536703,0.288059,0,0.66528,12.849,1,0.545022,0.36288,0,29.207,5.66823,23.3566,0.84672,12.849,0.84672,3695.15,0,18.483,0,0.204422,1.98434,3.44098,1.3907,4.23905,0.42336,18.483,0.42336,0,0,442.007,0,0.57437,0,0,0.778792,0.204422,1.028160,1,0,27.5957,0,0,0,27.5957,0
48.7093,2.14932,0,0,1.38972,0.116932,0.36288,3.6288,52.7268,0.635552,0,0,0.842312,0.283232,0,0.66528,12.849,1,0.552899,0.36288,0,25.7794,5.53298,20.0564,0.84672,12.849,0.84672,3695.15,0,18.483,0,0.254405,1.94071,4.00744,1.36084,4.84171,0.42336,18.483,0.42336,0,0,442.007,0,1.02816,0,0,1.28256,0.254405,1.028160,1,0,24.8981,0,0,0,24.8981,0
47.3287,2.12856,0,0,1.22623,0.115389,0.36288,3.6288,51.8575,1.07509,0,0,0.488847,0.283059,0,0.66528,12.849,1,0.561492,0.36288,0,26.4057,5.53298,20.6742,0.84672,12.849,0.84672,3695.15,0,18.483,0,0.216518,1.94082,3.07814,1.36084,3.87464,0.42336,18.483,0.42336,0,0,442.007,0,0.588721,0,0,0.805239,0.216518,1.028160,1,0,24.5488,0,0,0,24.5488,0
45.7608,2.10465,0,0,1.01331,0.113664,0.36288,3.6288,50.8427,1.16441,0,0,0.430663,0.281086,0,0.66528,12.849,1,0.57138,0.36288,0,24.3804,5.53298,18.639,0.84672,12.849,0.84672,3695.15,0,18.483,0,0.216518,1.94093,2.8506,1.36084,3.6472,0.42336,18.483,0.42336,0,0,442.007,0,0.499487,0,0,0.716005,0.216518,1.028160,1,0,22.2862,0,0,0,22.2862,0
44.3667,2.02279,0,0,1.16784,0.17623,0.36288,3.6288,50.0972,0.984873,0,0,0.450753,0.211364,0,0.66528,12.849,1,0.567972,0.36288,0,24.8299,4.41072,20.2141,0.84672,12.849,0.84672,3695.15,0,18.483,0,0.216518,1.94105,3.07705,1.06272,4.17189,0.42336,18.483,0.42336,0,0,442.007,0,0.602562,0,0,0.819081,0.216518,1.028160,1,0,24.386,0,0,0,24.386,0
43.1964,1.9974,0,0,1.37754,0.187605,0.36288,3.6288,49.522,0.841287,0,0,0.452264,0.186144,0,0.66528,12.849,1,0.578465,0.36288,0,38.1431,3.88332,34.0442,0.84672,12.849,0.84672,3695.15,0,18.483,0,0.216518,1.86507,3.86503,0.968073,4.97855,0.42336,18.483,0.42336,0,0,442.007,0,0.746239,0,0,0.962757,0.216518,1.028160,1,0,39.0227,0,0,0,39.0227,0
43.3788,1.97536,0,0,2.70576,0.18511,0.36288,3.6288,49.4986,0.626079,0,0,0.787879,0.185267,0,0.66528,12.849,1,0.587582,0.36288,0,55.8413,3.88332,51.7332,0.84672,12.849,0.84672,3695.15,0,18.483,0,0.216518,1.86518,6.62405,0.968073,7.73767,0.42336,18.483,0.42336,0,0,442.007,0,0.961537,0,0,1.17806,0.216518,1.028160,1,0,59.4709,0,0,0,59.4709,0
44.0312,1.97897,0,0,3.17974,0.185499,0.36288,3.6288,50.0543,0.559546,0,0,1.30054,0.185231,0,0.66528,12.849,1,0.586181,0.36288,0,60.4514,3.88332,56.3448,0.84672,12.849,0.84672,3695.15,0,18.483,0,1.1727,1.86528,8.05041,0.968073,10.1203,0.42336,18.483,0.42336,0,0,442.007,0,1.02816,0,0,2.20086,1.1727,1.028160,1,0,66.4651,0,0,0,66.4651,0
44.5906,1.84148,0,0,2.96096,0.1972,0.36288,3.6288,50.4634,0.400147,0,0,0.997947,0.188671,0,0.66528,12.849,1,0.537373,0.36288,0,58.2365,3.92256,54.1395,0.84672,12.849,0.84672,3695.15,0,18.483,0,0.677316,1.86539,9.05158,0.976193,10.6181,0.42336,18.483,0.42336,0,0,442.007,0,1.02816,0,0,1.70548,0.677316,1.028160,1,0,64.7576,0,0,0,64.7576,0
47.3519,1.85124,0,0,5.17852,0.203056,0.36288,3.6288,51.1805,0.400228,0,0,1.29981,0.182525,0,0.66528,12.849,1,0.533444,0.36288,0,101.447,3.75207,97.5239,0.84672,12.849,0.84672,3695.15,0,18.483,0,1.19794,1.69417,10.4842,0.930143,12.4462,0.42336,18.483,0.42336,0,0,442.007,0,1.02816,0,0,2.2261,1.19794,1.028160,1,0,109.97,0,0,0,109.97,0
47.8815,1.897,0,0,2.99891,0.209411,0.36288,3.6288,51.3546,0.400309,0,0,0.757968,0.183594,0,0.66528,12.849,1,0.514752,0.36288,0,57.9426,3.75207,54.0387,0.84672,12.849,0.84672,3695.15,0,18.483,0,0.29478,1.69426,9.27081,0.930143,10.3297,0.42336,18.483,0.42336,0,0,442.007,0,1.02816,0,0,1.32294,0.29478,1.028160,1,0,64.3684,0,0,0,64.3684,0
48.1575,1.9055,0,0,2.76386,0.219521,0.36288,3.6288,50.8842,0.813141,0,0,0.536623,0.193815,0,0.66528,12.849,1,0.51134,0.36288,0,45.617,3.98064,41.4879,0.84672,12.849,0.84672,3695.15,0,18.483,0,0.412474,1.69436,11.2396,1.00145,12.345,0.42336,18.483,0.42336,0,0,442.007,0,0.61541,0,0,1.02788,0.412474,1.028160,1,0,53.8329,0,0,0,53.8329,0
49.447,1.90993,0,0,3.80484,0.242478,0.36288,3.6288,51.2029,0.400472,0,0,0.937034,0.217886,0,0.66528,12.849,1,0.509593,0.36288,0,74.2402,4.55206,69.5414,0.84672,12.849,0.84672,3695.15,0,18.483,0,0.5637,1.69446,11.0964,1.1797,12.1749,0.42336,18.483,0.42336,0,0,442.007,0,1.02816,0,0,1.59186,0.5637,1.028160,1,0,81.7163,0,0,0,81.7163,0
50.2269,1.92977,0,0,3.30543,0.232969,0.36288,3.6288,51.3308,0.400472,0,0,0.729467,0.201139,0,0.66528,12.849,1,0.501458,0.36288,0,84.4232,4.31214,79.9724,0.84672,12.849,0.84672,3695.15,0,18.483,0,1.10701,1.69455,7.73791,1.17745,9.36202,0.42336,18.483,0.42336,0,0,442.007,0,1.02816,0,0,2.13517,1.10701,1.028160,1,0,89.3345,0,0,0,89.3345,0
57.8853,2.00239,0,0,10.2366,0.212864,0.36288,3.6288,52.1775,0.446744,0,0,1.47344,0.17994,0,0.66528,12.849,1,0.51225,0.36288,0,101.425,3.68022,97.5954,0.84672,12.849,0.84672,3695.15,0,18.483,0,2.72644,1.69455,10.9305,1.10959,14.2419,0.42336,18.483,0.42336,0,0,442.007,0,1.02816,0,0,3.7546,2.72644,1.028160,1,0,111.837,0,0,0,111.837,0
64.0991,2.10972,0,0,8.90914,0.222786,0.36288,3.6288,52.9059,0.446818,0,0,1.35051,0.175346,0,0.66528,12.849,1,0.468302,0.36288,0,183.747,3.46584,180.176,0.84672,12.849,0.84672,3695.15,0,18.483,0,3.26849,1.74884,8.67862,1.08281,12.6131,0.42336,18.483,0.42336,0,0,442.007,0,1.02816,0,0,4.29665,3.26849,1.028160,1,0,192.789,0,0,0,192.789,0
67.7649,2.18418,0,0,6.4482,0.235271,0.36288,3.6288,54.149,0.446891,0,0,1.86642,0.176374,0,0.66528,12.849,1,0.437831,0.36288,0,107.473,3.46584,103.932,0.84672,12.849,0.84672,3695.15,0,18.483,0,4.38387,1.74893,10.424,1.08281,15.474,0.42336,18.483,0.42336,0,0,442.007,0,1.02816,0,0,5.41203,4.38387,1.028160,1,0,119.406,0,0,0,119.406,0
71.3073,2.22379,0,0,6.39317,0.264127,0.36288,3.6288,54.8824,0.446964,0,0,1.34914,0.168749,0,0.66528,12.849,1,0.421656,0.36288,0,109.849,3.31473,106.475,0.84672,12.849,0.84672,3695.15,0,18.483,0,3.67896,1.74902,7.78317,0.998399,12.2128,0.42336,18.483,0.42336,0,0,442.007,0,1.02816,0,0,4.70712,3.67896,1.028160,1,0,118.688,0,0,0,118.688,0
72.29,2.47976,0,0,8.27755,0.327698,4.48739,3.6288,55.7715,0.620489,0,0,1.65577,0.146188,0,0.66528,12.849,1,0.446833,4.48739,0,119.362,2.93695,120.466,0.84672,12.849,0.84672,3695.15,0,18.483,0,5.08273,1.7491,8.61425,0.787364,14.6587,0.42336,18.483,0.42336,0,0,442.007,0,1.02816,0,0,6.11089,5.08273,1.028160,1,0,135.125,0,0,0,135.125,0
72.29,2.49022,0,0,6.8097,0.314576,4.00491,3.6288,56.3009,0.620571,0,0,1.32901,0.179079,0,0.66528,12.849,1,0.442618,4.00491,0,152.562,3.7232,152.401,0.84672,12.849,0.84672,3695.15,0,18.483,0,4.08631,1.94264,9.19624,1.03334,14.1919,0.42336,18.483,0.42336,0,0,442.007,0,1.02816,0,0,5.11447,4.08631,1.028160,1,0,166.593,0,0,0,166.593,0
72.29,2.49034,0,0,5.81817,0.311293,3.01653,3.6288,56.5223,0.620653,0,0,1.00754,0.165505,0,0.66528,12.849,1,0.44264,3.01653,0,101.509,3.32052,100.762,0.84672,12.849,0.84672,3695.15,0,18.483,0,3.33684,1.94274,6.223,0.859827,10.6428,0.42336,18.483,0.42336,0,0,442.007,0,1.02816,0,0,4.365,3.33684,1.028160,1,0,111.405,0,0,0,111.405,0
72.29,2.49047,0,0,6.75821,0.305473,3.96227,3.6288,57.5026,0.620735,0,0,1.76113,0.160071,0,0.66528,12.849,1,0.442662,3.96227,0,111.48,3.30186,111.698,0.84672,12.849,0.84672,3695.15,0,18.483,0,4.57189,1.94284,7.86436,0.8492,13.5299,0.42336,18.483,0.42336,0,0,442.007,0,1.02816,0,0,5.60005,4.57189,1.028160,1,0,125.228,0,0,0,125.228,0
72.29,2.17489,0,0,7.4374,0.290924,4.97158,3.6288,60.678,0.387996,0,0,3.71023,0.14682,0,0.66528,12.849,1,0.386571,4.97158,0,151.571,3.25521,152.9,0.84672,12.849,0.84672,3695.15,0,18.483,0,7.77825,1.94293,13.4423,0.822631,22.3408,0.42336,18.483,0.42336,0,0,442.007,0,1.02816,0,0,8.80641,7.77825,1.028160,1,0,175.241,0,0,0,175.241,0
72.29,2.175,0,0,7.65988,0.290924,5.19395,3.6288,61.308,0.388067,0,0,3.44358,0.14984,2.27569,0.66528,12.849,1,0.38659,5.19395,0,148.065,3.25521,149.618,0.84672,12.849,0.84672,3695.15,0,18.483,0,9.11174,1.67835,15.0494,0.822631,25.0169,0.42336,18.483,0.42336,0,0,442.007,0,1.02816,0,0,10.1399,9.11174,1.028160,1,0,176.91,0,0,0,176.91,0
72.29,2.17511,0,0,10.2062,0.290924,7.74014,3.6288,61.308,0.388137,0,0,4.08604,0.150439,3.54746,0.66528,12.849,1,0.386609,7.74014,0,207.563,3.25521,211.661,0.84672,12.849,0.84672,3695.15,0,18.483,0,9.76398,1.67843,17.1468,0.822631,27.7665,0.42336,18.483,0.42336,0,0,442.007,0,1.02816,0,0,10.7921,9.76398,1.028160,1,0,242.975,0,0,0,242.975,0
72.29,2.17522,0,0,11.3281,0.290387,8.86247,3.6288,61.308,0.388207,0,0,4.29938,0.148968,3.7622,0.66528,12.849,1,0.386628,8.86247,0,247.069,3.41652,252.129,0.84672,12.849,0.84672,3695.15,0,18.483,0,10.1032,1.67852,22.7716,0.882995,33.6703,0.42336,18.483,0.42336,0,0,442.007,0,1.02816,0,0,11.1313,10.1032,1.028160,1,0,289.561,0,0,0,289.561,0
72.29,2.17532,0,0,10.4835,0.311633,7.99656,3.6288,61.308,0.388278,0,0,5.31563,0.128112,4.79924,0.66528,12.849,1,0.386647,7.99656,0,279.312,3.23183,283.69,0.84672,12.849,0.84672,3695.15,0,18.483,0,8.20316,1.6786,23.0078,0.701243,32.1883,0.42336,18.483,0.42336,0,0,442.007,0,1.02816,0,0,9.23132,8.20316,1.028160,1,0,320.678,0,0,0,320.678,0
72.29,2.25492,0,0,10.3424,0.314843,7.77266,3.6288,61.308,0.445319,0,0,4.65997,0.121479,4.09317,0.66528,12.849,1,0.400795,7.77266,0,243.848,3.12858,248.092,0.84672,12.849,0.84672,3695.15,0,18.483,0,7.08826,1.67868,20.4849,0.654448,28.5974,0.42336,18.483,0.42336,0,0,442.007,0,1.02816,0,0,8.11642,7.08826,1.028160,1,0,280.782,0,0,0,280.782,0
72.29,2.25503,0,0,8.12039,0.314843,5.55052,3.6288,61.308,0.445392,0,0,3.69917,0.121479,3.1323,0.66528,12.849,1,0.400815,5.55052,0,240.353,3.12858,242.374,0.84672,12.849,0.84672,3695.15,0,18.483,0,5.58403,1.74413,17.2207,0.654448,23.8944,0.42336,18.483,0.42336,0,0,442.007,0,1.02816,0,0,6.61219,5.58403,1.028160,1,0,269.401,0,0,0,269.401,0
72.29,2.25514,0,0,7.19997,0.239289,4.70554,3.6288,61.308,0.445465,0,0,3.50422,0.123981,2.93477,0.66528,12.849,1,0.400834,4.70554,0,180.709,2.42791,182.586,0.84672,12.849,0.84672,3695.15,0,18.483,0,5.25925,1.74422,14.031,0.674115,20.3604,0.42336,18.483,0.42336,0,0,442.007,0,1.02816,0,0,6.28741,5.25925,1.028160,1,0,205.881,0,0,0,205.881,0
72.29,2.25525,0,0,7.19349,0.222508,4.71573,3.6288,61.308,0.445538,0,0,2.44893,0.173705,1.82969,0.66528,12.849,1,0.400854,4.71573,0,172.066,3.55271,172.829,0.84672,12.849,0.84672,3695.15,0,18.483,0,4.11266,1.74431,14.4178,0.823815,19.451,0.42336,18.483,0.42336,0,0,442.007,0,1.02816,0,0,5.14082,4.11266,1.028160,1,0,194.109,0,0,0,194.109,0
72.29,2.22428,0,0,6.53011,0.253419,4.05241,3.6288,61.308,0.42348,0,0,1.91747,0.191423,1.30256,0.66528,12.849,1,0.395349,4.05241,0,173.553,4.13249,173.077,0.84672,12.849,0.84672,3695.15,0,18.483,0,3.47136,1.74439,14.866,0.899061,19.1827,0.42336,18.483,0.42336,0,0,442.007,0,1.02816,0,0,4.49952,3.47136,1.028160,1,0,193.562,0,0,0,193.562,0
72.29,2.22439,0,0,6.26181,0.253419,3.784,3.6288,61.308,0.423552,0,0,1.89593,0.191423,1.28095,0.66528,12.849,1,0.395369,3.784,0,161.056,4.13249,160.312,0.84672,12.849,0.84672,3695.15,0,18.483,0,3.50247,1.71903,13.7068,0.899061,18.0293,0.42336,18.483,0.42336,0,0,442.007,0,1.02816,0,0,4.53063,3.50247,1.028160,1,0,179.622,0,0,0,179.622,0
72.29,2.2245,0,0,5.75433,0.253419,3.2764,3.6288,61.308,0.423624,0,0,1.58485,0.191423,0.969805,0.66528,12.849,1,0.395389,3.2764,0,150.443,4.13249,149.192,0.84672,12.849,0.84672,3695.15,0,18.483,0,3.40632,1.71912,12.3333,0.899061,16.5597,0.42336,18.483,0.42336,0,0,442.007,0,1.02816,0,0,4.43448,3.40632,1.028160,1,0,166.721,0,0,0,166.721,0
72.29,2.22461,0,0,5.35458,0.252063,2.8779,3.6288,61.308,0.423697,0,0,1.42163,0.179548,0.818381,0.66528,12.849,1,0.395408,2.8779,0,129.093,3.65025,127.925,0.84672,12.849,0.84672,3695.15,0,18.483,0,2.95255,1.7192,11.1411,0.825612,14.9872,0.42336,18.483,0.42336,0,0,442.007,0,1.02816,0,0,3.98071,2.95255,1.028160,1,0,143.731,0,0,0,143.731,0
72.29,2.33026,0,0,5.05732,0.192013,2.53505,3.6288,61.308,0.502268,0,0,1.09779,0.147729,0.447793,0.66528,12.849,1,0.414186,2.53505,0,89.195,3.72666,87.5892,0.84672,12.849,0.84672,3695.15,0,18.483,0,2.28082,1.71929,8.47489,0.897349,11.5776,0.42336,18.483,0.42336,0,0,442.007,0,1.02816,0,0,3.30898,2.28082,1.028160,1,0,99.6147,0,0,0,99.6147,0
72.29,2.33037,0,0,4.67751,0.192013,2.15512,3.6288,61.308,0.502344,0,0,1.05966,0.147729,0.409589,0.66528,12.849,1,0.414206,2.15512,0,81.2687,3.72666,79.283,0.84672,12.849,0.84672,3695.15,0,18.483,0,2.09723,1.80837,8.19685,0.897349,11.2051,0.42336,18.483,0.42336,0,0,442.007,0,1.02816,0,0,3.12539,2.09723,1.028160,1,0,90.8977,0,0,0,90.8977,0
72.29,2.33049,0,0,4.48973,0.192013,1.96723,3.6288,61.308,0.50242,0,0,1.00028,0.147729,0.35013,0.66528,12.849,1,0.414227,1.96723,0,77.3617,3.72666,75.188,0.84672,12.849,0.84672,3695.15,0,18.483,0,1.99776,1.80846,8.18052,0.897349,11.0894,0.42336,18.483,0.42336,0,0,442.007,0,1.02816,0,0,3.02592,1.99776,1.028160,1,0,86.6276,0,0,0,86.6276,0
72.29,2.33061,0,0,4.02974,0.164461,1.53467,3.6288,61.308,0.502496,0,0,0.969693,0.221017,0.24618,0.66528,12.849,1,0.414247,1.53467,0,69.8708,4.75209,66.2392,0.84672,12.849,0.84672,3695.15,0,18.483,0,1.86493,1.80855,7.84745,1.20441,10.3165,0.42336,18.483,0.42336,0,0,442.007,0,1.02816,0,0,2.89309,1.86493,1.028160,1,0,76.8019,0,0,0,76.8019,0
72.29,2.33072,0,0,3.60661,0.172539,1.10335,3.6288,61.308,0.502572,0,0,1.01571,0.234024,0.279114,0.66528,12.849,1,0.414268,1.10335,0,83.5695,4.8291,79.4295,0.84672,12.849,0.84672,3695.15,0,18.483,0,2.28419,1.80864,6.6274,1.22554,9.49469,0.42336,18.483,0.42336,0,0,442.007,0,1.02816,0,0,3.31235,2.28419,1.028160,1,0,89.2033,0,0,0,89.2033,0
72.29,2.30996,0,0,3.37228,0.110829,0.951488,3.6288,61.308,0.545803,0,0,1.02941,0.258464,0.225146,0.66528,12.849,1,0.410578,0.951488,0,81.6428,4.99829,77.1854,0.84672,12.849,0.84672,3695.15,0,18.483,0,2.35158,1.80873,6.46764,1.27533,9.35263,0.42336,18.483,0.42336,0,0,442.007,0,1.02816,0,0,3.37974,2.35158,1.028160,1,0,86.7632,0,0,0,86.7632,0
72.29,2.31008,0,0,3.12714,0.0997857,0.717283,3.6288,61.308,0.545881,0,0,1.01719,0.262615,0.208691,0.66528,12.849,1,0.410598,0.717283,0,74.6652,5.03034,69.9415,0.84672,12.849,0.84672,3695.15,0,18.483,0,2.21405,1.83655,6.10134,1.28485,8.8671,0.42336,18.483,0.42336,0,0,442.007,0,1.02816,0,0,3.24221,2.21405,1.028160,1,0,79.0173,0,0,0,79.0173,0
72.29,2.31019,0,0,2.90864,0.0997192,0.498729,3.6288,61.308,0.545959,0,0,1.0218,0.262615,0.213227,0.66528,12.849,1,0.410619,0.498729,0,69.0561,5.03034,64.1138,0.84672,12.849,0.84672,3695.15,0,18.483,0,2.37853,1.83664,5.77306,1.28485,8.70338,0.42336,18.483,0.42336,0,0,442.007,0,1.02816,0,0,3.40669,2.37853,1.028160,1,0,73.0304,0,0,0,73.0304,0
72.29,2.31031,0,0,2.90824,0.0971809,0.500755,3.6288,61.308,0.546037,0,0,1.04535,0.287908,0.211408,0.66528,12.849,1,0.410639,0.500755,0,75.4929,5.42877,70.1542,0.84672,12.849,0.84672,3695.15,0,18.483,0,2.32706,1.83674,5.36606,1.36854,8.16132,0.42336,18.483,0.42336,0,0,442.007,0,1.02816,0,0,3.35522,2.32706,1.028160,1,0,78.5269,0,0,0,78.5269,0
72.2352,2.36434,0,0,2.76618,0.0937965,0.36288,3.6288,61.308,0.584584,0,0,0.945778,0.321632,0.0395614,0.66528,12.849,1,0.420244,0.36288,0,59.4191,5.96001,53.4017,0.84672,12.849,0.84672,3695.15,0,18.483,0,2.3626,1.83683,4.91445,1.48012,7.63375,0.42336,18.483,0.42336,0,0,442.007,0,1.02816,0,0,3.39076,2.3626,1.028160,1,0,61.075,0,0,0,61.075,0
72.0005,2.36392,0,0,2.58587,0.0937575,0.36288,3.6288,61.2768,0.584664,0,0,0.875059,0.321632,0,0.66528,12.849,1,0.420487,0.36288,0,56.4991,5.96001,50.4815,0.84672,12.849,0.84672,3695.15,0,18.483,0,2.07083,1.88112,4.31227,1.48012,6.78409,0.42336,18.483,0.42336,0,0,442.007,0,1.02816,0,0,3.09899,2.07083,1.028160,1,0,57.2656,0,0,0,57.2656,0
71.7334,2.3617,0,0,2.55112,0.0935905,0.36288,3.6288,61.308,0.584744,0,0,0.946737,0.321569,0.00918655,0.66528,12.849,1,0.421463,0.36288,0,52.4257,5.96001,46.4071,0.84672,12.849,0.84672,3695.15,0,18.483,0,2.27969,1.88122,4.87667,1.48012,7.55745,0.42336,18.483,0.42336,0,0,442.007,0,1.02816,0,0,3.30785,2.27969,1.028160,1,0,53.9737,0,0,0,53.9737,0
71.6884,2.35916,0,0,2.75273,0.0757418,0.36288,3.6288,61.308,0.584824,0,0,1.00017,0.30227,0.11308,0.66528,12.849,1,0.422576,0.36288,0,54.0359,6.20159,47.7746,0.84672,12.849,0.84672,3695.15,0,18.483,0,2.62492,1.88131,6.01565,1.54991,8.97197,0.42336,18.483,0.42336,0,0,442.007,0,1.02816,0,0,3.65308,2.62492,1.028160,1,0,56.8596,0,0,0,56.8596,0
71.7212,2.51636,0,0,2.98219,0.0700977,0.36288,3.6288,61.308,0.66528,0,0,1.01587,0.334282,0.0163036,0.66528,12.849,1,0.451018,0.36288,0,48.6295,6.13434,42.407,0.84672,12.849,0.84672,3695.15,0,18.483,0,2.56927,1.8814,5.50989,1.56794,8.39262,0.42336,18.483,0.42336,0,0,442.007,0,1.02816,0,0,3.59743,2.56927,1.028160,1,0,50.8159,0,0,0,50.8159,0
72.0809,2.51684,0,0,3.30693,0.0675616,0.36288,3.6288,61.308,0.66528,0,0,1.21305,0.329891,0.217876,0.66528,12.849,1,0.450896,0.36288,0,58.3018,6.1677,52.0461,0.84672,12.849,0.84672,3695.15,0,18.483,0,3.41057,1.98602,5.51207,1.57891,9.32975,0.42336,18.483,0.42336,0,0,442.007,0,1.02816,0,0,4.43873,3.41057,1.028160,1,0,61.5937,0,0,0,61.5937,0
71.7515,2.52079,0,0,2.62202,0.0677467,0.36288,3.6288,61.2233,0.66528,0,0,0.910492,0.329891,0,0.66528,12.849,1,0.44935,0.36288,0,64.0165,6.1677,57.7624,0.84672,12.849,0.84672,3695.15,0,18.483,0,2.30557,1.98605,4.42573,1.57891,7.13844,0.42336,18.483,0.42336,0,0,442.007,0,1.02816,0,0,3.33373,2.30557,1.028160,1,0,64.9008,0,0,0,64.9008,0
71.9906,2.51741,0,0,3.18697,0.0675771,0.36288,3.6288,61.308,0.66528,0,0,1.46382,0.329715,0.384149,0.66528,12.849,1,0.450809,0.36288,0,55.8039,6.1677,49.5482,0.84672,12.849,0.84672,3695.15,0,18.483,0,4.49906,1.98609,6.37696,1.57891,11.2832,0.42336,18.483,0.42336,0,0,442.007,0,1.02816,0,0,5.52722,4.49906,1.028160,1,0,61.2156,0,0,0,61.2156,0
71.5652,2.52008,0,0,2.5083,0.0507735,0.36288,3.6288,61.1807,0.66528,0,0,0.878515,0.340523,0,0.66528,12.849,1,0.449788,0.36288,0,46.2836,5.90655,40.2902,0.84672,12.849,0.84672,3695.15,0,18.483,0,2.87639,1.98612,6.34565,1.56789,9.64026,0.42336,18.483,0.42336,0,0,442.007,0,1.02816,0,0,3.90455,2.87639,1.028160,1,0,49.9304,0,0,0,49.9304,0
70.8962,2.43891,0,0,2.26822,0.135359,0.36288,3.6288,61.1027,0.639903,0,0,0.841536,0.279605,0,0.66528,12.849,1,0.437889,0.36288,0,38.3289,4.21194,34.042,0.84672,12.849,0.84672,3695.15,0,18.483,0,2.66453,1.98615,6.04689,1.15859,9.53899,0.42336,18.483,0.42336,0,0,442.007,0,1.02816,0,0,3.69269,2.66453,1.028160,1,0,43.581,0,0,0,43.581,0
70.4906,2.43205,0,0,2.58178,0.192434,0.36288,3.6288,61.308,0.639986,0,0,1.21693,0.260557,0.111125,0.66528,12.849,1,0.440776,0.36288,0,37.7552,3.68981,33.9875,0.84672,12.849,0.84672,3695.15,0,18.483,0,3.98128,1.9459,8.43782,1.06186,13.3031,0.42336,18.483,0.42336,0,0,442.007,0,1.02816,0,0,5.00944,3.98128,1.028160,1,0,47.4017,0,0,0,47.4017,0
69.9657,2.42789,0,0,2.45764,0.191836,0.36288,3.6288,61.308,0.640068,0,0,1.18407,0.260895,0.283105,0.66528,12.849,1,0.442554,0.36288,0,48.0601,3.68981,44.2906,0.84672,12.849,0.84672,3695.15,0,18.483,0,3.66936,1.946,8.35376,1.06186,12.9072,0.42336,18.483,0.42336,0,0,442.007,0,1.02816,0,0,4.69752,3.66936,1.028160,1,0,57.481,0,0,0,57.481,0
70.6516,2.42241,0,0,3.66639,0.195148,0.36288,3.6288,61.308,0.640151,0,0,1.71825,0.248144,0.829951,0.66528,12.849,1,0.444869,0.36288,0,113.508,3.82361,109.602,0.84672,12.849,0.84672,3695.15,0,18.483,0,4.45563,1.94609,12.3662,1.06283,17.7051,0.42336,18.483,0.42336,0,0,442.007,0,1.02816,0,0,5.48379,4.45563,1.028160,1,0,128.137,0,0,0,128.137,0
72.0159,2.36706,0,0,4.30062,0.206453,0.36288,3.6288,61.308,0.563472,0,0,2.14565,0.216264,1.36591,0.66528,12.849,1,0.430484,0.36288,0,121.497,4.15811,117.272,0.84672,12.849,0.84672,3695.15,0,18.483,0,3.68798,1.94619,14.8389,1.06526,19.4078,0.42336,18.483,0.42336,0,0,442.007,0,1.02816,0,0,4.71614,3.68798,1.028160,1,0,138.045,0,0,0,138.045,0
72.29,2.38104,0,0,3.72324,0.208617,0.859444,3.6288,61.308,0.563551,0,0,1.89164,0.216264,1.11183,0.66528,12.849,1,0.424822,0.859444,0,96.5364,4.15811,92.813,0.84672,12.849,0.84672,3695.15,0,18.483,0,3.33304,1.87,13.2797,1.06526,17.4175,0.42336,18.483,0.42336,0,0,442.007,0,1.02816,0,0,4.3612,3.33304,1.028160,1,0,111.342,0,0,0,111.342,0
72.29,2.3839,0,0,5.1409,0.209052,2.54796,3.6288,61.308,0.56363,0,0,2.44191,0.216264,1.66201,0.66528,12.849,1,0.423719,2.54796,0,136.175,4.15811,134.141,0.84672,12.849,0.84672,3695.15,0,18.483,0,4.60439,1.87009,16.486,1.06526,21.8952,0.42336,18.483,0.42336,0,0,442.007,0,1.02816,0,0,5.63255,4.60439,1.028160,1,0,157.698,0,0,0,157.698,0
72.29,2.38401,0,0,4.43843,0.241044,1.81337,3.6288,61.308,0.563709,0,0,2.25692,0.226612,1.4666,0.66528,12.849,1,0.42374,1.81337,0,164.446,4.33207,161.504,0.84672,12.849,0.84672,3695.15,0,18.483,0,4.17561,1.87019,15.722,1.10588,20.662,0.42336,18.483,0.42336,0,0,442.007,0,1.02816,0,0,5.20377,4.17561,1.028160,1,0,183.632,0,0,0,183.632,0
72.29,2.20458,0,0,6.61744,0.289869,4.123,3.6288,61.308,0.403882,0,0,2.60594,0.203629,1.99843,0.66528,12.849,1,0.391847,4.123,0,82.6831,3.89582,82.5184,0.84672,12.849,0.84672,3695.15,0,18.483,0,4.37053,1.87028,14.5223,0.843172,19.9199,0.42336,18.483,0.42336,0,0,442.007,0,1.02816,0,0,5.39869,4.37053,1.028160,1,0,104.437,0,0,0,104.437,0
72.29,2.20469,0,0,3.54567,0.289869,1.05111,3.6288,61.308,0.403953,0,0,2.0239,0.203629,1.41632,0.66528,12.849,1,0.391867,1.05111,0,74.1908,3.89582,70.9542,0.84672,12.849,0.84672,3695.15,0,18.483,0,3.19062,1.6986,7.95692,0.843172,12.003,0.42336,18.483,0.42336,0,0,442.007,0,1.02816,0,0,4.21878,3.19062,1.028160,1,0,84.3735,0,0,0,84.3735,0
72.29,2.2048,0,0,3.69229,0.289869,1.19762,3.6288,61.308,0.404024,0,0,1.87574,0.203629,1.26808,0.66528,12.849,1,0.391886,1.19762,0,72.4075,3.89582,69.3174,0.84672,12.849,0.84672,3695.15,0,18.483,0,3.09995,1.69868,8.25085,0.843172,12.2063,0.42336,18.483,0.42336,0,0,442.007,0,1.02816,0,0,4.12811,3.09995,1.028160,1,0,82.7918,0,0,0,82.7918,0
72.29,2.20491,0,0,3.20974,0.285857,0.718977,3.6288,61.308,0.404095,0,0,1.92738,0.234636,1.28865,0.66528,12.849,1,0.391906,0.718977,0,82.0886,4.65343,77.7623,0.84672,12.849,0.84672,3695.15,0,18.483,0,2.66594,1.69877,9.30226,1.18738,12.4796,0.42336,18.483,0.42336,0,0,442.007,0,1.02816,0,0,3.6941,2.66594,1.028160,1,0,91.5305,0,0,0,91.5305,0
72.1775,2.20502,0,0,2.73094,0.275512,0.36288,3.6288,61.308,0.404166,0,0,1.86977,0.216184,1.24942,0.66528,12.849,1,0.391925,0.36288,0,62.5476,4.05531,58.4633,0.84672,12.849,0.84672,3695.15,0,18.483,0,2.99994,1.69885,9.66099,1.14773,13.212,0.42336,18.483,0.42336,0,0,442.007,0,1.02816,0,0,4.0281,2.99994,1.028160,1,0,72.9247,0,0,0,72.9247,0
72.29,2.27313,0,0,3.54938,0.269779,0.894,3.6288,61.308,0.450548,0,0,1.55731,0.184905,0.921855,0.66528,12.849,1,0.404661,0.894,0,101.093,3.18056,98.402,0.84672,12.849,0.84672,3695.15,0,18.483,0,2.71854,1.69893,11.8653,0.924383,15.3584,0.42336,18.483,0.42336,0,0,442.007,0,1.02816,0,0,3.7467,2.71854,1.028160,1,0,114.682,0,0,0,114.682,0
72.1444,2.2743,0,0,2.76164,0.27001,0.36288,3.6288,61.308,0.450611,0,0,1.33177,0.184905,0.696253,0.66528,12.849,1,0.404239,0.36288,0,62.3236,3.18056,59.1017,0.84672,12.849,0.84672,3695.15,0,18.483,0,2.13029,1.75335,8.62142,0.924383,11.5807,0.42336,18.483,0.42336,0,0,442.007,0,1.02816,0,0,3.15845,2.13029,1.028160,1,0,71.3786,0,0,0,71.3786,0
71.4177,2.27301,0,0,2.17889,0.269712,0.36288,3.6288,61.308,0.450675,0,0,1.17977,0.184905,0.544187,0.66528,12.849,1,0.404825,0.36288,0,39.7044,3.18056,36.4819,0.84672,12.849,0.84672,3695.15,0,18.483,0,1.7359,1.75343,7.33683,0.924383,9.90177,0.42336,18.483,0.42336,0,0,442.007,0,1.02816,0,0,2.76406,1.7359,1.028160,1,0,46.9279,0,0,0,46.9279,0
70.7199,2.26612,0,0,2.22129,0.290132,0.36288,3.6288,61.308,0.450738,0,0,1.15412,0.177195,0.52619,0.66528,12.849,1,0.407706,0.36288,0,44.5555,3.38547,41.1252,0.84672,12.849,0.84672,3695.15,0,18.483,0,1.61548,1.7535,7.48881,0.915794,9.942,0.42336,18.483,0.42336,0,0,442.007,0,1.02816,0,0,2.64364,1.61548,1.028160,1,0,51.5934,0,0,0,51.5934,0
69.8403,2.4798,0,0,2.25668,0.293619,0.36288,3.6288,61.308,0.624695,0,0,1.09326,0.183942,0.284625,0.66528,12.849,1,0.450552,0.36288,0,53.8456,3.5403,50.2176,0.84672,12.849,0.84672,3695.15,0,18.483,0,1.34714,1.75358,7.7449,0.936831,9.90878,0.42336,18.483,0.42336,0,0,442.007,0,1.02816,0,0,2.3753,1.34714,1.028160,1,0,60.411,0,0,0,60.411,0
69.2126,2.47035,0,0,2.51452,0.308931,0.36288,3.6288,61.308,0.624766,0,0,1.06518,0.18295,0.257467,0.66528,12.849,1,0.454488,0.36288,0,56.8127,3.84195,52.8791,0.84672,12.849,0.84672,3695.15,0,18.483,0,1.86225,1.9476,8.32818,1.03502,11.103,0.42336,18.483,0.42336,0,0,442.007,0,1.02816,0,0,2.89041,1.86225,1.028160,1,0,64.2396,0,0,0,64.2396,0
69.4127,2.46354,0,0,3.33393,0.307431,0.36288,3.6288,61.308,0.624836,0,0,1.01759,0.18295,0.209807,0.66528,12.849,1,0.457345,0.36288,0,79.5662,3.84195,75.6298,0.84672,12.849,0.84672,3695.15,0,18.483,0,2.19048,1.94768,9.39367,1.03502,12.4968,0.42336,18.483,0.42336,0,0,442.007,0,1.02816,0,0,3.21864,2.19048,1.028160,1,0,88.3364,0,0,0,88.3364,0
69.4365,2.46586,0,0,3.16233,0.30979,0.36288,3.6288,61.308,0.624907,0,0,1.1516,0.180364,0.346329,0.66528,12.849,1,0.456456,0.36288,0,66.4452,3.97881,62.3728,0.84672,12.849,0.84672,3695.15,0,18.483,0,1.8716,1.94777,9.02457,1.07942,11.7645,0.42336,18.483,0.42336,0,0,442.007,0,1.02816,0,0,2.89976,1.8716,1.028160,1,0,74.4837,0,0,0,74.4837,0
71.0161,2.15362,0,0,4.40109,0.304962,0.36288,3.6288,61.308,0.391569,0,0,1.02071,0.172529,0.456614,0.66528,12.849,1,0.39852,0.36288,0,57.9609,4.52133,53.404,0.84672,12.849,0.84672,3695.15,0,18.483,0,1.48923,1.94785,7.65288,1.19365,9.8963,0.42336,18.483,0.42336,0,0,442.007,0,1.02816,0,0,2.51739,1.48923,1.028160,1,0,63.7569,0,0,0,63.7569,0
72.29,2.16871,0,0,4.85345,0.286867,1.12401,3.6288,61.308,0.39163,0,0,1.27329,0.182773,0.698882,0.66528,12.849,1,0.392386,1.12401,0,72.138,4.14981,68.7198,0.84672,12.849,0.84672,3695.15,0,18.483,0,1.89611,1.68258,10.124,0.99076,12.7119,0.42336,18.483,0.42336,0,0,442.007,0,1.02816,0,0,2.92427,1.89611,1.028160,1,0,82.1307,0,0,0,82.1307,0
72.29,2.18057,0,0,6.83078,0.289667,4.36054,3.6288,61.308,0.39169,0,0,2.34098,0.182773,1.76652,0.66528,12.849,1,0.387579,4.36054,0,110.869,4.14981,110.692,0.84672,12.849,0.84672,3695.15,0,18.483,0,3.00847,1.68266,18.6471,0.99076,22.3475,0.42336,18.483,0.42336,0,0,442.007,0,1.02816,0,0,4.03663,3.00847,1.028160,1,0,134.806,0,0,0,134.806,0
72.29,2.18066,0,0,6.0406,0.289667,3.57028,3.6288,61.308,0.391751,0,0,1.43127,0.182773,0.856744,0.66528,12.849,1,0.387596,3.57028,0,110.22,4.14981,109.252,0.84672,12.849,0.84672,3695.15,0,18.483,0,2.16459,1.68273,11.8477,0.99076,14.7042,0.42336,18.483,0.42336,0,0,442.007,0,1.02816,0,0,3.19275,2.16459,1.028160,1,0,124.813,0,0,0,124.813,0
72.29,2.18075,0,0,6.14688,0.321464,3.64467,3.6288,61.308,0.391812,0,0,1.98439,0.144221,1.44836,0.66528,12.849,1,0.387612,3.64467,0,135.609,3.4666,135.4,0.84672,12.849,0.84672,3695.15,0,18.483,0,3.06128,1.6828,18.0636,0.837443,21.9702,0.42336,18.483,0.42336,0,0,442.007,0,1.02816,0,0,4.08944,3.06128,1.028160,1,0,158.818,0,0,0,158.818,0
72.29,2.26053,0,0,7.3267,0.322769,4.7434,3.6288,61.308,0.448985,0,0,3.36436,0.143958,2.77141,0.66528,12.849,1,0.401792,4.7434,0,175.987,3.36714,176.962,0.84672,12.849,0.84672,3695.15,0,18.483,0,5.21428,1.68287,23.582,0.824424,29.6547,0.42336,18.483,0.42336,0,0,442.007,0,1.02816,0,0,6.24244,5.21428,1.028160,1,0,209.388,0,0,0,209.388,0
72.29,2.26063,0,0,6.25474,0.322769,3.67134,3.6288,61.308,0.449048,0,0,2.68531,0.143958,2.09231,0.66528,12.849,1,0.401809,3.67134,0,136.777,3.36714,136.68,0.84672,12.849,0.84672,3695.15,0,18.483,0,4.12063,1.74847,17.0685,0.824424,22.1132,0.42336,18.483,0.42336,0,0,442.007,0,1.02816,0,0,5.14879,4.12063,1.028160,1,0,160.885,0,0,0,160.885,0
72.29,2.26072,0,0,5.00604,0.285046,2.46027,3.6288,61.308,0.449111,0,0,1.88877,0.139796,1.29987,0.66528,12.849,1,0.401826,2.46027,0,114.872,3.61427,113.316,0.84672,12.849,0.84672,3695.15,0,18.483,0,2.68579,1.74855,11.9178,0.840493,15.5117,0.42336,18.483,0.42336,0,0,442.007,0,1.02816,0,0,3.71395,2.68579,1.028160,1,0,130.128,0,0,0,130.128,0
72.29,2.26082,0,0,4.84194,0.270123,2.311,3.6288,61.308,0.449174,0,0,1.5707,0.149883,0.971643,0.66528,12.849,1,0.401843,2.311,0,116.477,3.74318,114.643,0.84672,12.849,0.84672,3695.15,0,18.483,0,2.04281,1.74862,11.4509,0.934894,14.3074,0.42336,18.483,0.42336,0,0,442.007,0,1.02816,0,0,3.07097,2.04281,1.028160,1,0,129.922,0,0,0,129.922,0
72.29,2.22975,0,0,4.95144,0.238625,2.48306,3.6288,61.308,0.427051,0,0,1.28853,0.180944,0.68054,0.66528,12.849,1,0.396322,2.48306,0,112.991,3.94653,111.132,0.84672,12.849,0.84672,3695.15,0,18.483,0,1.82238,1.7487,11.778,1.06683,14.2822,0.42336,18.483,0.42336,0,0,442.007,0,1.02816,0,0,2.85054,1.82238,1.028160,1,0,126.094,0,0,0,126.094,0
72.29,2.22985,0,0,4.39913,0.235891,1.93339,3.6288,61.308,0.427113,0,0,1.1212,0.191564,0.502518,0.66528,12.849,1,0.396339,1.93339,0,100.1,4.25196,97.3847,0.84672,12.849,0.84672,3695.15,0,18.483,0,1.76905,1.72326,10.9431,1.06362,13.3718,0.42336,18.483,0.42336,0,0,442.007,0,1.02816,0,0,2.79721,1.76905,1.028160,1,0,111.259,0,0,0,111.259,0
72.29,2.22994,0,0,4.07677,0.207646,1.63918,3.6288,61.308,0.427175,0,0,0.99023,0.200925,0.36213,0.66528,12.849,1,0.396356,1.63918,0,92.2164,4.33535,89.1239,0.84672,12.849,0.84672,3695.15,0,18.483,0,1.72409,1.72333,9.9633,1.06944,12.3413,0.42336,18.483,0.42336,0,0,442.007,0,1.02816,0,0,2.75225,1.72409,1.028160,1,0,101.827,0,0,0,101.827,0
72.29,2.23004,0,0,3.79325,0.207646,1.35556,3.6288,61.308,0.427238,0,0,0.987958,0.200925,0.359796,0.66528,12.849,1,0.396373,1.35556,0,84.3134,4.33535,80.9373,0.84672,12.849,0.84672,3695.15,0,18.483,0,1.73445,1.72341,9.46866,1.06944,11.8571,0.42336,18.483,0.42336,0,0,442.007,0,1.02816,0,0,2.76261,1.73445,1.028160,1,0,93.1541,0,0,0,93.1541,0
72.29,2.33593,0,0,3.41131,0.171275,0.904105,3.6288,61.308,0.50599,0,0,0.92467,0.227785,0.190896,0.66528,12.849,1,0.415193,0.904105,0,61.4587,4.63775,57.3099,0.84672,12.849,0.84672,3695.15,0,18.483,0,1.02413,1.72348,8.56691,1.1327,10.1818,0.42336,18.483,0.42336,0,0,442.007,0,1.02816,0,0,2.05229,1.02413,1.028160,1,0,67.6826,0,0,0,67.6826,0
72.29,2.33602,0,0,3.27054,0.171275,0.763243,3.6288,61.308,0.506055,0,0,0.902094,0.227785,0.168254,0.66528,12.849,1,0.415211,0.763243,0,56.8671,4.63775,52.5774,0.84672,12.849,0.84672,3695.15,0,18.483,0,1.02111,1.81277,8.27747,1.1327,9.97865,0.42336,18.483,0.42336,0,0,442.007,0,1.02816,0,0,2.04927,1.02111,1.028160,1,0,62.7243,0,0,0,62.7243,0
72.29,2.33612,0,0,3.12465,0.171275,0.617248,3.6288,61.308,0.506121,0,0,0.905619,0.227785,0.171714,0.66528,12.849,1,0.415228,0.617248,0,54.3361,4.63775,49.9004,0.84672,12.849,0.84672,3695.15,0,18.483,0,1.20341,1.81284,7.8834,1.1327,9.76696,0.42336,18.483,0.42336,0,0,442.007,0,1.02816,0,0,2.23157,1.20341,1.028160,1,0,59.839,0,0,0,59.839,0
72.2755,2.33622,0,0,2.89032,0.205695,0.36288,3.6288,61.308,0.506186,0,0,0.854479,0.218567,0.129726,0.66528,12.849,1,0.415246,0.36288,0,50.5531,4.04544,46.4553,0.84672,12.849,0.84672,3695.15,0,18.483,0,1.12596,1.81292,7.16999,1.15555,8.95333,0.42336,18.483,0.42336,0,0,442.007,0,1.02816,0,0,2.15412,1.12596,1.028160,1,0,55.5383,0,0,0,55.5383,0
71.7163,2.33618,0,0,2.25682,0.116936,0.36288,3.6288,61.2992,0.506251,0,0,0.767526,0.270061,0,0.66528,12.849,1,0.415322,0.36288,0,35.6721,4.91107,30.7085,0.84672,12.849,0.84672,3695.15,0,18.483,0,0.549927,1.813,4.85078,1.24921,5.9645,0.42336,18.483,0.42336,0,0,442.007,0,1.02816,0,0,1.57809,0.549927,1.028160,1,0,36.673,0,0,0,36.673,0
70.8551,2.30991,0,0,1.92358,0.112068,0.36288,3.6288,61.0655,0.644244,0,0,0.689576,0.279021,0,0.66528,12.849,1,0.413853,0.36288,0,29.9786,5.16758,24.76,0.84672,12.849,0.84672,3695.15,0,18.483,0,0.30119,1.81308,4.00618,1.26002,4.86043,0.42336,18.483,0.42336,0,0,442.007,0,0.933492,0,0,1.23468,0.30119,1.028160,1,0,29.6204,0,0,0,29.6204,0
69.8309,2.3015,0,0,1.75154,0.111332,0.36288,3.6288,60.8669,0.602623,0,0,0.682603,0.278608,0,0.66528,12.849,1,0.417359,0.36288,0,29.7467,5.16758,24.5247,0.84672,12.849,0.84672,3695.15,0,18.483,0,0.261274,1.84095,3.85574,1.26002,4.69795,0.42336,18.483,0.42336,0,0,442.007,0,0.97518,0,0,1.23645,0.261274,1.028160,1,0,29.2226,0,0,0,29.2226,0
68.651,2.2913,0,0,1.58476,0.110457,0.36288,3.6288,60.4661,0.756076,0,0,0.633493,0.278258,0,0.66528,12.849,1,0.421603,0.36288,0,26.7129,5.16758,21.4866,0.84672,12.849,0.84672,3695.15,0,18.483,0,0.261274,1.84103,3.69799,1.26002,4.54028,0.42336,18.483,0.42336,0,0,442.007,0,0.821794,0,0,1.08307,0.261274,1.028160,1,0,26.0269,0,0,0,26.0269,0
67.4944,2.27926,0,0,1.56579,0.080265,0.36288,3.6288,60.0727,0.733066,0,0,0.677851,0.338187,0,0.66528,12.849,1,0.426596,0.36288,0,24.0786,6.04831,17.9666,0.84672,12.849,0.84672,3695.15,0,18.483,0,0.261274,1.84111,3.49145,1.53026,4.06358,0.42336,18.483,0.42336,0,0,442.007,0,0.844871,0,0,1.10614,0.261274,1.028160,1,0,22.0302,0,0,0,22.0302,0
66.2195,2.3201,0,0,1.47952,0.0714541,0.36288,3.6288,59.41,0.880462,0,0,0.553953,0.336184,0,0.66528,12.849,1,0.44168,0.36288,0,27.5575,6.27406,21.2046,0.84672,12.849,0.84672,3695.15,0,18.483,0,0.261274,1.84119,3.2316,1.48455,3.84952,0.42336,18.483,0.42336,0,0,442.007,0,0.736102,0,0,0.997376,0.261274,1.028160,1,0,25.0541,0,0,0,25.0541,0
64.8651,2.30612,0,0,1.38535,0.0707368,0.36288,3.6288,58.6913,0.899029,0,0,0.515155,0.334765,0,0.66528,12.849,1,0.447471,0.36288,0,22.1261,6.27406,15.7674,0.84672,12.849,0.84672,3695.15,0,18.483,0,0.261274,1.88558,2.91304,1.48455,3.57534,0.42336,18.483,0.42336,0,0,442.007,0,0.717604,0,0,0.978877,0.261274,1.028160,1,0,19.3428,0,0,0,19.3428,0
63.4027,2.29085,0,0,1.26131,0.0699748,0.36288,3.6288,57.8313,1.01585,0,0,0.489073,0.333226,0,0.66528,12.849,1,0.453791,0.36288,0,20.1651,6.27406,13.8001,0.84672,12.849,0.84672,3695.15,0,18.483,0,0.227405,1.88566,2.71722,1.48455,3.34573,0.42336,18.483,0.42336,0,0,442.007,0,0.600852,0,0,0.828256,0.227405,1.028160,1,0,17.1458,0,0,0,17.1458,0
62.1894,2.27387,0,0,1.48084,0.0574026,0.36288,3.6288,57.4774,0.643812,0,0,0.610974,0.321035,0,0.66528,12.849,1,0.460816,0.36288,0,21.0789,6.44892,14.5321,0.84672,12.849,0.84672,3695.15,0,18.483,0,0.227405,1.88574,4.12749,1.5324,4.70824,0.42336,18.483,0.42336,0,0,442.007,0,0.972959,0,0,1.20036,0.227405,1.028160,1,0,19.2403,0,0,0,19.2403,0
60.6052,2.41028,0,0,1.23263,0.0436786,0.36288,3.6288,56.7928,0.96558,0,0,0.578115,0.297215,0,0.66528,12.849,1,0.49799,0.36288,0,19.3477,6.07045,13.1422,0.84672,12.849,0.84672,3695.15,0,18.483,0,0.227405,1.88582,3.06407,1.49168,3.68562,0.42336,18.483,0.42336,0,0,442.007,0,0.72786,0,0,0.955264,0.227405,1.028160,1,0,16.8278,0,0,0,16.8278,0
58.8769,2.38946,0,0,1.06584,0.04176,0.36288,3.6288,55.9608,1.05818,0,0,0.521555,0.295328,0,0.66528,12.849,1,0.506593,0.36288,0,17.1341,5.9976,10.9928,0.84672,12.849,0.84672,3695.15,0,18.483,0,0.227405,1.98761,2.89757,1.48007,3.63251,0.42336,18.483,0.42336,0,0,442.007,0,0.635265,0,0,0.862669,0.227405,1.028160,1,0,14.6253,0,0,0,14.6253,0
57.301,2.36589,0,0,1.19391,0.0410882,0.36288,3.6288,55.1909,1.01117,0,0,0.535022,0.293729,0,0.66528,12.849,1,0.516321,0.36288,0,17.0316,5.9976,10.8806,0.84672,12.849,0.84672,3695.15,0,18.483,0,0.204422,1.98763,3.10563,1.48007,3.81762,0.42336,18.483,0.42336,0,0,442.007,0,0.682275,0,0,0.886697,0.204422,1.028160,1,0,14.6982,0,0,0,14.6982,0
56.4468,2.34361,0,0,1.91077,0.0584419,0.36288,3.6288,54.7397,0.820619,0,0,0.657547,0.288125,0,0.66528,12.849,1,0.525524,0.36288,0,28.2944,5.87886,22.2529,0.84672,12.849,0.84672,3695.15,0,18.483,0,0.204422,1.98766,3.38539,1.4655,4.11197,0.42336,18.483,0.42336,0,0,442.007,0,0.872821,0,0,1.07724,0.204422,1.028160,1,0,26.3649,0,0,0,26.3649,0
56.7379,2.33124,0,0,3.03684,0.0516242,0.36288,3.6288,54.8052,0.66528,0,0,1.00435,0.273629,0,0.66528,12.849,1,0.53066,0.36288,0,31.3243,5.58094,25.5756,0.84672,12.849,0.84672,3695.15,0,18.483,0,0.25386,1.98769,5.06077,1.36424,5.93808,0.42336,18.483,0.42336,0,0,442.007,0,1.02816,0,0,1.28202,0.25386,1.028160,1,0,31.5137,0,0,0,31.5137,0
56.5891,2.26435,0,0,2.52291,0.044522,0.36288,3.6288,55.3827,0.643749,0,0,1.49024,0.268962,0,0.66528,12.849,1,0.51279,0.36288,0,29.4006,5.29064,23.9601,0.84672,12.849,0.84672,3695.15,0,18.483,0,1.27134,1.98772,6.50412,1.2983,8.46489,0.42336,18.483,0.42336,0,0,442.007,0,1.02816,0,0,2.2995,1.27134,1.028160,1,0,32.425,0,0,0,32.425,0
56.1455,2.26233,0,0,2.22613,0.0444566,0.36288,3.6288,55.3338,0.64382,0,0,0.864873,0.269986,0,0.66528,12.849,1,0.513681,0.36288,0,30.1152,5.29064,24.6737,0.84672,12.849,0.84672,3695.15,0,18.483,0,0.415532,1.95039,4.99585,1.2983,6.06347,0.42336,18.483,0.42336,0,0,442.007,0,1.02816,0,0,1.44369,0.415532,1.028160,1,0,30.7372,0,0,0,30.7372,0
55.3219,2.25608,0,0,1.83955,0.0442616,0.36288,3.6288,55.1819,0.643891,0,0,0.761936,0.2699,0,0.66528,12.849,1,0.516307,0.36288,0,27.8052,5.29064,22.3612,0.84672,12.849,0.84672,3695.15,0,18.483,0,0.255545,1.95047,4.62654,1.2983,5.53425,0.42336,18.483,0.42336,0,0,442.007,0,1.02816,0,0,1.28371,0.255545,1.028160,1,0,27.8954,0,0,0,27.8954,0
55.9566,2.24421,0,0,3.37484,0.132965,0.36288,3.6288,55.48,0.643963,0,0,1.14741,0.205344,0,0.66528,12.849,1,0.521237,0.36288,0,42.6222,4.26314,38.2007,0.84672,12.849,0.84672,3695.15,0,18.483,0,0.563475,1.95055,6.63933,0.989638,8.16372,0.42336,18.483,0.42336,0,0,442.007,0,1.02816,0,0,1.59163,0.563475,1.028160,1,0,46.3645,0,0,0,46.3645,0
56.7933,2.19533,0,0,3.58763,0.192719,0.36288,3.6288,56.6689,0.567097,0,0,1.98412,0.228147,0,0.66528,12.849,1,0.504101,0.36288,0,57.7955,3.91177,53.7425,0.84672,12.849,0.84672,3695.15,0,18.483,0,1.87296,1.95064,10.9423,0.954814,13.8111,0.42336,18.483,0.42336,0,0,442.007,0,1.02816,0,0,2.90112,1.87296,1.028160,1,0,67.5536,0,0,0,67.5536,0
56.9935,2.2071,0,0,2.96449,0.194323,0.36288,3.6288,56.789,0.567165,0,0,0.917162,0.229927,0,0.66528,12.849,1,0.499336,0.36288,0,41.9382,3.91177,37.89,0.84672,12.849,0.84672,3695.15,0,18.483,0,0.257973,1.87426,4.82485,0.954814,6.00227,0.42336,18.483,0.42336,0,0,442.007,0,1.02816,0,0,1.28613,0.257973,1.028160,1,0,43.8923,0,0,0,43.8923,0
58.6361,2.20995,0,0,4.42508,0.209633,0.36288,3.6288,57.7798,0.567233,0,0,1.80698,0.24888,0,0.66528,12.849,1,0.498226,0.36288,0,64.5378,4.32501,60.0774,0.84672,12.849,0.84672,3695.15,0,18.483,0,1.12614,1.87434,10.6877,1.07135,12.6168,0.42336,18.483,0.42336,0,0,442.007,0,1.02816,0,0,2.1543,1.12614,1.028160,1,0,72.6942,0,0,0,72.6942,0
60.5115,2.23223,0,0,4.70367,0.233247,0.36288,3.6288,58.68,0.567301,0,0,1.74315,0.275677,0,0.66528,12.849,1,0.48915,0.36288,0,73.6732,4.87599,68.6709,0.84672,12.849,0.84672,3695.15,0,18.483,0,1.74788,1.87442,10.5106,1.22673,12.9061,0.42336,18.483,0.42336,0,0,442.007,0,1.02816,0,0,2.77604,1.74788,1.028160,1,0,81.5771,0,0,0,81.5771,0
62.73,2.08672,0,0,4.92757,0.259446,0.36288,3.6288,61.308,0.407103,0,0,3.77287,0.221436,0.51634,0.66528,12.849,1,0.443095,0.36288,0,64.3575,4.62507,59.6523,0.84672,12.849,0.84672,3695.15,0,18.483,0,2.55999,1.8745,15.7013,1.13616,18.9996,0.42336,18.483,0.42336,0,0,442.007,0,1.02816,0,0,3.58815,2.55999,1.028160,1,0,79.1682,0,0,0,79.1682,0
63.4437,2.1123,0,0,3.45687,0.267979,0.36288,3.6288,61.308,0.407165,0,0,1.51208,0.215712,0.889201,0.66528,12.849,1,0.432662,0.36288,0,44.3555,4.58325,39.7025,0.84672,12.849,0.84672,3695.15,0,18.483,0,1.37633,1.70242,7.02487,1.12107,8.98255,0.42336,18.483,0.42336,0,0,442.007,0,1.02816,0,0,2.40449,1.37633,1.028160,1,0,49.5742,0,0,0,49.5742,0
64.0873,2.12033,0,0,3.39307,0.26623,0.36288,3.6288,61.308,0.407226,0,0,1.30752,0.229747,0.670545,0.66528,12.849,1,0.429423,0.36288,0,43.5094,4.63503,38.8078,0.84672,12.849,0.84672,3695.15,0,18.483,0,0.621423,1.70249,8.38464,1.16102,9.54753,0.42336,18.483,0.42336,0,0,442.007,0,1.02816,0,0,1.64958,0.621423,1.028160,1,0,49.0259,0,0,0,49.0259,0
64.5271,2.12749,0,0,3.18946,0.259294,0.36288,3.6288,61.308,0.463499,0,0,1.02648,0.264832,0.298154,0.66528,12.849,1,0.426544,0.36288,0,50.5703,4.76448,45.7421,0.84672,12.849,0.84672,3695.15,0,18.483,0,0.412474,1.70256,5.52183,1.26091,6.37596,0.42336,18.483,0.42336,0,0,442.007,0,0.971948,0,0,1.38442,0.412474,1.028160,1,0,52.4162,0,0,0,52.4162,0
72.29,2.13235,0,0,10.7392,0.26239,0.581555,3.6288,61.308,0.407348,0,0,3.04158,0.240494,2.39374,0.66528,12.849,1,0.424605,0.581555,0,193.566,4.59618,189.127,0.84672,12.849,0.84672,3695.15,0,18.483,0,3.22399,1.70264,23.2159,1.19421,26.9483,0.42336,18.483,0.42336,0,0,442.007,0,1.02816,0,0,4.25215,3.22399,1.028160,1,0,218.469,0,0,0,218.469,0
72.29,2.27924,0,0,9.97834,0.28189,7.41721,3.6288,61.308,0.453823,0,0,3.70421,0.208043,3.04234,0.66528,12.849,1,0.405117,7.41721,0,209.155,4.37178,211.795,0.84672,12.849,0.84672,3695.15,0,18.483,0,4.45516,1.70271,18.3571,1.10528,23.4097,0.42336,18.483,0.42336,0,0,442.007,0,1.02816,0,0,5.48332,4.45516,1.028160,1,0,238.247,0,0,0,238.247,0
72.29,2.27932,0,0,6.78318,0.28189,4.22197,3.6288,61.308,0.453876,0,0,2.22998,0.208043,1.56806,0.66528,12.849,1,0.405132,4.22197,0,142.879,4.37178,142.324,0.84672,12.849,0.84672,3695.15,0,18.483,0,1.8518,1.75724,8.86222,1.10528,11.366,0.42336,18.483,0.42336,0,0,442.007,0,1.02816,0,0,2.87996,1.8518,1.028160,1,0,155.258,0,0,0,155.258,0
72.29,2.2794,0,0,6.13958,0.293535,3.56665,3.6288,61.308,0.453929,0,0,1.94727,0.192584,1.30076,0.66528,12.849,1,0.405146,3.56665,0,128.775,4.1142,127.822,0.84672,12.849,0.84672,3695.15,0,18.483,0,1.20348,1.7573,7.96608,1.04507,9.88179,0.42336,18.483,0.42336,0,0,442.007,0,1.02816,0,0,2.23164,1.20348,1.028160,1,0,139.005,0,0,0,139.005,0
72.29,2.27948,0,0,5.91243,0.322646,3.3103,3.6288,61.308,0.453982,0,0,2.27373,0.153936,1.66581,0.66528,12.849,1,0.405161,3.3103,0,125.206,3.47025,124.641,0.84672,12.849,0.84672,3695.15,0,18.483,0,1.71231,1.75736,8.18986,0.89455,10.765,0.42336,18.483,0.42336,0,0,442.007,0,1.02816,0,0,2.74047,1.71231,1.028160,1,0,137.071,0,0,0,137.071,0
72.29,2.50191,0,0,17.4927,0.303938,14.6869,3.6288,61.308,0.62831,0,0,4.14936,0.116841,3.40421,0.66528,12.849,1,0.444695,14.6869,0,246.228,3.37449,257.096,0.84672,12.849,0.84672,3695.15,0,18.483,0,5.87506,1.75742,24.7763,0.903462,31.5053,0.42336,18.483,0.42336,0,0,442.007,0,1.02816,0,0,6.90322,5.87506,1.028160,1,0,292.005,0,0,0,292.005,0
72.29,2.502,0,0,8.16618,0.303938,5.36025,3.6288,61.308,0.628369,0,0,2.40653,0.116841,1.66132,0.66528,12.849,1,0.444711,5.36025,0,450.846,3.37449,452.387,0.84672,12.849,0.84672,3695.15,0,18.483,0,3.14457,1.95186,14.6596,0.903462,18.8525,0.42336,18.483,0.42336,0,0,442.007,0,1.02816,0,0,4.17273,3.14457,1.028160,1,0,472.9,0,0,0,472.9,0
72.29,2.50209,0,0,5.76562,0.306107,2.95743,3.6288,61.308,0.628428,0,0,1.75991,0.132914,0.998565,0.66528,12.849,1,0.444727,2.95743,0,203.152,3.56705,202.098,0.84672,12.849,0.84672,3695.15,0,18.483,0,2.35601,1.95193,10.0248,0.936746,13.396,0.42336,18.483,0.42336,0,0,442.007,0,1.02816,0,0,3.38417,2.35601,1.028160,1,0,216.493,0,0,0,216.493,0
72.29,2.50218,0,0,5.39665,0.323674,2.5708,3.6288,61.308,0.628487,0,0,2.97805,0.212888,2.13668,0.66528,12.849,1,0.444743,2.5708,0,198.955,4.45354,196.628,0.84672,12.849,0.84672,3695.15,0,18.483,0,3.48336,1.952,13.3186,1.05751,17.6964,0.42336,18.483,0.42336,0,0,442.007,0,1.02816,0,0,4.51152,3.48336,1.028160,1,0,216.461,0,0,0,216.461,0
72.29,2.18509,0,0,5.31247,0.357655,2.76973,3.6288,61.308,0.394634,0,0,1.92576,0.185462,1.34567,0.66528,12.849,1,0.388383,2.76973,0,120.531,3.4292,119.483,0.84672,12.849,0.84672,3695.15,0,18.483,0,2.02285,1.95207,11.9376,0.905011,15.0075,0.42336,18.483,0.42336,0,0,442.007,0,1.02816,0,0,3.05101,2.02285,1.028160,1,0,135.836,0,0,0,135.836,0
72.29,2.18517,0,0,4.12378,0.357655,1.58096,3.6288,61.308,0.394685,0,0,1.49909,0.185462,0.918945,0.66528,12.849,1,0.388397,1.58096,0,127.009,3.4292,124.772,0.84672,12.849,0.84672,3695.15,0,18.483,0,1.33443,1.68622,9.65917,0.905011,11.7748,0.42336,18.483,0.42336,0,0,442.007,0,1.02816,0,0,2.36259,1.33443,1.028160,1,0,137.466,0,0,0,137.466,0
72.29,2.18524,0,0,3.33247,0.323671,0.82356,3.6288,61.308,0.394736,0,0,1.00369,0.167413,0.441543,0.66528,12.849,1,0.38841,0.82356,0,103.662,3.16761,100.929,0.84672,12.849,0.84672,3695.15,0,18.483,0,0.830909,1.68628,8.53027,0.867435,10.18,0.42336,18.483,0.42336,0,0,442.007,0,1.02816,0,0,1.85907,0.830909,1.028160,1,0,111.551,0,0,0,111.551,0
72.29,2.18532,0,0,3.77377,0.278358,1.31009,3.6288,61.308,0.394787,0,0,1.31085,0.143348,0.772718,0.66528,12.849,1,0.388424,1.31009,0,110.685,2.81883,108.788,0.84672,12.849,0.84672,3695.15,0,18.483,0,1.36689,1.68634,9.08539,0.817333,11.3213,0.42336,18.483,0.42336,0,0,442.007,0,1.02816,0,0,2.39505,1.36689,1.028160,1,0,120.882,0,0,0,120.882,0
72.29,2.1854,0,0,4.51947,0.287788,2.04628,3.6288,61.308,0.394838,0,0,1.56347,0.167095,1.00154,0.66528,12.849,1,0.388438,2.04628,0,141.784,3.64917,139.793,0.84672,12.849,0.84672,3695.15,0,18.483,0,1.67873,1.6864,10.6824,0.973228,13.0743,0.42336,18.483,0.42336,0,0,442.007,0,1.02816,0,0,2.70689,1.67873,1.028160,1,0,153.869,0,0,0,153.869,0
72.29,2.26533,0,0,4.51946,0.294861,1.95927,3.6288,61.308,0.452122,0,0,1.75046,0.184905,1.11344,0.66528,12.849,1,0.402645,1.95927,0,130.771,4.27193,128.055,0.84672,12.849,0.84672,3695.15,0,18.483,0,2.65622,1.68646,13.3905,1.09015,16.6431,0.42336,18.483,0.42336,0,0,442.007,0,1.02816,0,0,3.68438,2.65622,1.028160,1,0,145.812,0,0,0,145.812,0
72.29,2.26541,0,0,3.22814,0.294861,0.667866,3.6288,61.308,0.452175,0,0,1.32785,0.184905,0.690767,0.66528,12.849,1,0.40266,0.667866,0,90.6638,4.27193,86.6571,0.84672,12.849,0.84672,3695.15,0,18.483,0,1.32351,1.75219,10.1579,1.09015,12.1434,0.42336,18.483,0.42336,0,0,442.007,0,1.02816,0,0,2.35167,1.32351,1.028160,1,0,99.4913,0,0,0,99.4913,0
72.1676,2.26549,0,0,2.76773,0.261767,0.36288,3.6288,61.308,0.452228,0,0,1.07678,0.194497,0.430053,0.66528,12.849,1,0.402674,0.36288,0,76.8554,4.28198,72.5336,0.84672,12.849,0.84672,3695.15,0,18.483,0,1.04481,1.75225,8.11806,1.10321,9.8119,0.42336,18.483,0.42336,0,0,442.007,0,1.02816,0,0,2.07297,1.04481,1.028160,1,0,82.7756,0,0,0,82.7756,0
71.9184,2.26441,0,0,2.64753,0.269387,0.36288,3.6288,61.308,0.452281,0,0,1.04566,0.207487,0.385897,0.66528,12.849,1,0.403165,0.36288,0,70.8549,4.47714,66.3375,0.84672,12.849,0.84672,3695.15,0,18.483,0,1.0459,1.75231,7.31039,1.11901,8.98958,0.42336,18.483,0.42336,0,0,442.007,0,1.02816,0,0,2.07406,1.0459,1.028160,1,0,75.713,0,0,0,75.713,0
71.8143,2.23094,0,0,2.68771,0.198,0.36288,3.6288,61.308,0.430101,0,0,1.2567,0.23012,0.596475,0.66528,12.849,1,0.398582,0.36288,0,67.818,4.09636,63.6859,0.84672,12.849,0.84672,3695.15,0,18.483,0,1.44375,1.75237,6.76253,1.18201,8.77664,0.42336,18.483,0.42336,0,0,442.007,0,1.02816,0,0,2.47191,1.44375,1.028160,1,0,73.059,0,0,0,73.059,0
71.4363,2.23004,0,0,2.41275,0.197843,0.36288,3.6288,61.308,0.430154,0,0,1.32568,0.23012,0.665405,0.66528,12.849,1,0.398998,0.36288,0,62.7091,4.09636,58.5766,0.84672,12.849,0.84672,3695.15,0,18.483,0,1.50924,1.72687,6.79208,1.18201,8.84618,0.42336,18.483,0.42336,0,0,442.007,0,1.02816,0,0,2.5374,1.50924,1.028160,1,0,68.0882,0,0,0,68.0882,0
71.2731,2.22654,0,0,2.6235,0.197273,0.36288,3.6288,61.308,0.430206,0,0,1.14273,0.23012,0.482401,0.66528,12.849,1,0.40048,0.36288,0,64.6998,4.09636,60.5658,0.84672,12.849,0.84672,3695.15,0,18.483,0,1.1408,1.72693,8.32291,1.18201,10.0086,0.42336,18.483,0.42336,0,0,442.007,0,1.02816,0,0,2.16896,1.1408,1.028160,1,0,71.0568,0,0,0,71.0568,0
70.8976,2.22507,0,0,2.36718,0.154781,0.36288,3.6288,61.308,0.430258,0,0,1.11861,0.250891,0.437464,0.66528,12.849,1,0.401131,0.36288,0,58.674,5.73384,52.9019,0.84672,12.849,0.84672,3695.15,0,18.483,0,1.23416,1.72699,7.00505,1.24657,8.71964,0.42336,18.483,0.42336,0,0,442.007,0,1.02816,0,0,2.26232,1.23416,1.028160,1,0,62.059,0,0,0,62.059,0
70.5792,2.32694,0,0,2.51883,0.147346,0.36288,3.6288,61.308,0.509162,0,0,1.09311,0.256886,0.327058,0.66528,12.849,1,0.421719,0.36288,0,78.8576,5.06568,73.7331,0.84672,12.849,0.84672,3695.15,0,18.483,0,1.19677,1.72706,6.19646,1.15902,7.96126,0.42336,18.483,0.42336,0,0,442.007,0,1.02816,0,0,2.22493,1.19677,1.028160,1,0,82.0214,0,0,0,82.0214,0
70.0012,2.32381,0,0,2.19815,0.0894801,0.36288,3.6288,61.308,0.509217,0,0,1.0409,0.27543,0.256248,0.66528,12.849,1,0.423051,0.36288,0,54.7471,5.25267,49.4343,0.84672,12.849,0.84672,3695.15,0,18.483,0,0.999458,1.81652,5.51869,1.2712,7.06346,0.42336,18.483,0.42336,0,0,442.007,0,1.02816,0,0,2.02762,0.999458,1.028160,1,0,56.754,0,0,0,56.754,0
69.3516,2.31801,0,0,2.09787,0.0666449,0.36288,3.6288,61.308,0.509272,0,0,0.97181,0.282448,0.18009,0.66528,12.849,1,0.425479,0.36288,0,48.8836,5.37201,43.449,0.84672,12.849,0.84672,3695.15,0,18.483,0,0.83414,1.81658,5.35711,1.32191,6.68592,0.42336,18.483,0.42336,0,0,442.007,0,1.02816,0,0,1.8623,0.83414,1.028160,1,0,50.315,0,0,0,50.315,0
68.652,2.31139,0,0,2.04104,0.0663106,0.36288,3.6288,61.308,0.509327,0,0,0.985763,0.282448,0.193988,0.66528,12.849,1,0.42824,0.36288,0,46.4505,5.37201,41.0132,0.84672,12.849,0.84672,3695.15,0,18.483,0,0.985081,1.81665,5.10155,1.32191,6.58137,0.42336,18.483,0.42336,0,0,442.007,0,1.02816,0,0,2.01324,0.985081,1.028160,1,0,47.7885,0,0,0,47.7885,0
67.6142,2.30417,0,0,1.71775,0.0884786,0.36288,3.6288,61.308,0.509382,0,0,0.829241,0.301558,0.0183011,0.66528,12.849,1,0.431252,0.36288,0,41.7842,5.52831,36.1876,0.84672,12.849,0.84672,3695.15,0,18.483,0,0.868173,1.81671,4.62713,1.37181,5.9402,0.42336,18.483,0.42336,0,0,442.007,0,1.02816,0,0,1.89633,0.868173,1.028160,1,0,42.1461,0,0,0,42.1461,0
66.3663,2.27268,0,0,1.49219,0.104521,0.36288,3.6288,61.1555,0.552783,0,0,0.716187,0.315891,0,0.66528,12.849,1,0.431887,0.36288,0,36.4642,5.64553,30.7496,0.84672,12.849,0.84672,3695.15,0,18.483,0,0.741908,1.81678,4.59145,1.40923,5.7409,0.42336,18.483,0.42336,0,0,442.007,0,1.02816,0,0,1.77007,0.741908,1.028160,1,0,36.4905,0,0,0,36.4905,0
65.0848,2.25931,0,0,1.44414,0.103495,0.36288,3.6288,60.9598,0.55284,0,0,0.672719,0.315586,0,0.66528,12.849,1,0.437419,0.36288,0,33.1727,5.64553,27.4526,0.84672,12.849,0.84672,3695.15,0,18.483,0,0.522737,1.8447,4.46204,1.40923,5.42024,0.42336,18.483,0.42336,0,0,442.007,0,1.02816,0,0,1.5509,0.522737,1.028160,1,0,32.8728,0,0,0,32.8728,0
63.769,2.24522,0,0,1.38497,0.0926249,0.36288,3.6288,60.7226,0.552896,0,0,0.639749,0.324061,0,0.66528,12.849,1,0.443249,0.36288,0,30.0577,5.72146,24.2559,0.84672,12.849,0.84672,3695.15,0,18.483,0,0.464659,1.84476,4.39881,1.45421,5.25402,0.42336,18.483,0.42336,0,0,442.007,0,1.02816,0,0,1.49282,0.464659,1.028160,1,0,29.5099,0,0,0,29.5099,0
62.6064,2.23034,0,0,1.49945,0.068809,0.36288,3.6288,60.6219,0.552953,0,0,0.79742,0.34521,0,0.66528,12.849,1,0.449398,0.36288,0,36.6072,5.8624,30.6583,0.84672,12.849,0.84672,3695.15,0,18.483,0,0.6365,1.84483,4.70035,1.55267,5.62901,0.42336,18.483,0.42336,0,0,442.007,0,1.02816,0,0,1.66466,0.6365,1.028160,1,0,36.2873,0,0,0,36.2873,0
61.2328,2.2686,0,0,1.33459,0.076748,0.36288,3.6288,60.4388,0.591646,0,0,0.750647,0.342032,0,0.66528,12.849,1,0.465594,0.36288,0,35.2087,5.56909,29.5369,0.84672,12.849,0.84672,3695.15,0,18.483,0,0.639956,1.8449,4.2664,1.46874,5.28251,0.42336,18.483,0.42336,0,0,442.007,0,1.02816,0,0,1.66812,0.639956,1.028160,1,0,34.8194,0,0,0,34.8194,0
59.7708,2.25183,0,0,1.22855,0.0758846,0.36288,3.6288,60.1419,0.591704,0,0,0.636371,0.341635,0,0.66528,12.849,1,0.47252,0.36288,0,28.9201,5.56909,23.2413,0.84672,12.849,0.84672,3695.15,0,18.483,0,0.741113,1.88936,4.12521,1.46874,5.28695,0.42336,18.483,0.42336,0,0,442.007,0,1.02816,0,0,1.76927,0.741113,1.028160,1,0,28.5283,0,0,0,28.5283,0
58.2245,2.23342,0,0,1.12494,0.0749174,0.36288,3.6288,59.7985,0.591762,0,0,0.589417,0.34099,0,0.66528,12.849,1,0.48012,0.36288,0,27.4884,5.56909,21.8021,0.84672,12.849,0.84672,3695.15,0,18.483,0,0.484255,1.88943,3.62601,1.46874,4.53095,0.42336,18.483,0.42336,0,0,442.007,0,1.02816,0,0,1.51241,0.484255,1.028160,1,0,26.333,0,0,0,26.333,0
56.7718,2.21328,0,0,1.18856,0.0650736,0.36288,3.6288,59.538,0.591819,0,0,0.676642,0.345375,0,0.66528,12.849,1,0.488428,0.36288,0,26.9595,5.71865,21.1153,0.84672,12.849,0.84672,3695.15,0,18.483,0,0.786733,1.88949,4.7967,1.49862,5.97431,0.42336,18.483,0.42336,0,0,442.007,0,1.02816,0,0,1.81489,0.786733,1.028160,1,0,27.0896,0,0,0,27.0896,0
55.0677,2.34023,0,0,1.0724,0.0734556,0.36288,3.6288,59.1679,0.66528,0,0,0.61467,0.319409,0,0.66528,12.849,1,0.529658,0.36288,0,29.1747,5.41224,23.5957,0.84672,12.849,0.84672,3695.15,0,18.483,0,0.590043,1.88956,4.31921,1.60553,5.19329,0.42336,18.483,0.42336,0,0,442.007,0,1.02816,0,0,1.6182,0.590043,1.028160,1,0,28.789,0,0,0,28.789,0
53.2114,2.31484,0,0,0.894188,0.0727722,0.36288,3.6288,58.551,0.74965,0,0,0.458957,0.326268,0,0.66528,12.849,1,0.540124,0.36288,0,28.6531,5.36077,23.1151,0.84672,12.849,0.84672,3695.15,0,18.483,0,0.227405,1.98895,3.27646,1.65045,3.84236,0.42336,18.483,0.42336,0,0,442.007,0,0.94379,0,0,1.1712,0.227405,1.028160,1,0,26.9574,0,0,0,26.9574,0
51.6047,2.286,0,0,1.11361,0.0714163,0.36288,3.6288,58.3452,0.66528,0,0,0.784436,0.324978,0,0.66528,12.849,1,0.552003,0.36288,0,26.169,5.36077,20.6191,0.84672,12.849,0.84672,3695.15,0,18.483,0,1.18728,1.98897,5.06605,1.65045,6.59185,0.42336,18.483,0.42336,0,0,442.007,0,1.02816,0,0,2.21544,1.18728,1.028160,1,0,27.211,0,0,0,27.211,0
49.8079,2.26001,0,0,0.90275,0.0765859,0.36288,3.6288,57.9537,0.66528,0,0,0.557791,0.283955,0,0.66528,12.849,1,0.562717,0.36288,0,19.7465,4.25171,15.2949,0.84672,12.849,0.84672,3695.15,0,18.483,0,0.502589,1.989,5.06943,1.21873,6.34229,0.42336,18.483,0.42336,0,0,442.007,0,1.02816,0,0,1.53075,0.502589,1.028160,1,0,21.6372,0,0,0,21.6372,0
48.275,2.2297,0,0,1.17494,0.115306,0.36288,3.6288,57.6408,0.66528,0,0,0.592175,0.23981,0,0.66528,12.849,1,0.575198,0.36288,0,24.2247,3.9396,20.0727,0.84672,12.849,0.84672,3695.15,0,18.483,0,0.376108,1.98902,4.81315,1.15348,6.0248,0.42336,18.483,0.42336,0,0,442.007,0,1.02816,0,0,1.40427,0.376108,1.028160,1,0,26.0975,0,0,0,26.0975,0
46.7305,2.13556,0,0,1.11116,0.157249,0.36288,3.6288,57.4136,0.646997,0,0,0.629575,0.209771,0,0.66528,12.849,1,0.568407,0.36288,0,25.6727,3.49279,21.9744,0.84672,12.849,0.84672,3695.15,0,18.483,0,0.219586,1.98905,4.50641,1.11949,5.59555,0.42336,18.483,0.42336,0,0,442.007,0,1.02816,0,0,1.24775,0.219586,1.028160,1,0,27.57,0,0,0,27.57,0
45.4162,2.10821,0,0,1.3155,0.158634,0.36288,3.6288,57.6338,0.647057,0,0,1.07565,0.208417,0,0.66528,12.849,1,0.579674,0.36288,0,30.4553,3.46311,26.7754,0.84672,12.849,0.84672,3695.15,0,18.483,0,0.870592,1.95418,6.45571,1.11585,8.16463,0.42336,18.483,0.42336,0,0,442.007,0,1.02816,0,0,1.89875,0.870592,1.028160,1,0,34.94,0,0,0,34.94,0
44.0927,2.08408,0,0,1.27978,0.156327,0.36288,3.6288,57.6989,0.647117,0,0,0.920903,0.208714,0,0.66528,12.849,1,0.589621,0.36288,0,29.7069,3.46311,26.0171,0.84672,12.849,0.84672,3695.15,0,18.483,0,0.783207,1.95425,5.27436,1.11585,6.89596,0.42336,18.483,0.42336,0,0,442.007,0,1.02816,0,0,1.81137,0.783207,1.028160,1,0,32.913,0,0,0,32.913,0
42.7813,2.05893,0,0,1.2644,0.154004,0.36288,3.6288,57.9884,0.647176,0,0,1.14547,0.208802,0,0.66528,12.849,1,0.599989,0.36288,0,29.0312,3.46311,25.331,0.84672,12.849,0.84672,3695.15,0,18.483,0,1.25734,1.95432,6.61867,1.11585,8.71448,0.42336,18.483,0.42336,0,0,442.007,0,1.02816,0,0,2.2855,1.25734,1.028160,1,0,34.0454,0,0,0,34.0454,0
41.0966,1.98059,0,0,0.882835,0.224083,0.36288,3.6288,57.9489,0.570151,0,0,0.704766,0.174108,0,0.66528,12.849,1,0.594853,0.36288,0,22.4669,4.28116,17.9537,0.84672,12.849,0.84672,3695.15,0,18.483,0,0.462508,1.95438,4.1475,0.806356,5.75804,0.42336,18.483,0.42336,0,0,442.007,0,1.02816,0,0,1.49067,0.462508,1.028160,1,0,23.7118,0,0,0,23.7118,0
40.5748,1.94692,0,0,2.00775,0.219714,0.36288,3.6288,58.2062,0.570208,0,0,1.00164,0.174064,0,0.66528,12.849,1,0.608711,0.36288,0,43.8841,4.28116,39.3571,0.84672,12.849,0.84672,3695.15,0,18.483,0,0.920687,1.87785,7.19615,0.806356,9.18833,0.42336,18.483,0.42336,0,0,442.007,0,1.02816,0,0,1.94885,0.920687,1.028160,1,0,48.5454,0,0,0,48.5454,0
41.2419,1.93622,0,0,3.18455,0.218361,0.36288,3.6288,59.5586,0.570265,0,0,2.09702,0.174353,0,0.66528,12.849,1,0.61315,0.36288,0,59.7088,4.28116,55.1774,0.84672,12.849,0.84672,3695.15,0,18.483,0,2.31126,1.87792,11.5866,0.806356,14.9694,0.42336,18.483,0.42336,0,0,442.007,0,1.02816,0,0,3.33942,2.31126,1.028160,1,0,70.1468,0,0,0,70.1468,0
40.7549,1.95003,0,0,2.04602,0.220091,0.36288,3.6288,60.376,0.570323,0,0,1.56353,0.175873,0,0.66528,12.849,1,0.607536,0.36288,0,41.0664,4.28116,36.5405,0.84672,12.849,0.84672,3695.15,0,18.483,0,1.86835,1.87798,11.4318,0.806356,14.3717,0.42336,18.483,0.42336,0,0,442.007,0,1.02816,0,0,2.89651,1.86835,1.028160,1,0,50.9123,0,0,0,50.9123,0
41.0077,1.79398,0,0,2.63137,0.221796,0.36288,3.6288,61.308,0.409812,0,0,2.92478,0.208652,1.37429,0.66528,12.849,1,0.565597,0.36288,0,60.7197,4.3022,56.2148,0.84672,12.849,0.84672,3695.15,0,18.483,0,2.26842,1.87805,12.65,1.02914,15.7673,0.42336,18.483,0.42336,0,0,442.007,0,1.02816,0,0,3.29658,2.26842,1.028160,1,0,73.3564,0,0,0,73.3564,0
45.0284,1.79886,0,0,6.38404,0.201524,0.36288,3.6288,61.308,0.409863,0,0,3.17716,0.21305,2.55425,0.66528,12.849,1,0.563641,0.36288,0,92.4983,4.14823,88.1493,0.84672,12.849,0.84672,3695.15,0,18.483,0,3.21084,1.70563,17.5257,1.08034,21.3619,0.42336,18.483,0.42336,0,0,442.007,0,1.02816,0,0,4.239,3.21084,1.028160,1,0,112.065,0,0,0,112.065,0
48.8875,1.8713,0,0,6.30434,0.211096,0.36288,3.6288,61.308,0.409914,0,0,4.5065,0.21305,3.88354,0.66528,12.849,1,0.533981,0.36288,0,135.594,4.14823,131.274,0.84672,12.849,0.84672,3695.15,0,18.483,0,3.19109,1.70569,18.6145,1.08034,22.431,0.42336,18.483,0.42336,0,0,442.007,0,1.02816,0,0,4.21925,3.19109,1.028160,1,0,157.589,0,0,0,157.589,0
49.9428,1.93401,0,0,3.58334,0.231174,0.36288,3.6288,61.308,0.409966,0,0,2.10992,0.160096,1.53986,0.66528,12.849,1,0.508312,0.36288,0,59.7831,3.57074,56.0669,0.84672,12.849,0.84672,3695.15,0,18.483,0,1.7122,1.70575,14.6466,0.923758,17.1408,0.42336,18.483,0.42336,0,0,442.007,0,1.02816,0,0,2.74036,1.7122,1.028160,1,0,74.7476,0,0,0,74.7476,0
50.9712,1.95017,0,0,3.57979,0.238275,0.36288,3.6288,61.308,0.410017,0,0,1.75903,0.183231,1.16579,0.66528,12.849,1,0.50173,0.36288,0,64.2286,3.77156,60.3181,0.84672,12.849,0.84672,3695.15,0,18.483,0,1.33308,1.70581,14.1233,0.990155,16.172,0.42336,18.483,0.42336,0,0,442.007,0,1.02816,0,0,2.36124,1.33308,1.028160,1,0,77.656,0,0,0,77.656,0
54.7702,2.0271,0,0,6.44107,0.252179,0.36288,3.6288,61.308,0.456568,0,0,2.00813,0.241068,1.3105,0.66528,12.849,1,0.510998,0.36288,0,112.433,4.27361,108.011,0.84672,12.849,0.84672,3695.15,0,18.483,0,2.16515,1.70587,12.673,1.15614,15.3879,0.42336,18.483,0.42336,0,0,442.007,0,1.02816,0,0,3.19331,2.16515,1.028160,1,0,124.71,0,0,0,124.71,0
58.4045,2.08214,0,0,6.34152,0.262206,0.36288,3.6288,61.308,0.45661,0,0,2.16403,0.241068,1.46635,0.66528,12.849,1,0.488467,0.36288,0,110.785,4.27361,106.385,0.84672,12.849,0.84672,3695.15,0,18.483,0,2.26015,1.76049,14.1697,1.15614,17.0342,0.42336,18.483,0.42336,0,0,442.007,0,1.02816,0,0,3.28831,2.26015,1.028160,1,0,124.886,0,0,0,124.886,0
61.7291,2.13044,0,0,6.08975,0.271799,0.36288,3.6288,61.308,0.456653,0,0,2.2556,0.241068,1.55788,0.66528,12.849,1,0.468697,0.36288,0,99.5743,4.27361,95.1948,0.84672,12.849,0.84672,3695.15,0,18.483,0,2.48982,1.76054,13.6998,1.15614,16.7941,0.42336,18.483,0.42336,0,0,442.007,0,1.02816,0,0,3.51798,2.48982,1.028160,1,0,113.547,0,0,0,113.547,0
67.4139,2.17133,0,0,8.45028,0.231274,0.36288,3.6288,61.308,0.456696,0,0,1.70896,0.264455,0.987807,0.66528,12.849,1,0.451966,0.36288,0,144.839,4.31968,140.43,0.84672,12.849,0.84672,3695.15,0,18.483,0,2.12639,1.76059,17.1326,1.3309,19.6887,0.42336,18.483,0.42336,0,0,442.007,0,1.02816,0,0,3.15455,2.12639,1.028160,1,0,161.107,0,0,0,161.107,0
68.8127,2.45283,0,0,4.52313,0.308631,0.36288,3.6288,61.308,0.631331,0,0,1.27961,0.242109,0.40617,0.66528,12.849,1,0.467505,0.36288,0,102.619,4.20136,98.313,0.84672,12.849,0.84672,3695.15,0,18.483,0,2.55835,1.76064,8.62972,1.03997,11.9087,0.42336,18.483,0.42336,0,0,442.007,0,1.02816,0,0,3.58651,2.55835,1.028160,1,0,110.628,0,0,0,110.628,0
71.0906,2.46882,0,0,5.43299,0.323373,0.36288,3.6288,61.308,0.631378,0,0,1.78614,0.242096,0.912664,0.66528,12.849,1,0.460989,0.36288,0,130.813,4.23234,126.483,0.84672,12.849,0.84672,3695.15,0,18.483,0,2.69482,1.95542,10.9088,1.00668,14.5523,0.42336,18.483,0.42336,0,0,442.007,0,1.02816,0,0,3.72298,2.69482,1.028160,1,0,141.948,0,0,0,141.948,0
72.29,2.49389,0,0,8.55171,0.329114,4.52929,3.6288,61.308,0.631426,0,0,2.33583,0.242096,1.46231,0.66528,12.849,1,0.450749,4.52929,0,120.538,4.23234,120.385,0.84672,12.849,0.84672,3695.15,0,18.483,0,3.98451,1.95547,15.4785,1.00668,20.4118,0.42336,18.483,0.42336,0,0,442.007,0,1.02816,0,0,5.01267,3.98451,1.028160,1,0,142.259,0,0,0,142.259,0
72.29,2.50669,0,0,6.49965,0.319925,3.67304,3.6288,61.308,0.631474,0,0,2.1007,0.24497,1.22425,0.66528,12.849,1,0.445544,3.67304,0,124.227,4.12755,123.327,0.84672,12.849,0.84672,3695.15,0,18.483,0,3.09235,1.95553,13.403,0.978339,17.4725,0.42336,18.483,0.42336,0,0,442.007,0,1.02816,0,0,4.12051,3.09235,1.028160,1,0,142.023,0,0,0,142.023,0
72.29,2.18901,0,0,6.24616,0.340289,3.71686,3.6288,61.308,0.397189,0,0,1.71437,0.225476,1.0917,0.66528,12.849,1,0.38908,3.71686,0,103.108,4.39071,102.045,0.84672,12.849,0.84672,3695.15,0,18.483,0,3.26762,1.95559,9.71698,0.98014,13.96,0.42336,18.483,0.42336,0,0,442.007,0,1.02816,0,0,4.29578,3.26762,1.028160,1,0,117.097,0,0,0,117.097,0
72.29,2.18907,0,0,6.39888,0.306864,3.90294,3.6288,61.308,0.39723,0,0,1.69114,0.244736,1.04918,0.66528,12.849,1,0.389091,3.90294,0,101.489,4.33786,100.665,0.84672,12.849,0.84672,3695.15,0,18.483,0,3.25426,1.68924,9.4532,0.887785,13.5089,0.42336,18.483,0.42336,0,0,442.007,0,1.02816,0,0,4.28242,3.25426,1.028160,1,0,115.223,0,0,0,115.223,0
72.29,2.18914,0,0,6.59035,0.306457,4.09476,3.6288,61.308,0.397271,0,0,1.90453,0.197717,1.30954,0.66528,12.849,1,0.389102,4.09476,0,104.438,3.94286,104.201,0.84672,12.849,0.84672,3695.15,0,18.483,0,3.61209,1.68929,10.2919,0.697167,14.8961,0.42336,18.483,0.42336,0,0,442.007,0,1.02816,0,0,4.64025,3.61209,1.028160,1,0,120.406,0,0,0,120.406,0
72.29,2.1892,0,0,5.91178,0.30639,3.41619,3.6288,61.308,0.397312,0,0,1.57103,0.18988,0.983836,0.66528,12.849,1,0.389114,3.41619,0,92.7945,3.87702,91.9445,0.84672,12.849,0.84672,3695.15,0,18.483,0,2.70047,1.68934,8.81617,0.665397,12.5406,0.42336,18.483,0.42336,0,0,442.007,0,1.02816,0,0,3.72863,2.70047,1.028160,1,0,105.469,0,0,0,105.469,0
72.29,2.18926,0,0,5.91906,0.291495,3.4383,3.6288,61.308,0.397353,0,0,1.45198,0.196976,0.85765,0.66528,12.849,1,0.389125,3.4383,0,97.5302,4.07646,96.5029,0.84672,12.849,0.84672,3695.15,0,18.483,0,2.35278,1.68939,8.39782,0.74289,11.6971,0.42336,18.483,0.42336,0,0,442.007,0,1.02816,0,0,3.38094,2.35278,1.028160,1,0,109.058,0,0,0,109.058,0
72.29,2.26932,0,0,5.81831,0.271635,3.27736,3.6288,61.308,0.454728,0,0,1.6234,0.206436,0.96224,0.66528,12.849,1,0.403354,3.27736,0,106.112,4.34238,104.644,0.84672,12.849,0.84672,3695.15,0,18.483,0,3.38726,1.68944,10.7476,0.846215,14.978,0.42336,18.483,0.42336,0,0,442.007,0,1.02816,0,0,4.41542,3.38726,1.028160,1,0,120.584,0,0,0,120.584,0
72.29,2.26938,0,0,4.57759,0.271635,2.03657,3.6288,61.308,0.454771,0,0,1.44713,0.206436,0.785924,0.66528,12.849,1,0.403366,2.03657,0,81.7102,4.34238,79.001,0.84672,12.849,0.84672,3695.15,0,18.483,0,2.46612,1.75527,8.97126,0.846215,12.3464,0.42336,18.483,0.42336,0,0,442.007,0,1.02816,0,0,3.49428,2.46612,1.028160,1,0,92.1334,0,0,0,92.1334,0
72.29,2.26945,0,0,3.63344,0.271635,1.09236,3.6288,61.308,0.454813,0,0,1.13136,0.206436,0.470116,0.66528,12.849,1,0.403377,1.09236,0,63.562,4.34238,59.9086,0.84672,12.849,0.84672,3695.15,0,18.483,0,1.70208,1.75532,6.77868,0.846215,9.38987,0.42336,18.483,0.42336,0,0,442.007,0,1.02816,0,0,2.73024,1.70208,1.028160,1,0,69.7686,0,0,0,69.7686,0
72.29,2.26951,0,0,3.34737,0.233847,0.844009,3.6288,61.308,0.454856,0,0,1.01201,0.216696,0.340461,0.66528,12.849,1,0.403389,0.844009,0,58.5397,4.4069,54.5734,0.84672,12.849,0.84672,3695.15,0,18.483,0,1.53459,1.75537,6.26203,0.870905,8.68109,0.42336,18.483,0.42336,0,0,442.007,0,1.02816,0,0,2.56275,1.53459,1.028160,1,0,63.595,0,0,0,63.595,0
72.29,2.2383,0,0,3.46647,0.277822,0.950352,3.6288,61.308,0.432628,0,0,1.24968,0.194942,0.622112,0.66528,12.849,1,0.39784,0.950352,0,61.9741,3.98506,58.5416,0.84672,12.849,0.84672,3695.15,0,18.483,0,1.89681,1.75542,6.91952,0.950575,9.62117,0.42336,18.483,0.42336,0,0,442.007,0,1.02816,0,0,2.92497,1.89681,1.028160,1,0,68.7848,0,0,0,68.7848,0
72.29,2.23836,0,0,3.15738,0.193553,0.725469,3.6288,61.308,0.432669,0,0,1.04471,0.23418,0.377856,0.66528,12.849,1,0.397852,0.725469,0,56.2412,4.33102,52.2378,0.84672,12.849,0.84672,3695.15,0,18.483,0,1.65211,1.72986,6.38868,0.971232,8.79941,0.42336,18.483,0.42336,0,0,442.007,0,1.02816,0,0,2.68027,1.65211,1.028160,1,0,61.4151,0,0,0,61.4151,0
72.29,2.23843,0,0,3.07804,0.179509,0.660108,3.6288,61.308,0.432711,0,0,1.1411,0.240719,0.467671,0.66528,12.849,1,0.397863,0.660108,0,54.4984,4.38869,50.3719,0.84672,12.849,0.84672,3695.15,0,18.483,0,1.8941,1.72991,7.24092,0.974675,9.89027,0.42336,18.483,0.42336,0,0,442.007,0,1.02816,0,0,2.92226,1.8941,1.028160,1,0,60.7299,0,0,0,60.7299,0
72.29,2.23849,0,0,2.87792,0.179509,0.459924,3.6288,61.308,0.432753,0,0,1.12228,0.240719,0.448803,0.66528,12.849,1,0.397875,0.459924,0,49.6966,4.38869,45.37,0.84672,12.849,0.84672,3695.15,0,18.483,0,1.57893,1.72996,6.49927,0.974675,8.83348,0.42336,18.483,0.42336,0,0,442.007,0,1.02816,0,0,2.60709,1.57893,1.028160,1,0,54.6522,0,0,0,54.6522,0
72.1816,2.34474,0,0,2.79617,0.196914,0.36288,3.6288,61.308,0.511782,0,0,1.00113,0.250054,0.239289,0.66528,12.849,1,0.416761,0.36288,0,51.7901,4.55759,47.1787,0.84672,12.849,0.84672,3695.15,0,18.483,0,1.11549,1.73001,5.5349,0.985835,7.39457,0.42336,18.483,0.42336,0,0,442.007,0,1.02816,0,0,2.14365,1.11549,1.028160,1,0,54.8125,0,0,0,54.8125,0
71.6256,2.34375,0,0,2.29725,0.146669,0.36288,3.6288,61.308,0.511826,0,0,0.917179,0.271333,0.13402,0.66528,12.849,1,0.417209,0.36288,0,32.8959,4.92349,27.9181,0.84672,12.849,0.84672,3695.15,0,18.483,0,0.80066,1.81961,4.79812,1.11707,6.30133,0.42336,18.483,0.42336,0,0,442.007,0,1.02816,0,0,1.82882,0.80066,1.028160,1,0,34.3535,0,0,0,34.3535,0
70.9935,2.33832,0,0,2.19244,0.12333,0.36288,3.6288,61.308,0.51187,0,0,0.856302,0.278351,0.0660807,0.66528,12.849,1,0.419474,0.36288,0,29.3726,5.04283,24.2732,0.84672,12.849,0.84672,3695.15,0,18.483,0,0.651542,1.81966,4.65765,1.16777,5.96108,0.42336,18.483,0.42336,0,0,442.007,0,1.02816,0,0,1.6797,0.651542,1.028160,1,0,30.3004,0,0,0,30.3004,0
70.3089,2.33207,0,0,2.13306,0.122735,0.36288,3.6288,61.308,0.511915,0,0,0.868588,0.278351,0.0783225,0.66528,12.849,1,0.422078,0.36288,0,27.9107,5.04283,22.8086,0.84672,12.849,0.84672,3695.15,0,18.483,0,0.787709,1.81972,4.43544,1.16777,5.87509,0.42336,18.483,0.42336,0,0,442.007,0,1.02816,0,0,1.81587,0.787709,1.028160,1,0,28.762,0,0,0,28.762,0
69.5572,2.3252,0,0,2.06258,0.126174,0.36288,3.6288,61.2552,0.511959,0,0,0.744785,0.285674,0,0.66528,12.849,1,0.424933,0.36288,0,30.7412,5.22588,25.4533,0.84672,12.849,0.84672,3695.15,0,18.483,0,0.526634,1.81977,3.83138,1.23604,4.94175,0.42336,18.483,0.42336,0,0,442.007,0,1.02816,0,0,1.55479,0.526634,1.028160,1,0,30.395,0,0,0,30.395,0
68.8333,2.29679,0,0,2.05545,0.11962,0.36288,3.6288,60.9028,0.681108,0,0,0.62716,0.298411,0,0.66528,12.849,1,0.424277,0.36288,0,33.5039,5.66737,27.7752,0.84672,12.849,0.84672,3695.15,0,18.483,0,0.30119,1.81982,3.22114,1.31944,4.02271,0.42336,18.483,0.42336,0,0,442.007,0,0.902474,0,0,1.20366,0.30119,1.028160,1,0,31.7979,0,0,0,31.7979,0
67.9674,2.28938,0,0,1.90522,0.11895,0.36288,3.6288,60.4267,0.770318,0,0,0.591922,0.297746,0,0.66528,12.849,1,0.427355,0.36288,0,30.4221,5.66737,24.6903,0.84672,12.849,0.84672,3695.15,0,18.483,0,0.30119,1.84778,3.181,1.31944,4.01053,0.42336,18.483,0.42336,0,0,442.007,0,0.813309,0,0,1.1145,0.30119,1.028160,1,0,28.7008,0,0,0,28.7008,0
67.0579,2.28036,0,0,1.85189,0.118147,0.36288,3.6288,59.8574,0.831898,0,0,0.559458,0.296847,0,0.66528,12.849,1,0.431094,0.36288,0,27.3459,5.66737,21.6103,0.84672,12.849,0.84672,3695.15,0,18.483,0,0.261274,1.84783,3.13502,1.31944,3.92469,0.42336,18.483,0.42336,0,0,442.007,0,0.751775,0,0,1.01305,0.261274,1.028160,1,0,25.535,0,0,0,25.535,0
66.0964,2.27071,0,0,1.76951,0.0973596,0.36288,3.6288,59.18,0.899793,0,0,0.535851,0.31338,0,0.66528,12.849,1,0.435092,0.36288,0,25.1617,5.81923,19.2702,0.84672,12.849,0.84672,3695.15,0,18.483,0,0.261274,1.84788,3.0621,1.40939,3.76186,0.42336,18.483,0.42336,0,0,442.007,0,0.683925,0,0,0.945199,0.261274,1.028160,1,0,23.0321,0,0,0,23.0321,0
65.1919,2.31305,0,0,1.86246,0.0910132,0.36288,3.6288,58.5674,0.969841,0,0,0.660903,0.303737,0,0.66528,12.849,1,0.449653,0.36288,0,28.7816,5.76649,22.9283,0.84672,12.849,0.84672,3695.15,0,18.483,0,0.261274,1.84794,3.10721,1.48268,3.73374,0.42336,18.483,0.42336,0,0,442.007,0,0.652622,0,0,0.913896,0.261274,1.028160,1,0,26.662,0,0,0,26.662,0
64.2526,2.30284,0,0,1.81672,0.0903578,0.36288,3.6288,57.9854,0.888361,0,0,0.608918,0.302544,0,0.66528,12.849,1,0.453879,0.36288,0,28.7448,5.76649,22.8873,0.84672,12.849,0.84672,3695.15,0,18.483,0,0.261274,1.89246,3.32961,1.48268,4.00066,0.42336,18.483,0.42336,0,0,442.007,0,0.734149,0,0,0.995423,0.261274,1.028160,1,0,26.8879,0,0,0,26.8879,0
63.208,2.29203,0,0,1.70003,0.0896771,0.36288,3.6288,57.3165,0.931123,0,0,0.563646,0.301411,0,0.66528,12.849,1,0.458353,0.36288,0,25.9494,5.76649,20.0874,0.84672,12.849,0.84672,3695.15,0,18.483,0,0.261274,1.89251,2.97163,1.48268,3.64274,0.42336,18.483,0.42336,0,0,442.007,0,0.691433,0,0,0.952707,0.261274,1.028160,1,0,23.7302,0,0,0,23.7302,0
62.0372,2.27975,0,0,1.56072,0.0889202,0.36288,3.6288,56.5983,0.975554,0,0,0.557454,0.300109,0,0.66528,12.849,1,0.46343,0.36288,0,23.7209,5.76649,17.8538,0.84672,12.849,0.84672,3695.15,0,18.483,0,0.227405,1.89257,2.90637,1.48268,3.54367,0.42336,18.483,0.42336,0,0,442.007,0,0.64705,0,0,0.874454,0.227405,1.028160,1,0,21.3975,0,0,0,21.3975,0
60.6885,2.41696,0,0,1.5342,0.103019,0.36288,3.6288,56.0414,0.887164,0,0,0.610545,0.280261,0,0.66528,12.849,1,0.500595,0.36288,0,22.4395,5.47661,16.8251,0.84672,12.849,0.84672,3695.15,0,18.483,0,0.227405,1.89262,3.93577,1.36222,4.69358,0.42336,18.483,0.42336,0,0,442.007,0,0.806276,0,0,1.03368,0.227405,1.028160,1,0,21.5187,0,0,0,21.5187,0
59.2782,2.39914,0,0,1.48031,0.128606,0.36288,3.6288,55.3408,0.997419,0,0,0.553534,0.256693,0,0.66528,12.849,1,0.507946,0.36288,0,20.0681,4.99747,14.9256,0.84672,12.849,0.84672,3695.15,0,18.483,0,0.227405,1.99005,4.77784,1.21959,5.77571,0.42336,18.483,0.42336,0,0,442.007,0,0.696021,0,0,0.923426,0.227405,1.028160,1,0,20.7013,0,0,0,20.7013,0
57.6017,2.37992,0,0,1.19324,0.12694,0.36288,3.6288,54.5177,1.07809,0,0,0.510508,0.255517,0,0.66528,12.849,1,0.515867,0.36288,0,18.5152,4.99747,13.3647,0.84672,12.849,0.84672,3695.15,0,18.483,0,0.227405,1.99007,3.24887,1.21959,4.24676,0.42336,18.483,0.42336,0,0,442.007,0,0.615349,0,0,0.842754,0.227405,1.028160,1,0,17.6115,0,0,0,17.6115,0
55.8161,2.35628,0,0,1.07403,0.140447,0.36288,3.6288,53.648,1.09847,0,0,0.483163,0.254407,0,0.66528,12.849,1,0.525607,0.36288,0,17.4647,5.07518,12.2268,0.84672,12.849,0.84672,3695.15,0,18.483,0,0.204422,1.99009,3.09519,1.20437,4.08532,0.42336,18.483,0.42336,0,0,442.007,0,0.594968,0,0,0.79939,0.204422,1.028160,1,0,16.3121,0,0,0,16.3121,0
54.2438,2.33009,0,0,1.2574,0.136792,0.36288,3.6288,52.9159,0.998032,0,0,0.503881,0.237956,0,0.66528,12.849,1,0.536391,0.36288,0,17.6909,5.01651,12.5009,0.84672,12.849,0.84672,3695.15,0,18.483,0,0.204422,1.99011,3.89078,1.1856,4.89971,0.42336,18.483,0.42336,0,0,442.007,0,0.695408,0,0,0.89983,0.204422,1.028160,1,0,17.4006,0,0,0,17.4006,0
53.1618,2.23576,0,0,1.70168,0.185032,0.36288,3.6288,52.6837,0.649639,0,0,0.617169,0.199686,0,0.66528,12.849,1,0.529595,0.36288,0,23.9903,5.01952,18.804,0.84672,12.849,0.84672,3695.15,0,18.483,0,0.214194,1.99012,5.99341,1.08202,7.11571,0.42336,18.483,0.42336,0,0,442.007,0,1.02816,0,0,1.24235,0.214194,1.028160,1,0,25.9197,0,0,0,25.9197,0
52.1823,2.21928,0,0,1.7857,0.183006,0.36288,3.6288,52.4614,0.695825,0,0,0.67284,0.199315,0,0.66528,12.849,1,0.536392,0.36288,0,27.9411,5.01952,22.748,0.84672,12.849,0.84672,3695.15,0,18.483,0,0.204422,1.95726,5.78382,1.08202,6.86348,0.42336,18.483,0.42336,0,0,442.007,0,0.982022,0,0,1.18644,0.204422,1.028160,1,0,29.6115,0,0,0,29.6115,0
52.0735,2.20401,0,0,2.63928,0.181172,0.36288,3.6288,52.5445,0.649735,0,0,0.931755,0.198959,0,0.66528,12.849,1,0.542699,0.36288,0,25.4537,5.01952,20.2544,0.84672,12.849,0.84672,3695.15,0,18.483,0,0.413605,1.95731,6.86321,1.08202,8.1521,0.42336,18.483,0.42336,0,0,442.007,0,1.02816,0,0,1.44177,0.413605,1.028160,1,0,28.4065,0,0,0,28.4065,0
52.2237,2.20234,0,0,2.89636,0.180968,0.36288,3.6288,53.1843,0.649783,0,0,1.48871,0.199092,0,0.66528,12.849,1,0.543422,0.36288,0,67.0124,5.01952,61.8123,0.84672,12.849,0.84672,3695.15,0,18.483,0,0.721794,1.95737,9.18423,1.08202,10.7814,0.42336,18.483,0.42336,0,0,442.007,0,1.02816,0,0,1.74995,0.721794,1.028160,1,0,72.5937,0,0,0,72.5937,0
52.5812,2.14783,0,0,3.05566,0.187436,0.36288,3.6288,53.6993,0.572627,0,0,1.28648,0.198883,0,0.66528,12.849,1,0.528448,0.36288,0,61.7786,4.09882,57.5142,0.84672,12.849,0.84672,3695.15,0,18.483,0,0.921439,1.95743,6.5884,1.10757,8.35969,0.42336,18.483,0.42336,0,0,442.007,0,1.02816,0,0,1.9496,0.921439,1.028160,1,0,65.8739,0,0,0,65.8739,0
52.7085,2.15338,0,0,2.83276,0.189163,0.36288,3.6288,53.9236,0.572673,0,0,0.996486,0.199495,0,0.66528,12.849,1,0.526212,0.36288,0,62.1048,3.94537,57.996,0.84672,12.849,0.84672,3695.15,0,18.483,0,0.950564,1.88076,8.56129,1.11183,10.2808,0.42336,18.483,0.42336,0,0,442.007,0,1.02816,0,0,1.97872,0.950564,1.028160,1,0,68.2768,0,0,0,68.2768,0
53.4697,2.15539,0,0,3.46886,0.189411,0.36288,3.6288,54.4658,0.572719,0,0,1.31476,0.199827,0,0.66528,12.849,1,0.52543,0.36288,0,69.9303,3.94537,65.8223,0.84672,12.849,0.84672,3695.15,0,18.483,0,0.987811,1.88081,8.92792,1.11183,10.6847,0.42336,18.483,0.42336,0,0,442.007,0,1.02816,0,0,2.01597,0.987811,1.028160,1,0,76.507,0,0,0,76.507,0
53.9466,2.16695,0,0,3.19765,0.190894,0.36288,3.6288,55.3605,0.572765,0,0,1.66794,0.200545,0,0.66528,12.849,1,0.520728,0.36288,0,59.7735,3.94537,55.6703,0.84672,12.849,0.84672,3695.15,0,18.483,0,1.64845,1.88087,12.318,1.11183,14.7354,0.42336,18.483,0.42336,0,0,442.007,0,1.02816,0,0,2.67661,1.64845,1.028160,1,0,70.4057,0,0,0,70.4057,0
55.5622,2.01038,0,0,4.20418,0.21535,0.36288,3.6288,56.4799,0.411999,0,0,1.72433,0.192905,0,0.66528,12.849,1,0.478832,0.36288,0,94.6535,3.55358,90.984,0.84672,12.849,0.84672,3695.15,0,18.483,0,1.11172,1.88092,9.65157,0.920024,11.7242,0.42336,18.483,0.42336,0,0,442.007,0,1.02816,0,0,2.13988,1.11172,1.028160,1,0,102.708,0,0,0,102.708,0
57.6797,2.03215,0,0,4.73352,0.220999,0.36288,3.6288,57.9562,0.41204,0,0,2.07077,0.182439,0,0.66528,12.849,1,0.469943,0.36288,0,84.9779,3.67437,81.1964,0.84672,12.849,0.84672,3695.15,0,18.483,0,0.944222,1.70822,11.2086,0.864364,12.9967,0.42336,18.483,0.42336,0,0,442.007,0,1.02816,0,0,1.97238,0.944222,1.028160,1,0,94.1931,0,0,0,94.1931,0
64.4507,2.05947,0,0,9.41904,0.225672,0.36288,3.6288,60.6579,0.412081,0,0,3.29794,0.184195,0,0.66528,12.849,1,0.458777,0.36288,0,127.049,3.67437,123.279,0.84672,12.849,0.84672,3695.15,0,18.483,0,2.39392,1.70827,16.8528,0.864364,20.0907,0.42336,18.483,0.42336,0,0,442.007,0,1.02816,0,0,3.42208,2.39392,1.028160,1,0,143.37,0,0,0,143.37,0
67.3403,2.13861,0,0,5.63053,0.239478,0.36288,3.6288,61.308,0.412123,0,0,3.56543,0.187409,2.31574,0.66528,12.849,1,0.426357,0.36288,0,145.503,3.67437,141.765,0.84672,12.849,0.84672,3695.15,0,18.483,0,2.84823,1.70832,14.2691,0.864364,17.9613,0.42336,18.483,0.42336,0,0,442.007,0,1.02816,0,0,3.87639,2.84823,1.028160,1,0,162.042,0,0,0,162.042,0
71.2771,2.16912,0,0,6.74498,0.276112,0.36288,3.6288,61.308,0.412164,0,0,4.12732,0.219132,3.49602,0.66528,12.849,1,0.413884,0.36288,0,117.596,4.09866,113.447,0.84672,12.849,0.84672,3695.15,0,18.483,0,3.13169,1.70837,15.3594,0.954418,19.245,0.42336,18.483,0.42336,0,0,442.007,0,1.02816,0,0,4.15985,3.13169,1.028160,1,0,136.188,0,0,0,136.188,0
72.29,2.27707,0,0,4.77334,0.298995,1.18442,3.6288,61.308,0.458774,0,0,1.31585,0.218439,0.638634,0.66528,12.849,1,0.410483,1.18442,0,117.382,4.56005,113.596,0.84672,12.849,0.84672,3695.15,0,18.483,0,1.04763,1.70842,6.76847,1.07567,8.44886,0.42336,18.483,0.42336,0,0,442.007,0,1.02816,0,0,2.07579,1.04763,1.028160,1,0,122.684,0,0,0,122.684,0
72.29,2.2869,0,0,4.18617,0.30131,1.59795,3.6288,61.308,0.458806,0,0,1.17006,0.218439,0.492819,0.66528,12.849,1,0.406479,1.59795,0,89.8785,4.56005,86.5099,0.84672,12.849,0.84672,3695.15,0,18.483,0,0.685411,1.76311,5.92346,1.07567,7.29631,0.42336,18.483,0.42336,0,0,442.007,0,1.02816,0,0,1.71357,0.685411,1.028160,1,0,94.299,0,0,0,94.299,0
72.29,2.28695,0,0,4.60233,0.328024,1.98735,3.6288,61.308,0.458838,0,0,0.934338,0.211298,0.264202,0.66528,12.849,1,0.406488,1.98735,0,97.886,4.636,94.8309,0.84672,12.849,0.84672,3695.15,0,18.483,0,0.509484,1.76314,7.14663,1.20812,8.21114,0.42336,18.483,0.42336,0,0,442.007,0,1.02816,0,0,1.53764,0.509484,1.028160,1,0,103.306,0,0,0,103.306,0
72.29,2.287,0,0,3.73556,0.348059,1.1005,3.6288,61.308,0.563492,0,0,0.883457,0.205943,0.114022,0.66528,12.849,1,0.406497,1.1005,0,86.9495,4.69298,82.9505,0.84672,12.849,0.84672,3695.15,0,18.483,0,0.503194,1.76318,5.29778,1.30746,6.2567,0.42336,18.483,0.42336,0,0,442.007,0,0.923538,0,0,1.42673,0.503194,1.028160,1,0,89.3212,0,0,0,89.3212,0
72.1445,2.51012,0,0,3.02678,0.299252,0.36288,3.6288,60.8723,0.926188,0,0,0.710237,0.219739,0,0.66528,12.849,1,0.446156,0.36288,0,74.6444,4.89765,69.6635,0.84672,12.849,0.84672,3695.15,0,18.483,0,0.503194,1.76322,3.0086,1.26325,4.01177,0.42336,18.483,0.42336,0,0,442.007,0,0.735722,0,0,1.23892,0.503194,1.028160,1,0,73.6753,0,0,0,73.6753,0
71.6588,2.50865,0,0,2.66518,0.27942,0.36288,3.6288,60.3132,0.91259,0,0,0.578074,0.224636,0,0.66528,12.849,1,0.446792,0.36288,0,66.8209,4.97952,61.7575,0.84672,12.849,0.84672,3695.15,0,18.483,0,0.503194,1.95827,2.88802,1.24556,4.10392,0.42336,18.483,0.42336,0,0,442.007,0,0.749356,0,0,1.25255,0.503194,1.028160,1,0,65.8614,0,0,0,65.8614,0
71.6162,2.50356,0,0,3.11768,0.293771,0.36288,3.6288,59.997,0.732266,0,0,0.641123,0.225041,0,0.66528,12.849,1,0.44891,0.36288,0,73.8478,4.5393,69.2225,0.84672,12.849,0.84672,3695.15,0,18.483,0,0.503194,1.95831,4.10207,1.12604,5.43753,0.42336,18.483,0.42336,0,0,442.007,0,0.929716,0,0,1.43291,0.503194,1.028160,1,0,74.66,0,0,0,74.66,0
71.7969,2.50317,0,0,3.35194,0.305208,0.36288,3.6288,59.7629,0.707565,0,0,0.699023,0.225488,0,0.66528,12.849,1,0.449105,0.36288,0,74.9503,4.20914,70.6549,0.84672,12.849,0.84672,3695.15,0,18.483,0,0.608429,1.95835,3.65204,1.03641,5.18242,0.42336,18.483,0.42336,0,0,442.007,0,0.954452,0,0,1.56288,0.608429,1.028160,1,0,75.8373,0,0,0,75.8373,0
72.2265,2.1876,0,0,3.27823,0.29815,0.36288,3.6288,60.1371,0.47125,0,0,1.09606,0.250666,0,0.66528,12.849,1,0.391499,0.36288,0,82.2658,4.44831,77.7888,0.84672,12.849,0.84672,3695.15,0,18.483,0,0.608429,1.9584,4.25186,1.14763,5.67106,0.42336,18.483,0.42336,0,0,442.007,0,0.956137,0,0,1.56457,0.608429,1.028160,1,0,83.4599,0,0,0,83.4599,0
71.8059,2.1916,0,0,2.42997,0.296124,0.36288,3.6288,59.4381,0.891012,0,0,0.453521,0.261495,0,0.66528,12.849,1,0.389884,0.36288,0,39.5322,4.54398,34.9613,0.84672,12.849,0.84672,3695.15,0,18.483,0,0.608429,1.69166,1.90138,1.19212,3.00935,0.42336,18.483,0.42336,0,0,442.007,0,0.536406,0,0,1.14483,0.608429,1.028160,1,0,37.9706,0,0,0,37.9706,0
71.4805,2.18777,0,0,2.51899,0.293725,0.36288,3.6288,59.1993,0.608696,0,0,0.619558,0.249676,0,0.66528,12.849,1,0.391482,0.36288,0,43.8406,4.52838,39.2836,0.84672,12.849,0.84672,3695.15,0,18.483,0,0.608429,1.69169,4.21732,1.14998,5.36746,0.42336,18.483,0.42336,0,0,442.007,0,0.818752,0,0,1.42718,0.608429,1.028160,1,0,44.6511,0,0,0,44.6511,0
72.29,2.1848,0,0,3.71009,0.289373,0.426407,3.6288,59.2351,0.399319,0,0,0.657879,0.222698,0,0.66528,12.849,1,0.39273,0.426407,0,60.8873,4.48938,56.4316,0.84672,12.849,0.84672,3695.15,0,18.483,0,0.72703,1.69173,3.89892,1.04464,5.27304,0.42336,18.483,0.42336,0,0,442.007,0,1.02816,0,0,1.75519,0.72703,1.028160,1,0,61.7046,0,0,0,61.7046,0
72.29,2.19233,0,0,3.07319,0.293217,0.587641,3.6288,59.2482,0.457593,0,0,0.693143,0.222456,0,0.66528,12.849,1,0.38967,0.587641,0,50.5105,4.59195,46.1165,0.84672,12.849,0.84672,3695.15,0,18.483,0,0.558835,1.69177,4.08744,1.00291,5.33514,0.42336,18.483,0.42336,0,0,442.007,0,0.969918,0,0,1.52875,0.558835,1.028160,1,0,51.4516,0,0,0,51.4516,0
72.29,2.27248,0,0,3.16481,0.315368,0.576956,3.6288,58.9373,0.591986,0,0,0.497949,0.21695,0,0.66528,12.849,1,0.403916,0.576956,0,51.3665,4.66936,46.8702,0.84672,12.849,0.84672,3695.15,0,18.483,0,0.558835,1.6918,3.2318,0.91978,4.56266,0.42336,18.483,0.42336,0,0,442.007,0,0.89297,0,0,1.45181,0.558835,1.028160,1,0,51.4329,0,0,0,51.4329,0
71.4568,2.27253,0,0,2.16006,0.357892,0.36288,3.6288,58.0521,1.06462,0,0,0.384033,0.204561,0,0.66528,12.849,1,0.403925,0.36288,0,33.9474,4.22184,29.6845,0.84672,12.849,0.84672,3695.15,0,18.483,0,0.558835,1.75772,2.56358,0.972801,3.90734,0.42336,18.483,0.42336,0,0,442.007,0,0.420371,0,0,0.979206,0.558835,1.028160,1,0,33.5919,0,0,0,33.5919,0
70.3655,2.2646,0,0,1.89183,0.35563,0.36288,3.6288,57.2111,1.019,0,0,0.381413,0.203399,0,0.66528,12.849,1,0.407208,0.36288,0,29.2663,4.22184,25.0001,0.84672,12.849,0.84672,3695.15,0,18.483,0,0.528595,1.75776,2.61583,0.972801,3.92938,0.42336,18.483,0.42336,0,0,442.007,0,0.466016,0,0,0.994611,0.528595,1.028160,1,0,28.9295,0,0,0,28.9295,0
69.1035,2.25399,0,0,1.70751,0.352666,0.36288,3.6288,56.6164,0.825155,0,0,0.432716,0.202294,0,0.66528,12.849,1,0.411587,0.36288,0,26.0901,4.22184,21.8196,0.84672,12.849,0.84672,3695.15,0,18.483,0,0.528595,1.75779,3.08787,0.972801,4.40146,0.42336,18.483,0.42336,0,0,442.007,0,0.659897,0,0,1.18849,0.528595,1.028160,1,0,26.221,0,0,0,26.221,0
68.6656,2.21053,0,0,2.43145,0.29592,0.36288,3.6288,56.2227,0.738466,0,0,0.508104,0.163313,0,0.66528,12.849,1,0.411024,0.36288,0,38.4952,4.08534,34.3617,0.84672,12.849,0.84672,3695.15,0,18.483,0,0.528595,1.75783,3.016,0.983929,4.3185,0.42336,18.483,0.42336,0,0,442.007,0,0.724317,0,0,1.25291,0.528595,1.028160,1,0,38.6802,0,0,0,38.6802,0
67.6977,2.20619,0,0,1.93474,0.333565,0.36288,3.6288,55.5084,0.980686,0,0,0.457484,0.191132,0,0.66528,12.849,1,0.412832,0.36288,0,29.6967,4.47751,25.1692,0.84672,12.849,0.84672,3695.15,0,18.483,0,0.528595,1.73223,2.5602,1.02937,3.79165,0.42336,18.483,0.42336,0,0,442.007,0,0.482129,0,0,1.01072,0.528595,1.028160,1,0,28.9609,0,0,0,28.9609,0
66.6509,2.1964,0,0,1.76221,0.249714,0.36288,3.6288,54.5975,1.06528,0,0,0.382444,0.22804,0,0.66528,12.849,1,0.416876,0.36288,0,26.9496,4.82347,22.0722,0.84672,12.849,0.84672,3695.15,0,18.483,0,0.528595,1.73226,2.36377,1.05003,3.5746,0.42336,18.483,0.42336,0,0,442.007,0,0.39757,0,0,0.926165,0.528595,1.028160,1,0,25.6468,0,0,0,25.6468,0
65.5861,2.18559,0,0,1.71793,0.234215,0.36288,3.6288,53.9264,0.855884,0,0,0.417732,0.232939,0,0.66528,12.849,1,0.421339,0.36288,0,26.1143,4.88113,21.1747,0.84672,12.849,0.84672,3695.15,0,18.483,0,0.402797,1.7323,2.67912,1.05347,3.76075,0.42336,18.483,0.42336,0,0,442.007,0,0.606995,0,0,1.00979,0.402797,1.028160,1,0,24.9355,0,0,0,24.9355,0
64.3082,2.27749,0,0,1.58261,0.220204,0.36288,3.6288,53.1259,0.980454,0,0,0.396525,0.216618,0,0.66528,12.849,1,0.446184,0.36288,0,24.8784,4.92812,19.867,0.84672,12.849,0.84672,3695.15,0,18.483,0,0.402797,1.73234,2.18156,1.05693,3.25976,0.42336,18.483,0.42336,0,0,442.007,0,0.561548,0,0,0.964345,0.402797,1.028160,1,0,23.1268,0,0,0,23.1268,0
63.0547,2.263,0,0,1.58145,0.209021,0.36288,3.6288,52.2902,1.02141,0,0,0.389575,0.203873,0,0.66528,12.849,1,0.452156,0.36288,0,24.3109,4.96335,19.2583,0.84672,12.849,0.84672,3695.15,0,18.483,0,0.402797,1.82205,1.84371,1.05953,3.00902,0.42336,18.483,0.42336,0,0,442.007,0,0.520629,0,0,0.923426,0.402797,1.028160,1,0,22.2673,0,0,0,22.2673,0
61.6362,2.24841,0,0,1.38634,0.193518,0.36288,3.6288,51.3578,1.08392,0,0,0.362925,0.211398,0,0.66528,12.849,1,0.458171,0.36288,0,21.7204,5.07045,16.5547,0.84672,12.849,0.84672,3695.15,0,18.483,0,0.402797,1.82209,1.7888,1.08689,2.92679,0.42336,18.483,0.42336,0,0,442.007,0,0.458145,0,0,0.860941,0.402797,1.028160,1,0,19.4815,0,0,0,19.4815,0
60.1954,2.23141,0,0,1.3116,0.158197,0.36288,3.6288,50.4509,1.02392,0,0,0.348934,0.231863,0,0.66528,12.849,1,0.465171,0.36288,0,19.8552,5.3382,14.4147,0.84672,12.849,0.84672,3695.15,0,18.483,0,0.30119,1.82213,1.72086,1.1553,2.68888,0.42336,18.483,0.42336,0,0,442.007,0,0.518184,0,0,0.819374,0.30119,1.028160,1,0,17.1035,0,0,0,17.1035,0
58.6023,2.2136,0,0,1.13431,0.150888,0.36288,3.6288,49.3875,1.16431,0,0,0.327364,0.226445,0,0.66528,12.849,1,0.472505,0.36288,0,18.715,5.25339,13.352,0.84672,12.849,0.84672,3695.15,0,18.483,0,0.30119,1.82217,1.73715,1.13064,2.72987,0.42336,18.483,0.42336,0,0,442.007,0,0.377829,0,0,0.679019,0.30119,1.028160,1,0,16.0819,0,0,0,16.0819,0
56.7808,2.1736,0,0,0.85028,0.135285,0.36288,3.6288,48.0371,1.44082,0,0,0.305709,0.215277,0,0.66528,12.849,1,0.476578,0.36288,0,15.6788,5.04137,10.5238,0.84672,12.849,0.84672,3695.15,0,18.483,0,0.30119,1.8222,1.49418,1.06898,2.5486,0.42336,18.483,0.42336,0,0,442.007,0,0.14482,0,0,0.446011,0.30119,1.028160,1,0,13.0724,0,0,0,13.0724,0
54.9072,2.14962,0,0,0.771768,0.132896,0.36288,3.6288,46.6199,1.49116,0,0,0.286803,0.212882,0,0.66528,12.849,1,0.48644,0.36288,0,13.9711,5.04137,8.80613,0.84672,12.849,0.84672,3695.15,0,18.483,0,0.30119,1.85018,1.44543,1.06898,2.52782,0.42336,18.483,0.42336,0,0,442.007,0,0.0945242,0,0,0.395715,0.30119,1.028160,1,0,11.3339,0,0,0,11.3339,0
53.0509,2.1239,0,0,0.73218,0.101707,0.36288,3.6288,45.1599,1.44973,0,0,0.269027,0.279304,0,0.66528,12.849,1,0.497019,0.36288,0,12.5669,6.02942,6.40333,0.84672,12.849,0.84672,3695.15,0,18.483,0,0.261274,1.85022,1.36986,1.42964,2.05172,0.42336,18.483,0.42336,0,0,442.007,0,0.135988,0,0,0.397261,0.261274,1.028160,1,0,8.45505,0,0,0,8.45505,0
51.1403,2.09728,0,0,0.649356,0.099809,0.36288,3.6288,43.6822,1.45503,0,0,0.252835,0.275547,0,0.66528,12.849,1,0.507964,0.36288,0,11.7883,6.02942,5.61383,0.84672,12.849,0.84672,3695.15,0,18.483,0,0.261274,1.85026,1.31793,1.42964,1.99983,0.42336,18.483,0.42336,0,0,442.007,0,0.130715,0,0,0.391988,0.261274,1.028160,1,0,7.61366,0,0,0,7.61366,0
49.2552,2.11691,0,0,0.683139,0.088395,0.36288,3.6288,42.1556,1.54005,0,0,0.287706,0.274222,0,0.66528,12.849,1,0.531873,0.36288,0,11.5989,5.90296,5.5269,0.84672,12.849,0.84672,3695.15,0,18.483,0,0.261274,1.8503,1.22758,1.43749,1.90167,0.42336,18.483,0.42336,0,0,442.007,0,0.0844862,0,0,0.34576,0.261274,1.028160,1,0,7.42857,0,0,0,7.42857,0
47.4114,2.08661,0,0,0.690733,0.0851061,0.36288,3.6288,40.6496,1.5084,0,0,0.273084,0.270665,0,0.66528,12.849,1,0.544326,0.36288,0,15.1952,5.88189,9.13183,0.84672,12.849,0.84672,3695.15,0,18.483,0,0.261274,1.89487,1.34054,1.4388,2.05789,0.42336,18.483,0.42336,0,0,442.007,0,0.116163,0,0,0.377437,0.261274,1.028160,1,0,11.1897,0,0,0,11.1897,0
45.5563,2.05558,0,0,0.64679,0.0834169,0.36288,3.6288,39.1214,1.51544,0,0,0.253959,0.266748,0,0.66528,12.849,1,0.557084,0.36288,0,12.2004,5.88189,6.12428,0.84672,12.849,0.84672,3695.15,0,18.483,0,0.261274,1.89491,1.20838,1.4388,1.92577,0.42336,18.483,0.42336,0,0,442.007,0,0.109166,0,0,0.37044,0.261274,1.028160,1,0,8.05005,0,0,0,8.05005,0
43.6777,2.02285,0,0,0.588873,0.0817174,0.36288,3.6288,37.561,1.53861,0,0,0.241101,0.262877,0,0.66528,12.849,1,0.570537,0.36288,0,11.1188,5.88189,5.02927,0.84672,12.849,0.84672,3695.15,0,18.483,0,0.227405,1.89495,1.12717,1.4388,1.81073,0.42336,18.483,0.42336,0,0,442.007,0,0.0860319,0,0,0.313437,0.227405,1.028160,1,0,6.84,0,0,0,6.84,0
41.8053,2.12082,0,0,0.668877,0.0576109,0.36288,3.6288,35.9963,1.55787,0,0,0.260084,0.266924,0,0.66528,12.849,1,0.623898,0.36288,0,11.671,6.02847,5.38151,0.84672,12.849,0.84672,3695.15,0,18.483,0,0.227405,1.89499,1.47248,1.54806,2.04683,0.42336,18.483,0.42336,0,0,442.007,0,0.135566,0,0,0.362971,0.227405,1.028160,1,0,7.42834,0,0,0,7.42834,0
39.9747,2.08192,0,0,0.658539,0.0442762,0.36288,3.6288,34.318,1.65686,0,0,0.242066,0.263517,0,0.66528,12.849,1,0.639884,0.36288,0,13.7847,5.87496,7.63272,0.84672,12.849,0.84672,3695.15,0,18.483,0,0.227405,1.9909,1.27421,1.62402,1.8685,0.42336,18.483,0.42336,0,0,442.007,0,0.0365818,0,0,0.263987,0.227405,1.028160,1,0,9.50122,0,0,0,9.50122,0
38.0684,2.0419,0,0,0.541777,0.0433276,0.36288,3.6288,32.4947,1.74042,0,0,0.176293,0.259197,0,0.66528,12.849,1,0.656325,0.36288,0,12.6289,5.87496,6.46051,0.84672,12.849,0.84672,3695.15,0,18.483,0,0.227405,1.99091,1.04364,1.62402,1.63794,0.42336,18.483,0.42336,0,0,442.007,0,-0.0469843,0,0,0.18042,0.227405,1.028160,1,0,8.09845,0,0,0,8.09845,0
36.3403,1.99799,0,0,0.675152,0.0423791,0.36288,3.6288,31.0045,1.54132,0,0,0.305395,0.254259,0,0.66528,12.849,1,0.674368,0.36288,0,12.31,5.87496,6.12356,0.84672,12.849,0.84672,3695.15,0,18.483,0,0.204422,1.99093,1.62773,1.62402,2.19907,0.42336,18.483,0.42336,0,0,442.007,0,0.152117,0,0,0.356539,0.204422,1.028160,1,0,8.32263,0,0,0,8.32263,0
34.5892,1.95604,0,0,0.609791,0.041956,0.36288,3.6288,29.3782,1.63662,0,0,0.223202,0.212815,0,0.66528,12.849,1,0.691604,0.36288,0,8.76286,4.70141,3.73273,0.84672,12.849,0.84672,3695.15,0,18.483,0,0.204422,1.99094,1.5798,1.16626,2.60891,0.42336,18.483,0.42336,0,0,442.007,0,0.0568158,0,0,0.261238,0.204422,1.028160,1,0,6.34164,0,0,0,6.34164,0
33.5884,1.85296,0,0,1.22204,0.00703148,0.36288,3.6288,28.2717,1.33663,0,0,0.438227,0.208111,0,0.66528,12.849,1,0.688328,0.36288,0,14.5693,5.42357,8.82027,0.84672,12.849,0.84672,3695.15,0,18.483,0,0.204422,1.99096,2.23663,1.44178,2.99022,0.42336,18.483,0.42336,0,0,442.007,0,0.343201,0,0,0.547623,0.204422,1.028160,1,0,11.8105,0,0,0,11.8105,0
31.9394,1.82713,0,0,0.547966,0.00694568,0.36288,3.6288,26.7105,1.60436,0,0,0.248622,0.205524,0,0.66528,12.849,1,0.698954,0.36288,0,11.0779,5.42357,5.31822,0.84672,12.849,0.84672,3695.15,0,18.483,0,0.204422,1.95963,1.15004,1.44178,1.8723,0.42336,18.483,0.42336,0,0,442.007,0,0.0755102,0,0,0.279933,0.204422,1.028160,1,0,7.19053,0,0,0,7.19053,0
30.4557,1.78275,0,0,0.686277,0.0243662,0.36288,3.6288,25.2211,1.6039,0,0,0.314607,0.200033,0,0.66528,12.849,1,0.717186,0.36288,0,10.5687,5.2431,4.9713,0.84672,12.849,0.84672,3695.15,0,18.483,0,0.216518,1.95967,1.40695,1.41463,2.16851,0.42336,18.483,0.42336,0,0,442.007,0,0.0760018,0,0,0.29252,0.216518,1.028160,1,0,7.13981,0,0,0,7.13981,0
30.1833,1.74079,0,0,1.91521,0.0838893,0.36288,3.6288,24.3881,1.17769,0,0,0.557596,0.21289,0,0.66528,12.849,1,0.734424,0.36288,0,17.2915,4.76385,12.1561,0.84672,12.849,0.84672,3695.15,0,18.483,0,0.216518,1.95971,3.03118,1.27284,3.93457,0.42336,18.483,0.42336,0,0,442.007,0,0.502248,0,0,0.718767,0.216518,1.028160,1,0,16.0907,0,0,0,16.0907,0
29.855,1.68813,0,0,1.79649,0.0738552,0.36288,3.6288,23.3338,1.28119,0,0,0.385255,0.158422,0,0.66528,12.849,1,0.718635,0.36288,0,18.9769,3.7928,14.8283,0.84672,12.849,0.84672,3695.15,0,18.483,0,0.216518,1.95976,1.75436,0.964168,2.96647,0.42336,18.483,0.42336,0,0,442.007,0,0.321488,0,0,0.538007,0.216518,1.028160,1,0,17.7948,0,0,0,17.7948,0
30.1232,1.67876,0,0,2.44921,0.13929,0.36288,3.6288,22.2509,1.26966,0,0,0.314479,0.12769,0,0.66528,12.849,1,0.722507,0.36288,0,22.4833,3.51341,18.6102,0.84672,12.849,0.84672,3695.15,0,18.483,0,0.216518,1.88298,1.65526,0.979593,2.77517,0.42336,18.483,0.42336,0,0,442.007,0,0.333061,0,0,0.549579,0.216518,1.028160,1,0,21.3854,0,0,0,21.3854,0
30.0154,1.68649,0,0,2.0813,0.139792,0.36288,3.6288,21.3323,1.14552,0,0,0.352931,0.12604,0,0.66528,12.849,1,0.719369,0.36288,0,18.3791,3.51341,14.5092,0.84672,12.849,0.84672,3695.15,0,18.483,0,0.216518,1.88302,1.83982,0.979593,2.95977,0.42336,18.483,0.42336,0,0,442.007,0,0.457236,0,0,0.673754,0.216518,1.028160,1,0,17.469,0,0,0,17.469,0
34.24,1.68344,0,0,6.41057,0.13959,0.36288,3.6288,21.7626,0.574626,0,0,1.12944,0.124507,0,0.66528,12.849,1,0.72065,0.36288,0,63.6766,3.51341,59.8055,0.84672,12.849,0.84672,3695.15,0,18.483,0,1.12659,1.88306,4.37481,0.979593,6.40487,0.42336,18.483,0.42336,0,0,442.007,0,1.02816,0,0,2.15475,1.12659,1.028160,1,0,66.2103,0,0,0,66.2103,0
39.7432,1.66139,0,0,7.70204,0.174635,0.36288,3.6288,22.166,0.488796,0,0,1.03742,0.145226,0,0.66528,12.849,1,0.623457,0.36288,0,61.5658,4.10871,57.1965,0.84672,12.849,0.84672,3695.15,0,18.483,0,0.292723,1.88311,3.64342,1.07374,4.74551,0.42336,18.483,0.42336,0,0,442.007,0,0.953027,0,0,1.24575,0.292723,1.028160,1,0,61.942,0,0,0,61.942,0
48.0715,1.77914,0,0,10.6957,0.225335,0.36288,3.6288,22.9125,0.413694,0,0,1.33305,0.172818,0,0.66528,12.849,1,0.575197,0.36288,0,83.2464,4.90245,78.1316,0.84672,12.849,0.84672,3695.15,0,18.483,0,0.835514,1.7102,5.10562,1.19926,6.45207,0.42336,18.483,0.42336,0,0,442.007,0,1.02816,0,0,1.86367,0.835514,1.028160,1,0,84.5837,0,0,0,84.5837,0
52.2486,1.92629,0,0,6.71187,0.245681,0.36288,3.6288,22.8556,0.603416,0,0,0.714838,0.168381,0,0.66528,12.849,1,0.514878,0.36288,0,55.3134,4.74623,50.4151,0.84672,12.849,0.84672,3695.15,0,18.483,0,0.292723,1.71023,3.32517,1.15434,4.1738,0.42336,18.483,0.42336,0,0,442.007,0,0.838469,0,0,1.13119,0.292723,1.028160,1,0,54.5889,0,0,0,54.5889,0
55.6224,1.98908,0,0,5.96908,0.243309,0.36288,3.6288,22.2823,1.02704,0,0,0.58589,0.13211,0,0.66528,12.849,1,0.489157,0.36288,0,50.3017,3.80888,46.3666,0.84672,12.849,0.84672,3695.15,0,18.483,0,0.412474,1.71027,2.66811,0.884769,3.90609,0.42336,18.483,0.42336,0,0,442.007,0,0.414876,0,0,0.827349,0.412474,1.028160,1,0,50.2727,0,0,0,50.2727,0
57.5624,2.03541,0,0,4.59008,0.251788,0.36288,3.6288,21.9513,1.08817,0,0,0.888382,0.131194,0,0.66528,12.849,1,0.470188,0.36288,0,46.8123,3.80888,42.8961,0.84672,12.849,0.84672,3695.15,0,18.483,0,0.412474,1.71031,2.58573,0.884769,3.82374,0.42336,18.483,0.42336,0,0,442.007,0,0.353773,0,0,0.766247,0.412474,1.028160,1,0,46.7199,0,0,0,46.7199,0
62.0685,2.12502,0,0,7.23108,0.237028,0.36288,3.6288,23.5212,0.460439,0,0,2.17936,0.149013,0,0.66528,12.849,1,0.474344,0.36288,0,135.447,4.57338,130.762,0.84672,12.849,0.84672,3695.15,0,18.483,0,1.22355,1.71035,10.595,1.12838,12.4005,0.42336,18.483,0.42336,0,0,442.007,0,1.02816,0,0,2.25171,1.22355,1.028160,1,0,143.162,0,0,0,143.162,0
64.9123,2.18085,0,0,5.63446,0.246977,0.36288,3.6288,24.4215,0.460461,0,0,1.51258,0.151899,0,0.66528,12.849,1,0.451465,0.36288,0,107.129,4.57338,102.467,0.84672,12.849,0.84672,3695.15,0,18.483,0,0.764096,1.76508,6.95269,1.12838,8.35349,0.42336,18.483,0.42336,0,0,442.007,0,1.02816,0,0,1.79226,0.764096,1.028160,1,0,110.821,0,0,0,110.821,0
67.4578,2.21341,0,0,5.37532,0.253469,0.36288,3.6288,25.2205,0.460483,0,0,1.40911,0.149539,0,0.66528,12.849,1,0.438132,0.36288,0,92.34,4.48737,87.7774,0.84672,12.849,0.84672,3695.15,0,18.483,0,0.748164,1.76511,6.52095,1.10539,7.92883,0.42336,18.483,0.42336,0,0,442.007,0,1.02816,0,0,1.77632,0.748164,1.028160,1,0,95.7062,0,0,0,95.7062,0
70.0484,2.24098,0,0,5.45746,0.26303,0.36288,3.6288,25.981,0.460505,0,0,1.34792,0.126929,0,0.66528,12.849,1,0.426849,0.36288,0,89.2521,3.97131,85.2168,0.84672,12.849,0.84672,3695.15,0,18.483,0,0.872925,1.76513,6.47847,0.967502,8.14903,0.42336,18.483,0.42336,0,0,442.007,0,1.02816,0,0,1.90109,0.872925,1.028160,1,0,93.3658,0,0,0,93.3658,0
72.29,2.48878,0,0,10.4673,0.262657,5.47423,3.6288,27.4176,0.635565,0,0,2.19585,0.12374,0,0.66528,12.849,1,0.456518,5.47423,0,246.06,3.75693,247.321,0.84672,12.849,0.84672,3695.15,0,18.483,0,2.26587,1.76516,14.4431,0.938096,17.5361,0.42336,18.483,0.42336,0,0,442.007,0,1.02816,0,0,3.29403,2.26587,1.028160,1,0,264.857,0,0,0,264.857,0
72.29,2.5129,0,0,7.98578,0.262822,5.21006,3.6288,28.5026,0.635589,0,0,1.84312,0.122488,0,0.66528,12.849,1,0.446649,5.21006,0,197.268,3.59615,198.435,0.84672,12.849,0.84672,3695.15,0,18.483,0,1.57189,1.96041,11.5025,0.916042,14.1188,0.42336,18.483,0.42336,0,0,442.007,0,1.02816,0,0,2.60005,1.57189,1.028160,1,0,212.554,0,0,0,212.554,0
72.29,2.51294,0,0,6.28229,0.262822,3.50653,3.6288,29.2776,0.635614,0,0,1.53461,0.123998,0,0.66528,12.849,1,0.446656,3.50653,0,142.252,3.59615,141.716,0.84672,12.849,0.84672,3695.15,0,18.483,0,1.26926,1.96044,9.2861,0.916042,11.5998,0.42336,18.483,0.42336,0,0,442.007,0,1.02816,0,0,2.29742,1.26926,1.028160,1,0,153.316,0,0,0,153.316,0
72.29,2.51298,0,0,5.78602,0.26246,3.01058,3.6288,30.1359,0.635638,0,0,1.60161,0.107714,0,0.66528,12.849,1,0.446663,3.01058,0,130.882,3.16857,130.278,0.84672,12.849,0.84672,3695.15,0,18.483,0,1.60201,1.96047,9.47048,0.784341,12.2486,0.42336,18.483,0.42336,0,0,442.007,0,1.02816,0,0,2.63017,1.60201,1.028160,1,0,142.526,0,0,0,142.526,0
72.29,2.19447,0,0,5.74133,0.284004,3.26285,3.6288,32.2761,0.400746,0,0,2.63851,0.0975535,0,0.66528,12.849,1,0.390051,3.26285,0,146.604,2.9431,146.534,0.84672,12.849,0.84672,3695.15,0,18.483,0,1.68808,1.96049,12.3199,0.752777,15.2157,0.42336,18.483,0.42336,0,0,442.007,0,1.02816,0,0,2.71624,1.68808,1.028160,1,0,161.75,0,0,0,161.75,0
72.29,2.19451,0,0,5.45803,0.321627,2.94189,3.6288,35.0136,0.400767,0,0,3.22066,0.0823371,0,0.66528,12.849,1,0.390057,2.94189,0,140.442,2.7132,140.281,0.84672,12.849,0.84672,3695.15,0,18.483,0,1.66753,1.69346,13.5348,0.752614,16.1432,0.42336,18.483,0.42336,0,0,442.007,0,1.02816,0,0,2.69569,1.66753,1.028160,1,0,156.424,0,0,0,156.424,0
72.29,2.19454,0,0,5.62123,0.321627,3.10506,3.6288,37.5173,0.400788,0,0,2.98918,0.0847171,0,0.66528,12.849,1,0.390062,3.10506,0,137.192,2.7132,137.194,0.84672,12.849,0.84672,3695.15,0,18.483,0,2.07578,1.69348,15.1528,0.752614,18.1695,0.42336,18.483,0.42336,0,0,442.007,0,1.02816,0,0,3.10394,2.07578,1.028160,1,0,155.363,0,0,0,155.363,0
72.29,2.19457,0,0,7.48984,0.321627,4.97365,3.6288,40.5765,0.400809,0,0,3.54685,0.0868093,0,0.66528,12.849,1,0.390068,4.97365,0,192.323,2.7132,194.193,0.84672,12.849,0.84672,3695.15,0,18.483,0,2.27541,1.69351,17.2646,0.752614,20.4809,0.42336,18.483,0.42336,0,0,442.007,0,1.02816,0,0,3.30357,2.27541,1.028160,1,0,214.674,0,0,0,214.674,0
72.29,2.1946,0,0,7.62608,0.326341,5.10514,3.6288,43.5983,0.40083,0,0,3.51571,0.0931663,0,0.66528,12.849,1,0.390074,5.10514,0,189.478,2.90739,191.285,0.84672,12.849,0.84672,3695.15,0,18.483,0,2.13013,1.69353,19.8986,0.810459,22.9118,0.42336,18.483,0.42336,0,0,442.007,0,1.02816,0,0,3.15829,2.13013,1.028160,1,0,214.197,0,0,0,214.197,0
72.29,2.27482,0,0,7.94837,0.359834,5.31371,3.6288,46.549,0.458325,0,0,3.5526,0.143517,0,0.66528,12.849,1,0.404332,5.31371,0,165.307,3.53945,166.677,0.84672,12.849,0.84672,3695.15,0,18.483,0,2.17198,1.69356,20.0477,0.89436,23.0188,0.42336,18.483,0.42336,0,0,442.007,0,1.02816,0,0,3.20014,2.17198,1.028160,1,0,189.696,0,0,0,189.696,0
72.29,2.27485,0,0,6.243,0.359834,3.60832,3.6288,48.9017,0.458346,0,0,2.95856,0.147531,0,0.66528,12.849,1,0.404338,3.60832,0,193.32,3.53945,192.985,0.84672,12.849,0.84672,3695.15,0,18.483,0,2.26892,1.75953,14.7893,0.89436,17.9233,0.42336,18.483,0.42336,0,0,442.007,0,1.02816,0,0,3.29708,2.26892,1.028160,1,0,210.908,0,0,0,210.908,0
72.29,2.27489,0,0,4.80724,0.333346,2.19901,3.6288,50.4022,0.458368,0,0,2.07496,0.116123,0,0.66528,12.849,1,0.404344,2.19901,0,136.482,2.37185,135.905,0.84672,12.849,0.84672,3695.15,0,18.483,0,1.41196,1.75955,11.4745,0.748841,13.8972,0.42336,18.483,0.42336,0,0,442.007,0,1.02816,0,0,2.44012,1.41196,1.028160,1,0,149.802,0,0,0,149.802,0
72.29,2.27492,0,0,4.53247,0.275599,1.98195,3.6288,51.6778,0.45839,0,0,1.89917,0.16511,0,0.66528,12.849,1,0.40435,1.98195,0,120.918,2.92047,119.575,0.84672,12.849,0.84672,3695.15,0,18.483,0,1.29038,1.75958,9.26182,0.932507,11.3793,0.42336,18.483,0.42336,0,0,442.007,0,1.02816,0,0,2.31854,1.29038,1.028160,1,0,130.954,0,0,0,130.954,0
72.29,2.2436,0,0,4.47371,0.24997,1.98014,3.6288,52.8316,0.436088,0,0,1.76508,0.175229,0,0.66528,12.849,1,0.398783,1.98014,0,119.181,3.54477,117.218,0.84672,12.849,0.84672,3695.15,0,18.483,0,2.36333,1.75961,9.6266,0.955773,12.7938,0.42336,18.483,0.42336,0,0,442.007,0,1.02816,0,0,3.39149,2.36333,1.028160,1,0,130.011,0,0,0,130.011,0
72.29,2.24363,0,0,4.16694,0.278099,1.64521,3.6288,53.7921,0.43611,0,0,1.58007,0.183435,0,0.66528,12.849,1,0.398789,1.64521,0,109.19,4.02242,106.414,0.84672,12.849,0.84672,3695.15,0,18.483,0,1.53857,1.73396,9.37786,0.950016,11.7004,0.42336,18.483,0.42336,0,0,442.007,0,1.02816,0,0,2.56673,1.53857,1.028160,1,0,118.114,0,0,0,118.114,0
72.29,2.24367,0,0,3.72731,0.221609,1.26204,3.6288,54.481,0.436132,0,0,1.32769,0.202678,0,0.66528,12.849,1,0.398795,1.26204,0,97.295,4.18918,93.9691,0.84672,12.849,0.84672,3695.15,0,18.483,0,1.65228,1.73399,8.431,0.961661,10.8556,0.42336,18.483,0.42336,0,0,442.007,0,1.02816,0,0,2.68044,1.65228,1.028160,1,0,104.825,0,0,0,104.825,0
72.29,2.2437,0,0,3.53298,0.221609,1.06767,3.6288,55.1446,0.436153,0,0,1.30335,0.203615,0,0.66528,12.849,1,0.398801,1.06767,0,91.025,4.18918,87.5047,0.84672,12.849,0.84672,3695.15,0,18.483,0,1.52699,1.73401,7.95571,0.961661,10.2551,0.42336,18.483,0.42336,0,0,442.007,0,1.02816,0,0,2.55515,1.52699,1.028160,1,0,97.7597,0,0,0,97.7597,0
72.29,2.35017,0,0,3.14398,0.203133,0.590682,3.6288,55.5644,0.515344,0,0,1.14535,0.210223,0,0.66528,12.849,1,0.417725,0.590682,0,73.4689,4.52029,69.1215,0.84672,12.849,0.84672,3695.15,0,18.483,0,1.1961,1.73404,7.13508,1.01463,9.0506,0.42336,18.483,0.42336,0,0,442.007,0,1.02816,0,0,2.22426,1.1961,1.028160,1,0,78.1721,0,0,0,78.1721,0
72.29,2.3502,0,0,2.90525,0.178498,0.37655,3.6288,55.7791,0.515367,0,0,0.948568,0.218446,0,0.66528,12.849,1,0.417731,0.37655,0,58.2787,4.96177,53.2757,0.84672,12.849,0.84672,3695.15,0,18.483,0,0.748345,1.82382,6.30272,1.08526,7.78962,0.42336,18.483,0.42336,0,0,442.007,0,1.02816,0,0,1.7765,0.748345,1.028160,1,0,61.0654,0,0,0,61.0654,0
72.1802,2.35024,0,0,2.78186,0.178498,0.36288,3.6288,56.0093,0.51539,0,0,0.964328,0.218753,0,0.66528,12.849,1,0.417737,0.36288,0,55.6035,4.96177,50.5869,0.84672,12.849,0.84672,3695.15,0,18.483,0,0.963585,1.82385,6.00081,1.08526,7.70298,0.42336,18.483,0.42336,0,0,442.007,0,1.02816,0,0,1.99174,0.963585,1.028160,1,0,58.2898,0,0,0,58.2898,0
71.8228,2.34919,0,0,2.56248,0.207828,0.36288,3.6288,56.1861,0.515412,0,0,0.903684,0.211447,0,0.66528,12.849,1,0.418186,0.36288,0,51.9789,4.45408,47.4695,0.84672,12.849,0.84672,3695.15,0,18.483,0,0.865279,1.82387,5.49496,1.10484,7.07927,0.42336,18.483,0.42336,0,0,442.007,0,1.02816,0,0,1.89344,0.865279,1.028160,1,0,54.5488,0,0,0,54.5488,0
71.5079,2.34569,0,0,2.53568,0.141974,0.36288,3.6288,56.3526,0.515435,0,0,0.920678,0.238775,0,0.66528,12.849,1,0.419641,0.36288,0,51.8372,4.61274,47.1677,0.84672,12.849,0.84672,3695.15,0,18.483,0,0.948586,1.8239,5.68561,1.18434,7.27376,0.42336,18.483,0.42336,0,0,442.007,0,1.02816,0,0,1.97675,0.948586,1.028160,1,0,54.4415,0,0,0,54.4415,0
71.7099,2.32161,0,0,2.99448,0.108037,0.36288,3.6288,56.5259,0.558974,0,0,1.00088,0.268635,0,0.66528,12.849,1,0.417162,0.36288,0,66.8174,4.95043,61.8127,0.84672,12.849,0.84672,3695.15,0,18.483,0,1.26195,1.82393,7.47688,1.30849,9.25427,0.42336,18.483,0.42336,0,0,442.007,0,1.02816,0,0,2.29011,1.26195,1.028160,1,0,71.067,0,0,0,71.067,0
71.7645,2.32364,0,0,2.84935,0.108204,0.36288,3.6288,56.629,0.558997,0,0,0.931072,0.268939,0,0.66528,12.849,1,0.416351,0.36288,0,60.5706,4.95043,55.5667,0.84672,12.849,0.84672,3695.15,0,18.483,0,1.17896,1.85192,7.11945,1.30849,8.84184,0.42336,18.483,0.42336,0,0,442.007,0,1.02816,0,0,2.20712,1.17896,1.028160,1,0,64.4086,0,0,0,64.4086,0
71.5992,2.32421,0,0,2.63005,0.108249,0.36288,3.6288,56.6335,0.559021,0,0,0.832628,0.269119,0,0.66528,12.849,1,0.416136,0.36288,0,57.3172,4.95043,52.3136,0.84672,12.849,0.84672,3695.15,0,18.483,0,1.06911,1.85195,6.65937,1.30849,8.27193,0.42336,18.483,0.42336,0,0,442.007,0,1.02816,0,0,2.09727,1.06911,1.028160,1,0,60.5855,0,0,0,60.5855,0
71.3194,2.32262,0,0,2.51376,0.108113,0.36288,3.6288,56.6202,0.559044,0,0,0.814907,0.269127,0,0.66528,12.849,1,0.416811,0.36288,0,53.7414,4.95043,48.737,0.84672,12.849,0.84672,3695.15,0,18.483,0,0.904271,1.85198,6.34506,1.30849,7.79282,0.42336,18.483,0.42336,0,0,442.007,0,1.02816,0,0,1.93243,0.904271,1.028160,1,0,56.5299,0,0,0,56.5299,0
71.013,2.37402,0,0,2.51795,0.0874527,0.36288,3.6288,56.5307,0.597852,0,0,0.813525,0.305259,0,0.66528,12.849,1,0.427707,0.36288,0,50.6448,5.42695,45.153,0.84672,12.849,0.84672,3695.15,0,18.483,0,0.760329,1.852,5.10628,1.4377,6.28091,0.42336,18.483,0.42336,0,0,442.007,0,1.02816,0,0,1.78849,0.760329,1.028160,1,0,51.434,0,0,0,51.434,0
70.5184,2.37094,0,0,2.32279,0.083551,0.36288,3.6288,56.362,0.597876,0,0,0.743679,0.3145,0,0.66528,12.849,1,0.428994,0.36288,0,48.8876,5.56784,43.2537,0.84672,12.849,0.84672,3695.15,0,18.483,0,0.80022,1.8966,4.71264,1.48107,5.92839,0.42336,18.483,0.42336,0,0,442.007,0,1.02816,0,0,1.82838,0.80022,1.028160,1,0,49.1821,0,0,0,49.1821,0
69.8095,2.36589,0,0,2.10316,0.0832344,0.36288,3.6288,56.1604,0.5979,0,0,0.710536,0.314154,0,0.66528,12.849,1,0.431084,0.36288,0,46.0426,5.56784,40.4066,0.84672,12.849,0.84672,3695.15,0,18.483,0,0.61382,1.89663,4.38176,1.48107,5.41113,0.42336,18.483,0.42336,0,0,442.007,0,1.02816,0,0,1.64198,0.61382,1.028160,1,0,45.8177,0,0,0,45.8177,0
68.859,2.35856,0,0,1.83928,0.0683533,0.36288,3.6288,55.9468,0.597924,0,0,0.705508,0.321259,0,0.66528,12.849,1,0.434111,0.36288,0,43.8426,5.79216,37.9793,0.84672,12.849,0.84672,3695.15,0,18.483,0,0.587632,1.89665,4.4286,1.52589,5.387,0.42336,18.483,0.42336,0,0,442.007,0,1.02816,0,0,1.61579,0.587632,1.028160,1,0,43.3663,0,0,0,43.3663,0
67.7014,2.5054,0,0,1.78285,0.0721549,0.36288,3.6288,55.6873,0.66528,0,0,0.719159,0.31333,0,0.66528,12.849,1,0.467504,0.36288,0,43.19,5.51717,37.5682,0.84672,12.849,0.84672,3695.15,0,18.483,0,0.485188,1.89668,4.05827,1.38423,5.05591,0.42336,18.483,0.42336,0,0,442.007,0,1.02816,0,0,1.51335,0.485188,1.028160,1,0,42.6241,0,0,0,42.6241,0
66.9992,2.49211,0,0,2.22838,0.0756704,0.36288,3.6288,55.4729,0.66528,0,0,0.75479,0.30395,0,0.66528,12.849,1,0.472976,0.36288,0,45.5761,5.05884,40.4072,0.84672,12.849,0.84672,3695.15,0,18.483,0,0.313217,1.9915,3.87561,1.4188,4.76153,0.42336,18.483,0.42336,0,0,442.007,0,1.02816,0,0,1.34138,0.313217,1.028160,1,0,45.1687,0,0,0,45.1687,0
66.1592,2.48391,0,0,2.08133,0.0744945,0.36288,3.6288,55.261,0.66528,0,0,0.75206,0.298708,0,0.66528,12.849,1,0.476361,0.36288,0,44.7529,5.15329,39.4861,0.84672,12.849,0.84672,3695.15,0,18.483,0,1.09478,1.99151,3.94271,1.44697,5.58203,0.42336,18.483,0.42336,0,0,442.007,0,1.02816,0,0,2.12294,1.09478,1.028160,1,0,45.0681,0,0,0,45.0681,0
65.2307,2.47394,0,0,1.98227,0.0739999,0.36288,3.6288,55.0266,0.66528,0,0,0.729173,0.298293,0,0.66528,12.849,1,0.480472,0.36288,0,43.5318,5.15329,38.2609,0.84672,12.849,0.84672,3695.15,0,18.483,0,1.03797,1.99152,3.791,1.44697,5.37352,0.42336,18.483,0.42336,0,0,442.007,0,1.02816,0,0,2.06613,1.03797,1.028160,1,0,43.6344,0,0,0,43.6344,0
64.3067,2.46271,0,0,1.97507,0.0734531,0.36288,3.6288,54.7774,0.66528,0,0,0.713941,0.297833,0,0.66528,12.849,1,0.485099,0.36288,0,41.7746,5.15329,36.4991,0.84672,12.849,0.84672,3695.15,0,18.483,0,1.01915,1.99153,3.84259,1.44697,5.40629,0.42336,18.483,0.42336,0,0,442.007,0,1.02816,0,0,2.04731,1.01915,1.028160,1,0,41.9054,0,0,0,41.9054,0
62.7141,2.37652,0,0,1.25951,0.112698,0.36288,3.6288,54.4316,0.653097,0,0,0.543197,0.235927,0,0.66528,12.849,1,0.474849,0.36288,0,26.4857,3.85455,22.5192,0.84672,12.849,0.84672,3695.15,0,18.483,0,0.20857,1.99154,4.07797,1.12365,5.15443,0.42336,18.483,0.42336,0,0,442.007,0,1.02816,0,0,1.23673,0.20857,1.028160,1,0,27.6737,0,0,0,27.6737,0
61.6187,2.35695,0,0,1.7357,0.111249,0.36288,3.6288,53.937,0.807823,0,0,0.548678,0.235389,0,0.66528,12.849,1,0.482897,0.36288,0,38.4852,3.85455,34.5106,0.84672,12.849,0.84672,3695.15,0,18.483,0,0.204422,1.96129,4.32873,1.12365,5.37079,0.42336,18.483,0.42336,0,0,442.007,0,0.873459,0,0,1.07788,0.204422,1.028160,1,0,39.8814,0,0,0,39.8814,0
60.6799,2.34311,0,0,1.87738,0.110252,0.36288,3.6288,53.7935,0.653146,0,0,0.744264,0.234619,0,0.66528,12.849,1,0.488595,0.36288,0,38.6973,3.85455,34.717,0.84672,12.849,0.84672,3695.15,0,18.483,0,0.975784,1.96132,4.23301,1.12365,6.04647,0.42336,18.483,0.42336,0,0,442.007,0,1.02816,0,0,2.00394,0.975784,1.028160,1,0,40.7635,0,0,0,40.7635,0
60.744,2.33099,0,0,2.86743,0.109397,0.36288,3.6288,54.5147,0.653171,0,0,1.60877,0.234385,0,0.66528,12.849,1,0.493588,0.36288,0,52.4811,3.85455,48.4958,0.84672,12.849,0.84672,3695.15,0,18.483,0,4.71741,1.96135,6.64895,1.12365,12.2041,0.42336,18.483,0.42336,0,0,442.007,0,1.02816,0,0,5.74557,4.71741,1.028160,1,0,60.6999,0,0,0,60.6999,0
62.0112,2.27162,0,0,4.10595,0.204244,0.36288,3.6288,55.0497,0.575837,0,0,1.33717,0.226352,0,0.66528,12.849,1,0.480509,0.36288,0,78.7814,4.26123,74.4026,0.84672,12.849,0.84672,3695.15,0,18.483,0,2.07362,1.96138,5.55026,1.01517,8.57008,0.42336,18.483,0.42336,0,0,442.007,0,1.02816,0,0,3.10178,2.07362,1.028160,1,0,82.9726,0,0,0,82.9726,0
61.7217,2.28756,0,0,2.59935,0.238403,0.36288,3.6288,55.4203,0.57586,0,0,1.19832,0.251844,0,0.66528,12.849,1,0.473993,0.36288,0,75.638,4.9875,70.5394,0.84672,12.849,0.84672,3695.15,0,18.483,0,1.62187,1.88453,4.22335,1.04005,6.68971,0.42336,18.483,0.42336,0,0,442.007,0,1.02816,0,0,2.65003,1.62187,1.028160,1,0,77.2291,0,0,0,77.2291,0
60.7579,2.284,0,0,1.92091,0.237835,0.36288,3.6288,55.5824,0.575884,0,0,0.990438,0.252459,0,0.66528,12.849,1,0.475474,0.36288,0,72.6703,4.9875,67.5702,0.84672,12.849,0.84672,3695.15,0,18.483,0,1.20633,1.88456,2.92037,1.04005,4.97122,0.42336,18.483,0.42336,0,0,442.007,0,1.02816,0,0,2.23449,1.20633,1.028160,1,0,72.5414,0,0,0,72.5414,0
62.7231,2.2719,0,0,4.82138,0.221469,0.36288,3.6288,56.2576,0.575908,0,0,1.49811,0.246986,0,0.66528,12.849,1,0.480458,0.36288,0,69.77,4.8435,64.8089,0.84672,12.849,0.84672,3695.15,0,18.483,0,2.22239,1.88458,6.10973,1.07224,9.14446,0.42336,18.483,0.42336,0,0,442.007,0,1.02816,0,0,3.25055,2.22239,1.028160,1,0,73.9534,0,0,0,73.9534,0
70.249,2.12346,0,0,10.2525,0.240204,0.36288,3.6288,58.0425,0.414806,0,0,2.4051,0.205383,0,0.66528,12.849,1,0.434998,0.36288,0,171.46,4.0082,167.38,0.84672,12.849,0.84672,3695.15,0,18.483,0,4.02174,1.88461,13.2569,0.968372,18.1948,0.42336,18.483,0.42336,0,0,442.007,0,1.02816,0,0,5.0499,4.02174,1.028160,1,0,185.574,0,0,0,185.574,0
72.29,2.20208,0,0,5.66225,0.282024,1.13712,3.6288,59.0375,0.414827,0,0,1.59746,0.187681,0,0.66528,12.849,1,0.402776,1.13712,0,103.796,3.8724,100.658,0.84672,12.849,0.84672,3695.15,0,18.483,0,2.45182,1.71155,6.91445,0.978235,10.0996,0.42336,18.483,0.42336,0,0,442.007,0,1.02816,0,0,3.47998,2.45182,1.028160,1,0,110.757,0,0,0,110.757,0
72.29,2.22146,0,0,5.57534,0.28646,3.06742,3.6288,59.9782,0.414848,0,0,1.54448,0.188887,0,0.66528,12.849,1,0.394848,3.06742,0,120.884,3.8724,119.684,0.84672,12.849,0.84672,3695.15,0,18.483,0,2.04334,1.71158,6.91108,0.978235,9.68777,0.42336,18.483,0.42336,0,0,442.007,0,1.02816,0,0,3.0715,2.04334,1.028160,1,0,129.372,0,0,0,129.372,0
72.29,2.22149,0,0,7.79438,0.28646,5.28642,3.6288,61.308,0.414869,0,0,2.04581,0.190026,0.111144,0.66528,12.849,1,0.394854,5.28642,0,137.361,3.8724,138.38,0.84672,12.849,0.84672,3695.15,0,18.483,0,2.85976,1.7116,10.9939,0.978235,14.587,0.42336,18.483,0.42336,0,0,442.007,0,1.02816,0,0,3.88792,2.85976,1.028160,1,0,153.079,0,0,0,153.079,0
72.29,2.22153,0,0,5.3544,0.291687,2.84118,3.6288,61.308,0.41489,0,0,1.91514,0.19041,1.30984,0.66528,12.849,1,0.39486,2.84118,0,153.272,3.92327,151.795,0.84672,12.849,0.84672,3695.15,0,18.483,0,2.34885,1.71163,6.55891,0.970262,9.64913,0.42336,18.483,0.42336,0,0,442.007,0,1.02816,0,0,3.37701,2.34885,1.028160,1,0,162.754,0,0,0,162.754,0
72.29,2.22153,0,0,9.67971,0.313274,7.14491,3.6288,61.308,0.41489,0,0,2.43808,0.209581,1.81361,0.66528,12.849,1,0.39486,7.14491,0,195.142,4.22341,197.669,0.84672,12.849,0.84672,3695.15,0,18.483,0,3.63861,1.71165,12.1331,1.09751,16.3858,0.42336,18.483,0.42336,0,0,442.007,0,1.02816,0,0,4.66677,3.63861,1.028160,1,0,215.868,0,0,0,215.868,0
72.29,2.29115,0,0,6.45053,0.311644,3.84774,3.6288,61.308,0.461568,0,0,1.92532,0.214004,1.24975,0.66528,12.849,1,0.407234,3.84774,0,167.848,4.22257,167.066,0.84672,12.849,0.84672,3695.15,0,18.483,0,2.18277,1.71165,7.74142,1.12669,10.5092,0.42336,18.483,0.42336,0,0,442.007,0,1.02816,0,0,3.21093,2.18277,1.028160,1,0,178.825,0,0,0,178.825,0
72.29,2.29117,0,0,6.52052,0.311644,3.91771,3.6288,61.308,0.46158,0,0,2.09469,0.214004,1.41911,0.66528,12.849,1,0.407238,3.91771,0,175.349,4.22257,174.637,0.84672,12.849,0.84672,3695.15,0,18.483,0,2.62584,1.76642,7.84676,1.12669,11.1123,0.42336,18.483,0.42336,0,0,442.007,0,1.02816,0,0,3.654,2.62584,1.028160,1,0,187.168,0,0,0,187.168,0
72.29,2.29119,0,0,5.7159,0.328042,3.09668,3.6288,61.308,0.461591,0,0,1.62613,0.141634,1.0229,0.66528,12.849,1,0.407241,3.09668,0,201.449,3.45471,200.684,0.84672,12.849,0.84672,3695.15,0,18.483,0,1.63331,1.76643,6.22266,0.722264,8.90013,0.42336,18.483,0.42336,0,0,442.007,0,1.02816,0,0,2.66147,1.63331,1.028160,1,0,210.607,0,0,0,210.607,0
72.29,2.2912,0,0,5.94699,0.305201,3.35059,3.6288,61.308,0.461603,0,0,1.68626,0.176765,1.04789,0.66528,12.849,1,0.407244,3.35059,0,214.915,3.73447,214.124,0.84672,12.849,0.84672,3695.15,0,18.483,0,2.25611,1.76645,8.00309,0.879836,11.1458,0.42336,18.483,0.42336,0,0,442.007,0,1.02816,0,0,3.28427,2.25611,1.028160,1,0,226.317,0,0,0,226.317,0
72.29,2.5147,0,0,6.40907,0.274746,3.61962,3.6288,61.308,0.636781,0,0,1.5472,0.223607,0.686812,0.66528,12.849,1,0.446969,3.61962,0,177.566,4.10749,176.631,0.84672,12.849,0.84672,3695.15,0,18.483,0,2.25473,1.76646,9.11088,1.08993,12.0421,0.42336,18.483,0.42336,0,0,442.007,0,1.02816,0,0,3.28289,2.25473,1.028160,1,0,189.36,0,0,0,189.36,0
72.29,2.51472,0,0,7.0651,0.274746,4.27563,3.6288,61.308,0.636794,0,0,2.06752,0.223607,1.20712,0.66528,12.849,1,0.446973,4.27563,0,199.501,4.10749,199.222,0.84672,12.849,0.84672,3695.15,0,18.483,0,3.18947,1.96184,10.8822,1.08993,14.9435,0.42336,18.483,0.42336,0,0,442.007,0,1.02816,0,0,4.21763,3.18947,1.028160,1,0,215.373,0,0,0,215.373,0
72.29,2.51474,0,0,6.9755,0.274746,4.18601,3.6288,61.308,0.636807,0,0,2.34146,0.223607,1.48104,0.66528,12.849,1,0.446976,4.18601,0,189.61,4.10749,189.242,0.84672,12.849,0.84672,3695.15,0,18.483,0,3.78169,1.96186,12.5291,1.08993,17.1827,0.42336,18.483,0.42336,0,0,442.007,0,1.02816,0,0,4.80985,3.78169,1.028160,1,0,207.905,0,0,0,207.905,0
72.29,2.51476,0,0,5.47879,0.290112,2.67392,3.6288,61.308,0.63682,0,0,1.693,0.243625,0.812554,0.66528,12.849,1,0.44698,2.67392,0,145.643,4.42608,143.444,0.84672,12.849,0.84672,3695.15,0,18.483,0,2.85723,1.96187,8.89186,1.16862,12.5423,0.42336,18.483,0.42336,0,0,442.007,0,1.02816,0,0,3.88539,2.85723,1.028160,1,0,156.798,0,0,0,156.798,0
72.29,2.19602,0,0,4.90446,0.341188,2.36726,3.6288,61.308,0.401751,0,0,1.53471,0.235904,0.897059,0.66528,12.849,1,0.390325,2.36726,0,141.311,4.13185,139.156,0.84672,12.849,0.84672,3695.15,0,18.483,0,2.58347,1.96189,8.56146,1.02317,12.0836,0.42336,18.483,0.42336,0,0,442.007,0,1.02816,0,0,3.61163,2.58347,1.028160,1,0,152.136,0,0,0,152.136,0
72.29,2.19603,0,0,6.32353,0.341188,3.78631,3.6288,61.308,0.401762,0,0,2.30761,0.235904,1.66995,0.66528,12.849,1,0.390328,3.78631,0,164.636,4.13185,163.9,0.84672,12.849,0.84672,3695.15,0,18.483,0,3.9049,1.69465,12.2952,1.02317,16.8715,0.42336,18.483,0.42336,0,0,442.007,0,1.02816,0,0,4.93306,3.9049,1.028160,1,0,182.442,0,0,0,182.442,0
72.29,2.19605,0,0,4.70463,0.341188,2.16739,3.6288,61.308,0.401773,0,0,1.45858,0.235904,0.820901,0.66528,12.849,1,0.390331,2.16739,0,127.43,4.13185,125.076,0.84672,12.849,0.84672,3695.15,0,18.483,0,2.4642,1.69466,8.17862,1.02317,11.3143,0.42336,18.483,0.42336,0,0,442.007,0,1.02816,0,0,3.49236,2.4642,1.028160,1,0,137.211,0,0,0,137.211,0
72.29,2.19607,0,0,4.63228,0.353344,2.08286,3.6288,61.308,0.401785,0,0,1.32996,0.204191,0.723988,0.66528,12.849,1,0.390335,2.08286,0,139.203,4.0712,136.825,0.84672,12.849,0.84672,3695.15,0,18.483,0,2.2975,1.69468,7.72831,0.950203,10.7703,0.42336,18.483,0.42336,0,0,442.007,0,1.02816,0,0,3.32566,2.2975,1.028160,1,0,148.319,0,0,0,148.319,0
72.29,2.19609,0,0,5.41896,0.37726,2.84562,3.6288,61.308,0.401796,0,0,2.18182,0.210463,1.56957,0.66528,12.849,1,0.390338,2.84562,0,168.693,3.8219,167.327,0.84672,12.849,0.84672,3695.15,0,18.483,0,3.72068,1.69469,8.60553,1.001,13.0199,0.42336,18.483,0.42336,0,0,442.007,0,1.02816,0,0,4.74884,3.72068,1.028160,1,0,181.916,0,0,0,181.916,0
72.29,2.27634,0,0,5.30594,0.37726,2.65234,3.6288,61.308,0.459319,0,0,1.88781,0.210463,1.21803,0.66528,12.849,1,0.404603,2.65234,0,162.562,3.8219,160.988,0.84672,12.849,0.84672,3695.15,0,18.483,0,3.79405,1.6947,9.46331,1.001,13.9511,0.42336,18.483,0.42336,0,0,442.007,0,1.02816,0,0,4.82221,3.79405,1.028160,1,0,176.157,0,0,0,176.157,0
72.29,2.27636,0,0,4.6918,0.37726,2.03817,3.6288,61.308,0.459331,0,0,1.37884,0.210463,0.709046,0.66528,12.849,1,0.404606,2.03817,0,106.85,3.8219,104.662,0.84672,12.849,0.84672,3695.15,0,18.483,0,2.73084,1.7607,7.17034,1.001,10.6609,0.42336,18.483,0.42336,0,0,442.007,0,1.02816,0,0,3.759,2.73084,1.028160,1,0,116.032,0,0,0,116.032,0
72.29,2.27638,0,0,4.37167,0.296411,1.79888,3.6288,61.308,0.459343,0,0,1.17772,0.210514,0.507862,0.66528,12.849,1,0.404609,1.79888,0,96.2764,3.60301,94.0676,0.84672,12.849,0.84672,3695.15,0,18.483,0,2.38029,1.76072,6.57651,0.989103,9.72842,0.42336,18.483,0.42336,0,0,442.007,0,1.02816,0,0,3.40845,2.38029,1.028160,1,0,104.304,0,0,0,104.304,0
72.29,2.2764,0,0,3.52775,0.258727,0.992622,3.6288,61.308,0.459354,0,0,1.03111,0.199546,0.372214,0.66528,12.849,1,0.404612,0.992622,0,88.4278,4.17561,84.8402,0.84672,12.849,0.84672,3695.15,0,18.483,0,1.8564,1.76073,6.24266,1.14106,8.71873,0.42336,18.483,0.42336,0,0,442.007,0,1.02816,0,0,2.88456,1.8564,1.028160,1,0,93.9312,0,0,0,93.9312,0
72.29,2.24504,0,0,3.13462,0.249043,0.640534,3.6288,61.308,0.437028,0,0,0.941769,0.195156,0.309584,0.66528,12.849,1,0.399039,0.640534,0,82.9138,4.41924,78.736,0.84672,12.849,0.84672,3695.15,0,18.483,0,1.69076,1.76075,4.1989,1.20263,6.44778,0.42336,18.483,0.42336,0,0,442.007,0,1.02816,0,0,2.71892,1.69076,1.028160,1,0,85.4934,0,0,0,85.4934,0
72.29,2.24506,0,0,2.9002,0.249043,0.406096,3.6288,61.308,0.43704,0,0,1.02421,0.195156,0.392016,0.66528,12.849,1,0.399042,0.406096,0,75.422,4.41924,71.0098,0.84672,12.849,0.84672,3695.15,0,18.483,0,1.94307,1.73507,4.33401,1.20263,6.80951,0.42336,18.483,0.42336,0,0,442.007,0,1.02816,0,0,2.97123,1.94307,1.028160,1,0,78.2114,0,0,0,78.2114,0
72.1663,2.24508,0,0,2.74418,0.259902,0.36288,3.6288,61.308,0.437051,0,0,1.10163,0.171874,0.4927,0.66528,12.849,1,0.399045,0.36288,0,70.6009,4.1979,66.3668,0.84672,12.849,0.84672,3695.15,0,18.483,0,2.05452,1.73509,4.70276,1.12052,7.37185,0.42336,18.483,0.42336,0,0,442.007,0,1.02816,0,0,3.08268,2.05452,1.028160,1,0,74.2314,0,0,0,74.2314,0
71.9791,2.24393,0,0,2.64167,0.222041,0.36288,3.6288,61.308,0.437063,0,0,0.95275,0.160996,0.354691,0.66528,12.849,1,0.399525,0.36288,0,64.673,4.11286,60.5235,0.84672,12.849,0.84672,3695.15,0,18.483,0,1.48067,1.7351,3.99864,1.01221,6.2022,0.42336,18.483,0.42336,0,0,442.007,0,1.02816,0,0,2.50883,1.48067,1.028160,1,0,67.0804,0,0,0,67.0804,0
71.6483,2.34855,0,0,2.62103,0.240443,0.36288,3.6288,61.308,0.516293,0,0,1.06528,0.18446,0.364525,0.66528,12.849,1,0.419239,0.36288,0,66.039,4.19706,61.7856,0.84672,12.849,0.84672,3695.15,0,18.483,0,1.51017,1.73512,4.27279,1.01046,6.50762,0.42336,18.483,0.42336,0,0,442.007,0,1.02816,0,0,2.53833,1.51017,1.028160,1,0,68.6577,0,0,0,68.6577,0
71.4026,2.34528,0,0,2.59201,0.129525,0.36288,3.6288,61.308,0.516305,0,0,1.02076,0.223886,0.280565,0.66528,12.849,1,0.420589,0.36288,0,67.6728,4.72605,62.889,0.84672,12.849,0.84672,3695.15,0,18.483,0,1.56526,1.82494,4.41047,1.11688,6.68378,0.42336,18.483,0.42336,0,0,442.007,0,1.02816,0,0,2.59342,1.56526,1.028160,1,0,69.8534,0,0,0,69.8534,0
70.8697,2.34285,0,0,2.30203,0.129282,0.36288,3.6288,61.308,0.516317,0,0,0.832058,0.223886,0.0918554,0.66528,12.849,1,0.421598,0.36288,0,60.5213,4.72605,55.7365,0.84672,12.849,0.84672,3695.15,0,18.483,0,1.17714,1.82496,3.78257,1.11688,5.66778,0.42336,18.483,0.42336,0,0,442.007,0,1.02816,0,0,2.2053,1.17714,1.028160,1,0,61.4962,0,0,0,61.4962,0
70.2576,2.3375,0,0,2.21703,0.128756,0.36288,3.6288,61.2376,0.516329,0,0,0.669816,0.223886,0,0.66528,12.849,1,0.4238,0.36288,0,55.772,4.72605,50.985,0.84672,12.849,0.84672,3695.15,0,18.483,0,1.01237,1.82497,3.63652,1.11688,5.35697,0.42336,18.483,0.42336,0,0,442.007,0,1.02816,0,0,2.04053,1.01237,1.028160,1,0,56.342,0,0,0,56.342,0
69.3695,2.33129,0,0,1.94584,0.139702,0.36288,3.6288,61.16,0.516341,0,0,0.662835,0.224107,0,0.66528,12.849,1,0.426357,0.36288,0,38.3921,4.5906,33.738,0.84672,12.849,0.84672,3695.15,0,18.483,0,0.478621,1.82498,3.92602,1.07336,5.15627,0.42336,18.483,0.42336,0,0,442.007,0,1.02816,0,0,1.50678,0.478621,1.028160,1,0,38.8943,0,0,0,38.8943,0
68.3387,2.30135,0,0,1.7722,0.138746,0.36288,3.6288,61.0288,0.559895,0,0,0.652752,0.223997,0,0.66528,12.849,1,0.426268,0.36288,0,37.4996,4.5906,32.8456,0.84672,12.849,0.84672,3695.15,0,18.483,0,0.501526,1.825,3.78704,1.07336,5.04021,0.42336,18.483,0.42336,0,0,442.007,0,1.02816,0,0,1.52969,0.501526,1.028160,1,0,37.8858,0,0,0,37.8858,0
67.1448,2.29061,0,0,1.59721,0.137636,0.36288,3.6288,60.853,0.559907,0,0,0.607865,0.223811,0,0.66528,12.849,1,0.43068,0.36288,0,34.7565,4.5906,30.0981,0.84672,12.849,0.84672,3695.15,0,18.483,0,0.306737,1.853,3.60573,1.07336,4.69211,0.42336,18.483,0.42336,0,0,442.007,0,1.02816,0,0,1.3349,0.306737,1.028160,1,0,34.7902,0,0,0,34.7902,0
65.9179,2.2779,0,0,1.52732,0.113478,0.36288,3.6288,60.5895,0.55992,0,0,0.574667,0.27825,0,0.66528,12.849,1,0.435905,0.36288,0,31.3349,5.29635,25.9655,0.84672,12.849,0.84672,3695.15,0,18.483,0,0.289855,1.85301,3.42582,1.33097,4.23772,0.42336,18.483,0.42336,0,0,442.007,0,1.02816,0,0,1.31801,0.289855,1.028160,1,0,30.2032,0,0,0,30.2032,0
64.8805,2.26451,0,0,1.69402,0.104055,0.36288,3.6288,60.3275,0.559932,0,0,0.590236,0.29229,0,0.66528,12.849,1,0.441408,0.36288,0,31.5259,5.66229,25.7851,0.84672,12.849,0.84672,3695.15,0,18.483,0,0.316267,1.85302,3.58152,1.44648,4.30433,0.42336,18.483,0.42336,0,0,442.007,0,1.02816,0,0,1.34443,0.316267,1.028160,1,0,30.0894,0,0,0,30.0894,0
63.8393,2.3055,0,0,1.73095,0.103741,0.36288,3.6288,60.064,0.598751,0,0,0.621514,0.286313,0,0.66528,12.849,1,0.456583,0.36288,0,32.5929,5.72502,26.7742,0.84672,12.849,0.84672,3695.15,0,18.483,0,0.301424,1.85304,3.72817,1.45583,4.4268,0.42336,18.483,0.42336,0,0,442.007,0,1.02816,0,0,1.32958,0.301424,1.028160,1,0,31.201,0,0,0,31.201,0
62.6741,2.29334,0,0,1.59393,0.102873,0.36288,3.6288,59.7601,0.62699,0,0,0.608953,0.285833,0,0.66528,12.849,1,0.461582,0.36288,0,30.7397,5.72502,24.916,0.84672,12.849,0.84672,3695.15,0,18.483,0,0.261274,1.89765,3.69043,1.45583,4.39352,0.42336,18.483,0.42336,0,0,442.007,0,0.999933,0,0,1.26121,0.261274,1.028160,1,0,29.3095,0,0,0,29.3095,0
61.27,2.2794,0,0,1.32332,0.0851219,0.36288,3.6288,59.4747,0.600815,0,0,0.605648,0.290185,0,0.66528,12.849,1,0.467307,0.36288,0,29.1511,6.0193,23.0274,0.84672,12.849,0.84672,3695.15,0,18.483,0,0.227405,1.89766,3.51461,1.44156,4.19811,0.42336,18.483,0.42336,0,0,442.007,0,1.02612,0,0,1.25353,0.227405,1.028160,1,0,27.2255,0,0,0,27.2255,0
59.7882,2.26214,0,0,1.23231,0.0891349,0.36288,3.6288,59.1536,0.614816,0,0,0.581558,0.287846,0,0.66528,12.849,1,0.474396,0.36288,0,28.8366,5.89241,22.8327,0.84672,12.849,0.84672,3695.15,0,18.483,0,0.227405,1.89768,3.6231,1.3744,4.37378,0.42336,18.483,0.42336,0,0,442.007,0,1.01213,0,0,1.23954,0.227405,1.028160,1,0,27.2065,0,0,0,27.2065,0
58.8788,2.39317,0,0,1.89822,0.0515516,0.36288,3.6288,58.9908,0.66528,0,0,0.83732,0.334897,0,0.66528,12.849,1,0.514313,0.36288,0,39.9121,6.16214,33.5986,0.84672,12.849,0.84672,3695.15,0,18.483,0,0.564054,1.89769,6.26178,1.50626,7.21727,0.42336,18.483,0.42336,0,0,442.007,0,1.02816,0,0,1.59221,0.564054,1.028160,1,0,40.8158,0,0,0,40.8158,0
57.6834,2.38055,0,0,1.60368,0.0556675,0.36288,3.6288,58.6074,0.66528,0,0,0.615378,0.333491,0,0.66528,12.849,1,0.519502,0.36288,0,32.1543,6.13245,25.8652,0.84672,12.849,0.84672,3695.15,0,18.483,0,0.270605,1.99186,3.95851,1.50262,4.71836,0.42336,18.483,0.42336,0,0,442.007,0,1.02816,0,0,1.29876,0.270605,1.028160,1,0,30.5836,0,0,0,30.5836,0
56.0001,2.36355,0,0,1.15829,0.115111,0.36288,3.6288,58.1339,0.691476,0,0,0.52891,0.31096,0,0.66528,12.849,1,0.526483,0.36288,0,22.4135,5.94361,16.3063,0.84672,12.849,0.84672,3695.15,0,18.483,0,0.204422,1.99186,3.24421,1.44068,3.99981,0.42336,18.483,0.42336,0,0,442.007,0,1.00196,0,0,1.20639,0.204422,1.028160,1,0,20.3061,0,0,0,20.3061,0
54.2344,2.33883,0,0,1.06214,0.126204,0.36288,3.6288,57.6871,0.685394,0,0,0.542484,0.303878,0,0.66528,12.849,1,0.536634,0.36288,0,25.5334,5.93932,19.4203,0.84672,12.849,0.84672,3695.15,0,18.483,0,0.204422,1.99187,2.98598,1.42464,3.75763,0.42336,18.483,0.42336,0,0,442.007,0,1.00805,0,0,1.21247,0.204422,1.028160,1,0,23.1779,0,0,0,23.1779,0
53.2019,2.31184,0,0,1.77638,0.134102,0.36288,3.6288,57.2512,0.66528,0,0,0.585012,0.355591,0,0.66528,12.849,1,0.547713,0.36288,0,25.0588,6.08734,18.7866,0.84672,12.849,0.84672,3695.15,0,18.483,0,0.3705,1.99187,3.62,1.32036,4.66201,0.42336,18.483,0.42336,0,0,442.007,0,1.02816,0,0,1.39866,0.3705,1.028160,1,0,23.4486,0,0,0,23.4486,0
52.6092,2.22551,0,0,2.1665,0.170853,0.36288,3.6288,57.102,0.653923,0,0,0.86019,0.355425,0,0.66528,12.849,1,0.537491,0.36288,0,25.1964,5.85491,19.1669,0.84672,12.849,0.84672,3695.15,0,18.483,0,0.940179,1.99188,5.31675,1.27374,6.97507,0.42336,18.483,0.42336,0,0,442.007,0,1.02816,0,0,1.96834,0.940179,1.028160,1,0,26.142,0,0,0,26.142,0
51.9225,2.21627,0,0,2.06231,0.169817,0.36288,3.6288,56.93,0.653936,0,0,0.836957,0.355081,0,0.66528,12.849,1,0.541291,0.36288,0,32.0736,5.85491,26.0403,0.84672,12.849,0.84672,3695.15,0,18.483,0,0.81762,1.96225,5.26379,1.27374,6.76993,0.42336,18.483,0.42336,0,0,442.007,0,1.02816,0,0,1.84578,0.81762,1.028160,1,0,32.8102,0,0,0,32.8102,0
51.5038,2.2054,0,0,2.31819,0.168617,0.36288,3.6288,57.0205,0.653949,0,0,1.09911,0.354684,0,0.66528,12.849,1,0.545759,0.36288,0,63.5985,5.85491,57.5607,0.84672,12.849,0.84672,3695.15,0,18.483,0,1.2337,1.96227,6.99126,1.27374,8.91349,0.42336,18.483,0.42336,0,0,442.007,0,1.02816,0,0,2.26186,1.2337,1.028160,1,0,66.4742,0,0,0,66.4742,0
50.5216,2.19869,0,0,1.80293,0.223556,0.36288,3.6288,57.0102,0.653962,0,0,0.944542,0.3008,0,0.66528,12.849,1,0.548522,0.36288,0,79.0248,5.2466,73.5926,0.84672,12.849,0.84672,3695.15,0,18.483,0,0.911589,1.96229,7.07009,1.16238,8.78158,0.42336,18.483,0.42336,0,0,442.007,0,1.02816,0,0,1.93975,0.911589,1.028160,1,0,82.3742,0,0,0,82.3742,0
49.1142,2.12628,0,0,1.37644,0.29474,0.36288,3.6288,56.9875,0.576581,0,0,0.782521,0.228661,0,0.66528,12.849,1,0.540769,0.36288,0,31.3511,4.43552,26.7377,0.84672,12.849,0.84672,3695.15,0,18.483,0,0.524932,1.9623,5.94213,1.01391,7.41545,0.42336,18.483,0.42336,0,0,442.007,0,1.02816,0,0,1.55309,0.524932,1.028160,1,0,34.1532,0,0,0,34.1532,0
48.5062,2.10322,0,0,2.14855,0.290366,0.36288,3.6288,57.1074,0.576593,0,0,0.925077,0.228628,0,0.66528,12.849,1,0.550234,0.36288,0,42.013,4.43552,37.3901,0.84672,12.849,0.84672,3695.15,0,18.483,0,0.885514,1.8854,7.87444,1.01391,9.63144,0.42336,18.483,0.42336,0,0,442.007,0,1.02816,0,0,1.91367,0.885514,1.028160,1,0,47.0215,0,0,0,47.0215,0
50.9719,2.09302,0,0,5.21002,0.288463,0.36288,3.6288,58.5885,0.576606,0,0,2.28651,0.228806,0,0.66528,12.849,1,0.554428,0.36288,0,96.1216,4.43552,91.4946,0.84672,12.849,0.84672,3695.15,0,18.483,0,3.94506,1.88542,13.0556,1.01391,17.8721,0.42336,18.483,0.42336,0,0,442.007,0,1.02816,0,0,4.97322,3.94506,1.028160,1,0,109.367,0,0,0,109.367,0
52.6937,2.13354,0,0,4.51305,0.29485,0.36288,3.6288,60.4698,0.576619,0,0,2.68301,0.225109,0,0.66528,12.849,1,0.537823,0.36288,0,68.3044,4.14394,63.9855,0.84672,12.849,0.84672,3695.15,0,18.483,0,2.71254,1.88543,11.3198,0.928878,14.9889,0.42336,18.483,0.42336,0,0,442.007,0,1.02816,0,0,3.7407,2.71254,1.028160,1,0,78.9744,0,0,0,78.9744,0
57.5362,1.99773,0,0,7.47058,0.267503,0.36288,3.6288,61.308,0.415435,0,0,8.48096,0.230191,6.9971,0.66528,12.849,1,0.487132,0.36288,0,225.431,4.3529,220.954,0.84672,12.849,0.84672,3695.15,0,18.483,0,7.53829,1.88545,22.4706,1.09299,30.8013,0.42336,18.483,0.42336,0,0,442.007,0,1.02816,0,0,8.56645,7.53829,1.028160,1,0,258.753,0,0,0,258.753,0
61.3618,2.06247,0,0,6.54189,0.290887,0.36288,3.6288,61.308,0.415446,0,0,4.79275,0.24321,4.13409,0.66528,12.849,1,0.460591,0.36288,0,182.279,4.536,177.645,0.84672,12.849,0.84672,3695.15,0,18.483,0,2.88433,1.7123,17.984,1.15587,21.4247,0.42336,18.483,0.42336,0,0,442.007,0,1.02816,0,0,3.91249,2.88433,1.028160,1,0,203.204,0,0,0,203.204,0
64.0356,2.10884,0,0,5.44698,0.301413,0.36288,3.6288,61.308,0.415458,0,0,5.18889,0.24321,4.53022,0.66528,12.849,1,0.441585,0.36288,0,173.085,4.536,168.47,0.84672,12.849,0.84672,3695.15,0,18.483,0,3.00417,1.71231,17.4492,1.15587,21.0098,0.42336,18.483,0.42336,0,0,442.007,0,1.02816,0,0,4.03233,3.00417,1.028160,1,0,194.01,0,0,0,194.01,0
66.8418,2.13905,0,0,5.61229,0.304241,0.36288,3.6288,61.308,0.415469,0,0,4.76924,0.24011,4.11366,0.66528,12.849,1,0.429208,0.36288,0,142.996,4.42881,138.501,0.84672,12.849,0.84672,3695.15,0,18.483,0,2.94744,1.71233,14.3401,1.14248,17.8574,0.42336,18.483,0.42336,0,0,442.007,0,1.02816,0,0,3.9756,2.94744,1.028160,1,0,160.472,0,0,0,160.472,0
72.29,2.16898,0,0,8.38454,0.277067,0.490268,3.6288,61.308,0.415481,0,0,3.50971,0.232851,2.86137,0.66528,12.849,1,0.416943,0.490268,0,178.838,4.37472,174.536,0.84672,12.849,0.84672,3695.15,0,18.483,0,3.87499,1.71234,22.41,1.092,26.9053,0.42336,18.483,0.42336,0,0,442.007,0,1.02816,0,0,4.90315,3.87499,1.028160,1,0,204.303,0,0,0,204.303,0
72.29,2.29207,0,0,6.80395,0.284623,4.22725,3.6288,61.308,0.462167,0,0,2.81968,0.237388,2.12013,0.66528,12.849,1,0.407398,4.22725,0,204.883,4.61034,204.092,0.84672,12.849,0.84672,3695.15,0,18.483,0,5.31267,1.71235,21.9634,1.10395,27.8845,0.42336,18.483,0.42336,0,0,442.007,0,1.02816,0,0,6.34083,5.31267,1.028160,1,0,234.097,0,0,0,234.097,0
72.29,2.29207,0,0,4.89116,0.29798,2.3011,3.6288,61.308,0.462169,0,0,2.11485,0.233818,1.41886,0.66528,12.849,1,0.407399,2.3011,0,149.874,4.64832,147.119,0.84672,12.849,0.84672,3695.15,0,18.483,0,3.73592,1.76713,17.1151,1.17018,21.448,0.42336,18.483,0.42336,0,0,442.007,0,1.02816,0,0,4.76408,3.73592,1.028160,1,0,169.986,0,0,0,169.986,0
72.29,2.29208,0,0,6.81017,0.287961,4.23013,3.6288,61.308,0.46217,0,0,2.12119,0.248717,1.4103,0.66528,12.849,1,0.407399,4.23013,0,115.685,4.79686,114.711,0.84672,12.849,0.84672,3695.15,0,18.483,0,3.94858,1.76713,15.6971,1.34716,20.0656,0.42336,18.483,0.42336,0,0,442.007,0,1.02816,0,0,4.97674,3.94858,1.028160,1,0,136.187,0,0,0,136.187,0
72.29,2.29208,0,0,5.99793,0.260336,3.44552,3.6288,61.308,0.462172,0,0,2.20575,0.245837,1.49774,0.66528,12.849,1,0.4074,3.44552,0,160.813,4.40328,159.448,0.84672,12.849,0.84672,3695.15,0,18.483,0,3.98536,1.76713,16.2035,1.19553,20.7604,0.42336,18.483,0.42336,0,0,442.007,0,1.02816,0,0,5.01352,3.98536,1.028160,1,0,181.706,0,0,0,181.706,0
72.29,2.51564,0,0,6.4503,0.317919,3.61674,3.6288,61.308,0.637405,0,0,2.73877,0.218096,1.88327,0.66528,12.849,1,0.447137,3.61674,0,142.354,3.94233,141.581,0.84672,12.849,0.84672,3695.15,0,18.483,0,7.09724,1.76714,16.1767,1.04912,23.9919,0.42336,18.483,0.42336,0,0,442.007,0,1.02816,0,0,8.1254,7.09724,1.028160,1,0,167.456,0,0,0,167.456,0
72.29,2.51565,0,0,5.11061,0.317919,2.27705,3.6288,61.308,0.637406,0,0,2.15698,0.218096,1.30148,0.66528,12.849,1,0.447137,2.27705,0,180.118,3.94233,178.006,0.84672,12.849,0.84672,3695.15,0,18.483,0,4.26332,1.96258,14.8352,1.04912,20.012,0.42336,18.483,0.42336,0,0,442.007,0,1.02816,0,0,5.29148,4.26332,1.028160,1,0,199.319,0,0,0,199.319,0
72.29,2.51565,0,0,3.70609,0.321697,0.868746,3.6288,61.308,0.637408,0,0,1.60044,0.196209,0.766822,0.66528,12.849,1,0.447138,0.868746,0,116.538,3.56426,113.395,0.84672,12.849,0.84672,3695.15,0,18.483,0,1.65002,1.96258,8.17569,0.940713,10.8476,0.42336,18.483,0.42336,0,0,442.007,0,1.02816,0,0,2.67818,1.65002,1.028160,1,0,125.01,0,0,0,125.01,0
72.29,2.51565,0,0,3.73517,0.292018,0.927496,3.6288,61.308,0.63741,0,0,1.2389,0.233826,0.367662,0.66528,12.849,1,0.447138,0.927496,0,88.7043,4.25473,84.9299,0.84672,12.849,0.84672,3695.15,0,18.483,0,1.4699,1.96258,9.14829,1.01477,11.566,0.42336,18.483,0.42336,0,0,442.007,0,1.02816,0,0,2.49806,1.4699,1.028160,1,0,96.8636,0,0,0,96.8636,0
72.29,2.19678,0,0,3.40307,0.324087,0.882204,3.6288,61.308,0.402248,0,0,1.27038,0.198675,0.669459,0.66528,12.849,1,0.390461,0.882204,0,90.4643,3.81339,87.1426,0.84672,12.849,0.84672,3695.15,0,18.483,0,1.8585,1.96258,8.61572,0.968046,11.4688,0.42336,18.483,0.42336,0,0,442.007,0,1.02816,0,0,2.88666,1.8585,1.028160,1,0,99.2808,0,0,0,99.2808,0
72.29,2.19678,0,0,4.6053,0.324087,2.08443,3.6288,61.308,0.40225,0,0,1.77015,0.198675,1.16922,0.66528,12.849,1,0.390461,2.08443,0,142.063,3.81339,139.944,0.84672,12.849,0.84672,3695.15,0,18.483,0,3.23285,1.69524,10.8275,0.968046,14.7875,0.42336,18.483,0.42336,0,0,442.007,0,1.02816,0,0,4.26101,3.23285,1.028160,1,0,155.901,0,0,0,155.901,0
72.29,2.19678,0,0,5.74868,0.31999,3.23191,3.6288,61.308,0.402251,0,0,1.94119,0.164312,1.37463,0.66528,12.849,1,0.390462,3.23191,0,186.124,3.27546,185.69,0.84672,12.849,0.84672,3695.15,0,18.483,0,3.98563,1.69524,14.3904,0.875916,19.1953,0.42336,18.483,0.42336,0,0,442.007,0,1.02816,0,0,5.01379,3.98563,1.028160,1,0,206.26,0,0,0,206.26,0
72.29,2.19679,0,0,5.25785,0.319307,2.74175,3.6288,61.308,0.402253,0,0,1.65921,0.158585,1.09837,0.66528,12.849,1,0.390462,2.74175,0,208.195,3.18581,207.361,0.84672,12.849,0.84672,3695.15,0,18.483,0,3.59661,1.69524,12.9741,0.860561,17.4054,0.42336,18.483,0.42336,0,0,442.007,0,1.02816,0,0,4.62477,3.59661,1.028160,1,0,225.865,0,0,0,225.865,0
72.29,2.19679,0,0,3.3931,0.337743,0.858568,3.6288,61.308,0.402254,0,0,1.60987,0.152389,1.05523,0.66528,12.849,1,0.390463,0.858568,0,120.653,2.66777,118.454,0.84672,12.849,0.84672,3695.15,0,18.483,0,2.97612,1.69524,10.9812,0.707825,14.9447,0.42336,18.483,0.42336,0,0,442.007,0,1.02816,0,0,4.00428,2.97612,1.028160,1,0,134.454,0,0,0,134.454,0
72.29,2.27706,0,0,5.62757,0.331538,3.01897,3.6288,61.308,0.459786,0,0,2.54079,0.173708,1.9073,0.66528,12.849,1,0.40473,3.01897,0,197.694,3.30705,197.002,0.84672,12.849,0.84672,3695.15,0,18.483,0,4.20003,1.69525,15.9157,0.847569,20.9634,0.42336,18.483,0.42336,0,0,442.007,0,1.02816,0,0,5.22819,4.20003,1.028160,1,0,219.872,0,0,0,219.872,0
72.29,2.27706,0,0,3.87668,0.301943,1.29768,3.6288,61.308,0.459787,0,0,1.70022,0.167059,1.07338,0.66528,12.849,1,0.40473,1.29768,0,129.638,3.60465,126.926,0.84672,12.849,0.84672,3695.15,0,18.483,0,3.15878,1.76126,10.67,0.905364,14.6846,0.42336,18.483,0.42336,0,0,442.007,0,1.02816,0,0,4.18694,3.15878,1.028160,1,0,142.684,0,0,0,142.684,0
72.29,2.27706,0,0,3.10957,0.301943,0.530565,3.6288,61.308,0.459789,0,0,1.57403,0.167059,0.947179,0.66528,12.849,1,0.404731,0.530565,0,105.188,3.60465,101.709,0.84672,12.849,0.84672,3695.15,0,18.483,0,2.73053,1.76126,9.19166,0.905364,12.7781,0.42336,18.483,0.42336,0,0,442.007,0,1.02816,0,0,3.75869,2.73053,1.028160,1,0,115.434,0,0,0,115.434,0
72.29,2.27706,0,0,2.96139,0.30594,0.378381,3.6288,61.308,0.45979,0,0,1.49885,0.210519,0.828541,0.66528,12.849,1,0.404731,0.378381,0,89.0654,4.68717,84.3519,0.84672,12.849,0.84672,3695.15,0,18.483,0,2.41405,1.76126,8.77081,1.08641,11.8597,0.42336,18.483,0.42336,0,0,442.007,0,1.02816,0,0,3.44221,2.41405,1.028160,1,0,97.0402,0,0,0,97.0402,0
72.29,2.24568,0,0,2.94074,0.253954,0.441107,3.6288,61.308,0.437448,0,0,1.23839,0.226135,0.574806,0.66528,12.849,1,0.399153,0.441107,0,88.3241,4.59576,83.7703,0.84672,12.849,0.84672,3695.15,0,18.483,0,1.90898,1.76126,7.89342,1.11825,10.4454,0.42336,18.483,0.42336,0,0,442.007,0,1.02816,0,0,2.93714,1.90898,1.028160,1,0,94.7905,0,0,0,94.7905,0
72.1008,2.24569,0,0,2.65132,0.23196,0.36288,3.6288,61.308,0.437449,0,0,1.38866,0.219344,0.731862,0.66528,12.849,1,0.399154,0.36288,0,74.85,4.23444,70.5793,0.84672,12.849,0.84672,3695.15,0,18.483,0,1.59555,1.73557,7.53252,1.07667,9.78697,0.42336,18.483,0.42336,0,0,442.007,0,1.02816,0,0,2.62371,1.59555,1.028160,1,0,81.0982,0,0,0,81.0982,0
71.7972,2.24391,0,0,2.53484,0.231627,0.36288,3.6288,61.308,0.437451,0,0,1.21416,0.219344,0.557367,0.66528,12.849,1,0.399884,0.36288,0,64.9668,4.23444,60.6953,0.84672,12.849,0.84672,3695.15,0,18.483,0,1.3618,1.73557,7.03642,1.07667,9.05712,0.42336,18.483,0.42336,0,0,442.007,0,1.02816,0,0,2.38996,1.3618,1.028160,1,0,70.3098,0,0,0,70.3098,0
71.2803,2.24104,0,0,2.31949,0.232488,0.36288,3.6288,61.308,0.437453,0,0,1.16492,0.202818,0.524652,0.66528,12.849,1,0.401062,0.36288,0,63.1204,4.1073,58.9749,0.84672,12.849,0.84672,3695.15,0,18.483,0,1.28147,1.73557,6.75501,1.02916,8.74289,0.42336,18.483,0.42336,0,0,442.007,0,1.02816,0,0,2.30963,1.28147,1.028160,1,0,68.2424,0,0,0,68.2424,0
70.6563,2.34219,0,0,2.2635,0.182424,0.36288,3.6288,61.308,0.516693,0,0,1.04295,0.24652,0.279739,0.66528,12.849,1,0.422204,0.36288,0,62.4997,4.51689,57.9235,0.84672,12.849,0.84672,3695.15,0,18.483,0,1.13149,1.73558,6.20633,1.08232,7.99107,0.42336,18.483,0.42336,0,0,442.007,0,1.02816,0,0,2.15965,1.13149,1.028160,1,0,66.1943,0,0,0,66.1943,0
69.9706,2.33589,0,0,2.1946,0.181553,0.36288,3.6288,61.308,0.516695,0,0,0.953761,0.24652,0.190546,0.66528,12.849,1,0.424787,0.36288,0,57.4577,4.51689,52.8789,0.84672,12.849,0.84672,3695.15,0,18.483,0,0.89246,1.82541,5.77265,1.08232,7.4082,0.42336,18.483,0.42336,0,0,442.007,0,1.02816,0,0,1.92062,0.89246,1.028160,1,0,60.4777,0,0,0,60.4777,0
69.0796,2.32888,0,0,1.95314,0.152311,0.36288,3.6288,61.308,0.516696,0,0,0.905299,0.265407,0.123196,0.66528,12.849,1,0.427663,0.36288,0,50.8311,4.73109,46.0352,0.84672,12.849,0.84672,3695.15,0,18.483,0,0.811685,1.82542,5.61551,1.13705,7.11556,0.42336,18.483,0.42336,0,0,442.007,0,1.02816,0,0,1.83984,0.811685,1.028160,1,0,53.274,0,0,0,53.274,0
68.1161,2.31963,0,0,1.84918,0.130195,0.36288,3.6288,61.308,0.516698,0,0,0.86756,0.279572,0.07129,0.66528,12.849,1,0.431458,0.36288,0,48.4339,4.89174,43.4736,0.84672,12.849,0.84672,3695.15,0,18.483,0,0.703011,1.82542,5.55356,1.1781,6.90389,0.42336,18.483,0.42336,0,0,442.007,0,1.02816,0,0,1.73117,0.703011,1.028160,1,0,50.4488,0,0,0,50.4488,0
68.5096,2.30944,0,0,3.1868,0.120985,0.36288,3.6288,61.308,0.516699,0,0,1.18046,0.29934,0.364418,0.66528,12.849,1,0.435639,0.36288,0,65.155,5.12646,59.9558,0.84672,12.849,0.84672,3695.15,0,18.483,0,1.27195,1.82542,7.53212,1.20721,9.42228,0.42336,18.483,0.42336,0,0,442.007,0,1.02816,0,0,2.30011,1.27195,1.028160,1,0,69.7425,0,0,0,69.7425,0
69.0086,2.29291,0,0,3.27478,0.119981,0.36288,3.6288,61.308,0.560252,0,0,1.1947,0.302635,0.331818,0.66528,12.849,1,0.430036,0.36288,0,65.7245,5.16558,60.4917,0.84672,12.849,0.84672,3695.15,0,18.483,0,1.35289,1.82542,7.49356,1.21206,9.45981,0.42336,18.483,0.42336,0,0,442.007,0,1.02816,0,0,2.38105,1.35289,1.028160,1,0,70.2834,0,0,0,70.2834,0
69.3583,2.29813,0,0,3.10428,0.0935507,0.36288,3.6288,61.308,0.560254,0,0,1.13867,0.345681,0.23274,0.66528,12.849,1,0.427898,0.36288,0,61.7597,5.93665,55.758,0.84672,12.849,0.84672,3695.15,0,18.483,0,1.37007,1.85341,7.31497,1.44207,9.09638,0.42336,18.483,0.42336,0,0,442.007,0,1.02816,0,0,2.39823,1.37007,1.028160,1,0,65.0871,0,0,0,65.0871,0
69.4411,2.30175,0,0,2.84894,0.101513,0.36288,3.6288,61.308,0.560256,0,0,1.12222,0.330534,0.231425,0.66528,12.849,1,0.426412,0.36288,0,61.7757,5.95129,55.7609,0.84672,12.849,0.84672,3695.15,0,18.483,0,1.33844,1.85341,7.04868,1.40576,8.83478,0.42336,18.483,0.42336,0,0,442.007,0,1.02816,0,0,2.3666,1.33844,1.028160,1,0,64.8271,0,0,0,64.8271,0
69.3543,2.30261,0,0,2.67356,0.0948889,0.36288,3.6288,61.308,0.560257,0,0,1.00838,0.333243,0.114883,0.66528,12.849,1,0.426062,0.36288,0,52.4191,5.94518,46.4108,0.84672,12.849,0.84672,3695.15,0,18.483,0,0.952482,1.85342,5.86788,1.43298,7.2408,0.42336,18.483,0.42336,0,0,442.007,0,1.02816,0,0,1.98064,0.952482,1.028160,1,0,53.7665,0,0,0,53.7665,0
69.563,2.35544,0,0,3.01294,0.0859113,0.36288,3.6288,61.308,0.599073,0,0,1.24143,0.336854,0.305503,0.66528,12.849,1,0.436382,0.36288,0,65.2236,5.93702,59.2131,0.84672,12.849,0.84672,3695.15,0,18.483,0,1.03251,1.85342,6.0819,1.46928,7.49855,0.42336,18.483,0.42336,0,0,442.007,0,1.02816,0,0,2.06067,1.03251,1.028160,1,0,67.0172,0,0,0,67.0172,0
69.4989,2.35764,0,0,2.74247,0.0860504,0.36288,3.6288,61.308,0.599075,0,0,1.02392,0.336854,0.0879891,0.66528,12.849,1,0.43548,0.36288,0,52.5343,5.93702,46.5247,0.84672,12.849,0.84672,3695.15,0,18.483,0,1.07704,1.89802,5.65136,1.46928,7.15714,0.42336,18.483,0.42336,0,0,442.007,0,1.02816,0,0,2.1052,1.07704,1.028160,1,0,53.7698,0,0,0,53.7698,0
69.1873,2.35697,0,0,2.49426,0.0860077,0.36288,3.6288,61.308,0.599076,0,0,0.95358,0.336854,0.0176492,0.66528,12.849,1,0.435757,0.36288,0,48.9738,5.93702,42.9639,0.84672,12.849,0.84672,3695.15,0,18.483,0,0.748898,1.89802,5.03649,1.46928,6.21413,0.42336,18.483,0.42336,0,0,442.007,0,1.02816,0,0,1.77706,0.748898,1.028160,1,0,49.1957,0,0,0,49.1957,0
69.1085,2.35368,0,0,2.71623,0.0785085,0.36288,3.6288,61.308,0.599078,0,0,1.12558,0.335054,0.191444,0.66528,12.849,1,0.437108,0.36288,0,49.2054,6.04515,43.086,0.84672,12.849,0.84672,3695.15,0,18.483,0,1.21129,1.89803,7.12118,1.49519,8.73531,0.42336,18.483,0.42336,0,0,442.007,0,1.02816,0,0,2.23945,1.21129,1.028160,1,0,52.0128,0,0,0,52.0128,0
68.8849,2.50998,0,0,2.75422,0.104987,0.36288,3.6288,61.308,0.66528,0,0,1.00637,0.271366,0.0697235,0.66528,12.849,1,0.466668,0.36288,0,45.0411,4.9225,40.0148,0.84672,12.849,0.84672,3695.15,0,18.483,0,0.987466,1.89803,6.93611,1.24907,8.57254,0.42336,18.483,0.42336,0,0,442.007,0,1.02816,0,0,2.01563,0.987466,1.028160,1,0,48.6571,0,0,0,48.6571,0
68.3275,2.50744,0,0,2.41777,0.104804,0.36288,3.6288,61.308,0.66528,0,0,1.00884,0.271366,0.0721945,0.66528,12.849,1,0.467709,0.36288,0,42.5011,4.9225,37.4738,0.84672,12.849,0.84672,3695.15,0,18.483,0,0.922614,1.99197,5.09884,1.24907,6.76436,0.42336,18.483,0.42336,0,0,442.007,0,1.02816,0,0,1.95077,0.922614,1.028160,1,0,44.3103,0,0,0,44.3103,0
67.2705,2.50106,0,0,1.92586,0.118953,0.36288,3.6288,61.2469,0.66528,0,0,0.875742,0.27161,0,0.66528,12.849,1,0.470325,0.36288,0,40.512,4.9891,35.4155,0.84672,12.849,0.84672,3695.15,0,18.483,0,0.749883,1.99198,4.53077,1.23603,6.03661,0.42336,18.483,0.42336,0,0,442.007,0,1.02816,0,0,1.77804,0.749883,1.028160,1,0,41.4521,0,0,0,41.4521,0
66.4921,2.48877,0,0,2.19359,0.120383,0.36288,3.6288,61.2636,0.66528,0,0,0.95358,0.271545,0,0.66528,12.849,1,0.475368,0.36288,0,35.1073,5.00021,29.9946,0.84672,12.849,0.84672,3695.15,0,18.483,0,0.832455,1.99198,4.61846,1.23385,6.20904,0.42336,18.483,0.42336,0,0,442.007,0,1.02816,0,0,1.86062,0.832455,1.028160,1,0,36.2036,0,0,0,36.2036,0
65.3768,2.47955,0,0,1.9125,0.185356,0.36288,3.6288,61.308,0.66528,0,0,1.46436,0.192817,0.561868,0.66528,12.849,1,0.479151,0.36288,0,32.6123,3.88563,28.6104,0.84672,12.849,0.84672,3695.15,0,18.483,0,2.21676,1.99198,6.49445,0.819526,9.88366,0.42336,18.483,0.42336,0,0,442.007,0,1.02816,0,0,3.24492,2.21676,1.028160,1,0,39.0559,0,0,0,39.0559,0
64.9399,2.39084,0,0,2.52662,0.209768,0.36288,3.6288,61.308,0.654153,0,0,1.25403,0.16136,0.438514,0.66528,12.849,1,0.469889,0.36288,0,76.0471,3.4398,72.5003,0.84672,12.849,0.84672,3695.15,0,18.483,0,1.36794,1.99198,7.11711,0.653796,9.82323,0.42336,18.483,0.42336,0,0,442.007,0,1.02816,0,0,2.3961,1.36794,1.028160,1,0,82.7621,0,0,0,82.7621,0
63.8418,2.38564,0,0,1.85947,0.209034,0.36288,3.6288,61.308,0.654154,0,0,1.01406,0.16136,0.198545,0.66528,12.849,1,0.472022,0.36288,0,38.6225,3.4398,35.0736,0.84672,12.849,0.84672,3695.15,0,18.483,0,1.21363,1.96252,5.49258,0.653796,8.01493,0.42336,18.483,0.42336,0,0,442.007,0,1.02816,0,0,2.24179,1.21363,1.028160,1,0,43.2871,0,0,0,43.2871,0
62.6276,2.37236,0,0,1.72822,0.20719,0.36288,3.6288,61.308,0.654156,0,0,1.02361,0.16136,0.208091,0.66528,12.849,1,0.477469,0.36288,0,28.5712,3.4398,25.0168,0.84672,12.849,0.84672,3695.15,0,18.483,0,1.24589,1.96253,5.20677,0.653796,7.76138,0.42336,18.483,0.42336,0,0,442.007,0,1.02816,0,0,2.27405,1.24589,1.028160,1,0,32.9863,0,0,0,32.9863,0
61.201,2.35732,0,0,1.55856,0.265015,0.36288,3.6288,61.308,0.654158,0,0,0.94045,0.153624,0.132668,0.66528,12.849,1,0.483639,0.36288,0,29.6907,3.0278,26.5421,0.84672,12.849,0.84672,3695.15,0,18.483,0,0.703616,1.96253,5.38509,0.636706,7.41452,0.42336,18.483,0.42336,0,0,442.007,0,1.02816,0,0,1.73178,0.703616,1.028160,1,0,34.0893,0,0,0,34.0893,0
59.2338,2.27871,0,0,0.925428,0.251026,0.36288,3.6288,61.1219,0.586333,0,0,0.635805,0.23561,0,0.66528,12.849,1,0.47841,0.36288,0,29.3242,4.29114,24.9176,0.84672,12.849,0.84672,3695.15,0,18.483,0,0.216518,1.96253,4.92399,1.11235,5.99069,0.42336,18.483,0.42336,0,0,442.007,0,1.01858,0,0,1.2351,0.216518,1.028160,1,0,30.9083,0,0,0,30.9083,0
57.4611,2.25338,0,0,1.0902,0.246616,0.36288,3.6288,60.4279,0.944995,0,0,0.486394,0.235333,0,0.66528,12.849,1,0.488803,0.36288,0,33.956,4.29114,29.5389,0.84672,12.849,0.84672,3695.15,0,18.483,0,0.216518,1.88561,5.11768,1.11235,6.10746,0.42336,18.483,0.42336,0,0,442.007,0,0.659923,0,0,0.876442,0.216518,1.028160,1,0,35.6464,0,0,0,35.6464,0
57.8557,2.22958,0,0,3.22942,0.242404,0.36288,3.6288,61.2174,0.57676,0,0,1.60053,0.234299,0,0.66528,12.849,1,0.498562,0.36288,0,63.8282,4.29114,59.4014,0.84672,12.849,0.84672,3695.15,0,18.483,0,2.07084,1.88561,9.01402,1.11235,11.8581,0.42336,18.483,0.42336,0,0,442.007,0,1.02816,0,0,3.099,2.07084,1.028160,1,0,71.2595,0,0,0,71.2595,0
57.5469,2.23496,0,0,2.5386,0.249535,0.36288,3.6288,61.308,0.576761,0,0,1.23729,0.237787,0.332139,0.66528,12.849,1,0.496357,0.36288,0,72.1005,4.22973,67.7373,0.84672,12.849,0.84672,3695.15,0,18.483,0,1.77652,1.88561,8.6136,1.09113,11.1846,0.42336,18.483,0.42336,0,0,442.007,0,1.02816,0,0,2.80468,1.77652,1.028160,1,0,79.2541,0,0,0,79.2541,0
56.6406,2.06276,0,0,1.78807,0.268758,0.36288,3.6288,61.308,0.415554,0,0,1.35638,0.207775,0.733056,0.66528,12.849,1,0.46057,0.36288,0,40.5944,4.52224,35.9745,0.84672,12.849,0.84672,3695.15,0,18.483,0,0.421148,1.88561,5.21229,1.16364,6.35541,0.42336,18.483,0.42336,0,0,442.007,0,1.02816,0,0,1.44931,0.421148,1.028160,1,0,43.063,0,0,0,43.063,0
56.3472,2.05119,0,0,2.38713,0.266373,0.36288,3.6288,61.308,0.415555,0,0,1.9757,0.207775,1.35237,0.66528,12.849,1,0.465316,0.36288,0,82.1534,4.52224,77.5288,0.84672,12.849,0.84672,3695.15,0,18.483,0,1.01258,1.71244,8.72865,1.16364,10.29,0.42336,18.483,0.42336,0,0,442.007,0,1.02816,0,0,2.04074,1.01258,1.028160,1,0,89.1712,0,0,0,89.1712,0
57.163,2.0474,0,0,3.49161,0.265601,0.36288,3.6288,61.308,0.415557,0,0,2.18358,0.207775,1.56025,0.66528,12.849,1,0.466873,0.36288,0,120.117,4.52224,115.491,0.84672,12.849,0.84672,3695.15,0,18.483,0,1.32621,1.71244,11.1422,1.16364,13.0173,0.42336,18.483,0.42336,0,0,442.007,0,1.02816,0,0,2.35437,1.32621,1.028160,1,0,130.068,0,0,0,130.068,0
62.956,2.05789,0,0,8.47545,0.261605,0.36288,3.6288,61.308,0.415559,0,0,4.74663,0.230362,4.10071,0.66528,12.849,1,0.46257,0.36288,0,223.335,4.41062,218.825,0.84672,12.849,0.84672,3695.15,0,18.483,0,6.57694,1.71244,27.6896,1.24985,34.7291,0.42336,18.483,0.42336,0,0,442.007,0,1.02816,0,0,7.6051,6.57694,1.028160,1,0,257.655,0,0,0,257.655,0
65.2685,2.1272,0,0,5.09333,0.29085,0.36288,3.6288,61.308,0.41556,0,0,2.62457,0.191594,2.01742,0.66528,12.849,1,0.43415,0.36288,0,148.805,4.15849,144.575,0.84672,12.849,0.84672,3695.15,0,18.483,0,3.16545,1.71245,11.7799,1.14439,15.5134,0.42336,18.483,0.42336,0,0,442.007,0,1.02816,0,0,4.19361,3.16545,1.028160,1,0,162.106,0,0,0,162.106,0
72.1212,2.21997,0,0,9.73839,0.302778,0.36288,3.6288,61.308,0.462239,0,0,5.12332,0.18905,4.47203,0.66528,12.849,1,0.437032,0.36288,0,214.504,4.26226,210.168,0.84672,12.849,0.84672,3695.15,0,18.483,0,4.99695,1.71245,18.0531,1.11892,23.6436,0.42336,18.483,0.42336,0,0,442.007,0,1.02816,0,0,6.02511,4.99695,1.028160,1,0,238.284,0,0,0,238.284,0
72.29,2.29055,0,0,6.53604,0.319407,3.7573,3.6288,61.308,0.46223,0,0,4.24383,0.18905,3.59255,0.66528,12.849,1,0.40808,3.7573,0,177.403,4.26226,176.489,0.84672,12.849,0.84672,3695.15,0,18.483,0,3.25318,1.76722,11.4633,1.11892,15.3648,0.42336,18.483,0.42336,0,0,442.007,0,1.02816,0,0,4.28134,3.25318,1.028160,1,0,195.447,0,0,0,195.447,0
72.29,2.29216,0,0,6.60709,0.319817,3.99512,3.6288,61.308,0.462222,0,0,4.61715,0.18905,3.96587,0.66528,12.849,1,0.407413,3.99512,0,185.331,4.26226,184.656,0.84672,12.849,0.84672,3695.15,0,18.483,0,3.84392,1.7672,11.6189,1.11892,16.1111,0.42336,18.483,0.42336,0,0,442.007,0,1.02816,0,0,4.87208,3.84392,1.028160,1,0,204.733,0,0,0,204.733,0
72.29,2.29214,0,0,5.61458,0.337703,2.98474,3.6288,61.308,0.462213,0,0,3.45422,0.133284,2.85872,0.66528,12.849,1,0.407411,2.98474,0,210.854,3.75118,209.68,0.84672,12.849,0.84672,3695.15,0,18.483,0,2.58171,1.76719,9.18406,0.79406,12.7389,0.42336,18.483,0.42336,0,0,442.007,0,1.02816,0,0,3.60987,2.58171,1.028160,1,0,225.278,0,0,0,225.278,0
72.29,2.5157,0,0,4.34277,0.362102,1.46497,3.6288,61.308,0.63744,0,0,2.88321,0.216696,2.02907,0.66528,12.849,1,0.447146,1.46497,0,136.772,4.97852,132.811,0.84672,12.849,0.84672,3695.15,0,18.483,0,3.06825,1.76718,9.82299,1.19185,13.4666,0.42336,18.483,0.42336,0,0,442.007,0,1.02816,0,0,4.09641,3.06825,1.028160,1,0,148.307,0,0,0,148.307,0
72.29,2.51568,0,0,5.9105,0.373701,3.02112,3.6288,61.308,0.63743,0,0,3.23382,0.20454,2.39185,0.66528,12.849,1,0.447144,3.02112,0,158.487,4.74348,156.317,0.84672,12.849,0.84672,3695.15,0,18.483,0,3.62367,1.96262,10.6443,1.13215,15.0984,0.42336,18.483,0.42336,0,0,442.007,0,1.02816,0,0,4.65183,3.62367,1.028160,1,0,173.808,0,0,0,173.808,0
72.29,2.51567,0,0,8.07234,0.373701,5.18297,3.6288,61.308,0.637421,0,0,5.2528,0.20454,4.41084,0.66528,12.849,1,0.447141,5.18297,0,189.275,4.74348,189.267,0.84672,12.849,0.84672,3695.15,0,18.483,0,5.27723,1.96261,14.1766,1.13215,20.2843,0.42336,18.483,0.42336,0,0,442.007,0,1.02816,0,0,6.30539,5.27723,1.028160,1,0,213.962,0,0,0,213.962,0
72.29,2.51565,0,0,10.8485,0.366827,7.96599,3.6288,61.308,0.637411,0,0,5.58217,0.196596,4.74817,0.66528,12.849,1,0.447139,7.96599,0,290.126,4.53576,293.109,0.84672,12.849,0.84672,3695.15,0,18.483,0,5.53502,1.96259,15.3149,1.0697,21.7428,0.42336,18.483,0.42336,0,0,442.007,0,1.02816,0,0,6.56318,5.53502,1.028160,1,0,319.6,0,0,0,319.6,0
72.29,2.19677,0,0,8.2944,0.315001,5.78263,3.6288,61.308,0.402239,0,0,3.7743,0.210217,3.16184,0.66528,12.849,1,0.390459,5.78263,0,210.347,4.34805,211.391,0.84672,12.849,0.84672,3695.15,0,18.483,0,4.29303,1.96258,14.6606,0.998504,19.9177,0.42336,18.483,0.42336,0,0,442.007,0,1.02816,0,0,5.32119,4.29303,1.028160,1,0,234.471,0,0,0,234.471,0
72.29,2.19675,0,0,9.28809,0.315001,6.77633,3.6288,61.308,0.402231,0,0,4.34017,0.210217,3.72773,0.66528,12.849,1,0.390456,6.77633,0,276.577,4.34805,278.615,0.84672,12.849,0.84672,3695.15,0,18.483,0,5.11923,1.69523,17.5535,0.998504,23.3695,0.42336,18.483,0.42336,0,0,442.007,0,1.02816,0,0,6.14739,5.11923,1.028160,1,0,305.712,0,0,0,305.712,0
72.29,2.19674,0,0,8.33492,0.269688,5.86849,3.6288,61.308,0.402223,0,0,3.81093,0.186152,3.22256,0.66528,12.849,1,0.390454,5.86849,0,253.289,3.99927,254.768,0.84672,12.849,0.84672,3695.15,0,18.483,0,5.44971,1.69522,15.6721,0.948402,21.8686,0.42336,18.483,0.42336,0,0,442.007,0,1.02816,0,0,6.47787,5.44971,1.028160,1,0,279.859,0,0,0,279.859,0
72.29,2.19673,0,0,9.6063,0.268812,7.14076,3.6288,61.308,0.402215,0,0,2.84335,0.239466,2.20167,0.66528,12.849,1,0.390452,7.14076,0,206.194,4.67748,208.266,0.84672,12.849,0.84672,3695.15,0,18.483,0,4.35046,1.69521,16.2545,1.16728,21.1329,0.42336,18.483,0.42336,0,0,442.007,0,1.02816,0,0,5.37862,4.35046,1.028160,1,0,231.601,0,0,0,231.601,0
72.29,2.19672,0,0,9.13144,0.280858,6.65387,3.6288,61.308,0.402207,0,0,2.5396,0.228233,1.90916,0.66528,12.849,1,0.39045,6.65387,0,238.805,4.22212,240.847,0.84672,12.849,0.84672,3695.15,0,18.483,0,4.85223,1.6952,16.3938,1.00077,21.9405,0.42336,18.483,0.42336,0,0,442.007,0,1.02816,0,0,5.88039,4.85223,1.028160,1,0,264.696,0,0,0,264.696,0
72.29,2.27697,0,0,7.7938,0.286723,5.23011,3.6288,61.308,0.459726,0,0,3.45112,0.215691,2.7757,0.66528,12.849,1,0.404714,5.23011,0,186.987,3.93845,187.874,0.84672,12.849,0.84672,3695.15,0,18.483,0,6.21691,1.69519,13.9783,0.900148,20.9903,0.42336,18.483,0.42336,0,0,442.007,0,1.02816,0,0,7.24507,6.21691,1.028160,1,0,211.64,0,0,0,211.64,0
72.29,2.27695,0,0,7.29708,0.286723,4.73341,3.6288,61.308,0.459717,0,0,4.64876,0.215691,3.97335,0.66528,12.849,1,0.404711,4.73341,0,210.882,3.93845,211.272,0.84672,12.849,0.84672,3695.15,0,18.483,0,8.93022,1.76119,16.3367,0.900148,26.1279,0.42336,18.483,0.42336,0,0,442.007,0,1.02816,0,0,9.95838,8.93022,1.028160,1,0,241.373,0,0,0,241.373,0
72.29,2.27694,0,0,6.19646,0.268867,3.65065,3.6288,61.308,0.459709,0,0,1.82792,0.225206,1.14301,0.66528,12.849,1,0.404709,3.65065,0,156.387,4.05478,155.579,0.84672,12.849,0.84672,3695.15,0,18.483,0,4.17776,1.76118,11.893,0.923048,16.9089,0.42336,18.483,0.42336,0,0,442.007,0,1.02816,0,0,5.20592,4.17776,1.028160,1,0,173.631,0,0,0,173.631,0
72.29,2.27693,0,0,6.99868,0.254598,4.46715,3.6288,61.308,0.4597,0,0,2.00184,0.235836,1.30631,0.66528,12.849,1,0.404707,4.46715,0,160.548,4.44157,160.169,0.84672,12.849,0.84672,3695.15,0,18.483,0,4.60531,1.76117,11.3397,1.02469,16.6815,0.42336,18.483,0.42336,0,0,442.007,0,1.02816,0,0,5.63347,4.60531,1.028160,1,0,178.157,0,0,0,178.157,0
72.29,2.24553,0,0,4.96597,0.236679,2.48376,3.6288,61.308,0.437349,0,0,1.48109,0.21425,0.829487,0.66528,12.849,1,0.399126,2.48376,0,133.22,3.97362,131.331,0.84672,12.849,0.84672,3695.15,0,18.483,0,2.94664,1.76116,7.34651,0.981712,11.0726,0.42336,18.483,0.42336,0,0,442.007,0,1.02816,0,0,3.9748,2.94664,1.028160,1,0,143.233,0,0,0,143.233,0
72.29,2.24552,0,0,4.3705,0.236679,1.8883,3.6288,61.308,0.437341,0,0,1.65004,0.21425,0.99845,0.66528,12.849,1,0.399124,1.8883,0,108.293,3.97362,105.808,0.84672,12.849,0.84672,3695.15,0,18.483,0,3.27626,1.73545,7.87182,0.981712,11.9018,0.42336,18.483,0.42336,0,0,442.007,0,1.02816,0,0,4.30442,3.27626,1.028160,1,0,118.709,0,0,0,118.709,0
72.29,2.24551,0,0,5.28422,0.236679,2.80203,3.6288,61.308,0.437332,0,0,1.90183,0.21425,1.25025,0.66528,12.849,1,0.399122,2.80203,0,130.423,3.97362,128.853,0.84672,12.849,0.84672,3695.15,0,18.483,0,3.85991,1.73544,9.93894,0.981712,14.5526,0.42336,18.483,0.42336,0,0,442.007,0,1.02816,0,0,4.88807,3.85991,1.028160,1,0,144.655,0,0,0,144.655,0
72.29,2.24549,0,0,3.93774,0.198347,1.4939,3.6288,61.308,0.437324,0,0,1.68477,0.189383,1.05807,0.66528,12.849,1,0.39912,1.4939,0,103.245,3.96364,100.377,0.84672,12.849,0.84672,3695.15,0,18.483,0,3.35269,1.73543,7.57184,1.07822,11.5817,0.42336,18.483,0.42336,0,0,442.007,0,1.02816,0,0,4.38085,3.35269,1.028160,1,0,113.016,0,0,0,113.016,0
72.29,2.352,0,0,4.28702,0.165844,1.76918,3.6288,61.308,0.516547,0,0,1.3044,0.237576,0.550276,0.66528,12.849,1,0.41805,1.76918,0,96.5503,4.46586,93.4355,0.84672,12.849,0.84672,3695.15,0,18.483,0,2.72998,1.73542,7.18124,1.02828,10.6184,0.42336,18.483,0.42336,0,0,442.007,0,1.02816,0,0,3.75814,2.72998,1.028160,1,0,104.604,0,0,0,104.604,0
72.29,2.35199,0,0,3.95192,0.165844,1.43409,3.6288,61.308,0.516538,0,0,1.44944,0.237576,0.695324,0.66528,12.849,1,0.418048,1.43409,0,70.8506,4.46586,67.4008,0.84672,12.849,0.84672,3695.15,0,18.483,0,2.62947,1.82524,6.72417,1.02828,10.1506,0.42336,18.483,0.42336,0,0,442.007,0,1.02816,0,0,3.65763,2.62947,1.028160,1,0,78.2467,0,0,0,78.2467,0
72.29,2.35197,0,0,3.69175,0.165844,1.17393,3.6288,61.308,0.516529,0,0,1.17605,0.237576,0.421946,0.66528,12.849,1,0.418045,1.17393,0,71.9194,4.46586,68.2094,0.84672,12.849,0.84672,3695.15,0,18.483,0,1.65214,1.82523,5.92891,1.02828,8.378,0.42336,18.483,0.42336,0,0,442.007,0,1.02816,0,0,2.6803,1.65214,1.028160,1,0,77.0093,0,0,0,77.0093,0
72.29,2.35196,0,0,3.28848,0.143229,0.793291,3.6288,61.308,0.51652,0,0,1.07284,0.23895,0.317367,0.66528,12.849,1,0.418043,0.793291,0,72.3211,4.68496,68.0114,0.84672,12.849,0.84672,3695.15,0,18.483,0,1.61385,1.82522,5.80849,1.11078,8.13678,0.42336,18.483,0.42336,0,0,442.007,0,1.02816,0,0,2.64201,1.61385,1.028160,1,0,76.4655,0,0,0,76.4655,0
72.29,2.35195,0,0,2.99143,0.118386,0.521095,3.6288,61.308,0.516511,0,0,1.0651,0.273142,0.275452,0.66528,12.849,1,0.418041,0.521095,0,56.4368,5.11758,51.4223,0.84672,12.849,0.84672,3695.15,0,18.483,0,1.63299,1.82521,4.62581,1.25607,6.82795,0.42336,18.483,0.42336,0,0,442.007,0,1.02816,0,0,2.66115,1.63299,1.028160,1,0,58.5257,0,0,0,58.5257,0
72.1671,2.33087,0,0,2.69132,0.12051,0.36288,3.6288,61.308,0.560048,0,0,0.998542,0.286085,0.152409,0.66528,12.849,1,0.414294,0.36288,0,63.5245,5.17377,58.2993,0.84672,12.849,0.84672,3695.15,0,18.483,0,1.73156,1.8252,4.68523,1.27018,6.97181,0.42336,18.483,0.42336,0,0,442.007,0,1.02816,0,0,2.75972,1.73156,1.028160,1,0,65.4235,0,0,0,65.4235,0
71.7401,2.32965,0,0,2.386,0.120398,0.36288,3.6288,61.308,0.560039,0,0,0.886499,0.286085,0.0403749,0.66528,12.849,1,0.414784,0.36288,0,69.4604,5.17377,64.2347,0.84672,12.849,0.84672,3695.15,0,18.483,0,1.53038,1.85317,4.83403,1.27018,6.9474,0.42336,18.483,0.42336,0,0,442.007,0,1.02816,0,0,2.55854,1.53038,1.028160,1,0,71.2225,0,0,0,71.2225,0
71.1614,2.32545,0,0,2.22958,0.120007,0.36288,3.6288,61.308,0.56003,0,0,0.848819,0.286085,0.00270498,0.66528,12.849,1,0.416499,0.36288,0,64.5555,5.17377,59.3281,0.84672,12.849,0.84672,3695.15,0,18.483,0,1.47252,1.85316,4.52637,1.27018,6.58188,0.42336,18.483,0.42336,0,0,442.007,0,1.02816,0,0,2.50068,1.47252,1.028160,1,0,65.9127,0,0,0,65.9127,0
70.3712,2.3197,0,0,1.99714,0.104732,0.36288,3.6288,61.1926,0.560021,0,0,0.749658,0.305004,0,0.66528,12.849,1,0.418849,0.36288,0,55.73,5.50351,50.1705,0.84672,12.849,0.84672,3695.15,0,18.483,0,1.11395,1.85315,4.10492,1.36572,5.70629,0.42336,18.483,0.42336,0,0,442.007,0,1.02816,0,0,2.14211,1.11395,1.028160,1,0,55.8768,0,0,0,55.8768,0
69.5232,2.36571,0,0,1.96458,0.0839576,0.36288,3.6288,61.0973,0.598819,0,0,0.828325,0.324861,0,0.66528,12.849,1,0.431952,0.36288,0,54.2494,5.94783,48.2324,0.84672,12.849,0.84672,3695.15,0,18.483,0,0.885367,1.85314,3.73479,1.47596,4.99733,0.42336,18.483,0.42336,0,0,442.007,0,1.02816,0,0,1.91353,0.885367,1.028160,1,0,53.2298,0,0,0,53.2298,0
68.5494,2.35684,0,0,1.82927,0.0834095,0.36288,3.6288,60.8924,0.59881,0,0,0.718623,0.324665,0,0.66528,12.849,1,0.435581,0.36288,0,45.9346,5.94783,39.914,0.84672,12.849,0.84672,3695.15,0,18.483,0,1.04028,1.89773,3.76922,1.47596,5.23126,0.42336,18.483,0.42336,0,0,442.007,0,1.02816,0,0,2.06844,1.04028,1.028160,1,0,45.1453,0,0,0,45.1453,0
67.4485,2.34647,0,0,1.69127,0.0827799,0.36288,3.6288,60.6358,0.598801,0,0,0.66642,0.324244,0,0.66528,12.849,1,0.439825,0.36288,0,44.0472,5.94783,38.0224,0.84672,12.849,0.84672,3695.15,0,18.483,0,0.788555,1.89772,3.2773,1.47596,4.48761,0.42336,18.483,0.42336,0,0,442.007,0,1.02816,0,0,1.81672,0.788555,1.028160,1,0,42.51,0,0,0,42.51,0
66.4026,2.3345,0,0,1.72885,0.0773474,0.36288,3.6288,60.4508,0.598791,0,0,0.740076,0.326295,0,0.66528,12.849,1,0.444725,0.36288,0,41.8933,6.0226,35.7888,0.84672,12.849,0.84672,3695.15,0,18.483,0,1.03372,1.89771,4.05377,1.4909,5.49428,0.42336,18.483,0.42336,0,0,442.007,0,1.02816,0,0,2.06188,1.03372,1.028160,1,0,41.2831,0,0,0,41.2831,0
64.7869,2.47802,0,0,1.28918,0.0639733,0.36288,3.6288,60.166,0.66528,0,0,0.691511,0.311013,0,0.66528,12.849,1,0.4795,0.36288,0,34.2035,5.47756,28.6093,0.84672,12.849,0.84672,3695.15,0,18.483,0,0.950953,1.89769,3.5596,1.46193,4.94632,0.42336,18.483,0.42336,0,0,442.007,0,1.02816,0,0,1.97911,0.950953,1.028160,1,0,33.5556,0,0,0,33.5556,0
63.0383,2.45835,0,0,1.13828,0.0656787,0.36288,3.6288,59.8223,0.66528,0,0,0.626962,0.3054,0,0.66528,12.849,1,0.487557,0.36288,0,29.1513,5.31195,23.7146,0.84672,12.849,0.84672,3695.15,0,18.483,0,0.808695,1.99185,3.28506,1.44217,4.64344,0.42336,18.483,0.42336,0,0,442.007,0,1.02816,0,0,1.83686,0.808695,1.028160,1,0,28.3581,0,0,0,28.3581,0
61.7463,2.43631,0,0,1.5719,0.0647546,0.36288,3.6288,59.5466,0.66528,0,0,0.694328,0.304732,0,0.66528,12.849,1,0.496589,0.36288,0,31.2689,5.31195,25.8233,0.84672,12.849,0.84672,3695.15,0,18.483,0,1.0564,1.99185,3.6621,1.44217,5.26818,0.42336,18.483,0.42336,0,0,442.007,0,1.02816,0,0,2.08456,1.0564,1.028160,1,0,31.0915,0,0,0,31.0915,0
61.1626,2.41948,0,0,2.28858,0.0899033,0.36288,3.6288,59.5087,0.66528,0,0,0.924238,0.296907,0,0.66528,12.849,1,0.503479,0.36288,0,52.1788,5.17203,46.8661,0.84672,12.849,0.84672,3695.15,0,18.483,0,1.31707,1.99184,4.0725,1.4198,5.96161,0.42336,18.483,0.42336,0,0,442.007,0,1.02816,0,0,2.34523,1.31707,1.028160,1,0,52.8278,0,0,0,52.8278,0
59.8884,2.41172,0,0,1.62469,0.124301,0.36288,3.6288,59.3585,0.66528,0,0,0.768153,0.252989,0,0.66528,12.849,1,0.506653,0.36288,0,48.7003,4.49723,44.0593,0.84672,12.849,0.84672,3695.15,0,18.483,0,1.25875,1.99184,5.06597,1.21163,7.10493,0.42336,18.483,0.42336,0,0,442.007,0,1.02816,0,0,2.28691,1.25875,1.028160,1,0,51.1642,0,0,0,51.1642,0
58.3274,2.32139,0,0,1.27863,0.155335,0.36288,3.6288,59.1053,0.653788,0,0,0.625385,0.22484,0,0.66528,12.849,1,0.498053,0.36288,0,45.1412,3.84153,41.1645,0.84672,12.849,0.84672,3695.15,0,18.483,0,1.0002,1.99183,6.28229,1.06056,8.21377,0.42336,18.483,0.42336,0,0,442.007,0,1.02816,0,0,2.02836,1.0002,1.028160,1,0,49.3783,0,0,0,49.3783,0
57.0934,2.30024,0,0,1.58211,0.153013,0.36288,3.6288,59.0695,0.653778,0,0,0.842403,0.224476,0,0.66528,12.849,1,0.506721,0.36288,0,53.313,3.84153,49.3277,0.84672,12.849,0.84672,3695.15,0,18.483,0,2.26908,1.9621,5.32969,1.06056,8.5003,0.42336,18.483,0.42336,0,0,442.007,0,1.02816,0,0,3.29724,2.26908,1.028160,1,0,57.828,0,0,0,57.828,0
55.591,2.28298,0,0,1.29465,0.151178,0.36288,3.6288,59.1915,0.653768,0,0,1.00028,0.224424,0,0.66528,12.849,1,0.51379,0.36288,0,43.1855,3.84153,39.193,0.84672,12.849,0.84672,3695.15,0,18.483,0,3.81943,1.96209,6.70074,1.06056,11.4217,0.42336,18.483,0.42336,0,0,442.007,0,1.02816,0,0,4.84759,3.81943,1.028160,1,0,50.6147,0,0,0,50.6147,0
57.0375,2.26131,0,0,4.25002,0.179359,0.36288,3.6288,60.6461,0.653759,0,0,2.31881,0.210537,0,0.66528,12.849,1,0.522667,0.36288,0,120.648,3.75909,116.729,0.84672,12.849,0.84672,3695.15,0,18.483,0,10.1233,1.96208,9.65803,1.02671,20.7167,0.42336,18.483,0.42336,0,0,442.007,0,1.02816,0,0,11.1515,10.1233,1.028160,1,0,137.446,0,0,0,137.446,0
55.308,2.22321,0,0,1.07155,0.214875,0.36288,3.6288,60.5918,0.576365,0,0,0.780477,0.258353,0,0.66528,12.849,1,0.500828,0.36288,0,56.3708,4.94949,51.2834,0.84672,12.849,0.84672,3695.15,0,18.483,0,1.27449,1.96206,4.17056,1.24852,6.1586,0.42336,18.483,0.42336,0,0,442.007,0,1.02816,0,0,2.30265,1.27449,1.028160,1,0,57.442,0,0,0,57.442,0
53.9708,2.19882,0,0,1.4311,0.20664,0.36288,3.6288,60.6895,0.576355,0,0,0.930338,0.256287,0,0.66528,12.849,1,0.510822,0.36288,0,38.2072,4.90149,33.1578,0.84672,12.849,0.84672,3695.15,0,18.483,0,1.70548,1.88515,5.46943,1.25926,7.80081,0.42336,18.483,0.42336,0,0,442.007,0,1.02816,0,0,2.73364,1.70548,1.028160,1,0,40.9586,0,0,0,40.9586,0
57.0587,2.17928,0,0,5.82294,0.192923,0.36288,3.6288,61.308,0.576346,0,0,1.65221,0.22469,0.232682,0.66528,12.849,1,0.518827,0.36288,0,118.716,4.19279,114.367,0.84672,12.849,0.84672,3695.15,0,18.483,0,3.41665,1.88514,13.1293,1.21597,17.2151,0.42336,18.483,0.42336,0,0,442.007,0,1.02816,0,0,4.44481,3.41665,1.028160,1,0,131.815,0,0,0,131.815,0
57.2998,2.22346,0,0,3.04862,0.221174,0.36288,3.6288,61.308,0.576337,0,0,1.30394,0.198948,0.528655,0.66528,12.849,1,0.5007,0.36288,0,89.2953,3.63185,85.5256,0.84672,12.849,0.84672,3695.15,0,18.483,0,2.41792,1.88513,10.4285,1.07241,13.6591,0.42336,18.483,0.42336,0,0,442.007,0,1.02816,0,0,3.44608,2.41792,1.028160,1,0,99.7134,0,0,0,99.7134,0
59.7514,2.05907,0,0,5.11497,0.241432,0.36288,3.6288,61.308,0.415162,0,0,5.14788,0.22154,4.51118,0.66528,12.849,1,0.461729,0.36288,0,104.208,4.43159,99.6775,0.84672,12.849,0.84672,3695.15,0,18.483,0,4.82383,1.88512,15.314,1.18925,20.8337,0.42336,18.483,0.42336,0,0,442.007,0,1.02816,0,0,5.85199,4.82383,1.028160,1,0,125.022,0,0,0,125.022,0
61.8909,2.08936,0,0,4.84235,0.250611,0.36288,3.6288,61.308,0.415154,0,0,6.34532,0.225305,5.70486,0.66528,12.849,1,0.449299,0.36288,0,174.987,4.56487,170.335,0.84672,12.849,0.84672,3695.15,0,18.483,0,7.16335,1.71198,20.9733,1.20872,28.64,0.42336,18.483,0.42336,0,0,442.007,0,1.02816,0,0,8.19151,7.16335,1.028160,1,0,204.68,0,0,0,204.68,0
68.4362,2.11449,0,0,9.27794,0.255277,0.36288,3.6288,61.308,0.415146,0,0,6.36188,0.225305,5.72143,0.66528,12.849,1,0.438984,0.36288,0,164.582,4.56487,159.941,0.84672,12.849,0.84672,3695.15,0,18.483,0,7.95036,1.71197,24.8131,1.20872,33.2667,0.42336,18.483,0.42336,0,0,442.007,0,1.02816,0,0,8.97852,7.95036,1.028160,1,0,198.929,0,0,0,198.929,0
72.29,2.18471,0,0,9.0866,0.270906,2.77714,3.6288,61.308,0.415137,0,0,7.45749,0.21774,6.82461,0.66528,12.849,1,0.410183,2.77714,0,302.311,4.48238,300.196,0.84672,12.849,0.84672,3695.15,0,18.483,0,7.71361,1.71196,25.3851,1.18635,33.6243,0.42336,18.483,0.42336,0,0,442.007,0,1.02816,0,0,8.74177,7.71361,1.028160,1,0,340.645,0,0,0,340.645,0
72.29,2.22189,0,0,6.24034,0.290605,3.72784,3.6288,61.308,0.415129,0,0,4.70733,0.168675,4.12353,0.66528,12.849,1,0.394925,3.72784,0,168.115,3.7757,167.673,0.84672,12.849,0.84672,3695.15,0,18.483,0,4.61391,1.71195,19.7575,0.996373,25.087,0.42336,18.483,0.42336,0,0,442.007,0,1.02816,0,0,5.64207,4.61391,1.028160,1,0,196.883,0,0,0,196.883,0
72.29,2.29148,0,0,9.73011,0.290625,7.148,3.6288,61.308,0.461784,0,0,8.97938,0.163775,8.35382,0.66528,12.849,1,0.407294,7.148,0,240.542,3.49346,243.789,0.84672,12.849,0.84672,3695.15,0,18.483,0,6.43628,1.71194,31.1811,0.92202,38.4073,0.42336,18.483,0.42336,0,0,442.007,0,1.02816,0,0,7.46444,6.43628,1.028160,1,0,290.55,0,0,0,290.55,0
72.29,2.29145,0,0,9.34243,0.290625,6.76035,3.6288,61.308,0.461765,0,0,6.4956,0.163775,5.87006,0.66528,12.849,1,0.407288,6.76035,0,251.176,3.49346,254.036,0.84672,12.849,0.84672,3695.15,0,18.483,0,5.01524,1.76668,24.3767,0.92202,30.2366,0.42336,18.483,0.42336,0,0,442.007,0,1.02816,0,0,6.0434,5.01524,1.028160,1,0,290.142,0,0,0,290.142,0
72.29,2.29142,0,0,13.5081,0.287426,10.9293,3.6288,61.308,0.461747,0,0,9.31247,0.174855,8.67587,0.66528,12.849,1,0.407283,10.9293,0,352.173,3.74042,358.955,0.84672,12.849,0.84672,3695.15,0,18.483,0,7.21265,1.76665,37.2712,0.941629,45.3089,0.42336,18.483,0.42336,0,0,442.007,0,1.02816,0,0,8.24081,7.21265,1.028160,1,0,412.94,0,0,0,412.94,0
72.29,2.2914,0,0,13.6935,0.278988,11.1232,3.6288,61.308,0.461728,0,0,11.0796,0.192211,10.4257,0.66528,12.849,1,0.407278,11.1232,0,410.232,4.22428,416.723,0.84672,12.849,0.84672,3695.15,0,18.483,0,7.87795,1.76663,34.7467,0.962472,43.4288,0.42336,18.483,0.42336,0,0,442.007,0,1.02816,0,0,8.90611,7.87795,1.028160,1,0,470.578,0,0,0,470.578,0
72.29,2.51486,0,0,12.1036,0.301565,9.28718,3.6288,61.308,0.636887,0,0,11.0212,0.202478,10.1818,0.66528,12.849,1,0.446998,9.28718,0,240.442,5.00251,244.279,0.84672,12.849,0.84672,3695.15,0,18.483,0,5.79329,1.76661,25.437,1.21758,31.7793,0.42336,18.483,0.42336,0,0,442.007,0,1.02816,0,0,6.82145,5.79329,1.028160,1,0,286.241,0,0,0,286.241,0
72.29,2.51483,0,0,9.62349,0.301565,6.8071,3.6288,61.308,0.636866,0,0,7.71508,0.202478,6.87574,0.66528,12.849,1,0.446992,6.8071,0,193.028,5.00251,194.386,0.84672,12.849,0.84672,3695.15,0,18.483,0,5.19621,1.96196,17.7285,1.21758,23.6691,0.42336,18.483,0.42336,0,0,442.007,0,1.02816,0,0,6.22437,5.19621,1.028160,1,0,224.93,0,0,0,224.93,0
72.29,2.5148,0,0,10.7978,0.272251,8.01079,3.6288,61.308,0.636845,0,0,12.1249,0.243056,11.245,0.66528,12.849,1,0.446987,8.01079,0,415.092,5.08073,417.575,0.84672,12.849,0.84672,3695.15,0,18.483,0,7.11703,1.96194,23.8471,1.28637,31.6397,0.42336,18.483,0.42336,0,0,442.007,0,1.02816,0,0,8.14519,7.11703,1.028160,1,0,460.46,0,0,0,460.46,0
72.29,2.51477,0,0,6.21508,0.327963,3.37235,3.6288,61.308,0.636824,0,0,4.33149,0.151532,3.54314,0.66528,12.849,1,0.446981,3.37235,0,236.828,3.696,236.058,0.84672,12.849,0.84672,3695.15,0,18.483,0,2.18252,1.96192,12.7301,1.00861,15.8659,0.42336,18.483,0.42336,0,0,442.007,0,1.02816,0,0,3.21068,2.18252,1.028160,1,0,255.467,0,0,0,255.467,0
72.29,2.19598,0,0,18.2807,0.357392,15.7273,3.6288,61.308,0.401726,0,0,11.9516,0.218165,11.3317,0.66528,12.849,1,0.390318,15.7273,0,475.61,4.97868,485.969,0.84672,12.849,0.84672,3695.15,0,18.483,0,11.5082,1.96189,28.9929,1.16044,41.3026,0.42336,18.483,0.42336,0,0,442.007,0,1.02816,0,0,12.5364,11.5082,1.028160,1,0,538.603,0,0,0,538.603,0
72.29,2.19595,0,0,10.6935,0.357392,8.14013,3.6288,61.308,0.401708,0,0,5.99479,0.218165,5.37492,0.66528,12.849,1,0.390313,8.14013,0,351.343,4.97868,354.114,0.84672,12.849,0.84672,3695.15,0,18.483,0,5.5409,1.69462,18.0314,1.16044,24.1065,0.42336,18.483,0.42336,0,0,442.007,0,1.02816,0,0,6.56906,5.5409,1.028160,1,0,383.596,0,0,0,383.596,0
72.29,2.19592,0,0,11.362,0.356026,8.81008,3.6288,61.308,0.40169,0,0,10.7986,0.206711,10.1902,0.66528,12.849,1,0.390309,8.81008,0,289.84,4.79937,293.46,0.84672,12.849,0.84672,3695.15,0,18.483,0,10.7703,1.6946,25.5782,1.12973,36.9134,0.42336,18.483,0.42336,0,0,442.007,0,1.02816,0,0,11.7984,10.7703,1.028160,1,0,340.564,0,0,0,340.564,0
72.29,2.1959,0,0,11.4028,0.367118,8.8398,3.6288,61.308,0.401672,0,0,9.44542,0.165019,8.87873,0.66528,12.849,1,0.390304,8.8398,0,349.549,3.7511,354.248,0.84672,12.849,0.84672,3695.15,0,18.483,0,7.9151,1.69458,23.7664,0.861317,32.5148,0.42336,18.483,0.42336,0,0,442.007,0,1.02816,0,0,8.94326,7.9151,1.028160,1,0,395.641,0,0,0,395.641,0
72.29,2.19587,0,0,7.37317,0.348082,4.82922,3.6288,61.308,0.401654,0,0,4.15336,0.188528,3.56318,0.66528,12.849,1,0.390299,4.82922,0,235.137,4.0469,235.529,0.84672,12.849,0.84672,3695.15,0,18.483,0,5.21452,1.69456,15.0153,0.956432,20.9679,0.42336,18.483,0.42336,0,0,442.007,0,1.02816,0,0,6.24268,5.21452,1.028160,1,0,260.06,0,0,0,260.06,0
72.29,2.27607,0,0,8.02656,0.315353,5.43514,3.6288,61.308,0.459141,0,0,5.2567,0.210528,4.58703,0.66528,12.849,1,0.404555,5.43514,0,165.741,4.60152,166.17,0.84672,12.849,0.84672,3695.15,0,18.483,0,6.98509,1.69454,19.0639,1.12259,26.6209,0.42336,18.483,0.42336,0,0,442.007,0,1.02816,0,0,8.01325,6.98509,1.028160,1,0,197.378,0,0,0,197.378,0
72.29,2.27604,0,0,8.67205,0.315353,6.08066,3.6288,61.308,0.459123,0,0,6.84,0.210528,6.17035,0.66528,12.849,1,0.404549,6.08066,0,187.988,4.60152,189.063,0.84672,12.849,0.84672,3695.15,0,18.483,0,8.20083,1.76049,22.8405,1.12259,31.6793,0.42336,18.483,0.42336,0,0,442.007,0,1.02816,0,0,9.22899,8.20083,1.028160,1,0,226.912,0,0,0,226.912,0
72.29,2.27601,0,0,7.7881,0.315353,5.19673,3.6288,61.308,0.459104,0,0,6.99995,0.210528,6.33031,0.66528,12.849,1,0.404544,5.19673,0,210.991,4.60152,211.182,0.84672,12.849,0.84672,3695.15,0,18.483,0,8.24636,1.76047,22.0387,1.12259,30.923,0.42336,18.483,0.42336,0,0,442.007,0,1.02816,0,0,9.27452,8.24636,1.028160,1,0,248.435,0,0,0,248.435,0
72.29,2.27599,0,0,6.33518,0.279897,3.77929,3.6288,61.308,0.459086,0,0,4.19257,0.217555,3.51593,0.66528,12.849,1,0.404539,3.77929,0,147.099,4.61721,145.857,0.84672,12.849,0.84672,3695.15,0,18.483,0,5.27793,1.76045,15.0587,1.15498,20.942,0.42336,18.483,0.42336,0,0,442.007,0,1.02816,0,0,6.30609,5.27793,1.028160,1,0,170.315,0,0,0,170.315,0
72.29,2.24459,0,0,6.0756,0.191257,3.63975,3.6288,61.308,0.436734,0,0,4.16624,0.235122,3.49439,0.66528,12.849,1,0.398959,3.63975,0,125.812,4.65643,124.397,0.84672,12.849,0.84672,3695.15,0,18.483,0,4.38662,1.76043,12.5336,1.23597,17.4447,0.42336,18.483,0.42336,0,0,442.007,0,1.02816,0,0,5.41478,4.38662,1.028160,1,0,145.336,0,0,0,145.336,0
72.29,2.24456,0,0,5.86615,0.191257,3.43033,3.6288,61.308,0.436716,0,0,3.98538,0.235122,3.31354,0.66528,12.849,1,0.398954,3.43033,0,122.397,4.65643,120.772,0.84672,12.849,0.84672,3695.15,0,18.483,0,3.90911,1.73473,11.765,1.23597,16.1729,0.42336,18.483,0.42336,0,0,442.007,0,1.02816,0,0,4.93727,3.90911,1.028160,1,0,140.258,0,0,0,140.258,0
72.29,2.24453,0,0,5.45645,0.173278,3.03864,3.6288,61.308,0.436697,0,0,3.9225,0.230288,3.25551,0.66528,12.849,1,0.398949,3.03864,0,112.79,4.69691,110.733,0.84672,12.849,0.84672,3695.15,0,18.483,0,4.12188,1.7347,11.1719,1.22156,15.8069,0.42336,18.483,0.42336,0,0,442.007,0,1.02816,0,0,5.15004,4.12188,1.028160,1,0,129.795,0,0,0,129.795,0
72.29,2.24451,0,0,4.98779,0.128331,2.61496,3.6288,61.308,0.436679,0,0,3.64154,0.218203,2.98665,0.66528,12.849,1,0.398944,2.61496,0,104.283,4.79808,101.701,0.84672,12.849,0.84672,3695.15,0,18.483,0,3.57162,1.73468,10.362,1.18554,14.4828,0.42336,18.483,0.42336,0,0,442.007,0,1.02816,0,0,4.59978,3.57162,1.028160,1,0,119.17,0,0,0,119.17,0
72.29,2.35095,0,0,4.91222,0.122516,2.43876,3.6288,61.308,0.515857,0,0,3.01897,0.227022,2.27609,0.66528,12.849,1,0.417863,2.43876,0,99.258,4.563,96.7159,0.84672,12.849,0.84672,3695.15,0,18.483,0,2.93112,1.73466,10.1049,1.07972,13.691,0.42336,18.483,0.42336,0,0,442.007,0,1.02816,0,0,3.95928,2.93112,1.028160,1,0,112.683,0,0,0,112.683,0
72.29,2.35092,0,0,4.36632,0.121547,1.89385,3.6288,61.308,0.515837,0,0,2.71127,0.228492,1.96694,0.66528,12.849,1,0.417858,1.89385,0,91.2781,4.52382,88.2303,0.84672,12.849,0.84672,3695.15,0,18.483,0,2.19857,1.82443,8.67802,1.06208,11.6389,0.42336,18.483,0.42336,0,0,442.007,0,1.02816,0,0,3.22673,2.19857,1.028160,1,0,101.836,0,0,0,101.836,0
72.29,2.35089,0,0,4.20612,0.121547,1.73369,3.6288,61.308,0.515818,0,0,2.65319,0.228492,1.90888,0.66528,12.849,1,0.417853,1.73369,0,86.7292,4.52382,83.5212,0.84672,12.849,0.84672,3695.15,0,18.483,0,2.5552,1.8244,8.2169,1.06208,11.5344,0.42336,18.483,0.42336,0,0,442.007,0,1.02816,0,0,3.58336,2.5552,1.028160,1,0,96.9645,0,0,0,96.9645,0
72.29,2.35086,0,0,3.91001,0.127585,1.43157,3.6288,61.308,0.515799,0,0,2.51729,0.217665,1.78383,0.66528,12.849,1,0.417848,1.43157,0,81.2307,4.59214,77.6523,0.84672,12.849,0.84672,3695.15,0,18.483,0,2.71608,1.82438,8.28204,1.06181,11.7607,0.42336,18.483,0.42336,0,0,442.007,0,1.02816,0,0,3.74424,2.71608,1.028160,1,0,91.1968,0,0,0,91.1968,0
72.29,2.35083,0,0,4.56199,0.109398,2.10176,3.6288,61.308,0.515779,0,0,2.38046,0.253082,1.6116,0.66528,12.849,1,0.417842,2.10176,0,78.173,5.27366,74.5833,0.84672,12.849,0.84672,3695.15,0,18.483,0,2.25163,1.82436,9.01316,1.16456,11.9246,0.42336,18.483,0.42336,0,0,442.007,0,1.02816,0,0,3.27979,2.25163,1.028160,1,0,88.1194,0,0,0,88.1194,0
72.29,2.32975,0,0,4.88031,0.0685569,2.48201,3.6288,61.308,0.559285,0,0,2.08799,0.31826,1.21044,0.66528,12.849,1,0.414095,2.48201,0,78.3631,5.80227,74.6287,0.84672,12.849,0.84672,3695.15,0,18.483,0,2.46161,1.82434,9.54253,1.35887,12.4696,0.42336,18.483,0.42336,0,0,442.007,0,1.02816,0,0,3.48977,2.46161,1.028160,1,0,88.3088,0,0,0,88.3088,0
72.29,2.32972,0,0,4.63875,0.0643254,2.2447,3.6288,61.308,0.559265,0,0,2.02734,0.324155,1.14392,0.66528,12.849,1,0.41409,2.2447,0,72.0274,5.8086,68.0494,0.84672,12.849,0.84672,3695.15,0,18.483,0,2.34202,1.85228,9.24584,1.3784,12.0617,0.42336,18.483,0.42336,0,0,442.007,0,1.02816,0,0,3.37018,2.34202,1.028160,1,0,81.255,0,0,0,81.255,0
72.29,2.32969,0,0,4.3198,0.0643254,1.92579,3.6288,61.308,0.559245,0,0,1.76914,0.324155,0.885744,0.66528,12.849,1,0.414085,1.92579,0,66.9462,5.8086,62.6493,0.84672,12.849,0.84672,3695.15,0,18.483,0,2.198,1.85226,8.75845,1.3784,11.4303,0.42336,18.483,0.42336,0,0,442.007,0,1.02816,0,0,3.22616,2.198,1.028160,1,0,74.9653,0,0,0,74.9653,0
72.29,2.32966,0,0,4.09312,0.0628664,1.7006,3.6288,61.308,0.559225,0,0,1.65413,0.322548,0.772354,0.66528,12.849,1,0.414079,1.7006,0,64.1892,5.8397,59.636,0.84672,12.849,0.84672,3695.15,0,18.483,0,2.03545,1.85224,8.10726,1.3802,10.6147,0.42336,18.483,0.42336,0,0,442.007,0,1.02816,0,0,3.06361,2.03545,1.028160,1,0,71.0231,0,0,0,71.0231,0
72.29,2.384,0,0,3.95502,0.0541127,1.51691,3.6288,61.308,0.597994,0,0,1.62651,0.312907,0.715614,0.66528,12.849,1,0.423738,1.51691,0,63.6733,6.02626,58.7402,0.84672,12.849,0.84672,3695.15,0,18.483,0,1.94152,1.85221,6.25355,1.39103,8.65626,0.42336,18.483,0.42336,0,0,442.007,0,1.02816,0,0,2.96968,1.94152,1.028160,1,0,68.1121,0,0,0,68.1121,0
72.29,2.38397,0,0,3.62812,0.0541127,1.19003,3.6288,61.308,0.597973,0,0,1.55188,0.312907,0.641001,0.66528,12.849,1,0.423733,1.19003,0,59.8476,6.02626,54.5876,0.84672,12.849,0.84672,3695.15,0,18.483,0,1.83161,1.89676,5.82817,1.39103,8.16552,0.42336,18.483,0.42336,0,0,442.007,0,1.02816,0,0,2.85977,1.83161,1.028160,1,0,63.3941,0,0,0,63.3941,0
72.29,2.38394,0,0,3.27529,0.0501589,0.841186,3.6288,61.308,0.597953,0,0,1.47854,0.32245,0.558135,0.66528,12.849,1,0.423727,0.841186,0,55.5944,5.99781,50.0141,0.84672,12.849,0.84672,3695.15,0,18.483,0,1.99287,1.89674,6.5039,1.44978,8.94373,0.42336,18.483,0.42336,0,0,442.007,0,1.02816,0,0,3.02103,1.99287,1.028160,1,0,59.5159,0,0,0,59.5159,0
72.29,2.38391,0,0,4.30433,0.0574273,1.86299,3.6288,61.308,0.597933,0,0,2.11491,0.33724,1.17974,0.66528,12.849,1,0.423722,1.86299,0,54.708,5.66496,50.4823,0.84672,12.849,0.84672,3695.15,0,18.483,0,2.7417,1.89672,10.7296,1.54435,13.8237,0.42336,18.483,0.42336,0,0,442.007,0,1.02816,0,0,3.76986,2.7417,1.028160,1,0,65.4857,0,0,0,65.4857,0
72.0973,2.54309,0,0,2.77403,0.0607558,0.36288,3.6288,61.308,0.66528,0,0,1.50501,0.305234,0.534496,0.66528,12.849,1,0.452015,0.36288,0,44.3937,5.56993,38.7346,0.84672,12.849,0.84672,3695.15,0,18.483,0,1.59818,1.89669,9.2588,1.45166,11.302,0.42336,18.483,0.42336,0,0,442.007,0,1.02816,0,0,2.62634,1.59818,1.028160,1,0,50.5711,0,0,0,50.5711,0
70.7702,2.541,0,0,1.63878,0.0619965,0.36288,3.6288,61.308,0.66528,0,0,1.17985,0.292432,0.222141,0.66528,12.849,1,0.452851,0.36288,0,26.7275,5.53193,21.1056,0.84672,12.849,0.84672,3695.15,0,18.483,0,1.09443,1.99148,6.21977,1.41459,7.8911,0.42336,18.483,0.42336,0,0,442.007,0,1.02816,0,0,2.12259,1.09443,1.028160,1,0,29.2188,0,0,0,29.2188,0
70.0824,2.52662,0,0,2.26308,0.0613713,0.36288,3.6288,61.308,0.66528,0,0,1.30667,0.292432,0.348959,0.66528,12.849,1,0.458732,0.36288,0,28.669,5.53193,23.0412,0.84672,12.849,0.84672,3695.15,0,18.483,0,1.38068,1.99148,6.93343,1.41459,8.891,0.42336,18.483,0.42336,0,0,442.007,0,1.02816,0,0,2.40884,1.38068,1.028160,1,0,32.2812,0,0,0,32.2812,0
70.4068,2.519,0,0,3.29489,0.0886545,0.36288,3.6288,61.308,0.66528,0,0,1.73932,0.285061,0.788977,0.66528,12.849,1,0.461837,0.36288,0,47.8399,5.392,42.349,0.84672,12.849,0.84672,3695.15,0,18.483,0,1.68187,1.99147,7.71042,1.39223,9.99153,0.42336,18.483,0.42336,0,0,442.007,0,1.02816,0,0,2.71003,1.68187,1.028160,1,0,53.1295,0,0,0,53.1295,0
69.5449,2.52256,0,0,2.10732,0.0837647,0.36288,3.6288,61.308,0.66528,0,0,1.41717,0.279925,0.471962,0.66528,12.849,1,0.460359,0.36288,0,40.2224,5.45605,34.6689,0.84672,12.849,0.84672,3695.15,0,18.483,0,1.00067,1.99146,6.06462,1.3348,7.72195,0.42336,18.483,0.42336,0,0,442.007,0,1.02816,0,0,2.02883,1.00067,1.028160,1,0,42.8628,0,0,0,42.8628,0
67.2911,2.43627,0,0,0.634422,0.0890722,0.36288,3.6288,60.9409,0.922236,0,0,0.837138,0.281982,0,0.66528,12.849,1,0.450121,0.36288,0,14.8953,5.27551,9.53252,0.84672,12.849,0.84672,3695.15,0,18.483,0,0.204422,1.99145,4.91442,1.26722,5.84308,0.42336,18.483,0.42336,0,0,442.007,0,0.758756,0,0,0.963179,0.204422,1.028160,1,0,15.3756,0,0,0,15.3756,0
65.0467,2.41115,0,0,0.617141,0.0875166,0.36288,3.6288,60.4294,1.00463,0,0,0.774429,0.281328,0,0.66528,12.849,1,0.460401,0.36288,0,13.6065,5.27551,8.2335,0.84672,12.849,0.84672,3695.15,0,18.483,0,0.204422,1.96098,4.8289,1.26722,5.72709,0.42336,18.483,0.42336,0,0,442.007,0,0.676339,0,0,0.880762,0.204422,1.028160,1,0,13.9606,0,0,0,13.9606,0
63.3236,2.38498,0,0,1.24063,0.215807,0.36288,3.6288,61.2627,0.65279,0,0,1.66098,0.174876,0,0.66528,12.849,1,0.471117,0.36288,0,36.9958,3.82211,33.0654,0.84672,12.849,0.84672,3695.15,0,18.483,0,0.237773,1.96096,12.1669,0.812931,13.5527,0.42336,18.483,0.42336,0,0,442.007,0,1.02816,0,0,1.26593,0.237773,1.028160,1,0,46.6181,0,0,0,46.6181,0
62.3392,2.36404,0,0,1.95532,0.212822,0.36288,3.6288,61.308,0.652769,0,0,1.49096,0.175803,0.617094,0.66528,12.849,1,0.479687,0.36288,0,41.8758,3.82211,37.9369,0.84672,12.849,0.84672,3695.15,0,18.483,0,0.453108,1.96093,7.9039,0.812931,9.50501,0.42336,18.483,0.42336,0,0,442.007,0,1.02816,0,0,1.48127,0.453108,1.028160,1,0,48.059,0,0,0,48.059,0
60.1328,2.29096,0,0,0.695191,0.247782,0.36288,3.6288,60.6427,1.06737,0,0,0.615728,0.213669,0,0.66528,12.849,1,0.4722,0.36288,0,24.9957,4.09758,20.7888,0.84672,12.849,0.84672,3695.15,0,18.483,0,0.216518,1.96091,5.1205,0.945553,6.35238,0.42336,18.483,0.42336,0,0,442.007,0,0.536199,0,0,0.752718,0.216518,1.028160,1,0,27.1412,0,0,0,27.1412,0
57.8051,2.26316,0,0,0.559073,0.26069,0.36288,3.6288,59.7479,1.15066,0,0,0.466561,0.210736,0,0.66528,12.849,1,0.483585,0.36288,0,19.4759,4.11705,15.2381,0.84672,12.849,0.84672,3695.15,0,18.483,0,0.216518,1.88403,4.40048,0.970355,5.53067,0.42336,18.483,0.42336,0,0,442.007,0,0.452894,0,0,0.669412,0.216518,1.028160,1,0,20.7688,0,0,0,20.7688,0
55.9996,2.23234,0,0,1.04462,0.254895,0.36288,3.6288,60.2359,0.575369,0,0,1.27296,0.209539,0,0.66528,12.849,1,0.496207,0.36288,0,38.801,4.11705,34.5507,0.84672,12.849,0.84672,3695.15,0,18.483,0,1.02233,1.884,9.70799,0.970355,11.644,0.42336,18.483,0.42336,0,0,442.007,0,1.02816,0,0,2.05049,1.02233,1.028160,1,0,46.1946,0,0,0,46.1946,0
