0st_vol,0capacity,0net_inf,0st_rof,0lt_rof,0rest_demand,0unrest_demand,0unfulf_demand,0wastewater,0treat_capacity,0agg_price,0res_price,0gross_rev,0drought_cost,0cont_contrib,0debt_serv,0infra_npv,1st_vol,1capacity,1net_inf,1st_rof,1lt_rof,1rest_demand,1unrest_demand,1unfulf_demand,1wastewater,1treat_capacity,1agg_price,1res_price,1gross_rev,1drought_cost,1cont_contrib,1debt_serv,1infra_npv
122.105,122.105,3.32996,0.05,0,2.46977,2.46977,0,0,4.89888,4.38366e+06,2.70226e+06,1.08266e+07,0,0,0,0,62.3362,61.308,4.18422,0,1,1.43262,1.43262,0,0,1.69344,9.11013e+06,3.61194e+06,1.30513e+07,0,0,0,0
122.105,122.105,4.42239,0.05,0,2.47091,2.47091,0,0.462835,4.89888,4.38366e+06,2.70226e+06,1.08316e+07,0,0,0,0,62.3362,61.308,5.85855,0,1,1.43327,1.43327,0,1.10684,1.69344,9.11013e+06,3.61194e+06,1.30573e+07,0,0,0,0
122.105,122.105,5.86502,0.05,0,2.47204,2.47204,0,0.463048,4.89888,4.38366e+06,2.70226e+06,1.08366e+07,0,0,0,0,62.3362,61.308,7.41653,0,1,1.43393,1.43393,0,1.10735,1.69344,9.11013e+06,3.61194e+06,1.30633e+07,0,0,0,0
122.105,122.105,4.00114,0.05,0,2.47317,2.47317,0,0.46326,4.89888,4.38366e+06,2.70226e+06,1.08415e+07,0,0,0,0,62.3362,61.308,4.58193,0,1,1.43459,1.43459,0,1.10786,1.69344,9.11013e+06,3.61194e+06,1.30693e+07,0,0,0,0
122.105,122.105,4.73499,0.05,0,2.67081,2.71564,0,0.463472,4.89888,4.38366e+06,2.99988e+06,1.17079e+07,0,0,0,0,62.3362,61.308,4.8937,1,1,1.57752,1.604,0,1.10836,1.69344,9.11013e+06,4.00975e+06,1.43714e+07,0,0,0,0
122.105,122.105,4.37572,0.05,0,2.67203,2.71689,0,0.500509,4.89888,4.38366e+06,2.99988e+06,1.17133e+07,0,0,0,0,62.3362,61.308,4.90534,1,1,1.57824,1.60474,0,1.21879,1.69344,9.11013e+06,4.00975e+06,1.4378e+07,0,0,0,0
122.105,122.105,5.10279,0.05,0,2.67325,2.71813,0,0.500738,4.89888,4.38366e+06,2.99988e+06,1.17186e+07,0,0,0,0,62.3362,61.308,5.56381,1,1,1.57896,1.60547,0,1.21935,1.69344,9.11013e+06,4.00975e+06,1.43846e+07,0,0,0,0
122.105,122.105,5.98236,0.05,0,2.67448,2.71938,0,0.500968,4.89888,4.38366e+06,2.99988e+06,1.1724e+07,0,0,0,0,62.3362,61.308,5.75068,1,1,1.57969,1.60621,0,1.21991,1.69344,9.11013e+06,4.00975e+06,1.43912e+07,0,0,0,0
122.105,122.105,5.30492,0.05,0,2.37577,2.37577,0,0.501197,4.89888,4.38366e+06,2.70226e+06,1.04146e+07,0,0,0,0,62.3362,61.308,5.54719,0,1,1.38006,1.38006,0,1.22047,1.69344,9.11013e+06,3.61194e+06,1.25725e+07,0,0,0,0
122.105,122.105,8.66145,0.05,0,2.37686,2.37686,0,0.445219,4.89888,4.38366e+06,2.70226e+06,1.04193e+07,0,0,0,0,62.3362,61.308,9.89798,0,1,1.38069,1.38069,0,1.06623,1.69344,9.11013e+06,3.61194e+06,1.25783e+07,0,0,0,0
122.105,122.105,4.85828,0.05,0,2.37794,2.37794,0,0.445423,4.89888,4.38366e+06,2.70226e+06,1.04241e+07,0,0,0,0,62.3362,61.308,4.27168,0,1,1.38132,1.38132,0,1.06672,1.69344,9.11013e+06,3.61194e+06,1.2584e+07,0,0,0,0
122.105,122.105,3.93891,0.05,0,2.37903,2.37903,0,0.445627,4.89888,4.38366e+06,2.70226e+06,1.04289e+07,0,0,0,0,62.3362,61.308,3.58972,0,1,1.38195,1.38195,0,1.06721,1.69344,9.11013e+06,3.61194e+06,1.25898e+07,0,0,0,0
122.105,122.105,4.55647,0.05,0,2.38012,2.38012,0,0.445831,4.89888,4.38366e+06,2.70226e+06,1.04336e+07,0,0,0,0,62.3362,61.308,5.45593,0,1,1.38259,1.38259,0,1.0677,1.69344,9.11013e+06,3.61194e+06,1.25955e+07,0,0,0,0
122.105,122.105,6.75669,0.05,0,2.46821,2.46821,0,0.446035,4.89888,4.38366e+06,2.70226e+06,1.08198e+07,0,0,0,0,62.3362,61.308,5.22263,0,1,1.43885,1.43885,0,1.06819,1.69344,9.11013e+06,3.61194e+06,1.31081e+07,0,0,0,0
122.105,122.105,5.83762,0.05,0,2.46934,2.46934,0,0.462543,4.89888,4.38366e+06,2.70226e+06,1.08248e+07,0,0,0,0,62.3362,61.308,5.96947,0,1,1.43951,1.43951,0,1.11166,1.69344,9.11013e+06,3.61194e+06,1.31141e+07,0,0,0,0
122.105,122.105,4.4569,0.05,0,2.47047,2.47047,0,0.462755,4.89888,4.38366e+06,2.70226e+06,1.08297e+07,0,0,0,0,62.3362,61.308,3.98888,0,1,1.44017,1.44017,0,1.11216,1.69344,9.11013e+06,3.61194e+06,1.31201e+07,0,0,0,0
122.105,122.105,4.26874,0.05,0,2.4716,2.4716,0,0.462967,4.89888,4.38366e+06,2.70226e+06,1.08347e+07,0,0,0,0,62.3362,61.308,4.73609,0,1,1.44082,1.44082,0,1.11267,1.69344,9.11013e+06,3.61194e+06,1.31261e+07,0,0,0,0
122.105,122.105,4.04145,0.05,0,2.43865,2.43865,0,0.463178,4.89888,4.38366e+06,2.70226e+06,1.06902e+07,0,0,0,0,62.3362,61.308,3.9153,0,1,1.41984,1.41984,0,1.11318,1.69344,9.11013e+06,3.61194e+06,1.29349e+07,0,0,0,0
122.105,122.105,3.61971,0.05,0,2.43977,2.43977,0,0.457003,4.89888,4.38366e+06,2.70226e+06,1.06951e+07,0,0,0,0,62.3362,61.308,3.34028,0,1,1.42049,1.42049,0,1.09697,1.69344,9.11013e+06,3.61194e+06,1.29408e+07,0,0,0,0
122.105,122.105,3.32608,0.05,0,2.44088,2.44088,0,0.457212,4.89888,4.38366e+06,2.70226e+06,1.07e+07,0,0,0,0,62.3362,61.308,3.07731,0,1,1.42114,1.42114,0,1.09747,1.69344,9.11013e+06,3.61194e+06,1.29467e+07,0,0,0,0
122.105,122.105,3.13094,0.04,0,2.442,2.442,0,0.457421,4.89888,4.38366e+06,2.70226e+06,1.07049e+07,0,0,0,0,62.3362,61.308,3.14986,0,1,1.42178,1.42178,0,1.09797,1.69344,9.11013e+06,3.61194e+06,1.29526e+07,0,0,0,0
122.105,122.105,2.93637,0.04,0,2.55901,2.55901,0,0.45763,4.89888,4.38366e+06,2.70226e+06,1.12178e+07,0,0,0,0,62.3362,61.308,3.15335,0,1,1.49934,1.49934,0,1.09847,1.69344,9.11013e+06,3.61194e+06,1.36592e+07,0,0,0,0
121.748,122.105,2.38418,0.04,0,2.56017,2.56017,0,0.479558,4.89888,4.38366e+06,2.70226e+06,1.12229e+07,0,0,0,0,62.2858,61.308,2.29838,0,1,1.50002,1.50002,0,1.15839,1.69344,9.11013e+06,3.61194e+06,1.36654e+07,0,0,0,0
121.367,122.105,2.37871,0.05,0,2.56134,2.56134,0,0.479777,4.89888,4.38366e+06,2.70226e+06,1.12281e+07,0,0,0,0,62.2876,61.308,2.32133,0,1,1.50071,1.50071,0,1.15892,1.69344,9.11013e+06,3.61194e+06,1.36717e+07,0,0,0,0
120.864,122.105,2.21573,0.04,0,2.56251,2.56251,0,0.479996,4.89888,4.38366e+06,2.70226e+06,1.12332e+07,0,0,0,0,62.244,61.308,2.22517,0,1,1.50139,1.50139,0,1.15945,1.69344,9.11013e+06,3.61194e+06,1.36779e+07,0,0,0,0
120.262,122.105,2.09749,0.04,0,2.56368,2.56368,0,0.480215,4.89888,4.38366e+06,2.70226e+06,1.12383e+07,0,0,0,0,62.1606,61.308,2.17661,0,1,1.50208,1.50208,0,1.15998,1.69344,9.11013e+06,3.61194e+06,1.36841e+07,0,0,0,0
119.639,122.105,2.05181,0.03,0,2.49991,2.54188,0,0.480434,4.89888,4.38366e+06,2.99988e+06,1.09588e+07,0,0,0,0,62.0935,61.308,2.84047,1,1,1.51962,1.54513,0,1.16051,1.69344,9.11013e+06,4.00975e+06,1.38439e+07,0,0,0,0
118.865,122.105,1.8793,0.03,0,2.50105,2.54304,0,0.468484,4.89888,4.38366e+06,2.99988e+06,1.09638e+07,0,0,0,0,61.997,61.308,2.70273,1,1,1.52031,1.54583,0,1.17406,1.69344,9.11013e+06,4.00975e+06,1.38502e+07,0,0,0,0
117.966,122.105,1.72549,0.03,0,2.50219,2.5442,0,0.468697,4.89888,4.38366e+06,2.99988e+06,1.09688e+07,0,0,0,0,61.8552,61.308,2.47018,1,1,1.521,1.54654,0,1.17459,1.69344,9.11013e+06,4.00975e+06,1.38565e+07,0,0,0,0
117.03,122.105,1.63479,0.03,0,2.50333,2.54536,0,0.468911,4.89888,4.38366e+06,2.99988e+06,1.09738e+07,0,0,0,0,61.6102,61.308,2.45883,1,1,1.5217,1.54724,0,1.17513,1.69344,9.11013e+06,4.00975e+06,1.38629e+07,0,0,0,0
116.032,122.105,1.57079,0.03,0,2.56293,2.60595,0,0.469125,4.89888,4.38366e+06,2.99988e+06,1.1235e+07,0,0,0,0,61.4648,61.308,2.50345,1,1,1.55959,1.58577,0,1.17566,1.69344,9.11013e+06,4.00975e+06,1.42081e+07,0,0,0,0
115.05,122.105,1.60785,0.03,0,2.56409,2.60714,0,0.480292,4.89888,4.38366e+06,2.99988e+06,1.12401e+07,0,0,0,0,61.2893,61.308,2.54658,1,1,1.5603,1.5865,0,1.20494,1.69344,9.11013e+06,4.00975e+06,1.42146e+07,0,0,0,0
113.991,122.105,1.48341,0.03,0,2.56526,2.60833,0,0.480511,4.89888,4.38366e+06,2.99988e+06,1.12452e+07,0,0,0,0,61.0669,61.308,2.46508,1,1,1.56101,1.58722,0,1.20549,1.69344,9.11013e+06,4.00975e+06,1.4221e+07,0,0,0,0
112.832,122.105,1.35569,0.03,0,2.56643,2.60952,0,0.48073,4.89888,4.38366e+06,2.99988e+06,1.12504e+07,0,0,0,0,60.8128,61.308,2.14968,1,1,1.56173,1.58794,0,1.20604,1.69344,9.11013e+06,4.00975e+06,1.42275e+07,0,0,0,0
111.732,122.105,1.66209,0.04,0,2.73908,2.78506,0,0.480949,4.89888,4.38366e+06,2.99988e+06,1.20072e+07,0,0,0,0,60.5731,61.308,3.03331,1,1,1.69344,1.72544,0.00351571,1.20659,1.69344,9.11013e+06,4.00975e+06,1.54275e+07,0,0,0,0
110.719,122.105,1.73239,0.04,0,2.74033,2.78633,0,0.513304,4.89888,4.38366e+06,2.99988e+06,1.20127e+07,0,0,0,0,60.3522,61.308,3.21322,1,1,1.69344,1.72623,0.00428868,1.30835,1.69344,9.11013e+06,4.00975e+06,1.54275e+07,0,0,0,0
109.477,122.105,1.48342,0.04,0,2.74158,2.7876,0,0.513537,4.89888,4.38366e+06,2.99988e+06,1.20181e+07,0,0,0,0,60.0327,61.308,2.82908,1,1,1.69344,1.72702,0.00506188,1.30835,1.69344,9.11013e+06,4.00975e+06,1.54275e+07,0,0,0,0
108.357,122.105,1.64081,0.04,0,2.74282,2.78887,0,0.513771,4.89888,4.38366e+06,2.99988e+06,1.20236e+07,0,0,0,0,59.9624,61.308,3.74647,1,1,1.69344,1.7278,0.00583532,1.30835,1.69344,9.11013e+06,4.00975e+06,1.54275e+07,0,0,0,0
107.155,122.105,1.59771,0.04,0,2.74407,2.79014,0,0.514005,4.89888,4.38366e+06,2.99988e+06,1.20291e+07,0,0,0,0,59.5576,61.308,3.34276,1,1,1.69344,1.72859,0.00660888,1.30835,1.69344,9.11013e+06,4.00975e+06,1.54275e+07,0,0,0,0
105.582,122.105,1.06028,0.04,0,2.66156,2.70624,0,0.514239,4.89888,4.38366e+06,2.99988e+06,1.16674e+07,0,0,0,0,58.7383,61.308,1.41595,1,1,1.61899,1.64617,0,1.30835,1.69344,9.11013e+06,4.00975e+06,1.47492e+07,0,0,0,0
104.056,122.105,1.07949,0.05,0,2.66277,2.70747,0,0.498776,4.89888,4.38366e+06,2.99988e+06,1.16727e+07,0,0,0,0,58.2251,61.308,1.29141,1,1,1.61973,1.64692,0,1.25083,1.69344,9.11013e+06,4.00975e+06,1.47559e+07,0,0,0,0
102.803,122.105,1.4183,0.05,0,2.66398,2.7087,0,0.499003,4.89888,4.38366e+06,2.99988e+06,1.1678e+07,0,0,0,0,57.7955,61.308,1.67843,1,1,1.62046,1.64767,0,1.2514,1.69344,9.11013e+06,4.00975e+06,1.47626e+07,0,0,0,0
101.836,122.105,1.86144,0.05,0,2.66519,2.70994,0,0.49923,4.89888,4.38366e+06,2.99988e+06,1.16833e+07,0,0,0,0,57.5434,61.308,2.5178,1,1,1.6212,1.64842,0,1.25197,1.69344,9.11013e+06,4.00975e+06,1.47693e+07,0,0,0,0
100.759,122.105,1.53817,0.05,0,2.59753,2.64113,0,0.499457,4.89888,4.38366e+06,2.99988e+06,1.13867e+07,0,0,0,0,57.1569,61.308,1.70714,1,1,1.54731,1.57329,0,1.25254,1.69344,9.11013e+06,4.00975e+06,1.40962e+07,0,0,0,0
100.28,122.105,2.34482,0.05,0,2.59871,2.64233,0,0.486776,4.89888,4.38366e+06,2.99988e+06,1.13918e+07,0,0,0,0,56.4471,61.308,1.64306,1,1,1.54802,1.574,0,1.19545,1.69344,9.11013e+06,4.00975e+06,1.41026e+07,0,0,0,0
99.5608,122.105,2.06349,0.05,0,2.59989,2.64354,0,0.486998,4.89888,4.38366e+06,2.99988e+06,1.1397e+07,0,0,0,0,56.0823,61.308,1.17391,1,1,1.54872,1.57472,0,1.196,1.69344,9.11013e+06,4.00975e+06,1.4109e+07,0,0,0,0
99.3586,122.105,2.89446,0.05,0,2.60107,2.64474,0,0.487219,4.89888,4.38366e+06,2.99988e+06,1.14022e+07,0,0,0,0,56.1757,61.308,2.8948,1,1,1.54942,1.57543,0,1.19654,1.69344,9.11013e+06,4.00975e+06,1.41154e+07,0,0,0,0
102.534,122.105,6.80209,0.04,0,2.44667,2.44667,0,0.48744,4.89888,4.38366e+06,2.70226e+06,1.07254e+07,0,0,0,0,57.5018,61.308,6.06157,0,1,1.41783,1.41783,0,1.19708,1.69344,9.11013e+06,3.61194e+06,1.29166e+07,0,0,0,0
103.612,122.105,4.08598,0.04,0,2.44778,2.44778,0,0.458506,4.89888,4.38366e+06,2.70226e+06,1.07302e+07,0,0,0,0,58.4242,61.308,4.28842,0,1,1.41848,1.41848,0,1.09542,1.69344,9.11013e+06,3.61194e+06,1.29225e+07,0,0,0,0
104.245,122.105,3.60362,0.04,0,2.44889,2.44889,0,0.458714,4.89888,4.38366e+06,2.70226e+06,1.07351e+07,0,0,0,0,59.3072,61.308,4.13056,0,1,1.41912,1.41912,0,1.09591,1.69344,9.11013e+06,3.61194e+06,1.29284e+07,0,0,0,0
105.956,122.105,4.68331,0.04,0,2.45,2.45,0,0.458922,4.89888,4.38366e+06,2.70226e+06,1.074e+07,0,0,0,0,60.105,61.308,4.16515,0,1,1.41976,1.41976,0,1.09641,1.69344,9.11013e+06,3.61194e+06,1.29342e+07,0,0,0,0
108.34,122.105,5.57598,0.03,0,2.45112,2.45112,0,0.459131,4.89888,4.38366e+06,2.70226e+06,1.07449e+07,0,0,0,0,61.1938,61.308,5.35151,0,1,1.42041,1.42041,0,1.09691,1.69344,9.11013e+06,3.61194e+06,1.29401e+07,0,0,0,0
110.449,122.105,5.66536,0.03,0,2.52903,2.52903,0,0.459339,4.89888,4.38366e+06,2.70226e+06,1.10864e+07,0,0,0,0,61.9034,61.308,4.81493,0,1,1.46699,1.46699,0,1.09741,1.69344,9.11013e+06,3.61194e+06,1.33645e+07,0,0,0,0
111.291,122.105,4.02089,0.04,0,2.53014,2.53014,0,0.47394,4.89888,4.38366e+06,2.70226e+06,1.10913e+07,0,0,0,0,62.2518,61.308,3.74404,0,1,1.46763,1.46763,0,1.13339,1.69344,9.11013e+06,3.61194e+06,1.33703e+07,0,0,0,0
112.046,122.105,3.74846,0.04,0,2.53125,2.53125,0,0.474148,4.89888,4.38366e+06,2.70226e+06,1.10961e+07,0,0,0,0,62.3362,61.308,3.22937,0,1,1.46828,1.46828,0,1.13389,1.69344,9.11013e+06,3.61194e+06,1.33762e+07,0,0,0,0
112.064,122.105,2.99143,0.06,0,2.53236,2.53236,0,0.474357,4.89888,4.38366e+06,2.70226e+06,1.1101e+07,0,0,0,0,62.3362,61.308,3.55556,0,1,1.46892,1.46892,0,1.13439,1.69344,9.11013e+06,3.61194e+06,1.33821e+07,0,0,0,0
112.623,122.105,3.85814,0.06,0,2.73468,2.78059,0,0.474565,4.89888,4.38366e+06,2.99988e+06,1.19879e+07,0,0,0,0,62.3362,61.308,3.58334,1,1,1.61524,1.64236,0,1.13489,1.69344,9.11013e+06,4.00975e+06,1.47151e+07,0,0,0,0
112.986,122.105,3.49529,0.05,0,2.73588,2.78181,0,0.512479,4.89888,4.38366e+06,2.99988e+06,1.19932e+07,0,0,0,0,62.0973,61.308,2.47769,1,1,1.61595,1.64308,0,1.24794,1.69344,9.11013e+06,4.00975e+06,1.47215e+07,0,0,0,0
113.209,122.105,3.34545,0.05,0,2.73708,2.78303,0,0.512704,4.89888,4.38366e+06,2.99988e+06,1.19984e+07,0,0,0,0,61.9334,61.308,2.56583,1,1,1.61666,1.6438,0,1.24849,1.69344,9.11013e+06,4.00975e+06,1.4728e+07,0,0,0,0
114.094,122.105,4.30026,0.05,0,2.73828,2.78425,0,0.512929,4.89888,4.38366e+06,2.99988e+06,1.20037e+07,0,0,0,0,61.9658,61.308,3.0094,1,1,1.61737,1.64453,0,1.24903,1.69344,9.11013e+06,4.00975e+06,1.47345e+07,0,0,0,0
115.189,122.105,4.20845,0.04,0,2.4324,2.4324,0,0.513154,4.89888,4.38366e+06,2.70226e+06,1.06628e+07,0,0,0,0,61.892,61.308,2.64571,0,1,1.41295,1.41295,0,1.24958,1.69344,9.11013e+06,3.61194e+06,1.28722e+07,0,0,0,0
115.318,122.105,3.05654,0.04,0,2.43347,2.43347,0,0.455832,4.89888,4.38366e+06,2.70226e+06,1.06675e+07,0,0,0,0,62.1171,61.308,2.11618,0,1,1.41357,1.41357,0,1.09165,1.69344,9.11013e+06,3.61194e+06,1.28779e+07,0,0,0,0
115.686,122.105,3.37339,0.04,0,2.43454,2.43454,0,0.456032,4.89888,4.38366e+06,2.70226e+06,1.06722e+07,0,0,0,0,61.9008,61.308,2.52179,0,1,1.4142,1.4142,0,1.09213,1.69344,9.11013e+06,3.61194e+06,1.28835e+07,0,0,0,0
115.729,122.105,2.92909,0.04,0,2.43561,2.43561,0,0.456232,4.89888,4.38366e+06,2.70226e+06,1.06769e+07,0,0,0,0,61.9716,61.308,1.76601,0,1,1.41482,1.41482,0,1.09261,1.69344,9.11013e+06,3.61194e+06,1.28892e+07,0,0,0,0
116.926,122.105,4.23553,0.04,0,2.43668,2.43668,0,0.456433,4.89888,4.38366e+06,2.70226e+06,1.06816e+07,0,0,0,0,62.2043,61.308,2.60869,0,1,1.41544,1.41544,0,1.09309,1.69344,9.11013e+06,3.61194e+06,1.28948e+07,0,0,0,0
117.934,122.105,4.2901,0.05,0,2.52681,2.52681,0,0.456633,4.89888,4.38366e+06,2.70226e+06,1.10767e+07,0,0,0,0,62.1833,61.308,2.44153,0,1,1.47301,1.47301,0,1.09357,1.69344,9.11013e+06,3.61194e+06,1.34193e+07,0,0,0,0
119.025,122.105,4.36422,0.06,0,2.52792,2.52792,0,0.473525,4.89888,4.38366e+06,2.70226e+06,1.10816e+07,0,0,0,0,62.2076,61.308,2.41141,0,1,1.47366,1.47366,0,1.13805,1.69344,9.11013e+06,3.61194e+06,1.34252e+07,0,0,0,0
119.75,122.105,4.08306,0.06,0,2.52903,2.52903,0,0.473733,4.89888,4.38366e+06,2.70226e+06,1.10864e+07,0,0,0,0,62.3267,61.308,2.81493,0,1,1.4743,1.4743,0,1.13855,1.69344,9.11013e+06,3.61194e+06,1.34311e+07,0,0,0,0
120.573,122.105,3.93575,0.07,0,2.53014,2.53014,0,0.473941,4.89888,4.38366e+06,2.70226e+06,1.10913e+07,0,0,0,0,62.2155,61.308,2.07103,0,1,1.47495,1.47495,0,1.13905,1.69344,9.11013e+06,3.61194e+06,1.3437e+07,0,0,0,0
120.84,122.105,3.24383,0.07,0,2.49636,2.49636,0,0.474148,4.89888,4.38366e+06,2.70226e+06,1.09432e+07,0,0,0,0,62.102,61.308,2.23464,0,1,1.45344,1.45344,0,1.13955,1.69344,9.11013e+06,3.61194e+06,1.3241e+07,0,0,0,0
120.824,122.105,2.88108,0.07,0,2.49746,2.49746,0,0.467819,4.89888,4.38366e+06,2.70226e+06,1.0948e+07,0,0,0,0,61.9777,61.308,2.14784,0,1,1.45408,1.45408,0,1.12293,1.69344,9.11013e+06,3.61194e+06,1.32468e+07,0,0,0,0
120.594,122.105,2.60944,0.07,0,2.49855,2.49855,0,0.468024,4.89888,4.38366e+06,2.70226e+06,1.09528e+07,0,0,0,0,61.7501,61.308,1.94582,0,1,1.45471,1.45471,0,1.12342,1.69344,9.11013e+06,3.61194e+06,1.32526e+07,0,0,0,0
120.215,122.105,2.39687,0.07,0,2.49965,2.49965,0,0.468229,4.89888,4.38366e+06,2.70226e+06,1.09576e+07,0,0,0,0,61.5803,61.308,1.84803,0,1,1.45535,1.45535,0,1.12391,1.69344,9.11013e+06,3.61194e+06,1.32584e+07,0,0,0,0
119.763,122.105,2.40066,0.06,0,2.57612,2.61937,0,0.468434,4.89888,4.38366e+06,2.99988e+06,1.12928e+07,0,0,0,0,61.2083,61.308,2.18057,1,1,1.50937,1.53471,0,1.1244,1.69344,9.11013e+06,4.00975e+06,1.37505e+07,0,0,0,0
119.07,122.105,2.01716,0.06,0,2.57725,2.62052,0,0.482765,4.89888,4.38366e+06,2.99988e+06,1.12978e+07,0,0,0,0,60.8285,61.308,1.6683,1,1,1.51003,1.53538,0,1.16614,1.69344,9.11013e+06,4.00975e+06,1.37566e+07,0,0,0,0
118.316,122.105,1.94983,0.05,0,2.57838,2.62167,0,0.482977,4.89888,4.38366e+06,2.99988e+06,1.13027e+07,0,0,0,0,60.4138,61.308,1.68286,1,1,1.51069,1.53605,0,1.16665,1.69344,9.11013e+06,4.00975e+06,1.37626e+07,0,0,0,0
117.494,122.105,1.86256,0.04,0,2.57951,2.62281,0,0.483188,4.89888,4.38366e+06,2.99988e+06,1.13077e+07,0,0,0,0,59.9372,61.308,1.63003,1,1,1.51135,1.53672,0,1.16716,1.69344,9.11013e+06,4.00975e+06,1.37686e+07,0,0,0,0
116.579,122.105,1.74428,0.05,0,2.58064,2.62396,0,0.4834,4.89888,4.38366e+06,2.99988e+06,1.13126e+07,0,0,0,0,59.1663,61.308,1.53586,1,1,1.51201,1.5374,0,1.16767,1.69344,9.11013e+06,4.00975e+06,1.37746e+07,0,0,0,0
115.404,122.105,1.27257,0.03,0,2.55864,2.6016,0,0.483612,4.89888,4.38366e+06,2.99988e+06,1.12162e+07,0,0,0,0,58.2449,61.308,1.22054,1,1,1.55532,1.58143,0,1.16818,1.69344,9.11013e+06,4.00975e+06,1.41692e+07,0,0,0,0
114.177,122.105,1.22386,0.03,0,2.55976,2.60274,0,0.47949,4.89888,4.38366e+06,2.99988e+06,1.12211e+07,0,0,0,0,57.3179,61.308,1.13671,1,1,1.556,1.58212,0,1.20164,1.69344,9.11013e+06,4.00975e+06,1.41754e+07,0,0,0,0
112.866,122.105,1.12724,0.03,0,2.56088,2.60388,0,0.4797,4.89888,4.38366e+06,2.99988e+06,1.1226e+07,0,0,0,0,56.284,61.308,1.14359,1,1,1.55668,1.58281,0,1.20217,1.69344,9.11013e+06,4.00975e+06,1.41816e+07,0,0,0,0
111.469,122.105,1.0247,0.04,0,2.56201,2.60502,0,0.47991,4.89888,4.38366e+06,2.99988e+06,1.1231e+07,0,0,0,0,55.1651,61.308,1.0177,1,1,1.55736,1.58351,0,1.20269,1.69344,9.11013e+06,4.00975e+06,1.41878e+07,0,0,0,0
109.994,122.105,0.94801,0.04,0,2.62294,2.66698,0,0.48012,4.89888,4.38366e+06,2.99988e+06,1.14981e+07,0,0,0,0,54.1122,61.308,0.972124,1,1,1.59611,1.62291,0,1.20322,1.69344,9.11013e+06,4.00975e+06,1.45408e+07,0,0,0,0
108.635,122.105,1.05546,0.04,0,2.62409,2.66814,0,0.49154,4.89888,4.38366e+06,2.99988e+06,1.15031e+07,0,0,0,0,53.2711,61.308,1.21888,1,1,1.59681,1.62362,0,1.23316,1.69344,9.11013e+06,4.00975e+06,1.45472e+07,0,0,0,0
107.223,122.105,0.98628,0.05,0,2.62524,2.66931,0,0.491755,4.89888,4.38366e+06,2.99988e+06,1.15081e+07,0,0,0,0,52.2707,61.308,1.21867,1,1,1.59751,1.62433,0,1.2337,1.69344,9.11013e+06,4.00975e+06,1.45535e+07,0,0,0,0
105.759,122.105,0.907181,0.05,0,2.62639,2.67048,0,0.49197,4.89888,4.38366e+06,2.99988e+06,1.15132e+07,0,0,0,0,51.279,61.308,1.09008,1,1,1.59821,1.62504,0,1.23424,1.69344,9.11013e+06,4.00975e+06,1.45599e+07,0,0,0,0
104.138,122.105,0.894066,0.06,0,2.80302,2.85007,0,0.492185,4.89888,4.38366e+06,2.99988e+06,1.22875e+07,0,0,0,0,50.012,61.308,1.14448,1,1,1.69344,1.76572,0.0431261,1.23478,1.69344,9.11013e+06,4.00975e+06,1.54275e+07,0,0,0,0
102.472,122.105,0.821968,0.06,0,2.80424,2.85132,0,0.525285,4.89888,4.38366e+06,2.99988e+06,1.22928e+07,0,0,0,0,48.5789,61.308,0.892121,1,1,1.69344,1.76649,0.043885,1.30835,1.69344,9.11013e+06,4.00975e+06,1.54275e+07,0,0,0,0
100.677,122.105,0.668175,0.06,0,2.80547,2.85256,0,0.525515,4.89888,4.38366e+06,2.99988e+06,1.22982e+07,0,0,0,0,47.3379,61.308,0.669866,1,1,1.69344,1.76726,0.044644,1.30835,1.69344,9.11013e+06,4.00975e+06,1.54275e+07,0,0,0,0
99.0103,122.105,0.810296,0.07,0,2.80669,2.85381,0,0.525744,4.89888,4.38366e+06,2.99988e+06,1.23036e+07,0,0,0,0,46.0657,61.308,1.09784,1,1,1.69344,1.76804,0.0454032,1.30835,1.69344,9.11013e+06,4.00975e+06,1.54275e+07,0,0,0,0
97.2262,122.105,0.677358,0.08,0,2.80792,2.85506,0,0.525974,4.89888,4.38366e+06,2.99988e+06,1.23089e+07,0,0,0,0,45.1329,61.308,0.789059,1,1,1.69344,1.76881,0.0461626,1.30835,1.69344,9.11013e+06,4.00975e+06,1.54275e+07,0,0,0,0
95.8371,122.105,1.15401,0.11,0,2.72343,2.76915,0,0.526204,4.89888,4.38366e+06,2.99988e+06,1.19386e+07,0,0,0,0,44.4234,61.308,1.57504,1,1,1.65663,1.68444,0,1.30835,1.69344,9.11013e+06,4.00975e+06,1.50921e+07,0,0,0,0
94.3994,122.105,1.00387,0.1,0,2.72462,2.77036,0,0.510371,4.89888,4.38366e+06,2.99988e+06,1.19438e+07,0,0,0,0,44.2512,61.308,1.39326,1,1,1.65735,1.68517,0,1.27991,1.69344,9.11013e+06,4.00975e+06,1.50987e+07,0,0,0,0
94.0076,122.105,2.39006,0.11,0,2.72581,2.77157,0,0.510594,4.89888,4.38366e+06,2.99988e+06,1.1949e+07,0,0,0,0,44.4659,61.308,2.6965,1,1,1.65807,1.68591,0,1.28047,1.69344,9.11013e+06,4.00975e+06,1.51053e+07,0,0,0,0
93.389,122.105,2.16802,0.11,0,2.727,2.77278,0,0.510817,4.89888,4.38366e+06,2.99988e+06,1.19542e+07,0,0,0,0,44.7468,61.308,2.44593,1,1,1.6588,1.68664,0,1.28103,1.69344,9.11013e+06,4.00975e+06,1.51119e+07,0,0,0,0
93.8306,122.105,3.12372,0.12,0,2.65771,2.70233,0,0.51104,4.89888,4.38366e+06,2.99988e+06,1.16505e+07,0,0,0,0,44.9378,61.308,2.12771,1,1,1.58317,1.60974,0,1.28159,1.69344,9.11013e+06,4.00975e+06,1.44228e+07,0,0,0,0
95.9716,122.105,5.08483,0.12,0,2.65887,2.70351,0,0.498056,4.89888,4.38366e+06,2.99988e+06,1.16556e+07,0,0,0,0,45.3874,61.308,2.8123,1,1,1.58386,1.61045,0,1.22315,1.69344,9.11013e+06,4.00975e+06,1.44291e+07,0,0,0,0
97.9593,122.105,4.96364,0.12,0,2.66003,2.70469,0,0.498273,4.89888,4.38366e+06,2.99988e+06,1.16607e+07,0,0,0,0,46.292,61.308,3.45129,1,1,1.58455,1.61115,0,1.22369,1.69344,9.11013e+06,4.00975e+06,1.44354e+07,0,0,0,0
100.395,122.105,5.78493,0.08,0,2.66119,2.70587,0,0.49849,4.89888,4.38366e+06,2.99988e+06,1.16658e+07,0,0,0,0,46.9639,61.308,3.35751,1,1,1.58524,1.61185,0,1.22422,1.69344,9.11013e+06,4.00975e+06,1.44417e+07,0,0,0,0
101.334,122.105,3.81807,0.07,0,2.50318,2.50318,0,0.498708,4.89888,4.38366e+06,2.70226e+06,1.09731e+07,0,0,0,0,47.3271,61.308,2.45488,0,1,1.45058,1.45058,0,1.22475,1.69344,9.11013e+06,3.61194e+06,1.3215e+07,0,0,0,0
102.435,122.105,3.93084,0.08,0,2.50427,2.50427,0,0.469096,4.89888,4.38366e+06,2.70226e+06,1.09779e+07,0,0,0,0,47.7635,61.308,3.42876,0,1,1.45121,1.45121,0,1.12072,1.69344,9.11013e+06,3.61194e+06,1.32207e+07,0,0,0,0
105.192,122.105,5.92084,0.09,0,2.50536,2.50536,0,0.4693,4.89888,4.38366e+06,2.70226e+06,1.09826e+07,0,0,0,0,48.7819,61.308,5.95561,0,1,1.45184,1.45184,0,1.12121,1.69344,9.11013e+06,3.61194e+06,1.32265e+07,0,0,0,0
115.512,122.105,14.5738,0.08,0,2.50645,2.50645,0,0.469505,4.89888,4.38366e+06,2.70226e+06,1.09874e+07,0,0,0,0,52.6601,61.308,8.12511,0,1,1.45248,1.45248,0,1.12169,1.69344,9.11013e+06,3.61194e+06,1.32322e+07,0,0,0,0
122.105,122.105,25.8886,0.02,0,2.50754,2.50754,0,0.469709,4.89888,4.38366e+06,2.70226e+06,1.09922e+07,0,0,0,0,62.167,61.308,14.1186,0,1,1.45311,1.45311,0,1.12218,1.69344,9.11013e+06,3.61194e+06,1.3238e+07,0,0,0,0
122.105,122.105,6.88368,0.02,0,2.5872,2.5872,0,0.469914,4.89888,4.38366e+06,2.70226e+06,1.13414e+07,0,0,0,0,62.3362,61.308,4.47252,0,1,1.50073,1.50073,0,1.12267,1.69344,9.11013e+06,3.61194e+06,1.36719e+07,0,0,0,0
122.105,122.105,4.25164,0.02,0,2.58829,2.58829,0,0.484841,4.89888,4.38366e+06,2.70226e+06,1.13462e+07,0,0,0,0,62.3362,61.308,3.26976,0,1,1.50136,1.50136,0,1.15946,1.69344,9.11013e+06,3.61194e+06,1.36776e+07,0,0,0,0
122.105,122.105,3.89024,0.02,0,2.58938,2.58938,0,0.485045,4.89888,4.38366e+06,2.70226e+06,1.13509e+07,0,0,0,0,62.3362,61.308,3.223,0,1,1.502,1.502,0,1.15995,1.69344,9.11013e+06,3.61194e+06,1.36834e+07,0,0,0,0
122.105,122.105,4.54751,0.02,0,2.59047,2.59047,0,0.485249,4.89888,4.38366e+06,2.70226e+06,1.13557e+07,0,0,0,0,62.3362,61.308,3.41605,0,1,1.50263,1.50263,0,1.16044,1.69344,9.11013e+06,3.61194e+06,1.36891e+07,0,0,0,0
122.105,122.105,4.45752,0.03,0,2.79737,2.84433,0,0.485454,4.89888,4.38366e+06,2.99988e+06,1.22627e+07,0,0,0,0,62.3362,61.308,3.19129,1,1,1.65227,1.68001,0,1.16093,1.69344,9.11013e+06,4.00975e+06,1.50524e+07,0,0,0,0
122.105,122.105,3.82261,0.04,0,2.79855,2.84553,0,0.524227,4.89888,4.38366e+06,2.99988e+06,1.22679e+07,0,0,0,0,62.3362,61.308,2.81794,1,1,1.65297,1.68072,0,1.27655,1.69344,9.11013e+06,4.00975e+06,1.50588e+07,0,0,0,0
122.105,122.105,3.5987,0.04,0,2.79973,2.84673,0,0.524448,4.89888,4.38366e+06,2.99988e+06,1.2273e+07,0,0,0,0,62.3362,61.308,2.97,1,1,1.65366,1.68143,0,1.27708,1.69344,9.11013e+06,4.00975e+06,1.50651e+07,0,0,0,0
122.105,122.105,4.05545,0.04,0,2.8009,2.84793,0,0.524669,4.89888,4.38366e+06,2.99988e+06,1.22782e+07,0,0,0,0,62.3362,61.308,3.00203,1,1,1.65436,1.68213,0,1.27762,1.69344,9.11013e+06,4.00975e+06,1.50714e+07,0,0,0,0
122.105,122.105,4.47158,0.04,0,2.48798,2.48798,0,0.524889,4.89888,4.38366e+06,2.70226e+06,1.09064e+07,0,0,0,0,62.3362,61.308,3.99016,0,1,1.44524,1.44524,0,1.27816,1.69344,9.11013e+06,3.61194e+06,1.31663e+07,0,0,0,0
122.105,122.105,7.4028,0.04,0,2.48903,2.48903,0,0.466247,4.89888,4.38366e+06,2.70226e+06,1.0911e+07,0,0,0,0,62.3362,61.308,6.02905,0,1,1.44585,1.44585,0,1.11659,1.69344,9.11013e+06,3.61194e+06,1.31719e+07,0,0,0,0
122.105,122.105,6.46277,0.04,0,2.49007,2.49007,0,0.466443,4.89888,4.38366e+06,2.70226e+06,1.09156e+07,0,0,0,0,62.3362,61.308,4.81308,0,1,1.44645,1.44645,0,1.11706,1.69344,9.11013e+06,3.61194e+06,1.31774e+07,0,0,0,0
122.105,122.105,6.37096,0.04,0,2.49112,2.49112,0,0.466639,4.89888,4.38366e+06,2.70226e+06,1.09202e+07,0,0,0,0,62.3362,61.308,5.87871,0,1,1.44706,1.44706,0,1.11753,1.69344,9.11013e+06,3.61194e+06,1.31829e+07,0,0,0,0
122.105,122.105,6.71381,0.04,0,2.49217,2.49217,0,0.466836,4.89888,4.38366e+06,2.70226e+06,1.09248e+07,0,0,0,0,62.3362,61.308,5.87839,0,1,1.44767,1.44767,0,1.118,1.69344,9.11013e+06,3.61194e+06,1.31885e+07,0,0,0,0
122.105,122.105,6.00826,0.04,0,2.58431,2.58431,0,0.467032,4.89888,4.38366e+06,2.70226e+06,1.13287e+07,0,0,0,0,62.3362,61.308,3.69753,0,1,1.50653,1.50653,0,1.11847,1.69344,9.11013e+06,3.61194e+06,1.37247e+07,0,0,0,0
122.105,122.105,5.79912,0.05,0,2.5854,2.5854,0,0.4843,4.89888,4.38366e+06,2.70226e+06,1.13335e+07,0,0,0,0,62.3362,61.308,5.28021,0,1,1.50716,1.50716,0,1.16394,1.69344,9.11013e+06,3.61194e+06,1.37304e+07,0,0,0,0
122.105,122.105,5.77476,0.05,0,2.58648,2.58648,0,0.484503,4.89888,4.38366e+06,2.70226e+06,1.13382e+07,0,0,0,0,62.3362,61.308,5.58868,0,1,1.50779,1.50779,0,1.16443,1.69344,9.11013e+06,3.61194e+06,1.37362e+07,0,0,0,0
122.105,122.105,4.21622,0.05,0,2.58757,2.58757,0,0.484707,4.89888,4.38366e+06,2.70226e+06,1.1343e+07,0,0,0,0,62.3362,61.308,5.58611,0,1,1.50843,1.50843,0,1.16492,1.69344,9.11013e+06,3.61194e+06,1.3742e+07,0,0,0,0
122.105,122.105,4.21268,0.05,0,2.55298,2.55298,0,0.48491,4.89888,4.38366e+06,2.70226e+06,1.11914e+07,0,0,0,0,62.3362,61.308,3.85507,0,1,1.4864,1.4864,0,1.16541,1.69344,9.11013e+06,3.61194e+06,1.35413e+07,0,0,0,0
122.105,122.105,3.66779,0.05,0,2.55405,2.55405,0,0.478428,4.89888,4.38366e+06,2.70226e+06,1.11961e+07,0,0,0,0,62.3362,61.308,2.60977,0,1,1.48702,1.48702,0,1.14839,1.69344,9.11013e+06,3.61194e+06,1.3547e+07,0,0,0,0
122.105,122.105,3.27778,0.05,0,2.55512,2.55512,0,0.478629,4.89888,4.38366e+06,2.70226e+06,1.12008e+07,0,0,0,0,62.3362,61.308,2.34503,0,1,1.48765,1.48765,0,1.14887,1.69344,9.11013e+06,3.61194e+06,1.35527e+07,0,0,0,0
122.105,122.105,3.1013,0.05,0,2.55619,2.55619,0,0.478829,4.89888,4.38366e+06,2.70226e+06,1.12055e+07,0,0,0,0,62.3251,61.308,2.31598,0,1,1.48827,1.48827,0,1.14936,1.69344,9.11013e+06,3.61194e+06,1.35584e+07,0,0,0,0
122.105,122.105,3.05378,0.05,0,2.63435,2.67857,0,0.47903,4.89888,4.38366e+06,2.99988e+06,1.15481e+07,0,0,0,0,62.2742,61.308,2.38502,1,1,1.54348,1.56939,0,1.14984,1.69344,9.11013e+06,4.00975e+06,1.40613e+07,0,0,0,0
122.105,122.105,3.18363,0.04,0,2.63545,2.6797,0,0.493677,4.89888,4.38366e+06,2.99988e+06,1.15529e+07,0,0,0,0,62.3362,61.308,2.34623,1,1,1.54413,1.57005,0,1.19249,1.69344,9.11013e+06,4.00975e+06,1.40672e+07,0,0,0,0
122.105,122.105,2.8555,0.04,0,2.63656,2.68082,0,0.493884,4.89888,4.38366e+06,2.99988e+06,1.15578e+07,0,0,0,0,62.2752,61.308,2.15361,1,1,1.54478,1.57071,0,1.19299,1.69344,9.11013e+06,4.00975e+06,1.40731e+07,0,0,0,0
121.975,122.105,2.70384,0.02,0,2.63766,2.68195,0,0.494091,4.89888,4.38366e+06,2.99988e+06,1.15626e+07,0,0,0,0,62.2381,61.308,2.1853,1,1,1.54542,1.57137,0,1.19349,1.69344,9.11013e+06,4.00975e+06,1.4079e+07,0,0,0,0
121.756,122.105,2.60664,0.05,0,2.63877,2.68307,0,0.494298,4.89888,4.38366e+06,2.99988e+06,1.15675e+07,0,0,0,0,61.9733,61.308,2.12475,1,1,1.54607,1.57203,0,1.194,1.69344,9.11013e+06,4.00975e+06,1.40849e+07,0,0,0,0
120.797,122.105,1.69975,0.05,0,2.61623,2.66015,0,0.494506,4.89888,4.38366e+06,2.99988e+06,1.14687e+07,0,0,0,0,61.4115,61.308,1.64494,1,1,1.59032,1.61702,0,1.1945,1.69344,9.11013e+06,4.00975e+06,1.44881e+07,0,0,0,0
119.659,122.105,1.50897,0.04,0,2.61733,2.66127,0,0.490282,4.89888,4.38366e+06,2.99988e+06,1.14735e+07,0,0,0,0,60.8143,61.308,1.49129,1,1,1.59099,1.6177,0,1.22868,1.69344,9.11013e+06,4.00975e+06,1.44941e+07,0,0,0,0
118.416,122.105,1.39147,0.03,0,2.61843,2.66238,0,0.490488,4.89888,4.38366e+06,2.99988e+06,1.14783e+07,0,0,0,0,60.0827,61.308,1.49845,1,1,1.59166,1.61838,0,1.2292,1.69344,9.11013e+06,4.00975e+06,1.45002e+07,0,0,0,0
117.071,122.105,1.2663,0.03,0,2.61952,2.6635,0,0.490693,4.89888,4.38366e+06,2.99988e+06,1.14831e+07,0,0,0,0,59.3387,61.308,1.33703,1,1,1.59232,1.61906,0,1.22971,1.69344,9.11013e+06,4.00975e+06,1.45063e+07,0,0,0,0
115.703,122.105,1.25393,0.04,0,2.68178,2.7268,0,0.490899,4.89888,4.38366e+06,2.99988e+06,1.1756e+07,0,0,0,0,58.5426,61.308,1.34421,1,1,1.63192,1.65931,0,1.23023,1.69344,9.11013e+06,4.00975e+06,1.4867e+07,0,0,0,0
114.401,122.105,1.28703,0.04,0,2.6829,2.72795,0,0.502566,4.89888,4.38366e+06,2.99988e+06,1.17609e+07,0,0,0,0,57.6131,61.308,1.38002,1,1,1.6326,1.66001,0,1.26082,1.69344,9.11013e+06,4.00975e+06,1.48732e+07,0,0,0,0
113.011,122.105,1.17244,0.04,0,2.68403,2.72909,0,0.502776,4.89888,4.38366e+06,2.99988e+06,1.17659e+07,0,0,0,0,56.9367,61.308,1.20637,1,1,1.63328,1.6607,0,1.26135,1.69344,9.11013e+06,4.00975e+06,1.48794e+07,0,0,0,0
111.762,122.105,1.36976,0.05,0,2.68515,2.73023,0,0.502987,4.89888,4.38366e+06,2.99988e+06,1.17708e+07,0,0,0,0,56.3176,61.308,1.57494,1,1,1.63397,1.6614,0,1.26188,1.69344,9.11013e+06,4.00975e+06,1.48857e+07,0,0,0,0
110.341,122.105,1.2958,0.05,0,2.86568,2.91379,0,0.503197,4.89888,4.38366e+06,2.99988e+06,1.25622e+07,0,0,0,0,55.0129,61.308,1.49594,1,1,1.69344,1.80519,0.081949,1.2624,1.69344,9.11013e+06,4.00975e+06,1.54275e+07,0,0,0,0
108.677,122.105,0.961129,0.05,0,2.86688,2.91501,0,0.537029,4.89888,4.38366e+06,2.99988e+06,1.25674e+07,0,0,0,0,53.6432,61.308,0.742141,1,1,1.69344,1.80595,0.0826921,1.30835,1.69344,9.11013e+06,4.00975e+06,1.54275e+07,0,0,0,0
107.098,122.105,1.06362,0.06,0,2.86808,2.91623,0,0.537253,4.89888,4.38366e+06,2.99988e+06,1.25727e+07,0,0,0,0,52.1931,61.308,0.91959,1,1,1.69344,1.80671,0.0834353,1.30835,1.69344,9.11013e+06,4.00975e+06,1.54275e+07,0,0,0,0
105.361,122.105,0.865887,0.06,0,2.86928,2.91745,0,0.537478,4.89888,4.38366e+06,2.99988e+06,1.25779e+07,0,0,0,0,50.9588,61.308,0.649994,1,1,1.69344,1.80746,0.0841787,1.30835,1.69344,9.11013e+06,4.00975e+06,1.54275e+07,0,0,0,0
103.804,122.105,1.09258,0.09,0,2.87048,2.91867,0,0.537703,4.89888,4.38366e+06,2.99988e+06,1.25832e+07,0,0,0,0,49.7396,61.308,1.177,1,1,1.69344,1.80822,0.0849224,1.30835,1.69344,9.11013e+06,4.00975e+06,1.54275e+07,0,0,0,0
102.294,122.105,1.1605,0.1,0,2.78406,2.8308,0,0.537928,4.89888,4.38366e+06,2.99988e+06,1.22044e+07,0,0,0,0,49.0745,61.308,1.04678,1,1,1.69344,1.72194,6.55374e-05,1.30835,1.69344,9.11013e+06,4.00975e+06,1.54275e+07,0,0,0,0
101.799,122.105,2.34687,0.1,0,2.78523,2.83198,0,0.521733,4.89888,4.38366e+06,2.99988e+06,1.22095e+07,0,0,0,0,48.5375,61.308,2.00806,1,1,1.69344,1.72266,0.000773673,1.30835,1.69344,9.11013e+06,4.00975e+06,1.54275e+07,0,0,0,0
100.363,122.105,1.25009,0.1,0,2.78639,2.83317,0,0.521951,4.89888,4.38366e+06,2.99988e+06,1.22146e+07,0,0,0,0,47.5082,61.308,1.22234,1,1,1.69344,1.72338,0.00148204,1.30835,1.69344,9.11013e+06,4.00975e+06,1.54275e+07,0,0,0,0
98.9642,122.105,1.19083,0.1,0,2.78756,2.83435,0,0.52217,4.89888,4.38366e+06,2.99988e+06,1.22197e+07,0,0,0,0,47.2417,61.308,1.1928,1,1,1.69344,1.7241,0.00219053,1.30835,1.69344,9.11013e+06,4.00975e+06,1.54275e+07,0,0,0,0
98.7366,122.105,2.78333,0.11,0,2.71668,2.76229,0,0.522388,4.89888,4.38366e+06,2.99988e+06,1.1909e+07,0,0,0,0,47.0663,61.308,2.21765,1,1,1.61829,1.64546,0,1.30835,1.69344,9.11013e+06,4.00975e+06,1.47428e+07,0,0,0,0
97.5796,122.105,1.78059,0.11,0,2.71782,2.76344,0,0.509106,4.89888,4.38366e+06,2.99988e+06,1.1914e+07,0,0,0,0,46.8969,61.308,1.72953,1,1,1.61897,1.64615,0,1.25029,1.69344,9.11013e+06,4.00975e+06,1.4749e+07,0,0,0,0
97.1248,122.105,2.65215,0.15,0,2.71895,2.7646,0,0.509319,4.89888,4.38366e+06,2.99988e+06,1.1919e+07,0,0,0,0,47.1209,61.308,2.08854,1,1,1.61964,1.64683,0,1.25081,1.69344,9.11013e+06,4.00975e+06,1.47552e+07,0,0,0,0
99.4153,122.105,5.98455,0.15,0,2.72009,2.76575,0,0.509532,4.89888,4.38366e+06,2.99988e+06,1.19239e+07,0,0,0,0,48.8251,61.308,5.29977,1,1,1.62032,1.64752,0,1.25134,1.69344,9.11013e+06,4.00975e+06,1.47613e+07,0,0,0,0
100.763,122.105,4.41109,0.1,0,2.55853,2.55853,0,0.509744,4.89888,4.38366e+06,2.70226e+06,1.12157e+07,0,0,0,0,49.9798,61.308,3.69522,0,1,1.48265,1.48265,0,1.25186,1.69344,9.11013e+06,3.61194e+06,1.35072e+07,0,0,0,0
101.281,122.105,3.76657,0.1,0,2.5596,2.5596,0,0.479468,4.89888,4.38366e+06,2.70226e+06,1.12204e+07,0,0,0,0,51.2913,61.308,3.54354,0,1,1.48327,1.48327,0,1.1455,1.69344,9.11013e+06,3.61194e+06,1.35128e+07,0,0,0,0
102.294,122.105,4.33713,0.11,0,2.56066,2.56066,0,0.479668,4.89888,4.38366e+06,2.70226e+06,1.12251e+07,0,0,0,0,52.893,61.308,4.34651,0,1,1.48389,1.48389,0,1.14598,1.69344,9.11013e+06,3.61194e+06,1.35184e+07,0,0,0,0
105.038,122.105,6.13505,0.12,0,2.56173,2.56173,0,0.479869,4.89888,4.38366e+06,2.70226e+06,1.12298e+07,0,0,0,0,54.6893,61.308,5.09989,0,1,1.48451,1.48451,0,1.14645,1.69344,9.11013e+06,3.61194e+06,1.35241e+07,0,0,0,0
108.48,122.105,6.93099,0.13,0,2.5628,2.5628,0,0.480069,4.89888,4.38366e+06,2.70226e+06,1.12345e+07,0,0,0,0,56.7459,61.308,5.31576,0,1,1.48513,1.48513,0,1.14693,1.69344,9.11013e+06,3.61194e+06,1.35297e+07,0,0,0,0
111.433,122.105,6.47974,0.07,0,2.60051,2.64416,0,0.480269,4.89888,4.38366e+06,2.99988e+06,1.13997e+07,0,0,0,0,58.4581,61.308,4.9543,1,1,1.50845,1.53377,0,1.14741,1.69344,9.11013e+06,4.00975e+06,1.37422e+07,0,0,0,0
115.642,122.105,7.99093,0.07,0,2.60155,2.64523,0,0.487335,4.89888,4.38366e+06,2.99988e+06,1.14043e+07,0,0,0,0,59.9494,61.308,5.46928,1,1,1.50906,1.53439,0,1.16543,1.69344,9.11013e+06,4.00975e+06,1.37477e+07,0,0,0,0
119.777,122.105,8.22313,0.05,0,2.6026,2.64629,0,0.487531,4.89888,4.38366e+06,2.99988e+06,1.14089e+07,0,0,0,0,61.7801,61.308,6.08795,1,1,1.50967,1.53501,0,1.1659,1.69344,9.11013e+06,4.00975e+06,1.37533e+07,0,0,0,0
122.105,122.105,7.75441,0.07,0,2.60365,2.64736,0,0.487728,4.89888,4.38366e+06,2.99988e+06,1.14135e+07,0,0,0,0,62.3362,61.308,6.11324,1,1,1.51027,1.53563,0,1.16637,1.69344,9.11013e+06,4.00975e+06,1.37588e+07,0,0,0,0
122.105,122.105,9.59731,0.04,0,2.85875,2.90675,0,0.487924,4.89888,4.38366e+06,2.99988e+06,1.25318e+07,0,0,0,0,62.3362,61.308,5.87273,1,1,1.68853,1.71688,0,1.16684,1.69344,9.11013e+06,4.00975e+06,1.53827e+07,0,0,0,0
122.105,122.105,14.9877,0.04,0,2.8599,2.90792,0,0.535731,4.89888,4.38366e+06,2.99988e+06,1.25368e+07,0,0,0,0,62.3362,61.308,14.6477,1,1,1.68921,1.71757,0,1.30456,1.69344,9.11013e+06,4.00975e+06,1.53889e+07,0,0,0,0
122.105,122.105,7.81299,0.04,0,2.86106,2.90909,0,0.535946,4.89888,4.38366e+06,2.99988e+06,1.25419e+07,0,0,0,0,62.3362,61.308,8.10661,1,1,1.68989,1.71826,0,1.30508,1.69344,9.11013e+06,4.00975e+06,1.53951e+07,0,0,0,0
122.105,122.105,6.13295,0.04,0,2.86221,2.91026,0,0.536162,4.89888,4.38366e+06,2.99988e+06,1.25469e+07,0,0,0,0,62.3362,61.308,7.02092,1,1,1.69057,1.71895,0,1.30561,1.69344,9.11013e+06,4.00975e+06,1.54013e+07,0,0,0,0
122.105,122.105,8.17905,0.04,0,2.54239,2.54239,0,0.536378,4.89888,4.38366e+06,2.70226e+06,1.1145e+07,0,0,0,0,62.3362,61.308,10.883,0,1,1.47684,1.47684,0,1.30613,1.69344,9.11013e+06,3.61194e+06,1.34542e+07,0,0,0,0
122.105,122.105,15.8239,0.04,0,2.54341,2.54341,0,0.476443,4.89888,4.38366e+06,2.70226e+06,1.11494e+07,0,0,0,0,62.3362,61.308,22.7923,0,1,1.47744,1.47744,0,1.14101,1.69344,9.11013e+06,3.61194e+06,1.34597e+07,0,0,0,0
122.105,122.105,10.6734,0.04,0,2.54443,2.54443,0,0.476635,4.89888,4.38366e+06,2.70226e+06,1.11539e+07,0,0,0,0,62.3362,61.308,11.3625,0,1,1.47803,1.47803,0,1.14147,1.69344,9.11013e+06,3.61194e+06,1.34651e+07,0,0,0,0
122.105,122.105,13.0092,0.04,0,2.54545,2.54545,0,0.476827,4.89888,4.38366e+06,2.70226e+06,1.11584e+07,0,0,0,0,62.3362,61.308,14.0132,0,1,1.47863,1.47863,0,1.14193,1.69344,9.11013e+06,3.61194e+06,1.34705e+07,0,0,0,0
122.105,122.105,14.6604,0.04,0,2.54648,2.54648,0,0.477018,4.89888,4.38366e+06,2.70226e+06,1.11629e+07,0,0,0,0,62.3362,61.308,18.2117,0,1,1.47922,1.47922,0,1.14239,1.69344,9.11013e+06,3.61194e+06,1.34759e+07,0,0,0,0
122.105,122.105,10.7604,0.05,0,2.59698,2.64058,0,0.47721,4.89888,4.38366e+06,2.99988e+06,1.13843e+07,0,0,0,0,62.3362,61.308,10.9723,1,1,1.51392,1.53933,0,1.14285,1.69344,9.11013e+06,4.00975e+06,1.3792e+07,0,0,0,0
122.105,122.105,9.73222,0.06,0,2.59803,2.64164,0,0.486675,4.89888,4.38366e+06,2.99988e+06,1.13889e+07,0,0,0,0,62.3362,61.308,9.00767,1,1,1.51452,1.53995,0,1.16965,1.69344,9.11013e+06,4.00975e+06,1.37975e+07,0,0,0,0
122.105,122.105,14.1308,0.07,0,2.59907,2.6427,0,0.48687,4.89888,4.38366e+06,2.99988e+06,1.13934e+07,0,0,0,0,62.3362,61.308,15.9279,1,1,1.51513,1.54057,0,1.17012,1.69344,9.11013e+06,4.00975e+06,1.38031e+07,0,0,0,0
122.105,122.105,9.8651,0.07,0,2.60012,2.64377,0,0.487066,4.89888,4.38366e+06,2.99988e+06,1.1398e+07,0,0,0,0,62.3362,61.308,10.3643,1,1,1.51574,1.54119,0,1.17059,1.69344,9.11013e+06,4.00975e+06,1.38086e+07,0,0,0,0
122.105,122.105,8.89421,0.07,0,2.60838,2.60838,0,0.487262,4.89888,4.38366e+06,2.70226e+06,1.14342e+07,0,0,0,0,62.3362,61.308,8.18911,0,1,1.51865,1.51865,0,1.17106,1.69344,9.11013e+06,3.61194e+06,1.38351e+07,0,0,0,0
122.105,122.105,9.15288,0.07,0,2.60942,2.60942,0,0.48881,4.89888,4.38366e+06,2.70226e+06,1.14388e+07,0,0,0,0,62.3362,61.308,7.19336,0,1,1.51926,1.51926,0,1.17331,1.69344,9.11013e+06,3.61194e+06,1.38407e+07,0,0,0,0
122.105,122.105,7.85549,0.07,0,2.61047,2.61047,0,0.489006,4.89888,4.38366e+06,2.70226e+06,1.14434e+07,0,0,0,0,62.3362,61.308,6.46379,0,1,1.51987,1.51987,0,1.17378,1.69344,9.11013e+06,3.61194e+06,1.38463e+07,0,0,0,0
122.105,122.105,7.27251,0.07,0,2.61152,2.61152,0,0.489202,4.89888,4.38366e+06,2.70226e+06,1.1448e+07,0,0,0,0,62.3362,61.308,5.97571,0,1,1.52048,1.52048,0,1.17425,1.69344,9.11013e+06,3.61194e+06,1.38518e+07,0,0,0,0
122.105,122.105,6.87821,0.07,0,2.69132,2.7365,0,0.489399,4.89888,4.38366e+06,2.99988e+06,1.17978e+07,0,0,0,0,62.3362,61.308,5.60872,1,1,1.57686,1.60333,0,1.17473,1.69344,9.11013e+06,4.00975e+06,1.43654e+07,0,0,0,0
122.105,122.105,5.57875,0.06,0,2.6924,2.7376,0,0.504353,4.89888,4.38366e+06,2.99988e+06,1.18026e+07,0,0,0,0,62.3362,61.308,4.20318,1,1,1.57749,1.60398,0,1.21828,1.69344,9.11013e+06,4.00975e+06,1.43712e+07,0,0,0,0
122.105,122.105,5.02179,0.05,0,2.69348,2.7387,0,0.504555,4.89888,4.38366e+06,2.99988e+06,1.18073e+07,0,0,0,0,62.3362,61.308,3.67311,1,1,1.57813,1.60462,0,1.21877,1.69344,9.11013e+06,4.00975e+06,1.43769e+07,0,0,0,0
122.105,122.105,4.81064,0.05,0,2.69456,2.7398,0,0.504758,4.89888,4.38366e+06,2.99988e+06,1.1812e+07,0,0,0,0,62.3362,61.308,3.63861,1,1,1.57876,1.60526,0,1.21926,1.69344,9.11013e+06,4.00975e+06,1.43827e+07,0,0,0,0
122.105,122.105,4.59439,0.04,0,2.69564,2.74089,0,0.50496,4.89888,4.38366e+06,2.99988e+06,1.18168e+07,0,0,0,0,62.3362,61.308,3.85709,1,1,1.57939,1.60591,0,1.21975,1.69344,9.11013e+06,4.00975e+06,1.43885e+07,0,0,0,0
122.105,122.105,3.7045,0.03,0,2.67257,2.71744,0,0.505163,4.89888,4.38366e+06,2.99988e+06,1.17156e+07,0,0,0,0,62.3362,61.308,3.05771,1,1,1.62457,1.65184,0,1.22024,1.69344,9.11013e+06,4.00975e+06,1.48e+07,0,0,0,0
122.105,122.105,3.35803,0.03,0,2.67364,2.71852,0,0.500839,4.89888,4.38366e+06,2.99988e+06,1.17203e+07,0,0,0,0,62.3362,61.308,2.6363,1,1,1.62522,1.6525,0,1.25514,1.69344,9.11013e+06,4.00975e+06,1.4806e+07,0,0,0,0
122.105,122.105,3.11456,0.03,0,2.67471,2.71961,0,0.50104,4.89888,4.38366e+06,2.99988e+06,1.1725e+07,0,0,0,0,62.3362,61.308,2.64541,1,1,1.62587,1.65317,0,1.25565,1.69344,9.11013e+06,4.00975e+06,1.48119e+07,0,0,0,0
122.04,122.105,2.86716,0.03,0,2.67578,2.72071,0,0.501241,4.89888,4.38366e+06,2.99988e+06,1.17297e+07,0,0,0,0,62.3187,61.308,2.33372,1,1,1.62652,1.65383,0,1.25615,1.69344,9.11013e+06,4.00975e+06,1.48178e+07,0,0,0,0
121.656,122.105,2.53009,0.05,0,2.73933,2.78532,0,0.501442,4.89888,4.38366e+06,2.99988e+06,1.20083e+07,0,0,0,0,62.1304,61.308,2.15342,1,1,1.66694,1.69492,0,1.25665,1.69344,9.11013e+06,4.00975e+06,1.5186e+07,0,0,0,0
121.126,122.105,2.30996,0.05,0,2.74043,2.78643,0,0.51335,4.89888,4.38366e+06,2.99988e+06,1.20131e+07,0,0,0,0,61.8902,61.308,2.06925,1,1,1.6676,1.6956,0,1.28787,1.69344,9.11013e+06,4.00975e+06,1.51921e+07,0,0,0,0
120.615,122.105,2.3925,0.05,0,2.74152,2.78755,0,0.513556,4.89888,4.38366e+06,2.99988e+06,1.20179e+07,0,0,0,0,61.6089,61.308,2.19243,1,1,1.66827,1.69628,0,1.28839,1.69344,9.11013e+06,4.00975e+06,1.51982e+07,0,0,0,0
119.986,122.105,2.20694,0.05,0,2.74262,2.78867,0,0.513762,4.89888,4.38366e+06,2.99988e+06,1.20227e+07,0,0,0,0,61.266,61.308,2.11595,1,1,1.66894,1.69696,0,1.28891,1.69344,9.11013e+06,4.00975e+06,1.52043e+07,0,0,0,0
119.047,122.105,2.01677,0.05,0,2.92696,2.9761,0,0.513967,4.89888,4.38366e+06,2.99988e+06,1.28308e+07,0,0,0,0,60.7631,61.308,1.85719,1,1,1.69344,1.8438,0.119915,1.28942,1.69344,9.11013e+06,4.00975e+06,1.54275e+07,0,0,0,0
117.603,122.105,1.46314,0.05,0,2.92813,2.97729,0,0.548513,4.89888,4.38366e+06,2.99988e+06,1.28359e+07,0,0,0,0,60.246,61.308,1.59467,1,1,1.69344,1.84454,0.120641,1.30835,1.69344,9.11013e+06,4.00975e+06,1.54275e+07,0,0,0,0
116.207,122.105,1.49907,0.05,0,2.92931,2.97848,0,0.548732,4.89888,4.38366e+06,2.99988e+06,1.28411e+07,0,0,0,0,59.474,61.308,1.74119,1,1,1.69344,1.84527,0.121367,1.30835,1.69344,9.11013e+06,4.00975e+06,1.54275e+07,0,0,0,0
114.578,122.105,1.21479,0.06,0,2.93048,2.97968,0,0.548952,4.89888,4.38366e+06,2.99988e+06,1.28462e+07,0,0,0,0,58.8745,61.308,1.3075,1,1,1.69344,1.84601,0.122094,1.30835,1.69344,9.11013e+06,4.00975e+06,1.54275e+07,0,0,0,0
113.155,122.105,1.49566,0.06,0,2.93165,2.98087,0,0.549172,4.89888,4.38366e+06,2.99988e+06,1.28514e+07,0,0,0,0,58.2175,61.308,2.14924,1,1,1.69344,1.84675,0.122821,1.30835,1.69344,9.11013e+06,4.00975e+06,1.54275e+07,0,0,0,0
111.491,122.105,1.13195,0.1,0,2.84334,2.89108,0,0.549392,4.89888,4.38366e+06,2.99988e+06,1.24642e+07,0,0,0,0,57.0867,61.308,1.33134,1,1,1.69344,1.7586,0.0361241,1.30835,1.69344,9.11013e+06,4.00975e+06,1.54275e+07,0,0,0,0
109.647,122.105,0.896208,0.1,0,2.84448,2.89223,0,0.532842,4.89888,4.38366e+06,2.99988e+06,1.24692e+07,0,0,0,0,55.9243,61.308,0.990141,1,1,1.69344,1.7593,0.0368161,1.30835,1.69344,9.11013e+06,4.00975e+06,1.54275e+07,0,0,0,0
107.885,122.105,1.01298,0.1,0,2.84562,2.89339,0,0.533055,4.89888,4.38366e+06,2.99988e+06,1.24742e+07,0,0,0,0,55.2417,61.308,1.01224,1,1,1.69344,1.76001,0.0375082,1.30835,1.69344,9.11013e+06,4.00975e+06,1.54275e+07,0,0,0,0
107.335,122.105,2.83642,0.1,0,2.84675,2.89455,0,0.533269,4.89888,4.38366e+06,2.99988e+06,1.24792e+07,0,0,0,0,54.8765,61.308,1.91275,1,1,1.69344,1.76071,0.0382005,1.30835,1.69344,9.11013e+06,4.00975e+06,1.54275e+07,0,0,0,0
106.049,122.105,1.62731,0.1,0,2.77433,2.8209,0,0.533482,4.89888,4.38366e+06,2.99988e+06,1.21617e+07,0,0,0,0,54.0627,61.308,1.39566,1,1,1.65263,1.68037,0,1.30835,1.69344,9.11013e+06,4.00975e+06,1.50557e+07,0,0,0,0
104.453,122.105,1.19438,0.11,0,2.77543,2.82203,0,0.519909,4.89888,4.38366e+06,2.99988e+06,1.21666e+07,0,0,0,0,53.0604,61.308,1.24779,1,1,1.65329,1.68104,0,1.27682,1.69344,9.11013e+06,4.00975e+06,1.50617e+07,0,0,0,0
103.029,122.105,1.47774,0.15,0,2.77654,2.82316,0,0.520116,4.89888,4.38366e+06,2.99988e+06,1.21714e+07,0,0,0,0,52.1102,61.308,1.04225,1,1,1.65395,1.68172,0,1.27733,1.69344,9.11013e+06,4.00975e+06,1.50677e+07,0,0,0,0
101.452,122.105,1.32058,0.15,0,2.77765,2.82429,0,0.520324,4.89888,4.38366e+06,2.99988e+06,1.21763e+07,0,0,0,0,51.7422,61.308,1.23637,1,1,1.65461,1.68239,0,1.27784,1.69344,9.11013e+06,4.00975e+06,1.50737e+07,0,0,0,0
101.971,122.105,3.899,0.15,0,2.61263,2.61263,0,0.520532,4.89888,4.38366e+06,2.70226e+06,1.14529e+07,0,0,0,0,52.5016,61.308,3.95498,0,1,1.514,1.514,0,1.27835,1.69344,9.11013e+06,3.61194e+06,1.37928e+07,0,0,0,0
101.226,122.105,2.27321,0.15,0,2.61367,2.61367,0,0.489606,4.89888,4.38366e+06,2.70226e+06,1.14574e+07,0,0,0,0,51.7954,61.308,2.06499,0,1,1.51461,1.51461,0,1.16972,1.69344,9.11013e+06,3.61194e+06,1.37983e+07,0,0,0,0
99.4882,122.105,0.954848,0.15,0,2.61472,2.61472,0,0.489802,4.89888,4.38366e+06,2.70226e+06,1.1462e+07,0,0,0,0,50.9822,61.308,0.978818,0,1,1.51521,1.51521,0,1.17019,1.69344,9.11013e+06,3.61194e+06,1.38038e+07,0,0,0,0
98.2274,122.105,1.42612,0.15,0,2.61576,2.61576,0,0.489998,4.89888,4.38366e+06,2.70226e+06,1.14666e+07,0,0,0,0,50.6229,61.308,1.31382,0,1,1.51582,1.51582,0,1.17065,1.69344,9.11013e+06,3.61194e+06,1.38093e+07,0,0,0,0
97.363,122.105,2.09237,0.16,0,2.6168,2.6168,0,0.490193,4.89888,4.38366e+06,2.70226e+06,1.14712e+07,0,0,0,0,50.4127,61.308,1.92365,0,1,1.51642,1.51642,0,1.17112,1.69344,9.11013e+06,3.61194e+06,1.38148e+07,0,0,0,0
97.9148,122.105,3.6772,0.17,0,2.65526,2.69983,0,0.490389,4.89888,4.38366e+06,2.99988e+06,1.16397e+07,0,0,0,0,50.3227,61.308,2.53797,1,1,1.54021,1.56606,0,1.17159,1.69344,9.11013e+06,4.00975e+06,1.40315e+07,0,0,0,0
100.573,122.105,5.99559,0.16,0,2.65628,2.70087,0,0.497595,4.89888,4.38366e+06,2.99988e+06,1.16442e+07,0,0,0,0,50.4885,61.308,3.11494,1,1,1.5408,1.56667,0,1.18996,1.69344,9.11013e+06,4.00975e+06,1.40369e+07,0,0,0,0
102.489,122.105,5.2607,0.16,0,2.6573,2.70191,0,0.497786,4.89888,4.38366e+06,2.99988e+06,1.16487e+07,0,0,0,0,50.8487,61.308,4.10707,1,1,1.54139,1.56727,0,1.19042,1.69344,9.11013e+06,4.00975e+06,1.40423e+07,0,0,0,0
107.178,122.105,8.43939,0.17,0,2.65832,2.70295,0,0.497978,4.89888,4.38366e+06,2.99988e+06,1.16532e+07,0,0,0,0,51.8364,61.308,6.41114,1,1,1.54199,1.56787,0,1.19088,1.69344,9.11013e+06,4.00975e+06,1.40477e+07,0,0,0,0
112.1,122.105,8.96477,0.13,0,2.91873,2.96773,0,0.49817,4.89888,4.38366e+06,2.99988e+06,1.27947e+07,0,0,0,0,52.7955,61.308,5.11712,1,1,1.69344,1.7529,0.0305147,1.19134,1.69344,9.11013e+06,4.00975e+06,1.54275e+07,0,0,0,0
114.282,122.105,5.78396,0.13,0,2.91985,2.96887,0,0.54697,4.89888,4.38366e+06,2.99988e+06,1.27996e+07,0,0,0,0,52.934,61.308,2.91723,1,1,1.69344,1.75357,0.0311778,1.30835,1.69344,9.11013e+06,4.00975e+06,1.54275e+07,0,0,0,0
119.458,122.105,9.26606,0.08,0,2.92098,2.97001,0,0.547181,4.89888,4.38366e+06,2.99988e+06,1.28046e+07,0,0,0,0,54.1996,61.308,7.08477,1,1,1.69344,1.75425,0.031841,1.30835,1.69344,9.11013e+06,4.00975e+06,1.54275e+07,0,0,0,0
122.105,122.105,7.71936,0.08,0,2.9221,2.97116,0,0.547391,4.89888,4.38366e+06,2.99988e+06,1.28095e+07,0,0,0,0,54.8715,61.308,4.92757,1,1,1.69344,1.75492,0.0325045,1.30835,1.69344,9.11013e+06,4.00975e+06,1.54275e+07,0,0,0,0
122.105,122.105,5.18151,0.05,0,2.59554,2.59554,0,0.547602,4.89888,4.38366e+06,2.70226e+06,1.1378e+07,0,0,0,0,55.4191,61.308,2.84199,0,1,1.50772,1.50772,0,1.30835,1.69344,9.11013e+06,3.61194e+06,1.37355e+07,0,0,0,0
122.105,122.105,6.06294,0.05,0,2.59654,2.59654,0,0.486404,4.89888,4.38366e+06,2.70226e+06,1.13823e+07,0,0,0,0,56.172,61.308,4.03104,0,1,1.5083,1.5083,0,1.16486,1.69344,9.11013e+06,3.61194e+06,1.37408e+07,0,0,0,0
122.105,122.105,7.33591,0.04,0,2.59754,2.59754,0,0.486591,4.89888,4.38366e+06,2.70226e+06,1.13867e+07,0,0,0,0,57.0676,61.308,4.46005,0,1,1.50888,1.50888,0,1.16531,1.69344,9.11013e+06,3.61194e+06,1.37461e+07,0,0,0,0
122.105,122.105,8.37583,0.04,0,2.59854,2.59854,0,0.486778,4.89888,4.38366e+06,2.70226e+06,1.13911e+07,0,0,0,0,58.4548,61.308,5.31358,0,1,1.50946,1.50946,0,1.16576,1.69344,9.11013e+06,3.61194e+06,1.37514e+07,0,0,0,0
122.105,122.105,8.59733,0.05,0,2.59953,2.59953,0,0.486965,4.89888,4.38366e+06,2.70226e+06,1.13955e+07,0,0,0,0,59.1516,61.308,4.09526,0,1,1.51004,1.51004,0,1.16621,1.69344,9.11013e+06,3.61194e+06,1.37567e+07,0,0,0,0
122.105,122.105,6.3014,0.07,0,2.65104,2.69555,0,0.487153,4.89888,4.38366e+06,2.99988e+06,1.16213e+07,0,0,0,0,59.7606,61.308,3.60723,1,1,1.54543,1.57138,0,1.16666,1.69344,9.11013e+06,4.00975e+06,1.40791e+07,0,0,0,0
122.105,122.105,6.42653,0.08,0,2.65206,2.69659,0,0.496806,4.89888,4.38366e+06,2.99988e+06,1.16257e+07,0,0,0,0,60.6813,61.308,3.89108,1,1,1.54602,1.57198,0,1.194,1.69344,9.11013e+06,4.00975e+06,1.40845e+07,0,0,0,0
122.105,122.105,5.30697,0.08,0,2.65308,2.69762,0,0.496996,4.89888,4.38366e+06,2.99988e+06,1.16302e+07,0,0,0,0,61.2564,61.308,3.14196,1,1,1.54662,1.57258,0,1.19446,1.69344,9.11013e+06,4.00975e+06,1.40899e+07,0,0,0,0
122.105,122.105,4.17487,0.08,0,2.6541,2.69866,0,0.497187,4.89888,4.38366e+06,2.99988e+06,1.16347e+07,0,0,0,0,61.5176,61.308,2.6224,1,1,1.54721,1.57319,0,1.19492,1.69344,9.11013e+06,4.00975e+06,1.40953e+07,0,0,0,0
122.105,122.105,3.64538,0.07,0,2.61852,2.66248,0,0.497378,4.89888,4.38366e+06,2.99988e+06,1.14787e+07,0,0,0,0,61.6331,61.308,2.38849,1,1,1.52456,1.55016,0,1.19538,1.69344,9.11013e+06,4.00975e+06,1.3889e+07,0,0,0,0
122.105,122.105,2.88971,0.07,0,2.61953,2.66351,0,0.490711,4.89888,4.38366e+06,2.99988e+06,1.14831e+07,0,0,0,0,61.7068,61.308,2.23904,1,1,1.52515,1.55075,0,1.17788,1.69344,9.11013e+06,4.00975e+06,1.38943e+07,0,0,0,0
121.784,122.105,2.59923,0.07,0,2.62053,2.66453,0,0.4909,4.89888,4.38366e+06,2.99988e+06,1.14875e+07,0,0,0,0,61.7628,61.308,2.22744,1,1,1.52573,1.55135,0,1.17833,1.69344,9.11013e+06,4.00975e+06,1.38996e+07,0,0,0,0
121.814,122.105,2.90313,0.1,0,2.62154,2.66555,0,0.491088,4.89888,4.38366e+06,2.99988e+06,1.14919e+07,0,0,0,0,61.8699,61.308,2.27642,1,1,1.52632,1.55194,0,1.17878,1.69344,9.11013e+06,4.00975e+06,1.3905e+07,0,0,0,0
122.056,122.105,3.21461,0.1,0,2.74695,2.79307,0,0.491277,4.89888,4.38366e+06,2.99988e+06,1.20417e+07,0,0,0,0,61.9118,61.308,2.36548,1,1,1.60946,1.63648,0,1.17923,1.69344,9.11013e+06,4.00975e+06,1.46624e+07,0,0,0,0
121.669,122.105,2.46665,0.1,0,2.74801,2.79414,0,0.514779,4.89888,4.38366e+06,2.99988e+06,1.20463e+07,0,0,0,0,61.7609,61.308,2.07837,1,1,1.61007,1.6371,0,1.24347,1.69344,9.11013e+06,4.00975e+06,1.4668e+07,0,0,0,0
121.153,122.105,2.27992,0.1,0,2.74906,2.79521,0,0.514976,4.89888,4.38366e+06,2.99988e+06,1.20509e+07,0,0,0,0,61.5737,61.308,2.01844,1,1,1.61069,1.63773,0,1.24394,1.69344,9.11013e+06,4.00975e+06,1.46736e+07,0,0,0,0
120.601,122.105,2.25444,0.1,0,2.75011,2.79628,0,0.515174,4.89888,4.38366e+06,2.99988e+06,1.20556e+07,0,0,0,0,61.3862,61.308,2.04199,1,1,1.61131,1.63836,0,1.24442,1.69344,9.11013e+06,4.00975e+06,1.46792e+07,0,0,0,0
119.924,122.105,2.09258,0.09,0,2.75117,2.79735,0,0.515371,4.89888,4.38366e+06,2.99988e+06,1.20602e+07,0,0,0,0,61.1911,61.308,1.88591,1,1,1.61193,1.63899,0,1.2449,1.69344,9.11013e+06,4.00975e+06,1.46849e+07,0,0,0,0
119.423,122.105,2.28349,0.08,0,2.72757,2.77336,0,0.515569,4.89888,4.38366e+06,2.99988e+06,1.19567e+07,0,0,0,0,61.0077,61.308,2.19728,1,1,1.658,1.68584,0,1.24537,1.69344,9.11013e+06,4.00975e+06,1.51046e+07,0,0,0,0
118.984,122.105,2.36915,0.07,0,2.72862,2.77443,0,0.511147,4.89888,4.38366e+06,2.99988e+06,1.19613e+07,0,0,0,0,60.8726,61.308,2.48962,1,1,1.65864,1.68649,0,1.28097,1.69344,9.11013e+06,4.00975e+06,1.51104e+07,0,0,0,0
118.364,122.105,2.16678,0.06,0,2.72966,2.77549,0,0.511343,4.89888,4.38366e+06,2.99988e+06,1.19659e+07,0,0,0,0,60.6971,61.308,2.27634,1,1,1.65928,1.68713,0,1.28147,1.69344,9.11013e+06,4.00975e+06,1.51162e+07,0,0,0,0
117.604,122.105,1.99443,0.05,0,2.73071,2.77655,0,0.511539,4.89888,4.38366e+06,2.99988e+06,1.19705e+07,0,0,0,0,60.4665,61.308,2.17802,1,1,1.65991,1.68778,0,1.28196,1.69344,9.11013e+06,4.00975e+06,1.5122e+07,0,0,0,0
116.808,122.105,1.9677,0.05,0,2.79551,2.84244,0,0.511735,4.89888,4.38366e+06,2.99988e+06,1.22546e+07,0,0,0,0,60.1239,61.308,2.1271,1,1,1.69344,1.72968,0.00768351,1.28245,1.69344,9.11013e+06,4.00975e+06,1.54275e+07,0,0,0,0
116.367,122.105,2.32729,0.05,0,2.79658,2.84353,0,0.523879,4.89888,4.38366e+06,2.99988e+06,1.22593e+07,0,0,0,0,59.8853,61.308,2.32433,1,1,1.69344,1.73034,0.00833502,1.30835,1.69344,9.11013e+06,4.00975e+06,1.54275e+07,0,0,0,0
115.801,122.105,2.20311,0.06,0,2.79765,2.84462,0,0.524079,4.89888,4.38366e+06,2.99988e+06,1.22639e+07,0,0,0,0,59.6214,61.308,2.31,1,1,1.69344,1.73101,0.00898676,1.30835,1.69344,9.11013e+06,4.00975e+06,1.54275e+07,0,0,0,0
115.023,122.105,1.96757,0.06,0,2.79872,2.84571,0,0.52428,4.89888,4.38366e+06,2.99988e+06,1.22686e+07,0,0,0,0,59.3173,61.308,2.10196,1,1,1.69344,1.73167,0.00963874,1.30835,1.69344,9.11013e+06,4.00975e+06,1.54275e+07,0,0,0,0
113.944,122.105,1.80448,0.06,0,2.98678,3.03692,0,0.524481,4.89888,4.38366e+06,2.99988e+06,1.3093e+07,0,0,0,0,58.9962,61.308,2.05232,1,1,1.69344,1.88148,0.156975,1.30835,1.69344,9.11013e+06,4.00975e+06,1.54275e+07,0,0,0,0
112.686,122.105,1.64329,0.08,0,2.98792,3.03809,0,0.559723,4.89888,4.38366e+06,2.99988e+06,1.3098e+07,0,0,0,0,58.5709,61.308,1.80399,1,1,1.69344,1.8822,0.157683,1.30835,1.69344,9.11013e+06,4.00975e+06,1.54275e+07,0,0,0,0
111.595,122.105,1.81835,0.08,0,2.98907,3.03925,0,0.559937,4.89888,4.38366e+06,2.99988e+06,1.3103e+07,0,0,0,0,58.0951,61.308,2.02643,1,1,1.69344,1.88292,0.158391,1.30835,1.69344,9.11013e+06,4.00975e+06,1.54275e+07,0,0,0,0
110.217,122.105,1.5001,0.1,0,2.99021,3.04041,0,0.560151,4.89888,4.38366e+06,2.99988e+06,1.31081e+07,0,0,0,0,57.5837,61.308,1.61596,1,1,1.69344,1.88364,0.1591,1.30835,1.69344,9.11013e+06,4.00975e+06,1.54275e+07,0,0,0,0
109.066,122.105,1.77494,0.1,0,2.99136,3.04157,0,0.560366,4.89888,4.38366e+06,2.99988e+06,1.31131e+07,0,0,0,0,57.3244,61.308,2.44145,1,1,1.69344,1.88436,0.159809,1.30835,1.69344,9.11013e+06,4.00975e+06,1.54275e+07,0,0,0,0
107.895,122.105,1.72096,0.1,0,2.9012,2.9499,0,0.56058,4.89888,4.38366e+06,2.99988e+06,1.27178e+07,0,0,0,0,57.3403,61.308,3.21181,1,1,1.69344,1.79438,0.0713157,1.30835,1.69344,9.11013e+06,4.00975e+06,1.54275e+07,0,0,0,0
106.749,122.105,1.66394,0.1,0,2.9023,2.95103,0,0.543684,4.89888,4.38366e+06,2.99988e+06,1.27227e+07,0,0,0,0,56.9924,61.308,1.99066,1,1,1.69344,1.79507,0.0719908,1.30835,1.69344,9.11013e+06,4.00975e+06,1.54275e+07,0,0,0,0
105.377,122.105,1.40674,0.11,0,2.90341,2.95216,0,0.543892,4.89888,4.38366e+06,2.99988e+06,1.27276e+07,0,0,0,0,56.6118,61.308,1.76482,1,1,1.69344,1.79576,0.0726659,1.30835,1.69344,9.11013e+06,4.00975e+06,1.54275e+07,0,0,0,0
104.883,122.105,2.58072,0.13,0,2.90452,2.95329,0,0.5441,4.89888,4.38366e+06,2.99988e+06,1.27324e+07,0,0,0,0,56.6178,61.308,2.37734,1,1,1.69344,1.79644,0.0733412,1.30835,1.69344,9.11013e+06,4.00975e+06,1.54275e+07,0,0,0,0
106.466,122.105,4.92397,0.13,0,2.83058,2.8781,0,0.544308,4.89888,4.38366e+06,2.99988e+06,1.24083e+07,0,0,0,0,57.1182,61.308,3.4148,1,1,1.68614,1.71444,0,1.30835,1.69344,9.11013e+06,4.00975e+06,1.53609e+07,0,0,0,0
108.9,122.105,5.54289,0.11,0,2.83166,2.8792,0,0.53045,4.89888,4.38366e+06,2.99988e+06,1.2413e+07,0,0,0,0,57.5334,61.308,3.18604,1,1,1.68678,1.7151,0,1.30271,1.69344,9.11013e+06,4.00975e+06,1.53668e+07,0,0,0,0
111.19,122.105,5.55292,0.11,0,2.83274,2.8803,0,0.530653,4.89888,4.38366e+06,2.99988e+06,1.24178e+07,0,0,0,0,57.756,61.308,3.06571,1,1,1.68743,1.71575,0,1.30321,1.69344,9.11013e+06,4.00975e+06,1.53727e+07,0,0,0,0
114.554,122.105,6.69591,0.13,0,2.83382,2.8814,0,0.530855,4.89888,4.38366e+06,2.99988e+06,1.24225e+07,0,0,0,0,58.3189,61.308,3.44448,1,1,1.68807,1.71641,0,1.3037,1.69344,9.11013e+06,4.00975e+06,1.53785e+07,0,0,0,0
117.604,122.105,6.3643,0.07,0,2.6214,2.66541,0,0.531058,4.89888,4.38366e+06,2.99988e+06,1.14913e+07,0,0,0,0,59.4286,61.308,4.48999,1,1,1.51909,1.54459,0,1.3042,1.69344,9.11013e+06,4.00975e+06,1.38391e+07,0,0,0,0
119.787,122.105,5.24581,0.07,0,2.62241,2.66643,0,0.491251,4.89888,4.38366e+06,2.99988e+06,1.14957e+07,0,0,0,0,59.8596,61.308,2.86162,1,1,1.51967,1.54518,0,1.17365,1.69344,9.11013e+06,4.00975e+06,1.38444e+07,0,0,0,0
121.67,122.105,5.11299,0.06,0,2.62341,2.66745,0,0.491439,4.89888,4.38366e+06,2.99988e+06,1.15001e+07,0,0,0,0,60.5136,61.308,3.30959,1,1,1.52025,1.54577,0,1.1741,1.69344,9.11013e+06,4.00975e+06,1.38497e+07,0,0,0,0
122.105,122.105,5.56066,0.07,0,2.62441,2.66847,0,0.491626,4.89888,4.38366e+06,2.99988e+06,1.15045e+07,0,0,0,0,61.1801,61.308,3.45601,1,1,1.52083,1.54636,0,1.17455,1.69344,9.11013e+06,4.00975e+06,1.3855e+07,0,0,0,0
122.105,122.105,6.3435,0.03,0,2.62541,2.66949,0,0.491814,4.89888,4.38366e+06,2.99988e+06,1.15089e+07,0,0,0,0,61.7712,61.308,3.45105,1,1,1.52141,1.54695,0,1.17499,1.69344,9.11013e+06,4.00975e+06,1.38603e+07,0,0,0,0
122.105,122.105,10.2874,0.05,0,2.70866,2.75414,0,0.492002,4.89888,4.38366e+06,2.99988e+06,1.18739e+07,0,0,0,0,62.3362,61.308,4.74817,1,1,1.57119,1.59757,0,1.17544,1.69344,9.11013e+06,4.00975e+06,1.43137e+07,0,0,0,0
122.105,122.105,9.80189,0.05,0,2.70966,2.75515,0,0.507604,4.89888,4.38366e+06,2.99988e+06,1.18782e+07,0,0,0,0,62.3362,61.308,5.48598,1,1,1.57177,1.59815,0,1.2139,1.69344,9.11013e+06,4.00975e+06,1.4319e+07,0,0,0,0
122.105,122.105,7.94446,0.05,0,2.71066,2.75616,0,0.50779,4.89888,4.38366e+06,2.99988e+06,1.18826e+07,0,0,0,0,62.3362,61.308,3.2303,1,1,1.57234,1.59874,0,1.21435,1.69344,9.11013e+06,4.00975e+06,1.43243e+07,0,0,0,0
122.105,122.105,7.03664,0.07,0,2.71165,2.75718,0,0.507977,4.89888,4.38366e+06,2.99988e+06,1.1887e+07,0,0,0,0,62.3362,61.308,2.79243,1,1,1.57292,1.59933,0,1.21479,1.69344,9.11013e+06,4.00975e+06,1.43295e+07,0,0,0,0
122.105,122.105,5.84333,0.07,0,2.97723,3.02722,0,0.508164,4.89888,4.38366e+06,2.99988e+06,1.30512e+07,0,0,0,0,62.1416,61.308,2.44026,1,1,1.69344,1.78803,0.0650698,1.21524,1.69344,9.11013e+06,4.00975e+06,1.54275e+07,0,0,0,0
122.105,122.105,5.78433,0.06,0,2.97833,3.02833,0,0.557934,4.89888,4.38366e+06,2.99988e+06,1.3056e+07,0,0,0,0,62.1307,61.308,3.05429,1,1,1.69344,1.78869,0.0657161,1.30835,1.69344,9.11013e+06,4.00975e+06,1.54275e+07,0,0,0,0
122.105,122.105,6.48158,0.05,0,2.97942,3.02944,0,0.558139,4.89888,4.38366e+06,2.99988e+06,1.30608e+07,0,0,0,0,62.0953,61.308,3.16423,1,1,1.69344,1.78935,0.0663623,1.30835,1.69344,9.11013e+06,4.00975e+06,1.54275e+07,0,0,0,0
122.105,122.105,5.09272,0.06,0,2.98052,3.03055,0,0.558344,4.89888,4.38366e+06,2.99988e+06,1.30656e+07,0,0,0,0,61.9544,61.308,2.58219,1,1,1.69344,1.79,0.0670088,1.30835,1.69344,9.11013e+06,4.00975e+06,1.54275e+07,0,0,0,0
122.105,122.105,9.67502,0.06,0,2.60367,2.64738,0,0.558549,4.89888,4.38366e+06,2.99988e+06,1.14136e+07,0,0,0,0,62.3362,61.308,5.63202,1,1,1.51244,1.53784,0,1.30835,1.69344,9.11013e+06,4.00975e+06,1.37786e+07,0,0,0,0
122.105,122.105,9.66747,0.07,0,2.60463,2.64836,0,0.487928,4.89888,4.38366e+06,2.99988e+06,1.14178e+07,0,0,0,0,62.3362,61.308,4.68804,1,1,1.513,1.5384,0,1.16851,1.69344,9.11013e+06,4.00975e+06,1.37836e+07,0,0,0,0
122.105,122.105,8.33012,0.09,0,2.60559,2.64933,0,0.488108,4.89888,4.38366e+06,2.99988e+06,1.1422e+07,0,0,0,0,62.3362,61.308,3.92425,1,1,1.51356,1.53897,0,1.16894,1.69344,9.11013e+06,4.00975e+06,1.37887e+07,0,0,0,0
122.105,122.105,6.02174,0.09,0,2.60654,2.6503,0,0.488287,4.89888,4.38366e+06,2.99988e+06,1.14262e+07,0,0,0,0,62.3362,61.308,3.61269,1,1,1.51411,1.53953,0,1.16937,1.69344,9.11013e+06,4.00975e+06,1.37938e+07,0,0,0,0
122.105,122.105,7.91857,0.09,0,2.6075,2.65127,0,0.488466,4.89888,4.38366e+06,2.99988e+06,1.14304e+07,0,0,0,0,62.3362,61.308,3.35719,1,1,1.51467,1.5401,0,1.1698,1.69344,9.11013e+06,4.00975e+06,1.37988e+07,0,0,0,0
122.105,122.105,6.58788,0.09,0,2.70376,2.74915,0,0.488645,4.89888,4.38366e+06,2.99988e+06,1.18524e+07,0,0,0,0,62.3362,61.308,3.76525,1,1,1.57616,1.60262,0,1.17023,1.69344,9.11013e+06,4.00975e+06,1.43591e+07,0,0,0,0
122.105,122.105,8.51656,0.09,0,2.70476,2.75016,0,0.506685,4.89888,4.38366e+06,2.99988e+06,1.18567e+07,0,0,0,0,62.3362,61.308,3.4636,1,1,1.57674,1.60321,0,1.21774,1.69344,9.11013e+06,4.00975e+06,1.43643e+07,0,0,0,0
122.105,122.105,7.79268,0.09,0,2.70575,2.75117,0,0.506871,4.89888,4.38366e+06,2.99988e+06,1.18611e+07,0,0,0,0,62.3362,61.308,4.92869,1,1,1.57732,1.6038,0,1.21819,1.69344,9.11013e+06,4.00975e+06,1.43696e+07,0,0,0,0
122.105,122.105,6.41701,0.09,0,2.70674,2.75218,0,0.507057,4.89888,4.38366e+06,2.99988e+06,1.18654e+07,0,0,0,0,62.3362,61.308,5.18343,1,1,1.5779,1.60439,0,1.21864,1.69344,9.11013e+06,4.00975e+06,1.43749e+07,0,0,0,0
122.105,122.105,5.39117,0.09,0,2.67041,2.71525,0,0.507243,4.89888,4.38366e+06,2.99988e+06,1.17062e+07,0,0,0,0,62.3362,61.308,4.22538,1,1,1.55477,1.58088,0,1.21908,1.69344,9.11013e+06,4.00975e+06,1.41642e+07,0,0,0,0
122.105,122.105,6.33072,0.07,0,2.67139,2.71624,0,0.500436,4.89888,4.38366e+06,2.99988e+06,1.17105e+07,0,0,0,0,62.3362,61.308,4.91162,1,1,1.55534,1.58146,0,1.20122,1.69344,9.11013e+06,4.00975e+06,1.41694e+07,0,0,0,0
122.105,122.105,5.0716,0.07,0,2.67237,2.71724,0,0.500619,4.89888,4.38366e+06,2.99988e+06,1.17148e+07,0,0,0,0,62.3362,61.308,4.20454,1,1,1.55591,1.58204,0,1.20166,1.69344,9.11013e+06,4.00975e+06,1.41746e+07,0,0,0,0
122.105,122.105,4.47312,0.07,0,2.67335,2.71823,0,0.500803,4.89888,4.38366e+06,2.99988e+06,1.17191e+07,0,0,0,0,62.3362,61.308,3.73835,1,1,1.55648,1.58262,0,1.2021,1.69344,9.11013e+06,4.00975e+06,1.41798e+07,0,0,0,0
122.105,122.105,4.02407,0.07,0,2.80119,2.84822,0,0.500986,4.89888,4.38366e+06,2.99988e+06,1.22795e+07,0,0,0,0,62.3362,61.308,3.34806,1,1,1.64124,1.66879,0,1.20254,1.69344,9.11013e+06,4.00975e+06,1.49519e+07,0,0,0,0
122.105,122.105,3.90773,0.06,0,2.80222,2.84926,0,0.524944,4.89888,4.38366e+06,2.99988e+06,1.2284e+07,0,0,0,0,62.3004,61.308,3.47884,1,1,1.64184,1.6694,0,1.26802,1.69344,9.11013e+06,4.00975e+06,1.49574e+07,0,0,0,0
122.105,122.105,3.8545,0.06,0,2.80325,2.85031,0,0.525136,4.89888,4.38366e+06,2.99988e+06,1.22885e+07,0,0,0,0,62.1886,61.308,3.25011,1,1,1.64244,1.67001,0,1.26849,1.69344,9.11013e+06,4.00975e+06,1.49629e+07,0,0,0,0
122.105,122.105,3.45302,0.05,0,2.80427,2.85135,0,0.525329,4.89888,4.38366e+06,2.99988e+06,1.2293e+07,0,0,0,0,62.0201,61.308,3.10698,1,1,1.64304,1.67063,0,1.26895,1.69344,9.11013e+06,4.00975e+06,1.49683e+07,0,0,0,0
122.105,122.105,3.28187,0.05,0,2.8053,2.8524,0,0.525521,4.89888,4.38366e+06,2.99988e+06,1.22975e+07,0,0,0,0,61.808,61.308,2.93564,1,1,1.64364,1.67124,0,1.26941,1.69344,9.11013e+06,4.00975e+06,1.49738e+07,0,0,0,0
122.105,122.105,3.28873,0.05,0,2.78119,2.82789,0,0.525714,4.89888,4.38366e+06,2.99988e+06,1.21918e+07,0,0,0,0,61.6517,61.308,3.02333,1,1,1.6906,1.71898,0,1.26988,1.69344,9.11013e+06,4.00975e+06,1.54016e+07,0,0,0,0
122.105,122.105,3.3271,0.04,0,2.78221,2.82892,0,0.521196,4.89888,4.38366e+06,2.99988e+06,1.21963e+07,0,0,0,0,61.5794,61.308,3.21371,1,1,1.69122,1.71961,0,1.30616,1.69344,9.11013e+06,4.00975e+06,1.54072e+07,0,0,0,0
122.105,122.105,3.1576,0.03,0,2.78323,2.82996,0,0.521387,4.89888,4.38366e+06,2.99988e+06,1.22007e+07,0,0,0,0,61.4634,61.308,3.09054,1,1,1.69184,1.72024,0,1.30664,1.69344,9.11013e+06,4.00975e+06,1.54129e+07,0,0,0,0
122.079,122.105,2.93356,0.03,0,2.78425,2.83099,0,0.521578,4.89888,4.38366e+06,2.99988e+06,1.22052e+07,0,0,0,0,61.2482,61.308,2.8856,1,1,1.69246,1.72087,0,1.30711,1.69344,9.11013e+06,4.00975e+06,1.54185e+07,0,0,0,0
121.88,122.105,2.79185,0.05,0,2.85027,2.89812,0,0.521769,4.89888,4.38366e+06,2.99988e+06,1.24946e+07,0,0,0,0,61.0016,61.308,2.71637,1,1,1.69344,1.76357,0.041008,1.30759,1.69344,9.11013e+06,4.00975e+06,1.54275e+07,0,0,0,0
121.624,122.105,2.67684,0.05,0,2.85132,2.89918,0,0.534141,4.89888,4.38366e+06,2.99988e+06,1.24992e+07,0,0,0,0,60.7707,61.308,2.57704,1,1,1.69344,1.76421,0.0416427,1.30835,1.69344,9.11013e+06,4.00975e+06,1.54275e+07,0,0,0,0
121.192,122.105,2.46139,0.05,0,2.85236,2.90024,0,0.534337,4.89888,4.38366e+06,2.99988e+06,1.25038e+07,0,0,0,0,60.4291,61.308,2.57791,1,1,1.69344,1.76486,0.0422776,1.30835,1.69344,9.11013e+06,4.00975e+06,1.54275e+07,0,0,0,0
120.588,122.105,2.24817,0.06,0,2.8534,2.90131,0,0.534532,4.89888,4.38366e+06,2.99988e+06,1.25083e+07,0,0,0,0,60.0425,61.308,2.24784,1,1,1.69344,1.7655,0.0429127,1.30835,1.69344,9.11013e+06,4.00975e+06,1.54275e+07,0,0,0,0
119.941,122.105,2.43143,0.06,0,3.04508,3.0962,0,0.534728,4.89888,4.38366e+06,2.99988e+06,1.33486e+07,0,0,0,0,59.7363,61.308,2.66759,1,1,1.69344,1.91821,0.193095,1.30835,1.69344,9.11013e+06,4.00975e+06,1.54275e+07,0,0,0,0
119.05,122.105,2.1446,0.06,0,3.0462,3.09734,0,0.570649,4.89888,4.38366e+06,2.99988e+06,1.33535e+07,0,0,0,0,59.371,61.308,2.46843,1,1,1.69344,1.91891,0.193785,1.30835,1.69344,9.11013e+06,4.00975e+06,1.54275e+07,0,0,0,0
117.728,122.105,1.6434,0.06,0,3.04731,3.09847,0,0.570857,4.89888,4.38366e+06,2.99988e+06,1.33584e+07,0,0,0,0,58.866,61.308,2.10055,1,1,1.69344,1.91961,0.194475,1.30835,1.69344,9.11013e+06,4.00975e+06,1.54275e+07,0,0,0,0
116.496,122.105,1.73432,0.06,0,3.04843,3.0996,0,0.571066,4.89888,4.38366e+06,2.99988e+06,1.33633e+07,0,0,0,0,58.3582,61.308,2.07155,1,1,1.69344,1.92031,0.195166,1.30835,1.69344,9.11013e+06,4.00975e+06,1.54275e+07,0,0,0,0
115.943,122.105,2.4784,0.06,0,3.04954,3.10074,0,0.571275,4.89888,4.38366e+06,2.99988e+06,1.33681e+07,0,0,0,0,57.9434,61.308,2.47763,1,1,1.69344,1.92101,0.195856,1.30835,1.69344,9.11013e+06,4.00975e+06,1.54275e+07,0,0,0,0
116.343,122.105,3.4692,0.07,0,2.95758,3.00723,0,0.571484,4.89888,4.38366e+06,2.99988e+06,1.2965e+07,0,0,0,0,57.735,61.308,2.80963,1,1,1.69344,1.82925,0.105611,1.30835,1.69344,9.11013e+06,4.00975e+06,1.54275e+07,0,0,0,0
116.845,122.105,3.65649,0.07,0,2.95866,3.00833,0,0.55425,4.89888,4.38366e+06,2.99988e+06,1.29697e+07,0,0,0,0,57.6727,61.308,3.62243,1,1,1.69344,1.82992,0.106268,1.30835,1.69344,9.11013e+06,4.00975e+06,1.54275e+07,0,0,0,0
117.166,122.105,3.49373,0.07,0,2.95974,3.00943,0,0.554452,4.89888,4.38366e+06,2.99988e+06,1.29745e+07,0,0,0,0,57.6292,61.308,4.08005,1,1,1.69344,1.83059,0.106926,1.30835,1.69344,9.11013e+06,4.00975e+06,1.54275e+07,0,0,0,0
116.335,122.105,2.1212,0.07,0,2.96082,3.01052,0,0.554655,4.89888,4.38366e+06,2.99988e+06,1.29792e+07,0,0,0,0,57.2983,61.308,2.48104,1,1,1.69344,1.83126,0.107584,1.30835,1.69344,9.11013e+06,4.00975e+06,1.54275e+07,0,0,0,0
116.17,122.105,2.87178,0.08,0,2.88539,2.93383,0,0.554857,4.89888,4.38366e+06,2.99988e+06,1.26486e+07,0,0,0,0,57.1985,61.308,2.99824,1,1,1.69344,1.74764,0.0253467,1.30835,1.69344,9.11013e+06,4.00975e+06,1.54275e+07,0,0,0,0
115.987,122.105,2.76731,0.08,0,2.88644,2.9349,0,0.540722,4.89888,4.38366e+06,2.99988e+06,1.26532e+07,0,0,0,0,56.966,61.308,2.81414,1,1,1.69344,1.74828,0.0259744,1.30835,1.69344,9.11013e+06,4.00975e+06,1.54275e+07,0,0,0,0
115.105,122.105,2.29455,0.08,0,2.8875,2.93597,0,0.540919,4.89888,4.38366e+06,2.99988e+06,1.26578e+07,0,0,0,0,56.8261,61.308,2.50962,1,1,1.69344,1.74892,0.0266023,1.30835,1.69344,9.11013e+06,4.00975e+06,1.54275e+07,0,0,0,0
114.927,122.105,3.05951,0.08,0,2.88855,2.93704,0,0.541117,4.89888,4.38366e+06,2.99988e+06,1.26624e+07,0,0,0,0,56.9373,61.308,3.09463,1,1,1.69344,1.74956,0.0272304,1.30835,1.69344,9.11013e+06,4.00975e+06,1.54275e+07,0,0,0,0
117.461,122.105,5.9641,0.06,0,2.67198,2.71684,0,0.541314,4.89888,4.38366e+06,2.99988e+06,1.17131e+07,0,0,0,0,57.9362,61.308,4.67542,1,1,1.5484,1.57439,0,1.30835,1.69344,9.11013e+06,4.00975e+06,1.41061e+07,0,0,0,0
118.82,122.105,4.48414,0.07,0,2.67296,2.71783,0,0.50073,4.89888,4.38366e+06,2.99988e+06,1.17173e+07,0,0,0,0,57.9745,61.308,2.88217,1,1,1.54897,1.57497,0,1.19629,1.69344,9.11013e+06,4.00975e+06,1.41113e+07,0,0,0,0
120.78,122.105,5.358,0.08,0,2.67393,2.71882,0,0.500913,4.89888,4.38366e+06,2.99988e+06,1.17216e+07,0,0,0,0,58.3638,61.308,4.01528,1,1,1.54953,1.57554,0,1.19673,1.69344,9.11013e+06,4.00975e+06,1.41164e+07,0,0,0,0
121.063,122.105,3.38642,0.09,0,2.67491,2.71982,0,0.501095,4.89888,4.38366e+06,2.99988e+06,1.17259e+07,0,0,0,0,58.0443,61.308,2.35474,1,1,1.5501,1.57612,0,1.19717,1.69344,9.11013e+06,4.00975e+06,1.41216e+07,0,0,0,0
121.049,122.105,2.97867,0.09,0,2.67589,2.72081,0,0.501278,4.89888,4.38366e+06,2.99988e+06,1.17302e+07,0,0,0,0,57.8374,61.308,1.77738,1,1,1.55066,1.57669,0,1.1976,1.69344,9.11013e+06,4.00975e+06,1.41267e+07,0,0,0,0
120.672,122.105,2.70758,0.09,0,2.67589,2.72081,0,0.501461,4.89888,4.38366e+06,2.99988e+06,1.17302e+07,0,0,0,0,58.015,61.308,2.33667,1,1,1.55066,1.57669,0,1.19804,1.69344,9.11013e+06,4.00975e+06,1.41267e+07,0,0,0,0
121.369,122.105,4.37757,0.09,0,2.76069,2.80704,0,0.501461,4.89888,4.38366e+06,2.99988e+06,1.21019e+07,0,0,0,0,58.6872,61.308,4.14781,1,1,1.60137,1.62825,0,1.19804,1.69344,9.11013e+06,4.00975e+06,1.45887e+07,0,0,0,0
121.441,122.105,3.56278,0.1,0,2.76166,2.80803,0,0.517354,4.89888,4.38366e+06,2.99988e+06,1.21062e+07,0,0,0,0,59.1998,61.308,3.60755,1,1,1.60193,1.62882,0,1.23722,1.69344,9.11013e+06,4.00975e+06,1.45938e+07,0,0,0,0
121.957,122.105,4.15878,0.11,0,2.76263,2.80901,0,0.517536,4.89888,4.38366e+06,2.99988e+06,1.21104e+07,0,0,0,0,60.1333,61.308,4.47823,1,1,1.60249,1.6294,0,1.23765,1.69344,9.11013e+06,4.00975e+06,1.45989e+07,0,0,0,0
122.105,122.105,4.2084,0.11,0,2.7636,2.81,0,0.517717,4.89888,4.38366e+06,2.99988e+06,1.21147e+07,0,0,0,0,60.6659,61.308,3.92662,1,1,1.60305,1.62997,0,1.23809,1.69344,9.11013e+06,4.00975e+06,1.4604e+07,0,0,0,0
122.105,122.105,7.46483,0.08,0,3.03422,3.08516,0,0.517899,4.89888,4.38366e+06,2.99988e+06,1.3301e+07,0,0,0,0,61.8994,61.308,6.6505,1,1,1.69344,1.82226,0.0987284,1.23852,1.69344,9.11013e+06,4.00975e+06,1.54275e+07,0,0,0,0
122.105,122.105,5.87689,0.08,0,3.03528,3.08624,0,0.568613,4.89888,4.38366e+06,2.99988e+06,1.33056e+07,0,0,0,0,62.3362,61.308,5.8901,1,1,1.69344,1.82289,0.099357,1.30835,1.69344,9.11013e+06,4.00975e+06,1.54275e+07,0,0,0,0
122.105,122.105,4.60306,0.07,0,3.03635,3.08732,0,0.568812,4.89888,4.38366e+06,2.99988e+06,1.33103e+07,0,0,0,0,62.3362,61.308,3.82291,1,1,1.69344,1.82353,0.0999855,1.30835,1.69344,9.11013e+06,4.00975e+06,1.54275e+07,0,0,0,0
122.105,122.105,3.93097,0.07,0,3.03741,3.08841,0,0.569012,4.89888,4.38366e+06,2.99988e+06,1.3315e+07,0,0,0,0,62.3362,61.308,3.19106,1,1,1.69344,1.82417,0.100614,1.30835,1.69344,9.11013e+06,4.00975e+06,1.54275e+07,0,0,0,0
122.105,122.105,8.21395,0.07,0,2.65333,2.69788,0,0.569211,4.89888,4.38366e+06,2.99988e+06,1.16313e+07,0,0,0,0,62.3362,61.308,6.40225,1,1,1.54129,1.56717,0,1.30835,1.69344,9.11013e+06,4.00975e+06,1.40414e+07,0,0,0,0
122.105,122.105,7.86621,0.07,0,2.65426,2.69882,0,0.497234,4.89888,4.38366e+06,2.99988e+06,1.16354e+07,0,0,0,0,62.3362,61.308,5.78088,1,1,1.54183,1.56771,0,1.1908,1.69344,9.11013e+06,4.00975e+06,1.40463e+07,0,0,0,0
122.105,122.105,7.5631,0.07,0,2.65519,2.69977,0,0.497409,4.89888,4.38366e+06,2.99988e+06,1.16395e+07,0,0,0,0,62.3362,61.308,6.10083,1,1,1.54237,1.56826,0,1.19122,1.69344,9.11013e+06,4.00975e+06,1.40512e+07,0,0,0,0
122.105,122.105,8.00958,0.08,0,2.65612,2.70071,0,0.497583,4.89888,4.38366e+06,2.99988e+06,1.16435e+07,0,0,0,0,62.3362,61.308,5.60047,1,1,1.54291,1.56881,0,1.19164,1.69344,9.11013e+06,4.00975e+06,1.40561e+07,0,0,0,0
122.105,122.105,7.45151,0.08,0,2.65705,2.70166,0,0.497757,4.89888,4.38366e+06,2.99988e+06,1.16476e+07,0,0,0,0,62.3362,61.308,5.41339,1,1,1.54345,1.56936,0,1.19205,1.69344,9.11013e+06,4.00975e+06,1.40611e+07,0,0,0,0
122.105,122.105,8.29891,0.08,0,2.7551,2.80135,0,0.497932,4.89888,4.38366e+06,2.99988e+06,1.20774e+07,0,0,0,0,62.3362,61.308,7.18345,1,1,1.60609,1.63305,0,1.19247,1.69344,9.11013e+06,4.00975e+06,1.46317e+07,0,0,0,0
122.105,122.105,6.07596,0.08,0,2.75607,2.80233,0,0.516306,4.89888,4.38366e+06,2.99988e+06,1.20816e+07,0,0,0,0,62.3362,61.308,5.16646,1,1,1.60665,1.63363,0,1.24087,1.69344,9.11013e+06,4.00975e+06,1.46368e+07,0,0,0,0
122.105,122.105,5.09975,0.08,0,2.75703,2.80332,0,0.516487,4.89888,4.38366e+06,2.99988e+06,1.20859e+07,0,0,0,0,62.3362,61.308,4.30139,1,1,1.60722,1.6342,0,1.2413,1.69344,9.11013e+06,4.00975e+06,1.46419e+07,0,0,0,0
122.105,122.105,4.63722,0.08,0,2.758,2.8043,0,0.516667,4.89888,4.38366e+06,2.99988e+06,1.20901e+07,0,0,0,0,62.3362,61.308,3.88124,1,1,1.60778,1.63477,0,1.24173,1.69344,9.11013e+06,4.00975e+06,1.46471e+07,0,0,0,0
122.105,122.105,4.76348,0.09,0,2.72094,2.76661,0,0.516848,4.89888,4.38366e+06,2.99988e+06,1.19277e+07,0,0,0,0,62.3362,61.308,3.58686,1,1,1.58419,1.61078,0,1.24217,1.69344,9.11013e+06,4.00975e+06,1.44322e+07,0,0,0,0
122.105,122.105,4.62713,0.08,0,2.72189,2.76758,0,0.509903,4.89888,4.38366e+06,2.99988e+06,1.19318e+07,0,0,0,0,62.3362,61.308,3.4207,1,1,1.58474,1.61135,0,1.22394,1.69344,9.11013e+06,4.00975e+06,1.44372e+07,0,0,0,0
122.105,122.105,4.1894,0.08,0,2.72284,2.76855,0,0.510082,4.89888,4.38366e+06,2.99988e+06,1.1936e+07,0,0,0,0,62.3362,61.308,3.29632,1,1,1.5853,1.61191,0,1.22437,1.69344,9.11013e+06,4.00975e+06,1.44423e+07,0,0,0,0
122.105,122.105,3.97697,0.08,0,2.72379,2.76952,0,0.51026,4.89888,4.38366e+06,2.99988e+06,1.19402e+07,0,0,0,0,62.3362,61.308,2.95937,1,1,1.58585,1.61248,0,1.2248,1.69344,9.11013e+06,4.00975e+06,1.44473e+07,0,0,0,0
122.105,122.105,3.76948,0.08,0,2.854,2.90191,0,0.510439,4.89888,4.38366e+06,2.99988e+06,1.2511e+07,0,0,0,0,62.3362,61.308,2.96381,1,1,1.67218,1.70025,0,1.22523,1.69344,9.11013e+06,4.00975e+06,1.52338e+07,0,0,0,0
122.105,122.105,3.6966,0.08,0,2.855,2.90293,0,0.53484,4.89888,4.38366e+06,2.99988e+06,1.25153e+07,0,0,0,0,62.3152,61.308,2.74539,1,1,1.67276,1.70084,0,1.29192,1.69344,9.11013e+06,4.00975e+06,1.52391e+07,0,0,0,0
122.105,122.105,3.26214,0.07,0,2.856,2.90394,0,0.535027,4.89888,4.38366e+06,2.99988e+06,1.25197e+07,0,0,0,0,62.2376,61.308,2.70112,1,1,1.67335,1.70144,0,1.29238,1.69344,9.11013e+06,4.00975e+06,1.52444e+07,0,0,0,0
122.105,122.105,3.26247,0.06,0,2.857,2.90496,0,0.535214,4.89888,4.38366e+06,2.99988e+06,1.25241e+07,0,0,0,0,62.2202,61.308,2.72662,1,1,1.67393,1.70203,0,1.29283,1.69344,9.11013e+06,4.00975e+06,1.52497e+07,0,0,0,0
121.838,122.105,2.83144,0.05,0,2.85799,2.90598,0,0.535401,4.89888,4.38366e+06,2.99988e+06,1.25285e+07,0,0,0,0,62.1324,61.308,2.49079,1,1,1.67452,1.70263,0,1.29328,1.69344,9.11013e+06,4.00975e+06,1.52551e+07,0,0,0,0
120.977,122.105,2.07938,0.08,0,2.83339,2.88095,0,0.535588,4.89888,4.38366e+06,2.99988e+06,1.24206e+07,0,0,0,0,61.9943,61.308,2.29024,1,1,1.69344,1.75124,0.028886,1.29373,1.69344,9.11013e+06,4.00975e+06,1.54275e+07,0,0,0,0
119.961,122.105,1.89706,0.07,0,2.83438,2.88196,0,0.530977,4.89888,4.38366e+06,2.99988e+06,1.24249e+07,0,0,0,0,61.8044,61.308,2.0437,1,1,1.69344,1.75185,0.029488,1.30835,1.69344,9.11013e+06,4.00975e+06,1.54275e+07,0,0,0,0
118.906,122.105,1.80152,0.06,0,2.83537,2.88297,0,0.531162,4.89888,4.38366e+06,2.99988e+06,1.24293e+07,0,0,0,0,61.5132,61.308,2.01442,1,1,1.69344,1.75247,0.0300903,1.30835,1.69344,9.11013e+06,4.00975e+06,1.54275e+07,0,0,0,0
117.698,122.105,1.62327,0.07,0,2.83636,2.88398,0,0.531348,4.89888,4.38366e+06,2.99988e+06,1.24336e+07,0,0,0,0,61.1513,61.308,1.93552,1,1,1.69344,1.75308,0.0306925,1.30835,1.69344,9.11013e+06,4.00975e+06,1.54275e+07,0,0,0,0
116.412,122.105,1.57809,0.06,0,2.90357,2.95231,0,0.531534,4.89888,4.38366e+06,2.99988e+06,1.27283e+07,0,0,0,0,60.5116,61.308,1.80214,1,1,1.69344,1.79654,0.0734398,1.30835,1.69344,9.11013e+06,4.00975e+06,1.54275e+07,0,0,0,0
115.043,122.105,1.45335,0.06,0,2.90458,2.95335,0,0.544129,4.89888,4.38366e+06,2.99988e+06,1.27327e+07,0,0,0,0,60.0059,61.308,1.57832,1,1,1.69344,1.79717,0.0740571,1.30835,1.69344,9.11013e+06,4.00975e+06,1.54275e+07,0,0,0,0
113.711,122.105,1.52792,0.06,0,2.9056,2.95438,0,0.544319,4.89888,4.38366e+06,2.99988e+06,1.27371e+07,0,0,0,0,59.5738,61.308,1.77933,1,1,1.69344,1.7978,0.0746745,1.30835,1.69344,9.11013e+06,4.00975e+06,1.54275e+07,0,0,0,0
112.446,122.105,1.6027,0.09,0,2.90661,2.95541,0,0.544509,4.89888,4.38366e+06,2.99988e+06,1.27416e+07,0,0,0,0,59.1848,61.308,1.87271,1,1,1.69344,1.79843,0.0752921,1.30835,1.69344,9.11013e+06,4.00975e+06,1.54275e+07,0,0,0,0
111.005,122.105,1.53522,0.09,0,3.10182,3.15389,0,0.544699,4.89888,4.38366e+06,2.99988e+06,1.35973e+07,0,0,0,0,58.699,61.308,1.85741,1,1,1.69344,1.95394,0.228243,1.30835,1.69344,9.11013e+06,4.00975e+06,1.54275e+07,0,0,0,0
109.442,122.105,1.40343,0.09,0,3.1029,3.15499,0,0.58128,4.89888,4.38366e+06,2.99988e+06,1.3602e+07,0,0,0,0,57.8488,61.308,1.70879,1,1,1.69344,1.95463,0.228914,1.30835,1.69344,9.11013e+06,4.00975e+06,1.54275e+07,0,0,0,0
107.659,122.105,1.12954,0.1,0,3.10398,3.15609,0,0.581483,4.89888,4.38366e+06,2.99988e+06,1.36068e+07,0,0,0,0,57.2405,61.308,1.23126,1,1,1.69344,1.95531,0.229585,1.30835,1.69344,9.11013e+06,4.00975e+06,1.54275e+07,0,0,0,0
106.096,122.105,1.41492,0.1,0,3.10507,3.15719,0,0.581686,4.89888,4.38366e+06,2.99988e+06,1.36115e+07,0,0,0,0,56.7433,61.308,2.15048,1,1,1.69344,1.95599,0.230257,1.30835,1.69344,9.11013e+06,4.00975e+06,1.54275e+07,0,0,0,0
104.339,122.105,1.19247,0.1,0,3.10615,3.1583,0,0.581889,4.89888,4.38366e+06,2.99988e+06,1.36163e+07,0,0,0,0,56.2397,61.308,1.54308,1,1,1.69344,1.95667,0.230928,1.30835,1.69344,9.11013e+06,4.00975e+06,1.54275e+07,0,0,0,0
102.889,122.105,1.45454,0.13,0,3.01243,3.063,0,0.582092,4.89888,4.38366e+06,2.99988e+06,1.32055e+07,0,0,0,0,55.8955,61.308,2.25718,1,1,1.69344,1.86318,0.138977,1.30835,1.69344,9.11013e+06,4.00975e+06,1.54275e+07,0,0,0,0
101.536,122.105,1.59245,0.14,0,3.01348,3.06407,0,0.564529,4.89888,4.38366e+06,2.99988e+06,1.32101e+07,0,0,0,0,55.6707,61.308,2.44741,1,1,1.69344,1.86383,0.139617,1.30835,1.69344,9.11013e+06,4.00975e+06,1.54275e+07,0,0,0,0
100.217,122.105,1.65952,0.14,0,3.01453,3.06514,0,0.564726,4.89888,4.38366e+06,2.99988e+06,1.32147e+07,0,0,0,0,55.4632,61.308,2.57939,1,1,1.69344,1.86448,0.140256,1.30835,1.69344,9.11013e+06,4.00975e+06,1.54275e+07,0,0,0,0
99.0423,122.105,2.02192,0.12,0,3.01558,3.06621,0,0.564923,4.89888,4.38366e+06,2.99988e+06,1.32193e+07,0,0,0,0,55.6031,61.308,3.33957,1,1,1.69344,1.86513,0.140896,1.30835,1.69344,9.11013e+06,4.00975e+06,1.54275e+07,0,0,0,0
97.4824,122.105,1.44506,0.12,0,2.93871,2.98804,0,0.56512,4.89888,4.38366e+06,2.99988e+06,1.28823e+07,0,0,0,0,55.2681,61.308,1.84966,1,1,1.69344,1.77994,0.0571086,1.30835,1.69344,9.11013e+06,4.00975e+06,1.54275e+07,0,0,0,0
96.021,122.105,1.70248,0.16,0,2.93973,2.98908,0,0.550714,4.89888,4.38366e+06,2.99988e+06,1.28868e+07,0,0,0,0,55.3632,61.308,3.55568,1,1,1.69344,1.78056,0.0577191,1.30835,1.69344,9.11013e+06,4.00975e+06,1.54275e+07,0,0,0,0
96.4569,122.105,4.18907,0.15,0,2.94076,2.99013,0,0.550906,4.89888,4.38366e+06,2.99988e+06,1.28913e+07,0,0,0,0,56.8839,61.308,7.22145,1,1,1.69344,1.78118,0.0583295,1.30835,1.69344,9.11013e+06,4.00975e+06,1.54275e+07,0,0,0,0
95.5918,122.105,2.4498,0.15,0,2.94178,2.99117,0,0.551098,4.89888,4.38366e+06,2.99988e+06,1.28958e+07,0,0,0,0,57.491,61.308,3.67701,1,1,1.69344,1.7818,0.0589402,1.30835,1.69344,9.11013e+06,4.00975e+06,1.54275e+07,0,0,0,0
95.2531,122.105,2.85043,0.16,0,2.72118,2.76686,0,0.55129,4.89888,4.38366e+06,2.99988e+06,1.19287e+07,0,0,0,0,57.8385,61.308,3.39962,1,1,1.57691,1.60338,0,1.30835,1.69344,9.11013e+06,4.00975e+06,1.43659e+07,0,0,0,0
95.267,122.105,3.36097,0.16,0,2.72213,2.76783,0,0.509949,4.89888,4.38366e+06,2.99988e+06,1.19329e+07,0,0,0,0,58.2584,61.308,3.52672,1,1,1.57746,1.60394,0,1.21832,1.69344,9.11013e+06,4.00975e+06,1.43709e+07,0,0,0,0
96.0186,122.105,4.37468,0.17,0,2.72308,2.76879,0,0.510127,4.89888,4.38366e+06,2.99988e+06,1.1937e+07,0,0,0,0,59.753,61.308,5.00333,1,1,1.57801,1.6045,0,1.21874,1.69344,9.11013e+06,4.00975e+06,1.43759e+07,0,0,0,0
96.9643,122.105,4.83469,0.17,0,2.72403,2.76976,0,0.510305,4.89888,4.38366e+06,2.99988e+06,1.19412e+07,0,0,0,0,61.9114,61.308,7.27348,1,1,1.57856,1.60506,0,1.21917,1.69344,9.11013e+06,4.00975e+06,1.43809e+07,0,0,0,0
97.9522,122.105,4.59283,0.18,0,2.72497,2.77072,0,0.510482,4.89888,4.38366e+06,2.99988e+06,1.19454e+07,0,0,0,0,62.3362,61.308,5.24225,1,1,1.57911,1.60562,0,1.21959,1.69344,9.11013e+06,4.00975e+06,1.43859e+07,0,0,0,0
97.6953,122.105,3.1297,0.15,0,2.81129,2.85849,0,0.51066,4.89888,4.38366e+06,2.99988e+06,1.23237e+07,0,0,0,0,62.3362,61.308,4.66983,1,1,1.63072,1.6581,0,1.22002,1.69344,9.11013e+06,4.00975e+06,1.48561e+07,0,0,0,0
98.2185,122.105,4.3573,0.15,0,2.81223,2.85944,0,0.526836,4.89888,4.38366e+06,2.99988e+06,1.23279e+07,0,0,0,0,62.3362,61.308,6.29016,1,1,1.63126,1.65865,0,1.25989,1.69344,9.11013e+06,4.00975e+06,1.4861e+07,0,0,0,0
98.0632,122.105,3.32138,0.17,0,2.81317,2.8604,0,0.527012,4.89888,4.38366e+06,2.99988e+06,1.2332e+07,0,0,0,0,62.3362,61.308,5.50828,1,1,1.63181,1.6592,0,1.26031,1.69344,9.11013e+06,4.00975e+06,1.4866e+07,0,0,0,0
98.1138,122.105,3.59931,0.17,0,2.81411,2.86136,0,0.527189,4.89888,4.38366e+06,2.99988e+06,1.23361e+07,0,0,0,0,62.3362,61.308,5.36948,1,1,1.63236,1.65976,0,1.26074,1.69344,9.11013e+06,4.00975e+06,1.4871e+07,0,0,0,0
98.7918,122.105,4.64768,0.18,0,3.08963,3.1415,0,0.527365,4.89888,4.38366e+06,2.99988e+06,1.35439e+07,0,0,0,0,62.3362,61.308,6.34785,1,1,1.69344,1.85553,0.131456,1.26116,1.69344,9.11013e+06,4.00975e+06,1.54275e+07,0,0,0,0
99.6085,122.105,4.75439,0.19,0,3.09066,3.14255,0,0.578996,4.89888,4.38366e+06,2.99988e+06,1.35484e+07,0,0,0,0,62.3362,61.308,5.77824,1,1,1.69344,1.85615,0.132066,1.30835,1.69344,9.11013e+06,4.00975e+06,1.54275e+07,0,0,0,0
100.062,122.105,4.29391,0.19,0,3.09169,3.1436,0,0.57919,4.89888,4.38366e+06,2.99988e+06,1.35529e+07,0,0,0,0,62.3362,61.308,5.35318,1,1,1.69344,1.85677,0.132676,1.30835,1.69344,9.11013e+06,4.00975e+06,1.54275e+07,0,0,0,0
100.306,122.105,4.14793,0.2,0,3.09273,3.14465,0,0.579384,4.89888,4.38366e+06,2.99988e+06,1.35575e+07,0,0,0,0,62.3362,61.308,6.18675,1,1,1.69344,1.85739,0.133286,1.30835,1.69344,9.11013e+06,4.00975e+06,1.54275e+07,0,0,0,0
103.18,122.105,6.81413,0.22,0,2.70161,2.74696,0,0.579577,4.89888,4.38366e+06,2.99988e+06,1.18429e+07,0,0,0,0,62.3362,61.308,8.13643,1,1,1.56933,1.59568,0,1.30835,1.69344,9.11013e+06,4.00975e+06,1.42968e+07,0,0,0,0
106.127,122.105,6.61524,0.26,0,2.70251,2.74788,0,0.506281,4.89888,4.38366e+06,2.99988e+06,1.18469e+07,0,0,0,0,62.3362,61.308,5.88261,1,1,1.56986,1.59621,0,1.21247,1.69344,9.11013e+06,4.00975e+06,1.43016e+07,0,0,0,0
108.532,122.105,6.65648,0.2,0,2.70341,2.7488,0,0.50645,4.89888,4.38366e+06,2.99988e+06,1.18508e+07,0,0,0,0,62.3362,61.308,9.70404,1,1,1.57038,1.59675,0,1.21287,1.69344,9.11013e+06,4.00975e+06,1.43064e+07,0,0,0,0
111.08,122.105,6.68463,0.24,0,2.70432,2.74972,0,0.50662,4.89888,4.38366e+06,2.99988e+06,1.18548e+07,0,0,0,0,62.3362,61.308,7.3129,1,1,1.57091,1.59728,0,1.21328,1.69344,9.11013e+06,4.00975e+06,1.43112e+07,0,0,0,0
113.87,122.105,7.05539,0.26,0,2.70522,2.75063,0,0.506789,4.89888,4.38366e+06,2.99988e+06,1.18588e+07,0,0,0,0,62.3362,61.308,11.5305,1,1,1.57143,1.59781,0,1.21368,1.69344,9.11013e+06,4.00975e+06,1.43159e+07,0,0,0,0
115.81,122.105,6.26292,0.28,0,2.805,2.85209,0,0.506958,4.89888,4.38366e+06,2.99988e+06,1.22962e+07,0,0,0,0,62.3362,61.308,9.19911,1,1,1.63518,1.66263,0,1.21409,1.69344,9.11013e+06,4.00975e+06,1.48967e+07,0,0,0,0
118.828,122.105,7.94264,0.19,0,2.80593,2.85304,0,0.525657,4.89888,4.38366e+06,2.99988e+06,1.23003e+07,0,0,0,0,62.3362,61.308,14.8807,1,1,1.63572,1.66319,0,1.26334,1.69344,9.11013e+06,4.00975e+06,1.49017e+07,0,0,0,0
121.448,122.105,6.95041,0.22,0,2.80687,2.85399,0,0.525832,4.89888,4.38366e+06,2.99988e+06,1.23044e+07,0,0,0,0,62.3362,61.308,10.0172,1,1,1.63627,1.66374,0,1.26376,1.69344,9.11013e+06,4.00975e+06,1.49066e+07,0,0,0,0
122.105,122.105,5.94634,0.23,0,2.80781,2.85495,0,0.526008,4.89888,4.38366e+06,2.99988e+06,1.23085e+07,0,0,0,0,62.3362,61.308,8.28993,1,1,1.63682,1.6643,0,1.26418,1.69344,9.11013e+06,4.00975e+06,1.49116e+07,0,0,0,0
122.105,122.105,4.86693,0.1,0,2.77003,2.81654,0,0.526183,4.89888,4.38366e+06,2.99988e+06,1.21429e+07,0,0,0,0,62.3362,61.308,6.25982,1,1,1.61277,1.63985,0,1.2646,1.69344,9.11013e+06,4.00975e+06,1.46926e+07,0,0,0,0
122.105,122.105,4.47262,0.1,0,2.77096,2.81748,0,0.519104,4.89888,4.38366e+06,2.99988e+06,1.21469e+07,0,0,0,0,62.3362,61.308,5.13403,1,1,1.61331,1.6404,0,1.24603,1.69344,9.11013e+06,4.00975e+06,1.46975e+07,0,0,0,0
122.105,122.105,4.05393,0.08,0,2.77188,2.81842,0,0.519278,4.89888,4.38366e+06,2.99988e+06,1.2151e+07,0,0,0,0,62.3362,61.308,4.92798,1,1,1.61385,1.64094,0,1.24645,1.69344,9.11013e+06,4.00975e+06,1.47024e+07,0,0,0,0
122.105,122.105,3.83036,0.08,0,2.77281,2.81936,0,0.519451,4.89888,4.38366e+06,2.99988e+06,1.2155e+07,0,0,0,0,62.3362,61.308,4.90752,1,1,1.61439,1.64149,0,1.24686,1.69344,9.11013e+06,4.00975e+06,1.47073e+07,0,0,0,0
122.105,122.105,3.55303,0.08,0,2.90531,2.95408,0,0.519624,4.89888,4.38366e+06,2.99988e+06,1.27359e+07,0,0,0,0,62.3362,61.308,4.32359,1,1,1.69344,1.73082,0.00879976,1.24728,1.69344,9.11013e+06,4.00975e+06,1.54275e+07,0,0,0,0
121.885,122.105,3.04218,0.08,0,2.90628,2.95507,0,0.544455,4.89888,4.38366e+06,2.99988e+06,1.27401e+07,0,0,0,0,62.3362,61.308,3.7145,1,1,1.69344,1.73139,0.00936744,1.30835,1.69344,9.11013e+06,4.00975e+06,1.54275e+07,0,0,0,0
121.4,122.105,2.74282,0.11,0,2.90725,2.95605,0,0.544637,4.89888,4.38366e+06,2.99988e+06,1.27444e+07,0,0,0,0,62.3362,61.308,3.39212,1,1,1.69344,1.73197,0.00993536,1.30835,1.69344,9.11013e+06,4.00975e+06,1.54275e+07,0,0,0,0
120.849,122.105,2.58499,0.1,0,2.90822,2.95704,0,0.544818,4.89888,4.38366e+06,2.99988e+06,1.27486e+07,0,0,0,0,62.3213,61.308,3.26236,1,1,1.69344,1.73255,0.0105033,1.30835,1.69344,9.11013e+06,4.00975e+06,1.54275e+07,0,0,0,0
120.21,122.105,2.50351,0.1,0,2.90919,2.95803,0,0.545,4.89888,4.38366e+06,2.99988e+06,1.27529e+07,0,0,0,0,62.2774,61.308,3.07273,1,1,1.69344,1.73313,0.0110713,1.30835,1.69344,9.11013e+06,4.00975e+06,1.54275e+07,0,0,0,0
119.67,122.105,2.56751,0.1,0,2.88409,2.93251,0,0.545182,4.89888,4.38366e+06,2.99988e+06,1.26429e+07,0,0,0,0,62.2836,61.308,3.05631,1,1,1.69344,1.78258,0.0597073,1.30835,1.69344,9.11013e+06,4.00975e+06,1.54275e+07,0,0,0,0
119.012,122.105,2.46501,0.09,0,2.88505,2.93349,0,0.540479,4.89888,4.38366e+06,2.99988e+06,1.26471e+07,0,0,0,0,62.2369,61.308,2.86267,1,1,1.69344,1.78317,0.0602916,1.30835,1.69344,9.11013e+06,4.00975e+06,1.54275e+07,0,0,0,0
118.187,122.105,2.27852,0.07,0,2.88601,2.93447,0,0.540659,4.89888,4.38366e+06,2.99988e+06,1.26513e+07,0,0,0,0,62.1814,61.308,2.85661,1,1,1.69344,1.78377,0.060876,1.30835,1.69344,9.11013e+06,4.00975e+06,1.54275e+07,0,0,0,0
117.201,122.105,2.08246,0.07,0,2.88698,2.93544,0,0.540839,4.89888,4.38366e+06,2.99988e+06,1.26555e+07,0,0,0,0,62.0633,61.308,2.54759,1,1,1.69344,1.78436,0.0614606,1.30835,1.69344,9.11013e+06,4.00975e+06,1.54275e+07,0,0,0,0
115.922,122.105,1.67163,0.07,0,2.95534,3.00495,0,0.541019,4.89888,4.38366e+06,2.99988e+06,1.29552e+07,0,0,0,0,61.7457,61.308,2.17768,1,1,1.69344,1.82857,0.104941,1.30835,1.69344,9.11013e+06,4.00975e+06,1.54275e+07,0,0,0,0
114.492,122.105,1.44392,0.07,0,2.95632,3.00595,0,0.55383,4.89888,4.38366e+06,2.99988e+06,1.29595e+07,0,0,0,0,61.3538,61.308,1.98152,1,1,1.69344,1.82918,0.10554,1.30835,1.69344,9.11013e+06,4.00975e+06,1.54275e+07,0,0,0,0
112.959,122.105,1.31848,0.08,0,2.95731,3.00695,0,0.554015,4.89888,4.38366e+06,2.99988e+06,1.29638e+07,0,0,0,0,60.9276,61.308,2.03583,1,1,1.69344,1.82979,0.10614,1.30835,1.69344,9.11013e+06,4.00975e+06,1.54275e+07,0,0,0,0
111.668,122.105,1.73652,0.11,0,2.95829,3.00795,0,0.554199,4.89888,4.38366e+06,2.99988e+06,1.29681e+07,0,0,0,0,60.6857,61.308,2.58331,1,1,1.69344,1.8304,0.106739,1.30835,1.69344,9.11013e+06,4.00975e+06,1.54275e+07,0,0,0,0
110.388,122.105,1.952,0.11,0,3.15691,3.20991,0,0.554384,4.89888,4.38366e+06,2.99988e+06,1.38388e+07,0,0,0,0,59.9832,61.308,2.27426,1,1,1.69344,1.98865,0.262378,1.30835,1.69344,9.11013e+06,4.00975e+06,1.54275e+07,0,0,0,0
108.584,122.105,1.15749,0.11,0,3.15796,3.21098,0,0.591605,4.89888,4.38366e+06,2.99988e+06,1.38434e+07,0,0,0,0,59.1701,61.308,1.2372,1,1,1.69344,1.98931,0.263029,1.30835,1.69344,9.11013e+06,4.00975e+06,1.54275e+07,0,0,0,0
106.85,122.105,1.2545,0.12,0,3.15902,3.21205,0,0.591802,4.89888,4.38366e+06,2.99988e+06,1.3848e+07,0,0,0,0,58.1509,61.308,1.52376,1,1,1.69344,1.98998,0.26368,1.30835,1.69344,9.11013e+06,4.00975e+06,1.54275e+07,0,0,0,0
104.958,122.105,1.03807,0.11,0,3.16007,3.21312,0,0.591999,4.89888,4.38366e+06,2.99988e+06,1.38527e+07,0,0,0,0,57.5486,61.308,1.06582,1,1,1.69344,1.99064,0.264331,1.30835,1.69344,9.11013e+06,4.00975e+06,1.54275e+07,0,0,0,0
103.277,122.105,1.33107,0.15,0,3.16112,3.21419,0,0.592196,4.89888,4.38366e+06,2.99988e+06,1.38573e+07,0,0,0,0,57.239,61.308,2.00958,1,1,1.69344,1.9913,0.264983,1.30835,1.69344,9.11013e+06,4.00975e+06,1.54275e+07,0,0,0,0
101.399,122.105,1.02292,0.15,0,3.06569,3.11716,0,0.592394,4.89888,4.38366e+06,2.99988e+06,1.34389e+07,0,0,0,0,56.905,61.308,2.17383,1,1,1.69344,1.89612,0.171375,1.30835,1.69344,9.11013e+06,4.00975e+06,1.54275e+07,0,0,0,0
99.405,122.105,0.86171,0.15,0,3.06671,3.11819,0,0.57451,4.89888,4.38366e+06,2.99988e+06,1.34434e+07,0,0,0,0,56.5273,61.308,1.72595,1,1,1.69344,1.89675,0.171995,1.30835,1.69344,9.11013e+06,4.00975e+06,1.54275e+07,0,0,0,0
97.7384,122.105,1.33436,0.15,0,3.06773,3.11923,0,0.574701,4.89888,4.38366e+06,2.99988e+06,1.34479e+07,0,0,0,0,56.4952,61.308,2.32924,1,1,1.69344,1.89738,0.172616,1.30835,1.69344,9.11013e+06,4.00975e+06,1.54275e+07,0,0,0,0
97.2056,122.105,2.97213,0.16,0,3.06875,3.12027,0,0.574892,4.89888,4.38366e+06,2.99988e+06,1.34523e+07,0,0,0,0,56.9002,61.308,3.40546,1,1,1.69344,1.89801,0.173236,1.30835,1.69344,9.11013e+06,4.00975e+06,1.54275e+07,0,0,0,0
95.8694,122.105,1.81069,0.2,0,2.99047,3.04067,0,0.575084,4.89888,4.38366e+06,2.99988e+06,1.31092e+07,0,0,0,0,56.6999,61.308,1.79279,1,1,1.69344,1.81129,0.087943,1.30835,1.69344,9.11013e+06,4.00975e+06,1.54275e+07,0,0,0,0
96.1328,122.105,3.81748,0.2,0,2.99146,3.04169,0,0.560414,4.89888,4.38366e+06,2.99988e+06,1.31136e+07,0,0,0,0,57.5484,61.308,4.10912,1,1,1.69344,1.81189,0.0885354,1.30835,1.69344,9.11013e+06,4.00975e+06,1.54275e+07,0,0,0,0
97.503,122.105,5.31949,0.18,0,2.99246,3.0427,0,0.5606,4.89888,4.38366e+06,2.99988e+06,1.31179e+07,0,0,0,0,59.0598,61.308,6.66236,1,1,1.69344,1.81249,0.0891278,1.30835,1.69344,9.11013e+06,4.00975e+06,1.54275e+07,0,0,0,0
98.3997,122.105,4.51941,0.17,0,2.99345,3.04371,0,0.560787,4.89888,4.38366e+06,2.99988e+06,1.31223e+07,0,0,0,0,60.2583,61.308,5.19412,1,1,1.69344,1.8131,0.0897203,1.30835,1.69344,9.11013e+06,4.00975e+06,1.54275e+07,0,0,0,0
99.1729,122.105,4.11639,0.14,0,2.76893,2.81542,0,0.560973,4.89888,4.38366e+06,2.99988e+06,1.21381e+07,0,0,0,0,61.4872,61.308,4.83157,1,1,1.60458,1.63152,0,1.30835,1.69344,9.11013e+06,4.00975e+06,1.46179e+07,0,0,0,0
99.5453,122.105,3.83861,0.15,0,2.76985,2.81635,0,0.518898,4.89888,4.38366e+06,2.99988e+06,1.21421e+07,0,0,0,0,62.3362,61.308,5.25668,1,1,1.60511,1.63206,0,1.2397,1.69344,9.11013e+06,4.00975e+06,1.46228e+07,0,0,0,0
102.522,122.105,6.56981,0.15,0,2.77077,2.81729,0,0.51907,4.89888,4.38366e+06,2.99988e+06,1.21461e+07,0,0,0,0,62.3362,61.308,5.5741,1,1,1.60565,1.6326,0,1.24011,1.69344,9.11013e+06,4.00975e+06,1.46277e+07,0,0,0,0
105.354,122.105,6.66916,0.16,0,2.77169,2.81822,0,0.519243,4.89888,4.38366e+06,2.99988e+06,1.21502e+07,0,0,0,0,62.3362,61.308,5.82658,1,1,1.60618,1.63315,0,1.24052,1.69344,9.11013e+06,4.00975e+06,1.46325e+07,0,0,0,0
105.674,122.105,3.73523,0.17,0,2.77261,2.81916,0,0.519415,4.89888,4.38366e+06,2.99988e+06,1.21542e+07,0,0,0,0,62.3362,61.308,3.31852,1,1,1.60671,1.63369,0,1.24094,1.69344,9.11013e+06,4.00975e+06,1.46374e+07,0,0,0,0
108.323,122.105,6.38482,0.18,0,2.8604,2.90842,0,0.519588,4.89888,4.38366e+06,2.99988e+06,1.2539e+07,0,0,0,0,62.3362,61.308,6.19307,1,1,1.6592,1.68706,0,1.24135,1.69344,9.11013e+06,4.00975e+06,1.51155e+07,0,0,0,0
114.967,122.105,10.9755,0.13,0,2.86131,2.90934,0,0.536038,4.89888,4.38366e+06,2.99988e+06,1.2543e+07,0,0,0,0,62.3362,61.308,8.47403,1,1,1.65973,1.68759,0,1.2819,1.69344,9.11013e+06,4.00975e+06,1.51204e+07,0,0,0,0
121.495,122.105,11.2602,0.12,0,2.86222,2.91027,0,0.536209,4.89888,4.38366e+06,2.99988e+06,1.2547e+07,0,0,0,0,62.3362,61.308,9.40902,1,1,1.66026,1.68813,0,1.28231,1.69344,9.11013e+06,4.00975e+06,1.51252e+07,0,0,0,0
122.105,122.105,10.5829,0.12,0,2.86313,2.9112,0,0.53638,4.89888,4.38366e+06,2.99988e+06,1.2551e+07,0,0,0,0,62.3362,61.308,9.47443,1,1,1.66079,1.68867,0,1.28272,1.69344,9.11013e+06,4.00975e+06,1.513e+07,0,0,0,0
122.105,122.105,15.4605,0.11,0,3.14339,3.19617,0,0.536551,4.89888,4.38366e+06,2.99988e+06,1.37796e+07,0,0,0,0,62.3362,61.308,11.7301,1,1,1.69344,1.88782,0.163212,1.28312,1.69344,9.11013e+06,4.00975e+06,1.54275e+07,0,0,0,0
122.105,122.105,10.7379,0.1,0,3.14439,3.19718,0,0.589072,4.89888,4.38366e+06,2.99988e+06,1.37839e+07,0,0,0,0,62.3362,61.308,10.672,1,1,1.69344,1.88842,0.163803,1.30835,1.69344,9.11013e+06,4.00975e+06,1.54275e+07,0,0,0,0
122.105,122.105,7.69828,0.1,0,3.1454,3.1982,0,0.589259,4.89888,4.38366e+06,2.99988e+06,1.37883e+07,0,0,0,0,62.3362,61.308,8.19535,1,1,1.69344,1.88902,0.164394,1.30835,1.69344,9.11013e+06,4.00975e+06,1.54275e+07,0,0,0,0
122.105,122.105,6.82826,0.1,0,3.1464,3.19922,0,0.589447,4.89888,4.38366e+06,2.99988e+06,1.37927e+07,0,0,0,0,62.3362,61.308,8.97068,1,1,1.69344,1.88962,0.164986,1.30835,1.69344,9.11013e+06,4.00975e+06,1.54275e+07,0,0,0,0
122.105,122.105,8.74752,0.1,0,2.74845,2.79459,0,0.589635,4.89888,4.38366e+06,2.99988e+06,1.20482e+07,0,0,0,0,62.3362,61.308,11.3072,1,1,1.59654,1.62334,0,1.30835,1.69344,9.11013e+06,4.00975e+06,1.45447e+07,0,0,0,0
122.105,122.105,10.96,0.11,0,2.74932,2.79548,0,0.515059,4.89888,4.38366e+06,2.99988e+06,1.20521e+07,0,0,0,0,62.3362,61.308,12.6853,1,1,1.59705,1.62386,0,1.23349,1.69344,9.11013e+06,4.00975e+06,1.45493e+07,0,0,0,0
122.105,122.105,9.3473,0.12,0,2.75019,2.79637,0,0.515223,4.89888,4.38366e+06,2.99988e+06,1.20559e+07,0,0,0,0,62.3362,61.308,9.71865,1,1,1.59756,1.62438,0,1.23388,1.69344,9.11013e+06,4.00975e+06,1.4554e+07,0,0,0,0
122.105,122.105,10.6039,0.13,0,2.75107,2.79726,0,0.515387,4.89888,4.38366e+06,2.99988e+06,1.20597e+07,0,0,0,0,62.3362,61.308,10.8777,1,1,1.59807,1.62489,0,1.23427,1.69344,9.11013e+06,4.00975e+06,1.45586e+07,0,0,0,0
122.105,122.105,9.29512,0.14,0,2.75194,2.79814,0,0.51555,4.89888,4.38366e+06,2.99988e+06,1.20636e+07,0,0,0,0,62.3362,61.308,9.33719,1,1,1.59857,1.62541,0,1.23467,1.69344,9.11013e+06,4.00975e+06,1.45632e+07,0,0,0,0
122.105,122.105,12.6995,0.15,0,2.8534,2.90131,0,0.515714,4.89888,4.38366e+06,2.99988e+06,1.25083e+07,0,0,0,0,62.3362,61.308,12.5611,1,1,1.6634,1.69132,0,1.23506,1.69344,9.11013e+06,4.00975e+06,1.51538e+07,0,0,0,0
122.105,122.105,10.404,0.16,0,2.85431,2.90223,0,0.534728,4.89888,4.38366e+06,2.99988e+06,1.25123e+07,0,0,0,0,62.3362,61.308,9.00081,1,1,1.66392,1.69186,0,1.28514,1.69344,9.11013e+06,4.00975e+06,1.51586e+07,0,0,0,0
122.105,122.105,8.5914,0.15,0,2.85522,2.90315,0,0.534898,4.89888,4.38366e+06,2.99988e+06,1.25163e+07,0,0,0,0,62.3362,61.308,7.67527,1,1,1.66445,1.6924,0,1.28555,1.69344,9.11013e+06,4.00975e+06,1.51634e+07,0,0,0,0
122.105,122.105,8.36625,0.14,0,2.85613,2.90407,0,0.535068,4.89888,4.38366e+06,2.99988e+06,1.25203e+07,0,0,0,0,62.3362,61.308,7.36411,1,1,1.66498,1.69293,0,1.28596,1.69344,9.11013e+06,4.00975e+06,1.51682e+07,0,0,0,0
122.105,122.105,7.88955,0.13,0,2.81766,2.86496,0,0.535238,4.89888,4.38366e+06,2.99988e+06,1.23516e+07,0,0,0,0,62.3362,61.308,6.32137,1,1,1.6405,1.66804,0,1.28637,1.69344,9.11013e+06,4.00975e+06,1.49452e+07,0,0,0,0
122.105,122.105,6.8609,0.14,0,2.81855,2.86587,0,0.528029,4.89888,4.38366e+06,2.99988e+06,1.23556e+07,0,0,0,0,62.3362,61.308,6.03094,1,1,1.64102,1.66857,0,1.26745,1.69344,9.11013e+06,4.00975e+06,1.49499e+07,0,0,0,0
122.105,122.105,6.21084,0.14,0,2.81945,2.86678,0,0.528197,4.89888,4.38366e+06,2.99988e+06,1.23595e+07,0,0,0,0,62.3362,61.308,5.64007,1,1,1.64154,1.6691,0,1.26785,1.69344,9.11013e+06,4.00975e+06,1.49547e+07,0,0,0,0
122.105,122.105,5.93745,0.11,0,2.82034,2.86769,0,0.528365,4.89888,4.38366e+06,2.99988e+06,1.23634e+07,0,0,0,0,62.3362,61.308,5.36795,1,1,1.64207,1.66963,0,1.26826,1.69344,9.11013e+06,4.00975e+06,1.49594e+07,0,0,0,0
122.105,122.105,5.65539,0.11,0,2.95507,3.00468,0,0.528532,4.89888,4.38366e+06,2.99988e+06,1.2954e+07,0,0,0,0,62.3362,61.308,5.22893,1,1,1.69344,1.76046,0.0379554,1.26866,1.69344,9.11013e+06,4.00975e+06,1.54275e+07,0,0,0,0
122.105,122.105,5.18159,0.1,0,2.95601,3.00564,0,0.55378,4.89888,4.38366e+06,2.99988e+06,1.29581e+07,0,0,0,0,62.3362,61.308,4.32509,1,1,1.69344,1.76102,0.0385055,1.30835,1.69344,9.11013e+06,4.00975e+06,1.54275e+07,0,0,0,0
122.105,122.105,4.95706,0.1,0,2.95695,3.00659,0,0.553956,4.89888,4.38366e+06,2.99988e+06,1.29623e+07,0,0,0,0,62.3362,61.308,4.68006,1,1,1.69344,1.76158,0.0390556,1.30835,1.69344,9.11013e+06,4.00975e+06,1.54275e+07,0,0,0,0
122.105,122.105,4.56612,0.1,0,2.95789,3.00755,0,0.554132,4.89888,4.38366e+06,2.99988e+06,1.29664e+07,0,0,0,0,62.3362,61.308,4.42686,1,1,1.69344,1.76214,0.0396059,1.30835,1.69344,9.11013e+06,4.00975e+06,1.54275e+07,0,0,0,0
122.105,122.105,4.33945,0.08,0,2.95883,3.0085,0,0.554308,4.89888,4.38366e+06,2.99988e+06,1.29705e+07,0,0,0,0,62.3362,61.308,4.45558,1,1,1.69344,1.7627,0.0401563,1.30835,1.69344,9.11013e+06,4.00975e+06,1.54275e+07,0,0,0,0
122.105,122.105,4.44389,0.07,0,2.93326,2.9825,0,0.554484,4.89888,4.38366e+06,2.99988e+06,1.28584e+07,0,0,0,0,62.3362,61.308,4.93382,1,1,1.69344,1.81297,0.0895941,1.30835,1.69344,9.11013e+06,4.00975e+06,1.54275e+07,0,0,0,0
122.105,122.105,4.09507,0.06,0,2.93419,2.98345,0,0.549693,4.89888,4.38366e+06,2.99988e+06,1.28625e+07,0,0,0,0,62.3362,61.308,4.84522,1,1,1.69344,1.81354,0.0901602,1.30835,1.69344,9.11013e+06,4.00975e+06,1.54275e+07,0,0,0,0
122.105,122.105,3.85167,0.07,0,2.93512,2.9844,0,0.549867,4.89888,4.38366e+06,2.99988e+06,1.28666e+07,0,0,0,0,62.3362,61.308,5.00796,1,1,1.69344,1.81412,0.0907264,1.30835,1.69344,9.11013e+06,4.00975e+06,1.54275e+07,0,0,0,0
122.105,122.105,3.73195,0.06,0,2.93605,2.98534,0,0.550042,4.89888,4.38366e+06,2.99988e+06,1.28707e+07,0,0,0,0,62.3362,61.308,4.78185,1,1,1.69344,1.8147,0.0912928,1.30835,1.69344,9.11013e+06,4.00975e+06,1.54275e+07,0,0,0,0
121.817,122.105,3.08055,0.06,0,3.00553,3.05599,0,0.550216,4.89888,4.38366e+06,2.99988e+06,1.31752e+07,0,0,0,0,62.3362,61.308,3.91967,1,1,1.69344,1.85963,0.135484,1.30835,1.69344,9.11013e+06,4.00975e+06,1.54275e+07,0,0,0,0
121.189,122.105,2.53965,0.09,0,3.00648,3.05696,0,0.563236,4.89888,4.38366e+06,2.99988e+06,1.31794e+07,0,0,0,0,62.2399,61.308,3.3285,1,1,1.69344,1.86022,0.136064,1.30835,1.69344,9.11013e+06,4.00975e+06,1.54275e+07,0,0,0,0
120.364,122.105,2.31983,0.1,0,3.00744,3.05792,0,0.563415,4.89888,4.38366e+06,2.99988e+06,1.31836e+07,0,0,0,0,62.0949,61.308,3.43237,1,1,1.69344,1.86081,0.136645,1.30835,1.69344,9.11013e+06,4.00975e+06,1.54275e+07,0,0,0,0
119.958,122.105,3.06992,0.11,0,3.00839,3.0589,0,0.563593,4.89888,4.38366e+06,2.99988e+06,1.31878e+07,0,0,0,0,62.2305,61.308,4.34089,1,1,1.69344,1.8614,0.137225,1.30835,1.69344,9.11013e+06,4.00975e+06,1.54275e+07,0,0,0,0
119.909,122.105,3.76006,0.11,0,3.21033,3.26422,0,0.563772,4.89888,4.38366e+06,2.99988e+06,1.4073e+07,0,0,0,0,62.3362,61.308,4.32215,1,1,1.69344,2.0223,0.295469,1.30835,1.69344,9.11013e+06,4.00975e+06,1.54275e+07,0,0,0,0
119.065,122.105,2.57659,0.1,0,3.21134,3.26526,0,0.601615,4.89888,4.38366e+06,2.99988e+06,1.40774e+07,0,0,0,0,62.2041,61.308,3.66117,1,1,1.69344,2.02294,0.2961,1.30835,1.69344,9.11013e+06,4.00975e+06,1.54275e+07,0,0,0,0
118.42,122.105,2.84628,0.1,0,3.21236,3.26629,0,0.601806,4.89888,4.38366e+06,2.99988e+06,1.40819e+07,0,0,0,0,62.2747,61.308,4.5421,1,1,1.69344,2.02358,0.29673,1.30835,1.69344,9.11013e+06,4.00975e+06,1.54275e+07,0,0,0,0
117.348,122.105,2.31195,0.11,0,3.21338,3.26733,0,0.601997,4.89888,4.38366e+06,2.99988e+06,1.40864e+07,0,0,0,0,62.0506,61.308,3.18427,1,1,1.69344,2.02422,0.297362,1.30835,1.69344,9.11013e+06,4.00975e+06,1.54275e+07,0,0,0,0
116.713,122.105,2.9554,0.11,0,3.2144,3.26836,0,0.602188,4.89888,4.38366e+06,2.99988e+06,1.40908e+07,0,0,0,0,62.3362,61.308,5.88299,1,1,1.69344,2.02487,0.297993,1.30835,1.69344,9.11013e+06,4.00975e+06,1.54275e+07,0,0,0,0
116.217,122.105,3.01973,0.11,0,3.11731,3.16965,0,0.602379,4.89888,4.38366e+06,2.99988e+06,1.36652e+07,0,0,0,0,62.3362,61.308,5.44207,1,1,1.69344,1.92805,0.202777,1.30835,1.69344,9.11013e+06,4.00975e+06,1.54275e+07,0,0,0,0
115.785,122.105,3.161,0.11,0,3.1183,3.17065,0,0.584184,4.89888,4.38366e+06,2.99988e+06,1.36696e+07,0,0,0,0,62.3362,61.308,5.77413,1,1,1.69344,1.92866,0.203378,1.30835,1.69344,9.11013e+06,4.00975e+06,1.54275e+07,0,0,0,0
115.53,122.105,3.44269,0.11,0,3.11929,3.17166,0,0.58437,4.89888,4.38366e+06,2.99988e+06,1.36739e+07,0,0,0,0,62.3362,61.308,6.16408,1,1,1.69344,1.92927,0.203979,1.30835,1.69344,9.11013e+06,4.00975e+06,1.54275e+07,0,0,0,0
115.494,122.105,4.15537,0.11,0,3.12028,3.17266,0,0.584555,4.89888,4.38366e+06,2.99988e+06,1.36782e+07,0,0,0,0,62.3362,61.308,7.90342,1,1,1.69344,1.92988,0.204581,1.30835,1.69344,9.11013e+06,4.00975e+06,1.54275e+07,0,0,0,0
114.857,122.105,3.21565,0.12,0,3.04064,3.09168,0,0.58474,4.89888,4.38366e+06,2.99988e+06,1.33291e+07,0,0,0,0,62.1169,61.308,4.52922,1,1,1.69344,1.84167,0.117827,1.30835,1.69344,9.11013e+06,4.00975e+06,1.54275e+07,0,0,0,0
113.082,122.105,1.73307,0.12,0,3.0416,3.09266,0,0.569815,4.89888,4.38366e+06,2.99988e+06,1.33333e+07,0,0,0,0,61.9198,61.308,1.71664,1,1,1.69344,1.84226,0.1184,1.30835,1.69344,9.11013e+06,4.00975e+06,1.54275e+07,0,0,0,0
112.442,122.105,3.15556,0.14,0,3.04256,3.09364,0,0.569996,4.89888,4.38366e+06,2.99988e+06,1.33376e+07,0,0,0,0,62.3362,61.308,4.06172,1,1,1.69344,1.84284,0.118974,1.30835,1.69344,9.11013e+06,4.00975e+06,1.54275e+07,0,0,0,0
113.99,122.105,5.97374,0.15,0,3.04353,3.09462,0,0.570176,4.89888,4.38366e+06,2.99988e+06,1.33418e+07,0,0,0,0,62.3362,61.308,8.43495,1,1,1.69344,1.84343,0.119548,1.30835,1.69344,9.11013e+06,4.00975e+06,1.54275e+07,0,0,0,0
114.711,122.105,4.41478,0.12,0,2.81521,2.86247,0,0.570357,4.89888,4.38366e+06,2.99988e+06,1.23409e+07,0,0,0,0,62.3362,61.308,5.73007,1,1,1.6314,1.65878,0,1.30835,1.69344,9.11013e+06,4.00975e+06,1.48622e+07,0,0,0,0
113.508,122.105,2.00907,0.12,0,2.8161,2.86337,0,0.52757,4.89888,4.38366e+06,2.99988e+06,1.23448e+07,0,0,0,0,62.3362,61.308,2.85976,1,1,1.63191,1.65931,0,1.26042,1.69344,9.11013e+06,4.00975e+06,1.48669e+07,0,0,0,0
113.76,122.105,3.83909,0.14,0,2.81699,2.86428,0,0.527737,4.89888,4.38366e+06,2.99988e+06,1.23487e+07,0,0,0,0,62.3362,61.308,5.24888,1,1,1.63243,1.65983,0,1.26082,1.69344,9.11013e+06,4.00975e+06,1.48717e+07,0,0,0,0
114,122.105,3.94902,0.15,0,2.81788,2.86519,0,0.527904,4.89888,4.38366e+06,2.99988e+06,1.23526e+07,0,0,0,0,62.3362,61.308,5.50282,1,1,1.63295,1.66036,0,1.26122,1.69344,9.11013e+06,4.00975e+06,1.48764e+07,0,0,0,0
115.089,122.105,4.94071,0.13,0,2.81877,2.86609,0,0.528071,4.89888,4.38366e+06,2.99988e+06,1.23565e+07,0,0,0,0,62.3362,61.308,6.71674,1,1,1.63346,1.66089,0,1.26161,1.69344,9.11013e+06,4.00975e+06,1.48811e+07,0,0,0,0
117.052,122.105,6.21886,0.14,0,2.90797,2.95679,0,0.528238,4.89888,4.38366e+06,2.99988e+06,1.27475e+07,0,0,0,0,62.3362,61.308,5.4718,1,1,1.6868,1.71512,0,1.26201,1.69344,9.11013e+06,4.00975e+06,1.5367e+07,0,0,0,0
119.272,122.105,5.91767,0.13,0,2.90885,2.95769,0,0.544954,4.89888,4.38366e+06,2.99988e+06,1.27514e+07,0,0,0,0,62.3362,61.308,3.60128,1,1,1.68731,1.71564,0,1.30322,1.69344,9.11013e+06,4.00975e+06,1.53716e+07,0,0,0,0
122.105,122.105,8.4686,0.13,0,2.90973,2.95858,0,0.545119,4.89888,4.38366e+06,2.99988e+06,1.27553e+07,0,0,0,0,62.3362,61.308,3.70652,1,1,1.68782,1.71616,0,1.30362,1.69344,9.11013e+06,4.00975e+06,1.53763e+07,0,0,0,0
122.105,122.105,12.3729,0.11,0,2.91062,2.95948,0,0.545284,4.89888,4.38366e+06,2.99988e+06,1.27591e+07,0,0,0,0,62.3362,61.308,7.35782,1,1,1.68833,1.71668,0,1.30401,1.69344,9.11013e+06,4.00975e+06,1.53809e+07,0,0,0,0
122.105,122.105,14.303,0.11,0,3.19548,3.24913,0,0.54545,4.89888,4.38366e+06,2.99988e+06,1.40079e+07,0,0,0,0,62.3362,61.308,12.7012,1,1,1.69344,1.9191,0.193976,1.30441,1.69344,9.11013e+06,4.00975e+06,1.54275e+07,0,0,0,0
122.105,122.105,10.2442,0.11,0,3.19645,3.25011,0,0.598833,4.89888,4.38366e+06,2.99988e+06,1.40121e+07,0,0,0,0,62.3362,61.308,7.92413,1,1,1.69344,1.91968,0.194548,1.30835,1.69344,9.11013e+06,4.00975e+06,1.54275e+07,0,0,0,0
122.105,122.105,7.6716,0.11,0,3.19742,3.2511,0,0.599014,4.89888,4.38366e+06,2.99988e+06,1.40164e+07,0,0,0,0,62.1348,61.308,4.93035,1,1,1.69344,1.92027,0.195121,1.30835,1.69344,9.11013e+06,4.00975e+06,1.54275e+07,0,0,0,0
122.105,122.105,5.45513,0.13,0,3.19839,3.25208,0,0.599196,4.89888,4.38366e+06,2.99988e+06,1.40206e+07,0,0,0,0,62.3362,61.308,3.25673,1,1,1.69344,1.92085,0.195693,1.30835,1.69344,9.11013e+06,4.00975e+06,1.54275e+07,0,0,0,0
122.105,122.105,6.17281,0.13,0,2.79382,2.84072,0,0.599377,4.89888,4.38366e+06,2.99988e+06,1.22471e+07,0,0,0,0,62.3362,61.308,3.79292,1,1,1.6229,1.65014,0,1.30835,1.69344,9.11013e+06,4.00975e+06,1.47848e+07,0,0,0,0
122.105,122.105,6.1582,0.13,0,2.79466,2.84158,0,0.523561,4.89888,4.38366e+06,2.99988e+06,1.22508e+07,0,0,0,0,62.3362,61.308,3.81138,1,1,1.62339,1.65064,0,1.25385,1.69344,9.11013e+06,4.00975e+06,1.47893e+07,0,0,0,0
122.105,122.105,5.10348,0.17,0,2.79551,2.84244,0,0.52372,4.89888,4.38366e+06,2.99988e+06,1.22546e+07,0,0,0,0,62.3362,61.308,2.80279,1,1,1.62388,1.65114,0,1.25423,1.69344,9.11013e+06,4.00975e+06,1.47938e+07,0,0,0,0
122.105,122.105,5.32394,0.17,0,2.79636,2.8433,0,0.523878,4.89888,4.38366e+06,2.99988e+06,1.22583e+07,0,0,0,0,62.3362,61.308,3.08807,1,1,1.62437,1.65164,0,1.25461,1.69344,9.11013e+06,4.00975e+06,1.47982e+07,0,0,0,0
122.105,122.105,8.72864,0.19,0,2.7972,2.84416,0,0.524037,4.89888,4.38366e+06,2.99988e+06,1.2262e+07,0,0,0,0,62.3362,61.308,5.42368,1,1,1.62486,1.65214,0,1.25499,1.69344,9.11013e+06,4.00975e+06,1.48027e+07,0,0,0,0
122.105,122.105,7.57368,0.2,0,2.90028,2.94897,0,0.524196,4.89888,4.38366e+06,2.99988e+06,1.27139e+07,0,0,0,0,62.3362,61.308,4.55631,1,1,1.69073,1.71911,0,1.25537,1.69344,9.11013e+06,4.00975e+06,1.54027e+07,0,0,0,0
122.105,122.105,6.44148,0.2,0,2.90116,2.94987,0,0.543513,4.89888,4.38366e+06,2.99988e+06,1.27177e+07,0,0,0,0,62.3362,61.308,4.25616,1,1,1.69124,1.71963,0,1.30625,1.69344,9.11013e+06,4.00975e+06,1.54074e+07,0,0,0,0
122.105,122.105,5.70022,0.2,0,2.90204,2.95076,0,0.543678,4.89888,4.38366e+06,2.99988e+06,1.27215e+07,0,0,0,0,62.3362,61.308,3.92307,1,1,1.69175,1.72015,0,1.30665,1.69344,9.11013e+06,4.00975e+06,1.54121e+07,0,0,0,0
122.105,122.105,6.31197,0.2,0,2.90292,2.95165,0,0.543842,4.89888,4.38366e+06,2.99988e+06,1.27254e+07,0,0,0,0,62.3362,61.308,3.88567,1,1,1.69226,1.72067,0,1.30705,1.69344,9.11013e+06,4.00975e+06,1.54167e+07,0,0,0,0
122.105,122.105,5.03905,0.19,0,2.86378,2.91185,0,0.544007,4.89888,4.38366e+06,2.99988e+06,1.25538e+07,0,0,0,0,62.3362,61.308,3.57415,1,1,1.66735,1.69534,0,1.30744,1.69344,9.11013e+06,4.00975e+06,1.51898e+07,0,0,0,0
122.105,122.105,4.07565,0.17,0,2.86464,2.91273,0,0.536671,4.89888,4.38366e+06,2.99988e+06,1.25576e+07,0,0,0,0,62.3362,61.308,3.19323,1,1,1.66786,1.69586,0,1.2882,1.69344,9.11013e+06,4.00975e+06,1.51944e+07,0,0,0,0
122.105,122.105,3.72494,0.14,0,2.86551,2.91361,0,0.536834,4.89888,4.38366e+06,2.99988e+06,1.25614e+07,0,0,0,0,62.3362,61.308,3.3119,1,1,1.66836,1.69637,0,1.28859,1.69344,9.11013e+06,4.00975e+06,1.5199e+07,0,0,0,0
122.105,122.105,4.11497,0.14,0,2.86638,2.9145,0,0.536996,4.89888,4.38366e+06,2.99988e+06,1.25652e+07,0,0,0,0,62.3362,61.308,2.84009,1,1,1.66887,1.69688,0,1.28898,1.69344,9.11013e+06,4.00975e+06,1.52036e+07,0,0,0,0
122.105,122.105,3.65042,0.12,0,3.00326,3.05367,0,0.537159,4.89888,4.38366e+06,2.99988e+06,1.31652e+07,0,0,0,0,62.3362,61.308,2.85109,1,1,1.69344,1.78917,0.0661869,1.28937,1.69344,9.11013e+06,4.00975e+06,1.54275e+07,0,0,0,0
121.915,122.105,3.08622,0.11,0,3.00416,3.0546,0,0.56281,4.89888,4.38366e+06,2.99988e+06,1.31692e+07,0,0,0,0,62.3362,61.308,2.44782,1,1,1.69344,1.78971,0.0667191,1.30835,1.69344,9.11013e+06,4.00975e+06,1.54275e+07,0,0,0,0
121.453,122.105,2.78112,0.16,0,3.00507,3.05552,0,0.56298,4.89888,4.38366e+06,2.99988e+06,1.31732e+07,0,0,0,0,62.2865,61.308,2.23702,1,1,1.69344,1.79025,0.0672515,1.30835,1.69344,9.11013e+06,4.00975e+06,1.54275e+07,0,0,0,0
120.92,122.105,2.6223,0.16,0,3.00598,3.05645,0,0.563151,4.89888,4.38366e+06,2.99988e+06,1.31772e+07,0,0,0,0,62.0743,61.308,2.15099,1,1,1.69344,1.79079,0.0677837,1.30835,1.69344,9.11013e+06,4.00975e+06,1.54275e+07,0,0,0,0
120.265,122.105,2.50834,0.15,0,3.00689,3.05737,0,0.563321,4.89888,4.38366e+06,2.99988e+06,1.31812e+07,0,0,0,0,61.7052,61.308,2.01651,1,1,1.69344,1.79133,0.0683162,1.30835,1.69344,9.11013e+06,4.00975e+06,1.54275e+07,0,0,0,0
119.316,122.105,2.09476,0.16,0,2.98086,3.0309,0,0.563491,4.89888,4.38366e+06,2.99988e+06,1.30671e+07,0,0,0,0,61.0963,61.308,1.69189,1,1,1.69344,1.84239,0.11853,1.30835,1.69344,9.11013e+06,4.00975e+06,1.54275e+07,0,0,0,0
118.244,122.105,1.92721,0.14,0,2.98176,3.03182,0,0.558613,4.89888,4.38366e+06,2.99988e+06,1.3071e+07,0,0,0,0,60.3702,61.308,1.59861,1,1,1.69344,1.84295,0.119077,1.30835,1.69344,9.11013e+06,4.00975e+06,1.54275e+07,0,0,0,0
117.1,122.105,1.83282,0.14,0,2.98266,3.03274,0,0.558782,4.89888,4.38366e+06,2.99988e+06,1.3075e+07,0,0,0,0,59.5433,61.308,1.51063,1,1,1.69344,1.8435,0.119625,1.30835,1.69344,9.11013e+06,4.00975e+06,1.54275e+07,0,0,0,0
115.854,122.105,1.69983,0.12,0,2.98356,3.03365,0,0.558951,4.89888,4.38366e+06,2.99988e+06,1.30789e+07,0,0,0,0,58.677,61.308,1.41077,1,1,1.69344,1.84406,0.120173,1.30835,1.69344,9.11013e+06,4.00975e+06,1.54275e+07,0,0,0,0
114.461,122.105,1.60052,0.13,0,3.05412,3.10539,0,0.55912,4.89888,4.38366e+06,2.99988e+06,1.33882e+07,0,0,0,0,57.7133,61.308,1.42779,1,1,1.69344,1.88969,0.165051,1.30835,1.69344,9.11013e+06,4.00975e+06,1.54275e+07,0,0,0,0
112.991,122.105,1.48317,0.12,0,3.05504,3.10633,0,0.572341,4.89888,4.38366e+06,2.99988e+06,1.33922e+07,0,0,0,0,56.9216,61.308,1.34775,1,1,1.69344,1.89026,0.165612,1.30835,1.69344,9.11013e+06,4.00975e+06,1.54275e+07,0,0,0,0
111.487,122.105,1.38583,0.18,0,3.05596,3.10727,0,0.572514,4.89888,4.38366e+06,2.99988e+06,1.33963e+07,0,0,0,0,56.081,61.308,1.39022,1,1,1.69344,1.89083,0.166174,1.30835,1.69344,9.11013e+06,4.00975e+06,1.54275e+07,0,0,0,0
110.116,122.105,1.53439,0.17,0,3.05688,3.1082,0,0.572687,4.89888,4.38366e+06,2.99988e+06,1.34003e+07,0,0,0,0,55.1596,61.308,1.48321,1,1,1.69344,1.8914,0.166736,1.30835,1.69344,9.11013e+06,4.00975e+06,1.54275e+07,0,0,0,0
108.471,122.105,1.42504,0.17,0,3.26203,3.31679,0,0.57286,4.89888,4.38366e+06,2.99988e+06,1.42996e+07,0,0,0,0,54.0109,61.308,1.27465,1,1,1.69344,2.05487,0.327499,1.30835,1.69344,9.11013e+06,4.00975e+06,1.54275e+07,0,0,0,0
106.943,122.105,1.62784,0.17,0,3.26301,3.31779,0,0.611304,4.89888,4.38366e+06,2.99988e+06,1.43039e+07,0,0,0,0,53.3731,61.308,1.16962,1,1,1.69344,2.05549,0.328109,1.30835,1.69344,9.11013e+06,4.00975e+06,1.54275e+07,0,0,0,0
105.35,122.105,1.5656,0.17,0,3.264,3.31879,0,0.611488,4.89888,4.38366e+06,2.99988e+06,1.43082e+07,0,0,0,0,52.7385,61.308,1.55837,1,1,1.69344,2.05611,0.32872,1.30835,1.69344,9.11013e+06,4.00975e+06,1.54275e+07,0,0,0,0
103.708,122.105,1.48717,0.2,0,3.26498,3.31979,0,0.611673,4.89888,4.38366e+06,2.99988e+06,1.43126e+07,0,0,0,0,52.0778,61.308,1.53868,1,1,1.69344,2.05673,0.32933,1.30835,1.69344,9.11013e+06,4.00975e+06,1.54275e+07,0,0,0,0
102.064,122.105,1.47101,0.2,0,3.26597,3.3208,0,0.611858,4.89888,4.38366e+06,2.99988e+06,1.43169e+07,0,0,0,0,51.4925,61.308,1.5256,1,1,1.69344,2.05735,0.329941,1.30835,1.69344,9.11013e+06,4.00975e+06,1.54275e+07,0,0,0,0
100.227,122.105,1.14533,0.2,0,3.16727,3.22045,0,0.612042,4.89888,4.38366e+06,2.99988e+06,1.38842e+07,0,0,0,0,50.6228,61.308,1.53512,1,1,1.69344,1.95895,0.233168,1.30835,1.69344,9.11013e+06,4.00975e+06,1.54275e+07,0,0,0,0
98.1864,122.105,0.874383,0.2,0,3.16823,3.22142,0,0.593547,4.89888,4.38366e+06,2.99988e+06,1.38884e+07,0,0,0,0,49.6963,61.308,1.21157,1,1,1.69344,1.95954,0.23375,1.30835,1.69344,9.11013e+06,4.00975e+06,1.54275e+07,0,0,0,0
96.237,122.105,0.988952,0.21,0,3.16919,3.22239,0,0.593726,4.89888,4.38366e+06,2.99988e+06,1.38926e+07,0,0,0,0,49.1539,61.308,1.23903,1,1,1.69344,1.96013,0.234331,1.30835,1.69344,9.11013e+06,4.00975e+06,1.54275e+07,0,0,0,0
95.4872,122.105,2.75937,0.23,0,3.17014,3.22336,0,0.593906,4.89888,4.38366e+06,2.99988e+06,1.38968e+07,0,0,0,0,49.0454,61.308,2.30321,1,1,1.69344,1.96073,0.234913,1.30835,1.69344,9.11013e+06,4.00975e+06,1.54275e+07,0,0,0,0
94.0976,122.105,1.65267,0.23,0,3.08918,3.14104,0,0.594085,4.89888,4.38366e+06,2.99988e+06,1.35419e+07,0,0,0,0,48.0116,61.308,1.58059,1,1,1.69344,1.87108,0.146744,1.30835,1.69344,9.11013e+06,4.00975e+06,1.54275e+07,0,0,0,0
92.4178,122.105,1.24883,0.23,0,3.09011,3.14199,0,0.578913,4.89888,4.38366e+06,2.99988e+06,1.3546e+07,0,0,0,0,46.7987,61.308,0.806079,1,1,1.69344,1.87164,0.1473,1.30835,1.69344,9.11013e+06,4.00975e+06,1.54275e+07,0,0,0,0
90.6179,122.105,1.13,0.22,0,3.09105,3.14294,0,0.579087,4.89888,4.38366e+06,2.99988e+06,1.35501e+07,0,0,0,0,46.2402,61.308,0.963592,1,1,1.69344,1.87221,0.147855,1.30835,1.69344,9.11013e+06,4.00975e+06,1.54275e+07,0,0,0,0
90.5027,122.105,3.28442,0.21,0,3.09198,3.14389,0,0.579262,4.89888,4.38366e+06,2.99988e+06,1.35542e+07,0,0,0,0,45.9221,61.308,3.08226,1,1,1.69344,1.87277,0.14841,1.30835,1.69344,9.11013e+06,4.00975e+06,1.54275e+07,0,0,0,0
90.1002,122.105,2.6496,0.21,0,2.85998,2.90799,0,0.579437,4.89888,4.38366e+06,2.99988e+06,1.25372e+07,0,0,0,0,45.8828,61.308,1.70039,1,1,1.65734,1.68517,0,1.30835,1.69344,9.11013e+06,4.00975e+06,1.50986e+07,0,0,0,0
88.5061,122.105,1.40939,0.21,0,2.86084,2.90887,0,0.53596,4.89888,4.38366e+06,2.99988e+06,1.25409e+07,0,0,0,0,45.6338,61.308,2.60629,1,1,1.65784,1.68567,0,1.28046,1.69344,9.11013e+06,4.00975e+06,1.51032e+07,0,0,0,0
87.3966,122.105,1.92495,0.28,0,2.8617,2.90975,0,0.536122,4.89888,4.38366e+06,2.99988e+06,1.25447e+07,0,0,0,0,45.1283,61.308,2.36858,1,1,1.65834,1.68618,0,1.28085,1.69344,9.11013e+06,4.00975e+06,1.51077e+07,0,0,0,0
86.4337,122.105,1.96785,0.29,0,2.86257,2.91062,0,0.536283,4.89888,4.38366e+06,2.99988e+06,1.25485e+07,0,0,0,0,44.8781,61.308,1.71551,1,1,1.65884,1.68669,0,1.28123,1.69344,9.11013e+06,4.00975e+06,1.51123e+07,0,0,0,0
85.5895,122.105,2.2424,0.32,0,2.86343,2.9115,0,0.536445,4.89888,4.38366e+06,2.99988e+06,1.25523e+07,0,0,0,0,45.4045,61.308,3.09944,1,1,1.65934,1.6872,0,1.28162,1.69344,9.11013e+06,4.00975e+06,1.51168e+07,0,0,0,0
84.5186,122.105,1.85122,0.32,0,2.954,3.00359,0,0.536607,4.89888,4.38366e+06,2.99988e+06,1.29493e+07,0,0,0,0,45.6171,61.308,2.58636,1,1,1.69344,1.74226,0.0200564,1.28201,1.69344,9.11013e+06,4.00975e+06,1.54275e+07,0,0,0,0
85.025,122.105,3.58825,0.33,0,2.95485,3.00446,0,0.553579,4.89888,4.38366e+06,2.99988e+06,1.29531e+07,0,0,0,0,45.7768,61.308,2.80118,1,1,1.69344,1.74277,0.0205517,1.30835,1.69344,9.11013e+06,4.00975e+06,1.54275e+07,0,0,0,0
87.1721,122.105,5.28948,0.36,0,2.95571,3.00533,0,0.553739,4.89888,4.38366e+06,2.99988e+06,1.29568e+07,0,0,0,0,45.8861,61.308,2.55989,1,1,1.69344,1.74327,0.021047,1.30835,1.69344,9.11013e+06,4.00975e+06,1.54275e+07,0,0,0,0
89.1514,122.105,5.28516,0.37,0,2.95656,3.00619,0,0.553899,4.89888,4.38366e+06,2.99988e+06,1.29605e+07,0,0,0,0,46.0483,61.308,2.77707,1,1,1.69344,1.74377,0.0215423,1.30835,1.69344,9.11013e+06,4.00975e+06,1.54275e+07,0,0,0,0
90.1374,122.105,4.36292,0.4,0,3.02791,3.30036,0,0.554059,4.89888,4.38366e+06,2.99988e+06,1.32733e+07,0,0,0,0,46.714,61.308,4.41659,1,1,1.69344,1.94937,0.0949984,1.30835,1.69344,9.11013e+06,4.00975e+06,1.54275e+07,0,0,0,0
90.0093,122.105,3.24524,0.35,0,3.24681,3.30132,0,0.567429,4.89888,4.38366e+06,2.99988e+06,1.42329e+07,0,0,0,0,46.6988,61.308,2.54338,1,1,1.69344,1.94993,0.224295,1.30835,1.69344,9.11013e+06,4.00975e+06,1.54275e+07,0,0,0,0
90.5152,122.105,3.87298,0.36,0,3.24775,3.30227,0,0.608452,4.89888,4.38366e+06,2.99988e+06,1.4237e+07,0,0,0,0,46.9561,61.308,3.11582,1,1,1.69344,1.95049,0.224849,1.30835,1.69344,9.11013e+06,4.00975e+06,1.54275e+07,0,0,0,0
92.423,122.105,5.44809,0.35,0,3.24869,3.30323,0,0.608628,4.89888,4.38366e+06,2.99988e+06,1.42411e+07,0,0,0,0,47.1889,61.308,3.42371,1,1,1.69344,1.95106,0.225403,1.30835,1.69344,9.11013e+06,4.00975e+06,1.54275e+07,0,0,0,0
93.5714,122.105,4.27176,0.36,0,2.83771,2.88535,0,0.608804,4.89888,4.38366e+06,2.99988e+06,1.24396e+07,0,0,0,0,47.2101,61.308,2.5541,1,1,1.6484,1.67607,0,1.30835,1.69344,9.11013e+06,4.00975e+06,1.50171e+07,0,0,0,0
95.133,122.105,4.64885,0.4,0,2.64792,2.88619,0,0.531788,4.89888,4.38366e+06,2.99988e+06,1.16076e+07,0,0,0,0,47.5462,61.308,3.19613,1,1,1.53815,1.67655,0,1.27355,1.69344,9.11013e+06,4.00975e+06,1.40127e+07,0,0,0,0
96.2944,122.105,4.23479,0.42,0,2.64868,2.88702,0,0.49622,4.89888,4.38366e+06,2.99988e+06,1.16109e+07,0,0,0,0,47.8668,61.308,3.24714,1,1,1.53859,1.67704,0,1.18837,1.69344,9.11013e+06,4.00975e+06,1.40168e+07,0,0,0,0
98.0315,122.105,4.86261,0.47,0,2.64945,2.88785,0,0.496363,4.89888,4.38366e+06,2.99988e+06,1.16143e+07,0,0,0,0,48.1169,61.308,2.85352,1,1,1.53903,1.67752,0,1.18871,1.69344,9.11013e+06,4.00975e+06,1.40208e+07,0,0,0,0
99.0142,122.105,4.005,0.43,0,2.65021,2.88869,0,0.496507,4.89888,4.38366e+06,2.99988e+06,1.16176e+07,0,0,0,0,48.2861,61.308,2.50967,1,1,1.53948,1.67801,0,1.18906,1.69344,9.11013e+06,4.00975e+06,1.40249e+07,0,0,0,0
100.668,122.105,4.90003,0.44,0,2.74784,2.9951,0,0.49665,4.89888,4.38366e+06,2.99988e+06,1.20456e+07,0,0,0,0,48.5251,61.308,3.86649,1,1,1.60186,1.746,0,1.1894,1.69344,9.11013e+06,4.00975e+06,1.45931e+07,0,0,0,0
102.191,122.105,4.85019,0.53,0,2.74863,2.99596,0,0.514945,4.89888,4.38366e+06,2.99988e+06,1.20491e+07,0,0,0,0,48.7027,61.308,3.2218,1,1,1.60232,1.7465,0,1.2376,1.69344,9.11013e+06,4.00975e+06,1.45973e+07,0,0,0,0
103.194,122.105,4.30312,0.55,0,2.74943,2.99683,0,0.515094,4.89888,4.38366e+06,2.99988e+06,1.20525e+07,0,0,0,0,48.7444,61.308,3.14638,1,1,1.60278,1.74701,0,1.23795,1.69344,9.11013e+06,4.00975e+06,1.46016e+07,0,0,0,0
104.695,122.105,4.9211,0.56,0,2.75022,2.99769,0,0.515242,4.89888,4.38366e+06,2.99988e+06,1.2056e+07,0,0,0,0,48.8439,61.308,3.44352,1,1,1.60324,1.74751,0,1.23831,1.69344,9.11013e+06,4.00975e+06,1.46058e+07,0,0,0,0
105.718,122.105,4.24022,0.57,0,2.7131,2.95723,0,0.515391,4.89888,4.38366e+06,2.99988e+06,1.18933e+07,0,0,0,0,49.0664,61.308,3.25112,1,1,1.57962,1.72176,0,1.23867,1.69344,9.11013e+06,4.00975e+06,1.43906e+07,0,0,0,0
106.138,122.105,3.55283,0.56,0,2.71388,2.95808,0,0.508434,4.89888,4.38366e+06,2.99988e+06,1.18967e+07,0,0,0,0,49.2779,61.308,2.97624,1,1,1.58008,1.72226,0,1.22042,1.69344,9.11013e+06,4.00975e+06,1.43947e+07,0,0,0,0
106.599,122.105,3.58429,0.42,0,2.71466,2.95893,0,0.508581,4.89888,4.38366e+06,2.99988e+06,1.19001e+07,0,0,0,0,49.4615,61.308,2.88873,1,1,1.58054,1.72276,0,1.22077,1.69344,9.11013e+06,4.00975e+06,1.43989e+07,0,0,0,0
106.669,122.105,3.04101,0.43,0,2.71544,2.95979,0,0.508728,4.89888,4.38366e+06,2.99988e+06,1.19036e+07,0,0,0,0,49.5008,61.308,3.11393,1,1,1.58099,1.72325,0,1.22112,1.69344,9.11013e+06,4.00975e+06,1.4403e+07,0,0,0,0
106.273,122.105,2.57323,0.41,0,2.84508,3.10109,0,0.508874,4.89888,4.38366e+06,2.99988e+06,1.24718e+07,0,0,0,0,49.3981,61.308,2.93174,1,1,1.66695,1.81695,0,1.22147,1.69344,9.11013e+06,4.00975e+06,1.51861e+07,0,0,0,0
106.002,122.105,2.80692,0.42,0,2.8459,3.10198,0,0.533167,4.89888,4.38366e+06,2.99988e+06,1.24754e+07,0,0,0,0,49.299,61.308,2.68961,1,1,1.66743,1.81747,0,1.28788,1.69344,9.11013e+06,4.00975e+06,1.51905e+07,0,0,0,0
105.42,122.105,2.61996,0.37,0,3.05164,3.10287,0,0.533321,4.89888,4.38366e+06,2.99988e+06,1.33774e+07,0,0,0,0,49.1815,61.308,2.70569,1,1,1.69344,1.81799,0.0945371,1.28826,1.69344,9.11013e+06,4.00975e+06,1.54275e+07,0,0,0,0
104.946,122.105,2.56456,0.44,0,2.84754,3.10377,0,0.571878,4.89888,4.38366e+06,2.99988e+06,1.24826e+07,0,0,0,0,49.1254,61.308,2.67078,1,1,1.66839,1.81852,0,1.30835,1.69344,9.11013e+06,4.00975e+06,1.51993e+07,0,0,0,0
104.349,122.105,2.38845,0.41,0,2.84836,3.10466,0,0.533629,4.89888,4.38366e+06,2.99988e+06,1.24862e+07,0,0,0,0,49.0077,61.308,2.43893,1,1,1.66887,1.81904,0,1.289,1.69344,9.11013e+06,4.00975e+06,1.52036e+07,0,0,0,0
103.78,122.105,2.47813,0.37,0,3.02693,3.07774,0,0.533782,4.89888,4.38366e+06,2.99988e+06,1.3269e+07,0,0,0,0,48.6761,61.308,2.01633,1,1,1.69344,1.87086,0.146532,1.28937,1.69344,9.11013e+06,4.00975e+06,1.54275e+07,0,0,0,0
103.246,122.105,2.42138,0.32,0,3.0278,3.07863,0,0.567246,4.89888,4.38366e+06,2.99988e+06,1.32728e+07,0,0,0,0,48.2831,61.308,1.80773,1,1,1.69344,1.8714,0.147062,1.30835,1.69344,9.11013e+06,4.00975e+06,1.54275e+07,0,0,0,0
102.57,122.105,2.23997,0.28,0,3.02867,3.07952,0,0.567409,4.89888,4.38366e+06,2.99988e+06,1.32767e+07,0,0,0,0,47.9273,61.308,1.79272,1,1,1.69344,1.87194,0.147592,1.30835,1.69344,9.11013e+06,4.00975e+06,1.54275e+07,0,0,0,0
101.779,122.105,2.10641,0.27,0,3.02954,3.0804,0,0.567573,4.89888,4.38366e+06,2.99988e+06,1.32805e+07,0,0,0,0,47.5314,61.308,1.84218,1,1,1.69344,1.87248,0.148123,1.30835,1.69344,9.11013e+06,4.00975e+06,1.54275e+07,0,0,0,0
100.913,122.105,2.061,0.26,0,3.10114,3.1532,0,0.567736,4.89888,4.38366e+06,2.99988e+06,1.35943e+07,0,0,0,0,47.0814,61.308,1.74481,1,1,1.69344,1.91879,0.193666,1.30835,1.69344,9.11013e+06,4.00975e+06,1.54275e+07,0,0,0,0
100.058,122.105,2.05224,0.26,0,3.10203,3.15411,0,0.581154,4.89888,4.38366e+06,2.99988e+06,1.35983e+07,0,0,0,0,46.5541,61.308,1.72667,1,1,1.69344,1.91934,0.194209,1.30835,1.69344,9.11013e+06,4.00975e+06,1.54275e+07,0,0,0,0
99.0131,122.105,1.85004,0.25,0,3.10293,3.15502,0,0.581321,4.89888,4.38366e+06,2.99988e+06,1.36022e+07,0,0,0,0,45.9055,61.308,1.63344,1,1,1.69344,1.91989,0.194753,1.30835,1.69344,9.11013e+06,4.00975e+06,1.54275e+07,0,0,0,0
97.8469,122.105,1.70301,0.24,0,3.10382,3.15593,0,0.581488,4.89888,4.38366e+06,2.99988e+06,1.36061e+07,0,0,0,0,45.2322,61.308,1.52541,1,1,1.69344,1.92044,0.195297,1.30835,1.69344,9.11013e+06,4.00975e+06,1.54275e+07,0,0,0,0
96.3438,122.105,1.50065,0.24,0,3.31206,3.36767,0,0.581656,4.89888,4.38366e+06,2.99988e+06,1.4519e+07,0,0,0,0,44.4395,61.308,1.51299,1,1,1.69344,2.08639,0.3585,1.30835,1.69344,9.11013e+06,4.00975e+06,1.54275e+07,0,0,0,0
95.2202,122.105,1.91022,0.27,0,3.31302,3.36864,0,0.620681,4.89888,4.38366e+06,2.99988e+06,1.45231e+07,0,0,0,0,43.813,61.308,1.37581,1,1,1.69344,2.08699,0.35909,1.30835,1.69344,9.11013e+06,4.00975e+06,1.54275e+07,0,0,0,0
94.3343,122.105,2.14233,0.26,0,3.31397,3.36961,0,0.62086,4.89888,4.38366e+06,2.99988e+06,1.45273e+07,0,0,0,0,43.0296,61.308,1.60956,1,1,1.69344,2.08759,0.359681,1.30835,1.69344,9.11013e+06,4.00975e+06,1.54275e+07,0,0,0,0
93.103,122.105,1.76347,0.25,0,3.31493,3.37058,0,0.621038,4.89888,4.38366e+06,2.99988e+06,1.45315e+07,0,0,0,0,42.4712,61.308,1.28355,1,1,1.69344,2.08819,0.360272,1.30835,1.69344,9.11013e+06,4.00975e+06,1.54275e+07,0,0,0,0
92.1518,122.105,2.08404,0.25,0,3.31588,3.37155,0,0.621217,4.89888,4.38366e+06,2.99988e+06,1.45357e+07,0,0,0,0,42.1134,61.308,1.9392,1,1,1.69344,2.08879,0.360863,1.30835,1.69344,9.11013e+06,4.00975e+06,1.54275e+07,0,0,0,0
91.1515,122.105,1.95343,0.25,0,3.21563,3.26962,0,0.621396,4.89888,4.38366e+06,2.99988e+06,1.40962e+07,0,0,0,0,41.6743,61.308,1.80864,1,1,1.69344,1.98886,0.262584,1.30835,1.69344,9.11013e+06,4.00975e+06,1.54275e+07,0,0,0,0
90.5091,122.105,2.25096,0.25,0,3.21656,3.27056,0,0.60261,4.89888,4.38366e+06,2.99988e+06,1.41003e+07,0,0,0,0,41.3269,61.308,2.07361,1,1,1.69344,1.98943,0.263147,1.30835,1.69344,9.11013e+06,4.00975e+06,1.54275e+07,0,0,0,0
90.908,122.105,3.5826,0.25,0,3.21748,3.2715,0,0.602783,4.89888,4.38366e+06,2.99988e+06,1.41043e+07,0,0,0,0,41.3892,61.308,3.5824,1,1,1.69344,1.99001,0.26371,1.30835,1.69344,9.11013e+06,4.00975e+06,1.54275e+07,0,0,0,0
90.8061,122.105,3.03327,0.25,0,3.21841,3.27244,0,0.602957,4.89888,4.38366e+06,2.99988e+06,1.41084e+07,0,0,0,0,41.2454,61.308,2.83415,1,1,1.69344,1.99058,0.264273,1.30835,1.69344,9.11013e+06,4.00975e+06,1.54275e+07,0,0,0,0
90.8426,122.105,3.06449,0.25,0,3.13617,3.18882,0,0.60313,4.89888,4.38366e+06,2.99988e+06,1.37479e+07,0,0,0,0,40.9588,61.308,2.18837,1,1,1.69344,1.89954,0.174736,1.30835,1.69344,9.11013e+06,4.00975e+06,1.54275e+07,0,0,0,0
92.0262,122.105,4.6164,0.25,0,3.13707,3.18974,0,0.587719,4.89888,4.38366e+06,2.99988e+06,1.37519e+07,0,0,0,0,41.3843,61.308,4.33387,1,1,1.69344,1.90009,0.175273,1.30835,1.69344,9.11013e+06,4.00975e+06,1.54275e+07,0,0,0,0
92.3629,122.105,3.66073,0.26,0,3.13798,3.19066,0,0.587888,4.89888,4.38366e+06,2.99988e+06,1.37558e+07,0,0,0,0,41.6735,61.308,3.15789,1,1,1.69344,1.90063,0.17581,1.30835,1.69344,9.11013e+06,4.00975e+06,1.54275e+07,0,0,0,0
93.4451,122.105,4.48791,0.24,0,3.13888,3.19157,0,0.588057,4.89888,4.38366e+06,2.99988e+06,1.37598e+07,0,0,0,0,41.987,61.308,3.7704,1,1,1.69344,1.90118,0.176348,1.30835,1.69344,9.11013e+06,4.00975e+06,1.54275e+07,0,0,0,0
93.9178,122.105,3.6028,0.24,0,2.90332,2.95206,0,0.588226,4.89888,4.38366e+06,2.99988e+06,1.27272e+07,0,0,0,0,41.6623,61.308,2.4129,1,1,1.68246,1.7107,0,1.30835,1.69344,9.11013e+06,4.00975e+06,1.53274e+07,0,0,0,0
93.6898,122.105,2.71903,0.24,0,2.90415,2.95291,0,0.544082,4.89888,4.38366e+06,2.99988e+06,1.27308e+07,0,0,0,0,41.6202,61.308,1.95023,1,1,1.68294,1.71119,0,1.29987,1.69344,9.11013e+06,4.00975e+06,1.53318e+07,0,0,0,0
94.8508,122.105,4.43676,0.25,0,2.90499,2.95376,0,0.544238,4.89888,4.38366e+06,2.99988e+06,1.27345e+07,0,0,0,0,42.0614,61.308,2.8752,1,1,1.68342,1.71169,0,1.30024,1.69344,9.11013e+06,4.00975e+06,1.53362e+07,0,0,0,0
96.1646,122.105,4.68223,0.27,0,2.90582,2.95461,0,0.544395,4.89888,4.38366e+06,2.99988e+06,1.27381e+07,0,0,0,0,42.3817,61.308,2.63954,1,1,1.68391,1.71218,0,1.30061,1.69344,9.11013e+06,4.00975e+06,1.53406e+07,0,0,0,0
106.348,122.105,15.0961,0.31,0,2.90666,2.95546,0,0.544551,4.89888,4.38366e+06,2.99988e+06,1.27418e+07,0,0,0,0,44.7142,61.308,9.11037,1,1,1.68439,1.71267,0,1.30099,1.69344,9.11013e+06,4.00975e+06,1.5345e+07,0,0,0,0
109.572,122.105,6.87958,0.19,0,2.99856,3.0489,0,0.544708,4.89888,4.38366e+06,2.99988e+06,1.31446e+07,0,0,0,0,45.4565,61.308,4.95706,1,1,1.69344,1.76854,0.0459024,1.30136,1.69344,9.11013e+06,4.00975e+06,1.54275e+07,0,0,0,0
110.492,122.105,4.55891,0.21,0,2.99938,3.04974,0,0.561929,4.89888,4.38366e+06,2.99988e+06,1.31483e+07,0,0,0,0,45.7974,61.308,4.50668,1,1,1.69344,1.76903,0.0463821,1.30835,1.69344,9.11013e+06,4.00975e+06,1.54275e+07,0,0,0,0
112.118,122.105,5.54545,0.2,0,3.00021,3.05058,0,0.562084,4.89888,4.38366e+06,2.99988e+06,1.31519e+07,0,0,0,0,46.31,61.308,4.73495,1,1,1.69344,1.76952,0.0468618,1.30835,1.69344,9.11013e+06,4.00975e+06,1.54275e+07,0,0,0,0
118.553,122.105,11.0993,0.2,0,3.00104,3.05142,0,0.562239,4.89888,4.38366e+06,2.99988e+06,1.31555e+07,0,0,0,0,48.9961,61.308,10.6036,1,1,1.69344,1.77001,0.0473416,1.30835,1.69344,9.11013e+06,4.00975e+06,1.54275e+07,0,0,0,0
122.105,122.105,11.2364,0.14,0,3.29466,3.34997,0,0.562394,4.89888,4.38366e+06,2.99988e+06,1.44427e+07,0,0,0,0,50.5375,61.308,7.28356,1,1,1.69344,1.97867,0.252557,1.30835,1.69344,9.11013e+06,4.00975e+06,1.54275e+07,0,0,0,0
122.105,122.105,20.9986,0.13,0,3.29557,3.35089,0,0.617419,4.89888,4.38366e+06,2.99988e+06,1.44466e+07,0,0,0,0,53.6334,61.308,11.4643,1,1,1.69344,1.97921,0.253093,1.30835,1.69344,9.11013e+06,4.00975e+06,1.54275e+07,0,0,0,0
122.105,122.105,10.2381,0.13,0,3.29647,3.35182,0,0.617589,4.89888,4.38366e+06,2.99988e+06,1.44506e+07,0,0,0,0,54.8318,61.308,6.26887,1,1,1.69344,1.97976,0.25363,1.30835,1.69344,9.11013e+06,4.00975e+06,1.54275e+07,0,0,0,0
122.105,122.105,7.18968,0.14,0,3.29738,3.35274,0,0.617759,4.89888,4.38366e+06,2.99988e+06,1.44546e+07,0,0,0,0,55.5746,61.308,5.21533,1,1,1.69344,1.9803,0.254166,1.30835,1.69344,9.11013e+06,4.00975e+06,1.54275e+07,0,0,0,0
122.105,122.105,7.37897,0.16,0,2.88021,2.92857,0,0.61793,4.89888,4.38366e+06,2.99988e+06,1.26259e+07,0,0,0,0,58.0535,61.308,8.70309,1,1,1.67308,1.70117,0,1.30835,1.69344,9.11013e+06,4.00975e+06,1.5242e+07,0,0,0,0
122.105,122.105,4.944,0.17,0,2.88101,2.92937,0,0.539752,4.89888,4.38366e+06,2.99988e+06,1.26293e+07,0,0,0,0,58.4492,61.308,3.91517,1,1,1.67354,1.70164,0,1.29262,1.69344,9.11013e+06,4.00975e+06,1.52462e+07,0,0,0,0
122.105,122.105,6.25386,0.19,0,2.8818,2.93018,0,0.539901,4.89888,4.38366e+06,2.99988e+06,1.26328e+07,0,0,0,0,59.4652,61.308,5.03033,1,1,1.674,1.70211,0,1.29298,1.69344,9.11013e+06,4.00975e+06,1.52504e+07,0,0,0,0
121.965,122.105,3.35251,0.22,0,2.88259,2.93099,0,0.540049,4.89888,4.38366e+06,2.99988e+06,1.26363e+07,0,0,0,0,59.2774,61.308,2.38834,1,1,1.67447,1.70258,0,1.29334,1.69344,9.11013e+06,4.00975e+06,1.52546e+07,0,0,0,0
121.666,122.105,3.05627,0.3,0,2.88339,2.93179,0,0.540198,4.89888,4.38366e+06,2.99988e+06,1.26398e+07,0,0,0,0,59.0964,61.308,2.13684,1,1,1.67493,1.70305,0,1.29369,1.69344,9.11013e+06,4.00975e+06,1.52588e+07,0,0,0,0
122.105,122.105,4.52073,0.32,0,2.98956,3.03975,0,0.540347,4.89888,4.38366e+06,2.99988e+06,1.31052e+07,0,0,0,0,60.5368,61.308,5.09678,1,1,1.69344,1.77203,0.0493309,1.29405,1.69344,9.11013e+06,4.00975e+06,1.54275e+07,0,0,0,0
121.774,122.105,3.1839,0.28,0,2.99039,3.04059,0,0.560244,4.89888,4.38366e+06,2.99988e+06,1.31088e+07,0,0,0,0,60.9895,61.308,3.01606,1,1,1.69344,1.77252,0.0498109,1.30835,1.69344,9.11013e+06,4.00975e+06,1.54275e+07,0,0,0,0
121.202,122.105,2.8371,0.37,0,2.99121,3.04143,0,0.560398,4.89888,4.38366e+06,2.99988e+06,1.31124e+07,0,0,0,0,61.1611,61.308,2.65302,1,1,1.69344,1.773,0.0502909,1.30835,1.69344,9.11013e+06,4.00975e+06,1.54275e+07,0,0,0,0
120.554,122.105,2.75058,0.38,0,2.99203,3.04226,0,0.560553,4.89888,4.38366e+06,2.99988e+06,1.31161e+07,0,0,0,0,61.3583,61.308,2.45359,1,1,1.69344,1.77349,0.0507709,1.30835,1.69344,9.11013e+06,4.00975e+06,1.54275e+07,0,0,0,0
119.605,122.105,2.3021,0.37,0,2.95161,3.00116,0,0.560707,4.89888,4.38366e+06,2.99988e+06,1.29388e+07,0,0,0,0,61.2835,61.308,2.48355,1,1,1.69344,1.74734,0.0250515,1.30835,1.69344,9.11013e+06,4.00975e+06,1.54275e+07,0,0,0,0
118.609,122.105,2.23335,0.37,0,2.95242,3.00199,0,0.553131,4.89888,4.38366e+06,2.99988e+06,1.29424e+07,0,0,0,0,61.0192,61.308,2.23785,1,1,1.69344,1.74782,0.0255244,1.30835,1.69344,9.11013e+06,4.00975e+06,1.54275e+07,0,0,0,0
117.558,122.105,2.059,0.35,0,2.95323,3.00281,0,0.553284,4.89888,4.38366e+06,2.99988e+06,1.2946e+07,0,0,0,0,60.8439,61.308,2.02884,1,1,1.69344,1.7483,0.0259975,1.30835,1.69344,9.11013e+06,4.00975e+06,1.54275e+07,0,0,0,0
116.472,122.105,2.06579,0.32,0,2.95405,3.00364,0,0.553436,4.89888,4.38366e+06,2.99988e+06,1.29495e+07,0,0,0,0,60.6258,61.308,2.28109,1,1,1.69344,1.74878,0.0264707,1.30835,1.69344,9.11013e+06,4.00975e+06,1.54275e+07,0,0,0,0
115.248,122.105,1.98757,0.31,0,3.09503,3.14699,0,0.553588,4.89888,4.38366e+06,2.99988e+06,1.35675e+07,0,0,0,0,60.5129,61.308,2.07869,1,1,1.69344,1.84384,0.119957,1.30835,1.69344,9.11013e+06,4.00975e+06,1.54275e+07,0,0,0,0
113.846,122.105,1.79114,0.26,0,3.09588,3.14785,0,0.580008,4.89888,4.38366e+06,2.99988e+06,1.35713e+07,0,0,0,0,60.2168,61.308,2.12562,1,1,1.69344,1.84435,0.120456,1.30835,1.69344,9.11013e+06,4.00975e+06,1.54275e+07,0,0,0,0
112.577,122.105,1.71344,0.41,0,2.88878,3.14872,0,0.580168,4.89888,4.38366e+06,2.99988e+06,1.26634e+07,0,0,0,0,59.9046,61.308,1.9734,1,1,1.69255,1.84486,0,1.30835,1.69344,9.11013e+06,4.00975e+06,1.54194e+07,0,0,0,0
111.007,122.105,1.53904,0.33,0,3.09758,3.14959,0,0.541357,4.89888,4.38366e+06,2.99988e+06,1.35787e+07,0,0,0,0,59.4717,61.308,1.85869,1,1,1.69344,1.84536,0.121454,1.30767,1.69344,9.11013e+06,4.00975e+06,1.54275e+07,0,0,0,0
109.41,122.105,1.46146,0.3,0,3.09844,3.15045,0,0.580487,4.89888,4.38366e+06,2.99988e+06,1.35825e+07,0,0,0,0,58.9479,61.308,1.76803,1,1,1.69344,1.84587,0.121953,1.30835,1.69344,9.11013e+06,4.00975e+06,1.54275e+07,0,0,0,0
107.98,122.105,1.57669,0.28,0,3.07153,3.12309,0,0.580647,4.89888,4.38366e+06,2.99988e+06,1.34645e+07,0,0,0,0,58.4685,61.308,1.74381,1,1,1.69344,1.89843,0.173644,1.30835,1.69344,9.11013e+06,4.00975e+06,1.54275e+07,0,0,0,0
106.706,122.105,1.70933,0.26,0,3.07237,3.12395,0,0.575604,4.89888,4.38366e+06,2.99988e+06,1.34682e+07,0,0,0,0,58.0469,61.308,1.75537,1,1,1.69344,1.89895,0.174158,1.30835,1.69344,9.11013e+06,4.00975e+06,1.54275e+07,0,0,0,0
105.387,122.105,1.64084,0.25,0,3.07322,3.12481,0,0.575763,4.89888,4.38366e+06,2.99988e+06,1.34719e+07,0,0,0,0,57.4855,61.308,1.7475,1,1,1.69344,1.89947,0.174671,1.30835,1.69344,9.11013e+06,4.00975e+06,1.54275e+07,0,0,0,0
103.934,122.105,1.46485,0.3,0,3.07406,3.12567,0,0.575921,4.89888,4.38366e+06,2.99988e+06,1.34756e+07,0,0,0,0,56.8909,61.308,1.60333,1,1,1.69344,1.9,0.175185,1.30835,1.69344,9.11013e+06,4.00975e+06,1.54275e+07,0,0,0,0
102.389,122.105,1.40543,0.29,0,3.14667,3.1995,0,0.576079,4.89888,4.38366e+06,2.99988e+06,1.37939e+07,0,0,0,0,56.1091,61.308,1.61564,1,1,1.69344,1.94696,0.221372,1.30835,1.69344,9.11013e+06,4.00975e+06,1.54275e+07,0,0,0,0
100.853,122.105,1.37549,0.27,0,3.14754,3.20038,0,0.589686,4.89888,4.38366e+06,2.99988e+06,1.37977e+07,0,0,0,0,55.1979,61.308,1.39202,1,1,1.69344,1.94749,0.221898,1.30835,1.69344,9.11013e+06,4.00975e+06,1.54275e+07,0,0,0,0
99.1866,122.105,1.22236,0.26,0,3.1484,3.20126,0,0.589848,4.89888,4.38366e+06,2.99988e+06,1.38015e+07,0,0,0,0,54.2499,61.308,1.28674,1,1,1.69344,1.94803,0.222424,1.30835,1.69344,9.11013e+06,4.00975e+06,1.54275e+07,0,0,0,0
97.4597,122.105,1.14063,0.27,0,3.14927,3.20214,0,0.59001,4.89888,4.38366e+06,2.99988e+06,1.38053e+07,0,0,0,0,53.2893,61.308,1.2354,1,1,1.69344,1.94856,0.222951,1.30835,1.69344,9.11013e+06,4.00975e+06,1.54275e+07,0,0,0,0
95.4483,122.105,0.978016,0.29,0,3.36051,3.41693,0,0.590172,4.89888,4.38366e+06,2.99988e+06,1.47313e+07,0,0,0,0,52.3209,61.308,1.22819,1,1,1.69344,2.11691,0.388516,1.30835,1.69344,9.11013e+06,4.00975e+06,1.54275e+07,0,0,0,0
93.4447,122.105,0.960669,0.28,0,3.36144,3.41787,0,0.62976,4.89888,4.38366e+06,2.99988e+06,1.47354e+07,0,0,0,0,51.0917,61.308,1.19999,1,1,1.69344,2.11749,0.389088,1.30835,1.69344,9.11013e+06,4.00975e+06,1.54275e+07,0,0,0,0
91.2978,122.105,0.748446,0.26,0,3.36236,3.41881,0,0.629933,4.89888,4.38366e+06,2.99988e+06,1.47394e+07,0,0,0,0,50.0904,61.308,0.825353,1,1,1.69344,2.11807,0.38966,1.30835,1.69344,9.11013e+06,4.00975e+06,1.54275e+07,0,0,0,0
89.2974,122.105,0.919206,0.25,0,3.36328,3.41975,0,0.630107,4.89888,4.38366e+06,2.99988e+06,1.47435e+07,0,0,0,0,49.0334,61.308,1.35342,1,1,1.69344,2.11865,0.390232,1.30835,1.69344,9.11013e+06,4.00975e+06,1.54275e+07,0,0,0,0
87.1901,122.105,0.781769,0.28,0,3.36421,3.42069,0,0.63028,4.89888,4.38366e+06,2.99988e+06,1.47475e+07,0,0,0,0,48.0508,61.308,0.973179,1,1,1.69344,2.11924,0.390805,1.30835,1.69344,9.11013e+06,4.00975e+06,1.54275e+07,0,0,0,0
85.2278,122.105,0.777857,0.27,0,3.26246,3.31723,0,0.630453,4.89888,4.38366e+06,2.99988e+06,1.43015e+07,0,0,0,0,47.0981,61.308,1.23443,1,1,1.69344,2.01782,0.291067,1.30835,1.69344,9.11013e+06,4.00975e+06,1.54275e+07,0,0,0,0
82.7051,122.105,0.575512,0.28,0,3.26335,3.31814,0,0.611385,4.89888,4.38366e+06,2.99988e+06,1.43054e+07,0,0,0,0,46.0264,61.308,1.14464,1,1,1.69344,2.01838,0.291612,1.30835,1.69344,9.11013e+06,4.00975e+06,1.54275e+07,0,0,0,0
79.9154,122.105,0.559285,0.29,0,3.26425,3.31905,0,0.611553,4.89888,4.38366e+06,2.99988e+06,1.43094e+07,0,0,0,0,45.2341,61.308,1.05075,1,1,1.69344,2.01893,0.292157,1.30835,1.69344,9.11013e+06,4.00975e+06,1.54275e+07,0,0,0,0
79.4636,122.105,1.20213,0.34,0,3.26515,3.31996,0,0.611721,4.89888,4.38366e+06,2.99988e+06,1.43133e+07,0,0,0,0,45.1113,61.308,1.75917,1,1,1.69344,2.01949,0.292702,1.30835,1.69344,9.11013e+06,4.00975e+06,1.54275e+07,0,0,0,0
78.3968,122.105,1.59184,0.33,0,3.18167,3.23509,0,0.611888,4.89888,4.38366e+06,2.99988e+06,1.39474e+07,0,0,0,0,44.9038,61.308,1.85279,1,1,1.69344,1.9271,0.20184,1.30835,1.69344,9.11013e+06,4.00975e+06,1.54275e+07,0,0,0,0
76.9517,122.105,1.14304,0.34,0,3.18255,3.23598,0,0.596245,4.89888,4.38366e+06,2.99988e+06,1.39512e+07,0,0,0,0,44.5902,61.308,1.77534,1,1,1.69344,1.92763,0.20236,1.30835,1.69344,9.11013e+06,4.00975e+06,1.54275e+07,0,0,0,0
75.6826,122.105,1.48434,0.34,0,3.18342,3.23686,0,0.596409,4.89888,4.38366e+06,2.99988e+06,1.3955e+07,0,0,0,0,44.3901,61.308,2.07615,1,1,1.69344,1.92816,0.202881,1.30835,1.69344,9.11013e+06,4.00975e+06,1.54275e+07,0,0,0,0
74.8777,122.105,1.98055,0.35,0,3.18429,3.23775,0,0.596573,4.89888,4.38366e+06,2.99988e+06,1.39589e+07,0,0,0,0,44.4182,61.308,2.5669,1,1,1.69344,1.92869,0.203401,1.30835,1.69344,9.11013e+06,4.00975e+06,1.54275e+07,0,0,0,0
75.9859,122.105,3.88906,0.35,0,2.94529,2.99473,0,0.596737,4.89888,4.38366e+06,2.99988e+06,1.29111e+07,0,0,0,0,45.1214,61.308,3.90283,1,1,1.69344,1.73543,0.0133379,1.30835,1.69344,9.11013e+06,4.00975e+06,1.54275e+07,0,0,0,0
77.6464,122.105,4.41084,0.36,0,2.9461,2.99555,0,0.551947,4.89888,4.38366e+06,2.99988e+06,1.29147e+07,0,0,0,0,45.4581,61.308,3.40424,1,1,1.69344,1.73591,0.0138062,1.30835,1.69344,9.11013e+06,4.00975e+06,1.54275e+07,0,0,0,0
78.8054,122.105,3.91785,0.36,0,2.9469,2.99638,0,0.552098,4.89888,4.38366e+06,2.99988e+06,1.29182e+07,0,0,0,0,45.8231,61.308,3.28968,1,1,1.69344,1.73638,0.0142744,1.30835,1.69344,9.11013e+06,4.00975e+06,1.54275e+07,0,0,0,0
79.493,122.105,3.98251,0.37,0,2.94771,2.9972,0,0.55225,4.89888,4.38366e+06,2.99988e+06,1.29218e+07,0,0,0,0,46.2302,61.308,3.55261,1,1,1.69344,1.73686,0.0147429,1.30835,1.69344,9.11013e+06,4.00975e+06,1.54275e+07,0,0,0,0
80.8605,122.105,4.56191,0.39,0,2.94852,2.99802,0,0.552401,4.89888,4.38366e+06,2.99988e+06,1.29253e+07,0,0,0,0,46.6618,61.308,3.6275,1,1,1.69344,1.73734,0.0152114,1.30835,1.69344,9.11013e+06,4.00975e+06,1.54275e+07,0,0,0,0
82.7734,122.105,4.83515,0.44,0,2.75052,2.99802,0,0.552553,4.89888,4.38366e+06,2.99988e+06,1.20573e+07,0,0,0,0,47.8788,61.308,4.43855,1,1,1.59391,1.73734,0,1.30835,1.69344,9.11013e+06,4.00975e+06,1.45207e+07,0,0,0,0
85.8638,122.105,6.51327,0.41,0,2.83744,3.09277,0,0.515448,4.89888,4.38366e+06,2.99988e+06,1.24384e+07,0,0,0,0,48.8963,61.308,4.18211,1,1,1.64589,1.79399,0,1.23146,1.69344,9.11013e+06,4.00975e+06,1.49943e+07,0,0,0,0
88.418,122.105,5.92943,0.44,0,2.83819,3.09358,0,0.531737,4.89888,4.38366e+06,2.99988e+06,1.24417e+07,0,0,0,0,49.7493,61.308,3.80961,1,1,1.64632,1.79446,0,1.27161,1.69344,9.11013e+06,4.00975e+06,1.49982e+07,0,0,0,0
90.8353,122.105,5.85971,0.47,0,2.83894,3.09439,0,0.531877,4.89888,4.38366e+06,2.99988e+06,1.24449e+07,0,0,0,0,50.6258,61.308,3.87234,1,1,1.64675,1.79493,0,1.27195,1.69344,9.11013e+06,4.00975e+06,1.50021e+07,0,0,0,0
93.1604,122.105,5.85128,0.4,0,2.83968,3.0952,0,0.532017,4.89888,4.38366e+06,2.99988e+06,1.24482e+07,0,0,0,0,51.3675,61.308,3.70263,1,1,1.64719,1.7954,0,1.27228,1.69344,9.11013e+06,4.00975e+06,1.50061e+07,0,0,0,0
98.9215,122.105,10.7388,0.42,0,3.11748,3.398,0,0.532156,4.89888,4.38366e+06,2.99988e+06,1.3666e+07,0,0,0,0,54.1162,61.308,9.49872,1,1,1.69344,2.00703,0.147904,1.27262,1.69344,9.11013e+06,4.00975e+06,1.54275e+07,0,0,0,0
103.436,122.105,9.19009,0.37,0,3.34277,3.39889,0,0.584215,4.89888,4.38366e+06,2.99988e+06,1.46536e+07,0,0,0,0,56.0671,61.308,6.52966,1,1,1.69344,2.00756,0.280974,1.30835,1.69344,9.11013e+06,4.00975e+06,1.54275e+07,0,0,0,0
106.725,122.105,7.69517,0.37,0,3.34365,3.39978,0,0.626435,4.89888,4.38366e+06,2.99988e+06,1.46574e+07,0,0,0,0,57.6829,61.308,5.50221,1,1,1.69344,2.00809,0.281493,1.30835,1.69344,9.11013e+06,4.00975e+06,1.54275e+07,0,0,0,0
111.99,122.105,10.9957,0.31,0,3.34453,3.40068,0,0.6266,4.89888,4.38366e+06,2.99988e+06,1.46613e+07,0,0,0,0,60.3775,61.308,8.36327,1,1,1.69344,2.00862,0.282012,1.30835,1.69344,9.11013e+06,4.00975e+06,1.54275e+07,0,0,0,0
113.519,122.105,5.09359,0.32,0,2.92135,2.9704,0,0.626764,4.89888,4.38366e+06,2.99988e+06,1.28062e+07,0,0,0,0,60.9088,61.308,4.40165,1,1,1.69344,1.72547,0.00354127,1.30835,1.69344,9.11013e+06,4.00975e+06,1.54275e+07,0,0,0,0
115.018,122.105,5.5475,0.36,0,2.92212,2.97118,0,0.547462,4.89888,4.38366e+06,2.99988e+06,1.28096e+07,0,0,0,0,62.3362,61.308,7.18806,1,1,1.69344,1.72592,0.00398702,1.30835,1.69344,9.11013e+06,4.00975e+06,1.54275e+07,0,0,0,0
116.234,122.105,4.94236,0.32,0,2.92289,2.97196,0,0.547605,4.89888,4.38366e+06,2.99988e+06,1.28129e+07,0,0,0,0,62.3362,61.308,5.07441,1,1,1.69344,1.72638,0.00443265,1.30835,1.69344,9.11013e+06,4.00975e+06,1.54275e+07,0,0,0,0
117.217,122.105,4.90128,0.33,0,2.92366,2.97274,0,0.547749,4.89888,4.38366e+06,2.99988e+06,1.28163e+07,0,0,0,0,62.3362,61.308,4.5531,1,1,1.69344,1.72683,0.00487852,1.30835,1.69344,9.11013e+06,4.00975e+06,1.54275e+07,0,0,0,0
118.525,122.105,5.54499,0.36,0,2.92442,2.97352,0,0.547893,4.89888,4.38366e+06,2.99988e+06,1.28197e+07,0,0,0,0,62.3362,61.308,5.77619,1,1,1.69344,1.72728,0.00532438,1.30835,1.69344,9.11013e+06,4.00975e+06,1.54275e+07,0,0,0,0
120.26,122.105,5.48862,0.38,0,3.03207,3.08297,0,0.548037,4.89888,4.38366e+06,2.99988e+06,1.32916e+07,0,0,0,0,62.3362,61.308,5.84292,1,1,1.69344,1.79722,0.0741111,1.30835,1.69344,9.11013e+06,4.00975e+06,1.54275e+07,0,0,0,0
120.343,122.105,3.4934,0.39,0,3.03287,3.08378,0,0.56821,4.89888,4.38366e+06,2.99988e+06,1.32951e+07,0,0,0,0,62.3362,61.308,3.93334,1,1,1.69344,1.7977,0.074575,1.30835,1.69344,9.11013e+06,4.00975e+06,1.54275e+07,0,0,0,0
119.862,122.105,2.665,0.41,0,2.82995,3.08459,0,0.568359,4.89888,4.38366e+06,2.99988e+06,1.24055e+07,0,0,0,0,62.3362,61.308,3.02145,1,1,1.64972,1.79817,0,1.30835,1.69344,9.11013e+06,4.00975e+06,1.50292e+07,0,0,0,0
119.257,122.105,2.51309,0.42,0,2.83069,3.0854,0,0.530332,4.89888,4.38366e+06,2.99988e+06,1.24088e+07,0,0,0,0,62.3362,61.308,2.92417,1,1,1.65015,1.79864,0,1.27457,1.69344,9.11013e+06,4.00975e+06,1.50331e+07,0,0,0,0
119.166,122.105,3.06897,0.41,0,2.79241,3.04368,0,0.530471,4.89888,4.38366e+06,2.99988e+06,1.2241e+07,0,0,0,0,62.3362,61.308,4.10076,1,1,1.6258,1.7721,0,1.27491,1.69344,9.11013e+06,4.00975e+06,1.48113e+07,0,0,0,0
118.726,122.105,2.78565,0.38,0,2.99421,3.04447,0,0.523297,4.89888,4.38366e+06,2.99988e+06,1.31256e+07,0,0,0,0,62.3362,61.308,3.62786,1,1,1.69344,1.77256,0.0498538,1.25609,1.69344,9.11013e+06,4.00975e+06,1.54275e+07,0,0,0,0
118.249,122.105,2.75141,0.37,0,2.99499,3.04527,0,0.561115,4.89888,4.38366e+06,2.99988e+06,1.3129e+07,0,0,0,0,62.3362,61.308,3.90126,1,1,1.69344,1.77303,0.0503112,1.30835,1.69344,9.11013e+06,4.00975e+06,1.54275e+07,0,0,0,0
117.617,122.105,2.55453,0.36,0,2.99578,3.04607,0,0.561262,4.89888,4.38366e+06,2.99988e+06,1.31325e+07,0,0,0,0,62.3362,61.308,3.56117,1,1,1.69344,1.77349,0.0507687,1.30835,1.69344,9.11013e+06,4.00975e+06,1.54275e+07,0,0,0,0
116.807,122.105,2.48114,0.3,0,3.13871,3.19141,0,0.561409,4.89888,4.38366e+06,2.99988e+06,1.3759e+07,0,0,0,0,62.3362,61.308,3.31735,1,1,1.69344,1.86987,0.145552,1.30835,1.69344,9.11013e+06,4.00975e+06,1.54275e+07,0,0,0,0
115.769,122.105,2.15593,0.29,0,3.13954,3.19224,0,0.588195,4.89888,4.38366e+06,2.99988e+06,1.37627e+07,0,0,0,0,62.3362,61.308,3.06145,1,1,1.69344,1.87036,0.146034,1.30835,1.69344,9.11013e+06,4.00975e+06,1.54275e+07,0,0,0,0
114.685,122.105,2.12011,0.28,0,3.14036,3.19308,0,0.588349,4.89888,4.38366e+06,2.99988e+06,1.37663e+07,0,0,0,0,62.3362,61.308,3.10173,1,1,1.69344,1.87085,0.146517,1.30835,1.69344,9.11013e+06,4.00975e+06,1.54275e+07,0,0,0,0
113.521,122.105,2.00252,0.23,0,3.14118,3.19392,0,0.588503,4.89888,4.38366e+06,2.99988e+06,1.37699e+07,0,0,0,0,62.3362,61.308,2.98529,1,1,1.69344,1.87134,0.146999,1.30835,1.69344,9.11013e+06,4.00975e+06,1.54275e+07,0,0,0,0
112.328,122.105,1.96503,0.31,0,3.14201,3.19475,0,0.588658,4.89888,4.38366e+06,2.99988e+06,1.37735e+07,0,0,0,0,62.3362,61.308,2.76572,1,1,1.69344,1.87183,0.147482,1.30835,1.69344,9.11013e+06,4.00975e+06,1.54275e+07,0,0,0,0
111.237,122.105,2.04829,0.29,0,3.11468,3.16697,0,0.588812,4.89888,4.38366e+06,2.99988e+06,1.36537e+07,0,0,0,0,62.3277,61.308,2.65324,1,1,1.69344,1.9251,0.199875,1.30835,1.69344,9.11013e+06,4.00975e+06,1.54275e+07,0,0,0,0
110.087,122.105,1.95476,0.28,0,3.1155,3.1678,0,0.583691,4.89888,4.38366e+06,2.99988e+06,1.36573e+07,0,0,0,0,62.2744,61.308,2.60791,1,1,1.69344,1.9256,0.200372,1.30835,1.69344,9.11013e+06,4.00975e+06,1.54275e+07,0,0,0,0
108.752,122.105,1.7398,0.26,0,3.11631,3.16863,0,0.583844,4.89888,4.38366e+06,2.99988e+06,1.36609e+07,0,0,0,0,62.1434,61.308,2.43648,1,1,1.69344,1.92611,0.200868,1.30835,1.69344,9.11013e+06,4.00975e+06,1.54275e+07,0,0,0,0
107.401,122.105,1.70289,0.25,0,3.11713,3.16946,0,0.583997,4.89888,4.38366e+06,2.99988e+06,1.36644e+07,0,0,0,0,62.007,61.308,2.52447,1,1,1.69344,1.92661,0.201364,1.30835,1.69344,9.11013e+06,4.00975e+06,1.54275e+07,0,0,0,0
106.028,122.105,1.72152,0.25,0,3.19071,3.24428,0,0.58415,4.89888,4.38366e+06,2.99988e+06,1.3987e+07,0,0,0,0,61.7244,61.308,2.05928,1,1,1.69344,1.97421,0.248174,1.30835,1.69344,9.11013e+06,4.00975e+06,1.54275e+07,0,0,0,0
104.572,122.105,1.61812,0.24,0,3.19155,3.24513,0,0.59794,4.89888,4.38366e+06,2.99988e+06,1.39907e+07,0,0,0,0,61.35,61.308,2.07718,1,1,1.69344,1.97473,0.248682,1.30835,1.69344,9.11013e+06,4.00975e+06,1.54275e+07,0,0,0,0
103.035,122.105,1.48251,0.3,0,3.19239,3.24598,0,0.598097,4.89888,4.38366e+06,2.99988e+06,1.39943e+07,0,0,0,0,60.9323,61.308,1.85405,1,1,1.69344,1.97524,0.249191,1.30835,1.69344,9.11013e+06,4.00975e+06,1.54275e+07,0,0,0,0
101.539,122.105,1.56494,0.29,0,3.19322,3.24683,0,0.598253,4.89888,4.38366e+06,2.99988e+06,1.3998e+07,0,0,0,0,60.575,61.308,2.09055,1,1,1.69344,1.97576,0.2497,1.30835,1.69344,9.11013e+06,4.00975e+06,1.54275e+07,0,0,0,0
99.9662,122.105,1.68195,0.28,0,3.40738,3.46458,0,0.59841,4.89888,4.38366e+06,2.99988e+06,1.49368e+07,0,0,0,0,60.1848,61.308,2.04115,1,1,1.69344,2.14643,0.417549,1.30835,1.69344,9.11013e+06,4.00975e+06,1.54275e+07,0,0,0,0
98.5693,122.105,1.86811,0.27,0,3.40827,3.46549,0,0.638542,4.89888,4.38366e+06,2.99988e+06,1.49407e+07,0,0,0,0,59.8458,61.308,2.35252,1,1,1.69344,2.14699,0.418102,1.30835,1.69344,9.11013e+06,4.00975e+06,1.54275e+07,0,0,0,0
96.8896,122.105,1.51098,0.26,0,3.40916,3.4664,0,0.63871,4.89888,4.38366e+06,2.99988e+06,1.49446e+07,0,0,0,0,59.3447,61.308,1.76655,1,1,1.69344,2.14755,0.418655,1.30835,1.69344,9.11013e+06,4.00975e+06,1.54275e+07,0,0,0,0
95.4735,122.105,1.86677,0.28,0,3.41006,3.4673,0,0.638877,4.89888,4.38366e+06,2.99988e+06,1.49485e+07,0,0,0,0,59.1426,61.308,2.90422,1,1,1.69344,2.14812,0.419208,1.30835,1.69344,9.11013e+06,4.00975e+06,1.54275e+07,0,0,0,0
93.6888,122.105,1.41197,0.28,0,3.41095,3.46821,0,0.639044,4.89888,4.38366e+06,2.99988e+06,1.49524e+07,0,0,0,0,58.6942,61.308,2.19663,1,1,1.69344,2.14868,0.419761,1.30835,1.69344,9.11013e+06,4.00975e+06,1.54275e+07,0,0,0,0
91.887,122.105,1.16906,0.28,0,3.30774,3.36327,0,0.639212,4.89888,4.38366e+06,2.99988e+06,1.45e+07,0,0,0,0,58.1208,61.308,2.2894,1,1,1.69344,2.04583,0.318612,1.30835,1.69344,9.11013e+06,4.00975e+06,1.54275e+07,0,0,0,0
90.1914,122.105,1.22403,0.28,0,3.30861,3.36415,0,0.619871,4.89888,4.38366e+06,2.99988e+06,1.45038e+07,0,0,0,0,57.5768,61.308,2.20398,1,1,1.69344,2.04637,0.319139,1.30835,1.69344,9.11013e+06,4.00975e+06,1.54275e+07,0,0,0,0
89.0759,122.105,1.94862,0.28,0,3.30947,3.36503,0,0.620033,4.89888,4.38366e+06,2.99988e+06,1.45076e+07,0,0,0,0,57.2974,61.308,3.77091,1,1,1.69344,2.0469,0.319666,1.30835,1.69344,9.11013e+06,4.00975e+06,1.54275e+07,0,0,0,0
87.8513,122.105,1.83457,0.31,0,3.31034,3.36591,0,0.620195,4.89888,4.38366e+06,2.99988e+06,1.45114e+07,0,0,0,0,56.9653,61.308,3.4332,1,1,1.69344,2.04744,0.320193,1.30835,1.69344,9.11013e+06,4.00975e+06,1.54275e+07,0,0,0,0
86.9324,122.105,2.04462,0.32,0,3.22567,3.27982,0,0.620358,4.89888,4.38366e+06,2.99988e+06,1.41402e+07,0,0,0,0,56.6399,61.308,2.34824,1,1,1.69344,1.95375,0.228048,1.30835,1.69344,9.11013e+06,4.00975e+06,1.54275e+07,0,0,0,0
87.7708,122.105,4.13562,0.32,0,3.22651,3.28068,0,0.60449,4.89888,4.38366e+06,2.99988e+06,1.41439e+07,0,0,0,0,56.9462,61.308,4.72397,1,1,1.69344,1.95426,0.228551,1.30835,1.69344,9.11013e+06,4.00975e+06,1.54275e+07,0,0,0,0
87.4444,122.105,2.78229,0.32,0,3.22736,3.28154,0,0.604649,4.89888,4.38366e+06,2.99988e+06,1.41476e+07,0,0,0,0,57.2131,61.308,4.79468,1,1,1.69344,1.95477,0.229054,1.30835,1.69344,9.11013e+06,4.00975e+06,1.54275e+07,0,0,0,0
88.1412,122.105,4.27514,0.36,0,3.2282,3.2824,0,0.604807,4.89888,4.38366e+06,2.99988e+06,1.41513e+07,0,0,0,0,57.2322,61.308,3.7044,1,1,1.69344,1.95528,0.229557,1.30835,1.69344,9.11013e+06,4.00975e+06,1.54275e+07,0,0,0,0
93.0542,122.105,8.55601,0.37,0,2.98586,3.03599,0,0.604965,4.89888,4.38366e+06,2.99988e+06,1.3089e+07,0,0,0,0,57.6579,61.308,5.14874,1,1,1.69344,1.75934,0.036851,1.30835,1.69344,9.11013e+06,4.00975e+06,1.54275e+07,0,0,0,0
96.0037,122.105,6.56373,0.32,0,2.98664,3.03678,0,0.559551,4.89888,4.38366e+06,2.99988e+06,1.30924e+07,0,0,0,0,57.8727,61.308,4.2812,1,1,1.69344,1.7598,0.0373035,1.30835,1.69344,9.11013e+06,4.00975e+06,1.54275e+07,0,0,0,0
99.1495,122.105,6.88149,0.3,0,2.98742,3.03758,0,0.559697,4.89888,4.38366e+06,2.99988e+06,1.30958e+07,0,0,0,0,57.9804,61.308,3.91265,1,1,1.69344,1.76026,0.0377562,1.30835,1.69344,9.11013e+06,4.00975e+06,1.54275e+07,0,0,0,0
101.265,122.105,5.88345,0.28,0,2.98821,3.03837,0,0.559843,4.89888,4.38366e+06,2.99988e+06,1.30993e+07,0,0,0,0,58.0678,61.308,3.59292,1,1,1.69344,1.76072,0.038209,1.30835,1.69344,9.11013e+06,4.00975e+06,1.54275e+07,0,0,0,0
104.114,122.105,6.51141,0.33,0,2.98899,3.03917,0,0.55999,4.89888,4.38366e+06,2.99988e+06,1.31027e+07,0,0,0,0,58.0771,61.308,3.83171,1,1,1.69344,1.76118,0.0386618,1.30835,1.69344,9.11013e+06,4.00975e+06,1.54275e+07,0,0,0,0
104.291,122.105,3.78015,0.31,0,3.08341,3.13517,0,0.560136,4.89888,4.38366e+06,2.99988e+06,1.35166e+07,0,0,0,0,58.1205,61.308,4.82128,1,1,1.69344,1.81859,0.0951225,1.30835,1.69344,9.11013e+06,4.00975e+06,1.54275e+07,0,0,0,0
105.395,122.105,4.67641,0.33,0,3.08418,3.13596,0,0.577831,4.89888,4.38366e+06,2.99988e+06,1.352e+07,0,0,0,0,58.2665,61.308,5.67472,1,1,1.69344,1.81904,0.0955701,1.30835,1.69344,9.11013e+06,4.00975e+06,1.54275e+07,0,0,0,0
105.043,122.105,3.30719,0.32,0,3.08495,3.13674,0,0.577975,4.89888,4.38366e+06,2.99988e+06,1.35234e+07,0,0,0,0,58.1739,61.308,4.13637,1,1,1.69344,1.8195,0.0960177,1.30835,1.69344,9.11013e+06,4.00975e+06,1.54275e+07,0,0,0,0
106.814,122.105,5.47352,0.36,0,3.08572,3.13753,0,0.57812,4.89888,4.38366e+06,2.99988e+06,1.35268e+07,0,0,0,0,59.0052,61.308,7.19101,1,1,1.69344,1.81995,0.0964656,1.30835,1.69344,9.11013e+06,4.00975e+06,1.54275e+07,0,0,0,0
107.521,122.105,4.66995,0.31,0,3.38755,3.44442,0,0.578265,4.89888,4.38366e+06,2.99988e+06,1.48498e+07,0,0,0,0,59.2598,61.308,5.86578,1,1,1.69344,2.03445,0.307421,1.30835,1.69344,9.11013e+06,4.00975e+06,1.54275e+07,0,0,0,0
109.006,122.105,5.48111,0.32,0,3.38839,3.44528,0,0.634826,4.89888,4.38366e+06,2.99988e+06,1.48536e+07,0,0,0,0,59.9361,61.308,6.94227,1,1,1.69344,2.03496,0.307922,1.30835,1.69344,9.11013e+06,4.00975e+06,1.54275e+07,0,0,0,0
110.689,122.105,5.93872,0.33,0,3.38924,3.44614,0,0.634985,4.89888,4.38366e+06,2.99988e+06,1.48573e+07,0,0,0,0,60.5229,61.308,6.83937,1,1,1.69344,2.03547,0.308422,1.30835,1.69344,9.11013e+06,4.00975e+06,1.54275e+07,0,0,0,0
111.276,122.105,4.59133,0.34,0,3.39009,3.447,0,0.635144,4.89888,4.38366e+06,2.99988e+06,1.4861e+07,0,0,0,0,60.5223,61.308,5.03513,1,1,1.69344,2.03598,0.308923,1.30835,1.69344,9.11013e+06,4.00975e+06,1.54275e+07,0,0,0,0
112.88,122.105,5.27168,0.35,0,2.96111,3.01083,0,0.635303,4.89888,4.38366e+06,2.99988e+06,1.29805e+07,0,0,0,0,60.8019,61.308,4.35459,1,1,1.69344,1.74895,0.0266373,1.30835,1.69344,9.11013e+06,4.00975e+06,1.54275e+07,0,0,0,0
114.89,122.105,5.77971,0.38,0,2.96185,3.01158,0,0.554913,4.89888,4.38366e+06,2.99988e+06,1.29838e+07,0,0,0,0,61.4739,61.308,5.53348,1,1,1.69344,1.74939,0.0270674,1.30835,1.69344,9.11013e+06,4.00975e+06,1.54275e+07,0,0,0,0
117.225,122.105,6.1122,0.35,0,2.96259,3.01233,0,0.555051,4.89888,4.38366e+06,2.99988e+06,1.2987e+07,0,0,0,0,62.2132,61.308,5.05392,1,1,1.69344,1.74983,0.0274977,1.30835,1.69344,9.11013e+06,4.00975e+06,1.54275e+07,0,0,0,0
118.971,122.105,5.49053,0.37,0,2.96334,3.01308,0,0.55519,4.89888,4.38366e+06,2.99988e+06,1.29903e+07,0,0,0,0,62.3362,61.308,4.85833,1,1,1.69344,1.75027,0.027928,1.30835,1.69344,9.11013e+06,4.00975e+06,1.54275e+07,0,0,0,0
121.8,122.105,6.69118,0.39,0,2.96408,3.01384,0,0.555329,4.89888,4.38366e+06,2.99988e+06,1.29935e+07,0,0,0,0,62.3362,61.308,4.68687,1,1,1.69344,1.7507,0.0283584,1.30835,1.69344,9.11013e+06,4.00975e+06,1.54275e+07,0,0,0,0
122.105,122.105,6.38425,0.41,0,2.86678,3.12474,0,0.555468,4.89888,4.38366e+06,2.99988e+06,1.2567e+07,0,0,0,0,62.3362,61.308,6.46001,1,1,1.67119,1.82157,0,1.30835,1.69344,9.11013e+06,4.00975e+06,1.52248e+07,0,0,0,0
122.105,122.105,4.67116,0.35,0,3.07391,3.12552,0,0.537234,4.89888,4.38366e+06,2.99988e+06,1.3475e+07,0,0,0,0,62.3362,61.308,4.53022,1,1,1.69344,1.82203,0.0985032,1.29116,1.69344,9.11013e+06,4.00975e+06,1.54275e+07,0,0,0,0
122.105,122.105,3.92114,0.36,0,3.07468,3.1263,0,0.576051,4.89888,4.38366e+06,2.99988e+06,1.34784e+07,0,0,0,0,62.3362,61.308,3.81102,1,1,1.69344,1.82248,0.0989511,1.30835,1.69344,9.11013e+06,4.00975e+06,1.54275e+07,0,0,0,0
122.105,122.105,3.56519,0.36,0,3.07545,3.12708,0,0.576195,4.89888,4.38366e+06,2.99988e+06,1.34817e+07,0,0,0,0,62.3362,61.308,3.46495,1,1,1.69344,1.82294,0.0993989,1.30835,1.69344,9.11013e+06,4.00975e+06,1.54275e+07,0,0,0,0
122.105,122.105,3.50275,0.32,0,3.03382,3.08475,0,0.576339,4.89888,4.38366e+06,2.99988e+06,1.32992e+07,0,0,0,0,62.3362,61.308,3.91986,1,1,1.69344,1.79601,0.0729177,1.30835,1.69344,9.11013e+06,4.00975e+06,1.54275e+07,0,0,0,0
121.648,122.105,2.8717,0.29,0,3.03458,3.08552,0,0.568538,4.89888,4.38366e+06,2.99988e+06,1.33026e+07,0,0,0,0,62.2919,61.308,3.55336,1,1,1.69344,1.79646,0.073359,1.30835,1.69344,9.11013e+06,4.00975e+06,1.54275e+07,0,0,0,0
121.113,122.105,2.58946,0.43,0,2.83151,3.08629,0,0.56868,4.89888,4.38366e+06,2.99988e+06,1.24124e+07,0,0,0,0,62.1656,61.308,2.73321,1,1,1.64857,1.79691,0,1.30835,1.69344,9.11013e+06,4.00975e+06,1.50187e+07,0,0,0,0
120.875,122.105,3.11679,0.39,0,3.0361,3.08707,0,0.530624,4.89888,4.38366e+06,2.99988e+06,1.33092e+07,0,0,0,0,62.081,61.308,2.79506,1,1,1.69344,1.79736,0.0742419,1.27368,1.69344,9.11013e+06,4.00975e+06,1.54275e+07,0,0,0,0
120.137,122.105,2.59352,0.36,0,3.18091,3.23431,0,0.568964,4.89888,4.38366e+06,2.99988e+06,1.3944e+07,0,0,0,0,61.877,61.308,3.23976,1,1,1.69344,1.89501,0.170278,1.30835,1.69344,9.11013e+06,4.00975e+06,1.54275e+07,0,0,0,0
119.284,122.105,2.43012,0.32,0,3.18171,3.23512,0,0.596103,4.89888,4.38366e+06,2.99988e+06,1.39475e+07,0,0,0,0,61.6445,61.308,2.93168,1,1,1.69344,1.89548,0.170743,1.30835,1.69344,9.11013e+06,4.00975e+06,1.54275e+07,0,0,0,0
118.238,122.105,2.19763,0.29,0,3.1825,3.23593,0,0.596252,4.89888,4.38366e+06,2.99988e+06,1.3951e+07,0,0,0,0,61.368,61.308,2.71748,1,1,1.69344,1.89595,0.171209,1.30835,1.69344,9.11013e+06,4.00975e+06,1.54275e+07,0,0,0,0
117.147,122.105,2.11303,0.25,0,3.1833,3.23674,0,0.596401,4.89888,4.38366e+06,2.99988e+06,1.39545e+07,0,0,0,0,61.0403,61.308,2.44952,1,1,1.69344,1.89643,0.171674,1.30835,1.69344,9.11013e+06,4.00975e+06,1.54275e+07,0,0,0,0
116.056,122.105,2.08706,0.25,0,3.18409,3.23755,0,0.59655,4.89888,4.38366e+06,2.99988e+06,1.3958e+07,0,0,0,0,60.6965,61.308,2.5027,1,1,1.69344,1.8969,0.17214,1.30835,1.69344,9.11013e+06,4.00975e+06,1.54275e+07,0,0,0,0
115.358,122.105,2.46433,0.23,0,3.15636,3.20935,0,0.596699,4.89888,4.38366e+06,2.99988e+06,1.38364e+07,0,0,0,0,60.3835,61.308,2.80431,1,1,1.69344,1.95086,0.225211,1.30835,1.69344,9.11013e+06,4.00975e+06,1.54275e+07,0,0,0,0
114.509,122.105,2.31247,0.23,0,3.15715,3.21015,0,0.591502,4.89888,4.38366e+06,2.99988e+06,1.38399e+07,0,0,0,0,60.0507,61.308,2.74687,1,1,1.69344,1.95135,0.22569,1.30835,1.69344,9.11013e+06,4.00975e+06,1.54275e+07,0,0,0,0
113.489,122.105,2.11627,0.22,0,3.15794,3.21095,0,0.59165,4.89888,4.38366e+06,2.99988e+06,1.38433e+07,0,0,0,0,59.6857,61.308,2.50274,1,1,1.69344,1.95184,0.226169,1.30835,1.69344,9.11013e+06,4.00975e+06,1.54275e+07,0,0,0,0
112.34,122.105,1.94921,0.26,0,3.15873,3.21175,0,0.591798,4.89888,4.38366e+06,2.99988e+06,1.38468e+07,0,0,0,0,59.2728,61.308,2.39603,1,1,1.69344,1.95232,0.226649,1.30835,1.69344,9.11013e+06,4.00975e+06,1.54275e+07,0,0,0,0
111.262,122.105,2.07167,0.26,0,3.23325,3.28753,0,0.591945,4.89888,4.38366e+06,2.99988e+06,1.41735e+07,0,0,0,0,58.8936,61.308,2.39947,1,1,1.69344,2.00053,0.274058,1.30835,1.69344,9.11013e+06,4.00975e+06,1.54275e+07,0,0,0,0
110.049,122.105,1.89314,0.25,0,3.23406,3.28835,0,0.605911,4.89888,4.38366e+06,2.99988e+06,1.4177e+07,0,0,0,0,58.4158,61.308,2.34177,1,1,1.69344,2.00103,0.274549,1.30835,1.69344,9.11013e+06,4.00975e+06,1.54275e+07,0,0,0,0
108.715,122.105,1.72734,0.24,0,3.23487,3.28917,0,0.606062,4.89888,4.38366e+06,2.99988e+06,1.41805e+07,0,0,0,0,57.9021,61.308,2.03743,1,1,1.69344,2.00153,0.27504,1.30835,1.69344,9.11013e+06,4.00975e+06,1.54275e+07,0,0,0,0
107.478,122.105,1.8781,0.24,0,3.23567,3.28999,0,0.606214,4.89888,4.38366e+06,2.99988e+06,1.41841e+07,0,0,0,0,57.4528,61.308,2.42087,1,1,1.69344,2.00203,0.275531,1.30835,1.69344,9.11013e+06,4.00975e+06,1.54275e+07,0,0,0,0
106.096,122.105,1.91686,0.24,0,3.45263,3.51059,0,0.606365,4.89888,4.38366e+06,2.99988e+06,1.51351e+07,0,0,0,0,57.0619,61.308,2.64741,1,1,1.69344,2.17493,0.445585,1.30835,1.69344,9.11013e+06,4.00975e+06,1.54275e+07,0,0,0,0
104.544,122.105,1.72549,0.24,0,3.45349,3.51147,0,0.647023,4.89888,4.38366e+06,2.99988e+06,1.51389e+07,0,0,0,0,56.6321,61.308,2.66774,1,1,1.69344,2.17548,0.446118,1.30835,1.69344,9.11013e+06,4.00975e+06,1.54275e+07,0,0,0,0
102.977,122.105,1.68939,0.27,0,3.45435,3.51234,0,0.647184,4.89888,4.38366e+06,2.99988e+06,1.51427e+07,0,0,0,0,56.1672,61.308,2.51297,1,1,1.69344,2.17602,0.446652,1.30835,1.69344,9.11013e+06,4.00975e+06,1.54275e+07,0,0,0,0
102.014,122.105,2.32445,0.27,0,3.45521,3.51322,0,0.647346,4.89888,4.38366e+06,2.99988e+06,1.51465e+07,0,0,0,0,55.7807,61.308,2.94472,1,1,1.69344,2.17656,0.447186,1.30835,1.69344,9.11013e+06,4.00975e+06,1.54275e+07,0,0,0,0
101.635,122.105,3.04054,0.27,0,3.45608,3.5141,0,0.647507,4.89888,4.38366e+06,2.99988e+06,1.51503e+07,0,0,0,0,55.5692,61.308,3.26732,1,1,1.69344,2.17711,0.447719,1.30835,1.69344,9.11013e+06,4.00975e+06,1.54275e+07,0,0,0,0
100.984,122.105,2.67318,0.26,0,3.35146,3.40773,0,0.647669,4.89888,4.38366e+06,2.99988e+06,1.46917e+07,0,0,0,0,55.3148,61.308,3.37671,1,1,1.69344,2.07287,0.345207,1.30835,1.69344,9.11013e+06,4.00975e+06,1.54275e+07,0,0,0,0
101.488,122.105,4.31168,0.26,0,3.3523,3.40858,0,0.628064,4.89888,4.38366e+06,2.99988e+06,1.46953e+07,0,0,0,0,55.5307,61.308,5.84906,1,1,1.69344,2.07339,0.345715,1.30835,1.69344,9.11013e+06,4.00975e+06,1.54275e+07,0,0,0,0
101.436,122.105,3.61209,0.26,0,3.35313,3.40943,0,0.628221,4.89888,4.38366e+06,2.99988e+06,1.4699e+07,0,0,0,0,55.5096,61.308,4.62504,1,1,1.69344,2.07391,0.346224,1.30835,1.69344,9.11013e+06,4.00975e+06,1.54275e+07,0,0,0,0
101.347,122.105,3.40881,0.26,0,3.35397,3.41028,0,0.628377,4.89888,4.38366e+06,2.99988e+06,1.47027e+07,0,0,0,0,55.3052,61.308,3.56351,1,1,1.69344,2.07442,0.346732,1.30835,1.69344,9.11013e+06,4.00975e+06,1.54275e+07,0,0,0,0
102.847,122.105,5.18417,0.26,0,3.26814,3.32301,0,0.628534,4.89888,4.38366e+06,2.99988e+06,1.43264e+07,0,0,0,0,55.3651,61.308,3.96925,1,1,1.69344,1.97947,0.253349,1.30835,1.69344,9.11013e+06,4.00975e+06,1.54275e+07,0,0,0,0
104.426,122.105,5.5269,0.26,0,3.26896,3.32384,0,0.61245,4.89888,4.38366e+06,2.99988e+06,1.433e+07,0,0,0,0,55.2935,61.308,3.53239,1,1,1.69344,1.97997,0.253834,1.30835,1.69344,9.11013e+06,4.00975e+06,1.54275e+07,0,0,0,0
105.784,122.105,5.46647,0.25,0,3.26977,3.32467,0,0.612603,4.89888,4.38366e+06,2.99988e+06,1.43336e+07,0,0,0,0,55.8346,61.308,4.78084,1,1,1.69344,1.98046,0.25432,1.30835,1.69344,9.11013e+06,4.00975e+06,1.54275e+07,0,0,0,0
107.178,122.105,5.68236,0.24,0,3.27059,3.32549,0,0.612755,4.89888,4.38366e+06,2.99988e+06,1.43371e+07,0,0,0,0,56.1087,61.308,4.88073,1,1,1.69344,1.98095,0.254805,1.30835,1.69344,9.11013e+06,4.00975e+06,1.54275e+07,0,0,0,0
110.064,122.105,7.70404,0.2,0,3.02503,3.07581,0,0.612908,4.89888,4.38366e+06,2.99988e+06,1.32607e+07,0,0,0,0,58.1989,61.308,7.9275,1,1,1.69344,1.78242,0.0595471,1.30835,1.69344,9.11013e+06,4.00975e+06,1.54275e+07,0,0,0,0
115.782,122.105,11.0239,0.21,0,3.02578,3.07658,0,0.56689,4.89888,4.38366e+06,2.99988e+06,1.3264e+07,0,0,0,0,60.9767,61.308,8.73545,1,1,1.69344,1.78286,0.0599838,1.30835,1.69344,9.11013e+06,4.00975e+06,1.54275e+07,0,0,0,0
121.259,122.105,10.6851,0.18,0,3.02654,3.07734,0,0.567031,4.89888,4.38366e+06,2.99988e+06,1.32673e+07,0,0,0,0,62.3362,61.308,10.0606,1,1,1.69344,1.7833,0.0604205,1.30835,1.69344,9.11013e+06,4.00975e+06,1.54275e+07,0,0,0,0
122.105,122.105,12.2262,0.18,0,3.02729,3.07811,0,0.567173,4.89888,4.38366e+06,2.99988e+06,1.32706e+07,0,0,0,0,62.3362,61.308,14.6149,1,1,1.69344,1.78375,0.0608575,1.30835,1.69344,9.11013e+06,4.00975e+06,1.54275e+07,0,0,0,0
122.105,122.105,7.9709,0.14,0,3.02804,3.07888,0,0.567314,4.89888,4.38366e+06,2.99988e+06,1.32739e+07,0,0,0,0,62.3362,61.308,7.80406,1,1,1.69344,1.78419,0.0612944,1.30835,1.69344,9.11013e+06,4.00975e+06,1.54275e+07,0,0,0,0
122.105,122.105,5.22928,0.14,0,3.12366,3.1761,0,0.567455,4.89888,4.38366e+06,2.99988e+06,1.36931e+07,0,0,0,0,62.3362,61.308,4.62785,1,1,1.69344,1.84233,0.118471,1.30835,1.69344,9.11013e+06,4.00975e+06,1.54275e+07,0,0,0,0
122.105,122.105,19.1015,0.14,0,3.1244,3.17686,0,0.585374,4.89888,4.38366e+06,2.99988e+06,1.36963e+07,0,0,0,0,62.3362,61.308,15.981,1,1,1.69344,1.84277,0.118902,1.30835,1.69344,9.11013e+06,4.00975e+06,1.54275e+07,0,0,0,0
122.105,122.105,22.637,0.13,0,3.12515,3.17761,0,0.585513,4.89888,4.38366e+06,2.99988e+06,1.36996e+07,0,0,0,0,62.3362,61.308,26.5547,1,1,1.69344,1.84321,0.119333,1.30835,1.69344,9.11013e+06,4.00975e+06,1.54275e+07,0,0,0,0
122.105,122.105,12.9778,0.15,0,3.12589,3.17837,0,0.585652,4.89888,4.38366e+06,2.99988e+06,1.37028e+07,0,0,0,0,62.3362,61.308,16.971,1,1,1.69344,1.84364,0.119764,1.30835,1.69344,9.11013e+06,4.00975e+06,1.54275e+07,0,0,0,0
122.105,122.105,15.5322,0.17,0,3.4316,3.48921,0,0.585792,4.89888,4.38366e+06,2.99988e+06,1.5043e+07,0,0,0,0,62.3362,61.308,16.5243,1,1,1.69344,2.06091,0.33344,1.30835,1.69344,9.11013e+06,4.00975e+06,1.54275e+07,0,0,0,0
122.105,122.105,9.25917,0.2,0,3.43241,3.49004,0,0.643082,4.89888,4.38366e+06,2.99988e+06,1.50465e+07,0,0,0,0,62.3362,61.308,13.0402,1,1,1.69344,2.0614,0.333923,1.30835,1.69344,9.11013e+06,4.00975e+06,1.54275e+07,0,0,0,0
122.105,122.105,7.02831,0.22,0,3.43323,3.49087,0,0.643234,4.89888,4.38366e+06,2.99988e+06,1.50501e+07,0,0,0,0,62.3362,61.308,10.484,1,1,1.69344,2.06189,0.334405,1.30835,1.69344,9.11013e+06,4.00975e+06,1.54275e+07,0,0,0,0
122.105,122.105,6.45747,0.25,0,3.43405,3.4917,0,0.643387,4.89888,4.38366e+06,2.99988e+06,1.50537e+07,0,0,0,0,62.3362,61.308,11.4145,1,1,1.69344,2.06238,0.334887,1.30835,1.69344,9.11013e+06,4.00975e+06,1.54275e+07,0,0,0,0
122.105,122.105,7.71112,0.27,0,2.99947,3.04983,0,0.64354,4.89888,4.38366e+06,2.99988e+06,1.31487e+07,0,0,0,0,62.3362,61.308,11.6908,1,1,1.69344,1.77161,0.04892,1.30835,1.69344,9.11013e+06,4.00975e+06,1.54275e+07,0,0,0,0
122.105,122.105,7.04307,0.3,0,3.00019,3.05055,0,0.562101,4.89888,4.38366e+06,2.99988e+06,1.31518e+07,0,0,0,0,62.3362,61.308,8.83457,1,1,1.69344,1.77203,0.0493343,1.30835,1.69344,9.11013e+06,4.00975e+06,1.54275e+07,0,0,0,0
122.105,122.105,5.09811,0.31,0,3.0009,3.05128,0,0.562235,4.89888,4.38366e+06,2.99988e+06,1.31549e+07,0,0,0,0,62.3362,61.308,6.85898,1,1,1.69344,1.77245,0.0497487,1.30835,1.69344,9.11013e+06,4.00975e+06,1.54275e+07,0,0,0,0
122.105,122.105,6.49518,0.33,0,3.00161,3.052,0,0.562369,4.89888,4.38366e+06,2.99988e+06,1.3158e+07,0,0,0,0,62.3362,61.308,8.14753,1,1,1.69344,1.77287,0.0501631,1.30835,1.69344,9.11013e+06,4.00975e+06,1.54275e+07,0,0,0,0
122.105,122.105,7.0468,0.35,0,3.00233,3.05273,0,0.562502,4.89888,4.38366e+06,2.99988e+06,1.31612e+07,0,0,0,0,62.3362,61.308,9.39143,1,1,1.69344,1.7733,0.0505775,1.30835,1.69344,9.11013e+06,4.00975e+06,1.54275e+07,0,0,0,0
122.105,122.105,10.1539,0.35,0,3.11277,3.16502,0,0.562636,4.89888,4.38366e+06,2.99988e+06,1.36453e+07,0,0,0,0,62.3362,61.308,11.5564,1,1,1.69344,1.84506,0.121152,1.30835,1.69344,9.11013e+06,4.00975e+06,1.54275e+07,0,0,0,0
122.105,122.105,8.17929,0.38,0,3.11351,3.16577,0,0.583332,4.89888,4.38366e+06,2.99988e+06,1.36485e+07,0,0,0,0,62.3362,61.308,9.87448,1,1,1.69344,1.84549,0.121583,1.30835,1.69344,9.11013e+06,4.00975e+06,1.54275e+07,0,0,0,0
122.105,122.105,7.05332,0.38,0,3.11425,3.16653,0,0.583471,4.89888,4.38366e+06,2.99988e+06,1.36518e+07,0,0,0,0,62.3362,61.308,7.69641,1,1,1.69344,1.84593,0.122014,1.30835,1.69344,9.11013e+06,4.00975e+06,1.54275e+07,0,0,0,0
122.105,122.105,5.7004,0.36,0,3.11499,3.16728,0,0.58361,4.89888,4.38366e+06,2.99988e+06,1.3655e+07,0,0,0,0,62.3362,61.308,5.88143,1,1,1.69344,1.84637,0.122446,1.30835,1.69344,9.11013e+06,4.00975e+06,1.54275e+07,0,0,0,0
122.105,122.105,6.4191,0.36,0,3.07278,3.12437,0,0.583748,4.89888,4.38366e+06,2.99988e+06,1.347e+07,0,0,0,0,62.3362,61.308,9.19087,1,1,1.69344,1.81908,0.0956021,1.30835,1.69344,9.11013e+06,4.00975e+06,1.54275e+07,0,0,0,0
122.105,122.105,6.44603,0.33,0,3.07351,3.12511,0,0.575839,4.89888,4.38366e+06,2.99988e+06,1.34732e+07,0,0,0,0,62.3362,61.308,6.99982,1,1,1.69344,1.81951,0.0960272,1.30835,1.69344,9.11013e+06,4.00975e+06,1.54275e+07,0,0,0,0
122.105,122.105,5.12151,0.3,0,3.07424,3.12585,0,0.575976,4.89888,4.38366e+06,2.99988e+06,1.34764e+07,0,0,0,0,62.3362,61.308,6.27219,1,1,1.69344,1.81994,0.0964523,1.30835,1.69344,9.11013e+06,4.00975e+06,1.54275e+07,0,0,0,0
122.105,122.105,4.67926,0.29,0,3.07497,3.1266,0,0.576113,4.89888,4.38366e+06,2.99988e+06,1.34796e+07,0,0,0,0,62.3362,61.308,4.94236,1,1,1.69344,1.82037,0.0968776,1.30835,1.69344,9.11013e+06,4.00975e+06,1.54275e+07,0,0,0,0
122.105,122.105,4.56619,0.28,0,3.22161,3.27569,0,0.57625,4.89888,4.38366e+06,2.99988e+06,1.41224e+07,0,0,0,0,62.3362,61.308,4.91397,1,1,1.69344,1.91925,0.19412,1.30835,1.69344,9.11013e+06,4.00975e+06,1.54275e+07,0,0,0,0
122.105,122.105,4.91662,0.26,0,3.22237,3.27647,0,0.603729,4.89888,4.38366e+06,2.99988e+06,1.41258e+07,0,0,0,0,62.3362,61.308,5.30554,1,1,1.69344,1.9197,0.194568,1.30835,1.69344,9.11013e+06,4.00975e+06,1.54275e+07,0,0,0,0
122.105,122.105,4.69427,0.23,0,3.22314,3.27725,0,0.603872,4.89888,4.38366e+06,2.99988e+06,1.41291e+07,0,0,0,0,62.3362,61.308,5.58977,1,1,1.69344,1.92016,0.195017,1.30835,1.69344,9.11013e+06,4.00975e+06,1.54275e+07,0,0,0,0
122.105,122.105,4.32862,0.22,0,3.2239,3.27802,0,0.604016,4.89888,4.38366e+06,2.99988e+06,1.41325e+07,0,0,0,0,62.3362,61.308,5.3475,1,1,1.69344,1.92062,0.195465,1.30835,1.69344,9.11013e+06,4.00975e+06,1.54275e+07,0,0,0,0
122.105,122.105,4.16455,0.2,0,3.22467,3.2788,0,0.604159,4.89888,4.38366e+06,2.99988e+06,1.41358e+07,0,0,0,0,62.3362,61.308,5.33462,1,1,1.69344,1.92107,0.195913,1.30835,1.69344,9.11013e+06,4.00975e+06,1.54275e+07,0,0,0,0
121.944,122.105,3.51011,0.19,0,3.19654,3.25021,0,0.604303,4.89888,4.38366e+06,2.99988e+06,1.40126e+07,0,0,0,0,62.3362,61.308,4.16739,1,1,1.69344,1.9757,0.249637,1.30835,1.69344,9.11013e+06,4.00975e+06,1.54275e+07,0,0,0,0
121.546,122.105,3.19104,0.25,0,3.1973,3.25098,0,0.599032,4.89888,4.38366e+06,2.99988e+06,1.40159e+07,0,0,0,0,62.3362,61.308,3.92316,1,1,1.69344,1.97617,0.250099,1.30835,1.69344,9.11013e+06,4.00975e+06,1.54275e+07,0,0,0,0
120.982,122.105,2.99649,0.25,0,3.19806,3.25175,0,0.599175,4.89888,4.38366e+06,2.99988e+06,1.40192e+07,0,0,0,0,62.3362,61.308,3.59572,1,1,1.69344,1.97664,0.25056,1.30835,1.69344,9.11013e+06,4.00975e+06,1.54275e+07,0,0,0,0
120.361,122.105,2.91534,0.25,0,3.19882,3.25252,0,0.599317,4.89888,4.38366e+06,2.99988e+06,1.40225e+07,0,0,0,0,62.3362,61.308,3.36565,1,1,1.69344,1.97711,0.251021,1.30835,1.69344,9.11013e+06,4.00975e+06,1.54275e+07,0,0,0,0
119.383,122.105,2.60545,0.23,0,3.27425,3.32922,0,0.599459,4.89888,4.38366e+06,2.99988e+06,1.43532e+07,0,0,0,0,62.3362,61.308,3.38751,1,1,1.69344,2.0259,0.299008,1.30835,1.69344,9.11013e+06,4.00975e+06,1.54275e+07,0,0,0,0
118.279,122.105,2.38352,0.24,0,3.27503,3.33001,0,0.613595,4.89888,4.38366e+06,2.99988e+06,1.43566e+07,0,0,0,0,62.3362,61.308,3.0449,1,1,1.69344,2.02638,0.299481,1.30835,1.69344,9.11013e+06,4.00975e+06,1.54275e+07,0,0,0,0
117.103,122.105,2.21972,0.23,0,3.27581,3.3308,0,0.613741,4.89888,4.38366e+06,2.99988e+06,1.436e+07,0,0,0,0,62.3362,61.308,3.25441,1,1,1.69344,2.02686,0.299954,1.30835,1.69344,9.11013e+06,4.00975e+06,1.54275e+07,0,0,0,0
116.186,122.105,2.57049,0.23,0,3.27658,3.33159,0,0.613886,4.89888,4.38366e+06,2.99988e+06,1.43634e+07,0,0,0,0,62.3362,61.308,3.39354,1,1,1.69344,2.02734,0.300427,1.30835,1.69344,9.11013e+06,4.00975e+06,1.54275e+07,0,0,0,0
114.721,122.105,2.1285,0.23,0,3.49624,3.55494,0,0.614032,4.89888,4.38366e+06,2.99988e+06,1.53263e+07,0,0,0,0,62.3362,61.308,2.88566,1,1,1.69344,2.20241,0.472604,1.30835,1.69344,9.11013e+06,4.00975e+06,1.54275e+07,0,0,0,0
112.811,122.105,1.59004,0.23,0,3.49707,3.55578,0,0.655196,4.89888,4.38366e+06,2.99988e+06,1.533e+07,0,0,0,0,62.2987,61.308,2.6224,1,1,1.69344,2.20293,0.473118,1.30835,1.69344,9.11013e+06,4.00975e+06,1.54275e+07,0,0,0,0
110.987,122.105,1.67868,0.26,0,3.4979,3.55662,0,0.655351,4.89888,4.38366e+06,2.99988e+06,1.53336e+07,0,0,0,0,62.2535,61.308,2.58876,1,1,1.69344,2.20345,0.473632,1.30835,1.69344,9.11013e+06,4.00975e+06,1.54275e+07,0,0,0,0
109.757,122.105,2.33063,0.26,0,3.49873,3.55747,0,0.655507,4.89888,4.38366e+06,2.99988e+06,1.53372e+07,0,0,0,0,62.3362,61.308,3.09385,1,1,1.69344,2.20398,0.474146,1.30835,1.69344,9.11013e+06,4.00975e+06,1.54275e+07,0,0,0,0
109.247,122.105,3.13153,0.26,0,3.49956,3.55831,0,0.655662,4.89888,4.38366e+06,2.99988e+06,1.53409e+07,0,0,0,0,62.3362,61.308,3.50364,1,1,1.69344,2.2045,0.47466,1.30835,1.69344,9.11013e+06,4.00975e+06,1.54275e+07,0,0,0,0
108.597,122.105,2.81026,0.26,0,3.39359,3.45056,0,0.655818,4.89888,4.38366e+06,2.99988e+06,1.48763e+07,0,0,0,0,62.3362,61.308,3.39379,1,1,1.69344,2.09893,0.370833,1.30835,1.69344,9.11013e+06,4.00975e+06,1.54275e+07,0,0,0,0
107.145,122.105,1.89205,0.26,0,3.39439,3.45138,0,0.635959,4.89888,4.38366e+06,2.99988e+06,1.48799e+07,0,0,0,0,62.2239,61.308,2.60547,1,1,1.69344,2.09943,0.371322,1.30835,1.69344,9.11013e+06,4.00975e+06,1.54275e+07,0,0,0,0
105.449,122.105,1.48257,0.26,0,3.3952,3.4522,0,0.63611,4.89888,4.38366e+06,2.99988e+06,1.48834e+07,0,0,0,0,62.0834,61.308,1.99069,1,1,1.69344,2.09992,0.371812,1.30835,1.69344,9.11013e+06,4.00975e+06,1.54275e+07,0,0,0,0
105.391,122.105,3.59319,0.28,0,3.396,3.45302,0,0.63626,4.89888,4.38366e+06,2.99988e+06,1.48869e+07,0,0,0,0,62.3362,61.308,3.95382,1,1,1.69344,2.10042,0.372301,1.30835,1.69344,9.11013e+06,4.00975e+06,1.54275e+07,0,0,0,0
104.416,122.105,2.41502,0.28,0,3.30906,3.36461,0,0.636411,4.89888,4.38366e+06,2.99988e+06,1.45058e+07,0,0,0,0,62.3362,61.308,2.69306,1,1,1.69344,2.00426,0.277724,1.30835,1.69344,9.11013e+06,4.00975e+06,1.54275e+07,0,0,0,0
102.888,122.105,1.85109,0.28,0,3.30985,3.36541,0,0.620118,4.89888,4.38366e+06,2.99988e+06,1.45092e+07,0,0,0,0,62.1491,61.308,2.69965,1,1,1.69344,2.00473,0.278191,1.30835,1.69344,9.11013e+06,4.00975e+06,1.54275e+07,0,0,0,0
103.586,122.105,4.61068,0.27,0,3.31063,3.36621,0,0.620265,4.89888,4.38366e+06,2.99988e+06,1.45127e+07,0,0,0,0,62.3362,61.308,5.46854,1,1,1.69344,2.00521,0.278658,1.30835,1.69344,9.11013e+06,4.00975e+06,1.54275e+07,0,0,0,0
102.758,122.105,2.69454,0.29,0,3.31141,3.36701,0,0.620412,4.89888,4.38366e+06,2.99988e+06,1.45161e+07,0,0,0,0,62.3362,61.308,2.77612,1,1,1.69344,2.00568,0.279126,1.30835,1.69344,9.11013e+06,4.00975e+06,1.54275e+07,0,0,0,0
102.538,122.105,3.2293,0.3,0,3.06275,3.11417,0,0.620559,4.89888,4.38366e+06,2.99988e+06,1.34261e+07,0,0,0,0,62.3362,61.308,3.14144,1,1,1.69344,1.80464,0.0814085,1.30835,1.69344,9.11013e+06,4.00975e+06,1.54275e+07,0,0,0,0
103.594,122.105,5.12182,0.3,0,3.06348,3.11491,0,0.57396,4.89888,4.38366e+06,2.99988e+06,1.34292e+07,0,0,0,0,62.3362,61.308,6.56,1,1,1.69344,1.80507,0.0818291,1.30835,1.69344,9.11013e+06,4.00975e+06,1.54275e+07,0,0,0,0
104.566,122.105,4.90804,0.29,0,3.0642,3.11565,0,0.574096,4.89888,4.38366e+06,2.99988e+06,1.34324e+07,0,0,0,0,62.3362,61.308,5.6007,1,1,1.69344,1.8055,0.0822496,1.30835,1.69344,9.11013e+06,4.00975e+06,1.54275e+07,0,0,0,0
105.614,122.105,5.03223,0.35,0,3.06493,3.11638,0,0.574232,4.89888,4.38366e+06,2.99988e+06,1.34356e+07,0,0,0,0,62.3362,61.308,5.27299,1,1,1.69344,1.80593,0.0826703,1.30835,1.69344,9.11013e+06,4.00975e+06,1.54275e+07,0,0,0,0
107.115,122.105,5.58546,0.36,0,3.06566,3.11712,0,0.574368,4.89888,4.38366e+06,2.99988e+06,1.34388e+07,0,0,0,0,62.3362,61.308,5.61753,1,1,1.69344,1.80636,0.0830911,1.30835,1.69344,9.11013e+06,4.00975e+06,1.54275e+07,0,0,0,0
108.759,122.105,5.63742,0.3,0,3.16242,3.21551,0,0.574504,4.89888,4.38366e+06,2.99988e+06,1.3863e+07,0,0,0,0,62.3362,61.308,6.2505,1,1,1.69344,1.86519,0.140955,1.30835,1.69344,9.11013e+06,4.00975e+06,1.54275e+07,0,0,0,0
110.925,122.105,6.0784,0.31,0,3.16314,3.21624,0,0.592638,4.89888,4.38366e+06,2.99988e+06,1.38661e+07,0,0,0,0,62.3362,61.308,5.89957,1,1,1.69344,1.86561,0.141369,1.30835,1.69344,9.11013e+06,4.00975e+06,1.54275e+07,0,0,0,0
112.203,122.105,5.12592,0.32,0,3.16385,3.21696,0,0.592772,4.89888,4.38366e+06,2.99988e+06,1.38692e+07,0,0,0,0,62.3362,61.308,5.21746,1,1,1.69344,1.86603,0.141783,1.30835,1.69344,9.11013e+06,4.00975e+06,1.54275e+07,0,0,0,0
112.645,122.105,4.0898,0.36,0,3.16456,3.21769,0,0.592905,4.89888,4.38366e+06,2.99988e+06,1.38724e+07,0,0,0,0,62.3362,61.308,3.85303,1,1,1.69344,1.86645,0.142197,1.30835,1.69344,9.11013e+06,4.00975e+06,1.54275e+07,0,0,0,0
112.114,122.105,3.43243,0.37,0,3.47401,3.53233,0,0.593039,4.89888,4.38366e+06,2.99988e+06,1.52289e+07,0,0,0,0,62.3362,61.308,2.97174,1,1,1.69344,2.08638,0.358492,1.30835,1.69344,9.11013e+06,4.00975e+06,1.54275e+07,0,0,0,0
113.897,122.105,6.04373,0.39,0,3.47479,3.53313,0,0.65103,4.89888,4.38366e+06,2.99988e+06,1.52323e+07,0,0,0,0,62.3362,61.308,5.8277,1,1,1.69344,2.08685,0.358954,1.30835,1.69344,9.11013e+06,4.00975e+06,1.54275e+07,0,0,0,0
115.157,122.105,5.43856,0.39,0,3.47558,3.53393,0,0.651177,4.89888,4.38366e+06,2.99988e+06,1.52357e+07,0,0,0,0,62.3362,61.308,4.34302,1,1,1.69344,2.08732,0.359417,1.30835,1.69344,9.11013e+06,4.00975e+06,1.54275e+07,0,0,0,0
114.503,122.105,3.12854,0.33,0,3.47636,3.53472,0,0.651323,4.89888,4.38366e+06,2.99988e+06,1.52392e+07,0,0,0,0,62.3362,61.308,2.78009,1,1,1.69344,2.08779,0.35988,1.30835,1.69344,9.11013e+06,4.00975e+06,1.54275e+07,0,0,0,0
116.428,122.105,5.94737,0.34,0,3.0364,3.08737,0,0.65147,4.89888,4.38366e+06,2.99988e+06,1.33105e+07,0,0,0,0,62.3362,61.308,5.1511,1,1,1.69344,1.79342,0.0703678,1.30835,1.69344,9.11013e+06,4.00975e+06,1.54275e+07,0,0,0,0
119.683,122.105,7.36455,0.35,0,3.03708,3.08807,0,0.569021,4.89888,4.38366e+06,2.99988e+06,1.33135e+07,0,0,0,0,62.3362,61.308,6.79195,1,1,1.69344,1.79382,0.0707655,1.30835,1.69344,9.11013e+06,4.00975e+06,1.54275e+07,0,0,0,0
122.105,122.105,7.80982,0.39,0,3.03777,3.08876,0,0.569149,4.89888,4.38366e+06,2.99988e+06,1.33165e+07,0,0,0,0,62.3362,61.308,7.45436,1,1,1.69344,1.79423,0.0711633,1.30835,1.69344,9.11013e+06,4.00975e+06,1.54275e+07,0,0,0,0
122.105,122.105,7.0311,0.34,0,3.03845,3.08946,0,0.569277,4.89888,4.38366e+06,2.99988e+06,1.33195e+07,0,0,0,0,62.3362,61.308,6.5536,1,1,1.69344,1.79463,0.0715612,1.30835,1.69344,9.11013e+06,4.00975e+06,1.54275e+07,0,0,0,0
122.105,122.105,7.54277,0.36,0,3.03914,3.09016,0,0.569406,4.89888,4.38366e+06,2.99988e+06,1.33225e+07,0,0,0,0,62.3362,61.308,6.24021,1,1,1.69344,1.79504,0.0719591,1.30835,1.69344,9.11013e+06,4.00975e+06,1.54275e+07,0,0,0,0
122.105,122.105,4.73618,0.38,0,3.15089,3.20379,0,0.569534,4.89888,4.38366e+06,2.99988e+06,1.38124e+07,0,0,0,0,62.3362,61.308,4.89536,1,1,1.69344,1.86765,0.143376,1.30835,1.69344,9.11013e+06,4.00975e+06,1.54275e+07,0,0,0,0
122.105,122.105,4.22487,0.4,0,2.93996,3.20451,0,0.590477,4.89888,4.38366e+06,2.99988e+06,1.28878e+07,0,0,0,0,62.3362,61.308,5.38338,1,1,1.69344,1.86807,0.0204159,1.30835,1.69344,9.11013e+06,4.00975e+06,1.54275e+07,0,0,0,0
122.105,122.105,4.40767,0.4,0,2.94062,3.20523,0,0.550949,4.89888,4.38366e+06,2.99988e+06,1.28907e+07,0,0,0,0,62.3362,61.308,4.48711,1,1,1.69344,1.86849,0.0208021,1.30835,1.69344,9.11013e+06,4.00975e+06,1.54275e+07,0,0,0,0
121.998,122.105,3.62156,0.4,0,2.94129,3.20595,0,0.551073,4.89888,4.38366e+06,2.99988e+06,1.28936e+07,0,0,0,0,62.3362,61.308,3.79711,1,1,1.69344,1.86892,0.0211885,1.30835,1.69344,9.11013e+06,4.00975e+06,1.54275e+07,0,0,0,0
121.385,122.105,2.72197,0.48,0,2.9014,3.16248,0,0.551197,4.89888,4.38366e+06,2.99988e+06,1.27188e+07,0,0,0,0,62.3362,61.308,2.94818,1,1,1.68926,1.84127,0,1.30835,1.69344,9.11013e+06,4.00975e+06,1.53894e+07,0,0,0,0
120.536,122.105,2.56768,0.48,0,2.90206,3.16319,0,0.543723,4.89888,4.38366e+06,2.99988e+06,1.27216e+07,0,0,0,0,62.3362,61.308,2.97892,1,1,1.68964,1.84168,0,1.30512,1.69344,9.11013e+06,4.00975e+06,1.53929e+07,0,0,0,0
120.282,122.105,3.10117,0.48,0,2.90271,3.1639,0,0.543845,4.89888,4.38366e+06,2.99988e+06,1.27245e+07,0,0,0,0,62.3362,61.308,3.20121,1,1,1.69002,1.8421,0,1.30542,1.69344,9.11013e+06,4.00975e+06,1.53963e+07,0,0,0,0
119.818,122.105,2.84885,0.47,0,2.90336,3.16462,0,0.543968,4.89888,4.38366e+06,2.99988e+06,1.27274e+07,0,0,0,0,62.3362,61.308,3.11054,1,1,1.6904,1.84251,0,1.30571,1.69344,9.11013e+06,4.00975e+06,1.53998e+07,0,0,0,0
118.72,122.105,2.19567,0.45,0,3.04178,3.31548,0,0.544091,4.89888,4.38366e+06,2.99988e+06,1.33341e+07,0,0,0,0,62.3116,61.308,2.70945,1,1,1.69344,1.94256,0.0887566,1.30601,1.69344,9.11013e+06,4.00975e+06,1.54275e+07,0,0,0,0
117.567,122.105,2.04364,0.4,0,3.04246,3.31623,0,0.570029,4.89888,4.38366e+06,2.99988e+06,1.33371e+07,0,0,0,0,62.2121,61.308,2.40245,1,1,1.69344,1.943,0.089158,1.30835,1.69344,9.11013e+06,4.00975e+06,1.54275e+07,0,0,0,0
116.064,122.105,1.84609,0.34,0,3.26221,3.31698,0,0.570157,4.89888,4.38366e+06,2.99988e+06,1.43004e+07,0,0,0,0,62.0474,61.308,2.19464,1,1,1.69344,1.94344,0.217911,1.30835,1.69344,9.11013e+06,4.00975e+06,1.54275e+07,0,0,0,0
114.54,122.105,1.74056,0.31,0,3.26295,3.31773,0,0.611339,4.89888,4.38366e+06,2.99988e+06,1.43036e+07,0,0,0,0,61.8006,61.308,2.11048,1,1,1.69344,1.94388,0.218342,1.30835,1.69344,9.11013e+06,4.00975e+06,1.54275e+07,0,0,0,0
112.948,122.105,1.67012,0.29,0,3.26368,3.31847,0,0.611476,4.89888,4.38366e+06,2.99988e+06,1.43069e+07,0,0,0,0,61.5418,61.308,1.97501,1,1,1.69344,1.94431,0.218772,1.30835,1.69344,9.11013e+06,4.00975e+06,1.54275e+07,0,0,0,0
111.552,122.105,1.81708,0.39,0,3.23518,3.28949,0,0.611614,4.89888,4.38366e+06,2.99988e+06,1.41819e+07,0,0,0,0,61.345,61.308,2.46113,1,1,1.69344,1.99958,0.273122,1.30835,1.69344,9.11013e+06,4.00975e+06,1.54275e+07,0,0,0,0
110.083,122.105,1.74758,0.33,0,3.23591,3.29023,0,0.606273,4.89888,4.38366e+06,2.99988e+06,1.41851e+07,0,0,0,0,61.1078,61.308,2.30489,1,1,1.69344,2.00003,0.273565,1.30835,1.69344,9.11013e+06,4.00975e+06,1.54275e+07,0,0,0,0
108.507,122.105,1.61733,0.32,0,3.23664,3.29097,0,0.606409,4.89888,4.38366e+06,2.99988e+06,1.41883e+07,0,0,0,0,60.8641,61.308,2.30034,1,1,1.69344,2.00048,0.274008,1.30835,1.69344,9.11013e+06,4.00975e+06,1.54275e+07,0,0,0,0
106.829,122.105,1.47944,0.32,0,3.23736,3.29171,0,0.606546,4.89888,4.38366e+06,2.99988e+06,1.41915e+07,0,0,0,0,60.5725,61.308,2.04995,1,1,1.69344,2.00093,0.274451,1.30835,1.69344,9.11013e+06,4.00975e+06,1.54275e+07,0,0,0,0
105.083,122.105,1.43199,0.32,0,3.31366,3.36929,0,0.606682,4.89888,4.38366e+06,2.99988e+06,1.4526e+07,0,0,0,0,60.2374,61.308,2.14155,1,1,1.69344,2.05028,0.322991,1.30835,1.69344,9.11013e+06,4.00975e+06,1.54275e+07,0,0,0,0
103.337,122.105,1.41918,0.35,0,3.31441,3.37005,0,0.620981,4.89888,4.38366e+06,2.99988e+06,1.45292e+07,0,0,0,0,59.9246,61.308,2.25037,1,1,1.69344,2.05074,0.323445,1.30835,1.69344,9.11013e+06,4.00975e+06,1.54275e+07,0,0,0,0
101.486,122.105,1.29437,0.35,0,3.31516,3.37081,0,0.62112,4.89888,4.38366e+06,2.99988e+06,1.45325e+07,0,0,0,0,59.5718,61.308,2.12859,1,1,1.69344,2.05121,0.323899,1.30835,1.69344,9.11013e+06,4.00975e+06,1.54275e+07,0,0,0,0
99.5737,122.105,1.19654,0.34,0,3.3159,3.37157,0,0.62126,4.89888,4.38366e+06,2.99988e+06,1.45358e+07,0,0,0,0,59.1985,61.308,1.98891,1,1,1.69344,2.05167,0.324353,1.30835,1.69344,9.11013e+06,4.00975e+06,1.54275e+07,0,0,0,0
97.3797,122.105,1.05371,0.33,0,3.53815,3.59755,0,0.6214,4.89888,4.38366e+06,2.99988e+06,1.55101e+07,0,0,0,0,58.8133,61.308,1.96454,1,1,1.69344,2.22881,0.498569,1.30835,1.69344,9.11013e+06,4.00975e+06,1.54275e+07,0,0,0,0
95.0036,122.105,0.839463,0.35,0,3.53895,3.59836,0,0.66305,4.89888,4.38366e+06,2.99988e+06,1.55135e+07,0,0,0,0,58.3769,61.308,1.84569,1,1,1.69344,2.22931,0.499062,1.30835,1.69344,9.11013e+06,4.00975e+06,1.54275e+07,0,0,0,0
92.6006,122.105,0.770585,0.35,0,3.53975,3.59917,0,0.663199,4.89888,4.38366e+06,2.99988e+06,1.5517e+07,0,0,0,0,57.8978,61.308,1.71058,1,1,1.69344,2.22981,0.499556,1.30835,1.69344,9.11013e+06,4.00975e+06,1.54275e+07,0,0,0,0
90.3253,122.105,0.890331,0.34,0,3.54054,3.59998,0,0.663348,4.89888,4.38366e+06,2.99988e+06,1.55205e+07,0,0,0,0,57.4555,61.308,1.85202,1,1,1.69344,2.23031,0.500049,1.30835,1.69344,9.11013e+06,4.00975e+06,1.54275e+07,0,0,0,0
88.4776,122.105,1.37013,0.32,0,3.54134,3.60079,0,0.663497,4.89888,4.38366e+06,2.99988e+06,1.5524e+07,0,0,0,0,57.1674,61.308,2.2195,1,1,1.69344,2.23081,0.500542,1.30835,1.69344,9.11013e+06,4.00975e+06,1.54275e+07,0,0,0,0
86.6723,122.105,1.33193,0.37,0,3.43406,3.49171,0,0.663647,4.89888,4.38366e+06,2.99988e+06,1.50537e+07,0,0,0,0,57.152,61.308,3.69029,1,1,1.69344,2.12396,0.39545,1.30835,1.69344,9.11013e+06,4.00975e+06,1.54275e+07,0,0,0,0
84.7122,122.105,1.05218,0.38,0,3.43483,3.4925,0,0.643543,4.89888,4.38366e+06,2.99988e+06,1.50571e+07,0,0,0,0,56.7269,61.308,2.26299,1,1,1.69344,2.12444,0.39592,1.30835,1.69344,9.11013e+06,4.00975e+06,1.54275e+07,0,0,0,0
82.6622,122.105,0.903648,0.38,0,3.4356,3.49328,0,0.643688,4.89888,4.38366e+06,2.99988e+06,1.50605e+07,0,0,0,0,56.2423,61.308,2.00804,1,1,1.69344,2.12491,0.396389,1.30835,1.69344,9.11013e+06,4.00975e+06,1.54275e+07,0,0,0,0
81.0857,122.105,1.64233,0.38,0,3.43638,3.49407,0,0.643832,4.89888,4.38366e+06,2.99988e+06,1.50639e+07,0,0,0,0,56.0798,61.308,2.6458,1,1,1.69344,2.12539,0.39686,1.30835,1.69344,9.11013e+06,4.00975e+06,1.54275e+07,0,0,0,0
80.7339,122.105,2.88008,0.4,0,3.12351,3.40457,0,0.643977,4.89888,4.38366e+06,2.99988e+06,1.36924e+07,0,0,0,0,55.9268,61.308,3.14865,1,1,1.69344,2.02806,0.167193,1.30835,1.69344,9.11013e+06,4.00975e+06,1.54275e+07,0,0,0,0
79.1878,122.105,1.45915,0.39,0,3.34911,3.40534,0,0.585346,4.89888,4.38366e+06,2.99988e+06,1.46814e+07,0,0,0,0,55.4244,61.308,1.38704,1,1,1.69344,2.02851,0.301582,1.30835,1.69344,9.11013e+06,4.00975e+06,1.54275e+07,0,0,0,0
78.18,122.105,2.0786,0.4,0,3.12491,3.4061,0,0.627624,4.89888,4.38366e+06,2.99988e+06,1.36986e+07,0,0,0,0,55.4199,61.308,3.42979,1,1,1.69344,2.02897,0.16803,1.30835,1.69344,9.11013e+06,4.00975e+06,1.54275e+07,0,0,0,0
79.5595,122.105,5.08478,0.41,0,3.12562,3.40687,0,0.585609,4.89888,4.38366e+06,2.99988e+06,1.37016e+07,0,0,0,0,56.5896,61.308,6.65552,1,1,1.69344,2.02943,0.168448,1.30835,1.69344,9.11013e+06,4.00975e+06,1.54275e+07,0,0,0,0
79.382,122.105,3.03375,0.4,0,2.89087,3.151,0,0.585741,4.89888,4.38366e+06,2.99988e+06,1.26726e+07,0,0,0,0,56.8636,61.308,3.17627,1,1,1.67524,1.82599,0,1.30835,1.69344,9.11013e+06,4.00975e+06,1.52617e+07,0,0,0,0
79.2934,122.105,2.95118,0.43,0,2.89152,3.15171,0,0.541749,4.89888,4.38366e+06,2.99988e+06,1.26754e+07,0,0,0,0,57.1963,61.308,3.53976,1,1,1.67562,1.8264,0,1.29429,1.69344,9.11013e+06,4.00975e+06,1.52651e+07,0,0,0,0
78.5462,122.105,2.12123,0.47,0,2.89217,3.15242,0,0.541871,4.89888,4.38366e+06,2.99988e+06,1.26783e+07,0,0,0,0,56.9108,61.308,2.00578,1,1,1.676,1.82681,0,1.29458,1.69344,9.11013e+06,4.00975e+06,1.52686e+07,0,0,0,0
79.7898,122.105,4.66003,0.49,0,2.89282,3.15313,0,0.541993,4.89888,4.38366e+06,2.99988e+06,1.26811e+07,0,0,0,0,57.9319,61.308,6.41593,1,1,1.67637,1.82722,0,1.29488,1.69344,9.11013e+06,4.00975e+06,1.5272e+07,0,0,0,0
80.6947,122.105,4.02282,0.53,0,2.89347,3.15383,0,0.542115,4.89888,4.38366e+06,2.99988e+06,1.2684e+07,0,0,0,0,57.9801,61.308,3.43818,1,1,1.67675,1.82763,0,1.29517,1.69344,9.11013e+06,4.00975e+06,1.52754e+07,0,0,0,0
80.7889,122.105,2.92791,0.54,0,2.98477,3.25334,0,0.542237,4.89888,4.38366e+06,2.99988e+06,1.30842e+07,0,0,0,0,57.6477,61.308,2.15688,1,1,1.69344,1.88713,0.0379034,1.29546,1.69344,9.11013e+06,4.00975e+06,1.54275e+07,0,0,0,0
81.4856,122.105,3.58882,0.57,0,2.9854,3.25404,0,0.559345,4.89888,4.38366e+06,2.99988e+06,1.3087e+07,0,0,0,0,57.3379,61.308,2.14962,1,1,1.69344,1.88754,0.0382728,1.30835,1.69344,9.11013e+06,4.00975e+06,1.54275e+07,0,0,0,0
83.6902,122.105,5.63413,0.56,0,2.98604,3.25473,0,0.559464,4.89888,4.38366e+06,2.99988e+06,1.30898e+07,0,0,0,0,57.7175,61.308,5.93381,1,1,1.69344,1.88794,0.0386424,1.30835,1.69344,9.11013e+06,4.00975e+06,1.54275e+07,0,0,0,0
85.1076,122.105,4.71993,0.58,0,2.98668,3.25543,0,0.559584,4.89888,4.38366e+06,2.99988e+06,1.30926e+07,0,0,0,0,58.0904,61.308,3.46479,1,1,1.69344,1.88834,0.0390119,1.30835,1.69344,9.11013e+06,4.00975e+06,1.54275e+07,0,0,0,0
85.4304,122.105,3.66534,0.59,0,3.27869,3.57372,0,0.559703,4.89888,4.38366e+06,2.99988e+06,1.43727e+07,0,0,0,0,58.3584,61.308,3.29233,1,1,1.69344,2.11082,0.243125,1.30835,1.69344,9.11013e+06,4.00975e+06,1.54275e+07,0,0,0,0
86.1254,122.105,3.99942,0.59,0,3.27939,3.57448,0,0.614426,4.89888,4.38366e+06,2.99988e+06,1.43757e+07,0,0,0,0,58.3264,61.308,3.00936,1,1,1.69344,2.11127,0.243537,1.30835,1.69344,9.11013e+06,4.00975e+06,1.54275e+07,0,0,0,0
86.967,122.105,4.20966,0.6,0,3.28009,3.57524,0,0.614557,4.89888,4.38366e+06,2.99988e+06,1.43788e+07,0,0,0,0,58.3222,61.308,3.48113,1,1,1.69344,2.11172,0.243951,1.30835,1.69344,9.11013e+06,4.00975e+06,1.54275e+07,0,0,0,0
87.7671,122.105,4.1496,0.62,0,3.28079,3.576,0,0.614688,4.89888,4.38366e+06,2.99988e+06,1.43819e+07,0,0,0,0,58.277,61.308,3.05529,1,1,1.69344,2.11217,0.244364,1.30835,1.69344,9.11013e+06,4.00975e+06,1.54275e+07,0,0,0,0
88.9848,122.105,4.32108,0.64,0,2.86554,3.12339,0,0.61482,4.89888,4.38366e+06,2.99988e+06,1.25615e+07,0,0,0,0,58.2887,61.308,3.42085,1,1,1.66456,1.81434,0,1.30835,1.69344,9.11013e+06,4.00975e+06,1.51644e+07,0,0,0,0
88.8006,122.105,2.80305,0.66,0,2.86615,3.12405,0,0.537002,4.89888,4.38366e+06,2.99988e+06,1.25642e+07,0,0,0,0,58.1823,61.308,2.81404,1,1,1.66491,1.81473,0,1.28604,1.69344,9.11013e+06,4.00975e+06,1.51676e+07,0,0,0,0
88.9855,122.105,3.32315,0.69,0,2.86676,3.12472,0,0.537116,4.89888,4.38366e+06,2.99988e+06,1.25669e+07,0,0,0,0,58.3232,61.308,3.52054,1,1,1.66527,1.81511,0,1.28631,1.69344,9.11013e+06,4.00975e+06,1.51708e+07,0,0,0,0
89.2417,122.105,3.36199,0.72,0,2.86737,3.12539,0,0.537231,4.89888,4.38366e+06,2.99988e+06,1.25696e+07,0,0,0,0,58.4358,61.308,3.42204,1,1,1.66562,1.8155,0,1.28659,1.69344,9.11013e+06,4.00975e+06,1.51741e+07,0,0,0,0
91.1836,122.105,5.26012,0.72,0,2.86798,3.12605,0,0.537345,4.89888,4.38366e+06,2.99988e+06,1.25723e+07,0,0,0,0,59.1866,61.308,5.86076,1,1,1.66598,1.81589,0,1.28686,1.69344,9.11013e+06,4.00975e+06,1.51773e+07,0,0,0,0
92.5677,122.105,4.7703,0.71,0,2.97341,3.24096,0,0.53746,4.89888,4.38366e+06,2.99988e+06,1.30344e+07,0,0,0,0,59.25,61.308,3.61771,1,1,1.69344,1.88932,0.0399122,1.28713,1.69344,9.11013e+06,4.00975e+06,1.54275e+07,0,0,0,0
93.8771,122.105,4.61395,0.72,0,2.97404,3.24165,0,0.557216,4.89888,4.38366e+06,2.99988e+06,1.30372e+07,0,0,0,0,59.4667,61.308,3.93064,1,1,1.69344,1.88973,0.0402817,1.30835,1.69344,9.11013e+06,4.00975e+06,1.54275e+07,0,0,0,0
94.8646,122.105,4.49258,0.73,0,2.97467,3.24234,0,0.557335,4.89888,4.38366e+06,2.99988e+06,1.304e+07,0,0,0,0,59.8691,61.308,4.45872,1,1,1.69344,1.89013,0.0406512,1.30835,1.69344,9.11013e+06,4.00975e+06,1.54275e+07,0,0,0,0
95.3415,122.105,3.70498,0.75,0,2.97531,3.24303,0,0.557454,4.89888,4.38366e+06,2.99988e+06,1.30427e+07,0,0,0,0,60.0195,61.308,3.60939,1,1,1.69344,1.89053,0.0410208,1.30835,1.69344,9.11013e+06,4.00975e+06,1.54275e+07,0,0,0,0
95.5732,122.105,3.34031,0.77,0,2.93493,3.19902,0,0.557573,4.89888,4.38366e+06,2.99988e+06,1.28657e+07,0,0,0,0,59.8778,61.308,2.78152,1,1,1.69344,1.86254,0.0153389,1.30835,1.69344,9.11013e+06,4.00975e+06,1.54275e+07,0,0,0,0
95.8837,122.105,3.46027,0.79,0,2.93555,3.1997,0,0.550005,4.89888,4.38366e+06,2.99988e+06,1.28685e+07,0,0,0,0,59.8331,61.308,3.13545,1,1,1.69344,1.86294,0.015703,1.30835,1.69344,9.11013e+06,4.00975e+06,1.54275e+07,0,0,0,0
95.9196,122.105,3.10764,0.78,0,2.93618,3.20038,0,0.550122,4.89888,4.38366e+06,2.99988e+06,1.28712e+07,0,0,0,0,59.9049,61.308,2.97402,1,1,1.69344,1.86333,0.0160672,1.30835,1.69344,9.11013e+06,4.00975e+06,1.54275e+07,0,0,0,0
95.8278,122.105,2.9211,0.77,0,2.9368,3.20106,0,0.55024,4.89888,4.38366e+06,2.99988e+06,1.28739e+07,0,0,0,0,59.8674,61.308,2.70279,1,1,1.69344,1.86373,0.0164315,1.30835,1.69344,9.11013e+06,4.00975e+06,1.54275e+07,0,0,0,0
95.4479,122.105,2.7151,0.77,0,3.07677,3.35363,0,0.550357,4.89888,4.38366e+06,2.99988e+06,1.34875e+07,0,0,0,0,59.7914,61.308,2.58322,1,1,1.69344,1.96491,0.10926,1.30835,1.69344,9.11013e+06,4.00975e+06,1.54275e+07,0,0,0,0
94.818,122.105,2.33873,0.76,0,3.07743,3.35434,0,0.576587,4.89888,4.38366e+06,2.99988e+06,1.34904e+07,0,0,0,0,59.5912,61.308,2.46613,1,1,1.69344,1.96533,0.109644,1.30835,1.69344,9.11013e+06,4.00975e+06,1.54275e+07,0,0,0,0
94.1707,122.105,2.33783,0.75,0,3.07808,3.35506,0,0.57671,4.89888,4.38366e+06,2.99988e+06,1.34933e+07,0,0,0,0,59.4494,61.308,2.48669,1,1,1.69344,1.96575,0.110028,1.30835,1.69344,9.11013e+06,4.00975e+06,1.54275e+07,0,0,0,0
93.4084,122.105,2.16845,0.7,0,3.07874,3.35577,0,0.576833,4.89888,4.38366e+06,2.99988e+06,1.34961e+07,0,0,0,0,59.2512,61.308,2.35769,1,1,1.69344,1.96617,0.110412,1.30835,1.69344,9.11013e+06,4.00975e+06,1.54275e+07,0,0,0,0
92.5683,122.105,2.04788,0.68,0,3.07939,3.35649,0,0.576955,4.89888,4.38366e+06,2.99988e+06,1.3499e+07,0,0,0,0,58.9767,61.308,2.27787,1,1,1.69344,1.96659,0.110796,1.30835,1.69344,9.11013e+06,4.00975e+06,1.54275e+07,0,0,0,0
91.7342,122.105,1.91163,0.63,0,3.05246,3.32713,0,0.577078,4.89888,4.38366e+06,2.99988e+06,1.3381e+07,0,0,0,0,58.5455,61.308,1.92151,1,1,1.69344,2.02246,0.162055,1.30835,1.69344,9.11013e+06,4.00975e+06,1.54275e+07,0,0,0,0
90.8497,122.105,1.84718,0.58,0,3.05311,3.32784,0,0.572032,4.89888,4.38366e+06,2.99988e+06,1.33838e+07,0,0,0,0,58.1042,61.308,1.76883,1,1,1.69344,2.02289,0.16245,1.30835,1.69344,9.11013e+06,4.00975e+06,1.54275e+07,0,0,0,0
89.8423,122.105,1.71029,0.54,0,3.05376,3.32855,0,0.572153,4.89888,4.38366e+06,2.99988e+06,1.33867e+07,0,0,0,0,57.4735,61.308,1.7768,1,1,1.69344,2.02332,0.162845,1.30835,1.69344,9.11013e+06,4.00975e+06,1.54275e+07,0,0,0,0
88.7249,122.105,1.57294,0.46,0,3.05441,3.32926,0,0.572275,4.89888,4.38366e+06,2.99988e+06,1.33895e+07,0,0,0,0,56.6329,61.308,1.56394,1,1,1.69344,2.02375,0.16324,1.30835,1.69344,9.11013e+06,4.00975e+06,1.54275e+07,0,0,0,0
87.365,122.105,1.31495,0.52,0,3.12636,3.40768,0,0.572397,4.89888,4.38366e+06,2.99988e+06,1.37049e+07,0,0,0,0,55.6645,61.308,1.28288,1,1,1.69344,2.07364,0.209014,1.30835,1.69344,9.11013e+06,4.00975e+06,1.54275e+07,0,0,0,0
86.0013,122.105,1.29973,0.46,0,3.12703,3.40841,0,0.58588,4.89888,4.38366e+06,2.99988e+06,1.37078e+07,0,0,0,0,54.7527,61.308,1.29331,1,1,1.69344,2.07408,0.209419,1.30835,1.69344,9.11013e+06,4.00975e+06,1.54275e+07,0,0,0,0
84.5616,122.105,1.17719,0.44,0,3.12769,3.40913,0,0.586005,4.89888,4.38366e+06,2.99988e+06,1.37107e+07,0,0,0,0,53.63,61.308,1.23662,1,1,1.69344,2.07453,0.209824,1.30835,1.69344,9.11013e+06,4.00975e+06,1.54275e+07,0,0,0,0
82.8918,122.105,1.06956,0.39,0,3.35356,3.40986,0,0.58613,4.89888,4.38366e+06,2.99988e+06,1.47009e+07,0,0,0,0,52.6788,61.308,1.07478,1,1,1.69344,2.07497,0.347267,1.30835,1.69344,9.11013e+06,4.00975e+06,1.54275e+07,0,0,0,0
81.1373,122.105,1.20076,0.36,0,3.57829,3.63836,0,0.628457,4.89888,4.38366e+06,2.99988e+06,1.5686e+07,0,0,0,0,51.2724,61.308,1.32808,1,1,1.69344,2.25409,0.523435,1.30835,1.69344,9.11013e+06,4.00975e+06,1.54275e+07,0,0,0,0
79.2197,122.105,0.707957,0.4,0,3.33871,3.63914,0,0.670571,4.89888,4.38366e+06,2.99988e+06,1.46358e+07,0,0,0,0,49.7115,61.308,0.647914,1,1,1.69344,2.25457,0.375007,1.30835,1.69344,9.11013e+06,4.00975e+06,1.54275e+07,0,0,0,0
77.3141,122.105,0.719162,0.4,0,3.33942,3.63991,0,0.625674,4.89888,4.38366e+06,2.99988e+06,1.46389e+07,0,0,0,0,48.227,61.308,0.621174,1,1,1.69344,2.25505,0.375447,1.30835,1.69344,9.11013e+06,4.00975e+06,1.54275e+07,0,0,0,0
75.6844,122.105,1.01954,0.4,0,3.34013,3.64069,0,0.625807,4.89888,4.38366e+06,2.99988e+06,1.4642e+07,0,0,0,0,46.8105,61.308,0.74378,1,1,1.69344,2.25553,0.375887,1.30835,1.69344,9.11013e+06,4.00975e+06,1.54275e+07,0,0,0,0
74.4017,122.105,1.41518,0.4,0,3.34084,3.64146,0,0.62594,4.89888,4.38366e+06,2.99988e+06,1.46451e+07,0,0,0,0,45.9439,61.308,0.842717,1,1,1.69344,2.25601,0.376328,1.30835,1.69344,9.11013e+06,4.00975e+06,1.54275e+07,0,0,0,0
72.8631,122.105,1.04785,0.4,0,3.2396,3.53111,0,0.626074,4.89888,4.38366e+06,2.99988e+06,1.42013e+07,0,0,0,0,44.9813,61.308,1.56738,1,1,1.69344,2.14792,0.277161,1.30835,1.69344,9.11013e+06,4.00975e+06,1.54275e+07,0,0,0,0
71.2342,122.105,0.913965,0.41,0,3.24029,3.53186,0,0.607101,4.89888,4.38366e+06,2.99988e+06,1.42043e+07,0,0,0,0,43.7329,61.308,0.955764,1,1,1.69344,2.14838,0.27758,1.30835,1.69344,9.11013e+06,4.00975e+06,1.54275e+07,0,0,0,0
69.4924,122.105,0.791321,0.42,0,3.24098,3.53261,0,0.60723,4.89888,4.38366e+06,2.99988e+06,1.42073e+07,0,0,0,0,42.6417,61.308,0.869777,1,1,1.69344,2.14884,0.278,1.30835,1.69344,9.11013e+06,4.00975e+06,1.54275e+07,0,0,0,0
68.4023,122.105,1.69969,0.43,0,3.24166,3.53336,0,0.607359,4.89888,4.38366e+06,2.99988e+06,1.42104e+07,0,0,0,0,42.1768,61.308,1.32641,1,1,1.69344,2.14929,0.278419,1.30835,1.69344,9.11013e+06,4.00975e+06,1.54275e+07,0,0,0,0
68.0495,122.105,2.40118,0.44,0,3.1586,3.44282,0,0.607488,4.89888,4.38366e+06,2.99988e+06,1.38462e+07,0,0,0,0,41.7677,61.308,1.74872,1,1,1.69344,2.05084,0.188094,1.30835,1.69344,9.11013e+06,4.00975e+06,1.54275e+07,0,0,0,0
66.3017,122.105,0.910929,0.45,0,3.15927,3.44355,0,0.591921,4.89888,4.38366e+06,2.99988e+06,1.38492e+07,0,0,0,0,41.3355,61.308,1.44539,1,1,1.69344,2.05128,0.188494,1.30835,1.69344,9.11013e+06,4.00975e+06,1.54275e+07,0,0,0,0
65.17,122.105,1.95345,0.26,0,3.38741,3.44428,0,0.592047,4.89888,4.38366e+06,2.99988e+06,1.48493e+07,0,0,0,0,41.2667,61.308,1.95098,1,1,1.69344,2.05171,0.324396,1.30835,1.69344,9.11013e+06,4.00975e+06,1.54275e+07,0,0,0,0
64.9201,122.105,3.07055,0.23,0,3.38813,3.44501,0,0.634801,4.89888,4.38366e+06,2.99988e+06,1.48524e+07,0,0,0,0,42.0354,61.308,3.63398,1,1,1.69344,2.05215,0.324825,1.30835,1.69344,9.11013e+06,4.00975e+06,1.54275e+07,0,0,0,0
64.0749,122.105,2.14756,0.29,0,3.13363,3.18624,0,0.634936,4.89888,4.38366e+06,2.99988e+06,1.37368e+07,0,0,0,0,42.3355,61.308,2.95684,1,1,1.69344,1.84641,0.122483,1.30835,1.69344,9.11013e+06,4.00975e+06,1.54275e+07,0,0,0,0
63.6124,122.105,2.37768,0.29,0,3.1343,3.18692,0,0.587243,4.89888,4.38366e+06,2.99988e+06,1.37397e+07,0,0,0,0,42.3188,61.308,2.058,1,1,1.69344,1.8468,0.122869,1.30835,1.69344,9.11013e+06,4.00975e+06,1.54275e+07,0,0,0,0
65.3713,122.105,4.90736,0.24,0,3.13497,3.1876,0,0.587368,4.89888,4.38366e+06,2.99988e+06,1.37426e+07,0,0,0,0,42.917,61.308,3.64293,1,1,1.69344,1.84719,0.123255,1.30835,1.69344,9.11013e+06,4.00975e+06,1.54275e+07,0,0,0,0
66.7702,122.105,4.63826,0,0,3.13563,3.18827,0,0.587493,4.89888,4.38366e+06,2.99988e+06,1.37455e+07,0,0,0,0,43.5692,61.308,3.209,1,1,1.69344,1.84759,0.123642,1.30835,1.69344,9.11013e+06,4.00975e+06,1.54275e+07,0,0,0,0
69.577,122.105,6.178,0,0,3.1363,3.18895,0,0.587617,4.89888,4.38366e+06,2.99988e+06,1.37485e+07,0,0,0,0,44.9089,61.308,4.77409,1,1,1.69344,1.84798,0.124028,1.30835,1.69344,9.11013e+06,4.00975e+06,1.54275e+07,0,0,0,0
70.0936,122.105,3.89947,0,0,3.23521,3.28953,0,0.587742,4.89888,4.38366e+06,2.99988e+06,1.41821e+07,0,0,0,0,45.1714,61.308,3.29767,1,1,1.69344,1.90812,0.183179,1.30835,1.69344,9.11013e+06,4.00975e+06,1.54275e+07,0,0,0,0
68.8803,122.105,1.66606,0,0,3.23587,3.29019,0,0.606279,4.89888,4.38366e+06,2.99988e+06,1.41849e+07,0,0,0,0,45.1109,61.308,2.17909,1,1,1.69344,1.90851,0.183557,1.30835,1.69344,9.11013e+06,4.00975e+06,1.54275e+07,0,0,0,0
68.8752,122.105,3.14328,0,0,3.23652,3.29085,0,0.606401,4.89888,4.38366e+06,2.99988e+06,1.41878e+07,0,0,0,0,45.1784,61.308,2.47777,1,1,1.69344,1.90889,0.183935,1.30835,1.69344,9.11013e+06,4.00975e+06,1.54275e+07,0,0,0,0
69.8164,122.105,4.223,0,0,3.23717,3.29152,0,0.606523,4.89888,4.38366e+06,2.99988e+06,1.41906e+07,0,0,0,0,45.4257,61.308,2.39439,1,1,1.69344,1.90928,0.184313,1.30835,1.69344,9.11013e+06,4.00975e+06,1.54275e+07,0,0,0,0
69.3746,122.105,3.06224,0,0,3.55363,3.61329,0,0.606646,4.89888,4.38366e+06,2.99988e+06,1.55779e+07,0,0,0,0,45.9334,61.308,2.74614,1,1,1.69344,2.1342,0.405519,1.30835,1.69344,9.11013e+06,4.00975e+06,1.54275e+07,0,0,0,0
70.5824,122.105,5.18921,0,0,3.55435,3.61402,0,0.66595,4.89888,4.38366e+06,2.99988e+06,1.5581e+07,0,0,0,0,47.4529,61.308,5.08086,1,1,1.69344,2.13463,0.405942,1.30835,1.69344,9.11013e+06,4.00975e+06,1.54275e+07,0,0,0,0
72.2988,122.105,5.74841,0,0,3.55506,3.61474,0,0.666084,4.89888,4.38366e+06,2.99988e+06,1.55842e+07,0,0,0,0,49.3007,61.308,5.70461,1,1,1.69344,2.13506,0.406364,1.30835,1.69344,9.11013e+06,4.00975e+06,1.54275e+07,0,0,0,0
74.1785,122.105,5.92683,0,0,3.55578,3.61547,0,0.666218,4.89888,4.38366e+06,2.99988e+06,1.55873e+07,0,0,0,0,50.7418,61.308,5.29933,1,1,1.69344,2.13549,0.406787,1.30835,1.69344,9.11013e+06,4.00975e+06,1.54275e+07,0,0,0,0
75.9613,122.105,5.29622,0,0,3.10568,3.15782,0,0.666353,4.89888,4.38366e+06,2.99988e+06,1.36143e+07,0,0,0,0,51.9934,61.308,4.91684,1,1,1.69344,1.83434,0.110617,1.30835,1.69344,9.11013e+06,4.00975e+06,1.54275e+07,0,0,0,0
81.9353,122.105,10.0999,0,0,3.10631,3.15846,0,0.582005,4.89888,4.38366e+06,2.99988e+06,1.3617e+07,0,0,0,0,55.3236,61.308,11.3637,1,1,1.69344,1.83471,0.11098,1.30835,1.69344,9.11013e+06,4.00975e+06,1.54275e+07,0,0,0,0
86.8309,122.105,8.7096,0,0,3.10693,3.15909,0,0.582122,4.89888,4.38366e+06,2.99988e+06,1.36197e+07,0,0,0,0,57.3045,61.308,7.5935,1,1,1.69344,1.83508,0.111343,1.30835,1.69344,9.11013e+06,4.00975e+06,1.54275e+07,0,0,0,0
89.9863,122.105,6.88722,0,0,3.10756,3.15973,0,0.58224,4.89888,4.38366e+06,2.99988e+06,1.36225e+07,0,0,0,0,58.6606,61.308,5.89159,1,1,1.69344,1.83545,0.111706,1.30835,1.69344,9.11013e+06,4.00975e+06,1.54275e+07,0,0,0,0
92.0172,122.105,5.62864,0,0,3.10818,3.16037,0,0.582357,4.89888,4.38366e+06,2.99988e+06,1.36252e+07,0,0,0,0,59.3097,61.308,4.37921,1,1,1.69344,1.83582,0.112069,1.30835,1.69344,9.11013e+06,4.00975e+06,1.54275e+07,0,0,0,0
97.1009,122.105,9.46165,0,0,3.2224,3.2765,0,0.582474,4.89888,4.38366e+06,2.99988e+06,1.41259e+07,0,0,0,0,61.7897,61.308,8.32722,1,1,1.69344,1.91004,0.185063,1.30835,1.69344,9.11013e+06,4.00975e+06,1.54275e+07,0,0,0,0
100.522,122.105,7.60296,0,0,3.22305,3.27716,0,0.603878,4.89888,4.38366e+06,2.99988e+06,1.41287e+07,0,0,0,0,62.3362,61.308,7.29982,1,1,1.69344,1.91042,0.185441,1.30835,1.69344,9.11013e+06,4.00975e+06,1.54275e+07,0,0,0,0
103.003,122.105,6.53753,0,0,3.2237,3.27782,0,0.603999,4.89888,4.38366e+06,2.99988e+06,1.41316e+07,0,0,0,0,62.3362,61.308,7.04041,1,1,1.69344,1.91081,0.185819,1.30835,1.69344,9.11013e+06,4.00975e+06,1.54275e+07,0,0,0,0
105.293,122.105,6.28162,0,0,3.22434,3.27847,0,0.604121,4.89888,4.38366e+06,2.99988e+06,1.41344e+07,0,0,0,0,62.3362,61.308,6.39471,1,1,1.69344,1.91119,0.186197,1.30835,1.69344,9.11013e+06,4.00975e+06,1.54275e+07,0,0,0,0
107.67,122.105,6.34793,0,0,3.18054,3.23394,0,0.604242,4.89888,4.38366e+06,2.99988e+06,1.39424e+07,0,0,0,0,62.3362,61.308,6.13706,1,1,1.69344,1.88287,0.158343,1.30835,1.69344,9.11013e+06,4.00975e+06,1.54275e+07,0,0,0,0
108.897,122.105,4.98741,0,0,3.18118,3.23459,0,0.596034,4.89888,4.38366e+06,2.99988e+06,1.39452e+07,0,0,0,0,62.3362,61.308,4.92861,1,1,1.69344,1.88325,0.158715,1.30835,1.69344,9.11013e+06,4.00975e+06,1.54275e+07,0,0,0,0
109.69,122.105,4.44201,0,0,3.18182,3.23524,0,0.596154,4.89888,4.38366e+06,2.99988e+06,1.3948e+07,0,0,0,0,62.3362,61.308,4.33479,1,1,1.69344,1.88363,0.159088,1.30835,1.69344,9.11013e+06,4.00975e+06,1.54275e+07,0,0,0,0
110.22,122.105,4.10081,0,0,3.18246,3.23589,0,0.596274,4.89888,4.38366e+06,2.99988e+06,1.39508e+07,0,0,0,0,62.3362,61.308,4.08383,1,1,1.69344,1.88401,0.15946,1.30835,1.69344,9.11013e+06,4.00975e+06,1.54275e+07,0,0,0,0
110.496,122.105,3.96992,0,0,3.3341,3.39007,0,0.596394,4.89888,4.38366e+06,2.99988e+06,1.46156e+07,0,0,0,0,62.3362,61.308,4.49131,1,1,1.69344,1.98627,0.260031,1.30835,1.69344,9.11013e+06,4.00975e+06,1.54275e+07,0,0,0,0
110.372,122.105,3.47054,0,0,3.33477,3.39075,0,0.62481,4.89888,4.38366e+06,2.99988e+06,1.46185e+07,0,0,0,0,62.3362,61.308,3.28026,1,1,1.69344,1.98666,0.260423,1.30835,1.69344,9.11013e+06,4.00975e+06,1.54275e+07,0,0,0,0
110.135,122.105,3.35754,0,0,3.33544,3.39144,0,0.624936,4.89888,4.38366e+06,2.99988e+06,1.46214e+07,0,0,0,0,62.3362,61.308,3.32981,1,1,1.69344,1.98706,0.260816,1.30835,1.69344,9.11013e+06,4.00975e+06,1.54275e+07,0,0,0,0
109.779,122.105,3.20764,0,0,3.33611,3.39212,0,0.625061,4.89888,4.38366e+06,2.99988e+06,1.46244e+07,0,0,0,0,62.3362,61.308,3.24359,1,1,1.69344,1.98746,0.261209,1.30835,1.69344,9.11013e+06,4.00975e+06,1.54275e+07,0,0,0,0
109.259,122.105,3.00436,0,0,3.33678,3.3928,0,0.625187,4.89888,4.38366e+06,2.99988e+06,1.46273e+07,0,0,0,0,62.3362,61.308,3.05035,1,1,1.69344,1.98786,0.261602,1.30835,1.69344,9.11013e+06,4.00975e+06,1.54275e+07,0,0,0,0
109.149,122.105,3.45322,0,0,3.30756,3.36309,0,0.625313,4.89888,4.38366e+06,2.99988e+06,1.44992e+07,0,0,0,0,62.3362,61.308,2.91712,1,1,1.69344,2.04431,0.31712,1.30835,1.69344,9.11013e+06,4.00975e+06,1.54275e+07,0,0,0,0
109.012,122.105,3.46228,0,0,3.30823,3.36376,0,0.619837,4.89888,4.38366e+06,2.99988e+06,1.45021e+07,0,0,0,0,62.3362,61.308,2.84161,1,1,1.69344,2.04472,0.317524,1.30835,1.69344,9.11013e+06,4.00975e+06,1.54275e+07,0,0,0,0
108.641,122.105,3.1906,0,0,3.30889,3.36444,0,0.619961,4.89888,4.38366e+06,2.99988e+06,1.4505e+07,0,0,0,0,62.2937,61.308,2.50092,1,1,1.69344,2.04514,0.317928,1.30835,1.69344,9.11013e+06,4.00975e+06,1.54275e+07,0,0,0,0
108.091,122.105,2.94807,0,0,3.30955,3.36512,0,0.620086,4.89888,4.38366e+06,2.99988e+06,1.4508e+07,0,0,0,0,62.1633,61.308,2.45797,1,1,1.69344,2.04555,0.318333,1.30835,1.69344,9.11013e+06,4.00975e+06,1.54275e+07,0,0,0,0
107.485,122.105,2.91169,0,0,3.38747,3.44434,0,0.620211,4.89888,4.38366e+06,2.99988e+06,1.48495e+07,0,0,0,0,61.9435,61.308,2.43095,1,1,1.69344,2.09595,0.367905,1.30835,1.69344,9.11013e+06,4.00975e+06,1.54275e+07,0,0,0,0
107.139,122.105,3.20325,0,0,3.38815,3.44503,0,0.634813,4.89888,4.38366e+06,2.99988e+06,1.48525e+07,0,0,0,0,61.7069,61.308,2.68889,1,1,1.69344,2.09637,0.368319,1.30835,1.69344,9.11013e+06,4.00975e+06,1.54275e+07,0,0,0,0
106.466,122.105,2.85233,0,0,3.38883,3.44573,0,0.63494,4.89888,4.38366e+06,2.99988e+06,1.48555e+07,0,0,0,0,61.4262,61.308,2.47982,1,1,1.69344,2.09679,0.368734,1.30835,1.69344,9.11013e+06,4.00975e+06,1.54275e+07,0,0,0,0
105.625,122.105,2.66606,0,0,3.38952,3.44642,0,0.635068,4.89888,4.38366e+06,2.99988e+06,1.48585e+07,0,0,0,0,61.1319,61.308,2.37402,1,1,1.69344,2.09721,0.369148,1.30835,1.69344,9.11013e+06,4.00975e+06,1.54275e+07,0,0,0,0
104.279,122.105,2.29164,0,0,3.61661,3.67733,0,0.635195,4.89888,4.38366e+06,2.99988e+06,1.5854e+07,0,0,0,0,60.8297,61.308,2.36002,1,1,1.69344,2.27823,0.547178,1.30835,1.69344,9.11013e+06,4.00975e+06,1.54275e+07,0,0,0,0
103.165,122.105,2.40685,0,0,3.61734,3.67807,0,0.677753,4.89888,4.38366e+06,2.99988e+06,1.58572e+07,0,0,0,0,60.4066,61.308,2.02379,1,1,1.69344,2.27869,0.547628,1.30835,1.69344,9.11013e+06,4.00975e+06,1.54275e+07,0,0,0,0
102.281,122.105,2.60214,0,0,3.61807,3.67881,0,0.677889,4.89888,4.38366e+06,2.99988e+06,1.58604e+07,0,0,0,0,60.0634,61.308,2.34015,1,1,1.69344,2.27915,0.548078,1.30835,1.69344,9.11013e+06,4.00975e+06,1.54275e+07,0,0,0,0
100.983,122.105,2.14057,0,0,3.61879,3.67954,0,0.678025,4.89888,4.38366e+06,2.99988e+06,1.58635e+07,0,0,0,0,59.5759,61.308,1.86644,1,1,1.69344,2.27961,0.548528,1.30835,1.69344,9.11013e+06,4.00975e+06,1.54275e+07,0,0,0,0
100.015,122.105,2.54021,0,0,3.61952,3.68028,0,0.678162,4.89888,4.38366e+06,2.99988e+06,1.58667e+07,0,0,0,0,59.3687,61.308,2.81956,1,1,1.69344,2.28006,0.548978,1.30835,1.69344,9.11013e+06,4.00975e+06,1.54275e+07,0,0,0,0
98.3959,122.105,1.73781,0,0,3.50979,3.56871,0,0.678298,4.89888,4.38366e+06,2.99988e+06,1.53857e+07,0,0,0,0,58.4317,61.308,1.73578,1,1,1.69344,2.1708,0.441514,1.30835,1.69344,9.11013e+06,4.00975e+06,1.54275e+07,0,0,0,0
96.3204,122.105,1.1854,0,0,3.51049,3.56943,0,0.657734,4.89888,4.38366e+06,2.99988e+06,1.53888e+07,0,0,0,0,57.2108,61.308,1.12758,1,1,1.69344,2.17123,0.441943,1.30835,1.69344,9.11013e+06,4.00975e+06,1.54275e+07,0,0,0,0
94.1085,122.105,1.07835,0,0,3.5112,3.57014,0,0.657866,4.89888,4.38366e+06,2.99988e+06,1.53919e+07,0,0,0,0,56.1255,61.308,0.980205,1,1,1.69344,2.17167,0.442371,1.30835,1.69344,9.11013e+06,4.00975e+06,1.54275e+07,0,0,0,0
92.281,122.105,1.51552,0,0,3.5119,3.57086,0,0.657998,4.89888,4.38366e+06,2.99988e+06,1.5395e+07,0,0,0,0,55.4686,61.308,1.20555,1,1,1.69344,2.1721,0.4428,1.30835,1.69344,9.11013e+06,4.00975e+06,1.54275e+07,0,0,0,0
93.3205,122.105,4.74876,0,0,3.42187,3.47931,0,0.65813,4.89888,4.38366e+06,2.99988e+06,1.50003e+07,0,0,0,0,54.737,61.308,2.01708,1,1,1.69344,2.07258,0.344921,1.30835,1.69344,9.11013e+06,4.00975e+06,1.54275e+07,0,0,0,0
91.743,122.105,1.71847,0,0,3.42255,3.48001,0,0.641258,4.89888,4.38366e+06,2.99988e+06,1.50033e+07,0,0,0,0,53.8599,61.308,1.18772,1,1,1.69344,2.073,0.34533,1.30835,1.69344,9.11013e+06,4.00975e+06,1.54275e+07,0,0,0,0
89.9661,122.105,1.46809,0,0,3.42324,3.48071,0,0.641387,4.89888,4.38366e+06,2.99988e+06,1.50063e+07,0,0,0,0,53.27,61.308,1.21126,1,1,1.69344,2.07341,0.345739,1.30835,1.69344,9.11013e+06,4.00975e+06,1.54275e+07,0,0,0,0
89.8493,122.105,3.68212,0,0,3.42393,3.48141,0,0.641515,4.89888,4.38366e+06,2.99988e+06,1.50093e+07,0,0,0,0,53.3429,61.308,3.73339,1,1,1.69344,2.07383,0.346148,1.30835,1.69344,9.11013e+06,4.00975e+06,1.54275e+07,0,0,0,0
90.3883,122.105,4.20792,0,0,3.1667,3.21987,0,0.641644,4.89888,4.38366e+06,2.99988e+06,1.38817e+07,0,0,0,0,53.7091,61.308,3.04834,1,1,1.69344,1.86589,0.141647,1.30835,1.69344,9.11013e+06,4.00975e+06,1.54275e+07,0,0,0,0
90.2294,122.105,3.63431,0,0,3.16734,3.22051,0,0.59344,4.89888,4.38366e+06,2.99988e+06,1.38845e+07,0,0,0,0,53.4875,61.308,2.71502,1,1,1.69344,1.86627,0.142015,1.30835,1.69344,9.11013e+06,4.00975e+06,1.54275e+07,0,0,0,0
88.8536,122.105,2.16171,0,0,3.16797,3.22116,0,0.593559,4.89888,4.38366e+06,2.99988e+06,1.38873e+07,0,0,0,0,52.9456,61.308,1.70225,1,1,1.69344,1.86664,0.142383,1.30835,1.69344,9.11013e+06,4.00975e+06,1.54275e+07,0,0,0,0
87.6073,122.105,2.11168,0,0,3.16861,3.2218,0,0.593678,4.89888,4.38366e+06,2.99988e+06,1.38901e+07,0,0,0,0,52.51,61.308,1.67063,1,1,1.69344,1.86702,0.142751,1.30835,1.69344,9.11013e+06,4.00975e+06,1.54275e+07,0,0,0,0
87.7946,122.105,4.13227,0,0,3.16924,3.22245,0,0.593797,4.89888,4.38366e+06,2.99988e+06,1.38929e+07,0,0,0,0,52.3488,61.308,3.08709,1,1,1.69344,1.86739,0.14312,1.30835,1.69344,9.11013e+06,4.00975e+06,1.54275e+07,0,0,0,0
92.0421,122.105,9.79455,0,0,3.16924,3.22245,0,0.593916,4.89888,4.38366e+06,2.99988e+06,1.38929e+07,0,0,0,0,54.4537,61.308,9.72631,1,1,1.69344,1.86739,0.14312,1.30835,1.69344,9.11013e+06,4.00975e+06,1.54275e+07,0,0,0,0
99.0668,122.105,13.0202,0,0,3.26916,3.32404,0,0.593916,4.89888,4.38366e+06,2.99988e+06,1.43309e+07,0,0,0,0,58.7901,61.308,14.8964,1,1,1.69344,1.92815,0.20287,1.30835,1.69344,9.11013e+06,4.00975e+06,1.54275e+07,0,0,0,0
102.862,122.105,8.36121,0,0,3.26978,3.32467,0,0.612641,4.89888,4.38366e+06,2.99988e+06,1.43336e+07,0,0,0,0,61.0459,61.308,8.22423,1,1,1.69344,1.92851,0.20323,1.30835,1.69344,9.11013e+06,4.00975e+06,1.54275e+07,0,0,0,0
105.972,122.105,7.55838,0,0,3.2704,3.3253,0,0.612757,4.89888,4.38366e+06,2.99988e+06,1.43363e+07,0,0,0,0,62.3362,61.308,6.68142,1,1,1.69344,1.92888,0.203589,1.30835,1.69344,9.11013e+06,4.00975e+06,1.54275e+07,0,0,0,0
108.8,122.105,7.35361,0,0,3.27102,3.32594,0,0.612873,4.89888,4.38366e+06,2.99988e+06,1.4339e+07,0,0,0,0,62.3362,61.308,8.0394,1,1,1.69344,1.92924,0.203949,1.30835,1.69344,9.11013e+06,4.00975e+06,1.54275e+07,0,0,0,0
114.231,122.105,11.1926,0,0,3.59075,3.65103,0,0.612989,4.89888,4.38366e+06,2.99988e+06,1.57406e+07,0,0,0,0,62.3362,61.308,14.6221,1,1,1.69344,2.15649,0.427443,1.30835,1.69344,9.11013e+06,4.00975e+06,1.54275e+07,0,0,0,0
120.842,122.105,13.5993,0,0,3.59143,3.65172,0,0.672906,4.89888,4.38366e+06,2.99988e+06,1.57436e+07,0,0,0,0,62.3362,61.308,19.2233,1,1,1.69344,2.1569,0.427845,1.30835,1.69344,9.11013e+06,4.00975e+06,1.54275e+07,0,0,0,0
122.105,122.105,11.6929,0,0,3.59211,3.65242,0,0.673034,4.89888,4.38366e+06,2.99988e+06,1.57466e+07,0,0,0,0,62.3362,61.308,15.3282,1,1,1.69344,2.15731,0.428247,1.30835,1.69344,9.11013e+06,4.00975e+06,1.54275e+07,0,0,0,0
122.105,122.105,9.04855,0,0,3.59279,3.65311,0,0.673162,4.89888,4.38366e+06,2.99988e+06,1.57496e+07,0,0,0,0,62.3362,61.308,10.6929,1,1,1.69344,2.15772,0.42865,1.30835,1.69344,9.11013e+06,4.00975e+06,1.54275e+07,0,0,0,0
122.105,122.105,12.9046,0,0,3.13798,3.19066,0,0.673289,4.89888,4.38366e+06,2.99988e+06,1.37558e+07,0,0,0,0,62.3362,61.308,15.6751,1,1,1.69344,1.85342,0.129375,1.30835,1.69344,9.11013e+06,4.00975e+06,1.54275e+07,0,0,0,0
122.105,122.105,13.7251,0,0,3.13857,3.19126,0,0.588057,4.89888,4.38366e+06,2.99988e+06,1.37584e+07,0,0,0,0,62.3362,61.308,15.1747,1,1,1.69344,1.85377,0.12972,1.30835,1.69344,9.11013e+06,4.00975e+06,1.54275e+07,0,0,0,0
122.105,122.105,23.4201,0,0,3.13917,3.19187,0,0.588168,4.89888,4.38366e+06,2.99988e+06,1.3761e+07,0,0,0,0,62.3362,61.308,25.1872,1,1,1.69344,1.85412,0.130066,1.30835,1.69344,9.11013e+06,4.00975e+06,1.54275e+07,0,0,0,0
122.105,122.105,14.8261,0.34,0,3.13976,3.19247,0,0.58828,4.89888,4.38366e+06,2.99988e+06,1.37636e+07,0,0,0,0,62.3362,61.308,13.7109,1,1,1.69344,1.85447,0.130411,1.30835,1.69344,9.11013e+06,4.00975e+06,1.54275e+07,0,0,0,0
122.105,122.105,13.527,0.43,0,2.92947,3.19308,0,0.588391,4.89888,4.38366e+06,2.99988e+06,1.28418e+07,0,0,0,0,62.3362,61.308,13.103,1,1,1.69344,1.85482,0.00825796,1.30835,1.69344,9.11013e+06,4.00975e+06,1.54275e+07,0,0,0,0
122.105,122.105,16.2511,0.45,0,3.03709,3.31037,0,0.548983,4.89888,4.38366e+06,2.99988e+06,1.33135e+07,0,0,0,0,62.3362,61.308,16.9923,1,1,1.69344,1.92979,0.0770342,1.30835,1.69344,9.11013e+06,4.00975e+06,1.54275e+07,0,0,0,0
122.105,122.105,16.1393,0.47,0,3.03766,3.311,0,0.56915,4.89888,4.38366e+06,2.99988e+06,1.33161e+07,0,0,0,0,62.3362,61.308,14.0279,1,1,1.69344,1.93015,0.0773695,1.30835,1.69344,9.11013e+06,4.00975e+06,1.54275e+07,0,0,0,0
122.105,122.105,12.5272,0.47,0,3.03824,3.31163,0,0.569258,4.89888,4.38366e+06,2.99988e+06,1.33186e+07,0,0,0,0,62.3362,61.308,12.0949,1,1,1.69344,1.93052,0.0777049,1.30835,1.69344,9.11013e+06,4.00975e+06,1.54275e+07,0,0,0,0
122.105,122.105,10.8763,0.46,0,3.03881,3.31225,0,0.569365,4.89888,4.38366e+06,2.99988e+06,1.33211e+07,0,0,0,0,62.3362,61.308,10.2966,1,1,1.69344,1.93088,0.0780403,1.30835,1.69344,9.11013e+06,4.00975e+06,1.54275e+07,0,0,0,0
122.105,122.105,9.4589,0.45,0,2.9975,3.26722,0,0.569473,4.89888,4.38366e+06,2.99988e+06,1.314e+07,0,0,0,0,62.3362,61.308,6.19199,1,1,1.69344,1.90225,0.0517689,1.30835,1.69344,9.11013e+06,4.00975e+06,1.54275e+07,0,0,0,0
122.105,122.105,7.18084,0.46,0,2.99806,3.26784,0,0.561731,4.89888,4.38366e+06,2.99988e+06,1.31425e+07,0,0,0,0,62.3362,61.308,6.9264,1,1,1.69344,1.90261,0.0520994,1.30835,1.69344,9.11013e+06,4.00975e+06,1.54275e+07,0,0,0,0
122.105,122.105,9.61471,0.41,0,2.99863,3.26846,0,0.561837,4.89888,4.38366e+06,2.99988e+06,1.3145e+07,0,0,0,0,62.3362,61.308,8.12824,1,1,1.69344,1.90297,0.05243,1.30835,1.69344,9.11013e+06,4.00975e+06,1.54275e+07,0,0,0,0
122.105,122.105,7.46905,0.38,0,3.2151,3.26908,0,0.561944,4.89888,4.38366e+06,2.99988e+06,1.40939e+07,0,0,0,0,62.3362,61.308,7.71156,1,1,1.69344,1.90333,0.178463,1.30835,1.69344,9.11013e+06,4.00975e+06,1.54275e+07,0,0,0,0
122.105,122.105,6.80053,0.34,0,3.36825,3.4248,0,0.60251,4.89888,4.38366e+06,2.99988e+06,1.47653e+07,0,0,0,0,62.3362,61.308,5.22253,1,1,1.69344,2.00661,0.280042,1.30835,1.69344,9.11013e+06,4.00975e+06,1.54275e+07,0,0,0,0
122.105,122.105,6.52198,0.33,0,3.36889,3.42545,0,0.631211,4.89888,4.38366e+06,2.99988e+06,1.47681e+07,0,0,0,0,62.3362,61.308,4.87476,1,1,1.69344,2.00699,0.280415,1.30835,1.69344,9.11013e+06,4.00975e+06,1.54275e+07,0,0,0,0
122.105,122.105,6.17976,0.3,0,3.36953,3.4261,0,0.63133,4.89888,4.38366e+06,2.99988e+06,1.47709e+07,0,0,0,0,62.3362,61.308,5.10348,1,1,1.69344,2.00737,0.280789,1.30835,1.69344,9.11013e+06,4.00975e+06,1.54275e+07,0,0,0,0
122.105,122.105,5.73738,0.28,0,3.37017,3.42675,0,0.63145,4.89888,4.38366e+06,2.99988e+06,1.47737e+07,0,0,0,0,62.3362,61.308,4.92361,1,1,1.69344,2.00775,0.281163,1.30835,1.69344,9.11013e+06,4.00975e+06,1.54275e+07,0,0,0,0
122.105,122.105,4.86308,0.28,0,3.3708,3.42739,0,0.631569,4.89888,4.38366e+06,2.99988e+06,1.47765e+07,0,0,0,0,62.3362,61.308,4.92756,1,1,1.69344,2.00813,0.281536,1.30835,1.69344,9.11013e+06,4.00975e+06,1.54275e+07,0,0,0,0
122.105,122.105,4.1604,0.28,0,3.34125,3.39734,0,0.631689,4.89888,4.38366e+06,2.99988e+06,1.46469e+07,0,0,0,0,62.3362,61.308,4.49904,1,1,1.69344,2.06513,0.337597,1.30835,1.69344,9.11013e+06,4.00975e+06,1.54275e+07,0,0,0,0
122.105,122.105,4.04459,0.28,0,3.34188,3.39798,0,0.62615,4.89888,4.38366e+06,2.99988e+06,1.46497e+07,0,0,0,0,62.3362,61.308,4.20471,1,1,1.69344,2.06553,0.337982,1.30835,1.69344,9.11013e+06,4.00975e+06,1.54275e+07,0,0,0,0
122.105,122.105,4.05812,0.25,0,3.34251,3.39863,0,0.626268,4.89888,4.38366e+06,2.99988e+06,1.46524e+07,0,0,0,0,62.3362,61.308,4.26012,1,1,1.69344,2.06592,0.338366,1.30835,1.69344,9.11013e+06,4.00975e+06,1.54275e+07,0,0,0,0
122.105,122.105,4.37571,0.27,0,3.34314,3.39927,0,0.626387,4.89888,4.38366e+06,2.99988e+06,1.46552e+07,0,0,0,0,62.3362,61.308,4.94297,1,1,1.69344,2.06631,0.338751,1.30835,1.69344,9.11013e+06,4.00975e+06,1.54275e+07,0,0,0,0
121.987,122.105,3.55653,0.25,0,3.42181,3.47926,0,0.626505,4.89888,4.38366e+06,2.99988e+06,1.50001e+07,0,0,0,0,62.3362,61.308,3.99041,1,1,1.69344,2.1172,0.388802,1.30835,1.69344,9.11013e+06,4.00975e+06,1.54275e+07,0,0,0,0
121.674,122.105,3.28042,0.3,0,3.42246,3.47992,0,0.641248,4.89888,4.38366e+06,2.99988e+06,1.50029e+07,0,0,0,0,62.3362,61.308,3.78353,1,1,1.69344,2.1176,0.389196,1.30835,1.69344,9.11013e+06,4.00975e+06,1.54275e+07,0,0,0,0
121.118,122.105,2.98776,0.29,0,3.42311,3.48058,0,0.641369,4.89888,4.38366e+06,2.99988e+06,1.50057e+07,0,0,0,0,62.3362,61.308,3.32157,1,1,1.69344,2.118,0.38959,1.30835,1.69344,9.11013e+06,4.00975e+06,1.54275e+07,0,0,0,0
120.898,122.105,3.49595,0.29,0,3.42376,3.48123,0,0.641491,4.89888,4.38366e+06,2.99988e+06,1.50086e+07,0,0,0,0,62.3362,61.308,4.31812,1,1,1.69344,2.1184,0.389984,1.30835,1.69344,9.11013e+06,4.00975e+06,1.54275e+07,0,0,0,0
120.271,122.105,3.2136,0.29,0,3.65311,3.71443,0,0.641612,4.89888,4.38366e+06,2.99988e+06,1.6014e+07,0,0,0,0,62.3362,61.308,3.78943,1,1,1.69344,2.30122,0.569786,1.30835,1.69344,9.11013e+06,4.00975e+06,1.54275e+07,0,0,0,0
119.707,122.105,3.22843,0.29,0,3.6538,3.71514,0,0.684592,4.89888,4.38366e+06,2.99988e+06,1.6017e+07,0,0,0,0,62.3362,61.308,3.94584,1,1,1.69344,2.30166,0.570214,1.30835,1.69344,9.11013e+06,4.00975e+06,1.54275e+07,0,0,0,0
118.677,122.105,2.74404,0.28,0,3.65449,3.71584,0,0.684721,4.89888,4.38366e+06,2.99988e+06,1.602e+07,0,0,0,0,62.3362,61.308,3.46872,1,1,1.69344,2.30209,0.570642,1.30835,1.69344,9.11013e+06,4.00975e+06,1.54275e+07,0,0,0,0
117.887,122.105,3.03015,0.28,0,3.65518,3.71654,0,0.684851,4.89888,4.38366e+06,2.99988e+06,1.60231e+07,0,0,0,0,62.3362,61.308,4.61664,1,1,1.69344,2.30253,0.57107,1.30835,1.69344,9.11013e+06,4.00975e+06,1.54275e+07,0,0,0,0
117.355,122.105,3.28606,0.28,0,3.65587,3.71724,0,0.68498,4.89888,4.38366e+06,2.99988e+06,1.60261e+07,0,0,0,0,62.3362,61.308,3.87427,1,1,1.69344,2.30296,0.571499,1.30835,1.69344,9.11013e+06,4.00975e+06,1.54275e+07,0,0,0,0
117.4,122.105,3.81998,0.28,0,3.54499,3.60451,0,0.68511,4.89888,4.38366e+06,2.99988e+06,1.554e+07,0,0,0,0,62.282,61.308,4.11108,1,1,1.69344,2.19257,0.46293,1.30835,1.69344,9.11013e+06,4.00975e+06,1.54275e+07,0,0,0,0
117.442,122.105,3.89221,0.28,0,3.54566,3.60519,0,0.664332,4.89888,4.38366e+06,2.99988e+06,1.5543e+07,0,0,0,0,62.3362,61.308,4.27931,1,1,1.69344,2.19299,0.463338,1.30835,1.69344,9.11013e+06,4.00975e+06,1.54275e+07,0,0,0,0
117.72,122.105,4.23356,0.28,0,3.54634,3.60587,0,0.664458,4.89888,4.38366e+06,2.99988e+06,1.55459e+07,0,0,0,0,62.3362,61.308,4.56904,1,1,1.69344,2.1934,0.463745,1.30835,1.69344,9.11013e+06,4.00975e+06,1.54275e+07,0,0,0,0
118.29,122.105,5.01025,0.28,0,3.54701,3.60655,0,0.664583,4.89888,4.38366e+06,2.99988e+06,1.55489e+07,0,0,0,0,62.3362,61.308,5.85072,1,1,1.69344,2.19382,0.464153,1.30835,1.69344,9.11013e+06,4.00975e+06,1.54275e+07,0,0,0,0
117.924,122.105,3.42086,0.28,0,3.45603,3.51405,0,0.664709,4.89888,4.38366e+06,2.99988e+06,1.51501e+07,0,0,0,0,62.3362,61.308,3.43788,1,1,1.69344,2.09327,0.365272,1.30835,1.69344,9.11013e+06,4.00975e+06,1.54275e+07,0,0,0,0
116.946,122.105,2.71999,0.26,0,3.45668,3.51472,0,0.64766,4.89888,4.38366e+06,2.99988e+06,1.51529e+07,0,0,0,0,62.3362,61.308,3.27415,1,1,1.69344,2.09367,0.365661,1.30835,1.69344,9.11013e+06,4.00975e+06,1.54275e+07,0,0,0,0
116.717,122.105,3.51634,0.26,0,3.45734,3.51538,0,0.647783,4.89888,4.38366e+06,2.99988e+06,1.51558e+07,0,0,0,0,62.3362,61.308,3.8917,1,1,1.69344,2.09406,0.36605,1.30835,1.69344,9.11013e+06,4.00975e+06,1.54275e+07,0,0,0,0
122.105,122.105,13.4057,0.27,0,3.45799,3.51604,0,0.647905,4.89888,4.38366e+06,2.99988e+06,1.51587e+07,0,0,0,0,62.3362,61.308,6.50299,1,1,1.69344,2.09446,0.366439,1.30835,1.69344,9.11013e+06,4.00975e+06,1.54275e+07,0,0,0,0
122.105,122.105,8.41093,0.25,0,3.19817,3.25186,0,0.648028,4.89888,4.38366e+06,2.99988e+06,1.40197e+07,0,0,0,0,62.3362,61.308,4.9275,1,1,1.69344,1.88444,0.159881,1.30835,1.69344,9.11013e+06,4.00975e+06,1.54275e+07,0,0,0,0
122.105,122.105,7.55377,0.25,0,3.19877,3.25247,0,0.599337,4.89888,4.38366e+06,2.99988e+06,1.40223e+07,0,0,0,0,62.3362,61.308,4.42581,1,1,1.69344,1.88479,0.160232,1.30835,1.69344,9.11013e+06,4.00975e+06,1.54275e+07,0,0,0,0
122.105,122.105,13.3654,0.25,0,3.19938,3.25309,0,0.59945,4.89888,4.38366e+06,2.99988e+06,1.4025e+07,0,0,0,0,62.3362,61.308,10.1606,1,1,1.69344,1.88515,0.160582,1.30835,1.69344,9.11013e+06,4.00975e+06,1.54275e+07,0,0,0,0
122.105,122.105,9.58539,0.28,0,3.19998,3.2537,0,0.599563,4.89888,4.38366e+06,2.99988e+06,1.40276e+07,0,0,0,0,62.3362,61.308,5.89758,1,1,1.69344,1.8855,0.160932,1.30835,1.69344,9.11013e+06,4.00975e+06,1.54275e+07,0,0,0,0
122.105,122.105,7.43879,0.26,0,3.20059,3.25432,0,0.599677,4.89888,4.38366e+06,2.99988e+06,1.40303e+07,0,0,0,0,62.3362,61.308,4.91818,1,1,1.69344,1.88586,0.161283,1.30835,1.69344,9.11013e+06,4.00975e+06,1.54275e+07,0,0,0,0
122.105,122.105,5.30672,0.27,0,3.30145,3.35688,0,0.59979,4.89888,4.38366e+06,2.99988e+06,1.44724e+07,0,0,0,0,62.3362,61.308,3.56216,1,1,1.69344,1.94719,0.221602,1.30835,1.69344,9.11013e+06,4.00975e+06,1.54275e+07,0,0,0,0
122.105,122.105,4.80502,0.27,0,3.30204,3.35748,0,0.618693,4.89888,4.38366e+06,2.99988e+06,1.4475e+07,0,0,0,0,62.2928,61.308,2.87143,1,1,1.69344,1.94754,0.221943,1.30835,1.69344,9.11013e+06,4.00975e+06,1.54275e+07,0,0,0,0
122.039,122.105,3.64954,0.28,0,3.30263,3.35807,0,0.618803,4.89888,4.38366e+06,2.99988e+06,1.44776e+07,0,0,0,0,61.9165,61.308,2.27259,1,1,1.69344,1.94789,0.222284,1.30835,1.69344,9.11013e+06,4.00975e+06,1.54275e+07,0,0,0,0
121.861,122.105,3.20931,0.4,0,3.0814,3.35867,0,0.618913,4.89888,4.38366e+06,2.99988e+06,1.35078e+07,0,0,0,0,61.6512,61.308,1.97504,1,1,1.69344,1.94823,0.0939568,1.30835,1.69344,9.11013e+06,4.00975e+06,1.54275e+07,0,0,0,0
122.105,122.105,4.58908,0.41,0,3.38255,3.68693,0,0.577454,4.89888,4.38366e+06,2.99988e+06,1.4828e+07,0,0,0,0,61.5704,61.308,2.68788,1,1,1.69344,2.17769,0.304472,1.30835,1.69344,9.11013e+06,4.00975e+06,1.54275e+07,0,0,0,0
122.105,122.105,5.16327,0.36,0,3.6267,3.68758,0,0.633891,4.89888,4.38366e+06,2.99988e+06,1.58982e+07,0,0,0,0,61.4607,61.308,2.97113,1,1,1.69344,2.17808,0.448676,1.30835,1.69344,9.11013e+06,4.00975e+06,1.54275e+07,0,0,0,0
122.105,122.105,5.29898,0.36,0,3.62734,3.68824,0,0.679643,4.89888,4.38366e+06,2.99988e+06,1.5901e+07,0,0,0,0,61.3677,61.308,2.86975,1,1,1.69344,2.17847,0.449057,1.30835,1.69344,9.11013e+06,4.00975e+06,1.54275e+07,0,0,0,0
122.105,122.105,5.84377,0.37,0,3.62799,3.68889,0,0.679764,4.89888,4.38366e+06,2.99988e+06,1.59039e+07,0,0,0,0,61.3009,61.308,3.15773,1,1,1.69344,2.17885,0.449438,1.30835,1.69344,9.11013e+06,4.00975e+06,1.54275e+07,0,0,0,0
122.105,122.105,5.81558,0.37,0,3.16868,3.22188,0,0.679885,4.89888,4.38366e+06,2.99988e+06,1.38904e+07,0,0,0,0,61.5367,61.308,4.2496,1,1,1.69344,1.87155,0.147211,1.30835,1.69344,9.11013e+06,4.00975e+06,1.54275e+07,0,0,0,0
122.105,122.105,6.08402,0.4,0,2.95642,3.22245,0,0.593811,4.89888,4.38366e+06,2.99988e+06,1.29599e+07,0,0,0,0,62.0179,61.308,4.76862,1,1,1.69344,1.87188,0.0239125,1.30835,1.69344,9.11013e+06,4.00975e+06,1.54275e+07,0,0,0,0
122.105,122.105,5.45127,0.4,0,2.95695,3.22302,0,0.554034,4.89888,4.38366e+06,2.99988e+06,1.29623e+07,0,0,0,0,62.312,61.308,4.04992,1,1,1.69344,1.87222,0.024218,1.30835,1.69344,9.11013e+06,4.00975e+06,1.54275e+07,0,0,0,0
122.105,122.105,6.22618,0.42,0,2.95748,3.2236,0,0.554132,4.89888,4.38366e+06,2.99988e+06,1.29646e+07,0,0,0,0,62.3362,61.308,3.91656,1,1,1.69344,1.87255,0.0245236,1.30835,1.69344,9.11013e+06,4.00975e+06,1.54275e+07,0,0,0,0
122.105,122.105,5.44662,0.46,0,2.958,3.22417,0,0.554231,4.89888,4.38366e+06,2.99988e+06,1.29669e+07,0,0,0,0,62.3362,61.308,3.70153,1,1,1.69344,1.87288,0.0248293,1.30835,1.69344,9.11013e+06,4.00975e+06,1.54275e+07,0,0,0,0
122.105,122.105,3.97909,0.47,0,3.06663,3.34257,0,0.554329,4.89888,4.38366e+06,2.99988e+06,1.3443e+07,0,0,0,0,62.3362,61.308,3.15809,1,1,1.69344,1.94856,0.0942546,1.30835,1.69344,9.11013e+06,4.00975e+06,1.54275e+07,0,0,0,0
122.105,122.105,4.30114,0.48,0,3.06717,3.34316,0,0.574686,4.89888,4.38366e+06,2.99988e+06,1.34454e+07,0,0,0,0,62.3362,61.308,3.16291,1,1,1.69344,1.9489,0.0945726,1.30835,1.69344,9.11013e+06,4.00975e+06,1.54275e+07,0,0,0,0
122.017,122.105,3.45682,0.49,0,3.06772,3.34376,0,0.574788,4.89888,4.38366e+06,2.99988e+06,1.34478e+07,0,0,0,0,62.2756,61.308,2.85675,1,1,1.69344,1.94925,0.0948907,1.30835,1.69344,9.11013e+06,4.00975e+06,1.54275e+07,0,0,0,0
121.857,122.105,3.31383,0.62,0,3.06826,3.34435,0,0.57489,4.89888,4.38366e+06,2.99988e+06,1.34502e+07,0,0,0,0,62.098,61.308,3.06079,1,1,1.69344,1.9496,0.0952087,1.30835,1.69344,9.11013e+06,4.00975e+06,1.54275e+07,0,0,0,0
121.208,122.105,2.74742,0.62,0,3.02651,3.29885,0,0.574992,4.89888,4.38366e+06,2.99988e+06,1.32672e+07,0,0,0,0,61.9117,61.308,2.46102,1,1,1.69344,1.92066,0.0686624,1.30835,1.69344,9.11013e+06,4.00975e+06,1.54275e+07,0,0,0,0
120.475,122.105,2.52423,0.59,0,3.02705,3.29943,0,0.567168,4.89888,4.38366e+06,2.99988e+06,1.32696e+07,0,0,0,0,61.5849,61.308,2.22143,1,1,1.69344,1.921,0.0689757,1.30835,1.69344,9.11013e+06,4.00975e+06,1.54275e+07,0,0,0,0
119.69,122.105,2.51346,0.57,0,3.02759,3.30002,0,0.567269,4.89888,4.38366e+06,2.99988e+06,1.32719e+07,0,0,0,0,61.317,61.308,2.46145,1,1,1.69344,1.92134,0.0692891,1.30835,1.69344,9.11013e+06,4.00975e+06,1.54275e+07,0,0,0,0
118.844,122.105,2.3964,0.54,0,3.02813,3.30061,0,0.56737,4.89888,4.38366e+06,2.99988e+06,1.32743e+07,0,0,0,0,61.052,61.308,2.24153,1,1,1.69344,1.92169,0.0696026,1.30835,1.69344,9.11013e+06,4.00975e+06,1.54275e+07,0,0,0,0
117.794,122.105,2.2494,0.5,0,3.17234,3.45779,0,0.567471,4.89888,4.38366e+06,2.99988e+06,1.39064e+07,0,0,0,0,60.7042,61.308,2.17659,1,1,1.69344,2.02594,0.165252,1.30835,1.69344,9.11013e+06,4.00975e+06,1.54275e+07,0,0,0,0
116.559,122.105,2.00551,0.47,0,3.1729,3.45841,0,0.594496,4.89888,4.38366e+06,2.99988e+06,1.39089e+07,0,0,0,0,60.3212,61.308,2.05996,1,1,1.69344,2.0263,0.165583,1.30835,1.69344,9.11013e+06,4.00975e+06,1.54275e+07,0,0,0,0
115.263,122.105,1.9092,0.41,0,3.17346,3.45902,0,0.594602,4.89888,4.38366e+06,2.99988e+06,1.39114e+07,0,0,0,0,59.8501,61.308,1.8904,1,1,1.69344,2.02666,0.165913,1.30835,1.69344,9.11013e+06,4.00975e+06,1.54275e+07,0,0,0,0
113.614,122.105,1.71864,0.39,0,3.40252,3.45964,0,0.594707,4.89888,4.38366e+06,2.99988e+06,1.49155e+07,0,0,0,0,59.2196,61.308,1.7261,1,1,1.69344,2.02702,0.300116,1.30835,1.69344,9.11013e+06,4.00975e+06,1.54275e+07,0,0,0,0
112.146,122.105,1.5989,0.46,0,3.17459,3.46025,0,0.637631,4.89888,4.38366e+06,2.99988e+06,1.39163e+07,0,0,0,0,58.3598,61.308,1.58072,1,1,1.69344,2.02738,0.166575,1.30835,1.69344,9.11013e+06,4.00975e+06,1.54275e+07,0,0,0,0
110.645,122.105,1.4977,0.45,0,3.14672,3.42987,0,0.594919,4.89888,4.38366e+06,2.99988e+06,1.37941e+07,0,0,0,0,57.5307,61.308,1.37778,1,1,1.69344,2.08491,0.21935,1.30835,1.69344,9.11013e+06,4.00975e+06,1.54275e+07,0,0,0,0
108.861,122.105,1.38825,0.39,0,3.37384,3.43048,0,0.589695,4.89888,4.38366e+06,2.99988e+06,1.47898e+07,0,0,0,0,56.5481,61.308,1.38634,1,1,1.69344,2.08528,0.357409,1.30835,1.69344,9.11013e+06,4.00975e+06,1.54275e+07,0,0,0,0
106.994,122.105,1.27758,0.38,0,3.37444,3.43109,0,0.632258,4.89888,4.38366e+06,2.99988e+06,1.47924e+07,0,0,0,0,55.5425,61.308,1.21582,1,1,1.69344,2.08565,0.357774,1.30835,1.69344,9.11013e+06,4.00975e+06,1.54275e+07,0,0,0,0
105.076,122.105,1.17865,0.37,0,3.37504,3.4317,0,0.63237,4.89888,4.38366e+06,2.99988e+06,1.4795e+07,0,0,0,0,54.5672,61.308,1.19752,1,1,1.69344,2.08602,0.358138,1.30835,1.69344,9.11013e+06,4.00975e+06,1.54275e+07,0,0,0,0
103.175,122.105,1.23573,0.39,0,3.45442,3.51241,0,0.632482,4.89888,4.38366e+06,2.99988e+06,1.5143e+07,0,0,0,0,53.6601,61.308,1.3443,1,1,1.69344,2.13737,0.408643,1.30835,1.69344,9.11013e+06,4.00975e+06,1.54275e+07,0,0,0,0
101.248,122.105,1.19316,0.38,0,3.45503,3.51304,0,0.647358,4.89888,4.38366e+06,2.99988e+06,1.51457e+07,0,0,0,0,52.6906,61.308,1.3544,1,1,1.69344,2.13775,0.409017,1.30835,1.69344,9.11013e+06,4.00975e+06,1.54275e+07,0,0,0,0
99.2176,122.105,1.0595,0.38,0,3.45565,3.51366,0,0.647473,4.89888,4.38366e+06,2.99988e+06,1.51484e+07,0,0,0,0,51.6626,61.308,1.2426,1,1,1.69344,2.13813,0.40939,1.30835,1.69344,9.11013e+06,4.00975e+06,1.54275e+07,0,0,0,0
97.147,122.105,0.989503,0.37,0,3.45626,3.51428,0,0.647588,4.89888,4.38366e+06,2.99988e+06,1.51511e+07,0,0,0,0,50.6225,61.308,1.19762,1,1,1.69344,2.13851,0.409764,1.30835,1.69344,9.11013e+06,4.00975e+06,1.54275e+07,0,0,0,0
94.9282,122.105,1.02666,0.39,0,3.68774,3.74966,0,0.647703,4.89888,4.38366e+06,2.99988e+06,1.61658e+07,0,0,0,0,49.6659,61.308,1.20005,1,1,1.69344,2.32304,0.591246,1.30835,1.69344,9.11013e+06,4.00975e+06,1.54275e+07,0,0,0,0
92.8661,122.105,1.1605,0.37,0,3.6884,3.75032,0,0.691083,4.89888,4.38366e+06,2.99988e+06,1.61687e+07,0,0,0,0,48.7171,61.308,1.30514,1,1,1.69344,2.32345,0.591652,1.30835,1.69344,9.11013e+06,4.00975e+06,1.54275e+07,0,0,0,0
90.7221,122.105,1.06234,0.38,0,3.68906,3.75099,0,0.691206,4.89888,4.38366e+06,2.99988e+06,1.61716e+07,0,0,0,0,47.8065,61.308,1.25062,1,1,1.69344,2.32387,0.592058,1.30835,1.69344,9.11013e+06,4.00975e+06,1.54275e+07,0,0,0,0
88.6255,122.105,1.07449,0.36,0,3.68971,3.75165,0,0.691329,4.89888,4.38366e+06,2.99988e+06,1.61744e+07,0,0,0,0,47.1911,61.308,1.35547,1,1,1.69344,2.32428,0.592464,1.30835,1.69344,9.11013e+06,4.00975e+06,1.54275e+07,0,0,0,0
86.797,122.105,1.15028,0.4,0,3.44255,3.75232,0,0.691452,4.89888,4.38366e+06,2.99988e+06,1.5091e+07,0,0,0,0,46.6686,61.308,1.59184,1,1,1.69344,2.32469,0.439339,1.30835,1.69344,9.11013e+06,4.00975e+06,1.54275e+07,0,0,0,0
85.6028,122.105,1.73308,0.41,0,3.33811,3.63848,0,0.645134,4.89888,4.38366e+06,2.99988e+06,1.46331e+07,0,0,0,0,46.0122,61.308,2.27893,1,1,1.69344,2.21323,0.337082,1.30835,1.69344,9.11013e+06,4.00975e+06,1.54275e+07,0,0,0,0
83.671,122.105,0.825983,0.42,0,3.3387,3.63912,0,0.625561,4.89888,4.38366e+06,2.99988e+06,1.46357e+07,0,0,0,0,45.1086,61.308,1.20192,1,1,1.69344,2.21363,0.337443,1.30835,1.69344,9.11013e+06,4.00975e+06,1.54275e+07,0,0,0,0
81.9088,122.105,1.00752,0.42,0,3.33929,3.63977,0,0.625672,4.89888,4.38366e+06,2.99988e+06,1.46383e+07,0,0,0,0,44.6877,61.308,1.33834,1,1,1.69344,2.21402,0.337804,1.30835,1.69344,9.11013e+06,4.00975e+06,1.54275e+07,0,0,0,0
81.4961,122.105,2.6222,0.43,0,3.33988,3.64042,0,0.625783,4.89888,4.38366e+06,2.99988e+06,1.46409e+07,0,0,0,0,44.4972,61.308,2.96466,1,1,1.69344,2.21441,0.338164,1.30835,1.69344,9.11013e+06,4.00975e+06,1.54275e+07,0,0,0,0
80.8162,122.105,2.1839,0.44,0,3.25418,3.54701,0,0.625894,4.89888,4.38366e+06,2.99988e+06,1.42652e+07,0,0,0,0,44.3226,61.308,1.76779,1,1,1.69344,2.1129,0.245035,1.30835,1.69344,9.11013e+06,4.00975e+06,1.54275e+07,0,0,0,0
81.1413,122.105,3.29021,0.52,0,3.25476,3.54764,0,0.609834,4.89888,4.38366e+06,2.99988e+06,1.42678e+07,0,0,0,0,44.6825,61.308,3.2339,1,1,1.69344,2.11328,0.245379,1.30835,1.69344,9.11013e+06,4.00975e+06,1.54275e+07,0,0,0,0
80.3745,122.105,2.18939,0.52,0,3.25534,3.54827,0,0.609942,4.89888,4.38366e+06,2.99988e+06,1.42703e+07,0,0,0,0,44.6564,61.308,2.45954,1,1,1.69344,2.11365,0.245723,1.30835,1.69344,9.11013e+06,4.00975e+06,1.54275e+07,0,0,0,0
82.9954,122.105,5.94039,0.52,0,3.25592,3.54889,0,0.610051,4.89888,4.38366e+06,2.99988e+06,1.42728e+07,0,0,0,0,44.8901,61.308,2.98206,1,1,1.69344,2.11403,0.246067,1.30835,1.69344,9.11013e+06,4.00975e+06,1.54275e+07,0,0,0,0
83.9172,122.105,3.80052,0.45,0,3.01124,3.28221,0,0.610159,4.89888,4.38366e+06,2.99988e+06,1.32003e+07,0,0,0,0,44.6251,61.308,2.69529,1,1,1.69344,1.90202,0.0515597,1.30835,1.69344,9.11013e+06,4.00975e+06,1.54275e+07,0,0,0,0
82.8488,122.105,1.63849,0.49,0,3.01178,3.28279,0,0.564307,4.89888,4.38366e+06,2.99988e+06,1.32026e+07,0,0,0,0,44.1193,61.308,2.04244,1,1,1.69344,1.90236,0.0518694,1.30835,1.69344,9.11013e+06,4.00975e+06,1.54275e+07,0,0,0,0
82.6649,122.105,2.63623,0.52,0,3.01231,3.28337,0,0.564407,4.89888,4.38366e+06,2.99988e+06,1.3205e+07,0,0,0,0,43.7381,61.308,2.98002,1,1,1.69344,1.9027,0.0521792,1.30835,1.69344,9.11013e+06,4.00975e+06,1.54275e+07,0,0,0,0
88.0261,122.105,8.89754,0.56,0,3.01285,3.28395,0,0.564508,4.89888,4.38366e+06,2.99988e+06,1.32073e+07,0,0,0,0,44.7833,61.308,4.15168,1,1,1.69344,1.90303,0.0524889,1.30835,1.69344,9.11013e+06,4.00975e+06,1.54275e+07,0,0,0,0
92.6767,122.105,8.12936,0.58,0,3.01338,3.28454,0,0.564608,4.89888,4.38366e+06,2.99988e+06,1.32096e+07,0,0,0,0,46.3364,61.308,4.69816,1,1,1.69344,1.90337,0.0527987,1.30835,1.69344,9.11013e+06,4.00975e+06,1.54275e+07,0,0,0,0
95.5386,122.105,6.15067,0.55,0,3.10831,3.38801,0,0.564708,4.89888,4.38366e+06,2.99988e+06,1.36258e+07,0,0,0,0,46.8787,61.308,4.09342,1,1,1.69344,1.96525,0.109569,1.30835,1.69344,9.11013e+06,4.00975e+06,1.54275e+07,0,0,0,0
99.7944,122.105,7.75537,0.58,0,3.10883,3.38857,0,0.582498,4.89888,4.38366e+06,2.99988e+06,1.36281e+07,0,0,0,0,47.7784,61.308,5.14037,1,1,1.69344,1.96558,0.109869,1.30835,1.69344,9.11013e+06,4.00975e+06,1.54275e+07,0,0,0,0
102.736,122.105,6.35823,0.54,0,3.10935,3.38914,0,0.582595,4.89888,4.38366e+06,2.99988e+06,1.36303e+07,0,0,0,0,48.2353,61.308,3.7105,1,1,1.69344,1.9659,0.11017,1.30835,1.69344,9.11013e+06,4.00975e+06,1.54275e+07,0,0,0,0
103.665,122.105,4.32479,0.55,0,3.10987,3.3897,0,0.582692,4.89888,4.38366e+06,2.99988e+06,1.36326e+07,0,0,0,0,48.6852,61.308,3.70452,1,1,1.69344,1.96623,0.11047,1.30835,1.69344,9.11013e+06,4.00975e+06,1.54275e+07,0,0,0,0
104.879,122.105,4.90492,0.55,0,3.41376,3.72094,0,0.582789,4.89888,4.38366e+06,2.99988e+06,1.49648e+07,0,0,0,0,49.1257,61.308,4.37585,1,1,1.69344,2.19778,0.322907,1.30835,1.69344,9.11013e+06,4.00975e+06,1.54275e+07,0,0,0,0
105.781,122.105,4.52973,0.55,0,3.41433,3.72156,0,0.639739,4.89888,4.38366e+06,2.99988e+06,1.49673e+07,0,0,0,0,49.2736,61.308,2.7038,1,1,1.69344,2.19815,0.323242,1.30835,1.69344,9.11013e+06,4.00975e+06,1.54275e+07,0,0,0,0
107.065,122.105,4.96114,0.58,0,3.4149,3.72218,0,0.639846,4.89888,4.38366e+06,2.99988e+06,1.49698e+07,0,0,0,0,49.1197,61.308,2.64546,1,1,1.69344,2.19852,0.323578,1.30835,1.69344,9.11013e+06,4.00975e+06,1.54275e+07,0,0,0,0
107.318,122.105,3.88085,0.5,0,3.41547,3.7228,0,0.639952,4.89888,4.38366e+06,2.99988e+06,1.49722e+07,0,0,0,0,49.0962,61.308,2.17499,1,1,1.69344,2.19888,0.323914,1.30835,1.69344,9.11013e+06,4.00975e+06,1.54275e+07,0,0,0,0
109.208,122.105,5.28025,0.53,0,2.98303,3.25146,0,0.640059,4.89888,4.38366e+06,2.99988e+06,1.30766e+07,0,0,0,0,49.1589,61.308,3.5461,1,1,1.69344,1.88873,0.03937,1.30835,1.69344,9.11013e+06,4.00975e+06,1.54275e+07,0,0,0,0
109.635,122.105,3.91607,0.58,0,2.98353,3.252,0,0.55902,4.89888,4.38366e+06,2.99988e+06,1.30788e+07,0,0,0,0,49.1956,61.308,2.30723,1,1,1.69344,1.88905,0.0396583,1.30835,1.69344,9.11013e+06,4.00975e+06,1.54275e+07,0,0,0,0
109.327,122.105,2.89782,0.61,0,2.98403,3.25254,0,0.559113,4.89888,4.38366e+06,2.99988e+06,1.30809e+07,0,0,0,0,49.0327,61.308,2.31611,1,1,1.69344,1.88936,0.0399467,1.30835,1.69344,9.11013e+06,4.00975e+06,1.54275e+07,0,0,0,0
110.034,122.105,3.90194,0.65,0,2.98452,3.25308,0,0.559206,4.89888,4.38366e+06,2.99988e+06,1.30831e+07,0,0,0,0,49.1698,61.308,2.44364,1,1,1.69344,1.88968,0.0402351,1.30835,1.69344,9.11013e+06,4.00975e+06,1.54275e+07,0,0,0,0
110.286,122.105,3.45916,0.68,0,2.98502,3.25362,0,0.5593,4.89888,4.38366e+06,2.99988e+06,1.30853e+07,0,0,0,0,49.2246,61.308,2.87709,1,1,1.69344,1.88999,0.0405236,1.30835,1.69344,9.11013e+06,4.00975e+06,1.54275e+07,0,0,0,0
110.84,122.105,4.0669,0.71,0,3.0946,3.37306,0,0.559393,4.89888,4.38366e+06,2.99988e+06,1.35657e+07,0,0,0,0,49.2964,61.308,3.72829,1,1,1.69344,1.96633,0.110562,1.30835,1.69344,9.11013e+06,4.00975e+06,1.54275e+07,0,0,0,0
110.618,122.105,3.23745,0.73,0,3.09511,3.37362,0,0.579928,4.89888,4.38366e+06,2.99988e+06,1.35679e+07,0,0,0,0,49.0354,61.308,2.28988,1,1,1.69344,1.96666,0.110862,1.30835,1.69344,9.11013e+06,4.00975e+06,1.54275e+07,0,0,0,0
110.186,122.105,2.85692,0.73,0,3.09563,3.37418,0,0.580025,4.89888,4.38366e+06,2.99988e+06,1.35702e+07,0,0,0,0,48.5617,61.308,2.03447,1,1,1.69344,1.96699,0.111162,1.30835,1.69344,9.11013e+06,4.00975e+06,1.54275e+07,0,0,0,0
109.682,122.105,2.719,0.74,0,3.09614,3.37474,0,0.580121,4.89888,4.38366e+06,2.99988e+06,1.35724e+07,0,0,0,0,48.357,61.308,1.91136,1,1,1.69344,1.96731,0.111463,1.30835,1.69344,9.11013e+06,4.00975e+06,1.54275e+07,0,0,0,0
109.651,122.105,3.28777,0.75,0,3.05398,3.32879,0,0.580217,4.89888,4.38366e+06,2.99988e+06,1.33876e+07,0,0,0,0,48.6155,61.308,3.43678,1,1,1.69344,1.93809,0.0846546,1.30835,1.69344,9.11013e+06,4.00975e+06,1.54275e+07,0,0,0,0
109.29,122.105,2.88186,0.71,0,3.05449,3.32934,0,0.572316,4.89888,4.38366e+06,2.99988e+06,1.33898e+07,0,0,0,0,48.7147,61.308,3.09951,1,1,1.69344,1.93841,0.0849502,1.30835,1.69344,9.11013e+06,4.00975e+06,1.54275e+07,0,0,0,0
108.486,122.105,2.34183,0.7,0,3.055,3.32989,0,0.572411,4.89888,4.38366e+06,2.99988e+06,1.33921e+07,0,0,0,0,48.6787,61.308,2.5829,1,1,1.69344,1.93874,0.0852461,1.30835,1.69344,9.11013e+06,4.00975e+06,1.54275e+07,0,0,0,0
107.516,122.105,2.05303,0.69,0,3.0555,3.33045,0,0.572506,4.89888,4.38366e+06,2.99988e+06,1.33943e+07,0,0,0,0,48.5694,61.308,2.28893,1,1,1.69344,1.93906,0.0855418,1.30835,1.69344,9.11013e+06,4.00975e+06,1.54275e+07,0,0,0,0
106.504,122.105,2.13848,0.63,0,3.20098,3.48901,0,0.572601,4.89888,4.38366e+06,2.99988e+06,1.4032e+07,0,0,0,0,48.5503,61.308,2.66682,1,1,1.69344,2.04424,0.182035,1.30835,1.69344,9.11013e+06,4.00975e+06,1.54275e+07,0,0,0,0
105.314,122.105,2.14952,0.35,0,3.43198,3.48959,0,0.599864,4.89888,4.38366e+06,2.99988e+06,1.50446e+07,0,0,0,0,48.5834,61.308,2.88658,1,1,1.69344,2.04458,0.317378,1.30835,1.69344,9.11013e+06,4.00975e+06,1.54275e+07,0,0,0,0
104.271,122.105,2.06857,0.69,0,3.20204,3.49017,0,0.643152,4.89888,4.38366e+06,2.99988e+06,1.40367e+07,0,0,0,0,48.5445,61.308,2.60709,1,1,1.69344,2.04492,0.182658,1.30835,1.69344,9.11013e+06,4.00975e+06,1.54275e+07,0,0,0,0
102.871,122.105,1.85237,0.36,0,3.43312,3.49075,0,0.600063,4.89888,4.38366e+06,2.99988e+06,1.50496e+07,0,0,0,0,48.442,61.308,2.45581,1,1,1.69344,2.04526,0.318046,1.30835,1.69344,9.11013e+06,4.00975e+06,1.54275e+07,0,0,0,0
101.531,122.105,1.84873,0.31,0,3.43369,3.49133,0,0.643366,4.89888,4.38366e+06,2.99988e+06,1.50521e+07,0,0,0,0,48.0873,61.308,2.21485,1,1,1.69344,2.0456,0.318381,1.30835,1.69344,9.11013e+06,4.00975e+06,1.54275e+07,0,0,0,0
100.459,122.105,2.06978,0,0,3.4035,3.46064,0,0.643473,4.89888,4.38366e+06,2.99988e+06,1.49198e+07,0,0,0,0,47.8168,61.308,1.89675,1,1,1.69344,2.10361,0.37544,1.30835,1.69344,9.11013e+06,4.00975e+06,1.54275e+07,0,0,0,0
99.3553,122.105,2.02974,0,0,3.40407,3.46122,0,0.637816,4.89888,4.38366e+06,2.99988e+06,1.49223e+07,0,0,0,0,47.4384,61.308,1.84551,1,1,1.69344,2.10396,0.375784,1.30835,1.69344,9.11013e+06,4.00975e+06,1.54275e+07,0,0,0,0
98.1628,122.105,1.89726,0,0,3.40463,3.46179,0,0.637922,4.89888,4.38366e+06,2.99988e+06,1.49247e+07,0,0,0,0,47.0085,61.308,1.7695,1,1,1.69344,2.10431,0.376128,1.30835,1.69344,9.11013e+06,4.00975e+06,1.54275e+07,0,0,0,0
96.7976,122.105,1.69907,0,0,3.4052,3.46237,0,0.638028,4.89888,4.38366e+06,2.99988e+06,1.49272e+07,0,0,0,0,46.5186,61.308,1.72711,1,1,1.69344,2.10466,0.376472,1.30835,1.69344,9.11013e+06,4.00975e+06,1.54275e+07,0,0,0,0
95.5881,122.105,1.87438,0,0,3.48525,3.54376,0,0.638134,4.89888,4.38366e+06,2.99988e+06,1.52781e+07,0,0,0,0,45.7598,61.308,1.57359,1,1,1.69344,2.15645,0.427403,1.30835,1.69344,9.11013e+06,4.00975e+06,1.54275e+07,0,0,0,0
94.2959,122.105,1.75801,0,0,3.48583,3.54435,0,0.653136,4.89888,4.38366e+06,2.99988e+06,1.52807e+07,0,0,0,0,44.9736,61.308,1.4208,1,1,1.69344,2.15681,0.427756,1.30835,1.69344,9.11013e+06,4.00975e+06,1.54275e+07,0,0,0,0
92.838,122.105,1.56387,0,0,3.48641,3.54494,0,0.653244,4.89888,4.38366e+06,2.99988e+06,1.52832e+07,0,0,0,0,44.164,61.308,1.40262,1,1,1.69344,2.15717,0.428108,1.30835,1.69344,9.11013e+06,4.00975e+06,1.54275e+07,0,0,0,0
91.183,122.105,1.34407,0,0,3.48699,3.54553,0,0.653353,4.89888,4.38366e+06,2.99988e+06,1.52858e+07,0,0,0,0,43.2136,61.308,1.37326,1,1,1.69344,2.15752,0.428461,1.30835,1.69344,9.11013e+06,4.00975e+06,1.54275e+07,0,0,0,0
89.3596,122.105,1.31729,0,0,3.72049,3.78295,0,0.653461,4.89888,4.38366e+06,2.99988e+06,1.63093e+07,0,0,0,0,42.1016,61.308,1.1553,1,1,1.69344,2.34367,0.61153,1.30835,1.69344,9.11013e+06,4.00975e+06,1.54275e+07,0,0,0,0
87.7458,122.105,1.46889,0,0,3.7211,3.78357,0,0.697219,4.89888,4.38366e+06,2.99988e+06,1.6312e+07,0,0,0,0,40.934,61.308,1.05894,1,1,1.69344,2.34406,0.611913,1.30835,1.69344,9.11013e+06,4.00975e+06,1.54275e+07,0,0,0,0
85.9991,122.105,1.31698,0,0,3.72172,3.7842,0,0.697335,4.89888,4.38366e+06,2.99988e+06,1.63148e+07,0,0,0,0,39.7925,61.308,1.01535,1,1,1.69344,2.34445,0.612296,1.30835,1.69344,9.11013e+06,4.00975e+06,1.54275e+07,0,0,0,0
84.2894,122.105,1.33811,0,0,3.72234,3.78483,0,0.697451,4.89888,4.38366e+06,2.99988e+06,1.63175e+07,0,0,0,0,38.8713,61.308,1.10661,1,1,1.69344,2.34483,0.612679,1.30835,1.69344,9.11013e+06,4.00975e+06,1.54275e+07,0,0,0,0
82.6477,122.105,1.42212,0,0,3.72296,3.78546,0,0.697566,4.89888,4.38366e+06,2.99988e+06,1.63202e+07,0,0,0,0,37.8175,61.308,1.27817,1,1,1.69344,2.34522,0.613062,1.30835,1.69344,9.11013e+06,4.00975e+06,1.54275e+07,0,0,0,0
81.2082,122.105,1.40212,0,0,3.60997,3.67057,0,0.697682,4.89888,4.38366e+06,2.99988e+06,1.58249e+07,0,0,0,0,36.8928,61.308,1.15676,1,1,1.69344,2.23276,0.502451,1.30835,1.69344,9.11013e+06,4.00975e+06,1.54275e+07,0,0,0,0
79.6758,122.105,1.39605,0,0,3.61057,3.67118,0,0.676508,4.89888,4.38366e+06,2.99988e+06,1.58275e+07,0,0,0,0,36.1616,61.308,1.37075,1,1,1.69344,2.23313,0.502816,1.30835,1.69344,9.11013e+06,4.00975e+06,1.54275e+07,0,0,0,0
78.2401,122.105,1.51899,0,0,3.61117,3.67179,0,0.67662,4.89888,4.38366e+06,2.99988e+06,1.58301e+07,0,0,0,0,35.594,61.308,1.51209,1,1,1.69344,2.2335,0.503181,1.30835,1.69344,9.11013e+06,4.00975e+06,1.54275e+07,0,0,0,0
76.8297,122.105,1.57573,0,0,3.61176,3.6724,0,0.676732,4.89888,4.38366e+06,2.99988e+06,1.58327e+07,0,0,0,0,34.999,61.308,1.58476,1,1,1.69344,2.23387,0.503545,1.30835,1.69344,9.11013e+06,4.00975e+06,1.54275e+07,0,0,0,0
75.1713,122.105,1.29414,0,0,3.51905,3.57813,0,0.676845,4.89888,4.38366e+06,2.99988e+06,1.54263e+07,0,0,0,0,34.4021,61.308,1.37462,1,1,1.69344,2.13144,0.40281,1.30835,1.69344,9.11013e+06,4.00975e+06,1.54275e+07,0,0,0,0
73.2101,122.105,0.998875,0,0,3.51963,3.57872,0,0.65947,4.89888,4.38366e+06,2.99988e+06,1.54289e+07,0,0,0,0,33.9962,61.308,1.41869,1,1,1.69344,2.1318,0.403159,1.30835,1.69344,9.11013e+06,4.00975e+06,1.54275e+07,0,0,0,0
72.9064,122.105,2.98735,0,0,3.52022,3.57931,0,0.659579,4.89888,4.38366e+06,2.99988e+06,1.54314e+07,0,0,0,0,34.5353,61.308,4.53804,1,1,1.69344,2.13215,0.403506,1.30835,1.69344,9.11013e+06,4.00975e+06,1.54275e+07,0,0,0,0
72.1444,122.105,2.4273,0,0,3.5208,3.57991,0,0.659689,4.89888,4.38366e+06,2.99988e+06,1.5434e+07,0,0,0,0,34.89,61.308,2.55252,1,1,1.69344,2.1325,0.403855,1.30835,1.69344,9.11013e+06,4.00975e+06,1.54275e+07,0,0,0,0
71.6473,122.105,2.41978,0,0,3.25619,3.31085,0,0.659798,4.89888,4.38366e+06,2.99988e+06,1.4274e+07,0,0,0,0,35.0066,61.308,2.60768,1,1,1.69344,1.91862,0.193502,1.30835,1.69344,9.11013e+06,4.00975e+06,1.54275e+07,0,0,0,0
71.423,122.105,2.87613,0,0,3.25673,3.3114,0,0.610209,4.89888,4.38366e+06,2.99988e+06,1.42764e+07,0,0,0,0,35.0941,61.308,2.69575,1,1,1.69344,1.91894,0.193815,1.30835,1.69344,9.11013e+06,4.00975e+06,1.54275e+07,0,0,0,0
71.4963,122.105,3.07603,0,0,3.25727,3.31195,0,0.61031,4.89888,4.38366e+06,2.99988e+06,1.42787e+07,0,0,0,0,35.1865,61.308,2.81808,1,1,1.69344,1.91926,0.194128,1.30835,1.69344,9.11013e+06,4.00975e+06,1.54275e+07,0,0,0,0
71.8323,122.105,3.55214,0,0,3.25781,3.3125,0,0.610412,4.89888,4.38366e+06,2.99988e+06,1.42811e+07,0,0,0,0,35.2267,61.308,2.82687,1,1,1.69344,1.91958,0.194442,1.30835,1.69344,9.11013e+06,4.00975e+06,1.54275e+07,0,0,0,0
77.1425,122.105,9.0123,0,0,3.25835,3.31305,0,0.610513,4.89888,4.38366e+06,2.99988e+06,1.42835e+07,0,0,0,0,36.1083,61.308,4.63389,1,1,1.69344,1.91989,0.194755,1.30835,1.69344,9.11013e+06,4.00975e+06,1.54275e+07,0,0,0,0
79.8534,122.105,6.40579,0,0,3.36096,3.41738,0,0.610614,4.89888,4.38366e+06,2.99988e+06,1.47333e+07,0,0,0,0,36.7276,61.308,3.53275,1,1,1.69344,1.98229,0.256118,1.30835,1.69344,9.11013e+06,4.00975e+06,1.54275e+07,0,0,0,0
80.2632,122.105,3.75579,0,0,3.36148,3.41791,0,0.629844,4.89888,4.38366e+06,2.99988e+06,1.47356e+07,0,0,0,0,36.8015,61.308,2.56573,1,1,1.69344,1.98259,0.256421,1.30835,1.69344,9.11013e+06,4.00975e+06,1.54275e+07,0,0,0,0
80.0079,122.105,3.01799,0,0,3.362,3.41844,0,0.629941,4.89888,4.38366e+06,2.99988e+06,1.47379e+07,0,0,0,0,36.8416,61.308,2.3438,1,1,1.69344,1.9829,0.256723,1.30835,1.69344,9.11013e+06,4.00975e+06,1.54275e+07,0,0,0,0
80.729,122.105,4.18411,0,0,3.36252,3.41897,0,0.630039,4.89888,4.38366e+06,2.99988e+06,1.47401e+07,0,0,0,0,37.084,61.308,2.90129,1,1,1.69344,1.98321,0.257025,1.30835,1.69344,9.11013e+06,4.00975e+06,1.54275e+07,0,0,0,0
80.9469,122.105,3.89946,0,0,3.69107,3.75303,0,0.630137,4.89888,4.38366e+06,2.99988e+06,1.61804e+07,0,0,0,0,37.4189,61.308,3.13931,1,1,1.69344,2.21674,0.486697,1.30835,1.69344,9.11013e+06,4.00975e+06,1.54275e+07,0,0,0,0
81.0983,122.105,3.90822,0,0,3.69164,3.75362,0,0.691706,4.89888,4.38366e+06,2.99988e+06,1.61829e+07,0,0,0,0,37.6954,61.308,3.14204,1,1,1.69344,2.21708,0.487035,1.30835,1.69344,9.11013e+06,4.00975e+06,1.54275e+07,0,0,0,0
80.6596,122.105,3.20283,0,0,3.69221,3.7542,0,0.691813,4.89888,4.38366e+06,2.99988e+06,1.61854e+07,0,0,0,0,37.995,61.308,2.81998,1,1,1.69344,2.21742,0.487373,1.30835,1.69344,9.11013e+06,4.00975e+06,1.54275e+07,0,0,0,0
82.0428,122.105,5.82643,0,0,3.69279,3.75478,0,0.691921,4.89888,4.38366e+06,2.99988e+06,1.61879e+07,0,0,0,0,38.8877,61.308,4.05478,1,1,1.69344,2.21777,0.487711,1.30835,1.69344,9.11013e+06,4.00975e+06,1.54275e+07,0,0,0,0
83.1797,122.105,4.74112,0,0,3.2252,3.27935,0,0.692028,4.89888,4.38366e+06,2.99988e+06,1.41382e+07,0,0,0,0,39.4573,61.308,3.34151,1,1,1.69344,1.90493,0.180043,1.30835,1.69344,9.11013e+06,4.00975e+06,1.54275e+07,0,0,0,0
84.2014,122.105,4.74766,0,0,3.2257,3.27985,0,0.604403,4.89888,4.38366e+06,2.99988e+06,1.41404e+07,0,0,0,0,40.1125,61.308,3.75427,1,1,1.69344,1.90523,0.180333,1.30835,1.69344,9.11013e+06,4.00975e+06,1.54275e+07,0,0,0,0
84.8121,122.105,4.04244,0,0,3.2262,3.28036,0,0.604496,4.89888,4.38366e+06,2.99988e+06,1.41426e+07,0,0,0,0,40.365,61.308,2.6588,1,1,1.69344,1.90553,0.180624,1.30835,1.69344,9.11013e+06,4.00975e+06,1.54275e+07,0,0,0,0
85.4996,122.105,4.05919,0,0,3.2267,3.28087,0,0.60459,4.89888,4.38366e+06,2.99988e+06,1.41448e+07,0,0,0,0,40.5841,61.308,2.59392,1,1,1.69344,1.90582,0.180914,1.30835,1.69344,9.11013e+06,4.00975e+06,1.54275e+07,0,0,0,0
86.5226,122.105,4.51265,0,0,3.2272,3.28138,0,0.604684,4.89888,4.38366e+06,2.99988e+06,1.41469e+07,0,0,0,0,40.88,61.308,2.83562,1,1,1.69344,1.90612,0.181205,1.30835,1.69344,9.11013e+06,4.00975e+06,1.54275e+07,0,0,0,0
88.1644,122.105,5.43903,0,0,3.34564,3.4018,0,0.604778,4.89888,4.38366e+06,2.99988e+06,1.46661e+07,0,0,0,0,41.267,61.308,3.31493,1,1,1.69344,1.98309,0.256904,1.30835,1.69344,9.11013e+06,4.00975e+06,1.54275e+07,0,0,0,0
88.3994,122.105,3.9094,0,0,3.34615,3.40233,0,0.626972,4.89888,4.38366e+06,2.99988e+06,1.46684e+07,0,0,0,0,41.4513,61.308,2.65062,1,1,1.69344,1.98339,0.257206,1.30835,1.69344,9.11013e+06,4.00975e+06,1.54275e+07,0,0,0,0
88.7775,122.105,4.03665,0,0,3.34667,3.40286,0,0.627069,4.89888,4.38366e+06,2.99988e+06,1.46707e+07,0,0,0,0,41.5604,61.308,2.62862,1,1,1.69344,1.9837,0.257508,1.30835,1.69344,9.11013e+06,4.00975e+06,1.54275e+07,0,0,0,0
88.6553,122.105,3.42114,0,0,3.34719,3.40338,0,0.627166,4.89888,4.38366e+06,2.99988e+06,1.46729e+07,0,0,0,0,41.5386,61.308,2.32598,1,1,1.69344,1.98401,0.257811,1.30835,1.69344,9.11013e+06,4.00975e+06,1.54275e+07,0,0,0,0
88.4863,122.105,3.12779,0,0,3.30157,3.357,0,0.627264,4.89888,4.38366e+06,2.99988e+06,1.4473e+07,0,0,0,0,41.3384,61.308,2.33583,1,1,1.69344,1.95452,0.228807,1.30835,1.69344,9.11013e+06,4.00975e+06,1.54275e+07,0,0,0,0
87.9746,122.105,2.72568,0,0,3.30208,3.35752,0,0.618714,4.89888,4.38366e+06,2.99988e+06,1.44752e+07,0,0,0,0,41.0982,61.308,2.141,1,1,1.69344,1.95482,0.229105,1.30835,1.69344,9.11013e+06,4.00975e+06,1.54275e+07,0,0,0,0
87.3571,122.105,2.50459,0,0,3.30259,3.35804,0,0.61881,4.89888,4.38366e+06,2.99988e+06,1.44774e+07,0,0,0,0,40.8487,61.308,1.92061,1,1,1.69344,1.95512,0.229403,1.30835,1.69344,9.11013e+06,4.00975e+06,1.54275e+07,0,0,0,0
86.6937,122.105,2.49753,0,0,3.3031,3.35856,0,0.618906,4.89888,4.38366e+06,2.99988e+06,1.44797e+07,0,0,0,0,40.5121,61.308,2.12701,1,1,1.69344,1.95543,0.229701,1.30835,1.69344,9.11013e+06,4.00975e+06,1.54275e+07,0,0,0,0
85.8673,122.105,2.37851,0,0,3.46033,3.51842,0,0.619002,4.89888,4.38366e+06,2.99988e+06,1.51689e+07,0,0,0,0,40.1513,61.308,1.91886,1,1,1.69344,2.06147,0.33399,1.30835,1.69344,9.11013e+06,4.00975e+06,1.54275e+07,0,0,0,0
85.0086,122.105,2.30144,0,0,3.46087,3.51897,0,0.648466,4.89888,4.38366e+06,2.99988e+06,1.51713e+07,0,0,0,0,39.8305,61.308,1.97196,1,1,1.69344,2.06179,0.334304,1.30835,1.69344,9.11013e+06,4.00975e+06,1.54275e+07,0,0,0,0
83.9183,122.105,2.0102,0,0,3.4614,3.51951,0,0.648566,4.89888,4.38366e+06,2.99988e+06,1.51736e+07,0,0,0,0,39.3731,61.308,1.74778,1,1,1.69344,2.06211,0.334618,1.30835,1.69344,9.11013e+06,4.00975e+06,1.54275e+07,0,0,0,0
82.6555,122.105,1.81235,0,0,3.46194,3.52006,0,0.648667,4.89888,4.38366e+06,2.99988e+06,1.5176e+07,0,0,0,0,38.9154,61.308,1.6348,1,1,1.69344,2.06242,0.334932,1.30835,1.69344,9.11013e+06,4.00975e+06,1.54275e+07,0,0,0,0
81.3166,122.105,1.70694,0,0,3.46248,3.5206,0,0.648767,4.89888,4.38366e+06,2.99988e+06,1.51783e+07,0,0,0,0,38.6209,61.308,1.69935,1,1,1.69344,2.06274,0.335247,1.30835,1.69344,9.11013e+06,4.00975e+06,1.54275e+07,0,0,0,0
80.1194,122.105,1.84148,0,0,3.432,3.48961,0,0.648868,4.89888,4.38366e+06,2.99988e+06,1.50447e+07,0,0,0,0,38.4714,61.308,2.4518,1,1,1.69344,2.12122,0.39276,1.30835,1.69344,9.11013e+06,4.00975e+06,1.54275e+07,0,0,0,0
78.7882,122.105,1.68285,0,0,3.43253,3.49015,0,0.643156,4.89888,4.38366e+06,2.99988e+06,1.5047e+07,0,0,0,0,38.275,61.308,2.18176,1,1,1.69344,2.12155,0.393084,1.30835,1.69344,9.11013e+06,4.00975e+06,1.54275e+07,0,0,0,0
77.4156,122.105,1.59729,0,0,3.43306,3.49069,0,0.643256,4.89888,4.38366e+06,2.99988e+06,1.50494e+07,0,0,0,0,37.9921,61.308,2.15678,1,1,1.69344,2.12188,0.393407,1.30835,1.69344,9.11013e+06,4.00975e+06,1.54275e+07,0,0,0,0
75.9097,122.105,1.44341,0,0,3.43359,3.49123,0,0.643355,4.89888,4.38366e+06,2.99988e+06,1.50517e+07,0,0,0,0,37.6634,61.308,2.07618,1,1,1.69344,2.12221,0.39373,1.30835,1.69344,9.11013e+06,4.00975e+06,1.54275e+07,0,0,0,0
74.3962,122.105,1.48268,0,0,3.51427,3.57327,0,0.643455,4.89888,4.38366e+06,2.99988e+06,1.54053e+07,0,0,0,0,37.2691,61.308,1.99512,1,1,1.69344,2.1744,0.445062,1.30835,1.69344,9.11013e+06,4.00975e+06,1.54275e+07,0,0,0,0
72.8071,122.105,1.39681,0,0,3.51481,3.57382,0,0.658574,4.89888,4.38366e+06,2.99988e+06,1.54077e+07,0,0,0,0,36.8282,61.308,1.89687,1,1,1.69344,2.17474,0.445393,1.30835,1.69344,9.11013e+06,4.00975e+06,1.54275e+07,0,0,0,0
71.1219,122.105,1.27815,0,0,3.51536,3.57437,0,0.658676,4.89888,4.38366e+06,2.99988e+06,1.54101e+07,0,0,0,0,36.3694,61.308,1.74278,1,1,1.69344,2.17508,0.445724,1.30835,1.69344,9.11013e+06,4.00975e+06,1.54275e+07,0,0,0,0
69.3144,122.105,1.14621,0,0,3.5159,3.57493,0,0.658778,4.89888,4.38366e+06,2.99988e+06,1.54125e+07,0,0,0,0,35.8961,61.308,1.72672,1,1,1.69344,2.17541,0.446056,1.30835,1.69344,9.11013e+06,4.00975e+06,1.54275e+07,0,0,0,0
67.2152,122.105,1.06737,0,0,3.75129,3.81427,0,0.65888,4.89888,4.38366e+06,2.99988e+06,1.64444e+07,0,0,0,0,35.413,61.308,1.66513,1,1,1.69344,2.36307,0.630617,1.30835,1.69344,9.11013e+06,4.00975e+06,1.54275e+07,0,0,0,0
65.2564,122.105,1.21067,0,0,3.75187,3.81486,0,0.702992,4.89888,4.38366e+06,2.99988e+06,1.64469e+07,0,0,0,0,34.7592,61.308,1.95171,1,1,1.69344,2.36344,0.630977,1.30835,1.69344,9.11013e+06,4.00975e+06,1.54275e+07,0,0,0,0
63.1331,122.105,1.00199,0,0,3.75245,3.81545,0,0.703101,4.89888,4.38366e+06,2.99988e+06,1.64495e+07,0,0,0,0,34.1938,61.308,1.35444,1,1,1.69344,2.3638,0.631336,1.30835,1.69344,9.11013e+06,4.00975e+06,1.54275e+07,0,0,0,0
61.2001,122.105,1.28377,0,0,3.75304,3.81604,0,0.70321,4.89888,4.38366e+06,2.99988e+06,1.6452e+07,0,0,0,0,33.8748,61.308,2.5952,1,1,1.69344,2.36417,0.631696,1.30835,1.69344,9.11013e+06,4.00975e+06,1.54275e+07,0,0,0,0
59.1126,122.105,1.1176,0,0,3.75362,3.81663,0,0.703319,4.89888,4.38366e+06,2.99988e+06,1.64546e+07,0,0,0,0,33.4336,61.308,1.82376,1,1,1.69344,2.36454,0.632056,1.30835,1.69344,9.11013e+06,4.00975e+06,1.54275e+07,0,0,0,0
57.2328,122.105,1.15009,0,0,3.63965,3.70076,0,0.703428,4.89888,4.38366e+06,2.99988e+06,1.5955e+07,0,0,0,0,33.1172,61.308,2.38328,1,1,1.69344,2.25112,0.520509,1.30835,1.69344,9.11013e+06,4.00975e+06,1.54275e+07,0,0,0,0
55.2007,122.105,0.976768,0,0,3.64022,3.70133,0,0.682071,4.89888,4.38366e+06,2.99988e+06,1.59575e+07,0,0,0,0,32.7335,61.308,2.11447,1,1,1.69344,2.25147,0.520852,1.30835,1.69344,9.11013e+06,4.00975e+06,1.54275e+07,0,0,0,0
53.7576,122.105,1.78687,0,0,3.64078,3.7019,0,0.682176,4.89888,4.38366e+06,2.99988e+06,1.59599e+07,0,0,0,0,32.6898,61.308,2.7963,1,1,1.69344,2.25181,0.521194,1.30835,1.69344,9.11013e+06,4.00975e+06,1.54275e+07,0,0,0,0
53.6489,122.105,3.36614,0,0,3.64134,3.70247,0,0.682282,4.89888,4.38366e+06,2.99988e+06,1.59624e+07,0,0,0,0,33.0801,61.308,3.98295,1,1,1.69344,2.25216,0.521537,1.30835,1.69344,9.11013e+06,4.00975e+06,1.54275e+07,0,0,0,0
54.0395,122.105,4.21508,0,0,3.54783,3.60739,0,0.682388,4.89888,4.38366e+06,2.99988e+06,1.55525e+07,0,0,0,0,33.4877,61.308,3.9382,1,1,1.69344,2.14887,0.419953,1.30835,1.69344,9.11013e+06,4.00975e+06,1.54275e+07,0,0,0,0
58.8312,122.105,9.49261,0,0,3.54838,3.60795,0,0.664863,4.89888,4.38366e+06,2.99988e+06,1.55549e+07,0,0,0,0,35.736,61.308,8.88999,1,1,1.69344,2.14921,0.42028,1.30835,1.69344,9.11013e+06,4.00975e+06,1.54275e+07,0,0,0,0
60.3071,122.105,5.08778,0,0,3.54892,3.6085,0,0.664966,4.89888,4.38366e+06,2.99988e+06,1.55573e+07,0,0,0,0,36.557,61.308,4.75281,1,1,1.69344,2.14954,0.420607,1.30835,1.69344,9.11013e+06,4.00975e+06,1.54275e+07,0,0,0,0
61.83,122.105,5.10423,0,0,3.54947,3.60906,0,0.665068,4.89888,4.38366e+06,2.99988e+06,1.55597e+07,0,0,0,0,37.4153,61.308,5.16948,1,1,1.69344,2.14987,0.420934,1.30835,1.69344,9.11013e+06,4.00975e+06,1.54275e+07,0,0,0,0
64.3438,122.105,5.95975,0,0,3.28267,3.33777,0,0.665171,4.89888,4.38366e+06,2.99988e+06,1.43901e+07,0,0,0,0,38.7158,61.308,6.29861,1,1,1.69344,1.93422,0.208847,1.30835,1.69344,9.11013e+06,4.00975e+06,1.54275e+07,0,0,0,0
66.1429,122.105,5.21691,0,0,3.28317,3.33829,0,0.615171,4.89888,4.38366e+06,2.99988e+06,1.43923e+07,0,0,0,0,39.2884,61.308,4.34976,1,1,1.69344,1.93452,0.209141,1.30835,1.69344,9.11013e+06,4.00975e+06,1.54275e+07,0,0,0,0
69.6166,122.105,7.03995,0,0,3.28368,3.33881,0,0.615267,4.89888,4.38366e+06,2.99988e+06,1.43945e+07,0,0,0,0,40.0207,61.308,4.57118,1,1,1.69344,1.93482,0.209435,1.30835,1.69344,9.11013e+06,4.00975e+06,1.54275e+07,0,0,0,0
73.5454,122.105,8.03015,0,0,3.28419,3.33932,0,0.615362,4.89888,4.38366e+06,2.99988e+06,1.43968e+07,0,0,0,0,43.6788,61.308,9.97325,1,1,1.69344,1.93512,0.20973,1.30835,1.69344,9.11013e+06,4.00975e+06,1.54275e+07,0,0,0,0
76.5306,122.105,6.54892,0,0,3.2847,3.33984,0,0.615457,4.89888,4.38366e+06,2.99988e+06,1.4399e+07,0,0,0,0,45.2839,61.308,6.23192,1,1,1.69344,1.93542,0.210024,1.30835,1.69344,9.11013e+06,4.00975e+06,1.54275e+07,0,0,0,0
79.3916,122.105,6.40267,0,0,3.3881,3.44498,0,0.615552,4.89888,4.38366e+06,2.99988e+06,1.48523e+07,0,0,0,0,45.7405,61.308,3.83562,1,1,1.69344,1.9983,0.271862,1.30835,1.69344,9.11013e+06,4.00975e+06,1.54275e+07,0,0,0,0
80.3666,122.105,4.25154,0,0,3.38859,3.44548,0,0.63493,4.89888,4.38366e+06,2.99988e+06,1.48544e+07,0,0,0,0,45.7739,61.308,2.74178,1,1,1.69344,1.99858,0.272145,1.30835,1.69344,9.11013e+06,4.00975e+06,1.54275e+07,0,0,0,0
80.6004,122.105,3.50876,0,0,3.38908,3.44597,0,0.635022,4.89888,4.38366e+06,2.99988e+06,1.48566e+07,0,0,0,0,45.8379,61.308,2.65375,1,1,1.69344,1.99887,0.272429,1.30835,1.69344,9.11013e+06,4.00975e+06,1.54275e+07,0,0,0,0
82.4542,122.105,5.99991,0,0,3.38957,3.44647,0,0.635113,4.89888,4.38366e+06,2.99988e+06,1.48587e+07,0,0,0,0,46.8304,61.308,4.87679,1,1,1.69344,1.99916,0.272712,1.30835,1.69344,9.11013e+06,4.00975e+06,1.54275e+07,0,0,0,0
83.7753,122.105,5.31973,0,0,3.72071,3.78318,0,0.635205,4.89888,4.38366e+06,2.99988e+06,1.63103e+07,0,0,0,0,47.1192,61.308,3.65185,1,1,1.69344,2.23454,0.504206,1.30835,1.69344,9.11013e+06,4.00975e+06,1.54275e+07,0,0,0,0
85.0267,122.105,5.67222,0,0,3.72125,3.78372,0,0.697262,4.89888,4.38366e+06,2.99988e+06,1.63127e+07,0,0,0,0,47.4663,61.308,3.71224,1,1,1.69344,2.23486,0.504523,1.30835,1.69344,9.11013e+06,4.00975e+06,1.54275e+07,0,0,0,0
85.7818,122.105,4.91834,0,0,3.72179,3.78427,0,0.697362,4.89888,4.38366e+06,2.99988e+06,1.6315e+07,0,0,0,0,47.5247,61.308,2.56548,1,1,1.69344,2.23519,0.50484,1.30835,1.69344,9.11013e+06,4.00975e+06,1.54275e+07,0,0,0,0
88.8803,122.105,7.62668,0,0,3.72232,3.78481,0,0.697463,4.89888,4.38366e+06,2.99988e+06,1.63174e+07,0,0,0,0,48.1985,61.308,4.85857,1,1,1.69344,2.23551,0.505157,1.30835,1.69344,9.11013e+06,4.00975e+06,1.54275e+07,0,0,0,0
90.6763,122.105,5.86184,0,0,3.25096,3.30554,0,0.697563,4.89888,4.38366e+06,2.99988e+06,1.42511e+07,0,0,0,0,48.8233,61.308,4.40929,1,1,1.69344,1.92015,0.195007,1.30835,1.69344,9.11013e+06,4.00975e+06,1.54275e+07,0,0,0,0
91.5575,122.105,4.77017,0,0,3.25143,3.30602,0,0.60923,4.89888,4.38366e+06,2.99988e+06,1.42532e+07,0,0,0,0,49.3968,61.308,3.9785,1,1,1.69344,1.92043,0.195279,1.30835,1.69344,9.11013e+06,4.00975e+06,1.54275e+07,0,0,0,0
92.8829,122.105,5.27706,0,0,3.2519,3.30649,0,0.609318,4.89888,4.38366e+06,2.99988e+06,1.42552e+07,0,0,0,0,49.8963,61.308,3.87335,1,1,1.69344,1.9207,0.195551,1.30835,1.69344,9.11013e+06,4.00975e+06,1.54275e+07,0,0,0,0
94.0004,122.105,5.12216,0,0,3.25237,3.30697,0,0.609406,4.89888,4.38366e+06,2.99988e+06,1.42573e+07,0,0,0,0,50.5063,61.308,4.23256,1,1,1.69344,1.92098,0.195824,1.30835,1.69344,9.11013e+06,4.00975e+06,1.54275e+07,0,0,0,0
103.987,122.105,15.8734,0,0,3.25284,3.30745,0,0.609494,4.89888,4.38366e+06,2.99988e+06,1.42593e+07,0,0,0,0,53.8701,61.308,10.5448,1,1,1.69344,1.92126,0.196096,1.30835,1.69344,9.11013e+06,4.00975e+06,1.54275e+07,0,0,0,0
108.904,122.105,9.87692,0,0,3.37217,3.42879,0,0.609582,4.89888,4.38366e+06,2.99988e+06,1.47825e+07,0,0,0,0,57.2672,61.308,9.70939,1,1,1.69344,1.99882,0.272375,1.30835,1.69344,9.11013e+06,4.00975e+06,1.54275e+07,0,0,0,0
111.425,122.105,7.05123,0,0,3.37266,3.42928,0,0.631945,4.89888,4.38366e+06,2.99988e+06,1.47846e+07,0,0,0,0,58.6177,61.308,5.74493,1,1,1.69344,1.9991,0.272658,1.30835,1.69344,9.11013e+06,4.00975e+06,1.54275e+07,0,0,0,0
113.385,122.105,6.58878,0,0,3.37315,3.42977,0,0.632037,4.89888,4.38366e+06,2.99988e+06,1.47867e+07,0,0,0,0,60.1681,61.308,6.06029,1,1,1.69344,1.99939,0.272941,1.30835,1.69344,9.11013e+06,4.00975e+06,1.54275e+07,0,0,0,0
115.206,122.105,6.368,0,0,3.37363,3.43027,0,0.632128,4.89888,4.38366e+06,2.99988e+06,1.47888e+07,0,0,0,0,61.8333,61.308,6.36527,1,1,1.69344,1.99968,0.273224,1.30835,1.69344,9.11013e+06,4.00975e+06,1.54275e+07,0,0,0,0
116.797,122.105,5.88518,0,0,3.32761,3.38348,0,0.632219,4.89888,4.38366e+06,2.99988e+06,1.45871e+07,0,0,0,0,62.3362,61.308,4.88309,1,1,1.69344,1.96994,0.243971,1.30835,1.69344,9.11013e+06,4.00975e+06,1.54275e+07,0,0,0,0
117.914,122.105,5.28287,0,0,3.32809,3.38397,0,0.623595,4.89888,4.38366e+06,2.99988e+06,1.45892e+07,0,0,0,0,62.3362,61.308,4.58254,1,1,1.69344,1.97022,0.24425,1.30835,1.69344,9.11013e+06,4.00975e+06,1.54275e+07,0,0,0,0
118.551,122.105,4.66004,0,0,3.32857,3.38445,0,0.623685,4.89888,4.38366e+06,2.99988e+06,1.45913e+07,0,0,0,0,62.3362,61.308,4.05698,1,1,1.69344,1.9705,0.244529,1.30835,1.69344,9.11013e+06,4.00975e+06,1.54275e+07,0,0,0,0
118.84,122.105,4.22208,0,0,3.32905,3.38494,0,0.623775,4.89888,4.38366e+06,2.99988e+06,1.45934e+07,0,0,0,0,62.3362,61.308,3.67044,1,1,1.69344,1.97079,0.244808,1.30835,1.69344,9.11013e+06,4.00975e+06,1.54275e+07,0,0,0,0
118.819,122.105,3.94146,0,0,3.48747,3.54602,0,0.623864,4.89888,4.38366e+06,2.99988e+06,1.52879e+07,0,0,0,0,62.3362,61.308,3.45871,1,1,1.69344,2.07764,0.349894,1.30835,1.69344,9.11013e+06,4.00975e+06,1.54275e+07,0,0,0,0
118.819,122.105,3.87521,0,0,3.48798,3.54653,0,0.653553,4.89888,4.38366e+06,2.99988e+06,1.52901e+07,0,0,0,0,62.3362,61.308,3.22505,1,1,1.69344,2.07794,0.350189,1.30835,1.69344,9.11013e+06,4.00975e+06,1.54275e+07,0,0,0,0
118.734,122.105,3.75386,0,0,3.48848,3.54704,0,0.653647,4.89888,4.38366e+06,2.99988e+06,1.52923e+07,0,0,0,0,62.3362,61.308,3.40792,1,1,1.69344,2.07824,0.350483,1.30835,1.69344,9.11013e+06,4.00975e+06,1.54275e+07,0,0,0,0
118.352,122.105,3.41871,0,0,3.48898,3.54756,0,0.653741,4.89888,4.38366e+06,2.99988e+06,1.52945e+07,0,0,0,0,62.3362,61.308,3.27008,1,1,1.69344,2.07854,0.350777,1.30835,1.69344,9.11013e+06,4.00975e+06,1.54275e+07,0,0,0,0
117.873,122.105,3.26401,0,0,3.48948,3.54807,0,0.653835,4.89888,4.38366e+06,2.99988e+06,1.52967e+07,0,0,0,0,62.1086,61.308,3.32918,1,1,1.69344,2.07884,0.351072,1.30835,1.69344,9.11013e+06,4.00975e+06,1.54275e+07,0,0,0,0
116.947,122.105,2.56576,0,0,3.45873,3.51679,0,0.653929,4.89888,4.38366e+06,2.99988e+06,1.51619e+07,0,0,0,0,61.5137,61.308,1.75689,1,1,1.69344,2.13775,0.409011,1.30835,1.69344,9.11013e+06,4.00975e+06,1.54275e+07,0,0,0,0
115.903,122.105,2.45589,0,0,3.45923,3.5173,0,0.648166,4.89888,4.38366e+06,2.99988e+06,1.51641e+07,0,0,0,0,60.9239,61.308,1.64671,1,1,1.69344,2.13805,0.409314,1.30835,1.69344,9.11013e+06,4.00975e+06,1.54275e+07,0,0,0,0
114.689,122.105,2.26515,0,0,3.45973,3.51781,0,0.648259,4.89888,4.38366e+06,2.99988e+06,1.51663e+07,0,0,0,0,60.2013,61.308,1.64194,1,1,1.69344,2.13836,0.409617,1.30835,1.69344,9.11013e+06,4.00975e+06,1.54275e+07,0,0,0,0
113.313,122.105,2.06717,0,0,3.46022,3.51831,0,0.648353,4.89888,4.38366e+06,2.99988e+06,1.51684e+07,0,0,0,0,59.4096,61.308,1.47013,1,1,1.69344,2.13867,0.409919,1.30835,1.69344,9.11013e+06,4.00975e+06,1.54275e+07,0,0,0,0
111.833,122.105,1.93529,0,0,3.54149,3.60094,0,0.648446,4.89888,4.38366e+06,2.99988e+06,1.55247e+07,0,0,0,0,58.7352,61.308,1.41146,1,1,1.69344,2.19125,0.461626,1.30835,1.69344,9.11013e+06,4.00975e+06,1.54275e+07,0,0,0,0
110.627,122.105,2.24685,0,0,3.542,3.60146,0,0.663675,4.89888,4.38366e+06,2.99988e+06,1.55269e+07,0,0,0,0,58.2696,61.308,1.78734,1,1,1.69344,2.19156,0.461936,1.30835,1.69344,9.11013e+06,4.00975e+06,1.54275e+07,0,0,0,0
109.268,122.105,2.03818,0,0,3.54251,3.60198,0,0.66377,4.89888,4.38366e+06,2.99988e+06,1.55291e+07,0,0,0,0,57.5427,61.308,1.68505,1,1,1.69344,2.19188,0.462247,1.30835,1.69344,9.11013e+06,4.00975e+06,1.54275e+07,0,0,0,0
107.771,122.105,1.8506,0,0,3.54302,3.6025,0,0.663866,4.89888,4.38366e+06,2.99988e+06,1.55314e+07,0,0,0,0,56.954,61.308,1.47386,1,1,1.69344,2.19219,0.462557,1.30835,1.69344,9.11013e+06,4.00975e+06,1.54275e+07,0,0,0,0
106.185,122.105,2.01526,0,0,3.78018,3.84365,0,0.663961,4.89888,4.38366e+06,2.99988e+06,1.6571e+07,0,0,0,0,55.9784,61.308,1.72577,1,1,1.69344,2.38127,0.648516,1.30835,1.69344,9.11013e+06,4.00975e+06,1.54275e+07,0,0,0,0
104.26,122.105,1.50322,0,0,3.78073,3.8442,0,0.708407,4.89888,4.38366e+06,2.99988e+06,1.65734e+07,0,0,0,0,54.9919,61.308,1.09275,1,1,1.69344,2.38162,0.648853,1.30835,1.69344,9.11013e+06,4.00975e+06,1.54275e+07,0,0,0,0
102.501,122.105,1.67773,0,0,3.78127,3.84475,0,0.708509,4.89888,4.38366e+06,2.99988e+06,1.65758e+07,0,0,0,0,53.8971,61.308,1.36039,1,1,1.69344,2.38196,0.64919,1.30835,1.69344,9.11013e+06,4.00975e+06,1.54275e+07,0,0,0,0
100.472,122.105,1.34623,0,0,3.78182,3.84531,0,0.708611,4.89888,4.38366e+06,2.99988e+06,1.65782e+07,0,0,0,0,53.1176,61.308,0.981946,1,1,1.69344,2.3823,0.649527,1.30835,1.69344,9.11013e+06,4.00975e+06,1.54275e+07,0,0,0,0
98.7227,122.105,1.68518,0,0,3.78236,3.84586,0,0.708712,4.89888,4.38366e+06,2.99988e+06,1.65806e+07,0,0,0,0,52.3003,61.308,1.70397,1,1,1.69344,2.38264,0.649865,1.30835,1.69344,9.11013e+06,4.00975e+06,1.54275e+07,0,0,0,0
96.5456,122.105,1.0613,0,0,3.66748,3.72905,0,0.708814,4.89888,4.38366e+06,2.99988e+06,1.6077e+07,0,0,0,0,51.2533,61.308,1.24609,1,1,1.69344,2.26833,0.537439,1.30835,1.69344,9.11013e+06,4.00975e+06,1.54275e+07,0,0,0,0
94.2136,122.105,0.84975,0,0,3.66801,3.72959,0,0.687287,4.89888,4.38366e+06,2.99988e+06,1.60793e+07,0,0,0,0,50.311,61.308,1.06812,1,1,1.69344,2.26866,0.53776,1.30835,1.69344,9.11013e+06,4.00975e+06,1.54275e+07,0,0,0,0
92.244,122.105,1.32801,0,0,3.66854,3.73013,0,0.687386,4.89888,4.38366e+06,2.99988e+06,1.60816e+07,0,0,0,0,49.964,61.308,1.46517,1,1,1.69344,2.26898,0.538081,1.30835,1.69344,9.11013e+06,4.00975e+06,1.54275e+07,0,0,0,0
91.4858,122.105,2.95847,0,0,3.66907,3.73066,0,0.687484,4.89888,4.38366e+06,2.99988e+06,1.60839e+07,0,0,0,0,49.9275,61.308,2.1701,1,1,1.69344,2.26931,0.538402,1.30835,1.69344,9.11013e+06,4.00975e+06,1.54275e+07,0,0,0,0
89.561,122.105,1.33441,0,0,3.5748,3.63482,0,0.687583,4.89888,4.38366e+06,2.99988e+06,1.56707e+07,0,0,0,0,49.4911,61.308,1.58851,1,1,1.69344,2.16521,0.436021,1.30835,1.69344,9.11013e+06,4.00975e+06,1.54275e+07,0,0,0,0
87.3829,122.105,1.12336,0,0,3.57532,3.63534,0,0.669918,4.89888,4.38366e+06,2.99988e+06,1.5673e+07,0,0,0,0,49.1385,61.308,1.55236,1,1,1.69344,2.16552,0.436328,1.30835,1.69344,9.11013e+06,4.00975e+06,1.54275e+07,0,0,0,0
85.4874,122.105,1.55389,0,0,3.57583,3.63586,0,0.670014,4.89888,4.38366e+06,2.99988e+06,1.56752e+07,0,0,0,0,48.9865,61.308,2.12884,1,1,1.69344,2.16583,0.436634,1.30835,1.69344,9.11013e+06,4.00975e+06,1.54275e+07,0,0,0,0
84.8849,122.105,3.1484,0,0,3.57634,3.63638,0,0.670111,4.89888,4.38366e+06,2.99988e+06,1.56775e+07,0,0,0,0,49.5244,61.308,3.26055,1,1,1.69344,2.16615,0.436941,1.30835,1.69344,9.11013e+06,4.00975e+06,1.54275e+07,0,0,0,0
84.2061,122.105,2.62321,0,0,3.30748,3.36301,0,0.670207,4.89888,4.38366e+06,2.99988e+06,1.44989e+07,0,0,0,0,49.4334,61.308,2.55416,1,1,1.69344,1.94884,0.223227,1.30835,1.69344,9.11013e+06,4.00975e+06,1.54275e+07,0,0,0,0
83.899,122.105,3.06242,0,0,3.30796,3.36349,0,0.619822,4.89888,4.38366e+06,2.99988e+06,1.45009e+07,0,0,0,0,49.4377,61.308,2.06118,1,1,1.69344,1.94912,0.223502,1.30835,1.69344,9.11013e+06,4.00975e+06,1.54275e+07,0,0,0,0
85.9271,122.105,5.74758,0,0,3.30843,3.36397,0,0.619911,4.89888,4.38366e+06,2.99988e+06,1.4503e+07,0,0,0,0,49.9368,61.308,3.45731,1,1,1.69344,1.9494,0.223778,1.30835,1.69344,9.11013e+06,4.00975e+06,1.54275e+07,0,0,0,0
86.0336,122.105,3.7799,0,0,3.30891,3.36446,0,0.62,4.89888,4.38366e+06,2.99988e+06,1.45051e+07,0,0,0,0,50.543,61.308,3.84763,1,1,1.69344,1.94968,0.224054,1.30835,1.69344,9.11013e+06,4.00975e+06,1.54275e+07,0,0,0,0
87.0835,122.105,4.86522,0,0,3.30938,3.36494,0,0.620089,4.89888,4.38366e+06,2.99988e+06,1.45072e+07,0,0,0,0,51.5413,61.308,4.76868,1,1,1.69344,1.94997,0.224329,1.30835,1.69344,9.11013e+06,4.00975e+06,1.54275e+07,0,0,0,0
96.8396,122.105,15.5759,0,0,3.41353,3.47083,0,0.620178,4.89888,4.38366e+06,2.99988e+06,1.49637e+07,0,0,0,0,56.9749,61.308,10.0135,1,1,1.69344,2.01329,0.286611,1.30835,1.69344,9.11013e+06,4.00975e+06,1.54275e+07,0,0,0,0
99.9155,122.105,7.64696,0,0,3.41398,3.4713,0,0.639695,4.89888,4.38366e+06,2.99988e+06,1.49657e+07,0,0,0,0,57.8412,61.308,5.92093,1,1,1.69344,2.01356,0.286876,1.30835,1.69344,9.11013e+06,4.00975e+06,1.54275e+07,0,0,0,0
100.897,122.105,5.24664,0,0,3.41444,3.47176,0,0.639781,4.89888,4.38366e+06,2.99988e+06,1.49677e+07,0,0,0,0,58.2171,61.308,5.21853,1,1,1.69344,2.01383,0.28714,1.30835,1.69344,9.11013e+06,4.00975e+06,1.54275e+07,0,0,0,0
102.204,122.105,5.59144,0,0,3.4149,3.47223,0,0.639866,4.89888,4.38366e+06,2.99988e+06,1.49697e+07,0,0,0,0,58.5883,61.308,5.28892,1,1,1.69344,2.0141,0.287405,1.30835,1.69344,9.11013e+06,4.00975e+06,1.54275e+07,0,0,0,0
104.098,122.105,6.79774,0,0,3.74848,3.81141,0,0.639951,4.89888,4.38366e+06,2.99988e+06,1.6432e+07,0,0,0,0,59.2382,61.308,5.71344,1,1,1.69344,2.25122,0.520606,1.30835,1.69344,9.11013e+06,4.00975e+06,1.54275e+07,0,0,0,0
107.957,122.105,9.12192,0,0,3.74898,3.81192,0,0.702465,4.89888,4.38366e+06,2.99988e+06,1.64342e+07,0,0,0,0,60.4887,61.308,6.10377,1,1,1.69344,2.25152,0.520902,1.30835,1.69344,9.11013e+06,4.00975e+06,1.54275e+07,0,0,0,0
111.423,122.105,9.00804,0,0,3.74948,3.81243,0,0.702559,4.89888,4.38366e+06,2.99988e+06,1.64364e+07,0,0,0,0,62.1774,61.308,6.50443,1,1,1.69344,2.25182,0.521197,1.30835,1.69344,9.11013e+06,4.00975e+06,1.54275e+07,0,0,0,0
115.668,122.105,10.458,0,0,3.74998,3.81293,0,0.702652,4.89888,4.38366e+06,2.99988e+06,1.64386e+07,0,0,0,0,62.3362,61.308,6.47599,1,1,1.69344,2.25212,0.521493,1.30835,1.69344,9.11013e+06,4.00975e+06,1.54275e+07,0,0,0,0
121.608,122.105,11.7264,0,0,3.27508,3.33007,0,0.702746,4.89888,4.38366e+06,2.99988e+06,1.43568e+07,0,0,0,0,62.3362,61.308,8.07316,1,1,1.69344,1.9344,0.209019,1.30835,1.69344,9.11013e+06,4.00975e+06,1.54275e+07,0,0,0,0
122.105,122.105,10.4634,0,0,3.27552,3.33051,0,0.613751,4.89888,4.38366e+06,2.99988e+06,1.43588e+07,0,0,0,0,62.3362,61.308,8.67929,1,1,1.69344,1.93466,0.209273,1.30835,1.69344,9.11013e+06,4.00975e+06,1.54275e+07,0,0,0,0
122.105,122.105,10.3286,0,0,3.27596,3.33096,0,0.613833,4.89888,4.38366e+06,2.99988e+06,1.43607e+07,0,0,0,0,62.3362,61.308,7.91952,1,1,1.69344,1.93491,0.209527,1.30835,1.69344,9.11013e+06,4.00975e+06,1.54275e+07,0,0,0,0
122.105,122.105,10.3804,0,0,3.2764,3.3314,0,0.613915,4.89888,4.38366e+06,2.99988e+06,1.43626e+07,0,0,0,0,62.3362,61.308,7.75108,1,1,1.69344,1.93517,0.209781,1.30835,1.69344,9.11013e+06,4.00975e+06,1.54275e+07,0,0,0,0
122.105,122.105,8.84752,0,0,3.27683,3.33184,0,0.613997,4.89888,4.38366e+06,2.99988e+06,1.43645e+07,0,0,0,0,62.3362,61.308,6.4586,1,1,1.69344,1.93543,0.210035,1.30835,1.69344,9.11013e+06,4.00975e+06,1.54275e+07,0,0,0,0
122.105,122.105,8.47561,0,0,3.39702,3.45404,0,0.614078,4.89888,4.38366e+06,2.99988e+06,1.48914e+07,0,0,0,0,62.3362,61.308,8.98538,1,1,1.69344,2.01354,0.286856,1.30835,1.69344,9.11013e+06,4.00975e+06,1.54275e+07,0,0,0,0
122.105,122.105,7.41147,0,0,3.39747,3.45451,0,0.636601,4.89888,4.38366e+06,2.99988e+06,1.48933e+07,0,0,0,0,62.3362,61.308,6.88167,1,1,1.69344,2.01381,0.28712,1.30835,1.69344,9.11013e+06,4.00975e+06,1.54275e+07,0,0,0,0
122.105,122.105,6.61256,0,0,3.39792,3.45497,0,0.636686,4.89888,4.38366e+06,2.99988e+06,1.48953e+07,0,0,0,0,62.3362,61.308,5.71198,1,1,1.69344,2.01408,0.287384,1.30835,1.69344,9.11013e+06,4.00975e+06,1.54275e+07,0,0,0,0
122.105,122.105,6.07654,0,0,3.39838,3.45543,0,0.636771,4.89888,4.38366e+06,2.99988e+06,1.48973e+07,0,0,0,0,62.3362,61.308,6.38626,1,1,1.69344,2.01435,0.287649,1.30835,1.69344,9.11013e+06,4.00975e+06,1.54275e+07,0,0,0,0
122.105,122.105,5.35292,0,0,3.35199,3.40826,0,0.636856,4.89888,4.38366e+06,2.99988e+06,1.4694e+07,0,0,0,0,62.3362,61.308,5.35289,1,1,1.69344,1.98436,0.25816,1.30835,1.69344,9.11013e+06,4.00975e+06,1.54275e+07,0,0,0,0
122.105,122.105,5.19435,0,0,3.35243,3.40871,0,0.628162,4.89888,4.38366e+06,2.99988e+06,1.46959e+07,0,0,0,0,62.3362,61.308,5.41344,1,1,1.69344,1.98463,0.25842,1.30835,1.69344,9.11013e+06,4.00975e+06,1.54275e+07,0,0,0,0
122.105,122.105,4.59925,0,0,3.35288,3.40917,0,0.628246,4.89888,4.38366e+06,2.99988e+06,1.46979e+07,0,0,0,0,62.3362,61.308,4.74987,1,1,1.69344,1.98489,0.258681,1.30835,1.69344,9.11013e+06,4.00975e+06,1.54275e+07,0,0,0,0
122.105,122.105,4.22287,0,0,3.35333,3.40962,0,0.62833,4.89888,4.38366e+06,2.99988e+06,1.46998e+07,0,0,0,0,62.3362,61.308,4.42276,1,1,1.69344,1.98516,0.258941,1.30835,1.69344,9.11013e+06,4.00975e+06,1.54275e+07,0,0,0,0
122.009,122.105,4.0728,0,0,3.51287,3.57184,0,0.628414,4.89888,4.38366e+06,2.99988e+06,1.53992e+07,0,0,0,0,62.3362,61.308,4.41522,1,1,1.69344,2.09277,0.364772,1.30835,1.69344,9.11013e+06,4.00975e+06,1.54275e+07,0,0,0,0
121.894,122.105,4.00158,0,0,3.51334,3.57232,0,0.658311,4.89888,4.38366e+06,2.99988e+06,1.54013e+07,0,0,0,0,62.3362,61.308,5.29444,1,1,1.69344,2.09304,0.365047,1.30835,1.69344,9.11013e+06,4.00975e+06,1.54275e+07,0,0,0,0
121.536,122.105,3.71683,0,0,3.51381,3.5728,0,0.658399,4.89888,4.38366e+06,2.99988e+06,1.54033e+07,0,0,0,0,62.3362,61.308,4.30327,1,1,1.69344,2.09332,0.365322,1.30835,1.69344,9.11013e+06,4.00975e+06,1.54275e+07,0,0,0,0
120.929,122.105,3.39568,0,0,3.51427,3.57327,0,0.658487,4.89888,4.38366e+06,2.99988e+06,1.54054e+07,0,0,0,0,62.3362,61.308,3.55857,1,1,1.69344,2.0936,0.365596,1.30835,1.69344,9.11013e+06,4.00975e+06,1.54275e+07,0,0,0,0
120.038,122.105,3.07092,0,0,3.51474,3.57375,0,0.658575,4.89888,4.38366e+06,2.99988e+06,1.54074e+07,0,0,0,0,62.3362,61.308,3.70364,1,1,1.69344,2.09388,0.365871,1.30835,1.69344,9.11013e+06,4.00975e+06,1.54275e+07,0,0,0,0
120.834,122.105,4.86676,0,0,3.48373,3.54221,0,0.658663,4.89888,4.38366e+06,2.99988e+06,1.52715e+07,0,0,0,0,62.3362,61.308,5.38211,1,1,1.69344,2.1532,0.424208,1.30835,1.69344,9.11013e+06,4.00975e+06,1.54275e+07,0,0,0,0
121.512,122.105,4.9778,0,0,3.48419,3.54269,0,0.652851,4.89888,4.38366e+06,2.99988e+06,1.52735e+07,0,0,0,0,62.3362,61.308,5.14608,1,1,1.69344,2.15349,0.42449,1.30835,1.69344,9.11013e+06,4.00975e+06,1.54275e+07,0,0,0,0
121.768,122.105,4.52365,0,0,3.48466,3.54316,0,0.652938,4.89888,4.38366e+06,2.99988e+06,1.52756e+07,0,0,0,0,62.3362,61.308,4.77143,1,1,1.69344,2.15377,0.424773,1.30835,1.69344,9.11013e+06,4.00975e+06,1.54275e+07,0,0,0,0
121.822,122.105,4.26331,0,0,3.48512,3.54363,0,0.653025,4.89888,4.38366e+06,2.99988e+06,1.52776e+07,0,0,0,0,62.3362,61.308,4.62887,1,1,1.69344,2.15406,0.425055,1.30835,1.69344,9.11013e+06,4.00975e+06,1.54275e+07,0,0,0,0
121.873,122.105,4.28306,0,0,3.56694,3.62682,0,0.653112,4.89888,4.38366e+06,2.99988e+06,1.56362e+07,0,0,0,0,62.3362,61.308,4.68864,1,1,1.69344,2.20699,0.477112,1.30835,1.69344,9.11013e+06,4.00975e+06,1.54275e+07,0,0,0,0
122.065,122.105,4.35798,0,0,3.56741,3.6273,0,0.668444,4.89888,4.38366e+06,2.99988e+06,1.56383e+07,0,0,0,0,62.3362,61.308,4.97338,1,1,1.69344,2.20729,0.477401,1.30835,1.69344,9.11013e+06,4.00975e+06,1.54275e+07,0,0,0,0
121.955,122.105,3.97097,0,0,3.56789,3.62779,0,0.668533,4.89888,4.38366e+06,2.99988e+06,1.56404e+07,0,0,0,0,62.3362,61.308,4.35177,1,1,1.69344,2.20758,0.477691,1.30835,1.69344,9.11013e+06,4.00975e+06,1.54275e+07,0,0,0,0
122.105,122.105,4.70733,0,0,3.56836,3.62827,0,0.668622,4.89888,4.38366e+06,2.99988e+06,1.56425e+07,0,0,0,0,62.3362,61.308,5.67591,1,1,1.69344,2.20787,0.47798,1.30835,1.69344,9.11013e+06,4.00975e+06,1.54275e+07,0,0,0,0
122.091,122.105,4.41299,0,0,3.80719,3.8711,0,0.668711,4.89888,4.38366e+06,2.99988e+06,1.66894e+07,0,0,0,0,62.3362,61.308,5.3891,1,1,1.69344,2.39828,0.665245,1.30835,1.69344,9.11013e+06,4.00975e+06,1.54275e+07,0,0,0,0
121.932,122.105,4.09305,0,0,3.80769,3.87162,0,0.713467,4.89888,4.38366e+06,2.99988e+06,1.66916e+07,0,0,0,0,62.3362,61.308,4.44812,1,1,1.69344,2.3986,0.665559,1.30835,1.69344,9.11013e+06,4.00975e+06,1.54275e+07,0,0,0,0
122.081,122.105,4.52514,0,0,3.8082,3.87213,0,0.713562,4.89888,4.38366e+06,2.99988e+06,1.66939e+07,0,0,0,0,62.3362,61.308,5.51553,1,1,1.69344,2.39892,0.665874,1.30835,1.69344,9.11013e+06,4.00975e+06,1.54275e+07,0,0,0,0
121.548,122.105,3.67997,0,0,3.80871,3.87265,0,0.713657,4.89888,4.38366e+06,2.99988e+06,1.66961e+07,0,0,0,0,62.3362,61.308,3.88044,1,1,1.69344,2.39924,0.666189,1.30835,1.69344,9.11013e+06,4.00975e+06,1.54275e+07,0,0,0,0
121.7,122.105,4.69337,0,0,3.80922,3.87317,0,0.713752,4.89888,4.38366e+06,2.99988e+06,1.66983e+07,0,0,0,0,62.3362,61.308,7.10739,1,1,1.69344,2.39956,0.666503,1.30835,1.69344,9.11013e+06,4.00975e+06,1.54275e+07,0,0,0,0
120.43,122.105,2.99365,0,0,3.69349,3.75549,0,0.713848,4.89888,4.38366e+06,2.99988e+06,1.6191e+07,0,0,0,0,62.3362,61.308,4.29284,1,1,1.69344,2.28441,0.553256,1.30835,1.69344,9.11013e+06,4.00975e+06,1.54275e+07,0,0,0,0
119.054,122.105,2.88187,0,0,3.69398,3.75599,0,0.692159,4.89888,4.38366e+06,2.99988e+06,1.61931e+07,0,0,0,0,62.3362,61.308,4.07458,1,1,1.69344,2.28472,0.553555,1.30835,1.69344,9.11013e+06,4.00975e+06,1.54275e+07,0,0,0,0
118.238,122.105,3.30161,0,0,3.69447,3.7565,0,0.692252,4.89888,4.38366e+06,2.99988e+06,1.61953e+07,0,0,0,0,62.3362,61.308,4.33319,1,1,1.69344,2.28502,0.553855,1.30835,1.69344,9.11013e+06,4.00975e+06,1.54275e+07,0,0,0,0
118.474,122.105,5.09035,0,0,3.69496,3.757,0,0.692344,4.89888,4.38366e+06,2.99988e+06,1.61975e+07,0,0,0,0,62.3362,61.308,7.24865,1,1,1.69344,2.28533,0.554155,1.30835,1.69344,9.11013e+06,4.00975e+06,1.54275e+07,0,0,0,0
117.847,122.105,3.72088,0,0,3.59999,3.66043,0,0.692436,4.89888,4.38366e+06,2.99988e+06,1.57811e+07,0,0,0,0,62.3362,61.308,5.16008,1,1,1.69344,2.18047,0.451029,1.30835,1.69344,9.11013e+06,4.00975e+06,1.54275e+07,0,0,0,0
118.341,122.105,4.75113,0,0,3.60047,3.66092,0,0.674639,4.89888,4.38366e+06,2.99988e+06,1.57832e+07,0,0,0,0,62.3362,61.308,4.81105,1,1,1.69344,2.18076,0.451315,1.30835,1.69344,9.11013e+06,4.00975e+06,1.54275e+07,0,0,0,0
118.612,122.105,4.76018,0,0,3.60095,3.66141,0,0.674729,4.89888,4.38366e+06,2.99988e+06,1.57854e+07,0,0,0,0,62.3362,61.308,4.25605,1,1,1.69344,2.18105,0.451601,1.30835,1.69344,9.11013e+06,4.00975e+06,1.54275e+07,0,0,0,0
119.068,122.105,5.16597,0,0,3.60143,3.6619,0,0.674819,4.89888,4.38366e+06,2.99988e+06,1.57875e+07,0,0,0,0,62.3362,61.308,5.38817,1,1,1.69344,2.18134,0.451887,1.30835,1.69344,9.11013e+06,4.00975e+06,1.54275e+07,0,0,0,0
119.703,122.105,5.26624,0,0,3.33065,3.38656,0,0.674909,4.89888,4.38366e+06,2.99988e+06,1.46004e+07,0,0,0,0,62.3362,61.308,6.14553,1,1,1.69344,1.9625,0.236653,1.30835,1.69344,9.11013e+06,4.00975e+06,1.54275e+07,0,0,0,0
118.326,122.105,2.7699,0,0,3.33109,3.38702,0,0.624164,4.89888,4.38366e+06,2.99988e+06,1.46024e+07,0,0,0,0,62.1234,61.308,3.66456,1,1,1.69344,1.96276,0.23691,1.30835,1.69344,9.11013e+06,4.00975e+06,1.54275e+07,0,0,0,0
117.833,122.105,4.19423,0,0,3.33154,3.38747,0,0.624247,4.89888,4.38366e+06,2.99988e+06,1.46043e+07,0,0,0,0,62.28,61.308,6.47906,1,1,1.69344,1.96302,0.237168,1.30835,1.69344,9.11013e+06,4.00975e+06,1.54275e+07,0,0,0,0
121.315,122.105,9.8982,0,0,3.33198,3.38792,0,0.62433,4.89888,4.38366e+06,2.99988e+06,1.46063e+07,0,0,0,0,62.3362,61.308,7.41805,1,1,1.69344,1.96328,0.237425,1.30835,1.69344,9.11013e+06,4.00975e+06,1.54275e+07,0,0,0,0
122.105,122.105,16.2865,0,0,3.33243,3.38837,0,0.624413,4.89888,4.38366e+06,2.99988e+06,1.46082e+07,0,0,0,0,62.3362,61.308,11.4409,1,1,1.69344,1.96354,0.237682,1.30835,1.69344,9.11013e+06,4.00975e+06,1.54275e+07,0,0,0,0
122.105,122.105,6.78158,0,0,3.33243,3.38837,0,0.624497,4.89888,4.38366e+06,2.99988e+06,1.46082e+07,0,0,0,0,62.3362,61.308,7.24705,1,1,1.69344,1.96354,0.237682,1.30835,1.69344,9.11013e+06,4.00975e+06,1.54275e+07,0,0,0,0
122.105,122.105,7.03986,0,0,3.43726,3.49496,0,0.624497,4.89888,4.38366e+06,2.99988e+06,1.50678e+07,0,0,0,0,62.3362,61.308,7.07103,1,1,1.69344,2.02729,0.300377,1.30835,1.69344,9.11013e+06,4.00975e+06,1.54275e+07,0,0,0,0
122.105,122.105,5.87138,0,0,3.43768,3.49539,0,0.644142,4.89888,4.38366e+06,2.99988e+06,1.50696e+07,0,0,0,0,62.3362,61.308,5.25703,1,1,1.69344,2.02754,0.300623,1.30835,1.69344,9.11013e+06,4.00975e+06,1.54275e+07,0,0,0,0
122.105,122.105,10.0433,0,0,3.43811,3.49583,0,0.644222,4.89888,4.38366e+06,2.99988e+06,1.50715e+07,0,0,0,0,62.3362,61.308,6.31042,1,1,1.69344,2.02779,0.300869,1.30835,1.69344,9.11013e+06,4.00975e+06,1.54275e+07,0,0,0,0
122.105,122.105,5.75236,0,0,3.43853,3.49626,0,0.644301,4.89888,4.38366e+06,2.99988e+06,1.50733e+07,0,0,0,0,62.3362,61.308,5.55046,1,1,1.69344,2.02804,0.301114,1.30835,1.69344,9.11013e+06,4.00975e+06,1.54275e+07,0,0,0,0
122.105,122.105,7.85352,0,0,3.77438,3.83775,0,0.644381,4.89888,4.38366e+06,2.99988e+06,1.65456e+07,0,0,0,0,62.3362,61.308,3.17085,1,1,1.69344,2.26677,0.535906,1.30835,1.69344,9.11013e+06,4.00975e+06,1.54275e+07,0,0,0,0
122.105,122.105,6.97842,0,0,3.77485,3.83822,0,0.707319,4.89888,4.38366e+06,2.99988e+06,1.65476e+07,0,0,0,0,62.3362,61.308,3.43517,1,1,1.69344,2.26705,0.536181,1.30835,1.69344,9.11013e+06,4.00975e+06,1.54275e+07,0,0,0,0
122.105,122.105,6.51718,0,0,3.77531,3.83869,0,0.707406,4.89888,4.38366e+06,2.99988e+06,1.65497e+07,0,0,0,0,62.3362,61.308,2.90894,1,1,1.69344,2.26733,0.536456,1.30835,1.69344,9.11013e+06,4.00975e+06,1.54275e+07,0,0,0,0
122.105,122.105,12.1785,0,0,3.77578,3.83917,0,0.707493,4.89888,4.38366e+06,2.99988e+06,1.65517e+07,0,0,0,0,62.3362,61.308,11.8275,1,1,1.69344,2.26761,0.536731,1.30835,1.69344,9.11013e+06,4.00975e+06,1.54275e+07,0,0,0,0
122.105,122.105,8.8896,0,0,3.29758,3.35294,0,0.707581,4.89888,4.38366e+06,2.99988e+06,1.44555e+07,0,0,0,0,62.3362,61.308,6.49232,1,1,1.69344,1.94768,0.222087,1.30835,1.69344,9.11013e+06,4.00975e+06,1.54275e+07,0,0,0,0
122.105,122.105,6.5427,0,0,3.29799,3.35335,0,0.617966,4.89888,4.38366e+06,2.99988e+06,1.44572e+07,0,0,0,0,62.3362,61.308,5.42059,1,1,1.69344,1.94792,0.222323,1.30835,1.69344,9.11013e+06,4.00975e+06,1.54275e+07,0,0,0,0
122.105,122.105,7.03207,0,0,3.29839,3.35377,0,0.618043,4.89888,4.38366e+06,2.99988e+06,1.4459e+07,0,0,0,0,62.3362,61.308,4.88975,1,1,1.69344,1.94816,0.222559,1.30835,1.69344,9.11013e+06,4.00975e+06,1.54275e+07,0,0,0,0
122.105,122.105,7.78084,0,0,3.2988,3.35418,0,0.618119,4.89888,4.38366e+06,2.99988e+06,1.44608e+07,0,0,0,0,62.3362,61.308,6.25039,1,1,1.69344,1.9484,0.222795,1.30835,1.69344,9.11013e+06,4.00975e+06,1.54275e+07,0,0,0,0
122.105,122.105,8.01751,0.33,0,3.2992,3.35459,0,0.618195,4.89888,4.38366e+06,2.99988e+06,1.44626e+07,0,0,0,0,62.3362,61.308,6.35805,1,1,1.69344,1.94864,0.223031,1.30835,1.69344,9.11013e+06,4.00975e+06,1.54275e+07,0,0,0,0
122.105,122.105,7.21995,0.42,0,3.1905,3.47759,0,0.618271,4.89888,4.38366e+06,2.99988e+06,1.39861e+07,0,0,0,0,62.3362,61.308,4.17787,1,1,1.69344,2.02727,0.166467,1.30835,1.69344,9.11013e+06,4.00975e+06,1.54275e+07,0,0,0,0
122.105,122.105,6.35947,0.59,0,3.19089,3.47802,0,0.5979,4.89888,4.38366e+06,2.99988e+06,1.39878e+07,0,0,0,0,62.3362,61.308,3.5019,1,1,1.69344,2.02752,0.166696,1.30835,1.69344,9.11013e+06,4.00975e+06,1.54275e+07,0,0,0,0
122.105,122.105,5.8164,0.6,0,3.19129,3.47845,0,0.597973,4.89888,4.38366e+06,2.99988e+06,1.39895e+07,0,0,0,0,62.3362,61.308,3.90876,1,1,1.69344,2.02777,0.166925,1.30835,1.69344,9.11013e+06,4.00975e+06,1.54275e+07,0,0,0,0
122.105,122.105,5.02258,0.61,0,3.19168,3.47888,0,0.598047,4.89888,4.38366e+06,2.99988e+06,1.39912e+07,0,0,0,0,62.2127,61.308,3.00532,1,1,1.69344,2.02802,0.167155,1.30835,1.69344,9.11013e+06,4.00975e+06,1.54275e+07,0,0,0,0
122.105,122.105,4.85724,0.59,0,3.14808,3.43135,0,0.598121,4.89888,4.38366e+06,2.99988e+06,1.38001e+07,0,0,0,0,62.0304,61.308,2.99511,1,1,1.69344,1.99781,0.13944,1.30835,1.69344,9.11013e+06,4.00975e+06,1.54275e+07,0,0,0,0
122.105,122.105,4.53971,0.59,0,3.14846,3.43177,0,0.58995,4.89888,4.38366e+06,2.99988e+06,1.38018e+07,0,0,0,0,61.7809,61.308,2.85786,1,1,1.69344,1.99805,0.139666,1.30835,1.69344,9.11013e+06,4.00975e+06,1.54275e+07,0,0,0,0
122.105,122.105,4.18899,0.56,0,3.14885,3.4322,0,0.590022,4.89888,4.38366e+06,2.99988e+06,1.38035e+07,0,0,0,0,61.5264,61.308,2.88635,1,1,1.69344,1.9983,0.139892,1.30835,1.69344,9.11013e+06,4.00975e+06,1.54275e+07,0,0,0,0
122.105,122.105,4.17095,0.5,0,3.14924,3.43262,0,0.590095,4.89888,4.38366e+06,2.99988e+06,1.38052e+07,0,0,0,0,61.4537,61.308,3.5348,1,1,1.69344,1.99855,0.140117,1.30835,1.69344,9.11013e+06,4.00975e+06,1.54275e+07,0,0,0,0
122.105,122.105,4.35695,0.45,0,3.29904,3.59589,0,0.590168,4.89888,4.38366e+06,2.99988e+06,1.44619e+07,0,0,0,0,61.2704,61.308,3.33673,1,1,1.69344,2.10686,0.239487,1.30835,1.69344,9.11013e+06,4.00975e+06,1.54275e+07,0,0,0,0
122.105,122.105,4.01822,0.41,0,3.29944,3.59634,0,0.61824,4.89888,4.38366e+06,2.99988e+06,1.44636e+07,0,0,0,0,61.0926,61.308,2.89029,1,1,1.69344,2.10712,0.239725,1.30835,1.69344,9.11013e+06,4.00975e+06,1.54275e+07,0,0,0,0
121.965,122.105,3.6672,0.38,0,3.53739,3.59678,0,0.618316,4.89888,4.38366e+06,2.99988e+06,1.55067e+07,0,0,0,0,60.8191,61.308,2.27679,1,1,1.69344,2.10738,0.379142,1.30835,1.69344,9.11013e+06,4.00975e+06,1.54275e+07,0,0,0,0
121.668,122.105,3.2669,0.49,0,3.30026,3.59722,0,0.662908,4.89888,4.38366e+06,2.99988e+06,1.44672e+07,0,0,0,0,60.5269,61.308,2.34468,1,1,1.69344,2.10764,0.240201,1.30835,1.69344,9.11013e+06,4.00975e+06,1.54275e+07,0,0,0,0
121.122,122.105,2.86351,0.43,0,3.30066,3.59767,0,0.618468,4.89888,4.38366e+06,2.99988e+06,1.4469e+07,0,0,0,0,60.3192,61.308,2.62962,1,1,1.69344,2.1079,0.240439,1.30835,1.69344,9.11013e+06,4.00975e+06,1.54275e+07,0,0,0,0
120.42,122.105,2.64165,0.42,0,3.2715,3.56588,0,0.618544,4.89888,4.38366e+06,2.99988e+06,1.43412e+07,0,0,0,0,60.1138,61.308,2.62151,1,1,1.69344,2.16759,0.295202,1.30835,1.69344,9.11013e+06,4.00975e+06,1.54275e+07,0,0,0,0
119.526,122.105,2.43323,0.4,0,3.27191,3.56632,0,0.61308,4.89888,4.38366e+06,2.99988e+06,1.43429e+07,0,0,0,0,59.9015,61.308,2.61706,1,1,1.69344,2.16785,0.295447,1.30835,1.69344,9.11013e+06,4.00975e+06,1.54275e+07,0,0,0,0
118.248,122.105,2.21669,0.21,0,3.50787,3.56676,0,0.613155,4.89888,4.38366e+06,2.99988e+06,1.53773e+07,0,0,0,0,59.639,61.308,2.32911,1,1,1.69344,2.16812,0.438882,1.30835,1.69344,9.11013e+06,4.00975e+06,1.54275e+07,0,0,0,0
116.907,122.105,2.08938,0.21,0,3.5083,3.5672,0,0.657375,4.89888,4.38366e+06,2.99988e+06,1.53792e+07,0,0,0,0,59.2928,61.308,2.26745,1,1,1.69344,2.16839,0.439144,1.30835,1.69344,9.11013e+06,4.00975e+06,1.54275e+07,0,0,0,0
115.775,122.105,2.40672,0,0,3.59062,3.6509,0,0.657456,4.89888,4.38366e+06,2.99988e+06,1.57401e+07,0,0,0,0,59.1605,61.308,2.60821,1,1,1.69344,2.22165,0.491524,1.30835,1.69344,9.11013e+06,4.00975e+06,1.54275e+07,0,0,0,0
114.515,122.105,2.25139,0,0,3.59106,3.65135,0,0.672882,4.89888,4.38366e+06,2.99988e+06,1.5742e+07,0,0,0,0,58.9163,61.308,2.63866,1,1,1.69344,2.22192,0.491793,1.30835,1.69344,9.11013e+06,4.00975e+06,1.54275e+07,0,0,0,0
113.125,122.105,2.06955,0,0,3.5915,3.6518,0,0.672965,4.89888,4.38366e+06,2.99988e+06,1.57439e+07,0,0,0,0,58.6193,61.308,2.35357,1,1,1.69344,2.22219,0.492062,1.30835,1.69344,9.11013e+06,4.00975e+06,1.54275e+07,0,0,0,0
111.788,122.105,2.16214,0,0,3.59195,3.65225,0,0.673048,4.89888,4.38366e+06,2.99988e+06,1.57459e+07,0,0,0,0,58.3956,61.308,2.65454,1,1,1.69344,2.22247,0.492331,1.30835,1.69344,9.11013e+06,4.00975e+06,1.54275e+07,0,0,0,0
110.499,122.105,2.42501,0,0,3.83231,3.89665,0,0.673131,4.89888,4.38366e+06,2.99988e+06,1.67995e+07,0,0,0,0,58.4103,61.308,3.02011,1,1,1.69344,2.41411,0.680809,1.30835,1.69344,9.11013e+06,4.00975e+06,1.54275e+07,0,0,0,0
109.124,122.105,2.31447,0,0,3.83278,3.89713,0,0.718175,4.89888,4.38366e+06,2.99988e+06,1.68016e+07,0,0,0,0,58.4104,61.308,2.89551,1,1,1.69344,2.41441,0.681101,1.30835,1.69344,9.11013e+06,4.00975e+06,1.54275e+07,0,0,0,0
108.213,122.105,2.91961,0,0,3.83325,3.89761,0,0.718263,4.89888,4.38366e+06,2.99988e+06,1.68037e+07,0,0,0,0,58.4704,61.308,3.17636,1,1,1.69344,2.4147,0.681393,1.30835,1.69344,9.11013e+06,4.00975e+06,1.54275e+07,0,0,0,0
106.861,122.105,2.31193,0,0,3.83372,3.89808,0,0.718351,4.89888,4.38366e+06,2.99988e+06,1.68057e+07,0,0,0,0,58.4514,61.308,2.90862,1,1,1.69344,2.415,0.681685,1.30835,1.69344,9.11013e+06,4.00975e+06,1.54275e+07,0,0,0,0
105.391,122.105,2.1597,0,0,3.8342,3.89856,0,0.71844,4.89888,4.38366e+06,2.99988e+06,1.68078e+07,0,0,0,0,58.3955,61.308,3.04008,1,1,1.69344,2.4153,0.681978,1.30835,1.69344,9.11013e+06,4.00975e+06,1.54275e+07,0,0,0,0
103.954,122.105,2.12404,0,0,3.71767,3.78008,0,0.718528,4.89888,4.38366e+06,2.99988e+06,1.6297e+07,0,0,0,0,58.7943,61.308,5.48871,1,1,1.69344,2.29937,0.567964,1.30835,1.69344,9.11013e+06,4.00975e+06,1.54275e+07,0,0,0,0
102.281,122.105,1.7776,0,0,3.71812,3.78054,0,0.696691,4.89888,4.38366e+06,2.99988e+06,1.6299e+07,0,0,0,0,58.5825,61.308,2.92011,1,1,1.69344,2.29965,0.568243,1.30835,1.69344,9.11013e+06,4.00975e+06,1.54275e+07,0,0,0,0
100.836,122.105,2.03562,0,0,3.71858,3.78101,0,0.696777,4.89888,4.38366e+06,2.99988e+06,1.6301e+07,0,0,0,0,58.4123,61.308,2.98719,1,1,1.69344,2.29993,0.568521,1.30835,1.69344,9.11013e+06,4.00975e+06,1.54275e+07,0,0,0,0
102.614,122.105,6.1725,0,0,3.71904,3.78148,0,0.696862,4.89888,4.38366e+06,2.99988e+06,1.6303e+07,0,0,0,0,59.4818,61.308,5.68765,1,1,1.69344,2.30022,0.568799,1.30835,1.69344,9.11013e+06,4.00975e+06,1.54275e+07,0,0,0,0
107.459,122.105,10.0872,0,0,3.62341,3.68424,0,0.696948,4.89888,4.38366e+06,2.99988e+06,1.58838e+07,0,0,0,0,61.7764,61.308,9.00635,1,1,1.69344,2.19465,0.464979,1.30835,1.69344,9.11013e+06,4.00975e+06,1.54275e+07,0,0,0,0
108.686,122.105,5.72776,0,0,3.62386,3.6847,0,0.679028,4.89888,4.38366e+06,2.99988e+06,1.58858e+07,0,0,0,0,62.3362,61.308,6.08716,1,1,1.69344,2.19492,0.465245,1.30835,1.69344,9.11013e+06,4.00975e+06,1.54275e+07,0,0,0,0
110.231,122.105,6.00832,0,0,3.62431,3.68515,0,0.679111,4.89888,4.38366e+06,2.99988e+06,1.58877e+07,0,0,0,0,62.3362,61.308,6.21365,1,1,1.69344,2.19519,0.46551,1.30835,1.69344,9.11013e+06,4.00975e+06,1.54275e+07,0,0,0,0
112.604,122.105,7.2977,0,0,3.62475,3.6856,0,0.679195,4.89888,4.38366e+06,2.99988e+06,1.58897e+07,0,0,0,0,62.3362,61.308,7.53294,1,1,1.69344,2.19546,0.465776,1.30835,1.69344,9.11013e+06,4.00975e+06,1.54275e+07,0,0,0,0
113.459,122.105,5.37923,0,0,3.35218,3.40845,0,0.679278,4.89888,4.38366e+06,2.99988e+06,1.46948e+07,0,0,0,0,62.3362,61.308,6.72318,1,1,1.69344,1.97518,0.249129,1.30835,1.69344,9.11013e+06,4.00975e+06,1.54275e+07,0,0,0,0
116.635,122.105,7.94097,0,0,3.35259,3.40887,0,0.628198,4.89888,4.38366e+06,2.99988e+06,1.46966e+07,0,0,0,0,62.3362,61.308,7.41755,1,1,1.69344,1.97542,0.249368,1.30835,1.69344,9.11013e+06,4.00975e+06,1.54275e+07,0,0,0,0
122.105,122.105,15.9212,0,0,3.353,3.40929,0,0.628275,4.89888,4.38366e+06,2.99988e+06,1.46984e+07,0,0,0,0,62.3362,61.308,22.1844,1,1,1.69344,1.97567,0.249607,1.30835,1.69344,9.11013e+06,4.00975e+06,1.54275e+07,0,0,0,0
122.105,122.105,9.77253,0,0,3.35341,3.40971,0,0.628353,4.89888,4.38366e+06,2.99988e+06,1.47002e+07,0,0,0,0,62.3362,61.308,13.0802,1,1,1.69344,1.97591,0.249845,1.30835,1.69344,9.11013e+06,4.00975e+06,1.54275e+07,0,0,0,0
122.105,122.105,6.10223,0,0,3.35383,3.41013,0,0.62843,4.89888,4.38366e+06,2.99988e+06,1.4702e+07,0,0,0,0,62.3362,61.308,8.06457,1,1,1.69344,1.97615,0.250084,1.30835,1.69344,9.11013e+06,4.00975e+06,1.54275e+07,0,0,0,0
122.105,122.105,7.41222,0,1,3.4593,3.51737,0,0.628507,4.89888,4.38366e+06,2.99988e+06,1.51644e+07,0,0,0,0,62.3362,61.308,6.90577,1,1,1.69344,2.04029,0.313161,1.30835,1.69344,9.11013e+06,4.00975e+06,1.54275e+07,0,0,0,0
122.105,122.105,7.53271,0,1,3.45969,3.51777,0,0.648273,4.89888,4.38366e+06,2.99988e+06,1.51661e+07,0,0,0,0,62.3362,61.308,7.20137,1,1,1.69344,2.04052,0.313388,1.30835,1.69344,9.11013e+06,4.00975e+06,1.54275e+07,0,0,0,0
122.105,122.105,7.55452,0,1,3.46008,3.51817,0,0.648346,4.89888,4.38366e+06,2.99988e+06,1.51678e+07,0,0,0,0,62.3362,61.308,8.63771,1,1,1.69344,2.04075,0.313615,1.30835,1.69344,9.11013e+06,4.00975e+06,1.54275e+07,0,0,0,0
122.105,122.105,8.34668,0,1,3.46047,3.51857,0,0.648419,4.89888,4.38366e+06,2.99988e+06,1.51695e+07,0,0,0,0,62.3362,61.308,6.16944,1,1,1.69344,2.04098,0.313842,1.30835,1.69344,9.11013e+06,4.00975e+06,1.54275e+07,0,0,0,0
122.105,122.105,4.69367,0,1,3.79843,3.8622,0,0.648493,4.89888,4.38366e+06,2.99988e+06,1.6651e+07,0,0,0,0,62.3362,61.308,4.03676,1,1,1.69344,2.28121,0.55011,1.30835,1.69344,9.11013e+06,4.00975e+06,1.54275e+07,0,0,0,0
122.105,122.105,6.63517,0,1,3.79886,3.86263,0,0.711826,4.89888,4.38366e+06,2.99988e+06,1.66529e+07,0,0,0,0,62.3362,61.308,4.61864,1,1,1.69344,2.28147,0.550363,1.30835,1.69344,9.11013e+06,4.00975e+06,1.54275e+07,0,0,0,0
122.105,122.105,7.36835,0,1,3.79929,3.86307,0,0.711906,4.89888,4.38366e+06,2.99988e+06,1.66548e+07,0,0,0,0,62.3362,61.308,5.60315,1,1,1.69344,2.28173,0.550617,1.30835,1.69344,9.11013e+06,4.00975e+06,1.54275e+07,0,0,0,0
122.105,122.105,5.50093,0,1,3.79972,3.86351,0,0.711986,4.89888,4.38366e+06,2.99988e+06,1.66567e+07,0,0,0,0,62.3362,61.308,4.67149,1,1,1.69344,2.28199,0.550871,1.30835,1.69344,9.11013e+06,4.00975e+06,1.54275e+07,0,0,0,0
122.105,122.105,6.27708,0,1,3.31845,3.37416,0,0.712067,4.89888,4.38366e+06,2.99988e+06,1.4547e+07,0,0,0,0,62.3362,61.308,6.33296,1,1,1.69344,1.96001,0.234212,1.30835,1.69344,9.11013e+06,4.00975e+06,1.54275e+07,0,0,0,0
122.105,122.105,6.02141,0.09,1,3.31883,3.37455,0,0.621878,4.89888,4.38366e+06,2.99988e+06,1.45486e+07,0,0,0,0,62.3362,61.308,6.89546,1,1,1.69344,1.96024,0.23443,1.30835,1.69344,9.11013e+06,4.00975e+06,1.54275e+07,0,0,0,0
122.105,122.105,6.43399,0.24,1,3.3192,3.37493,0,0.621949,4.89888,4.38366e+06,2.99988e+06,1.45503e+07,0,0,0,0,62.3362,61.308,5.67538,1,1,1.69344,1.96046,0.234648,1.30835,1.69344,9.11013e+06,4.00975e+06,1.54275e+07,0,0,0,0
122.105,122.105,5.70724,0.3,1,3.31958,3.37531,0,0.622019,4.89888,4.38366e+06,2.99988e+06,1.45519e+07,0,0,0,0,62.3362,61.308,5.21215,1,1,1.69344,1.96068,0.234866,1.30835,1.69344,9.11013e+06,4.00975e+06,1.54275e+07,0,0,0,0
122.105,122.105,5.37386,0.33,1,3.31995,3.37569,0,0.622089,4.89888,4.38366e+06,2.99988e+06,1.45535e+07,0,0,0,0,62.3362,61.308,4.76883,1,1,1.69344,1.9609,0.235084,1.30835,1.69344,9.11013e+06,4.00975e+06,1.54275e+07,0,0,0,0
122.105,122.105,5.04672,0.35,1,3.44165,3.49943,0,0.622159,4.89888,4.38366e+06,2.99988e+06,1.5087e+07,0,0,0,0,62.3362,61.308,4.26144,1,1,1.69344,2.04,0.312874,1.30835,1.69344,9.11013e+06,4.00975e+06,1.54275e+07,0,0,0,0
122.105,122.105,7.65924,0.35,1,3.44204,3.49982,0,0.644965,4.89888,4.38366e+06,2.99988e+06,1.50887e+07,0,0,0,0,62.3362,61.308,5.25832,1,1,1.69344,2.04023,0.313101,1.30835,1.69344,9.11013e+06,4.00975e+06,1.54275e+07,0,0,0,0
122.105,122.105,5.43409,0.39,1,3.44243,3.50022,0,0.645038,4.89888,4.38366e+06,2.99988e+06,1.50904e+07,0,0,0,0,62.3362,61.308,4.71734,1,1,1.69344,2.04046,0.313328,1.30835,1.69344,9.11013e+06,4.00975e+06,1.54275e+07,0,0,0,0
122.105,122.105,4.9283,0.45,1,3.21162,3.50061,0,0.645111,4.89888,4.38366e+06,2.99988e+06,1.40787e+07,0,0,0,0,62.3362,61.308,4.18965,1,1,1.69344,2.04069,0.17878,1.30835,1.69344,9.11013e+06,4.00975e+06,1.54275e+07,0,0,0,0
122.105,122.105,5.08732,0.4,1,3.16772,3.45276,0,0.601858,4.89888,4.38366e+06,2.99988e+06,1.38862e+07,0,0,0,0,62.3362,61.308,4.00321,1,1,1.69344,2.01027,0.150874,1.30835,1.69344,9.11013e+06,4.00975e+06,1.54275e+07,0,0,0,0
122.105,122.105,4.74994,0.38,1,3.39613,3.45315,0,0.59363,4.89888,4.38366e+06,2.99988e+06,1.48875e+07,0,0,0,0,62.3362,61.308,3.81538,1,1,1.69344,2.0105,0.283863,1.30835,1.69344,9.11013e+06,4.00975e+06,1.54275e+07,0,0,0,0
122.105,122.105,4.39076,0.33,1,3.39652,3.45354,0,0.636435,4.89888,4.38366e+06,2.99988e+06,1.48892e+07,0,0,0,0,62.3362,61.308,3.85176,1,1,1.69344,2.01073,0.284086,1.30835,1.69344,9.11013e+06,4.00975e+06,1.54275e+07,0,0,0,0
122.105,122.105,4.42864,0.27,1,3.3969,3.45393,0,0.636507,4.89888,4.38366e+06,2.99988e+06,1.48908e+07,0,0,0,0,62.3362,61.308,4.72186,1,1,1.69344,2.01095,0.28431,1.30835,1.69344,9.11013e+06,4.00975e+06,1.54275e+07,0,0,0,0
122.105,122.105,4.35415,0.26,1,3.55844,3.61818,0,0.636579,4.89888,4.38366e+06,2.99988e+06,1.5599e+07,0,0,0,0,62.3362,61.308,3.77605,1,1,1.69344,2.11991,0.391473,1.30835,1.69344,9.11013e+06,4.00975e+06,1.54275e+07,0,0,0,0
122.105,122.105,4.31137,0.24,1,3.55884,3.61859,0,0.666852,4.89888,4.38366e+06,2.99988e+06,1.56007e+07,0,0,0,0,62.3362,61.308,3.81178,1,1,1.69344,2.12015,0.391709,1.30835,1.69344,9.11013e+06,4.00975e+06,1.54275e+07,0,0,0,0
121.881,122.105,3.89096,0.2,1,3.55924,3.619,0,0.666927,4.89888,4.38366e+06,2.99988e+06,1.56025e+07,0,0,0,0,62.3362,61.308,3.89102,1,1,1.69344,2.12039,0.391944,1.30835,1.69344,9.11013e+06,4.00975e+06,1.54275e+07,0,0,0,0
121.73,122.105,3.70784,0.44,1,3.32061,3.61941,0,0.667002,4.89888,4.38366e+06,2.99988e+06,1.45564e+07,0,0,0,0,62.3362,61.308,3.84426,1,1,1.69344,2.12063,0.252125,1.30835,1.69344,9.11013e+06,4.00975e+06,1.54275e+07,0,0,0,0
121.037,122.105,3.14585,0.22,1,3.56005,3.61981,0,0.622282,4.89888,4.38366e+06,2.99988e+06,1.5606e+07,0,0,0,0,62.3362,61.308,3.25311,1,1,1.69344,2.12087,0.392415,1.30835,1.69344,9.11013e+06,4.00975e+06,1.54275e+07,0,0,0,0
120.02,122.105,2.64631,0.22,1,3.52856,3.5878,0,0.667153,4.89888,4.38366e+06,2.99988e+06,1.5468e+07,0,0,0,0,62.2633,61.308,2.57079,1,1,1.69344,2.18091,0.45146,1.30835,1.69344,9.11013e+06,4.00975e+06,1.54275e+07,0,0,0,0
118.841,122.105,2.44169,0.19,1,3.52896,3.5882,0,0.661252,4.89888,4.38366e+06,2.99988e+06,1.54698e+07,0,0,0,0,62.1304,61.308,2.45959,1,1,1.69344,2.18115,0.451702,1.30835,1.69344,9.11013e+06,4.00975e+06,1.54275e+07,0,0,0,0
117.585,122.105,2.303,0,1,3.52936,3.58861,0,0.661327,4.89888,4.38366e+06,2.99988e+06,1.54715e+07,0,0,0,0,61.8926,61.308,2.37941,1,1,1.69344,2.1814,0.451944,1.30835,1.69344,9.11013e+06,4.00975e+06,1.54275e+07,0,0,0,0
116.247,122.105,2.19825,0,1,3.52976,3.58902,0,0.661402,4.89888,4.38366e+06,2.99988e+06,1.54732e+07,0,0,0,0,61.69,61.308,2.41826,1,1,1.69344,2.18165,0.452187,1.30835,1.69344,9.11013e+06,4.00975e+06,1.54275e+07,0,0,0,0
115.018,122.105,2.41221,0,1,3.61254,3.67319,0,0.661477,4.89888,4.38366e+06,2.99988e+06,1.58362e+07,0,0,0,0,61.4909,61.308,2.56062,1,1,1.69344,2.23521,0.504865,1.30835,1.69344,9.11013e+06,4.00975e+06,1.54275e+07,0,0,0,0
113.67,122.105,2.22429,0,1,3.61295,3.67361,0,0.676991,4.89888,4.38366e+06,2.99988e+06,1.58379e+07,0,0,0,0,61.2032,61.308,2.44857,1,1,1.69344,2.23546,0.505113,1.30835,1.69344,9.11013e+06,4.00975e+06,1.54275e+07,0,0,0,0
112.172,122.105,2.0262,0,1,3.61336,3.67402,0,0.677067,4.89888,4.38366e+06,2.99988e+06,1.58397e+07,0,0,0,0,60.8741,61.308,2.13154,1,1,1.69344,2.23571,0.505361,1.30835,1.69344,9.11013e+06,4.00975e+06,1.54275e+07,0,0,0,0
110.906,122.105,2.39309,0,1,3.61377,3.67444,0,0.677143,4.89888,4.38366e+06,2.99988e+06,1.58415e+07,0,0,0,0,60.6918,61.308,2.79433,1,1,1.69344,2.23597,0.505609,1.30835,1.69344,9.11013e+06,4.00975e+06,1.54275e+07,0,0,0,0
109.481,122.105,2.31323,0,1,3.85555,3.92028,0,0.67722,4.89888,4.38366e+06,2.99988e+06,1.69014e+07,0,0,0,0,60.4258,61.308,2.29017,1,1,1.69344,2.42875,0.695208,1.30835,1.69344,9.11013e+06,4.00975e+06,1.54275e+07,0,0,0,0
108.243,122.105,2.45886,0,1,3.85599,3.92072,0,0.72253,4.89888,4.38366e+06,2.99988e+06,1.69033e+07,0,0,0,0,60.222,61.308,2.40933,1,1,1.69344,2.42902,0.695478,1.30835,1.69344,9.11013e+06,4.00975e+06,1.54275e+07,0,0,0,0
106.616,122.105,2.01595,0,1,3.85642,3.92116,0,0.722612,4.89888,4.38366e+06,2.99988e+06,1.69052e+07,0,0,0,0,59.8523,61.308,1.92037,1,1,1.69344,2.4293,0.695747,1.30835,1.69344,9.11013e+06,4.00975e+06,1.54275e+07,0,0,0,0
105.304,122.105,2.40128,0,1,3.85686,3.92161,0,0.722693,4.89888,4.38366e+06,2.99988e+06,1.69071e+07,0,0,0,0,59.8057,61.308,2.90235,1,1,1.69344,2.42957,0.696017,1.30835,1.69344,9.11013e+06,4.00975e+06,1.54275e+07,0,0,0,0
103.941,122.105,2.42111,0,1,3.85729,3.92205,0,0.722775,4.89888,4.38366e+06,2.99988e+06,1.69091e+07,0,0,0,0,59.8158,61.308,2.73923,1,1,1.69344,2.42985,0.696287,1.30835,1.69344,9.11013e+06,4.00975e+06,1.54275e+07,0,0,0,0
102.997,122.105,2.70378,0,1,3.74002,3.80281,0,0.722857,4.89888,4.38366e+06,2.99988e+06,1.6395e+07,0,0,0,0,60.1272,61.308,2.94291,1,1,1.69344,2.3132,0.581564,1.30835,1.69344,9.11013e+06,4.00975e+06,1.54275e+07,0,0,0,0
102.768,122.105,3.63686,0,1,3.74045,3.80324,0,0.700881,4.89888,4.38366e+06,2.99988e+06,1.63968e+07,0,0,0,0,60.8284,61.308,3.965,1,1,1.69344,2.31346,0.58182,1.30835,1.69344,9.11013e+06,4.00975e+06,1.54275e+07,0,0,0,0
103.413,122.105,4.73968,0,1,3.74087,3.80367,0,0.70096,4.89888,4.38366e+06,2.99988e+06,1.63987e+07,0,0,0,0,62.2285,61.308,5.57901,1,1,1.69344,2.31372,0.582077,1.30835,1.69344,9.11013e+06,4.00975e+06,1.54275e+07,0,0,0,0
103.396,122.105,3.79227,0,1,3.74129,3.8041,0,0.701039,4.89888,4.38366e+06,2.99988e+06,1.64005e+07,0,0,0,0,62.3362,61.308,3.53684,1,1,1.69344,2.31398,0.582334,1.30835,1.69344,9.11013e+06,4.00975e+06,1.54275e+07,0,0,0,0
103.103,122.105,3.83843,0,1,3.64506,3.70625,0,0.701118,4.89888,4.38366e+06,2.99988e+06,1.59787e+07,0,0,0,0,62.3362,61.308,3.88478,1,1,1.69344,2.20776,0.477871,1.30835,1.69344,9.11013e+06,4.00975e+06,1.54275e+07,0,0,0,0
104.139,122.105,5.2096,0,1,3.64547,3.70667,0,0.683083,4.89888,4.38366e+06,2.99988e+06,1.59805e+07,0,0,0,0,62.3362,61.308,3.43728,1,1,1.69344,2.20801,0.478116,1.30835,1.69344,9.11013e+06,4.00975e+06,1.54275e+07,0,0,0,0
105.067,122.105,5.50663,0,1,3.64588,3.70709,0,0.683161,4.89888,4.38366e+06,2.99988e+06,1.59823e+07,0,0,0,0,62.3362,61.308,6.36409,1,1,1.69344,2.20826,0.478361,1.30835,1.69344,9.11013e+06,4.00975e+06,1.54275e+07,0,0,0,0
108.039,122.105,7.7185,0,1,3.64629,3.7075,0,0.683238,4.89888,4.38366e+06,2.99988e+06,1.59841e+07,0,0,0,0,62.3362,61.308,7.01298,1,1,1.69344,2.20851,0.478607,1.30835,1.69344,9.11013e+06,4.00975e+06,1.54275e+07,0,0,0,0
110.26,122.105,6.7687,0,1,3.37206,3.42867,0,0.683315,4.89888,4.38366e+06,2.99988e+06,1.4782e+07,0,0,0,0,62.3362,61.308,5.83127,1,1,1.69344,1.9869,0.260652,1.30835,1.69344,9.11013e+06,4.00975e+06,1.54275e+07,0,0,0,0
111.886,122.105,6.08312,0,1,3.37244,3.42906,0,0.631925,4.89888,4.38366e+06,2.99988e+06,1.47836e+07,0,0,0,0,62.3362,61.308,4.6286,1,1,1.69344,1.98712,0.260873,1.30835,1.69344,9.11013e+06,4.00975e+06,1.54275e+07,0,0,0,0
118.517,122.105,11.6562,0,1,3.37282,3.42945,0,0.631996,4.89888,4.38366e+06,2.99988e+06,1.47853e+07,0,0,0,0,62.3362,61.308,11.0224,1,1,1.69344,1.98735,0.261093,1.30835,1.69344,9.11013e+06,4.00975e+06,1.54275e+07,0,0,0,0
122.105,122.105,9.75172,0,1,3.37321,3.42983,0,0.632067,4.89888,4.38366e+06,2.99988e+06,1.4787e+07,0,0,0,0,62.3362,61.308,4.50207,1,1,1.69344,1.98757,0.261314,1.30835,1.69344,9.11013e+06,4.00975e+06,1.54275e+07,0,0,0,0
122.105,122.105,9.2871,0,1,3.37359,3.43022,0,0.632139,4.89888,4.38366e+06,2.99988e+06,1.47886e+07,0,0,0,0,62.3362,61.308,7.11055,1,1,1.69344,1.98779,0.261535,1.30835,1.69344,9.11013e+06,4.00975e+06,1.54275e+07,0,0,0,0
122.105,122.105,8.34193,0,1,3.47964,3.53806,0,0.63221,4.89888,4.38366e+06,2.99988e+06,1.52536e+07,0,0,0,0,62.3362,61.308,5.92629,1,1,1.69344,2.05229,0.324963,1.30835,1.69344,9.11013e+06,4.00975e+06,1.54275e+07,0,0,0,0
122.105,122.105,5.64335,0,1,3.48,3.53843,0,0.652085,4.89888,4.38366e+06,2.99988e+06,1.52551e+07,0,0,0,0,62.3362,61.308,5.20495,1,1,1.69344,2.0525,0.325171,1.30835,1.69344,9.11013e+06,4.00975e+06,1.54275e+07,0,0,0,0
122.105,122.105,6.05684,0,1,3.48036,3.53879,0,0.652153,4.89888,4.38366e+06,2.99988e+06,1.52567e+07,0,0,0,0,62.3362,61.308,5.27442,1,1,1.69344,2.05271,0.325379,1.30835,1.69344,9.11013e+06,4.00975e+06,1.54275e+07,0,0,0,0
122.105,122.105,6.15025,0,1,3.48072,3.53916,0,0.65222,4.89888,4.38366e+06,2.99988e+06,1.52583e+07,0,0,0,0,62.3362,61.308,5.42536,1,1,1.69344,2.05292,0.325588,1.30835,1.69344,9.11013e+06,4.00975e+06,1.54275e+07,0,0,0,0
122.105,122.105,7.41299,0,1,3.82062,3.88476,0,0.652287,4.89888,4.38366e+06,2.99988e+06,1.67483e+07,0,0,0,0,62.3362,61.308,7.37415,1,1,1.69344,2.29454,0.563215,1.30835,1.69344,9.11013e+06,4.00975e+06,1.54275e+07,0,0,0,0
122.105,122.105,9.25639,0,1,3.82101,3.88516,0,0.715984,4.89888,4.38366e+06,2.99988e+06,1.675e+07,0,0,0,0,62.3362,61.308,8.1056,1,1,1.69344,2.29478,0.563448,1.30835,1.69344,9.11013e+06,4.00975e+06,1.54275e+07,0,0,0,0
122.105,122.105,8.0651,0,1,3.8214,3.88556,0,0.716057,4.89888,4.38366e+06,2.99988e+06,1.67517e+07,0,0,0,0,62.3362,61.308,6.95335,1,1,1.69344,2.29501,0.56368,1.30835,1.69344,9.11013e+06,4.00975e+06,1.54275e+07,0,0,0,0
122.105,122.105,5.97402,0,1,3.8218,3.88596,0,0.716131,4.89888,4.38366e+06,2.99988e+06,1.67535e+07,0,0,0,0,62.3362,61.308,4.87076,1,1,1.69344,2.29525,0.563913,1.30835,1.69344,9.11013e+06,4.00975e+06,1.54275e+07,0,0,0,0
122.105,122.105,5.17214,0,1,3.33771,3.39374,0,0.716205,4.89888,4.38366e+06,2.99988e+06,1.46314e+07,0,0,0,0,62.3362,61.308,4.28561,1,1,1.69344,1.97138,0.245395,1.30835,1.69344,9.11013e+06,4.00975e+06,1.54275e+07,0,0,0,0
122.105,122.105,4.97344,0,1,3.33805,3.39409,0,0.625486,4.89888,4.38366e+06,2.99988e+06,1.46329e+07,0,0,0,0,62.3362,61.308,4.31692,1,1,1.69344,1.97159,0.245595,1.30835,1.69344,9.11013e+06,4.00975e+06,1.54275e+07,0,0,0,0
122.105,122.105,5.13326,0,1,3.33839,3.39444,0,0.62555,4.89888,4.38366e+06,2.99988e+06,1.46344e+07,0,0,0,0,62.3362,61.308,5.08996,1,1,1.69344,1.97179,0.245795,1.30835,1.69344,9.11013e+06,4.00975e+06,1.54275e+07,0,0,0,0
122.105,122.105,8.2799,0,1,3.33874,3.39479,0,0.625615,4.89888,4.38366e+06,2.99988e+06,1.46359e+07,0,0,0,0,62.3362,61.308,7.95178,1,1,1.69344,1.97199,0.245995,1.30835,1.69344,9.11013e+06,4.00975e+06,1.54275e+07,0,0,0,0
122.105,122.105,8.92278,0.3,1,3.33908,3.39514,0,0.625679,4.89888,4.38366e+06,2.99988e+06,1.46374e+07,0,0,0,0,62.3362,61.308,8.87922,1,1,1.69344,1.9722,0.246195,1.30835,1.69344,9.11013e+06,4.00975e+06,1.54275e+07,0,0,0,0
122.105,122.105,8.56701,0.42,1,3.229,3.51955,0,0.625744,4.89888,4.38366e+06,2.99988e+06,1.41548e+07,0,0,0,0,62.3362,61.308,6.94576,1,1,1.69344,2.05173,0.18891,1.30835,1.69344,9.11013e+06,4.00975e+06,1.54275e+07,0,0,0,0
122.105,122.105,7.75536,0.62,1,3.22933,3.51992,0,0.605114,4.89888,4.38366e+06,2.99988e+06,1.41563e+07,0,0,0,0,62.3362,61.308,5.97434,1,1,1.69344,2.05194,0.189104,1.30835,1.69344,9.11013e+06,4.00975e+06,1.54275e+07,0,0,0,0
122.105,122.105,7.2199,0.61,1,3.22966,3.52028,0,0.605177,4.89888,4.38366e+06,2.99988e+06,1.41577e+07,0,0,0,0,62.3362,61.308,6.73567,1,1,1.69344,2.05215,0.189298,1.30835,1.69344,9.11013e+06,4.00975e+06,1.54275e+07,0,0,0,0
122.105,122.105,6.23443,0.6,1,3.23,3.52064,0,0.605239,4.89888,4.38366e+06,2.99988e+06,1.41592e+07,0,0,0,0,62.3362,61.308,5.41147,1,1,1.69344,2.05236,0.189492,1.30835,1.69344,9.11013e+06,4.00975e+06,1.54275e+07,0,0,0,0
122.105,122.105,6.77855,0.59,1,3.18581,3.47248,0,0.605301,4.89888,4.38366e+06,2.99988e+06,1.39655e+07,0,0,0,0,62.3362,61.308,4.28087,1,1,1.69344,2.02175,0.161408,1.30835,1.69344,9.11013e+06,4.00975e+06,1.54275e+07,0,0,0,0
122.105,122.105,5.39569,0.56,1,3.18614,3.47283,0,0.59702,4.89888,4.38366e+06,2.99988e+06,1.39669e+07,0,0,0,0,62.3362,61.308,3.6646,1,1,1.69344,2.02196,0.161599,1.30835,1.69344,9.11013e+06,4.00975e+06,1.54275e+07,0,0,0,0
122.105,122.105,4.75943,0.54,1,3.18646,3.47319,0,0.597082,4.89888,4.38366e+06,2.99988e+06,1.39684e+07,0,0,0,0,62.2976,61.308,3.25853,1,1,1.69344,2.02217,0.16179,1.30835,1.69344,9.11013e+06,4.00975e+06,1.54275e+07,0,0,0,0
122.105,122.105,4.28254,0.49,1,3.18679,3.47355,0,0.597143,4.89888,4.38366e+06,2.99988e+06,1.39698e+07,0,0,0,0,62.1677,61.308,2.91829,1,1,1.69344,2.02238,0.161981,1.30835,1.69344,9.11013e+06,4.00975e+06,1.54275e+07,0,0,0,0
122.105,122.105,4.23553,0.44,1,3.33831,3.6387,0,0.597205,4.89888,4.38366e+06,2.99988e+06,1.4634e+07,0,0,0,0,62.0862,61.308,2.72792,1,1,1.69344,2.13194,0.262497,1.30835,1.69344,9.11013e+06,4.00975e+06,1.54275e+07,0,0,0,0
122.105,122.105,4.04194,0.42,1,3.33865,3.63907,0,0.625599,4.89888,4.38366e+06,2.99988e+06,1.46355e+07,0,0,0,0,61.8529,61.308,2.44883,1,1,1.69344,2.13216,0.262698,1.30835,1.69344,9.11013e+06,4.00975e+06,1.54275e+07,0,0,0,0
122.014,122.105,3.63786,0.38,1,3.57936,3.63945,0,0.625664,4.89888,4.38366e+06,2.99988e+06,1.56907e+07,0,0,0,0,61.5998,61.308,2.43868,1,1,1.69344,2.13238,0.403729,1.30835,1.69344,9.11013e+06,4.00975e+06,1.54275e+07,0,0,0,0
122.088,122.105,3.63018,0.48,1,3.33934,3.63982,0,0.670772,4.89888,4.38366e+06,2.99988e+06,1.46385e+07,0,0,0,0,61.4008,61.308,2.45436,1,1,1.69344,2.1326,0.263101,1.30835,1.69344,9.11013e+06,4.00975e+06,1.54275e+07,0,0,0,0
121.61,122.105,2.97859,0.42,1,3.33968,3.6402,0,0.625792,4.89888,4.38366e+06,2.99988e+06,1.464e+07,0,0,0,0,61.1478,61.308,2.27794,1,1,1.69344,2.13282,0.263303,1.30835,1.69344,9.11013e+06,4.00975e+06,1.54275e+07,0,0,0,0
120.519,122.105,2.27394,0.41,1,3.31011,3.60797,0,0.625857,4.89888,4.38366e+06,2.99988e+06,1.45104e+07,0,0,0,0,60.8654,61.308,2.10487,1,1,1.69344,2.19317,0.318673,1.30835,1.69344,9.11013e+06,4.00975e+06,1.54275e+07,0,0,0,0
119.274,122.105,2.08235,0.4,1,3.31046,3.60834,0,0.620315,4.89888,4.38366e+06,2.99988e+06,1.45119e+07,0,0,0,0,60.5415,61.308,1.92741,1,1,1.69344,2.19339,0.31888,1.30835,1.69344,9.11013e+06,4.00975e+06,1.54275e+07,0,0,0,0
117.778,122.105,1.97211,0.38,1,3.54913,3.60871,0,0.620379,4.89888,4.38366e+06,2.99988e+06,1.55582e+07,0,0,0,0,60.1187,61.308,1.9122,1,1,1.69344,2.19362,0.463962,1.30835,1.69344,9.11013e+06,4.00975e+06,1.54275e+07,0,0,0,0
116.11,122.105,1.77437,0.38,1,3.54949,3.60908,0,0.665107,4.89888,4.38366e+06,2.99988e+06,1.55598e+07,0,0,0,0,59.5946,61.308,1.86016,1,1,1.69344,2.19385,0.464184,1.30835,1.69344,9.11013e+06,4.00975e+06,1.54275e+07,0,0,0,0
114.395,122.105,1.73706,0.33,1,3.63271,3.69369,0,0.665175,4.89888,4.38366e+06,2.99988e+06,1.59245e+07,0,0,0,0,59.0608,61.308,1.68274,1,1,1.69344,2.24769,0.517135,1.30835,1.69344,9.11013e+06,4.00975e+06,1.54275e+07,0,0,0,0
112.633,122.105,1.67494,0.18,1,3.63308,3.69407,0,0.680769,4.89888,4.38366e+06,2.99988e+06,1.59262e+07,0,0,0,0,58.4361,61.308,1.69682,1,1,1.69344,2.24792,0.517362,1.30835,1.69344,9.11013e+06,4.00975e+06,1.54275e+07,0,0,0,0
110.707,122.105,1.48499,0.26,1,3.63346,3.69445,0,0.680839,4.89888,4.38366e+06,2.99988e+06,1.59278e+07,0,0,0,0,57.7367,61.308,1.55559,1,1,1.69344,2.24815,0.51759,1.30835,1.69344,9.11013e+06,4.00975e+06,1.54275e+07,0,0,0,0
108.709,122.105,1.38494,0.18,1,3.63383,3.69483,0,0.68091,4.89888,4.38366e+06,2.99988e+06,1.59295e+07,0,0,0,0,57.1378,61.308,1.49848,1,1,1.69344,2.24838,0.517818,1.30835,1.69344,9.11013e+06,4.00975e+06,1.54275e+07,0,0,0,0
106.35,122.105,1.17074,0,1,3.87692,3.942,0,0.68098,4.89888,4.38366e+06,2.99988e+06,1.69951e+07,0,0,0,0,56.5636,61.308,1.61276,1,1,1.69344,2.44221,0.708445,1.30835,1.69344,9.11013e+06,4.00975e+06,1.54275e+07,0,0,0,0
103.942,122.105,1.08361,0,1,3.87732,3.94241,0,0.726534,4.89888,4.38366e+06,2.99988e+06,1.69968e+07,0,0,0,0,55.9068,61.308,1.61421,1,1,1.69344,2.44246,0.708692,1.30835,1.69344,9.11013e+06,4.00975e+06,1.54275e+07,0,0,0,0
101.541,122.105,1.06074,0,1,3.87772,3.94281,0,0.726609,4.89888,4.38366e+06,2.99988e+06,1.69986e+07,0,0,0,0,55.3076,61.308,1.52004,1,1,1.69344,2.44271,0.70894,1.30835,1.69344,9.11013e+06,4.00975e+06,1.54275e+07,0,0,0,0
99.5381,122.105,1.46076,0,1,3.87811,3.94322,0,0.726684,4.89888,4.38366e+06,2.99988e+06,1.70003e+07,0,0,0,0,54.7648,61.308,1.77961,1,1,1.69344,2.44296,0.709187,1.30835,1.69344,9.11013e+06,4.00975e+06,1.54275e+07,0,0,0,0
97.7906,122.105,1.79818,0,1,3.87851,3.94363,0,0.726759,4.89888,4.38366e+06,2.99988e+06,1.70021e+07,0,0,0,0,54.3178,61.308,1.97436,1,1,1.69344,2.44321,0.709435,1.30835,1.69344,9.11013e+06,4.00975e+06,1.54275e+07,0,0,0,0
96.2067,122.105,1.90385,0,1,3.76056,3.8237,0,0.726834,4.89888,4.38366e+06,2.99988e+06,1.6485e+07,0,0,0,0,54.0054,61.308,2.72474,1,1,1.69344,2.3259,0.594057,1.30835,1.69344,9.11013e+06,4.00975e+06,1.54275e+07,0,0,0,0
94.9609,122.105,2.26347,0,1,3.76095,3.82409,0,0.70473,4.89888,4.38366e+06,2.99988e+06,1.64867e+07,0,0,0,0,53.852,61.308,3.12257,1,1,1.69344,2.32614,0.594293,1.30835,1.69344,9.11013e+06,4.00975e+06,1.54275e+07,0,0,0,0
93.677,122.105,2.17368,0,1,3.76134,3.82448,0,0.704802,4.89888,4.38366e+06,2.99988e+06,1.64884e+07,0,0,0,0,53.5522,61.308,2.77577,1,1,1.69344,2.32638,0.594529,1.30835,1.69344,9.11013e+06,4.00975e+06,1.54275e+07,0,0,0,0
92.1375,122.105,1.94481,0,1,3.76173,3.82488,0,0.704875,4.89888,4.38366e+06,2.99988e+06,1.64901e+07,0,0,0,0,53.2761,61.308,2.72219,1,1,1.69344,2.32662,0.594764,1.30835,1.69344,9.11013e+06,4.00975e+06,1.54275e+07,0,0,0,0
91.2434,122.105,3.00553,0,1,3.66493,3.72646,0,0.704947,4.89888,4.38366e+06,2.99988e+06,1.60658e+07,0,0,0,0,53.2856,61.308,3.20564,1,1,1.69344,2.2198,0.489709,1.30835,1.69344,9.11013e+06,4.00975e+06,1.54275e+07,0,0,0,0
90.6191,122.105,3.3543,0,1,3.66531,3.72684,0,0.686808,4.89888,4.38366e+06,2.99988e+06,1.60674e+07,0,0,0,0,54.0563,61.308,4.78293,1,1,1.69344,2.22003,0.489934,1.30835,1.69344,9.11013e+06,4.00975e+06,1.54275e+07,0,0,0,0
89.6873,122.105,3.09352,0,1,3.66568,3.72722,0,0.686878,4.89888,4.38366e+06,2.99988e+06,1.60691e+07,0,0,0,0,54.7904,61.308,4.49775,1,1,1.69344,2.22026,0.490159,1.30835,1.69344,9.11013e+06,4.00975e+06,1.54275e+07,0,0,0,0
90.6542,122.105,5.44044,0,1,3.66606,3.72761,0,0.686949,4.89888,4.38366e+06,2.99988e+06,1.60708e+07,0,0,0,0,55.648,61.308,5.90054,1,1,1.69344,2.22049,0.490384,1.30835,1.69344,9.11013e+06,4.00975e+06,1.54275e+07,0,0,0,0
92.1651,122.105,5.34306,0,1,3.39031,3.44723,0,0.68702,4.89888,4.38366e+06,2.99988e+06,1.4862e+07,0,0,0,0,56.4696,61.308,5.34301,1,1,1.69344,1.99765,0.271228,1.30835,1.69344,9.11013e+06,4.00975e+06,1.54275e+07,0,0,0,0
91.8947,122.105,3.61833,0,1,3.39066,3.44758,0,0.635345,4.89888,4.38366e+06,2.99988e+06,1.48635e+07,0,0,0,0,57.4813,61.308,6.64283,1,1,1.69344,1.99786,0.27143,1.30835,1.69344,9.11013e+06,4.00975e+06,1.54275e+07,0,0,0,0
90.8759,122.105,2.45362,0,1,3.39101,3.44794,0,0.63541,4.89888,4.38366e+06,2.99988e+06,1.4865e+07,0,0,0,0,57.3152,61.308,3.23535,1,1,1.69344,1.99806,0.271632,1.30835,1.69344,9.11013e+06,4.00975e+06,1.54275e+07,0,0,0,0
89.9194,122.105,2.37876,0,1,3.39136,3.44829,0,0.635476,4.89888,4.38366e+06,2.99988e+06,1.48666e+07,0,0,0,0,57.1935,61.308,2.93353,1,1,1.69344,1.99827,0.271835,1.30835,1.69344,9.11013e+06,4.00975e+06,1.54275e+07,0,0,0,0
89.8118,122.105,3.59581,0,1,3.39171,3.44865,0,0.635541,4.89888,4.38366e+06,2.99988e+06,1.48681e+07,0,0,0,0,57.4687,61.308,3.67211,1,1,1.69344,1.99847,0.272037,1.30835,1.69344,9.11013e+06,4.00975e+06,1.54275e+07,0,0,0,0
91.4836,122.105,5.81345,0,1,3.4983,3.55703,0,0.635606,4.89888,4.38366e+06,2.99988e+06,1.53354e+07,0,0,0,0,58.8553,61.308,6.27279,1,1,1.69344,2.06329,0.335787,1.30835,1.69344,9.11013e+06,4.00975e+06,1.54275e+07,0,0,0,0
92.2526,122.105,4.63424,0,1,3.49863,3.55737,0,0.655582,4.89888,4.38366e+06,2.99988e+06,1.53368e+07,0,0,0,0,59.8115,61.308,5.25234,1,1,1.69344,2.06349,0.335976,1.30835,1.69344,9.11013e+06,4.00975e+06,1.54275e+07,0,0,0,0
92.6781,122.105,4.23972,0,1,3.49896,3.5577,0,0.655643,4.89888,4.38366e+06,2.99988e+06,1.53382e+07,0,0,0,0,60.9062,61.308,5.06925,1,1,1.69344,2.06368,0.336166,1.30835,1.69344,9.11013e+06,4.00975e+06,1.54275e+07,0,0,0,0
93.7366,122.105,4.96785,0,1,3.49929,3.55803,0,0.655705,4.89888,4.38366e+06,2.99988e+06,1.53397e+07,0,0,0,0,61.9922,61.308,5.45688,1,1,1.69344,2.06387,0.336356,1.30835,1.69344,9.11013e+06,4.00975e+06,1.54275e+07,0,0,0,0
94.3402,122.105,5.06017,0,1,3.84096,3.90544,0,0.655766,4.89888,4.38366e+06,2.99988e+06,1.68374e+07,0,0,0,0,62.3362,61.308,5.37678,1,1,1.69344,2.30676,0.575229,1.30835,1.69344,9.11013e+06,4.00975e+06,1.54275e+07,0,0,0,0
94.0978,122.105,4.09729,0,1,3.84132,3.9058,0,0.719795,4.89888,4.38366e+06,2.99988e+06,1.6839e+07,0,0,0,0,62.3362,61.308,3.44503,1,1,1.69344,2.30697,0.57544,1.30835,1.69344,9.11013e+06,4.00975e+06,1.54275e+07,0,0,0,0
95.7116,122.105,6.30066,0,1,3.84167,3.90617,0,0.719862,4.89888,4.38366e+06,2.99988e+06,1.68406e+07,0,0,0,0,62.3362,61.308,6.44676,1,1,1.69344,2.30719,0.575653,1.30835,1.69344,9.11013e+06,4.00975e+06,1.54275e+07,0,0,0,0
97.6443,122.105,6.89657,0,1,3.84203,3.90653,0,0.71993,4.89888,4.38366e+06,2.99988e+06,1.68422e+07,0,0,0,0,62.3362,61.308,9.0742,1,1,1.69344,2.3074,0.575865,1.30835,1.69344,9.11013e+06,4.00975e+06,1.54275e+07,0,0,0,0
103.063,122.105,10.346,0,1,3.35534,3.41167,0,0.719997,4.89888,4.38366e+06,2.99988e+06,1.47087e+07,0,0,0,0,62.3362,61.308,8.98298,1,1,1.69344,1.9818,0.255641,1.30835,1.69344,9.11013e+06,4.00975e+06,1.54275e+07,0,0,0,0
108.031,122.105,9.96357,0,1,3.35566,3.41199,0,0.628792,4.89888,4.38366e+06,2.99988e+06,1.47101e+07,0,0,0,0,62.3362,61.308,6.97989,1,1,1.69344,1.98199,0.255824,1.30835,1.69344,9.11013e+06,4.00975e+06,1.54275e+07,0,0,0,0
113.214,122.105,10.3141,0,1,3.35597,3.41231,0,0.62885,4.89888,4.38366e+06,2.99988e+06,1.47114e+07,0,0,0,0,62.3362,61.308,6.90265,1,1,1.69344,1.98217,0.256006,1.30835,1.69344,9.11013e+06,4.00975e+06,1.54275e+07,0,0,0,0
117.398,122.105,9.10747,0,1,3.35629,3.41263,0,0.628909,4.89888,4.38366e+06,2.99988e+06,1.47128e+07,0,0,0,0,62.3362,61.308,6.19989,1,1,1.69344,1.98236,0.256188,1.30835,1.69344,9.11013e+06,4.00975e+06,1.54275e+07,0,0,0,0
121.787,122.105,9.46739,0,1,3.3566,3.41295,0,0.628968,4.89888,4.38366e+06,2.99988e+06,1.47142e+07,0,0,0,0,62.3362,61.308,6.51736,1,1,1.69344,1.98254,0.25637,1.30835,1.69344,9.11013e+06,4.00975e+06,1.54275e+07,0,0,0,0
122.105,122.105,12.9778,0,1,3.47957,3.53798,0,0.629027,4.89888,4.38366e+06,2.99988e+06,1.52532e+07,0,0,0,0,62.3362,61.308,8.04686,1,1,1.69344,2.06247,0.334979,1.30835,1.69344,9.11013e+06,4.00975e+06,1.54275e+07,0,0,0,0
122.105,122.105,8.0501,0,1,3.47989,3.53831,0,0.652071,4.89888,4.38366e+06,2.99988e+06,1.52547e+07,0,0,0,0,62.3362,61.308,5.59494,1,1,1.69344,2.06266,0.335169,1.30835,1.69344,9.11013e+06,4.00975e+06,1.54275e+07,0,0,0,0
122.105,122.105,6.82466,0,1,3.48022,3.53864,0,0.652132,4.89888,4.38366e+06,2.99988e+06,1.52561e+07,0,0,0,0,62.3362,61.308,5.14637,1,1,1.69344,2.06286,0.335358,1.30835,1.69344,9.11013e+06,4.00975e+06,1.54275e+07,0,0,0,0
122.105,122.105,6.10317,0,1,3.48054,3.53897,0,0.652193,4.89888,4.38366e+06,2.99988e+06,1.52575e+07,0,0,0,0,62.3362,61.308,4.75076,1,1,1.69344,2.06305,0.335548,1.30835,1.69344,9.11013e+06,4.00975e+06,1.54275e+07,0,0,0,0
122.105,122.105,6.30102,0,1,3.43289,3.49052,0,0.652254,4.89888,4.38366e+06,2.99988e+06,1.50486e+07,0,0,0,0,62.3362,61.308,4.31213,1,1,1.69344,2.03226,0.305266,1.30835,1.69344,9.11013e+06,4.00975e+06,1.54275e+07,0,0,0,0
122.105,122.105,6.0642,0,1,3.43321,3.49085,0,0.643324,4.89888,4.38366e+06,2.99988e+06,1.505e+07,0,0,0,0,62.3362,61.308,3.99292,1,1,1.69344,2.03245,0.305452,1.30835,1.69344,9.11013e+06,4.00975e+06,1.54275e+07,0,0,0,0
122.105,122.105,5.65274,0,1,3.43353,3.49118,0,0.643384,4.89888,4.38366e+06,2.99988e+06,1.50514e+07,0,0,0,0,62.3362,61.308,4.08819,1,1,1.69344,2.03264,0.305639,1.30835,1.69344,9.11013e+06,4.00975e+06,1.54275e+07,0,0,0,0
122.105,122.105,5.18073,0,1,3.43385,3.4915,0,0.643444,4.89888,4.38366e+06,2.99988e+06,1.50528e+07,0,0,0,0,62.3362,61.308,3.6966,1,1,1.69344,2.03283,0.305826,1.30835,1.69344,9.11013e+06,4.00975e+06,1.54275e+07,0,0,0,0
122.105,122.105,4.69378,0,1,3.59708,3.65747,0,0.643504,4.89888,4.38366e+06,2.99988e+06,1.57684e+07,0,0,0,0,62.3362,61.308,3.43712,1,1,1.69344,2.14294,0.414114,1.30835,1.69344,9.11013e+06,4.00975e+06,1.54275e+07,0,0,0,0
122.105,122.105,4.11841,0,1,3.59742,3.65781,0,0.674093,4.89888,4.38366e+06,2.99988e+06,1.57698e+07,0,0,0,0,62.3278,61.308,3.01921,1,1,1.69344,2.14314,0.41431,1.30835,1.69344,9.11013e+06,4.00975e+06,1.54275e+07,0,0,0,0
121.984,122.105,3.70853,0,1,3.59775,3.65815,0,0.674156,4.89888,4.38366e+06,2.99988e+06,1.57713e+07,0,0,0,0,62.2933,61.308,3.00448,1,1,1.69344,2.14334,0.414507,1.30835,1.69344,9.11013e+06,4.00975e+06,1.54275e+07,0,0,0,0
121.825,122.105,3.70727,0,1,3.59809,3.65849,0,0.674219,4.89888,4.38366e+06,2.99988e+06,1.57728e+07,0,0,0,0,62.3306,61.308,3.03081,1,1,1.69344,2.14354,0.414704,1.30835,1.69344,9.11013e+06,4.00975e+06,1.54275e+07,0,0,0,0
121.466,122.105,3.39623,0,1,3.59843,3.65884,0,0.674282,4.89888,4.38366e+06,2.99988e+06,1.57743e+07,0,0,0,0,62.2649,61.308,2.71471,1,1,1.69344,2.14374,0.414901,1.30835,1.69344,9.11013e+06,4.00975e+06,1.54275e+07,0,0,0,0
120.978,122.105,3.11417,0,1,3.56653,3.62641,0,0.674345,4.89888,4.38366e+06,2.99988e+06,1.56344e+07,0,0,0,0,62.0284,61.308,2.20147,1,1,1.69344,2.20438,0.47454,1.30835,1.69344,9.11013e+06,4.00975e+06,1.54275e+07,0,0,0,0
120.368,122.105,2.96623,0,1,3.56686,3.62674,0,0.668368,4.89888,4.38366e+06,2.99988e+06,1.56359e+07,0,0,0,0,61.7604,61.308,2.12978,1,1,1.69344,2.20458,0.474742,1.30835,1.69344,9.11013e+06,4.00975e+06,1.54275e+07,0,0,0,0
119.595,122.105,2.773,0,1,3.5672,3.62708,0,0.66843,4.89888,4.38366e+06,2.99988e+06,1.56374e+07,0,0,0,0,61.4059,61.308,1.98705,1,1,1.69344,2.20479,0.474945,1.30835,1.69344,9.11013e+06,4.00975e+06,1.54275e+07,0,0,0,0
118.695,122.105,2.61841,0,1,3.56753,3.62742,0,0.668493,4.89888,4.38366e+06,2.99988e+06,1.56388e+07,0,0,0,0,61.0057,61.308,1.86809,1,1,1.69344,2.20499,0.475147,1.30835,1.69344,9.11013e+06,4.00975e+06,1.54275e+07,0,0,0,0
117.647,122.105,2.55844,0,1,3.65113,3.71242,0,0.668555,4.89888,4.38366e+06,2.99988e+06,1.60053e+07,0,0,0,0,60.7494,61.308,1.99251,1,1,1.69344,2.25908,0.528345,1.30835,1.69344,9.11013e+06,4.00975e+06,1.54275e+07,0,0,0,0
116.517,122.105,2.41508,0,1,3.65147,3.71277,0,0.684222,4.89888,4.38366e+06,2.99988e+06,1.60068e+07,0,0,0,0,60.4165,61.308,2.2048,1,1,1.69344,2.2593,0.528552,1.30835,1.69344,9.11013e+06,4.00975e+06,1.54275e+07,0,0,0,0
115.664,122.105,2.73846,0,1,3.65181,3.71312,0,0.684285,4.89888,4.38366e+06,2.99988e+06,1.60083e+07,0,0,0,0,60.2089,61.308,2.29659,1,1,1.69344,2.25951,0.52876,1.30835,1.69344,9.11013e+06,4.00975e+06,1.54275e+07,0,0,0,0
114.536,122.105,2.4375,0,1,3.65215,3.71346,0,0.684349,4.89888,4.38366e+06,2.99988e+06,1.60098e+07,0,0,0,0,59.6934,61.308,1.97757,1,1,1.69344,2.25972,0.528967,1.30835,1.69344,9.11013e+06,4.00975e+06,1.54275e+07,0,0,0,0
112.895,122.105,2.03769,0,1,3.89643,3.96184,0,0.684413,4.89888,4.38366e+06,2.99988e+06,1.70806e+07,0,0,0,0,58.8692,61.308,1.64507,1,1,1.69344,2.4545,0.720532,1.30835,1.69344,9.11013e+06,4.00975e+06,1.54275e+07,0,0,0,0
111.238,122.105,2.00934,0,1,3.89679,3.96221,0,0.73019,4.89888,4.38366e+06,2.99988e+06,1.70822e+07,0,0,0,0,57.8222,61.308,1.43256,1,1,1.69344,2.45473,0.720758,1.30835,1.69344,9.11013e+06,4.00975e+06,1.54275e+07,0,0,0,0
109.268,122.105,1.62958,0,1,3.89715,3.96258,0,0.730259,4.89888,4.38366e+06,2.99988e+06,1.70838e+07,0,0,0,0,57.1506,61.308,1.01119,1,1,1.69344,2.45496,0.720983,1.30835,1.69344,9.11013e+06,4.00975e+06,1.54275e+07,0,0,0,0
107.643,122.105,2.06221,0,1,3.89752,3.96295,0,0.730327,4.89888,4.38366e+06,2.99988e+06,1.70854e+07,0,0,0,0,56.369,61.308,1.83722,1,1,1.69344,2.45519,0.721209,1.30835,1.69344,9.11013e+06,4.00975e+06,1.54275e+07,0,0,0,0
105.657,122.105,1.65949,0,1,3.89788,3.96332,0,0.730395,4.89888,4.38366e+06,2.99988e+06,1.7087e+07,0,0,0,0,55.2964,61.308,1.20351,1,1,1.69344,2.45542,0.721434,1.30835,1.69344,9.11013e+06,4.00975e+06,1.54275e+07,0,0,0,0
104.019,122.105,1.84449,0,1,3.77931,3.84275,0,0.730463,4.89888,4.38366e+06,2.99988e+06,1.65672e+07,0,0,0,0,54.6637,61.308,1.1076,1,1,1.69344,2.33749,0.605458,1.30835,1.69344,9.11013e+06,4.00975e+06,1.54275e+07,0,0,0,0
103.206,122.105,2.96246,0,1,3.77966,3.84311,0,0.708242,4.89888,4.38366e+06,2.99988e+06,1.65687e+07,0,0,0,0,54.1393,61.308,1.90445,1,1,1.69344,2.33771,0.605673,1.30835,1.69344,9.11013e+06,4.00975e+06,1.54275e+07,0,0,0,0
102.014,122.105,2.50201,0,1,3.78001,3.84347,0,0.708308,4.89888,4.38366e+06,2.99988e+06,1.65703e+07,0,0,0,0,53.2531,61.308,1.50801,1,1,1.69344,2.33793,0.605888,1.30835,1.69344,9.11013e+06,4.00975e+06,1.54275e+07,0,0,0,0
100.777,122.105,2.36873,0,1,3.78036,3.84383,0,0.708374,4.89888,4.38366e+06,2.99988e+06,1.65718e+07,0,0,0,0,52.587,61.308,1.15653,1,1,1.69344,2.33815,0.606102,1.30835,1.69344,9.11013e+06,4.00975e+06,1.54275e+07,0,0,0,0
99.5659,122.105,2.34576,0,1,3.68305,3.74488,0,0.70844,4.89888,4.38366e+06,2.99988e+06,1.61452e+07,0,0,0,0,52.0626,61.308,1.51239,1,1,1.69344,2.23078,0.500505,1.30835,1.69344,9.11013e+06,4.00975e+06,1.54275e+07,0,0,0,0
98.7813,122.105,2.91199,0,1,3.6834,3.74523,0,0.690204,4.89888,4.38366e+06,2.99988e+06,1.61467e+07,0,0,0,0,51.8496,61.308,1.68285,1,1,1.69344,2.23099,0.50071,1.30835,1.69344,9.11013e+06,4.00975e+06,1.54275e+07,0,0,0,0
98.7576,122.105,3.76104,0,1,3.68374,3.74558,0,0.690268,4.89888,4.38366e+06,2.99988e+06,1.61483e+07,0,0,0,0,51.7797,61.308,2.06798,1,1,1.69344,2.23119,0.500915,1.30835,1.69344,9.11013e+06,4.00975e+06,1.54275e+07,0,0,0,0
98.517,122.105,3.82864,0,1,3.68408,3.74593,0,0.690333,4.89888,4.38366e+06,2.99988e+06,1.61498e+07,0,0,0,0,52.104,61.308,2.43772,1,1,1.69344,2.2314,0.50112,1.30835,1.69344,9.11013e+06,4.00975e+06,1.54275e+07,0,0,0,0
97.7256,122.105,2.91878,0,1,3.40695,3.46414,0,0.690397,4.89888,4.38366e+06,2.99988e+06,1.49349e+07,0,0,0,0,51.8734,61.308,2.24466,1,1,1.69344,2.00745,0.280867,1.30835,1.69344,9.11013e+06,4.00975e+06,1.54275e+07,0,0,0,0
98.2563,122.105,4.24647,0,1,3.40727,3.46447,0,0.638462,4.89888,4.38366e+06,2.99988e+06,1.49363e+07,0,0,0,0,50.8616,61.308,1.34175,1,1,1.69344,2.00764,0.281052,1.30835,1.69344,9.11013e+06,4.00975e+06,1.54275e+07,0,0,0,0
98.161,122.105,3.54924,0,1,3.40758,3.46479,0,0.638522,4.89888,4.38366e+06,2.99988e+06,1.49377e+07,0,0,0,0,50.4288,61.308,1.35319,1,1,1.69344,2.00783,0.281236,1.30835,1.69344,9.11013e+06,4.00975e+06,1.54275e+07,0,0,0,0
98.9054,122.105,4.70955,0,1,3.4079,3.46511,0,0.638581,4.89888,4.38366e+06,2.99988e+06,1.49391e+07,0,0,0,0,50.7285,61.308,3.67888,1,1,1.69344,2.00801,0.28142,1.30835,1.69344,9.11013e+06,4.00975e+06,1.54275e+07,0,0,0,0
98.6558,122.105,3.28605,0,1,3.40822,3.46544,0,0.638641,4.89888,4.38366e+06,2.99988e+06,1.49405e+07,0,0,0,0,50.4273,61.308,1.75457,1,1,1.69344,2.0082,0.281605,1.30835,1.69344,9.11013e+06,4.00975e+06,1.54275e+07,0,0,0,0
100.671,122.105,5.97079,0,1,3.5153,3.57431,0,0.6387,4.89888,4.38366e+06,2.99988e+06,1.54099e+07,0,0,0,0,50.6193,61.308,3.18617,1,1,1.69344,2.07332,0.345645,1.30835,1.69344,9.11013e+06,4.00975e+06,1.54275e+07,0,0,0,0
104.08,122.105,7.8034,0,1,3.51559,3.57461,0,0.658767,4.89888,4.38366e+06,2.99988e+06,1.54112e+07,0,0,0,0,51.5062,61.308,4.94401,1,1,1.69344,2.07349,0.345816,1.30835,1.69344,9.11013e+06,4.00975e+06,1.54275e+07,0,0,0,0
106.471,122.105,6.47866,0,1,3.51589,3.57491,0,0.658822,4.89888,4.38366e+06,2.99988e+06,1.54125e+07,0,0,0,0,51.7683,61.308,3.37045,1,1,1.69344,2.07367,0.345987,1.30835,1.69344,9.11013e+06,4.00975e+06,1.54275e+07,0,0,0,0
108.886,122.105,6.50282,0,1,3.51618,3.57521,0,0.658878,4.89888,4.38366e+06,2.99988e+06,1.54138e+07,0,0,0,0,52.373,61.308,4.22652,1,1,1.69344,2.07384,0.346159,1.30835,1.69344,9.11013e+06,4.00975e+06,1.54275e+07,0,0,0,0
110.628,122.105,6.04128,0,1,3.85947,3.92426,0,0.658933,4.89888,4.38366e+06,2.99988e+06,1.69186e+07,0,0,0,0,52.9576,61.308,5.59424,1,1,1.69344,2.31787,0.586163,1.30835,1.69344,9.11013e+06,4.00975e+06,1.54275e+07,0,0,0,0
112.02,122.105,5.78178,0,1,3.85979,3.92459,0,0.723264,4.89888,4.38366e+06,2.99988e+06,1.692e+07,0,0,0,0,53.3676,61.308,5.56697,1,1,1.69344,2.31807,0.586354,1.30835,1.69344,9.11013e+06,4.00975e+06,1.54275e+07,0,0,0,0
114.487,122.105,6.95358,0,1,3.86012,3.92492,0,0.723325,4.89888,4.38366e+06,2.99988e+06,1.69214e+07,0,0,0,0,53.8577,61.308,5.62142,1,1,1.69344,2.31826,0.586546,1.30835,1.69344,9.11013e+06,4.00975e+06,1.54275e+07,0,0,0,0
116.894,122.105,7.0384,0,1,3.86044,3.92525,0,0.723386,4.89888,4.38366e+06,2.99988e+06,1.69229e+07,0,0,0,0,54.3005,61.308,5.34094,1,1,1.69344,2.31846,0.586737,1.30835,1.69344,9.11013e+06,4.00975e+06,1.54275e+07,0,0,0,0
118.564,122.105,5.77793,0,1,3.37139,3.42799,0,0.723447,4.89888,4.38366e+06,2.99988e+06,1.4779e+07,0,0,0,0,55.0003,61.308,5.10356,1,1,1.69344,1.99128,0.264961,1.30835,1.69344,9.11013e+06,4.00975e+06,1.54275e+07,0,0,0,0
120.216,122.105,5.79487,0,1,3.37167,3.42827,0,0.631798,4.89888,4.38366e+06,2.99988e+06,1.47803e+07,0,0,0,0,56.74,61.308,6.67842,1,1,1.69344,1.99145,0.265125,1.30835,1.69344,9.11013e+06,4.00975e+06,1.54275e+07,0,0,0,0
122.105,122.105,10.8557,0,1,3.37195,3.42856,0,0.631851,4.89888,4.38366e+06,2.99988e+06,1.47815e+07,0,0,0,0,60.067,61.308,11.2474,1,1,1.69344,1.99161,0.26529,1.30835,1.69344,9.11013e+06,4.00975e+06,1.54275e+07,0,0,0,0
122.105,122.105,11.3632,0,1,3.37224,3.42885,0,0.631904,4.89888,4.38366e+06,2.99988e+06,1.47827e+07,0,0,0,0,62.3362,61.308,12.7367,1,1,1.69344,1.99178,0.265454,1.30835,1.69344,9.11013e+06,4.00975e+06,1.54275e+07,0,0,0,0
122.105,122.105,9.04028,0,1,3.37252,3.42914,0,0.631957,4.89888,4.38366e+06,2.99988e+06,1.4784e+07,0,0,0,0,62.3362,61.308,9.0404,1,1,1.69344,1.99195,0.265618,1.30835,1.69344,9.11013e+06,4.00975e+06,1.54275e+07,0,0,0,0
122.105,122.105,15.4314,0,1,3.49604,3.55473,0,0.63201,4.89888,4.38366e+06,2.99988e+06,1.53254e+07,0,0,0,0,62.3362,61.308,9.03485,1,1,1.69344,2.07224,0.344581,1.30835,1.69344,9.11013e+06,4.00975e+06,1.54275e+07,0,0,0,0
122.105,122.105,13.5108,0,1,3.49633,3.55503,0,0.655157,4.89888,4.38366e+06,2.99988e+06,1.53267e+07,0,0,0,0,62.3362,61.308,9.94514,1,1,1.69344,2.07241,0.344752,1.30835,1.69344,9.11013e+06,4.00975e+06,1.54275e+07,0,0,0,0
122.105,122.105,9.59814,0,1,3.49662,3.55533,0,0.655212,4.89888,4.38366e+06,2.99988e+06,1.5328e+07,0,0,0,0,62.3362,61.308,6.97057,1,1,1.69344,2.07258,0.344923,1.30835,1.69344,9.11013e+06,4.00975e+06,1.54275e+07,0,0,0,0
122.105,122.105,8.68226,0,1,3.49692,3.55562,0,0.655267,4.89888,4.38366e+06,2.99988e+06,1.53293e+07,0,0,0,0,62.3362,61.308,6.18851,1,1,1.69344,2.07276,0.345094,1.30835,1.69344,9.11013e+06,4.00975e+06,1.54275e+07,0,0,0,0
122.105,122.105,8.31977,0,1,3.44901,3.50691,0,0.655322,4.89888,4.38366e+06,2.99988e+06,1.51193e+07,0,0,0,0,62.3362,61.308,4.59723,1,1,1.69344,2.0418,0.31465,1.30835,1.69344,9.11013e+06,4.00975e+06,1.54275e+07,0,0,0,0
122.105,122.105,7.77206,0,1,3.4493,3.50721,0,0.646345,4.89888,4.38366e+06,2.99988e+06,1.51205e+07,0,0,0,0,62.3362,61.308,4.35052,1,1,1.69344,2.04197,0.314819,1.30835,1.69344,9.11013e+06,4.00975e+06,1.54275e+07,0,0,0,0
122.105,122.105,7.25366,0.21,1,3.44959,3.5075,0,0.646399,4.89888,4.38366e+06,2.99988e+06,1.51218e+07,0,0,0,0,62.3362,61.308,4.1182,1,1,1.69344,2.04214,0.314987,1.30835,1.69344,9.11013e+06,4.00975e+06,1.54275e+07,0,0,0,0
122.105,122.105,6.56643,0.27,1,3.44988,3.5078,0,0.646453,4.89888,4.38366e+06,2.99988e+06,1.51231e+07,0,0,0,0,62.3362,61.308,3.68488,1,1,1.69344,2.04232,0.315156,1.30835,1.69344,9.11013e+06,4.00975e+06,1.54275e+07,0,0,0,0
122.105,122.105,5.96475,0.25,1,3.61383,3.6745,0,0.646507,4.89888,4.38366e+06,2.99988e+06,1.58418e+07,0,0,0,0,62.3362,61.308,3.52731,1,1,1.69344,2.15291,0.423928,1.30835,1.69344,9.11013e+06,4.00975e+06,1.54275e+07,0,0,0,0
122.105,122.105,5.83157,0.31,1,3.61414,3.67481,0,0.677232,4.89888,4.38366e+06,2.99988e+06,1.58431e+07,0,0,0,0,62.3362,61.308,3.53441,1,1,1.69344,2.1531,0.424106,1.30835,1.69344,9.11013e+06,4.00975e+06,1.54275e+07,0,0,0,0
122.105,122.105,5.34822,0.35,1,3.61444,3.67512,0,0.677289,4.89888,4.38366e+06,2.99988e+06,1.58445e+07,0,0,0,0,62.3277,61.308,2.92467,1,1,1.69344,2.15328,0.424283,1.30835,1.69344,9.11013e+06,4.00975e+06,1.54275e+07,0,0,0,0
122.105,122.105,4.76641,0.35,1,3.61474,3.67543,0,0.677346,4.89888,4.38366e+06,2.99988e+06,1.58458e+07,0,0,0,0,62.2298,61.308,2.5961,1,1,1.69344,2.15346,0.424461,1.30835,1.69344,9.11013e+06,4.00975e+06,1.54275e+07,0,0,0,0
122.105,122.105,4.40905,0.34,1,3.61505,3.67574,0,0.677403,4.89888,4.38366e+06,2.99988e+06,1.58471e+07,0,0,0,0,62.1252,61.308,2.7836,1,1,1.69344,2.15364,0.424639,1.30835,1.69344,9.11013e+06,4.00975e+06,1.54275e+07,0,0,0,0
122.105,122.105,4.36056,0.34,1,3.58297,3.64312,0,0.67746,4.89888,4.38366e+06,2.99988e+06,1.57065e+07,0,0,0,0,62.0539,61.308,2.88635,1,1,1.69344,2.21454,0.484532,1.30835,1.69344,9.11013e+06,4.00975e+06,1.54275e+07,0,0,0,0
122.105,122.105,4.03991,0.31,1,3.58327,3.64342,0,0.671448,4.89888,4.38366e+06,2.99988e+06,1.57078e+07,0,0,0,0,61.9685,61.308,2.77633,1,1,1.69344,2.21472,0.484715,1.30835,1.69344,9.11013e+06,4.00975e+06,1.54275e+07,0,0,0,0
122.096,122.105,3.77722,0.22,1,3.58357,3.64373,0,0.671505,4.89888,4.38366e+06,2.99988e+06,1.57091e+07,0,0,0,0,61.8856,61.308,2.88091,1,1,1.69344,2.21491,0.484897,1.30835,1.69344,9.11013e+06,4.00975e+06,1.54275e+07,0,0,0,0
121.953,122.105,3.61342,0.34,1,3.58387,3.64404,0,0.671561,4.89888,4.38366e+06,2.99988e+06,1.57105e+07,0,0,0,0,61.762,61.308,2.79493,1,1,1.69344,2.21509,0.48508,1.30835,1.69344,9.11013e+06,4.00975e+06,1.54275e+07,0,0,0,0
121.432,122.105,3.19744,0.32,1,3.66782,3.72939,0,0.671617,4.89888,4.38366e+06,2.99988e+06,1.60785e+07,0,0,0,0,61.4176,61.308,2.22207,1,1,1.69344,2.26941,0.5385,1.30835,1.69344,9.11013e+06,4.00975e+06,1.54275e+07,0,0,0,0
120.539,122.105,2.76648,0.3,1,3.66813,3.72971,0,0.687349,4.89888,4.38366e+06,2.99988e+06,1.60798e+07,0,0,0,0,60.9972,61.308,1.89757,1,1,1.69344,2.2696,0.538688,1.30835,1.69344,9.11013e+06,4.00975e+06,1.54275e+07,0,0,0,0
119.478,122.105,2.57878,0.21,1,3.66843,3.73002,0,0.687407,4.89888,4.38366e+06,2.99988e+06,1.60812e+07,0,0,0,0,60.5658,61.308,1.82821,1,1,1.69344,2.26979,0.538875,1.30835,1.69344,9.11013e+06,4.00975e+06,1.54275e+07,0,0,0,0
118.044,122.105,2.17102,0.16,1,3.66874,3.73033,0,0.687464,4.89888,4.38366e+06,2.99988e+06,1.60825e+07,0,0,0,0,60.1339,61.308,1.82646,1,1,1.69344,2.26998,0.539062,1.30835,1.69344,9.11013e+06,4.00975e+06,1.54275e+07,0,0,0,0
116.222,122.105,1.97236,0.16,1,3.91409,3.9798,0,0.687522,4.89888,4.38366e+06,2.99988e+06,1.7158e+07,0,0,0,0,59.6589,61.308,1.7901,1,1,1.69344,2.46562,0.731474,1.30835,1.69344,9.11013e+06,4.00975e+06,1.54275e+07,0,0,0,0
114.267,122.105,1.79923,0,1,3.91442,3.98013,0,0.7335,4.89888,4.38366e+06,2.99988e+06,1.71595e+07,0,0,0,0,59.1465,61.308,1.84892,1,1,1.69344,2.46583,0.731677,1.30835,1.69344,9.11013e+06,4.00975e+06,1.54275e+07,0,0,0,0
112.493,122.105,1.9882,0,1,3.91474,3.98047,0,0.733562,4.89888,4.38366e+06,2.99988e+06,1.71609e+07,0,0,0,0,58.6464,61.308,1.89953,1,1,1.69344,2.46604,0.731881,1.30835,1.69344,9.11013e+06,4.00975e+06,1.54275e+07,0,0,0,0
111.646,122.105,3.01188,0,1,3.91507,3.9808,0,0.733623,4.89888,4.38366e+06,2.99988e+06,1.71623e+07,0,0,0,0,58.2537,61.308,2.31405,1,1,1.69344,2.46624,0.732084,1.30835,1.69344,9.11013e+06,4.00975e+06,1.54275e+07,0,0,0,0
111.434,122.105,3.6634,0,1,3.9154,3.98113,0,0.733685,4.89888,4.38366e+06,2.99988e+06,1.71638e+07,0,0,0,0,57.9908,61.308,2.40221,1,1,1.69344,2.46645,0.732287,1.30835,1.69344,9.11013e+06,4.00975e+06,1.54275e+07,0,0,0,0
110.556,122.105,2.85965,0,1,3.79626,3.85999,0,0.733746,4.89888,4.38366e+06,2.99988e+06,1.66415e+07,0,0,0,0,57.4582,61.308,2.3877,1,1,1.69344,2.34798,0.615768,1.30835,1.69344,9.11013e+06,4.00975e+06,1.54275e+07,0,0,0,0
110.055,122.105,3.38827,0,1,3.79657,3.86031,0,0.711418,4.89888,4.38366e+06,2.99988e+06,1.66429e+07,0,0,0,0,57.0494,61.308,2.93905,1,1,1.69344,2.34817,0.615962,1.30835,1.69344,9.11013e+06,4.00975e+06,1.54275e+07,0,0,0,0
109.474,122.105,3.33966,0,1,3.79689,3.86063,0,0.711478,4.89888,4.38366e+06,2.99988e+06,1.66443e+07,0,0,0,0,56.6389,61.308,2.92247,1,1,1.69344,2.34837,0.616155,1.30835,1.69344,9.11013e+06,4.00975e+06,1.54275e+07,0,0,0,0
109.227,122.105,4.03499,0,1,3.79721,3.86096,0,0.711538,4.89888,4.38366e+06,2.99988e+06,1.66457e+07,0,0,0,0,56.4638,61.308,3.70103,1,1,1.69344,2.34857,0.616349,1.30835,1.69344,9.11013e+06,4.00975e+06,1.54275e+07,0,0,0,0
109.778,122.105,5.04931,0,1,3.69943,3.76154,0,0.711597,4.89888,4.38366e+06,2.99988e+06,1.6217e+07,0,0,0,0,56.7126,61.308,4.60701,1,1,1.69344,2.2407,0.510261,1.30835,1.69344,9.11013e+06,4.00975e+06,1.54275e+07,0,0,0,0
111.161,122.105,6.49302,0,1,3.69974,3.76185,0,0.693273,4.89888,4.38366e+06,2.99988e+06,1.62184e+07,0,0,0,0,57.5876,61.308,6.50886,1,1,1.69344,2.24088,0.510445,1.30835,1.69344,9.11013e+06,4.00975e+06,1.54275e+07,0,0,0,0
112.434,122.105,6.26483,0,1,3.70005,3.76217,0,0.693331,4.89888,4.38366e+06,2.99988e+06,1.62197e+07,0,0,0,0,58.4629,61.308,6.53113,1,1,1.69344,2.24107,0.51063,1.30835,1.69344,9.11013e+06,4.00975e+06,1.54275e+07,0,0,0,0
112.433,122.105,4.66813,0,1,3.70036,3.76248,0,0.693389,4.89888,4.38366e+06,2.99988e+06,1.62211e+07,0,0,0,0,58.9898,61.308,5.43178,1,1,1.69344,2.24126,0.510815,1.30835,1.69344,9.11013e+06,4.00975e+06,1.54275e+07,0,0,0,0
116.266,122.105,8.9938,0,1,3.42197,3.47941,0,0.693447,4.89888,4.38366e+06,2.99988e+06,1.50007e+07,0,0,0,0,59.9788,61.308,7.01082,1,1,1.69344,2.0163,0.289571,1.30835,1.69344,9.11013e+06,4.00975e+06,1.54275e+07,0,0,0,0
118.718,122.105,7.5947,0,1,3.42225,3.47971,0,0.641277,4.89888,4.38366e+06,2.99988e+06,1.5002e+07,0,0,0,0,60.9078,61.308,9.16126,1,1,1.69344,2.01647,0.289737,1.30835,1.69344,9.11013e+06,4.00975e+06,1.54275e+07,0,0,0,0
121.765,122.105,7.91773,0,1,3.42254,3.48,0,0.64133,4.89888,4.38366e+06,2.99988e+06,1.50032e+07,0,0,0,0,61.506,61.308,5.98046,1,1,1.69344,2.01664,0.289903,1.30835,1.69344,9.11013e+06,4.00975e+06,1.54275e+07,0,0,0,0
122.105,122.105,10.5492,0,1,3.42283,3.48029,0,0.641384,4.89888,4.38366e+06,2.99988e+06,1.50045e+07,0,0,0,0,62.3362,61.308,8.99092,1,1,1.69344,2.01681,0.290069,1.30835,1.69344,9.11013e+06,4.00975e+06,1.54275e+07,0,0,0,0
122.105,122.105,7.86785,0,1,3.42311,3.48058,0,0.641438,4.89888,4.38366e+06,2.99988e+06,1.50058e+07,0,0,0,0,62.3362,61.308,9.54653,1,1,1.69344,2.01698,0.290236,1.30835,1.69344,9.11013e+06,4.00975e+06,1.54275e+07,0,0,0,0
121.714,122.105,3.59388,0,1,3.53063,3.5899,0,0.641492,4.89888,4.38366e+06,2.99988e+06,1.54771e+07,0,0,0,0,62.3362,61.308,3.23701,1,1,1.69344,2.08236,0.354537,1.30835,1.69344,9.11013e+06,4.00975e+06,1.54275e+07,0,0,0,0
122.105,122.105,6.55324,0,1,3.53089,3.59017,0,0.66164,6.47136,4.38366e+06,2.99988e+06,1.54782e+07,0,0,0,0,62.3362,61.308,3.88113,1,1,1.69344,2.08251,0.354689,1.30835,1.69344,9.11013e+06,4.00975e+06,1.54275e+07,0,0,0,0
122.105,122.105,9.12081,0,1,3.53115,3.59043,0,0.661689,6.47136,4.38366e+06,2.99988e+06,1.54794e+07,0,0,0,0,62.3362,61.308,4.59503,1,1,1.69344,2.08267,0.354841,1.30835,1.69344,9.11013e+06,4.00975e+06,1.54275e+07,0,0,0,0
122.105,122.105,9.27425,0,1,3.53142,3.5907,0,0.661738,6.47136,4.38366e+06,2.99988e+06,1.54805e+07,0,0,0,0,62.3362,61.308,4.73526,1,1,1.69344,2.08282,0.354994,1.30835,1.69344,9.11013e+06,4.00975e+06,1.54275e+07,0,0,0,0
122.105,122.105,4.84943,0.22,1,3.87615,3.94122,0,0.661787,6.47136,4.38366e+06,2.99988e+06,1.69917e+07,0,0,0,0,62.3362,61.308,4.71068,1,1,1.69344,2.32789,0.596017,1.30835,1.69344,9.11013e+06,4.00975e+06,1.54275e+07,0,0,0,0
121.094,122.105,3.17045,0.2,1,3.87644,3.94152,0,0.726391,6.47136,4.38366e+06,2.99988e+06,1.6993e+07,0,0,0,0,62.3362,61.308,3.20293,1,1,1.69344,2.32807,0.596187,1.30835,1.69344,9.11013e+06,4.00975e+06,1.54275e+07,0,0,0,0
121.019,122.105,4.24995,0.34,1,3.87673,3.94181,0,0.726445,6.47136,4.38366e+06,2.99988e+06,1.69942e+07,0,0,0,0,62.3362,61.308,3.45518,1,1,1.69344,2.32824,0.596357,1.30835,1.69344,9.11013e+06,4.00975e+06,1.54275e+07,0,0,0,0
120.301,122.105,3.49644,0.27,1,3.87702,3.9421,0,0.726499,6.47136,4.38366e+06,2.99988e+06,1.69955e+07,0,0,0,0,62.3362,61.308,3.152,1,1,1.69344,2.32841,0.596528,1.30835,1.69344,9.11013e+06,4.00975e+06,1.54275e+07,0,0,0,0
121.878,122.105,5.86817,0.3,1,3.38583,3.44267,0,0.726553,6.47136,4.38366e+06,2.99988e+06,1.48423e+07,0,0,0,0,62.3362,61.308,3.91065,1,1,1.69344,1.99981,0.273351,1.30835,1.69344,9.11013e+06,4.00975e+06,1.54275e+07,0,0,0,0
122.105,122.105,6.90787,0.31,1,3.38608,3.44293,0,0.634505,6.47136,4.38366e+06,2.99988e+06,1.48434e+07,0,0,0,0,62.3362,61.308,4.26278,1,1,1.69344,1.99996,0.273498,1.30835,1.69344,9.11013e+06,4.00975e+06,1.54275e+07,0,0,0,0
122.105,122.105,6.25803,0.2,1,3.38634,3.44319,0,0.634552,6.47136,4.38366e+06,2.99988e+06,1.48445e+07,0,0,0,0,62.3362,61.308,3.39024,1,1,1.69344,2.00011,0.273644,1.30835,1.69344,9.11013e+06,4.00975e+06,1.54275e+07,0,0,0,0
122.105,122.105,6.7252,0.31,1,3.38659,3.44344,0,0.634599,6.47136,4.38366e+06,2.99988e+06,1.48456e+07,0,0,0,0,62.3362,61.308,3.3425,1,1,1.69344,2.00026,0.27379,1.30835,1.69344,9.11013e+06,4.00975e+06,1.54275e+07,0,0,0,0
122.105,122.105,5.75873,0.31,1,3.38684,3.4437,0,0.634647,6.47136,4.38366e+06,2.99988e+06,1.48467e+07,0,0,0,0,62.3362,61.308,3.06894,1,1,1.69344,2.00041,0.273937,1.30835,1.69344,9.11013e+06,4.00975e+06,1.54275e+07,0,0,0,0
122.105,122.105,8.04833,0.33,1,3.51085,3.56979,0,0.634694,6.47136,4.38366e+06,2.99988e+06,1.53904e+07,0,0,0,0,62.3362,61.308,5.50839,1,1,1.69344,2.08101,0.353215,1.30835,1.69344,9.11013e+06,4.00975e+06,1.54275e+07,0,0,0,0
122.105,122.105,7.12967,0.57,1,3.27533,3.57005,0,0.657933,6.47136,4.38366e+06,2.99988e+06,1.43579e+07,0,0,0,0,62.3362,61.308,5.11714,1,1,1.69344,2.08117,0.21592,1.30835,1.69344,9.11013e+06,4.00975e+06,1.54275e+07,0,0,0,0
122.105,122.105,5.41522,0.61,1,3.27557,3.57032,0,0.613797,6.47136,4.38366e+06,2.99988e+06,1.4359e+07,0,0,0,0,62.3362,61.308,3.78153,1,1,1.69344,2.08132,0.216062,1.30835,1.69344,9.11013e+06,4.00975e+06,1.54275e+07,0,0,0,0
122.105,122.105,4.82359,0.56,1,3.27582,3.57059,0,0.613843,6.47136,4.38366e+06,2.99988e+06,1.43601e+07,0,0,0,0,62.3362,61.308,3.35619,1,1,1.69344,2.08148,0.216204,1.30835,1.69344,9.11013e+06,4.00975e+06,1.54275e+07,0,0,0,0
122.105,122.105,4.92682,0.56,1,3.23091,3.52164,0,0.613888,6.47136,4.38366e+06,2.99988e+06,1.41632e+07,0,0,0,0,62.3362,61.308,3.30977,1,1,1.69344,2.05037,0.187667,1.30835,1.69344,9.11013e+06,4.00975e+06,1.54275e+07,0,0,0,0
122.105,122.105,4.53026,0.54,1,3.23115,3.5219,0,0.605472,6.47136,4.38366e+06,2.99988e+06,1.41643e+07,0,0,0,0,62.3362,61.308,3.15854,1,1,1.69344,2.05053,0.187807,1.30835,1.69344,9.11013e+06,4.00975e+06,1.54275e+07,0,0,0,0
122.105,122.105,4.00398,0.51,1,3.23139,3.52216,0,0.605517,6.47136,4.38366e+06,2.99988e+06,1.41653e+07,0,0,0,0,62.3362,61.308,2.78654,1,1,1.69344,2.05068,0.187947,1.30835,1.69344,9.11013e+06,4.00975e+06,1.54275e+07,0,0,0,0
122.105,122.105,3.679,0.48,1,3.23163,3.52242,0,0.605563,6.47136,4.38366e+06,2.99988e+06,1.41664e+07,0,0,0,0,62.3362,61.308,2.56083,1,1,1.69344,2.05083,0.188087,1.30835,1.69344,9.11013e+06,4.00975e+06,1.54275e+07,0,0,0,0
121.831,122.105,3.39426,0.43,1,3.38518,3.68979,0,0.605608,6.47136,4.38366e+06,2.99988e+06,1.48395e+07,0,0,0,0,62.3362,61.308,2.44658,1,1,1.69344,2.16187,0.28996,1.30835,1.69344,9.11013e+06,4.00975e+06,1.54275e+07,0,0,0,0
121.599,122.105,3.43385,0.53,1,3.38543,3.69006,0,0.634383,6.47136,4.38366e+06,2.99988e+06,1.48406e+07,0,0,0,0,62.3362,61.308,2.83957,1,1,1.69344,2.16203,0.290107,1.30835,1.69344,9.11013e+06,4.00975e+06,1.54275e+07,0,0,0,0
121.252,122.105,3.20607,0.48,1,3.38568,3.69034,0,0.63443,6.47136,4.38366e+06,2.99988e+06,1.48417e+07,0,0,0,0,62.3362,61.308,2.59846,1,1,1.69344,2.16219,0.290254,1.30835,1.69344,9.11013e+06,4.00975e+06,1.54275e+07,0,0,0,0
120.668,122.105,2.9101,0.46,1,3.38594,3.69061,0,0.634477,6.47136,4.38366e+06,2.99988e+06,1.48428e+07,0,0,0,0,62.1998,61.308,2.16187,1,1,1.69344,2.16235,0.290402,1.30835,1.69344,9.11013e+06,4.00975e+06,1.54275e+07,0,0,0,0
120.02,122.105,2.82013,0.4,1,3.38619,3.69089,0,0.634524,6.47136,4.38366e+06,2.99988e+06,1.48439e+07,0,0,0,0,61.9248,61.308,1.94998,1,1,1.69344,2.16251,0.29055,1.30835,1.69344,9.11013e+06,4.00975e+06,1.54275e+07,0,0,0,0
119.28,122.105,2.81335,0.22,1,3.5977,3.6581,0,0.634572,6.47136,4.38366e+06,2.99988e+06,1.57711e+07,0,0,0,0,61.7212,61.308,2.42828,1,1,1.69344,2.22364,0.493489,1.30835,1.69344,9.11013e+06,4.00975e+06,1.54275e+07,0,0,0,0
118.413,122.105,2.70024,0.2,1,3.59797,3.65837,0,0.67421,6.47136,4.38366e+06,2.99988e+06,1.57723e+07,0,0,0,0,61.4804,61.308,2.262,1,1,1.69344,2.22381,0.493652,1.30835,1.69344,9.11013e+06,4.00975e+06,1.54275e+07,0,0,0,0
117.348,122.105,2.48266,0.18,1,3.59824,3.65865,0,0.67426,6.47136,4.38366e+06,2.99988e+06,1.57734e+07,0,0,0,0,61.2293,61.308,2.27509,1,1,1.69344,2.22397,0.493814,1.30835,1.69344,9.11013e+06,4.00975e+06,1.54275e+07,0,0,0,0
116.084,122.105,2.25455,0,1,3.59851,3.65892,0,0.67431,6.47136,4.38366e+06,2.99988e+06,1.57746e+07,0,0,0,0,60.8917,61.308,2.0257,1,1,1.69344,2.22414,0.493977,1.30835,1.69344,9.11013e+06,4.00975e+06,1.54275e+07,0,0,0,0
114.654,122.105,2.0967,0,1,3.68276,3.74459,0,0.67436,6.47136,4.38366e+06,2.99988e+06,1.6144e+07,0,0,0,0,60.4925,61.308,1.82868,1,1,1.69344,2.27866,0.547595,1.30835,1.69344,9.11013e+06,4.00975e+06,1.54275e+07,0,0,0,0
113.459,122.105,2.33797,0,1,3.68304,3.74487,0,0.69015,6.47136,4.38366e+06,2.99988e+06,1.61452e+07,0,0,0,0,60.2159,61.308,2.18805,1,1,1.69344,2.27883,0.547761,1.30835,1.69344,9.11013e+06,4.00975e+06,1.54275e+07,0,0,0,0
112.137,122.105,2.18784,0,1,3.68331,3.74515,0,0.690201,6.47136,4.38366e+06,2.99988e+06,1.61464e+07,0,0,0,0,59.8437,61.308,2.21007,1,1,1.69344,2.279,0.547928,1.30835,1.69344,9.11013e+06,4.00975e+06,1.54275e+07,0,0,0,0
110.687,122.105,2.01165,0,1,3.68358,3.74542,0,0.690252,6.47136,4.38366e+06,2.99988e+06,1.61476e+07,0,0,0,0,59.4264,61.308,1.97206,1,1,1.69344,2.27917,0.548094,1.30835,1.69344,9.11013e+06,4.00975e+06,1.54275e+07,0,0,0,0
108.982,122.105,1.96939,0,1,3.92989,3.99586,0,0.690304,6.47136,4.38366e+06,2.99988e+06,1.72273e+07,0,0,0,0,58.7007,61.308,2.09987,1,1,1.69344,2.47558,0.741262,1.30835,1.69344,9.11013e+06,4.00975e+06,1.54275e+07,0,0,0,0
106.665,122.105,1.24532,0,1,3.93018,3.99616,0,0.736461,6.47136,4.38366e+06,2.99988e+06,1.72286e+07,0,0,0,0,57.7532,61.308,1.32082,1,1,1.69344,2.47576,0.741443,1.30835,1.69344,9.11013e+06,4.00975e+06,1.54275e+07,0,0,0,0
104.437,122.105,1.31751,0,1,3.93047,3.99646,0,0.736516,6.47136,4.38366e+06,2.99988e+06,1.72298e+07,0,0,0,0,57.0044,61.308,1.30341,1,1,1.69344,2.47594,0.741624,1.30835,1.69344,9.11013e+06,4.00975e+06,1.54275e+07,0,0,0,0
102.771,122.105,1.89869,0,1,3.93076,3.99675,0,0.73657,6.47136,4.38366e+06,2.99988e+06,1.72311e+07,0,0,0,0,56.3882,61.308,1.55815,1,1,1.69344,2.47613,0.741805,1.30835,1.69344,9.11013e+06,4.00975e+06,1.54275e+07,0,0,0,0
101.78,122.105,2.60854,0,1,3.93106,3.99705,0,0.736625,6.47136,4.38366e+06,2.99988e+06,1.72324e+07,0,0,0,0,55.6647,61.308,1.74642,1,1,1.69344,2.47631,0.741986,1.30835,1.69344,9.11013e+06,4.00975e+06,1.54275e+07,0,0,0,0
99.7157,122.105,1.498,0,1,3.8114,3.87538,0,0.73668,6.47136,4.38366e+06,2.99988e+06,1.67079e+07,0,0,0,0,54.866,61.308,1.28075,1,1,1.69344,2.35734,0.62498,1.30835,1.69344,9.11013e+06,4.00975e+06,1.54275e+07,0,0,0,0
97.745,122.105,1.62719,0,1,3.81168,3.87567,0,0.714256,6.47136,4.38366e+06,2.99988e+06,1.67091e+07,0,0,0,0,54.2843,61.308,1.50519,1,1,1.69344,2.35752,0.625152,1.30835,1.69344,9.11013e+06,4.00975e+06,1.54275e+07,0,0,0,0
96.0228,122.105,1.83484,0,1,3.81197,3.87596,0,0.714309,6.47136,4.38366e+06,2.99988e+06,1.67104e+07,0,0,0,0,53.9626,61.308,1.63784,1,1,1.69344,2.35769,0.625324,1.30835,1.69344,9.11013e+06,4.00975e+06,1.54275e+07,0,0,0,0
94.8565,122.105,2.48779,0,1,3.81225,3.87625,0,0.714362,6.47136,4.38366e+06,2.99988e+06,1.67116e+07,0,0,0,0,53.8924,61.308,2.12611,1,1,1.69344,2.35787,0.625497,1.30835,1.69344,9.11013e+06,4.00975e+06,1.54275e+07,0,0,0,0
93.1318,122.105,1.87095,0,1,3.71404,3.7764,0,0.714415,6.47136,4.38366e+06,2.99988e+06,1.62811e+07,0,0,0,0,53.6868,61.308,2.14799,1,1,1.69344,2.24955,0.518967,1.30835,1.69344,9.11013e+06,4.00975e+06,1.54275e+07,0,0,0,0
91.2731,122.105,1.75015,0,1,3.71432,3.77668,0,0.696012,6.47136,4.38366e+06,2.99988e+06,1.62823e+07,0,0,0,0,52.89,61.308,1.55438,1,1,1.69344,2.24972,0.519131,1.30835,1.69344,9.11013e+06,4.00975e+06,1.54275e+07,0,0,0,0
89.464,122.105,1.78375,0,1,3.7146,3.77696,0,0.696064,6.47136,4.38366e+06,2.99988e+06,1.62835e+07,0,0,0,0,52.4738,61.308,1.14441,1,1,1.69344,2.24988,0.519296,1.30835,1.69344,9.11013e+06,4.00975e+06,1.54275e+07,0,0,0,0
87.9076,122.105,2.23135,0,1,3.71487,3.77724,0,0.696115,6.47136,4.38366e+06,2.99988e+06,1.62847e+07,0,0,0,0,52.4991,61.308,2.48573,1,1,1.69344,2.25005,0.51946,1.30835,1.69344,9.11013e+06,4.00975e+06,1.54275e+07,0,0,0,0
88.8628,122.105,5.12035,0,1,3.43536,3.49303,0,0.696167,6.47136,4.38366e+06,2.99988e+06,1.50594e+07,0,0,0,0,53.4331,61.308,4.7685,1,1,1.69344,2.02419,0.29733,1.30835,1.69344,9.11013e+06,4.00975e+06,1.54275e+07,0,0,0,0
87.78,122.105,2.34771,0,1,3.43561,3.49329,0,0.643786,6.47136,4.38366e+06,2.99988e+06,1.50605e+07,0,0,0,0,53.2729,61.308,1.83742,1,1,1.69344,2.02434,0.297478,1.30835,1.69344,9.11013e+06,4.00975e+06,1.54275e+07,0,0,0,0
87.4934,122.105,3.37859,0,1,3.43587,3.49355,0,0.643834,6.47136,4.38366e+06,2.99988e+06,1.50617e+07,0,0,0,0,53.2621,61.308,2.48846,1,1,1.69344,2.02449,0.297626,1.30835,1.69344,9.11013e+06,4.00975e+06,1.54275e+07,0,0,0,0
87.2593,122.105,3.43915,0,1,3.43612,3.49381,0,0.643881,6.47136,4.38366e+06,2.99988e+06,1.50628e+07,0,0,0,0,53.3388,61.308,2.23537,1,1,1.69344,2.02464,0.297774,1.30835,1.69344,9.11013e+06,4.00975e+06,1.54275e+07,0,0,0,0
87.7285,122.105,4.54862,0,1,3.43638,3.49407,0,0.643929,6.47136,4.38366e+06,2.99988e+06,1.50639e+07,0,0,0,0,53.7114,61.308,3.27224,1,1,1.69344,2.02479,0.297922,1.30835,1.69344,9.11013e+06,4.00975e+06,1.54275e+07,0,0,0,0
89.953,122.105,6.43632,0,1,3.43638,3.49407,0,0.643977,6.47136,4.38366e+06,2.99988e+06,1.50639e+07,0,0,0,0,54.761,61.308,4.38742,1,1,1.69344,2.02479,0.297922,1.30835,1.69344,9.11013e+06,4.00975e+06,1.54275e+07,0,0,0,0
93.8864,122.105,8.4228,0,0,3.54427,3.60378,0,0.643977,6.47136,4.38366e+06,2.99988e+06,1.55369e+07,0,0,0,0,55.6964,61.308,4.29348,1,1,1.69344,2.09041,0.362453,1.30835,1.69344,9.11013e+06,4.00975e+06,1.54275e+07,0,0,0,0
96.3255,122.105,6.7447,0,0,3.54451,3.60401,0,0.664197,6.47136,4.38366e+06,2.99988e+06,1.55379e+07,0,0,0,0,56.5715,61.308,4.24936,1,1,1.69344,2.09054,0.362586,1.30835,1.69344,9.11013e+06,4.00975e+06,1.54275e+07,0,0,0,0
98.2835,122.105,6.12485,0,0,3.54474,3.60425,0,0.66424,6.47136,4.38366e+06,2.99988e+06,1.55389e+07,0,0,0,0,57.3621,61.308,4.02208,1,1,1.69344,2.09068,0.36272,1.30835,1.69344,9.11013e+06,4.00975e+06,1.54275e+07,0,0,0,0
104.641,122.105,11.2825,0,0,3.54497,3.60448,0,0.664284,6.47136,4.38366e+06,2.99988e+06,1.55399e+07,0,0,0,0,58.8741,61.308,6.0414,1,1,1.69344,2.09081,0.362854,1.30835,1.69344,9.11013e+06,4.00975e+06,1.54275e+07,0,0,0,0
110.623,122.105,11.8219,0,0,3.89099,3.95631,0,0.664327,6.47136,4.38366e+06,2.99988e+06,1.70568e+07,0,0,0,0,60.9653,61.308,8.10725,1,1,1.69344,2.3368,0.60478,1.30835,1.69344,9.11013e+06,4.00975e+06,1.54275e+07,0,0,0,0
116.073,122.105,11.2576,0,0,3.89124,3.95657,0,0.729171,6.47136,4.38366e+06,2.99988e+06,1.70579e+07,0,0,0,0,62.3362,61.308,8.93652,1,1,1.69344,2.33695,0.604929,1.30835,1.69344,9.11013e+06,4.00975e+06,1.54275e+07,0,0,0,0
121.034,122.105,10.6701,0,0,3.89149,3.95682,0,0.729218,6.47136,4.38366e+06,2.99988e+06,1.7059e+07,0,0,0,0,62.3362,61.308,7.34481,1,1,1.69344,2.33711,0.605078,1.30835,1.69344,9.11013e+06,4.00975e+06,1.54275e+07,0,0,0,0
122.105,122.105,14.9844,0,0,3.89175,3.95708,0,0.729266,6.47136,4.38366e+06,2.99988e+06,1.70601e+07,0,0,0,0,62.3362,61.308,10.5672,1,1,1.69344,2.33726,0.605228,1.30835,1.69344,9.11013e+06,4.00975e+06,1.54275e+07,0,0,0,0
122.105,122.105,8.55112,0,0,3.39866,3.45572,0,0.729313,6.47136,4.38366e+06,2.99988e+06,1.48986e+07,0,0,0,0,62.3362,61.308,7.10841,1,1,1.69344,2.00739,0.280805,1.30835,1.69344,9.11013e+06,4.00975e+06,1.54275e+07,0,0,0,0
122.105,122.105,9.27986,0,0,3.39888,3.45595,0,0.63691,6.47136,4.38366e+06,2.99988e+06,1.48995e+07,0,0,0,0,62.3362,61.308,7.69443,1,1,1.69344,2.00752,0.280933,1.30835,1.69344,9.11013e+06,4.00975e+06,1.54275e+07,0,0,0,0
122.105,122.105,11.1541,0,0,3.39911,3.45617,0,0.636951,6.47136,4.38366e+06,2.99988e+06,1.49005e+07,0,0,0,0,62.3362,61.308,7.80782,1,1,1.69344,2.00765,0.281062,1.30835,1.69344,9.11013e+06,4.00975e+06,1.54275e+07,0,0,0,0
122.105,122.105,9.51242,0,0,3.39933,3.45639,0,0.636992,6.47136,4.38366e+06,2.99988e+06,1.49015e+07,0,0,0,0,62.3362,61.308,8.14344,1,1,1.69344,2.00778,0.28119,1.30835,1.69344,9.11013e+06,4.00975e+06,1.54275e+07,0,0,0,0
122.105,122.105,12.5999,0,0,3.39955,3.45662,0,0.637034,6.47136,4.38366e+06,2.99988e+06,1.49025e+07,0,0,0,0,62.3362,61.308,12.3353,1,1,1.69344,2.00791,0.281318,1.30835,1.69344,9.11013e+06,4.00975e+06,1.54275e+07,0,0,0,0
122.105,122.105,8.52648,0.28,0,3.52399,3.58315,0,0.637075,6.47136,4.38366e+06,2.99988e+06,1.5448e+07,0,0,0,0,62.3362,61.308,6.08805,1,1,1.69344,2.0888,0.360875,1.30835,1.69344,9.11013e+06,4.00975e+06,1.54275e+07,0,0,0,0
122.105,122.105,7.76732,0.35,0,3.52422,3.58338,0,0.660395,6.47136,4.38366e+06,2.99988e+06,1.5449e+07,0,0,0,0,62.3362,61.308,5.19207,1,1,1.69344,2.08894,0.361009,1.30835,1.69344,9.11013e+06,4.00975e+06,1.54275e+07,0,0,0,0
122.105,122.105,6.99646,0.56,0,3.28777,3.58362,0,0.660438,6.47136,4.38366e+06,2.99988e+06,1.44125e+07,0,0,0,0,62.3362,61.308,4.36641,1,1,1.69344,2.08907,0.223172,1.30835,1.69344,9.11013e+06,4.00975e+06,1.54275e+07,0,0,0,0
122.105,122.105,6.8145,0.58,0,3.28799,3.58385,0,0.616128,6.47136,4.38366e+06,2.99988e+06,1.44134e+07,0,0,0,0,62.3362,61.308,5.39491,1,1,1.69344,2.08921,0.223297,1.30835,1.69344,9.11013e+06,4.00975e+06,1.54275e+07,0,0,0,0
122.105,122.105,6.97304,0.56,0,3.24288,3.53468,0,0.616169,6.47136,4.38366e+06,2.99988e+06,1.42157e+07,0,0,0,0,62.3362,61.308,5.48723,1,1,1.69344,2.05797,0.194636,1.30835,1.69344,9.11013e+06,4.00975e+06,1.54275e+07,0,0,0,0
122.105,122.105,6.4088,0.53,0,3.24309,3.53491,0,0.607716,6.47136,4.38366e+06,2.99988e+06,1.42166e+07,0,0,0,0,62.3362,61.308,5.10863,1,1,1.69344,2.0581,0.194759,1.30835,1.69344,9.11013e+06,4.00975e+06,1.54275e+07,0,0,0,0
122.105,122.105,5.88688,0.5,0,3.2433,3.53514,0,0.607755,6.47136,4.38366e+06,2.99988e+06,1.42175e+07,0,0,0,0,62.3362,61.308,4.87205,1,1,1.69344,2.05824,0.194882,1.30835,1.69344,9.11013e+06,4.00975e+06,1.54275e+07,0,0,0,0
122.105,122.105,5.62283,0.45,0,3.24351,3.53537,0,0.607795,6.47136,4.38366e+06,2.99988e+06,1.42184e+07,0,0,0,0,62.3362,61.308,4.61281,1,1,1.69344,2.05837,0.195005,1.30835,1.69344,9.11013e+06,4.00975e+06,1.54275e+07,0,0,0,0
122.105,122.105,4.65283,0.43,0,3.3976,3.70332,0,0.607834,6.47136,4.38366e+06,2.99988e+06,1.48939e+07,0,0,0,0,62.3362,61.308,3.45684,1,1,1.69344,2.1698,0.297233,1.30835,1.69344,9.11013e+06,4.00975e+06,1.54275e+07,0,0,0,0
122.105,122.105,4.43667,0.37,0,3.64241,3.70356,0,0.636709,6.47136,4.38366e+06,2.99988e+06,1.59671e+07,0,0,0,0,62.3362,61.308,3.25215,1,1,1.69344,2.16994,0.440673,1.30835,1.69344,9.11013e+06,4.00975e+06,1.54275e+07,0,0,0,0
122.105,122.105,4.27898,0.37,0,3.64265,3.7038,0,0.682588,6.47136,4.38366e+06,2.99988e+06,1.59681e+07,0,0,0,0,62.3362,61.308,3.51552,1,1,1.69344,2.17008,0.440812,1.30835,1.69344,9.11013e+06,4.00975e+06,1.54275e+07,0,0,0,0
122.105,122.105,3.92847,0.36,0,3.64289,3.70404,0,0.682633,6.47136,4.38366e+06,2.99988e+06,1.59692e+07,0,0,0,0,62.3362,61.308,3.33987,1,1,1.69344,2.17022,0.440951,1.30835,1.69344,9.11013e+06,4.00975e+06,1.54275e+07,0,0,0,0
121.325,122.105,2.90861,0.34,0,3.64312,3.70428,0,0.682677,6.47136,4.38366e+06,2.99988e+06,1.59702e+07,0,0,0,0,62.1169,61.308,2.16097,1,1,1.69344,2.17036,0.441089,1.30835,1.69344,9.11013e+06,4.00975e+06,1.54275e+07,0,0,0,0
120.463,122.105,2.7647,0.39,0,3.61073,3.67135,0,0.682721,6.47136,4.38366e+06,2.99988e+06,1.58282e+07,0,0,0,0,61.8538,61.308,1.95477,1,1,1.69344,2.23169,0.501407,1.30835,1.69344,9.11013e+06,4.00975e+06,1.54275e+07,0,0,0,0
119.507,122.105,2.63595,0.36,0,3.61096,3.67158,0,0.676651,6.47136,4.38366e+06,2.99988e+06,1.58292e+07,0,0,0,0,61.4648,61.308,1.9212,1,1,1.69344,2.23184,0.501549,1.30835,1.69344,9.11013e+06,4.00975e+06,1.54275e+07,0,0,0,0
118.277,122.105,2.32954,0.34,0,3.6112,3.67182,0,0.676694,6.47136,4.38366e+06,2.99988e+06,1.58303e+07,0,0,0,0,60.9718,61.308,1.79506,1,1,1.69344,2.23198,0.501692,1.30835,1.69344,9.11013e+06,4.00975e+06,1.54275e+07,0,0,0,0
117.103,122.105,2.37156,0.32,0,3.61143,3.67206,0,0.676738,6.47136,4.38366e+06,2.99988e+06,1.58313e+07,0,0,0,0,60.4443,61.308,1.74892,1,1,1.69344,2.23213,0.501834,1.30835,1.69344,9.11013e+06,4.00975e+06,1.54275e+07,0,0,0,0
115.877,122.105,2.33922,0.3,0,3.69596,3.758,0,0.676782,6.47136,4.38366e+06,2.99988e+06,1.62018e+07,0,0,0,0,59.7562,61.308,1.71079,1,1,1.69344,2.28682,0.555623,1.30835,1.69344,9.11013e+06,4.00975e+06,1.54275e+07,0,0,0,0
114.512,122.105,2.15125,0.3,0,3.6962,3.75825,0,0.692622,6.47136,4.38366e+06,2.99988e+06,1.62029e+07,0,0,0,0,59.1904,61.308,1.53218,1,1,1.69344,2.28697,0.555769,1.30835,1.69344,9.11013e+06,4.00975e+06,1.54275e+07,0,0,0,0
113.201,122.105,2.24286,0.16,0,3.69644,3.75849,0,0.692667,6.47136,4.38366e+06,2.99988e+06,1.62039e+07,0,0,0,0,58.7565,61.308,1.72529,1,1,1.69344,2.28712,0.555915,1.30835,1.69344,9.11013e+06,4.00975e+06,1.54275e+07,0,0,0,0
111.989,122.105,2.34771,0.32,0,3.69668,3.75874,0,0.692712,6.47136,4.38366e+06,2.99988e+06,1.6205e+07,0,0,0,0,58.0206,61.308,1.81215,1,1,1.69344,2.28727,0.556062,1.30835,1.69344,9.11013e+06,4.00975e+06,1.54275e+07,0,0,0,0
110.204,122.105,1.87738,0.21,0,3.94382,4.01003,0,0.692757,6.47136,4.38366e+06,2.99988e+06,1.72884e+07,0,0,0,0,57.1977,61.308,1.19825,1,1,1.69344,2.48435,0.749893,1.30835,1.69344,9.11013e+06,4.00975e+06,1.54275e+07,0,0,0,0
108.534,122.105,2.02889,0.17,0,3.94407,4.01029,0,0.739072,6.47136,4.38366e+06,2.99988e+06,1.72895e+07,0,0,0,0,56.1617,61.308,1.47595,1,1,1.69344,2.48451,0.750052,1.30835,1.69344,9.11013e+06,4.00975e+06,1.54275e+07,0,0,0,0
106.589,122.105,1.6774,0.04,0,3.94433,4.01055,0,0.73912,6.47136,4.38366e+06,2.99988e+06,1.72906e+07,0,0,0,0,55.5386,61.308,1.02913,1,1,1.69344,2.48467,0.75021,1.30835,1.69344,9.11013e+06,4.00975e+06,1.54275e+07,0,0,0,0
104.993,122.105,2.14,0,0,3.94459,4.01081,0,0.739168,6.47136,4.38366e+06,2.99988e+06,1.72917e+07,0,0,0,0,55.1605,61.308,1.95288,1,1,1.69344,2.48484,0.750369,1.30835,1.69344,9.11013e+06,4.00975e+06,1.54275e+07,0,0,0,0
103.115,122.105,1.78243,0.01,0,3.94484,4.01107,0,0.739216,6.47136,4.38366e+06,2.99988e+06,1.72928e+07,0,0,0,0,54.7609,61.308,2.3514,1,1,1.69344,2.485,0.750528,1.30835,1.69344,9.11013e+06,4.00975e+06,1.54275e+07,0,0,0,0
101.292,122.105,1.62099,0,0,3.82473,3.88894,0,0.739264,6.47136,4.38366e+06,2.99988e+06,1.67663e+07,0,0,0,0,53.9602,61.308,1.46301,1,1,1.69344,2.36559,0.633089,1.30835,1.69344,9.11013e+06,4.00975e+06,1.54275e+07,0,0,0,0
99.2623,122.105,1.37179,0,0,3.82498,3.88919,0,0.716754,6.47136,4.38366e+06,2.99988e+06,1.67674e+07,0,0,0,0,53.3534,61.308,1.29771,1,1,1.69344,2.36574,0.63324,1.30835,1.69344,9.11013e+06,4.00975e+06,1.54275e+07,0,0,0,0
98.0946,122.105,2.51497,0,0,3.82523,3.88945,0,0.716801,6.47136,4.38366e+06,2.99988e+06,1.67685e+07,0,0,0,0,53.0569,61.308,1.7255,1,1,1.69344,2.36589,0.633391,1.30835,1.69344,9.11013e+06,4.00975e+06,1.54275e+07,0,0,0,0
98.6309,122.105,4.50199,0,0,3.82548,3.8897,0,0.716848,6.47136,4.38366e+06,2.99988e+06,1.67696e+07,0,0,0,0,52.6412,61.308,2.38495,1,1,1.69344,2.36605,0.633542,1.30835,1.69344,9.11013e+06,4.00975e+06,1.54275e+07,0,0,0,0
97.1332,122.105,1.97477,0,0,3.7269,3.78946,0,0.716894,6.47136,4.38366e+06,2.99988e+06,1.63374e+07,0,0,0,0,52.0573,61.308,1.18647,1,1,1.69344,2.25733,0.526622,1.30835,1.69344,9.11013e+06,4.00975e+06,1.54275e+07,0,0,0,0
95.9268,122.105,2.42009,0,0,3.72714,3.78971,0,0.69842,6.47136,4.38366e+06,2.99988e+06,1.63385e+07,0,0,0,0,51.7783,61.308,2.63306,1,1,1.69344,2.25748,0.526767,1.30835,1.69344,9.11013e+06,4.00975e+06,1.54275e+07,0,0,0,0
97.9051,122.105,6.14178,0,0,3.72738,3.78996,0,0.698466,6.47136,4.38366e+06,2.99988e+06,1.63396e+07,0,0,0,0,52.3958,61.308,5.2839,1,1,1.69344,2.25763,0.526911,1.30835,1.69344,9.11013e+06,4.00975e+06,1.54275e+07,0,0,0,0
97.6999,122.105,3.5841,0,0,3.72762,3.7902,0,0.698511,6.47136,4.38366e+06,2.99988e+06,1.63406e+07,0,0,0,0,52.45,61.308,2.65315,1,1,1.69344,2.25777,0.527055,1.30835,1.69344,9.11013e+06,4.00975e+06,1.54275e+07,0,0,0,0
99.059,122.105,5.01778,0,0,3.44711,3.50498,0,0.698556,6.47136,4.38366e+06,2.99988e+06,1.5111e+07,0,0,0,0,52.2702,61.308,2.87438,1,1,1.69344,2.03112,0.304144,1.30835,1.69344,9.11013e+06,4.00975e+06,1.54275e+07,0,0,0,0
99.7969,122.105,4.37186,0,0,3.44734,3.50521,0,0.645989,6.47136,4.38366e+06,2.99988e+06,1.51119e+07,0,0,0,0,51.9751,61.308,2.46608,1,1,1.69344,2.03125,0.304273,1.30835,1.69344,9.11013e+06,4.00975e+06,1.54275e+07,0,0,0,0
99.9187,122.105,4.25119,0,0,3.44756,3.50544,0,0.646031,6.47136,4.38366e+06,2.99988e+06,1.51129e+07,0,0,0,0,51.6491,61.308,2.32796,1,1,1.69344,2.03138,0.304403,1.30835,1.69344,9.11013e+06,4.00975e+06,1.54275e+07,0,0,0,0
99.8056,122.105,3.84304,0,0,3.44779,3.50567,0,0.646073,6.47136,4.38366e+06,2.99988e+06,1.51139e+07,0,0,0,0,51.3085,61.308,2.55146,1,1,1.69344,2.03151,0.304533,1.30835,1.69344,9.11013e+06,4.00975e+06,1.54275e+07,0,0,0,0
100.164,122.105,4.06734,0,0,3.44801,3.50589,0,0.646115,6.47136,4.38366e+06,2.99988e+06,1.51149e+07,0,0,0,0,51.2128,61.308,2.56107,1,1,1.69344,2.03165,0.304662,1.30835,1.69344,9.11013e+06,4.00975e+06,1.54275e+07,0,0,0,0
100.904,122.105,4.57593,0,0,3.55624,3.61594,0,0.646157,6.47136,4.38366e+06,2.99988e+06,1.55893e+07,0,0,0,0,51.2422,61.308,2.69983,1,1,1.69344,2.09746,0.369393,1.30835,1.69344,9.11013e+06,4.00975e+06,1.54275e+07,0,0,0,0
103.542,122.105,6.74664,0,0,3.55644,3.61614,0,0.666439,6.47136,4.38366e+06,2.99988e+06,1.55902e+07,0,0,0,0,51.3671,61.308,2.94798,1,1,1.69344,2.09758,0.369508,1.30835,1.69344,9.11013e+06,4.00975e+06,1.54275e+07,0,0,0,0
107.559,122.105,8.28778,0,0,3.55664,3.61635,0,0.666476,6.47136,4.38366e+06,2.99988e+06,1.55911e+07,0,0,0,0,51.4967,61.308,3.02502,1,1,1.69344,2.0977,0.369623,1.30835,1.69344,9.11013e+06,4.00975e+06,1.54275e+07,0,0,0,0
108.866,122.105,5.44608,0,0,3.55683,3.61655,0,0.666514,6.47136,4.38366e+06,2.99988e+06,1.55919e+07,0,0,0,0,51.8385,61.308,3.7824,1,1,1.69344,2.09782,0.369738,1.30835,1.69344,9.11013e+06,4.00975e+06,1.54275e+07,0,0,0,0
109.794,122.105,5.16643,0,0,3.90398,3.96952,0,0.666551,6.47136,4.38366e+06,2.99988e+06,1.71137e+07,0,0,0,0,51.7544,61.308,2.36494,1,1,1.69344,2.3446,0.612453,1.30835,1.69344,9.11013e+06,4.00975e+06,1.54275e+07,0,0,0,0
111.927,122.105,6.53525,0,0,3.9042,3.96974,0,0.731606,6.47136,4.38366e+06,2.99988e+06,1.71147e+07,0,0,0,0,51.7155,61.308,2.60305,1,1,1.69344,2.34474,0.612581,1.30835,1.69344,9.11013e+06,4.00975e+06,1.54275e+07,0,0,0,0
114.223,122.105,6.78729,0,0,3.90441,3.96996,0,0.731646,6.47136,4.38366e+06,2.99988e+06,1.71156e+07,0,0,0,0,51.7224,61.308,2.75867,1,1,1.69344,2.34487,0.61271,1.30835,1.69344,9.11013e+06,4.00975e+06,1.54275e+07,0,0,0,0
116.079,122.105,6.42616,0,0,3.90463,3.97018,0,0.731687,6.47136,4.38366e+06,2.99988e+06,1.71166e+07,0,0,0,0,51.8841,61.308,2.76102,1,1,1.69344,2.345,0.612839,1.30835,1.69344,9.11013e+06,4.00975e+06,1.54275e+07,0,0,0,0
118.504,122.105,6.96322,0,0,3.40989,3.46713,0,0.731728,6.47136,4.38366e+06,2.99988e+06,1.49478e+07,0,0,0,0,52.4346,61.308,3.63424,1,1,1.69344,2.01402,0.287324,1.30835,1.69344,9.11013e+06,4.00975e+06,1.54275e+07,0,0,0,0
122.105,122.105,8.83042,0,0,3.41008,3.46732,0,0.639013,6.47136,4.38366e+06,2.99988e+06,1.49486e+07,0,0,0,0,53.0289,61.308,4.1596,1,1,1.69344,2.01413,0.287434,1.30835,1.69344,9.11013e+06,4.00975e+06,1.54275e+07,0,0,0,0
122.105,122.105,8.04069,0,0,3.41027,3.46752,0,0.639048,6.47136,4.38366e+06,2.99988e+06,1.49494e+07,0,0,0,0,53.3998,61.308,2.88846,1,1,1.69344,2.01424,0.287545,1.30835,1.69344,9.11013e+06,4.00975e+06,1.54275e+07,0,0,0,0
122.105,122.105,7.46216,0,0,3.41046,3.46771,0,0.639084,6.47136,4.38366e+06,2.99988e+06,1.49503e+07,0,0,0,0,53.7826,61.308,3.69642,1,1,1.69344,2.01435,0.287655,1.30835,1.69344,9.11013e+06,4.00975e+06,1.54275e+07,0,0,0,0
122.105,122.105,5.60416,0,0,3.41065,3.4679,0,0.63912,6.47136,4.38366e+06,2.99988e+06,1.49511e+07,0,0,0,0,53.6916,61.308,2.60164,1,1,1.69344,2.01447,0.287766,1.30835,1.69344,9.11013e+06,4.00975e+06,1.54275e+07,0,0,0,0
122.105,122.105,6.44812,0,0,3.53546,3.59482,0,0.639155,6.47136,4.38366e+06,2.99988e+06,1.54983e+07,0,0,0,0,54.1368,61.308,3.98339,1,1,1.69344,2.0956,0.367563,1.30835,1.69344,9.11013e+06,4.00975e+06,1.54275e+07,0,0,0,0
122.105,122.105,4.3839,0,0,3.53566,3.59502,0,0.662546,6.47136,4.38366e+06,2.99988e+06,1.54991e+07,0,0,0,0,53.7851,61.308,1.94696,1,1,1.69344,2.09572,0.367678,1.30835,1.69344,9.11013e+06,4.00975e+06,1.54275e+07,0,0,0,0
122.105,122.105,6.47377,0,0,3.53586,3.59522,0,0.662583,6.47136,4.38366e+06,2.99988e+06,1.55e+07,0,0,0,0,53.982,61.308,3.26275,1,1,1.69344,2.09584,0.367793,1.30835,1.69344,9.11013e+06,4.00975e+06,1.54275e+07,0,0,0,0
122.105,122.105,4.57818,0,0,3.53605,3.59542,0,0.662619,6.47136,4.38366e+06,2.99988e+06,1.55009e+07,0,0,0,0,53.6909,61.308,2.12342,1,1,1.69344,2.09595,0.367908,1.30835,1.69344,9.11013e+06,4.00975e+06,1.54275e+07,0,0,0,0
122.105,122.105,3.79463,0,0,3.48751,3.54606,0,0.662656,6.47136,4.38366e+06,2.99988e+06,1.52881e+07,0,0,0,0,53.2878,61.308,2.29444,1,1,1.69344,2.0646,0.337067,1.30835,1.69344,9.11013e+06,4.00975e+06,1.54275e+07,0,0,0,0
122.105,122.105,3.99762,0,0,3.48771,3.54626,0,0.65356,6.47136,4.38366e+06,2.99988e+06,1.52889e+07,0,0,0,0,52.9736,61.308,1.92286,1,1,1.69344,2.06471,0.33718,1.30835,1.69344,9.11013e+06,4.00975e+06,1.54275e+07,0,0,0,0
122.105,122.105,3.87904,0,0,3.4879,3.54646,0,0.653596,6.47136,4.38366e+06,2.99988e+06,1.52898e+07,0,0,0,0,52.5099,61.308,1.96846,1,1,1.69344,2.06483,0.337294,1.30835,1.69344,9.11013e+06,4.00975e+06,1.54275e+07,0,0,0,0
121.699,122.105,3.15959,0,0,3.4881,3.54665,0,0.653633,6.47136,4.38366e+06,2.99988e+06,1.52906e+07,0,0,0,0,52.1486,61.308,1.82224,1,1,1.69344,2.06494,0.337407,1.30835,1.69344,9.11013e+06,4.00975e+06,1.54275e+07,0,0,0,0
121.015,122.105,3.08014,0,0,3.65377,3.7151,0,0.653669,6.47136,4.38366e+06,2.99988e+06,1.60169e+07,0,0,0,0,51.8572,61.308,2.20839,1,1,1.69344,2.1767,0.447325,1.30835,1.69344,9.11013e+06,4.00975e+06,1.54275e+07,0,0,0,0
120.12,122.105,2.83211,0,0,3.65397,3.71531,0,0.684716,6.47136,4.38366e+06,2.99988e+06,1.60178e+07,0,0,0,0,51.5162,61.308,1.99872,1,1,1.69344,2.17683,0.447444,1.30835,1.69344,9.11013e+06,4.00975e+06,1.54275e+07,0,0,0,0
119.107,122.105,2.63302,0,0,3.65417,3.71552,0,0.684754,6.47136,4.38366e+06,2.99988e+06,1.60186e+07,0,0,0,0,51.1086,61.308,1.92525,1,1,1.69344,2.17695,0.447564,1.30835,1.69344,9.11013e+06,4.00975e+06,1.54275e+07,0,0,0,0
117.98,122.105,2.50739,0,0,3.65438,3.71573,0,0.684792,6.47136,4.38366e+06,2.99988e+06,1.60195e+07,0,0,0,0,50.6921,61.308,1.80423,1,1,1.69344,2.17707,0.447683,1.30835,1.69344,9.11013e+06,4.00975e+06,1.54275e+07,0,0,0,0
117.85,122.105,3.51709,0,0,3.65458,3.71593,0,0.68483,6.47136,4.38366e+06,2.99988e+06,1.60204e+07,0,0,0,0,50.375,61.308,2.04492,1,1,1.69344,2.17719,0.447802,1.30835,1.69344,9.11013e+06,4.00975e+06,1.54275e+07,0,0,0,0
117.936,122.105,3.72101,0,0,3.62205,3.68286,0,0.684868,6.47136,4.38366e+06,2.99988e+06,1.58778e+07,0,0,0,0,50.0827,61.308,2.07387,1,1,1.69344,2.23869,0.508289,1.30835,1.69344,9.11013e+06,4.00975e+06,1.54275e+07,0,0,0,0
117.729,122.105,3.4112,0,0,3.62225,3.68306,0,0.678772,6.47136,4.38366e+06,2.99988e+06,1.58787e+07,0,0,0,0,49.7731,61.308,2.0398,1,1,1.69344,2.23882,0.508412,1.30835,1.69344,9.11013e+06,4.00975e+06,1.54275e+07,0,0,0,0
117.252,122.105,3.11286,0,0,3.62246,3.68327,0,0.67881,6.47136,4.38366e+06,2.99988e+06,1.58796e+07,0,0,0,0,49.4304,61.308,1.83977,1,1,1.69344,2.23894,0.508535,1.30835,1.69344,9.11013e+06,4.00975e+06,1.54275e+07,0,0,0,0
116.915,122.105,3.2235,0,0,3.62266,3.68347,0,0.678848,6.47136,4.38366e+06,2.99988e+06,1.58805e+07,0,0,0,0,49.0325,61.308,1.96709,1,1,1.69344,2.23907,0.508658,1.30835,1.69344,9.11013e+06,4.00975e+06,1.54275e+07,0,0,0,0
116.87,122.105,3.65344,0,0,3.70741,3.76965,0,0.678886,6.47136,4.38366e+06,2.99988e+06,1.6252e+07,0,0,0,0,48.739,61.308,2.3038,1,1,1.69344,2.29391,0.562593,1.30835,1.69344,9.11013e+06,4.00975e+06,1.54275e+07,0,0,0,0
116.508,122.105,3.33675,0,0,3.70762,3.76986,0,0.694769,6.47136,4.38366e+06,2.99988e+06,1.62529e+07,0,0,0,0,48.4058,61.308,2.21062,1,1,1.69344,2.29404,0.562719,1.30835,1.69344,9.11013e+06,4.00975e+06,1.54275e+07,0,0,0,0
115.895,122.105,3.04786,0,0,3.70782,3.77007,0,0.694807,6.47136,4.38366e+06,2.99988e+06,1.62538e+07,0,0,0,0,48.0486,61.308,2.03465,1,1,1.69344,2.29416,0.562845,1.30835,1.69344,9.11013e+06,4.00975e+06,1.54275e+07,0,0,0,0
114.954,122.105,2.69997,0,0,3.70803,3.77028,0,0.694846,6.47136,4.38366e+06,2.99988e+06,1.62547e+07,0,0,0,0,47.6118,61.308,2.01632,1,1,1.69344,2.29429,0.56297,1.30835,1.69344,9.11013e+06,4.00975e+06,1.54275e+07,0,0,0,0
113.691,122.105,2.56799,0,0,3.95589,4.02231,0,0.694885,6.47136,4.38366e+06,2.99988e+06,1.73413e+07,0,0,0,0,47.1897,61.308,1.69215,1,1,1.69344,2.49196,0.757374,1.30835,1.69344,9.11013e+06,4.00975e+06,1.54275e+07,0,0,0,0
112.72,122.105,2.8712,0,0,3.95612,4.02253,0,0.741335,6.47136,4.38366e+06,2.99988e+06,1.73423e+07,0,0,0,0,46.6782,61.308,2.00152,1,1,1.69344,2.4921,0.757511,1.30835,1.69344,9.11013e+06,4.00975e+06,1.54275e+07,0,0,0,0
111.255,122.105,2.31563,0,0,3.95634,4.02276,0,0.741376,6.47136,4.38366e+06,2.99988e+06,1.73432e+07,0,0,0,0,46.1962,61.308,1.50297,1,1,1.69344,2.49224,0.757648,1.30835,1.69344,9.11013e+06,4.00975e+06,1.54275e+07,0,0,0,0
110.217,122.105,2.82931,0,0,3.95656,4.02298,0,0.741417,6.47136,4.38366e+06,2.99988e+06,1.73442e+07,0,0,0,0,45.8532,61.308,2.46934,1,1,1.69344,2.49238,0.757785,1.30835,1.69344,9.11013e+06,4.00975e+06,1.54275e+07,0,0,0,0
108.808,122.105,2.38976,0,0,3.95678,4.0232,0,0.741459,6.47136,4.38366e+06,2.99988e+06,1.73452e+07,0,0,0,0,45.1053,61.308,1.63996,1,1,1.69344,2.49252,0.757921,1.30835,1.69344,9.11013e+06,4.00975e+06,1.54275e+07,0,0,0,0
107.371,122.105,2.17572,0,0,3.83627,3.90067,0,0.7415,6.47136,4.38366e+06,2.99988e+06,1.68169e+07,0,0,0,0,44.7344,61.308,1.34222,1,1,1.69344,2.37272,0.640106,1.30835,1.69344,9.11013e+06,4.00975e+06,1.54275e+07,0,0,0,0
105.899,122.105,2.20695,0,0,3.83648,3.90089,0,0.718916,6.47136,4.38366e+06,2.99988e+06,1.68178e+07,0,0,0,0,44.6141,61.308,2.13714,1,1,1.69344,2.37285,0.640236,1.30835,1.69344,9.11013e+06,4.00975e+06,1.54275e+07,0,0,0,0
106.147,122.105,4.24522,0,0,3.83669,3.9011,0,0.718956,6.47136,4.38366e+06,2.99988e+06,1.68188e+07,0,0,0,0,44.6609,61.308,2.27779,1,1,1.69344,2.37299,0.640366,1.30835,1.69344,9.11013e+06,4.00975e+06,1.54275e+07,0,0,0,0
107.143,122.105,5.09685,0,0,3.83691,3.90132,0,0.718996,6.47136,4.38366e+06,2.99988e+06,1.68197e+07,0,0,0,0,44.546,61.308,2.08399,1,1,1.69344,2.37312,0.640496,1.30835,1.69344,9.11013e+06,4.00975e+06,1.54275e+07,0,0,0,0
106.069,122.105,2.72243,0,0,3.738,3.80075,0,0.719036,6.47136,4.38366e+06,2.99988e+06,1.63861e+07,0,0,0,0,44.4726,61.308,2.18573,1,1,1.69344,2.26406,0.533236,1.30835,1.69344,9.11013e+06,4.00975e+06,1.54275e+07,0,0,0,0
106.289,122.105,4.29971,0,0,3.73821,3.80096,0,0.700501,6.47136,4.38366e+06,2.99988e+06,1.6387e+07,0,0,0,0,45.2191,61.308,4.03021,1,1,1.69344,2.26418,0.533361,1.30835,1.69344,9.11013e+06,4.00975e+06,1.54275e+07,0,0,0,0
105.266,122.105,2.99776,0,0,3.73842,3.80118,0,0.70054,6.47136,4.38366e+06,2.99988e+06,1.63879e+07,0,0,0,0,45.5653,61.308,3.30457,1,1,1.69344,2.26431,0.533485,1.30835,1.69344,9.11013e+06,4.00975e+06,1.54275e+07,0,0,0,0
106.322,122.105,5.48362,0,0,3.73862,3.80139,0,0.700579,6.47136,4.38366e+06,2.99988e+06,1.63889e+07,0,0,0,0,46.0613,61.308,3.59939,1,1,1.69344,2.26444,0.533609,1.30835,1.69344,9.11013e+06,4.00975e+06,1.54275e+07,0,0,0,0
108.744,122.105,7.09995,0,0,3.45726,3.5153,0,0.700618,6.47136,4.38366e+06,2.99988e+06,1.51554e+07,0,0,0,0,46.4551,61.308,3.39439,1,1,1.69344,2.0371,0.310021,1.30835,1.69344,9.11013e+06,4.00975e+06,1.54275e+07,0,0,0,0
111.085,122.105,7.24925,0,0,3.45745,3.51549,0,0.64789,6.47136,4.38366e+06,2.99988e+06,1.51563e+07,0,0,0,0,47.4843,61.308,4.38406,1,1,1.69344,2.03721,0.310133,1.30835,1.69344,9.11013e+06,4.00975e+06,1.54275e+07,0,0,0,0
114.238,122.105,7.66578,0,0,3.45764,3.51569,0,0.647926,6.47136,4.38366e+06,2.99988e+06,1.51571e+07,0,0,0,0,47.7599,61.308,3.08869,1,1,1.69344,2.03732,0.310245,1.30835,1.69344,9.11013e+06,4.00975e+06,1.54275e+07,0,0,0,0
116.609,122.105,6.81163,0,0,3.45783,3.51588,0,0.647962,6.47136,4.38366e+06,2.99988e+06,1.5158e+07,0,0,0,0,48.4205,61.308,3.90424,1,1,1.69344,2.03744,0.310356,1.30835,1.69344,9.11013e+06,4.00975e+06,1.54275e+07,0,0,0,0
119.177,122.105,6.93026,0,0,3.45803,3.51608,0,0.647998,6.47136,4.38366e+06,2.99988e+06,1.51588e+07,0,0,0,0,49.618,61.308,4.59525,1,1,1.69344,2.03755,0.310468,1.30835,1.69344,9.11013e+06,4.00975e+06,1.54275e+07,0,0,0,0
119.51,122.105,4.28924,0,0,3.56654,3.62641,0,0.648034,6.47136,4.38366e+06,2.99988e+06,1.56345e+07,0,0,0,0,49.6392,61.308,2.84653,1,1,1.69344,2.10354,0.375367,1.30835,1.69344,9.11013e+06,4.00975e+06,1.54275e+07,0,0,0,0
122.105,122.105,7.32125,0,0,3.56671,3.62658,0,0.668369,6.47136,4.38366e+06,2.99988e+06,1.56352e+07,0,0,0,0,49.7934,61.308,3.23973,1,1,1.69344,2.10364,0.375464,1.30835,1.69344,9.11013e+06,4.00975e+06,1.54275e+07,0,0,0,0
122.004,122.105,3.78034,0,0,3.56687,3.62675,0,0.668401,6.47136,4.38366e+06,2.99988e+06,1.56359e+07,0,0,0,0,49.9099,61.308,3.16593,1,1,1.69344,2.10373,0.37556,1.30835,1.69344,9.11013e+06,4.00975e+06,1.54275e+07,0,0,0,0
122.012,122.105,3.9898,0,0,3.56704,3.62692,0,0.668432,6.47136,4.38366e+06,2.99988e+06,1.56367e+07,0,0,0,0,50.1291,61.308,3.58964,1,1,1.69344,2.10383,0.375657,1.30835,1.69344,9.11013e+06,4.00975e+06,1.54275e+07,0,0,0,0
121.64,122.105,3.80267,0,0,3.91514,3.98087,0,0.668463,6.47136,4.38366e+06,2.99988e+06,1.71626e+07,0,0,0,0,50.0443,61.308,3.27091,1,1,1.69344,2.35131,0.619047,1.30835,1.69344,9.11013e+06,4.00975e+06,1.54275e+07,0,0,0,0
121.001,122.105,3.5111,0,0,3.91533,3.98106,0,0.733698,6.47136,4.38366e+06,2.99988e+06,1.71634e+07,0,0,0,0,49.8131,61.308,2.71644,1,1,1.69344,2.35142,0.619155,1.30835,1.69344,9.11013e+06,4.00975e+06,1.54275e+07,0,0,0,0
120.99,122.105,4.20657,0,0,3.91551,3.98124,0,0.733732,6.47136,4.38366e+06,2.99988e+06,1.71642e+07,0,0,0,0,49.7382,61.308,3.22383,1,1,1.69344,2.35153,0.619263,1.30835,1.69344,9.11013e+06,4.00975e+06,1.54275e+07,0,0,0,0
122.105,122.105,6.14892,0,0,3.91569,3.98143,0,0.733766,6.47136,4.38366e+06,2.99988e+06,1.7165e+07,0,0,0,0,49.9797,61.308,3.78707,1,1,1.69344,2.35164,0.619371,1.30835,1.69344,9.11013e+06,4.00975e+06,1.54275e+07,0,0,0,0
122.105,122.105,5.10969,0,0,3.41951,3.47692,0,0.7338,6.47136,4.38366e+06,2.99988e+06,1.499e+07,0,0,0,0,50.4127,61.308,4.08671,1,1,1.69344,2.0197,0.292915,1.30835,1.69344,9.11013e+06,4.00975e+06,1.54275e+07,0,0,0,0
122.105,122.105,4.84148,0,0,3.41967,3.47708,0,0.640816,6.47136,4.38366e+06,2.99988e+06,1.49907e+07,0,0,0,0,50.7205,61.308,2.75177,1,1,1.69344,2.0198,0.293008,1.30835,1.69344,9.11013e+06,4.00975e+06,1.54275e+07,0,0,0,0
122.105,122.105,6.8946,0,0,3.41983,3.47724,0,0.640846,6.47136,4.38366e+06,2.99988e+06,1.49914e+07,0,0,0,0,51.4771,61.308,4.02724,1,1,1.69344,2.01989,0.293101,1.30835,1.69344,9.11013e+06,4.00975e+06,1.54275e+07,0,0,0,0
122.105,122.105,7.68932,0,0,3.41999,3.47741,0,0.640876,6.47136,4.38366e+06,2.99988e+06,1.49921e+07,0,0,0,0,52.9306,61.308,8.48949,1,1,1.69344,2.01999,0.293194,1.30835,1.69344,9.11013e+06,4.00975e+06,1.54275e+07,0,0,0,0
122.105,122.105,4.28248,0,0,3.42015,3.47757,0,0.640906,6.47136,4.38366e+06,2.99988e+06,1.49928e+07,0,0,0,0,53.277,61.308,3.34829,1,1,1.69344,2.02008,0.293286,1.30835,1.69344,9.11013e+06,4.00975e+06,1.54275e+07,0,0,0,0
121.477,122.105,3.17403,0,0,3.54528,3.6048,0,0.640936,6.47136,4.38366e+06,2.99988e+06,1.55413e+07,0,0,0,0,53.5662,61.308,3.17313,1,1,1.69344,2.10142,0.373287,1.30835,1.69344,9.11013e+06,4.00975e+06,1.54275e+07,0,0,0,0
122.105,122.105,4.78347,0,0,3.54545,3.60497,0,0.664386,6.47136,4.38366e+06,2.99988e+06,1.5542e+07,0,0,0,0,54.2222,61.308,3.98839,1,1,1.69344,2.10152,0.373384,1.30835,1.69344,9.11013e+06,4.00975e+06,1.54275e+07,0,0,0,0
122.105,122.105,3.97545,0,0,3.54561,3.60514,0,0.664417,6.47136,4.38366e+06,2.99988e+06,1.55427e+07,0,0,0,0,54.5437,61.308,3.16092,1,1,1.69344,2.10162,0.37348,1.30835,1.69344,9.11013e+06,4.00975e+06,1.54275e+07,0,0,0,0
121.525,122.105,3.09942,0,0,3.54578,3.6053,0,0.664448,6.47136,4.38366e+06,2.99988e+06,1.55435e+07,0,0,0,0,54.4268,61.308,2.44625,1,1,1.69344,2.10172,0.373577,1.30835,1.69344,9.11013e+06,4.00975e+06,1.54275e+07,0,0,0,0
120.913,122.105,3.00527,0,0,3.49707,3.55578,0,0.664479,6.47136,4.38366e+06,2.99988e+06,1.533e+07,0,0,0,0,53.9934,61.308,2.07938,1,1,1.69344,2.07025,0.342632,1.30835,1.69344,9.11013e+06,4.00975e+06,1.54275e+07,0,0,0,0
120.088,122.105,2.7076,0,0,3.49723,3.55595,0,0.655351,6.47136,4.38366e+06,2.99988e+06,1.53307e+07,0,0,0,0,53.6037,61.308,1.86829,1,1,1.69344,2.07035,0.342727,1.30835,1.69344,9.11013e+06,4.00975e+06,1.54275e+07,0,0,0,0
119.227,122.105,2.63481,0,0,3.4974,3.55611,0,0.655382,6.47136,4.38366e+06,2.99988e+06,1.53314e+07,0,0,0,0,53.1342,61.308,1.94876,1,1,1.69344,2.07045,0.342822,1.30835,1.69344,9.11013e+06,4.00975e+06,1.54275e+07,0,0,0,0
118.207,122.105,2.45474,0,0,3.49756,3.55628,0,0.655412,6.47136,4.38366e+06,2.99988e+06,1.53321e+07,0,0,0,0,52.5904,61.308,1.82308,1,1,1.69344,2.07054,0.342917,1.30835,1.69344,9.11013e+06,4.00975e+06,1.54275e+07,0,0,0,0
117.059,122.105,2.43064,0,0,3.66364,3.72515,0,0.655443,6.47136,4.38366e+06,2.99988e+06,1.60602e+07,0,0,0,0,51.8797,61.308,1.80373,1,1,1.69344,2.18259,0.453113,1.30835,1.69344,9.11013e+06,4.00975e+06,1.54275e+07,0,0,0,0
115.8,122.105,2.24016,0,0,3.66382,3.72532,0,0.686567,6.47136,4.38366e+06,2.99988e+06,1.60609e+07,0,0,0,0,51.2675,61.308,1.60198,1,1,1.69344,2.18269,0.453213,1.30835,1.69344,9.11013e+06,4.00975e+06,1.54275e+07,0,0,0,0
114.431,122.105,2.09171,0,0,3.66399,3.7255,0,0.686599,6.47136,4.38366e+06,2.99988e+06,1.60617e+07,0,0,0,0,50.6798,61.308,1.62935,1,1,1.69344,2.18279,0.453314,1.30835,1.69344,9.11013e+06,4.00975e+06,1.54275e+07,0,0,0,0
113,122.105,1.99355,0,0,3.66416,3.72567,0,0.686631,6.47136,4.38366e+06,2.99988e+06,1.60624e+07,0,0,0,0,50.0858,61.308,1.65694,1,1,1.69344,2.1829,0.453414,1.30835,1.69344,9.11013e+06,4.00975e+06,1.54275e+07,0,0,0,0
111.315,122.105,1.70058,0,0,3.66433,3.72585,0,0.686663,6.47136,4.38366e+06,2.99988e+06,1.60632e+07,0,0,0,0,49.5123,61.308,1.69313,1,1,1.69344,2.183,0.453514,1.30835,1.69344,9.11013e+06,4.00975e+06,1.54275e+07,0,0,0,0
109.427,122.105,1.44058,0,0,3.63168,3.69265,0,0.686695,6.47136,4.38366e+06,2.99988e+06,1.592e+07,0,0,0,0,48.8654,61.308,1.7227,1,1,1.69344,2.24464,0.514142,1.30835,1.69344,9.11013e+06,4.00975e+06,1.54275e+07,0,0,0,0
107.512,122.105,1.38703,0,0,3.63185,3.69282,0,0.680577,6.47136,4.38366e+06,2.99988e+06,1.59208e+07,0,0,0,0,48.1272,61.308,1.54516,1,1,1.69344,2.24475,0.514245,1.30835,1.69344,9.11013e+06,4.00975e+06,1.54275e+07,0,0,0,0
105.575,122.105,1.33543,0,0,3.63202,3.69299,0,0.680608,6.47136,4.38366e+06,2.99988e+06,1.59215e+07,0,0,0,0,47.4342,61.308,1.46751,1,1,1.69344,2.24485,0.514348,1.30835,1.69344,9.11013e+06,4.00975e+06,1.54275e+07,0,0,0,0
103.743,122.105,1.40895,0,0,3.63219,3.69317,0,0.68064,6.47136,4.38366e+06,2.99988e+06,1.59223e+07,0,0,0,0,46.6253,61.308,1.62681,1,1,1.69344,2.24496,0.514451,1.30835,1.69344,9.11013e+06,4.00975e+06,1.54275e+07,0,0,0,0
101.734,122.105,1.27,0,0,3.71713,3.77953,0,0.680672,6.47136,4.38366e+06,2.99988e+06,1.62946e+07,0,0,0,0,45.8101,61.308,1.36191,1,1,1.69344,2.29992,0.568507,1.30835,1.69344,9.11013e+06,4.00975e+06,1.54275e+07,0,0,0,0
99.6612,122.105,1.16942,0,0,3.7173,3.77971,0,0.69659,6.47136,4.38366e+06,2.99988e+06,1.62954e+07,0,0,0,0,44.8221,61.308,1.34252,1,1,1.69344,2.30003,0.568613,1.30835,1.69344,9.11013e+06,4.00975e+06,1.54275e+07,0,0,0,0
97.5293,122.105,1.06735,0,0,3.71748,3.77989,0,0.696623,6.47136,4.38366e+06,2.99988e+06,1.62961e+07,0,0,0,0,43.9665,61.308,1.17661,1,1,1.69344,2.30014,0.568719,1.30835,1.69344,9.11013e+06,4.00975e+06,1.54275e+07,0,0,0,0
95.4799,122.105,1.15807,0,0,3.71765,3.78006,0,0.696655,6.47136,4.38366e+06,2.99988e+06,1.62969e+07,0,0,0,0,43.1699,61.308,1.39238,1,1,1.69344,2.30024,0.568824,1.30835,1.69344,9.11013e+06,4.00975e+06,1.54275e+07,0,0,0,0
93.2232,122.105,1.10444,0,0,3.96612,4.0327,0,0.696688,6.47136,4.38366e+06,2.99988e+06,1.73861e+07,0,0,0,0,42.3338,61.308,1.40032,1,1,1.69344,2.4984,0.76371,1.30835,1.69344,9.11013e+06,4.00975e+06,1.54275e+07,0,0,0,0
90.899,122.105,0.985076,0,0,3.96631,4.03289,0,0.743251,6.47136,4.38366e+06,2.99988e+06,1.73869e+07,0,0,0,0,41.5651,61.308,1.3104,1,1,1.69344,2.49852,0.763825,1.30835,1.69344,9.11013e+06,4.00975e+06,1.54275e+07,0,0,0,0
88.7219,122.105,1.15275,0,0,3.96649,4.03308,0,0.743286,6.47136,4.38366e+06,2.99988e+06,1.73877e+07,0,0,0,0,40.7802,61.308,1.39641,1,1,1.69344,2.49863,0.763939,1.30835,1.69344,9.11013e+06,4.00975e+06,1.54275e+07,0,0,0,0
86.5717,122.105,1.10057,0,0,3.96668,4.03327,0,0.74332,6.47136,4.38366e+06,2.99988e+06,1.73886e+07,0,0,0,0,40.0391,61.308,1.37471,1,1,1.69344,2.49875,0.764054,1.30835,1.69344,9.11013e+06,4.00975e+06,1.54275e+07,0,0,0,0
84.4047,122.105,1.03927,0,0,3.96686,4.03346,0,0.743355,6.47136,4.38366e+06,2.99988e+06,1.73894e+07,0,0,0,0,39.5827,61.308,1.42642,1,1,1.69344,2.49887,0.764169,1.30835,1.69344,9.11013e+06,4.00975e+06,1.54275e+07,0,0,0,0
82.4797,122.105,1.19232,0,0,3.84601,3.91057,0,0.74339,6.47136,4.38366e+06,2.99988e+06,1.68596e+07,0,0,0,0,39.3807,61.308,2.91228,1,1,1.69344,2.37875,0.646031,1.30835,1.69344,9.11013e+06,4.00975e+06,1.54275e+07,0,0,0,0
80.4493,122.105,0.999043,0,0,3.84619,3.91076,0,0.720742,6.47136,4.38366e+06,2.99988e+06,1.68604e+07,0,0,0,0,38.8357,61.308,1.55093,1,1,1.69344,2.37886,0.646141,1.30835,1.69344,9.11013e+06,4.00975e+06,1.54275e+07,0,0,0,0
78.5806,122.105,1.14742,0,0,3.84637,3.91094,0,0.720775,6.47136,4.38366e+06,2.99988e+06,1.68612e+07,0,0,0,0,38.4305,61.308,1.58602,1,1,1.69344,2.37897,0.64625,1.30835,1.69344,9.11013e+06,4.00975e+06,1.54275e+07,0,0,0,0
78.4229,122.105,3.23082,0,0,3.84655,3.91112,0,0.720809,6.47136,4.38366e+06,2.99988e+06,1.68619e+07,0,0,0,0,38.728,61.308,2.9548,1,1,1.69344,2.37908,0.646359,1.30835,1.69344,9.11013e+06,4.00975e+06,1.54275e+07,0,0,0,0
77.8723,122.105,2.66431,0,0,3.74735,3.81027,0,0.720843,6.47136,4.38366e+06,2.99988e+06,1.64271e+07,0,0,0,0,38.6415,61.308,2.34581,1,1,1.69344,2.26972,0.538809,1.30835,1.69344,9.11013e+06,4.00975e+06,1.54275e+07,0,0,0,0
77.062,122.105,2.35129,0,0,3.74753,3.81044,0,0.702254,6.47136,4.38366e+06,2.99988e+06,1.64279e+07,0,0,0,0,38.4579,61.308,1.66989,1,1,1.69344,2.26983,0.538913,1.30835,1.69344,9.11013e+06,4.00975e+06,1.54275e+07,0,0,0,0
76.8941,122.105,3.25299,0,0,3.7477,3.81062,0,0.702287,6.47136,4.38366e+06,2.99988e+06,1.64287e+07,0,0,0,0,39.0434,61.308,4.0925,1,1,1.69344,2.26994,0.539017,1.30835,1.69344,9.11013e+06,4.00975e+06,1.54275e+07,0,0,0,0
81.1041,122.105,8.27503,0,0,3.74788,3.8108,0,0.70232,6.47136,4.38366e+06,2.99988e+06,1.64294e+07,0,0,0,0,41.4446,61.308,8.1039,1,1,1.69344,2.27004,0.539122,1.30835,1.69344,9.11013e+06,4.00975e+06,1.54275e+07,0,0,0,0
81.5686,122.105,3.66748,0,0,3.46578,3.52397,0,0.702353,6.47136,4.38366e+06,2.99988e+06,1.51928e+07,0,0,0,0,42.0202,61.308,3.25939,1,1,1.69344,2.04212,0.314962,1.30835,1.69344,9.11013e+06,4.00975e+06,1.54275e+07,0,0,0,0
84.0037,122.105,5.80696,0,0,3.46594,3.52413,0,0.649488,6.47136,4.38366e+06,2.99988e+06,1.51935e+07,0,0,0,0,43.1267,61.308,4.82624,1,1,1.69344,2.04221,0.315056,1.30835,1.69344,9.11013e+06,4.00975e+06,1.54275e+07,0,0,0,0
85.7533,122.105,5.13578,0,0,3.46611,3.5243,0,0.649518,6.47136,4.38366e+06,2.99988e+06,1.51942e+07,0,0,0,0,43.7515,61.308,3.40624,1,1,1.69344,2.04231,0.315149,1.30835,1.69344,9.11013e+06,4.00975e+06,1.54275e+07,0,0,0,0
89.5918,122.105,7.55066,0,0,3.46627,3.52446,0,0.649548,6.47136,4.38366e+06,2.99988e+06,1.51949e+07,0,0,0,0,45.7763,61.308,6.62987,1,1,1.69344,2.0424,0.315243,1.30835,1.69344,9.11013e+06,4.00975e+06,1.54275e+07,0,0,0,0
93.4372,122.105,7.72465,0,0,3.46643,3.52462,0,0.649579,6.47136,4.38366e+06,2.99988e+06,1.51956e+07,0,0,0,0,47.107,61.308,5.52433,1,1,1.69344,2.0425,0.315337,1.30835,1.69344,9.11013e+06,4.00975e+06,1.54275e+07,0,0,0,0
95.6916,122.105,6.32717,0,0,3.57517,3.63519,0,0.649609,6.47136,4.38366e+06,2.99988e+06,1.56723e+07,0,0,0,0,47.7214,61.308,4.2248,1,1,1.69344,2.10863,0.380375,1.30835,1.69344,9.11013e+06,4.00975e+06,1.54275e+07,0,0,0,0
96.7829,122.105,5.1348,0,0,3.57531,3.63533,0,0.669987,6.47136,4.38366e+06,2.99988e+06,1.56729e+07,0,0,0,0,48.033,61.308,3.44702,1,1,1.69344,2.10871,0.380452,1.30835,1.69344,9.11013e+06,4.00975e+06,1.54275e+07,0,0,0,0
97.4781,122.105,4.45584,0,0,3.57544,3.63546,0,0.670012,6.47136,4.38366e+06,2.99988e+06,1.56735e+07,0,0,0,0,48.1762,61.308,2.88921,1,1,1.69344,2.10879,0.38053,1.30835,1.69344,9.11013e+06,4.00975e+06,1.54275e+07,0,0,0,0
97.2314,122.105,3.3988,0,0,3.57557,3.6356,0,0.670037,6.47136,4.38366e+06,2.99988e+06,1.56741e+07,0,0,0,0,48.4707,61.308,2.91767,1,1,1.69344,2.10887,0.380608,1.30835,1.69344,9.11013e+06,4.00975e+06,1.54275e+07,0,0,0,0
97.3134,122.105,4.20749,0,0,3.92447,3.99036,0,0.670063,6.47136,4.38366e+06,2.99988e+06,1.72036e+07,0,0,0,0,48.5569,61.308,3.00261,1,1,1.69344,2.35691,0.624559,1.30835,1.69344,9.11013e+06,4.00975e+06,1.54275e+07,0,0,0,0
97.8756,122.105,4.82746,0,0,3.92462,3.99051,0,0.735446,6.47136,4.38366e+06,2.99988e+06,1.72042e+07,0,0,0,0,48.7132,61.308,3.03628,1,1,1.69344,2.357,0.624645,1.30835,1.69344,9.11013e+06,4.00975e+06,1.54275e+07,0,0,0,0
98.4844,122.105,5.01823,0,0,3.92477,3.99066,0,0.735474,6.47136,4.38366e+06,2.99988e+06,1.72048e+07,0,0,0,0,49.0473,61.308,3.87021,1,1,1.69344,2.35709,0.624732,1.30835,1.69344,9.11013e+06,4.00975e+06,1.54275e+07,0,0,0,0
99.5933,122.105,5.48873,0,0,3.92492,3.99081,0,0.735502,6.47136,4.38366e+06,2.99988e+06,1.72055e+07,0,0,0,0,49.4122,61.308,4.27044,1,1,1.69344,2.35718,0.624819,1.30835,1.69344,9.11013e+06,4.00975e+06,1.54275e+07,0,0,0,0
100.952,122.105,5.22934,0,0,3.42754,3.48508,0,0.735529,6.47136,4.38366e+06,2.99988e+06,1.50251e+07,0,0,0,0,49.7093,61.308,3.39708,1,1,1.69344,2.02444,0.297576,1.30835,1.69344,9.11013e+06,4.00975e+06,1.54275e+07,0,0,0,0
101.645,122.105,4.43264,0,0,3.42766,3.48521,0,0.64232,6.47136,4.38366e+06,2.99988e+06,1.50257e+07,0,0,0,0,50.1691,61.308,3.5497,1,1,1.69344,2.02452,0.297651,1.30835,1.69344,9.11013e+06,4.00975e+06,1.54275e+07,0,0,0,0
104.681,122.105,7.45075,0,0,3.42779,3.48534,0,0.642344,6.47136,4.38366e+06,2.99988e+06,1.50263e+07,0,0,0,0,51.3465,61.308,5.76124,1,1,1.69344,2.02459,0.297726,1.30835,1.69344,9.11013e+06,4.00975e+06,1.54275e+07,0,0,0,0
107.725,122.105,8.06695,0,0,3.42792,3.48547,0,0.642368,6.47136,4.38366e+06,2.99988e+06,1.50268e+07,0,0,0,0,52.6114,61.308,6.15393,1,1,1.69344,2.02467,0.2978,1.30835,1.69344,9.11013e+06,4.00975e+06,1.54275e+07,0,0,0,0
109.543,122.105,6.05877,0,0,3.42805,3.4856,0,0.642392,6.47136,4.38366e+06,2.99988e+06,1.50274e+07,0,0,0,0,53.5554,61.308,4.82152,1,1,1.69344,2.02475,0.297875,1.30835,1.69344,9.11013e+06,4.00975e+06,1.54275e+07,0,0,0,0
111.601,122.105,6.31604,0,0,3.55344,3.61309,0,0.642416,6.47136,4.38366e+06,2.99988e+06,1.5577e+07,0,0,0,0,54.2885,61.308,4.67302,1,1,1.69344,2.10626,0.378042,1.30835,1.69344,9.11013e+06,4.00975e+06,1.54275e+07,0,0,0,0
112.231,122.105,4.80499,0,0,3.55357,3.61323,0,0.665914,6.47136,4.38366e+06,2.99988e+06,1.55776e+07,0,0,0,0,54.841,61.308,4.21566,1,1,1.69344,2.10634,0.378119,1.30835,1.69344,9.11013e+06,4.00975e+06,1.54275e+07,0,0,0,0
112.209,122.105,3.9894,0,0,3.5537,3.61336,0,0.665939,6.47136,4.38366e+06,2.99988e+06,1.55782e+07,0,0,0,0,55.2159,61.308,3.77758,1,1,1.69344,2.10642,0.378197,1.30835,1.69344,9.11013e+06,4.00975e+06,1.54275e+07,0,0,0,0
111.856,122.105,3.50972,0,0,3.55384,3.6135,0,0.665964,6.47136,4.38366e+06,2.99988e+06,1.55788e+07,0,0,0,0,55.4238,61.308,3.30962,1,1,1.69344,2.10649,0.378274,1.30835,1.69344,9.11013e+06,4.00975e+06,1.54275e+07,0,0,0,0
112.003,122.105,3.93101,0,0,3.50499,3.56383,0,0.665989,6.47136,4.38366e+06,2.99988e+06,1.53647e+07,0,0,0,0,55.288,61.308,2.76939,1,1,1.69344,2.07494,0.34724,1.30835,1.69344,9.11013e+06,4.00975e+06,1.54275e+07,0,0,0,0
111.961,122.105,3.64831,0,0,3.50512,3.56396,0,0.656834,6.47136,4.38366e+06,2.99988e+06,1.53652e+07,0,0,0,0,55.1953,61.308,2.60286,1,1,1.69344,2.07502,0.347317,1.30835,1.69344,9.11013e+06,4.00975e+06,1.54275e+07,0,0,0,0
111.691,122.105,3.3551,0,0,3.50525,3.5641,0,0.656859,6.47136,4.38366e+06,2.99988e+06,1.53658e+07,0,0,0,0,55.14,61.308,2.48835,1,1,1.69344,2.07509,0.347393,1.30835,1.69344,9.11013e+06,4.00975e+06,1.54275e+07,0,0,0,0
111.33,122.105,3.23381,0,0,3.50538,3.56423,0,0.656884,6.47136,4.38366e+06,2.99988e+06,1.53664e+07,0,0,0,0,54.9993,61.308,2.25366,1,1,1.69344,2.07517,0.34747,1.30835,1.69344,9.11013e+06,4.00975e+06,1.54275e+07,0,0,0,0
110.63,122.105,2.94176,0,0,3.6718,3.73344,0,0.656908,6.47136,4.38366e+06,2.99988e+06,1.60959e+07,0,0,0,0,54.7671,61.308,2.3606,1,1,1.69344,2.18745,0.457893,1.30835,1.69344,9.11013e+06,4.00975e+06,1.54275e+07,0,0,0,0
109.825,122.105,2.77422,0,0,3.67194,3.73358,0,0.688096,6.47136,4.38366e+06,2.99988e+06,1.60965e+07,0,0,0,0,54.2944,61.308,2.20252,1,1,1.69344,2.18753,0.457973,1.30835,1.69344,9.11013e+06,4.00975e+06,1.54275e+07,0,0,0,0
108.813,122.105,2.54535,0,0,3.67208,3.73372,0,0.688122,6.47136,4.38366e+06,2.99988e+06,1.60971e+07,0,0,0,0,53.7552,61.308,1.83119,1,1,1.69344,2.18761,0.458054,1.30835,1.69344,9.11013e+06,4.00975e+06,1.54275e+07,0,0,0,0
107.567,122.105,2.26731,0,0,3.67221,3.73386,0,0.688147,6.47136,4.38366e+06,2.99988e+06,1.60977e+07,0,0,0,0,53.1113,61.308,1.62606,1,1,1.69344,2.1877,0.458134,1.30835,1.69344,9.11013e+06,4.00975e+06,1.54275e+07,0,0,0,0
106.077,122.105,1.95882,0,0,3.67235,3.734,0,0.688173,6.47136,4.38366e+06,2.99988e+06,1.60983e+07,0,0,0,0,52.2672,61.308,1.50971,1,1,1.69344,2.18778,0.458215,1.30835,1.69344,9.11013e+06,4.00975e+06,1.54275e+07,0,0,0,0
104.438,122.105,1.72387,0,0,3.6396,3.7007,0,0.688199,6.47136,4.38366e+06,2.99988e+06,1.59548e+07,0,0,0,0,51.345,61.308,1.31221,1,1,1.69344,2.24954,0.518955,1.30835,1.69344,9.11013e+06,4.00975e+06,1.54275e+07,0,0,0,0
102.693,122.105,1.59769,0,0,3.63973,3.70084,0,0.682061,6.47136,4.38366e+06,2.99988e+06,1.59554e+07,0,0,0,0,50.3169,61.308,1.32041,1,1,1.69344,2.24962,0.519038,1.30835,1.69344,9.11013e+06,4.00975e+06,1.54275e+07,0,0,0,0
100.853,122.105,1.47017,0,0,3.63987,3.70098,0,0.682086,6.47136,4.38366e+06,2.99988e+06,1.59559e+07,0,0,0,0,49.2675,61.308,1.15791,1,1,1.69344,2.24971,0.519121,1.30835,1.69344,9.11013e+06,4.00975e+06,1.54275e+07,0,0,0,0
98.9517,122.105,1.35584,0,0,3.64001,3.70112,0,0.682112,6.47136,4.38366e+06,2.99988e+06,1.59565e+07,0,0,0,0,48.0925,61.308,1.14054,1,1,1.69344,2.24979,0.519204,1.30835,1.69344,9.11013e+06,4.00975e+06,1.54275e+07,0,0,0,0
96.9759,122.105,1.30671,0,0,3.7251,3.78763,0,0.682137,6.47136,4.38366e+06,2.99988e+06,1.63296e+07,0,0,0,0,46.8616,61.308,1.06619,1,1,1.69344,2.30485,0.573356,1.30835,1.69344,9.11013e+06,4.00975e+06,1.54275e+07,0,0,0,0
94.9544,122.105,1.21343,0,0,3.72524,3.78778,0,0.698083,6.47136,4.38366e+06,2.99988e+06,1.63302e+07,0,0,0,0,45.6555,61.308,0.978036,1,1,1.69344,2.30494,0.573441,1.30835,1.69344,9.11013e+06,4.00975e+06,1.54275e+07,0,0,0,0
92.9454,122.105,1.21339,0,0,3.72538,3.78792,0,0.698109,6.47136,4.38366e+06,2.99988e+06,1.63308e+07,0,0,0,0,44.5867,61.308,1.04824,1,1,1.69344,2.30502,0.573526,1.30835,1.69344,9.11013e+06,4.00975e+06,1.54275e+07,0,0,0,0
91.0548,122.105,1.33096,0,0,3.72552,3.78806,0,0.698135,6.47136,4.38366e+06,2.99988e+06,1.63314e+07,0,0,0,0,43.3922,61.308,1.1423,1,1,1.69344,2.30511,0.573611,1.30835,1.69344,9.11013e+06,4.00975e+06,1.54275e+07,0,0,0,0
88.8419,122.105,1.11793,0,0,3.97448,4.0412,0,0.698162,6.47136,4.38366e+06,2.99988e+06,1.74227e+07,0,0,0,0,42.1095,61.308,0.914925,1,1,1.69344,2.50366,0.768886,1.30835,1.69344,9.11013e+06,4.00975e+06,1.54275e+07,0,0,0,0
86.6587,122.105,1.09108,0,0,3.97462,4.04135,0,0.744817,6.47136,4.38366e+06,2.99988e+06,1.74234e+07,0,0,0,0,40.7404,61.308,0.891718,1,1,1.69344,2.50376,0.768978,1.30835,1.69344,9.11013e+06,4.00975e+06,1.54275e+07,0,0,0,0
84.3537,122.105,0.930459,0,0,3.97477,4.0415,0,0.744845,6.47136,4.38366e+06,2.99988e+06,1.7424e+07,0,0,0,0,39.5314,61.308,0.784317,1,1,1.69344,2.50385,0.769071,1.30835,1.69344,9.11013e+06,4.00975e+06,1.54275e+07,0,0,0,0
82.1753,122.105,1.02083,0,0,3.97492,4.04165,0,0.744873,6.47136,4.38366e+06,2.99988e+06,1.74247e+07,0,0,0,0,38.3255,61.308,1.04206,1,1,1.69344,2.50395,0.769163,1.30835,1.69344,9.11013e+06,4.00975e+06,1.54275e+07,0,0,0,0
80.0231,122.105,1.03249,0,0,3.97507,4.04181,0,0.7449,6.47136,4.38366e+06,2.99988e+06,1.74254e+07,0,0,0,0,36.9776,61.308,0.867454,1,1,1.69344,2.50404,0.769255,1.30835,1.69344,9.11013e+06,4.00975e+06,1.54275e+07,0,0,0,0
77.7533,122.105,0.809738,0,0,3.85393,3.91863,0,0.744928,6.47136,4.38366e+06,2.99988e+06,1.68943e+07,0,0,0,0,35.9219,61.308,0.757564,1,1,1.69344,2.38365,0.650852,1.30835,1.69344,9.11013e+06,4.00975e+06,1.54275e+07,0,0,0,0
75.663,122.105,0.983707,0,0,3.85408,3.91878,0,0.722227,6.47136,4.38366e+06,2.99988e+06,1.6895e+07,0,0,0,0,34.9626,61.308,1.1907,1,1,1.69344,2.38374,0.65094,1.30835,1.69344,9.11013e+06,4.00975e+06,1.54275e+07,0,0,0,0
73.6144,122.105,0.934754,0,0,3.85422,3.91893,0,0.722254,6.47136,4.38366e+06,2.99988e+06,1.68956e+07,0,0,0,0,34.166,61.308,1.10199,1,1,1.69344,2.38383,0.651028,1.30835,1.69344,9.11013e+06,4.00975e+06,1.54275e+07,0,0,0,0
71.6246,122.105,0.954229,0,0,3.85436,3.91907,0,0.722281,6.47136,4.38366e+06,2.99988e+06,1.68962e+07,0,0,0,0,33.2861,61.308,1.38513,1,1,1.69344,2.38392,0.651115,1.30835,1.69344,9.11013e+06,4.00975e+06,1.54275e+07,0,0,0,0
70.0674,122.105,1.30445,0,0,3.75494,3.81798,0,0.722308,6.47136,4.38366e+06,2.99988e+06,1.64604e+07,0,0,0,0,32.2065,61.308,1.14436,1,1,1.69344,2.27432,0.543327,1.30835,1.69344,9.11013e+06,4.00975e+06,1.54275e+07,0,0,0,0
68.3235,122.105,1.01404,0,0,3.75508,3.81812,0,0.703675,6.47136,4.38366e+06,2.99988e+06,1.6461e+07,0,0,0,0,31.5714,61.308,0.923725,1,1,1.69344,2.2744,0.54341,1.30835,1.69344,9.11013e+06,4.00975e+06,1.54275e+07,0,0,0,0
67.3881,122.105,1.94262,0,0,3.75522,3.81826,0,0.703702,6.47136,4.38366e+06,2.99988e+06,1.64616e+07,0,0,0,0,31.2881,61.308,2.76179,1,1,1.69344,2.27449,0.543494,1.30835,1.69344,9.11013e+06,4.00975e+06,1.54275e+07,0,0,0,0
67.8072,122.105,3.4286,0,0,3.75536,3.8184,0,0.703728,6.47136,4.38366e+06,2.99988e+06,1.64622e+07,0,0,0,0,31.4589,61.308,3.17587,1,1,1.69344,2.27457,0.543578,1.30835,1.69344,9.11013e+06,4.00975e+06,1.54275e+07,0,0,0,0
68.0265,122.105,2.95354,0,0,3.47267,3.53097,0,0.703754,6.47136,4.38366e+06,2.99988e+06,1.5223e+07,0,0,0,0,31.1383,61.308,2.25314,1,1,1.69344,2.04618,0.318952,1.30835,1.69344,9.11013e+06,4.00975e+06,1.54275e+07,0,0,0,0
69.4147,122.105,4.17053,0,0,3.4728,3.5311,0,0.650778,6.47136,4.38366e+06,2.99988e+06,1.52236e+07,0,0,0,0,30.7858,61.308,2.6659,1,1,1.69344,2.04625,0.319028,1.30835,1.69344,9.11013e+06,4.00975e+06,1.54275e+07,0,0,0,0
70.258,122.105,3.64344,0,0,3.47293,3.53123,0,0.650802,6.47136,4.38366e+06,2.99988e+06,1.52241e+07,0,0,0,0,30.4223,61.308,2.55873,1,1,1.69344,2.04633,0.319103,1.30835,1.69344,9.11013e+06,4.00975e+06,1.54275e+07,0,0,0,0
72.2855,122.105,4.8609,0,0,3.47306,3.53136,0,0.650827,6.47136,4.38366e+06,2.99988e+06,1.52247e+07,0,0,0,0,30.0288,61.308,2.62154,1,1,1.69344,2.04641,0.319178,1.30835,1.69344,9.11013e+06,4.00975e+06,1.54275e+07,0,0,0,0
74.1797,122.105,4.84392,0,0,3.47319,3.5315,0,0.650851,6.47136,4.38366e+06,2.99988e+06,1.52253e+07,0,0,0,0,29.6858,61.308,2.83017,1,1,1.69344,2.04648,0.319254,1.30835,1.69344,9.11013e+06,4.00975e+06,1.54275e+07,0,0,0,0
74.6698,122.105,3.68545,0,0,3.58211,3.64225,0,0.650875,6.47136,4.38366e+06,2.99988e+06,1.57027e+07,0,0,0,0,29.8281,61.308,2.74786,1,1,1.69344,2.11272,0.384399,1.30835,1.69344,9.11013e+06,4.00975e+06,1.54275e+07,0,0,0,0
76.0893,122.105,4.8089,0,0,3.58221,3.64235,0,0.671287,6.47136,4.38366e+06,2.99988e+06,1.57032e+07,0,0,0,0,30.1306,61.308,3.5219,1,1,1.69344,2.11278,0.384458,1.30835,1.69344,9.11013e+06,4.00975e+06,1.54275e+07,0,0,0,0
78.9117,122.105,6.56379,0,0,3.58231,3.64245,0,0.671306,6.47136,4.38366e+06,2.99988e+06,1.57036e+07,0,0,0,0,31.1105,61.308,5.30441,1,1,1.69344,2.11284,0.384517,1.30835,1.69344,9.11013e+06,4.00975e+06,1.54275e+07,0,0,0,0
82.14,122.105,7.09232,0,0,3.58241,3.64256,0,0.671325,6.47136,4.38366e+06,2.99988e+06,1.57041e+07,0,0,0,0,31.7634,61.308,4.84622,1,1,1.69344,2.1129,0.384576,1.30835,1.69344,9.11013e+06,4.00975e+06,1.54275e+07,0,0,0,0
84.2595,122.105,6.30244,0,0,3.93195,3.99796,0,0.671344,6.47136,4.38366e+06,2.99988e+06,1.72363e+07,0,0,0,0,32.9688,61.308,5.73672,1,1,1.69344,2.3614,0.628972,1.30835,1.69344,9.11013e+06,4.00975e+06,1.54275e+07,0,0,0,0
85.8703,122.105,6.14506,0,0,3.93206,3.99807,0,0.736847,6.47136,4.38366e+06,2.99988e+06,1.72368e+07,0,0,0,0,34.253,61.308,6.14312,1,1,1.69344,2.36147,0.629037,1.30835,1.69344,9.11013e+06,4.00975e+06,1.54275e+07,0,0,0,0
87.5262,122.105,6.03726,0,0,3.93217,3.99818,0,0.736867,6.47136,4.38366e+06,2.99988e+06,1.72373e+07,0,0,0,0,35.051,61.308,4.44688,1,1,1.69344,2.36153,0.629103,1.30835,1.69344,9.11013e+06,4.00975e+06,1.54275e+07,0,0,0,0
90.727,122.105,7.8655,0,0,3.93228,3.99829,0,0.736888,6.47136,4.38366e+06,2.99988e+06,1.72378e+07,0,0,0,0,36.6472,61.308,7.09065,1,1,1.69344,2.3616,0.629169,1.30835,1.69344,9.11013e+06,4.00975e+06,1.54275e+07,0,0,0,0
92.9574,122.105,6.75976,0,0,3.43393,3.49158,0,0.736909,6.47136,4.38366e+06,2.99988e+06,1.50532e+07,0,0,0,0,38.2893,61.308,7.15699,1,1,1.69344,2.02822,0.301294,1.30835,1.69344,9.11013e+06,4.00975e+06,1.54275e+07,0,0,0,0
95.3003,122.105,6.77576,0,0,3.43403,3.49168,0,0.643519,6.47136,4.38366e+06,2.99988e+06,1.50536e+07,0,0,0,0,39.6588,61.308,6.0497,1,1,1.69344,2.02828,0.30135,1.30835,1.69344,9.11013e+06,4.00975e+06,1.54275e+07,0,0,0,0
96.6032,122.105,5.39189,0,0,3.43413,3.49178,0,0.643538,6.47136,4.38366e+06,2.99988e+06,1.5054e+07,0,0,0,0,40.3954,61.308,4.01661,1,1,1.69344,2.02834,0.301407,1.30835,1.69344,9.11013e+06,4.00975e+06,1.54275e+07,0,0,0,0
96.5868,122.105,4.03786,0,0,3.43423,3.49188,0,0.643556,6.47136,4.38366e+06,2.99988e+06,1.50545e+07,0,0,0,0,40.6967,61.308,3.29752,1,1,1.69344,2.02839,0.301463,1.30835,1.69344,9.11013e+06,4.00975e+06,1.54275e+07,0,0,0,0
97.6497,122.105,5.20059,0,0,3.43432,3.49198,0,0.643574,6.47136,4.38366e+06,2.99988e+06,1.50549e+07,0,0,0,0,41.8082,61.308,4.74011,1,1,1.69344,2.02845,0.301519,1.30835,1.69344,9.11013e+06,4.00975e+06,1.54275e+07,0,0,0,0
98.8765,122.105,5.22597,0,0,3.55991,3.61967,0,0.643592,6.47136,4.38366e+06,2.99988e+06,1.56054e+07,0,0,0,0,42.2493,61.308,4.18834,1,1,1.69344,2.11009,0.381814,1.30835,1.69344,9.11013e+06,4.00975e+06,1.54275e+07,0,0,0,0
101.303,122.105,6.87262,0,0,3.56001,3.61977,0,0.667127,6.47136,4.38366e+06,2.99988e+06,1.56059e+07,0,0,0,0,43.6561,61.308,6.31394,1,1,1.69344,2.11015,0.381872,1.30835,1.69344,9.11013e+06,4.00975e+06,1.54275e+07,0,0,0,0
103.118,122.105,5.97173,0,0,3.56011,3.61988,0,0.667145,6.47136,4.38366e+06,2.99988e+06,1.56063e+07,0,0,0,0,44.1031,61.308,4.43972,1,1,1.69344,2.11021,0.381931,1.30835,1.69344,9.11013e+06,4.00975e+06,1.54275e+07,0,0,0,0
103.951,122.105,4.68777,0,0,3.56021,3.61998,0,0.667164,6.47136,4.38366e+06,2.99988e+06,1.56067e+07,0,0,0,0,44.2907,61.308,3.53375,1,1,1.69344,2.11027,0.38199,1.30835,1.69344,9.11013e+06,4.00975e+06,1.54275e+07,0,0,0,0
103.957,122.105,3.77789,0,0,3.51124,3.57019,0,0.667183,6.47136,4.38366e+06,2.99988e+06,1.53921e+07,0,0,0,0,44.4086,61.308,3.09254,1,1,1.69344,2.07864,0.350881,1.30835,1.69344,9.11013e+06,4.00975e+06,1.54275e+07,0,0,0,0
103.606,122.105,3.35169,0,0,3.51134,3.57029,0,0.658006,6.47136,4.38366e+06,2.99988e+06,1.53925e+07,0,0,0,0,44.3769,61.308,2.80283,1,1,1.69344,2.0787,0.350939,1.30835,1.69344,9.11013e+06,4.00975e+06,1.54275e+07,0,0,0,0
103.117,122.105,3.11026,0,0,3.51144,3.57039,0,0.658025,6.47136,4.38366e+06,2.99988e+06,1.53929e+07,0,0,0,0,44.2448,61.308,2.58164,1,1,1.69344,2.07876,0.350997,1.30835,1.69344,9.11013e+06,4.00975e+06,1.54275e+07,0,0,0,0
102.576,122.105,3.12431,0,0,3.51154,3.57049,0,0.658043,6.47136,4.38366e+06,2.99988e+06,1.53934e+07,0,0,0,0,44.2033,61.308,2.93289,1,1,1.69344,2.07882,0.351055,1.30835,1.69344,9.11013e+06,4.00975e+06,1.54275e+07,0,0,0,0
101.903,122.105,3.03911,0,0,3.67822,3.73997,0,0.658062,6.47136,4.38366e+06,2.99988e+06,1.61241e+07,0,0,0,0,44.1567,61.308,2.71469,1,1,1.69344,2.19127,0.461652,1.30835,1.69344,9.11013e+06,4.00975e+06,1.54275e+07,0,0,0,0
101.048,122.105,2.78306,0,0,3.67832,3.74007,0,0.689298,6.47136,4.38366e+06,2.99988e+06,1.61245e+07,0,0,0,0,44.0279,61.308,2.43068,1,1,1.69344,2.19133,0.461713,1.30835,1.69344,9.11013e+06,4.00975e+06,1.54275e+07,0,0,0,0
99.8918,122.105,2.44089,0,0,3.67843,3.74018,0,0.689318,6.47136,4.38366e+06,2.99988e+06,1.6125e+07,0,0,0,0,43.8135,61.308,2.22699,1,1,1.69344,2.1914,0.461774,1.30835,1.69344,9.11013e+06,4.00975e+06,1.54275e+07,0,0,0,0
98.5542,122.105,2.22665,0,0,3.67853,3.74029,0,0.689337,6.47136,4.38366e+06,2.99988e+06,1.61254e+07,0,0,0,0,43.5041,61.308,1.97134,1,1,1.69344,2.19146,0.461835,1.30835,1.69344,9.11013e+06,4.00975e+06,1.54275e+07,0,0,0,0
97.2903,122.105,2.24924,0,0,3.67863,3.74039,0,0.689357,6.47136,4.38366e+06,2.99988e+06,1.61259e+07,0,0,0,0,43.1964,61.308,2.00142,1,1,1.69344,2.19152,0.461896,1.30835,1.69344,9.11013e+06,4.00975e+06,1.54275e+07,0,0,0,0
96.4432,122.105,2.58403,0,0,3.64579,3.707,0,0.689376,6.47136,4.38366e+06,2.99988e+06,1.59819e+07,0,0,0,0,42.9112,61.308,1.92299,1,1,1.69344,2.25336,0.522719,1.30835,1.69344,9.11013e+06,4.00975e+06,1.54275e+07,0,0,0,0
95.4103,122.105,2.37281,0,0,3.64589,3.7071,0,0.683221,6.47136,4.38366e+06,2.99988e+06,1.59823e+07,0,0,0,0,42.51,61.308,1.89131,1,1,1.69344,2.25343,0.522782,1.30835,1.69344,9.11013e+06,4.00975e+06,1.54275e+07,0,0,0,0
94.2086,122.105,2.16862,0,0,3.646,3.70721,0,0.68324,6.47136,4.38366e+06,2.99988e+06,1.59828e+07,0,0,0,0,42.0796,61.308,1.70622,1,1,1.69344,2.25349,0.522845,1.30835,1.69344,9.11013e+06,4.00975e+06,1.54275e+07,0,0,0,0
92.9571,122.105,2.05207,0,0,3.6461,3.70731,0,0.68326,6.47136,4.38366e+06,2.99988e+06,1.59833e+07,0,0,0,0,41.304,61.308,1.67866,1,1,1.69344,2.25356,0.522907,1.30835,1.69344,9.11013e+06,4.00975e+06,1.54275e+07,0,0,0,0
91.3993,122.105,1.73064,0,0,3.7313,3.79394,0,0.683279,6.47136,4.38366e+06,2.99988e+06,1.63567e+07,0,0,0,0,40.5395,61.308,1.38156,1,1,1.69344,2.30869,0.577129,1.30835,1.69344,9.11013e+06,4.00975e+06,1.54275e+07,0,0,0,0
89.8405,122.105,1.73912,0,0,3.7314,3.79405,0,0.699245,6.47136,4.38366e+06,2.99988e+06,1.63572e+07,0,0,0,0,39.7212,61.308,1.41047,1,1,1.69344,2.30875,0.577193,1.30835,1.69344,9.11013e+06,4.00975e+06,1.54275e+07,0,0,0,0
88.2158,122.105,1.60857,0,0,3.73151,3.79415,0,0.699265,6.47136,4.38366e+06,2.99988e+06,1.63577e+07,0,0,0,0,38.7582,61.308,1.36359,1,1,1.69344,2.30882,0.577257,1.30835,1.69344,9.11013e+06,4.00975e+06,1.54275e+07,0,0,0,0
86.4988,122.105,1.46916,0,0,3.73161,3.79426,0,0.699285,6.47136,4.38366e+06,2.99988e+06,1.63581e+07,0,0,0,0,38.0614,61.308,1.19239,1,1,1.69344,2.30888,0.577322,1.30835,1.69344,9.11013e+06,4.00975e+06,1.54275e+07,0,0,0,0
84.7285,122.105,1.61201,0,0,3.98095,4.04778,0,0.699304,6.47136,4.38366e+06,2.99988e+06,1.74511e+07,0,0,0,0,37.1307,61.308,1.52603,1,1,1.69344,2.50774,0.772894,1.30835,1.69344,9.11013e+06,4.00975e+06,1.54275e+07,0,0,0,0
82.7098,122.105,1.24862,0,0,3.98106,4.04789,0,0.746029,6.47136,4.38366e+06,2.99988e+06,1.74516e+07,0,0,0,0,36.163,61.308,1.16951,1,1,1.69344,2.50781,0.772964,1.30835,1.69344,9.11013e+06,4.00975e+06,1.54275e+07,0,0,0,0
80.7453,122.105,1.26868,0,0,3.98117,4.04801,0,0.74605,6.47136,4.38366e+06,2.99988e+06,1.74521e+07,0,0,0,0,35.2279,61.308,1.20925,1,1,1.69344,2.50788,0.773034,1.30835,1.69344,9.11013e+06,4.00975e+06,1.54275e+07,0,0,0,0
79.0339,122.105,1.52895,0,0,3.98128,4.04812,0,0.746071,6.47136,4.38366e+06,2.99988e+06,1.74526e+07,0,0,0,0,34.2513,61.308,1.23708,1,1,1.69344,2.50795,0.773103,1.30835,1.69344,9.11013e+06,4.00975e+06,1.54275e+07,0,0,0,0
77.1427,122.105,1.2237,0,0,3.9814,4.04824,0,0.746092,6.47136,4.38366e+06,2.99988e+06,1.74531e+07,0,0,0,0,33.1272,61.308,1.12452,1,1,1.69344,2.50802,0.773173,1.30835,1.69344,9.11013e+06,4.00975e+06,1.54275e+07,0,0,0,0
75.7972,122.105,1.58993,0,0,3.86003,3.92483,0,0.746114,6.47136,4.38366e+06,2.99988e+06,1.6921e+07,0,0,0,0,32.0856,61.308,0.967782,1,1,1.69344,2.38742,0.65456,1.30835,1.69344,9.11013e+06,4.00975e+06,1.54275e+07,0,0,0,0
74.4912,122.105,1.67294,0,0,3.86014,3.92494,0,0.723369,6.47136,4.38366e+06,2.99988e+06,1.69215e+07,0,0,0,0,31.1605,61.308,1.18096,1,1,1.69344,2.38749,0.654626,1.30835,1.69344,9.11013e+06,4.00975e+06,1.54275e+07,0,0,0,0
73.2247,122.105,1.69897,0,0,3.86025,3.92505,0,0.72339,6.47136,4.38366e+06,2.99988e+06,1.6922e+07,0,0,0,0,30.3357,61.308,1.23093,1,1,1.69344,2.38755,0.654693,1.30835,1.69344,9.11013e+06,4.00975e+06,1.54275e+07,0,0,0,0
72.1099,122.105,1.85737,0,0,3.86035,3.92516,0,0.72341,6.47136,4.38366e+06,2.99988e+06,1.69225e+07,0,0,0,0,29.7974,61.308,1.31389,1,1,1.69344,2.38762,0.654759,1.30835,1.69344,9.11013e+06,4.00975e+06,1.54275e+07,0,0,0,0
70.8662,122.105,1.7273,0,0,3.76074,3.82387,0,0.72343,6.47136,4.38366e+06,2.99988e+06,1.64858e+07,0,0,0,0,29.2664,61.308,1.73466,1,1,1.69344,2.27783,0.546782,1.30835,1.69344,9.11013e+06,4.00975e+06,1.54275e+07,0,0,0,0
69.7148,122.105,1.69682,0,0,3.76085,3.82398,0,0.704762,6.47136,4.38366e+06,2.99988e+06,1.64863e+07,0,0,0,0,28.8615,61.308,1.56227,1,1,1.69344,2.2779,0.546845,1.30835,1.69344,9.11013e+06,4.00975e+06,1.54275e+07,0,0,0,0
69.4028,122.105,2.58334,0,0,3.76095,3.82409,0,0.704782,6.47136,4.38366e+06,2.99988e+06,1.64867e+07,0,0,0,0,28.5381,61.308,1.9029,1,1,1.69344,2.27796,0.546909,1.30835,1.69344,9.11013e+06,4.00975e+06,1.54275e+07,0,0,0,0
72.2478,122.105,6.05973,0,0,3.76106,3.8242,0,0.704802,6.47136,4.38366e+06,2.99988e+06,1.64872e+07,0,0,0,0,28.9834,61.308,4.87892,1,1,1.69344,2.27802,0.546972,1.30835,1.69344,9.11013e+06,4.00975e+06,1.54275e+07,0,0,0,0
73.1667,122.105,3.87984,0,0,3.47791,3.53629,0,0.704822,6.47136,4.38366e+06,2.99988e+06,1.52459e+07,0,0,0,0,29.0182,61.308,3.58787,1,1,1.69344,2.04926,0.321987,1.30835,1.69344,9.11013e+06,4.00975e+06,1.54275e+07,0,0,0,0
73.989,122.105,3.97402,0,0,3.478,3.53639,0,0.651759,6.47136,4.38366e+06,2.99988e+06,1.52464e+07,0,0,0,0,29.0728,61.308,3.32104,1,1,1.69344,2.04932,0.322044,1.30835,1.69344,9.11013e+06,4.00975e+06,1.54275e+07,0,0,0,0
73.0364,122.105,1.99846,0,0,3.4781,3.53649,0,0.651778,6.47136,4.38366e+06,2.99988e+06,1.52468e+07,0,0,0,0,28.8196,61.308,1.9574,1,1,1.69344,2.04938,0.322101,1.30835,1.69344,9.11013e+06,4.00975e+06,1.54275e+07,0,0,0,0
73.3353,122.105,3.22954,0,0,3.4782,3.53659,0,0.651796,6.47136,4.38366e+06,2.99988e+06,1.52472e+07,0,0,0,0,28.5855,61.308,2.6437,1,1,1.69344,2.04944,0.322158,1.30835,1.69344,9.11013e+06,4.00975e+06,1.54275e+07,0,0,0,0
74.6546,122.105,4.60405,0,0,3.4783,3.53669,0,0.651815,6.47136,4.38366e+06,2.99988e+06,1.52477e+07,0,0,0,0,28.6012,61.308,3.87593,1,1,1.69344,2.04949,0.322215,1.30835,1.69344,9.11013e+06,4.00975e+06,1.54275e+07,0,0,0,0
77.9584,122.105,6.50229,0,0,3.58735,3.64757,0,0.651833,6.47136,4.38366e+06,2.99988e+06,1.57257e+07,0,0,0,0,28.5594,61.308,3.75676,1,1,1.69344,2.11581,0.387438,1.30835,1.69344,9.11013e+06,4.00975e+06,1.54275e+07,0,0,0,0
81.0222,122.105,6.44065,0,0,3.58742,3.64764,0,0.672269,6.47136,4.38366e+06,2.99988e+06,1.5726e+07,0,0,0,0,28.4443,61.308,3.40968,1,1,1.69344,2.11585,0.387478,1.30835,1.69344,9.11013e+06,4.00975e+06,1.54275e+07,0,0,0,0
84.3821,122.105,6.75794,0,0,3.58749,3.64771,0,0.672282,6.47136,4.38366e+06,2.99988e+06,1.57263e+07,0,0,0,0,28.3756,61.308,3.65494,1,1,1.69344,2.11589,0.387517,1.30835,1.69344,9.11013e+06,4.00975e+06,1.54275e+07,0,0,0,0
87.9067,122.105,7.03169,0,0,3.58755,3.64778,0,0.672295,6.47136,4.38366e+06,2.99988e+06,1.57266e+07,0,0,0,0,28.5618,61.308,5.34087,1,1,1.69344,2.11593,0.387557,1.30835,1.69344,9.11013e+06,4.00975e+06,1.54275e+07,0,0,0,0
88.9813,122.105,4.82732,0,0,3.93755,4.00366,0,0.672308,6.47136,4.38366e+06,2.99988e+06,1.72609e+07,0,0,0,0,28.5584,61.308,3.82598,1,1,1.69344,2.36477,0.632283,1.30835,1.69344,9.11013e+06,4.00975e+06,1.54275e+07,0,0,0,0
88.8018,122.105,3.52915,0,0,3.93763,4.00373,0,0.737897,6.47136,4.38366e+06,2.99988e+06,1.72612e+07,0,0,0,0,28.4918,61.308,3.36941,1,1,1.69344,2.36481,0.632328,1.30835,1.69344,9.11013e+06,4.00975e+06,1.54275e+07,0,0,0,0
89.3497,122.105,4.38154,0,0,3.9377,4.00381,0,0.737911,6.47136,4.38366e+06,2.99988e+06,1.72615e+07,0,0,0,0,28.5468,61.308,3.99549,1,1,1.69344,2.36486,0.632372,1.30835,1.69344,9.11013e+06,4.00975e+06,1.54275e+07,0,0,0,0
90.3489,122.105,4.9255,0,0,3.93778,4.00389,0,0.737926,6.47136,4.38366e+06,2.99988e+06,1.72619e+07,0,0,0,0,28.5933,61.308,4.22804,1,1,1.69344,2.3649,0.632417,1.30835,1.69344,9.11013e+06,4.00975e+06,1.54275e+07,0,0,0,0
92.4632,122.105,5.67423,0,0,3.43871,3.49644,0,0.73794,6.47136,4.38366e+06,2.99988e+06,1.50741e+07,0,0,0,0,28.4494,61.308,3.28634,1,1,1.69344,2.03104,0.304065,1.30835,1.69344,9.11013e+06,4.00975e+06,1.54275e+07,0,0,0,0
94.9353,122.105,6.1988,0,0,3.43877,3.4965,0,0.644414,6.47136,4.38366e+06,2.99988e+06,1.50744e+07,0,0,0,0,28.2455,61.308,3.03608,1,1,1.69344,2.03108,0.304104,1.30835,1.69344,9.11013e+06,4.00975e+06,1.54275e+07,0,0,0,0
95.7445,122.105,4.3434,0,0,3.43884,3.49657,0,0.644426,6.47136,4.38366e+06,2.99988e+06,1.50747e+07,0,0,0,0,28.2689,61.308,2.88415,1,1,1.69344,2.03112,0.304142,1.30835,1.69344,9.11013e+06,4.00975e+06,1.54275e+07,0,0,0,0
97.9387,122.105,5.94994,0,0,3.4389,3.49664,0,0.644438,6.47136,4.38366e+06,2.99988e+06,1.5075e+07,0,0,0,0,28.6846,61.308,4.07942,1,1,1.69344,2.03116,0.30418,1.30835,1.69344,9.11013e+06,4.00975e+06,1.54275e+07,0,0,0,0
100.103,122.105,5.79576,0,0,3.43897,3.4967,0,0.644451,6.47136,4.38366e+06,2.99988e+06,1.50753e+07,0,0,0,0,28.9994,61.308,3.65475,1,1,1.69344,2.0312,0.304219,1.30835,1.69344,9.11013e+06,4.00975e+06,1.54275e+07,0,0,0,0
103.975,122.105,7.99318,0,0,3.56469,3.62454,0,0.644463,6.47136,4.38366e+06,2.99988e+06,1.56264e+07,0,0,0,0,29.6044,61.308,4.68891,1,1,1.69344,2.11293,0.384603,1.30835,1.69344,9.11013e+06,4.00975e+06,1.54275e+07,0,0,0,0
105.924,122.105,5.9325,0,0,3.56476,3.62461,0,0.668023,6.47136,4.38366e+06,2.99988e+06,1.56267e+07,0,0,0,0,30.0219,61.308,4.18293,1,1,1.69344,2.11297,0.384643,1.30835,1.69344,9.11013e+06,4.00975e+06,1.54275e+07,0,0,0,0
106.982,122.105,4.90555,0,0,3.56483,3.62467,0,0.668036,6.47136,4.38366e+06,2.99988e+06,1.5627e+07,0,0,0,0,30.2902,61.308,3.72033,1,1,1.69344,2.11301,0.384683,1.30835,1.69344,9.11013e+06,4.00975e+06,1.54275e+07,0,0,0,0
107.527,122.105,4.27122,0,0,3.5649,3.62474,0,0.668049,6.47136,4.38366e+06,2.99988e+06,1.56273e+07,0,0,0,0,30.4413,61.308,3.36474,1,1,1.69344,2.11305,0.384722,1.30835,1.69344,9.11013e+06,4.00975e+06,1.54275e+07,0,0,0,0
108.652,122.105,4.85617,0,0,3.51583,3.57485,0,0.668062,6.47136,4.38366e+06,2.99988e+06,1.54122e+07,0,0,0,0,30.8928,61.308,4.04348,1,1,1.69344,2.08136,0.353555,1.30835,1.69344,9.11013e+06,4.00975e+06,1.54275e+07,0,0,0,0
109.056,122.105,4.04573,0,0,3.5159,3.57492,0,0.658867,6.47136,4.38366e+06,2.99988e+06,1.54125e+07,0,0,0,0,31.0807,61.308,3.29466,1,1,1.69344,2.0814,0.353594,1.30835,1.69344,9.11013e+06,4.00975e+06,1.54275e+07,0,0,0,0
108.907,122.105,3.44256,0,0,3.51597,3.57499,0,0.658879,6.47136,4.38366e+06,2.99988e+06,1.54128e+07,0,0,0,0,31.1887,61.308,2.98044,1,1,1.69344,2.08144,0.353633,1.30835,1.69344,9.11013e+06,4.00975e+06,1.54275e+07,0,0,0,0
108.5,122.105,3.18516,0,0,3.51603,3.57506,0,0.658892,6.47136,4.38366e+06,2.99988e+06,1.54131e+07,0,0,0,0,31.1669,61.308,2.38987,1,1,1.69344,2.08148,0.353672,1.30835,1.69344,9.11013e+06,4.00975e+06,1.54275e+07,0,0,0,0
108.603,122.105,3.83376,0,0,3.68289,3.74472,0,0.658905,6.47136,4.38366e+06,2.99988e+06,1.61445e+07,0,0,0,0,31.2945,61.308,2.70774,1,1,1.69344,2.19406,0.464391,1.30835,1.69344,9.11013e+06,4.00975e+06,1.54275e+07,0,0,0,0
108.07,122.105,3.13358,0,0,3.68296,3.74479,0,0.690174,6.47136,4.38366e+06,2.99988e+06,1.61449e+07,0,0,0,0,31.428,61.308,3.0436,1,1,1.69344,2.1941,0.464433,1.30835,1.69344,9.11013e+06,4.00975e+06,1.54275e+07,0,0,0,0
107.514,122.105,3.0185,0,0,3.68304,3.74487,0,0.690188,6.47136,4.38366e+06,2.99988e+06,1.61452e+07,0,0,0,0,31.4614,61.308,2.92009,1,1,1.69344,2.19414,0.464474,1.30835,1.69344,9.11013e+06,4.00975e+06,1.54275e+07,0,0,0,0
106.703,122.105,2.70819,0,0,3.68311,3.74494,0,0.690201,6.47136,4.38366e+06,2.99988e+06,1.61455e+07,0,0,0,0,31.3292,61.308,2.43471,1,1,1.69344,2.19418,0.464516,1.30835,1.69344,9.11013e+06,4.00975e+06,1.54275e+07,0,0,0,0
105.985,122.105,2.81334,0,0,3.68318,3.74501,0,0.690214,6.47136,4.38366e+06,2.99988e+06,1.61458e+07,0,0,0,0,31.1087,61.308,2.37087,1,1,1.69344,2.19423,0.464557,1.30835,1.69344,9.11013e+06,4.00975e+06,1.54275e+07,0,0,0,0
106.168,122.105,3.86787,0,0,3.65026,3.71154,0,0.690227,6.47136,4.38366e+06,2.99988e+06,1.60015e+07,0,0,0,0,31.1041,61.308,3.29822,1,1,1.69344,2.25613,0.525436,1.30835,1.69344,9.11013e+06,4.00975e+06,1.54275e+07,0,0,0,0
106.113,122.105,3.57876,0,0,3.65033,3.71161,0,0.684059,6.47136,4.38366e+06,2.99988e+06,1.60018e+07,0,0,0,0,31.0871,61.308,3.16809,1,1,1.69344,2.25617,0.525478,1.30835,1.69344,9.11013e+06,4.00975e+06,1.54275e+07,0,0,0,0
105.862,122.105,3.3459,0,0,3.6504,3.71168,0,0.684072,6.47136,4.38366e+06,2.99988e+06,1.60021e+07,0,0,0,0,31.0726,61.308,3.29238,1,1,1.69344,2.25621,0.525521,1.30835,1.69344,9.11013e+06,4.00975e+06,1.54275e+07,0,0,0,0
105.491,122.105,3.19826,0,0,3.65047,3.71175,0,0.684085,6.47136,4.38366e+06,2.99988e+06,1.60024e+07,0,0,0,0,31.0202,61.308,3.19466,1,1,1.69344,2.25626,0.525564,1.30835,1.69344,9.11013e+06,4.00975e+06,1.54275e+07,0,0,0,0
104.904,122.105,3.02694,0,0,3.73574,3.79845,0,0.684098,6.47136,4.38366e+06,2.99988e+06,1.63762e+07,0,0,0,0,30.8131,61.308,2.78688,1,1,1.69344,2.31143,0.57983,1.30835,1.69344,9.11013e+06,4.00975e+06,1.54275e+07,0,0,0,0
104.615,122.105,3.37546,0,0,3.73581,3.79852,0,0.700077,6.47136,4.38366e+06,2.99988e+06,1.63765e+07,0,0,0,0,30.7346,61.308,3.20553,1,1,1.69344,2.31148,0.579873,1.30835,1.69344,9.11013e+06,4.00975e+06,1.54275e+07,0,0,0,0
104.134,122.105,3.15595,0,0,3.73588,3.7986,0,0.70009,6.47136,4.38366e+06,2.99988e+06,1.63768e+07,0,0,0,0,30.549,61.308,3.292,1,1,1.69344,2.31152,0.579917,1.30835,1.69344,9.11013e+06,4.00975e+06,1.54275e+07,0,0,0,0
103.458,122.105,2.90306,0,0,3.73595,3.79867,0,0.700104,6.47136,4.38366e+06,2.99988e+06,1.63771e+07,0,0,0,0,30.3127,61.308,2.92588,1,1,1.69344,2.31157,0.579961,1.30835,1.69344,9.11013e+06,4.00975e+06,1.54275e+07,0,0,0,0
102.524,122.105,2.86519,0,0,3.98554,4.05244,0,0.700117,6.47136,4.38366e+06,2.99988e+06,1.74712e+07,0,0,0,0,30.0955,61.308,3.0459,1,1,1.69344,2.51063,0.775738,1.30835,1.69344,9.11013e+06,4.00975e+06,1.54275e+07,0,0,0,0
101.628,122.105,2.95559,0,0,3.98561,4.05252,0,0.746889,6.47136,4.38366e+06,2.99988e+06,1.74716e+07,0,0,0,0,29.8527,61.308,3.3195,1,1,1.69344,2.51068,0.775785,1.30835,1.69344,9.11013e+06,4.00975e+06,1.54275e+07,0,0,0,0
100.692,122.105,2.89186,0,0,3.98569,4.0526,0,0.746904,6.47136,4.38366e+06,2.99988e+06,1.74719e+07,0,0,0,0,29.5676,61.308,3.12717,1,1,1.69344,2.51073,0.775833,1.30835,1.69344,9.11013e+06,4.00975e+06,1.54275e+07,0,0,0,0
100.825,122.105,4.0151,0,0,3.98576,4.05268,0,0.746918,6.47136,4.38366e+06,2.99988e+06,1.74722e+07,0,0,0,0,29.3755,61.308,3.66522,1,1,1.69344,2.51078,0.77588,1.30835,1.69344,9.11013e+06,4.00975e+06,1.54275e+07,0,0,0,0
102.43,122.105,5.67374,0,0,3.98584,4.05276,0,0.746932,6.47136,4.38366e+06,2.99988e+06,1.74726e+07,0,0,0,0,29.4212,61.308,4.14358,1,1,1.69344,2.51082,0.775928,1.30835,1.69344,9.11013e+06,4.00975e+06,1.54275e+07,0,0,0,0
103.545,122.105,5.58235,0,0,3.8643,3.92918,0,0.746947,6.47136,4.38366e+06,2.99988e+06,1.69398e+07,0,0,0,0,29.714,61.308,6.62555,1,1,1.69344,2.39006,0.657161,1.30835,1.69344,9.11013e+06,4.00975e+06,1.54275e+07,0,0,0,0
105.139,122.105,5.86189,0,0,3.86438,3.92925,0,0.72417,6.47136,4.38366e+06,2.99988e+06,1.69401e+07,0,0,0,0,29.965,61.308,6.02674,1,1,1.69344,2.39011,0.657206,1.30835,1.69344,9.11013e+06,4.00975e+06,1.54275e+07,0,0,0,0
108.341,122.105,7.76022,0,0,3.86445,3.92933,0,0.724184,6.47136,4.38366e+06,2.99988e+06,1.69404e+07,0,0,0,0,30.4913,61.308,7.86767,1,1,1.69344,2.39015,0.657251,1.30835,1.69344,9.11013e+06,4.00975e+06,1.54275e+07,0,0,0,0
113.185,122.105,10.1556,0,0,3.86453,3.9294,0,0.724198,6.47136,4.38366e+06,2.99988e+06,1.69408e+07,0,0,0,0,31.7398,61.308,11.8027,1,1,1.69344,2.3902,0.657296,1.30835,1.69344,9.11013e+06,4.00975e+06,1.54275e+07,0,0,0,0
115.006,122.105,6.32386,0,0,3.76477,3.82797,0,0.724212,6.47136,4.38366e+06,2.99988e+06,1.65035e+07,0,0,0,0,32.2097,61.308,6.18587,1,1,1.69344,2.28027,0.549182,1.30835,1.69344,9.11013e+06,4.00975e+06,1.54275e+07,0,0,0,0
115.655,122.105,5.16962,0,0,3.76484,3.82804,0,0.705517,6.47136,4.38366e+06,2.99988e+06,1.65038e+07,0,0,0,0,32.9733,61.308,5.87731,1,1,1.69344,2.28031,0.549225,1.30835,1.69344,9.11013e+06,4.00975e+06,1.54275e+07,0,0,0,0
116.057,122.105,5.01088,0,0,3.76491,3.82812,0,0.705531,6.47136,4.38366e+06,2.99988e+06,1.65041e+07,0,0,0,0,33.379,61.308,7.48604,1,1,1.69344,2.28036,0.549268,1.30835,1.69344,9.11013e+06,4.00975e+06,1.54275e+07,0,0,0,0
117.233,122.105,6.23455,0,0,3.76498,3.82819,0,0.705544,6.47136,4.38366e+06,2.99988e+06,1.65044e+07,0,0,0,0,33.8895,61.308,6.6839,1,1,1.69344,2.2804,0.549311,1.30835,1.69344,9.11013e+06,4.00975e+06,1.54275e+07,0,0,0,0
119.677,122.105,7.52379,0,0,3.4815,3.53995,0,0.705558,6.47136,4.38366e+06,2.99988e+06,1.52617e+07,0,0,0,0,34.8301,61.308,5.19931,1,1,1.69344,2.05138,0.324073,1.30835,1.69344,9.11013e+06,4.00975e+06,1.54275e+07,0,0,0,0
121.825,122.105,8.06636,0,0,3.48157,3.54002,0,0.652434,6.47136,4.38366e+06,2.99988e+06,1.5262e+07,0,0,0,0,37.079,61.308,10.3056,1,1,1.69344,2.05142,0.324112,1.30835,1.69344,9.11013e+06,4.00975e+06,1.54275e+07,0,0,0,0
122.105,122.105,7.14653,0,0,3.48164,3.54009,0,0.652446,6.47136,4.38366e+06,2.99988e+06,1.52623e+07,0,0,0,0,38.6705,61.308,7.95023,1,1,1.69344,2.05146,0.32415,1.30835,1.69344,9.11013e+06,4.00975e+06,1.54275e+07,0,0,0,0
122.105,122.105,6.36271,0,0,3.48171,3.54016,0,0.652459,6.47136,4.38366e+06,2.99988e+06,1.52626e+07,0,0,0,0,39.9207,61.308,6.47959,1,1,1.69344,2.0515,0.324189,1.30835,1.69344,9.11013e+06,4.00975e+06,1.54275e+07,0,0,0,0
122.105,122.105,6.86551,0,0,3.48177,3.54022,0,0.652472,6.47136,4.38366e+06,2.99988e+06,1.52629e+07,0,0,0,0,41.3589,61.308,7.63518,1,1,1.69344,2.05154,0.324228,1.30835,1.69344,9.11013e+06,4.00975e+06,1.54275e+07,0,0,0,0
122.105,122.105,9.65177,0,0,3.48177,3.54022,0,0.652484,6.47136,4.38366e+06,2.99988e+06,1.52629e+07,0,0,0,0,43.7714,61.308,7.64919,1,1,1.69344,2.05154,0.324228,1.30835,1.69344,9.11013e+06,4.00975e+06,1.54275e+07,0,0,0,0
122.105,122.105,6.10191,0,0,3.5909,3.65118,0,0.652484,6.47136,4.38366e+06,2.99988e+06,1.57413e+07,0,0,0,0,44.5293,61.308,6.22427,1,1,1.69344,2.11791,0.389497,1.30835,1.69344,9.11013e+06,4.00975e+06,1.54275e+07,0,0,0,0
122.105,122.105,6.05233,0,0,3.59093,3.65122,0,0.672934,6.47136,4.38366e+06,2.99988e+06,1.57414e+07,0,0,0,0,45.1052,61.308,5.84616,1,1,1.69344,2.11793,0.389518,1.30835,1.69344,9.11013e+06,4.00975e+06,1.54275e+07,0,0,0,0
122.105,122.105,6.09351,0,0,3.59097,3.65126,0,0.672941,6.47136,4.38366e+06,2.99988e+06,1.57416e+07,0,0,0,0,45.7932,61.308,6.08999,1,1,1.69344,2.11795,0.38954,1.30835,1.69344,9.11013e+06,4.00975e+06,1.54275e+07,0,0,0,0
122.105,122.105,5.70097,0,0,3.59101,3.65129,0,0.672948,6.47136,4.38366e+06,2.99988e+06,1.57418e+07,0,0,0,0,46.4352,61.308,5.37995,1,1,1.69344,2.11797,0.389561,1.30835,1.69344,9.11013e+06,4.00975e+06,1.54275e+07,0,0,0,0
121.954,122.105,4.53657,0,0,3.94131,4.00747,0,0.672955,6.47136,4.38366e+06,2.99988e+06,1.72773e+07,0,0,0,0,46.7385,61.308,3.62672,1,1,1.69344,2.36702,0.634501,1.30835,1.69344,9.11013e+06,4.00975e+06,1.54275e+07,0,0,0,0
122.105,122.105,4.94506,0,0,3.94135,4.00752,0,0.738601,6.47136,4.38366e+06,2.99988e+06,1.72775e+07,0,0,0,0,46.9766,61.308,3.55656,1,1,1.69344,2.36705,0.634525,1.30835,1.69344,9.11013e+06,4.00975e+06,1.54275e+07,0,0,0,0
121.395,122.105,3.93526,0,0,3.94139,4.00756,0,0.738609,6.47136,4.38366e+06,2.99988e+06,1.72777e+07,0,0,0,0,47.076,61.308,2.91358,1,1,1.69344,2.36707,0.634549,1.30835,1.69344,9.11013e+06,4.00975e+06,1.54275e+07,0,0,0,0
122.105,122.105,8.38971,0,0,3.94143,4.0076,0,0.738616,6.47136,4.38366e+06,2.99988e+06,1.72779e+07,0,0,0,0,48.5343,61.308,7.72217,1,1,1.69344,2.3671,0.634573,1.30835,1.69344,9.11013e+06,4.00975e+06,1.54275e+07,0,0,0,0
122.105,122.105,6.91937,0,0,3.44186,3.49965,0,0.738624,6.47136,4.38366e+06,2.99988e+06,1.5088e+07,0,0,0,0,50.2369,61.308,7.93471,1,1,1.69344,2.0329,0.305899,1.30835,1.69344,9.11013e+06,4.00975e+06,1.54275e+07,0,0,0,0
122.105,122.105,6.00843,0,0,3.4419,3.49968,0,0.645005,6.47136,4.38366e+06,2.99988e+06,1.50881e+07,0,0,0,0,51.6641,61.308,7.35045,1,1,1.69344,2.03292,0.30592,1.30835,1.69344,9.11013e+06,4.00975e+06,1.54275e+07,0,0,0,0
122.105,122.105,7.02638,0,0,3.44193,3.49972,0,0.645012,6.47136,4.38366e+06,2.99988e+06,1.50883e+07,0,0,0,0,53.1355,61.308,8.07791,1,1,1.69344,2.03295,0.30594,1.30835,1.69344,9.11013e+06,4.00975e+06,1.54275e+07,0,0,0,0
122.105,122.105,7.84777,0,0,3.44197,3.49975,0,0.645018,6.47136,4.38366e+06,2.99988e+06,1.50884e+07,0,0,0,0,54.7531,61.308,8.36072,1,1,1.69344,2.03297,0.305961,1.30835,1.69344,9.11013e+06,4.00975e+06,1.54275e+07,0,0,0,0
122.105,122.105,10.468,0,0,3.442,3.49979,0,0.645025,6.47136,4.38366e+06,2.99988e+06,1.50886e+07,0,0,0,0,57.2261,61.308,11.0474,1,1,1.69344,2.03299,0.305981,1.30835,1.69344,9.11013e+06,4.00975e+06,1.54275e+07,0,0,0,0
122.105,122.105,7.26936,0,0,3.5678,3.6277,0,0.645032,6.47136,4.38366e+06,2.99988e+06,1.564e+07,0,0,0,0,58.6873,61.308,8.63107,1,1,1.69344,2.11477,0.386417,1.30835,1.69344,9.11013e+06,4.00975e+06,1.54275e+07,0,0,0,0
122.105,122.105,5.82477,0,0,3.56784,3.62774,0,0.668607,6.47136,4.38366e+06,2.99988e+06,1.56402e+07,0,0,0,0,59.8526,61.308,7.69103,1,1,1.69344,2.1148,0.386439,1.30835,1.69344,9.11013e+06,4.00975e+06,1.54275e+07,0,0,0,0
122.105,122.105,5.83328,0,0,3.56788,3.62778,0,0.668613,6.47136,4.38366e+06,2.99988e+06,1.56404e+07,0,0,0,0,61.4885,61.308,8.21878,1,1,1.69344,2.11482,0.38646,1.30835,1.69344,9.11013e+06,4.00975e+06,1.54275e+07,0,0,0,0
122.105,122.105,5.67287,0,0,3.56791,3.62781,0,0.66862,6.47136,4.38366e+06,2.99988e+06,1.56405e+07,0,0,0,0,62.3362,61.308,6.72346,1,1,1.69344,2.11484,0.386481,1.30835,1.69344,9.11013e+06,4.00975e+06,1.54275e+07,0,0,0,0
122.105,122.105,5.12619,0,0,3.51878,3.57785,0,0.668627,6.47136,4.38366e+06,2.99988e+06,1.54251e+07,0,0,0,0,62.3362,61.308,6.15119,1,1,1.69344,2.0831,0.355269,1.30835,1.69344,9.11013e+06,4.00975e+06,1.54275e+07,0,0,0,0
122.105,122.105,4.57618,0,0,3.51881,3.57789,0,0.659419,6.47136,4.38366e+06,2.99988e+06,1.54253e+07,0,0,0,0,62.3362,61.308,4.78609,1,1,1.69344,2.08312,0.35529,1.30835,1.69344,9.11013e+06,4.00975e+06,1.54275e+07,0,0,0,0
121.898,122.105,4.08489,0,0,3.51885,3.57792,0,0.659425,6.47136,4.38366e+06,2.99988e+06,1.54254e+07,0,0,0,0,62.3362,61.308,4.44081,1,1,1.69344,2.08315,0.355311,1.30835,1.69344,9.11013e+06,4.00975e+06,1.54275e+07,0,0,0,0
121.652,122.105,3.98354,0,0,3.51888,3.57796,0,0.659432,6.47136,4.38366e+06,2.99988e+06,1.54256e+07,0,0,0,0,62.3362,61.308,4.44926,1,1,1.69344,2.08317,0.355332,1.30835,1.69344,9.11013e+06,4.00975e+06,1.54275e+07,0,0,0,0
121.136,122.105,3.74295,0,0,3.68585,3.74773,0,0.659439,6.47136,4.38366e+06,2.99988e+06,1.61575e+07,0,0,0,0,62.3362,61.308,3.92174,1,1,1.69344,2.19582,0.466121,1.30835,1.69344,9.11013e+06,4.00975e+06,1.54275e+07,0,0,0,0
120.585,122.105,3.65663,0,0,3.68588,3.74776,0,0.690728,6.47136,4.38366e+06,2.99988e+06,1.61577e+07,0,0,0,0,62.3362,61.308,4.0479,1,1,1.69344,2.19584,0.466144,1.30835,1.69344,9.11013e+06,4.00975e+06,1.54275e+07,0,0,0,0
119.744,122.105,3.30748,0,0,3.68592,3.7478,0,0.690735,6.47136,4.38366e+06,2.99988e+06,1.61578e+07,0,0,0,0,62.3362,61.308,4.01746,1,1,1.69344,2.19586,0.466166,1.30835,1.69344,9.11013e+06,4.00975e+06,1.54275e+07,0,0,0,0
118.811,122.105,3.15396,0,0,3.68596,3.74784,0,0.690742,6.47136,4.38366e+06,2.99988e+06,1.6158e+07,0,0,0,0,62.3362,61.308,4.05976,1,1,1.69344,2.19588,0.466188,1.30835,1.69344,9.11013e+06,4.00975e+06,1.54275e+07,0,0,0,0
117.67,122.105,2.46888,0,0,3.686,3.74788,0,0.690749,6.47136,4.38366e+06,2.99988e+06,1.61582e+07,0,0,0,0,62.095,61.308,2.39413,1,1,1.69344,2.19591,0.46621,1.30835,1.69344,9.11013e+06,4.00975e+06,1.54275e+07,0,0,0,0
116.443,122.105,2.35799,0,0,3.65302,3.71435,0,0.690756,6.47136,4.38366e+06,2.99988e+06,1.60136e+07,0,0,0,0,61.8147,61.308,2.24216,1,1,1.69344,2.25783,0.527116,1.30835,1.69344,9.11013e+06,4.00975e+06,1.54275e+07,0,0,0,0
115.051,122.105,2.1728,0,0,3.65306,3.71439,0,0.684576,6.47136,4.38366e+06,2.99988e+06,1.60138e+07,0,0,0,0,61.5282,61.308,2.23774,1,1,1.69344,2.25786,0.527138,1.30835,1.69344,9.11013e+06,4.00975e+06,1.54275e+07,0,0,0,0
113.5,122.105,1.97987,0,0,3.6531,3.71443,0,0.684583,6.47136,4.38366e+06,2.99988e+06,1.60139e+07,0,0,0,0,61.091,61.308,1.99418,1,1,1.69344,2.25788,0.527161,1.30835,1.69344,9.11013e+06,4.00975e+06,1.54275e+07,0,0,0,0
111.728,122.105,1.65031,0,0,3.65313,3.71446,0,0.68459,6.47136,4.38366e+06,2.99988e+06,1.60141e+07,0,0,0,0,60.5808,61.308,1.66292,1,1,1.69344,2.2579,0.527184,1.30835,1.69344,9.11013e+06,4.00975e+06,1.54275e+07,0,0,0,0
109.967,122.105,1.7363,0,0,3.73843,3.80119,0,0.684597,6.47136,4.38366e+06,2.99988e+06,1.6388e+07,0,0,0,0,60.1375,61.308,1.83158,1,1,1.69344,2.3131,0.581469,1.30835,1.69344,9.11013e+06,4.00975e+06,1.54275e+07,0,0,0,0
108.092,122.105,1.57227,0,0,3.73847,3.80123,0,0.700582,6.47136,4.38366e+06,2.99988e+06,1.63882e+07,0,0,0,0,59.4566,61.308,1.76448,1,1,1.69344,2.31312,0.581493,1.30835,1.69344,9.11013e+06,4.00975e+06,1.54275e+07,0,0,0,0
106.117,122.105,1.42869,0,0,3.73851,3.80127,0,0.700589,6.47136,4.38366e+06,2.99988e+06,1.63883e+07,0,0,0,0,58.8896,61.308,1.52842,1,1,1.69344,2.31315,0.581516,1.30835,1.69344,9.11013e+06,4.00975e+06,1.54275e+07,0,0,0,0
104.248,122.105,1.55924,0,0,3.73854,3.80131,0,0.700596,6.47136,4.38366e+06,2.99988e+06,1.63885e+07,0,0,0,0,58.097,61.308,1.82597,1,1,1.69344,2.31317,0.581539,1.30835,1.69344,9.11013e+06,4.00975e+06,1.54275e+07,0,0,0,0
102.09,122.105,1.37262,0,0,3.98827,4.05522,0,0.700603,6.47136,4.38366e+06,2.99988e+06,1.74832e+07,0,0,0,0,57.1222,61.308,1.3369,1,1,1.69344,2.51235,0.777431,1.30835,1.69344,9.11013e+06,4.00975e+06,1.54275e+07,0,0,0,0
99.8116,122.105,1.24215,0,0,3.98831,4.05526,0,0.747401,6.47136,4.38366e+06,2.99988e+06,1.74834e+07,0,0,0,0,56.2132,61.308,1.28063,1,1,1.69344,2.51238,0.777456,1.30835,1.69344,9.11013e+06,4.00975e+06,1.54275e+07,0,0,0,0
97.583,122.105,1.25673,0,0,3.98835,4.05531,0,0.747409,6.47136,4.38366e+06,2.99988e+06,1.74836e+07,0,0,0,0,55.5964,61.308,1.38405,1,1,1.69344,2.5124,0.777481,1.30835,1.69344,9.11013e+06,4.00975e+06,1.54275e+07,0,0,0,0
95.3917,122.105,1.30072,0,0,3.98839,4.05535,0,0.747417,6.47136,4.38366e+06,2.99988e+06,1.74837e+07,0,0,0,0,54.9911,61.308,1.62956,1,1,1.69344,2.51243,0.777507,1.30835,1.69344,9.11013e+06,4.00975e+06,1.54275e+07,0,0,0,0
93.4572,122.105,1.45713,0,0,3.98843,4.05539,0,0.747424,6.47136,4.38366e+06,2.99988e+06,1.74839e+07,0,0,0,0,54.4083,61.308,1.93721,1,1,1.69344,2.51245,0.777532,1.30835,1.69344,9.11013e+06,4.00975e+06,1.54275e+07,0,0,0,0
91.5408,122.105,1.41923,0,0,3.86678,3.93169,0,0.747432,6.47136,4.38366e+06,2.99988e+06,1.69506e+07,0,0,0,0,53.9439,61.308,2.13707,1,1,1.69344,2.39159,0.658667,1.30835,1.69344,9.11013e+06,4.00975e+06,1.54275e+07,0,0,0,0
89.8056,122.105,1.64763,0,0,3.86682,3.93174,0,0.724634,6.47136,4.38366e+06,2.99988e+06,1.69508e+07,0,0,0,0,53.6701,61.308,2.70715,1,1,1.69344,2.39162,0.658691,1.30835,1.69344,9.11013e+06,4.00975e+06,1.54275e+07,0,0,0,0
88.0406,122.105,1.6185,0,0,3.86686,3.93178,0,0.724642,6.47136,4.38366e+06,2.99988e+06,1.6951e+07,0,0,0,0,53.3838,61.308,2.63891,1,1,1.69344,2.39164,0.658715,1.30835,1.69344,9.11013e+06,4.00975e+06,1.54275e+07,0,0,0,0
86.6216,122.105,1.99643,0,0,3.8669,3.93182,0,0.724649,6.47136,4.38366e+06,2.99988e+06,1.69512e+07,0,0,0,0,53.2064,61.308,2.91137,1,1,1.69344,2.39167,0.658739,1.30835,1.69344,9.11013e+06,4.00975e+06,1.54275e+07,0,0,0,0
86.3224,122.105,3.09188,0,0,3.76705,3.83029,0,0.724657,6.47136,4.38366e+06,2.99988e+06,1.65134e+07,0,0,0,0,53.442,61.308,3.42214,1,1,1.69344,2.28165,0.550539,1.30835,1.69344,9.11013e+06,4.00975e+06,1.54275e+07,0,0,0,0
85.5222,122.105,2.54905,0,0,3.76708,3.83033,0,0.705944,6.47136,4.38366e+06,2.99988e+06,1.65136e+07,0,0,0,0,53.9162,61.308,5.03863,1,1,1.69344,2.28167,0.550562,1.30835,1.69344,9.11013e+06,4.00975e+06,1.54275e+07,0,0,0,0
84.5119,122.105,2.38594,0,0,3.76712,3.83037,0,0.705952,6.47136,4.38366e+06,2.99988e+06,1.65138e+07,0,0,0,0,54.0386,61.308,3.48654,1,1,1.69344,2.2817,0.550585,1.30835,1.69344,9.11013e+06,4.00975e+06,1.54275e+07,0,0,0,0
87.7417,122.105,7.06469,0,0,3.76716,3.8304,0,0.705959,6.47136,4.38366e+06,2.99988e+06,1.65139e+07,0,0,0,0,54.6084,61.308,5.71228,1,1,1.69344,2.28172,0.550608,1.30835,1.69344,9.11013e+06,4.00975e+06,1.54275e+07,0,0,0,0
87.9728,122.105,3.62078,0,0,3.48349,3.54197,0,0.705966,6.47136,4.38366e+06,2.99988e+06,1.52704e+07,0,0,0,0,54.9098,61.308,3.86684,1,1,1.69344,2.05255,0.325221,1.30835,1.69344,9.11013e+06,4.00975e+06,1.54275e+07,0,0,0,0
88.5383,122.105,3.95494,0,0,3.48352,3.542,0,0.652805,6.47136,4.38366e+06,2.99988e+06,1.52706e+07,0,0,0,0,55.2482,61.308,3.98566,1,1,1.69344,2.05257,0.325242,1.30835,1.69344,9.11013e+06,4.00975e+06,1.54275e+07,0,0,0,0
88.6477,122.105,3.40628,0,0,3.48356,3.54204,0,0.652812,6.47136,4.38366e+06,2.99988e+06,1.52707e+07,0,0,0,0,55.4664,61.308,3.47236,1,1,1.69344,2.05259,0.325263,1.30835,1.69344,9.11013e+06,4.00975e+06,1.54275e+07,0,0,0,0
89.3818,122.105,4.07261,0,0,3.48359,3.54208,0,0.652819,6.47136,4.38366e+06,2.99988e+06,1.52709e+07,0,0,0,0,55.8229,61.308,4.23094,1,1,1.69344,2.05261,0.325284,1.30835,1.69344,9.11013e+06,4.00975e+06,1.54275e+07,0,0,0,0
90.0179,122.105,4.13947,0,0,3.48363,3.54211,0,0.652825,6.47136,4.38366e+06,2.99988e+06,1.5271e+07,0,0,0,0,56.4345,61.308,4.42489,1,1,1.69344,2.05263,0.325304,1.30835,1.69344,9.11013e+06,4.00975e+06,1.54275e+07,0,0,0,0
89.4977,122.105,3.08052,0,0,3.59278,3.6531,0,0.652832,6.47136,4.38366e+06,2.99988e+06,1.57495e+07,0,0,0,0,56.8997,61.308,3.68224,1,1,1.69344,2.11902,0.39059,1.30835,1.69344,9.11013e+06,4.00975e+06,1.54275e+07,0,0,0,0
88.6897,122.105,2.58384,0,0,3.59279,3.6531,0,0.673287,6.47136,4.38366e+06,2.99988e+06,1.57496e+07,0,0,0,0,57.2013,61.308,3.20755,1,1,1.69344,2.11902,0.390593,1.30835,1.69344,9.11013e+06,4.00975e+06,1.54275e+07,0,0,0,0
87.6269,122.105,2.26201,0,0,3.59279,3.65311,0,0.673288,6.47136,4.38366e+06,2.99988e+06,1.57496e+07,0,0,0,0,57.3852,61.308,2.85713,1,1,1.69344,2.11902,0.390595,1.30835,1.69344,9.11013e+06,4.00975e+06,1.54275e+07,0,0,0,0
87.2164,122.105,3.03177,0,0,3.5928,3.65311,0,0.673289,6.47136,4.38366e+06,2.99988e+06,1.57496e+07,0,0,0,0,57.9107,61.308,3.53552,1,1,1.69344,2.11903,0.390598,1.30835,1.69344,9.11013e+06,4.00975e+06,1.54275e+07,0,0,0,0
89.0046,122.105,5.86692,0,0,3.94324,4.00944,0,0.67329,6.47136,4.38366e+06,2.99988e+06,1.72858e+07,0,0,0,0,58.8816,61.308,4.54016,1,1,1.69344,2.36818,0.63564,1.30835,1.69344,9.11013e+06,4.00975e+06,1.54275e+07,0,0,0,0
88.682,122.105,3.91371,0,0,3.94324,4.00944,0,0.738962,6.47136,4.38366e+06,2.99988e+06,1.72858e+07,0,0,0,0,60.8102,61.308,6.28023,1,1,1.69344,2.36818,0.635643,1.30835,1.69344,9.11013e+06,4.00975e+06,1.54275e+07,0,0,0,0
89.7295,122.105,5.46427,0,0,3.94325,4.00945,0,0.738963,6.47136,4.38366e+06,2.99988e+06,1.72858e+07,0,0,0,0,61.9233,61.308,6.03208,1,1,1.69344,2.36819,0.635647,1.30835,1.69344,9.11013e+06,4.00975e+06,1.54275e+07,0,0,0,0
90.685,122.105,5.33327,0,0,3.94325,4.00945,0,0.738964,6.47136,4.38366e+06,2.99988e+06,1.72859e+07,0,0,0,0,62.3362,61.308,7.00151,1,1,1.69344,2.36819,0.63565,1.30835,1.69344,9.11013e+06,4.00975e+06,1.54275e+07,0,0,0,0
92.4035,122.105,5.59117,0,0,3.44342,3.50123,0,0.738965,6.47136,4.38366e+06,2.99988e+06,1.50948e+07,0,0,0,0,62.3362,61.308,4.44609,1,1,1.69344,2.03383,0.306806,1.30835,1.69344,9.11013e+06,4.00975e+06,1.54275e+07,0,0,0,0
95.7198,122.105,7.57144,0,0,3.44343,3.50124,0,0.645298,6.47136,4.38366e+06,2.99988e+06,1.50948e+07,0,0,0,0,62.3362,61.308,6.43785,1,1,1.69344,2.03383,0.306809,1.30835,1.69344,9.11013e+06,4.00975e+06,1.54275e+07,0,0,0,0
100.536,122.105,9.5507,0,0,3.44343,3.50124,0,0.645299,6.47136,4.38366e+06,2.99988e+06,1.50948e+07,0,0,0,0,62.3362,61.308,7.4065,1,1,1.69344,2.03383,0.306812,1.30835,1.69344,9.11013e+06,4.00975e+06,1.54275e+07,0,0,0,0
104.628,122.105,8.8555,0,0,3.44344,3.50125,0,0.645299,6.47136,4.38366e+06,2.99988e+06,1.50949e+07,0,0,0,0,62.3362,61.308,6.67546,1,1,1.69344,2.03383,0.306814,1.30835,1.69344,9.11013e+06,4.00975e+06,1.54275e+07,0,0,0,0
111.57,122.105,11.9928,0,0,3.44344,3.50125,0,0.6453,6.47136,4.38366e+06,2.99988e+06,1.50949e+07,0,0,0,0,62.3362,61.308,10.2449,1,1,1.69344,2.03384,0.306817,1.30835,1.69344,9.11013e+06,4.00975e+06,1.54275e+07,0,0,0,0
115.103,122.105,8.10923,0,0,3.56926,3.62919,0,0.645301,6.47136,4.38366e+06,2.99988e+06,1.56464e+07,0,0,0,0,62.3362,61.308,7.41163,1,1,1.69344,2.11564,0.387269,1.30835,1.69344,9.11013e+06,4.00975e+06,1.54275e+07,0,0,0,0
117.315,122.105,6.51572,0,0,3.56927,3.62919,0,0.66888,6.47136,4.38366e+06,2.99988e+06,1.56465e+07,0,0,0,0,62.3362,61.308,6.58536,1,1,1.69344,2.11564,0.387272,1.30835,1.69344,9.11013e+06,4.00975e+06,1.54275e+07,0,0,0,0
118.819,122.105,5.70168,0,0,3.56927,3.6292,0,0.668881,6.47136,4.38366e+06,2.99988e+06,1.56465e+07,0,0,0,0,62.3362,61.308,6.14351,1,1,1.69344,2.11565,0.387274,1.30835,1.69344,9.11013e+06,4.00975e+06,1.54275e+07,0,0,0,0
119.716,122.105,4.98611,0,0,3.56928,3.6292,0,0.668882,6.47136,4.38366e+06,2.99988e+06,1.56465e+07,0,0,0,0,62.3362,61.308,5.23074,1,1,1.69344,2.11565,0.387277,1.30835,1.69344,9.11013e+06,4.00975e+06,1.54275e+07,0,0,0,0
120.237,122.105,4.44247,0,0,3.52009,3.57919,0,0.668883,6.47136,4.38366e+06,2.99988e+06,1.54309e+07,0,0,0,0,62.3362,61.308,4.24465,1,1,1.69344,2.08388,0.356034,1.30835,1.69344,9.11013e+06,4.00975e+06,1.54275e+07,0,0,0,0
120.497,122.105,4.11487,0,0,3.5201,3.57919,0,0.659665,6.47136,4.38366e+06,2.99988e+06,1.54309e+07,0,0,0,0,62.3362,61.308,3.85695,1,1,1.69344,2.08388,0.356037,1.30835,1.69344,9.11013e+06,4.00975e+06,1.54275e+07,0,0,0,0
120.485,122.105,3.75523,0,0,3.5201,3.5792,0,0.659666,6.47136,4.38366e+06,2.99988e+06,1.54309e+07,0,0,0,0,62.3362,61.308,3.64795,1,1,1.69344,2.08389,0.35604,1.30835,1.69344,9.11013e+06,4.00975e+06,1.54275e+07,0,0,0,0
120.273,122.105,3.50943,0,0,3.5201,3.5792,0,0.659667,6.47136,4.38366e+06,2.99988e+06,1.54309e+07,0,0,0,0,62.3362,61.308,3.65196,1,1,1.69344,2.08389,0.356043,1.30835,1.69344,9.11013e+06,4.00975e+06,1.54275e+07,0,0,0,0
119.455,122.105,2.86985,0,0,3.68709,3.74899,0,0.659668,6.47136,4.38366e+06,2.99988e+06,1.6163e+07,0,0,0,0,62.3145,61.308,3.32069,1,1,1.69344,2.19656,0.466852,1.30835,1.69344,9.11013e+06,4.00975e+06,1.54275e+07,0,0,0,0
118.577,122.105,2.77196,0,0,3.6871,3.749,0,0.690961,6.47136,4.38366e+06,2.99988e+06,1.6163e+07,0,0,0,0,62.2294,61.308,3.02135,1,1,1.69344,2.19656,0.466855,1.30835,1.69344,9.11013e+06,4.00975e+06,1.54275e+07,0,0,0,0
117.426,122.105,2.45274,0,0,3.6871,3.749,0,0.690962,6.47136,4.38366e+06,2.99988e+06,1.6163e+07,0,0,0,0,62.0806,61.308,2.81633,1,1,1.69344,2.19657,0.466858,1.30835,1.69344,9.11013e+06,4.00975e+06,1.54275e+07,0,0,0,0
116.206,122.105,2.31867,0,0,3.68711,3.74901,0,0.690963,6.47136,4.38366e+06,2.99988e+06,1.6163e+07,0,0,0,0,61.8798,61.308,2.68757,1,1,1.69344,2.19657,0.466861,1.30835,1.69344,9.11013e+06,4.00975e+06,1.54275e+07,0,0,0,0
114.958,122.105,2.46641,0,0,3.68711,3.74901,0,0.690964,6.47136,4.38366e+06,2.99988e+06,1.6163e+07,0,0,0,0,61.6958,61.308,2.66076,1,1,1.69344,2.19657,0.466864,1.30835,1.69344,9.11013e+06,4.00975e+06,1.54275e+07,0,0,0,0
113.724,122.105,2.47458,0,0,3.6541,3.71544,0,0.690965,6.47136,4.38366e+06,2.99988e+06,1.60183e+07,0,0,0,0,61.4895,61.308,2.66438,1,1,1.69344,2.2585,0.527768,1.30835,1.69344,9.11013e+06,4.00975e+06,1.54275e+07,0,0,0,0
112.424,122.105,2.35797,0,0,3.6541,3.71545,0,0.684777,6.47136,4.38366e+06,2.99988e+06,1.60183e+07,0,0,0,0,61.2365,61.308,2.57479,1,1,1.69344,2.2585,0.527771,1.30835,1.69344,9.11013e+06,4.00975e+06,1.54275e+07,0,0,0,0
110.901,122.105,2.10257,0,0,3.65411,3.71545,0,0.684778,6.47136,4.38366e+06,2.99988e+06,1.60184e+07,0,0,0,0,60.929,61.308,2.47136,1,1,1.69344,2.2585,0.527774,1.30835,1.69344,9.11013e+06,4.00975e+06,1.54275e+07,0,0,0,0
109.302,122.105,1.955,0,0,3.65411,3.71546,0,0.684779,6.47136,4.38366e+06,2.99988e+06,1.60184e+07,0,0,0,0,60.6231,61.308,2.47389,1,1,1.69344,2.25851,0.527777,1.30835,1.69344,9.11013e+06,4.00975e+06,1.54275e+07,0,0,0,0
107.422,122.105,1.7142,0,0,3.7394,3.80217,0,0.68478,6.47136,4.38366e+06,2.99988e+06,1.63922e+07,0,0,0,0,60.1533,61.308,2.18588,1,1,1.69344,2.3137,0.582057,1.30835,1.69344,9.11013e+06,4.00975e+06,1.54275e+07,0,0,0,0
105.48,122.105,1.5747,0,0,3.7394,3.80218,0,0.700763,6.47136,4.38366e+06,2.99988e+06,1.63923e+07,0,0,0,0,59.6481,61.308,2.11855,1,1,1.69344,2.3137,0.58206,1.30835,1.69344,9.11013e+06,4.00975e+06,1.54275e+07,0,0,0,0
103.45,122.105,1.44029,0,0,3.73941,3.80218,0,0.700764,6.47136,4.38366e+06,2.99988e+06,1.63923e+07,0,0,0,0,59.1195,61.308,1.84255,1,1,1.69344,2.3137,0.582063,1.30835,1.69344,9.11013e+06,4.00975e+06,1.54275e+07,0,0,0,0
101.636,122.105,1.77094,0,0,3.73941,3.80219,0,0.700765,6.47136,4.38366e+06,2.99988e+06,1.63923e+07,0,0,0,0,58.7168,61.308,2.57837,1,1,1.69344,2.31371,0.582066,1.30835,1.69344,9.11013e+06,4.00975e+06,1.54275e+07,0,0,0,0
99.5399,122.105,1.53108,0,0,3.98916,4.05613,0,0.700766,6.47136,4.38366e+06,2.99988e+06,1.74871e+07,0,0,0,0,58.1423,61.308,1.80225,1,1,1.69344,2.51291,0.777981,1.30835,1.69344,9.11013e+06,4.00975e+06,1.54275e+07,0,0,0,0
97.6047,122.105,1.7084,0,0,3.98916,4.05613,0,0.747568,6.47136,4.38366e+06,2.99988e+06,1.74871e+07,0,0,0,0,57.6651,61.308,2.25165,1,1,1.69344,2.51292,0.777985,1.30835,1.69344,9.11013e+06,4.00975e+06,1.54275e+07,0,0,0,0
95.4273,122.105,1.37949,0,0,3.98917,4.05614,0,0.747569,6.47136,4.38366e+06,2.99988e+06,1.74871e+07,0,0,0,0,57.046,61.308,1.62028,1,1,1.69344,2.51292,0.777988,1.30835,1.69344,9.11013e+06,4.00975e+06,1.54275e+07,0,0,0,0
93.5165,122.105,1.73251,0,0,3.98917,4.05614,0,0.74757,6.47136,4.38366e+06,2.99988e+06,1.74872e+07,0,0,0,0,56.6008,61.308,2.84358,1,1,1.69344,2.51292,0.777991,1.30835,1.69344,9.11013e+06,4.00975e+06,1.54275e+07,0,0,0,0
91.1157,122.105,1.05349,0,0,3.98918,4.05615,0,0.747571,6.47136,4.38366e+06,2.99988e+06,1.74872e+07,0,0,0,0,55.5901,61.308,1.45075,1,1,1.69344,2.51293,0.777995,1.30835,1.69344,9.11013e+06,4.00975e+06,1.54275e+07,0,0,0,0
88.7447,122.105,0.887879,0,0,3.86747,3.9324,0,0.747572,6.47136,4.38366e+06,2.99988e+06,1.69537e+07,0,0,0,0,54.845,61.308,1.16373,1,1,1.69344,2.39202,0.659087,1.30835,1.69344,9.11013e+06,4.00975e+06,1.54275e+07,0,0,0,0
86.6221,122.105,1.16753,0,0,3.86747,3.9324,0,0.724764,6.47136,4.38366e+06,2.99988e+06,1.69537e+07,0,0,0,0,54.1848,61.308,1.51808,1,1,1.69344,2.39202,0.65909,1.30835,1.69344,9.11013e+06,4.00975e+06,1.54275e+07,0,0,0,0
84.7599,122.105,1.55767,0,0,3.86748,3.93241,0,0.724765,6.47136,4.38366e+06,2.99988e+06,1.69537e+07,0,0,0,0,53.5862,61.308,2.27734,1,1,1.69344,2.39203,0.659093,1.30835,1.69344,9.11013e+06,4.00975e+06,1.54275e+07,0,0,0,0
82.6756,122.105,1.20853,0,0,3.86749,3.93241,0,0.724766,6.47136,4.38366e+06,2.99988e+06,1.69537e+07,0,0,0,0,52.5023,61.308,1.45086,1,1,1.69344,2.39203,0.659096,1.30835,1.69344,9.11013e+06,4.00975e+06,1.54275e+07,0,0,0,0
80.5614,122.105,1.10795,0,0,3.76758,3.83083,0,0.724767,6.47136,4.38366e+06,2.99988e+06,1.65158e+07,0,0,0,0,51.6167,61.308,1.06572,1,1,1.69344,2.28198,0.550859,1.30835,1.69344,9.11013e+06,4.00975e+06,1.54275e+07,0,0,0,0
78.917,122.105,1.64683,0,0,3.76759,3.83084,0,0.706045,6.47136,4.38366e+06,2.99988e+06,1.65158e+07,0,0,0,0,51.0524,61.308,1.29945,1,1,1.69344,2.28198,0.550863,1.30835,1.69344,9.11013e+06,4.00975e+06,1.54275e+07,0,0,0,0
78.985,122.105,3.71022,0,0,3.76759,3.83084,0,0.706046,6.47136,4.38366e+06,2.99988e+06,1.65158e+07,0,0,0,0,50.9664,61.308,3.33581,1,1,1.69344,2.28198,0.550866,1.30835,1.69344,9.11013e+06,4.00975e+06,1.54275e+07,0,0,0,0
78.4092,122.105,2.72516,0,0,3.7676,3.83085,0,0.706047,6.47136,4.38366e+06,2.99988e+06,1.65159e+07,0,0,0,0,50.6559,61.308,2.28243,1,1,1.69344,2.28199,0.550869,1.30835,1.69344,9.11013e+06,4.00975e+06,1.54275e+07,0,0,0,0
76.465,122.105,1.12398,0,0,3.48386,3.54235,0,0.706048,6.47136,4.38366e+06,2.99988e+06,1.52721e+07,0,0,0,0,50.2013,61.308,1.84944,1,1,1.69344,2.05277,0.325438,1.30835,1.69344,9.11013e+06,4.00975e+06,1.54275e+07,0,0,0,0
75.3782,122.105,2.22985,0,0,3.48387,3.54235,0,0.652875,6.47136,4.38366e+06,2.99988e+06,1.52721e+07,0,0,0,0,50.0187,61.308,3.27283,1,1,1.69344,2.05277,0.325441,1.30835,1.69344,9.11013e+06,4.00975e+06,1.54275e+07,0,0,0,0
74.1922,122.105,2.17605,0,0,3.48387,3.54236,0,0.652876,6.47136,4.38366e+06,2.99988e+06,1.52721e+07,0,0,0,0,49.8346,61.308,2.68583,1,1,1.69344,2.05278,0.325444,1.30835,1.69344,9.11013e+06,4.00975e+06,1.54275e+07,0,0,0,0
73.5658,122.105,2.82229,0,0,3.48388,3.54236,0,0.652877,6.47136,4.38366e+06,2.99988e+06,1.52721e+07,0,0,0,0,49.9558,61.308,4.0316,1,1,1.69344,2.05278,0.325446,1.30835,1.69344,9.11013e+06,4.00975e+06,1.54275e+07,0,0,0,0
74.799,122.105,5.20814,0,0,3.48388,3.54237,0,0.652878,6.47136,4.38366e+06,2.99988e+06,1.52721e+07,0,0,0,0,51.9137,61.308,6.73243,1,1,1.69344,2.05278,0.325449,1.30835,1.69344,9.11013e+06,4.00975e+06,1.54275e+07,0,0,0,0
76.5171,122.105,5.4698,0,0,3.59301,3.65333,0,0.652879,6.47136,4.38366e+06,2.99988e+06,1.57505e+07,0,0,0,0,52.3686,61.308,4.17132,1,1,1.69344,2.11915,0.390721,1.30835,1.69344,9.11013e+06,4.00975e+06,1.54275e+07,0,0,0,0
77.6116,122.105,4.78387,0,0,3.59298,3.6533,0,0.67333,6.47136,4.38366e+06,2.99988e+06,1.57504e+07,0,0,0,0,52.6953,61.308,3.76745,1,1,1.69344,2.11913,0.390705,1.30835,1.69344,9.11013e+06,4.00975e+06,1.54275e+07,0,0,0,0
78.3076,122.105,4.33411,0,0,3.59295,3.65327,0,0.673325,6.47136,4.38366e+06,2.99988e+06,1.57503e+07,0,0,0,0,52.9269,61.308,3.45912,1,1,1.69344,2.11912,0.39069,1.30835,1.69344,9.11013e+06,4.00975e+06,1.54275e+07,0,0,0,0
79.0125,122.105,4.34396,0,0,3.59293,3.65325,0,0.67332,6.47136,4.38366e+06,2.99988e+06,1.57502e+07,0,0,0,0,53.1946,61.308,3.50982,1,1,1.69344,2.1191,0.390674,1.30835,1.69344,9.11013e+06,4.00975e+06,1.54275e+07,0,0,0,0
78.9703,122.105,3.50032,0,0,3.94334,4.00955,0,0.673315,6.47136,4.38366e+06,2.99988e+06,1.72863e+07,0,0,0,0,53.3933,61.308,2.94979,1,1,1.69344,2.36825,0.635704,1.30835,1.69344,9.11013e+06,4.00975e+06,1.54275e+07,0,0,0,0
80.4843,122.105,5.66125,0,0,3.94331,4.00952,0,0.738983,6.47136,4.38366e+06,2.99988e+06,1.72861e+07,0,0,0,0,53.7463,61.308,3.29437,1,1,1.69344,2.36823,0.635687,1.30835,1.69344,9.11013e+06,4.00975e+06,1.54275e+07,0,0,0,0
82.2613,122.105,5.9706,0,0,3.94329,4.00949,0,0.738977,6.47136,4.38366e+06,2.99988e+06,1.7286e+07,0,0,0,0,54.5581,61.308,4.30586,1,1,1.69344,2.36821,0.635669,1.30835,1.69344,9.11013e+06,4.00975e+06,1.54275e+07,0,0,0,0
83.6862,122.105,5.37544,0,0,3.94326,4.00946,0,0.738972,6.47136,4.38366e+06,2.99988e+06,1.72859e+07,0,0,0,0,54.9678,61.308,3.63923,1,1,1.69344,2.36819,0.635652,1.30835,1.69344,9.11013e+06,4.00975e+06,1.54275e+07,0,0,0,0
85.5548,122.105,5.4583,0,0,3.4434,3.5012,0,0.738966,6.47136,4.38366e+06,2.99988e+06,1.50947e+07,0,0,0,0,55.5411,61.308,3.6594,1,1,1.69344,2.03381,0.30679,1.30835,1.69344,9.11013e+06,4.00975e+06,1.54275e+07,0,0,0,0
88.7897,122.105,7.4382,0,0,3.44337,3.50118,0,0.645293,6.47136,4.38366e+06,2.99988e+06,1.50946e+07,0,0,0,0,56.7597,61.308,5.2995,1,1,1.69344,2.03379,0.306775,1.30835,1.69344,9.11013e+06,4.00975e+06,1.54275e+07,0,0,0,0
90.3436,122.105,5.35963,0,0,3.44335,3.50115,0,0.645288,6.47136,4.38366e+06,2.99988e+06,1.50944e+07,0,0,0,0,57.737,61.308,5.06809,1,1,1.69344,2.03378,0.30676,1.30835,1.69344,9.11013e+06,4.00975e+06,1.54275e+07,0,0,0,0
96.6326,122.105,11.2361,0,0,3.44332,3.50113,0,0.645283,6.47136,4.38366e+06,2.99988e+06,1.50943e+07,0,0,0,0,59.9267,61.308,8.44892,1,1,1.69344,2.03376,0.306745,1.30835,1.69344,9.11013e+06,4.00975e+06,1.54275e+07,0,0,0,0
101.387,122.105,9.8046,0,0,3.44329,3.5011,0,0.645278,6.47136,4.38366e+06,2.99988e+06,1.50942e+07,0,0,0,0,61.6405,61.308,6.78955,1,1,1.69344,2.03375,0.30673,1.30835,1.69344,9.11013e+06,4.00975e+06,1.54275e+07,0,0,0,0
104.823,122.105,7.81197,0,0,3.56908,3.629,0,0.645273,6.47136,4.38366e+06,2.99988e+06,1.56456e+07,0,0,0,0,62.1441,61.308,3.86383,1,1,1.69344,2.11553,0.38716,1.30835,1.69344,9.11013e+06,4.00975e+06,1.54275e+07,0,0,0,0
107.837,122.105,7.33103,0,0,3.56905,3.62897,0,0.668845,6.47136,4.38366e+06,2.99988e+06,1.56455e+07,0,0,0,0,62.3362,61.308,3.42564,1,1,1.69344,2.11551,0.387144,1.30835,1.69344,9.11013e+06,4.00975e+06,1.54275e+07,0,0,0,0
110.057,122.105,6.39216,0,0,3.56902,3.62894,0,0.66884,6.47136,4.38366e+06,2.99988e+06,1.56454e+07,0,0,0,0,62.3362,61.308,2.9436,1,1,1.69344,2.1155,0.387129,1.30835,1.69344,9.11013e+06,4.00975e+06,1.54275e+07,0,0,0,0
111.686,122.105,5.80994,0,0,3.569,3.62891,0,0.668835,6.47136,4.38366e+06,2.99988e+06,1.56453e+07,0,0,0,0,62.3362,61.308,3.21964,1,1,1.69344,2.11548,0.387113,1.30835,1.69344,9.11013e+06,4.00975e+06,1.54275e+07,0,0,0,0
112.907,122.105,5.31213,0,0,3.51978,3.57887,0,0.66883,6.47136,4.38366e+06,2.99988e+06,1.54295e+07,0,0,0,0,62.3362,61.308,3.40452,1,1,1.69344,2.0837,0.355855,1.30835,1.69344,9.11013e+06,4.00975e+06,1.54275e+07,0,0,0,0
113.579,122.105,4.6918,0,0,3.51975,3.57884,0,0.659607,6.47136,4.38366e+06,2.99988e+06,1.54294e+07,0,0,0,0,62.3362,61.308,3.07406,1,1,1.69344,2.08368,0.355839,1.30835,1.69344,9.11013e+06,4.00975e+06,1.54275e+07,0,0,0,0
113.863,122.105,4.19316,0,0,3.51973,3.57882,0,0.659602,6.47136,4.38366e+06,2.99988e+06,1.54293e+07,0,0,0,0,62.3362,61.308,2.72669,1,1,1.69344,2.08367,0.355824,1.30835,1.69344,9.11013e+06,4.00975e+06,1.54275e+07,0,0,0,0
113.905,122.105,3.86767,0,0,3.5197,3.57879,0,0.659597,6.47136,4.38366e+06,2.99988e+06,1.54292e+07,0,0,0,0,62.3362,61.308,2.584,1,1,1.69344,2.08365,0.355808,1.30835,1.69344,9.11013e+06,4.00975e+06,1.54275e+07,0,0,0,0
114.088,122.105,4.15578,0,0,3.68664,3.74853,0,0.659592,6.47136,4.38366e+06,2.99988e+06,1.6161e+07,0,0,0,0,62.3362,61.308,2.84136,1,1,1.69344,2.19629,0.466585,1.30835,1.69344,9.11013e+06,4.00975e+06,1.54275e+07,0,0,0,0
113.908,122.105,3.67348,0,0,3.68661,3.7485,0,0.690876,6.47136,4.38366e+06,2.99988e+06,1.61608e+07,0,0,0,0,62.3068,61.308,2.69691,1,1,1.69344,2.19627,0.466569,1.30835,1.69344,9.11013e+06,4.00975e+06,1.54275e+07,0,0,0,0
113.642,122.105,3.60661,0,0,3.68658,3.74847,0,0.690871,6.47136,4.38366e+06,2.99988e+06,1.61607e+07,0,0,0,0,62.3292,61.308,2.72726,1,1,1.69344,2.19626,0.466553,1.30835,1.69344,9.11013e+06,4.00975e+06,1.54275e+07,0,0,0,0
113.229,122.105,3.40765,0,0,3.68656,3.74845,0,0.690866,6.47136,4.38366e+06,2.99988e+06,1.61606e+07,0,0,0,0,62.3265,61.308,2.62387,1,1,1.69344,2.19624,0.466537,1.30835,1.69344,9.11013e+06,4.00975e+06,1.54275e+07,0,0,0,0
112.426,122.105,2.82773,0,0,3.68653,3.74842,0,0.690861,6.47136,4.38366e+06,2.99988e+06,1.61605e+07,0,0,0,0,62.1714,61.308,2.2307,1,1,1.69344,2.19622,0.466521,1.30835,1.69344,9.11013e+06,4.00975e+06,1.54275e+07,0,0,0,0
111.566,122.105,2.67431,0,0,3.65348,3.71482,0,0.690855,6.47136,4.38366e+06,2.99988e+06,1.60156e+07,0,0,0,0,61.9392,61.308,2.09161,1,1,1.69344,2.25812,0.527396,1.30835,1.69344,9.11013e+06,4.00975e+06,1.54275e+07,0,0,0,0
110.617,122.105,2.56192,0,0,3.65346,3.71479,0,0.684663,6.47136,4.38366e+06,2.99988e+06,1.60155e+07,0,0,0,0,61.676,61.308,2.08461,1,1,1.69344,2.2581,0.527379,1.30835,1.69344,9.11013e+06,4.00975e+06,1.54275e+07,0,0,0,0
109.425,122.105,2.27525,0,0,3.65343,3.71476,0,0.684658,6.47136,4.38366e+06,2.99988e+06,1.60154e+07,0,0,0,0,61.3135,61.308,1.9093,1,1,1.69344,2.25809,0.527362,1.30835,1.69344,9.11013e+06,4.00975e+06,1.54275e+07,0,0,0,0
108.137,122.105,2.1365,0,0,3.6534,3.71473,0,0.684652,6.47136,4.38366e+06,2.99988e+06,1.60153e+07,0,0,0,0,60.7874,61.308,1.86045,1,1,1.69344,2.25807,0.527346,1.30835,1.69344,9.11013e+06,4.00975e+06,1.54275e+07,0,0,0,0
106.63,122.105,1.96537,0,0,3.73864,3.8014,0,0.684647,6.47136,4.38366e+06,2.99988e+06,1.63889e+07,0,0,0,0,60.1315,61.308,1.63888,1,1,1.69344,2.31323,0.581595,1.30835,1.69344,9.11013e+06,4.00975e+06,1.54275e+07,0,0,0,0
105.026,122.105,1.81364,0,0,3.73861,3.80137,0,0.70062,6.47136,4.38366e+06,2.99988e+06,1.63888e+07,0,0,0,0,59.2784,61.308,1.56526,1,1,1.69344,2.31321,0.581578,1.30835,1.69344,9.11013e+06,4.00975e+06,1.54275e+07,0,0,0,0
103.299,122.105,1.65165,0,0,3.73858,3.80134,0,0.700615,6.47136,4.38366e+06,2.99988e+06,1.63887e+07,0,0,0,0,58.7211,61.308,1.36425,1,1,1.69344,2.31319,0.581561,1.30835,1.69344,9.11013e+06,4.00975e+06,1.54275e+07,0,0,0,0
101.781,122.105,1.92256,0,0,3.73855,3.80132,0,0.70061,6.47136,4.38366e+06,2.99988e+06,1.63885e+07,0,0,0,0,57.7906,61.308,1.78632,1,1,1.69344,2.31318,0.581544,1.30835,1.69344,9.11013e+06,4.00975e+06,1.54275e+07,0,0,0,0
100.035,122.105,1.80643,0,0,3.9882,4.05516,0,0.700605,6.47136,4.38366e+06,2.99988e+06,1.74829e+07,0,0,0,0,56.8259,61.308,1.25369,1,1,1.69344,2.51231,0.777391,1.30835,1.69344,9.11013e+06,4.00975e+06,1.54275e+07,0,0,0,0
98.1937,122.105,1.71374,0,0,3.98817,4.05513,0,0.747389,6.47136,4.38366e+06,2.99988e+06,1.74828e+07,0,0,0,0,56.147,61.308,1.28176,1,1,1.69344,2.51229,0.777373,1.30835,1.69344,9.11013e+06,4.00975e+06,1.54275e+07,0,0,0,0
96.2883,122.105,1.61303,0,0,3.98814,4.0551,0,0.747384,6.47136,4.38366e+06,2.99988e+06,1.74827e+07,0,0,0,0,55.4408,61.308,1.54036,1,1,1.69344,2.51227,0.777354,1.30835,1.69344,9.11013e+06,4.00975e+06,1.54275e+07,0,0,0,0
94.3546,122.105,1.55198,0,0,3.98811,4.05507,0,0.747378,6.47136,4.38366e+06,2.99988e+06,1.74825e+07,0,0,0,0,54.6603,61.308,1.51424,1,1,1.69344,2.51226,0.777336,1.30835,1.69344,9.11013e+06,4.00975e+06,1.54275e+07,0,0,0,0
92.4408,122.105,1.54985,0,0,3.98808,4.05504,0,0.747373,6.47136,4.38366e+06,2.99988e+06,1.74824e+07,0,0,0,0,53.7598,61.308,1.45741,1,1,1.69344,2.51224,0.777317,1.30835,1.69344,9.11013e+06,4.00975e+06,1.54275e+07,0,0,0,0
90.5614,122.105,1.45455,0,0,3.86637,3.93128,0,0.747367,6.47136,4.38366e+06,2.99988e+06,1.69489e+07,0,0,0,0,53.099,61.308,1.32907,1,1,1.69344,2.39134,0.658421,1.30835,1.69344,9.11013e+06,4.00975e+06,1.54275e+07,0,0,0,0
89.3095,122.105,2.09291,0,0,3.86635,3.93125,0,0.724559,6.47136,4.38366e+06,2.99988e+06,1.69487e+07,0,0,0,0,52.6743,61.308,1.61158,1,1,1.69344,2.39133,0.658403,1.30835,1.69344,9.11013e+06,4.00975e+06,1.54275e+07,0,0,0,0
88.7222,122.105,2.922,0,0,3.86632,3.93122,0,0.724553,6.47136,4.38366e+06,2.99988e+06,1.69486e+07,0,0,0,0,52.571,61.308,2.61516,1,1,1.69344,2.39131,0.658385,1.30835,1.69344,9.11013e+06,4.00975e+06,1.54275e+07,0,0,0,0
87.8371,122.105,2.55749,0,0,3.86629,3.9312,0,0.724548,6.47136,4.38366e+06,2.99988e+06,1.69485e+07,0,0,0,0,52.2762,61.308,1.94584,1,1,1.69344,2.39129,0.658368,1.30835,1.69344,9.11013e+06,4.00975e+06,1.54275e+07,0,0,0,0
87.9642,122.105,3.60058,0,0,3.76638,3.82961,0,0.724542,6.47136,4.38366e+06,2.99988e+06,1.65105e+07,0,0,0,0,52.3125,61.308,2.79006,1,1,1.69344,2.28125,0.550145,1.30835,1.69344,9.11013e+06,4.00975e+06,1.54275e+07,0,0,0,0
88.0163,122.105,3.83546,0,0,3.76636,3.82959,0,0.70582,6.47136,4.38366e+06,2.99988e+06,1.65104e+07,0,0,0,0,52.8628,61.308,3.76514,1,1,1.69344,2.28123,0.550128,1.30835,1.69344,9.11013e+06,4.00975e+06,1.54275e+07,0,0,0,0
88.1742,122.105,4.06967,0,0,3.76633,3.82956,0,0.705815,6.47136,4.38366e+06,2.99988e+06,1.65103e+07,0,0,0,0,53.3886,61.308,4.80607,1,1,1.69344,2.28122,0.550111,1.30835,1.69344,9.11013e+06,4.00975e+06,1.54275e+07,0,0,0,0
90.2844,122.105,6.00147,0,0,3.7663,3.82953,0,0.70581,6.47136,4.38366e+06,2.99988e+06,1.65102e+07,0,0,0,0,53.6478,61.308,4.06036,1,1,1.69344,2.2812,0.550094,1.30835,1.69344,9.11013e+06,4.00975e+06,1.54275e+07,0,0,0,0
93.1033,122.105,6.68119,0,0,3.48263,3.54109,0,0.705804,6.47136,4.38366e+06,2.99988e+06,1.52666e+07,0,0,0,0,54.7366,61.308,5.10201,1,1,1.69344,2.05204,0.324724,1.30835,1.69344,9.11013e+06,4.00975e+06,1.54275e+07,0,0,0,0
96.5135,122.105,7.52501,0,0,3.4826,3.54107,0,0.652644,6.47136,4.38366e+06,2.99988e+06,1.52665e+07,0,0,0,0,55.7676,61.308,4.79992,1,1,1.69344,2.05203,0.324709,1.30835,1.69344,9.11013e+06,4.00975e+06,1.54275e+07,0,0,0,0
99.2695,122.105,6.91656,0,0,3.48258,3.54104,0,0.65264,6.47136,4.38366e+06,2.99988e+06,1.52664e+07,0,0,0,0,56.5963,61.308,4.1561,1,1,1.69344,2.05201,0.324693,1.30835,1.69344,9.11013e+06,4.00975e+06,1.54275e+07,0,0,0,0
101.901,122.105,6.56009,0,0,3.48255,3.54101,0,0.652635,6.47136,4.38366e+06,2.99988e+06,1.52663e+07,0,0,0,0,57.3563,61.308,4.00233,1,1,1.69344,2.052,0.324678,1.30835,1.69344,9.11013e+06,4.00975e+06,1.54275e+07,0,0,0,0
102.615,122.105,4.37048,0,0,3.48252,3.54099,0,0.65263,6.47136,4.38366e+06,2.99988e+06,1.52662e+07,0,0,0,0,57.753,61.308,3.44785,1,1,1.69344,2.05198,0.324663,1.30835,1.69344,9.11013e+06,4.00975e+06,1.54275e+07,0,0,0,0
102.812,122.105,4.29329,0,0,3.59158,3.65187,0,0.652625,6.47136,4.38366e+06,2.99988e+06,1.57442e+07,0,0,0,0,57.9609,61.308,3.39352,1,1,1.69344,2.11831,0.389891,1.30835,1.69344,9.11013e+06,4.00975e+06,1.54275e+07,0,0,0,0
107.61,122.105,9.29641,0,0,3.59152,3.65181,0,0.673062,6.47136,4.38366e+06,2.99988e+06,1.5744e+07,0,0,0,0,59.2648,61.308,7.15926,1,1,1.69344,2.11827,0.389857,1.30835,1.69344,9.11013e+06,4.00975e+06,1.54275e+07,0,0,0,0
107.951,122.105,4.22731,0,0,3.59146,3.65175,0,0.673051,6.47136,4.38366e+06,2.99988e+06,1.57437e+07,0,0,0,0,59.8856,61.308,4.66096,1,1,1.69344,2.11824,0.389823,1.30835,1.69344,9.11013e+06,4.00975e+06,1.54275e+07,0,0,0,0
107.38,122.105,3.17125,0,0,3.5914,3.65169,0,0.67304,6.47136,4.38366e+06,2.99988e+06,1.57435e+07,0,0,0,0,60.1324,61.308,3.50936,1,1,1.69344,2.1182,0.389789,1.30835,1.69344,9.11013e+06,4.00975e+06,1.54275e+07,0,0,0,0
106.731,122.105,3.31809,0,0,3.94163,4.00781,0,0.673029,6.47136,4.38366e+06,2.99988e+06,1.72788e+07,0,0,0,0,60.4481,61.308,3.78974,1,1,1.69344,2.36722,0.634695,1.30835,1.69344,9.11013e+06,4.00975e+06,1.54275e+07,0,0,0,0
106.044,122.105,3.22466,0,0,3.94157,4.00774,0,0.738662,6.47136,4.38366e+06,2.99988e+06,1.72785e+07,0,0,0,0,60.6453,61.308,2.96972,1,1,1.69344,2.36718,0.634657,1.30835,1.69344,9.11013e+06,4.00975e+06,1.54275e+07,0,0,0,0
107.052,122.105,5.67663,0,0,3.94151,4.00768,0,0.73865,6.47136,4.38366e+06,2.99988e+06,1.72782e+07,0,0,0,0,61.4768,61.308,4.33601,1,1,1.69344,2.36714,0.634619,1.30835,1.69344,9.11013e+06,4.00975e+06,1.54275e+07,0,0,0,0
107.773,122.105,5.04323,0,0,3.94144,4.00761,0,0.738638,6.47136,4.38366e+06,2.99988e+06,1.72779e+07,0,0,0,0,62.1636,61.308,4.1645,1,1,1.69344,2.3671,0.634581,1.30835,1.69344,9.11013e+06,4.00975e+06,1.54275e+07,0,0,0,0
108.338,122.105,4.20123,0,0,3.44178,3.49956,0,0.738626,6.47136,4.38366e+06,2.99988e+06,1.50876e+07,0,0,0,0,62.3362,61.308,2.79364,1,1,1.69344,2.03286,0.305853,1.30835,1.69344,9.11013e+06,4.00975e+06,1.54275e+07,0,0,0,0
110.389,122.105,6.08039,0,0,3.44173,3.49951,0,0.64499,6.47136,4.38366e+06,2.99988e+06,1.50874e+07,0,0,0,0,62.3362,61.308,4.3304,1,1,1.69344,2.03282,0.30582,1.30835,1.69344,9.11013e+06,4.00975e+06,1.54275e+07,0,0,0,0
111.824,122.105,5.26751,0,0,3.44167,3.49945,0,0.64498,6.47136,4.38366e+06,2.99988e+06,1.50871e+07,0,0,0,0,62.3362,61.308,3.08352,1,1,1.69344,2.03279,0.305788,1.30835,1.69344,9.11013e+06,4.00975e+06,1.54275e+07,0,0,0,0
112.451,122.105,4.35911,0,0,3.44161,3.49939,0,0.644969,6.47136,4.38366e+06,2.99988e+06,1.50869e+07,0,0,0,0,62.3362,61.308,2.67697,1,1,1.69344,2.03276,0.305755,1.30835,1.69344,9.11013e+06,4.00975e+06,1.54275e+07,0,0,0,0
114.134,122.105,5.46018,0,0,3.44156,3.49934,0,0.644959,6.47136,4.38366e+06,2.99988e+06,1.50866e+07,0,0,0,0,62.3362,61.308,3.86026,1,1,1.69344,2.03272,0.305723,1.30835,1.69344,9.11013e+06,4.00975e+06,1.54275e+07,0,0,0,0
116.505,122.105,6.40439,0,0,3.56725,3.62714,0,0.644948,6.47136,4.38366e+06,2.99988e+06,1.56376e+07,0,0,0,0,62.3362,61.308,3.38064,1,1,1.69344,2.11444,0.386093,1.30835,1.69344,9.11013e+06,4.00975e+06,1.54275e+07,0,0,0,0
117.274,122.105,4.6546,0,0,3.56719,3.62708,0,0.668502,6.47136,4.38366e+06,2.99988e+06,1.56373e+07,0,0,0,0,62.3362,61.308,4.35037,1,1,1.69344,2.11441,0.386059,1.30835,1.69344,9.11013e+06,4.00975e+06,1.54275e+07,0,0,0,0
119.165,122.105,6.15283,0,0,3.56713,3.62702,0,0.668491,6.47136,4.38366e+06,2.99988e+06,1.56371e+07,0,0,0,0,62.3362,61.308,5.44302,1,1,1.69344,2.11438,0.386025,1.30835,1.69344,9.11013e+06,4.00975e+06,1.54275e+07,0,0,0,0
119.494,122.105,4.15972,0,0,3.56707,3.62696,0,0.66848,6.47136,4.38366e+06,2.99988e+06,1.56368e+07,0,0,0,0,62.3362,61.308,3.42198,1,1,1.69344,2.11434,0.385992,1.30835,1.69344,9.11013e+06,4.00975e+06,1.54275e+07,0,0,0,0
119.211,122.105,3.41968,0,0,3.51785,3.57691,0,0.66847,6.47136,4.38366e+06,2.99988e+06,1.54211e+07,0,0,0,0,62.3362,61.308,3.22687,1,1,1.69344,2.08256,0.354732,1.30835,1.69344,9.11013e+06,4.00975e+06,1.54275e+07,0,0,0,0
118.65,122.105,3.19791,0,0,3.5178,3.57685,0,0.659246,6.47136,4.38366e+06,2.99988e+06,1.54208e+07,0,0,0,0,62.3362,61.308,3.20959,1,1,1.69344,2.08252,0.354699,1.30835,1.69344,9.11013e+06,4.00975e+06,1.54275e+07,0,0,0,0
119.296,122.105,4.39155,0,0,3.51774,3.57679,0,0.659235,6.47136,4.38366e+06,2.99988e+06,1.54206e+07,0,0,0,0,62.3362,61.308,3.6555,1,1,1.69344,2.08249,0.354665,1.30835,1.69344,9.11013e+06,4.00975e+06,1.54275e+07,0,0,0,0
119.006,122.105,3.37683,0,0,3.51768,3.57674,0,0.659224,6.47136,4.38366e+06,2.99988e+06,1.54203e+07,0,0,0,0,62.3362,61.308,3.31197,1,1,1.69344,2.08245,0.354632,1.30835,1.69344,9.11013e+06,4.00975e+06,1.54275e+07,0,0,0,0
117.987,122.105,2.65033,0,0,3.68449,3.74634,0,0.659213,6.47136,4.38366e+06,2.99988e+06,1.61515e+07,0,0,0,0,62.3362,61.308,2.52738,1,1,1.69344,2.19501,0.465326,1.30835,1.69344,9.11013e+06,4.00975e+06,1.54275e+07,0,0,0,0
117.017,122.105,2.66033,0,0,3.68443,3.74628,0,0.690473,6.47136,4.38366e+06,2.99988e+06,1.61513e+07,0,0,0,0,62.3362,61.308,2.95917,1,1,1.69344,2.19497,0.465291,1.30835,1.69344,9.11013e+06,4.00975e+06,1.54275e+07,0,0,0,0
115.849,122.105,2.36415,0,0,3.68437,3.74622,0,0.690462,6.47136,4.38366e+06,2.99988e+06,1.6151e+07,0,0,0,0,62.3362,61.308,2.47998,1,1,1.69344,2.19494,0.465256,1.30835,1.69344,9.11013e+06,4.00975e+06,1.54275e+07,0,0,0,0
114.558,122.105,2.20513,0,0,3.68431,3.74616,0,0.690451,6.47136,4.38366e+06,2.99988e+06,1.61508e+07,0,0,0,0,62.1785,61.308,2.08456,1,1,1.69344,2.1949,0.465221,1.30835,1.69344,9.11013e+06,4.00975e+06,1.54275e+07,0,0,0,0
113.287,122.105,2.28408,0,0,3.68425,3.7461,0,0.69044,6.47136,4.38366e+06,2.99988e+06,1.61505e+07,0,0,0,0,62.0415,61.308,2.19653,1,1,1.69344,2.19486,0.465185,1.30835,1.69344,9.11013e+06,4.00975e+06,1.54275e+07,0,0,0,0
112.027,122.105,2.32431,0,0,3.65119,3.71249,0,0.690428,6.47136,4.38366e+06,2.99988e+06,1.60056e+07,0,0,0,0,61.962,61.308,2.26771,1,1,1.69344,2.2567,0.526003,1.30835,1.69344,9.11013e+06,4.00975e+06,1.54275e+07,0,0,0,0
110.636,122.105,2.18645,0,0,3.65113,3.71243,0,0.684233,6.47136,4.38366e+06,2.99988e+06,1.60053e+07,0,0,0,0,61.7979,61.308,2.21506,1,1,1.69344,2.25667,0.525967,1.30835,1.69344,9.11013e+06,4.00975e+06,1.54275e+07,0,0,0,0
109.096,122.105,2.00226,0,0,3.65107,3.71237,0,0.684222,6.47136,4.38366e+06,2.99988e+06,1.60051e+07,0,0,0,0,61.4935,61.308,2.034,1,1,1.69344,2.25663,0.525931,1.30835,1.69344,9.11013e+06,4.00975e+06,1.54275e+07,0,0,0,0
107.437,122.105,1.8372,0,0,3.65101,3.71231,0,0.684211,6.47136,4.38366e+06,2.99988e+06,1.60048e+07,0,0,0,0,61.154,61.308,1.89003,1,1,1.69344,2.25659,0.525894,1.30835,1.69344,9.11013e+06,4.00975e+06,1.54275e+07,0,0,0,0
105.797,122.105,1.85295,0,0,3.73616,3.79888,0,0.6842,6.47136,4.38366e+06,2.99988e+06,1.6378e+07,0,0,0,0,60.9895,61.308,2.00621,1,1,1.69344,2.3117,0.580088,1.30835,1.69344,9.11013e+06,4.00975e+06,1.54275e+07,0,0,0,0
104.135,122.105,1.8358,0,0,3.7361,3.79882,0,0.700156,6.47136,4.38366e+06,2.99988e+06,1.63778e+07,0,0,0,0,60.705,61.308,2.04409,1,1,1.69344,2.31166,0.580051,1.30835,1.69344,9.11013e+06,4.00975e+06,1.54275e+07,0,0,0,0
102.396,122.105,1.70239,0,0,3.73604,3.79876,0,0.700145,6.47136,4.38366e+06,2.99988e+06,1.63775e+07,0,0,0,0,60.2974,61.308,1.93204,1,1,1.69344,2.31162,0.580014,1.30835,1.69344,9.11013e+06,4.00975e+06,1.54275e+07,0,0,0,0
100.563,122.105,1.57835,0,0,3.73598,3.7987,0,0.700134,6.47136,4.38366e+06,2.99988e+06,1.63772e+07,0,0,0,0,59.9851,61.308,1.82434,1,1,1.69344,2.31158,0.579977,1.30835,1.69344,9.11013e+06,4.00975e+06,1.54275e+07,0,0,0,0
98.8388,122.105,2.00852,0,0,3.98542,4.05233,0,0.700122,6.47136,4.38366e+06,2.99988e+06,1.74707e+07,0,0,0,0,59.683,61.308,1.96764,1,1,1.69344,2.51056,0.775668,1.30835,1.69344,9.11013e+06,4.00975e+06,1.54275e+07,0,0,0,0
97.2372,122.105,2.09093,0,0,3.98536,4.05226,0,0.746868,6.47136,4.38366e+06,2.99988e+06,1.74704e+07,0,0,0,0,59.1697,61.308,1.97444,1,1,1.69344,2.51052,0.775628,1.30835,1.69344,9.11013e+06,4.00975e+06,1.54275e+07,0,0,0,0
95.3315,122.105,1.72056,0,0,3.98529,4.0522,0,0.746856,6.47136,4.38366e+06,2.99988e+06,1.74702e+07,0,0,0,0,58.7869,61.308,1.57152,1,1,1.69344,2.51048,0.775588,1.30835,1.69344,9.11013e+06,4.00975e+06,1.54275e+07,0,0,0,0
93.6949,122.105,2.05432,0,0,3.98523,4.05213,0,0.746844,6.47136,4.38366e+06,2.99988e+06,1.74699e+07,0,0,0,0,58.5724,61.308,2.37758,1,1,1.69344,2.51044,0.775547,1.30835,1.69344,9.11013e+06,4.00975e+06,1.54275e+07,0,0,0,0
91.755,122.105,1.71786,0,0,3.98516,4.05207,0,0.746832,6.47136,4.38366e+06,2.99988e+06,1.74696e+07,0,0,0,0,58.1833,61.308,1.67538,1,1,1.69344,2.5104,0.775507,1.30835,1.69344,9.11013e+06,4.00975e+06,1.54275e+07,0,0,0,0
90.5433,122.105,2.44708,0,0,3.86351,3.92837,0,0.746819,6.47136,4.38366e+06,2.99988e+06,1.69363e+07,0,0,0,0,57.9597,61.308,2.37335,1,1,1.69344,2.38957,0.656677,1.30835,1.69344,9.11013e+06,4.00975e+06,1.54275e+07,0,0,0,0
88.6793,122.105,1.64094,0,0,3.86344,3.9283,0,0.724021,6.47136,4.38366e+06,2.99988e+06,1.6936e+07,0,0,0,0,57.166,61.308,1.8331,1,1,1.69344,2.38953,0.656639,1.30835,1.69344,9.11013e+06,4.00975e+06,1.54275e+07,0,0,0,0
86.635,122.105,1.28311,0,0,3.86338,3.92824,0,0.72401,6.47136,4.38366e+06,2.99988e+06,1.69357e+07,0,0,0,0,56.6737,61.308,1.3826,1,1,1.69344,2.38949,0.6566,1.30835,1.69344,9.11013e+06,4.00975e+06,1.54275e+07,0,0,0,0
85.9791,122.105,3.12924,0,0,3.86332,3.92818,0,0.723998,6.47136,4.38366e+06,2.99988e+06,1.69355e+07,0,0,0,0,56.3545,61.308,2.78958,1,1,1.69344,2.38945,0.656562,1.30835,1.69344,9.11013e+06,4.00975e+06,1.54275e+07,0,0,0,0
83.7485,122.105,1.07063,0,0,3.76346,3.82664,0,0.723986,6.47136,4.38366e+06,2.99988e+06,1.64977e+07,0,0,0,0,55.644,61.308,1.55927,1,1,1.69344,2.27948,0.548402,1.30835,1.69344,9.11013e+06,4.00975e+06,1.54275e+07,0,0,0,0
82.5452,122.105,2.22593,0,0,3.7634,3.82658,0,0.705272,6.47136,4.38366e+06,2.99988e+06,1.64974e+07,0,0,0,0,55.2788,61.308,1.44323,1,1,1.69344,2.27944,0.548366,1.30835,1.69344,9.11013e+06,4.00975e+06,1.54275e+07,0,0,0,0
83.1613,122.105,4.47598,0,0,3.76334,3.82651,0,0.705261,6.47136,4.38366e+06,2.99988e+06,1.64972e+07,0,0,0,0,55.4836,61.308,3.16635,1,1,1.69344,2.2794,0.548329,1.30835,1.69344,9.11013e+06,4.00975e+06,1.54275e+07,0,0,0,0
