0volume,0demand,0up_spill,0ww_inflow,0catch_inflow,0evap,0ds_spill,0treat_cap,1volume,1demand,1up_spill,1ww_inflow,1catch_inflow,1evap,1ds_spill,1treat_cap,2volume,2s_area,2demand,2up_spill,2ww_inflow,2catch_inflow,2evap,2ds_spill,2treat_cap,2valloc_0,2talloc_0,2valloc_1,2talloc_1,3volume,3demand,3up_spill,3ww_inflow,3catch_inflow,3evap,3ds_spill,3treat_cap,3valloc_1,3talloc_1,3valloc_2,3talloc_2,4demand,4up_spill,4ww_inflow,4catch_inflow,4ds_spill,4treat_cap,11volume,11s_area,11demand,11up_spill,11ww_inflow,11catch_inflow,11evap,11ds_spill,11treat_cap
72.29,1.84028,0,0,3.79115,0.285194,1.66567,3.6288,61.308,0,0,0,1.3745,0.261602,1.1129,0.66528,12.849,1,0.327095,1.66567,0,79.2107,5.15193,75.3973,0.84672,12.849,0.84672,3695.15,0,0,0,2.10666,0,8.14761,1.4752,8.77906,0.42336,0,0.42336,460.49,0,1.01871,0,0,3.12536,2.10666,1.028160,1,0,85.2893,0,0,0,85.2893,0
72.29,1.84111,0,0,3.38075,0.285194,1.25445,3.6288,61.308,0,0,0,1.10233,0.261602,0.840732,0.66528,12.849,1,0.327243,1.25445,0,68.54,5.15193,64.3153,0.84672,12.849,0.84672,3695.15,0,0,0,1.51325,1.19322,6.115,1.4752,7.34627,0.42336,0,0.42336,460.49,0,1.01899,0,0,2.53225,1.51325,1.028160,1,0,72.5023,0,0,0,72.5023,0
72.29,1.84194,0,0,6.16728,0.285194,4.04015,3.6288,61.308,0,0,0,1.26498,0.261602,1.00338,0.66528,12.849,1,0.327391,4.04015,0,64.687,5.15193,63.2478,0.84672,12.849,0.84672,3695.15,0,0,0,1.8517,1.19362,6.83942,1.4752,8.40953,0.42336,0,0.42336,460.49,0,1.01928,0,0,2.87098,1.8517,1.028160,1,0,72.6607,0,0,0,72.6607,0
72.29,1.84278,0,0,3.01559,0.303668,0.869149,3.6288,61.308,0,0,0,1.21006,0.253331,0.956727,0.66528,12.849,1,0.32754,0.869149,0,52.4389,4.6962,48.2843,0.84672,12.849,0.84672,3695.15,0,0,0,1.81381,1.19403,5.22705,1.33479,6.90011,0.42336,0,0.42336,460.49,0,1.01956,0,0,2.83338,1.81381,1.028160,1,0,56.1412,0,0,0,56.1412,0
72.29,2.04848,0,0,4.23236,0.300808,1.88308,3.6288,61.308,0.0760431,0,0,1.6766,0.232981,1.36758,0.66528,12.849,1,0.364101,1.88308,0,72.4473,3.76519,70.2011,0.84672,12.849,0.84672,3695.15,0,0,0,2.97953,1.19443,7.19004,1.09564,10.2684,0.42336,0,0.42336,460.49,0,1.02816,0,0,4.00769,2.97953,1.028160,1,0,81.8371,0,0,0,81.8371,0
72.29,2.04939,0,0,4.19582,0.264026,1.8824,3.6288,61.308,0.0763613,0,0,1.32433,0.233226,1.01474,0.66528,12.849,1,0.364264,1.8824,0,70.7633,3.92143,68.36,0.84672,12.849,0.84672,3695.15,0,0,0,2.23951,1.30522,7.70083,1.17957,10.066,0.42336,0,0.42336,460.49,0,1.02816,0,0,3.26767,2.23951,1.028160,1,0,79.4408,0,0,0,79.4408,0
72.29,2.05031,0,0,5.13767,0.264026,2.82334,3.6288,61.308,0.0766797,0,0,1.40607,0.233226,1.09617,0.66528,12.849,1,0.364426,2.82334,0,95.7286,3.92143,94.2661,0.84672,12.849,0.84672,3695.15,0,0,0,2.21915,1.30567,7.73194,1.17957,10.0772,0.42336,0,0.42336,460.49,0,1.02816,0,0,3.24731,2.21915,1.028160,1,0,105.439,0,0,0,105.439,0
72.29,2.05122,0,0,5.10656,0.264026,2.79131,3.6288,61.308,0.0769981,0,0,1.35931,0.233226,1.04909,0.66528,12.849,1,0.364589,2.79131,0,132.125,3.92143,130.631,0.84672,12.849,0.84672,3695.15,0,0,0,2.03936,1.30612,7.80563,1.17957,9.97155,0.42336,0,0.42336,460.49,0,1.02816,0,0,3.06752,2.03936,1.028160,1,0,141.651,0,0,0,141.651,0
72.29,1.75947,0,0,4.32175,0.281389,2.28089,3.6288,61.308,0,0,0,0.705178,0.193816,0.511362,0.66528,12.849,1,0.312732,2.28089,0,62.6336,3.37981,61.2219,0.84672,12.849,0.84672,3695.15,0,0,0,1.56787,1.30657,9.88917,0.901778,11.8618,0.42336,0,0.42336,460.49,0,0.992089,0,0,2.55996,1.56787,1.028160,1,0,73.5951,0,0,0,73.5951,0
72.29,1.76027,0,0,4.50867,0.294412,2.45399,3.6288,61.308,0,0,0,0.922061,0.164257,0.757803,0.66528,12.849,1,0.312874,2.45399,0,90.6362,2.9736,89.8037,0.84672,12.849,0.84672,3695.15,0,0,0,1.03129,1.15482,9.74281,0.693437,11.2355,0.42336,0,0.42336,460.49,0,0.992363,0,0,2.02365,1.03129,1.028160,1,0,101.797,0,0,0,101.797,0
72.29,1.76107,0,0,2.98061,0.294412,0.925129,3.6288,61.308,0.0437918,0,0,1.10932,0.164257,0.901275,0.66528,12.849,1,0.313017,0.925129,0,62.7648,2.9736,60.4033,0.84672,12.849,0.84672,3695.15,0,0,0,0.558835,1.15521,6.87986,0.693437,7.90046,0.42336,0,0.42336,460.49,0,0.948845,0,0,1.50768,0.558835,1.028160,1,0,69.205,0,0,0,69.205,0
72.29,1.76187,0,0,4.01335,0.282677,1.9688,3.6288,61.308,0,0,0,2.0038,0.166337,1.83746,0.66528,12.849,1,0.313159,1.9688,0,103.212,3.00414,101.863,0.84672,12.849,0.84672,3695.15,0,0,0,1.39559,1.15559,8.66246,0.698452,10.5152,0.42336,0,0.42336,460.49,0,0.99291,0,0,2.3885,1.39559,1.028160,1,0,114.216,0,0,0,114.216,0
72.29,1.76267,0,0,3.87347,0.267621,1.84318,3.6288,61.308,0,0,0,1.53436,0.166411,1.36795,0.66528,12.849,1,0.313301,1.84318,0,66.9613,3.00341,65.4878,0.84672,12.849,0.84672,3695.15,0,0,0,0.935523,1.15598,7.41448,0.675489,8.83049,0.42336,0,0.42336,460.49,0,0.993184,0,0,1.92871,0.935523,1.028160,1,0,75.6862,0,0,0,75.6862,0
72.29,1.83729,0,0,3.3469,0.350255,1.15936,3.6288,61.308,0,0,0,0.936492,0.149792,0.7867,0.66528,12.849,1,0.326563,1.15936,0,47.7429,2.77962,45.7961,0.84672,12.849,0.84672,3695.15,0,0,0,0.873129,1.15637,6.43388,0.604707,7.85867,0.42336,0,0.42336,460.49,0,1.02125,0,0,1.89438,0.873129,1.028160,1,0,54.4415,0,0,0,54.4415,0
72.29,1.83812,0,0,3.06945,0.349035,0.882297,3.6288,61.308,0.411821,0,0,0.780494,0.155447,0.213227,0.66528,12.849,1,0.326711,0.882297,0,55.2588,2.87511,52.9392,0.84672,12.849,0.84672,3695.15,0,0,0,0.528595,1.19452,6.07665,0.661594,7.13818,0.42336,0,0.42336,460.49,0,0.609716,0,0,1.13831,0.528595,1.028160,1,0,60.2906,0,0,0,60.2906,0
72.29,1.83895,0,0,3.04534,0.349035,0.857361,3.6288,61.308,0,0,0,1.29088,0.155447,1.13543,0.66528,12.849,1,0.326859,0.857361,0,56.4735,2.87511,54.1288,0.84672,12.849,0.84672,3695.15,0,0,0,1.37932,1.19493,8.81645,0.661594,10.7291,0.42336,0,0.42336,460.49,0,1.02182,0,0,2.40114,1.37932,1.028160,1,0,65.9934,0,0,0,65.9934,0
72.29,1.83978,0,0,2.71966,0.336372,0.543508,3.6288,61.308,0,0,0,1.1624,0.16212,1.00028,0.66528,12.849,1,0.327006,0.543508,0,57.3334,2.99805,54.5518,0.84672,12.849,0.84672,3695.15,0,0,0,0.709988,1.19533,7.49635,0.684362,8.71731,0.42336,0,0.42336,460.49,0,1.02211,0,0,1.7321,0.709988,1.028160,1,0,64.2694,0,0,0,64.2694,0
72.2327,1.8117,0,0,2.45068,0.333364,0.36288,3.6288,61.308,0,0,0,0.792323,0.203029,0.589294,0.66528,12.849,1,0.322016,0.36288,0,43.1662,3.69558,39.5115,0.84672,12.849,0.84672,3695.15,0,0,0,0.678309,1.19573,6.06822,0.866728,7.07553,0.42336,0,0.42336,460.49,0,1.01158,0,0,1.68989,0.678309,1.028160,1,0,47.1763,0,0,0,47.1763,0
72.1054,1.8123,0,0,2.32771,0.279862,0.36288,3.6288,61.308,0,0,0,0.73516,0.233692,0.501468,0.66528,12.849,1,0.322378,0.36288,0,41.3275,3.95797,37.4101,0.84672,12.849,0.84672,3695.15,0,0,0,0.631441,1.18141,5.82605,0.890421,6.74847,0.42336,0,0.42336,460.49,0,1.01186,0,0,1.6433,0.631441,1.028160,1,0,44.66,0,0,0,44.66,0
71.9247,1.81264,0,0,2.27441,0.279591,0.36288,3.6288,61.308,0,0,0,0.825085,0.233692,0.591393,0.66528,12.849,1,0.323008,0.36288,0,40.1236,3.95797,36.2055,0.84672,12.849,0.84672,3695.15,0,0,0,0.863766,1.1818,6.93548,0.890421,8.09063,0.42336,0,0.42336,460.49,0,1.01214,0,0,1.87591,0.863766,1.028160,1,0,44.8875,0,0,0,44.8875,0
71.7287,1.81277,0,0,2.25888,0.279207,0.36288,3.6288,61.308,0,0,0,0.820973,0.233692,0.58728,0.66528,12.849,1,0.323842,0.36288,0,39.3082,3.95797,35.3893,0.84672,12.849,0.84672,3695.15,0,0,0,0.591947,1.1822,5.89751,0.890421,6.78124,0.42336,0,0.42336,460.49,0,1.01242,0,0,1.60437,0.591947,1.028160,1,0,42.7578,0,0,0,42.7578,0
71.1403,1.911,0,0,1.95772,0.2723,0.36288,3.6288,61.308,0.0229472,0,0,0.619099,0.216279,0.379873,0.66528,12.849,1,0.342323,0.36288,0,32.9736,3.58037,29.4138,0.84672,12.849,0.84672,3695.15,0,0,0,0.485482,1.1826,5.08514,0.931653,5.82157,0.42336,0,0.42336,460.49,0,1.02816,0,0,1.51364,0.485482,1.028160,1,0,35.6152,0,0,0,35.6152,0
70.2454,1.90946,0,0,1.60684,0.229414,0.36288,3.6288,61.308,0.0606808,0,0,0.569391,0.233976,0.274734,0.66528,12.849,1,0.344877,0.36288,0,25.0822,4.29124,20.8089,0.84672,12.849,0.84672,3695.15,0,0,0,0.402797,1.23436,4.11918,0.896969,4.85937,0.42336,0,0.42336,460.49,0,0.990723,0,0,1.39352,0.402797,1.028160,1,0,25.943,0,0,0,25.943,0
69.3077,1.9066,0,0,1.55968,0.227843,0.36288,3.6288,61.308,0.0235402,0,0,0.604675,0.233976,0.347158,0.66528,12.849,1,0.348748,0.36288,0,23.9069,4.29124,19.6298,0.84672,12.849,0.84672,3695.15,0,0,0,0.349384,1.23478,4.38196,0.896969,5.06915,0.42336,0,0.42336,460.49,0,1.02816,0,0,1.37754,0.349384,1.028160,1,0,25.0461,0,0,0,25.0461,0
68.2948,1.90347,0,0,1.47967,0.226196,0.36288,3.6288,61.308,0.034274,0,0,0.587597,0.233976,0.319347,0.66528,12.849,1,0.352886,0.36288,0,22.4541,4.29124,18.1728,0.84672,12.849,0.84672,3695.15,0,0,0,0.30119,1.2352,4.05138,0.896969,4.6908,0.42336,0,0.42336,460.49,0,1.01772,0,0,1.31891,0.30119,1.028160,1,0,23.183,0,0,0,23.183,0
67.1755,1.89992,0,0,1.35676,0.213316,0.36288,3.6288,61.308,0.168819,0,0,0.543326,0.239263,0.135244,0.66528,12.849,1,0.357451,0.36288,0,20.5258,4.39594,16.1353,0.84672,12.849,0.84672,3695.15,0,0,0,0.30119,1.23561,3.76537,0.930139,4.37204,0.42336,0,0.42336,460.49,0,0.883475,0,0,1.18466,0.30119,1.028160,1,0,20.6426,0,0,0,20.6426,0
65.9303,1.87652,0,0,1.13969,0.145421,0.36288,3.6288,61.0369,0.472282,0,0,0.472215,0.270986,0,0.66528,12.849,1,0.358931,0.36288,0,17.6849,5.02415,12.6647,0.84672,12.849,0.84672,3695.15,0,0,0,0.30119,1.23603,2.62038,1.12916,3.02844,0.42336,0,0.42336,460.49,0,0.601456,0,0,0.902647,0.30119,1.028160,1,0,15.6931,0,0,0,15.6931,0
64.5883,1.87169,0,0,1.03648,0.143992,0.36288,3.6288,60.7825,0.444369,0,0,0.460465,0.270522,0,0.66528,12.849,1,0.364768,0.36288,0,17.3387,5.02415,12.3126,0.84672,12.849,0.84672,3695.15,0,0,0,0.261274,1.24849,2.51078,1.12916,2.89139,0.42336,0,0.42336,460.49,0,0.629675,0,0,0.890948,0.261274,1.028160,1,0,15.204,0,0,0,15.204,0
63.1575,1.8662,0,0,0.940758,0.142451,0.36288,3.6288,60.3993,0.545149,0,0,0.431991,0.270086,0,0.66528,12.849,1,0.371257,0.36288,0,15.4502,5.02415,10.4177,0.84672,12.849,0.84672,3695.15,0,0,0,0.261274,1.24892,2.42886,1.12916,2.80989,0.42336,0,0.42336,460.49,0,0.5292,0,0,0.790474,0.261274,1.028160,1,0,13.2276,0,0,0,13.2276,0
61.7173,1.86005,0,0,0.892547,0.109796,0.36288,3.6288,59.9164,0.542362,0,0,0.405215,0.345772,0,0.66528,12.849,1,0.378415,0.36288,0,13.8973,6.0122,7.86954,0.84672,12.849,0.84672,3695.15,0,0,0,0.261274,1.24934,2.30185,1.48982,2.32265,0.42336,0,0.42336,460.49,0,0.532293,0,0,0.793567,0.261274,1.028160,1,0,10.1922,0,0,0,10.1922,0
60.1385,1.90267,0,0,0.79386,0.107081,0.36288,3.6288,59.3076,0.674338,0,0,0.398661,0.333057,0,0.66528,12.849,1,0.396119,0.36288,0,14.6852,5.81292,8.83908,0.84672,12.849,0.84672,3695.15,0,0,0,0.261274,1.24977,2.05268,1.47989,2.08384,0.42336,0,0.42336,460.49,0,0.4195,0,0,0.680773,0.261274,1.028160,1,0,10.9229,0,0,0,10.9229,0
58.4886,1.89495,0,0,0.712947,0.105102,0.36288,3.6288,58.6191,0.692166,0,0,0.330736,0.327121,0,0.66528,12.849,1,0.404869,0.36288,0,12.4237,5.73321,6.64852,0.84672,12.849,0.84672,3695.15,0,0,0,0.261274,1.27589,1.96849,1.47591,2.02974,0.42336,0,0.42336,460.49,0,0.401985,0,0,0.663258,0.261274,1.028160,1,0,8.67826,0,0,0,8.67826,0
56.8023,1.88643,0,0,0.666472,0.103446,0.36288,3.6288,57.8837,0.715685,0,0,0.306005,0.325679,0,0.66528,12.849,1,0.414418,0.36288,0,11.8132,5.73321,6.02846,0.84672,12.849,0.84672,3695.15,0,0,0,0.227405,1.27633,1.72728,1.47591,1.7551,0.42336,0,0.42336,460.49,0,0.378779,0,0,0.606184,0.227405,1.028160,1,0,7.78357,0,0,0,7.78357,0
55.1179,1.87724,0,0,0.657519,0.101753,0.36288,3.6288,57.2155,0.675138,0,0,0.331069,0.324139,0,0.66528,12.849,1,0.424641,0.36288,0,10.9614,5.73321,5.16642,0.84672,12.849,0.84672,3695.15,0,0,0,0.227405,1.27676,1.95335,1.47591,1.9816,0.42336,0,0.42336,460.49,0,0.41964,0,0,0.647044,0.227405,1.028160,1,0,7.14803,0,0,0,7.14803,0
53.2841,2.00865,0,0,0.623429,0.0856788,0.36288,3.6288,56.4796,0.758798,0,0,0.324363,0.301432,0,0.66528,12.849,1,0.468253,0.36288,0,10.3524,5.77394,4.47305,0.84672,12.849,0.84672,3695.15,0,0,0,0.227405,1.2772,2.22295,1.48543,2.24212,0.42336,0,0.42336,460.49,0,0.404539,0,0,0.631944,0.227405,1.028160,1,0,6.71517,0,0,0,6.71517,0
51.1979,1.99655,0,0,0.359426,0.0862139,0.36288,3.6288,55.462,0.973577,0,0,0.238819,0.282882,0,0.66528,12.3765,1,0.481451,0.36288,0,7.49278,5.26375,3.20544,0.84672,12.3765,0.84672,3694.53,0,0,0,0.227405,1.36297,1.44331,1.34177,1.69191,0.42336,0,0.42336,460.49,0,0.190101,0,0,0.417506,0.227405,1.028160,1,0,4.89735,0,0,0,4.89735,0
49.138,1.99647,0,0,0.383824,0.0843758,0.36288,3.6288,54.5068,0.916297,0,0,0.242125,0.281005,0,0.66528,11.9029,1,0.482626,0.36288,0,7.49114,5.26375,3.20544,0.84672,11.9029,0.84672,3693.9,0,0,0,0.204422,1.36344,1.74316,1.34177,1.96925,0.42336,0,0.42336,460.49,0,0.247721,0,0,0.452143,0.204422,1.028160,1,0,5.17469,0,0,0,5.17469,0
47.1289,1.99656,0,0,0.432868,0.0825578,0.36288,3.6288,53.548,0.929854,0,0,0.250227,0.279243,0,0.66528,11.4271,1,0.483635,0.36288,0,7.16576,5.26375,3.20544,0.84672,11.4271,0.84672,3692.96,0,0,0,0.204422,1.3639,1.9376,1.34177,2.16415,0.42336,0,0.42336,460.49,0,0.234505,0,0,0.438928,0.204422,1.028160,1,0,5.36959,0,0,0,5.36959,0
44.9941,1.99708,0,0,0.313915,0.0887463,0.36288,3.6288,52.53,0.956231,0,0,0.215797,0.277526,0,0.66528,10.9495,1,0.484221,0.36288,0,6.87131,5.30815,3.20544,0.84672,10.9495,0.84672,3691.67,0,0,0,0.204422,1.36437,1.37901,1.33308,1.61473,0.42336,0,0.42336,460.49,0,0.208469,0,0,0.412891,0.204422,1.028160,1,0,4.82017,0,0,0,4.82017,0
42.9805,1.92819,0,0,0.374959,0.0974987,0.36288,3.6288,51.6137,0.92188,0,0,0.271233,0.265634,0,0.66528,10.4857,1,0.469236,0.36288,0,6.58947,5.39952,3.20544,0.84672,10.4857,0.84672,3690.01,0,0,0,0.204422,1.36484,1.67548,1.33395,1.9108,0.42336,0,0.42336,460.49,0,0.201654,0,0,0.406077,0.204422,1.028160,1,0,5.11624,0,0,0,5.11624,0
40.9179,1.92811,0,0,0.323725,0.0952838,0.36288,3.6288,51.1018,0.640896,0,0,0.392695,0.263679,0,0.66528,10.0176,1,0.470389,0.36288,0,5.70337,5.39952,3.20544,0.84672,10.0176,0.84672,3687.47,0,0,0,0.216518,1.31732,1.90936,1.33395,2.10926,0.42336,0,0.42336,460.49,0,0.482962,0,0,0.699481,0.216518,1.028160,1,0,5.3147,0,0,0,5.3147,0
38.8153,1.92764,0,0,0.280928,0.093015,0.36288,3.6288,50.1233,0.933225,0,0,0.217306,0.262588,0,0.66528,9.54853,1,0.471928,0.36288,0,5.85625,5.39952,3.20544,0.84672,9.54853,0.84672,3685.08,0,0,0,0.216518,1.31777,1.41626,1.33395,1.6166,0.42336,0,0.42336,460.49,0,0.190958,0,0,0.407476,0.216518,1.028160,1,0,4.82204,0,0,0,4.82204,0
36.7083,1.92667,0,0,0.273274,0.0907497,0.36288,3.6288,49.0954,0.968418,0,0,0.201031,0.2605,0,0.66528,9.07565,1,0.473959,0.36288,0,5.34955,5.39952,3.20544,0.84672,9.07565,0.84672,3682.19,0,0,0,0.216518,1.31822,1.3916,1.33395,1.5924,0.42336,0,0.42336,460.49,0,0.156089,0,0,0.372608,0.216518,1.028160,1,0,4.79784,0,0,0,4.79784,0
35.018,1.86961,0,0,0.714252,0.172088,0.36288,3.6288,48.3859,0.822556,0,0,0.289471,0.176471,0,0.66528,8.63775,1,0.462236,0.36288,0,10.8299,4.17129,3.20544,0.84672,8.63775,0.84672,3685.98,0,0,0,0.216518,1.31867,1.62866,1.04568,2.11817,0.42336,0,0.42336,460.49,0,0.264436,0,0,0.480954,0.216518,1.028160,1,0,5.32361,0,0,0,5.32361,0
33.3191,1.8713,0,0,0.694233,0.158893,0.36288,3.6288,47.4551,0.941703,0,0,0.197859,0.186972,0,0.66528,8.1951,1,0.461586,0.36288,0,9.44413,4.34017,3.20544,0.84672,8.1951,0.84672,3688.22,0,0,0,0.216518,1.2768,1.34898,1.17019,1.6721,0.42336,0,0.42336,460.49,0,0.145599,0,0,0.362117,0.216518,1.028160,1,0,4.87754,0,0,0,4.87754,0
31.9724,1.8732,0,0,1.04498,0.155619,0.36288,3.6288,47.415,0.33372,0,0,0.479136,0.185526,0,0.66528,8.35014,1,0.460727,0.36288,0,14.7268,4.34017,3.20544,0.84672,8.35014,0.84672,3695.15,0,0,0,0.292723,1.27723,2.73536,1.17019,3.13513,0.42336,0,0.42336,460.49,0,0.753892,0,0,1.04662,0.292723,1.028160,1,0,6.34057,0,0,0,6.34057,0
32.135,1.85143,0,0,2.5299,0.153024,0.36288,3.6288,48.2431,0.0597614,0,0,1.07342,0.185464,0,0.66528,12.849,1,0.483533,0.36288,0,38.5939,4.34017,29.6342,0.84672,12.849,0.84672,3695.15,0,0,0,0.618699,1.27767,4.13801,1.17019,4.86418,0.42336,0,0.42336,460.49,0,1.02816,0,0,1.64686,0.618699,1.028160,1,0,34.4984,0,0,0,34.4984,0
31.5563,1.52681,0,0,1.50395,0.192919,0.36288,3.6288,48.114,0.486985,0,0,0.528479,0.170652,0,0.66528,12.849,1,0.610488,0.36288,0,18.0607,3.86065,13.9524,0.84672,12.849,0.84672,3695.15,0,0,0,0.292723,1.2781,2.682,1.00369,3.24914,0.42336,0,0.42336,460.49,0,0.522312,0,0,0.815035,0.292723,1.028160,1,0,17.2016,0,0,0,17.2016,0
31.265,1.51954,0,0,1.8053,0.214176,0.36288,3.6288,47.7804,0.400746,0,0,0.268929,0.201769,0,0.66528,12.849,1,0.618722,0.36288,0,13.9083,3.77022,9.88226,0.84672,12.849,0.84672,3695.15,0,0,0,0.292723,1.18031,2.89428,0.91645,3.45087,0.42336,0,0.42336,460.49,0,0.60883,0,0,0.901553,0.292723,1.028160,1,0,13.3331,0,0,0,13.3331,0
31.3777,1.51614,0,0,2.18738,0.195665,0.36288,3.6288,47.5373,0.324668,0,0,0.279666,0.198135,0,0.66528,12.849,1,0.623088,0.36288,0,17.2145,4.05981,12.8945,0.84672,12.849,0.84672,3695.15,0,0,0,0.412474,1.18071,3.59064,0.968368,4.21545,0.42336,0,0.42336,460.49,0,0.685187,0,0,1.09766,0.412474,1.028160,1,0,17.1099,0,0,0,17.1099,0
31.8079,1.51841,0,0,2.50906,0.197564,0.36288,3.6288,46.9273,0.657896,0,0,0.240792,0.192872,0,0.66528,12.849,1,0.62178,0.36288,0,19.9924,4.06234,15.6712,0.84672,12.849,0.84672,3695.15,0,0,0,0.412474,1.18111,2.98561,0.984158,3.59503,0.42336,0,0.42336,460.49,0,0.352238,0,0,0.764712,0.412474,1.028160,1,0,19.2662,0,0,0,19.2662,0
32.857,1.52509,0,0,3.13564,0.198643,0.36288,3.6288,46.564,0.692109,0,0,0.520671,0.191888,0,0.66528,12.849,1,0.616068,0.36288,0,24.9915,4.06234,20.676,0.84672,12.849,0.84672,3695.15,0,0,0,0.412474,1.1815,3.05783,0.984158,3.66765,0.42336,0,0.42336,460.49,0,0.318304,0,0,0.730777,0.412474,1.028160,1,0,24.3437,0,0,0,24.3437,0
35.8528,1.59496,0,0,5.16583,0.212186,0.36288,3.6288,47.4746,0.0054283,0,0,1.13154,0.215443,0,0.66528,12.849,1,0.623721,0.36288,0,64.9994,4.64347,60.0951,0.84672,12.849,0.84672,3695.15,0,0,0,0.636353,1.1819,6.70571,1.3191,7.20487,0.42336,0,0.42336,460.49,0,1.02816,0,0,1.66451,0.636353,1.028160,1,0,67.3,0,0,0,67.3,0
38.902,1.63403,0,0,5.26813,0.221989,0.36288,3.6288,48.7803,0.00570766,0,0,1.53257,0.221187,0,0.66528,12.849,1,0.585608,0.36288,0,76.0795,4.74033,71.1165,0.84672,12.849,0.84672,3695.15,0,0,0,1.04863,1.21433,8.06915,1.37492,8.95719,0.42336,0,0.42336,460.49,0,1.02816,0,0,2.07679,1.04863,1.028160,1,0,80.0737,0,0,0,80.0737,0
40.5238,1.66926,0,0,3.88409,0.230117,0.36288,3.6288,49.7615,0.00598703,0,0,1.21081,0.223604,0,0.66528,12.849,1,0.551343,0.36288,0,68.1143,4.74033,63.1855,0.84672,12.849,0.84672,3695.15,0,0,0,0.707711,1.21473,8.33941,1.37492,8.88693,0.42336,0,0.42336,460.49,0,1.02816,0,0,1.73587,0.707711,1.028160,1,0,72.0724,0,0,0,72.0724,0
42.088,1.68675,0,0,3.82246,0.208616,0.36288,3.6288,50.5205,0.0467363,0,0,1.0381,0.232349,0,0.66528,12.849,1,0.534821,0.36288,0,72.0479,4.60266,67.2733,0.84672,12.849,0.84672,3695.15,0,0,0,0.503194,1.21512,7.57935,1.24712,8.05055,0.42336,0,0.42336,460.49,0,0.98769,0,0,1.49088,0.503194,1.028160,1,0,75.3239,0,0,0,75.3239,0
44.7716,1.89139,0,0,5.15833,0.220484,0.36288,3.6288,51.617,0.0926497,0,0,1.40675,0.21759,0,0.66528,12.849,1,0.577419,0.36288,0,92.1084,4.02033,87.8736,0.84672,12.849,0.84672,3695.15,0,0,0,1.13671,1.21552,7.45511,1.0293,8.77804,0.42336,0,0.42336,460.49,0,1.02816,0,0,2.16487,1.13671,1.028160,1,0,96.6516,0,0,0,96.6516,0
50.1284,1.9191,0,0,7.84927,0.210498,0.36288,3.6288,53.2413,0.0929622,0,0,1.92804,0.210829,0,0.66528,12.849,1,0.550763,0.36288,0,170.657,3.76005,166.709,0.84672,12.849,0.84672,3695.15,0,0,0,2.11885,1.32859,8.42988,1.07167,10.8056,0.42336,0,0.42336,460.49,0,1.02816,0,0,3.14701,2.11885,1.028160,1,0,177.515,0,0,0,177.515,0
53.6076,1.96679,0,0,6.03656,0.227712,0.36288,3.6288,54.0973,0.0932748,0,0,1.16018,0.210865,0,0.66528,12.849,1,0.504132,0.36288,0,115.126,3.75075,111.234,0.84672,12.849,0.84672,3695.15,0,0,0,1.40553,1.32903,7.30987,1.05438,8.99006,0.42336,0,0.42336,460.49,0,1.02816,0,0,2.43369,1.40553,1.028160,1,0,120.224,0,0,0,120.224,0
56.9784,1.99404,0,0,5.99166,0.263916,0.36288,3.6288,54.8202,0.0935874,0,0,1.01217,0.195722,0,0.66528,12.849,1,0.477944,0.36288,0,82.3625,3.69495,78.5525,0.84672,12.849,0.84672,3695.15,0,0,0,1.76939,1.32947,7.15686,0.950603,9.30511,0.42336,0,0.42336,460.49,0,1.02816,0,0,2.79755,1.76939,1.028160,1,0,87.8576,0,0,0,87.8576,0
60.5942,1.73091,0,0,5.97974,0.270147,0.36288,3.6288,55.6898,0,0,0,1.07282,0.203219,0,0.66528,12.849,1,0.390331,0.36288,0,76.8128,3.65737,73.128,0.84672,12.849,0.84672,3695.15,0,0,0,1.94337,1.32991,8.16257,0.936525,10.4993,0.42336,0,0.42336,460.49,0,1.00633,0,0,2.9497,1.94337,1.028160,1,0,83.6273,0,0,0,83.6273,0
63.9923,1.75089,0,0,5.78766,0.275764,0.36288,3.6288,56.6881,0,0,0,1.21149,0.213181,0,0.66528,12.849,1,0.371275,0.36288,0,76.807,3.60727,73.1913,0.84672,12.849,0.84672,3695.15,0,0,0,2.01427,1.17501,9.17896,0.917754,11.4505,0.42336,0,0.42336,460.49,0,1.0066,0,0,3.02087,2.01427,1.028160,1,0,84.6418,0,0,0,84.6418,0
68.9942,1.76808,0,0,7.41639,0.283567,0.36288,3.6288,58.1825,0,0,0,1.70896,0.214576,0,0.66528,12.849,1,0.355011,0.36288,0,113.53,3.60727,109.931,0.84672,12.849,0.84672,3695.15,0,0,0,2.85119,1.17539,11.2965,0.917754,14.4053,0.42336,0,0.42336,460.49,0,1.00687,0,0,3.85806,2.85119,1.028160,1,0,124.336,0,0,0,124.336,0
72.29,1.79055,0,0,6.55073,0.295052,1.16934,3.6288,59.5025,0,0,0,1.53663,0.216664,0,0.66528,12.849,1,0.33346,1.16934,0,108.783,3.60727,106.011,0.84672,12.849,0.84672,3695.15,0,0,0,2.20033,1.17577,9.13913,0.917754,11.5975,0.42336,0,0.42336,460.49,0,1.00714,0,0,3.20747,2.20033,1.028160,1,0,117.609,0,0,0,117.609,0
72.29,1.80425,0,0,6.86894,0.305099,4.75959,3.6288,61.039,0,0,0,1.75353,0.217022,0,0.66528,12.849,1,0.320691,4.75959,0,125.776,3.7809,126.434,0.84672,12.849,0.84672,3695.15,0,0,0,2.95799,1.17615,10.8543,0.927419,14.061,0.42336,0,0.42336,460.49,0,1.00741,0,0,3.9654,2.95799,1.028160,1,0,140.495,0,0,0,140.495,0
72.29,1.88037,0,0,6.21404,0.294161,4.03951,3.6288,61.308,0.00788103,0,0,1.05446,0.175298,0.602246,0.66528,12.849,1,0.334221,4.03951,0,87.1137,4.36023,86.4587,0.84672,12.849,0.84672,3695.15,0,0,0,1.44857,1.17654,8.05274,0.855002,9.82285,0.42336,0,0.42336,460.49,0,1.02816,0,0,2.47673,1.44857,1.028160,1,0,96.8838,0,0,0,96.8838,0
72.29,1.88118,0,0,7.19516,0.308525,5.00545,3.6288,61.308,0.00816081,0,0,1.31846,0.194787,1.11551,0.66528,12.849,1,0.334366,5.00545,0,101.955,3.8052,102.82,0.84672,12.849,0.84672,3695.15,0,0,0,1.8791,1.21546,9.00478,0.854094,11.2453,0.42336,0,0.42336,460.49,0,1.02816,0,0,2.90726,1.8791,1.028160,1,0,115.181,0,0,0,115.181,0
72.29,1.882,0,0,9.64855,0.308525,7.45803,3.6288,61.308,0.00844066,0,0,1.84138,0.194787,1.63816,0.66528,12.849,1,0.334511,7.45803,0,139.708,3.8052,143.026,0.84672,12.849,0.84672,3695.15,0,0,0,3.60602,1.21586,12.9924,0.854094,16.9602,0.42336,0,0.42336,460.49,0,1.02816,0,0,4.63418,3.60602,1.028160,1,0,161.625,0,0,0,161.625,0
72.29,1.88281,0,0,7.02276,0.308525,4.83143,3.6288,61.308,0.00872062,0,0,1.46092,0.194787,1.25741,0.66528,12.849,1,0.334656,4.83143,0,98.8079,3.8052,99.4995,0.84672,12.849,0.84672,3695.15,0,0,0,2.06347,1.21625,10.0299,0.854094,12.4555,0.42336,0,0.42336,460.49,0,1.02816,0,0,3.09163,2.06347,1.028160,1,0,113.212,0,0,0,113.212,0
72.29,1.85413,0,0,5.34907,0.255368,3.23957,3.6288,61.308,0,0,0,1.00816,0.213131,0.795028,0.66528,12.849,1,0.329557,3.23957,0,87.1724,4.39357,85.6889,0.84672,12.849,0.84672,3695.15,0,0,0,1.58022,1.21665,7.20092,0.974516,9.02328,0.42336,0,0.42336,460.49,0,1.02613,0,0,2.60635,1.58022,1.028160,1,0,95.5072,0,0,0,95.5072,0
72.29,1.85493,0,0,4.37722,0.234105,2.28819,3.6288,61.308,0,0,0,0.901178,0.220468,0.680709,0.66528,12.849,1,0.3297,2.28819,0,79.6902,4.62892,77.0197,0.84672,12.849,0.84672,3695.15,0,0,0,1.31316,1.20201,6.4448,1.02268,7.93729,0.42336,0,0.42336,460.49,0,1.0264,0,0,2.33957,1.31316,1.028160,1,0,85.6377,0,0,0,85.6377,0
72.29,1.85574,0,0,3.89407,0.234105,1.80422,3.6288,61.308,0,0,0,0.806363,0.220468,0.585894,0.66528,12.849,1,0.329843,1.80422,0,68.3312,4.62892,65.1766,0.84672,12.849,0.84672,3695.15,0,0,0,1.02022,1.2024,5.51058,1.02268,6.71052,0.42336,0,0.42336,460.49,0,1.02668,0,0,2.0469,1.02022,1.028160,1,0,72.473,0,0,0,72.473,0
72.29,1.85654,0,0,3.57018,0.221142,1.49249,3.6288,61.308,0,0,0,0.729587,0.203402,0.526185,0.66528,12.849,1,0.329986,1.49249,0,62.6953,4.27505,59.5828,0.84672,12.849,0.84672,3695.15,0,0,0,0.871478,1.20279,5.1497,0.93293,6.29104,0.42336,0,0.42336,460.49,0,1.02695,0,0,1.89843,0.871478,1.028160,1,0,66.4,0,0,0,66.4,0
72.29,1.95763,0,0,3.48727,0.208769,1.32086,3.6288,61.308,0.0382589,0,0,0.723652,0.200606,0.484787,0.66528,12.849,1,0.347955,1.32086,0,60.1563,4.13855,56.9906,0.84672,12.849,0.84672,3695.15,0,0,0,0.832671,1.20318,4.79653,0.878171,5.95421,0.42336,0,0.42336,460.49,0,1.02816,0,0,1.86083,0.832671,1.028160,1,0,63.4296,0,0,0,63.4296,0
72.29,1.95848,0,0,3.2663,0.198212,1.10961,3.6288,61.308,0.03855,0,0,0.750799,0.257523,0.454726,0.66528,12.849,1,0.348105,1.10961,0,45.459,5.09624,41.1243,0.84672,12.849,0.84672,3695.15,0,0,0,0.875154,1.25598,4.55163,1.09116,5.5916,0.42336,0,0.42336,460.49,0,1.02816,0,0,1.90331,0.875154,1.028160,1,0,47.1706,0,0,0,47.1706,0
72.29,1.95932,0,0,3.03143,0.141125,0.930983,3.6288,61.308,0.0388411,0,0,0.689558,0.275067,0.37565,0.66528,12.849,1,0.348255,0.930983,0,34.7646,5.39459,29.9527,0.84672,12.849,0.84672,3695.15,0,0,0,0.618736,1.25639,4.33947,1.21793,4.99667,0.42336,0,0.42336,460.49,0,1.02816,0,0,1.6469,0.618736,1.028160,1,0,35.3251,0,0,0,35.3251,0
72.29,1.96017,0,0,2.91117,0.141125,0.809879,3.6288,61.308,0.0391323,0,0,0.682318,0.275067,0.368118,0.66528,12.849,1,0.348405,0.809879,0,32.2675,5.39459,27.3344,0.84672,12.849,0.84672,3695.15,0,0,0,0.624551,1.2568,4.16448,1.21793,4.82791,0.42336,0,0.42336,460.49,0,1.02816,0,0,1.65271,0.624551,1.028160,1,0,32.5305,0,0,0,32.5305,0
72.29,1.96101,0,0,2.76281,0.146042,0.65576,3.6288,61.308,0.0394236,0,0,0.671518,0.273751,0.358344,0.66528,12.849,1,0.348555,0.65576,0,30.9096,5.30997,25.9068,0.84672,12.849,0.84672,3695.15,0,0,0,0.759465,1.25722,3.8983,1.22119,4.69379,0.42336,0,0.42336,460.49,0,1.02816,0,0,1.78762,0.759465,1.028160,1,0,30.959,0,0,0,30.959,0
72.29,1.94198,0,0,2.89022,0.116942,0.831292,3.6288,61.308,0.0612944,0,0,0.868847,0.233334,0.574219,0.66528,12.849,1,0.345173,0.831292,0,49.572,4.85761,45.2005,0.84672,12.849,0.84672,3695.15,0,0,0,1.45817,1.25763,4.94851,1.15326,6.51104,0.42336,0,0.42336,460.49,0,1.02816,0,0,2.48633,1.45817,1.028160,1,0,52.2858,0,0,0,52.2858,0
72.29,1.94282,0,0,2.65602,0.116942,0.596259,3.6288,61.308,0.0615941,0,0,0.843869,0.233334,0.548941,0.66528,12.849,1,0.345322,0.596259,0,48.7891,4.85761,44.1825,0.84672,12.849,0.84672,3695.15,0,0,0,1.45924,1.27033,4.98995,1.15326,6.56624,0.42336,0,0.42336,460.49,0,1.02816,0,0,2.4874,1.45924,1.028160,1,0,51.2976,0,0,0,51.2976,0
72.2842,1.94366,0,0,2.41764,0.116942,0.36288,3.6288,61.308,0.0618938,0,0,0.789255,0.233334,0.494028,0.66528,12.849,1,0.345471,0.36288,0,46.8375,4.85761,41.9973,0.84672,12.849,0.84672,3695.15,0,0,0,1.12701,1.27074,4.6876,1.15326,5.93208,0.42336,0,0.42336,460.49,0,1.02816,0,0,2.15517,1.12701,1.028160,1,0,48.4234,0,0,0,48.4234,0
72.0972,1.94447,0,0,2.22308,0.102659,0.36288,3.6288,61.308,0.0621936,0,0,0.753546,0.266241,0.425112,0.66528,12.849,1,0.345643,0.36288,0,41.5229,5.28106,36.2591,0.84672,12.849,0.84672,3695.15,0,0,0,1.11627,1.27116,4.51049,1.30783,5.59008,0.42336,0,0.42336,460.49,0,1.02816,0,0,2.14443,1.11627,1.028160,1,0,42.2743,0,0,0,42.2743,0
71.8583,1.99592,0,0,2.2072,0.0873611,0.36288,3.6288,61.308,0.0817548,0,0,0.691546,0.29576,0.314031,0.66528,12.849,1,0.355708,0.36288,0,36.8055,5.56421,31.2485,0.84672,12.849,0.84672,3695.15,0,0,0,1.05242,1.27157,4.01365,1.4477,4.88994,0.42336,0,0.42336,460.49,0,1.02816,0,0,2.08058,1.05242,1.028160,1,0,36.4525,0,0,0,36.4525,0
71.4786,1.99577,0,0,2.06906,0.0900909,0.36288,3.6288,61.308,0.082062,0,0,0.647689,0.284992,0.280635,0.66528,12.849,1,0.356865,0.36288,0,35.1079,5.35311,29.7609,0.84672,12.849,0.84672,3695.15,0,0,0,1.01542,1.29822,3.92632,1.39804,4.84192,0.42336,0,0.42336,460.49,0,1.02816,0,0,2.04358,1.01542,1.028160,1,0,34.8834,0,0,0,34.8834,0
70.8603,1.99502,0,0,1.82943,0.0898305,0.36288,3.6288,61.308,0.0823694,0,0,0.609711,0.284992,0.242349,0.66528,12.849,1,0.358626,0.36288,0,33.1643,5.35311,27.8154,0.84672,12.849,0.84672,3695.15,0,0,0,0.80371,1.29864,3.6834,1.39804,4.38771,0.42336,0,0.42336,460.49,0,1.02816,0,0,1.83187,0.80371,1.028160,1,0,32.4455,0,0,0,32.4455,0
70.0776,1.99323,0,0,1.65318,0.0797099,0.36288,3.6288,61.308,0.0826768,0,0,0.603694,0.290172,0.230845,0.66528,12.849,1,0.36143,0.36288,0,31.4377,5.50266,25.9365,0.84672,12.849,0.84672,3695.15,0,0,0,0.749062,1.29907,3.67523,1.42792,4.29544,0.42336,0,0.42336,460.49,0,1.02816,0,0,1.77722,0.749062,1.028160,1,0,30.4628,0,0,0,30.4628,0
68.9422,2.14069,0,0,1.4514,0.0832698,0.36288,3.6288,61.308,0.152614,0,0,0.601336,0.285711,0.163012,0.66528,12.849,1,0.392503,0.36288,0,29.7339,5.50218,24.2021,0.84672,12.849,0.84672,3695.15,0,0,0,0.7168,1.2995,3.69331,1.34125,4.36835,0.42336,0,0.42336,460.49,0,1.02816,0,0,1.74496,0.7168,1.028160,1,0,28.7334,0,0,0,28.7334,0
68.3239,2.13615,0,0,1.9589,0.0781968,0.36288,3.6288,61.308,0.152948,0,0,0.635309,0.314659,0.167702,0.66528,12.849,1,0.398121,0.36288,0,31.8726,5.78445,26.0529,0.84672,12.849,0.84672,3695.15,0,0,0,0.837069,1.38699,3.83263,1.51754,4.53915,0.42336,0,0.42336,460.49,0,1.02816,0,0,1.86523,0.837069,1.028160,1,0,30.7598,0,0,0,30.7598,0
67.899,2.13402,0,0,2.1498,0.0778204,0.36288,3.6288,61.308,0.153282,0,0,0.784522,0.314659,0.316582,0.66528,12.849,1,0.401325,0.36288,0,40.9906,5.78445,35.1677,0.84672,12.849,0.84672,3695.15,0,0,0,1.2892,1.38745,4.18096,1.51754,5.34008,0.42336,0,0.42336,460.49,0,1.02816,0,0,2.31736,1.2892,1.028160,1,0,40.8243,0,0,0,40.8243,0
67.0528,2.13282,0,0,1.72706,0.0775617,0.36288,3.6288,61.308,0.153616,0,0,0.567431,0.314659,0.0991562,0.66528,12.849,1,0.403608,0.36288,0,40.0544,5.78445,34.2293,0.84672,12.849,0.84672,3695.15,0,0,0,0.580668,1.38791,3.35635,1.51754,3.80739,0.42336,0,0.42336,460.49,0,1.02816,0,0,1.60883,0.580668,1.028160,1,0,38.1358,0,0,0,38.1358,0
66.6342,2.12945,0,0,2.15086,0.0770465,0.36288,3.6288,61.308,0.15395,0,0,0.969831,0.314659,0.501221,0.66528,12.849,1,0.408056,0.36288,0,36.5821,5.78445,30.7525,0.84672,12.849,0.84672,3695.15,0,0,0,2.01513,1.38837,5.18959,1.51754,7.07555,0.42336,0,0.42336,460.49,0,1.02816,0,0,3.04329,2.01513,1.028160,1,0,38.3293,0,0,0,38.3293,0
65.8224,2.05554,0,0,1.75245,0.145919,0.36288,3.6288,61.308,0.111942,0,0,0.457464,0.275857,0.0696648,0.66528,12.849,1,0.396367,0.36288,0,29.2883,5.17974,24.0751,0.84672,12.849,0.84672,3695.15,0,0,0,0.231258,1.38883,4.70735,1.35181,4.97562,0.42336,0,0.42336,460.49,0,1.02816,0,0,1.25942,0.231258,1.028160,1,0,29.1204,0,0,0,29.1204,0
64.9828,2.05232,0,0,1.73207,0.156427,0.36288,3.6288,61.308,0.11226,0,0,0.646336,0.26939,0.264686,0.66528,12.849,1,0.400628,0.36288,0,24.7486,5.07895,19.6319,0.84672,12.849,0.84672,3695.15,0,0,0,0.842927,1.34033,5.53238,1.32419,6.39145,0.42336,0,0.42336,460.49,0,1.02816,0,0,1.87109,0.842927,1.028160,1,0,26.288,0,0,0,26.288,0
63.9333,2.04887,0,0,1.51767,0.155379,0.36288,3.6288,61.308,0.112579,0,0,0.399506,0.26939,0.017537,0.66528,12.849,1,0.405123,0.36288,0,25.1275,5.07895,20.0063,0.84672,12.849,0.84672,3695.15,0,0,0,0.325832,1.34077,4.36146,1.32419,4.70387,0.42336,0,0.42336,460.49,0,1.02816,0,0,1.35399,0.325832,1.028160,1,0,24.7278,0,0,0,24.7278,0
62.6068,2.04421,0,0,1.23458,0.154069,0.36288,3.6288,61.0671,0.300377,0,0,0.328824,0.26939,0,0.66528,12.849,1,0.410835,0.36288,0,23.0743,5.07895,17.9474,0.84672,12.849,0.84672,3695.15,0,0,0,0.216518,1.34121,3.94076,1.32419,4.1743,0.42336,0,0.42336,460.49,0,0.840681,0,0,1.0572,0.216518,1.028160,1,0,22.1217,0,0,0,22.1217,0
61.6019,1.97873,0,0,1.49729,0.160504,0.36288,3.6288,61.0692,0.211153,0,0,0.432477,0.219137,0,0.66528,12.849,1,0.406102,0.36288,0,21.0959,4.53716,16.5155,0.84672,12.849,0.84672,3695.15,0,0,0,0.216518,1.34166,4.87599,1.05855,5.37562,0.42336,0,0.42336,460.49,0,0.891622,0,0,1.10814,0.216518,1.028160,1,0,21.8911,0,0,0,21.8911,0
61.1367,1.9741,0,0,2.10552,0.233791,0.36288,3.6288,61.1533,0.239623,0,0,0.499457,0.175766,0,0.66528,12.849,1,0.411759,0.36288,0,28.5424,4.41604,24.0775,0.84672,12.849,0.84672,3695.15,0,0,0,0.216518,1.29892,5.8626,1.00459,6.37345,0.42336,0,0.42336,460.49,0,0.863456,0,0,1.07997,0.216518,1.028160,1,0,30.4509,0,0,0,30.4509,0
60.2442,1.97235,0,0,1.69326,0.25049,0.36288,3.6288,60.9223,0.435658,0,0,0.378451,0.173819,0,0.66528,12.849,1,0.414526,0.36288,0,22.2394,4.43552,17.7523,0.84672,12.849,0.84672,3695.15,0,0,0,0.292723,1.29935,5.03826,1.0294,5.60094,0.42336,0,0.42336,460.49,0,0.667725,0,0,0.960448,0.292723,1.028160,1,0,23.3532,0,0,0,23.3532,0
60.8284,1.96813,0,0,3.1638,0.248617,0.36288,3.6288,61.308,0.0755269,0,0,1.03255,0.173565,0.397747,0.66528,12.849,1,0.419766,0.36288,0,44.3073,4.43552,39.8149,0.84672,12.849,0.84672,3695.15,0,0,0,1.91379,1.29977,11.115,1.0294,13.2992,0.42336,0,0.42336,460.49,0,1.02816,0,0,2.94195,1.91379,1.028160,1,0,53.5118,0,0,0,53.5118,0
63.96,1.80496,0,0,5.55602,0.256558,0.36288,3.6288,61.308,0,0,0,1.89195,0.184045,1.70791,0.66528,12.849,1,0.381269,0.36288,0,81.6437,4.48266,77.1426,0.84672,12.849,0.84672,3695.15,0,0,0,1.9977,1.3002,14.1975,1.07371,16.4217,0.42336,0,0.42336,460.49,0,1.02347,0,0,3.02117,1.9977,1.028160,1,0,95.2722,0,0,0,95.2722,0
63.6291,1.82129,0,0,2.15776,0.304534,0.36288,3.6288,61.308,0,0,0,1.26195,0.244383,1.01757,0.66528,12.849,1,0.365882,0.36288,0,46.0706,4.76553,41.302,0.84672,12.849,0.84672,3695.15,0,0,0,1.55493,1.20044,7.63975,1.3396,9.05551,0.42336,0,0.42336,460.49,0,1.02375,0,0,2.57868,1.55493,1.028160,1,0,51.3751,0,0,0,51.3751,0
63.5326,1.8205,0,0,2.39062,0.303717,0.36288,3.6288,61.308,0,0,0,1.31542,0.244383,1.07104,0.66528,12.849,1,0.367624,0.36288,0,48.188,4.76553,43.4178,0.84672,12.849,0.84672,3695.15,0,0,0,1.72021,1.20082,8.19826,1.3396,9.7797,0.42336,0,0.42336,460.49,0,1.02402,0,0,2.74423,1.72021,1.028160,1,0,54.2685,0,0,0,54.2685,0
63.2601,1.82082,0,0,2.2147,0.303479,0.36288,3.6288,61.308,0,0,0,1.12561,0.244383,0.881228,0.66528,12.849,1,0.368247,0.36288,0,36.7399,4.76553,31.969,0.84672,12.849,0.84672,3695.15,0,0,0,1.04555,1.20121,10.5971,1.3396,11.5043,0.42336,0,0.42336,460.49,0,1.0243,0,0,2.06984,1.04555,1.028160,1,0,44.3545,0,0,0,44.3545,0
63.5374,1.82029,0,0,2.73163,0.271207,0.36288,3.6288,61.308,0,0,0,1.69779,0.184661,1.51313,0.66528,12.849,1,0.369725,0.36288,0,48.2382,3.50166,44.7297,0.84672,12.849,0.84672,3695.15,0,0,0,1.78736,1.2016,8.84615,1.00226,10.8329,0.42336,0,0.42336,460.49,0,1.02457,0,0,2.81193,1.78736,1.028160,1,0,57.0756,0,0,0,57.0756,0
64.5496,1.88737,0,0,3.52401,0.261473,0.36288,3.6288,61.308,0.0200366,0,0,1.25696,0.220248,1.01668,0.66528,12.849,1,0.381678,0.36288,0,78.9186,4.16199,74.7378,0.84672,12.849,0.84672,3695.15,0,0,0,2.64888,1.20199,8.62332,1.10685,11.3673,0.42336,0,0.42336,460.49,0,1.02816,0,0,3.67704,2.64888,1.028160,1,0,87.1219,0,0,0,87.1219,0
66.3583,1.89315,0,0,4.32627,0.26158,0.36288,3.6288,61.308,0.0203103,0,0,1.15386,0.238465,0.895088,0.66528,12.849,1,0.376842,0.36288,0,120.56,4.51038,116.036,0.84672,12.849,0.84672,3695.15,0,0,0,3.37765,1.23506,7.98466,1.17117,11.4262,0.42336,0,0.42336,460.49,0,1.02816,0,0,4.40581,3.37765,1.028160,1,0,128.357,0,0,0,128.357,0
66.6356,1.90254,0,0,2.80978,0.267036,0.36288,3.6288,61.308,0.0205839,0,0,0.813879,0.232858,0.560438,0.66528,12.849,1,0.36839,0.36288,0,68.0236,4.44356,63.5745,0.84672,12.849,0.84672,3695.15,0,0,0,1.83895,1.23544,6.64068,1.14539,8.56969,0.42336,0,0.42336,460.49,0,1.02816,0,0,2.86711,1.83895,1.028160,1,0,72.7046,0,0,0,72.7046,0
66.8683,1.90462,0,0,2.77766,0.2775,0.36288,3.6288,61.308,0.0208577,0,0,0.739191,0.199216,0.519117,0.66528,12.849,1,0.367258,0.36288,0,61.6496,4.0426,57.6026,0.84672,12.849,0.84672,3695.15,0,0,0,1.53765,1.23583,7.61854,0.990678,9.40134,0.42336,0,0.42336,460.49,0,1.02816,0,0,2.56581,1.53765,1.028160,1,0,67.5231,0,0,0,67.5231,0
66.7179,2.11718,0,0,2.61087,0.281175,0.36288,3.6288,61.308,0.10895,0,0,0.750322,0.197032,0.44434,0.66528,12.849,1,0.406824,0.36288,0,65.0348,4.00345,60.9874,0.84672,12.849,0.84672,3695.15,0,0,0,1.36471,1.23622,7.58177,1.03028,9.15242,0.42336,0,0.42336,460.49,0,1.02816,0,0,2.39287,1.36471,1.028160,1,0,70.5842,0,0,0,70.5842,0
66.6922,2.11728,0,0,2.74319,0.28874,0.36288,3.6288,61.308,0.109256,0,0,0.8168,0.191573,0.515971,0.66528,12.849,1,0.40776,0.36288,0,58.3027,3.90558,54.3523,0.84672,12.849,0.84672,3695.15,0,0,0,2.42682,1.35153,6.05265,1.1293,8.7017,0.42336,0,0.42336,460.49,0,1.02816,0,0,3.45498,2.42682,1.028160,1,0,63.5699,0,0,0,63.5699,0
66.105,2.11802,0,0,2.18234,0.288681,0.36288,3.6288,61.308,0.109562,0,0,0.800418,0.191573,0.499283,0.66528,12.849,1,0.408059,0.36288,0,44.559,3.90558,40.6082,0.84672,12.849,0.84672,3695.15,0,0,0,1.12509,1.35196,4.58519,1.1293,5.93294,0.42336,0,0.42336,460.49,0,1.02816,0,0,2.15325,1.12509,1.028160,1,0,47.0404,0,0,0,47.0404,0
66.6578,2.11585,0,0,3.31887,0.287338,0.36288,3.6288,61.308,0.109869,0,0,0.916445,0.191573,0.615003,0.66528,12.849,1,0.411263,0.36288,0,78.0208,3.90558,74.0669,0.84672,12.849,0.84672,3695.15,0,0,0,1.34232,1.35239,10.7948,1.1293,12.3602,0.42336,0,0.42336,460.49,0,1.02816,0,0,2.37048,1.34232,1.028160,1,0,87.0421,0,0,0,87.0421,0
67.7191,1.81877,0,0,3.53823,0.295327,0.36288,3.6288,61.308,0,0,0,1.282,0.163137,1.11887,0.66528,12.849,1,0.350588,0.36288,0,125.579,3.65799,121.933,0.84672,12.849,0.84672,3695.15,0,0,0,2.11684,1.35282,9.68907,1.0147,12.144,0.42336,0,0.42336,460.49,0,1.02031,0,0,3.13715,2.11684,1.028160,1,0,135.196,0,0,0,135.196,0
71.3433,1.82415,0,0,6.12651,0.315222,0.36288,3.6288,61.308,0,0,0,1.76639,0.146904,1.61948,0.66528,12.849,1,0.346114,0.36288,0,124.019,3.49986,120.536,0.84672,12.849,0.84672,3695.15,0,0,0,3.8421,1.19483,12.3284,0.950575,16.4148,0.42336,0,0.42336,460.49,0,1.02057,0,0,4.86267,3.8421,1.028160,1,0,138.571,0,0,0,138.571,0
72.29,1.83982,0,0,5.4675,0.324202,2.3568,3.6288,61.308,0,0,0,1.18606,0.146904,1.03916,0.66528,12.849,1,0.331353,2.3568,0,100.894,3.49986,99.4192,0.84672,12.849,0.84672,3695.15,0,0,0,2.1713,1.1952,9.06396,0.950575,11.4799,0.42336,0,0.42336,460.49,0,1.02083,0,0,3.19213,2.1713,1.028160,1,0,111.938,0,0,0,111.938,0
72.29,1.84427,0,0,3.83403,0.326548,1.66321,3.6288,61.308,0,0,0,0.937094,0.146904,0.79019,0.66528,12.849,1,0.327805,1.66321,0,102,3.49986,99.8359,0.84672,12.849,0.84672,3695.15,0,0,0,1.51253,1.19557,7.6769,0.950575,9.43443,0.42336,0,0.42336,460.49,0,1.0211,0,0,2.53363,1.51253,1.028160,1,0,110.061,0,0,0,110.061,0
72.29,1.84504,0,0,3.43944,0.281235,1.31316,3.6288,61.308,0,0,0,0.622815,0.122839,0.499976,0.66528,12.849,1,0.327942,1.31316,0,85.6475,3.15108,83.4816,0.84672,12.849,0.84672,3695.15,0,0,0,0.927278,1.19595,6.77773,0.900474,8.00049,0.42336,0,0.42336,460.49,0,1.02136,0,0,1.94864,0.927278,1.028160,1,0,91.9821,0,0,0,91.9821,0
72.29,1.92264,0,0,6.25387,0.282372,4.04886,3.6288,61.308,0.0223912,0,0,1.74912,0.136246,1.59049,0.66528,12.849,1,0.341734,4.04886,0,146.571,3.31412,146.964,0.84672,12.849,0.84672,3695.15,0,0,0,2.97202,1.19632,13.391,1.00636,16.553,0.42336,0,0.42336,460.49,0,1.02816,0,0,4.00018,2.97202,1.028160,1,0,165.107,0,0,0,165.107,0
72.29,1.92343,0,0,4.96136,0.288226,2.7497,3.6288,61.308,0.0226652,0,0,1.29993,0.141489,1.13578,0.66528,12.849,1,0.341876,2.7497,0,167.902,3.38488,166.925,0.84672,12.849,0.84672,3695.15,0,0,0,1.77678,1.236,9.41933,1.03027,11.4018,0.42336,0,0.42336,460.49,0,1.02816,0,0,2.80494,1.77678,1.028160,1,0,179.463,0,0,0,179.463,0
72.29,1.92423,0,0,3.97904,0.288226,1.76658,3.6288,61.308,0.0229392,0,0,1.20751,0.141489,1.04308,0.66528,12.849,1,0.342018,1.76658,0,99.233,3.38488,97.2727,0.84672,12.849,0.84672,3695.15,0,0,0,1.55432,1.23639,8.03416,1.03027,9.7946,0.42336,0,0.42336,460.49,0,1.02816,0,0,2.58248,1.55432,1.028160,1,0,108.11,0,0,0,108.11,0
72.29,1.92503,0,0,4.04642,0.292979,1.82841,3.6288,61.308,0.0232134,0,0,1.33045,0.165681,1.14155,0.66528,12.849,1,0.34216,1.82841,0,103.198,3.89667,100.787,0.84672,12.849,0.84672,3695.15,0,0,0,1.79858,1.23677,10.0291,1.07418,11.9903,0.42336,0,0.42336,460.49,0,1.02816,0,0,2.82674,1.79858,1.028160,1,0,113.919,0,0,0,113.919,0
72.29,1.89575,0,0,3.00209,0.301816,0.804525,3.6288,61.308,0.0122364,0,0,0.979923,0.174149,0.793537,0.66528,12.849,1,0.336955,0.804525,0,71.8559,3.94953,68.374,0.84672,12.849,0.84672,3695.15,0,0,0,1.11163,1.23716,6.93851,1.062,8.2253,0.42336,0,0.42336,460.49,0,1.02816,0,0,2.13979,1.11163,1.028160,1,0,77.3928,0,0,0,77.3928,0
72.1295,1.89654,0,0,2.3605,0.261558,0.36288,3.6288,61.308,0.0311862,0,0,0.652916,0.175928,0.445802,0.66528,12.849,1,0.337095,0.36288,0,53.7322,3.65037,50.1076,0.84672,12.849,0.84672,3695.15,0,0,0,0.528595,1.22222,5.08191,1.01929,5.81343,0.42336,0,0.42336,460.49,0,1.00948,0,0,1.53808,0.528595,1.028160,1,0,56.3668,0,0,0,56.3668,0
71.8864,1.89669,0,0,2.22153,0.205129,0.36288,3.6288,61.308,0.0127768,0,0,0.649342,0.202087,0.434478,0.66528,12.849,1,0.337872,0.36288,0,50.1085,3.88101,46.2525,0.84672,12.849,0.84672,3695.15,0,0,0,0.486475,1.2226,5.05736,1.03306,5.73338,0.42336,0,0.42336,460.49,0,1.02816,0,0,1.51464,0.486475,1.028160,1,0,52.4203,0,0,0,52.4203,0
71.5631,1.89651,0,0,2.14089,0.20475,0.36288,3.6288,61.308,0.0130471,0,0,0.648994,0.202087,0.433861,0.66528,12.849,1,0.338982,0.36288,0,47.9088,3.88101,44.0517,0.84672,12.849,0.84672,3695.15,0,0,0,0.539637,1.22298,5.55717,1.03306,6.28673,0.42336,0,0.42336,460.49,0,1.02816,0,0,1.5678,0.539637,1.028160,1,0,50.7723,0,0,0,50.7723,0
71.1078,1.9981,0,0,2.11491,0.209235,0.36288,3.6288,61.308,0.127787,0,0,0.677228,0.206877,0.342564,0.66528,12.849,1,0.358754,0.36288,0,46.4089,3.98511,42.4279,0.84672,12.849,0.84672,3695.15,0,0,0,0.402797,1.22337,4.75513,1.03837,5.34292,0.42336,0,0.42336,460.49,0,0.953649,0,0,1.35645,0.402797,1.028160,1,0,48.1134,0,0,0,48.1134,0
70.1784,1.99697,0,0,1.63694,0.206545,0.36288,3.6288,61.2151,0.363201,0,0,0.488633,0.218322,0,0.66528,12.849,1,0.360848,0.36288,0,33.4068,4.10529,29.3036,0.84672,12.849,0.84672,3695.15,0,0,0,0.402797,1.27719,3.61519,1.06226,4.23292,0.42336,0,0.42336,460.49,0,0.71852,0,0,1.12132,0.402797,1.028160,1,0,33.5365,0,0,0,33.5365,0
69.1535,1.99376,0,0,1.51444,0.182607,0.36288,3.6288,61.2286,0.259694,0,0,0.49674,0.223545,0,0.66528,12.849,1,0.365038,0.36288,0,30.2642,4.26783,25.9942,0.84672,12.849,0.84672,3695.15,0,0,0,0.30119,1.27759,3.56714,1.03217,4.11376,0.42336,0,0.42336,460.49,0,0.822312,0,0,1.1235,0.30119,1.028160,1,0,30.108,0,0,0,30.108,0
68.0868,1.99002,0,0,1.46727,0.181164,0.36288,3.6288,61.2247,0.300855,0,0,0.520519,0.223564,0,0.66528,12.849,1,0.369753,0.36288,0,28.7169,4.26783,24.4422,0.84672,12.849,0.84672,3695.15,0,0,0,0.30119,1.278,3.70289,1.03217,4.24991,0.42336,0,0.42336,460.49,0,0.781436,0,0,1.08263,0.30119,1.028160,1,0,28.6921,0,0,0,28.6921,0
66.9323,1.98596,0,0,1.3741,0.179662,0.36288,3.6288,61.082,0.39936,0,0,0.480186,0.223559,0,0.66528,12.849,1,0.374781,0.36288,0,26.916,4.26783,22.6363,0.84672,12.849,0.84672,3695.15,0,0,0,0.30119,1.2784,3.35508,1.03217,3.9025,0.42336,0,0.42336,460.49,0,0.683217,0,0,0.984407,0.30119,1.028160,1,0,26.5388,0,0,0,26.5388,0
65.7454,1.96134,0,0,1.27272,0.135469,0.36288,3.6288,61.0161,0.229476,0,0,0.407506,0.243863,0,0.66528,12.849,1,0.376518,0.36288,0,30.1198,4.60965,25.4965,0.84672,12.849,0.84672,3695.15,0,0,0,0.30119,1.2788,2.15475,1.23497,2.49977,0.42336,0,0.42336,460.49,0,0.875388,0,0,1.17658,0.30119,1.028160,1,0,27.9963,0,0,0,27.9963,0
64.4951,1.95646,0,0,1.19619,0.127169,0.36288,3.6288,60.8975,0.249789,0,0,0.378321,0.247177,0,0.66528,12.849,1,0.382362,0.36288,0,30.9955,4.66662,26.3094,0.84672,12.849,0.84672,3695.15,0,0,0,0.261274,1.29173,2.0871,1.26877,2.37134,0.42336,0,0.42336,460.49,0,0.855369,0,0,1.11664,0.261274,1.028160,1,0,28.6807,0,0,0,28.6807,0
63.1446,1.95108,0,0,1.08944,0.1259,0.36288,3.6288,60.7899,0.233139,0,0,0.372566,0.246991,0,0.66528,12.849,1,0.388704,0.36288,0,30.2748,4.66662,25.5824,0.84672,12.849,0.84672,3695.15,0,0,0,0.261274,1.29214,2.01321,1.26877,2.29785,0.42336,0,0.42336,460.49,0,0.872312,0,0,1.13359,0.261274,1.028160,1,0,27.8802,0,0,0,27.8802,0
61.6941,1.94498,0,0,0.981884,0.124529,0.36288,3.6288,60.5123,0.377781,0,0,0.346944,0.246823,0,0.66528,12.849,1,0.395774,0.36288,0,28.0601,4.66662,23.3606,0.84672,12.849,0.84672,3695.15,0,0,0,0.261274,1.29255,1.91683,1.26877,2.20188,0.42336,0,0.42336,460.49,0,0.727963,0,0,0.989237,0.261274,1.028160,1,0,25.5625,0,0,0,25.5625,0
60.1276,1.98915,0,0,0.890413,0.10496,0.36288,3.6288,60.1003,0.451375,0,0,0.335174,0.295778,0,0.66528,12.849,1,0.414279,0.36288,0,25.0483,5.4779,19.519,0.84672,12.849,0.84672,3695.15,0,0,0,0.261274,1.29296,1.7839,1.46474,1.87339,0.42336,0,0.42336,460.49,0,0.6743,0,0,0.935574,0.261274,1.028160,1,0,21.3924,0,0,0,21.3924,0
58.6493,1.98107,0,0,0.96565,0.0999311,0.36288,3.6288,59.9648,0.284094,0,0,0.458514,0.309886,0,0.66528,12.849,1,0.423346,0.36288,0,30.9035,5.9009,24.9421,0.84672,12.849,0.84672,3695.15,0,0,0,0.261274,1.3201,2.02713,1.48561,2.1229,0.42336,0,0.42336,460.49,0,0.841882,0,0,1.10316,0.261274,1.028160,1,0,27.065,0,0,0,27.065,0
57.1037,1.97313,0,0,0.888926,0.0985201,0.36288,3.6288,59.8603,0.183636,0,0,0.388715,0.309619,0,0.66528,12.849,1,0.432277,0.36288,0,25.3838,5.9009,19.4135,0.84672,12.849,0.84672,3695.15,0,0,0,0.227405,1.32052,1.96004,1.48561,2.02236,0.42336,0,0.42336,460.49,0,0.942641,0,0,1.17005,0.227405,1.028160,1,0,21.4359,0,0,0,21.4359,0
55.4933,1.96439,0,0,0.81394,0.0970448,0.36288,3.6288,59.5571,0.353791,0,0,0.360032,0.309412,0,0.66528,12.849,1,0.44201,0.36288,0,24.1272,5.9009,18.1472,0.84672,12.849,0.84672,3695.15,0,0,0,0.227405,1.32093,1.72286,1.48561,1.78559,0.42336,0,0.42336,460.49,0,0.772787,0,0,1.00019,0.227405,1.028160,1,0,19.9328,0,0,0,19.9328,0
53.8017,2.10172,0,0,0.859982,0.0870071,0.36288,3.6288,59.4314,0.225051,0,0,0.413311,0.313936,0,0.66528,12.849,1,0.486636,0.36288,0,23.663,6.05044,17.4888,0.84672,12.849,0.84672,3695.15,0,0,0,0.227405,1.32135,2.27911,1.51549,2.31238,0.42336,0,0.42336,460.49,0,0.972812,0,0,1.20022,0.227405,1.028160,1,0,19.8012,0,0,0,19.8012,0
51.8199,2.09023,0,0,0.542679,0.0714145,0.36288,3.6288,58.9561,0.537222,0,0,0.402465,0.340617,0,0.66528,12.849,1,0.49919,0.36288,0,15.8833,6.29905,9.44789,0.84672,12.849,0.84672,3695.15,0,0,0,0.227405,1.41053,2.61413,1.41334,2.83872,0.42336,0,0.42336,460.49,0,0.660969,0,0,0.888373,0.227405,1.028160,1,0,12.2866,0,0,0,12.2866,0
49.8791,2.07577,0,0,0.567816,0.0699757,0.36288,3.6288,58.3644,0.574459,0,0,0.32239,0.339581,0,0.66528,12.849,1,0.514699,0.36288,0,16.0606,6.29905,9.60976,0.84672,12.849,0.84672,3695.15,0,0,0,0.204422,1.41098,2.03587,1.41334,2.23793,0.42336,0,0.42336,460.49,0,0.624059,0,0,0.828481,0.204422,1.028160,1,0,11.8477,0,0,0,11.8477,0
47.7422,2.06069,0,0,0.388288,0.101601,0.36288,3.6288,57.5676,0.720448,0,0,0.250506,0.326884,0,0.66528,12.849,1,0.53084,0.36288,0,11.4039,6.14634,5.08964,0.84672,12.849,0.84672,3695.15,0,0,0,0.204422,1.41143,1.44071,1.3791,1.67747,0.42336,0,0.42336,460.49,0,0.478397,0,0,0.682819,0.204422,1.028160,1,0,6.7671,0,0,0,6.7671,0
45.544,2.0428,0,0,0.344696,0.137225,0.36288,3.6288,56.8179,0.693335,0,0,0.251433,0.30783,0,0.66528,12.849,1,0.549785,0.36288,0,10.3271,6.07625,4.06398,0.84672,12.849,0.84672,3695.15,0,0,0,0.204422,1.41188,1.33332,1.33172,1.61791,0.42336,0,0.42336,460.49,0,0.505837,0,0,0.71026,0.204422,1.028160,1,0,5.68189,0,0,0,5.68189,0
43.6764,1.95401,0,0,0.556006,0.106687,0.36288,3.6288,56.5884,0.335026,0,0,0.407448,0.30189,0,0.66528,12.849,1,0.551271,0.36288,0,13.9295,5.47062,8.27048,0.84672,12.849,0.84672,3695.15,0,0,0,0.204422,1.41233,2.56988,1.19534,2.99129,0.42336,0,0.42336,460.49,0,0.82131,0,0,1.02573,0.204422,1.028160,1,0,11.2618,0,0,0,11.2618,0
41.842,1.93659,0,0,0.558875,0.0937856,0.36288,3.6288,56.1849,0.491688,0,0,0.387871,0.299664,0,0.66528,12.849,1,0.569718,0.36288,0,14.5082,5.22837,9.07299,0.84672,12.849,0.84672,3695.15,0,0,0,0.216518,1.36287,2.69916,1.14079,3.13776,0.42336,0,0.42336,460.49,0,0.66496,0,0,0.881479,0.216518,1.028160,1,0,12.2108,0,0,0,12.2108,0
40.0967,1.91826,0,0,0.65697,0.121192,0.36288,3.6288,55.8397,0.469725,0,0,0.39407,0.269536,0,0.66528,12.849,1,0.589067,0.36288,0,14.6139,4.81311,9.57457,0.84672,12.849,0.84672,3695.15,0,0,0,0.216518,1.36331,2.81879,1.011,3.38762,0.42336,0,0.42336,460.49,0,0.687234,0,0,0.903753,0.216518,1.028160,1,0,12.9622,0,0,0,12.9622,0
39.4944,1.89962,0,0,1.85093,0.190659,0.36288,3.6288,56.4715,0.129112,0,0,0.956664,0.195742,0,0.66528,12.849,1,0.608735,0.36288,0,46.6946,3.77496,42.6738,0.84672,12.849,0.84672,3695.15,0,0,0,0.454749,1.36374,7.5027,0.686509,8.63468,0.42336,0,0.42336,460.49,0,1.02816,0,0,1.48291,0.454749,1.028160,1,0,51.3085,0,0,0,51.3085,0
38.8505,1.83859,0,0,1.74702,0.189527,0.36288,3.6288,56.9574,0.0900766,0,0,0.777711,0.201726,0,0.66528,12.849,1,0.59816,0.36288,0,44.9512,3.98145,40.7344,0.84672,12.849,0.84672,3695.15,0,0,0,0.414452,1.36417,5.00787,0.772863,6.01364,0.42336,0,0.42336,460.49,0,1.02816,0,0,1.44261,0.414452,1.028160,1,0,46.7481,0,0,0,46.7481,0
39.2538,1.83189,0,0,2.78676,0.18864,0.36288,3.6288,57.7135,0.0903743,0,0,1.0618,0.215343,0,0.66528,12.849,1,0.605859,0.36288,0,62.8875,4.49768,58.1469,0.84672,12.849,0.84672,3695.15,0,0,0,1.01624,1.3206,8.1095,0.988749,9.45759,0.42336,0,0.42336,460.49,0,1.02816,0,0,2.0444,1.01624,1.028160,1,0,67.6045,0,0,0,67.6045,0
40.592,1.83733,0,0,3.7279,0.189522,0.36288,3.6288,58.8292,0.090672,0,0,1.42279,0.216401,0,0.66528,12.849,1,0.601416,0.36288,0,87.5585,4.49768,82.8223,0.84672,12.849,0.84672,3695.15,0,0,0,1.49422,1.32101,10.5966,0.988749,12.4231,0.42336,0,0.42336,460.49,0,1.02816,0,0,2.52238,1.49422,1.028160,1,0,95.2454,0,0,0,95.2454,0
42.0089,1.85315,0,0,3.82543,0.192525,0.36288,3.6288,60.3718,0.0909698,0,0,1.85146,0.217963,0,0.66528,12.849,1,0.586596,0.36288,0,88.9333,4.49768,84.2119,0.84672,12.849,0.84672,3695.15,0,0,0,1.87564,1.32143,12.2568,0.988749,14.4651,0.42336,0,0.42336,460.49,0,1.02816,0,0,2.9038,1.87564,1.028160,1,0,98.677,0,0,0,98.677,0
43.1404,1.71086,0,0,3.42613,0.22082,0.36288,3.6288,61.308,0.00920002,0,0,1.36876,0.189418,0.233903,0.66528,12.849,1,0.523292,0.36288,0,79.6686,4.55247,74.9557,0.84672,12.849,0.84672,3695.15,0,0,0,1.50207,1.32185,11.3308,1.07014,13.0845,0.42336,0,0.42336,460.49,0,1.02816,0,0,2.53023,1.50207,1.028160,1,0,88.2741,0,0,0,88.2741,0
43.3505,1.72215,0,0,2.51632,0.221215,0.36288,3.6288,61.308,0.009468,0,0,1.40617,0.20785,1.18885,0.66528,12.849,1,0.512928,0.36288,0,65.7647,3.97625,61.6384,0.84672,12.849,0.84672,3695.15,0,0,0,1.92312,1.22015,10.5542,0.988777,12.7087,0.42336,0,0.42336,460.49,0,1.02816,0,0,2.95128,1.92312,1.028160,1,0,75.5359,0,0,0,75.5359,0
43.5181,1.72478,0,0,2.47704,0.22175,0.36288,3.6288,61.308,0.0097361,0,0,1.22474,0.20785,1.00715,0.66528,12.849,1,0.511222,0.36288,0,51.5436,3.97625,47.419,0.84672,12.849,0.84672,3695.15,0,0,0,1.44987,1.22053,8.70013,0.988777,10.3818,0.42336,0,0.42336,460.49,0,1.02816,0,0,2.47803,1.44987,1.028160,1,0,58.8079,0,0,0,58.8079,0
43.3956,1.72702,0,0,2.18951,0.222178,0.36288,3.6288,61.308,0.0100043,0,0,1.25581,0.20785,1.03795,0.66528,12.849,1,0.509913,0.36288,0,59.7332,3.97625,55.61,0.84672,12.849,0.84672,3695.15,0,0,0,1.47427,1.22091,8.99459,0.988777,10.701,0.42336,0,0.42336,460.49,0,1.02816,0,0,2.50243,1.47427,1.028160,1,0,67.3489,0,0,0,67.3489,0
44.7102,1.72662,0,0,3.62421,0.220077,0.36288,3.6288,61.308,0.0102725,0,0,1.29493,0.234783,1.04987,0.66528,12.849,1,0.511236,0.36288,0,53.99,4.80312,49.0385,0.84672,12.849,0.84672,3695.15,0,0,0,1.89674,1.22129,9.74929,1.24548,11.6218,0.42336,0,0.42336,460.49,0,1.02816,0,0,2.9249,1.89674,1.028160,1,0,61.7102,0,0,0,61.7102,0
47.6192,1.80084,0,0,5.30366,0.230986,0.36288,3.6288,61.308,0.0343419,0,0,1.32916,0.19911,1.09571,0.66528,12.849,1,0.517532,0.36288,0,95.305,3.97842,91.1719,0.84672,12.849,0.84672,3695.15,0,0,0,2.05021,1.22167,9.59221,1.1079,11.7562,0.42336,0,0.42336,460.49,0,1.02816,0,0,3.07837,2.05021,1.028160,1,0,104.024,0,0,0,104.024,0
53.3138,1.82646,0,0,8.11823,0.234267,0.36288,3.6288,61.308,0.0346093,0,0,1.28116,0.138533,1.10801,0.66528,12.849,1,0.492831,0.36288,0,167.056,2.5263,164.4,0.84672,12.849,0.84672,3695.15,0,0,0,1.89693,1.25535,10.4979,0.756689,12.8935,0.42336,0,0.42336,460.49,0,1.02816,0,0,2.92509,1.89693,1.028160,1,0,178.401,0,0,0,178.401,0
56.8055,1.86962,0,0,5.97306,0.248789,0.36288,3.6288,61.308,0.0348768,0,0,1.28984,0.138533,1.11643,0.66528,12.849,1,0.450592,0.36288,0,110.835,2.5263,108.221,0.84672,12.849,0.84672,3695.15,0,0,0,2.09742,1.25573,8.05818,0.756689,10.6546,0.42336,0,0.42336,460.49,0,1.02816,0,0,3.12558,2.09742,1.028160,1,0,119.992,0,0,0,119.992,0
62.6501,1.89296,0,0,8.35809,0.257664,0.36288,3.6288,61.308,0.0351444,0,0,1.39743,0.138533,1.22376,0.66528,12.849,1,0.428174,0.36288,0,122.437,2.5263,119.845,0.84672,12.849,0.84672,3695.15,0,0,0,2.15529,1.25611,10.0364,0.756689,12.6911,0.42336,0,0.42336,460.49,0,1.02816,0,0,3.18345,2.15529,1.028160,1,0,133.76,0,0,0,133.76,0
72.29,2.13929,0,0,12.8523,0.273096,0.800079,3.6288,61.308,0.12491,0,0,1.90348,0.141296,1.63727,0.66528,12.849,1,0.43875,0.800079,0,206.428,2.69513,204.094,0.84672,12.849,0.84672,3695.15,0,0,0,3.41753,1.25649,14.2943,0.804784,18.1635,0.42336,0,0.42336,460.49,0,1.02816,0,0,4.44569,3.41753,1.028160,1,0,223.895,0,0,0,223.895,0
72.29,2.18983,0,0,9.55783,0.303173,7.06482,3.6288,61.308,0.125209,0,0,1.83054,0.157873,1.54746,0.66528,12.849,1,0.389226,7.06482,0,221.672,3.70807,224.64,0.84672,12.849,0.84672,3695.15,0,0,0,5.3859,1.37399,11.3192,1.09335,16.9857,0.42336,0,0.42336,460.49,0,1.02816,0,0,6.41406,5.3859,1.028160,1,0,243.173,0,0,0,243.173,0
72.29,2.19069,0,0,8.01386,0.303173,5.52,3.6288,61.308,0.125508,0,0,1.60033,0.157873,1.31695,0.66528,12.849,1,0.389379,5.52,0,158.618,3.70807,160.041,0.84672,12.849,0.84672,3695.15,0,0,0,4.11637,1.37441,9.38857,1.09335,13.786,0.42336,0,0.42336,460.49,0,1.02816,0,0,5.14453,4.11637,1.028160,1,0,175.144,0,0,0,175.144,0
72.29,2.19155,0,0,9.45562,0.268973,6.99509,3.6288,61.308,0.125807,0,0,2.07065,0.205215,1.73962,0.66528,12.849,1,0.389532,6.99509,0,174.905,3.79932,177.711,0.84672,12.849,0.84672,3695.15,0,0,0,6.09255,1.37483,17.9016,1.17362,24.1953,0.42336,0,0.42336,460.49,0,1.02816,0,0,7.12071,6.09255,1.028160,1,0,203.646,0,0,0,203.646,0
72.29,1.88196,0,0,9.12436,0.275386,6.96701,3.6288,61.308,0.00583087,0,0,1.4675,0.2056,1.25607,0.66528,12.849,1,0.334505,6.96701,0,154.174,3.85926,156.947,0.84672,12.849,0.84672,3695.15,0,0,0,5.03994,1.37525,14.9107,1.16848,20.1574,0.42336,0,0.42336,460.49,0,1.02816,0,0,6.0681,5.03994,1.028160,1,0,178.361,0,0,0,178.361,0
72.29,1.88271,0,0,6.30628,0.313868,4.1097,3.6288,61.308,0.006088,0,0,0.930675,0.207914,0.716673,0.66528,12.849,1,0.334638,4.1097,0,98.0139,4.2189,97.57,0.84672,12.849,0.84672,3695.15,0,0,0,2.28079,1.21423,7.28353,1.1377,9.64085,0.42336,0,0.42336,460.49,0,1.02816,0,0,3.30895,2.28079,1.028160,1,0,107.928,0,0,0,107.928,0
72.29,1.88347,0,0,12.22,0.313868,10.0226,3.6288,61.308,0.00634526,0,0,3.21328,0.207914,2.99902,0.66528,12.849,1,0.334772,10.0226,0,202.601,4.2189,208.07,0.84672,12.849,0.84672,3695.15,0,0,0,9.58281,1.21459,23.1746,1.1377,32.8344,0.42336,0,0.42336,460.49,0,1.02816,0,0,10.611,9.58281,1.028160,1,0,243.903,0,0,0,243.903,0
72.29,1.88422,0,0,9.75611,0.313868,7.55803,3.6288,61.308,0.00660251,0,0,2.18668,0.207914,1.97216,0.66528,12.849,1,0.334906,7.55803,0,212.782,4.2189,215.787,0.84672,12.849,0.84672,3695.15,0,0,0,7.49235,1.21496,17.2456,1.1377,24.8152,0.42336,0,0.42336,460.49,0,1.02816,0,0,8.52051,7.49235,1.028160,1,0,242.574,0,0,0,242.574,0
72.29,1.88497,0,0,8.47463,0.313868,6.27579,3.6288,61.308,0.00685988,0,0,1.59614,0.207914,1.38136,0.66528,12.849,1,0.335039,6.27579,0,215.837,4.2189,217.559,0.84672,12.849,0.84672,3695.15,0,0,0,4.62247,1.21532,12.805,1.1377,17.5051,0.42336,0,0.42336,460.49,0,1.02816,0,0,5.65063,4.62247,1.028160,1,0,236.445,0,0,0,236.445,0
72.29,1.96401,0,0,9.54521,0.294464,7.28674,3.6288,61.308,0.0365929,0,0,2.04572,0.191959,1.81717,0.66528,12.849,1,0.349087,7.28674,0,191.728,4.39887,194.266,0.84672,12.849,0.84672,3695.15,0,0,0,4.89607,1.21569,16.4991,1.06584,21.545,0.42336,0,0.42336,460.49,0,1.02816,0,0,5.92423,4.89607,1.028160,1,0,217.629,0,0,0,217.629,0
72.29,1.96479,0,0,12.4178,0.298033,10.1549,3.6288,61.308,0.0368608,0,0,2.94583,0.202746,2.70622,0.66528,12.849,1,0.349226,10.1549,0,257.613,4.71565,262.703,0.84672,12.849,0.84672,3695.15,0,0,0,6.44103,1.2561,22.1294,1.11457,28.7119,0.42336,0,0.42336,460.49,0,1.02816,0,0,7.46919,6.44103,1.028160,1,0,294.121,0,0,0,294.121,0
72.29,1.96557,0,0,9.78264,0.298033,7.51904,3.6288,61.308,0.0371287,0,0,2.23675,0.202746,1.99687,0.66528,12.849,1,0.349364,7.51904,0,222.089,4.71565,224.543,0.84672,12.849,0.84672,3695.15,0,0,0,5.27626,1.25648,17.0013,1.11457,22.4194,0.42336,0,0.42336,460.49,0,1.02816,0,0,6.30442,5.27626,1.028160,1,0,248.959,0,0,0,248.959,0
72.29,1.96635,0,0,7.89687,0.298033,5.63249,3.6288,61.308,0.0373966,0,0,1.78705,0.202746,1.54691,0.66528,12.849,1,0.349503,5.63249,0,170.386,4.71565,170.953,0.84672,12.849,0.84672,3695.15,0,0,0,4.91661,1.25686,12.2348,1.11457,17.2937,0.42336,0,0.42336,460.49,0,1.02816,0,0,5.94477,4.91661,1.028160,1,0,189.794,0,0,0,189.794,0
72.29,1.93648,0,0,7.14191,0.27625,4.92918,3.6288,61.308,0.0262005,0,0,1.38161,0.194741,1.16067,0.66528,12.849,1,0.344194,4.92918,0,158.14,4.08394,158.641,0.84672,12.849,0.84672,3695.15,0,0,0,3.71016,1.25724,10.106,1.07326,14.0002,0.42336,0,0.42336,460.49,0,1.02816,0,0,4.73832,3.71016,1.028160,1,0,173.802,0,0,0,173.802,0
72.29,1.93725,0,0,6.23882,0.247207,4.05437,3.6288,61.308,0.0264644,0,0,0.915952,0.184069,0.705419,0.66528,12.849,1,0.344331,4.05437,0,120.69,3.24167,121.159,0.84672,12.849,0.84672,3695.15,0,0,0,2.01071,1.242,8.00029,1.01817,10.2348,0.42336,0,0.42336,460.49,0,1.02816,0,0,3.03887,2.01071,1.028160,1,0,132.099,0,0,0,132.099,0
72.29,1.93802,0,0,5.58586,0.247207,3.40064,3.6288,61.308,0.0267286,0,0,0.868761,0.184069,0.657963,0.66528,12.849,1,0.344468,3.40064,0,108.206,3.24167,108.021,0.84672,12.849,0.84672,3695.15,0,0,0,1.7913,1.24237,7.75302,1.01817,9.76851,0.42336,0,0.42336,460.49,0,1.02816,0,0,2.81946,1.7913,1.028160,1,0,118.447,0,0,0,118.447,0
72.29,1.93879,0,0,5.35056,0.18106,3.23071,3.6288,61.308,0.0269927,0,0,0.837942,0.199054,0.611895,0.66528,12.849,1,0.344605,3.23071,0,99.9873,3.54235,99.331,0.84672,12.849,0.84672,3695.15,0,0,0,1.63486,1.24274,7.43541,1.12486,9.18816,0.42336,0,0.42336,460.49,0,1.02816,0,0,2.66302,1.63486,1.028160,1,0,109.131,0,0,0,109.131,0
72.29,2.04374,0,0,5.17176,0.214324,2.91369,3.6288,61.308,0.067969,0,0,0.831349,0.186547,0.576833,0.66528,12.849,1,0.36326,2.91369,0,95.6845,4.89087,93.3441,0.84672,12.849,0.84672,3695.15,0,0,0,1.75812,1.24312,7.01231,1.05414,8.9594,0.42336,0,0.42336,460.49,0,1.02816,0,0,2.78628,1.75812,1.028160,1,0,102.88,0,0,0,102.88,0
72.29,2.04455,0,0,4.82717,0.170554,2.61206,3.6288,61.308,0.0682476,0,0,0.838339,0.153438,0.616653,0.66528,12.849,1,0.363404,2.61206,0,80.2933,3.25322,79.2887,0.84672,12.849,0.84672,3695.15,0,0,0,1.86256,1.29794,6.57046,0.895203,8.83576,0.42336,0,0.42336,460.49,0,1.02816,0,0,2.89072,1.86256,1.028160,1,0,88.7411,0,0,0,88.7411,0
72.29,2.04536,0,0,4.57667,0.170554,2.36075,3.6288,61.308,0.0685262,0,0,0.702138,0.153438,0.480174,0.66528,12.849,1,0.363547,2.36075,0,73.6577,3.25322,72.4017,0.84672,12.849,0.84672,3695.15,0,0,0,1.43145,1.29834,6.09672,0.895203,7.9313,0.42336,0,0.42336,460.49,0,1.02816,0,0,2.45961,1.43145,1.028160,1,0,80.8132,0,0,0,80.8132,0
72.29,2.04617,0,0,4.27082,0.170554,2.0541,3.6288,61.308,0.0688049,0,0,0.674793,0.153438,0.452549,0.66528,12.849,1,0.363691,2.0541,0,66.2386,3.25322,64.6758,0.84672,12.849,0.84672,3695.15,0,0,0,1.0966,1.29873,5.29956,0.895203,6.79968,0.42336,0,0.42336,460.49,0,1.02816,0,0,2.12476,1.0966,1.028160,1,0,71.928,0,0,0,71.928,0
72.29,2.04698,0,0,4.01939,0.0968809,1.87553,3.6288,61.308,0.0690837,0,0,0.636172,0.258405,0.308683,0.66528,12.849,1,0.363834,1.87553,0,64.0275,4.67932,60.8599,0.84672,12.849,0.84672,3695.15,0,0,0,0.912108,1.29912,4.77264,1.27708,5.70679,0.42336,0,0.42336,460.49,0,1.02816,0,0,1.94027,0.912108,1.028160,1,0,66.8753,0,0,0,66.8753,0
72.29,2.02714,0,0,2.77653,0.125967,0.623423,3.6288,61.308,0.0917778,0,0,0.730538,0.24692,0.39184,0.66528,12.849,1,0.360309,0.623423,0,52.813,4.72027,48.3558,0.84672,12.849,0.84672,3695.15,0,0,0,0.87334,1.29952,4.47809,1.17245,5.47849,0.42336,0,0.42336,460.49,0,1.02816,0,0,1.9015,0.87334,1.028160,1,0,54.2261,0,0,0,54.2261,0
71.9543,2.02794,0,0,2.19271,0.137602,0.36288,3.6288,61.308,0.0920645,0,0,0.761616,0.242326,0.427225,0.66528,12.849,1,0.360452,0.36288,0,49.0036,4.73665,44.2693,0.84672,12.849,0.84672,3695.15,0,0,0,0.843947,1.31267,4.59448,1.1306,5.6205,0.42336,0,0.42336,460.49,0,1.02816,0,0,1.87211,0.843947,1.028160,1,0,50.3171,0,0,0,50.3171,0
71.4131,2.02732,0,0,1.98628,0.137251,0.36288,3.6288,61.308,0.0923514,0,0,0.72779,0.242326,0.393113,0.66528,12.849,1,0.362022,0.36288,0,48.1576,4.73665,43.4218,0.84672,12.849,0.84672,3695.15,0,0,0,0.750902,1.31307,4.34043,1.1306,5.27379,0.42336,0,0.42336,460.49,0,1.02816,0,0,1.77906,0.750902,1.028160,1,0,49.0887,0,0,0,49.0887,0
70.701,2.02579,0,0,1.80853,0.131957,0.36288,3.6288,61.308,0.0926382,0,0,0.68828,0.253295,0.342346,0.66528,12.849,1,0.364491,0.36288,0,42.393,4.8778,37.5136,0.84672,12.849,0.84672,3695.15,0,0,0,0.580971,1.31347,4.21272,1.18213,4.92503,0.42336,0,0.42336,460.49,0,1.02816,0,0,1.60913,0.580971,1.028160,1,0,42.781,0,0,0,42.781,0
69.8717,2.07668,0,0,1.72061,0.110394,0.36288,3.6288,61.308,0.11293,0,0,0.624154,0.310577,0.200647,0.66528,12.849,1,0.37741,0.36288,0,37.5727,5.6323,31.9258,0.84672,12.849,0.84672,3695.15,0,0,0,0.526876,1.31387,3.82696,1.43878,4.22892,0.42336,0,0.42336,460.49,0,1.02816,0,0,1.55504,0.526876,1.028160,1,0,36.3554,0,0,0,36.3554,0
69.0687,2.07371,0,0,1.73099,0.0974224,0.36288,3.6288,61.308,0.113224,0,0,0.643145,0.315899,0.214022,0.66528,12.849,1,0.381344,0.36288,0,34.2814,5.62909,28.6338,0.84672,12.849,0.84672,3695.15,0,0,0,0.336683,1.3415,3.48914,1.44253,3.7248,0.42336,0,0.42336,460.49,0,1.02816,0,0,1.36484,0.336683,1.028160,1,0,32.5726,0,0,0,32.5726,0
68.2861,2.07079,0,0,1.74286,0.0917525,0.36288,3.6288,61.308,0.113518,0,0,0.611106,0.320342,0.177246,0.66528,12.849,1,0.385234,0.36288,0,44.9045,5.66706,39.2151,0.84672,12.849,0.84672,3695.15,0,0,0,0.49972,1.34191,3.84076,1.46502,4.21737,0.42336,0,0.42336,460.49,0,1.02816,0,0,1.52788,0.49972,1.028160,1,0,43.6097,0,0,0,43.6097,0
67.3961,2.06789,0,0,1.63196,0.091194,0.36288,3.6288,61.308,0.113812,0,0,0.56831,0.320342,0.134156,0.66528,12.849,1,0.389103,0.36288,0,36.0542,5.66706,30.3609,0.84672,12.849,0.84672,3695.15,0,0,0,0.471407,1.34232,3.46213,1.46502,3.81085,0.42336,0,0.42336,460.49,0,1.02816,0,0,1.49957,0.471407,1.028160,1,0,34.3059,0,0,0,34.3059,0
66.2093,2.21922,0,0,1.48586,0.0905589,0.36288,3.6288,61.308,0.186416,0,0,0.539536,0.320342,0.0327789,0.66528,12.849,1,0.423092,0.36288,0,32.8587,5.66706,27.1314,0.84672,12.849,0.84672,3695.15,0,0,0,0.240659,1.34273,3.2294,1.46502,3.34777,0.42336,0,0.42336,460.49,0,1.02816,0,0,1.26882,0.240659,1.028160,1,0,30.512,0,0,0,30.512,0
64.8438,2.21373,0,0,1.32539,0.114269,0.36288,3.6288,61.308,0.186735,0,0,0.538936,0.316692,0.0355093,0.66528,12.849,1,0.429611,0.36288,0,25.6575,6.00114,19.5896,0.84672,12.849,0.84672,3695.15,0,0,0,0.533477,1.43355,3.12005,1.50349,3.58359,0.42336,0,0.42336,460.49,0,1.02816,0,0,1.56164,0.533477,1.028160,1,0,23.2087,0,0,0,23.2087,0
63.6133,2.20704,0,0,1.45652,0.117076,0.36288,3.6288,61.308,0.187055,0,0,0.644012,0.316084,0.140873,0.66528,12.849,1,0.437332,0.36288,0,30.782,6.05682,24.6507,0.84672,12.849,0.84672,3695.15,0,0,0,0.837899,1.43399,3.29222,1.5099,4.05421,0.42336,0,0.42336,460.49,0,1.02816,0,0,1.86606,0.837899,1.028160,1,0,28.8458,0,0,0,28.8458,0
62.0843,2.20086,0,0,1.15069,0.115917,0.36288,3.6288,61.2746,0.187375,0,0,0.470102,0.316084,0,0.66528,12.849,1,0.444544,0.36288,0,31.766,6.05682,25.6275,0.84672,12.849,0.84672,3695.15,0,0,0,0.308707,1.43443,2.60864,1.5099,2.84188,0.42336,0,0.42336,460.49,0,1.02816,0,0,1.33687,0.308707,1.028160,1,0,28.4694,0,0,0,28.4694,0
60.8395,2.19265,0,0,1.42516,0.114478,0.36288,3.6288,61.308,0.187695,0,0,0.782085,0.316017,0.245018,0.66528,12.849,1,0.453791,0.36288,0,28.1518,6.05682,22.0041,0.84672,12.849,0.84672,3695.15,0,0,0,1.35627,1.43487,3.92004,1.5099,5.20128,0.42336,0,0.42336,460.49,0,1.02816,0,0,2.38443,1.35627,1.028160,1,0,27.4504,0,0,0,27.4504,0
59.0244,2.11153,0,0,0.818396,0.159086,0.36288,3.6288,61.2599,0.183784,0,0,0.417222,0.281537,0,0.66528,12.849,1,0.445944,0.36288,0,27.2894,5.70998,21.4964,0.84672,12.849,0.84672,3695.15,0,0,0,0.204422,1.43531,3.12064,1.41542,3.34495,0.42336,0,0.42336,460.49,0,0.988425,0,0,1.19285,0.204422,1.028160,1,0,24.8414,0,0,0,24.8414,0
57.3397,2.10109,0,0,0.967442,0.188216,0.36288,3.6288,61.2984,0.144353,0,0,0.450466,0.267611,0,0.66528,12.849,1,0.457385,0.36288,0,19.353,5.77332,13.4852,0.84672,12.849,0.84672,3695.15,0,0,0,0.321218,1.38492,3.9731,1.47048,4.20875,0.42336,0,0.42336,460.49,0,1.02816,0,0,1.34938,0.321218,1.028160,1,0,17.6939,0,0,0,17.6939,0
55.3162,2.09093,0,0,0.615527,0.185155,0.36288,3.6288,61.0439,0.303651,0,0,0.316804,0.267676,0,0.66528,12.849,1,0.468547,0.36288,0,29.5385,5.77332,23.6595,0.84672,12.849,0.84672,3695.15,0,0,0,0.216518,1.38534,2.72394,1.47048,2.85532,0.42336,0,0.42336,460.49,0,0.869167,0,0,1.08569,0.216518,1.028160,1,0,26.5149,0,0,0,26.5149,0
53.1988,2.07783,0,0,0.504716,0.181479,0.36288,3.6288,60.4248,0.641089,0,0,0.289295,0.267245,0,0.66528,12.849,1,0.482644,0.36288,0,17.1362,5.77332,11.2431,0.84672,12.849,0.84672,3695.15,0,0,0,0.216518,1.38576,1.94655,1.47048,2.07836,0.42336,0,0.42336,460.49,0,0.532034,0,0,0.748552,0.216518,1.028160,1,0,13.3215,0,0,0,13.3215,0
51.4945,2.00358,0,0,0.901105,0.238947,0.36288,3.6288,60.3,0.217892,0,0,0.362683,0.269638,0,0.66528,12.849,1,0.48392,0.36288,0,24.6897,5.09958,19.469,0.84672,12.849,0.84672,3695.15,0,0,0,0.216518,1.38619,3.43272,1.32195,3.71347,0.42336,0,0.42336,460.49,0,0.91546,0,0,1.13198,0.216518,1.028160,1,0,23.1825,0,0,0,23.1825,0
49.6577,1.99154,0,0,0.762675,0.245036,0.36288,3.6288,60.3974,0.105483,0,0,0.471478,0.268631,0,0.66528,12.849,1,0.496933,0.36288,0,26.0344,3.63983,22.2605,0.84672,12.849,0.84672,3695.15,0,0,0,0.346179,1.34178,4.26436,0.958808,4.99351,0.42336,0,0.42336,460.49,0,1.02816,0,0,1.37434,0.346179,1.028160,1,0,27.254,0,0,0,27.254,0
47.8982,1.97771,0,0,0.821446,0.24035,0.36288,3.6288,59.859,0.618946,0,0,0.349426,0.268798,0,0.66528,12.849,1,0.511736,0.36288,0,27.2304,3.63983,23.4417,0.84672,12.849,0.84672,3695.15,0,0,0,0.292723,1.34219,3.89504,0.958808,4.57115,0.42336,0,0.42336,460.49,0,0.514987,0,0,0.80771,0.292723,1.028160,1,0,28.0129,0,0,0,28.0129,0
47.3755,1.96366,0,0,2.03964,0.235822,0.36288,3.6288,60.4119,0.106065,0,0,0.926775,0.267878,0,0.66528,12.849,1,0.526765,0.36288,0,44.9625,3.63983,41.1588,0.84672,12.849,0.84672,3695.15,0,0,0,1.20472,1.3426,5.9584,0.958808,7.54691,0.42336,0,0.42336,460.49,0,1.02816,0,0,2.23288,1.20472,1.028160,1,0,48.7057,0,0,0,48.7057,0
47.8227,1.79434,0,0,2.8389,0.234475,0.36288,3.6288,61.308,0.0227724,0,0,1.28527,0.268823,0.0975462,0.66528,12.849,1,0.486655,0.36288,0,67.863,3.63983,64.0994,0.84672,12.849,0.84672,3695.15,0,0,0,2.96814,1.34301,8.06991,0.958808,11.4222,0.42336,0,0.42336,460.49,0,1.02816,0,0,3.9963,2.96814,1.028160,1,0,75.6192,0,0,0,75.6192,0
48.1173,1.79864,0,0,2.71336,0.257159,0.36288,3.6288,61.308,0.0230342,0,0,1.29142,0.249566,1.01882,0.66528,12.849,1,0.483259,0.36288,0,55.2893,4.50398,50.665,0.84672,12.849,0.84672,3695.15,0,0,0,3.04347,1.23941,7.11971,1.0699,10.3327,0.42336,0,0.42336,460.49,0,1.02816,0,0,4.07163,3.04347,1.028160,1,0,62.0165,0,0,0,62.0165,0
47.705,1.80169,0,0,2.00731,0.25505,0.36288,3.6288,61.308,0.0232962,0,0,0.73688,0.243403,0.470181,0.66528,12.849,1,0.481114,0.36288,0,52.0455,4.71964,47.2077,0.84672,12.849,0.84672,3695.15,0,0,0,1.7483,1.23978,5.101,1.11316,6.97592,0.42336,0,0.42336,460.49,0,1.02816,0,0,2.77646,1.7483,1.028160,1,0,54.6538,0,0,0,54.6538,0
47.8957,1.79913,0,0,2.60547,0.252781,0.36288,3.6288,61.308,0.0235582,0,0,1.09842,0.240315,0.834547,0.66528,12.849,1,0.484582,0.36288,0,55.6196,4.61095,50.8869,0.84672,12.849,0.84672,3695.15,0,0,0,2.48864,1.24015,6.95801,1.0887,9.5981,0.42336,0,0.42336,460.49,0,1.02816,0,0,3.5168,2.48864,1.028160,1,0,61.3196,0,0,0,61.3196,0
47.7039,1.80136,0,0,2.21762,0.245197,0.36288,3.6288,61.308,0.0238202,0,0,1.36633,0.226619,1.11589,0.66528,12.849,1,0.483252,0.36288,0,106.152,4.12447,101.907,0.84672,12.849,0.84672,3695.15,0,0,0,1.36179,1.24052,7.19585,0.980315,8.81784,0.42336,0,0.42336,460.49,0,1.02816,0,0,2.38995,1.36179,1.028160,1,0,111.841,0,0,0,111.841,0
49.1828,1.8644,0,0,3.9671,0.260877,0.36288,3.6288,61.308,0.0483212,0,0,1.61164,0.214751,1.34856,0.66528,12.849,1,0.502173,0.36288,0,123.068,4.62424,118.305,0.84672,12.849,0.84672,3695.15,0,0,0,1.92901,1.2409,8.17652,1.11725,10.2292,0.42336,0,0.42336,460.49,0,1.02816,0,0,2.95717,1.92901,1.028160,1,0,129.882,0,0,0,129.882,0
50.8797,1.87708,0,0,4.22588,0.289031,0.36288,3.6288,61.308,0.0485822,0,0,1.42658,0.176598,1.2014,0.66528,12.849,1,0.490387,0.36288,0,109.261,4.04302,105.09,0.84672,12.849,0.84672,3695.15,0,0,0,1.98729,1.27518,7.613,1.09757,9.7779,0.42336,0,0.42336,460.49,0,1.02816,0,0,3.01545,1.98729,1.028160,1,0,116.069,0,0,0,116.069,0
52.7905,1.89086,0,0,4.45875,0.294272,0.36288,3.6288,61.308,0.0488432,0,0,1.72917,0.176598,1.50373,0.66528,12.849,1,0.477511,0.36288,0,83.0382,4.04302,78.8805,0.84672,12.849,0.84672,3695.15,0,0,0,2.27082,1.27555,9.60785,1.09757,12.0567,0.42336,0,0.42336,460.49,0,1.02816,0,0,3.29898,2.27082,1.028160,1,0,92.4409,0,0,0,92.4409,0
54.8706,1.90548,0,0,4.64865,0.300163,0.36288,3.6288,61.308,0.0491043,0,0,1.68332,0.176598,1.45762,0.66528,12.849,1,0.463787,0.36288,0,57.7452,4.04302,53.6013,0.84672,12.849,0.84672,3695.15,0,0,0,2.58721,1.27592,8.69936,1.09757,11.4649,0.42336,0,0.42336,460.49,0,1.02816,0,0,3.61537,2.58721,1.028160,1,0,66.5238,0,0,0,66.5238,0
58.8312,2.13167,0,0,6.76778,0.312597,0.36288,3.6288,61.308,0.140504,0,0,1.62524,0.185337,1.2994,0.66528,12.849,1,0.499172,0.36288,0,125.642,4.10679,121.399,0.84672,12.849,0.84672,3695.15,0,0,0,2.62132,1.2763,12.5495,1.11982,15.3273,0.42336,0,0.42336,460.49,0,1.02816,0,0,3.64948,2.62132,1.028160,1,0,138.026,0,0,0,138.026,0
61.5662,2.16007,0,0,5.57643,0.318473,0.36288,3.6288,61.308,0.140796,0,0,1.72432,0.191578,1.39195,0.66528,12.849,1,0.471768,0.36288,0,76.8312,3.40693,73.3154,0.84672,12.849,0.84672,3695.15,0,0,0,1.83656,1.39593,5.80447,0.909114,8.12785,0.42336,0,0.42336,460.49,0,1.02816,0,0,2.86472,1.83656,1.028160,1,0,82.8352,0,0,0,82.8352,0
62.5398,2.17822,0,0,3.84112,0.326414,0.36288,3.6288,61.308,0.141088,0,0,1.09137,0.191578,0.758701,0.66528,12.849,1,0.4546,0.36288,0,52.913,3.40693,49.4143,0.84672,12.849,0.84672,3695.15,0,0,0,1.00594,1.39634,5.51459,0.909114,7.00776,0.42336,0,0.42336,460.49,0,1.02816,0,0,2.0341,1.00594,1.028160,1,0,57.1808,0,0,0,57.1808,0
63.0528,2.18491,0,0,3.35116,0.290451,0.36288,3.6288,61.308,0.14138,0,0,0.906217,0.20353,0.561307,0.66528,12.849,1,0.448897,0.36288,0,56.309,3.48418,52.7388,0.84672,12.849,0.84672,3695.15,0,0,0,0.810259,1.39675,5.35057,0.991439,6.56614,0.42336,0,0.42336,460.49,0,1.02816,0,0,1.83842,0.810259,1.028160,1,0,59.8663,0,0,0,59.8663,0
63.9567,1.87949,0,0,3.42253,0.276172,0.36288,3.6288,61.308,0.0191982,0,0,1.27377,0.20831,1.04626,0.66528,12.849,1,0.383005,0.36288,0,75.0246,3.51508,71.4894,0.84672,12.849,0.84672,3695.15,0,0,0,0.744595,1.39716,4.73049,1.02437,5.84788,0.42336,0,0.42336,460.49,0,1.02816,0,0,1.77276,0.744595,1.028160,1,0,78.3835,0,0,0,78.3835,0
65.5314,1.88471,0,0,4.15065,0.328431,0.36288,3.6288,61.308,0.0194491,0,0,2.26517,0.174225,2.07149,0.66528,12.849,1,0.378642,0.36288,0,68.9689,2.97118,65.9819,0.84672,12.849,0.84672,3695.15,0,0,0,1.47527,1.23318,9.56448,0.764297,11.5086,0.42336,0,0.42336,460.49,0,1.02816,0,0,2.50343,1.47527,1.028160,1,0,79.5621,0,0,0,79.5621,0
68.375,1.89304,0,0,5.4322,0.33262,0.36288,3.6288,61.308,0.0197,0,0,2.126,0.174225,1.93208,0.66528,12.849,1,0.371177,0.36288,0,100.365,2.97118,97.3853,0.84672,12.849,0.84672,3695.15,0,0,0,1.58545,1.23354,11.2378,0.764297,13.2925,0.42336,0,0.42336,460.49,0,1.02816,0,0,2.61361,1.58545,1.028160,1,0,112.61,0,0,0,112.61,0
70.5864,1.90677,0,0,4.8167,0.335697,0.36288,3.6288,61.308,0.0199511,0,0,1.874,0.199213,1.65483,0.66528,12.849,1,0.358318,0.36288,0,76.2299,3.52653,72.7079,0.84672,12.849,0.84672,3695.15,0,0,0,1.58352,1.23389,10.1618,0.915673,12.0635,0.42336,0,0.42336,460.49,0,1.02816,0,0,2.61168,1.58352,1.028160,1,0,86.4262,0,0,0,86.4262,0
72.29,1.91699,0,0,5.94161,0.335416,1.98559,3.6288,61.308,0.0202021,0,0,2.65812,0.23253,2.40539,0.66528,12.849,1,0.348955,1.98559,0,83.0114,4.26699,80.381,0.84672,12.849,0.84672,3695.15,0,0,0,1.96652,1.23425,11.9445,1.11751,14.0277,0.42336,0,0.42336,460.49,0,1.02816,0,0,2.99468,1.96652,1.028160,1,0,96.8141,0,0,0,96.8141,0
72.29,2.00442,0,0,6.48303,0.323825,4.15479,3.6288,61.308,0.0504654,0,0,2.11874,0.20527,1.86301,0.66528,12.849,1,0.35627,4.15479,0,101.654,3.97197,101.48,0.84672,12.849,0.84672,3695.15,0,0,0,1.30156,1.2346,11.7506,1.04362,13.2431,0.42336,0,0.42336,460.49,0,1.02816,0,0,2.32972,1.30156,1.028160,1,0,116.587,0,0,0,116.587,0
72.29,2.00518,0,0,5.69405,0.311838,3.37704,3.6288,61.308,0.0507266,0,0,1.96938,0.184824,1.73383,0.66528,12.849,1,0.356405,3.37704,0,108.41,3.7507,107.68,0.84672,12.849,0.84672,3695.15,0,0,0,1.22766,1.27574,13.2496,0.988206,14.7648,0.42336,0,0.42336,460.49,0,1.02816,0,0,2.25582,1.22766,1.028160,1,0,124.179,0,0,0,124.179,0
72.29,2.00594,0,0,5.12367,0.311838,2.80589,3.6288,61.308,0.050988,0,0,2.51107,0.184824,2.27526,0.66528,12.849,1,0.35654,2.80589,0,76.8787,3.7507,75.5774,0.84672,12.849,0.84672,3695.15,0,0,0,1.62195,1.27611,10.5503,0.988206,12.4602,0.42336,0,0.42336,460.49,0,1.02816,0,0,2.65011,1.62195,1.028160,1,0,90.3128,0,0,0,90.3128,0
72.29,2.0067,0,0,4.75418,0.317211,2.43027,3.6288,61.308,0.0512494,0,0,2.66507,0.17707,2.43675,0.66528,12.849,1,0.356676,2.43027,0,69.7939,3.53427,68.3332,0.84672,12.849,0.84672,3695.15,0,0,0,1.65677,1.27648,14.1565,0.946442,16.1433,0.42336,0,0.42336,460.49,0,1.02816,0,0,2.68493,1.65677,1.028160,1,0,86.9133,0,0,0,86.9133,0
72.29,1.97626,0,0,3.93576,0.261366,1.69814,3.6288,61.308,0.0398388,0,0,2.3818,0.188994,2.15296,0.66528,12.849,1,0.351264,1.69814,0,63.7458,3.78237,61.3103,0.84672,12.849,0.84672,3695.15,0,0,0,1.4539,1.27685,9.56295,1.02409,11.2696,0.42336,0,0.42336,460.49,0,1.02816,0,0,2.48206,1.4539,1.028160,1,0,74.7329,0,0,0,74.7329,0
72.29,1.97701,0,0,2.92767,0.201222,0.749443,3.6288,61.308,0.0590526,0,0,1.11485,0.180727,0.875066,0.66528,12.849,1,0.351398,0.749443,0,53.2836,3.86442,49.8172,0.84672,12.849,0.84672,3695.15,0,0,0,0.528595,1.26131,6.95236,1.12509,7.61718,0.42336,0,0.42336,460.49,0,1.0092,0,0,1.5378,0.528595,1.028160,1,0,58.3094,0,0,0,58.3094,0
72.29,1.97776,0,0,3.41252,0.201222,1.23354,3.6288,61.308,0.0403541,0,0,1.19038,0.180727,0.969304,0.66528,12.849,1,0.351532,1.23354,0,55.0231,3.86442,52.0407,0.84672,12.849,0.84672,3695.15,0,0,0,0.506831,1.26168,5.96124,1.12509,6.60466,0.42336,0,0.42336,460.49,0,1.02816,0,0,1.53499,0.506831,1.028160,1,0,59.6146,0,0,0,59.6146,0
72.29,1.97851,0,0,3.8222,0.178389,1.6653,3.6288,61.308,0.0406118,0,0,1.22474,0.186082,0.998043,0.66528,12.849,1,0.351665,1.6653,0,66.0834,4.02696,63.3701,0.84672,12.849,0.84672,3695.15,0,0,0,0.575631,1.26204,5.7468,1.095,6.48947,0.42336,0,0.42336,460.49,0,1.02816,0,0,1.60379,0.575631,1.028160,1,0,70.8576,0,0,0,70.8576,0
72.29,2.08533,0,0,2.6168,0.147944,0.38352,3.6288,61.308,0.137061,0,0,1.06426,0.193223,0.733975,0.66528,12.849,1,0.370652,0.38352,0,48.6134,4.24368,44.3826,0.84672,12.849,0.84672,3695.15,0,0,0,0.402797,1.26241,5.16294,1.05488,5.77327,0.42336,0,0.42336,460.49,0,0.973417,0,0,1.37621,0.402797,1.028160,1,0,50.8898,0,0,0,50.8898,0
72.29,2.08612,0,0,2.83352,0.16053,0.586872,3.6288,61.308,0.132235,0,0,1.14035,0.201266,0.80685,0.66528,12.849,1,0.370792,0.586872,0,46.5216,4.94919,41.7885,0.84672,12.849,0.84672,3695.15,0,0,0,0.402797,1.31821,5.08107,1.0948,5.70728,0.42336,0,0.42336,460.49,0,0.978515,0,0,1.38131,0.402797,1.028160,1,0,48.3027,0,0,0,48.3027,0
72.29,2.08691,0,0,2.66004,0.138394,0.434738,3.6288,61.308,0.0828612,0,0,0.909783,0.187013,0.639909,0.66528,12.849,1,0.370932,0.434738,0,42.7639,4.61119,38.2165,0.84672,12.849,0.84672,3695.15,0,0,0,0.318332,1.31859,4.7587,1.09891,5.29671,0.42336,0,0.42336,460.49,0,1.02816,0,0,1.34649,0.318332,1.028160,1,0,44.1531,0,0,0,44.1531,0
72.1616,2.0877,0,0,2.42991,0.107716,0.36288,3.6288,61.308,0.0831331,0,0,0.902085,0.190662,0.62829,0.66528,12.849,1,0.371072,0.36288,0,38.2209,4.72489,33.4879,0.84672,12.849,0.84672,3695.15,0,0,0,0.317995,1.31897,4.54558,1.06339,5.11917,0.42336,0,0.42336,460.49,0,1.02816,0,0,1.34616,0.317995,1.028160,1,0,39.2353,0,0,0,39.2353,0
71.9849,2.08792,0,0,2.38171,0.107611,0.36288,3.6288,61.308,0.0920104,0,0,0.975663,0.190662,0.692991,0.66528,12.849,1,0.371773,0.36288,0,36.6142,4.72489,31.8805,0.84672,12.849,0.84672,3695.15,0,0,0,0.30119,1.31936,4.89801,1.06339,5.45517,0.42336,0,0.42336,460.49,0,1.01955,0,0,1.32074,0.30119,1.028160,1,0,38.0286,0,0,0,38.0286,0
71.6164,2.06694,0,0,2.15356,0.0922433,0.36288,3.6288,61.308,0.106634,0,0,0.880511,0.23755,0.536327,0.66528,12.849,1,0.36894,0.36288,0,33.7222,5.04182,28.6743,0.84672,12.849,0.84672,3695.15,0,0,0,0.30119,1.31974,3.67384,1.19495,4.09982,0.42336,0,0.42336,460.49,0,1.02802,0,0,1.32921,0.30119,1.028160,1,0,33.3105,0,0,0,33.3105,0
71.1039,2.06611,0,0,1.99707,0.0805994,0.36288,3.6288,61.308,0.106776,0,0,0.833691,0.272716,0.454199,0.66528,12.849,1,0.370689,0.36288,0,32.7445,5.2795,27.4572,0.84672,12.849,0.84672,3695.15,0,0,0,0.292836,1.33312,3.29264,1.29363,3.62497,0.42336,0,0.42336,460.49,0,1.02816,0,0,1.321,0.292836,1.028160,1,0,31.5363,0,0,0,31.5363,0
70.422,2.06463,0,0,1.82588,0.0802844,0.36288,3.6288,61.308,0.107055,0,0,0.813689,0.272716,0.433918,0.66528,12.849,1,0.373093,0.36288,0,32.2822,5.2795,26.9924,0.84672,12.849,0.84672,3695.15,0,0,0,0.317097,1.33351,3.25217,1.29363,3.60914,0.42336,0,0.42336,460.49,0,1.02816,0,0,1.34526,0.317097,1.028160,1,0,31.0355,0,0,0,31.0355,0
69.5856,2.06235,0,0,1.66872,0.0798652,0.36288,3.6288,61.308,0.247096,0,0,0.760925,0.272716,0.241113,0.66528,12.849,1,0.37629,0.36288,0,30.3642,5.2795,25.0712,0.84672,12.849,0.84672,3695.15,0,0,0,0.261274,1.3339,3.09469,1.29363,3.39624,0.42336,0,0.42336,460.49,0,0.888399,0,0,1.14967,0.261274,1.028160,1,0,28.7086,0,0,0,28.7086,0
68.5849,2.11333,0,0,1.53833,0.062833,0.36288,3.6288,61.308,0.258659,0,0,0.7499,0.313328,0.177914,0.66528,12.849,1,0.390226,0.36288,0,27.2589,5.76357,21.4679,0.84672,12.849,0.84672,3695.15,0,0,0,0.261274,1.33428,2.91228,1.46823,3.0396,0.42336,0,0.42336,460.49,0,0.89748,0,0,1.15875,0.261274,1.028160,1,0,24.6855,0,0,0,24.6855,0
67.3941,2.10932,0,0,1.34256,0.0611608,0.36288,3.6288,61.2451,0.366678,0,0,0.630435,0.326646,0,0.66528,12.849,1,0.39517,0.36288,0,27.2027,5.70381,21.4666,0.84672,12.849,0.84672,3695.15,0,0,0,0.261274,1.3624,2.57628,1.43391,2.76604,0.42336,0,0.42336,460.49,0,0.789748,0,0,1.05102,0.261274,1.028160,1,0,24.2326,0,0,0,24.2326,0
66.1235,2.10425,0,0,1.25713,0.0605922,0.36288,3.6288,61.1523,0.352579,0,0,0.586288,0.326516,0,0.66528,12.849,1,0.401186,0.36288,0,21.8412,5.70381,16.0991,0.84672,12.849,0.84672,3695.15,0,0,0,0.227405,1.3628,2.3223,1.43391,2.4786,0.42336,0,0.42336,460.49,0,0.804133,0,0,1.03154,0.227405,1.028160,1,0,18.5777,0,0,0,18.5777,0
64.7466,2.09859,0,0,1.14457,0.0599855,0.36288,3.6288,60.871,0.511609,0,0,0.556603,0.326324,0,0.66528,12.849,1,0.407794,0.36288,0,19.9053,5.70381,14.1566,0.84672,12.849,0.84672,3695.15,0,0,0,0.227405,1.3632,2.16618,1.43391,2.32287,0.42336,0,0.42336,460.49,0,0.645391,0,0,0.872796,0.227405,1.028160,1,0,16.4795,0,0,0,16.4795,0
63.4313,2.24872,0,0,1.34377,0.0474506,0.36288,3.6288,61.0484,0.202729,0,0,0.69533,0.315191,0,0.66528,12.849,1,0.446259,0.36288,0,20.8075,5.87866,14.8455,0.84672,12.849,0.84672,3695.15,0,0,0,0.236779,1.36359,3.29047,1.48175,3.4091,0.42336,0,0.42336,460.49,0,1.02816,0,0,1.26494,0.236779,1.028160,1,0,18.2546,0,0,0,18.2546,0
61.7639,2.24186,0,0,0.999924,0.06264,0.36288,3.6288,61.0132,0.320199,0,0,0.582822,0.297776,0,0.66528,12.849,1,0.454123,0.36288,0,18.7075,5.69965,12.9166,0.84672,12.849,0.84672,3695.15,0,0,0,0.227405,1.45602,2.53986,1.47909,2.74419,0.42336,0,0.42336,460.49,0,0.911002,0,0,1.13841,0.227405,1.028160,1,0,15.6608,0,0,0,15.6608,0
59.902,2.23254,0,0,0.803537,0.0699554,0.36288,3.6288,60.8449,0.380438,0,0,0.510792,0.298649,0,0.66528,12.849,1,0.464445,0.36288,0,16.1529,5.60458,10.4468,0.84672,12.849,0.84672,3695.15,0,0,0,0.204422,1.45645,2.38469,1.46646,2.57911,0.42336,0,0.42336,460.49,0,0.851075,0,0,1.0555,0.204422,1.028160,1,0,13.0259,0,0,0,13.0259,0
58.1489,2.22149,0,0,0.900089,0.0688478,0.36288,3.6288,60.7193,0.351331,0,0,0.523981,0.298331,0,0.66528,12.849,1,0.476509,0.36288,0,16.056,5.60458,10.3378,0.84672,12.849,0.84672,3695.15,0,0,0,0.204422,1.45688,2.55592,1.46646,2.75077,0.42336,0,0.42336,460.49,0,0.880494,0,0,1.08492,0.204422,1.028160,1,0,13.0885,0,0,0,13.0885,0
56.9302,2.21054,0,0,1.4405,0.0858222,0.36288,3.6288,60.8654,0.203976,0,0,0.643965,0.293818,0,0.66528,12.849,1,0.488458,0.36288,0,26.674,5.48585,21.0626,0.84672,12.849,0.84672,3695.15,0,0,0,0.289889,1.45731,2.78618,1.45189,3.08148,0.42336,0,0.42336,460.49,0,1.02816,0,0,1.31805,0.289889,1.028160,1,0,24.1441,0,0,0,24.1441,0
56.4902,2.1281,0,0,2.1497,0.0986806,0.36288,3.6288,61.308,0.15954,0,0,0.883544,0.279933,0.00149596,0.66528,12.849,1,0.480306,0.36288,0,33.8045,5.4264,28.2607,0.84672,12.849,0.84672,3695.15,0,0,0,0.342706,1.45774,4.02696,1.38173,4.44567,0.42336,0,0.42336,460.49,0,1.02816,0,0,1.37087,0.342706,1.028160,1,0,32.7079,0,0,0,32.7079,0
56.27,2.12584,0,0,2.38239,0.113933,0.36288,3.6288,61.308,0.159837,0,0,0.972907,0.27262,0.54045,0.66528,12.849,1,0.483535,0.36288,0,36.9185,5.19855,31.5993,0.84672,12.849,0.84672,3695.15,0,0,0,0.573445,1.40643,5.2197,1.30637,5.89321,0.42336,0,0.42336,460.49,0,1.02816,0,0,1.60161,0.573445,1.028160,1,0,38.0329,0,0,0,38.0329,0
55.6273,2.1251,0,0,1.95898,0.113685,0.36288,3.6288,61.308,0.160134,0,0,1.35983,0.27262,0.927078,0.66528,12.849,1,0.485257,0.36288,0,35.8393,5.19855,30.5184,0.84672,12.849,0.84672,3695.15,0,0,0,1.70429,1.40684,5.89336,1.30637,7.69813,0.42336,0,0.42336,460.49,0,1.02816,0,0,2.73245,1.70429,1.028160,1,0,39.1436,0,0,0,39.1436,0
54.6556,2.12134,0,0,1.62549,0.11296,0.36288,3.6288,61.308,0.160431,0,0,0.731385,0.27262,0.298333,0.66528,12.849,1,0.489995,0.36288,0,34.3391,5.19855,29.0134,0.84672,12.849,0.84672,3695.15,0,0,0,0.386433,1.40726,4.38897,1.30637,4.87629,0.42336,0,0.42336,460.49,0,1.02816,0,0,1.41459,0.386433,1.028160,1,0,34.188,0,0,0,34.188,0
54.414,2.05411,0,0,2.3379,0.162508,0.36288,3.6288,61.308,0.119942,0,0,0.899623,0.227136,0.552545,0.66528,12.849,1,0.482903,0.36288,0,40.0775,4.57566,35.3818,0.84672,12.849,0.84672,3695.15,0,0,0,0.565877,1.40767,4.82959,1.11168,5.69146,0.42336,0,0.42336,460.49,0,1.02816,0,0,1.59404,0.565877,1.028160,1,0,41.6258,0,0,0,41.6258,0
54.1724,2.05315,0,0,2.42228,0.247838,0.36288,3.6288,61.308,0.120225,0,0,0.833891,0.258662,0.455004,0.66528,12.849,1,0.484819,0.36288,0,45.6754,4.19349,41.36,0.84672,12.849,0.84672,3695.15,0,0,0,1.03739,1.36246,5.60708,0.923324,7.08361,0.42336,0,0.42336,460.49,0,1.02816,0,0,2.06555,1.03739,1.028160,1,0,48.8986,0,0,0,48.8986,0
53.4502,2.05217,0,0,1.94009,0.247233,0.36288,3.6288,61.2866,0.331904,0,0,0.56916,0.258662,0,0.66528,12.849,1,0.486749,0.36288,0,38.4687,4.19349,34.1514,0.84672,12.849,0.84672,3695.15,0,0,0,0.292723,1.36286,4.77055,0.923324,5.50281,0.42336,0,0.42336,460.49,0,0.816765,0,0,1.10949,0.292723,1.028160,1,0,39.6542,0,0,0,39.6542,0
55.0049,2.04764,0,0,4.21061,0.245425,0.36288,3.6288,61.308,0.120793,0,0,1.18806,0.258627,0.78723,0.66528,12.849,1,0.492236,0.36288,0,57.5604,4.19349,53.2375,0.84672,12.849,0.84672,3695.15,0,0,0,1.45633,1.36326,6.89909,0.923324,8.79536,0.42336,0,0.42336,460.49,0,1.02816,0,0,2.48449,1.45633,1.028160,1,0,62.8201,0,0,0,62.8201,0
61.1103,1.88611,0,0,8.60371,0.249318,0.36288,3.6288,61.308,0.0360148,0,0,2.29913,0.258662,2.00445,0.66528,12.849,1,0.440591,0.36288,0,115.3,4.19349,111.029,0.84672,12.849,0.84672,3695.15,0,0,0,4.39831,1.36365,11.0768,0.923324,15.9154,0.42336,0,0.42336,460.49,0,1.02816,0,0,5.42647,4.39831,1.028160,1,0,128.949,0,0,0,128.949,0
62.0858,1.92321,0,0,3.54033,0.278728,0.36288,3.6288,61.308,0.0362702,0,0,1.22189,0.239388,0.946236,0.66528,12.849,1,0.404373,0.36288,0,48.1319,4.49364,43.5968,0.84672,12.849,0.84672,3695.15,0,0,0,1.07001,1.25821,4.71391,1.0761,5.96603,0.42336,0,0.42336,460.49,0,1.02816,0,0,2.09817,1.07001,1.028160,1,0,50.509,0,0,0,50.509,0
63.1789,1.9292,0,0,3.67203,0.286777,0.36288,3.6288,61.308,0.0365257,0,0,1.66349,0.231679,1.39528,0.66528,12.849,1,0.39926,0.36288,0,84.0325,4.6137,79.3824,0.84672,12.849,0.84672,3695.15,0,0,0,1.12226,1.25857,6.66087,1.13721,7.90449,0.42336,0,0.42336,460.49,0,1.02816,0,0,2.15042,1.12226,1.028160,1,0,88.6822,0,0,0,88.6822,0
65.962,1.93568,0,0,5.37094,0.289356,0.36288,3.6288,61.308,0.0367812,0,0,1.8385,0.231679,1.57004,0.66528,12.849,1,0.393668,0.36288,0,122.863,4.6137,118.219,0.84672,12.849,0.84672,3695.15,0,0,0,1.45275,1.25893,8.50269,1.13721,10.0772,0.42336,0,0.42336,460.49,0,1.02816,0,0,2.48091,1.45275,1.028160,1,0,129.866,0,0,0,129.866,0
72.29,1.95032,0,0,13.0374,0.289288,4.46978,3.6288,61.308,0.0370368,0,0,3.99648,0.254266,3.70517,0.66528,12.849,1,0.37991,4.46978,0,228.442,4.50207,228.029,0.84672,12.849,0.84672,3695.15,0,0,0,6.98564,1.25929,21.1299,1.22342,28.1514,0.42336,0,0.42336,460.49,0,1.02816,0,0,8.0138,6.98564,1.028160,1,0,259.886,0,0,0,259.886,0
72.29,2.04934,0,0,6.83558,0.301926,4.48432,3.6288,61.308,0.0619586,0,0,1.8853,0.20845,1.61489,0.66528,12.849,1,0.364254,4.48432,0,113.702,3.93714,113.885,0.84672,12.849,0.84672,3695.15,0,0,0,2.86484,1.25966,10.2438,1.09456,13.2738,0.42336,0,0.42336,460.49,0,1.02816,0,0,3.893,2.86484,1.028160,1,0,128.773,0,0,0,128.773,0
72.2173,2.05008,0,0,2.61908,0.278815,0.36288,3.6288,61.2321,0.408936,0,0,0.515406,0.182355,0,0.66528,12.849,1,0.364386,0.36288,0,34.6562,3.50102,31.1537,0.84672,12.849,0.84672,3695.15,0,0,0,0.412474,1.29453,3.96222,0.9512,4.71802,0.42336,0,0.42336,460.49,0,0.681437,0,0,1.09391,0.412474,1.028160,1,0,35.8718,0,0,0,35.8718,0
72.29,2.05051,0,0,4.40948,0.278661,2.0076,3.6288,61.308,0.0624672,0,0,0.861691,0.182268,0.54107,0.66528,12.849,1,0.36483,2.0076,0,79.1705,3.50102,77.3122,0.84672,12.849,0.84672,3695.15,0,0,0,0.668019,1.29489,7.87568,0.9512,8.88739,0.42336,0,0.42336,460.49,0,1.02816,0,0,1.69618,0.668019,1.028160,1,0,86.7407,0,0,0,86.7407,0
72.29,2.05157,0,0,6.79441,0.278815,4.46403,3.6288,61.308,0.0627216,0,0,1.98048,0.182355,1.7354,0.66528,12.849,1,0.364651,4.46403,0,142.714,3.50102,143.312,0.84672,12.849,0.84672,3695.15,0,0,0,2.60251,1.29525,14.4126,0.9512,17.3592,0.42336,0,0.42336,460.49,0,1.02816,0,0,3.63067,2.60251,1.028160,1,0,162.407,0,0,0,162.407,0
72.29,2.27754,0,0,8.82901,0.32874,6.22273,3.6288,61.308,0.155715,0,0,1.85045,0.206415,1.48832,0.66528,12.849,1,0.404815,6.22273,0,203.564,3.95829,205.424,0.84672,12.849,0.84672,3695.15,0,0,0,3.70844,1.29561,15.7316,1.06854,19.6671,0.42336,0,0.42336,460.49,0,1.02816,0,0,4.7366,3.70844,1.028160,1,0,226.58,0,0,0,226.58,0
72.29,2.27835,0,0,7.5098,0.350005,4.88144,3.6288,61.308,0.155999,0,0,1.8861,0.161858,1.56825,0.66528,12.849,1,0.40496,4.88144,0,229.359,3.99171,229.844,0.84672,12.849,0.84672,3695.15,0,0,0,3.58559,1.41733,17.0357,0.947396,21.0912,0.42336,0,0.42336,460.49,0,1.02816,0,0,4.61375,3.58559,1.028160,1,0,252.503,0,0,0,252.503,0
72.29,2.27917,0,0,5.61416,0.350221,2.98477,3.6288,61.308,0.156284,0,0,1.21497,0.152828,0.905863,0.66528,12.849,1,0.405106,2.98477,0,158.382,3.9668,156.995,0.84672,12.849,0.84672,3695.15,0,0,0,1.03986,1.41773,10.5467,0.919384,12.0849,0.42336,0,0.42336,460.49,0,1.02816,0,0,2.06802,1.03986,1.028160,1,0,169.986,0,0,0,169.986,0
72.29,2.27999,0,0,4.70726,0.350221,2.07705,3.6288,61.308,0.156568,0,0,1.06218,0.152828,0.752789,0.66528,12.849,1,0.405251,2.07705,0,113.331,3.9668,111.036,0.84672,12.849,0.84672,3695.15,0,0,0,0.630547,1.41813,8.74765,0.919384,9.87695,0.42336,0,0.42336,460.49,0,1.02816,0,0,1.65871,0.630547,1.028160,1,0,121.666,0,0,0,121.666,0
72.29,1.95915,0,0,5.55431,0.316021,3.27913,3.6288,61.308,0.0322357,0,0,1.37433,0.200169,1.14193,0.66528,12.849,1,0.348225,3.27913,0,124.969,4.05804,123.842,0.84672,12.849,0.84672,3695.15,0,0,0,1.2677,1.41854,16.6798,0.999645,18.3664,0.42336,0,0.42336,460.49,0,1.02816,0,0,2.29586,1.2677,1.028160,1,0,143.35,0,0,0,143.35,0
72.29,1.95987,0,0,7.3031,0.348175,4.99505,3.6288,61.308,0.0324802,0,0,1.61317,0.194991,1.38569,0.66528,12.849,1,0.348352,4.99505,0,143.656,4.19583,144.106,0.84672,12.849,0.84672,3695.15,0,0,0,2.16172,1.25166,11.9245,0.930058,14.4078,0.42336,0,0.42336,460.49,0,1.02816,0,0,3.18988,2.16172,1.028160,1,0,159.9,0,0,0,159.9,0
72.29,1.96058,0,0,5.61877,0.353534,3.30466,3.6288,61.308,0.0327247,0,0,1.33614,0.194128,1.10929,0.66528,12.849,1,0.348479,3.30466,0,142.782,4.21879,141.519,0.84672,12.849,0.84672,3695.15,0,0,0,1.83751,1.25201,10.0045,0.91846,12.1756,0.42336,0,0.42336,460.49,0,1.02816,0,0,2.86567,1.83751,1.028160,1,0,154.804,0,0,0,154.804,0
72.29,1.9613,0,0,5.0405,0.308221,2.77098,3.6288,61.308,0.0329693,0,0,0.888028,0.170063,0.684996,0.66528,12.849,1,0.348606,2.77098,0,119.89,3.87002,118.442,0.84672,12.849,0.84672,3695.15,0,0,0,1.17585,1.25236,8.83276,0.868358,10.3926,0.42336,0,0.42336,460.49,0,1.02816,0,0,2.20401,1.17585,1.028160,1,0,129.519,0,0,0,129.519,0
72.29,1.96201,0,0,5.3222,0.274237,3.08595,3.6288,61.308,0.033214,0,0,1.17062,0.152014,0.985389,0.66528,12.849,1,0.348733,3.08595,0,126.167,3.60843,125.296,0.84672,12.849,0.84672,3695.15,0,0,0,1.85608,1.2527,9.27003,0.830782,11.548,0.42336,0,0.42336,460.49,0,1.02816,0,0,2.88424,1.85608,1.028160,1,0,137.83,0,0,0,137.83,0
72.29,2.04383,0,0,9.34913,0.275107,7.0302,3.6288,61.308,0.0639937,0,0,3.05836,0.158862,2.83551,0.66528,12.849,1,0.363274,7.0302,0,187.272,4.02074,189.918,0.84672,12.849,0.84672,3695.15,0,0,0,4.47413,1.25305,17.7786,0.931568,22.5742,0.42336,0,0.42336,460.49,0,1.02816,0,0,5.50229,4.47413,1.028160,1,0,215.328,0,0,0,215.328,0
72.29,2.04457,0,0,8.36758,0.278094,6.04492,3.6288,61.308,0.0642484,0,0,1.73738,0.204079,1.46906,0.66528,12.849,1,0.363406,6.04492,0,225.671,4.53737,226.815,0.84672,12.849,0.84672,3695.15,0,0,0,3.58741,1.29489,16.2018,1.02793,20.0562,0.42336,0,0.42336,460.49,0,1.02816,0,0,4.61557,3.58741,1.028160,1,0,248.34,0,0,0,248.34,0
72.29,2.04531,0,0,5.21076,0.278094,2.88736,3.6288,61.308,0.064503,0,0,1.11631,0.204079,0.847732,0.66528,12.849,1,0.363538,2.88736,0,136.352,4.53737,134.339,0.84672,12.849,0.84672,3695.15,0,0,0,2.12857,1.29525,10.9348,1.02793,13.3307,0.42336,0,0.42336,460.49,0,1.02816,0,0,3.15673,2.12857,1.028160,1,0,148.517,0,0,0,148.517,0
72.29,2.04605,0,0,4.34928,0.278094,2.02514,3.6288,61.308,0.0647577,0,0,0.956292,0.204079,0.687456,0.66528,12.849,1,0.36367,2.02514,0,98.3578,4.53737,95.4819,0.84672,12.849,0.84672,3695.15,0,0,0,1.99467,1.29561,9.69754,1.02793,11.9599,0.42336,0,0.42336,460.49,0,1.02816,0,0,3.02283,1.99467,1.028160,1,0,108.129,0,0,0,108.129,0
72.29,2.01504,0,0,3.92449,0.267699,1.64174,3.6288,61.308,0.0531376,0,0,0.896547,0.20794,0.635469,0.66528,12.849,1,0.358159,1.64174,0,84.4197,4.53385,81.1694,0.84672,12.849,0.84672,3695.15,0,0,0,1.80625,1.29597,8.69296,1.04202,10.7532,0.42336,0,0.42336,460.49,0,1.02816,0,0,2.83441,1.80625,1.028160,1,0,92.5581,0,0,0,92.5581,0
72.29,2.01578,0,0,3.92787,0.205326,1.70677,3.6288,61.308,0.0533885,0,0,1.07135,0.231105,0.786857,0.66528,12.849,1,0.358289,1.70677,0,80.9404,4.51279,77.7761,0.84672,12.849,0.84672,3695.15,0,0,0,1.70246,1.28015,8.56241,1.12658,10.4184,0.42336,0,0.42336,460.49,0,1.02816,0,0,2.73062,1.70246,1.028160,1,0,88.9814,0,0,0,88.9814,0
72.29,2.01651,0,0,3.48264,0.205326,1.2608,3.6288,61.308,0.0536396,0,0,0.973132,0.231105,0.688387,0.66528,12.849,1,0.358419,1.2608,0,70.1326,4.51279,66.5222,0.84672,12.849,0.84672,3695.15,0,0,0,1.35617,1.2805,7.40448,1.12658,8.91457,0.42336,0,0.42336,460.49,0,1.02816,0,0,2.38433,1.35617,1.028160,1,0,76.1252,0,0,0,76.1252,0
72.29,2.01724,0,0,3.1556,0.201005,0.937359,3.6288,61.308,0.0538906,0,0,0.872519,0.225417,0.593212,0.66528,12.849,1,0.358549,0.937359,0,61.7914,4.39483,57.9754,0.84672,12.849,0.84672,3695.15,0,0,0,1.13962,1.28086,6.77255,1.09667,8.09636,0.42336,0,0.42336,460.49,0,1.02816,0,0,2.16778,1.13962,1.028160,1,0,66.6649,0,0,0,66.6649,0
72.29,2.12588,0,0,2.89246,0.17508,0.591497,3.6288,61.308,0.0963074,0,0,0.824602,0.191284,0.53701,0.66528,12.849,1,0.377859,0.591497,0,59.493,3.68707,56.0195,0.84672,12.849,0.84672,3695.15,0,0,0,1.03411,1.28122,6.16661,0.917156,7.56478,0.42336,0,0.42336,460.49,0,1.02816,0,0,2.06227,1.03411,1.028160,1,0,64.1213,0,0,0,64.1213,0
72.29,2.12665,0,0,2.77929,0.161359,0.491283,3.6288,61.308,0.0965721,0,0,0.760812,0.231653,0.432588,0.66528,12.849,1,0.377995,0.491283,0,52.9883,4.5525,48.5491,0.84672,12.849,0.84672,3695.15,0,0,0,1.12963,1.33796,5.93935,1.09784,7.30911,0.42336,0,0.42336,460.49,0,1.02816,0,0,2.15779,1.12963,1.028160,1,0,56.2908,0,0,0,56.2908,0
72.2761,2.12741,0,0,2.63231,0.155871,0.36288,3.6288,61.308,0.096837,0,0,0.693749,0.2478,0.349112,0.66528,12.849,1,0.378132,0.36288,0,48.7065,4.89867,43.7926,0.84672,12.849,0.84672,3695.15,0,0,0,0.728672,1.33834,5.26662,1.17011,6.16352,0.42336,0,0.42336,460.49,0,1.02816,0,0,1.75683,0.728672,1.028160,1,0,50.3052,0,0,0,50.3052,0
71.9786,2.12812,0,0,2.32775,0.134262,0.36288,3.6288,61.308,0.0971018,0,0,0.651162,0.261965,0.292095,0.66528,12.849,1,0.37833,0.36288,0,43.2968,5.05932,38.222,0.84672,12.849,0.84672,3695.15,0,0,0,0.629485,1.33871,5.14306,1.21116,5.9001,0.42336,0,0.42336,460.49,0,1.02816,0,0,1.65764,0.629485,1.028160,1,0,44.4142,0,0,0,44.4142,0
71.5863,2.12756,0,0,2.20337,0.105234,0.36288,3.6288,61.308,0.0973668,0,0,0.624725,0.280852,0.246506,0.66528,12.849,1,0.379794,0.36288,0,40.0487,5.27352,34.7583,0.84672,12.849,0.84672,3695.15,0,0,0,0.541711,1.33909,5.00688,1.26589,5.62179,0.42336,0,0.42336,460.49,0,1.02816,0,0,1.56987,0.541711,1.028160,1,0,40.6266,0,0,0,40.6266,0
71.3173,2.10522,0,0,2.30362,0.104535,0.36288,3.6288,61.308,0.120844,0,0,0.596043,0.269232,0.205967,0.66528,12.849,1,0.377865,0.36288,0,41.0511,5.1814,35.8548,0.84672,12.849,0.84672,3695.15,0,0,0,0.476773,1.33946,4.9777,1.22172,5.57222,0.42336,0,0.42336,460.49,0,1.02816,0,0,1.50493,0.476773,1.028160,1,0,41.6329,0,0,0,41.6329,0
71.1852,2.10477,0,0,2.4394,0.103807,0.36288,3.6288,61.308,0.121117,0,0,0.5648,0.25374,0.189944,0.66528,12.849,1,0.37921,0.36288,0,41.7419,5.05859,36.667,0.84672,12.849,0.84672,3695.15,0,0,0,0.446161,1.35305,4.98302,1.16283,5.6194,0.42336,0,0.42336,460.49,0,1.02816,0,0,1.47432,0.446161,1.028160,1,0,42.4763,0,0,0,42.4763,0
70.835,2.10494,0,0,2.22125,0.103702,0.36288,3.6288,61.308,0.121389,0,0,0.559089,0.25374,0.18396,0.66528,12.849,1,0.379943,0.36288,0,41.4191,5.05859,36.3435,0.84672,12.849,0.84672,3695.15,0,0,0,0.448252,1.35343,4.79589,1.16283,5.43474,0.42336,0,0.42336,460.49,0,1.02816,0,0,1.47641,0.448252,1.028160,1,0,41.9622,0,0,0,41.9622,0
70.2743,2.10411,0,0,2.00972,0.103424,0.36288,3.6288,61.308,0.121662,0,0,0.518857,0.25374,0.143455,0.66528,12.849,1,0.381671,0.36288,0,37.1947,5.05859,32.1173,0.84672,12.849,0.84672,3695.15,0,0,0,0.265101,1.35381,4.59971,1.16283,5.05579,0.42336,0,0.42336,460.49,0,1.02816,0,0,1.29326,0.265101,1.028160,1,0,37.3166,0,0,0,37.3166,0
69.5939,2.15732,0,0,1.91469,0.074853,0.36288,3.6288,61.308,0.142648,0,0,0.490931,0.319554,0.0287284,0.66528,12.849,1,0.394446,0.36288,0,33.6957,5.90549,27.7586,0.84672,12.849,0.84672,3695.15,0,0,0,0.271426,1.35419,4.35793,1.47196,4.51158,0.42336,0,0.42336,460.49,0,1.02816,0,0,1.29959,0.271426,1.028160,1,0,32.2989,0,0,0,32.2989,0
68.932,2.15484,0,0,1.92364,0.0679046,0.36288,3.6288,61.1794,0.255006,0,0,0.4533,0.326929,0,0.66528,12.849,1,0.397844,0.36288,0,32.5882,6.19605,26.3572,0.84672,12.849,0.84672,3695.15,0,0,0,0.261274,1.38277,3.77705,1.55321,3.86789,0.42336,0,0.42336,460.49,0,0.916082,0,0,1.17736,0.261274,1.028160,1,0,30.2251,0,0,0,30.2251,0
68.2386,2.15239,0,0,1.88943,0.0675564,0.36288,3.6288,61.078,0.220146,0,0,0.445412,0.326664,0,0.66528,12.849,1,0.401209,0.36288,0,30.4261,6.19605,24.1917,0.84672,12.849,0.84672,3695.15,0,0,0,0.261274,1.38316,3.83555,1.55321,3.92677,0.42336,0,0.42336,460.49,0,0.951221,0,0,1.21249,0.261274,1.028160,1,0,28.1185,0,0,0,28.1185,0
67.3018,2.14974,0,0,1.64309,0.0671917,0.36288,3.6288,60.8811,0.28895,0,0,0.418586,0.326454,0,0.66528,12.849,1,0.404785,0.36288,0,28.7863,6.19605,22.5484,0.84672,12.849,0.84672,3695.15,0,0,0,0.227405,1.38354,3.73256,1.55321,3.7903,0.42336,0,0.42336,460.49,0,0.882697,0,0,1.1101,0.227405,1.028160,1,0,26.3387,0,0,0,26.3387,0
66.0792,2.30604,0,0,1.51302,0.066699,0.36288,3.6288,60.5441,0.421176,0,0,0.41013,0.326047,0,0.66528,12.849,1,0.44026,0.36288,0,27.1498,6.19605,20.8764,0.84672,12.849,0.84672,3695.15,0,0,0,0.227405,1.38393,3.69478,1.55321,3.7529,0.42336,0,0.42336,460.49,0,0.825612,0,0,1.05302,0.227405,1.028160,1,0,24.6293,0,0,0,24.6293,0
64.7134,2.30004,0,0,1.35274,0.0556151,0.36288,3.6288,60.0738,0.514853,0,0,0.384916,0.340331,0,0.66528,12.849,1,0.44724,0.36288,0,23.341,6.63738,16.6193,0.84672,12.849,0.84672,3695.15,0,0,0,0.227405,1.47793,3.49435,1.64586,3.55382,0.42336,0,0.42336,460.49,0,0.73224,0,0,0.959645,0.227405,1.028160,1,0,20.1731,0,0,0,20.1731,0
63.4409,2.29299,0,0,1.44676,0.0634343,0.36288,3.6288,59.6435,0.483871,0,0,0.395149,0.341522,0,0.66528,12.849,1,0.455278,0.36288,0,22.7561,6.70667,15.9571,0.84672,12.849,0.84672,3695.15,0,0,0,0.227405,1.47834,3.1804,1.66306,3.22309,0.42336,0,0.42336,460.49,0,0.763525,0,0,0.99093,0.227405,1.028160,1,0,19.1801,0,0,0,19.1801,0
61.9204,2.28621,0,0,1.19138,0.0627844,0.36288,3.6288,59.0704,0.576536,0,0,0.343929,0.340586,0,0.66528,12.849,1,0.463037,0.36288,0,28.2503,6.70667,21.4435,0.84672,12.849,0.84672,3695.15,0,0,0,0.204422,1.47876,2.83741,1.66306,2.85754,0.42336,0,0.42336,460.49,0,0.671164,0,0,0.875586,0.204422,1.028160,1,0,24.301,0,0,0,24.301,0
60.5359,2.2776,0,0,1.31797,0.0620079,0.36288,3.6288,58.8973,0.30621,0,0,0.472452,0.339339,0,0.66528,12.849,1,0.472622,0.36288,0,24.2208,6.70667,17.4044,0.84672,12.849,0.84672,3695.15,0,0,0,0.204422,1.47918,3.39075,1.66306,3.4113,0.42336,0,0.42336,460.49,0,0.941795,0,0,1.14622,0.204422,1.028160,1,0,20.8157,0,0,0,20.8157,0
59.6491,2.19264,0,0,1.74779,0.0790528,0.36288,3.6288,58.7359,0.259524,0,0,0.420809,0.322606,0,0.66528,12.849,1,0.465397,0.36288,0,27.9698,6.43021,21.4371,0.84672,12.849,0.84672,3695.15,0,0,0,0.204422,1.4796,4.63112,1.61245,4.70269,0.42336,0,0.42336,460.49,0,0.943272,0,0,1.14769,0.204422,1.028160,1,0,26.1398,0,0,0,26.1398,0
58.4579,2.18773,0,0,1.48186,0.122424,0.36288,3.6288,58.5466,0.281941,0,0,0.374053,0.281422,0,0.66528,12.849,1,0.471259,0.36288,0,41.5144,5.73909,35.667,0.84672,12.849,0.84672,3695.15,0,0,0,0.204422,1.4274,4.31317,1.48594,4.45906,0.42336,0,0.42336,460.49,0,0.921145,0,0,1.12557,0.204422,1.028160,1,0,40.126,0,0,0,40.126,0
58.7468,2.18064,0,0,2.95345,0.121025,0.36288,3.6288,58.7104,0.175215,0,0,0.620081,0.28108,0,0.66528,12.849,1,0.479303,0.36288,0,44.5878,5.73909,38.7322,0.84672,12.849,0.84672,3695.15,0,0,0,1.15376,1.4278,7.0556,1.48594,8.15122,0.42336,0,0.42336,460.49,0,1.02816,0,0,2.18192,1.15376,1.028160,1,0,46.8835,0,0,0,46.8835,0
57.4065,2.18335,0,0,1.32729,0.121364,0.36288,3.6288,58.5604,0.231518,0,0,0.36287,0.281376,0,0.66528,12.849,1,0.477539,0.36288,0,38.2896,5.73909,32.4359,0.84672,12.849,0.84672,3695.15,0,0,0,0.216518,1.4282,3.81414,1.48594,3.97292,0.42336,0,0.42336,460.49,0,0.972147,0,0,1.18867,0.216518,1.028160,1,0,36.4088,0,0,0,36.4088,0
56.3134,2.11245,0,0,1.50201,0.11979,0.36288,3.6288,58.4445,0.260086,0,0,0.425356,0.281105,0,0.66528,12.849,1,0.472819,0.36288,0,30.7372,5.73909,24.8882,0.84672,12.849,0.84672,3695.15,0,0,0,0.216518,1.4286,4.24716,1.48594,4.40635,0.42336,0,0.42336,460.49,0,0.902388,0,0,1.11891,0.216518,1.028160,1,0,29.2946,0,0,0,29.2946,0
55.3825,2.10574,0,0,1.71905,0.181364,0.36288,3.6288,58.7904,0.13459,0,0,0.686515,0.206093,0,0.66528,12.849,1,0.480465,0.36288,0,58.4061,4.11904,54.1694,0.84672,12.849,0.84672,3695.15,0,0,0,1.04098,1.38261,5.20925,1.12451,6.50834,0.42336,0,0.42336,460.49,0,1.02816,0,0,2.06914,1.04098,1.028160,1,0,60.6778,0,0,0,60.6778,0
57.0757,2.09993,0,0,4.35276,0.19675,0.36288,3.6288,59.538,0.134867,0,0,1.05736,0.174883,0,0.66528,12.849,1,0.487195,0.36288,0,72.2566,3.54995,68.5823,0.84672,12.849,0.84672,3695.15,0,0,0,2.15337,1.38299,9.72709,0.980761,12.2827,0.42336,0,0.42336,460.49,0,1.02816,0,0,3.18153,2.15337,1.028160,1,0,80.865,0,0,0,80.865,0
59.0027,2.11249,0,0,4.60248,0.200083,0.36288,3.6288,60.3665,0.135143,0,0,1.13937,0.175723,0,0.66528,12.849,1,0.475568,0.36288,0,98.4684,3.54995,94.8057,0.84672,12.849,0.84672,3695.15,0,0,0,2.01406,1.38338,11.2163,0.980761,13.633,0.42336,0,0.42336,460.49,0,1.02816,0,0,3.04222,2.01406,1.028160,1,0,108.439,0,0,0,108.439,0
61.9811,1.94719,0,0,5.4924,0.203876,0.36288,3.6288,61.308,0.0489171,0,0,1.48856,0.176654,0.321482,0.66528,12.849,1,0.424039,0.36288,0,118.365,3.54995,114.754,0.84672,12.849,0.84672,3695.15,0,0,0,2.41091,1.38377,11.4107,0.980761,14.2246,0.42336,0,0.42336,460.49,0,1.02816,0,0,3.43907,2.41091,1.028160,1,0,129.3,0,0,0,129.3,0
65.0863,1.96478,0,0,5.68868,0.255828,0.36288,3.6288,61.308,0.0491659,0,0,2.05438,0.189284,1.81593,0.66528,12.849,1,0.407309,0.36288,0,108.484,3.96053,104.479,0.84672,12.849,0.84672,3695.15,0,0,0,1.88746,1.27652,9.85029,1.06726,11.947,0.42336,0,0.42336,460.49,0,1.02816,0,0,2.91562,1.88746,1.028160,1,0,118.242,0,0,0,118.242,0
65.7687,1.98173,0,0,3.28718,0.260261,0.36288,3.6288,61.308,0.0494147,0,0,1.12124,0.184,0.887824,0.66528,12.849,1,0.391222,0.36288,0,88.2343,3.92574,84.2802,0.84672,12.849,0.84672,3695.15,0,0,0,1.51659,1.27687,6.74086,1.00087,8.53345,0.42336,0,0.42336,460.49,0,1.02816,0,0,2.54475,1.51659,1.028160,1,0,93.7015,0,0,0,93.7015,0
66.1474,1.98584,0,0,2.98916,0.261686,0.36288,3.6288,61.308,0.0496636,0,0,0.914302,0.184,0.680639,0.66528,12.849,1,0.387967,0.36288,0,68.4614,3.92574,64.5105,0.84672,12.849,0.84672,3695.15,0,0,0,0.934649,1.27722,6.95603,1.00087,8.16704,0.42336,0,0.42336,460.49,0,1.02816,0,0,1.96281,0.934649,1.028160,1,0,73.3582,0,0,0,73.3582,0
66.9433,1.98842,0,0,3.39981,0.252637,0.36288,3.6288,61.308,0.0499126,0,0,1.09254,0.188818,0.853806,0.66528,12.849,1,0.386247,0.36288,0,86.4994,3.48814,82.9878,0.84672,12.849,0.84672,3695.15,0,0,0,1.81459,1.27758,7.21734,0.94192,9.36759,0.42336,0,0.42336,460.49,0,1.02816,0,0,2.84275,1.81459,1.028160,1,0,93.2092,0,0,0,93.2092,0
69.5769,1.99227,0,0,5.23991,0.251174,0.36288,3.6288,61.308,0.0499126,0,0,1.53367,0.199527,1.28423,0.66528,12.849,1,0.382394,0.36288,0,123.576,3.8991,119.658,0.84672,12.849,0.84672,3695.15,0,0,0,2.47781,1.27793,10.947,0.9347,13.768,0.42336,0,0.42336,460.49,0,1.02816,0,0,3.50597,2.47781,1.028160,1,0,134.71,0,0,0,134.71,0
70.9501,2.07601,0,0,4.06174,0.249597,0.36288,3.6288,61.308,0.0752438,0,0,1.50219,0.213832,1.21312,0.66528,12.849,1,0.383384,0.36288,0,89.17,4.26657,84.8829,0.84672,12.849,0.84672,3695.15,0,0,0,1.71965,1.27793,7.22727,0.807497,9.41735,0.42336,0,0.42336,460.49,0,1.02816,0,0,2.74781,1.71965,1.028160,1,0,95.5134,0,0,0,95.5134,0
71.9168,2.08302,0,0,3.66482,0.252252,0.36288,3.6288,61.308,0.0754911,0,0,1.37868,0.213832,1.08936,0.66528,12.849,1,0.377232,0.36288,0,79.8155,4.26657,75.5345,0.84672,12.849,0.84672,3695.15,0,0,0,1.49525,1.31338,6.73229,0.807497,8.73342,0.42336,0,0.42336,460.49,0,1.02816,0,0,2.52341,1.49525,1.028160,1,0,85.3573,0,0,0,85.3573,0
72.29,2.08804,0,0,3.71434,0.27767,0.975413,3.6288,61.308,0.0757385,0,0,1.39673,0.216181,1.10481,0.66528,12.849,1,0.37306,0.975413,0,80.2293,4.40133,76.4303,0.84672,12.849,0.84672,3695.15,0,0,0,1.52868,1.31373,6.98976,0.882898,8.94928,0.42336,0,0.42336,460.49,0,1.02816,0,0,2.55684,1.52868,1.028160,1,0,86.4844,0,0,0,86.4844,0
72.29,2.0904,0,0,3.73428,0.343984,1.29989,3.6288,61.308,0.0759859,0,0,1.33753,0.234305,1.02724,0.66528,12.849,1,0.371553,1.29989,0,80.3123,5.06535,76.1752,0.84672,12.849,0.84672,3695.15,0,0,0,1.59656,1.31408,7.06018,1.27611,8.69471,0.42336,0,0.42336,460.49,0,1.02816,0,0,2.62472,1.59656,1.028160,1,0,85.8972,0,0,0,85.8972,0
72.29,2.32013,0,0,3.2259,0.3401,0.565665,3.6288,61.308,0.170531,0,0,1.14228,0.229343,0.742406,0.66528,12.849,1,0.412386,0.565665,0,69.1023,4.13312,65.1225,0.84672,12.849,0.84672,3695.15,0,0,0,0.865115,1.31443,5.57118,1.10538,6.64535,0.42336,0,0.42336,460.49,0,1.02816,0,0,1.89327,0.865115,1.028160,1,0,72.5102,0,0,0,72.5102,0
72.29,2.32093,0,0,3.85055,0.336601,1.19302,3.6288,61.308,0.170807,0,0,1.62842,0.223682,1.23393,0.66528,12.849,1,0.412528,1.19302,0,63.5432,3.66208,60.6616,0.84672,12.849,0.84672,3695.15,0,0,0,2.00499,1.43818,4.85434,0.975681,7.32183,0.42336,0,0.42336,460.49,0,1.02816,0,0,3.03315,2.00499,1.028160,1,0,69.2174,0,0,0,69.2174,0
71.734,2.32172,0,0,2.46519,0.336601,0.36288,3.6288,61.308,0.171084,0,0,0.819101,0.223682,0.424335,0.66528,12.849,1,0.412669,0.36288,0,43.4132,3.66208,39.7014,0.84672,12.849,0.84672,3695.15,0,0,0,0.767102,1.43857,3.70455,0.975681,4.93454,0.42336,0,0.42336,460.49,0,1.02816,0,0,1.79526,0.767102,1.028160,1,0,45.0602,0,0,0,45.0602,0
70.7671,2.31981,0,0,2.01774,0.301984,0.36288,3.6288,61.308,0.258599,0,0,0.712228,0.233243,0.220386,0.66528,12.849,1,0.415524,0.36288,0,41.0703,3.72388,37.2938,0.84672,12.849,0.84672,3695.15,0,0,0,0.608429,1.43896,3.80879,1.04154,4.81464,0.42336,0,0.42336,460.49,0,0.940922,0,0,1.54935,0.608429,1.028160,1,0,42.3288,0,0,0,42.3288,0
70.7907,1.98981,0,0,2.69439,0.318099,0.36288,3.6288,61.308,0.0449333,0,0,0.891164,0.199473,0.646758,0.66528,12.849,1,0.361285,0.36288,0,50.6037,2.83899,47.7663,0.84672,12.849,0.84672,3695.15,0,0,0,0.935349,1.43935,5.36899,0.899907,6.84378,0.42336,0,0.42336,460.49,0,1.02816,0,0,1.96351,0.935349,1.028160,1,0,55.2568,0,0,0,55.2568,0
72.1622,1.99061,0,0,4.0367,0.311661,0.36288,3.6288,61.308,0.0451711,0,0,1.07306,0.188525,0.839366,0.66528,12.849,1,0.361309,0.36288,0,81.807,3.20166,78.6069,0.84672,12.849,0.84672,3695.15,0,0,0,1.23576,1.26967,8.70179,0.884362,10.3229,0.42336,0,0.42336,460.49,0,1.02816,0,0,2.26392,1.23576,1.028160,1,0,89.7691,0,0,0,89.7691,0
72.29,1.99713,0,0,3.31037,0.314942,0.870513,3.6288,61.308,0.0454089,0,0,0.865123,0.188525,0.631189,0.66528,12.849,1,0.355604,0.870513,0,55.1684,3.20166,52.4816,0.84672,12.849,0.84672,3695.15,0,0,0,0.861028,1.27,6.34737,0.884362,7.59404,0.42336,0,0.42336,460.49,0,1.02816,0,0,1.88919,0.861028,1.028160,1,0,60.7069,0,0,0,60.7069,0
72.29,1.99836,0,0,3.81208,0.315247,1.49847,3.6288,61.308,0.0456468,0,0,0.963291,0.188525,0.729119,0.66528,12.849,1,0.355194,1.49847,0,77.8995,3.20166,75.8412,0.84672,12.849,0.84672,3695.15,0,0,0,1.17418,1.27034,5.76997,0.884362,7.33013,0.42336,0,0.42336,460.49,0,1.02816,0,0,2.20234,1.17418,1.028160,1,0,83.9004,0,0,0,83.9004,0
72.29,1.99906,0,0,4.09966,0.313812,1.78679,3.6288,61.308,0.0458848,0,0,1.11461,0.178439,0.890288,0.66528,12.849,1,0.355317,1.78679,0,65.1044,3.16167,63.3742,0.84672,12.849,0.84672,3695.15,0,0,0,1.09633,1.27068,6.72437,0.876117,8.21527,0.42336,0,0.42336,460.49,0,1.02816,0,0,2.12449,1.09633,1.028160,1,0,72.4797,0,0,0,72.4797,0
72.29,2.0822,0,0,3.50763,0.330942,1.09449,3.6288,61.308,0.0771672,0,0,1.02073,0.157878,0.785684,0.66528,12.849,1,0.370095,1.09449,0,61.2995,2.85337,59.1705,0.84672,12.849,0.84672,3695.15,0,0,0,0.76369,1.27102,6.57685,0.815051,7.79651,0.42336,0,0.42336,460.49,0,1.02816,0,0,1.79185,0.76369,1.028160,1,0,67.7527,0,0,0,67.7527,0
72.29,2.08292,0,0,3.38329,0.330942,0.969423,3.6288,61.308,0.0774148,0,0,0.935487,0.157878,0.700194,0.66528,12.849,1,0.370224,0.969423,0,71.45,2.85337,69.1958,0.84672,12.849,0.84672,3695.15,0,0,0,0.639706,1.31354,6.11307,0.815051,7.25126,0.42336,0,0.42336,460.49,0,1.02816,0,0,1.66787,0.639706,1.028160,1,0,77.1472,0,0,0,77.1472,0
72.29,2.08364,0,0,2.92872,0.330942,0.514134,3.6288,61.308,0.0776624,0,0,0.752855,0.157878,0.517314,0.66528,12.849,1,0.370352,0.514134,0,49.7619,2.85337,47.0523,0.84672,12.849,0.84672,3695.15,0,0,0,0.913637,1.31389,4.9721,0.815051,6.38457,0.42336,0,0.42336,460.49,0,1.02816,0,0,1.9418,0.913637,1.028160,1,0,53.9542,0,0,0,53.9542,0
72.29,2.08436,0,0,2.93203,0.310837,0.536825,3.6288,61.308,0.0779102,0,0,0.653621,0.113646,0.462065,0.66528,12.849,1,0.37048,0.536825,0,54.3577,1.97655,52.5475,0.84672,12.849,0.84672,3695.15,0,0,0,0.773755,1.31424,3.91206,0.692183,5.30787,0.42336,0,0.42336,460.49,0,1.02816,0,0,1.80192,0.773755,1.028160,1,0,58.3174,0,0,0,58.3174,0
72.0082,2.05281,0,0,2.42628,0.292371,0.36288,3.6288,61.308,0.434538,0,0,0.638017,0.159602,0.0438774,0.66528,12.849,1,0.364871,0.36288,0,44.6601,3.67149,40.9866,0.84672,12.849,0.84672,3695.15,0,0,0,0.528595,1.31459,3.45875,0.922245,4.37969,0.42336,0,0.42336,460.49,0,0.659707,0,0,1.1883,0.528595,1.028160,1,0,45.4102,0,0,0,45.4102,0
71.5633,2.05231,0,0,2.19885,0.228611,0.36288,3.6288,61.1116,0.528691,0,0,0.528047,0.195788,0,0.66528,12.849,1,0.36621,0.36288,0,40.3822,4.0075,36.3714,0.84672,12.849,0.84672,3695.15,0,0,0,0.528595,1.29849,3.17688,0.944315,4.05965,0.42336,0,0.42336,460.49,0,0.565799,0,0,1.09439,0.528595,1.028160,1,0,40.4311,0,0,0,40.4311,0
71.0846,2.05109,0,0,2.13517,0.199903,0.36288,3.6288,61.1496,0.324253,0,0,0.57089,0.208608,0,0.66528,12.849,1,0.368268,0.36288,0,38.9484,4.12283,34.8202,0.84672,12.849,0.84672,3695.15,0,0,0,0.402797,1.29883,3.51574,0.9512,4.26617,0.42336,0,0.42336,460.49,0,0.770481,0,0,1.17328,0.402797,1.028160,1,0,39.0864,0,0,0,39.0864,0
70.4585,2.0497,0,0,1.98571,0.199173,0.36288,3.6288,61.034,0.435228,0,0,0.528245,0.208658,0,0.66528,12.849,1,0.370497,0.36288,0,35.6267,4.12283,31.4963,0.84672,12.849,0.84672,3695.15,0,0,0,0.402797,1.29918,3.24622,0.9512,3.997,0.42336,0,0.42336,460.49,0,0.65975,0,0,1.06255,0.402797,1.028160,1,0,35.4932,0,0,0,35.4932,0
69.6282,2.15689,0,0,1.90055,0.211078,0.36288,3.6288,60.8892,0.506554,0,0,0.566092,0.204318,0,0.66528,12.849,1,0.393336,0.36288,0,33.9733,4.11929,29.8235,0.84672,12.849,0.84672,3695.15,0,0,0,0.402797,1.29953,2.84596,0.976663,3.57162,0.42336,0,0.42336,460.49,0,0.631532,0,0,1.03433,0.402797,1.028160,1,0,33.3951,0,0,0,33.3951,0
68.4962,2.15367,0,0,1.5647,0.180162,0.36288,3.6288,60.6945,0.504781,0,0,0.520449,0.210339,0,0.66528,12.849,1,0.397433,0.36288,0,27.3755,4.40107,22.9399,0.84672,12.849,0.84672,3695.15,0,0,0,0.402797,1.3572,2.46196,0.943104,3.27885,0.42336,0,0.42336,460.49,0,0.633563,0,0,1.03636,0.402797,1.028160,1,0,26.2187,0,0,0,26.2187,0
67.3516,2.14888,0,0,1.54572,0.178583,0.36288,3.6288,60.6233,0.422406,0,0,0.561232,0.210079,0,0.66528,12.849,1,0.403103,0.36288,0,26.5594,4.40107,22.1181,0.84672,12.849,0.84672,3695.15,0,0,0,0.30119,1.35756,2.66761,0.943104,3.38326,0.42336,0,0.42336,460.49,0,0.716196,0,0,1.01739,0.30119,1.028160,1,0,25.5014,0,0,0,25.5014,0
66.116,2.14387,0,0,1.4482,0.176986,0.36288,3.6288,60.4845,0.455435,0,0,0.526627,0.209984,0,0.66528,12.849,1,0.408997,0.36288,0,24.7807,4.40107,20.3335,0.84672,12.849,0.84672,3695.15,0,0,0,0.30119,1.35793,2.38525,0.943104,3.10127,0.42336,0,0.42336,460.49,0,0.683424,0,0,0.984614,0.30119,1.028160,1,0,23.4348,0,0,0,23.4348,0
64.7235,2.13821,0,0,1.26643,0.157857,0.36288,3.6288,60.3532,0.438724,0,0,0.535615,0.228186,0,0.66528,12.849,1,0.415539,0.36288,0,22.9234,4.64378,18.227,0.84672,12.849,0.84672,3695.15,0,0,0,0.30119,1.35829,2.21561,1.03842,2.83666,0.42336,0,0.42336,460.49,0,0.700393,0,0,1.00158,0.30119,1.028160,1,0,21.0636,0,0,0,21.0636,0
63.1309,2.11013,0,0,0.993427,0.113078,0.36288,3.6288,60.4646,0.227413,0,0,0.612729,0.273923,0,0.66528,12.849,1,0.418906,0.36288,0,21.465,5.25052,16.1585,0.84672,12.849,0.84672,3695.15,0,0,0,0.30119,1.35865,1.87777,1.27673,2.26088,0.42336,0,0.42336,460.49,0,0.935557,0,0,1.23675,0.30119,1.028160,1,0,18.4194,0,0,0,18.4194,0
61.4845,2.10207,0,0,0.93026,0.111628,0.36288,3.6288,60.5105,0.262402,0,0,0.5825,0.274118,0,0.66528,12.849,1,0.427834,0.36288,0,21.437,5.25052,16.1215,0.84672,12.849,0.84672,3695.15,0,0,0,0.261274,1.37245,1.92972,1.27673,2.28672,0.42336,0,0.42336,460.49,0,0.900832,0,0,1.16211,0.261274,1.028160,1,0,18.4082,0,0,0,18.4082,0
59.7642,2.09332,0,0,0.846029,0.11013,0.36288,3.6288,60.5266,0.277727,0,0,0.568005,0.274198,0,0.66528,12.849,1,0.437461,0.36288,0,21.0172,5.25052,15.6921,0.84672,12.849,0.84672,3695.15,0,0,0,0.261274,1.37282,1.84901,1.27673,2.20638,0.42336,0,0.42336,460.49,0,0.885773,0,0,1.14705,0.261274,1.028160,1,0,17.8985,0,0,0,17.8985,0
57.9771,2.08367,0,0,0.767897,0.108493,0.36288,3.6288,60.3779,0.40735,0,0,0.532879,0.274226,0,0.66528,12.849,1,0.447979,0.36288,0,18.7282,5.25052,13.3925,0.84672,12.849,0.84672,3695.15,0,0,0,0.261274,1.37319,1.78867,1.27673,2.14641,0.42336,0,0.42336,460.49,0,0.756415,0,0,1.01769,0.261274,1.028160,1,0,15.5389,0,0,0,15.5389,0
56.1409,2.12724,0,0,0.737484,0.0835768,0.36288,3.6288,60.2195,0.396788,0,0,0.554119,0.315768,0,0.66528,12.849,1,0.471444,0.36288,0,17.4855,5.75321,11.6238,0.84672,12.849,0.84672,3695.15,0,0,0,0.261274,1.37356,1.57117,1.50142,1.70457,0.42336,0,0.42336,460.49,0,0.788296,0,0,1.04957,0.261274,1.028160,1,0,13.3284,0,0,0,13.3284,0
54.3029,2.11542,0,0,0.723436,0.0831541,0.36288,3.6288,60.1114,0.353774,0,0,0.555363,0.309701,0,0.66528,12.849,1,0.484158,0.36288,0,16.3667,5.67231,10.5731,0.84672,12.849,0.84672,3695.15,0,0,0,0.261274,1.40259,1.58994,1.47876,1.77504,0.42336,0,0.42336,460.49,0,0.831583,0,0,1.09286,0.261274,1.028160,1,0,12.3481,0,0,0,12.3481,0
52.3846,2.10289,0,0,0.629113,0.0816364,0.36288,3.6288,59.9113,0.412452,0,0,0.521918,0.309488,0,0.66528,12.849,1,0.497581,0.36288,0,15.4845,5.67231,9.67751,0.84672,12.849,0.84672,3695.15,0,0,0,0.227405,1.40297,1.54725,1.47876,1.69886,0.42336,0,0.42336,460.49,0,0.773176,0,0,1.00058,0.227405,1.028160,1,0,11.3764,0,0,0,11.3764,0
50.432,2.08898,0,0,0.579325,0.0800525,0.36288,3.6288,59.6495,0.464166,0,0,0.511373,0.309094,0,0.66528,12.849,1,0.512389,0.36288,0,14.6042,5.67231,8.78237,0.84672,12.849,0.84672,3695.15,0,0,0,0.227405,1.40334,1.53159,1.47876,1.68357,0.42336,0,0.42336,460.49,0,0.721734,0,0,0.949139,0.227405,1.028160,1,0,10.4659,0,0,0,10.4659,0
48.227,2.22848,0,0,0.444445,0.0580254,0.36288,3.6288,59.2817,0.550273,0,0,0.486395,0.303836,0,0.66528,12.849,1,0.567769,0.36288,0,11.9305,5.78048,5.94509,0.84672,12.849,0.84672,3695.15,0,0,0,0.227405,1.40372,1.41838,1.51216,1.53734,0.42336,0,0.42336,460.49,0,0.711988,0,0,0.939393,0.227405,1.028160,1,0,7.48243,0,0,0,7.48243,0
45.9928,2.20874,0,0,0.396598,0.0592704,0.36288,3.6288,58.8609,0.585578,0,0,0.445228,0.280538,0,0.66528,12.7834,1,0.588467,0.36288,0,8.72588,5.36046,3.20544,0.84672,12.7834,0.84672,3695.15,0,0,0,0.227405,1.49924,1.40424,1.48659,1.6443,0.42336,0,0.42336,460.49,0,0.676979,0,0,0.904383,0.227405,1.028160,1,0,4.84974,0,0,0,4.84974,0
43.9695,2.18958,0,0,0.591035,0.0618237,0.36288,3.6288,58.7315,0.377753,0,0,0.527106,0.278726,0,0.66528,12.849,1,0.608579,0.36288,0,11.2324,5.33078,5.59035,0.84672,12.849,0.84672,3695.15,0,0,0,0.204422,1.49965,1.53898,1.48295,1.7601,0.42336,0,0.42336,460.49,0,0.885099,0,0,1.08952,0.204422,1.028160,1,0,7.35046,0,0,0,7.35046,0
42.2053,2.16612,0,0,0.842984,0.0781917,0.36288,3.6288,58.8171,0.326182,0,0,0.681187,0.269405,0,0.66528,12.849,1,0.632994,0.36288,0,16.4768,5.26724,10.9395,0.84672,12.849,0.84672,3695.15,0,0,0,0.204422,1.50005,1.68504,1.45955,1.92996,0.42336,0,0.42336,460.49,0,0.936965,0,0,1.14139,0.204422,1.028160,1,0,12.8694,0,0,0,12.8694,0
40.1581,2.14656,0,0,0.526971,0.0647153,0.36288,3.6288,58.7358,0.378914,0,0,0.566686,0.269059,0,0.66528,12.849,1,0.653501,0.36288,0,16.309,5.37417,10.6442,0.84672,12.849,0.84672,3695.15,0,0,0,0.204422,1.50046,1.27713,1.4345,1.54751,0.42336,0,0.42336,460.49,0,0.884529,0,0,1.08895,0.204422,1.028160,1,0,12.1918,0,0,0,12.1918,0
38.2383,2.05031,0,0,0.530145,0.0368066,0.36288,3.6288,59.4188,0.189324,0,0,1.16034,0.288008,0,0.66528,12.849,1,0.656018,0.36288,0,10.554,5.09922,5.16166,0.84672,12.849,0.84672,3695.15,0,0,0,1.35083,1.50087,2.36307,1.29659,3.91818,0.42336,0,0.42336,460.49,0,1.02816,0,0,2.37899,1.35083,1.028160,1,0,9.07984,0,0,0,9.07984,0
36.2529,2.02635,0,0,0.439894,0.0359933,0.36288,3.6288,59.5509,0.202686,0,0,0.624095,0.289272,0,0.66528,12.849,1,0.680904,0.36288,0,10.1122,5.09922,4.69493,0.84672,12.849,0.84672,3695.15,0,0,0,0.216518,1.44779,1.75985,1.29659,2.12757,0.42336,0,0.42336,460.49,0,1.01508,0,0,1.2316,0.216518,1.028160,1,0,6.8225,0,0,0,6.8225,0
34.4468,1.9995,0,0,0.632687,0.0764237,0.36288,3.6288,59.8842,0.189887,0,0,0.767655,0.244538,0,0.66528,12.849,1,0.708677,0.36288,0,11.8019,4.47633,6.97977,0.84672,12.849,0.84672,3695.15,0,0,0,0.359666,1.44819,1.93654,1.10189,2.64249,0.42336,0,0.42336,460.49,0,1.02816,0,0,1.38783,0.359666,1.028160,1,0,9.62226,0,0,0,9.62226,0
33.5279,1.97312,0,0,1.54571,0.128606,0.36288,3.6288,61.0864,0.190168,0,0,1.5774,0.18496,0,0.66528,12.849,1,0.735991,0.36288,0,35.5926,3.64581,31.5736,0.84672,12.849,0.84672,3695.15,0,0,0,1.18234,1.44858,5.15811,0.842302,6.94673,0.42336,0,0.42336,460.49,0,1.02816,0,0,2.2105,1.18234,1.028160,1,0,38.5204,0,0,0,38.5204,0
32.4453,1.90294,0,0,1.3371,0.15387,0.36288,3.6288,61.308,0.148295,0,0,0.983871,0.256799,0.357224,0.66528,12.849,1,0.72927,0.36288,0,26.6692,4.52556,21.7772,0.84672,12.849,0.84672,3695.15,0,0,0,0.924359,1.44897,3.25092,1.05865,4.56559,0.42336,0,0.42336,460.49,0,1.02816,0,0,1.95252,0.924359,1.028160,1,0,26.7,0,0,0,26.7,0
31.5262,1.88616,0,0,1.49228,0.162352,0.36288,3.6288,61.308,0.148564,0,0,0.993349,0.285367,0.559418,0.66528,12.849,1,0.746957,0.36288,0,25.9114,4.87746,20.6498,0.84672,12.849,0.84672,3695.15,0,0,0,0.950072,1.40221,5.94804,1.1452,7.15513,0.42336,0,0.42336,460.49,0,1.02816,0,0,1.97823,0.950072,1.028160,1,0,28.3644,0,0,0,28.3644,0
31.1822,1.87133,0,0,2.06145,0.171268,0.36288,3.6288,61.308,0.148833,0,0,1.31774,0.280522,0.888383,0.66528,12.849,1,0.762689,0.36288,0,44.2706,4.73448,39.1363,0.84672,12.849,0.84672,3695.15,0,0,0,1.55648,1.40258,5.69536,1.12443,7.52999,0.42336,0,0.42336,460.49,0,1.02816,0,0,2.58464,1.55648,1.028160,1,0,47.5547,0,0,0,47.5547,0
33.3453,1.86601,0,0,4.58936,0.197363,0.36288,3.6288,61.308,0.149102,0,0,2.687,0.26841,2.26949,0.66528,12.849,1,0.768912,0.36288,0,53.6986,4.37703,48.9155,0.84672,12.849,0.84672,3695.15,0,0,0,2.68066,1.40296,10.4669,1.07252,13.478,0.42336,0,0.42336,460.49,0,1.02816,0,0,3.70882,2.68066,1.028160,1,0,64.663,0,0,0,64.663,0
34.2046,1.74293,0,0,3.1646,0.19951,0.36288,3.6288,61.308,0.0614666,0,0,1.3012,0.262864,0.97687,0.66528,12.849,1,0.671608,0.36288,0,53.1106,4.32856,48.4733,0.84672,12.849,0.84672,3695.15,0,0,0,1.84408,1.40334,8.7296,1.04772,10.9293,0.42336,0,0.42336,460.49,0,1.02816,0,0,2.87224,1.84408,1.028160,1,0,60.3795,0,0,0,60.3795,0
36.9891,1.75581,0,0,5.10042,0.197208,0.36288,3.6288,61.308,0.0617084,0,0,1.14246,0.25547,0.82528,0.66528,12.849,1,0.659571,0.36288,0,73.2546,4.26394,68.6939,0.84672,12.849,0.84672,3695.15,0,0,0,1.13569,1.29433,9.16445,1.01467,10.5798,0.42336,0,0.42336,460.49,0,1.02816,0,0,2.16385,1.13569,1.028160,1,0,80.099,0,0,0,80.099,0
39.0839,1.79328,0,0,4.45487,0.203934,0.36288,3.6288,61.308,0.0619504,0,0,5.67478,0.25547,5.35736,0.66528,12.849,1,0.622935,0.36288,0,92.2726,4.26394,87.7486,0.84672,12.849,0.84672,3695.15,0,0,0,4.91972,1.29467,12.5408,1.01467,17.7405,0.42336,0,0.42336,460.49,0,1.02816,0,0,5.94788,4.91972,1.028160,1,0,110.846,0,0,0,110.846,0
40.9669,1.81903,0,0,4.28627,0.221332,0.36288,3.6288,61.308,0.0621924,0,0,3.07346,0.253921,2.75734,0.66528,12.849,1,0.598015,0.36288,0,84.5829,4.51474,79.833,0.84672,12.849,0.84672,3695.15,0,0,0,2.48836,1.29502,8.39998,1.12011,11.0633,0.42336,0,0.42336,460.49,0,1.02816,0,0,3.51652,2.48836,1.028160,1,0,93.6536,0,0,0,93.6536,0
41.2953,1.84059,0,0,2.7897,0.257819,0.36288,3.6288,61.308,0.0624345,0,0,1.69701,0.25005,1.38452,0.66528,12.849,1,0.57729,0.36288,0,38.8459,5.14174,33.4897,0.84672,12.849,0.84672,3695.15,0,0,0,1.72735,1.29536,5.63313,1.38369,7.27215,0.42336,0,0.42336,460.49,0,1.02816,0,0,2.75551,1.72735,1.028160,1,0,42.1464,0,0,0,42.1464,0
45.2631,1.90973,0,0,6.41672,0.176327,0.36288,3.6288,61.308,0.0881634,0,0,3.84915,0.253836,3.50715,0.66528,12.849,1,0.594211,0.36288,0,121.834,5.31604,116.287,0.84672,12.849,0.84672,3695.15,0,0,0,4.55194,1.2957,15.4411,1.43863,19.8502,0.42336,0,0.42336,460.49,0,1.02816,0,0,5.5801,4.55194,1.028160,1,0,139.644,0,0,0,139.644,0
48.9368,1.95095,0,0,6.17213,0.184564,0.36288,3.6288,61.308,0.0884034,0,0,3.43353,0.253836,3.09129,0.66528,12.849,1,0.553822,0.36288,0,124.077,5.31604,118.57,0.84672,12.849,0.84672,3695.15,0,0,0,4.41314,1.33171,14.4008,1.43863,18.707,0.42336,0,0.42336,460.49,0,1.02816,0,0,5.4413,4.41314,1.028160,1,0,140.369,0,0,0,140.369,0
51.1336,1.98453,0,0,4.74791,0.20372,0.36288,3.6288,61.308,0.0886436,0,0,2.66007,0.249039,2.32238,0.66528,12.849,1,0.521065,0.36288,0,106.637,5.10278,101.377,0.84672,12.849,0.84672,3695.15,0,0,0,3.03441,1.33205,9.34753,1.37813,12.3359,0.42336,0,0.42336,460.49,0,1.02816,0,0,4.06257,3.03441,1.028160,1,0,116.035,0,0,0,116.035,0
52.8678,2.00308,0,0,4.37944,0.279324,0.36288,3.6288,61.308,0.0888837,0,0,2.32076,0.220254,2.01163,0.66528,12.849,1,0.503341,0.36288,0,91.1269,3.82315,87.1633,0.84672,12.849,0.84672,3695.15,0,0,0,2.93188,1.33239,7.93904,1.01513,11.1882,0.42336,0,0.42336,460.49,0,1.02816,0,0,3.96004,2.93188,1.028160,1,0,100.363,0,0,0,100.363,0
56.2634,2.2375,0,0,6.2476,0.251607,0.36288,3.6288,61.308,0.184937,0,0,3.592,0.253305,3.15376,0.66528,12.849,1,0.543802,0.36288,0,166.331,4.18489,161.965,0.84672,12.849,0.84672,3695.15,0,0,0,6.11366,1.33273,19.3184,1.19039,25.5744,0.42336,0,0.42336,460.49,0,1.02816,0,0,7.14182,6.11366,1.028160,1,0,190.694,0,0,0,190.694,0
58.6792,2.26496,0,0,5.27863,0.234935,0.36288,3.6288,61.308,0.185206,0,0,3.05737,0.278094,2.59407,0.66528,12.849,1,0.517253,0.36288,0,151.483,4.4562,146.872,0.84672,12.849,0.84672,3695.15,0,0,0,3.79712,1.45845,11.8112,1.32183,15.745,0.42336,0,0.42336,460.49,0,1.02816,0,0,4.82528,3.79712,1.028160,1,0,165.211,0,0,0,165.211,0
60.8996,2.28317,0,0,5.12148,0.255043,0.36288,3.6288,61.308,0.185474,0,0,3.16988,0.256645,2.72776,0.66528,12.849,1,0.499947,0.36288,0,127.692,4.38762,123.168,0.84672,12.849,0.84672,3695.15,0,0,0,2.51191,1.45883,9.15209,1.25886,11.864,0.42336,0,0.42336,460.49,0,1.02816,0,0,3.54007,2.51191,1.028160,1,0,137.759,0,0,0,137.759,0
64.9991,2.29898,0,0,7.04137,0.280054,0.36288,3.6288,61.308,0.185743,0,0,4.63812,0.228047,4.22433,0.66528,12.849,1,0.485053,0.36288,0,183.664,4.29618,179.246,0.84672,12.849,0.84672,3695.15,0,0,0,4.05454,1.45921,16.9086,1.17489,21.2474,0.42336,0,0.42336,460.49,0,1.02816,0,0,5.0827,4.05454,1.028160,1,0,204.717,0,0,0,204.717,0
69.5166,1.99853,0,0,7.16719,0.288279,0.36288,3.6288,61.308,0.0572775,0,0,3.82027,0.237853,3.52514,0.66528,12.849,1,0.395069,0.36288,0,205.957,4.12897,201.796,0.84672,12.849,0.84672,3695.15,0,0,0,9.33142,1.45959,25.6485,1.09832,35.3412,0.42336,0,0.42336,460.49,0,1.02816,0,0,10.3596,9.33142,1.028160,1,0,240.662,0,0,0,240.662,0
72.29,2.02087,0,0,5.86786,0.30162,0.771963,3.6288,61.308,0.0575084,0,0,2.75749,0.2308,2.46918,0.66528,12.849,1,0.373524,0.771963,0,261.306,3.76835,257.937,0.84672,12.849,0.84672,3695.15,0,0,0,3.82444,1.28717,13.7219,0.971822,17.8617,0.42336,0,0.42336,460.49,0,1.02816,0,0,4.8526,3.82444,1.028160,1,0,278.267,0,0,0,278.267,0
72.29,2.03371,0,0,6.63182,0.308103,4.29001,3.6288,61.308,0.0577392,0,0,2.77626,0.2308,2.48772,0.66528,12.849,1,0.361477,4.29001,0,204.9,3.76835,205.06,0.84672,12.849,0.84672,3695.15,0,0,0,6.0234,1.2875,15.9131,0.971822,22.2521,0.42336,0,0.42336,460.49,0,1.02816,0,0,7.05156,6.0234,1.028160,1,0,229.8,0,0,0,229.8,0
72.29,2.03439,0,0,12.2844,0.308103,9.94186,3.6288,61.308,0.0579701,0,0,5.12241,0.2308,4.83364,0.66528,12.849,1,0.361597,9.94186,0,222.927,3.76835,228.739,0.84672,12.849,0.84672,3695.15,0,0,0,7.54298,1.28782,22.738,0.971822,30.597,0.42336,0,0.42336,460.49,0,1.02816,0,0,8.57114,7.54298,1.028160,1,0,264.169,0,0,0,264.169,0
72.29,2.03506,0,0,6.93592,0.312335,4.58852,3.6288,61.308,0.0582011,0,0,2.2268,0.158075,2.01052,0.66528,12.849,1,0.361717,4.58852,0,190.065,3.34764,190.944,0.84672,12.849,0.84672,3695.15,0,0,0,3.86383,1.28815,14.1993,0.81991,18.5314,0.42336,0,0.42336,460.49,0,1.02816,0,0,4.89199,3.86383,1.028160,1,0,211.486,0,0,0,211.486,0
72.29,2.1195,0,0,8.01035,0.31471,5.57614,3.6288,61.308,0.0899716,0,0,3.26245,0.195962,2.97651,0.66528,12.849,1,0.376725,5.57614,0,231.507,3.13044,233.576,0.84672,12.849,0.84672,3695.15,0,0,0,6.04619,1.28848,14.3991,0.720087,21.0137,0.42336,0,0.42336,460.49,0,1.02816,0,0,7.07435,6.04619,1.028160,1,0,257.566,0,0,0,257.566,0
72.29,2.1202,0,0,5.51807,0.285115,3.11275,3.6288,61.308,0.0902118,0,0,2.18313,0.189313,1.9036,0.66528,12.849,1,0.376849,3.11275,0,151.811,3.42804,151.119,0.84672,12.849,0.84672,3695.15,0,0,0,4.63724,1.33166,9.65304,0.777882,14.8441,0.42336,0,0.42336,460.49,0,1.02816,0,0,5.6654,4.63724,1.028160,1,0,167.866,0,0,0,167.866,0
72.29,2.1209,0,0,4.42616,0.285115,2.02014,3.6288,61.308,0.0904522,0,0,2.0211,0.189313,1.74134,0.66528,12.849,1,0.376974,2.02014,0,123.178,3.42804,121.393,0.84672,12.849,0.84672,3695.15,0,0,0,4.05778,1.332,8.31574,0.777882,12.9276,0.42336,0,0.42336,460.49,0,1.02816,0,0,5.08594,4.05778,1.028160,1,0,136.062,0,0,0,136.062,0
72.29,2.1216,0,0,4.11329,0.285115,1.70657,3.6288,61.308,0.0906927,0,0,2.36926,0.189313,2.08926,0.66528,12.849,1,0.377098,1.70657,0,124.129,3.42804,122.031,0.84672,12.849,0.84672,3695.15,0,0,0,4.10187,1.33234,10.4938,0.777882,15.1501,0.42336,0,0.42336,460.49,0,1.02816,0,0,5.13003,4.10187,1.028160,1,0,139.27,0,0,0,139.27,0
72.29,2.08951,0,0,3.66575,0.233547,1.34269,3.6288,61.308,0.0786691,0,0,1.76965,0.194485,1.4965,0.66528,12.849,1,0.371395,1.34269,0,84.1977,3.56509,81.6039,0.84672,12.849,0.84672,3695.15,0,0,0,3.12251,1.33268,6.72399,0.882145,10.297,0.42336,0,0.42336,460.49,0,1.02816,0,0,4.15067,3.12251,1.028160,1,0,93.3974,0,0,0,93.3974,0
72.29,2.0902,0,0,3.14094,0.223208,0.827532,3.6288,61.308,0.0789059,0,0,1.05676,0.193785,0.784068,0.66528,12.849,1,0.371518,0.827532,0,72.4015,3.64917,69.2083,0.84672,12.849,0.84672,3695.15,0,0,0,1.56616,1.31631,4.61349,0.907592,6.58837,0.42336,0,0.42336,460.49,0,1.02816,0,0,2.59432,1.56616,1.028160,1,0,76.5808,0,0,0,76.5808,0
72.29,2.09089,0,0,3.23458,0.223208,0.920481,3.6288,61.308,0.0791429,0,0,1.08107,0.193785,0.808144,0.66528,12.849,1,0.37164,0.920481,0,68.6077,3.64917,65.5073,0.84672,12.849,0.84672,3695.15,0,0,0,1.5056,1.31665,4.57161,0.907592,6.48626,0.42336,0,0.42336,460.49,0,1.02816,0,0,2.53376,1.5056,1.028160,1,0,72.8017,0,0,0,72.8017,0
72.29,2.09158,0,0,3.10003,0.220349,0.788099,3.6288,61.308,0.0793798,0,0,1.06427,0.192752,0.792135,0.66528,12.849,1,0.371763,0.788099,0,75.8799,3.59904,72.6972,0.84672,12.849,0.84672,3695.15,0,0,0,1.55623,1.31698,5.32168,0.90222,7.29267,0.42336,0,0.42336,460.49,0,1.02816,0,0,2.58439,1.55623,1.028160,1,0,80.782,0,0,0,80.782,0
72.29,2.20371,0,0,3.06863,0.189121,0.675798,3.6288,61.308,0.12316,0,0,1.09067,0.190468,0.777042,0.66528,12.849,1,0.391692,0.675798,0,66.3621,3.64674,62.9995,0.84672,12.849,0.84672,3695.15,0,0,0,1.31468,1.31732,4.73311,0.862536,6.50257,0.42336,0,0.42336,460.49,0,1.02816,0,0,2.34284,1.31468,1.028160,1,0,70.2791,0,0,0,70.2791,0
72.29,2.20443,0,0,2.93131,0.170361,0.556518,3.6288,61.308,0.12341,0,0,1.22785,0.195686,0.908752,0.66528,12.849,1,0.391821,0.556518,0,65.4938,4.11138,61.5471,0.84672,12.849,0.84672,3695.15,0,0,0,1.52259,1.37589,5.13439,0.8526,7.18027,0.42336,0,0.42336,460.49,0,1.02816,0,0,2.55075,1.52259,1.028160,1,0,69.6361,0,0,0,69.6361,0
72.2217,2.20516,0,0,2.67006,0.170361,0.36288,3.6288,61.308,0.12366,0,0,1.10656,0.195686,0.787213,0.66528,12.849,1,0.39195,0.36288,0,59.9513,4.11138,55.8109,0.84672,12.849,0.84672,3695.15,0,0,0,1.31691,1.37624,4.88401,0.8526,6.72456,0.42336,0,0.42336,460.49,0,1.02816,0,0,2.34507,1.31691,1.028160,1,0,63.3226,0,0,0,63.3226,0
72.04,2.20557,0,0,2.5238,0.137038,0.36288,3.6288,61.308,0.12391,0,0,0.981685,0.230259,0.627517,0.66528,12.849,1,0.392394,0.36288,0,58.1075,4.79608,53.2819,0.84672,12.849,0.84672,3695.15,0,0,0,1.01583,1.37659,4.60284,1.03945,5.95581,0.42336,0,0.42336,460.49,0,1.02816,0,0,2.04399,1.01583,1.028160,1,0,59.8652,0,0,0,59.8652,0
71.6387,2.20545,0,0,2.3031,0.136009,0.36288,3.6288,61.308,0.12416,0,0,0.913144,0.224826,0.564159,0.66528,12.849,1,0.393363,0.36288,0,54.0796,4.71444,49.3347,0.84672,12.849,0.84672,3695.15,0,0,0,1.00653,1.37695,4.39793,1.02657,5.75483,0.42336,0,0.42336,460.49,0,1.02816,0,0,2.03469,1.00653,1.028160,1,0,55.6536,0,0,0,55.6536,0
71.0245,2.18227,0,0,2.06148,0.130565,0.36288,3.6288,61.308,0.148377,0,0,0.821811,0.192226,0.481208,0.66528,12.849,1,0.391408,0.36288,0,44.1867,4.22457,39.9336,0.84672,12.849,0.84672,3695.15,0,0,0,1.19155,1.3773,4.43101,0.949298,6.05056,0.42336,0,0.42336,460.49,0,1.02816,0,0,2.21971,1.19155,1.028160,1,0,46.4654,0,0,0,46.4654,0
70.2167,2.18012,0,0,1.86515,0.129953,0.36288,3.6288,61.308,0.148634,0,0,0.762679,0.192226,0.421818,0.66528,12.849,1,0.394404,0.36288,0,39.68,4.22457,35.4239,0.84672,12.849,0.84672,3695.15,0,0,0,0.916211,1.3913,4.24973,0.949298,5.60794,0.42336,0,0.42336,460.49,0,1.02816,0,0,1.94437,0.916211,1.028160,1,0,41.4536,0,0,0,41.4536,0
69.3528,2.177,0,0,1.77697,0.101037,0.36288,3.6288,61.308,0.148891,0,0,0.72163,0.258041,0.314698,0.66528,12.849,1,0.39837,0.36288,0,35.9471,5.07147,30.8401,0.84672,12.849,0.84672,3695.15,0,0,0,0.925724,1.39166,4.02635,1.25843,5.0853,0.42336,0,0.42336,460.49,0,1.02816,0,0,1.95388,0.925724,1.028160,1,0,36.2401,0,0,0,36.2401,0
68.2982,2.17352,0,0,1.57756,0.0957097,0.36288,3.6288,61.308,0.149149,0,0,0.674749,0.26901,0.256591,0.66528,12.849,1,0.402689,0.36288,0,32.8776,5.21262,27.6252,0.84672,12.849,0.84672,3695.15,0,0,0,0.872303,1.39201,3.89362,1.30996,4.84799,0.42336,0,0.42336,460.49,0,1.02816,0,0,1.90046,0.872303,1.028160,1,0,32.7298,0,0,0,32.7298,0
67.0547,2.22556,0,0,1.43154,0.0866164,0.36288,3.6288,61.308,0.170791,0,0,0.621983,0.289171,0.162021,0.66528,12.849,1,0.418697,0.36288,0,27.0724,5.63817,21.3784,0.84672,12.849,0.84672,3695.15,0,0,0,0.542851,1.39237,3.53366,1.4252,4.04369,0.42336,0,0.42336,460.49,0,1.02816,0,0,1.57101,0.542851,1.028160,1,0,25.5841,0,0,0,25.5841,0
65.8537,2.21978,0,0,1.46411,0.082482,0.36288,3.6288,61.308,0.171055,0,0,0.646529,0.297236,0.178238,0.66528,12.849,1,0.425353,0.36288,0,34.508,5.80839,28.6371,0.84672,12.849,0.84672,3695.15,0,0,0,0.720585,1.42184,3.91383,1.47129,4.58497,0.42336,0,0.42336,460.49,0,1.02816,0,0,1.74874,0.720585,1.028160,1,0,33.4003,0,0,0,33.4003,0
64.5606,2.21401,0,0,1.36549,0.0816992,0.36288,3.6288,61.308,0.171319,0,0,0.572651,0.297236,0.104097,0.66528,12.849,1,0.431985,0.36288,0,27.299,5.80839,21.4215,0.84672,12.849,0.84672,3695.15,0,0,0,0.698043,1.42221,3.5724,1.47129,4.22136,0.42336,0,0.42336,460.49,0,1.02816,0,0,1.7262,0.698043,1.028160,1,0,25.747,0,0,0,25.747,0
63.1514,2.20752,0,0,1.24205,0.0808565,0.36288,3.6288,61.308,0.171582,0,0,0.537897,0.297236,0.0690788,0.66528,12.849,1,0.439345,0.36288,0,25.1024,5.80839,19.2175,0.84672,12.849,0.84672,3695.15,0,0,0,0.427913,1.42258,3.26952,1.47129,3.64872,0.42336,0,0.42336,460.49,0,1.02816,0,0,1.45607,0.427913,1.028160,1,0,22.9353,0,0,0,22.9353,0
61.7535,2.36381,0,0,1.39616,0.0673048,0.36288,3.6288,61.308,0.249126,0,0,0.657443,0.31114,0.0971763,0.66528,12.849,1,0.480949,0.36288,0,26.8186,6.10923,20.5913,0.84672,12.849,0.84672,3695.15,0,0,0,0.945786,1.42294,4.4196,1.50201,5.28632,0.42336,0,0.42336,460.49,0,1.02816,0,0,1.97395,0.945786,1.028160,1,0,25.9748,0,0,0,25.9748,0
60.5332,2.35556,0,0,1.56502,0.0668779,0.36288,3.6288,61.308,0.249413,0,0,0.770301,0.32777,0.193118,0.66528,12.849,1,0.49012,0.36288,0,32.1507,6.3379,25.6855,0.84672,12.849,0.84672,3695.15,0,0,0,1.14838,1.51994,3.77292,1.47423,4.967,0.42336,0,0.42336,460.49,0,1.02816,0,0,2.17654,1.14838,1.028160,1,0,30.8456,0,0,0,30.8456,0
59.0116,2.34817,0,0,1.25566,0.0662049,0.36288,3.6288,61.308,0.2497,0,0,0.605714,0.32777,0.0282441,0.66528,12.849,1,0.498432,0.36288,0,37.8161,6.3379,31.3426,0.84672,12.849,0.84672,3695.15,0,0,0,0.717811,1.52033,3.13415,1.47423,3.89807,0.42336,0,0.42336,460.49,0,1.02816,0,0,1.74597,0.717811,1.028160,1,0,35.2689,0,0,0,35.2689,0
57.7322,2.33838,0,0,1.48713,0.0652637,0.36288,3.6288,61.308,0.249986,0,0,0.92459,0.32777,0.346833,0.66528,12.849,1,0.509151,0.36288,0,32.4587,6.3379,25.9745,0.84672,12.849,0.84672,3695.15,0,0,0,1.59829,1.52073,4.23827,1.47423,5.88306,0.42336,0,0.42336,460.49,0,1.02816,0,0,2.62645,1.59829,1.028160,1,0,32.2044,0,0,0,32.2044,0
56.2141,2.32991,0,0,1.24248,0.0678322,0.36288,3.6288,61.308,0.250273,0,0,0.678534,0.307086,0.121174,0.66528,12.849,1,0.518549,0.36288,0,29.6202,5.78337,23.6811,0.84672,12.849,0.84672,3695.15,0,0,0,1.04402,1.52112,4.39106,1.25836,5.69784,0.42336,0,0.42336,460.49,0,1.02816,0,0,2.07218,1.04402,1.028160,1,0,29.5001,0,0,0,29.5001,0
55.015,2.24099,0,0,1.4186,0.0138612,0.36288,3.6288,61.1801,0.203585,0,0,0.454652,0.378993,0,0.66528,12.849,1,0.512229,0.36288,0,26.9966,6.66102,20.1863,0.84672,12.849,0.84672,3695.15,0,0,0,0.685152,1.52152,2.52628,1.51162,3.22133,0.42336,0,0.42336,460.49,0,1.02816,0,0,1.71331,0.685152,1.028160,1,0,23.4076,0,0,0,23.4076,0
53.7994,2.23267,0,0,1.48373,0.103762,0.36288,3.6288,61.2386,0.203858,0,0,0.580204,0.317816,0,0.66528,12.849,1,0.52145,0.36288,0,25.1092,5.13597,19.8147,0.84672,12.849,0.84672,3695.15,0,0,0,1.0336,1.4676,3.04145,1.144,4.39866,0.42336,0,0.42336,460.49,0,1.02816,0,0,2.06176,1.0336,1.028160,1,0,24.2133,0,0,0,24.2133,0
52.5896,2.22388,0,0,1.48738,0.110382,0.36288,3.6288,61.308,0.204131,0,0,0.649056,0.320951,0.0545778,0.66528,12.849,1,0.531134,0.36288,0,28.6346,5.1848,23.2816,0.84672,12.849,0.84672,3695.15,0,0,0,1.07041,1.46798,3.32992,1.17196,4.69635,0.42336,0,0.42336,460.49,0,1.02816,0,0,2.09857,1.07041,1.028160,1,0,28.0325,0,0,0,28.0325,0
51.5001,2.21478,0,0,1.59715,0.109025,0.36288,3.6288,61.308,0.204404,0,0,0.682569,0.321091,0.157073,0.66528,12.849,1,0.541129,0.36288,0,42.065,5.1848,36.7019,0.84672,12.849,0.84672,3695.15,0,0,0,1.22349,1.46836,3.64736,1.17196,5.16725,0.42336,0,0.42336,460.49,0,1.02816,0,0,2.25165,1.22349,1.028160,1,0,42.0262,0,0,0,42.0262,0
52.5156,2.14309,0,0,3.65413,0.132594,0.36288,3.6288,61.308,0.161868,0,0,1.49229,0.253337,1.07709,0.66528,12.849,1,0.534691,0.36288,0,95.9329,4.55473,91.2063,0.84672,12.849,0.84672,3695.15,0,0,0,2.60947,1.46874,8.26939,1.13907,11.2085,0.42336,0,0.42336,460.49,0,1.02816,0,0,3.63763,2.60947,1.028160,1,0,103.492,0,0,0,103.492,0
55.3022,2.15211,0,0,5.45433,0.152786,0.36288,3.6288,61.308,0.162129,0,0,1.76286,0.202521,1.39821,0.66528,12.849,1,0.526556,0.36288,0,93.9004,4.08219,89.6545,0.84672,12.849,0.84672,3695.15,0,0,0,3.08124,1.42123,10.1142,1.11441,13.5022,0.42336,0,0.42336,460.49,0,1.02816,0,0,4.1094,3.08124,1.028160,1,0,104.555,0,0,0,104.555,0
59.1941,2.17435,0,0,6.58632,0.157171,0.36288,3.6288,61.308,0.16239,0,0,2.15657,0.202521,1.79166,0.66528,12.849,1,0.505191,0.36288,0,150.754,4.08219,146.53,0.84672,12.849,0.84672,3695.15,0,0,0,3.95098,1.4216,12.2626,1.11441,16.5207,0.42336,0,0.42336,460.49,0,1.02816,0,0,4.97914,3.95098,1.028160,1,0,164.842,0,0,0,164.842,0
62.3013,2.20236,0,0,5.86807,0.19569,0.36288,3.6288,61.308,0.162651,0,0,1.93341,0.217259,1.5535,0.66528,12.849,1,0.478056,0.36288,0,152.37,4.30005,147.955,0.84672,12.849,0.84672,3695.15,0,0,0,3.44254,1.42196,11.2854,1.16479,14.9851,0.42336,0,0.42336,460.49,0,1.02816,0,0,4.4707,3.44254,1.028160,1,0,164.493,0,0,0,164.493,0
65.9233,2.03656,0,0,6.22295,0.20144,0.36288,3.6288,61.308,0.0736475,0,0,2.73476,0.242515,2.4186,0.66528,12.849,1,0.42002,0.36288,0,188.336,4.38777,183.892,0.84672,12.849,0.84672,3695.15,0,0,0,4.48934,1.42233,13.1048,1.14574,17.8707,0.42336,0,0.42336,460.49,0,1.02816,0,0,5.5175,4.48934,1.028160,1,0,204.181,0,0,0,204.181,0
69.0409,2.05655,0,0,5.76408,0.227035,0.36288,3.6288,61.308,0.0738823,0,0,3.6355,0.265668,3.29595,0.66528,12.849,1,0.400839,0.36288,0,201.252,4.38364,196.83,0.84672,12.849,0.84672,3695.15,0,0,0,5.73134,1.31162,16.5475,1.05317,22.5373,0.42336,0,0.42336,460.49,0,1.02816,0,0,6.7595,5.73134,1.028160,1,0,222.663,0,0,0,222.663,0
72.29,2.0725,0,0,7.31223,0.232679,1.758,3.6288,61.308,0.074117,0,0,4.64892,0.265668,4.30913,0.66528,12.849,1,0.385706,1.758,0,192.078,4.38364,189.067,0.84672,12.849,0.84672,3695.15,0,0,0,7.69236,1.31195,19.8881,1.05317,27.8392,0.42336,0,0.42336,460.49,0,1.02816,0,0,8.72052,7.69236,1.028160,1,0,221.215,0,0,0,221.215,0
72.29,2.0879,0,0,7.53227,0.23856,5.2058,3.6288,61.308,0.0743518,0,0,6.87044,0.265668,6.53042,0.66528,12.849,1,0.371109,5.2058,0,224.344,4.38364,224.795,0.84672,12.849,0.84672,3695.15,0,0,0,11.3416,1.31229,25.9471,1.05317,37.5478,0.42336,0,0.42336,460.49,0,1.02816,0,0,12.3697,11.3416,1.028160,1,0,268.873,0,0,0,268.873,0
72.29,2.08859,0,0,7.17094,0.243941,4.83841,3.6288,61.308,0.0745867,0,0,6.55186,0.265889,6.21138,0.66528,12.849,1,0.371231,4.83841,0,241.966,4.39764,242.035,0.84672,12.849,0.84672,3695.15,0,0,0,9.69607,1.31262,23.4675,1.06693,33.4093,0.42336,0,0.42336,460.49,0,1.02816,0,0,10.7242,9.69607,1.028160,1,0,281.656,0,0,0,281.656,0
72.29,2.16276,0,0,9.08592,0.238282,6.68488,3.6288,61.308,0.100701,0,0,3.95353,0.236966,3.61587,0.66528,12.849,1,0.384414,6.68488,0,205.677,4.56213,207.415,0.84672,12.849,0.84672,3695.15,0,0,0,6.3882,1.31295,21.1293,1.30659,27.5239,0.42336,0,0.42336,460.49,0,1.02816,0,0,7.41636,6.3882,1.028160,1,0,238.555,0,0,0,238.555,0
72.29,2.16344,0,0,8.1892,0.234263,5.7915,3.6288,61.308,0.100934,0,0,3.17868,0.238406,2.83934,0.66528,12.849,1,0.384535,5.7915,0,216.059,4.51521,216.951,0.84672,12.849,0.84672,3695.15,0,0,0,6.25037,1.3495,21.4261,1.34131,27.6846,0.42336,0,0.42336,460.49,0,1.02816,0,0,7.27853,6.25037,1.028160,1,0,247.474,0,0,0,247.474,0
72.29,2.16412,0,0,11.0094,0.234263,8.61105,3.6288,61.308,0.101167,0,0,4.3354,0.238406,3.99582,0.66528,12.849,1,0.384656,8.61105,0,228.479,4.51521,232.19,0.84672,12.849,0.84672,3695.15,0,0,0,7.79121,1.34983,23.7642,1.34131,31.564,0.42336,0,0.42336,460.49,0,1.02816,0,0,8.81937,7.79121,1.028160,1,0,267.75,0,0,0,267.75,0
72.29,2.1648,0,0,12.0572,0.216585,9.67582,3.6288,61.308,0.101399,0,0,4.68711,0.231109,4.35461,0.66528,12.849,1,0.384777,9.67582,0,358.431,4.46751,363.255,0.84672,12.849,0.84672,3695.15,0,0,0,8.27703,1.35016,29.5698,1.25905,37.9379,0.42336,0,0.42336,460.49,0,1.02816,0,0,9.30519,8.27703,1.028160,1,0,405.547,0,0,0,405.547,0
72.29,2.40174,0,0,5.81192,0.244771,3.16541,3.6288,61.308,0.198916,0,0,3.06578,0.243769,2.6231,0.66528,12.849,1,0.426892,3.16541,0,297.34,3.81928,296.26,0.84672,12.849,0.84672,3695.15,0,0,0,5.46229,1.35049,17.6298,1.11303,23.3296,0.42336,0,0.42336,460.49,0,1.02816,0,0,6.49045,5.46229,1.028160,1,0,322.212,0,0,0,322.212,0
72.29,2.40249,0,0,4.55034,0.244333,1.90352,3.6288,61.308,0.199176,0,0,3.31346,0.173957,2.94032,0.66528,12.849,1,0.427025,1.90352,0,117.073,3.71123,114.838,0.84672,12.849,0.84672,3695.15,0,0,0,4.53649,1.47812,15.9502,1.09648,20.8684,0.42336,0,0.42336,460.49,0,1.02816,0,0,5.56465,4.53649,1.028160,1,0,138.647,0,0,0,138.647,0
72.29,2.40324,0,0,5.54462,0.244333,2.89705,3.6288,61.308,0.199436,0,0,3.45341,0.173957,3.08001,0.66528,12.849,1,0.427158,2.89705,0,133.524,3.71123,132.283,0.84672,12.849,0.84672,3695.15,0,0,0,7.60614,1.47849,22.1155,1.09648,30.1036,0.42336,0,0.42336,460.49,0,1.02816,0,0,8.6343,7.60614,1.028160,1,0,165.467,0,0,0,165.467,0
72.29,2.40399,0,0,3.79359,0.244333,1.14527,3.6288,61.308,0.199697,0,0,2.65184,0.173957,2.27819,0.66528,12.849,1,0.427291,1.14527,0,135.772,3.71123,132.779,0.84672,12.849,0.84672,3695.15,0,0,0,2.45938,1.47886,13.5722,1.09648,16.414,0.42336,0,0.42336,460.49,0,1.02816,0,0,3.48754,2.45938,1.028160,1,0,151.471,0,0,0,151.471,0
72.29,2.06737,0,0,4.39586,0.28801,2.04048,3.6288,61.308,0.0692541,0,0,2.53244,0.143497,2.31968,0.66528,12.849,1,0.36746,2.04048,0,112.033,3.39643,110.31,0.84672,12.849,0.84672,3695.15,0,0,0,3.10237,1.47922,11.5381,0.947338,15.1724,0.42336,0,0.42336,460.49,0,1.02816,0,0,4.13053,3.10237,1.028160,1,0,127.802,0,0,0,127.802,0
72.29,2.06803,0,0,5.42292,0.339193,3.0157,3.6288,61.308,0.0694778,0,0,1.89512,0.143739,1.68191,0.66528,12.849,1,0.367576,3.0157,0,94.2261,3.68246,93.1918,0.84672,12.849,0.84672,3695.15,0,0,0,3.5094,1.30415,11.9048,0.950847,15.7675,0.42336,0,0.42336,460.49,0,1.02816,0,0,4.53756,3.5094,1.028160,1,0,110.641,0,0,0,110.641,0
72.29,2.06868,0,0,4.31164,0.339193,1.90376,3.6288,61.308,0.0697015,0,0,1.43767,0.143739,1.22423,0.66528,12.849,1,0.367693,1.90376,0,107.178,3.68246,105.032,0.84672,12.849,0.84672,3695.15,0,0,0,2.09284,1.30447,8.76779,0.950847,11.2142,0.42336,0,0.42336,460.49,0,1.02816,0,0,3.121,2.09284,1.028160,1,0,117.47,0,0,0,117.47,0
72.29,2.06934,0,0,2.92135,0.327865,0.524147,3.6288,61.308,0.0699252,0,0,0.993488,0.137722,0.78584,0.66528,12.849,1,0.367809,0.524147,0,86.4605,3.59526,83.0216,0.84672,12.849,0.84672,3695.15,0,0,0,1.55578,1.30478,7.91787,0.938322,9.84011,0.42336,0,0.42336,460.49,0,1.02816,0,0,2.58394,1.55578,1.028160,1,0,93.6475,0,0,0,93.6475,0
72.29,2.06999,0,0,3.97151,0.259896,1.64162,3.6288,61.308,0.070149,0,0,1.18422,0.101624,1.01244,0.66528,12.849,1,0.367925,1.64162,0,88.4503,3.07209,86.6519,0.84672,12.849,0.84672,3695.15,0,0,0,2.03587,1.3051,8.48647,0.863169,10.9643,0.42336,0,0.42336,460.49,0,1.02816,0,0,3.06403,2.03587,1.028160,1,0,98.6286,0,0,0,98.6286,0
72.29,2.15568,0,0,4.09352,0.295388,1.64245,3.6288,61.308,0.102393,0,0,1.39759,0.162281,1.13292,0.66528,12.849,1,0.383156,1.64245,0,67.5308,3.95062,64.8394,0.84672,12.849,0.84672,3695.15,0,0,0,1.69895,1.30542,10.6296,0.833689,12.8003,0.42336,0,0.42336,460.49,0,1.02816,0,0,2.72711,1.69895,1.028160,1,0,78.7726,0,0,0,78.7726,0
72.29,2.15636,0,0,3.43949,0.295388,0.98774,3.6288,61.308,0.102625,0,0,1.35452,0.162281,1.08961,0.66528,12.849,1,0.383277,0.98774,0,80.244,3.95062,76.8978,0.84672,12.849,0.84672,3695.15,0,0,0,1.97246,1.34924,10.5585,0.833689,13.0465,0.42336,0,0.42336,460.49,0,1.02816,0,0,3.00062,1.97246,1.028160,1,0,91.034,0,0,0,91.034,0
72.29,2.15704,0,0,3.82453,0.295388,1.3721,3.6288,61.308,0.102858,0,0,1.61774,0.162281,1.35261,0.66528,12.849,1,0.383397,1.3721,0,90.8021,3.95062,87.8402,0.84672,12.849,0.84672,3695.15,0,0,0,1.75634,1.34957,11.2848,0.833689,13.557,0.42336,0,0.42336,460.49,0,1.02816,0,0,2.7845,1.75634,1.028160,1,0,102.75,0,0,0,102.75,0
72.29,2.15772,0,0,3.1864,0.295388,0.733291,3.6288,61.308,0.103091,0,0,1.38967,0.162281,1.12429,0.66528,12.849,1,0.383518,0.733291,0,67.8439,3.95062,64.243,0.84672,12.849,0.84672,3695.15,0,0,0,1.75964,1.3499,8.46798,0.833689,10.7438,0.42336,0,0.42336,460.49,0,1.02816,0,0,2.7878,1.75964,1.028160,1,0,76.1111,0,0,0,76.1111,0
72.29,2.12511,0,0,2.75621,0.226426,0.404676,3.6288,61.308,0.0908742,0,0,1.3753,0.189919,1.0945,0.66528,12.849,1,0.377722,0.404676,0,63.1456,4.21238,58.9602,0.84672,12.849,0.84672,3695.15,0,0,0,1.3379,1.35023,6.91839,0.989774,8.61676,0.42336,0,0.42336,460.49,0,1.02816,0,0,2.36606,1.3379,1.028160,1,0,68.6715,0,0,0,68.6715,0
72.0455,2.12578,0,0,2.4536,0.209403,0.36288,3.6288,61.308,0.0911038,0,0,1.44844,0.20214,1.1552,0.66528,12.849,1,0.377841,0.36288,0,55.3944,4.24788,51.1316,0.84672,12.849,0.84672,3695.15,0,0,0,1.4055,1.3336,8.56466,1.04771,10.2561,0.42336,0,0.42336,460.49,0,1.02816,0,0,2.43366,1.4055,1.028160,1,0,62.5428,0,0,0,62.5428,0
71.8774,2.12536,0,0,2.52911,0.209015,0.36288,3.6288,61.308,0.0913333,0,0,1.52856,0.20214,1.23509,0.66528,12.849,1,0.379049,0.36288,0,53.3553,4.24788,49.0912,0.84672,12.849,0.84672,3695.15,0,0,0,1.38557,1.33392,7.38539,1.04771,9.05717,0.42336,0,0.42336,460.49,0,1.02816,0,0,2.41373,1.38557,1.028160,1,0,59.3835,0,0,0,59.3835,0
72.29,2.12528,0,0,3.47541,0.193573,0.743949,3.6288,61.308,0.091563,0,0,1.681,0.20571,1.38373,0.66528,12.849,1,0.379921,0.743949,0,69.5657,4.35624,65.5734,0.84672,12.849,0.84672,3695.15,0,0,0,1.67921,1.33425,7.377,1.02765,9.36281,0.42336,0,0.42336,460.49,0,1.02816,0,0,2.70737,1.67921,1.028160,1,0,76.32,0,0,0,76.32,0
71.8666,2.24091,0,0,2.3404,0.160065,0.36288,3.6288,61.308,0.135994,0,0,1.55201,0.220913,1.1951,0.66528,12.849,1,0.398304,0.36288,0,53.8639,4.66728,49.1612,0.84672,12.849,0.84672,3695.15,0,0,0,1.34355,1.33457,6.7386,0.984472,8.43225,0.42336,0,0.42336,460.49,0,1.02816,0,0,2.37171,1.34355,1.028160,1,0,58.7886,0,0,0,58.7886,0
71.3519,2.23962,0,0,2.23309,0.14521,0.36288,3.6288,61.308,0.136236,0,0,1.41305,0.221013,1.05581,0.66528,12.849,1,0.40042,0.36288,0,49.4558,4.31205,45.1062,0.84672,12.849,0.84672,3695.15,0,0,0,1.31676,1.39401,6.33948,0.999361,8.05089,0.42336,0,0.42336,460.49,0,1.02816,0,0,2.34492,1.31676,1.028160,1,0,54.2129,0,0,0,54.2129,0
70.6769,2.23787,0,0,2.03991,0.114182,0.36288,3.6288,61.308,0.136478,0,0,1.40113,0.224662,1.03999,0.66528,12.849,1,0.402994,0.36288,0,44.2017,4.42575,39.7359,0.84672,12.849,0.84672,3695.15,0,0,0,1.31617,1.39435,6.05559,0.963834,7.80227,0.42336,0,0.42336,460.49,0,1.02816,0,0,2.34433,1.31617,1.028160,1,0,48.5781,0,0,0,48.5781,0
69.9646,2.23531,0,0,1.99943,0.113593,0.36288,3.6288,61.308,0.13672,0,0,1.5154,0.224662,1.15401,0.66528,12.849,1,0.406378,0.36288,0,42.3439,4.42575,37.8746,0.84672,12.849,0.84672,3695.15,0,0,0,1.27192,1.3947,6.52506,0.963834,8.22784,0.42336,0,0.42336,460.49,0,1.02816,0,0,2.30008,1.27192,1.028160,1,0,47.2565,0,0,0,47.2565,0
69.1224,2.23251,0,0,1.86615,0.112971,0.36288,3.6288,61.308,0.136963,0,0,1.38487,0.224662,1.02325,0.66528,12.849,1,0.410002,0.36288,0,39.5836,4.42575,35.1108,0.84672,12.849,0.84672,3695.15,0,0,0,1.10684,1.39504,5.77802,0.963834,7.31606,0.42336,0,0.42336,460.49,0,1.02816,0,0,2.135,1.10684,1.028160,1,0,43.4501,0,0,0,43.4501,0
68.2744,2.20675,0,0,1.85947,0.137825,0.36288,3.6288,61.308,0.161533,0,0,1.07823,0.251555,0.665141,0.66528,12.849,1,0.410208,0.36288,0,36.0937,5.33382,30.7125,0.84672,12.849,0.84672,3695.15,0,0,0,0.871353,1.39538,5.04833,1.1739,6.14116,0.42336,0,0.42336,460.49,0,1.02816,0,0,1.89951,0.871353,1.028160,1,0,37.5188,0,0,0,37.5188,0
67.3795,2.20315,0,0,1.74351,0.0722883,0.36288,3.6288,61.308,0.161782,0,0,1.08143,0.27646,0.643192,0.66528,12.849,1,0.414626,0.36288,0,33.6614,5.52615,28.0835,0.84672,12.849,0.84672,3695.15,0,0,0,0.829639,1.40958,5.04874,1.23103,6.05693,0.42336,0,0.42336,460.49,0,1.02816,0,0,1.8578,0.829639,1.028160,1,0,34.7836,0,0,0,34.7836,0
66.3626,2.19922,0,0,1.61697,0.0718461,0.36288,3.6288,61.308,0.162031,0,0,1.06699,0.27646,0.628497,0.66528,12.849,1,0.419382,0.36288,0,30.8718,5.52615,25.2892,0.84672,12.849,0.84672,3695.15,0,0,0,0.818726,1.40992,4.60605,1.23103,5.60368,0.42336,0,0.42336,460.49,0,1.02816,0,0,1.84689,0.818726,1.028160,1,0,31.5214,0,0,0,31.5214,0
65.246,2.19452,0,0,1.51205,0.0712067,0.36288,3.6288,61.308,0.162281,0,0,1.07663,0.27646,0.63789,0.66528,12.849,1,0.424899,0.36288,0,28.7957,5.52615,23.2075,0.84672,12.849,0.84672,3695.15,0,0,0,0.885937,1.41027,4.51336,1.23103,5.57854,0.42336,0,0.42336,460.49,0,1.02816,0,0,1.9141,0.885937,1.028160,1,0,29.4239,0,0,0,29.4239,0
64.1164,2.24612,0,0,1.55249,0.0731224,0.36288,3.6288,61.308,0.184236,0,0,0.969209,0.288042,0.496932,0.66528,12.849,1,0.442331,0.36288,0,28.0743,5.61116,22.3837,0.84672,12.849,0.84672,3695.15,0,0,0,0.764502,1.41061,4.17225,1.32749,5.01988,0.42336,0,0.42336,460.49,0,1.02816,0,0,1.79266,0.764502,1.028160,1,0,27.9005,0,0,0,27.9005,0
63.0476,2.24033,0,0,1.61022,0.075798,0.36288,3.6288,61.308,0.184491,0,0,0.919987,0.28473,0.450766,0.66528,12.849,1,0.448964,0.36288,0,27.2417,5.52384,21.6317,0.84672,12.849,0.84672,3695.15,0,0,0,0.761962,1.44051,4.11848,1.36359,4.95737,0.42336,0,0.42336,460.49,0,1.02816,0,0,1.79012,0.761962,1.028160,1,0,27.0399,0,0,0,27.0399,0
61.7752,2.2347,0,0,1.40029,0.0751426,0.36288,3.6288,61.308,0.184747,0,0,0.864579,0.28473,0.395103,0.66528,12.849,1,0.455428,0.36288,0,25.7736,5.52384,20.1572,0.84672,12.849,0.84672,3695.15,0,0,0,0.610813,1.44087,4.0079,1.36359,4.69599,0.42336,0,0.42336,460.49,0,1.02816,0,0,1.63897,0.610813,1.028160,1,0,25.2483,0,0,0,25.2483,0
60.3997,2.22763,0,0,1.28944,0.0743624,0.36288,3.6288,61.308,0.185002,0,0,0.847109,0.28473,0.377377,0.66528,12.849,1,0.463339,0.36288,0,24.3081,5.52384,18.6838,0.84672,12.849,0.84672,3695.15,0,0,0,0.52653,1.44122,3.96733,1.36359,4.5715,0.42336,0,0.42336,460.49,0,1.02816,0,0,1.55469,0.52653,1.028160,1,0,23.6327,0,0,0,23.6327,0
58.62,2.38452,0,0,1.02744,0.0598229,0.36288,3.6288,61.308,0.263693,0,0,0.810648,0.289845,0.25711,0.66528,12.849,1,0.507264,0.36288,0,22.2325,5.78324,16.3049,0.84672,12.849,0.84672,3695.15,0,0,0,0.526573,1.44158,3.80935,1.38165,4.39585,0.42336,0,0.42336,460.49,0,1.02816,0,0,1.55473,0.526573,1.028160,1,0,20.9579,0,0,0,20.9579,0
56.5758,2.37262,0,0,0.777401,0.0860263,0.36288,3.6288,61.308,0.26397,0,0,0.61476,0.280932,0.0698575,0.66528,12.849,1,0.520058,0.36288,0,15.1401,5.40204,9.58091,0.84672,12.849,0.84672,3695.15,0,0,0,0.558412,1.54,4.1149,1.48653,4.72679,0.42336,0,0.42336,460.49,0,1.02816,0,0,1.58657,0.558412,1.028160,1,0,14.3776,0,0,0,14.3776,0
54.9247,2.35804,0,0,1.15855,0.0887851,0.36288,3.6288,61.308,0.264248,0,0,0.727834,0.27986,0.183726,0.66528,12.849,1,0.535536,0.36288,0,19.4893,5.37236,13.9443,0.84672,12.849,0.84672,3695.15,0,0,0,0.883224,1.54039,4.50979,1.48289,5.45051,0.42336,0,0.42336,460.49,0,1.02816,0,0,1.91138,0.883224,1.028160,1,0,19.5786,0,0,0,19.5786,0
53.7612,2.34572,0,0,1.65243,0.107307,0.36288,3.6288,61.308,0.264526,0,0,0.940585,0.27062,0.405439,0.66528,12.849,1,0.548753,0.36288,0,28.5888,5.30882,23.0941,0.84672,12.849,0.84672,3695.15,0,0,0,0.974195,1.54077,4.93778,1.4595,5.99324,0.42336,0,0.42336,460.49,0,1.02816,0,0,2.00235,0.974195,1.028160,1,0,29.4928,0,0,0,29.4928,0
52.0742,2.33685,0,0,1.11042,0.0976592,0.36288,3.6288,61.308,0.264804,0,0,0.740854,0.266883,0.209167,0.66528,12.849,1,0.558511,0.36288,0,28.8436,5.46158,23.1864,0.84672,12.849,0.84672,3695.15,0,0,0,0.841959,1.54115,3.38918,1.45743,4.31486,0.42336,0,0.42336,460.49,0,1.02816,0,0,1.87012,0.841959,1.028160,1,0,27.7104,0,0,0,27.7104,0
50.7074,2.24478,0,0,1.37779,0.136996,0.36288,3.6288,61.308,0.217408,0,0,0.953044,0.244999,0.490637,0.66528,12.849,1,0.553886,0.36288,0,18.7847,5.30732,13.2863,0.84672,12.849,0.84672,3695.15,0,0,0,1.10287,1.54154,4.75343,1.45636,5.94147,0.42336,0,0.42336,460.49,0,1.02816,0,0,2.13103,1.10287,1.028160,1,0,19.7184,0,0,0,19.7184,0
49.4728,2.23356,0,0,1.50366,0.141798,0.36288,3.6288,61.308,0.217673,0,0,1.18567,0.241351,0.726643,0.66528,12.849,1,0.565974,0.36288,0,22.7771,5.2816,17.2924,0.84672,12.849,0.84672,3695.15,0,0,0,1.63769,1.4868,5.83156,1.45618,7.49987,0.42336,0,0.42336,460.49,0,1.02816,0,0,2.66585,1.63769,1.028160,1,0,25.5189,0,0,0,25.5189,0
47.4211,2.22304,0,0,0.674239,0.13996,0.36288,3.6288,61.308,0.217937,0,0,0.672676,0.241351,0.213387,0.66528,12.849,1,0.577365,0.36288,0,17.3187,5.2816,11.8226,0.84672,12.849,0.84672,3695.15,0,0,0,0.334558,1.48716,2.9985,1.45618,3.36404,0.42336,0,0.42336,460.49,0,1.02816,0,0,1.36272,0.334558,1.028160,1,0,15.4,0,0,0,15.4,0
45.5407,2.20407,0,0,0.84443,0.15794,0.36288,3.6288,61.308,0.218202,0,0,0.85122,0.238752,0.394266,0.66528,12.849,1,0.597205,0.36288,0,16.5229,5.10114,11.1874,0.84672,12.849,0.84672,3695.15,0,0,0,0.395833,1.48753,3.6684,1.42903,4.12274,0.42336,0,0.42336,460.49,0,1.02816,0,0,1.42399,0.395833,1.028160,1,0,15.7044,0,0,0,15.7044,0
44.8133,2.12297,0,0,1.97354,0.215092,0.36288,3.6288,61.308,0.175023,0,0,1.23452,0.266296,0.793202,0.66528,12.849,1,0.598982,0.36288,0,18.0974,4.57977,13.2816,0.84672,12.849,0.84672,3695.15,0,0,0,2.2667,1.4879,6.86392,1.26313,9.3554,0.42336,0,0.42336,460.49,0,1.02816,0,0,3.29486,2.2667,1.028160,1,0,23.4302,0,0,0,23.4302,0
43.0425,2.11607,0,0,0.906422,0.198247,0.36288,3.6288,61.308,0.175275,0,0,0.645646,0.273054,0.197317,0.66528,12.849,1,0.606727,0.36288,0,19.6094,4.52361,14.842,0.84672,12.849,0.84672,3695.15,0,0,0,0.618581,1.43967,5.32317,1.23097,6.15046,0.42336,0,0.42336,460.49,0,1.02816,0,0,1.64674,0.618581,1.028160,1,0,21.1897,0,0,0,21.1897,0
41.6276,2.0975,0,0,1.25215,0.206655,0.36288,3.6288,61.308,0.175528,0,0,0.856466,0.268209,0.412729,0.66528,12.849,1,0.626144,0.36288,0,33.5036,4.38063,28.8597,0.84672,12.849,0.84672,3695.15,0,0,0,1.12336,1.44003,5.09702,1.21021,6.45021,0.42336,0,0.42336,460.49,0,1.02816,0,0,2.15152,1.12336,1.028160,1,0,35.7226,0,0,0,35.7226,0
41.7368,2.08189,0,0,2.78763,0.233718,0.36288,3.6288,61.308,0.175781,0,0,1.74645,0.256097,1.31457,0.66528,12.849,1,0.642607,0.36288,0,40.6386,4.02318,36.3357,0.84672,12.849,0.84672,3695.15,0,0,0,2.05916,1.44038,9.36735,1.15829,11.7086,0.42336,0,0.42336,460.49,0,1.02816,0,0,3.08732,2.05916,1.028160,1,0,49.3588,0,0,0,49.3588,0
41.6008,1.90947,0,0,2.36783,0.231481,0.36288,3.6288,61.308,0.0854513,0,0,0.975992,0.246698,0.643843,0.66528,12.849,1,0.587847,0.36288,0,41.2218,3.9726,37.0242,0.84672,12.849,0.84672,3695.15,0,0,0,1.47262,1.44074,6.63499,1.14027,8.40807,0.42336,0,0.42336,460.49,0,1.02816,0,0,2.50078,1.47262,1.028160,1,0,46.0761,0,0,0,46.0761,0
41.7,1.9086,0,0,2.58669,0.21592,0.36288,3.6288,61.308,0.0856787,0,0,1.23239,0.190304,0.95641,0.66528,12.849,1,0.589501,0.36288,0,73.9873,3.66912,70.0916,0.84672,12.849,0.84672,3695.15,0,0,0,1.40848,1.32837,9.50486,1.03217,11.2096,0.42336,0,0.42336,460.49,0,1.02816,0,0,2.43664,1.40848,1.028160,1,0,82.2576,0,0,0,82.2576,0
41.7102,1.91028,0,0,2.49947,0.216171,0.36288,3.6288,61.308,0.0859062,0,0,1.04224,0.190304,0.766033,0.66528,12.849,1,0.588612,0.36288,0,50.1267,3.66912,46.2318,0.84672,12.849,0.84672,3695.15,0,0,0,1.03588,1.3287,7.99649,1.03217,9.3289,0.42336,0,0.42336,460.49,0,1.02816,0,0,2.06404,1.03588,1.028160,1,0,56.3268,0,0,0,56.3268,0
41.4507,1.91099,0,0,2.23061,0.216197,0.36288,3.6288,61.308,0.0861337,0,0,1.08558,0.190304,0.809144,0.66528,12.849,1,0.588688,0.36288,0,64.1606,3.66912,60.2657,0.84672,12.849,0.84672,3695.15,0,0,0,1.14731,1.32902,8.38789,1.03217,9.83205,0.42336,0,0.42336,460.49,0,1.02816,0,0,2.17547,1.14731,1.028160,1,0,70.9069,0,0,0,70.9069,0
42.8149,1.90877,0,0,3.84928,0.213441,0.36288,3.6288,61.308,0.0863612,0,0,1.14035,0.222623,0.831366,0.66528,12.849,1,0.591687,0.36288,0,56.1677,4.66137,51.2775,0.84672,12.849,0.84672,3695.15,0,0,0,1.45605,1.32934,9.14121,1.34021,10.5864,0.42336,0,0.42336,460.49,0,1.02816,0,0,2.48421,1.45605,1.028160,1,0,62.6953,0,0,0,62.6953,0
43.0222,1.99142,0,0,2.79113,0.22952,0.36288,3.6288,61.308,0.112849,0,0,0.745397,0.240531,0.392017,0.66528,12.849,1,0.597636,0.36288,0,48.5088,5.2772,42.9969,0.84672,12.849,0.84672,3695.15,0,0,0,0.706251,1.32967,6.42908,1.34021,7.12479,0.42336,0,0.42336,460.49,0,1.02816,0,0,1.73441,0.706251,1.028160,1,0,50.5137,0,0,0,50.5137,0
42.3337,1.99423,0,0,1.90391,0.235287,0.36288,3.6288,61.308,0.170158,0,0,0.851204,0.24554,0.435506,0.66528,12.849,1,0.595597,0.36288,0,40.3647,5.45738,34.6746,0.84672,12.849,0.84672,3695.15,0,0,0,0.503194,1.36673,3.65434,1.31968,4.20458,0.42336,0,0.42336,460.49,0,0.971076,0,0,1.47427,0.503194,1.028160,1,0,39.3147,0,0,0,39.3147,0
43.9732,1.9874,0,0,4.22318,0.233418,0.36288,3.6288,61.308,0.113299,0,0,1.06818,0.24554,0.709341,0.66528,12.849,1,0.603209,0.36288,0,42.4798,5.45738,36.7821,0.84672,12.849,0.84672,3695.15,0,0,0,0.884321,1.36705,11.054,1.31968,11.9857,0.42336,0,0.42336,460.49,0,1.02816,0,0,1.91248,0.884321,1.028160,1,0,49.4771,0,0,0,49.4771,0
54.3435,2.0054,0,0,12.9764,0.237869,0.36288,3.6288,61.308,0.113524,0,0,2.03143,0.24554,1.67236,0.66528,12.849,1,0.58598,0.36288,0,158.974,5.45738,153.294,0.84672,12.849,0.84672,3695.15,0,0,0,2.97042,1.36737,9.03526,1.31968,12.0534,0.42336,0,0.42336,460.49,0,1.02816,0,0,3.99858,2.97042,1.028160,1,0,167.02,0,0,0,167.02,0
57.7388,2.32481,0,0,6.35252,0.269451,0.36288,3.6288,61.308,0.212458,0,0,1.63547,0.238354,1.18465,0.66528,12.849,1,0.549679,0.36288,0,123.955,4.7846,118.983,0.84672,12.849,0.84672,3695.15,0,0,0,2.11302,1.36769,6.30091,1.16793,8.61369,0.42336,0,0.42336,460.49,0,1.02816,0,0,3.14118,2.11302,1.028160,1,0,128.782,0,0,0,128.782,0
60.2384,2.35195,0,0,5.48462,0.270206,0.36288,3.6288,61.308,0.21271,0,0,1.31499,0.244951,0.85733,0.66528,12.849,1,0.523394,0.36288,0,109.574,4.44539,104.968,0.84672,12.849,0.84672,3695.15,0,0,0,1.48145,1.49718,7.24503,1.15,9.07365,0.42336,0,0.42336,460.49,0,1.02816,0,0,2.50961,1.48145,1.028160,1,0,114.899,0,0,0,114.899,0
64.1029,2.37055,0,0,6.87468,0.276808,0.36288,3.6288,61.308,0.212962,0,0,1.82854,0.244951,1.37063,0.66528,12.849,1,0.505644,0.36288,0,143.952,4.44539,139.364,0.84672,12.849,0.84672,3695.15,0,0,0,1.58257,1.49754,9.52681,1.15,11.4569,0.42336,0,0.42336,460.49,0,1.02816,0,0,2.61073,1.58257,1.028160,1,0,152.191,0,0,0,152.191,0
70.0111,2.39665,0,0,8.94784,0.280111,0.36288,3.6288,61.308,0.213214,0,0,1.9939,0.24701,1.53368,0.66528,12.849,1,0.480394,0.36288,0,120.155,4.43289,115.604,0.84672,12.849,0.84672,3695.15,0,0,0,2.18627,1.49789,12.7465,1.14164,15.289,0.42336,0,0.42336,460.49,0,1.02816,0,0,3.21443,2.18627,1.028160,1,0,132.427,0,0,0,132.427,0
72.2785,2.09102,0,0,5.03096,0.309633,0.36288,3.6288,61.308,0.0808555,0,0,1.30081,0.236652,0.983298,0.66528,12.849,1,0.38376,0.36288,0,108.648,3.90669,104.72,0.84672,12.849,0.84672,3695.15,0,0,0,1.05061,1.49824,7.44699,1.08764,8.9082,0.42336,0,0.42336,460.49,0,1.02816,0,0,2.07877,1.05061,1.028160,1,0,114.612,0,0,0,114.612,0
72.29,2.10187,0,0,2.94111,0.321529,0.506198,3.6288,61.308,0.0810718,0,0,1.2184,0.236194,0.90113,0.66528,12.849,1,0.373651,0.506198,0,65.7945,3.35412,62.5729,0.84672,12.849,0.84672,3695.15,0,0,0,0.871638,1.3206,7.7296,1.02429,8.89755,0.42336,0,0.42336,460.49,0,1.02816,0,0,1.8998,0.871638,1.028160,1,0,72.3716,0,0,0,72.3716,0
72.29,2.10255,0,0,4.23301,0.321557,1.8089,3.6288,61.308,0.0812883,0,0,1.55558,0.236194,1.2381,0.66528,12.849,1,0.373713,1.8089,0,83.3233,3.35412,81.4044,0.84672,12.849,0.84672,3695.15,0,0,0,1.4325,1.32091,7.86594,1.02429,9.59506,0.42336,0,0.42336,460.49,0,1.02816,0,0,2.46066,1.4325,1.028160,1,0,92.2375,0,0,0,92.2375,0
72.29,2.10319,0,0,3.74378,0.321557,1.31904,3.6288,61.308,0.0815048,0,0,1.28767,0.236194,0.969973,0.66528,12.849,1,0.373826,1.31904,0,62.2274,3.35412,59.8185,0.84672,12.849,0.84672,3695.15,0,0,0,1.03899,1.32121,7.48786,1.02429,8.82377,0.42336,0,0.42336,460.49,0,1.02816,0,0,2.06715,1.03899,1.028160,1,0,69.6123,0,0,0,69.6123,0
72.29,2.10382,0,0,3.24325,0.340861,0.798567,3.6288,61.308,0.0817213,0,0,1.42207,0.21318,1.12717,0.66528,12.849,1,0.373938,0.798567,0,64.6719,3.38589,61.7106,0.84672,12.849,0.84672,3695.15,0,0,0,1.3601,1.32152,7.32303,0.967347,9.0373,0.42336,0,0.42336,460.49,0,1.02816,0,0,2.38826,1.3601,1.028160,1,0,71.8751,0,0,0,71.8751,0
72.29,2.19073,0,0,4.04577,0.282606,1.57243,3.6288,61.308,0.114423,0,0,1.42412,0.202146,1.10755,0.66528,12.849,1,0.389385,1.57243,0,81.9717,3.14779,80.0069,0.84672,12.849,0.84672,3695.15,0,0,0,1.47258,1.32183,6.62367,1.01187,8.40621,0.42336,0,0.42336,460.49,0,1.02816,0,0,2.50074,1.47258,1.028160,1,0,89.5207,0,0,0,89.5207,0
72.29,2.19138,0,0,2.88636,0.270932,0.42404,3.6288,61.308,0.114648,0,0,1.20336,0.201208,0.887505,0.66528,12.849,1,0.389502,0.42404,0,58.8929,2.94357,55.9839,0.84672,12.849,0.84672,3695.15,0,0,0,0.907572,1.36627,6.04907,1.00668,7.31623,0.42336,0,0.42336,460.49,0,1.02816,0,0,1.93573,0.907572,1.028160,1,0,64.1876,0,0,0,64.1876,0
72.29,2.19204,0,0,3.02784,0.270932,0.564872,3.6288,61.308,0.114873,0,0,1.15214,0.201208,0.836062,0.66528,12.849,1,0.389619,0.564872,0,60.6537,2.94357,57.8853,0.84672,12.849,0.84672,3695.15,0,0,0,0.930813,1.36659,5.81977,1.00668,7.11049,0.42336,0,0.42336,460.49,0,1.02816,0,0,1.95897,0.930813,1.028160,1,0,65.8319,0,0,0,65.8319,0
72.0177,2.1927,0,0,2.55419,0.270932,0.36288,3.6288,61.308,0.115099,0,0,0.978566,0.201208,0.662259,0.66528,12.849,1,0.389735,0.36288,0,56.429,2.94357,53.4585,0.84672,12.849,0.84672,3695.15,0,0,0,0.744336,1.36691,4.88795,1.00668,5.99252,0.42336,0,0.42336,460.49,0,1.02816,0,0,1.7725,0.744336,1.028160,1,0,60.1133,0,0,0,60.1133,0
71.5009,2.15835,0,0,2.26744,0.263037,0.36288,3.6288,61.308,0.102694,0,0,0.876744,0.183439,0.590611,0.66528,12.849,1,0.385082,0.36288,0,41.3542,3.34503,37.987,0.84672,12.849,0.84672,3695.15,0,0,0,0.754203,1.36723,3.87978,1.03349,4.96772,0.42336,0,0.42336,460.49,0,1.02816,0,0,1.78236,0.754203,1.028160,1,0,43.5453,0,0,0,43.5453,0
70.8276,2.15664,0,0,2.06087,0.214641,0.36288,3.6288,61.308,0.291648,0,0,0.759897,0.18973,0.278518,0.66528,12.849,1,0.387557,0.36288,0,36.1095,3.81911,32.2657,0.84672,12.849,0.84672,3695.15,0,0,0,0.528595,1.35034,3.30413,1.06393,4.11913,0.42336,0,0.42336,460.49,0,0.839428,0,0,1.36802,0.528595,1.028160,1,0,36.6634,0,0,0,36.6634,0
70.0921,2.15417,0,0,1.93954,0.157982,0.36288,3.6288,61.308,0.186903,0,0,0.755724,0.215889,0.352932,0.66528,12.849,1,0.390793,0.36288,0,33.6743,4.04974,29.5967,0.84672,12.849,0.84672,3695.15,0,0,0,0.402797,1.35065,3.28819,1.0777,3.96393,0.42336,0,0.42336,460.49,0,0.944395,0,0,1.34719,0.402797,1.028160,1,0,33.9135,0,0,0,33.9135,0
69.2899,2.15135,0,0,1.86914,0.15709,0.36288,3.6288,61.308,0.139856,0,0,0.755309,0.215889,0.399564,0.66528,12.849,1,0.394376,0.36288,0,32.196,4.04974,28.1148,0.84672,12.849,0.84672,3695.15,0,0,0,0.402797,1.35097,3.61312,1.0777,4.28918,0.42336,0,0.42336,460.49,0,0.991665,0,0,1.39446,0.402797,1.028160,1,0,32.8035,0,0,0,32.8035,0
68.3933,2.26214,0,0,1.88407,0.155627,0.36288,3.6288,61.308,0.309963,0,0,0.808116,0.216442,0.281711,0.66528,12.849,1,0.419488,0.36288,0,32.6329,4.09421,28.4821,0.84672,12.849,0.84672,3695.15,0,0,0,0.402797,1.35128,3.17839,1.07431,3.85816,0.42336,0,0.42336,460.49,0,0.866618,0,0,1.26941,0.402797,1.028160,1,0,32.622,0,0,0,32.622,0
67.3778,2.25819,0,0,1.75712,0.15162,0.36288,3.6288,61.308,0.291284,0,0,0.700324,0.219762,0.189278,0.66528,12.849,1,0.424244,0.36288,0,31.8027,4.36096,27.3804,0.84672,12.849,0.84672,3695.15,0,0,0,0.402797,1.41156,2.87785,1.05393,3.63828,0.42336,0,0.42336,460.49,0,0.885531,0,0,1.28833,0.402797,1.028160,1,0,31.2079,0,0,0,31.2079,0
66.1747,2.25349,0,0,1.56374,0.150416,0.36288,3.6288,61.308,0.303874,0,0,0.642522,0.219762,0.118887,0.66528,12.849,1,0.429742,0.36288,0,28.6792,4.36096,24.2514,0.84672,12.849,0.84672,3695.15,0,0,0,0.30119,1.41189,2.77329,1.05393,3.43245,0.42336,0,0.42336,460.49,0,0.873176,0,0,1.17437,0.30119,1.028160,1,0,27.8027,0,0,0,27.8027,0
64.9402,2.24761,0,0,1.47692,0.100941,0.36288,3.6288,61.308,0.348406,0,0,0.617076,0.252813,0.0158567,0.66528,12.849,1,0.436414,0.36288,0,25.562,4.73582,20.7526,0.84672,12.849,0.84672,3695.15,0,0,0,0.30119,1.41223,2.64129,1.14971,3.205,0.42336,0,0.42336,460.49,0,0.828878,0,0,1.13007,0.30119,1.028160,1,0,23.9735,0,0,0,23.9735,0
63.625,2.24136,0,0,1.38902,0.0999496,0.36288,3.6288,61.2125,0.430798,0,0,0.588089,0.252813,0,0.66528,12.849,1,0.443472,0.36288,0,25.1926,4.73582,20.3762,0.84672,12.849,0.84672,3695.15,0,0,0,0.30119,1.41256,2.71999,1.14971,3.28403,0.42336,0,0.42336,460.49,0,0.746721,0,0,1.04791,0.30119,1.028160,1,0,23.6602,0,0,0,23.6602,0
62.8187,2.21213,0,0,1.84157,0.0729408,0.36288,3.6288,61.308,0.297502,0,0,0.684993,0.262727,0.0292421,0.66528,12.849,1,0.446737,0.36288,0,28.0679,5.06909,22.915,0.84672,12.849,0.84672,3695.15,0,0,0,0.30119,1.41289,2.60663,1.20539,3.11532,0.42336,0,0.42336,460.49,0,0.904928,0,0,1.20612,0.30119,1.028160,1,0,26.0595,0,0,0,26.0595,0
61.9677,2.20803,0,0,1.78813,0.068166,0.36288,3.6288,61.308,0.300085,0,0,0.67144,0.264564,0.106791,0.66528,12.849,1,0.451633,0.36288,0,28.3333,5.12463,23.1199,0.84672,12.849,0.84672,3695.15,0,0,0,0.261274,1.42727,2.64536,1.21467,3.11923,0.42336,0,0.42336,460.49,0,0.902586,0,0,1.16386,0.261274,1.028160,1,0,26.346,0,0,0,26.346,0
60.9598,2.20355,0,0,1.62624,0.0676918,0.36288,3.6288,61.308,0.315411,0,0,0.654731,0.264564,0.0747549,0.66528,12.849,1,0.456906,0.36288,0,27.7787,5.12463,22.5601,0.84672,12.849,0.84672,3695.15,0,0,0,0.261274,1.4276,2.53472,1.21467,3.00893,0.42336,0,0.42336,460.49,0,0.887501,0,0,1.14877,0.261274,1.028160,1,0,25.6437,0,0,0,25.6437,0
59.8079,2.19796,0,0,1.47604,0.0671301,0.36288,3.6288,61.2125,0.445192,0,0,0.614247,0.264564,0,0.66528,12.849,1,0.463283,0.36288,0,24.7531,5.12463,19.528,0.84672,12.849,0.84672,3695.15,0,0,0,0.261274,1.42794,2.45201,1.21467,2.92655,0.42336,0,0.42336,460.49,0,0.757961,0,0,1.01923,0.261274,1.028160,1,0,22.4546,0,0,0,22.4546,0
58.5484,2.24822,0,0,1.39699,0.0453459,0.36288,3.6288,60.963,0.49121,0,0,0.559592,0.317919,0,0.66528,12.849,1,0.483003,0.36288,0,22.188,5.8596,16.2082,0.84672,12.849,0.84672,3695.15,0,0,0,0.261274,1.42827,2.2079,1.50534,2.3921,0.42336,0,0.42336,460.49,0,0.734201,0,0,0.995475,0.261274,1.028160,1,0,18.6003,0,0,0,18.6003,0
57.3081,2.24037,0,0,1.4196,0.0567137,0.36288,3.6288,60.6473,0.544187,0,0,0.515044,0.286503,0,0.66528,12.849,1,0.49167,0.36288,0,20.5997,5.52216,14.9488,0.84672,12.849,0.84672,3695.15,0,0,0,0.261274,1.45858,2.07074,1.41203,2.37856,0.42336,0,0.42336,460.49,0,0.681471,0,0,0.942745,0.261274,1.028160,1,0,17.3274,0,0,0,17.3274,0
55.8913,2.23234,0,0,1.23451,0.0560315,0.36288,3.6288,60.2552,0.590165,0,0,0.484025,0.28593,0,0.66528,12.849,1,0.500511,0.36288,0,19.4894,5.52216,13.8296,0.84672,12.849,0.84672,3695.15,0,0,0,0.227405,1.45893,2.01513,1.41203,2.28943,0.42336,0,0.42336,460.49,0,0.63574,0,0,0.863145,0.227405,1.028160,1,0,16.1191,0,0,0,16.1191,0
54.3873,2.22268,0,0,1.13681,0.0552523,0.36288,3.6288,59.8095,0.634779,0,0,0.474244,0.285218,0,0.66528,12.849,1,0.510978,0.36288,0,18.3813,5.52216,12.7111,0.84672,12.849,0.84672,3695.15,0,0,0,0.227405,1.45927,1.99474,1.41203,2.26938,0.42336,0,0.42336,460.49,0,0.591373,0,0,0.818778,0.227405,1.028160,1,0,14.9805,0,0,0,14.9805,0
52.5534,2.37597,0,0,0.94379,0.0389009,0.36288,3.6288,59.2723,0.719581,0,0,0.471671,0.289316,0,0.66528,12.849,1,0.561323,0.36288,0,17.4312,5.81644,11.4163,0.84672,12.849,0.84672,3695.15,0,0,0,0.227405,1.45961,1.8997,1.39776,2.18896,0.42336,0,0.42336,460.49,0,0.586371,0,0,0.813776,0.227405,1.028160,1,0,13.6053,0,0,0,13.6053,0
51.0434,2.36093,0,0,1.26046,0.0466058,0.36288,3.6288,58.6484,0.749226,0,0,0.442379,0.316967,0,0.66528,12.849,1,0.577234,0.36288,0,17.9505,5.42922,12.3069,0.84672,12.849,0.84672,3695.15,0,0,0,0.227405,1.55943,1.84611,1.45953,2.17341,0.42336,0,0.42336,460.49,0,0.556995,0,0,0.7844,0.227405,1.028160,1,0,14.4803,0,0,0,14.4803,0
49.6992,2.34798,0,0,1.40845,0.0418198,0.36288,3.6288,58.3479,0.525865,0,0,0.543614,0.318247,0,0.66528,12.849,1,0.59105,0.36288,0,22.8416,5.504,17.1094,0.84672,12.849,0.84672,3695.15,0,0,0,0.204422,1.5598,1.95955,1.47447,2.2493,0.42336,0,0.42336,460.49,0,0.780624,0,0,0.985046,0.204422,1.028160,1,0,19.3587,0,0,0,19.3587,0
48.0718,2.33597,0,0,1.1127,0.0412318,0.36288,3.6288,57.6216,0.805483,0,0,0.396817,0.317632,0,0.66528,12.849,1,0.60393,0.36288,0,23.5718,5.504,17.8268,0.84672,12.849,0.84672,3695.15,0,0,0,0.204422,1.56017,1.55269,1.47447,1.84281,0.42336,0,0.42336,460.49,0,0.501275,0,0,0.705698,0.204422,1.028160,1,0,19.6696,0,0,0,19.6696,0
46.726,2.32052,0,0,1.37811,0.0405138,0.36288,3.6288,57.6868,0.278867,0,0,0.660176,0.316146,0,0.66528,12.849,1,0.620246,0.36288,0,20.89,5.504,15.1286,0.84672,12.849,0.84672,3695.15,0,0,0,0.230533,1.56054,2.33323,1.47447,2.64983,0.42336,0,0.42336,460.49,0,1.02816,0,0,1.25869,0.230533,1.028160,1,0,17.7784,0,0,0,17.7784,0
45.0918,2.22956,0,0,0.982057,0.0237961,0.36288,3.6288,57.5924,0.230786,0,0,0.46707,0.330663,0,0.66528,12.849,1,0.613097,0.36288,0,22.4703,5.46372,16.7564,0.84672,12.849,0.84672,3695.15,0,0,0,0.238058,1.56091,1.4865,1.45623,1.82924,0.42336,0,0.42336,460.49,0,1.02816,0,0,1.26622,0.238058,1.028160,1,0,18.5856,0,0,0,18.5856,0
43.253,2.21292,0,0,0.754013,0.0170331,0.36288,3.6288,57.2349,0.32438,0,0,0.303055,0.336212,0,0.66528,12.849,1,0.630576,0.36288,0,18.518,5.44761,12.8027,0.84672,12.849,0.84672,3695.15,0,0,0,0.216518,1.50537,1.03985,1.44893,1.31281,0.42336,0,0.42336,460.49,0,0.934822,0,0,1.15134,0.216518,1.028160,1,0,14.1155,0,0,0,14.1155,0
41.434,2.1929,0,0,0.784624,0.0478898,0.36288,3.6288,56.8312,0.387898,0,0,0.29241,0.308179,0,0.66528,12.849,1,0.651436,0.36288,0,14.8132,5.05852,9.46611,0.84672,12.849,0.84672,3695.15,0,0,0,0.216518,1.50573,1.36671,1.28232,1.80664,0.42336,0,0.42336,460.49,0,0.87156,0,0,1.08808,0.216518,1.028160,1,0,11.2728,0,0,0,11.2728,0
41.472,2.17171,0,0,2.58032,0.00771029,0.36288,3.6288,56.8224,0.231554,0,0,0.553705,0.330937,0,0.66528,12.849,1,0.673465,0.36288,0,19.6846,5.66769,13.7063,0.84672,12.849,0.84672,3695.15,0,0,0,0.975931,1.50609,3.20021,1.26679,4.41544,0.42336,0,0.42336,460.49,0,1.02816,0,0,2.00409,0.975931,1.028160,1,0,18.1218,0,0,0,18.1218,0
42.229,2.11073,0,0,3.31347,0.0828564,0.36288,3.6288,57.0218,0.187752,0,0,0.60444,0.217365,0,0.66528,12.849,1,0.653955,0.36288,0,42.8648,4.4631,38.1106,0.84672,12.849,0.84672,3695.15,0,0,0,0.983439,1.50644,3.32073,0.944745,4.86587,0.42336,0,0.42336,460.49,0,1.02816,0,0,2.0116,0.983439,1.028160,1,0,42.9765,0,0,0,42.9765,0
41.4597,2.12035,0,0,1.81634,0.102411,0.36288,3.6288,56.4939,0.60352,0,0,0.253396,0.177742,0,0.66528,12.849,1,0.645159,0.36288,0,24.7566,4.18583,20.2885,0.84672,12.849,0.84672,3695.15,0,0,0,0.216518,1.45752,2.27142,0.990488,2.95497,0.42336,0,0.42336,460.49,0,0.612637,0,0,0.829155,0.216518,1.028160,1,0,23.2435,0,0,0,23.2435,0
41.6175,2.11184,0,0,2.73407,0.101493,0.36288,3.6288,56.7422,0.188241,0,0,0.613635,0.177133,0,0.66528,12.849,1,0.654492,0.36288,0,38.6047,4.18583,34.1273,0.84672,12.849,0.84672,3695.15,0,0,0,1.36833,1.45786,4.60577,0.990488,6.44146,0.42336,0,0.42336,460.49,0,1.02816,0,0,2.39649,1.36833,1.028160,1,0,40.5688,0,0,0,40.5688,0
45.6577,2.11436,0,0,6.61903,0.101681,0.36288,3.6288,57.751,0.188485,0,0,1.37475,0.177419,0,0.66528,12.849,1,0.652788,0.36288,0,101.17,4.18583,96.6947,0.84672,12.849,0.84672,3695.15,0,0,0,2.74271,1.4582,6.96758,0.990488,10.178,0.42336,0,0.42336,460.49,0,1.02816,0,0,3.77087,2.74271,1.028160,1,0,106.873,0,0,0,106.873,0
47.0416,1.97963,0,0,3.87077,0.144364,0.36288,3.6288,58.2624,0.0968724,0,0,0.754397,0.146138,0,0.66528,12.849,1,0.557108,0.36288,0,57.077,3.62983,53.2529,0.84672,12.849,0.84672,3695.15,0,0,0,0.696747,1.45854,4.22062,0.742588,5.63333,0.42336,0,0.42336,460.49,0,1.02816,0,0,1.72491,0.696747,1.028160,1,0,58.8862,0,0,0,58.8862,0
47.6386,1.9931,0,0,3.1574,0.204364,0.36288,3.6288,58.755,0.0970923,0,0,0.83492,0.245172,0,0.66528,12.849,1,0.544398,0.36288,0,63.5412,5.00839,58.3513,0.84672,12.849,0.84672,3695.15,0,0,0,1.88813,1.34458,4.28753,1.20084,6.3194,0.42336,0,0.42336,460.49,0,1.02816,0,0,2.91629,1.88813,1.028160,1,0,64.6707,0,0,0,64.6707,0
47.5801,1.99907,0,0,2.50918,0.20571,0.36288,3.6288,59.2216,0.0973123,0,0,0.809856,0.245951,0,0.66528,12.849,1,0.539186,0.36288,0,64.3614,5.00839,59.1767,0.84672,12.849,0.84672,3695.15,0,0,0,1.90904,1.3449,5.4215,1.20084,7.4746,0.42336,0,0.42336,460.49,0,1.02816,0,0,2.9372,1.90904,1.028160,1,0,66.6513,0,0,0,66.6513,0
46.8605,1.99915,0,0,1.83724,0.194881,0.36288,3.6288,59.3484,0.0975324,0,0,0.428627,0.204341,0,0.66528,12.849,1,0.539869,0.36288,0,41.03,4.22727,36.6257,0.84672,12.849,0.84672,3695.15,0,0,0,0.663414,1.34521,2.84108,0.976201,3.8735,0.42336,0,0.42336,460.49,0,1.02816,0,0,1.69157,0.663414,1.028160,1,0,40.4992,0,0,0,40.4992,0
45.7456,1.99324,0,0,1.43032,0.189099,0.36288,3.6288,59.6198,0.100768,0,0,0.559743,0.187555,0,0.66528,12.849,1,0.546539,0.36288,0,42.7133,3.91482,38.6148,0.84672,12.849,0.84672,3695.15,0,0,0,0.412474,1.34552,2.74017,0.886345,3.61182,0.42336,0,0.42336,460.49,0,1.02514,0,0,1.43762,0.412474,1.028160,1,0,42.2266,0,0,0,42.2266,0
47.4086,2.05295,0,0,4.28313,0.204298,0.36288,3.6288,61.0103,0.124601,0,0,1.74086,0.22579,0,0.66528,12.849,1,0.576631,0.36288,0,106.951,4.43598,102.301,0.84672,12.849,0.84672,3695.15,0,0,0,2.54764,1.34583,8.44358,1.10619,11.2309,0.42336,0,0.42336,460.49,0,1.02816,0,0,3.5758,2.54764,1.028160,1,0,113.532,0,0,0,113.532,0
52.0376,2.06945,0,0,7.28283,0.22149,0.36288,3.6288,61.308,0.124819,0,0,3.13807,0.256481,2.45904,0.66528,12.849,1,0.560877,0.36288,0,145.594,4.82685,140.569,0.84672,12.849,0.84672,3695.15,0,0,0,5.3021,1.38341,14.384,1.27107,19.7985,0.42336,0,0.42336,460.49,0,1.02816,0,0,6.33026,5.3021,1.028160,1,0,162.826,0,0,0,162.826,0
66.7176,2.11007,0,0,17.3857,0.23269,0.36288,3.6288,61.308,0.125037,0,0,5.87789,0.256964,5.49589,0.66528,12.849,1,0.521013,0.36288,0,381.778,4.82685,376.793,0.84672,12.849,0.84672,3695.15,0,0,0,6.31264,1.38372,28.154,1.27107,34.5793,0.42336,0,0.42336,460.49,0,1.02816,0,0,7.3408,6.31264,1.028160,1,0,416.868,0,0,0,416.868,0
72.29,2.20682,0,0,8.55498,0.266126,0.509642,3.6288,61.308,0.125255,0,0,3.14992,0.256964,2.7677,0.66528,12.849,1,0.425008,0.509642,0,259.533,4.82685,254.79,0.84672,12.849,0.84672,3695.15,0,0,0,4.03095,1.38402,16.6647,1.27107,20.8086,0.42336,0,0.42336,460.49,0,1.02816,0,0,5.05911,4.03095,1.028160,1,0,278.367,0,0,0,278.367,0
72.29,2.47835,0,0,6.37775,0.267402,3.632,3.6288,61.308,0.22556,0,0,2.52512,0.243084,2.05647,0.66528,12.849,1,0.440508,3.632,0,136.15,4.54197,134.799,0.84672,12.849,0.84672,3695.15,0,0,0,3.2078,1.38433,11.8127,1.15267,15.2522,0.42336,0,0.42336,460.49,0,1.02816,0,0,4.23596,3.2078,1.028160,1,0,152.108,0,0,0,152.108,0
72.29,2.47905,0,0,8.72459,0.279868,5.96567,3.6288,61.308,0.225804,0,0,4.89211,0.24492,4.42138,0.66528,12.849,1,0.440632,5.96567,0,193.004,3.7131,194.816,0.84672,12.849,0.84672,3695.15,0,0,0,4.43844,1.51562,21.9015,1.00411,26.8515,0.42336,0,0.42336,460.49,0,1.02816,0,0,5.4666,4.43844,1.028160,1,0,226.089,0,0,0,226.089,0
72.29,2.47975,0,0,7.02143,0.305643,4.23603,3.6288,61.308,0.226048,0,0,4.43238,0.23696,3.96937,0.66528,12.849,1,0.440757,4.23603,0,170.069,3.76877,170.095,0.84672,12.849,0.84672,3695.15,0,0,0,3.92229,1.51596,19.8547,1.05477,24.2382,0.42336,0,0.42336,460.49,0,1.02816,0,0,4.95045,3.92229,1.028160,1,0,198.303,0,0,0,198.303,0
72.29,2.48045,0,0,8.32991,0.305643,5.54382,3.6288,61.308,0.226292,0,0,4.69299,0.23696,4.22974,0.66528,12.849,1,0.440881,5.54382,0,163.387,3.76877,164.721,0.84672,12.849,0.84672,3695.15,0,0,0,4.22464,1.5163,20.8569,1.05477,25.543,0.42336,0,0.42336,460.49,0,1.02816,0,0,5.2528,4.22464,1.028160,1,0,194.494,0,0,0,194.494,0
72.29,2.1341,0,0,8.48146,0.307558,6.03979,3.6288,61.308,0.0920803,0,0,4.30162,0.229095,3.98045,0.66528,12.849,1,0.379321,6.03979,0,171.641,3.71282,173.588,0.84672,12.849,0.84672,3695.15,0,0,0,4.08396,1.51665,19.338,1.02304,23.9155,0.42336,0,0.42336,460.49,0,1.02816,0,0,5.11212,4.08396,1.028160,1,0,201.484,0,0,0,201.484,0
72.29,2.13472,0,0,7.62048,0.319052,5.16671,3.6288,61.308,0.0922898,0,0,3.73006,0.181905,3.45587,0.66528,12.849,1,0.37943,5.16671,0,159.375,3.37712,160.785,0.84672,12.849,0.84672,3695.15,0,0,0,3.90274,1.33651,17.442,0.832657,21.8486,0.42336,0,0.42336,460.49,0,1.02816,0,0,4.9309,3.90274,1.028160,1,0,186.09,0,0,0,186.09,0
72.29,2.13533,0,0,6.74404,0.319052,4.28966,3.6288,61.308,0.0924994,0,0,3.31841,0.181905,3.044,0.66528,12.849,1,0.379539,4.28966,0,136.79,3.37712,137.323,0.84672,12.849,0.84672,3695.15,0,0,0,3.89776,1.33681,15.7759,0.832657,20.1778,0.42336,0,0.42336,460.49,0,1.02816,0,0,4.92592,3.89776,1.028160,1,0,160.545,0,0,0,160.545,0
72.29,2.13594,0,0,8.75612,0.319052,6.30113,3.6288,61.308,0.092709,0,0,3.60959,0.181905,3.33498,0.66528,12.849,1,0.379647,6.30113,0,160.135,3.37712,162.679,0.84672,12.849,0.84672,3695.15,0,0,0,4.50295,1.33711,20.4459,0.832657,25.4533,0.42336,0,0.42336,460.49,0,1.02816,0,0,5.53111,4.50295,1.028160,1,0,191.467,0,0,0,191.467,0
72.29,2.13655,0,0,8.29811,0.317686,5.84387,3.6288,61.308,0.0929186,0,0,3.44178,0.170451,3.17841,0.66528,12.849,1,0.379756,5.84387,0,176.913,3.1978,179.18,0.84672,12.849,0.84672,3695.15,0,0,0,4.4101,1.3374,18.331,0.801947,23.2765,0.42336,0,0.42336,460.49,0,1.02816,0,0,5.43826,4.4101,1.028160,1,0,205.635,0,0,0,205.635,0
72.29,2.22464,0,0,7.80408,0.307716,5.27173,3.6288,61.308,0.126063,0,0,5.63934,0.164573,5.3487,0.66528,12.849,1,0.395412,5.27173,0,144.704,3.72393,145.857,0.84672,12.849,0.84672,3695.15,0,0,0,5.09623,1.3377,19.9561,0.889167,25.5008,0.42336,0,0.42336,460.49,0,1.02816,0,0,6.12439,5.09623,1.028160,1,0,176.706,0,0,0,176.706,0
72.29,2.22527,0,0,6.95779,0.294316,4.4382,3.6288,61.308,0.126281,0,0,5.01412,0.148789,4.73905,0.66528,12.849,1,0.395525,4.4382,0,104.093,3.70755,104.428,0.84672,12.849,0.84672,3695.15,0,0,0,3.82425,1.38275,14.3088,0.864201,18.6516,0.42336,0,0.42336,460.49,0,1.02816,0,0,4.85241,3.82425,1.028160,1,0,127.819,0,0,0,127.819,0
72.29,2.22591,0,0,6.19904,0.294316,3.67881,3.6288,61.308,0.1265,0,0,4.12234,0.148789,3.84705,0.66528,12.849,1,0.395638,3.67881,0,91.66,3.70755,91.2357,0.84672,12.849,0.84672,3695.15,0,0,0,3.84515,1.38306,11.7858,0.864201,16.1498,0.42336,0,0.42336,460.49,0,1.02816,0,0,4.87331,3.84515,1.028160,1,0,111.233,0,0,0,111.233,0
72.29,2.22654,0,0,9.30208,0.299539,6.776,3.6288,61.308,0.126718,0,0,4.73875,0.125592,4.48644,0.66528,12.849,1,0.395751,6.776,0,138.927,3.05347,142.254,0.84672,12.849,0.84672,3695.15,0,0,0,5.50177,1.38337,33.0108,0.732271,39.1636,0.42336,0,0.42336,460.49,0,1.02816,0,0,6.52993,5.50177,1.028160,1,0,185.904,0,0,0,185.904,0
72.29,2.19294,0,0,6.07618,0.222859,3.66037,3.6288,61.308,0.114131,0,0,3.71604,0.169909,3.432,0.66528,12.849,1,0.389779,3.66037,0,104.444,3.30681,104.408,0.84672,12.849,0.84672,3695.15,0,0,0,3.6909,1.38368,14.7665,0.87996,18.9612,0.42336,0,0.42336,460.49,0,1.02816,0,0,4.71906,3.6909,1.028160,1,0,126.801,0,0,0,126.801,0
72.29,2.19357,0,0,5.32191,0.25719,2.87115,3.6288,61.308,0.114346,0,0,3.06315,0.171023,2.77778,0.66528,12.849,1,0.389891,2.87115,0,98.4148,3.88872,97.0073,0.84672,12.849,0.84672,3695.15,0,0,0,2.79323,1.36654,12.7326,0.954593,15.9378,0.42336,0,0.42336,460.49,0,1.02816,0,0,3.82139,2.79323,1.028160,1,0,115.723,0,0,0,115.723,0
72.29,2.1942,0,0,4.78968,0.210115,2.38537,3.6288,61.308,0.114561,0,0,2.57127,0.186624,2.27009,0.66528,12.849,1,0.390002,2.38537,0,88.1893,4.02769,86.157,0.84672,12.849,0.84672,3695.15,0,0,0,2.91737,1.36684,11.4256,0.964296,14.7455,0.42336,0,0.42336,460.49,0,1.02816,0,0,3.94553,2.91737,1.028160,1,0,103.173,0,0,0,103.173,0
72.29,2.19483,0,0,4.52403,0.210115,2.11909,3.6288,61.308,0.114776,0,0,2.57729,0.186624,2.27589,0.66528,12.849,1,0.390114,2.11909,0,81.9867,4.02769,79.688,0.84672,12.849,0.84672,3695.15,0,0,0,2.74789,1.36715,10.7994,0.964296,13.9501,0.42336,0,0.42336,460.49,0,1.02816,0,0,3.77605,2.74789,1.028160,1,0,95.914,0,0,0,95.914,0
72.29,2.31178,0,0,4.28766,0.210115,1.76577,3.6288,61.308,0.160447,0,0,3.14247,0.186624,2.7954,0.66528,12.849,1,0.410901,1.76577,0,77.0956,4.02769,74.4228,0.84672,12.849,0.84672,3695.15,0,0,0,3.50759,1.36745,12.6819,0.964296,16.5926,0.42336,0,0.42336,460.49,0,1.02816,0,0,4.53575,3.50759,1.028160,1,0,93.8108,0,0,0,93.8108,0
72.29,2.31244,0,0,4.07337,0.201498,1.55944,3.6288,61.308,0.160674,0,0,2.10896,0.221867,1.72642,0.66528,12.849,1,0.411018,1.55944,0,65.7219,4.74798,62.1223,0.84672,12.849,0.84672,3695.15,0,0,0,2.15674,1.42855,9.26588,1.06072,11.7904,0.42336,0,0.42336,460.49,0,1.02816,0,0,3.1849,2.15674,1.028160,1,0,75.6392,0,0,0,75.6392,0
72.29,2.31309,0,0,3.6456,0.162042,1.17046,3.6288,61.308,0.160901,0,0,1.67117,0.209845,1.30043,0.66528,12.849,1,0.411135,1.17046,0,58.3553,4.40076,54.7138,0.84672,12.849,0.84672,3695.15,0,0,0,2.12359,1.42887,8.50496,1.03813,11.0193,0.42336,0,0.42336,460.49,0,1.02816,0,0,3.15175,2.12359,1.028160,1,0,67.0335,0,0,0,67.0335,0
72.29,2.31375,0,0,3.42654,0.14682,0.965967,3.6288,61.308,0.161128,0,0,1.74041,0.213415,1.36586,0.66528,12.849,1,0.411252,0.965967,0,53.7511,4.50912,49.7967,0.84672,12.849,0.84672,3695.15,0,0,0,2.13144,1.42919,8.64389,1.01807,11.1864,0.42336,0,0.42336,460.49,0,1.02816,0,0,3.1596,2.13144,1.028160,1,0,62.349,0,0,0,62.349,0
72.29,2.31441,0,0,3.29269,0.14682,0.831458,3.6288,61.308,0.161354,0,0,1.77298,0.213415,1.39821,0.66528,12.849,1,0.411369,0.831458,0,50.6719,4.50912,46.5828,0.84672,12.849,0.84672,3695.15,0,0,0,1.97417,1.42951,8.61909,1.01807,11.0047,0.42336,0,0.42336,460.49,0,1.02816,0,0,3.00233,1.97417,1.028160,1,0,58.9858,0,0,0,58.9858,0
72.29,2.29203,0,0,3.39674,0.143377,0.961328,3.6288,61.308,0.186596,0,0,1.98285,0.227796,1.56846,0.66528,12.849,1,0.407391,0.961328,0,53.9387,4.82834,49.6643,0.84672,12.849,0.84672,3695.15,0,0,0,2.15434,1.42983,9.45994,1.11069,11.9334,0.42336,0,0.42336,460.49,0,1.02816,0,0,3.1825,2.15434,1.028160,1,0,63.1662,0,0,0,63.1662,0
72.29,2.29268,0,0,3.33512,0.104443,0.93799,3.6288,61.308,0.18683,0,0,2.12636,0.248309,1.69123,0.66528,12.849,1,0.407507,0.93799,0,52.1698,4.96578,47.7345,0.84672,12.849,0.84672,3695.15,0,0,0,2.36592,1.44439,9.8763,1.1904,12.4962,0.42336,0,0.42336,460.49,0,1.02816,0,0,3.39408,2.36592,1.028160,1,0,61.9219,0,0,0,61.9219,0
72.29,2.29334,0,0,3.08559,0.0711784,0.721071,3.6288,61.308,0.187063,0,0,2.10423,0.260762,1.6564,0.66528,12.849,1,0.407623,0.721071,0,48.0888,5.06194,43.3403,0.84672,12.849,0.84672,3695.15,0,0,0,2.16492,1.44472,9.59956,1.21896,11.9902,0.42336,0,0.42336,460.49,0,1.02816,0,0,3.19308,2.16492,1.028160,1,0,56.9869,0,0,0,56.9869,0
72.29,2.29399,0,0,2.88291,0.0711119,0.517808,3.6288,61.308,0.187297,0,0,2.11059,0.260762,1.66253,0.66528,12.849,1,0.407739,0.517808,0,44.5445,5.06194,39.5926,0.84672,12.849,0.84672,3695.15,0,0,0,2.31866,1.44504,8.87475,1.21896,11.4195,0.42336,0,0.42336,460.49,0,1.02816,0,0,3.34682,2.31866,1.028160,1,0,52.6746,0,0,0,52.6746,0
72.1876,2.35419,0,0,2.68853,0.0738774,0.36288,3.6288,61.308,0.209847,0,0,1.98521,0.277129,1.49824,0.66528,12.849,1,0.418439,0.36288,0,41.4333,5.29847,36.0793,0.84672,12.849,0.84672,3695.15,0,0,0,2.11677,1.44537,8.23565,1.29119,10.5066,0.42336,0,0.42336,460.49,0,1.02816,0,0,3.14493,2.11677,1.028160,1,0,48.0841,0,0,0,48.0841,0
72.29,2.35435,0,0,3.00828,0.0807284,0.470797,3.6288,61.308,0.210086,0,0,2.32089,0.318049,1.79276,0.66528,12.849,1,0.419061,0.470797,0,54.2021,5.88977,48.3641,0.84672,12.849,0.84672,3695.15,0,0,0,2.37507,1.47607,8.47091,1.47175,10.8503,0.42336,0,0.42336,460.49,0,1.02816,0,0,3.40323,2.37507,1.028160,1,0,61.0071,0,0,0,61.0071,0
72.2601,2.35552,0,0,2.76928,0.0807912,0.36288,3.6288,61.308,0.210325,0,0,1.9676,0.318049,1.43922,0.66528,12.849,1,0.418676,0.36288,0,44.5211,5.88977,38.5755,0.84672,12.849,0.84672,3695.15,0,0,0,2.58143,1.47641,8.19063,1.47175,10.7767,0.42336,0,0.42336,460.49,0,1.02816,0,0,3.60959,2.58143,1.028160,1,0,50.7914,0,0,0,50.7914,0
71.9961,2.35604,0,0,2.5357,0.0807728,0.36288,3.6288,61.308,0.210565,0,0,1.82238,0.318049,1.29377,0.66528,12.849,1,0.418942,0.36288,0,42.3171,5.88977,36.3713,0.84672,12.849,0.84672,3695.15,0,0,0,2.05741,1.47674,7.19945,1.47175,9.26185,0.42336,0,0.42336,460.49,0,1.02816,0,0,3.08557,2.05741,1.028160,1,0,46.9269,0,0,0,46.9269,0
71.7117,2.52985,0,0,2.67913,0.0708312,0.36288,3.6288,61.308,0.291438,0,0,2.09208,0.323229,1.47741,0.66528,12.849,1,0.451497,0.36288,0,41.503,6.03931,35.3751,0.84672,12.849,0.84672,3695.15,0,0,0,2.67453,1.47707,9.52404,1.50163,12.174,0.42336,0,0.42336,460.49,0,1.02816,0,0,3.70269,2.67453,1.028160,1,0,49.0265,0,0,0,49.0265,0
71.2115,2.52904,0,0,2.48156,0.0897879,0.36288,3.6288,61.308,0.291698,0,0,1.83324,0.344013,1.19752,0.66528,12.849,1,0.453144,0.36288,0,33.0587,6.09585,26.8726,0.84672,12.849,0.84672,3695.15,0,0,0,1.49761,1.57823,7.84667,1.53919,9.38331,0.42336,0,0.42336,460.49,0,1.02816,0,0,2.52577,1.49761,1.028160,1,0,37.4534,0,0,0,37.4534,0
70.1276,2.52706,0,0,1.89435,0.0882964,0.36288,3.6288,61.308,0.291958,0,0,1.35368,0.356484,0.705238,0.66528,12.849,1,0.455968,0.36288,0,36.6892,6.17852,30.4176,0.84672,12.849,0.84672,3695.15,0,0,0,0.795865,1.57858,5.88806,1.55506,6.70745,0.42336,0,0.42336,460.49,0,1.02816,0,0,1.82402,0.795865,1.028160,1,0,37.8303,0,0,0,37.8303,0
69.3989,2.52181,0,0,2.24354,0.0875643,0.36288,3.6288,61.308,0.292219,0,0,2.06632,0.356484,1.41761,0.66528,12.849,1,0.462054,0.36288,0,31.4914,6.17852,25.2137,0.84672,12.849,0.84672,3695.15,0,0,0,1.7157,1.57894,7.96252,1.55506,9.7021,0.42336,0,0.42336,460.49,0,1.02816,0,0,2.74386,1.7157,1.028160,1,0,36.3334,0,0,0,36.3334,0
68.3013,2.51843,0,0,1.87446,0.0907923,0.36288,3.6288,61.308,0.292479,0,0,1.51641,0.3358,0.888137,0.66528,12.849,1,0.466279,0.36288,0,28.7375,5.62398,23.0101,0.84672,12.849,0.84672,3695.15,0,0,0,1.13666,1.5793,8.24947,1.33919,9.62624,0.42336,0,0.42336,460.49,0,1.02816,0,0,2.16482,1.13666,1.028160,1,0,33.5245,0,0,0,33.5245,0
68.3176,2.42839,0,0,2.84665,0.0390912,0.36288,3.6288,61.308,0.243735,0,0,2.04111,0.375376,1.42199,0.66528,12.849,1,0.456835,0.36288,0,35.5787,6.12714,29.3576,0.84672,12.849,0.84672,3695.15,0,0,0,1.31335,1.57966,12.9073,1.50052,14.2998,0.42336,0,0.42336,460.49,0,1.02816,0,0,2.34151,1.31335,1.028160,1,0,45.0793,0,0,0,45.0793,0
68.6694,2.42917,0,0,3.25115,0.107272,0.36288,3.6288,61.308,0.243982,0,0,2.61359,0.348814,2.0208,0.66528,12.849,1,0.456872,0.36288,0,42.7029,5.16714,37.4417,0.84672,12.849,0.84672,3695.15,0,0,0,1.52712,1.52336,14.6856,1.36083,16.3752,0.42336,0,0.42336,460.49,0,1.02816,0,0,2.55528,1.52712,1.028160,1,0,55.8377,0,0,0,55.8377,0
69.4654,2.43183,0,0,3.73423,0.143453,0.36288,3.6288,61.308,0.24423,0,0,3.56701,0.341862,2.98091,0.66528,12.849,1,0.455029,0.36288,0,43.154,4.94676,38.1151,0.84672,12.849,0.84672,3695.15,0,0,0,2.13198,1.5237,20.3653,1.33577,22.6852,0.42336,0,0.42336,460.49,0,1.02816,0,0,3.16014,2.13198,1.028160,1,0,63.7812,0,0,0,63.7812,0
70.0967,2.43692,0,0,3.57545,0.144344,0.36288,3.6288,61.308,0.244478,0,0,3.49855,0.341862,2.91221,0.66528,12.849,1,0.450756,0.36288,0,57.5385,4.94676,52.5039,0.84672,12.849,0.84672,3695.15,0,0,0,2.04587,1.52405,20.3601,1.33577,22.5942,0.42336,0,0.42336,460.49,0,1.02816,0,0,3.07403,2.04587,1.028160,1,0,78.0103,0,0,0,78.0103,0
70.9649,2.37138,0,0,3.76069,0.158248,0.36288,3.6288,61.308,0.200074,0,0,4.27348,0.326152,3.74726,0.66528,12.849,1,0.434682,0.36288,0,107.338,4.87722,102.389,0.84672,12.849,0.84672,3695.15,0,0,0,2.53385,1.52439,26.6052,1.30701,29.3565,0.42336,0,0.42336,460.49,0,1.02816,0,0,3.56201,2.53385,1.028160,1,0,135.493,0,0,0,135.493,0
70.654,2.37655,0,0,2.6675,0.239023,0.36288,3.6288,61.308,0.20031,0,0,1.6537,0.231893,1.2215,0.66528,12.849,1,0.430301,0.36288,0,66.0865,4.45998,61.5591,0.84672,12.849,0.84672,3695.15,0,0,0,0.846089,1.47479,17.4346,1.13449,18.621,0.42336,0,0.42336,460.49,0,1.02816,0,0,1.87425,0.846089,1.028160,1,0,81.4016,0,0,0,81.4016,0
70.4946,2.37562,0,0,2.81762,0.238454,0.36288,3.6288,61.308,0.200547,0,0,3.14006,0.231893,2.70762,0.66528,12.849,1,0.432026,0.36288,0,74.2386,4.45998,69.7095,0.84672,12.849,0.84672,3695.15,0,0,0,1.55624,1.47512,15.4604,1.13449,17.3573,0.42336,0,0.42336,460.49,0,1.02816,0,0,2.5844,1.55624,1.028160,1,0,89.7744,0,0,0,89.7744,0
69.8544,2.37547,0,0,2.35168,0.25357,0.36288,3.6288,61.308,0.200783,0,0,2.46697,0.236504,2.02968,0.66528,12.849,1,0.432974,0.36288,0,65.3788,4.10457,61.2041,0.84672,12.849,0.84672,3695.15,0,0,0,1.13728,1.47545,20.1823,1.0589,21.7361,0.42336,0,0.42336,460.49,0,1.02816,0,0,2.16544,1.13728,1.028160,1,0,84.9699,0,0,0,84.9699,0
71.6491,2.17485,0,0,4.60519,0.272765,0.36288,3.6288,61.308,0.107928,0,0,4.04856,0.242653,3.69798,0.66528,12.849,1,0.400042,0.36288,0,121.899,3.63069,118.231,0.84672,12.849,0.84672,3695.15,0,0,0,2.46391,1.47578,27.0015,0.958101,29.9831,0.42336,0,0.42336,460.49,0,1.02816,0,0,3.49207,2.46391,1.028160,1,0,151.912,0,0,0,151.912,0
71.3046,2.18397,0,0,2.49201,0.289651,0.36288,3.6288,61.308,0.108141,0,0,1.43226,0.204003,1.12012,0.66528,12.849,1,0.391657,0.36288,0,86.8557,3.56607,83.2608,0.84672,12.849,0.84672,3695.15,0,0,0,0.980044,1.36028,15.5091,0.939284,16.9101,0.42336,0,0.42336,460.49,0,1.02816,0,0,2.0082,0.980044,1.028160,1,0,101.291,0,0,0,101.291,0
70.2768,2.18299,0,0,1.80912,0.291069,0.36288,3.6288,61.308,0.108354,0,0,1.14698,0.197561,0.841062,0.66528,12.849,1,0.393372,0.36288,0,36.096,3.5553,32.5102,0.84672,12.849,0.84672,3695.15,0,0,0,0.512006,1.36058,13.0432,0.936148,13.9796,0.42336,0,0.42336,460.49,0,1.02816,0,0,1.54017,0.512006,1.028160,1,0,47.3309,0,0,0,47.3309,0
71.69,2.17875,0,0,4.24365,0.288782,0.36288,3.6288,61.308,0.108567,0,0,2.28411,0.197561,1.97798,0.66528,12.849,1,0.39835,0.36288,0,53.6463,3.5553,50.0555,0.84672,12.849,0.84672,3695.15,0,0,0,1.51007,1.36088,21.8487,0.936148,23.7836,0.42336,0,0.42336,460.49,0,1.02816,0,0,2.53823,1.51007,1.028160,1,0,75.817,0,0,0,75.817,0
72.29,2.18603,0,0,7.17396,0.310783,4.07716,3.6288,61.308,0.10878,0,0,4.50173,0.215231,4.17772,0.66528,12.849,1,0.391802,4.07716,0,158.871,3.89078,158.665,0.84672,12.849,0.84672,3695.15,0,0,0,3.2228,1.36118,43.1035,0.985392,46.7021,0.42336,0,0.42336,460.49,0,1.02816,0,0,4.25096,3.2228,1.028160,1,0,209.545,0,0,0,209.545,0
72.29,2.26603,0,0,5.95841,0.307857,3.38452,3.6288,61.308,0.135979,0,0,3.23768,0.239342,2.86236,0.66528,12.849,1,0.40277,3.38452,0,177.749,4.49454,176.236,0.84672,12.849,0.84672,3695.15,0,0,0,2.42815,1.36149,28.4177,1.19701,31.0103,0.42336,0,0.42336,460.49,0,1.02816,0,0,3.45631,2.42815,1.028160,1,0,210.109,0,0,0,210.109,0
72.29,2.26665,0,0,6.76283,0.268384,4.22779,3.6288,61.308,0.13619,0,0,2.77351,0.240077,2.39724,0.66528,12.849,1,0.40288,4.22779,0,199.053,4.70316,198.175,0.84672,12.849,0.84672,3695.15,0,0,0,2.43246,1.39955,19.9182,1.39163,22.3586,0.42336,0,0.42336,460.49,0,1.02816,0,0,3.46062,2.43246,1.028160,1,0,222.931,0,0,0,222.931,0
72.29,2.26727,0,0,8.51014,0.268384,5.97449,3.6288,61.308,0.136401,0,0,4.45745,0.240077,4.08097,0.66528,12.849,1,0.40299,5.97449,0,209.846,4.70316,210.714,0.84672,12.849,0.84672,3695.15,0,0,0,3.81281,1.39985,26.8493,1.39163,30.6703,0.42336,0,0.42336,460.49,0,1.02816,0,0,4.84097,3.81281,1.028160,1,0,245.465,0,0,0,245.465,0
72.29,2.26789,0,0,12.2728,0.268384,9.7365,3.6288,61.308,0.136612,0,0,6.06958,0.240077,5.69289,0.66528,12.849,1,0.4031,9.7365,0,233.569,4.70316,238.2,0.84672,12.849,0.84672,3695.15,0,0,0,4.69437,1.40015,30.2715,1.39163,34.9744,0.42336,0,0.42336,460.49,0,1.02816,0,0,5.72253,4.69437,1.028160,1,0,278.867,0,0,0,278.867,0
72.29,2.51482,0,0,11.3586,0.251516,8.59224,3.6288,61.308,0.238245,0,0,6.36612,0.239753,5.88812,0.66528,12.849,1,0.446989,8.59224,0,384.786,4.57553,388.356,0.84672,12.849,0.84672,3695.15,0,0,0,5.02588,1.40045,35.4345,1.27432,40.5865,0.42336,0,0.42336,460.49,0,1.02816,0,0,6.05404,5.02588,1.028160,1,0,434.83,0,0,0,434.83,0
72.29,2.51549,0,0,6.5773,0.276846,3.78496,3.6288,61.308,0.238481,0,0,4.22026,0.213549,3.76823,0.66528,12.849,1,0.44711,3.78496,0,182.916,3.87797,182.376,0.84672,12.849,0.84672,3695.15,0,0,0,4.89813,1.53347,22.8699,1.12129,28.1802,0.42336,0,0.42336,460.49,0,1.02816,0,0,5.92629,4.89813,1.028160,1,0,214.324,0,0,0,214.324,0
72.29,2.51617,0,0,4.80704,0.276846,2.01402,3.6288,61.308,0.238717,0,0,2.7976,0.213549,2.34533,0.66528,12.849,1,0.447231,2.01402,0,115.207,3.87797,112.895,0.84672,12.849,0.84672,3695.15,0,0,0,3.18843,1.5338,14.1814,1.12129,17.7824,0.42336,0,0.42336,460.49,0,1.02816,0,0,4.21659,3.18843,1.028160,1,0,133.023,0,0,0,133.023,0
72.29,2.51685,0,0,4.7689,0.276846,1.9752,3.6288,61.308,0.238953,0,0,2.61252,0.213549,2.16002,0.66528,12.849,1,0.447351,1.9752,0,108.41,3.87797,106.059,0.84672,12.849,0.84672,3695.15,0,0,0,2.73193,1.53413,11.3315,1.12129,14.4763,0.42336,0,0.42336,460.49,0,1.02816,0,0,3.76009,2.73193,1.028160,1,0,122.696,0,0,0,122.696,0
72.29,2.16587,0,0,4.10575,0.293575,1.64631,3.6288,61.308,0.102947,0,0,2.40343,0.174076,2.12641,0.66528,12.849,1,0.384967,1.64631,0,117.285,3.35354,115.193,0.84672,12.849,0.84672,3695.15,0,0,0,2.42921,1.53446,10.4571,1.00964,13.4111,0.42336,0,0.42336,460.49,0,1.02816,0,0,3.45737,2.42921,1.028160,1,0,130.731,0,0,0,130.731,0
72.29,2.16647,0,0,5.39163,0.3082,2.91696,3.6288,61.308,0.10315,0,0,2.25297,0.118614,2.03121,0.66528,12.849,1,0.385073,2.91696,0,115.771,2.11397,116.189,0.84672,12.849,0.84672,3695.15,0,0,0,3.41955,1.35192,10.1472,0.695312,14.2234,0.42336,0,0.42336,460.49,0,1.02816,0,0,4.44771,3.41955,1.028160,1,0,132.443,0,0,0,132.443,0
72.29,2.16706,0,0,6.76933,0.3082,4.29407,3.6288,61.308,0.103353,0,0,3.22894,0.118614,3.00697,0.66528,12.849,1,0.385178,4.29407,0,168.451,2.11397,170.246,0.84672,12.849,0.84672,3695.15,0,0,0,5.13831,1.35221,13.6904,0.695312,19.4856,0.42336,0,0.42336,460.49,0,1.02816,0,0,6.16647,5.13831,1.028160,1,0,192.739,0,0,0,192.739,0
72.29,2.16765,0,0,8.43489,0.310079,5.95715,3.6288,61.308,0.103556,0,0,4.74761,0.141561,4.50249,0.66528,12.849,1,0.385284,5.95715,0,193.609,2.76363,196.417,0.84672,12.849,0.84672,3695.15,0,0,0,8.85686,1.3525,22.5873,0.79536,32.0013,0.42336,0,0.42336,460.49,0,1.02816,0,0,9.88502,8.85686,1.028160,1,0,232.921,0,0,0,232.921,0
72.29,2.16825,0,0,5.62541,0.312585,3.14458,3.6288,61.308,0.103759,0,0,2.55119,0.172157,2.27528,0.66528,12.849,1,0.385389,3.14458,0,155.964,3.62985,155.093,0.84672,12.849,0.84672,3695.15,0,0,0,4.39789,1.35278,12.8446,0.928758,17.6665,0.42336,0,0.42336,460.49,0,1.02816,0,0,5.42605,4.39789,1.028160,1,0,175.035,0,0,0,175.035,0
72.29,2.25747,0,0,6.61794,0.330601,4.02987,3.6288,61.308,0.137333,0,0,4.27399,0.169767,3.96689,0.66528,12.849,1,0.401247,4.02987,0,153.846,3.10599,154.369,0.84672,12.849,0.84672,3695.15,0,0,0,4.89858,1.35307,24.9954,0.765442,30.4816,0.42336,0,0.42336,460.49,0,1.02816,0,0,5.92674,4.89858,1.028160,1,0,188.818,0,0,0,188.818,0
72.29,2.25808,0,0,5.32895,0.326357,2.74452,3.6288,61.308,0.137544,0,0,2.39079,0.163985,2.08926,0.66528,12.849,1,0.401357,2.74452,0,179.044,2.89166,178.496,0.84672,12.849,0.84672,3695.15,0,0,0,2.50921,1.3987,15.0088,0.677632,18.2391,0.42336,0,0.42336,460.49,0,1.02816,0,0,3.53737,2.50921,1.028160,1,0,198.824,0,0,0,198.824,0
72.29,2.2587,0,0,4.64143,0.302681,2.08006,3.6288,61.308,0.137755,0,0,2.00188,0.158666,1.70546,0.66528,12.849,1,0.401466,2.08006,0,113.715,3.12973,112.264,0.84672,12.849,0.84672,3695.15,0,0,0,1.46837,1.399,11.3235,0.723868,13.467,0.42336,0,0.42336,460.49,0,1.02816,0,0,2.49653,1.46837,1.028160,1,0,127.437,0,0,0,127.437,0
72.29,2.25931,0,0,4.12182,0.302681,1.55983,3.6288,61.308,0.137967,0,0,1.59232,0.158666,1.29568,0.66528,12.849,1,0.401576,1.55983,0,103.901,3.12973,101.93,0.84672,12.849,0.84672,3695.15,0,0,0,1.38057,1.3993,9.2696,0.723868,11.3256,0.42336,0,0.42336,460.49,0,1.02816,0,0,2.40873,1.38057,1.028160,1,0,114.551,0,0,0,114.551,0
72.29,2.22524,0,0,6.10831,0.296806,3.58626,3.6288,61.308,0.125205,0,0,1.87186,0.164146,1.58251,0.66528,12.849,1,0.39552,3.58626,0,131.7,3.23285,131.658,0.84672,12.849,0.84672,3695.15,0,0,0,2.3045,1.3996,23.5746,0.780684,26.498,0.42336,0,0.42336,460.49,0,1.02816,0,0,3.33266,2.3045,1.028160,1,0,159.739,0,0,0,159.739,0
72.29,2.22585,0,0,4.97571,0.249942,2.49992,3.6288,61.308,0.125413,0,0,1.95942,0.191303,1.64271,0.66528,12.849,1,0.395628,2.49992,0,130.047,3.60282,128.548,0.84672,12.849,0.84672,3695.15,0,0,0,2.3765,1.38222,13.4047,0.936839,16.2266,0.42336,0,0.42336,460.49,0,1.02816,0,0,3.40466,2.3765,1.028160,1,0,146.417,0,0,0,146.417,0
72.29,2.22646,0,0,4.44029,0.257081,1.95675,3.6288,61.308,0.125621,0,0,1.71979,0.200736,1.39344,0.66528,12.849,1,0.395736,1.95675,0,115.766,3.93153,113.396,0.84672,12.849,0.84672,3695.15,0,0,0,2.2535,1.38251,12.5031,0.932216,15.2069,0.42336,0,0.42336,460.49,0,1.02816,0,0,3.28166,2.2535,1.028160,1,0,129.996,0,0,0,129.996,0
72.29,2.22706,0,0,4.06266,0.219421,1.61617,3.6288,61.308,0.125829,0,0,1.47776,0.213216,1.13871,0.66528,12.849,1,0.395844,1.61617,0,105.437,4.04271,102.615,0.84672,12.849,0.84672,3695.15,0,0,0,2.29265,1.38281,11.3194,0.939979,14.0549,0.42336,0,0.42336,460.49,0,1.02816,0,0,3.32081,2.29265,1.028160,1,0,117.809,0,0,0,117.809,0
72.29,2.34553,0,0,3.80387,0.219421,1.23893,3.6288,61.308,0.17209,0,0,1.48239,0.213216,1.09708,0.66528,12.849,1,0.416899,1.23893,0,97.0263,4.04271,93.8057,0.84672,12.849,0.84672,3695.15,0,0,0,2.19653,1.3831,10.7177,0.939979,13.3574,0.42336,0,0.42336,460.49,0,1.02816,0,0,3.22469,2.19653,1.028160,1,0,108.26,0,0,0,108.26,0
72.29,2.34616,0,0,3.57434,0.225605,1.00258,3.6288,61.308,0.17231,0,0,1.30029,0.200856,0.927128,0.66528,12.849,1,0.417012,1.00258,0,69.6669,4.05675,66.1957,0.84672,12.849,0.84672,3695.15,0,0,0,1.58281,1.44499,8.7499,0.988408,10.7893,0.42336,0,0.42336,460.49,0,1.02816,0,0,2.61097,1.58281,1.028160,1,0,77.9121,0,0,0,77.9121,0
72.29,2.3468,0,0,3.1496,0.17254,0.630261,3.6288,61.308,0.17253,0,0,1.17219,0.199071,0.800588,0.66528,12.849,1,0.417126,0.630261,0,56.8169,4.07778,52.9523,0.84672,12.849,0.84672,3695.15,0,0,0,1.50283,1.4453,7.84892,0.942343,9.85471,0.42336,0,0.42336,460.49,0,1.02816,0,0,2.53099,1.50283,1.028160,1,0,63.6076,0,0,0,63.6076,0
72.29,2.34744,0,0,3.05717,0.17254,0.537194,3.6288,61.308,0.172749,0,0,1.24483,0.199071,0.873013,0.66528,12.849,1,0.417239,0.537194,0,54.1554,4.07778,50.1976,0.84672,12.849,0.84672,3695.15,0,0,0,1.47381,1.44561,8.3497,0.942343,10.3268,0.42336,0,0.42336,460.49,0,1.02816,0,0,2.50197,1.47381,1.028160,1,0,61.3974,0,0,0,61.3974,0
72.29,2.34807,0,0,2.90033,0.17254,0.379715,3.6288,61.308,0.172969,0,0,1.20969,0.199071,0.837646,0.66528,12.849,1,0.417352,0.379715,0,50.8645,4.07778,46.7491,0.84672,12.849,0.84672,3695.15,0,0,0,1.36731,1.44592,7.71975,0.942343,9.59064,0.42336,0,0.42336,460.49,0,1.02816,0,0,2.39547,1.36731,1.028160,1,0,57.1774,0,0,0,57.1774,0
71.6287,2.32537,0,0,2.17452,0.147574,0.36288,3.6288,61.308,0.198531,0,0,1.03622,0.188598,0.649092,0.66528,12.849,1,0.413318,0.36288,0,48.8173,4.26072,44.5061,0.84672,12.849,0.84672,3695.15,0,0,0,1.18034,1.44623,6.02134,0.983315,7.66459,0.42336,0,0.42336,460.49,0,1.02816,0,0,2.2085,1.18034,1.028160,1,0,52.8198,0,0,0,52.8198,0
70.4641,2.32277,0,0,1.64924,0.128203,0.36288,3.6288,61.308,0.198757,0,0,0.882731,0.180743,0.503231,0.66528,12.849,1,0.416666,0.36288,0,48.626,4.39792,44.1743,0.84672,12.849,0.84672,3695.15,0,0,0,0.894603,1.46097,4.59231,1.01404,5.93384,0.42336,0,0.42336,460.49,0,1.02816,0,0,1.92276,0.894603,1.028160,1,0,50.6114,0,0,0,50.6114,0
69.1761,2.31757,0,0,1.51013,0.117676,0.36288,3.6288,61.308,0.198983,0,0,0.840154,0.202681,0.438489,0.66528,12.849,1,0.422605,0.36288,0,42.8819,4.68023,38.1419,0.84672,12.849,0.84672,3695.15,0,0,0,0.815694,1.46129,4.4598,1.11709,5.61969,0.42336,0,0.42336,460.49,0,1.02816,0,0,1.84385,0.815694,1.028160,1,0,44.2001,0,0,0,44.2001,0
67.8341,2.31156,0,0,1.4257,0.0932706,0.36288,3.6288,61.308,0.199209,0,0,0.784054,0.257527,0.327318,0.66528,12.849,1,0.429358,0.36288,0,38.1401,5.38597,32.6876,0.84672,12.849,0.84672,3695.15,0,0,0,0.783467,1.4616,4.25409,1.3747,5.12445,0.42336,0,0.42336,460.49,0,1.02816,0,0,1.81163,0.783467,1.028160,1,0,38.1394,0,0,0,38.1394,0
66.3109,2.36478,0,0,1.29522,0.0907254,0.36288,3.6288,61.308,0.222043,0,0,0.745822,0.261775,0.262004,0.66528,12.849,1,0.447932,0.36288,0,37.2977,5.43515,31.7775,0.84672,12.849,0.84672,3695.15,0,0,0,0.74139,1.46191,3.99818,1.39452,4.80696,0.42336,0,0.42336,460.49,0,1.02816,0,0,1.76955,0.74139,1.028160,1,0,36.8464,0,0,0,36.8464,0
64.8891,2.3568,0,0,1.37822,0.0803187,0.36288,3.6288,61.308,0.222275,0,0,0.789981,0.287268,0.280438,0.66528,12.849,1,0.456674,0.36288,0,37.6048,5.73016,31.7809,0.84672,12.849,0.84672,3695.15,0,0,0,0.685999,1.49301,3.44532,1.51343,4.1109,0.42336,0,0.42336,460.49,0,1.02816,0,0,1.71416,0.685999,1.028160,1,0,36.1722,0,0,0,36.1722,0
63.3374,2.34908,0,0,1.23968,0.079411,0.36288,3.6288,61.308,0.222506,0,0,0.74101,0.287268,0.231235,0.66528,12.849,1,0.465152,0.36288,0,35.4405,5.73016,29.6081,0.84672,12.849,0.84672,3695.15,0,0,0,0.631221,1.49333,3.51722,1.51343,4.12834,0.42336,0,0.42336,460.49,0,1.02816,0,0,1.65938,0.631221,1.028160,1,0,33.9676,0,0,0,33.9676,0
61.6841,2.34024,0,0,1.12816,0.0784204,0.36288,3.6288,61.308,0.222738,0,0,0.710865,0.287268,0.200858,0.66528,12.849,1,0.474754,0.36288,0,33.2876,5.73016,27.4455,0.84672,12.849,0.84672,3695.15,0,0,0,0.474466,1.49365,3.26984,1.51343,3.72453,0.42336,0,0.42336,460.49,0,1.02816,0,0,1.50263,0.474466,1.028160,1,0,31.3709,0,0,0,31.3709,0
59.7317,2.50269,0,0,0.976225,0.0630639,0.36288,3.6288,61.308,0.304651,0,0,0.707901,0.294334,0.108915,0.66528,12.849,1,0.521318,0.36288,0,31.7602,5.97198,25.6298,0.84672,12.849,0.84672,3695.15,0,0,0,0.457989,1.49397,3.31348,1.54348,3.72197,0.42336,0,0.42336,460.49,0,1.02816,0,0,1.48615,0.457989,1.028160,1,0,29.4607,0,0,0,29.4607,0
57.6417,2.48933,0,0,0.824187,0.06194,0.36288,3.6288,61.308,0.304903,0,0,0.639556,0.318195,0.0164576,0.66528,12.849,1,0.535485,0.36288,0,25.2259,6.0908,18.9625,0.84672,12.849,0.84672,3695.15,0,0,0,0.49019,1.59643,3.63839,1.4774,4.2476,0.42336,0,0.42336,460.49,0,1.02816,0,0,1.51835,0.49019,1.028160,1,0,23.2266,0,0,0,23.2266,0
55.4733,2.47412,0,0,0.725864,0.0572668,0.36288,3.6288,61.2314,0.305155,0,0,0.561124,0.332537,0,0.66528,12.849,1,0.55151,0.36288,0,20.7904,6.18608,14.4157,0.84672,12.849,0.84672,3695.15,0,0,0,0.421278,1.59678,3.71216,1.50436,4.22585,0.42336,0,0.42336,460.49,0,1.02816,0,0,1.44944,0.421278,1.028160,1,0,18.6416,0,0,0,18.6416,0
53.4102,2.45728,0,0,0.813076,0.0560518,0.36288,3.6288,61.1693,0.305407,0,0,0.575614,0.332376,0,0.66528,12.849,1,0.569166,0.36288,0,20.6658,6.18608,14.2734,0.84672,12.849,0.84672,3695.15,0,0,0,0.461652,1.59712,3.97869,1.50436,4.5331,0.42336,0,0.42336,460.49,0,1.02816,0,0,1.48981,0.461652,1.028160,1,0,18.8065,0,0,0,18.8065,0
51.8362,2.44021,0,0,1.30127,0.0721901,0.36288,3.6288,61.2431,0.305659,0,0,0.707435,0.327958,0,0.66528,12.849,1,0.587046,0.36288,0,34.3322,6.06733,28.0407,0.84672,12.849,0.84672,3695.15,0,0,0,0.781816,1.59747,4.33712,1.48979,5.22662,0.42336,0,0.42336,460.49,0,1.02816,0,0,1.80998,0.781816,1.028160,1,0,33.2673,0,0,0,33.2673,0
50.9538,2.34514,0,0,1.85659,0.030876,0.36288,3.6288,61.308,0.256273,0,0,0.905342,0.366498,0.217652,0.66528,12.849,1,0.581308,0.36288,0,29.9601,6.70071,23.041,0.84672,12.849,0.84672,3695.15,0,0,0,0.871474,1.59782,4.98522,1.56382,5.89069,0.42336,0,0.42336,460.49,0,1.02816,0,0,1.89963,0.871474,1.028160,1,0,29.1494,0,0,0,29.1494,0
49.7647,2.33774,0,0,1.59814,0.0867125,0.36288,3.6288,61.308,0.256512,0,0,0.931012,0.339772,0.334728,0.66528,12.849,1,0.589505,0.36288,0,20.1024,5.20296,14.6728,0.84672,12.849,0.84672,3695.15,0,0,0,1.03056,1.54077,5.23102,1.13248,6.66987,0.42336,0,0.42336,460.49,0,1.02816,0,0,2.05872,1.03056,1.028160,1,0,21.6774,0,0,0,21.6774,0
48.8296,2.32717,0,0,1.85319,0.0982381,0.36288,3.6288,61.308,0.256752,0,0,1.20817,0.344802,0.606611,0.66528,12.849,1,0.600863,0.36288,0,21.1142,5.28434,15.5919,0.84672,12.849,0.84672,3695.15,0,0,0,1.47585,1.5411,7.21397,1.17908,9.05184,0.42336,0,0.42336,460.49,0,1.02816,0,0,2.50401,1.47585,1.028160,1,0,25.2503,0,0,0,25.2503,0
47.8478,2.31868,0,0,1.79702,0.0972575,0.36288,3.6288,61.308,0.256992,0,0,1.20264,0.344802,0.600841,0.66528,12.849,1,0.610137,0.36288,0,29.14,5.28434,23.6084,0.84672,12.849,0.84672,3695.15,0,0,0,1.46109,1.54144,7.23306,1.17908,9.05651,0.42336,0,0.42336,460.49,0,1.02816,0,0,2.48925,1.46109,1.028160,1,0,33.2658,0,0,0,33.2658,0
47.1614,2.24362,0,0,2.01633,0.0962249,0.36288,3.6288,61.308,0.212005,0,0,1.71217,0.344802,1.15536,0.66528,12.849,1,0.602499,0.36288,0,68.3511,5.28434,62.8272,0.84672,12.849,0.84672,3695.15,0,0,0,2.03269,1.54177,10.0113,1.17908,12.4067,0.42336,0,0.42336,460.49,0,1.02816,0,0,3.06085,2.03269,1.028160,1,0,76.3893,0,0,0,76.3893,0
47.303,2.23733,0,0,2.90564,0.163798,0.36288,3.6288,61.308,0.212234,0,0,0.909991,0.248287,0.449469,0.66528,12.849,1,0.609555,0.36288,0,44.7219,4.45924,40.016,0.84672,12.849,0.84672,3695.15,0,0,0,0.826701,1.49151,7.38717,1.08928,8.6161,0.42336,0,0.42336,460.49,0,1.02816,0,0,1.85486,0.826701,1.028160,1,0,49.0816,0,0,0,49.0816,0
47.2496,2.23937,0,0,2.71292,0.164054,0.36288,3.6288,61.308,0.212463,0,0,1.7739,0.248287,1.31315,0.66528,12.849,1,0.608284,0.36288,0,53.3225,4.45924,48.6179,0.84672,12.849,0.84672,3695.15,0,0,0,1.50485,1.49183,6.97452,1.08928,8.88192,0.42336,0,0.42336,460.49,0,1.02816,0,0,2.53301,1.50485,1.028160,1,0,58.813,0,0,0,58.813,0
47.3171,2.23944,0,0,2.84199,0.172244,0.36288,3.6288,61.308,0.212692,0,0,1.34838,0.251362,0.88433,0.66528,12.849,1,0.608989,0.36288,0,42.5104,4.22231,38.042,0.84672,12.849,0.84672,3695.15,0,0,0,1.31414,1.49216,9.01879,1.03888,10.7862,0.42336,0,0.42336,460.49,0,1.02816,0,0,2.3423,1.31414,1.028160,1,0,49.7126,0,0,0,49.7126,0
49.2122,2.05406,0,0,4.50522,0.193104,0.36288,3.6288,61.308,0.118634,0,0,2.42834,0.259048,2.05066,0.66528,12.849,1,0.557782,0.36288,0,81.7033,3.62995,77.8784,0.84672,12.849,0.84672,3695.15,0,0,0,2.28995,1.49248,11.014,0.91289,13.8835,0.42336,0,0.42336,460.49,0,1.02816,0,0,3.31811,2.28995,1.028160,1,0,93.8126,0,0,0,93.8126,0
49.9815,2.07166,0,0,3.43492,0.231069,0.36288,3.6288,61.308,0.11884,0,0,1.21476,0.216267,0.879651,0.66528,12.849,1,0.540897,0.36288,0,53.0354,3.79402,49.0634,0.84672,12.849,0.84672,3695.15,0,0,0,1.12653,1.37547,6.17122,0.858108,7.81511,0.42336,0,0.42336,460.49,0,1.02816,0,0,2.15469,1.12653,1.028160,1,0,57.7581,0,0,0,57.7581,0
50.618,2.07885,0,0,3.30196,0.223755,0.36288,3.6288,61.308,0.119046,0,0,1.36634,0.21034,1.03695,0.66528,12.849,1,0.534419,0.36288,0,45.6918,3.95734,41.5629,0.84672,12.849,0.84672,3695.15,0,0,0,0.825975,1.37576,6.00461,0.939734,7.26662,0.42336,0,0.42336,460.49,0,1.02816,0,0,1.85414,0.825975,1.028160,1,0,49.8665,0,0,0,49.8665,0
52.128,2.08477,0,0,4.18287,0.225261,0.36288,3.6288,61.308,0.119252,0,0,1.98261,0.21034,1.65302,0.66528,12.849,1,0.529204,0.36288,0,58.4989,3.95734,54.3753,0.84672,12.849,0.84672,3695.15,0,0,0,1.83331,1.37606,9.30485,0.939734,11.5745,0.42336,0,0.42336,460.49,0,1.02816,0,0,2.86147,1.83331,1.028160,1,0,67.6028,0,0,0,67.6028,0
53.9672,2.09764,0,0,4.52862,0.228835,0.36288,3.6288,61.308,0.119458,0,0,1.85486,0.21034,1.52506,0.66528,12.849,1,0.517047,0.36288,0,89.8793,3.95734,85.7678,0.84672,12.849,0.84672,3695.15,0,0,0,1.57894,1.37635,10.6331,0.939734,12.6486,0.42336,0,0.42336,460.49,0,1.02816,0,0,2.6071,1.57894,1.028160,1,0,99.9415,0,0,0,99.9415,0
57.1256,2.11187,0,0,5.87526,0.242119,0.36288,3.6288,61.308,0.119458,0,0,1.83852,0.210819,1.50825,0.66528,12.849,1,0.502814,0.36288,0,158.327,3.98939,154.198,0.84672,12.849,0.84672,3695.15,0,0,0,1.9872,1.37664,9.1008,0.999066,11.4656,0.42336,0,0.42336,460.49,0,1.02816,0,0,3.01536,1.9872,1.028160,1,0,167.172,0,0,0,167.172,0
59.0667,2.20976,0,0,4.77476,0.261073,0.36288,3.6288,61.308,0.146995,0,0,1.56004,0.264971,1.14807,0.66528,12.849,1,0.497031,0.36288,0,97.2156,4.64699,92.4344,0.84672,12.849,0.84672,3695.15,0,0,0,1.81708,1.37664,9.05727,1.30398,10.947,0.42336,0,0.42336,460.49,0,1.02816,0,0,2.84524,1.81708,1.028160,1,0,104.53,0,0,0,104.53,0
59.3697,2.22375,0,0,3.15574,0.266056,0.36288,3.6288,61.308,0.147199,0,0,1.78127,0.264971,1.3691,0.66528,12.849,1,0.483741,0.36288,0,74.0215,4.64699,69.2536,0.84672,12.849,0.84672,3695.15,0,0,0,2.05626,1.41518,5.57105,1.30398,7.73851,0.42336,0,0.42336,460.49,0,1.02816,0,0,3.08442,2.05626,1.028160,1,0,78.3612,0,0,0,78.3612,0
68.297,2.22636,0,0,11.7652,0.248727,0.36288,3.6288,61.308,0.147404,0,0,4.8782,0.252928,4.47786,0.66528,12.849,1,0.481837,0.36288,0,224.207,3.93516,220.153,0.84672,12.849,0.84672,3695.15,0,0,0,7.95631,1.41547,23.9028,1.15815,32.1164,0.42336,0,0.42336,460.49,0,1.02816,0,0,8.98447,7.95631,1.028160,1,0,256.747,0,0,0,256.747,0
71.3616,2.27996,0,0,5.96738,0.259912,0.36288,3.6288,61.308,0.147608,0,0,2.8554,0.248111,2.45968,0.66528,12.849,1,0.428939,0.36288,0,118.874,3.65043,115.158,0.84672,12.849,0.84672,3695.15,0,0,0,3.9833,1.41576,9.61494,1.09982,13.9142,0.42336,0,0.42336,460.49,0,1.02816,0,0,5.01146,3.9833,1.028160,1,0,131.532,0,0,0,131.532,0
72.29,2.54513,0,0,5.81221,0.298955,2.03974,3.6288,61.308,0.250526,0,0,3.09558,0.234894,2.61016,0.66528,12.849,1,0.458262,2.03974,0,90.8496,3.68022,88.7509,0.84672,12.849,0.84672,3695.15,0,0,0,3.86603,1.41605,9.63749,1.12493,13.7946,0.42336,0,0.42336,460.49,0,1.02816,0,0,4.89419,3.86603,1.028160,1,0,105.156,0,0,0,105.156,0
72.29,2.55078,0,0,5.9666,0.306583,3.10924,3.6288,61.308,0.250754,0,0,2.81623,0.232691,2.33279,0.66528,12.849,1,0.453382,3.10924,0,152.061,3.68518,151.032,0.84672,12.849,0.84672,3695.15,0,0,0,2.99331,1.55075,9.54755,1.12911,12.9625,0.42336,0,0.42336,460.49,0,1.02816,0,0,4.02147,2.99331,1.028160,1,0,166.327,0,0,0,166.327,0
72.29,2.55144,0,0,4.10441,0.317487,1.23548,3.6288,61.308,0.250982,0,0,1.46549,0.226925,0.987584,0.66528,12.849,1,0.453499,1.23548,0,84.0119,3.66658,81.1273,0.84672,12.849,0.84672,3695.15,0,0,0,1.90597,1.55107,7.95398,1.09452,10.3165,0.42336,0,0.42336,460.49,0,1.02816,0,0,2.93413,1.90597,1.028160,1,0,92.4314,0,0,0,92.4314,0
72.29,2.55209,0,0,4.40598,0.344746,1.50914,3.6288,61.308,0.25121,0,0,1.54982,0.212509,1.0861,0.66528,12.849,1,0.453615,1.50914,0,68.7042,3.62009,66.1397,0.84672,12.849,0.84672,3695.15,0,0,0,2.5383,1.55139,7.85953,1.00804,10.9412,0.42336,0,0.42336,460.49,0,1.02816,0,0,3.56646,2.5383,1.028160,1,0,78.167,0,0,0,78.167,0
72.29,2.19663,0,0,4.51138,0.320968,1.99379,3.6288,61.308,0.113467,0,0,2.05631,0.184225,1.75862,0.66528,12.849,1,0.390434,1.99379,0,119.146,3.29087,117.459,0.84672,12.849,0.84672,3695.15,0,0,0,2.42107,1.55171,8.58712,0.851936,11.708,0.42336,0,0.42336,460.49,0,1.02816,0,0,3.44923,2.42107,1.028160,1,0,130.925,0,0,0,130.925,0
72.29,2.1972,0,0,4.80182,0.317005,2.28761,3.6288,61.308,0.113663,0,0,2.18746,0.179511,1.89428,0.66528,12.849,1,0.390536,2.28761,0,89.7575,3.236,88.4186,0.84672,12.849,0.84672,3695.15,0,0,0,2.63259,1.36684,9.45752,0.825919,12.631,0.42336,0,0.42336,460.49,0,1.02816,0,0,3.66075,2.63259,1.028160,1,0,102.944,0,0,0,102.944,0
72.29,2.19777,0,0,3.50709,0.317005,0.99231,3.6288,61.308,0.11386,0,0,1.65019,0.179511,1.35682,0.66528,12.849,1,0.390638,0.99231,0,83.6628,3.236,81.0285,0.84672,12.849,0.84672,3695.15,0,0,0,1.78695,1.36711,7.63664,0.825919,9.96478,0.42336,0,0.42336,460.49,0,1.02816,0,0,2.81511,1.78695,1.028160,1,0,92.3501,0,0,0,92.3501,0
72.29,2.19835,0,0,4.56117,0.294348,2.06847,3.6288,61.308,0.114056,0,0,1.81093,0.167479,1.52939,0.66528,12.849,1,0.39074,2.06847,0,97.4687,3.0616,96.0848,0.84672,12.849,0.84672,3695.15,0,0,0,2.16214,1.36739,8.24213,0.800868,10.9708,0.42336,0,0.42336,460.49,0,1.02816,0,0,3.1903,2.16214,1.028160,1,0,108.585,0,0,0,108.585,0
72.29,2.19892,0,0,3.88945,0.297029,1.3935,3.6288,61.308,0.114252,0,0,1.99873,0.206119,1.67835,0.66528,12.849,1,0.390842,1.3935,0,99.138,4.38952,95.7511,0.84672,12.849,0.84672,3695.15,0,0,0,2.45983,1.36767,7.60985,1.02208,10.4153,0.42336,0,0.42336,460.49,0,1.02816,0,0,3.48799,2.45983,1.028160,1,0,107.845,0,0,0,107.845,0
72.29,2.28924,0,0,4.29429,0.301372,1.70367,3.6288,61.308,0.148241,0,0,1.92581,0.184273,1.5933,0.66528,12.849,1,0.406895,1.70367,0,124.309,4.2358,121.37,0.84672,12.849,0.84672,3695.15,0,0,0,1.84292,1.36795,6.79925,0.890665,9.11945,0.42336,0,0.42336,460.49,0,1.02816,0,0,2.87108,1.84292,1.028160,1,0,132.083,0,0,0,132.083,0
72.29,2.28984,0,0,5.15851,0.301372,2.5673,3.6288,61.308,0.148445,0,0,1.77838,0.184273,1.44566,0.66528,12.849,1,0.407001,2.5673,0,109.275,4.2358,107.2,0.84672,12.849,0.84672,3695.15,0,0,0,2.23753,1.41414,13.3695,0.890665,16.1305,0.42336,0,0.42336,460.49,0,1.02816,0,0,3.26569,2.23753,1.028160,1,0,124.776,0,0,0,124.776,0
72.29,2.29043,0,0,4.74112,0.284391,2.1663,3.6288,61.308,0.148649,0,0,1.94173,0.167479,1.6256,0.66528,12.849,1,0.407107,2.1663,0,156.419,3.30988,154.868,0.84672,12.849,0.84672,3695.15,0,0,0,2.56162,1.41443,10.3714,0.733734,13.6137,0.42336,0,0.42336,460.49,0,1.02816,0,0,3.58978,2.56162,1.028160,1,0,170.107,0,0,0,170.107,0
72.29,2.29103,0,0,3.7369,0.253187,1.19268,3.6288,61.308,0.148854,0,0,1.5942,0.211334,1.23401,0.66528,12.849,1,0.407213,1.19268,0,91.0699,4.01317,87.8422,0.84672,12.849,0.84672,3695.15,0,0,0,1.99804,1.41472,7.4018,0.8962,9.91837,0.42336,0,0.42336,460.49,0,1.02816,0,0,3.0262,1.99804,1.028160,1,0,98.9946,0,0,0,98.9946,0
72.29,2.2565,0,0,2.99351,0.197962,0.539049,3.6288,61.308,0.135921,0,0,1.43157,0.260274,1.03538,0.66528,12.849,1,0.401075,0.539049,0,77.906,5.2186,72.8254,0.84672,12.849,0.84672,3695.15,0,0,0,1.62274,1.41501,6.87614,1.13389,8.78,0.42336,0,0.42336,460.49,0,1.02816,0,0,2.6509,1.62274,1.028160,1,0,82.6408,0,0,0,82.6408,0
72.2382,2.25709,0,0,2.7661,0.197962,0.36288,3.6288,61.308,0.136122,0,0,1.50094,0.260274,1.10454,0.66528,12.849,1,0.40118,0.36288,0,65.8932,5.2186,60.6363,0.84672,12.849,0.84672,3695.15,0,0,0,1.40319,1.3974,6.35699,1.13389,8.02369,0.42336,0,0.42336,460.49,0,1.02816,0,0,2.43135,1.40319,1.028160,1,0,69.7645,0,0,0,69.7645,0
72.0928,2.25743,0,0,2.67286,0.197884,0.36288,3.6288,61.308,0.136324,0,0,1.34184,0.260274,0.945246,0.66528,12.849,1,0.401529,0.36288,0,59.59,5.2186,54.3327,0.84672,12.849,0.84672,3695.15,0,0,0,1.18747,1.39768,6.18438,1.13389,7.63565,0.42336,0,0.42336,460.49,0,1.02816,0,0,2.21563,1.18747,1.028160,1,0,62.9136,0,0,0,62.9136,0
71.5793,2.25733,0,0,2.32502,0.218323,0.36288,3.6288,61.308,0.136525,0,0,1.29057,0.209255,0.944786,0.66528,12.849,1,0.40232,0.36288,0,56.7379,4.79988,51.8986,0.84672,12.849,0.84672,3695.15,0,0,0,1.15601,1.39797,5.93902,1.0131,7.47991,0.42336,0,0.42336,460.49,0,1.02816,0,0,2.18417,1.15601,1.028160,1,0,60.3233,0,0,0,60.3233,0
70.8286,2.37462,0,0,2.14409,0.157311,0.36288,3.6288,61.308,0.183357,0,0,1.28873,0.240436,0.864932,0.66528,12.849,1,0.426262,0.36288,0,48.1207,4.90344,43.1539,0.84672,12.849,0.84672,3695.15,0,0,0,1.24409,1.39825,5.49319,1.09957,7.03597,0.42336,0,0.42336,460.49,0,1.02816,0,0,2.27225,1.24409,1.028160,1,0,51.0548,0,0,0,51.0548,0
69.862,2.37141,0,0,1.89694,0.129211,0.36288,3.6288,61.308,0.183569,0,0,1.09342,0.261072,0.648776,0.66528,12.849,1,0.430197,0.36288,0,41.284,5.01186,36.2048,0.84672,12.849,0.84672,3695.15,0,0,0,0.792245,1.4609,4.5502,1.15348,5.64987,0.42336,0,0.42336,460.49,0,1.02816,0,0,1.8204,0.792245,1.028160,1,0,42.5035,0,0,0,42.5035,0
68.7387,2.367,0,0,1.73483,0.128252,0.36288,3.6288,61.308,0.183782,0,0,1.02345,0.261072,0.578597,0.66528,12.849,1,0.435337,0.36288,0,38.7203,5.01186,33.636,0.84672,12.849,0.84672,3695.15,0,0,0,0.64762,1.4612,4.15972,1.15348,5.11506,0.42336,0,0.42336,460.49,0,1.02816,0,0,1.67578,0.64762,1.028160,1,0,39.3297,0,0,0,39.3297,0
67.5339,2.36161,0,0,1.64674,0.127139,0.36288,3.6288,61.308,0.183994,0,0,0.93407,0.261072,0.489004,0.66528,12.849,1,0.441445,0.36288,0,35.0889,5.01186,29.9985,0.84672,12.849,0.84672,3695.15,0,0,0,0.466586,1.4615,3.90433,1.15348,4.67894,0.42336,0,0.42336,460.49,0,1.02816,0,0,1.49475,0.466586,1.028160,1,0,35.1665,0,0,0,35.1665,0
66.3075,2.35561,0,0,1.60314,0.110997,0.36288,3.6288,61.308,0.184206,0,0,1.05057,0.277384,0.588982,0.66528,12.849,1,0.448178,0.36288,0,36.0611,5.33055,30.6453,0.84672,12.849,0.84672,3695.15,0,0,0,0.592643,1.4618,4.08681,1.20607,4.93518,0.42336,0,0.42336,460.49,0,1.02816,0,0,1.6208,0.592643,1.028160,1,0,36.1694,0,0,0,36.1694,0
65.1315,2.32596,0,0,1.61895,0.106095,0.36288,3.6288,61.308,0.210078,0,0,1.16539,0.300676,0.654635,0.66528,12.849,1,0.450722,0.36288,0,40.3917,5.53089,34.7729,0.84672,12.849,0.84672,3695.15,0,0,0,0.74755,1.4621,4.26344,1.29044,5.18265,0.42336,0,0.42336,460.49,0,1.02816,0,0,1.77571,0.74755,1.028160,1,0,40.6102,0,0,0,40.6102,0
63.8925,2.31976,0,0,1.53673,0.0930979,0.36288,3.6288,61.308,0.210296,0,0,1.12603,0.31836,0.597369,0.66528,12.849,1,0.457638,0.36288,0,37.7317,5.54988,32.087,0.84672,12.849,0.84672,3695.15,0,0,0,0.68688,1.47701,4.29553,1.34903,5.1104,0.42336,0,0.42336,460.49,0,1.02816,0,0,1.71504,0.68688,1.028160,1,0,37.7948,0,0,0,37.7948,0
62.5668,2.31297,0,0,1.4423,0.0921724,0.36288,3.6288,61.308,0.210515,0,0,0.990965,0.31836,0.46209,0.66528,12.849,1,0.465147,0.36288,0,34.4758,5.54988,28.8237,0.84672,12.849,0.84672,3695.15,0,0,0,0.623428,1.47732,4.07655,1.34903,4.82827,0.42336,0,0.42336,460.49,0,1.02816,0,0,1.65159,0.623428,1.028160,1,0,34.1141,0,0,0,34.1141,0
61.1582,2.30539,0,0,1.35084,0.0911821,0.36288,3.6288,61.308,0.210733,0,0,0.923944,0.31836,0.394851,0.66528,12.849,1,0.473446,0.36288,0,32.9914,5.54988,27.331,0.84672,12.849,0.84672,3695.15,0,0,0,0.532328,1.47762,3.85849,1.34903,4.51941,0.42336,0,0.42336,460.49,0,1.02816,0,0,1.56049,0.532328,1.028160,1,0,32.2452,0,0,0,32.2452,0
59.6717,2.35641,0,0,1.30163,0.0688384,0.36288,3.6288,61.308,0.233841,0,0,1.04219,0.304632,0.503718,0.66528,12.849,1,0.49507,0.36288,0,35.7512,5.83968,29.7793,0.84672,12.849,0.84672,3695.15,0,0,0,0.442308,1.47792,3.54632,1.42048,4.04607,0.42336,0,0.42336,460.49,0,1.02816,0,0,1.47047,0.442308,1.028160,1,0,34.3291,0,0,0,34.3291,0
58.0922,2.34687,0,0,1.19822,0.0679385,0.36288,3.6288,61.308,0.234065,0,0,0.883526,0.304632,0.344829,0.66528,12.849,1,0.505348,0.36288,0,29.3655,5.83968,23.3834,0.84672,12.849,0.84672,3695.15,0,0,0,0.531472,1.50939,3.42896,1.42048,4.04934,0.42336,0,0.42336,460.49,0,1.02816,0,0,1.55963,0.531472,1.028160,1,0,27.7776,0,0,0,27.7776,0
56.4233,2.33622,0,0,1.09715,0.0669091,0.36288,3.6288,61.308,0.234289,0,0,0.818346,0.304632,0.279425,0.66528,12.849,1,0.516733,0.36288,0,27.9119,5.83968,21.9183,0.84672,12.849,0.84672,3695.15,0,0,0,0.305061,1.5097,3.01401,1.42048,3.40829,0.42336,0,0.42336,460.49,0,1.02816,0,0,1.33322,0.305061,1.028160,1,0,25.606,0,0,0,25.606,0
54.8381,2.32437,0,0,1.15922,0.0572409,0.36288,3.6288,61.308,0.234513,0,0,0.939427,0.309812,0.395102,0.66528,12.849,1,0.529318,0.36288,0,27.3751,5.98923,21.2194,0.84672,12.849,0.84672,3695.15,0,0,0,0.5717,1.51001,3.98714,1.45036,4.61849,0.42336,0,0.42336,460.49,0,1.02816,0,0,1.59986,0.5717,1.028160,1,0,26.233,0,0,0,26.233,0
52.7693,2.48338,0,0,0.840179,0.062704,0.36288,3.6288,61.308,0.317431,0,0,0.778378,0.259429,0.201517,0.66528,12.849,1,0.581877,0.36288,0,19.7687,5.70202,13.8476,0.84672,12.849,0.84672,3695.15,0,0,0,0.47418,1.51032,3.97208,1.48093,4.47565,0.42336,0,0.42336,460.49,0,1.02816,0,0,1.50234,0.47418,1.028160,1,0,18.5248,0,0,0,18.5248,0
50.6123,2.46567,0,0,0.735516,0.0639988,0.36288,3.6288,61.308,0.317675,0,0,0.707702,0.253108,0.13692,0.66528,12.849,1,0.600376,0.36288,0,15.6416,5.5545,9.8496,0.84672,12.849,0.84672,3695.15,0,0,0,0.540657,1.61403,4.0381,1.49482,4.69797,0.42336,0,0.42336,460.49,0,1.02816,0,0,1.56882,0.540657,1.028160,1,0,14.6845,0,0,0,14.6845,0
48.7886,2.44589,0,0,1.07085,0.0857488,0.36288,3.6288,61.308,0.317918,0,0,0.942019,0.245737,0.378364,0.66528,12.849,1,0.620941,0.36288,0,26.1012,5.41458,20.4285,0.84672,12.849,0.84672,3695.15,0,0,0,0.736828,1.61437,4.49063,1.47246,5.36937,0.42336,0,0.42336,460.49,0,1.02816,0,0,1.76499,0.736828,1.028160,1,0,26.1763,0,0,0,26.1763,0
46.7949,2.42814,0,0,0.873634,0.0762669,0.36288,3.6288,61.308,0.318162,0,0,0.84119,0.239059,0.28397,0.66528,12.849,1,0.639477,0.36288,0,29.9449,5.61404,24.0542,0.84672,12.849,0.84672,3695.15,0,0,0,0.57672,1.6147,3.39831,1.46572,4.12401,0.42336,0,0.42336,460.49,0,1.02816,0,0,1.60488,0.57672,1.028160,1,0,28.4622,0,0,0,28.4622,0
45.4524,2.40738,0,0,1.5294,0.101691,0.36288,3.6288,61.308,0.318405,0,0,1.35992,0.220855,0.820659,0.66528,12.849,1,0.661022,0.36288,0,24.1117,5.09029,18.7233,0.84672,12.849,0.84672,3695.15,0,0,0,1.74724,1.61504,6.02203,1.41165,7.97266,0.42336,0,0.42336,460.49,0,1.02816,0,0,2.7754,1.74724,1.028160,1,0,27.5166,0,0,0,27.5166,0
43.9535,2.31257,0,0,1.312,0.135408,0.36288,3.6288,61.308,0.268398,0,0,1.09927,0.186096,0.644774,0.66528,12.849,1,0.653745,0.36288,0,33.6217,4.62389,28.7069,0.84672,12.849,0.84672,3695.15,0,0,0,0.599711,1.61538,6.37814,1.34231,7.25091,0.42336,0,0.42336,460.49,0,1.02816,0,0,1.62787,0.599711,1.028160,1,0,36.6026,0,0,0,36.6026,0
42.4866,2.29591,0,0,1.31986,0.127978,0.36288,3.6288,61.308,0.26863,0,0,1.08337,0.187888,0.626852,0.66528,12.849,1,0.671168,0.36288,0,32.5212,4.76438,27.4486,0.84672,12.849,0.84672,3695.15,0,0,0,0.783354,1.55761,6.37987,1.35329,7.36754,0.42336,0,0.42336,460.49,0,1.02816,0,0,1.81151,0.783354,1.028160,1,0,35.4429,0,0,0,35.4429,0
40.848,2.27871,0,0,1.12883,0.125835,0.36288,3.6288,61.308,0.437151,0,0,0.920886,0.187888,0.295846,0.66528,12.849,1,0.689137,0.36288,0,32.2066,4.76438,27.1159,0.84672,12.849,0.84672,3695.15,0,0,0,0.216518,1.55793,5.53252,1.35329,5.95368,0.42336,0,0.42336,460.49,0,0.85987,0,0,1.07639,0.216518,1.028160,1,0,33.3654,0,0,0,33.3654,0
39.095,2.25826,0,0,0.991518,0.123441,0.36288,3.6288,61.308,0.269093,0,0,0.870445,0.187888,0.413464,0.66528,12.849,1,0.710349,0.36288,0,24.3163,4.76438,19.2045,0.84672,12.849,0.84672,3695.15,0,0,0,0.263572,1.55825,5.36507,1.35329,5.8336,0.42336,0,0.42336,460.49,0,1.02816,0,0,1.29173,0.263572,1.028160,1,0,25.4516,0,0,0,25.4516,0
37.4832,2.17125,0,0,1.09094,0.168548,0.36288,3.6288,60.8039,0.787482,0,0,0.478611,0.195201,0,0.66528,12.849,1,0.713605,0.36288,0,19.4649,4.30295,14.8112,0.84672,12.849,0.84672,3695.15,0,0,0,0.216518,1.55857,4.24295,1.09202,4.92603,0.42336,0,0.42336,460.49,0,0.464219,0,0,0.680738,0.216518,1.028160,1,0,19.7372,0,0,0,19.7372,0
35.5257,2.14895,0,0,0.727497,0.173197,0.36288,3.6288,60.3787,0.696763,0,0,0.467324,0.195794,0,0.66528,12.849,1,0.736645,0.36288,0,13.9873,4.22604,9.38749,0.84672,12.849,0.84672,3695.15,0,0,0,0.216518,1.50769,4.48401,1.04847,5.15975,0.42336,0,0.42336,460.49,0,0.55516,0,0,0.771678,0.216518,1.028160,1,0,14.5472,0,0,0,14.5472,0
35.1147,2.11969,0,0,2.24077,0.169205,0.36288,3.6288,61.308,0.223984,0,0,1.49551,0.195266,0.14695,0.66528,12.849,1,0.766652,0.36288,0,48.4607,4.22604,43.8309,0.84672,12.849,0.84672,3695.15,0,0,0,1.43975,1.508,10.6622,1.04847,12.5615,0.42336,0,0.42336,460.49,0,1.02816,0,0,2.46791,1.43975,1.028160,1,0,56.5393,0,0,0,56.5393,0
34.286,2.11366,0,0,1.8398,0.19196,0.36288,3.6288,61.308,0.467701,0,0,1.27538,0.172926,0.634749,0.66528,12.849,1,0.77342,0.36288,0,39.3088,3.89957,34.9987,0.84672,12.849,0.84672,3695.15,0,0,0,0.292723,1.50831,8.06237,0.95599,8.90741,0.42336,0,0.42336,460.49,0,0.784665,0,0,1.07739,0.292723,1.028160,1,0,44.5409,0,0,0,44.5409,0
33.6184,1.92584,0,0,1.81308,0.191991,0.36288,3.6288,61.308,0.128984,0,0,1.0977,0.204146,0.764574,0.66528,12.849,1,0.721726,0.36288,0,35.1688,3.69361,31.1163,0.84672,12.849,0.84672,3695.15,0,0,0,0.776451,1.50862,8.64151,0.897085,10.0295,0.42336,0,0.42336,460.49,0,1.02816,0,0,1.80461,0.776451,1.028160,1,0,41.9104,0,0,0,41.9104,0
33.7185,1.91597,0,0,2.57242,0.193424,0.36288,3.6288,61.308,0.129183,0,0,1.16694,0.225824,0.811937,0.66528,12.849,1,0.732286,0.36288,0,50.6401,3.62555,46.6451,0.84672,12.849,0.84672,3695.15,0,0,0,0.68923,1.39016,8.89859,0.982853,9.99513,0.42336,0,0.42336,460.49,0,1.02816,0,0,1.71739,0.68923,1.028160,1,0,57.4522,0,0,0,57.4522,0
33.1752,1.91804,0,0,1.93128,0.193663,0.36288,3.6288,61.308,0.129382,0,0,0.954927,0.225824,0.59972,0.66528,12.849,1,0.730901,0.36288,0,53.4747,3.62555,49.4811,0.84672,12.849,0.84672,3695.15,0,0,0,1.42389,1.39045,8.19573,0.982853,10.0272,0.42336,0,0.42336,460.49,0,1.02816,0,0,2.45205,1.42389,1.028160,1,0,60.1081,0,0,0,60.1081,0
32.022,1.87578,0,0,1.27785,0.192366,0.36288,3.6288,61.2874,0.346024,0,0,0.551267,0.225824,0,0.66528,12.849,1,0.726503,0.36288,0,29.6058,3.62555,25.6167,0.84672,12.849,0.84672,3695.15,0,0,0,0.412474,1.39073,6.85273,0.982853,7.67308,0.42336,0,0.42336,460.49,0,0.797999,0,0,1.21047,0.412474,1.028160,1,0,33.2897,0,0,0,33.2897,0
31.8064,1.72241,0,0,2.07669,0.206999,0.36288,3.6288,61.308,0.0611728,0,0,0.783365,0.245887,0.455723,0.66528,12.849,1,0.691124,0.36288,0,46.636,4.13181,42.176,0.84672,12.849,0.84672,3695.15,0,0,0,0.723799,1.37154,10.5646,1.12799,11.532,0.42336,0,0.42336,460.49,0,1.02816,0,0,1.75196,0.723799,1.028160,1,0,54.1637,0,0,0,54.1637,0
34.9465,1.78012,0,0,5.49038,0.207374,0.36288,3.6288,61.308,0.0868021,0,0,1.86174,0.217164,1.55777,0.66528,12.849,1,0.719125,0.36288,0,106.826,3.96942,102.5,0.84672,12.849,0.84672,3695.15,0,0,0,2.40788,1.29391,11.1153,1.00057,13.8165,0.42336,0,0.42336,460.49,0,1.02816,0,0,3.43604,2.40788,1.028160,1,0,117.874,0,0,0,117.874,0
38.2815,1.82782,0,0,5.74139,0.215591,0.36288,3.6288,61.308,0.0869833,0,0,1.96113,0.217164,1.65699,0.66528,12.849,1,0.672049,0.36288,0,125.721,3.96942,121.442,0.84672,12.849,0.84672,3695.15,0,0,0,2.05765,1.32978,10.486,1.00057,12.8729,0.42336,0,0.42336,460.49,0,1.02816,0,0,3.08581,2.05765,1.028160,1,0,135.972,0,0,0,135.972,0
39.1534,1.87213,0,0,3.33122,0.224319,0.36288,3.6288,61.308,0.0871646,0,0,1.37418,0.217164,1.06985,0.66528,12.849,1,0.62837,0.36288,0,64.1345,3.96942,59.8996,0.84672,12.849,0.84672,3695.15,0,0,0,1.31664,1.33004,8.07952,1.00057,9.72563,0.42336,0,0.42336,460.49,0,1.02816,0,0,2.3448,1.31664,1.028160,1,0,70.695,0,0,0,70.695,0
39.3781,1.88313,0,0,2.72675,0.256128,0.36288,3.6288,61.308,0.0873459,0,0,1.28221,0.217986,0.976878,0.66528,12.849,1,0.617989,0.36288,0,58.0485,3.85789,53.9355,0.84672,12.849,0.84672,3695.15,0,0,0,1.26745,1.33029,7.33717,1.07659,8.85833,0.42336,0,0.42336,460.49,0,1.02816,0,0,2.29561,1.26745,1.028160,1,0,63.7707,0,0,0,63.7707,0
40.3103,2.09248,0,0,3.62134,0.233719,0.36288,3.6288,61.308,0.183153,0,0,1.32225,0.222332,0.916763,0.66528,12.849,1,0.682774,0.36288,0,82.9863,3.95721,78.7092,0.84672,12.849,0.84672,3695.15,0,0,0,1.29101,1.33055,6.99077,1.05929,8.55304,0.42336,0,0.42336,460.49,0,1.02816,0,0,2.31917,1.29101,1.028160,1,0,88.179,0,0,0,88.179,0
42.8228,2.10498,0,0,5.20252,0.222171,0.36288,3.6288,61.308,0.183355,0,0,1.61202,0.223939,1.20472,0.66528,12.849,1,0.670966,0.36288,0,132.572,4.01478,128.249,0.84672,12.849,0.84672,3695.15,0,0,0,1.49617,1.45594,7.06466,1.04021,8.97657,0.42336,0,0.42336,460.49,0,1.02816,0,0,2.52433,1.49617,1.028160,1,0,138.431,0,0,0,138.431,0
43.4742,2.13579,0,0,3.37884,0.22882,0.36288,3.6288,61.308,0.183558,0,0,1.37348,0.223939,0.965986,0.66528,12.849,1,0.640844,0.36288,0,88.2559,4.01478,83.9631,0.84672,12.849,0.84672,3695.15,0,0,0,1.03523,1.45623,6.08316,1.04021,7.5344,0.42336,0,0.42336,460.49,0,1.02816,0,0,2.06339,1.03523,1.028160,1,0,92.4635,0,0,0,92.4635,0
44.5617,2.14373,0,0,3.81063,0.216481,0.36288,3.6288,61.308,0.183761,0,0,1.33946,0.182514,0.973184,0.66528,12.849,1,0.633589,0.36288,0,84.2642,3.65448,80.339,0.84672,12.849,0.84672,3695.15,0,0,0,1.23328,1.45651,6.13788,0.894733,7.93294,0.42336,0,0.42336,460.49,0,1.02816,0,0,2.26144,1.23328,1.028160,1,0,89.2451,0,0,0,89.2451,0
45.7522,1.85319,0,0,3.65891,0.252363,0.36288,3.6288,61.308,0.0555187,0,0,1.83958,0.164874,1.61918,0.66528,12.849,1,0.534352,0.36288,0,62.0002,3.13405,58.6947,0.84672,12.849,0.84672,3695.15,0,0,0,0.997894,1.4568,5.70232,0.794766,7.36225,0.42336,0,0.42336,460.49,0,1.02816,0,0,2.02605,0.997894,1.028160,1,0,67.6761,0,0,0,67.6761,0
46.6073,1.86451,0,0,3.35609,0.273549,0.36288,3.6288,61.308,0.0556928,0,0,1.9932,0.170245,1.76727,0.66528,12.849,1,0.523629,0.36288,0,61.8056,3.03398,58.6109,0.84672,12.849,0.84672,3695.15,0,0,0,0.953657,1.28468,4.89799,0.798422,6.3379,0.42336,0,0.42336,460.49,0,1.02816,0,0,1.98182,0.953657,1.028160,1,0,66.7161,0,0,0,66.7161,0
50.1469,1.87252,0,0,6.05115,0.276166,0.36288,3.6288,61.308,0.055867,0,0,3.33533,0.170245,3.10922,0.66528,12.849,1,0.516227,0.36288,0,116.952,3.03398,113.765,0.84672,12.849,0.84672,3695.15,0,0,0,2.41076,1.28492,9.72501,0.798422,12.6223,0.42336,0,0.42336,460.49,0,1.02816,0,0,3.43892,2.41076,1.028160,1,0,129.496,0,0,0,129.496,0
53.3506,1.902,0,0,5.73888,0.270359,0.36288,3.6288,61.308,0.0560412,0,0,3.84699,0.178139,3.61281,0.66528,12.849,1,0.487344,0.36288,0,125.562,3.55765,121.88,0.84672,12.849,0.84672,3695.15,0,0,0,3.14729,1.28517,15.3376,0.886252,18.8838,0.42336,0,0.42336,460.49,0,1.02816,0,0,4.17545,3.14729,1.028160,1,0,144.376,0,0,0,144.376,0
55.6272,1.92607,0,0,4.84654,0.280932,0.36288,3.6288,61.308,0.0562155,0,0,2.96482,0.184283,2.72432,0.66528,12.849,1,0.463876,0.36288,0,135.414,3.91011,131.403,0.84672,12.849,0.84672,3695.15,0,0,0,2.06141,1.28542,9.37889,0.982298,11.7434,0.42336,0,0.42336,460.49,0,1.02816,0,0,3.08957,2.06141,1.028160,1,0,145.87,0,0,0,145.87,0
58.3431,2.02191,0,0,5.41093,0.310245,0.36288,3.6288,61.308,0.0878471,0,0,3.31042,0.179999,3.04258,0.66528,12.849,1,0.467029,0.36288,0,130.868,3.54574,127.218,0.84672,12.849,0.84672,3695.15,0,0,0,2.59189,1.28566,9.8941,1.00983,12.7618,0.42336,0,0.42336,460.49,0,1.02816,0,0,3.62005,2.59189,1.028160,1,0,143.023,0,0,0,143.023,0
59.5203,2.04023,0,0,3.89892,0.318655,0.36288,3.6288,61.308,0.0880285,0,0,1.75618,0.179999,1.48816,0.66528,12.849,1,0.449324,0.36288,0,83.7026,3.54574,80.0704,0.84672,12.849,0.84672,3695.15,0,0,0,1.37743,1.32865,7.75492,1.00983,9.45117,0.42336,0,0.42336,460.49,0,1.02816,0,0,2.40559,1.37743,1.028160,1,0,91.0097,0,0,0,91.0097,0
60.3933,2.04805,0,0,3.60629,0.3223,0.36288,3.6288,61.308,0.0882098,0,0,1.98539,0.179999,1.71719,0.66528,12.849,1,0.442126,0.36288,0,96.0708,3.54574,92.4458,0.84672,12.849,0.84672,3695.15,0,0,0,1.45304,1.32891,8.03771,1.00983,9.80982,0.42336,0,0.42336,460.49,0,1.02816,0,0,2.4812,1.45304,1.028160,1,0,103.973,0,0,0,103.973,0
61.0802,2.05384,0,0,3.37167,0.268116,0.36288,3.6288,61.308,0.0883912,0,0,2.02696,0.213302,1.72527,0.66528,12.849,1,0.436965,0.36288,0,83.7518,3.95293,79.7248,0.84672,12.849,0.84672,3695.15,0,0,0,1.54958,1.32917,8.26209,1.08999,10.0508,0.42336,0,0.42336,460.49,0,1.02816,0,0,2.57774,1.54958,1.028160,1,0,91.5009,0,0,0,91.5009,0
61.5143,2.0266,0,0,3.08351,0.259932,0.36288,3.6288,61.308,0.076344,0,0,1.4883,0.174257,1.2377,0.66528,12.849,1,0.426321,0.36288,0,72.6287,3.75134,68.8139,0.84672,12.849,0.84672,3695.15,0,0,0,1.57189,1.32942,6.44665,0.971116,8.37685,0.42336,0,0.42336,460.49,0,1.02816,0,0,2.60005,1.57189,1.028160,1,0,78.4285,0,0,0,78.4285,0
62.4802,2.02959,0,0,3.61925,0.260868,0.36288,3.6288,61.308,0.0765226,0,0,1.62992,0.174257,1.37914,0.66528,12.849,1,0.423939,0.36288,0,74.2686,3.75134,70.4562,0.84672,12.849,0.84672,3695.15,0,0,0,1.64266,1.31302,7.73176,0.971116,9.71633,0.42336,0,0.42336,460.49,0,1.02816,0,0,2.67082,1.64266,1.028160,1,0,81.5516,0,0,0,81.5516,0
62.8503,2.03554,0,0,3.02093,0.252363,0.36288,3.6288,61.308,0.0767014,0,0,1.46565,0.170125,1.21882,0.66528,12.849,1,0.418607,0.36288,0,72.8067,3.55081,69.2001,0.84672,12.849,0.84672,3695.15,0,0,0,1.54189,1.31327,7.43437,0.949628,9.33991,0.42336,0,0.42336,460.49,0,1.02816,0,0,2.57005,1.54189,1.028160,1,0,79.7589,0,0,0,79.7589,0
63.2027,2.0381,0,0,2.94961,0.196267,0.36288,3.6288,61.308,0.0768801,0,0,1.46636,0.203585,1.1859,0.66528,12.849,1,0.416665,0.36288,0,67.9553,3.96652,63.935,0.84672,12.849,0.84672,3695.15,0,0,0,1.51403,1.31352,6.80642,1.07113,8.56284,0.42336,0,0.42336,460.49,0,1.02816,0,0,2.54219,1.51403,1.028160,1,0,73.6838,0,0,0,73.6838,0
63.1276,2.14926,0,0,2.62292,0.185901,0.36288,3.6288,61.308,0.120464,0,0,1.1905,0.22603,0.844004,0.66528,12.849,1,0.43694,0.36288,0,56.1083,4.2333,51.801,0.84672,12.849,0.84672,3695.15,0,0,0,1.18231,1.31378,5.60256,1.17833,6.92032,0.42336,0,0.42336,460.49,0,1.02816,0,0,2.21047,1.18231,1.028160,1,0,59.5653,0,0,0,59.5653,0
62.8172,2.14936,0,0,2.3571,0.155206,0.36288,3.6288,61.308,0.120652,0,0,0.972596,0.228685,0.62326,0.66528,12.849,1,0.437481,0.36288,0,46.2389,4.31393,41.8503,0.84672,12.849,0.84672,3695.15,0,0,0,1.04592,1.37208,4.70375,1.11914,6.00261,0.42336,0,0.42336,460.49,0,1.02816,0,0,2.07408,1.04592,1.028160,1,0,48.4762,0,0,0,48.4762,0
62.2302,2.35727,0,0,2.28791,0.154813,0.36288,3.6288,61.308,0.194651,0,0,1.03286,0.228685,0.609525,0.66528,12.849,1,0.482169,0.36288,0,44.0726,4.31393,39.6393,0.84672,12.849,0.84672,3695.15,0,0,0,1.02214,1.37235,5.00381,1.11914,6.27916,0.42336,0,0.42336,460.49,0,1.02816,0,0,2.0503,1.02214,1.028160,1,0,46.528,0,0,0,46.528,0
61.5297,2.35408,0,0,2.17053,0.15407,0.36288,3.6288,61.308,0.194856,0,0,1.0037,0.228685,0.58016,0.66528,12.849,1,0.486059,0.36288,0,41.3944,4.31393,36.9573,0.84672,12.849,0.84672,3695.15,0,0,0,0.934865,1.47685,4.62631,1.11914,5.91889,0.42336,0,0.42336,460.49,0,1.02816,0,0,1.96303,0.934865,1.028160,1,0,43.4564,0,0,0,43.4564,0
60.6545,2.35008,0,0,1.98202,0.144235,0.36288,3.6288,61.308,0.195061,0,0,0.867421,0.236743,0.435618,0.66528,12.849,1,0.490757,0.36288,0,36.7508,4.51619,32.1067,0.84672,12.849,0.84672,3695.15,0,0,0,0.63612,1.47714,4.22372,1.17551,5.16147,0.42336,0,0.42336,460.49,0,1.02816,0,0,1.66428,0.63612,1.028160,1,0,37.7038,0,0,0,37.7038,0
59.8648,2.11539,0,0,1.80959,0.120983,0.36288,3.6288,61.308,0.2353,0,0,0.641408,0.256889,0.149218,0.66528,12.849,1,0.448123,0.36288,0,31.056,5.02183,25.949,0.84672,12.849,0.84672,3695.15,0,0,0,0.30119,1.47743,3.51837,1.31642,3.98057,0.42336,0,0.42336,460.49,0,0.938148,0,0,1.23934,0.30119,1.028160,1,0,30.0788,0,0,0,30.0788,0
58.9653,2.11105,0,0,1.69452,0.120124,0.36288,3.6288,61.308,0.270374,0,0,0.60976,0.256889,0.0824973,0.66528,12.849,1,0.453102,0.36288,0,31.0154,5.02183,25.9034,0.84672,12.849,0.84672,3695.15,0,0,0,0.261274,1.38701,3.61572,1.31642,3.94758,0.42336,0,0.42336,460.49,0,0.903269,0,0,1.16454,0.261274,1.028160,1,0,29.9335,0,0,0,29.9335,0
57.7133,2.31115,0,0,1.54109,0.119089,0.36288,3.6288,61.2841,0.36162,0,0,0.594594,0.256889,0,0.66528,12.849,1,0.503617,0.36288,0,30.4083,5.02183,25.2457,0.84672,12.849,0.84672,3695.15,0,0,0,0.261274,1.38728,3.4645,1.31642,3.79663,0.42336,0,0.42336,460.49,0,0.888192,0,0,1.14947,0.261274,1.028160,1,0,29.0424,0,0,0,29.0424,0
56.3287,2.30278,0,0,1.39877,0.117649,0.36288,3.6288,61.0936,0.491448,0,0,0.557813,0.25685,0,0.66528,12.849,1,0.512679,0.36288,0,27.0963,5.02183,21.9247,0.84672,12.849,0.84672,3695.15,0,0,0,0.261274,1.49309,3.35144,1.31642,3.78938,0.42336,0,0.42336,460.49,0,0.758575,0,0,1.01985,0.261274,1.028160,1,0,25.7141,0,0,0,25.7141,0
54.7785,2.35235,0,0,1.26009,0.0950821,0.36288,3.6288,60.5635,0.634769,0,0,0.4114,0.306726,0,0.66528,12.849,1,0.536587,0.36288,0,21.5475,5.85805,15.5157,0.84672,12.849,0.84672,3695.15,0,0,0,0.261274,1.49338,2.66641,1.50931,2.91176,0.42336,0,0.42336,460.49,0,0.638626,0,0,0.899899,0.261274,1.028160,1,0,18.4275,0,0,0,18.4275,0
53.2257,2.34062,0,0,1.2456,0.0949616,0.36288,3.6288,60.0726,0.552171,0,0,0.362525,0.301296,0,0.66528,12.849,1,0.549022,0.36288,0,27.2614,5.83275,21.2426,0.84672,12.849,0.84672,3695.15,0,0,0,0.261274,1.52521,2.84556,1.48134,3.1507,0.42336,0,0.42336,460.49,0,0.72144,0,0,0.982714,0.261274,1.028160,1,0,24.3933,0,0,0,24.3933,0
51.6073,2.32829,0,0,1.16632,0.0934773,0.36288,3.6288,59.5726,0.53674,0,0,0.337134,0.300356,0,0.66528,12.849,1,0.562063,0.36288,0,21.8883,5.83275,15.8564,0.84672,12.849,0.84672,3695.15,0,0,0,0.227405,1.52551,2.56503,1.48134,2.83661,0.42336,0,0.42336,460.49,0,0.737087,0,0,0.964492,0.227405,1.028160,1,0,18.693,0,0,0,18.693,0
49.8997,2.31475,0,0,1.06189,0.0919304,0.36288,3.6288,58.9079,0.685366,0,0,0.320063,0.299399,0,0.66528,12.849,1,0.576317,0.36288,0,19.9485,5.83275,13.9023,0.84672,12.849,0.84672,3695.15,0,0,0,0.227405,1.52581,2.39261,1.48134,2.66448,0.42336,0,0.42336,460.49,0,0.588678,0,0,0.816083,0.227405,1.028160,1,0,16.5668,0,0,0,16.5668,0
48.0563,2.46927,0,0,1.06886,0.0801187,0.36288,3.6288,58.2659,0.650812,0,0,0.323978,0.31518,0,0.66528,12.849,1,0.635829,0.36288,0,18.0136,6.08179,11.6589,0.84672,12.849,0.84672,3695.15,0,0,0,0.227405,1.52611,3.10287,1.52043,3.33596,0.42336,0,0.42336,460.49,0,0.707121,0,0,0.934526,0.227405,1.028160,1,0,14.9948,0,0,0,14.9948,0
46.111,2.45062,0,0,0.951852,0.0835986,0.36288,3.6288,57.255,0.942106,0,0,0.25591,0.324671,0,0.66528,12.849,1,0.655233,0.36288,0,16.2931,6.06491,9.93579,0.84672,12.849,0.84672,3695.15,0,0,0,0.227405,1.63103,2.5192,1.50284,2.8748,0.42336,0,0.42336,460.49,0,0.416061,0,0,0.643466,0.227405,1.028160,1,0,12.8106,0,0,0,12.8106,0
43.9914,2.4296,0,0,0.754713,0.0818251,0.36288,3.6288,56.045,1.07955,0,0,0.192081,0.322556,0,0.66528,12.849,1,0.677017,0.36288,0,17.8906,6.06491,11.5115,0.84672,12.849,0.84672,3695.15,0,0,0,0.204422,1.63136,2.02273,1.50284,2.35567,0.42336,0,0.42336,460.49,0,0.278853,0,0,0.483276,0.204422,1.028160,1,0,13.8672,0,0,0,13.8672,0
42.061,2.40494,0,0,0.917317,0.0798928,0.36288,3.6288,55.272,0.761821,0,0,0.308812,0.320023,0,0.66528,12.849,1,0.702434,0.36288,0,15.595,6.06491,9.19057,0.84672,12.849,0.84672,3695.15,0,0,0,0.204422,1.63168,2.91451,1.50284,3.24777,0.42336,0,0.42336,460.49,0,0.596817,0,0,0.801239,0.204422,1.028160,1,0,12.4383,0,0,0,12.4383,0
40.0412,2.38083,0,0,0.804505,0.0806269,0.36288,3.6288,54.5013,0.78461,0,0,0.321259,0.307293,0,0.66528,12.849,1,0.727306,0.36288,0,16.2874,5.56977,10.3532,0.84672,12.849,0.84672,3695.15,0,0,0,0.204422,1.63201,3.37367,1.28764,3.92246,0.42336,0,0.42336,460.49,0,0.574262,0,0,0.778684,0.204422,1.028160,1,0,14.2757,0,0,0,14.2757,0
38.7529,2.27483,0,0,1.4232,0.073813,0.36288,3.6288,54.6672,0.280104,0,0,0.823954,0.377956,0,0.66528,12.849,1,0.72998,0.36288,0,22.5331,6.48071,15.6853,0.84672,12.849,0.84672,3695.15,0,0,0,0.734633,1.63233,7.11539,1.50751,7.97484,0.42336,0,0.42336,460.49,0,1.02816,0,0,1.76279,0.734633,1.028160,1,0,23.6602,0,0,0,23.6602,0
37.6249,2.25716,0,0,1.6151,0.123066,0.36288,3.6288,54.8495,0.280328,0,0,0.794759,0.332092,0,0.66528,12.849,1,0.748389,0.36288,0,19.009,6.0942,12.5293,0.84672,12.849,0.84672,3695.15,0,0,0,0.620689,1.57387,5.36578,1.37476,6.18558,0.42336,0,0.42336,460.49,0,1.02816,0,0,1.64885,0.620689,1.028160,1,0,18.7149,0,0,0,18.7149,0
37.0362,2.24098,0,0,2.13665,0.121455,0.36288,3.6288,55.2705,0.280552,0,0,1.03396,0.332492,0,0.66528,12.849,1,0.765301,0.36288,0,27.6715,6.0942,21.1749,0.84672,12.849,0.84672,3695.15,0,0,0,1.25357,1.57418,7.703,1.37476,9.15599,0.42336,0,0.42336,460.49,0,1.02816,0,0,2.28173,1.25357,1.028160,1,0,30.3309,0,0,0,30.3309,0
37.1008,2.2325,0,0,2.78061,0.120615,0.36288,3.6288,56.1193,0.280776,0,0,1.46304,0.333414,0,0.66528,12.849,1,0.774522,0.36288,0,54.1827,6.0942,47.6769,0.84672,12.849,0.84672,3695.15,0,0,0,2.16893,1.57449,9.14751,1.37476,11.5162,0.42336,0,0.42336,460.49,0,1.02816,0,0,3.19709,2.16893,1.028160,1,0,59.1931,0,0,0,59.1931,0
36.1617,2.17053,0,0,1.76602,0.171692,0.36288,3.6288,56.5746,0.234679,0,0,0.949957,0.259971,0,0.66528,12.849,1,0.751713,0.36288,0,43.1354,4.79205,37.9545,0.84672,12.849,0.84672,3695.15,0,0,0,0.440338,1.5748,7.67694,1.12679,8.56529,0.42336,0,0.42336,460.49,0,1.02816,0,0,1.4685,0.440338,1.028160,1,0,46.5198,0,0,0,46.5198,0
37.24,2.15666,0,0,3.78775,0.189953,0.36288,3.6288,58.4718,0.234892,0,0,2.36257,0.230534,0,0.66528,12.849,1,0.766304,0.36288,0,89.2915,4.27119,84.6169,0.84672,12.849,0.84672,3695.15,0,0,0,2.7238,1.5233,15.8306,1.0276,19.0501,0.42336,0,0.42336,460.49,0,1.02816,0,0,3.75196,2.7238,1.028160,1,0,103.667,0,0,0,103.667,0
37.121,2.17369,0,0,2.61983,0.202295,0.36288,3.6288,59.6037,0.235106,0,0,1.60498,0.237927,0,0.66528,12.849,1,0.749992,0.36288,0,67.238,4.14837,62.7026,0.84672,12.849,0.84672,3695.15,0,0,0,1.52711,1.5236,9.21223,0.985179,11.2778,0.42336,0,0.42336,460.49,0,1.02816,0,0,2.55527,1.52711,1.028160,1,0,73.9803,0,0,0,73.9803,0
37.3743,2.17243,0,0,3.01539,0.226707,0.36288,3.6288,61.0728,0.23532,0,0,1.95547,0.251101,0,0.66528,12.849,1,0.751963,0.36288,0,42.188,3.84132,37.9576,0.84672,12.849,0.84672,3695.15,0,0,0,1.95877,1.5239,11.7568,0.879118,14.3603,0.42336,0,0.42336,460.49,0,1.02816,0,0,2.98693,1.95877,1.028160,1,0,52.3179,0,0,0,52.3179,0
38.262,1.99588,0,0,3.46588,0.219497,0.36288,3.6288,61.308,0.138975,0,0,1.70344,0.23973,1.08949,0.66528,12.849,1,0.686167,0.36288,0,49.0959,4.16086,44.6118,0.84672,12.849,0.84672,3695.15,0,0,0,1.37067,1.5242,9.54867,0.972331,11.4712,0.42336,0,0.42336,460.49,0,1.02816,0,0,2.39883,1.37067,1.028160,1,0,57.1725,0,0,0,57.1725,0
38.8212,2.00829,0,0,3.14162,0.211164,0.36288,3.6288,61.308,0.139167,0,0,0.843504,0.221754,0.482583,0.66528,12.849,1,0.674417,0.36288,0,49.7526,4.58692,44.8541,0.84672,12.849,0.84672,3695.15,0,0,0,0.780244,1.40434,9.64691,1.09662,10.7349,0.42336,0,0.42336,460.49,0,1.02816,0,0,1.8084,0.780244,1.028160,1,0,56.0716,0,0,0,56.0716,0
43.8757,2.01609,0,0,7.64595,0.212542,0.36288,3.6288,61.308,0.139359,0,0,2.66287,0.221754,2.30176,0.66528,12.849,1,0.667282,0.36288,0,128.308,4.58692,123.417,0.84672,12.849,0.84672,3695.15,0,0,0,4.02378,1.40462,13.8705,1.09662,18.2023,0.42336,0,0.42336,460.49,0,1.02816,0,0,5.05194,4.02378,1.028160,1,0,143.921,0,0,0,143.921,0
47.9002,2.07606,0,0,6.6832,0.21977,0.36288,3.6288,61.308,0.139551,0,0,0.975344,0.21879,0.617003,0.66528,12.849,1,0.607975,0.36288,0,80.7011,4.43513,76.0208,0.84672,12.849,0.84672,3695.15,0,0,0,1.57115,1.40489,10.2224,1.07146,12.127,0.42336,0,0.42336,460.49,0,1.02816,0,0,2.59931,1.57115,1.028160,1,0,88.7648,0,0,0,88.7648,0
51.0216,2.11686,0,0,5.8162,0.215017,0.36288,3.6288,61.308,0.139744,0,0,1.39761,0.211379,1.04648,0.66528,12.849,1,0.567838,0.36288,0,61.6221,4.05562,57.3615,0.84672,12.849,0.84672,3695.15,0,0,0,1.55533,1.40516,8.74342,1.00856,10.6954,0.42336,0,0.42336,460.49,0,1.02816,0,0,2.58349,1.55533,1.028160,1,0,69.1034,0,0,0,69.1034,0
51.7559,2.2199,0,0,3.53335,0.216249,0.36288,3.6288,61.308,0.167922,0,0,1.56208,0.265748,1.12841,0.66528,12.849,1,0.559047,0.36288,0,61.3962,5.14049,56.0595,0.84672,12.849,0.84672,3695.15,0,0,0,1.03989,1.40543,11.9579,1.44203,12.9612,0.42336,0,0.42336,460.49,0,1.02816,0,0,2.06805,1.03989,1.028160,1,0,70.1492,0,0,0,70.1492,0
53.9129,2.22678,0,0,4.96457,0.21791,0.36288,3.6288,61.308,0.168112,0,0,2.39708,0.265748,1.96322,0.66528,12.849,1,0.552822,0.36288,0,139.634,5.14049,134.304,0.84672,12.849,0.84672,3695.15,0,0,0,1.74081,1.44487,17.2807,1.44203,19.0243,0.42336,0,0.42336,460.49,0,1.02816,0,0,2.76897,1.74081,1.028160,1,0,155.292,0,0,0,155.292,0
59.75,2.20524,0,0,8.62801,0.22279,0.36288,3.6288,61.308,0.153963,0,0,4.63467,0.265748,4.21496,0.66528,12.849,1,0.525572,0.36288,0,133.604,5.14049,128.301,0.84672,12.849,0.84672,3695.15,0,0,0,3.57897,1.44514,25.146,1.44203,28.7281,0.42336,0,0.42336,460.49,0,1.02816,0,0,4.60713,3.57897,1.028160,1,0,161.244,0,0,0,161.244,0
66.7266,2.28873,0,0,9.86679,0.238572,0.36288,3.6288,61.308,0.168492,0,0,4.3519,0.262239,3.92117,0.66528,12.849,1,0.492181,0.36288,0,318.78,4.94867,313.702,0.84672,12.849,0.84672,3695.15,0,0,0,3.00838,1.42506,25.1777,1.39039,28.2208,0.42336,0,0.42336,460.49,0,1.02816,0,0,4.03654,3.00838,1.028160,1,0,345.844,0,0,0,345.844,0
72.29,2.58466,0,0,10.413,0.247102,2.0179,3.6288,61.308,0.273849,0,0,5.49049,0.247971,4.96867,0.66528,12.849,1,0.497706,2.0179,0,251.954,4.18822,249.286,0.84672,12.849,0.84672,3695.15,0,0,0,4.26857,1.44568,27.3991,1.23719,31.8761,0.42336,0,0.42336,460.49,0,1.02816,0,0,5.29673,4.26857,1.028160,1,0,286.13,0,0,0,286.13,0
72.29,2.61779,0,0,6.534,0.277224,3.63898,3.6288,61.308,0.274061,0,0,3.93714,0.23275,3.43032,0.66528,12.849,1,0.465292,3.63898,0,214.723,3.92585,213.971,0.84672,12.849,0.84672,3695.15,0,0,0,2.50119,1.58357,19.0852,1.0776,22.0923,0.42336,0,0.42336,460.49,0,1.02816,0,0,3.52935,2.50119,1.028160,1,0,239.493,0,0,0,239.493,0
72.29,2.6184,0,0,7.08973,0.277224,4.1941,3.6288,61.308,0.274273,0,0,4.168,0.23275,3.66098,0.66528,12.849,1,0.465401,4.1941,0,182.591,3.92585,182.394,0.84672,12.849,0.84672,3695.15,0,0,0,2.89111,1.58387,20.5588,1.0776,23.9562,0.42336,0,0.42336,460.49,0,1.02816,0,0,3.91927,2.89111,1.028160,1,0,210.011,0,0,0,210.011,0
72.29,2.61901,0,0,7.2462,0.277224,4.34996,3.6288,61.308,0.274486,0,0,5.37892,0.23275,4.87168,0.66528,12.849,1,0.465509,4.34996,0,194.948,3.92585,194.906,0.84672,12.849,0.84672,3695.15,0,0,0,3.64508,1.58416,25.843,1.0776,29.9947,0.42336,0,0.42336,460.49,0,1.02816,0,0,4.67324,3.64508,1.028160,1,0,229.773,0,0,0,229.773,0
72.29,2.25502,0,0,5.82428,0.302447,3.26682,3.6288,61.308,0.133443,0,0,4.54147,0.221655,4.18637,0.66528,12.849,1,0.400813,3.26682,0,148.459,3.39551,147.93,0.84672,12.849,0.84672,3695.15,0,0,0,3.67996,1.58446,16.8432,0.901813,21.2059,0.42336,0,0.42336,460.49,0,1.02816,0,0,4.70812,3.67996,1.028160,1,0,173.322,0,0,0,173.322,0
72.29,2.25555,0,0,5.44245,0.321363,2.86553,3.6288,61.308,0.133625,0,0,4.09321,0.213334,3.74625,0.66528,12.849,1,0.400908,2.86553,0,136.585,2.99775,136.051,0.84672,12.849,0.84672,3695.15,0,0,0,4.63671,1.39516,14.0793,0.769975,19.3412,0.42336,0,0.42336,460.49,0,1.02816,0,0,5.66487,4.63671,1.028160,1,0,159.139,0,0,0,159.139,0
72.29,2.25609,0,0,8.00487,0.321363,5.42742,3.6288,61.308,0.133807,0,0,5.00066,0.213334,4.65352,0.66528,12.849,1,0.401003,5.42742,0,185.65,2.99775,187.679,0.84672,12.849,0.84672,3695.15,0,0,0,5.27705,1.39542,19.8464,0.769975,25.7489,0.42336,0,0.42336,460.49,0,1.02816,0,0,6.30521,5.27705,1.028160,1,0,218.081,0,0,0,218.081,0
72.29,2.25662,0,0,6.68735,0.320412,4.11032,3.6288,61.308,0.13399,0,0,4.43911,0.206872,4.09825,0.66528,12.849,1,0.401097,4.11032,0,172.552,2.98875,173.273,0.84672,12.849,0.84672,3695.15,0,0,0,4.82392,1.39567,18.3127,0.784802,23.7474,0.42336,0,0.42336,460.49,0,1.02816,0,0,5.85208,4.82392,1.028160,1,0,201.118,0,0,0,201.118,0
72.29,2.25716,0,0,11.5838,0.316347,9.01028,3.6288,61.308,0.134172,0,0,6.76787,0.219693,6.414,0.66528,12.849,1,0.401192,9.01028,0,308.094,3.60725,313.096,0.84672,12.849,0.84672,3695.15,0,0,0,6.29112,1.39593,27.2407,0.905376,34.0224,0.42336,0,0.42336,460.49,0,1.02816,0,0,7.31928,6.29112,1.028160,1,0,353.532,0,0,0,353.532,0
72.29,2.34956,0,0,5.53268,0.318982,2.86414,3.6288,61.308,0.168948,0,0,4.45916,0.162324,4.12789,0.66528,12.849,1,0.417617,2.86414,0,103.025,3.27106,102.201,0.84672,12.849,0.84672,3695.15,0,0,0,3.81617,1.39619,13.9688,0.680585,18.5006,0.42336,0,0.42336,460.49,0,1.02816,0,0,4.84433,3.81617,1.028160,1,0,124.829,0,0,0,124.829,0
72.29,2.35011,0,0,6.96477,0.318982,4.29568,3.6288,61.308,0.169138,0,0,7.48766,0.162324,7.1562,0.66528,12.849,1,0.417715,4.29568,0,114.299,3.27106,114.906,0.84672,12.849,0.84672,3695.15,0,0,0,4.61705,1.44345,15.0973,0.680585,20.4772,0.42336,0,0.42336,460.49,0,1.02816,0,0,5.64521,4.61705,1.028160,1,0,142.54,0,0,0,142.54,0
72.29,2.35067,0,0,4.88958,0.318982,2.21993,3.6288,61.308,0.169327,0,0,4.41811,0.162324,4.08646,0.66528,12.849,1,0.417813,2.21993,0,85.8375,3.27106,84.3686,0.84672,12.849,0.84672,3695.15,0,0,0,2.9043,1.44372,12.1167,0.680585,15.7842,0.42336,0,0.42336,460.49,0,1.02816,0,0,3.93246,2.9043,1.028160,1,0,104.239,0,0,0,104.239,0
72.29,2.35122,0,0,4.33324,0.301126,1.68089,3.6288,61.308,0.169517,0,0,3.52998,0.171839,3.18863,0.66528,12.849,1,0.417912,1.68089,0,87.0653,3.3874,84.9409,0.84672,12.849,0.84672,3695.15,0,0,0,2.44416,1.44399,11.8869,0.703486,15.0716,0.42336,0,0.42336,460.49,0,1.02816,0,0,3.47232,2.44416,1.028160,1,0,103.201,0,0,0,103.201,0
72.29,2.31582,0,0,3.36706,0.273252,0.777986,3.6288,61.308,0.15626,0,0,2.22549,0.196031,1.8732,0.66528,12.849,1,0.41162,0.777986,0,59.4576,3.90343,55.9206,0.84672,12.849,0.84672,3695.15,0,0,0,1.0615,1.44426,7.2122,0.888197,8.82976,0.42336,0,0.42336,460.49,0,1.02816,0,0,2.08966,1.0615,1.028160,1,0,66.6235,0,0,0,66.6235,0
72.2713,2.31637,0,0,2.93657,0.276047,0.36288,3.6288,61.308,0.156447,0,0,1.88745,0.196099,1.5349,0.66528,12.849,1,0.411717,0.36288,0,50.7745,3.94096,46.7847,0.84672,12.849,0.84672,3695.15,0,0,0,0.91254,1.42621,8.03909,0.90944,9.46839,0.42336,0,0.42336,460.49,0,1.02816,0,0,1.9407,0.91254,1.028160,1,0,57.788,0,0,0,57.788,0
72.29,2.31682,0,0,4.28686,0.276008,1.6753,3.6288,61.308,0.156635,0,0,2.20865,0.196099,1.85592,0.66528,12.849,1,0.411904,1.6753,0,59.8468,3.94096,57.1692,0.84672,12.849,0.84672,3695.15,0,0,0,1.14129,1.42647,7.23937,0.90944,8.89769,0.42336,0,0.42336,460.49,0,1.02816,0,0,2.16945,1.14129,1.028160,1,0,67.9228,0,0,0,67.9228,0
72.29,2.31746,0,0,3.19853,0.237991,0.643078,3.6288,61.308,0.156822,0,0,2.02023,0.205024,1.65838,0.66528,12.849,1,0.411911,0.643078,0,58.0823,4.21186,54.1016,0.84672,12.849,0.84672,3695.15,0,0,0,0.924186,1.42674,6.44652,0.859291,7.93815,0.42336,0,0.42336,460.49,0,1.02816,0,0,1.95235,0.924186,1.028160,1,0,63.6982,0,0,0,63.6982,0
72.1965,2.44014,0,0,2.92304,0.213546,0.36288,3.6288,61.308,0.204736,0,0,1.88772,0.224079,1.4589,0.66528,12.849,1,0.433717,0.36288,0,49.6621,4.64454,44.9467,0.84672,12.849,0.84672,3695.15,0,0,0,0.661288,1.427,6.01507,0.946325,7.15704,0.42336,0,0.42336,460.49,0,1.02816,0,0,1.68945,0.661288,1.028160,1,0,53.5627,0,0,0,53.5627,0
72.0981,2.44024,0,0,2.88161,0.176889,0.36288,3.6288,61.308,0.204933,0,0,1.50171,0.229133,1.06764,0.66528,12.849,1,0.434296,0.36288,0,47.8165,4.62138,43.1237,0.84672,12.849,0.84672,3695.15,0,0,0,0.602821,1.4911,5.70035,1.08658,6.70769,0.42336,0,0.42336,460.49,0,1.02816,0,0,1.63098,0.602821,1.028160,1,0,50.8991,0,0,0,50.8991,0
71.7811,2.44031,0,0,2.63232,0.146123,0.36288,3.6288,61.308,0.205131,0,0,1.48902,0.232782,1.0511,0.66528,12.849,1,0.434901,0.36288,0,42.7365,4.73508,37.9294,0.84672,12.849,0.84672,3695.15,0,0,0,0.602415,1.49138,5.44505,1.05105,6.48779,0.42336,0,0.42336,460.49,0,1.02816,0,0,1.63058,0.602415,1.028160,1,0,45.4683,0,0,0,45.4683,0
71.4133,2.43925,0,0,2.58009,0.145771,0.36288,3.6288,61.308,0.205328,0,0,1.61045,0.232782,1.17234,0.66528,12.849,1,0.436632,0.36288,0,40.9403,4.73508,36.1315,0.84672,12.849,0.84672,3695.15,0,0,0,0.571631,1.49165,5.86717,1.05105,6.87941,0.42336,0,0.42336,460.49,0,1.02816,0,0,1.59979,0.571631,1.028160,1,0,44.1832,0,0,0,44.1832,0
70.9279,2.43792,0,0,2.45706,0.14165,0.36288,3.6288,61.308,0.205526,0,0,1.45189,0.233567,1.0128,0.66528,12.849,1,0.438641,0.36288,0,40.175,4.73744,35.3619,0.84672,12.849,0.84672,3695.15,0,0,0,0.531818,1.49193,5.10937,1.06677,6.06635,0.42336,0,0.42336,460.49,0,1.02816,0,0,1.55998,0.531818,1.028160,1,0,42.441,0,0,0,42.441,0
70.6289,2.41183,0,0,2.5947,0.118934,0.36288,3.6288,61.308,0.231983,0,0,1.27138,0.238277,0.801116,0.66528,12.849,1,0.436918,0.36288,0,48.0788,4.75157,43.2531,0.84672,12.849,0.84672,3695.15,0,0,0,0.83446,1.49221,4.53594,1.16109,5.70152,0.42336,0,0.42336,460.49,0,1.02816,0,0,1.86262,0.83446,1.028160,1,0,49.7558,0,0,0,49.7558,0
70.0992,2.41084,0,0,2.36267,0.118662,0.36288,3.6288,61.308,0.232186,0,0,1.25854,0.238277,0.788074,0.66528,12.849,1,0.438585,0.36288,0,47.7069,4.75157,42.8796,0.84672,12.849,0.84672,3695.15,0,0,0,0.83713,1.50744,4.36562,1.16109,5.5491,0.42336,0,0.42336,460.49,0,1.02816,0,0,1.86529,0.83713,1.028160,1,0,49.2168,0,0,0,49.2168,0
69.3472,2.4086,0,0,2.13766,0.118179,0.36288,3.6288,61.308,0.232389,0,0,1.16796,0.238277,0.697298,0.66528,12.849,1,0.44149,0.36288,0,42.8412,4.75157,38.011,0.84672,12.849,0.84672,3695.15,0,0,0,0.605733,1.50772,4.18702,1.16109,5.13939,0.42336,0,0.42336,460.49,0,1.02816,0,0,1.63389,0.605733,1.028160,1,0,43.8477,0,0,0,43.8477,0
68.5262,2.40512,0,0,2.03659,0.0895676,0.36288,3.6288,61.308,0.232592,0,0,1.1051,0.304092,0.568416,0.66528,12.849,1,0.445633,0.36288,0,38.8109,5.59847,33.1297,0.84672,12.849,0.84672,3695.15,0,0,0,0.613742,1.50801,3.96694,1.47022,4.61847,0.42336,0,0.42336,460.49,0,1.02816,0,0,1.6419,0.613742,1.028160,1,0,38.3165,0,0,0,38.3165,0
67.5959,2.46317,0,0,1.97486,0.0791078,0.36288,3.6288,61.308,0.256218,0,0,0.985712,0.311285,0.418209,0.66528,12.849,1,0.461857,0.36288,0,34.2384,5.61099,28.5285,0.84672,12.849,0.84672,3695.15,0,0,0,0.281768,1.50829,3.47541,1.47505,3.79041,0.42336,0,0.42336,460.49,0,1.02816,0,0,1.30993,0.281768,1.028160,1,0,32.7371,0,0,0,32.7371,0
66.7978,2.45841,0,0,2.09957,0.0764425,0.36288,3.6288,61.308,0.256426,0,0,1.01714,0.309774,0.450944,0.66528,12.849,1,0.467307,0.36288,0,46.5609,5.55954,40.8969,0.84672,12.849,0.84672,3695.15,0,0,0,0.441297,1.54046,3.76222,1.45638,4.2876,0.42336,0,0.42336,460.49,0,1.02816,0,0,1.46946,0.441297,1.028160,1,0,45.6355,0,0,0,45.6355,0
65.8628,2.4543,0,0,1.95816,0.0759625,0.36288,3.6288,61.308,0.256634,0,0,0.900893,0.309774,0.334485,0.66528,12.849,1,0.4721,0.36288,0,36.8341,5.55954,31.1654,0.84672,12.849,0.84672,3695.15,0,0,0,0.422375,1.54075,3.43405,1.45638,3.9408,0.42336,0,0.42336,460.49,0,1.02816,0,0,1.45054,0.422375,1.028160,1,0,35.4407,0,0,0,35.4407,0
64.7564,2.44926,0,0,1.78114,0.0754001,0.36288,3.6288,61.308,0.288871,0,0,0.846228,0.309774,0.247583,0.66528,12.849,1,0.47782,0.36288,0,33.8701,5.55954,28.1956,0.84672,12.849,0.84672,3695.15,0,0,0,0.227405,1.54104,3.14289,1.45638,3.45495,0.42336,0,0.42336,460.49,0,0.996132,0,0,1.22354,0.227405,1.028160,1,0,31.8982,0,0,0,31.8982,0
63.5394,2.62303,0,0,1.8321,0.0632459,0.36288,3.6288,61.308,0.341666,0,0,1.00515,0.317167,0.346318,0.66528,12.849,1,0.520463,0.36288,0,34.2174,5.68389,28.3759,0.84672,12.849,0.84672,3695.15,0,0,0,0.615669,1.54133,4.17549,1.4835,4.84899,0.42336,0,0.42336,460.49,0,1.02816,0,0,1.64383,0.615669,1.028160,1,0,33.5713,0,0,0,33.5713,0
61.7801,2.61535,0,0,1.28518,0.0662139,0.36288,3.6288,61.308,0.341892,0,0,0.836827,0.317519,0.177416,0.66528,12.849,1,0.528878,0.36288,0,27.6859,5.47134,22.0486,0.84672,12.849,0.84672,3695.15,0,0,0,0.386744,1.64742,3.10531,1.44673,3.69274,0.42336,0,0.42336,460.49,0,1.02816,0,0,1.4149,0.386744,1.028160,1,0,25.9188,0,0,0,25.9188,0
60.1444,2.60348,0,0,1.39596,0.0652672,0.36288,3.6288,61.308,0.342119,0,0,0.846755,0.317519,0.187117,0.66528,12.849,1,0.541472,0.36288,0,26.4603,5.47134,20.8104,0.84672,12.849,0.84672,3695.15,0,0,0,0.397241,1.64773,3.29832,1.44673,3.89656,0.42336,0,0.42336,460.49,0,1.02816,0,0,1.4254,0.397241,1.028160,1,0,24.8941,0,0,0,24.8941,0
59.2675,2.59195,0,0,2.15614,0.0782354,0.36288,3.6288,61.308,0.342345,0,0,1.01849,0.314301,0.361846,0.66528,12.849,1,0.553734,0.36288,0,42.7377,5.38229,37.1645,0.84672,12.849,0.84672,3695.15,0,0,0,0.680504,1.64804,3.48571,1.43581,4.37845,0.42336,0,0.42336,460.49,0,1.02816,0,0,1.70866,0.680504,1.028160,1,0,41.9048,0,0,0,41.9048,0
59.1602,2.58582,0,0,2.92627,0.0848284,0.36288,3.6288,61.308,0.342571,0,0,1.28764,0.305339,0.639727,0.66528,12.849,1,0.560597,0.36288,0,52.2078,5.4545,46.5556,0.84672,12.849,0.84672,3695.15,0,0,0,0.727514,1.64835,3.76466,1.41866,4.72187,0.42336,0,0.42336,460.49,0,1.02816,0,0,1.75567,0.727514,1.028160,1,0,51.9172,0,0,0,51.9172,0
57.917,2.49912,0,0,1.75714,0.138355,0.36288,3.6288,61.2583,0.463977,0,0,0.704074,0.289759,0,0.66528,12.849,1,0.542782,0.36288,0,36.3844,5.68617,30.5183,0.84672,12.849,0.84672,3695.15,0,0,0,0.204422,1.64867,2.39841,1.37196,2.87954,0.42336,0,0.42336,460.49,0,0.855567,0,0,1.05999,0.204422,1.028160,1,0,33.3979,0,0,0,33.3979,0
56.4897,2.49016,0,0,1.56241,0.136697,0.36288,3.6288,61.308,0.2916,0,0,1.02972,0.289668,0.398785,0.66528,12.849,1,0.552447,0.36288,0,30.8656,5.68617,24.9899,0.84672,12.849,0.84672,3695.15,0,0,0,0.719358,1.58953,2.75656,1.37196,3.69349,0.42336,0,0.42336,460.49,0,1.02816,0,0,1.74752,0.719358,1.028160,1,0,29.0822,0,0,0,29.0822,0
54.891,2.47937,0,0,1.3783,0.134793,0.36288,3.6288,61.1196,0.47837,0,0,0.579736,0.289759,0,0.66528,12.849,1,0.56395,0.36288,0,31.9721,5.68617,26.0848,0.84672,12.849,0.84672,3695.15,0,0,0,0.216518,1.58983,2.06719,1.37196,2.50158,0.42336,0,0.42336,460.49,0,0.841605,0,0,1.05812,0.216518,1.028160,1,0,28.5864,0,0,0,28.5864,0
53.0984,2.46663,0,0,1.16956,0.13266,0.36288,3.6288,60.7839,0.574732,0,0,0.528456,0.289414,0,0.66528,12.849,1,0.577394,0.36288,0,29.5428,5.68617,23.6422,0.84672,12.849,0.84672,3695.15,0,0,0,0.216518,1.59013,1.96702,1.37196,2.40171,0.42336,0,0.42336,460.49,0,0.745459,0,0,0.961978,0.216518,1.028160,1,0,26.0439,0,0,0,26.0439,0
51.5694,2.38189,0,0,1.38257,0.166758,0.36288,3.6288,60.5404,0.560822,0,0,0.531766,0.214428,0,0.66528,12.849,1,0.576381,0.36288,0,24.2687,4.48101,19.5742,0.84672,12.849,0.84672,3695.15,0,0,0,0.216518,1.59043,2.29317,0.989666,3.11045,0.42336,0,0.42336,460.49,0,0.712746,0,0,0.929265,0.216518,1.028160,1,0,22.6847,0,0,0,22.6847,0
50.2022,2.36876,0,0,1.57836,0.21394,0.36288,3.6288,60.098,0.69187,0,0,0.450437,0.201047,0,0.66528,12.849,1,0.590199,0.36288,0,26.3649,4.4012,21.7364,0.84672,12.849,0.84672,3695.15,0,0,0,0.216518,1.53834,2.5913,1.0541,3.29206,0.42336,0,0.42336,460.49,0,0.581904,0,0,0.798422,0.216518,1.028160,1,0,25.0284,0,0,0,25.0284,0
48.5538,2.35651,0,0,1.31344,0.242483,0.36288,3.6288,59.2344,0.982402,0,0,0.315269,0.196427,0,0.66528,12.849,1,0.603137,0.36288,0,21.4201,4.44014,16.7397,0.84672,12.849,0.84672,3695.15,0,0,0,0.292723,1.53863,2.16347,1.10371,2.89112,0.42336,0,0.42336,460.49,0,0.291578,0,0,0.584301,0.292723,1.028160,1,0,19.6308,0,0,0,19.6308,0
47.5888,2.34087,0,0,1.97707,0.238241,0.36288,3.6288,59.5565,0.246025,0,0,0.763468,0.195346,0,0.66528,12.849,1,0.619474,0.36288,0,33.4019,4.44014,28.7052,0.84672,12.849,0.84672,3695.15,0,0,0,0.660632,1.53891,4.38693,1.10371,5.48277,0.42336,0,0.42336,460.49,0,1.02816,0,0,1.68879,0.660632,1.028160,1,0,34.1879,0,0,0,34.1879,0
49.5991,2.138,0,0,4.74057,0.229489,0.36288,3.6288,60.8483,0.148598,0,0,1.64065,0.200262,0,0.66528,12.849,1,0.57726,0.36288,0,86.134,4.49489,81.4247,0.84672,12.849,0.84672,3695.15,0,0,0,1.90379,1.5392,7.14274,1.09733,9.4884,0.42336,0,0.42336,460.49,0,1.02816,0,0,2.93195,1.90379,1.028160,1,0,90.9131,0,0,0,90.9131,0
49.4681,2.15709,0,0,2.60756,0.218553,0.36288,3.6288,61.308,0.148783,0,0,0.903882,0.213291,0.0820887,0.66528,12.849,1,0.558809,0.36288,0,68.2207,4.63176,63.393,0.84672,12.849,0.84672,3695.15,0,0,0,1.02422,1.418,5.87643,1.0814,7.23725,0.42336,0,0.42336,460.49,0,1.02816,0,0,2.05238,1.02422,1.028160,1,0,70.7123,0,0,0,70.7123,0
48.1641,2.15642,0,0,1.43359,0.218249,0.36288,3.6288,61.2627,0.452102,0,0,0.620743,0.213913,0,0.66528,12.849,1,0.560115,0.36288,0,47.4454,4.63176,42.6164,0.84672,12.849,0.84672,3695.15,0,0,0,0.412474,1.41826,4.61425,1.0814,5.36359,0.42336,0,0.42336,460.49,0,0.725026,0,0,1.1375,0.412474,1.028160,1,0,47.98,0,0,0,47.98,0
46.6741,2.14495,0,0,1.23597,0.218136,0.36288,3.6288,60.9767,0.549678,0,0,0.480186,0.216578,0,0.66528,12.849,1,0.572221,0.36288,0,32.4213,4.51394,27.698,0.84672,12.849,0.84672,3695.15,0,0,0,0.412474,1.41853,3.72098,1.08195,4.47003,0.42336,0,0.42336,460.49,0,0.627636,0,0,1.04011,0.412474,1.028160,1,0,32.168,0,0,0,32.168,0
46.8289,2.13113,0,0,2.88376,0.235011,0.36288,3.6288,61.308,0.149338,0,0,0.756638,0.217421,0.0585376,0.66528,12.849,1,0.586682,0.36288,0,46.2237,3.64198,42.358,0.84672,12.849,0.84672,3695.15,0,0,0,1.04339,1.41879,6.24358,1.04055,7.66521,0.42336,0,0.42336,460.49,0,1.02816,0,0,2.07155,1.04339,1.028160,1,0,50.0817,0,0,0,50.0817,0
47.7209,2.01135,0,0,3.51703,0.250768,0.36288,3.6288,61.308,0.105359,0,0,0.644134,0.213464,0.325311,0.66528,12.849,1,0.551879,0.36288,0,50.0297,4.58696,45.2538,0.84672,12.849,0.84672,3695.15,0,0,0,0.412491,1.41905,4.4781,1.34608,4.96356,0.42336,0,0.42336,460.49,0,1.02816,0,0,1.44065,0.412491,1.028160,1,0,50.5427,0,0,0,50.5427,0
48.4149,2.01994,0,0,3.33139,0.254545,0.36288,3.6288,61.308,0.105527,0,0,0.856881,0.219033,0.532321,0.66528,12.849,1,0.543874,0.36288,0,52.7207,4.8132,47.7265,0.84672,12.849,0.84672,3695.15,0,0,0,0.770861,1.35611,4.77283,1.41565,5.48415,0.42336,0,0.42336,460.49,0,1.02816,0,0,1.79902,0.770861,1.028160,1,0,53.743,0,0,0,53.743,0
48.1511,2.02655,0,0,2.38213,0.256479,0.36288,3.6288,61.308,0.236711,0,0,0.641863,0.219033,0.186118,0.66528,12.849,1,0.537834,0.36288,0,61.5434,4.8132,56.5553,0.84672,12.849,0.84672,3695.15,0,0,0,0.503194,1.35634,4.27903,1.41565,4.72292,0.42336,0,0.42336,460.49,0,0.897143,0,0,1.40034,0.503194,1.028160,1,0,61.4643,0,0,0,61.4643,0
47.8688,2.02468,0,0,2.3515,0.246274,0.36288,3.6288,61.2932,0.381461,0,0,0.580825,0.214168,0,0.66528,12.849,1,0.540281,0.36288,0,47.4936,4.7814,42.5348,0.84672,12.849,0.84672,3695.15,0,0,0,0.503194,1.35658,4.36495,1.36081,4.86391,0.42336,0,0.42336,460.49,0,0.752561,0,0,1.25575,0.503194,1.028160,1,0,47.3987,0,0,0,47.3987,0
47.6923,2.24316,0,0,2.66064,0.231058,0.36288,3.6288,61.1087,0.553042,0,0,0.578537,0.209987,0,0.66528,12.849,1,0.602112,0.36288,0,71.8513,3.76111,67.8509,0.84672,12.849,0.84672,3695.15,0,0,0,0.503194,1.35682,4.15632,0.981382,5.03496,0.42336,0,0.42336,460.49,0,0.678949,0,0,1.18214,0.503194,1.028160,1,0,72.8859,0,0,0,72.8859,0
48.4321,2.24191,0,0,3.60871,0.264127,0.36288,3.6288,61.0747,0.43354,0,0,0.572989,0.173449,0,0.66528,12.849,1,0.604002,0.36288,0,56.0025,3.41869,52.3427,0.84672,12.849,0.84672,3695.15,0,0,0,0.503194,1.48504,4.75266,1.01027,5.73062,0.42336,0,0.42336,460.49,0,0.798638,0,0,1.30183,0.503194,1.028160,1,0,58.0733,0,0,0,58.0733,0
50.1608,2.2497,0,0,4.60754,0.266266,0.36288,3.6288,61.1244,0.385127,0,0,0.608282,0.173412,0,0.66528,12.849,1,0.596844,0.36288,0,80.3621,3.41869,76.7094,0.84672,12.849,0.84672,3695.15,0,0,0,0.608429,1.4853,5.30552,1.01027,6.38899,0.42336,0,0.42336,460.49,0,0.847238,0,0,1.45567,0.608429,1.028160,1,0,83.0984,0,0,0,83.0984,0
52.019,2.26658,0,0,4.75889,0.271246,0.36288,3.6288,61.2974,0.297688,0,0,0.644066,0.173466,0,0.66528,12.849,1,0.580599,0.36288,0,87.302,3.41869,83.6656,0.84672,12.849,0.84672,3695.15,0,0,0,0.608429,1.48557,5.66323,1.01027,6.74695,0.42336,0,0.42336,460.49,0,0.934865,0,0,1.54329,0.608429,1.028160,1,0,90.4126,0,0,0,90.4126,0
53.0279,1.96351,0,0,3.60155,0.266313,0.36288,3.6288,61.308,0.275254,0,0,0.785645,0.178288,0.321462,0.66528,12.849,1,0.484998,0.36288,0,64.9407,3.34278,61.4758,0.84672,12.849,0.84672,3695.15,0,0,0,0.608429,1.48583,6.01131,0.923611,7.18196,0.42336,0,0.42336,460.49,0,0.826131,0,0,1.43456,0.608429,1.028160,1,0,68.9793,0,0,0,68.9793,0
54.6673,1.97138,0,0,4.22893,0.255281,0.36288,3.6288,61.308,0.0733858,0,0,1.71513,0.184476,1.45726,0.66528,12.849,1,0.477679,0.36288,0,82.3669,3.24156,79.0105,0.84672,12.849,0.84672,3695.15,0,0,0,1.05538,1.30978,10.4818,0.808068,12.0389,0.42336,0,0.42336,460.49,0,1.02816,0,0,2.08354,1.05538,1.028160,1,0,92.5067,0,0,0,92.5067,0
55.9873,1.98343,0,0,3.92594,0.259569,0.36288,3.6288,61.308,0.0735469,0,0,1.08491,0.184476,0.826884,0.66528,12.849,1,0.466185,0.36288,0,98.896,3.24156,95.5512,0.84672,12.849,0.84672,3695.15,0,0,0,0.860812,1.31001,7.52846,0.808068,8.89122,0.42336,0,0.42336,460.49,0,1.02816,0,0,1.88897,0.860812,1.028160,1,0,105.269,0,0,0,105.269,0
56.4898,1.99282,0,0,3.15675,0.29855,0.36288,3.6288,61.308,0.128244,0,0,0.918233,0.130339,0.659651,0.66528,12.849,1,0.457349,0.36288,0,67.1972,2.62078,64.4819,0.84672,12.849,0.84672,3695.15,0,0,0,0.558835,1.31024,6.02777,0.635537,7.26131,0.42336,0,0.42336,460.49,0,0.973624,0,0,1.53246,0.558835,1.028160,1,0,72.4029,0,0,0,72.4029,0
57.4641,1.99659,0,0,3.64271,0.308923,0.36288,3.6288,61.308,0.0738691,0,0,1.01312,0.142001,0.797248,0.66528,12.849,1,0.454137,0.36288,0,78.3639,3.11293,75.1597,0.84672,12.849,0.84672,3695.15,0,0,0,0.649642,1.31046,6.63577,0.768361,7.82752,0.42336,0,0.42336,460.49,0,1.02816,0,0,1.6778,0.649642,1.028160,1,0,83.7845,0,0,0,83.7845,0
59.032,2.08556,0,0,4.30491,0.288599,0.36288,3.6288,61.308,0.106197,0,0,0.938546,0.176442,0.655907,0.66528,12.849,1,0.466332,0.36288,0,89.0758,3.2067,85.7657,0.84672,12.849,0.84672,3695.15,0,0,0,0.833596,1.31069,6.93671,0.785978,8.29502,0.42336,0,0.42336,460.49,0,1.02816,0,0,1.86176,0.833596,1.028160,1,0,94.7166,0,0,0,94.7166,0
60.7994,2.0962,0,0,4.51954,0.293034,0.36288,3.6288,61.308,0.106365,0,0,1.39399,0.176442,1.11118,0.66528,12.849,1,0.456263,0.36288,0,105.554,3.2067,102.254,0.84672,12.849,0.84672,3695.15,0,0,0,1.05668,1.35463,7.01953,0.785978,8.64486,0.42336,0,0.42336,460.49,0,1.02816,0,0,2.08484,1.05668,1.028160,1,0,112.01,0,0,0,112.01,0
61.4291,2.10763,0,0,3.39802,0.297861,0.36288,3.6288,61.308,0.152903,0,0,0.858289,0.176442,0.528943,0.66528,12.849,1,0.445414,0.36288,0,65.6934,3.2067,62.4041,0.84672,12.849,0.84672,3695.15,0,0,0,0.528595,1.35487,5.70941,0.785978,6.80689,0.42336,0,0.42336,460.49,0,0.981789,0,0,1.51038,0.528595,1.028160,1,0,69.74,0,0,0,69.74,0
61.8606,2.11188,0,0,3.20567,0.29942,0.36288,3.6288,61.308,0.14374,0,0,0.931176,0.176442,0.610994,0.66528,12.849,1,0.441738,0.36288,0,75.8134,3.2067,72.5279,0.84672,12.849,0.84672,3695.15,0,0,0,0.528595,1.3551,5.74279,0.785978,6.84051,0.42336,0,0.42336,460.49,0,0.99112,0,0,1.51972,0.528595,1.028160,1,0,79.9794,0,0,0,79.9794,0
62.3313,2.08231,0,0,3.15736,0.241489,0.36288,3.6288,61.308,0.0943644,0,0,0.963429,0.200891,0.668174,0.66528,12.849,1,0.432514,0.36288,0,70.2259,3.66402,66.4923,0.84672,12.849,0.84672,3695.15,0,0,0,0.827427,1.35534,5.42188,0.933842,6.6708,0.42336,0,0.42336,460.49,0,1.02816,0,0,1.85559,0.827427,1.028160,1,0,73.8312,0,0,0,73.8312,0
62.3027,2.08549,0,0,2.65005,0.23029,0.36288,3.6288,61.308,0.0945296,0,0,0.860786,0.20401,0.562247,0.66528,12.849,1,0.429903,0.36288,0,57.4982,3.76551,53.6657,0.84672,12.849,0.84672,3695.15,0,0,0,0.826537,1.33854,4.45742,0.976958,5.64554,0.42336,0,0.42336,460.49,0,1.02816,0,0,1.8547,0.826537,1.028160,1,0,59.8735,0,0,0,59.8735,0
61.9471,2.08579,0,0,2.32338,0.230236,0.36288,3.6288,61.308,0.0946949,0,0,0.811676,0.20401,0.512972,0.66528,12.849,1,0.430164,0.36288,0,52.5006,3.76551,48.6678,0.84672,12.849,0.84672,3695.15,0,0,0,0.602078,1.33877,4.15148,0.976958,5.11537,0.42336,0,0.42336,460.49,0,1.02816,0,0,1.63024,0.602078,1.028160,1,0,54.2962,0,0,0,54.2962,0
61.7905,2.08422,0,0,2.52,0.229564,0.36288,3.6288,61.308,0.201538,0,0,0.778837,0.20401,0.373289,0.66528,12.849,1,0.432306,0.36288,0,56.5962,3.76551,52.7613,0.84672,12.849,0.84672,3695.15,0,0,0,0.402797,1.33901,4.54355,0.976958,5.3084,0.42336,0,0.42336,460.49,0,0.921482,0,0,1.32428,0.402797,1.028160,1,0,58.443,0,0,0,58.443,0
61.4723,2.19451,0,0,2.40401,0.164839,0.36288,3.6288,61.308,0.139401,0,0,0.799053,0.24082,0.418831,0.66528,12.849,1,0.456336,0.36288,0,50.4278,4.4538,45.8805,0.84672,12.849,0.84672,3695.15,0,0,0,0.526651,1.33924,4.21773,1.0988,4.98483,0.42336,0,0.42336,460.49,0,1.02816,0,0,1.55481,0.526651,1.028160,1,0,51.2842,0,0,0,51.2842,0
60.8853,2.19304,0,0,2.09916,0.130219,0.36288,3.6288,61.308,0.139576,0,0,0.689558,0.269235,0.280748,0.66528,12.849,1,0.458392,0.36288,0,42.4588,5.34702,37.0162,0.84672,12.849,0.84672,3695.15,0,0,0,0.564892,1.39883,3.64606,1.22374,4.38604,0.42336,0,0.42336,460.49,0,1.02816,0,0,1.59305,0.564892,1.028160,1,0,41.683,0,0,0,41.683,0
60.094,2.18989,0,0,1.89104,0.129587,0.36288,3.6288,61.308,0.13975,0,0,0.642194,0.269235,0.233209,0.66528,12.849,1,0.462145,0.36288,0,39.4877,5.34702,34.0415,0.84672,12.849,0.84672,3695.15,0,0,0,0.438117,1.39907,3.36253,1.22374,3.97598,0.42336,0,0.42336,460.49,0,1.02816,0,0,1.46628,0.438117,1.028160,1,0,38.2506,0,0,0,38.2506,0
59.2505,2.18536,0,0,1.83348,0.128702,0.36288,3.6288,61.308,0.165283,0,0,0.587284,0.269235,0.152767,0.66528,12.849,1,0.467264,0.36288,0,36.3025,5.34702,30.8511,0.84672,12.849,0.84672,3695.15,0,0,0,0.30119,1.39932,3.12754,1.22374,3.60431,0.42336,0,0.42336,460.49,0,1.0028,0,0,1.30399,0.30119,1.028160,1,0,34.6082,0,0,0,34.6082,0
58.2372,2.18038,0,0,1.63175,0.101754,0.36288,3.6288,61.308,0.220295,0,0,0.557432,0.288121,0.0490156,0.66528,12.849,1,0.472836,0.36288,0,32.1156,5.56122,26.4444,0.84672,12.849,0.84672,3695.15,0,0,0,0.30119,1.39956,3.04244,1.27847,3.46472,0.42336,0,0.42336,460.49,0,0.947964,0,0,1.24915,0.30119,1.028160,1,0,29.9581,0,0,0,29.9581,0
57.5965,2.15244,0,0,1.97157,0.0969488,0.36288,3.6288,61.308,0.164687,0,0,0.563484,0.295337,0.10346,0.66528,12.849,1,0.474898,0.36288,0,38.4922,5.21553,33.1647,0.84672,12.849,0.84672,3695.15,0,0,0,0.385404,1.39981,3.53965,1.34838,3.97649,0.42336,0,0.42336,460.49,0,1.02816,0,0,1.41356,0.385404,1.028160,1,0,37.2446,0,0,0,37.2446,0
56.8664,2.1486,0,0,1.87396,0.0925971,0.36288,3.6288,61.308,0.164866,0,0,0.547118,0.301231,0.0810206,0.66528,12.849,1,0.479324,0.36288,0,35.3807,5.22186,30.0424,0.84672,12.849,0.84672,3695.15,0,0,0,0.33696,1.41396,3.42966,1.36791,3.81266,0.42336,0,0.42336,460.49,0,1.02816,0,0,1.36512,0.33696,1.028160,1,0,33.9361,0,0,0,33.9361,0
56.0126,2.14407,0,0,1.74512,0.0919353,0.36288,3.6288,61.308,0.165046,0,0,0.477442,0.301231,0.0111649,0.66528,12.849,1,0.484453,0.36288,0,32.885,5.22186,27.5415,0.84672,12.849,0.84672,3695.15,0,0,0,0.278614,1.41421,3.24882,1.36791,3.57373,0.42336,0,0.42336,460.49,0,1.02816,0,0,1.30677,0.278614,1.028160,1,0,31.1264,0,0,0,31.1264,0
54.8624,2.34643,0,0,1.6502,0.0911615,0.36288,3.6288,61.1548,0.302011,0,0,0.450084,0.301231,0,0.66528,12.849,1,0.538259,0.36288,0,31.368,5.22186,25.9707,0.84672,12.849,0.84672,3695.15,0,0,0,0.261274,1.41446,3.10249,1.36791,3.41031,0.42336,0,0.42336,460.49,0,0.969054,0,0,1.23033,0.261274,1.028160,1,0,29.381,0,0,0,29.381,0
53.6244,2.18613,0,0,1.39931,0.0882272,0.36288,3.6288,60.7344,0.515708,0,0,0.386468,0.291162,0,0.66528,12.849,1,0.512,0.36288,0,24.7395,5.39457,19.1958,0.84672,12.849,0.84672,3695.15,0,0,0,0.261274,1.52262,2.55182,1.36746,2.96825,0.42336,0,0.42336,460.49,0,0.699633,0,0,0.960906,0.261274,1.028160,1,0,22.1641,0,0,0,22.1641,0
52.2561,2.34594,0,0,1.41078,0.0702596,0.36288,3.6288,60.3674,0.47812,0,0,0.409634,0.298565,0,0.66528,12.849,1,0.562113,0.36288,0,27.8627,5.65698,22.0065,0.84672,12.849,0.84672,3695.15,0,0,0,0.261274,1.4446,2.56203,1.44583,2.82207,0.42336,0,0.42336,460.49,0,0.801092,0,0,1.06237,0.261274,1.028160,1,0,24.8286,0,0,0,24.8286,0
50.7609,2.37666,0,0,1.31361,0.0692805,0.36288,3.6288,60.0506,0.374345,0,0,0.355384,0.29787,0,0.66528,12.849,1,0.584384,0.36288,0,23.592,5.65698,17.7136,0.84672,12.849,0.84672,3695.15,0,0,0,0.227405,1.53329,2.58564,1.44583,2.9005,0.42336,0,0.42336,460.49,0,0.920989,0,0,1.14839,0.227405,1.028160,1,0,20.6141,0,0,0,20.6141,0
49.1809,2.36344,0,0,1.21452,0.0682106,0.36288,3.6288,59.5686,0.514305,0,0,0.329568,0.297269,0,0.66528,12.849,1,0.598253,0.36288,0,22.6225,5.65698,16.7302,0.84672,12.849,0.84672,3695.15,0,0,0,0.227405,1.55567,2.24821,1.44583,2.58545,0.42336,0,0.42336,460.49,0,0.781229,0,0,1.00863,0.227405,1.028160,1,0,19.3156,0,0,0,19.3156,0
47.4255,2.5216,0,0,1.19302,0.0639683,0.36288,3.6288,59.1327,0.492692,0,0,0.355077,0.298224,0,0.66528,12.849,1,0.658793,0.36288,0,21.2629,5.64255,15.3244,0.84672,12.849,0.84672,3695.15,0,0,0,0.227405,1.55595,2.57483,1.45006,2.90813,0.42336,0,0.42336,460.49,0,0.888564,0,0,1.11597,0.227405,1.028160,1,0,18.2325,0,0,0,18.2325,0
45.4483,2.50296,0,0,0.933111,0.0444541,0.36288,3.6288,58.4575,0.647021,0,0,0.280397,0.308568,0,0.66528,12.849,1,0.678129,0.36288,0,20.1052,5.55597,14.234,0.84672,12.849,0.84672,3695.15,0,0,0,0.227405,1.66316,2.10129,1.47542,2.51644,0.42336,0,0.42336,460.49,0,0.734452,0,0,0.961857,0.227405,1.028160,1,0,16.7504,0,0,0,16.7504,0
43.398,2.48051,0,0,0.836585,0.043489,0.36288,3.6288,57.7178,0.686714,0,0,0.254176,0.307232,0,0.66528,12.849,1,0.701283,0.36288,0,17.9481,5.55597,12.0538,0.84672,12.849,0.84672,3695.15,0,0,0,0.204422,1.66346,2.04908,1.47542,2.44154,0.42336,0,0.42336,460.49,0,0.694976,0,0,0.899398,0.204422,1.028160,1,0,14.4953,0,0,0,14.4953,0
41.5384,2.45549,0,0,1.00131,0.0424881,0.36288,3.6288,57.0755,0.609552,0,0,0.273053,0.305769,0,0.66528,12.849,1,0.727006,0.36288,0,18.5752,5.55597,12.6551,0.84672,12.849,0.84672,3695.15,0,0,0,0.204422,1.66376,2.24758,1.47542,2.64035,0.42336,0,0.42336,460.49,0,0.772356,0,0,0.976778,0.204422,1.028160,1,0,15.2955,0,0,0,15.2955,0
40.396,2.43117,0,0,1.71215,0.0605623,0.36288,3.6288,56.6781,0.44878,0,0,0.350712,0.299278,0,0.66528,12.849,1,0.752028,0.36288,0,30.8697,5.40755,25.073,0.84672,12.849,0.84672,3695.15,0,0,0,0.204422,1.66406,2.48791,1.45722,2.89918,0.42336,0,0.42336,460.49,0,0.933345,0,0,1.13777,0.204422,1.028160,1,0,27.9722,0,0,0,27.9722,0
39.2015,2.33486,0,0,1.53422,0.0310007,0.36288,3.6288,56.6628,0.302221,0,0,0.508542,0.221699,0,0.66528,12.849,1,0.742664,0.36288,0,26.6612,4.57232,21.7091,0.84672,12.849,0.84672,3695.15,0,0,0,0.452624,1.66436,2.80663,1.0846,3.83901,0.42336,0,0.42336,460.49,0,1.02816,0,0,1.48078,0.452624,1.028160,1,0,25.5481,0,0,0,25.5481,0
37.7899,2.31833,0,0,1.29633,0.0266978,0.36288,3.6288,56.7272,0.302428,0,0,0.577152,0.210282,0,0.66528,12.849,1,0.759876,0.36288,0,25.169,4.39845,20.3736,0.84672,12.849,0.84672,3695.15,0,0,0,0.690414,1.60458,2.75502,1.02432,4.0257,0.42336,0,0.42336,460.49,0,1.02816,0,0,1.71857,0.690414,1.028160,1,0,24.3993,0,0,0,24.3993,0
36.2453,2.29766,0,0,1.14222,0.0262628,0.36288,3.6288,56.7253,0.302635,0,0,0.511079,0.210371,0,0.66528,12.849,1,0.78123,0.36288,0,21.5924,4.39845,16.7756,0.84672,12.849,0.84672,3695.15,0,0,0,0.569972,1.60487,2.40238,1.02432,3.5529,0.42336,0,0.42336,460.49,0,1.02816,0,0,1.59813,0.569972,1.028160,1,0,20.3285,0,0,0,20.3285,0
35.3716,2.27358,0,0,1.82894,0.0661994,0.36288,3.6288,56.9056,0.302841,0,0,0.687545,0.204417,0,0.66528,12.849,1,0.805987,0.36288,0,38.1262,4.45686,33.2262,0.84672,12.849,0.84672,3695.15,0,0,0,1.23269,1.60516,3.87947,1.09872,5.61859,0.42336,0,0.42336,460.49,0,1.02816,0,0,2.26085,1.23269,1.028160,1,0,38.8448,0,0,0,38.8448,0
35.5388,2.19538,0,0,2.85164,0.126143,0.36288,3.6288,57.1148,0.255713,0,0,0.655962,0.190975,0,0.66528,12.849,1,0.797488,0.36288,0,54.3594,4.51107,49.4137,0.84672,12.849,0.84672,3695.15,0,0,0,0.869098,1.60544,3.90683,1.09065,5.29071,0.42336,0,0.42336,460.49,0,1.02816,0,0,1.89726,0.869098,1.028160,1,0,54.7045,0,0,0,54.7045,0
36.1563,2.19862,0,0,3.31516,0.13617,0.36288,3.6288,57.5157,0.25591,0,0,0.840387,0.183575,0,0.66528,12.849,1,0.794908,0.36288,0,55.7074,4.47951,50.7959,0.84672,12.849,0.84672,3695.15,0,0,0,1.01203,1.55278,4.71288,0.947614,6.33008,0.42336,0,0.42336,460.49,0,1.02816,0,0,2.04019,1.01203,1.028160,1,0,57.126,0,0,0,57.126,0
38.3148,2.20913,0,0,4.8677,0.137184,0.36288,3.6288,58.4544,0.256108,0,0,1.37886,0.184053,0,0.66528,12.849,1,0.785065,0.36288,0,85.3213,4.47951,80.4196,0.84672,12.849,0.84672,3695.15,0,0,0,1.66567,1.55306,6.00505,0.947614,8.27617,0.42336,0,0.42336,460.49,0,1.02816,0,0,2.69383,1.66567,1.028160,1,0,88.6958,0,0,0,88.6958,0
39.8436,2.24274,0,0,4.28045,0.14601,0.36288,3.6288,59.2127,0.256305,0,0,1.18394,0.169351,0,0.66528,12.849,1,0.752111,0.36288,0,74.2159,4.48711,69.3395,0.84672,12.849,0.84672,3695.15,0,0,0,1.54857,1.55334,6.68897,0.994983,8.79589,0.42336,0,0.42336,460.49,0,1.02816,0,0,2.57673,1.54857,1.028160,1,0,78.1354,0,0,0,78.1354,0
41.5961,2.07726,0,0,4.37607,0.183493,0.36288,3.6288,59.8041,0.157838,0,0,0.920437,0.171229,0,0.66528,12.849,1,0.669887,0.36288,0,65.5891,4.55601,60.7261,0.84672,12.849,0.84672,3695.15,0,0,0,1.27191,1.55361,5.10294,1.01805,6.91041,0.42336,0,0.42336,460.49,0,1.02816,0,0,2.30007,1.27191,1.028160,1,0,67.6365,0,0,0,67.6365,0
45.8414,2.09929,0,0,6.89481,0.187345,0.36288,3.6288,59.9219,0.158015,0,0,0.488725,0.212871,0,0.66528,12.849,1,0.648469,0.36288,0,64.3273,4.38984,59.6519,0.84672,12.849,0.84672,3695.15,0,0,0,1.33203,1.43112,4.84291,1.18549,6.42057,0.42336,0,0.42336,460.49,0,1.02816,0,0,2.36019,1.33203,1.028160,1,0,66.0724,0,0,0,66.0724,0
48.9876,2.14668,0,0,5.85245,0.196676,0.36288,3.6288,60.2627,0.158193,0,0,0.712041,0.213031,0,0.66528,12.849,1,0.601698,0.36288,0,51.3427,4.38984,46.714,0.84672,12.849,0.84672,3695.15,0,0,0,0.986325,1.43137,5.05627,1.18549,6.28847,0.42336,0,0.42336,460.49,0,1.02816,0,0,2.01449,0.986325,1.028160,1,0,53.0025,0,0,0,53.0025,0
57.2833,2.17778,0,0,11.0399,0.203591,0.36288,3.6288,61.116,0.158371,0,0,1.22514,0.213494,0,0.66528,12.849,1,0.571211,0.36288,0,137.545,4.38984,132.947,0.84672,12.849,0.84672,3695.15,0,0,0,1.91046,1.43162,6.28329,1.18549,8.43989,0.42336,0,0.42336,460.49,0,1.02816,0,0,2.93862,1.91046,1.028160,1,0,141.387,0,0,0,141.387,0
64.6275,2.24584,0,0,10.1614,0.208436,0.36288,3.6288,61.308,0.158549,0,0,0.989099,0.219794,0.418776,0.66528,12.849,1,0.503757,0.36288,0,119.691,3.64602,115.904,0.84672,12.849,0.84672,3695.15,0,0,0,2.93208,1.43187,6.08755,1.09357,9.35793,0.42336,0,0.42336,460.49,0,1.02816,0,0,3.96024,2.93208,1.028160,1,0,125.681,0,0,0,125.681,0
70.006,2.37386,0,0,8.37041,0.255237,0.36288,3.6288,61.308,0.18732,0,0,1.62793,0.190287,1.25032,0.66528,12.849,1,0.471962,0.36288,0,124.244,3.56392,120.571,0.84672,12.849,0.84672,3695.15,0,0,0,3.38416,1.43213,8.84938,1.04233,12.6233,0.42336,0,0.42336,460.49,0,1.02816,0,0,4.41232,3.38416,1.028160,1,0,134.445,0,0,0,134.445,0
72.29,2.40501,0,0,7.86411,0.287419,2.88764,3.6288,61.308,0.187494,0,0,2.15058,0.178686,1.7844,0.66528,12.849,1,0.441419,2.88764,0,176.649,3.55068,175.545,0.84672,12.849,0.84672,3695.15,0,0,0,4.55206,1.47239,12.3535,1.04111,17.3368,0.42336,0,0.42336,460.49,0,1.02816,0,0,5.58022,4.55206,1.028160,1,0,194.666,0,0,0,194.666,0
72.29,2.41736,0,0,8.54876,0.292488,5.83891,3.6288,61.308,0.187668,0,0,2.84887,0.178686,2.48251,0.66528,12.849,1,0.429667,5.83891,0,187.03,3.55068,188.889,0.84672,12.849,0.84672,3695.15,0,0,0,5.70906,1.47263,16.8328,1.04111,22.9734,0.42336,0,0.42336,460.49,0,1.02816,0,0,6.73722,5.70906,1.028160,1,0,214.345,0,0,0,214.345,0
72.29,2.41787,0,0,8.20817,0.292488,5.49781,3.6288,61.308,0.187843,0,0,2.06086,0.178686,1.69433,0.66528,12.849,1,0.429758,5.49781,0,195.3,3.55068,196.818,0.84672,12.849,0.84672,3695.15,0,0,0,4.42657,1.47288,13.1598,1.04111,18.0181,0.42336,0,0.42336,460.49,0,1.02816,0,0,5.45473,4.42657,1.028160,1,0,216.53,0,0,0,216.53,0
72.29,2.67931,0,0,11.3077,0.289857,8.33852,3.6288,61.308,0.295458,0,0,3.19202,0.153851,2.74271,0.66528,12.849,1,0.476227,8.33852,0,227.286,3.37326,231.775,0.84672,12.849,0.84672,3695.15,0,0,0,6.6172,1.47313,20.4733,0.982038,27.5816,0.42336,0,0.42336,460.49,0,1.02816,0,0,7.64536,6.6172,1.028160,1,0,262.1,0,0,0,262.1,0
72.29,2.67987,0,0,17.3216,0.283279,14.3585,3.6288,61.308,0.295653,0,0,5.80347,0.0917641,5.41605,0.66528,12.849,1,0.476326,14.3585,0,296.038,2.92971,306.991,0.84672,12.849,0.84672,3695.15,0,0,0,11.0916,1.61397,42.0489,0.834369,53.9201,0.42336,0,0.42336,460.49,0,1.02816,0,0,12.1198,11.0916,1.028160,1,0,366.327,0,0,0,366.327,0
72.29,2.68043,0,0,6.86031,0.283279,3.8966,3.6288,61.308,0.295848,0,0,2.78776,0.0917641,2.40014,0.66528,12.849,1,0.476426,3.8966,0,348.394,2.92971,348.885,0.84672,12.849,0.84672,3695.15,0,0,0,5.4236,1.61425,18.3878,0.834369,24.5913,0.42336,0,0.42336,460.49,0,1.02816,0,0,6.45176,5.4236,1.028160,1,0,375.876,0,0,0,375.876,0
72.29,2.68099,0,0,5.27312,0.289786,2.30235,3.6288,61.308,0.296043,0,0,2.33799,0.139984,1.90197,0.66528,12.849,1,0.476526,2.30235,0,183.138,3.50738,181.456,0.84672,12.849,0.84672,3695.15,0,0,0,4.65711,1.61452,15.3538,0.934219,20.6912,0.42336,0,0.42336,460.49,0,1.02816,0,0,5.68527,4.65711,1.028160,1,0,204.049,0,0,0,204.049,0
72.29,2.3091,0,0,6.13547,0.29932,3.52705,3.6288,61.308,0.151941,0,0,3.89454,0.176573,3.56603,0.66528,12.849,1,0.410425,3.52705,0,183.072,3.89057,182.298,0.84672,12.849,0.84672,3695.15,0,0,0,6.34643,1.6148,19.8214,0.94275,26.8399,0.42336,0,0.42336,460.49,0,1.02816,0,0,7.37459,6.34643,1.028160,1,0,212.704,0,0,0,212.704,0
72.29,2.30959,0,0,7.62273,0.285528,5.02761,3.6288,61.308,0.152109,0,0,2.00947,0.164943,1.69242,0.66528,12.849,1,0.410512,5.02761,0,147.289,3.86389,148.042,0.84672,12.849,0.84672,3695.15,0,0,0,3.33882,1.42139,12.0855,0.907511,15.9382,0.42336,0,0.42336,460.49,0,1.02816,0,0,4.36698,3.33882,1.028160,1,0,165.672,0,0,0,165.672,0
72.29,2.31008,0,0,6.92556,0.285528,4.32996,3.6288,61.308,0.152276,0,0,1.78146,0.164943,1.46425,0.66528,12.849,1,0.410599,4.32996,0,131.979,3.86389,132.035,0.84672,12.849,0.84672,3695.15,0,0,0,3.76071,1.42162,11.3124,0.907511,15.5872,0.42336,0,0.42336,460.49,0,1.02816,0,0,4.78887,3.76071,1.028160,1,0,149.086,0,0,0,149.086,0
72.29,2.31057,0,0,10.1864,0.285528,7.59029,3.6288,61.308,0.152444,0,0,2.17641,0.164943,1.85902,0.66528,12.849,1,0.410686,7.59029,0,179.39,3.86389,182.705,0.84672,12.849,0.84672,3695.15,0,0,0,4.30212,1.42186,15.9462,0.907511,20.7626,0.42336,0,0.42336,460.49,0,1.02816,0,0,5.33028,4.30212,1.028160,1,0,205.327,0,0,0,205.327,0
72.29,2.31106,0,0,8.50962,0.284577,5.91399,3.6288,61.308,0.152611,0,0,1.93201,0.158481,1.62092,0.66528,12.849,1,0.410773,5.91399,0,166.736,3.85489,168.384,0.84672,12.849,0.84672,3695.15,0,0,0,3.91898,1.4221,14.7138,0.922338,19.1326,0.42336,0,0.42336,460.49,0,1.02816,0,0,4.94714,3.91898,1.028160,1,0,189.137,0,0,0,189.137,0
72.29,2.40539,0,0,12.4645,0.345291,9.71381,3.6288,61.308,0.188113,0,0,4.13801,0.139646,3.81025,0.66528,12.849,1,0.42754,9.71381,0,198.203,3.9009,203.589,0.84672,12.849,0.84672,3695.15,0,0,0,6.73742,1.42234,25.1791,0.886287,32.4526,0.42336,0,0.42336,460.49,0,1.02816,0,0,7.76558,6.73742,1.028160,1,0,239.852,0,0,0,239.852,0
72.29,2.4059,0,0,9.06552,0.35501,6.30461,3.6288,61.308,0.188287,0,0,3.75679,0.132518,3.43599,0.66528,12.849,1,0.42763,6.30461,0,206.049,3.80772,208.119,0.84672,12.849,0.84672,3695.15,0,0,0,7.61721,1.47058,18.7485,0.856186,26.9801,0.42336,0,0.42336,460.49,0,1.02816,0,0,8.64537,7.61721,1.028160,1,0,238.535,0,0,0,238.535,0
72.29,2.40641,0,0,6.89636,0.340555,4.1494,3.6288,61.308,0.188462,0,0,2.59611,0.0930174,2.31463,0.66528,12.849,1,0.42772,4.1494,0,147.84,2.72855,148.833,0.84672,12.849,0.84672,3695.15,0,0,0,5.09611,1.47083,14.0616,0.705217,19.9233,0.42336,0,0.42336,460.49,0,1.02816,0,0,6.12427,5.09611,1.028160,1,0,171.071,0,0,0,171.071,0
72.29,2.40691,0,0,6.56411,0.270774,3.88642,3.6288,61.308,0.188636,0,0,2.35591,0.146288,2.02099,0.66528,12.849,1,0.427811,3.88642,0,129.458,3.18875,129.728,0.84672,12.849,0.84672,3695.15,0,0,0,4.78278,1.47108,11.7028,0.894333,17.0623,0.42336,0,0.42336,460.49,0,1.02816,0,0,5.81094,4.78278,1.028160,1,0,148.811,0,0,0,148.811,0
72.29,2.3707,0,0,6.61622,0.259275,3.98624,3.6288,61.308,0.175077,0,0,2.215,0.159182,1.88074,0.66528,12.849,1,0.421374,3.98624,0,137.297,3.77861,137.083,0.84672,12.849,0.84672,3695.15,0,0,0,6.10841,1.47132,15.1657,0.992068,21.7534,0.42336,0,0.42336,460.49,0,1.02816,0,0,7.13657,6.10841,1.028160,1,0,160.717,0,0,0,160.717,0
72.29,2.3712,0,0,5.44213,0.250651,2.82027,3.6288,61.308,0.175248,0,0,1.57302,0.168853,1.22892,0.66528,12.849,1,0.421464,2.82027,0,100.212,4.221,98.3897,0.84672,12.849,0.84672,3695.15,0,0,0,3.20184,1.45286,9.1482,1.06537,12.7375,0.42336,0,0.42336,460.49,0,1.02816,0,0,4.23,3.20184,1.028160,1,0,112.356,0,0,0,112.356,0
72.29,2.3717,0,0,4.54079,0.250651,1.91843,3.6288,61.308,0.17542,0,0,1.42573,0.168853,1.08146,0.66528,12.849,1,0.421553,1.91843,0,81.0389,4.221,78.3148,0.84672,12.849,0.84672,3695.15,0,0,0,2.61498,1.4531,7.27056,1.06537,10.2733,0.42336,0,0.42336,460.49,0,1.02816,0,0,3.64314,2.61498,1.028160,1,0,89.6695,0,0,0,89.6695,0
72.29,2.37221,0,0,4.02606,0.250651,1.4032,3.6288,61.308,0.175592,0,0,1.29502,0.168853,0.95057,0.66528,12.849,1,0.421642,1.4032,0,70.2173,4.221,66.9778,0.84672,12.849,0.84672,3695.15,0,0,0,2.15295,1.45334,6.28729,1.06537,8.82822,0.42336,0,0.42336,460.49,0,1.02816,0,0,3.18111,2.15295,1.028160,1,0,76.7566,0,0,0,76.7566,0
72.29,2.49744,0,0,3.78215,0.23943,1.04528,3.6288,61.308,0.224505,0,0,1.19972,0.179032,0.796178,0.66528,12.849,1,0.443901,1.04528,0,65.0872,4.31965,61.3689,0.84672,12.849,0.84672,3695.15,0,0,0,1.89477,1.45359,6.15523,1.06976,8.43383,0.42336,0,0.42336,460.49,0,1.02816,0,0,2.92293,1.89477,1.028160,1,0,70.5989,0,0,0,70.5989,0
72.29,2.49797,0,0,4.29076,0.172101,1.62069,3.6288,61.308,0.224686,0,0,1.30559,0.240109,0.840795,0.66528,12.849,1,0.443995,1.62069,0,77.0472,4.91158,73.3123,0.84672,12.849,0.84672,3695.15,0,0,0,1.85845,1.51902,8.06838,1.0961,10.3497,0.42336,0,0.42336,460.49,0,1.02816,0,0,2.88661,1.85845,1.028160,1,0,84.5029,0,0,0,84.5029,0
72.29,2.49849,0,0,4.12056,0.172101,1.44997,3.6288,61.308,0.224868,0,0,1.2919,0.240109,0.82692,0.66528,12.849,1,0.444088,1.44997,0,71.5133,4.91158,67.6076,0.84672,12.849,0.84672,3695.15,0,0,0,1.8686,1.51927,7.74308,1.0961,10.0349,0.42336,0,0.42336,460.49,0,1.02816,0,0,2.89676,1.8686,1.028160,1,0,78.4694,0,0,0,78.4694,0
72.29,2.49902,0,0,3.91056,0.177018,1.23452,3.6288,61.308,0.225049,0,0,1.27146,0.238792,0.807622,0.66528,12.849,1,0.444181,1.23452,0,68.504,4.82697,64.4673,0.84672,12.849,0.84672,3695.15,0,0,0,2.1051,1.51953,7.2481,1.09936,9.77336,0.42336,0,0.42336,460.49,0,1.02816,0,0,3.13326,2.1051,1.028160,1,0,75.0483,0,0,0,75.0483,0
72.29,2.49954,0,0,3.62996,0.195411,0.935003,3.6288,61.308,0.22523,0,0,1.22203,0.235042,0.761761,0.66528,12.849,1,0.444275,0.935003,0,63.4081,4.35133,59.5475,0.84672,12.849,0.84672,3695.15,0,0,0,2.00038,1.51978,6.74196,1.12847,9.13366,0.42336,0,0.42336,460.49,0,1.02816,0,0,3.02854,2.00038,1.028160,1,0,69.4429,0,0,0,69.4429,0
72.29,2.47538,0,0,4.20769,0.138636,1.59368,3.6288,61.308,0.252226,0,0,1.52064,0.245688,1.02273,0.66528,12.849,1,0.43998,1.59368,0,73.4668,5.00018,69.6203,0.84672,12.849,0.84672,3695.15,0,0,0,1.93148,1.52004,7.17448,1.18389,9.44212,0.42336,0,0.42336,460.49,0,1.02816,0,0,2.95964,1.93148,1.028160,1,0,80.0851,0,0,0,80.0851,0
72.29,2.4759,0,0,4.11405,0.115598,1.52255,3.6288,61.308,0.252412,0,0,1.4849,0.277697,0.954787,0.66528,12.849,1,0.440072,1.52255,0,72.0559,5.11318,68.0252,0.84672,12.849,0.84672,3695.15,0,0,0,1.8164,1.53556,7.4666,1.29751,9.52105,0.42336,0,0.42336,460.49,0,1.02816,0,0,2.84456,1.8164,1.028160,1,0,78.501,0,0,0,78.501,0
72.29,2.47642,0,0,3.91465,0.115598,1.32263,3.6288,61.308,0.252599,0,0,1.38132,0.277697,0.851024,0.66528,12.849,1,0.440165,1.32263,0,65.3184,5.11318,61.0877,0.84672,12.849,0.84672,3695.15,0,0,0,1.7133,1.53582,7.10977,1.29751,9.06139,0.42336,0,0.42336,460.49,0,1.02816,0,0,2.74146,1.7133,1.028160,1,0,71.0001,0,0,0,71.0001,0
72.29,2.47694,0,0,3.61333,0.115598,1.0208,3.6288,61.308,0.252785,0,0,1.23527,0.277697,0.704787,0.66528,12.849,1,0.440257,1.0208,0,61.8106,5.11318,57.2779,0.84672,12.849,0.84672,3695.15,0,0,0,1.57684,1.53608,6.65021,1.29751,8.46562,0.42336,0,0.42336,460.49,0,1.02816,0,0,2.605,1.57684,1.028160,1,0,66.4483,0,0,0,66.4483,0
72.29,2.54127,0,0,3.7615,0.110002,1.11023,3.6288,61.308,0.276888,0,0,1.36421,0.293522,0.793803,0.66528,12.849,1,0.451692,1.11023,0,57.1035,5.41882,52.3432,0.84672,12.849,0.84672,3695.15,0,0,0,1.48221,1.53634,6.4308,1.37063,8.07872,0.42336,0,0.42336,460.49,0,1.02816,0,0,2.51037,1.48221,1.028160,1,0,61.2157,0,0,0,61.2157,0
72.29,2.54181,0,0,3.75549,0.10254,1.11114,3.6288,61.308,0.277079,0,0,1.23504,0.314621,0.643345,0.66528,12.849,1,0.451787,1.11114,0,68.5317,5.82635,63.3647,0.84672,12.849,0.84672,3695.15,0,0,0,1.45851,1.56916,6.54471,1.46811,8.10427,0.42336,0,0.42336,460.49,0,1.02816,0,0,2.48667,1.45851,1.028160,1,0,72.1123,0,0,0,72.1123,0
72.29,2.54234,0,0,3.51649,0.10254,0.871609,3.6288,61.308,0.27727,0,0,1.14854,0.314621,0.55665,0.66528,12.849,1,0.451882,0.871609,0,55.0244,5.82635,49.6177,0.84672,12.849,0.84672,3695.15,0,0,0,1.41241,1.56943,5.8996,1.46811,7.41332,0.42336,0,0.42336,460.49,0,1.02816,0,0,2.44057,1.41241,1.028160,1,0,57.5877,0,0,0,57.5877,0
72.29,2.54287,0,0,3.20166,0.10254,0.556252,3.6288,61.308,0.277461,0,0,1.09039,0.314621,0.498303,0.66528,12.849,1,0.451976,0.556252,0,50.1473,5.82635,44.4253,0.84672,12.849,0.84672,3695.15,0,0,0,1.03685,1.56969,5.50296,1.46811,6.64139,0.42336,0,0.42336,460.49,0,1.02816,0,0,2.06501,1.03685,1.028160,1,0,51.565,0,0,0,51.565,0
72.29,2.73042,0,0,3.75889,0.0899421,0.938533,3.6288,61.308,0.364042,0,0,1.36217,0.30404,0.694083,0.66528,12.849,1,0.485311,0.938533,0,52.4202,6.0012,46.8722,0.84672,12.849,0.84672,3695.15,0,0,0,1.96458,1.56996,8.35911,1.51596,10.3777,0.42336,0,0.42336,460.49,0,1.02816,0,0,2.99274,1.96458,1.028160,1,0,57.944,0,0,0,57.944,0
72.29,2.73099,0,0,3.81068,0.12022,0.959474,3.6288,61.308,0.364249,0,0,1.21141,0.329575,0.51759,0.66528,12.849,1,0.485412,0.959474,0,48.4753,5.91917,43.0302,0.84672,12.849,0.84672,3695.15,0,0,0,1.36191,1.67824,5.83755,1.53452,7.34318,0.42336,0,0.42336,460.49,0,1.02816,0,0,2.39007,1.36191,1.028160,1,0,50.891,0,0,0,50.891,0
72.29,2.73156,0,0,4.18201,0.12022,1.33023,3.6288,61.308,0.364457,0,0,1.49591,0.329575,0.80188,0.66528,12.849,1,0.485513,1.33023,0,62.3443,5.91917,57.2698,0.84672,12.849,0.84672,3695.15,0,0,0,1.94125,1.67853,6.3681,1.53452,8.45337,0.42336,0,0.42336,460.49,0,1.02816,0,0,2.96941,1.94125,1.028160,1,0,66.5251,0,0,0,66.5251,0
72.29,2.73213,0,0,3.35966,0.12022,0.507318,3.6288,61.308,0.364665,0,0,1.08198,0.329575,0.387739,0.66528,12.849,1,0.485615,0.507318,0,60.9188,5.91917,55.0214,0.84672,12.849,0.84672,3695.15,0,0,0,1.03336,1.67881,5.11211,1.53452,6.28977,0.42336,0,0.42336,460.49,0,1.02816,0,0,2.06152,1.03336,1.028160,1,0,61.6989,0,0,0,61.6989,0
72.29,2.73269,0,0,4.1841,0.12022,1.33119,3.6288,61.308,0.364872,0,0,1.8493,0.329575,1.15485,0.66528,12.849,1,0.485716,1.33119,0,55.6381,5.91917,50.5644,0.84672,12.849,0.84672,3695.15,0,0,0,2.8715,1.6791,7.90435,1.53452,10.9204,0.42336,0,0.42336,460.49,0,1.02816,0,0,3.89966,2.8715,1.028160,1,0,62.6396,0,0,0,62.6396,0
72.29,2.64204,0,0,4.22813,0.133429,1.45267,3.6288,61.308,0.312595,0,0,1.50815,0.316732,0.87882,0.66528,12.849,1,0.469602,1.45267,0,41.2079,5.02722,37.1637,0.84672,12.849,0.84672,3695.15,0,0,0,1.84715,1.67939,7.02095,1.28649,9.261,0.42336,0,0.42336,460.49,0,1.02816,0,0,2.87531,1.84715,1.028160,1,0,47.3035,0,0,0,47.3035,0
72.29,2.64259,0,0,5.40562,0.149886,2.61314,3.6288,61.308,0.312793,0,0,1.95266,0.325473,1.31439,0.66528,12.849,1,0.4697,2.61314,0,39.2752,4.99758,36.4211,0.84672,12.849,0.84672,3695.15,0,0,0,2.42228,1.61899,9.47419,1.32715,12.1883,0.42336,0,0.42336,460.49,0,1.02816,0,0,3.45044,2.42228,1.028160,1,0,49.9238,0,0,0,49.9238,0
72.29,2.64314,0,0,5.2418,0.149886,2.44878,3.6288,61.308,0.312991,0,0,1.94374,0.325473,1.30528,0.66528,12.849,1,0.469798,2.44878,0,54.2046,4.99758,51.186,0.84672,12.849,0.84672,3695.15,0,0,0,2.40194,1.61926,9.49916,1.32715,12.1932,0.42336,0,0.42336,460.49,0,1.02816,0,0,3.4301,2.40194,1.028160,1,0,64.6845,0,0,0,64.6845,0
72.29,2.64369,0,0,5.88155,0.149886,3.08797,3.6288,61.308,0.313189,0,0,2.76725,0.325473,2.12858,0.66528,12.849,1,0.469896,3.08797,0,127.143,4.99758,124.763,0.84672,12.849,0.84672,3695.15,0,0,0,3.18959,1.61954,13.1479,1.32715,16.6299,0.42336,0,0.42336,460.49,0,1.02816,0,0,4.21775,3.18959,1.028160,1,0,143.522,0,0,0,143.522,0
72.29,2.5693,0,0,4.64244,0.23417,1.83897,3.6288,61.308,0.265575,0,0,2.03436,0.316923,1.45186,0.66528,12.849,1,0.456674,1.83897,0,119.108,5.39715,115.094,0.84672,12.849,0.84672,3695.15,0,0,0,1.96436,1.61981,10.5741,1.36737,12.7909,0.42336,0,0.42336,460.49,0,1.02816,0,0,2.99252,1.96436,1.028160,1,0,129.336,0,0,0,129.336,0
70.6859,2.56984,0,0,1.65785,0.329246,0.36288,3.6288,61.308,0.265764,0,0,1.47342,0.270809,0.936849,0.66528,12.849,1,0.45677,0.36288,0,60.061,5.27079,54.6964,0.84672,12.849,0.84672,3695.15,0,0,0,1.59404,1.56661,5.99952,1.25176,7.90841,0.42336,0,0.42336,460.49,0,1.02816,0,0,2.6222,1.59404,1.028160,1,0,63.5416,0,0,0,63.5416,0
69.2884,2.56161,0,0,1.85227,0.325238,0.36288,3.6288,61.308,0.265953,0,0,1.66096,0.270809,1.1242,0.66528,12.849,1,0.465639,0.36288,0,36.8184,5.27079,31.4449,0.84672,12.849,0.84672,3695.15,0,0,0,1.97529,1.56687,6.42499,1.25176,8.7154,0.42336,0,0.42336,460.49,0,1.02816,0,0,3.00345,1.97529,1.028160,1,0,41.2845,0,0,0,41.2845,0
72.29,2.55422,0,0,7.64719,0.297894,1.7935,3.6288,61.308,0.266142,0,0,2.89341,0.243599,2.38367,0.66528,12.849,1,0.47366,1.7935,0,106.875,4.65432,103.541,0.84672,12.849,0.84672,3695.15,0,0,0,3.82619,1.56714,18.2369,1.2551,22.3751,0.42336,0,0.42336,460.49,0,1.02816,0,0,4.85435,3.82619,1.028160,1,0,128.299,0,0,0,128.299,0
72.29,2.35846,0,0,4.57048,0.336346,1.87568,3.6288,61.308,0.166679,0,0,2.50405,0.210319,2.12706,0.66528,12.849,1,0.419198,1.87568,0,106.448,3.95315,103.952,0.84672,12.849,0.84672,3695.15,0,0,0,3.03461,1.5674,15.5344,1.07564,19.0607,0.42336,0,0.42336,460.49,0,1.02816,0,0,4.06277,3.03461,1.028160,1,0,125.139,0,0,0,125.139,0
72.29,2.35896,0,0,5.66239,0.300713,3.00272,3.6288,61.308,0.166848,0,0,3.09165,0.260545,2.66426,0.66528,12.849,1,0.419287,3.00272,0,159.973,5.07909,157.477,0.84672,12.849,0.84672,3695.15,0,0,0,3.18928,1.44367,17.9302,1.23188,21.3312,0.42336,0,0.42336,460.49,0,1.02816,0,0,4.21744,3.18928,1.028160,1,0,181.473,0,0,0,181.473,0
72.29,2.35946,0,0,7.41943,0.327936,4.73204,3.6288,61.308,0.167018,0,0,6.98866,0.222638,6.59901,0.66528,12.849,1,0.419375,4.73204,0,136.775,4.29345,136.794,0.84672,12.849,0.84672,3695.15,0,0,0,5.26371,1.44391,25.7126,1.14875,31.2714,0.42336,0,0.42336,460.49,0,1.02816,0,0,6.29187,5.26371,1.028160,1,0,174.664,0,0,0,174.664,0
72.29,2.35995,0,0,5.65081,0.327936,2.96292,3.6288,61.308,0.167188,0,0,6.79448,0.222638,6.40465,0.66528,12.849,1,0.419464,2.96292,0,144.687,4.29345,142.937,0.84672,12.849,0.84672,3695.15,0,0,0,5.32033,1.44415,25.0172,1.14875,30.6329,0.42336,0,0.42336,460.49,0,1.02816,0,0,6.34849,5.32033,1.028160,1,0,179.975,0,0,0,179.975,0
72.29,2.36045,0,0,6.89823,0.327936,4.20984,3.6288,61.308,0.167358,0,0,9.29203,0.222638,8.90203,0.66528,12.849,1,0.419553,4.20984,0,239.465,4.29345,238.961,0.84672,12.849,0.84672,3695.15,0,0,0,6.75101,1.44439,36.1938,1.14875,43.2405,0.42336,0,0.42336,460.49,0,1.02816,0,0,7.77917,6.75101,1.028160,1,0,291.104,0,0,0,291.104,0
72.29,2.44294,0,0,7.22904,0.306769,4.47933,3.6288,61.308,0.196407,0,0,4.40614,0.22147,3.98826,0.66528,12.849,1,0.434214,4.47933,0,194.575,4.15987,194.46,0.84672,12.849,0.84672,3695.15,0,0,0,3.76754,1.44463,19.9926,1.08869,24.1161,0.42336,0,0.42336,460.49,0,1.02816,0,0,4.7957,3.76754,1.028160,1,0,222.564,0,0,0,222.564,0
72.29,2.44343,0,0,6.82307,0.324043,4.0556,3.6288,61.308,0.196573,0,0,3.35816,0.251517,2.91007,0.66528,12.849,1,0.434301,4.0556,0,186.785,4.64678,185.759,0.84672,12.849,0.84672,3695.15,0,0,0,3.17151,1.48528,17.3107,1.12982,20.8376,0.42336,0,0.42336,460.49,0,1.02816,0,0,4.19967,3.17151,1.028160,1,0,209.507,0,0,0,209.507,0
72.29,2.44391,0,0,6.9232,0.324043,4.15524,3.6288,61.308,0.196739,0,0,2.72475,0.251517,2.27649,0.66528,12.849,1,0.434387,4.15524,0,161.279,4.64678,160.353,0.84672,12.849,0.84672,3695.15,0,0,0,2.51791,1.48551,12.6714,1.12982,15.545,0.42336,0,0.42336,460.49,0,1.02816,0,0,3.54607,2.51791,1.028160,1,0,178.175,0,0,0,178.175,0
72.29,2.4444,0,0,6.88145,0.324043,4.113,3.6288,61.308,0.196906,0,0,3.40255,0.251517,2.95413,0.66528,12.849,1,0.434474,4.113,0,200.874,4.64678,199.906,0.84672,12.849,0.84672,3695.15,0,0,0,3.49893,1.48575,15.3653,1.12982,19.2202,0.42336,0,0.42336,460.49,0,1.02816,0,0,4.52709,3.49893,1.028160,1,0,222.08,0,0,0,222.08,0
72.29,2.7084,0,0,4.49666,0.3487,1.43956,3.6288,61.308,0.305577,0,0,2.30532,0.243987,1.75576,0.66528,12.849,1,0.481398,1.43956,0,111.135,4.63858,107.454,0.84672,12.849,0.84672,3695.15,0,0,0,1.98409,1.48599,10.1574,1.21146,12.4161,0.42336,0,0.42336,460.49,0,1.02816,0,0,3.01225,1.98409,1.028160,1,0,121.626,0,0,0,121.626,0
72.29,2.70894,0,0,5.73862,0.328126,2.70156,3.6288,61.308,0.305763,0,0,3.39883,0.253596,2.83947,0.66528,12.849,1,0.481493,2.70156,0,118.973,4.28052,116.912,0.84672,12.849,0.84672,3695.15,0,0,0,2.69813,1.62821,13.5531,1.11911,16.7604,0.42336,0,0.42336,460.49,0,1.02816,0,0,3.72629,2.69813,1.028160,1,0,136.512,0,0,0,136.512,0
72.29,2.70947,0,0,5.89395,0.300759,2.88372,3.6288,61.308,0.305949,0,0,2.56492,0.243022,2.01595,0.66528,12.849,1,0.481588,2.88372,0,135.778,3.99939,134.181,0.84672,12.849,0.84672,3695.15,0,0,0,2.79596,1.62848,12.5367,1.11528,15.8459,0.42336,0,0.42336,460.49,0,1.02816,0,0,3.82412,2.79596,1.028160,1,0,152.043,0,0,0,152.043,0
72.29,2.71001,0,0,7.53522,0.302479,4.52274,3.6288,61.308,0.306135,0,0,2.62575,0.237415,2.0822,0.66528,12.849,1,0.481683,4.52274,0,176.105,3.93257,176.213,0.84672,12.849,0.84672,3695.15,0,0,0,3.14213,1.62874,12.5309,1.0895,16.2122,0.42336,0,0.42336,460.49,0,1.02816,0,0,4.17029,3.14213,1.028160,1,0,194.508,0,0,0,194.508,0
72.29,2.33442,0,0,6.76335,0.311009,4.11792,3.6288,61.308,0.160601,0,0,3.57591,0.230356,3.18496,0.66528,12.849,1,0.414925,4.11792,0,139.867,3.86864,139.701,0.84672,12.849,0.84672,3695.15,0,0,0,3.88209,1.629,14.429,1.06018,18.8799,0.42336,0,0.42336,460.49,0,1.02816,0,0,4.91025,3.88209,1.028160,1,0,161.766,0,0,0,161.766,0
72.29,2.33488,0,0,6.29458,0.362189,3.5975,3.6288,61.308,0.160761,0,0,4.65445,0.188,4.30568,0.66528,12.849,1,0.415008,3.5975,0,129.008,3.48505,128.706,0.84672,12.849,0.84672,3695.15,0,0,0,4.23972,1.43366,13.2398,0.88428,18.0289,0.42336,0,0.42336,460.49,0,1.02816,0,0,5.26788,4.23972,1.028160,1,0,151.04,0,0,0,151.04,0
72.29,2.33535,0,0,4.41639,0.362189,1.71885,3.6288,61.308,0.160921,0,0,3.52669,0.188,3.17777,0.66528,12.849,1,0.415091,1.71885,0,125.616,3.48505,123.435,0.84672,12.849,0.84672,3695.15,0,0,0,3.53061,1.43389,11.9571,0.88428,16.0373,0.42336,0,0.42336,460.49,0,1.02816,0,0,4.55877,3.53061,1.028160,1,0,142.65,0,0,0,142.65,0
72.29,2.33582,0,0,4.50774,0.305549,1.86637,3.6288,61.308,0.16108,0,0,2.68061,0.157919,2.36161,0.66528,12.849,1,0.415174,1.86637,0,109.297,3.04908,107.699,0.84672,12.849,0.84672,3695.15,0,0,0,2.7269,1.43412,10.894,0.821653,14.2334,0.42336,0,0.42336,460.49,0,1.02816,0,0,3.75506,2.7269,1.028160,1,0,124.294,0,0,0,124.294,0
72.29,2.33629,0,0,4.19016,0.282892,1.57098,3.6288,61.308,0.16124,0,0,3.20172,0.145886,2.8946,0.66528,12.849,1,0.415257,1.57098,0,114.189,2.87469,112.47,0.84672,12.849,0.84672,3695.15,0,0,0,3.4443,1.43434,10.8118,0.796602,14.8938,0.42336,0,0.42336,460.49,0,1.02816,0,0,4.47246,3.4443,1.028160,1,0,130.258,0,0,0,130.258,0
72.29,2.43151,0,0,4.45395,0.298414,1.72403,3.6288,61.308,0.197081,0,0,3.32689,0.144482,2.98533,0.66528,12.849,1,0.432183,1.72403,0,86.5833,2.47569,85.3994,0.84672,12.849,0.84672,3695.15,0,0,0,2.9631,1.43457,7.67997,0.685263,11.3924,0.42336,0,0.42336,460.49,0,1.02816,0,0,3.99126,2.9631,1.028160,1,0,99.7771,0,0,0,99.7771,0
72.29,2.432,0,0,3.98,0.300963,1.24704,3.6288,61.308,0.197247,0,0,2.14342,0.160884,1.78529,0.66528,12.849,1,0.432269,1.24704,0,75.9084,2.60256,74.1207,0.84672,12.849,0.84672,3695.15,0,0,0,2.2441,1.48328,6.52582,0.811386,9.44181,0.42336,0,0.42336,460.49,0,1.02816,0,0,3.27226,2.2441,1.028160,1,0,85.3478,0,0,0,85.3478,0
72.1804,2.43248,0,0,2.98613,0.300353,0.36288,3.6288,61.308,0.197414,0,0,1.61775,0.163711,1.25663,0.66528,12.849,1,0.432356,0.36288,0,70.4709,2.6503,67.7511,0.84672,12.849,0.84672,3695.15,0,0,0,0.905662,1.48351,5.36198,0.83983,6.91132,0.42336,0,0.42336,460.49,0,1.02816,0,0,1.93382,0.905662,1.028160,1,0,75.919,0,0,0,75.919,0
72.29,2.21676,0,0,3.48635,0.300103,0.859901,3.6288,61.308,0.123535,0,0,3.07156,0.163711,2.78432,0.66528,12.849,1,0.394611,0.859901,0,93.0701,2.6503,90.8851,0.84672,12.849,0.84672,3695.15,0,0,0,3.31928,1.48375,9.02788,0.83983,12.9911,0.42336,0,0.42336,460.49,0,1.02816,0,0,4.34744,3.31928,1.028160,1,0,106.66,0,0,0,106.66,0
72.29,2.39637,0,0,3.34816,0.267941,0.683848,3.6288,61.308,0.183878,0,0,2.21464,0.150474,1.88029,0.66528,12.849,1,0.425938,0.683848,0,73.7407,2.66836,71.3302,0.84672,12.849,0.84672,3695.15,0,0,0,2.0986,1.37917,6.47483,0.868995,9.0836,0.42336,0,0.42336,460.49,0,1.02816,0,0,3.12676,2.0986,1.028160,1,0,82.2941,0,0,0,82.2941,0
72.0049,2.39685,0,0,2.6994,0.224754,0.36288,3.6288,61.308,0.184042,0,0,1.28245,0.154391,0.944019,0.66528,12.849,1,0.426022,0.36288,0,53.2519,2.97132,50.2175,0.84672,12.849,0.84672,3695.15,0,0,0,0.917222,1.46532,4.45921,0.949166,5.89259,0.42336,0,0.42336,460.49,0,1.02816,0,0,1.94538,0.917222,1.028160,1,0,57.0541,0,0,0,57.0541,0
71.6246,2.18319,0,0,2.38969,0.223992,0.36288,3.6288,61.308,0.111233,0,0,1.10978,0.181423,0.817125,0.66528,12.849,1,0.389581,0.36288,0,46.7967,3.2775,43.4925,0.84672,12.849,0.84672,3695.15,0,0,0,0.769591,1.46555,4.02809,0.975475,5.28776,0.42336,0,0.42336,460.49,0,1.02816,0,0,1.79775,0.769591,1.028160,1,0,49.5973,0,0,0,49.5973,0
71.1397,2.18187,0,0,2.2134,0.153475,0.36288,3.6288,61.308,0.111384,0,0,1.01128,0.214122,0.685772,0.66528,12.849,1,0.391414,0.36288,0,42.9424,3.5658,39.348,0.84672,12.849,0.84672,3695.15,0,0,0,0.634876,1.36243,3.80031,0.992689,4.80493,0.42336,0,0.42336,460.49,0,1.02816,0,0,1.66304,0.634876,1.028160,1,0,44.8387,0,0,0,44.8387,0
70.491,2.29562,0,0,2.1627,0.152907,0.36288,3.6288,61.308,0.156804,0,0,1.13497,0.214122,0.764042,0.66528,12.849,1,0.414626,0.36288,0,41.6914,3.5658,38.0738,0.84672,12.849,0.84672,3695.15,0,0,0,0.87029,1.36265,4.52408,0.992689,5.76432,0.42336,0,0.42336,460.49,0,1.02816,0,0,1.89845,0.87029,1.028160,1,0,44.6022,0,0,0,44.6022,0
70.2772,2.29285,0,0,2.5671,0.125132,0.36288,3.6288,61.308,0.156963,0,0,1.16119,0.197186,0.807041,0.66528,12.849,1,0.417937,0.36288,0,47.7331,3.63678,44.0412,0.84672,12.849,0.84672,3695.15,0,0,0,0.693671,1.4234,3.90694,0.971116,5.0529,0.42336,0,0.42336,460.49,0,1.02816,0,0,1.72183,0.693671,1.028160,1,0,49.9012,0,0,0,49.9012,0
69.4927,2.51437,0,0,2.21759,0.124926,0.36288,3.6288,61.308,0.234095,0,0,1.01145,0.197186,0.580169,0.66528,12.849,1,0.45971,0.36288,0,43.0559,3.63678,39.3223,0.84672,12.849,0.84672,3695.15,0,0,0,0.539784,1.42363,3.56058,0.971116,4.55287,0.42336,0,0.42336,460.49,0,1.02816,0,0,1.56794,0.539784,1.028160,1,0,44.4553,0,0,0,44.4553,0
68.4637,2.51049,0,0,1.9686,0.124171,0.36288,3.6288,61.308,0.234268,0,0,0.869953,0.197186,0.438499,0.66528,12.849,1,0.464182,0.36288,0,40.7441,3.63678,37.006,0.84672,12.849,0.84672,3695.15,0,0,0,0.430885,1.53256,3.52089,0.971116,4.51322,0.42336,0,0.42336,460.49,0,1.02816,0,0,1.45905,0.430885,1.028160,1,0,41.9577,0,0,0,41.9577,0
67.2909,2.50511,0,0,1.80917,0.113956,0.36288,3.6288,61.308,0.234441,0,0,0.846737,0.207064,0.405232,0.66528,12.849,1,0.470149,0.36288,0,37.3319,3.83241,33.3922,0.84672,12.849,0.84672,3695.15,0,0,0,0.417468,1.53281,3.42163,1.0245,4.3474,0.42336,0,0.42336,460.49,0,1.02816,0,0,1.44563,0.417468,1.028160,1,0,38.1448,0,0,0,38.1448,0
66.0153,2.47407,0,0,1.65878,0.0974404,0.36288,3.6288,61.308,0.386104,0,0,0.668496,0.240577,0.0418148,0.66528,12.849,1,0.472417,0.36288,0,29.2095,4.70324,24.3967,0.84672,12.849,0.84672,3695.15,0,0,0,0.30119,1.53305,2.38959,1.20351,3.02032,0.42336,0,0.42336,460.49,0,0.903744,0,0,1.20493,0.30119,1.028160,1,0,27.4589,0,0,0,27.4589,0
64.6149,2.46692,0,0,1.52878,0.099382,0.36288,3.6288,61.1022,0.536557,0,0,0.574814,0.244104,0,0.66528,12.849,1,0.480153,0.36288,0,25.8227,4.85594,20.8495,0.84672,12.849,0.84672,3695.15,0,0,0,0.30119,1.54871,2.06328,1.22173,2.69145,0.42336,0,0.42336,460.49,0,0.753468,0,0,1.05466,0.30119,1.028160,1,0,23.541,0,0,0,23.541,0
63.0871,2.45873,0,0,1.39204,0.0982733,0.36288,3.6288,60.932,0.495324,0,0,0.569002,0.243787,0,0.66528,12.849,1,0.48893,0.36288,0,25.6231,4.85594,20.6411,0.84672,12.849,0.84672,3695.15,0,0,0,0.261274,1.54896,1.9858,1.22173,2.5743,0.42336,0,0.42336,460.49,0,0.79488,0,0,1.05615,0.261274,1.028160,1,0,23.2154,0,0,0,23.2154,0
61.4373,2.44938,0,0,1.2595,0.0970636,0.36288,3.6288,60.5901,0.62651,0,0,0.528054,0.243524,0,0.66528,12.849,1,0.498867,0.36288,0,23.01,4.85594,18.018,0.84672,12.849,0.84672,3695.15,0,0,0,0.261274,1.5492,1.90454,1.22173,2.49328,0.42336,0,0.42336,460.49,0,0.663872,0,0,0.925145,0.261274,1.028160,1,0,20.5113,0,0,0,20.5113,0
59.6621,2.50154,0,0,1.15968,0.0704145,0.36288,3.6288,60.0575,0.706761,0,0,0.479816,0.305603,0,0.66528,12.849,1,0.523172,0.36288,0,20.6442,5.76452,14.7194,0.84672,12.849,0.84672,3695.15,0,0,0,0.261274,1.54945,1.7794,1.52041,2.06971,0.42336,0,0.42336,460.49,0,0.607945,0,0,0.869219,0.261274,1.028160,1,0,16.7891,0,0,0,16.7891,0
57.9978,2.48922,0,0,1.25493,0.0671645,0.36288,3.6288,59.5472,0.748009,0,0,0.54594,0.308202,0,0.66528,12.849,1,0.536086,0.36288,0,24.6121,6.05986,18.379,0.84672,12.849,0.84672,3695.15,0,0,0,0.261274,1.58257,1.8844,1.54579,2.18245,0.42336,0,0.42336,460.49,0,0.566879,0,0,0.828153,0.261274,1.028160,1,0,20.5615,0,0,0,20.5615,0
56.2602,2.47712,0,0,1.16849,0.0660921,0.36288,3.6288,59.0326,0.681119,0,0,0.473643,0.3072,0,0.66528,12.849,1,0.548788,0.36288,0,20.8398,6.05986,14.594,0.84672,12.849,0.84672,3695.15,0,0,0,0.261274,1.58282,1.90179,1.54579,2.20009,0.42336,0,0.42336,460.49,0,0.633951,0,0,0.895225,0.261274,1.028160,1,0,16.7941,0,0,0,16.7941,0
54.4489,2.46381,0,0,1.08034,0.0649723,0.36288,3.6288,58.4092,0.756383,0,0,0.439236,0.306189,0,0.66528,12.849,1,0.562697,0.36288,0,19.9835,6.05986,13.7239,0.84672,12.849,0.84672,3695.15,0,0,0,0.227405,1.58308,1.65358,1.54579,1.91827,0.42336,0,0.42336,460.49,0,0.55887,0,0,0.786275,0.227405,1.028160,1,0,15.6421,0,0,0,15.6421,0
52.5017,2.62906,0,0,1.10436,0.0595988,0.36288,3.6288,57.8518,0.737684,0,0,0.487789,0.307508,0,0.66528,12.849,1,0.620412,0.36288,0,19.0064,6.13464,12.6143,0.84672,12.849,0.84672,3695.15,0,0,0,0.227405,1.58333,2.04534,1.56073,2.29534,0.42336,0,0.42336,460.49,0,0.664969,0,0,0.892374,0.227405,1.028160,1,0,14.9096,0,0,0,14.9096,0
50.5313,2.61108,0,0,1.03963,0.0360969,0.36288,3.6288,57.028,0.90409,0,0,0.411024,0.330738,0,0.66528,12.849,1,0.639024,0.36288,0,24.6853,6.24408,18.165,0.84672,12.849,0.84672,3695.15,0,0,0,0.227405,1.69264,1.6056,1.64553,1.88012,0.42336,0,0.42336,460.49,0,0.498761,0,0,0.726166,0.227405,1.028160,1,0,20.0451,0,0,0,20.0451,0
48.6197,2.59173,0,0,1.07879,0.035758,0.36288,3.6288,56.2985,0.871572,0,0,0.472498,0.330491,0,0.66528,12.849,1,0.65902,0.36288,0,21.7848,6.18754,15.3011,0.84672,12.849,0.84672,3695.15,0,0,0,0.227405,1.69291,1.57035,1.64472,1.84595,0.42336,0,0.42336,460.49,0,0.531477,0,0,0.758882,0.227405,1.028160,1,0,17.1471,0,0,0,17.1471,0
46.7375,2.57174,0,0,1.08848,0.0360606,0.36288,3.6288,55.7889,0.663387,0,0,0.476068,0.322248,0,0.66528,12.849,1,0.679648,0.36288,0,22.1041,6.0027,15.7847,0.84672,12.849,0.84672,3695.15,0,0,0,0.204422,1.69319,2.00858,1.57276,2.33343,0.42336,0,0.42336,460.49,0,0.73986,0,0,0.944283,0.204422,1.028160,1,0,18.1181,0,0,0,18.1181,0
44.8195,2.55077,0,0,1.03702,0.0413469,0.36288,3.6288,55.0758,0.848973,0,0,0.41715,0.281252,0,0.66528,12.849,1,0.701254,0.36288,0,14.3471,4.89363,9.11506,0.84672,12.849,0.84672,3695.15,0,0,0,0.204422,1.69346,2.17929,1.14104,2.93614,0.42336,0,0.42336,460.49,0,0.554472,0,0,0.758894,0.204422,1.028160,1,0,12.0512,0,0,0,12.0512,0
43.2105,2.44364,0,0,1.28676,0.0891959,0.36288,3.6288,54.5518,0.664832,0,0,0.415022,0.27418,0,0.66528,12.849,1,0.700552,0.36288,0,11.2819,4.51434,6.42993,0.84672,12.849,0.84672,3695.15,0,0,0,0.204422,1.69373,1.67079,1.03136,2.53758,0.42336,0,0.42336,460.49,0,0.685826,0,0,0.890248,0.204422,1.028160,1,0,8.96751,0,0,0,8.96751,0
42.0586,2.42402,0,0,1.73093,0.0959778,0.36288,3.6288,54.4812,0.322687,0,0,0.560773,0.30867,0,0.66528,12.849,1,0.720801,0.36288,0,10.7755,4.60519,5.81235,0.84672,12.849,0.84672,3695.15,0,0,0,0.217141,1.63274,2.16664,1.09759,2.91892,0.42336,0,0.42336,460.49,0,1.02816,0,0,1.2453,0.217141,1.028160,1,0,8.73127,0,0,0,8.73127,0
40.849,2.40937,0,0,1.65732,0.0947048,0.36288,3.6288,54.3666,0.356174,0,0,0.550009,0.308526,0,0.66528,12.849,1,0.736068,0.36288,0,14.3673,4.60519,9.3889,0.84672,12.849,0.84672,3695.15,0,0,0,0.216518,1.633,2.16609,1.09759,2.91802,0.42336,0,0.42336,460.49,0,0.994861,0,0,1.21138,0.216518,1.028160,1,0,12.3069,0,0,0,12.3069,0
39.8993,2.39326,0,0,1.89985,0.0933681,0.36288,3.6288,54.4932,0.323064,0,0,0.757993,0.308292,0,0.66528,12.849,1,0.752798,0.36288,0,32.2976,4.60519,27.3025,0.84672,12.849,0.84672,3695.15,0,0,0,0.486838,1.63326,2.92678,1.09759,3.94929,0.42336,0,0.42336,460.49,0,1.02816,0,0,1.515,0.486838,1.028160,1,0,31.2518,0,0,0,31.2518,0
38.9274,2.31278,0,0,1.82906,0.125274,0.36288,3.6288,54.5064,0.329584,0,0,0.64239,0.299551,0,0.66528,12.849,1,0.744798,0.36288,0,39.336,4.87504,34.0791,0.84672,12.849,0.84672,3695.15,0,0,0,0.216518,1.63353,2.81527,1.14008,3.52524,0.42336,0,0.42336,460.49,0,0.973564,0,0,1.19008,0.216518,1.028160,1,0,37.6043,0,0,0,37.6043,0
40.3109,2.29926,0,0,4.1978,0.152154,0.36288,3.6288,55.083,0.275168,0,0,1.04998,0.198226,0,0.66528,12.849,1,0.758929,0.36288,0,37.7038,4.24358,33.0642,0.84672,12.849,0.84672,3695.15,0,0,0,1.01307,1.5798,4.62407,0.962693,6.25425,0.42336,0,0.42336,460.49,0,1.02816,0,0,2.04123,1.01307,1.028160,1,0,39.3185,0,0,0,39.3185,0
40.6113,2.31947,0,0,3.13738,0.154631,0.36288,3.6288,55.7131,0.275348,0,0,1.10436,0.198981,0,0.66528,12.849,1,0.739324,0.36288,0,26.48,4.24358,21.8599,0.84672,12.849,0.84672,3695.15,0,0,0,1.21717,1.58005,3.60635,0.962693,5.44088,0.42336,0,0.42336,460.49,0,1.02816,0,0,2.24533,1.21717,1.028160,1,0,27.3008,0,0,0,27.3008,0
41.8078,2.32408,0,0,4.0701,0.186647,0.36288,3.6288,56.0554,0.275528,0,0,0.830933,0.213115,0,0.66528,12.849,1,0.735314,0.36288,0,35.376,4.47554,30.5281,0.84672,12.849,0.84672,3695.15,0,0,0,0.622518,1.58031,6.21166,1.01685,7.39764,0.42336,0,0.42336,460.49,0,1.02816,0,0,1.65068,0.622518,1.028160,1,0,37.9257,0,0,0,37.9257,0
48.2947,2.14694,0,0,9.20993,0.21323,0.36288,3.6288,56.9265,0.175114,0,0,1.26986,0.223597,0,0.66528,12.849,1,0.65983,0.36288,0,105.397,4.6495,100.45,0.84672,12.849,0.84672,3695.15,0,0,0,2.1919,1.58056,5.47242,1.05746,8.18742,0.42336,0,0.42336,460.49,0,1.02816,0,0,3.22006,2.1919,1.028160,1,0,108.638,0,0,0,108.638,0
49.7972,2.21739,0,0,4.31723,0.234467,0.36288,3.6288,57.4898,0.175276,0,0,0.962456,0.223849,0,0.66528,12.849,1,0.589945,0.36288,0,49.5042,4.73986,44.5372,0.84672,12.849,0.84672,3695.15,0,0,0,1.21886,1.45564,4.15416,1.0508,5.77785,0.42336,0,0.42336,460.49,0,1.02816,0,0,2.24702,1.21886,1.028160,1,0,50.3151,0,0,0,50.3151,0
50.103,2.23198,0,0,3.13978,0.239146,0.36288,3.6288,57.8395,0.175438,0,0,0.749589,0.224498,0,0.66528,12.849,1,0.57591,0.36288,0,59.629,4.75492,54.661,0.84672,12.849,0.84672,3695.15,0,0,0,1.09084,1.45587,4.06952,1.04969,5.56654,0.42336,0,0.42336,460.49,0,1.02816,0,0,2.119,1.09084,1.028160,1,0,60.2275,0,0,0,60.2275,0
50.1446,2.23522,0,0,2.87963,0.239921,0.36288,3.6288,58.0562,0.1756,0,0,0.617345,0.225006,0,0.66528,12.849,1,0.573227,0.36288,0,59.1636,4.75492,54.1983,0.84672,12.849,0.84672,3695.15,0,0,0,0.65651,1.4561,3.21659,1.04969,4.2795,0.42336,0,0.42336,460.49,0,1.02816,0,0,1.68467,0.65651,1.028160,1,0,58.4778,0,0,0,58.4778,0
51.3753,2.23605,0,0,4.06509,0.235418,0.36288,3.6288,58.8156,0.175762,0,0,1.14837,0.213226,0,0.66528,12.849,1,0.572963,0.36288,0,83.3592,4.32017,78.8289,0.84672,12.849,0.84672,3695.15,0,0,0,1.03721,1.45633,5.46096,0.951864,7.00264,0.42336,0,0.42336,460.49,0,1.02816,0,0,2.06537,1.03721,1.028160,1,0,85.8315,0,0,0,85.8315,0
60.2355,2.04743,0,0,11.5022,0.231687,0.36288,3.6288,61.308,0.103467,0,0,3.78855,0.207053,0.985648,0.66528,12.849,1,0.512064,0.36288,0,274.271,4.36171,269.76,0.84672,12.849,0.84672,3695.15,0,0,0,1.34891,1.45656,11.4947,1.0641,13.2361,0.42336,0,0.42336,460.49,0,1.02816,0,0,2.37707,1.34891,1.028160,1,0,283.982,0,0,0,283.982,0
64.9635,2.18383,0,0,7.48653,0.21183,0.36288,3.6288,61.308,0.130428,0,0,1.93582,0.190161,1.61523,0.66528,12.849,1,0.465838,0.36288,0,180.582,3.64823,176.831,0.84672,12.849,0.84672,3695.15,0,0,0,2.16661,1.35394,10.4605,1.04634,12.9347,0.42336,0,0.42336,460.49,0,1.02816,0,0,3.19477,2.16661,1.028160,1,0,191.381,0,0,0,191.381,0
66.3797,2.42746,0,0,4.42303,0.216495,0.36288,3.6288,61.308,0.205233,0,0,0.943903,0.219746,0.518924,0.66528,12.849,1,0.480123,0.36288,0,114.058,3.90204,110.039,0.84672,12.849,0.84672,3695.15,0,0,0,2.19672,1.39167,7.04566,1.04394,9.59011,0.42336,0,0.42336,460.49,0,1.02816,0,0,3.22488,2.19672,1.028160,1,0,120.148,0,0,0,120.148,0
67.9651,2.4365,0,0,4.6249,0.240158,0.36288,3.6288,61.308,0.205391,0,0,0.887224,0.241078,0.440755,0.66528,12.849,1,0.471629,0.36288,0,115.121,4.35918,110.653,0.84672,12.849,0.84672,3695.15,0,0,0,2.13022,1.4978,6.70179,1.18655,9.14326,0.42336,0,0.42336,460.49,0,1.02816,0,0,3.15838,2.13022,1.028160,1,0,120.237,0,0,0,120.237,0
69.3822,2.44621,0,0,4.46935,0.243182,0.36288,3.6288,61.308,0.205549,0,0,0.967118,0.241078,0.520491,0.66528,12.849,1,0.462464,0.36288,0,111.123,4.35918,106.665,0.84672,12.849,0.84672,3695.15,0,0,0,2.25213,1.49803,7.65513,1.18655,10.2187,0.42336,0,0.42336,460.49,0,1.02816,0,0,3.28029,2.25213,1.028160,1,0,117.404,0,0,0,117.404,0
76.8163,2.71895,0,0,10.7673,0.251351,0.36288,3.6288,61.308,0.315228,0,0,2.34833,0.187144,1.84596,0.66528,12.849,1,0.503527,0.36288,0,326.57,3.88699,322.543,0.84672,12.849,0.84672,3695.15,0,0,0,3.78607,1.49825,10.8265,0.964731,15.1461,0.42336,0,0.42336,460.49,0,1.02816,0,0,4.81423,3.78607,1.028160,1,0,339.535,0,0,0,339.535,0
80.2476,2.76121,0,0,6.9215,0.366085,0.36288,3.6288,61.308,0.315405,0,0,1.55611,0.187144,1.05356,0.66528,12.849,1,0.461866,0.36288,0,179.503,3.88699,175.517,0.84672,12.849,0.84672,3695.15,0,0,0,1.96011,1.64179,6.75657,0.964731,9.39374,0.42336,0,0.42336,460.49,0,1.02816,0,0,2.98827,1.96011,1.028160,1,0,185.964,0,0,0,185.964,0
82.379,2.77875,0,0,5.65383,0.380887,0.36288,3.6288,61.308,0.315582,0,0,1.52856,0.178389,1.03459,0.66528,12.849,1,0.444925,0.36288,0,140.95,3.73576,137.133,0.84672,12.849,0.84672,3695.15,0,0,0,2.33434,1.64204,6.04744,0.921367,9.10245,0.42336,0,0.42336,460.49,0,1.02816,0,0,3.3625,2.33434,1.028160,1,0,147.27,0,0,0,147.27,0
84.293,2.78923,0,0,5.43111,0.36498,0.36288,3.6288,61.308,0.315759,0,0,1.47316,0.169595,0.987809,0.66528,12.849,1,0.435048,0.36288,0,138.508,3.46215,134.974,0.84672,12.849,0.84672,3695.15,0,0,0,2.1635,1.64229,5.99145,0.806515,8.99073,0.42336,0,0.42336,460.49,0,1.02816,0,0,3.19166,2.1635,1.028160,1,0,144.952,0,0,0,144.952,0
87.9547,2.41035,0,0,6.97158,0.536587,0.36288,3.6288,61.308,0.168858,0,0,3.01978,0.16573,2.68519,0.66528,12.849,1,0.367417,0.36288,0,127.655,3.86988,123.781,0.84672,12.849,0.84672,3695.15,0,0,0,3.75809,1.64254,11.8191,0.952151,16.2676,0.42336,0,0.42336,460.49,0,1.02816,0,0,4.78625,3.75809,1.028160,1,0,142.733,0,0,0,142.733,0
89.5017,2.42416,0,0,4.88883,0.554888,0.36288,3.6288,61.308,0.16901,0,0,2.38589,0.16573,2.05115,0.66528,12.849,1,0.354137,0.36288,0,129.057,3.86988,125.195,0.84672,12.849,0.84672,3695.15,0,0,0,2.77074,1.44537,10.0104,0.952151,13.2743,0.42336,0,0.42336,460.49,0,1.02816,0,0,3.7989,2.77074,1.028160,1,0,140.521,0,0,0,140.521,0
90.6047,2.42997,0,0,4.38573,0.489883,0.36288,3.6288,61.308,0.169162,0,0,1.58573,0.141665,1.2749,0.66528,12.849,1,0.34885,0.36288,0,108.365,3.5211,104.858,0.84672,12.849,0.84672,3695.15,0,0,0,1.89361,1.44559,8.83786,0.902049,11.275,0.42336,0,0.42336,460.49,0,1.02816,0,0,2.92177,1.89361,1.028160,1,0,117.407,0,0,0,117.407,0
91.9988,2.43415,0,0,4.63077,0.439595,0.36288,3.6288,61.308,0.169314,0,0,2.0903,0.123616,1.79737,0.66528,12.849,1,0.345196,0.36288,0,114.038,3.25951,110.797,0.84672,12.849,0.84672,3695.15,0,0,0,2.79536,1.4458,9.2753,0.864473,12.652,0.42336,0,0.42336,460.49,0,1.02816,0,0,3.82352,2.79536,1.028160,1,0,125.246,0,0,0,125.246,0
96.0353,2.4392,0,0,7.34758,0.508981,0.36288,3.6288,61.308,0.169466,0,0,3.25302,0.144122,2.93943,0.66528,12.849,1,0.34067,0.36288,0,167.867,3.86419,164.025,0.84672,12.849,0.84672,3695.15,0,0,0,3.6698,1.44602,10.78,0.863479,15.0323,0.42336,0,0.42336,460.49,0,1.02816,0,0,4.69796,3.6698,1.028160,1,0,181.996,0,0,0,181.996,0
97.506,2.55163,0,0,6.55517,0.576515,1.95635,3.6288,61.308,0.20563,0,0,2.49125,0.159501,2.12612,0.66528,12.849,1,0.341394,1.95635,0,117.416,4.31771,114.713,0.84672,12.849,0.84672,3695.15,0,0,0,2.86387,1.44623,9.37872,0.862734,12.8261,0.42336,0,0.42336,460.49,0,1.02816,0,0,3.89203,2.86387,1.028160,1,0,129.665,0,0,0,129.665,0
97.506,2.55666,0,0,5.66629,0.583633,2.526,3.6288,61.308,0.205788,0,0,2.27232,0.159501,1.90703,0.66528,12.849,1,0.336908,2.526,0,101.666,4.31771,99.5374,0.84672,12.849,0.84672,3695.15,0,0,0,2.73729,1.49538,8.3382,0.862734,11.7081,0.42336,0,0.42336,460.49,0,1.02816,0,0,3.76545,2.73729,1.028160,1,0,113.153,0,0,0,113.153,0
97.506,2.55714,0,0,5.82216,0.540656,2.72436,3.6288,61.308,0.205946,0,0,2.18138,0.145288,1.83014,0.66528,12.849,1,0.336971,2.72436,0,91.73,3.76696,90.3504,0.84672,12.849,0.84672,3695.15,0,0,0,2.3843,1.4956,8.84356,0.854723,11.8687,0.42336,0,0.42336,460.49,0,1.02816,0,0,3.41246,2.3843,1.028160,1,0,104.049,0,0,0,104.049,0
97.506,2.55762,0,0,5.5865,0.47767,2.55121,3.6288,61.308,0.206105,0,0,1.98164,0.156712,1.61883,0.66528,12.849,1,0.337034,2.55121,0,105.722,3.5148,104.422,0.84672,12.849,0.84672,3695.15,0,0,0,2.52952,1.49583,7.54967,0.906486,10.6685,0.42336,0,0.42336,460.49,0,1.02816,0,0,3.55768,2.52952,1.028160,1,0,116.709,0,0,0,116.709,0
97.506,2.51916,0,0,4.11361,0.400788,1.19366,3.6288,61.308,0.192267,0,0,1.65053,0.21192,1.24635,0.66528,12.849,1,0.331966,1.19366,0,93.2152,3.91702,90.1599,0.84672,12.849,0.84672,3695.15,0,0,0,1.82752,1.49605,5.55679,1.05091,7.82945,0.42336,0,0.42336,460.49,0,1.02816,0,0,2.85568,1.82752,1.028160,1,0,99.2357,0,0,0,99.2357,0
97.506,2.51964,0,0,3.71131,0.400788,0.790888,3.6288,61.308,0.192423,0,0,1.49354,0.21192,1.0892,0.66528,12.849,1,0.332029,0.790888,0,86.1106,3.91702,82.6524,0.84672,12.849,0.84672,3695.15,0,0,0,1.39506,1.4772,5.24506,1.05091,7.06641,0.42336,0,0.42336,460.49,0,1.02816,0,0,2.42322,1.39506,1.028160,1,0,90.808,0,0,0,90.808,0
97.506,2.52011,0,0,4.35067,0.379873,1.45069,3.6288,61.308,0.192579,0,0,1.39668,0.217855,0.986248,0.66528,12.849,1,0.332091,1.45069,0,93.4235,4.38488,90.1572,0.84672,12.849,0.84672,3695.15,0,0,0,1.38993,1.47742,6.96903,1.06936,8.76702,0.42336,0,0.42336,460.49,0,1.02816,0,0,2.41809,1.38993,1.028160,1,0,99.9104,0,0,0,99.9104,0
97.506,2.52058,0,0,3.48439,0.307956,0.655852,3.6288,61.308,0.192735,0,0,1.3582,0.2362,0.929265,0.66528,12.849,1,0.332154,0.655852,0,70.8544,5.61417,65.5639,0.84672,12.849,0.84672,3695.15,0,0,0,1.39514,1.47765,5.35499,1.14082,7.08695,0.42336,0,0.42336,460.49,0,1.02816,0,0,2.4233,1.39514,1.028160,1,0,73.5801,0,0,0,73.5801,0
97.506,2.65332,0,0,3.27858,0.243472,0.381783,3.6288,61.308,0.242558,0,0,1.23155,0.254156,0.73484,0.66528,12.849,1,0.349645,0.381783,0,66.1756,4.94565,61.2621,0.84672,12.849,0.84672,3695.15,0,0,0,1.15272,1.47787,4.59839,1.06196,6.16702,0.42336,0,0.42336,460.49,0,1.02816,0,0,2.18088,1.15272,1.028160,1,0,68.1639,0,0,0,68.1639,0
97.3969,2.65382,0,0,3.11411,0.206551,0.36288,3.6288,61.308,0.242723,0,0,1.13864,0.261827,0.63409,0.66528,12.849,1,0.349711,0.36288,0,60.6848,4.91379,55.7841,0.84672,12.849,0.84672,3695.15,0,0,0,0.973244,1.54451,4.40595,1.08262,5.84109,0.42336,0,0.42336,460.49,0,1.02816,0,0,2.0014,0.973244,1.028160,1,0,62.2593,0,0,0,62.2593,0
97.2452,2.65397,0,0,3.07154,0.206364,0.36288,3.6288,61.308,0.242887,0,0,1.14198,0.261827,0.637269,0.66528,12.849,1,0.350123,0.36288,0,57.4245,4.91379,52.5234,0.84672,12.849,0.84672,3695.15,0,0,0,1.05812,1.54475,4.19468,1.08262,5.71492,0.42336,0,0.42336,460.49,0,1.02816,0,0,2.08628,1.05812,1.028160,1,0,58.8756,0,0,0,58.8756,0
96.7521,2.65398,0,0,2.7552,0.231412,0.36288,3.6288,61.308,0.243052,0,0,1.08895,0.257877,0.588022,0.66528,12.849,1,0.35067,0.36288,0,54.2312,4.65994,49.5835,0.84672,12.849,0.84672,3695.15,0,0,0,1.06981,1.54498,3.86337,1.09242,5.38574,0.42336,0,0.42336,460.49,0,1.02816,0,0,2.09797,1.06981,1.028160,1,0,55.5572,0,0,0,55.5572,0
96.6499,2.6529,0,0,3.1829,0.269338,0.36288,3.6288,61.308,0.243216,0,0,1.28594,0.237705,0.805022,0.66528,12.849,1,0.352314,0.36288,0,56.671,4.65179,52.0298,0.84672,12.849,0.84672,3695.15,0,0,0,1.36825,1.54521,5.58288,1.12831,7.36803,0.42336,0,0.42336,460.49,0,1.02816,0,0,2.39641,1.36825,1.028160,1,0,60.2028,0,0,0,60.2028,0
96.947,2.62691,0,0,3.42721,0.140295,0.36288,3.6288,61.308,0.270702,0,0,1.44379,0.255582,0.917503,0.66528,12.849,1,0.349232,0.36288,0,59.0566,5.12389,53.9464,0.84672,12.849,0.84672,3695.15,0,0,0,1.53569,1.54544,7.19436,1.21209,9.0634,0.42336,0,0.42336,460.49,0,1.02816,0,0,2.56385,1.53569,1.028160,1,0,63.9273,0,0,0,63.9273,0
96.9787,2.62835,0,0,3.16367,0.140757,0.36288,3.6288,61.308,0.270871,0,0,1.42875,0.255582,0.9023,0.66528,12.849,1,0.348352,0.36288,0,53.9992,5.12389,48.8899,0.84672,12.849,0.84672,3695.15,0,0,0,1.48197,1.56123,6.60053,1.21209,8.43164,0.42336,0,0.42336,460.49,0,1.02816,0,0,2.51013,1.48197,1.028160,1,0,58.2238,0,0,0,58.2238,0
96.8032,2.62894,0,0,2.957,0.14068,0.36288,3.6288,61.308,0.27104,0,0,1.43735,0.255582,0.910728,0.66528,12.849,1,0.348317,0.36288,0,50.2049,5.12389,45.0955,0.84672,12.849,0.84672,3695.15,0,0,0,1.59405,1.56147,6.38021,1.21209,8.32363,0.42336,0,0.42336,460.49,0,1.02816,0,0,2.62221,1.59405,1.028160,1,0,54.3299,0,0,0,54.3299,0
96.472,2.62888,0,0,2.79322,0.132603,0.36288,3.6288,61.308,0.271209,0,0,1.28135,0.282498,0.72764,0.66528,12.849,1,0.348939,0.36288,0,45.5833,5.46312,40.1341,0.84672,12.849,0.84672,3695.15,0,0,0,1.29114,1.5617,5.82885,1.30431,7.37737,0.42336,0,0.42336,460.49,0,1.02816,0,0,2.3193,1.29114,1.028160,1,0,48.2391,0,0,0,48.2391,0
95.822,2.69588,0,0,2.52537,0.116639,0.36288,3.6288,61.308,0.295744,0,0,1.00696,0.300005,0.411208,0.66528,12.849,1,0.359061,0.36288,0,46.2089,5.68564,40.5271,0.84672,12.849,0.84672,3695.15,0,0,0,0.278925,1.56194,4.35148,1.42271,4.76963,0.42336,0,0.42336,460.49,0,1.02816,0,0,1.30709,0.278925,1.028160,1,0,45.7079,0,0,0,45.7079,0
95.0423,2.69423,0,0,2.39342,0.116005,0.36288,3.6288,61.308,0.295918,0,0,0.900858,0.300005,0.304936,0.66528,12.849,1,0.361276,0.36288,0,40.8292,5.68564,35.1451,0.84672,12.849,0.84672,3695.15,0,0,0,0.406348,1.59534,4.54499,1.42271,5.12397,0.42336,0,0.42336,460.49,0,1.02816,0,0,1.43451,0.406348,1.028160,1,0,40.574,0,0,0,40.574,0
94.1095,2.69212,0,0,2.23741,0.115244,0.36288,3.6288,61.308,0.296091,0,0,0.833509,0.300005,0.237413,0.66528,12.849,1,0.363955,0.36288,0,38.8227,5.68564,33.136,0.84672,12.849,0.84672,3695.15,0,0,0,0.282891,1.59558,3.98806,1.42271,4.44382,0.42336,0,0.42336,460.49,0,1.02816,0,0,1.31105,0.282891,1.028160,1,0,37.8172,0,0,0,37.8172,0
93.1502,2.68945,0,0,2.20735,0.114334,0.36288,3.6288,61.308,0.296265,0,0,0.901765,0.300005,0.305496,0.66528,12.849,1,0.367198,0.36288,0,36.0234,5.68564,30.3335,0.84672,12.849,0.84672,3695.15,0,0,0,0.371278,1.59583,4.51003,1.42271,5.05442,0.42336,0,0.42336,460.49,0,1.02816,0,0,1.39944,0.371278,1.028160,1,0,35.6934,0,0,0,35.6934,0
91.772,2.88381,0,0,1.91811,0.0496034,0.36288,3.6288,61.308,0.384445,0,0,0.911727,0.317507,0.209775,0.66528,12.849,1,0.397788,0.36288,0,34.3532,5.74197,28.5763,0.84672,12.849,0.84672,3695.15,0,0,0,0.551794,1.59607,4.87901,1.5565,5.47037,0.42336,0,0.42336,460.49,0,1.02816,0,0,1.57995,0.551794,1.028160,1,0,34.2564,0,0,0,34.2564,0
90.3877,2.8791,0,0,1.90396,0.0462716,0.36288,3.6288,61.308,0.384633,0,0,0.913481,0.317257,0.211591,0.66528,12.849,1,0.403103,0.36288,0,31.8417,5.55513,26.2463,0.84672,12.849,0.84672,3695.15,0,0,0,0.615488,1.70635,4.7022,1.56818,5.45586,0.42336,0,0.42336,460.49,0,1.02816,0,0,1.64365,0.615488,1.028160,1,0,31.9138,0,0,0,31.9138,0
90.021,2.87423,0,0,2.94079,0.0704205,0.36288,3.6288,61.308,0.384822,0,0,1.09875,0.314038,0.399889,0.66528,12.849,1,0.408584,0.36288,0,51.4293,5.46607,45.9175,0.84672,12.849,0.84672,3695.15,0,0,0,0.942097,1.70661,4.96933,1.55726,6.06078,0.42336,0,0.42336,460.49,0,1.02816,0,0,1.97026,0.942097,1.028160,1,0,52.3781,0,0,0,52.3781,0
90.6928,2.8733,0,0,3.99117,0.0831793,0.36288,3.6288,61.308,0.38501,0,0,1.3891,0.305076,0.699018,0.66528,12.849,1,0.410116,0.36288,0,62.8261,5.53828,57.2406,0.84672,12.849,0.84672,3695.15,0,0,0,0.996322,1.70687,5.36704,1.54011,6.53011,0.42336,0,0.42336,460.49,0,1.02816,0,0,2.02448,0.996322,1.028160,1,0,64.4697,0,0,0,64.4697,0
89.9932,2.8765,0,0,2.6382,0.0983642,0.36288,3.6288,61.308,0.385199,0,0,1.03027,0.297892,0.347178,0.66528,12.849,1,0.407531,0.36288,0,48.2923,5.1148,43.1329,0.84672,12.849,0.84672,3695.15,0,0,0,0.966876,1.70713,3.73044,1.49793,4.90652,0.42336,0,0.42336,460.49,0,1.02816,0,0,1.99504,0.966876,1.028160,1,0,48.3866,0,0,0,48.3866,0
89.3692,2.77849,0,0,2.64515,0.12781,0.36288,3.6288,61.308,0.331925,0,0,1.4413,0.290803,0.818571,0.66528,12.849,1,0.396705,0.36288,0,32.7989,4.44832,28.3168,0.84672,12.849,0.84672,3695.15,0,0,0,2.62289,1.70739,4.40156,1.44306,7.28878,0.42336,0,0.42336,460.49,0,1.02816,0,0,3.65105,2.62289,1.028160,1,0,36.4241,0,0,0,36.4241,0
88.4366,2.77658,0,0,2.33397,0.127105,0.36288,3.6288,61.308,0.332105,0,0,0.836473,0.290803,0.213565,0.66528,12.849,1,0.399201,0.36288,0,33.5958,4.44832,29.1111,0.84672,12.849,0.84672,3695.15,0,0,0,1.26404,1.64583,3.38082,1.44306,4.84763,0.42336,0,0.42336,460.49,0,1.02816,0,0,2.2922,1.26404,1.028160,1,0,34.1723,0,0,0,34.1723,0
87.1029,2.77342,0,0,1.92869,0.12605,0.36288,3.6288,61.308,0.332284,0,0,0.736923,0.290803,0.113836,0.66528,12.849,1,0.402952,0.36288,0,31.0189,4.44832,26.5305,0.84672,12.849,0.84672,3695.15,0,0,0,1.01002,1.64608,3.13091,1.44306,4.34396,0.42336,0,0.42336,460.49,0,1.02816,0,0,2.03818,1.01002,1.028160,1,0,30.9883,0,0,0,30.9883,0
87.2779,2.76856,0,0,3.58514,0.278711,0.36288,3.6288,61.308,0.332463,0,0,1.14646,0.214997,0.598998,0.66528,12.849,1,0.408404,0.36288,0,54.7687,3.41017,51.313,0.84672,12.849,0.84672,3695.15,0,0,0,1.51831,1.64633,5.43605,1.11857,7.48211,0.42336,0,0.42336,460.49,0,1.02816,0,0,2.54647,1.51831,1.028160,1,0,59.3941,0,0,0,59.3941,0
86.9346,2.69143,0,0,3.07692,0.365974,0.36288,3.6288,61.308,0.283946,0,0,1.40821,0.181814,0.942449,0.66528,12.849,1,0.39623,0.36288,0,35.6262,3.99483,31.598,0.84672,12.849,0.84672,3695.15,0,0,0,1.46443,1.64658,6.12158,0.944544,8.28804,0.42336,0,0.42336,460.49,0,1.02816,0,0,2.49259,1.46443,1.028160,1,0,40.8285,0,0,0,40.8285,0
87.1322,2.69056,0,0,3.61592,0.364835,0.36288,3.6288,61.308,0.284117,0,0,2.32457,0.181814,1.85863,0.66528,12.849,1,0.397668,0.36288,0,38.5677,3.99483,34.5381,0.84672,12.849,0.84672,3695.15,0,0,0,3.62847,1.59236,7.43985,0.944544,11.7161,0.42336,0,0.42336,460.49,0,1.02816,0,0,4.65663,3.62847,1.028160,1,0,48.1129,0,0,0,48.1129,0
86.2863,2.69185,0,0,2.60784,0.399007,0.36288,3.6288,61.308,0.284289,0,0,1.54062,0.188713,1.06762,0.66528,12.849,1,0.396956,0.36288,0,34.4917,4.11081,30.3469,0.84672,12.849,0.84672,3695.15,0,0,0,2.22149,1.5926,7.56949,0.971621,10.412,0.42336,0,0.42336,460.49,0,1.02816,0,0,3.24965,2.22149,1.028160,1,0,41.8264,0,0,0,41.8264,0
91.0359,2.68897,0,0,8.28056,0.479091,0.36288,3.6288,61.308,0.28446,0,0,2.33533,0.205959,1.84491,0.66528,12.849,1,0.400417,0.36288,0,115.322,4.40076,110.883,0.84672,12.849,0.84672,3695.15,0,0,0,4.42511,1.59284,12.2808,1.03931,17.2594,0.42336,0,0.42336,460.49,0,1.02816,0,0,5.45327,4.42511,1.028160,1,0,129.988,0,0,0,129.988,0
94.8953,2.48389,0,0,7.13742,0.431279,0.36288,3.6288,61.308,0.183141,0,0,1.78662,0.17014,1.43334,0.66528,12.849,1,0.350582,0.36288,0,76.477,3.51387,72.9754,0.84672,12.849,0.84672,3695.15,0,0,0,3.41779,1.59308,7.61117,0.907181,11.7149,0.42336,0,0.42336,460.49,0,1.02816,0,0,4.44595,3.41779,1.028160,1,0,86.1236,0,0,0,86.1236,0
97.506,2.49692,0,0,6.11207,0.43069,0.573752,3.6288,61.308,0.183295,0,0,1.96055,0.134125,1.64313,0.66528,12.849,1,0.338088,0.573752,0,90.4401,3.06726,87.6085,0.84672,12.849,0.84672,3695.15,0,0,0,2.60625,1.46703,7.46081,0.835944,10.6981,0.42336,0,0.42336,460.49,0,1.02816,0,0,3.63441,2.60625,1.028160,1,0,99.9497,0,0,0,99.9497,0
97.506,2.50539,0,0,10.8783,0.440222,7.93269,3.6288,61.308,0.183449,0,0,4.93111,0.134125,4.61353,0.66528,12.849,1,0.330151,7.93269,0,124.005,3.06726,128.54,0.84672,12.849,0.84672,3695.15,0,0,0,7.08806,1.46725,13.8606,0.835944,21.58,0.42336,0,0.42336,460.49,0,1.02816,0,0,8.11622,7.08806,1.028160,1,0,154.734,0,0,0,154.734,0
97.506,2.50586,0,0,7.63586,0.428856,4.70115,3.6288,61.308,0.183603,0,0,2.44568,0.154649,2.10743,0.66528,12.849,1,0.330213,4.70115,0,134.438,3.24304,135.565,0.84672,12.849,0.84672,3695.15,0,0,0,3.90309,1.46747,10.4636,0.871266,14.9629,0.42336,0,0.42336,460.49,0,1.02816,0,0,4.93125,3.90309,1.028160,1,0,152.636,0,0,0,152.636,0
97.506,2.50633,0,0,4.71643,0.428789,1.78131,3.6288,61.308,0.183758,0,0,1.69474,0.250954,1.26002,0.66528,12.849,1,0.330275,1.78131,0,96.1276,4.90237,92.6763,0.84672,12.849,0.84672,3695.15,0,0,0,2.13359,1.46769,6.28253,1.39069,8.49312,0.42336,0,0.42336,460.49,0,1.02816,0,0,3.16175,2.13359,1.028160,1,0,102.429,0,0,0,102.429,0
96.0429,2.59368,0,0,1.91918,0.425702,0.36288,3.6288,61.308,0.21332,0,0,1.36136,0.202165,0.945877,0.66528,12.849,1,0.341787,0.36288,0,36.8853,3.72255,33.1838,0.84672,12.849,0.84672,3695.15,0,0,0,1.40799,1.46791,5.69691,1.13261,7.4402,0.42336,0,0.42336,460.49,0,1.02816,0,0,2.43615,1.40799,1.028160,1,0,41.5699,0,0,0,41.5699,0
94.6423,2.58955,0,0,2.00508,0.453253,0.36288,3.6288,61.308,0.21347,0,0,1.20398,0.204068,0.786437,0.66528,12.849,1,0.34644,0.36288,0,39.1133,3.5238,35.6059,0.84672,12.849,0.84672,3695.15,0,0,0,1.0884,1.50927,6.45265,1.09091,7.95941,0.42336,0,0.42336,460.49,0,1.02816,0,0,2.11656,1.0884,1.028160,1,0,44.3518,0,0,0,44.3518,0
94.2203,2.58549,0,0,2.97434,0.447923,0.36288,3.6288,61.308,0.21362,0,0,1.38266,0.204068,0.964971,0.66528,12.849,1,0.351016,0.36288,0,62.3487,3.5238,58.8367,0.84672,12.849,0.84672,3695.15,0,0,0,1.47812,1.50949,8.29734,1.09091,10.194,0.42336,0,0.42336,460.49,0,1.02816,0,0,2.50628,1.47812,1.028160,1,0,69.9957,0,0,0,69.9957,0
92.8753,2.58456,0,0,2.04872,0.446318,0.36288,3.6288,61.308,0.21377,0,0,1.21577,0.204068,0.79793,0.66528,12.849,1,0.352461,0.36288,0,40.0233,3.5238,36.5099,0.84672,12.849,0.84672,3695.15,0,0,0,1.09132,1.5097,6.55662,1.09091,8.06673,0.42336,0,0.42336,460.49,0,1.02816,0,0,2.11948,1.09132,1.028160,1,0,45.3746,0,0,0,45.3746,0
90.9846,2.85814,0,0,1.83161,0.501285,0.36288,3.6288,61.308,0.324407,0,0,1.21338,0.167365,0.721613,0.66528,12.849,1,0.395415,0.36288,0,40.9321,2.57565,38.3239,0.84672,12.849,0.84672,3695.15,0,0,0,1.50547,1.50991,5.82968,0.898055,7.947,0.42336,0,0.42336,460.49,0,1.02816,0,0,2.53363,1.50547,1.028160,1,0,46.9925,0,0,0,46.9925,0
89.2135,2.85144,0,0,1.94616,0.502961,0.36288,3.6288,61.308,0.324575,0,0,1.23954,0.161247,0.753716,0.66528,12.849,1,0.402685,0.36288,0,47.5803,2.41763,45.1229,0.84672,12.849,0.84672,3695.15,0,0,0,1.81106,1.65471,6.28578,0.865913,8.88563,0.42336,0,0.42336,460.49,0,1.02816,0,0,2.83922,1.81106,1.028160,1,0,54.7622,0,0,0,54.7622,0
87.2439,2.84495,0,0,1.72924,0.490992,0.36288,3.6288,61.308,0.324742,0,0,1.31757,0.16678,0.826043,0.66528,12.849,1,0.409745,0.36288,0,35.1715,2.54866,32.576,0.84672,12.849,0.84672,3695.15,0,0,0,1.41406,1.65495,6.62176,0.906909,8.78385,0.42336,0,0.42336,460.49,0,1.02816,0,0,2.44222,1.41406,1.028160,1,0,42.1859,0,0,0,42.1859,0
86.4928,2.83738,0,0,2.88934,0.440224,0.36288,3.6288,61.308,0.32491,0,0,1.94944,0.184712,1.43982,0.66528,12.849,1,0.41788,0.36288,0,77.9077,3.49331,74.3594,0.84672,12.849,0.84672,3695.15,0,0,0,2.27756,1.65518,13.2092,1.05747,16.0845,0.42336,0,0.42336,460.49,0,1.02816,0,0,3.30572,2.27756,1.028160,1,0,91.8837,0,0,0,91.8837,0
85.2286,2.44203,0,0,2.06426,0.523503,0.36288,3.6288,61.308,0.176709,0,0,1.05055,0.178862,0.694975,0.66528,12.849,1,0.362777,0.36288,0,40.8972,3.20399,37.6933,0.84672,12.849,0.84672,3695.15,0,0,0,1.12021,1.65542,7.97576,0.999858,9.75153,0.42336,0,0.42336,460.49,0,1.02816,0,0,2.14837,1.12021,1.028160,1,0,48.1398,0,0,0,48.1398,0
84.2195,2.43778,0,0,2.32374,0.532157,0.36288,3.6288,61.308,0.176853,0,0,1.07802,0.178312,0.722856,0.66528,12.849,1,0.367518,0.36288,0,53.2331,3.15137,50.0771,0.84672,12.849,0.84672,3695.15,0,0,0,1.35397,1.4565,7.05603,0.992906,8.87359,0.42336,0,0.42336,460.49,0,1.02816,0,0,2.38213,1.35397,1.028160,1,0,59.6736,0,0,0,59.6736,0
83.5487,2.43439,0,0,2.62647,0.500033,0.36288,3.6288,61.308,0.176998,0,0,1.27925,0.174322,0.927927,0.66528,12.849,1,0.371404,0.36288,0,48.8382,3.32992,45.4998,0.84672,12.849,0.84672,3695.15,0,0,0,1.44494,1.45671,8.06259,1.02758,9.93666,0.42336,0,0.42336,460.49,0,1.02816,0,0,2.4731,1.44494,1.028160,1,0,56.3643,0,0,0,56.3643,0
83.1269,2.43224,0,0,2.8504,0.477048,0.36288,3.6288,61.308,0.177142,0,0,1.25522,0.171887,0.90619,0.66528,12.849,1,0.374055,0.36288,0,56.9659,3.30868,53.6461,0.84672,12.849,0.84672,3695.15,0,0,0,1.6024,1.45691,8.87155,1.03854,10.8923,0.42336,0,0.42336,460.49,0,1.02816,0,0,2.63056,1.6024,1.028160,1,0,65.4446,0,0,0,65.4446,0
82.1756,2.43102,0,0,2.31799,0.475436,0.36288,3.6288,61.308,0.177286,0,0,1.42728,0.163086,1.0869,0.66528,12.849,1,0.375765,0.36288,0,44.1057,3.44979,40.6431,0.84672,12.849,0.84672,3695.15,0,0,0,1.55791,1.45712,9.02707,1.01714,11.025,0.42336,0,0.42336,460.49,0,1.02816,0,0,2.58607,1.55791,1.028160,1,0,52.7549,0,0,0,52.7549,0
82.0303,2.30241,0,0,2.99637,0.476339,0.36288,3.6288,61.308,0.138414,0,0,1.96151,0.151569,1.67153,0.66528,12.849,1,0.360006,0.36288,0,52.3223,3.75837,48.5668,0.84672,12.849,0.84672,3695.15,0,0,0,2.32097,1.45732,9.7562,0.996928,12.5376,0.42336,0,0.42336,460.49,0,1.02816,0,0,3.34913,2.32097,1.028160,1,0,62.7759,0,0,0,62.7759,0
81.7796,2.30227,0,0,2.89016,0.475682,0.36288,3.6288,61.308,0.138552,0,0,1.79772,0.151569,1.5076,0.66528,12.849,1,0.360622,0.36288,0,60.9857,3.75837,57.2296,0.84672,12.849,0.84672,3695.15,0,0,0,2.08922,1.40023,9.0682,0.996928,11.5607,0.42336,0,0.42336,460.49,0,1.02816,0,0,3.11738,2.08922,1.028160,1,0,70.2979,0,0,0,70.2979,0
81.1423,2.30173,0,0,2.50184,0.474547,0.36288,3.6288,61.308,0.13869,0,0,1.44674,0.151569,1.15648,0.66528,12.849,1,0.361641,0.36288,0,42.4745,3.75837,38.7174,0.84672,12.849,0.84672,3695.15,0,0,0,2.60124,1.40043,7.3758,0.996928,10.3805,0.42336,0,0.42336,460.49,0,1.02816,0,0,3.6294,2.60124,1.028160,1,0,50.2544,0,0,0,50.2544,0
80.3658,2.47829,0,0,2.50176,0.437146,0.36288,3.6288,61.308,0.19913,0,0,1.23675,0.115147,0.92247,0.66528,12.849,1,0.39244,0.36288,0,46.0543,3.09058,42.9342,0.84672,12.849,0.84672,3695.15,0,0,0,2.21702,1.40062,5.81735,0.909133,8.52585,0.42336,0,0.42336,460.49,0,1.02816,0,0,3.24518,2.21702,1.028160,1,0,52.3825,0,0,0,52.3825,0
79.0218,2.48173,0,0,1.93602,0.435411,0.36288,3.6288,61.308,0.200239,0,0,0.993306,0.15827,0.634797,0.66528,12.849,1,0.396783,0.36288,0,33.5845,4.18496,29.3657,0.84672,12.849,0.84672,3695.15,0,0,0,0.8222,1.48618,4.40153,1.08985,5.62006,0.42336,0,0.42336,460.49,0,1.02816,0,0,1.85036,0.8222,1.028160,1,0,35.6205,0,0,0,35.6205,0
77.5112,2.47636,0,0,1.72749,0.398782,0.36288,3.6288,61.308,0.200387,0,0,0.833147,0.188354,0.444406,0.66528,12.849,1,0.402658,0.36288,0,29.8413,4.50108,25.3004,0.84672,12.849,0.84672,3695.15,0,0,0,0.68485,1.48849,3.99644,1.11474,5.05504,0.42336,0,0.42336,460.49,0,1.02816,0,0,1.71301,0.68485,1.028160,1,0,30.7999,0,0,0,30.7999,0
75.9918,2.47007,0,0,1.62579,0.312308,0.36288,3.6288,61.308,0.200535,0,0,0.828576,0.214513,0.413529,0.66528,12.849,1,0.409462,0.36288,0,27.8287,4.73172,23.0504,0.84672,12.849,0.84672,3695.15,0,0,0,0.658748,1.4887,3.97716,1.12851,4.9961,0.42336,0,0.42336,460.49,0,1.02816,0,0,1.68691,0.658748,1.028160,1,0,28.4601,0,0,0,28.4601,0
74.6429,2.2452,0,0,1.56677,0.30759,0.36288,3.6288,61.308,0.126388,0,0,0.828135,0.214513,0.487234,0.66528,12.849,1,0.379628,0.36288,0,26.6071,4.73172,21.8586,0.84672,12.849,0.84672,3695.15,0,0,0,0.717958,1.48891,4.37019,1.12851,5.44855,0.42336,0,0.42336,460.49,0,1.02816,0,0,1.74612,0.717958,1.028160,1,0,27.7944,0,0,0,27.7944,0
73.164,2.35823,0,0,1.50648,0.264247,0.36288,3.6288,61.308,0.172604,0,0,0.920125,0.210836,0.536686,0.66528,12.849,1,0.405945,0.36288,0,26.0697,4.61735,21.4093,0.84672,12.849,0.84672,3695.15,0,0,0,0.575631,1.3839,3.87903,1.10819,4.73037,0.42336,0,0.42336,460.49,0,1.02816,0,0,1.60379,0.575631,1.028160,1,0,26.6764,0,0,0,26.6764,0
71.5145,2.35167,0,0,1.30989,0.244823,0.36288,3.6288,61.308,0.199229,0,0,0.808341,0.209366,0.399747,0.66528,12.849,1,0.412998,0.36288,0,23.5263,4.5716,18.9046,0.84672,12.849,0.84672,3695.15,0,0,0,0.402797,1.44572,3.42579,1.10007,4.17424,0.42336,0,0.42336,460.49,0,1.00168,0,0,1.40448,0.402797,1.028160,1,0,23.4786,0,0,0,23.4786,0
69.7733,2.34401,0,0,1.14299,0.17736,0.36288,3.6288,61.308,0.17289,0,0,0.743257,0.209366,0.361001,0.66528,12.849,1,0.421147,0.36288,0,22.1897,4.5716,17.5598,0.84672,12.849,0.84672,3695.15,0,0,0,0.412949,1.44592,3.51408,1.10007,4.27288,0.42336,0,0.42336,460.49,0,1.02816,0,0,1.44111,0.412949,1.028160,1,0,22.1937,0,0,0,22.1937,0
67.941,2.33555,0,0,1.04114,0.175003,0.36288,3.6288,61.308,0.177501,0,0,0.669835,0.209366,0.282969,0.66528,12.849,1,0.430099,0.36288,0,20.3119,4.5716,15.673,0.84672,12.849,0.84672,3695.15,0,0,0,0.30119,1.44612,3.3427,1.10007,3.98995,0.42336,0,0.42336,460.49,0,1.02369,0,0,1.32488,0.30119,1.028160,1,0,19.946,0,0,0,19.946,0
66.0522,2.3262,0,0,0.931409,0.131042,0.36288,3.6288,61.308,0.229631,0,0,0.573226,0.244999,0.0985959,0.66528,12.849,1,0.439932,0.36288,0,17.3715,5.18443,12.11,0.84672,12.849,0.84672,3695.15,0,0,0,0.30119,1.44632,2.77513,1.28513,3.23751,0.42336,0,0.42336,460.49,0,0.971706,0,0,1.2729,0.30119,1.028160,1,0,15.4461,0,0,0,15.4461,0
64.1173,2.29307,0,0,0.837873,0.116849,0.36288,3.6288,61.308,0.230445,0,0,0.502308,0.246413,0.0254504,0.66528,12.849,1,0.446066,0.36288,0,14.5216,5.08861,9.34979,0.84672,12.849,0.84672,3695.15,0,0,0,0.30119,1.44653,2.17744,1.28276,2.6424,0.42336,0,0.42336,460.49,0,0.996382,0,0,1.29757,0.30119,1.028160,1,0,12.0176,0,0,0,12.0176,0
62.1317,2.28226,0,0,0.77455,0.115048,0.36288,3.6288,61.308,0.21263,0,0,0.485619,0.246413,0.0265763,0.66528,12.849,1,0.457361,0.36288,0,14.4338,5.08861,9.25071,0.84672,12.849,0.84672,3695.15,0,0,0,0.261274,1.46116,2.20791,1.28276,2.64759,0.42336,0,0.42336,460.49,0,1.01434,0,0,1.27562,0.261274,1.028160,1,0,11.9249,0,0,0,11.9249,0
60.0882,2.27055,0,0,0.703166,0.1132,0.36288,3.6288,61.1824,0.33791,0,0,0.458762,0.246413,0,0.66528,12.849,1,0.469556,0.36288,0,14.0047,5.08861,8.80946,0.84672,12.849,0.84672,3695.15,0,0,0,0.261274,1.46137,2.0754,1.28276,2.51528,0.42336,0,0.42336,460.49,0,0.889212,0,0,1.15049,0.261274,1.028160,1,0,11.3247,0,0,0,11.3247,0
58.0088,2.2578,0,0,0.643853,0.102632,0.36288,3.6288,60.9657,0.385258,0,0,0.436625,0.268138,0,0.66528,12.849,1,0.482797,0.36288,0,12.3505,5.37091,6.8597,0.84672,12.849,0.84672,3695.15,0,0,0,0.261274,1.46157,2.01554,1.3858,2.35258,0.42336,0,0.42336,460.49,0,0.842011,0,0,1.10328,0.261274,1.028160,1,0,9.21228,0,0,0,9.21228,0
55.8529,2.30217,0,0,0.589989,0.0807819,0.36288,3.6288,60.1902,0.813795,0,0,0.346607,0.308281,0,0.66528,12.849,1,0.509934,0.36288,0,11.3578,5.90342,5.30733,0.84672,12.849,0.84672,3695.15,0,0,0,0.261274,1.46178,1.66149,1.43912,1.94542,0.42336,0,0.42336,460.49,0,0.436225,0,0,0.697499,0.261274,1.028160,1,0,7.25275,0,0,0,7.25275,0
53.6893,2.28658,0,0,0.564889,0.0790841,0.36288,3.6288,59.4224,0.799881,0,0,0.338822,0.306766,0,0.66528,12.849,1,0.526029,0.36288,0,10.6282,5.90342,4.56167,0.84672,12.849,0.84672,3695.15,0,0,0,0.261274,1.49275,1.70763,1.43912,2.02253,0.42336,0,0.42336,460.49,0,0.450291,0,0,0.711564,0.261274,1.028160,1,0,6.58421,0,0,0,6.58421,0
51.4717,2.26987,0,0,0.49257,0.0773801,0.36288,3.6288,58.6044,0.832259,0,0,0.319511,0.305267,0,0.66528,12.849,1,0.54323,0.36288,0,10.0694,5.90342,3.98564,0.84672,12.849,0.84672,3695.15,0,0,0,0.227405,1.49296,1.63167,1.43912,1.91292,0.42336,0,0.42336,460.49,0,0.418064,0,0,0.645468,0.227405,1.028160,1,0,5.89856,0,0,0,5.89856,0
49.24,2.25154,0,0,0.454266,0.0715531,0.36288,3.6288,57.7512,0.860916,0,0,0.314021,0.306215,0,0.66528,12.849,1,0.562058,0.36288,0,9.49977,5.97819,3.3224,0.84672,12.849,0.84672,3695.15,0,0,0,0.227405,1.49317,1.6168,1.45406,1.88332,0.42336,0,0.42336,460.49,0,0.389558,0,0,0.616963,0.227405,1.028160,1,0,5.20572,0,0,0,5.20572,0
46.5207,2.62667,0,0,0.324562,0.0543444,0.36288,3.6288,56.6137,1.10637,0,0,0.2779,0.309059,0,0.66528,12.1715,1,0.68542,0.36288,0,7.99468,6.0614,3.20544,0.84672,12.1715,0.84672,3694.23,0,0,0,0.227405,1.49338,1.41407,1.50404,1.63083,0.42336,0,0.42336,460.49,0,0.315679,0,0,0.543084,0.227405,1.028160,1,0,4.83627,0,0,0,4.83627,0
43.9605,2.39591,0,0,0.251857,0.0532491,0.36288,3.6288,55.4267,1.10486,0,0,0.222277,0.304438,0,0.66528,11.548,1,0.626859,0.36288,0,6.48228,5.88756,3.20544,0.84672,11.548,0.84672,3691.98,0,0,0,0.227405,1.71936,1.26058,1.52628,1.68106,0.42336,0,0.42336,460.49,0,0.227564,0,0,0.454969,0.227405,1.028160,1,0,4.8865,0,0,0,4.8865,0
41.4197,2.39433,0,0,0.268159,0.0517371,0.36288,3.6288,54.256,1.08907,0,0,0.220459,0.302083,0,0.66528,10.9209,1,0.628967,0.36288,0,6.05527,5.88756,3.20544,0.84672,10.9209,0.84672,3689.31,0,0,0,0.204422,1.5959,1.32859,1.52628,1.60263,0.42336,0,0.42336,460.49,0,0.243519,0,0,0.447942,0.204422,1.028160,1,0,4.80807,0,0,0,4.80807,0
39.0086,2.3929,0,0,0.402494,0.0578174,0.36288,3.6288,53.2201,1.00073,0,0,0.262503,0.297711,0,0.66528,10.302,1,0.630922,0.36288,0,8.94171,5.82819,3.20544,0.84672,10.302,0.84672,3689.56,0,0,0,0.204422,1.59613,1.41191,1.519,1.69345,0.42336,0,0.42336,460.49,0,0.332028,0,0,0.536451,0.204422,1.028160,1,0,4.89889,0,0,0,4.89889,0
36.7382,2.39251,0,0,0.541007,0.0559665,0.36288,3.6288,52.2939,0.950649,0,0,0.312523,0.28799,0,0.66528,9.68458,1,0.63185,0.36288,0,9.46335,5.65964,3.20544,0.84672,9.68458,0.84672,3690.51,0,0,0,0.204422,1.59635,1.43236,1.50824,1.7249,0.42336,0,0.42336,460.49,0,0.382272,0,0,0.586695,0.204422,1.028160,1,0,4.93034,0,0,0,4.93034,0
34.3946,2.3135,0,0,0.354004,0.0212204,0.36288,3.6288,51.9546,0.395406,0,0,0.342181,0.286164,0,0.66528,9.07958,1,0.609864,0.36288,0,6.38394,5.34198,3.20544,0.84672,9.07958,0.84672,3688.71,0,0,0,0.204422,1.59658,1.00776,1.53044,1.27832,0.42336,0,0.42336,460.49,0,0.888088,0,0,1.09251,0.204422,1.028160,1,0,4.48376,0,0,0,4.48376,0
31.9916,2.31323,0,0,0.293739,0.0206295,0.36288,3.6288,50.9186,0.934587,0,0,0.184041,0.285383,0,0.66528,8.47287,1,0.610653,0.36288,0,6.11673,5.34198,3.20544,0.84672,8.47287,0.84672,3686.63,0,0,0,0.216518,1.53947,0.750514,1.53044,0.976058,0.42336,0,0.42336,460.49,0,0.349064,0,0,0.565582,0.216518,1.028160,1,0,4.1815,0,0,0,4.1815,0
29.68,2.31206,0,0,0.422476,0.0591855,0.36288,3.6288,50.0413,0.862991,0,0,0.226375,0.240667,0,0.66528,7.87018,1,0.61234,0.36288,0,7.13883,4.71909,3.20544,0.84672,7.87018,0.84672,3686.2,0,0,0,0.216518,1.53968,0.825863,1.33575,1.24632,0.42336,0,0.42336,460.49,0,0.420816,0,0,0.637335,0.216518,1.028160,1,0,4.45176,0,0,0,4.45176,0
27.9293,2.31188,0,0,1.03214,0.108087,0.36288,3.6288,49.8382,0.485378,0,0,0.465164,0.182911,0,0.66528,12.849,1,0.613035,0.36288,0,21.5293,3.88857,3.46264,0.84672,12.849,0.84672,3695.15,0,0,0,0.216518,1.5399,2.19972,1.07616,2.87998,0.42336,0,0.42336,460.49,0,0.798587,0,0,1.01511,0.216518,1.028160,1,0,6.34263,0,0,0,6.34263,0
26.041,1.94653,0,0,0.541847,0.1207,0.36288,3.6288,49.3567,0.519326,0,0,0.262276,0.224415,0,0.66528,12.849,1,0.895512,0.36288,0,13.5677,4.80999,8.22512,0.84672,12.849,0.84672,3695.15,0,0,0,0.216518,1.54012,0.992831,1.00713,1.74234,0.42336,0,0.42336,460.49,0,0.719626,0,0,0.936144,0.216518,1.028160,1,0,9.96746,0,0,0,9.96746,0
24.371,1.90339,0,0,0.716239,0.12002,0.36288,3.6288,49.2757,0.215227,0,0,0.36461,0.230469,0,0.66528,12.849,1,0.939158,0.36288,0,21.1034,4.96356,15.5635,0.84672,12.849,0.84672,3695.15,0,0,0,0.216518,1.48981,2.00896,0.995624,2.71966,0.42336,0,0.42336,460.49,0,1.02387,0,0,1.24039,0.216518,1.028160,1,0,18.2832,0,0,0,18.2832,0
23.1328,1.86158,0,0,1.12794,0.141617,0.36288,3.6288,49.3674,0.211091,0,0,0.522071,0.219193,0,0.66528,12.849,1,0.981471,0.36288,0,29.8145,4.60611,24.5898,0.84672,12.849,0.84672,3695.15,0,0,0,0.515566,1.49002,1.86749,0.943709,2.92937,0.42336,0,0.42336,460.49,0,1.02816,0,0,1.54373,0.515566,1.028160,1,0,27.5192,0,0,0,27.5192,0
22.6706,1.82813,0,0,1.87752,0.148705,0.36288,3.6288,49.6419,0.21124,0,0,0.700623,0.214907,0,0.66528,12.849,1,1.01542,0.36288,0,31.4769,4.46313,26.3612,0.84672,12.849,0.84672,3695.15,0,0,0,0.836231,1.49023,3.11094,0.922943,4.51446,0.42336,0,0.42336,460.49,0,1.02816,0,0,1.86439,0.836231,1.028160,1,0,30.8757,0,0,0,30.8757,0
23.6164,1.66399,0,0,3.12283,0.150199,0.36288,3.6288,49.9277,0.117256,0,0,0.613108,0.210076,0,0.66528,12.849,1,0.943097,0.36288,0,46.1828,4.01337,41.5892,0.84672,12.849,0.84672,3695.15,0,0,0,0.692099,1.49044,2.78291,0.951449,4.014,0.42336,0,0.42336,460.49,0,1.02816,0,0,1.72026,0.692099,1.028160,1,0,45.6032,0,0,0,45.6032,0
24.5749,1.68875,0,0,3.16416,0.154005,0.36288,3.6288,50.2499,0.11739,0,0,0.646132,0.206573,0,0.66528,12.849,1,0.9188,0.36288,0,48.8964,3.67605,44.6644,0.84672,12.849,0.84672,3695.15,0,0,0,0.519627,1.37352,2.8378,0.972828,3.75811,0.42336,0,0.42336,460.49,0,1.02816,0,0,1.54779,0.519627,1.028160,1,0,48.4225,0,0,0,48.4225,0
25.5173,1.71259,0,0,3.17401,0.156167,0.36288,3.6288,50.5107,0.117525,0,0,0.58548,0.207119,0,0.66528,12.849,1,0.895427,0.36288,0,73.9041,3.67605,69.6955,0.84672,12.849,0.84672,3695.15,0,0,0,1.09576,1.37371,2.67798,0.972828,4.17462,0.42336,0,0.42336,460.49,0,1.02816,0,0,2.12392,1.09576,1.028160,1,0,73.8701,0,0,0,73.8701,0
25.2095,1.73489,0,0,1.94831,0.158293,0.36288,3.6288,50.3479,0.327732,0,0,0.372536,0.207561,0,0.66528,12.849,1,0.873588,0.36288,0,41.8466,3.67605,37.6599,0.84672,12.849,0.84672,3695.15,0,0,0,0.412474,1.3739,2.30965,0.972828,3.1232,0.42336,0,0.42336,460.49,0,0.818087,0,0,1.23056,0.412474,1.028160,1,0,40.7831,0,0,0,40.7831,0
24.8738,1.72813,0,0,1.921,0.16573,0.36288,3.6288,49.899,0.54175,0,0,0.31107,0.218279,0,0.66528,12.849,1,0.880809,0.36288,0,36.0526,4.14514,31.3896,0.84672,12.849,0.84672,3695.15,0,0,0,0.412474,1.37409,3.09666,1.09885,3.78438,0.42336,0,0.42336,460.49,0,0.604204,0,0,1.01668,0.412474,1.028160,1,0,35.174,0,0,0,35.174,0
24.5336,1.78074,0,0,1.97002,0.166601,0.36288,3.6288,49.7742,0.617612,0,0,0.707105,0.214291,0,0.66528,12.849,1,0.919872,0.36288,0,41.3375,5.35973,35.4208,0.84672,12.849,0.84672,3695.15,0,0,0,0.412474,1.37428,3.85385,1.35585,4.28476,0.42336,0,0.42336,460.49,0,0.555751,0,0,0.968224,0.412474,1.028160,1,0,39.7055,0,0,0,39.7055,0
24.0998,1.77266,0,0,1.86755,0.165786,0.36288,3.6288,49.7277,0.670403,0,0,0.83795,0.214071,0,0.66528,12.849,1,0.928397,0.36288,0,32.2467,5.35973,26.3215,0.84672,12.849,0.84672,3695.15,0,0,0,0.503194,1.41263,3.16932,1.35585,3.72931,0.42336,0,0.42336,460.49,0,0.50309,0,0,1.00628,0.503194,1.028160,1,0,30.0508,0,0,0,30.0508,0
27.3767,1.76206,0,0,5.56655,0.164746,0.36288,3.6288,50.3426,0.295627,0,0,1.12459,0.21399,0,0.66528,12.849,1,0.939453,0.36288,0,58.8622,5.35973,52.9259,0.84672,12.849,0.84672,3695.15,0,0,0,0.503194,1.41282,9.28514,1.35585,9.84531,0.42336,0,0.42336,460.49,0,0.877997,0,0,1.38119,0.503194,1.028160,1,0,62.7713,0,0,0,62.7713,0
36.7837,1.83889,0,0,11.7831,0.174381,0.36288,3.6288,52.2606,0.145594,0,0,2.2754,0.21182,0,0.66528,12.849,1,0.863067,0.36288,0,177.541,5.16791,171.873,0.84672,12.849,0.84672,3695.15,0,0,0,2.04337,1.413,8.17651,1.30421,10.3287,0.42336,0,0.42336,460.49,0,1.02816,0,0,3.07153,2.04337,1.028160,1,0,182.201,0,0,0,182.201,0
39.3894,2.22001,0,0,5.38457,0.195976,0.36288,3.6288,53.6725,0.248192,0,0,1.84609,0.186058,0,0.66528,12.849,1,0.775478,0.36288,0,113.365,4.01748,108.935,0.84672,12.849,0.84672,3695.15,0,0,0,1.21463,1.41319,8.80385,1.06109,10.3706,0.42336,0,0.42336,460.49,0,1.02816,0,0,2.24279,1.21463,1.028160,1,0,119.306,0,0,0,119.306,0
42.234,2.25906,0,0,5.66623,0.199683,0.36288,3.6288,54.6543,0.248338,0,0,1.40988,0.179745,0,0.66528,12.849,1,0.736918,0.36288,0,113.008,3.74913,108.885,0.84672,12.849,0.84672,3695.15,0,0,0,1.10965,1.54746,7.91263,1.01548,9.55426,0.42336,0,0.42336,460.49,0,1.02816,0,0,2.13781,1.10965,1.028160,1,0,118.439,0,0,0,118.439,0
45.2481,2.2975,0,0,5.88096,0.206478,0.36288,3.6288,55.5759,0.248484,0,0,1.3511,0.180955,0,0.66528,12.849,1,0.698977,0.36288,0,105.811,3.74913,101.726,0.84672,12.849,0.84672,3695.15,0,0,0,0.973184,1.54767,5.61252,1.01548,7.11789,0.42336,0,0.42336,460.49,0,1.02816,0,0,2.00134,0.973184,1.028160,1,0,108.844,0,0,0,108.844,0
47.4446,2.33415,0,0,5.10527,0.211704,0.36288,3.6288,56.5658,0.248629,0,0,1.42595,0.187387,0,0.66528,12.849,1,0.662822,0.36288,0,97.3417,3.88017,93.1616,0.84672,12.849,0.84672,3695.15,0,0,0,1.00522,1.54787,5.8145,1.05648,7.31111,0.42336,0,0.42336,460.49,0,1.02816,0,0,2.03338,1.00522,1.028160,1,0,100.473,0,0,0,100.473,0
50.4474,2.02954,0,0,5.62759,0.232407,0.36288,3.6288,58.1842,0.11118,0,0,1.90405,0.174503,0,0.66528,12.849,1,0.549642,0.36288,0,97.2752,3.33381,93.7546,0.84672,12.849,0.84672,3695.15,0,0,0,1.30962,1.54808,7.65602,1.00727,9.50644,0.42336,0,0.42336,460.49,0,1.02816,0,0,2.33778,1.30962,1.028160,1,0,103.261,0,0,0,103.261,0
54.2056,2.05596,0,0,6.42857,0.25157,0.36288,3.6288,59.7389,0.111305,0,0,1.82363,0.157627,0,0.66528,12.849,1,0.523655,0.36288,0,83.2654,2.80077,80.3039,0.84672,12.849,0.84672,3695.15,0,0,0,1.17361,1.36359,7.75397,0.889198,9.40198,0.42336,0,0.42336,460.49,0,1.02816,0,0,2.20177,1.17361,1.028160,1,0,89.7058,0,0,0,89.7058,0
57.4151,2.08566,0,0,5.91964,0.261521,0.36288,3.6288,61.2663,0.11143,0,0,1.79807,0.159208,0,0.66528,12.849,1,0.494389,0.36288,0,84.996,2.80077,82.0637,0.84672,12.849,0.84672,3695.15,0,0,0,1.13966,1.36377,7.02475,0.889198,8.63898,0.42336,0,0.42336,460.49,0,1.02816,0,0,2.16782,1.13966,1.028160,1,0,90.7027,0,0,0,90.7027,0
65.3472,2.10859,0,0,10.6735,0.270019,0.36288,3.6288,61.308,0.111555,0,0,3.0088,0.16076,2.69483,0.66528,12.849,1,0.471884,0.36288,0,160.834,2.80077,157.924,0.84672,12.849,0.84672,3695.15,0,0,0,2.73352,1.36395,13.948,0.889198,17.1563,0.42336,0,0.42336,460.49,0,1.02816,0,0,3.76168,2.73352,1.028160,1,0,177.775,0,0,0,177.775,0
71.0381,2.15682,0,0,8.47722,0.266635,0.36288,3.6288,61.308,0.11168,0,0,3.02212,0.166684,2.74375,0.66528,12.849,1,0.424088,0.36288,0,129.597,3.32148,126.215,0.84672,12.849,0.84672,3695.15,0,0,0,2.98566,1.36413,16.3489,0.952504,19.7462,0.42336,0,0.42336,460.49,0,1.02816,0,0,4.01382,2.98566,1.028160,1,0,148.705,0,0,0,148.705,0
75.1075,2.27518,0,0,6.98475,0.277202,0.36288,3.6288,61.308,0.145492,0,0,1.53626,0.173234,1.21754,0.66528,12.849,1,0.411523,0.36288,0,107.123,3.6456,103.429,0.84672,12.849,0.84672,3695.15,0,0,0,1.24476,1.3643,7.44345,0.943864,9.10864,0.42336,0,0.42336,460.49,0,1.02816,0,0,2.27292,1.24476,1.028160,1,0,113.755,0,0,0,113.755,0
79.2373,2.2946,0,0,7.17903,0.391795,0.36288,3.6288,61.308,0.145622,0,0,2.13098,0.173234,1.81212,0.66528,12.849,1,0.392548,0.36288,0,124.444,3.6456,120.768,0.84672,12.849,0.84672,3695.15,0,0,0,1.72245,1.41025,12.2268,0.943864,14.4156,0.42336,0,0.42336,460.49,0,1.02816,0,0,2.75061,1.72245,1.028160,1,0,136.996,0,0,0,136.996,0
82.1234,2.31259,0,0,5.96983,0.408275,0.36288,3.6288,61.308,0.145752,0,0,1.84454,0.173234,1.52555,0.66528,12.849,1,0.375006,0.36288,0,111.409,3.6456,107.752,0.84672,12.849,0.84672,3695.15,0,0,0,1.30493,1.41044,8.67318,0.943864,10.4447,0.42336,0,0.42336,460.49,0,1.02816,0,0,2.33309,1.30493,1.028160,1,0,119.722,0,0,0,119.722,0
84.5304,2.32437,0,0,5.4801,0.385842,0.36288,3.6288,61.308,0.145882,0,0,1.36111,0.170737,1.04449,0.66528,12.849,1,0.363671,0.36288,0,85.6786,3.79388,81.8839,0.84672,12.849,0.84672,3695.15,0,0,0,0.845856,1.41062,6.17513,0.953506,7.4781,0.42336,0,0.42336,460.49,0,1.02816,0,0,1.87402,0.845856,1.028160,1,0,90.4065,0,0,0,90.4065,0
86.4503,2.5212,0,0,5.10307,0.299075,0.36288,3.6288,61.308,0.207785,0,0,1.47046,0.213441,1.04923,0.66528,12.849,1,0.383234,0.36288,0,91.9754,4.46891,87.4861,0.84672,12.849,0.84672,3695.15,0,0,0,1.00048,1.4108,8.15435,1.01635,9.54927,0.42336,0,0.42336,460.49,0,1.02816,0,0,2.02864,1.00048,1.028160,1,0,98.0846,0,0,0,98.0846,0
87.5679,2.52903,0,0,4.31394,0.304411,0.36288,3.6288,61.308,0.207925,0,0,1.36987,0.213441,0.948506,0.66528,12.849,1,0.375886,0.36288,0,78.3225,4.46891,73.8406,0.84672,12.849,0.84672,3695.15,0,0,0,0.78662,1.49918,6.72071,1.01635,7.99016,0.42336,0,0.42336,460.49,0,1.02816,0,0,1.81478,0.78662,1.028160,1,0,82.7792,0,0,0,82.7792,0
88.1893,2.53363,0,0,3.82545,0.307517,0.36288,3.6288,61.308,0.208064,0,0,1.23022,0.213441,0.808718,0.66528,12.849,1,0.371764,0.36288,0,67.5164,4.46891,63.0386,0.84672,12.849,0.84672,3695.15,0,0,0,0.551379,1.49938,5.79628,1.01635,6.83069,0.42336,0,0.42336,460.49,0,1.02816,0,0,1.57954,0.551379,1.028160,1,0,70.678,0,0,0,70.678,0
88.4833,2.53633,0,0,3.48866,0.295535,0.36288,3.6288,61.308,0.208204,0,0,1.10991,0.202064,0.699644,0.66528,12.849,1,0.369539,0.36288,0,60.6472,4.23299,56.4075,0.84672,12.849,0.84672,3695.15,0,0,0,0.425624,1.49958,5.3465,0.956518,6.31518,0.42336,0,0.42336,460.49,0,1.02816,0,0,1.45378,0.425624,1.028160,1,0,63.4224,0,0,0,63.4224,0
88.3824,2.67074,0,0,3.15928,0.226501,0.36288,3.6288,61.308,0.258846,0,0,1.02868,0.191353,0.57848,0.66528,12.849,1,0.387828,0.36288,0,53.1463,4.32862,48.7927,0.84672,12.849,0.84672,3695.15,0,0,0,0.477032,1.49978,4.80399,1.03735,5.74345,0.42336,0,0.42336,460.49,0,1.02816,0,0,1.50519,0.477032,1.028160,1,0,55.1146,0,0,0,55.1146,0
88.1376,2.67079,0,0,2.98862,0.199734,0.36288,3.6288,61.308,0.258993,0,0,0.923659,0.204652,0.460014,0.66528,12.849,1,0.388278,0.36288,0,44.8916,4.8427,40.0235,0.84672,12.849,0.84672,3695.15,0,0,0,0.414107,1.56752,4.38875,1.21016,5.16021,0.42336,0,0.42336,460.49,0,1.02816,0,0,1.44227,0.414107,1.028160,1,0,45.6437,0,0,0,45.6437,0
87.5822,2.67029,0,0,2.64284,0.165051,0.36288,3.6288,61.308,0.25914,0,0,0.866946,0.218817,0.388989,0.66528,12.849,1,0.389283,0.36288,0,39.9057,5.00335,34.8759,0.84672,12.849,0.84672,3695.15,0,0,0,0.332666,1.56772,4.28577,1.25121,4.93495,0.42336,0,0.42336,460.49,0,1.02816,0,0,1.36083,0.332666,1.028160,1,0,40.1998,0,0,0,40.1998,0
86.9336,2.66857,0,0,2.50165,0.118797,0.36288,3.6288,61.308,0.29987,0,0,0.831756,0.237704,0.294182,0.66528,12.849,1,0.3915,0.36288,0,36.912,5.21755,31.6658,0.84672,12.849,0.84672,3695.15,0,0,0,0.30119,1.56793,4.1723,1.30593,4.73549,0.42336,0,0.42336,460.49,0,0.987578,0,0,1.28877,0.30119,1.028160,1,0,36.6955,0,0,0,36.6955,0
86.3728,2.66647,0,0,2.6022,0.133716,0.36288,3.6288,61.308,0.259435,0,0,0.81921,0.238275,0.321501,0.66528,12.849,1,0.39411,0.36288,0,41.6834,5.11625,36.5359,0.84672,12.849,0.84672,3695.15,0,0,0,0.366647,1.56814,4.71715,1.27219,5.37974,0.42336,0,0.42336,460.49,0,1.02816,0,0,1.39481,0.366647,1.028160,1,0,42.2372,0,0,0,42.2372,0
86.2977,2.63845,0,0,3.09811,0.171873,0.36288,3.6288,61.308,0.28736,0,0,0.889177,0.239702,0.362116,0.66528,12.849,1,0.392502,0.36288,0,51.3801,4.86297,46.4875,0.84672,12.849,0.84672,3695.15,0,0,0,0.919218,1.56835,6.07169,1.18783,7.37143,0.42336,0,0.42336,460.49,0,1.02816,0,0,1.94738,0.919218,1.028160,1,0,54.221,0,0,0,54.221,0
86.1748,2.63859,0,0,3.05031,0.171755,0.36288,3.6288,61.308,0.287511,0,0,0.851282,0.239702,0.324069,0.66528,12.849,1,0.392864,0.36288,0,48.3682,4.86297,43.4752,0.84672,12.849,0.84672,3695.15,0,0,0,0.95288,1.58437,6.33517,1.18783,7.68459,0.42336,0,0.42336,460.49,0,1.02816,0,0,1.98104,0.95288,1.028160,1,0,51.4839,0,0,0,51.4839,0
85.9343,2.63853,0,0,2.90265,0.141748,0.36288,3.6288,61.308,0.287662,0,0,0.830935,0.270791,0.272481,0.66528,12.849,1,0.393416,0.36288,0,45.8574,5.29731,40.5296,0.84672,12.849,0.84672,3695.15,0,0,0,0.879682,1.58458,6.08861,1.33482,7.21805,0.42336,0,0.42336,460.49,0,1.02816,0,0,1.90784,0.879682,1.028160,1,0,48.0201,0,0,0,48.0201,0
85.3213,2.63801,0,0,2.50782,0.119924,0.36288,3.6288,61.308,0.287814,0,0,0.782611,0.287409,0.207388,0.66528,12.849,1,0.394439,0.36288,0,42.3897,5.96207,36.396,0.84672,12.849,0.84672,3695.15,0,0,0,0.814856,1.58479,6.14052,1.57081,6.96935,0.42336,0,0.42336,460.49,0,1.02816,0,0,1.84302,0.814856,1.028160,1,0,43.5728,0,0,0,43.5728,0
84.2426,2.70363,0,0,2.14179,0.153916,0.36288,3.6288,61.308,0.312736,0,0,0.725803,0.253275,0.159792,0.66528,12.849,1,0.407155,0.36288,0,35.6853,4.70724,30.9338,0.84672,12.849,0.84672,3695.15,0,0,0,0.661254,1.585,5.53477,1.15234,6.62869,0.42336,0,0.42336,460.49,0,1.02816,0,0,1.68941,0.661254,1.028160,1,0,37.7222,0,0,0,37.7222,0
83.0542,2.69955,0,0,2.00335,0.129357,0.36288,3.6288,61.308,0.312891,0,0,0.686206,0.310117,0.0631978,0.66528,12.849,1,0.411746,0.36288,0,33.338,5.59493,27.6943,0.84672,12.849,0.84672,3695.15,0,0,0,0.560675,1.61894,4.50671,1.40736,5.27896,0.42336,0,0.42336,460.49,0,1.02816,0,0,1.58884,0.560675,1.028160,1,0,33.0364,0,0,0,33.0364,0
81.9797,2.69489,0,0,2.11123,0.127925,0.36288,3.6288,61.308,0.313046,0,0,0.655333,0.310117,0.0321693,0.66528,12.849,1,0.416916,0.36288,0,32.4339,5.59493,26.7849,0.84672,12.849,0.84672,3695.15,0,0,0,0.800254,1.61915,4.43457,1.40736,5.44661,0.42336,0,0.42336,460.49,0,1.02816,0,0,1.82841,0.800254,1.028160,1,0,32.2637,0,0,0,32.2637,0
80.9055,2.69061,0,0,2.10586,0.126629,0.36288,3.6288,61.308,0.313202,0,0,0.732966,0.310117,0.109647,0.66528,12.849,1,0.421709,0.36288,0,40.1609,5.59493,34.5071,0.84672,12.849,0.84672,3695.15,0,0,0,0.52577,1.61937,5.03567,1.40736,5.77345,0.42336,0,0.42336,460.49,0,1.02816,0,0,1.55393,0.52577,1.028160,1,0,40.3902,0,0,0,40.3902,0
79.5672,2.88304,0,0,2.03417,0.126509,0.36288,3.6288,61.2445,0.40282,0,0,0.651983,0.312674,0,0.66528,12.849,1,0.457871,0.36288,0,33.4773,5.57022,27.8121,0.84672,12.849,0.84672,3695.15,0,0,0,0.599314,1.61958,4.71068,1.42985,5.49974,0.42336,0,0.42336,460.49,0,1.02816,0,0,1.62747,0.599314,1.028160,1,0,33.3118,0,0,0,33.3118,0
78.6808,2.87688,0,0,2.47982,0.126426,0.36288,3.6288,61.308,0.402989,0,0,0.811503,0.315957,0.0290464,0.66528,12.849,1,0.464577,0.36288,0,38.5788,5.53728,32.9398,0.84672,12.849,0.84672,3695.15,0,0,0,0.873184,1.73166,5.23568,1.45983,6.3807,0.42336,0,0.42336,460.49,0,1.02816,0,0,1.90134,0.873184,1.028160,1,0,39.3496,0,0,0,39.3496,0
77.3094,2.87285,0,0,1.98965,0.125334,0.36288,3.6288,61.2269,0.403158,0,0,0.638109,0.316084,0,0.66528,12.849,1,0.469152,0.36288,0,45.377,5.53728,39.7335,0.84672,12.849,0.84672,3695.15,0,0,0,0.497059,1.7319,4.34921,1.45983,5.11834,0.42336,0,0.42336,460.49,0,1.02816,0,0,1.52522,0.497059,1.028160,1,0,44.8518,0,0,0,44.8518,0
76.3131,2.86618,0,0,2.35638,0.123645,0.36288,3.6288,61.308,0.403326,0,0,0.974034,0.315921,0.173654,0.66528,12.849,1,0.476366,0.36288,0,38.948,5.53728,33.2972,0.84672,12.849,0.84672,3695.15,0,0,0,1.26622,1.73213,5.88139,1.45983,7.41991,0.42336,0,0.42336,460.49,0,1.02816,0,0,2.29438,1.26622,1.028160,1,0,40.8908,0,0,0,40.8908,0
75.06,2.86132,0,0,2.09311,0.122034,0.36288,3.6288,61.308,0.403495,0,0,0.736586,0.298562,0.0345293,0.66528,12.849,1,0.481767,0.36288,0,35.9706,5.02743,30.8242,0.84672,12.849,0.84672,3695.15,0,0,0,0.862289,1.73236,5.94738,1.29228,7.24974,0.42336,0,0.42336,460.49,0,1.02816,0,0,1.89045,0.862289,1.028160,1,0,38.1085,0,0,0,38.1085,0
74.2764,2.75994,0,0,2.43262,0.0933652,0.36288,3.6288,61.308,0.349322,0,0,1.16106,0.289957,0.521781,0.66528,12.849,1,0.472455,0.36288,0,25.381,4.55616,20.7153,0.84672,12.849,0.84672,3695.15,0,0,0,2.25646,1.73259,6.27795,1.29439,8.97262,0.42336,0,0.42336,460.49,0,1.02816,0,0,3.28462,2.25646,1.028160,1,0,30.2097,0,0,0,30.2097,0
73.2107,2.75614,0,0,2.14598,0.0926196,0.36288,3.6288,61.308,0.349482,0,0,0.65369,0.289957,0.0142508,0.66528,12.849,1,0.476782,0.36288,0,26.2908,4.55616,21.6208,0.84672,12.849,0.84672,3695.15,0,0,0,0.960613,1.66999,4.7079,1.29439,6.04412,0.42336,0,0.42336,460.49,0,1.02816,0,0,1.98877,0.960613,1.028160,1,0,27.6791,0,0,0,27.6791,0
71.8265,2.75068,0,0,1.82096,0.0916057,0.36288,3.6288,61.2643,0.349643,0,0,0.595866,0.289957,0,0.66528,12.849,1,0.482764,0.36288,0,24.2933,4.55616,19.6173,0.84672,12.849,0.84672,3695.15,0,0,0,0.779924,1.67022,4.47981,1.29439,5.63556,0.42336,0,0.42336,460.49,0,1.02816,0,0,1.80808,0.779924,1.028160,1,0,25.2529,0,0,0,25.2529,0
72.4192,2.74324,0,0,3.88259,0.183837,0.36288,3.6288,61.308,0.349804,0,0,1.09004,0.198934,0.49757,0.66528,12.849,1,0.490736,0.36288,0,53.4765,3.31038,50.0383,0.84672,12.849,0.84672,3695.15,0,0,0,1.39907,1.67044,9.92606,0.904999,12.0906,0.42336,0,0.42336,460.49,0,1.02816,0,0,2.42723,1.39907,1.028160,1,0,62.6264,0,0,0,62.6264,0
73.468,2.6695,0,0,4.36747,0.286199,0.36288,3.6288,61.308,0.30047,0,0,1.30201,0.23365,0.767893,0.66528,12.849,1,0.473637,0.36288,0,72.0559,4.4529,67.4922,0.84672,12.849,0.84672,3695.15,0,0,0,1.34579,1.67066,8.21121,0.98748,10.2402,0.42336,0,0.42336,460.49,0,1.02816,0,0,2.37395,1.34579,1.028160,1,0,78.5003,0,0,0,78.5003,0
71.7633,2.67569,0,0,1.62649,0.292689,0.36288,3.6288,61.308,0.300623,0,0,1.0434,0.253579,0.489198,0.66528,12.849,1,0.467958,0.36288,0,39.9357,4.99296,34.8377,0.84672,12.849,0.84672,3695.15,0,0,0,0.972061,1.61552,5.25036,1.04643,6.79151,0.42336,0,0.42336,460.49,0,1.02816,0,0,2.00022,0.972061,1.028160,1,0,42.1184,0,0,0,42.1184,0
73.7766,2.6667,0,0,5.22837,0.185438,0.36288,3.6288,61.308,0.300777,0,0,1.52715,0.243651,0.982718,0.66528,12.849,1,0.477465,0.36288,0,74.9506,4.75296,70.0831,0.84672,12.849,0.84672,3695.15,0,0,0,1.74914,1.61574,11.1889,1.10009,13.4537,0.42336,0,0.42336,460.49,0,1.02816,0,0,2.7773,1.74914,1.028160,1,0,84.5195,0,0,0,84.5195,0
77.3507,2.67824,0,0,6.9186,0.30343,0.36288,3.6288,61.308,0.30093,0,0,2.18288,0.193089,1.68886,0.66528,12.849,1,0.466444,0.36288,0,117.652,3.67531,113.873,0.84672,12.849,0.84672,3695.15,0,0,0,2.73657,1.61595,19.6345,0.870315,23.1167,0.42336,0,0.42336,460.49,0,1.02816,0,0,3.76473,2.73657,1.028160,1,0,138.678,0,0,0,138.678,0
77.9281,2.4745,0,0,3.7476,0.332758,0.36288,3.6288,61.308,0.19794,0,0,1.61981,0.198733,1.22314,0.66528,12.849,1,0.411049,0.36288,0,70.8738,3.57618,67.2495,0.84672,12.849,0.84672,3695.15,0,0,0,1.67017,1.61617,11.9334,0.884602,14.3351,0.42336,0,0.42336,460.49,0,1.02816,0,0,2.69833,1.67017,1.028160,1,0,82.8078,0,0,0,82.8078,0
79.7053,2.47753,0,0,4.97655,0.358985,0.36288,3.6288,61.308,0.198078,0,0,0.789504,0.206259,0.385167,0.66528,12.849,1,0.408501,0.36288,0,63.419,3.444,59.9294,0.84672,12.849,0.84672,3695.15,0,0,0,1.11561,1.48804,11.8442,0.903653,13.5442,0.42336,0,0.42336,460.49,0,1.02816,0,0,2.14377,1.11561,1.028160,1,0,73.8588,0,0,0,73.8588,0
80.6392,2.48578,0,0,4.14785,0.365302,0.36288,3.6288,61.308,0.198216,0,0,1.39588,0.206259,0.991403,0.66528,12.849,1,0.400723,0.36288,0,80.5231,3.444,77.0412,0.84672,12.849,0.84672,3695.15,0,0,0,1.37743,1.48823,9.58124,0.903653,11.5433,0.42336,0,0.42336,460.49,0,1.02816,0,0,2.40559,1.37743,1.028160,1,0,89.5759,0,0,0,89.5759,0
82.7487,2.49019,0,0,5.33123,0.368621,0.36288,3.6288,61.308,0.198354,0,0,4.60748,0.206259,4.20287,0.66528,12.849,1,0.396786,0.36288,0,110.412,3.444,106.934,0.84672,12.849,0.84672,3695.15,0,0,0,4.88808,1.48843,15.1921,0.903653,20.6649,0.42336,0,0.42336,460.49,0,1.02816,0,0,5.91624,4.88808,1.028160,1,0,131.802,0,0,0,131.802,0
83.0563,2.49936,0,0,3.62307,0.45321,0.36288,3.6288,61.308,0.198492,0,0,1.56826,0.201613,1.16816,0.66528,12.849,1,0.388094,0.36288,0,49.0246,4.1964,44.803,0.84672,12.849,0.84672,3695.15,0,0,0,1.93613,1.48862,8.0011,1.21996,10.2059,0.42336,0,0.42336,460.49,0,1.02816,0,0,2.96429,1.93613,1.028160,1,0,56.177,0,0,0,56.177,0
84.8966,2.58756,0,0,5.18173,0.391071,0.36288,3.6288,61.308,0.228514,0,0,3.37168,0.217362,2.92581,0.66528,12.849,1,0.400301,0.36288,0,147.811,3.62397,144.149,0.84672,12.849,0.84672,3695.15,0,0,0,3.82235,1.48882,15.0822,0.893922,19.4994,0.42336,0,0.42336,460.49,0,1.02816,0,0,4.85051,3.82235,1.028160,1,0,166.574,0,0,0,166.574,0
89.1308,2.59549,0,0,7.58167,0.38907,0.36288,3.6288,61.308,0.228647,0,0,3.39883,0.211219,2.95896,0.66528,12.849,1,0.392825,0.36288,0,180.673,3.40085,177.242,0.84672,12.849,0.84672,3695.15,0,0,0,4.53387,1.53083,18.4245,0.797417,23.6918,0.42336,0,0.42336,460.49,0,1.02816,0,0,5.56203,4.53387,1.028160,1,0,203.893,0,0,0,203.893,0
91.5283,2.6122,0,0,5.77689,0.404329,0.36288,3.6288,61.308,0.22878,0,0,3.09152,0.211219,2.65152,0.66528,12.849,1,0.376572,0.36288,0,113.281,3.40085,109.866,0.84672,12.849,0.84672,3695.15,0,0,0,3.27824,1.53102,12.741,0.797417,16.7528,0.42336,0,0.42336,460.49,0,1.02816,0,0,4.3064,3.27824,1.028160,1,0,129.271,0,0,0,129.271,0
93.4033,2.62126,0,0,5.27215,0.412969,0.36288,3.6288,61.308,0.228913,0,0,3.40742,0.211219,2.96729,0.66528,12.849,1,0.367979,0.36288,0,83.5255,3.40085,80.1195,0.84672,12.849,0.84672,3695.15,0,0,0,3.98352,1.53121,13.8934,0.797417,18.6107,0.42336,0,0.42336,460.49,0,1.02816,0,0,5.01168,3.98352,1.028160,1,0,101.698,0,0,0,101.698,0
93.9054,2.91043,0,0,4.21567,0.440225,0.36288,3.6288,61.308,0.341311,0,0,2.60754,0.191359,2.07487,0.66528,12.849,1,0.400372,0.36288,0,86.0875,3.47284,82.5772,0.84672,12.849,0.84672,3695.15,0,0,0,2.71418,1.5314,11.31,0.866973,14.6886,0.42336,0,0.42336,460.49,0,1.02816,0,0,3.74234,2.71418,1.028160,1,0,99.3407,0,0,0,99.3407,0
94.492,2.91275,0,0,4.31978,0.457564,0.36288,3.6288,61.308,0.34146,0,0,3.18036,0.176464,2.66243,0.66528,12.849,1,0.398549,0.36288,0,159.404,3.52685,155.842,0.84672,12.849,0.84672,3695.15,0,0,0,3.68891,1.6785,17.0505,0.919139,21.4988,0.42336,0,0.42336,460.49,0,1.02816,0,0,4.71707,3.68891,1.028160,1,0,180.003,0,0,0,180.003,0
94.3388,2.91537,0,0,3.58489,0.459858,0.36288,3.6288,61.308,0.341609,0,0,2.58257,0.176464,2.06449,0.66528,12.849,1,0.396432,0.36288,0,67.6201,3.52685,64.0597,0.84672,12.849,0.84672,3695.15,0,0,0,2.67735,1.67871,12.902,0.919139,16.3389,0.42336,0,0.42336,460.49,0,1.02816,0,0,3.70551,2.67735,1.028160,1,0,82.4631,0,0,0,82.4631,0
93.6488,2.91525,0,0,3.05953,0.471362,0.36288,3.6288,61.308,0.341758,0,0,2.69262,0.172695,2.17817,0.66528,12.849,1,0.397059,0.36288,0,61.327,3.54873,57.7441,0.84672,12.849,0.84672,3695.15,0,0,0,2.88185,1.67892,12.7282,0.909556,16.3794,0.42336,0,0.42336,460.49,0,1.02816,0,0,3.91001,2.88185,1.028160,1,0,76.3016,0,0,0,76.3016,0
94.0941,2.51016,0,0,3.85334,0.535037,0.36288,3.6288,61.308,0.191162,0,0,3.07146,0.145029,2.73527,0.66528,12.849,1,0.344404,0.36288,0,77.942,3.65274,74.3078,0.84672,12.849,0.84672,3695.15,0,0,0,3.68554,1.67913,16.2974,0.902453,20.7596,0.42336,0,0.42336,460.49,0,1.02816,0,0,4.7137,3.68554,1.028160,1,0,97.8026,0,0,0,97.8026,0
94.806,2.51198,0,0,4.11946,0.53275,0.36288,3.6288,61.308,0.191289,0,0,2.07941,0.141237,1.74688,0.66528,12.849,1,0.343023,0.36288,0,82.9457,3.63226,79.3333,0.84672,12.849,0.84672,3695.15,0,0,0,2.94349,1.47699,12.563,0.940251,16.0432,0.42336,0,0.42336,460.49,0,1.02816,0,0,3.97165,2.94349,1.028160,1,0,97.1234,0,0,0,97.1234,0
94.786,2.51464,0,0,3.39352,0.535986,0.36288,3.6288,61.308,0.191417,0,0,1.48053,0.141237,1.14788,0.66528,12.849,1,0.340807,0.36288,0,71.0424,3.63226,67.4322,0.84672,12.849,0.84672,3695.15,0,0,0,1.96124,1.47717,10.617,0.940251,13.1152,0.42336,0,0.42336,460.49,0,1.02816,0,0,2.9894,1.96124,1.028160,1,0,81.6952,0,0,0,81.6952,0
95.033,2.51496,0,0,3.6608,0.535896,0.36288,3.6288,61.308,0.191545,0,0,1.76053,0.141237,1.42775,0.66528,12.849,1,0.340923,0.36288,0,80.4678,3.63226,76.8575,0.84672,12.849,0.84672,3695.15,0,0,0,2.08261,1.47736,8.63343,0.940251,11.2531,0.42336,0,0.42336,460.49,0,1.02816,0,0,3.11077,2.08261,1.028160,1,0,89.5384,0,0,0,89.5384,0
97.5055,2.51613,0,0,5.88675,0.535256,0.36288,3.6288,61.308,0.191673,0,0,3.61855,0.120955,3.30592,0.66528,12.849,1,0.340195,0.36288,0,154.385,3.25897,151.148,0.84672,12.849,0.84672,3695.15,0,0,0,5.32759,1.47754,20.3122,0.886023,26.2313,0.42336,0,0.42336,460.49,0,1.02816,0,0,6.35575,5.32759,1.028160,1,0,180.686,0,0,0,180.686,0
97.506,2.62613,0,0,4.76004,0.560318,1.57313,3.6288,61.308,0.228705,0,0,2.75476,0.11953,2.40653,0.66528,12.849,1,0.346064,1.57313,0,133.218,2.90199,131.543,0.84672,12.849,0.84672,3695.15,0,0,0,4.43398,1.47772,19.9415,0.883112,24.9701,0.42336,0,0.42336,460.49,0,1.02816,0,0,5.46214,4.43398,1.028160,1,0,158.919,0,0,0,158.919,0
97.506,2.62653,0,0,4.49059,0.560321,1.30373,3.6288,61.308,0.228838,0,0,2.98865,0.11953,2.64028,0.66528,12.849,1,0.346115,1.30373,0,153.732,2.90199,151.788,0.84672,12.849,0.84672,3695.15,0,0,0,4.46776,1.52804,20.058,0.883112,25.1707,0.42336,0,0.42336,460.49,0,1.02816,0,0,5.49592,4.46776,1.028160,1,0,179.599,0,0,0,179.599,0
97.506,2.62694,0,0,4.0101,0.468218,0.914945,3.6288,61.308,0.228971,0,0,2.81561,0.148075,2.43857,0.66528,12.849,1,0.346169,0.914945,0,141.912,3.25101,139.23,0.84672,12.849,0.84672,3695.15,0,0,0,4.36854,1.52823,20.6957,0.951813,25.6406,0.42336,0,0.42336,460.49,0,1.02816,0,0,5.3967,4.36854,1.028160,1,0,167.309,0,0,0,167.309,0
97.506,2.62734,0,0,3.44612,0.452868,0.365917,3.6288,61.308,0.229104,0,0,2.12784,0.152833,1.74591,0.66528,12.849,1,0.346222,0.365917,0,92.9197,3.30918,89.6303,0.84672,12.849,0.84672,3695.15,0,0,0,3.40635,1.52842,15.1577,0.963264,19.1292,0.42336,0,0.42336,460.49,0,1.02816,0,0,4.43451,3.40635,1.028160,1,0,110.505,0,0,0,110.505,0
97.506,2.58784,0,0,3.48146,0.468952,0.424666,3.6288,61.308,0.214896,0,0,2.31114,0.189216,1.90703,0.66528,12.849,1,0.341017,0.424666,0,94.754,3.96434,90.8733,0.84672,12.849,0.84672,3695.15,0,0,0,2.72265,1.52861,13.283,1.01583,16.5184,0.42336,0,0.42336,460.49,0,1.02816,0,0,3.75081,2.72265,1.028160,1,0,109.299,0,0,0,109.299,0
97.4065,2.58824,0,0,3.2666,0.414975,0.36288,3.6288,61.308,0.215027,0,0,2.07177,0.2062,1.65054,0.66528,12.849,1,0.34107,0.36288,0,88.5686,4.17081,84.4196,0.84672,12.849,0.84672,3695.15,0,0,0,2.71598,1.50925,12.2494,1.03138,15.4433,0.42336,0,0.42336,460.49,0,1.02816,0,0,3.74414,2.71598,1.028160,1,0,101.513,0,0,0,101.513,0
97.0992,2.58833,0,0,3.05851,0.414633,0.36288,3.6288,61.308,0.215158,0,0,2.07827,0.2062,1.65692,0.66528,12.849,1,0.34143,0.36288,0,81.5037,4.17081,77.3544,0.84672,12.849,0.84672,3695.15,0,0,0,2.60763,1.50944,11.5983,1.03138,14.684,0.42336,0,0.42336,460.49,0,1.02816,0,0,3.63579,2.60763,1.028160,1,0,93.6953,0,0,0,93.6953,0
96.6626,2.58778,0,0,2.92763,0.413575,0.36288,3.6288,61.308,0.215289,0,0,2.57992,0.2062,2.15843,0.66528,12.849,1,0.342437,0.36288,0,77.6796,4.17081,73.5293,0.84672,12.849,0.84672,3695.15,0,0,0,3.38509,1.50963,13.9067,1.03138,17.77,0.42336,0,0.42336,460.49,0,1.02816,0,0,4.41325,3.38509,1.028160,1,0,93.4577,0,0,0,93.4577,0
95.848,2.72218,0,0,2.64881,0.37829,0.36288,3.6288,61.308,0.266306,0,0,1.96582,0.188686,1.51083,0.66528,12.849,1,0.361849,0.36288,0,68.0625,4.03126,64.0322,0.84672,12.849,0.84672,3695.15,0,0,0,2.29695,1.50981,11.2901,0.983731,14.1131,0.42336,0,0.42336,460.49,0,1.02816,0,0,3.32511,2.29695,1.028160,1,0,79.6562,0,0,0,79.6562,0
94.9381,2.71989,0,0,2.43942,0.266533,0.36288,3.6288,61.308,0.266444,0,0,1.64632,0.24682,1.13305,0.66528,12.849,1,0.364617,0.36288,0,60.9602,4.6199,56.3386,0.84672,12.849,0.84672,3695.15,0,0,0,1.70534,1.57805,9.96676,1.20761,12.0425,0.42336,0,0.42336,460.49,0,1.02816,0,0,2.7335,1.70534,1.028160,1,0,69.5142,0,0,0,69.5142,0
93.9996,2.71722,0,0,2.40608,0.264494,0.36288,3.6288,61.308,0.266582,0,0,1.65116,0.24682,1.13775,0.66528,12.849,1,0.367751,0.36288,0,57.6846,4.6199,53.0598,0.84672,12.849,0.84672,3695.15,0,0,0,1.82127,1.57825,9.48905,1.20761,11.681,0.42336,0,0.42336,460.49,0,1.02816,0,0,2.84943,1.82127,1.028160,1,0,65.8786,0,0,0,65.8786,0
92.7936,2.71441,0,0,2.15828,0.287016,0.36288,3.6288,61.308,0.266721,0,0,1.57448,0.24287,1.06489,0.66528,12.849,1,0.371038,0.36288,0,54.477,4.36605,50.1028,0.84672,12.849,0.84672,3695.15,0,0,0,1.83721,1.57844,8.73936,1.2174,10.9376,0.42336,0,0.42336,460.49,0,1.02816,0,0,2.86537,1.83721,1.028160,1,0,62.1053,0,0,0,62.1053,0
91.5022,2.71059,0,0,2.04593,0.263893,0.36288,3.6288,61.308,0.266859,0,0,1.49325,0.252763,0.97363,0.66528,12.849,1,0.375331,0.36288,0,48.2317,4.22671,43.9925,0.84672,12.849,0.84672,3695.15,0,0,0,1.82512,1.57864,8.01075,1.25284,10.1617,0.42336,0,0.42336,460.49,0,1.02816,0,0,2.85328,1.82512,1.028160,1,0,55.1278,0,0,0,55.1278,0
90.1682,2.67974,0,0,1.91131,0.202611,0.36288,3.6288,61.308,0.294984,0,0,1.12591,0.285613,0.545316,0.66528,12.849,1,0.376297,0.36288,0,32.6127,4.9727,27.6266,0.84672,12.849,0.84672,3695.15,0,0,0,1.39041,1.57883,5.93584,1.25382,7.65126,0.42336,0,0.42336,460.49,0,1.02816,0,0,2.41857,1.39041,1.028160,1,0,35.8232,0,0,0,35.8232,0
88.7279,2.67528,0,0,1.79804,0.200252,0.36288,3.6288,61.308,0.295126,0,0,1.06208,0.285613,0.481341,0.66528,12.849,1,0.381228,0.36288,0,32.3713,4.9727,27.3803,0.84672,12.849,0.84672,3695.15,0,0,0,1.23009,1.59496,6.20381,1.25382,7.77504,0.42336,0,0.42336,460.49,0,1.02816,0,0,2.25825,1.23009,1.028160,1,0,35.6367,0,0,0,35.6367,0
87.1342,2.67028,0,0,1.63724,0.197705,0.36288,3.6288,61.308,0.295269,0,0,1.05135,0.285613,0.470468,0.66528,12.849,1,0.386693,0.36288,0,32.121,4.9727,27.1245,0.84672,12.849,0.84672,3695.15,0,0,0,1.2333,1.59516,5.97087,1.25382,7.54551,0.42336,0,0.42336,460.49,0,1.02816,0,0,2.26146,1.2333,1.028160,1,0,35.1405,0,0,0,35.1405,0
85.3933,2.66453,0,0,1.48133,0.194887,0.36288,3.6288,61.308,0.295411,0,0,0.975698,0.285613,0.394674,0.66528,12.849,1,0.392917,0.36288,0,28.8449,4.9727,23.8422,0.84672,12.849,0.84672,3695.15,0,0,0,0.952785,1.59536,5.72664,1.25382,7.02097,0.42336,0,0.42336,460.49,0,1.02816,0,0,1.98094,0.952785,1.028160,1,0,31.2578,0,0,0,31.2578,0
83.4964,2.72614,0,0,1.35645,0.164331,0.36288,3.6288,61.308,0.320509,0,0,0.766739,0.321453,0.124776,0.66528,12.849,1,0.410198,0.36288,0,22.9616,5.852,17.0623,0.84672,12.849,0.84672,3695.15,0,0,0,0.731074,1.59556,4.54787,1.46501,5.40949,0.42336,0,0.42336,460.49,0,1.02816,0,0,1.75923,0.731074,1.028160,1,0,22.5965,0,0,0,22.5965,0
81.5598,2.71848,0,0,1.30562,0.160786,0.36288,3.6288,61.2892,0.320655,0,0,0.622244,0.320433,0,0.66528,12.849,1,0.418338,0.36288,0,27.5642,6.00611,21.5026,0.84672,12.849,0.84672,3695.15,0,0,0,0.813542,1.62973,4.5746,1.47735,5.54053,0.42336,0,0.42336,460.49,0,1.02816,0,0,1.8417,0.813542,1.028160,1,0,27.0432,0,0,0,27.0432,0
79.5513,2.71031,0,0,1.22251,0.157864,0.36288,3.6288,61.2266,0.320801,0,0,0.578664,0.320394,0,0.66528,12.849,1,0.426984,0.36288,0,22.1314,6.00611,16.0611,0.84672,12.849,0.84672,3695.15,0,0,0,0.779414,1.62993,4.12364,1.47735,5.05564,0.42336,0,0.42336,460.49,0,1.02816,0,0,1.80757,0.779414,1.028160,1,0,21.1168,0,0,0,21.1168,0
77.4452,2.70144,0,0,1.11306,0.154833,0.36288,3.6288,61.1348,0.320947,0,0,0.549367,0.320268,0,0.66528,12.849,1,0.436332,0.36288,0,20.1698,6.00611,14.0903,0.84672,12.849,0.84672,3695.15,0,0,0,0.501258,1.63014,3.84642,1.47735,4.50047,0.42336,0,0.42336,460.49,0,1.02816,0,0,1.52942,0.501258,1.028160,1,0,18.5907,0,0,0,18.5907,0
75.3211,2.88876,0,0,1.27513,0.147548,0.36288,3.6288,61.0426,0.411222,0,0,0.635376,0.316373,0,0.66528,12.849,1,0.479277,0.36288,0,20.1649,6.25563,13.7929,0.84672,12.849,0.84672,3695.15,0,0,0,1.09138,1.63034,5.45397,1.52514,6.65055,0.42336,0,0.42336,460.49,0,1.02816,0,0,2.11954,1.09138,1.028160,1,0,20.4434,0,0,0,20.4434,0
73.1831,2.87765,0,0,1.27357,0.171037,0.36288,3.6288,60.8375,0.41138,0,0,0.519575,0.313211,0,0.66528,12.849,1,0.490897,0.36288,0,18.6486,6.50097,12.0196,0.84672,12.849,0.84672,3695.15,0,0,0,0.885946,1.74324,3.9357,1.55394,5.01094,0.42336,0,0.42336,460.49,0,1.02816,0,0,1.91411,0.885946,1.028160,1,0,17.0305,0,0,0,17.0305,0
70.8358,2.86589,0,0,1.04876,0.167321,0.36288,3.6288,60.5654,0.411539,0,0,0.452223,0.312805,0,0.66528,12.849,1,0.503173,0.36288,0,23.1511,6.50097,16.5099,0.84672,12.849,0.84672,3695.15,0,0,0,0.663146,1.74345,3.51126,1.55394,4.36392,0.42336,0,0.42336,460.49,0,1.02816,0,0,1.69131,0.663146,1.028160,1,0,20.8738,0,0,0,20.8738,0
68.6604,2.85221,0,0,1.16019,0.120562,0.36288,3.6288,60.4627,0.411697,0,0,0.621206,0.312265,0,0.66528,12.849,1,0.517365,0.36288,0,19.8489,6.50097,13.1935,0.84672,12.849,0.84672,3695.15,0,0,0,1.18589,1.74367,4.19604,1.55394,5.57166,0.42336,0,0.42336,460.49,0,1.02816,0,0,2.21405,1.18589,1.028160,1,0,18.7651,0,0,0,18.7651,0
66.4152,2.83883,0,0,1.07754,0.121018,0.36288,3.6288,60.2518,0.411856,0,0,0.499303,0.298345,0,0.66528,12.849,1,0.531254,0.36288,0,19.043,6.13128,12.7433,0.84672,12.849,0.84672,3695.15,0,0,0,1.0105,1.74389,4.76727,1.41003,6.11162,0.42336,0,0.42336,460.49,0,1.02816,0,0,2.03866,1.0105,1.028160,1,0,18.855,0,0,0,18.855,0
64.2182,2.73031,0,0,1.04258,0.146386,0.36288,3.6288,60.1024,0.357271,0,0,0.506291,0.298419,0,0.66528,12.849,1,0.528219,0.36288,0,13.6302,5.89983,7.56504,0.84672,12.849,0.84672,3695.15,0,0,0,0.731955,1.74411,3.42034,1.5597,4.3367,0.42336,0,0.42336,460.49,0,1.02816,0,0,1.76011,0.731955,1.028160,1,0,11.9017,0,0,0,11.9017,0
62.3827,2.71566,0,0,1.39624,0.153187,0.36288,3.6288,60.0763,0.357422,0,0,0.622647,0.291287,0,0.66528,12.849,1,0.54336,0.36288,0,18.0864,5.84462,12.0613,0.84672,12.849,0.84672,3695.15,0,0,0,1.30198,1.68103,4.20394,1.54074,5.64621,0.42336,0,0.42336,460.49,0,1.02816,0,0,2.33014,1.30198,1.028160,1,0,17.7075,0,0,0,17.7075,0
60.9247,2.70282,0,0,1.75865,0.150915,0.36288,3.6288,60.361,0.357572,0,0,0.933509,0.291239,0,0.66528,12.849,1,0.556701,0.36288,0,36.8116,5.84462,30.7731,0.84672,12.849,0.84672,3695.15,0,0,0,2.4679,1.68124,5.8068,1.54074,8.4152,0.42336,0,0.42336,460.49,0,1.02816,0,0,3.49606,2.4679,1.028160,1,0,39.1884,0,0,0,39.1884,0
59.2986,2.69223,0,0,1.64374,0.214746,0.36288,3.6288,60.3659,0.357723,0,0,0.631798,0.269218,0,0.66528,12.849,1,0.567789,0.36288,0,28.9472,5.79259,22.9497,0.84672,12.849,0.84672,3695.15,0,0,0,1.30299,1.68145,3.50016,1.56409,4.92051,0.42336,0,0.42336,460.49,0,1.02816,0,0,2.33115,1.30299,1.028160,1,0,27.8702,0,0,0,27.8702,0
57.3315,2.60419,0,0,1.23944,0.239437,0.36288,3.6288,60.3403,0.308016,0,0,0.52534,0.242846,0,0.66528,12.849,1,0.564284,0.36288,0,23.1511,5.27778,17.6719,0.84672,12.849,0.84672,3695.15,0,0,0,0.6999,1.68166,2.69732,1.36714,3.71174,0.42336,0,0.42336,460.49,0,1.02816,0,0,1.72806,0.6999,1.028160,1,0,21.3836,0,0,0,21.3836,0
55.4712,2.58877,0,0,1.31101,0.219704,0.36288,3.6288,60.3299,0.30816,0,0,0.533415,0.235707,0,0.66528,12.849,1,0.580188,0.36288,0,25.9001,4.92093,20.7619,0.84672,12.849,0.84672,3695.15,0,0,0,0.557211,1.6261,4.34003,1.2063,5.31704,0.42336,0,0.42336,460.49,0,1.02816,0,0,1.58537,0.557211,1.028160,1,0,26.0789,0,0,0,26.0789,0
54.1162,2.57336,0,0,1.81105,0.229835,0.36288,3.6288,60.4983,0.308304,0,0,0.707603,0.230876,0,0.66528,12.849,1,0.596077,0.36288,0,44.2516,4.77795,39.2404,0.84672,12.849,0.84672,3695.15,0,0,0,1.0432,1.6263,4.15564,1.18554,5.63961,0.42336,0,0.42336,460.49,0,1.02816,0,0,2.07136,1.0432,1.028160,1,0,44.88,0,0,0,44.88,0
55.1869,2.33666,0,0,4.03185,0.2616,0.36288,3.6288,61.308,0.225512,0,0,1.44287,0.219074,0.188595,0.66528,12.849,1,0.554803,0.36288,0,53.6754,4.4205,49.063,0.84672,12.849,0.84672,3695.15,0,0,0,1.94413,1.62651,7.63725,1.13362,10.0743,0.42336,0,0.42336,460.49,0,1.02816,0,0,2.97229,1.94413,1.028160,1,0,59.3258,0,0,0,59.3258,0
56.1434,2.35951,0,0,3.93971,0.260833,0.36288,3.6288,61.308,0.204695,0,0,0.884779,0.227436,0.452648,0.66528,12.849,1,0.549357,0.36288,0,59.254,4.47342,54.5941,0.84672,12.849,0.84672,3695.15,0,0,0,1.81666,1.51045,6.2155,1.15217,8.39044,0.42336,0,0.42336,460.49,0,1.02816,0,0,2.84482,1.81666,1.028160,1,0,63.4372,0,0,0,63.4372,0
58.5736,2.36749,0,0,5.41483,0.254232,0.36288,3.6288,61.308,0.204824,0,0,0.498053,0.245524,0.0477045,0.66528,12.849,1,0.541824,0.36288,0,59.9393,4.60572,55.1546,0.84672,12.849,0.84672,3695.15,0,0,0,1.95019,1.49762,4.22551,1.19853,6.47479,0.42336,0,0.42336,460.49,0,1.02816,0,0,2.97835,1.95019,1.028160,1,0,61.6771,0,0,0,61.6771,0
61.0677,2.34404,0,0,5.4614,0.260367,0.36288,3.6288,61.308,0.190027,0,0,0.766106,0.245524,0.330556,0.66528,12.849,1,0.5142,0.36288,0,71.8916,4.60572,67.1346,0.84672,12.849,0.84672,3695.15,0,0,0,3.47162,1.49781,7.76259,1.19853,11.5335,0.42336,0,0.42336,460.49,0,1.02816,0,0,4.49978,3.47162,1.028160,1,0,78.9986,0,0,0,78.9986,0
61.4947,2.36175,0,0,3.41071,0.259072,0.36288,3.6288,61.2225,0.190154,0,0,0.324434,0.219776,0,0.66528,12.849,1,0.496927,0.36288,0,41.6845,4.13705,37.4135,0.84672,12.849,0.84672,3695.15,0,0,0,1.19167,1.47681,3.34398,1.06375,4.94871,0.42336,0,0.42336,460.49,0,1.02816,0,0,2.21983,1.19167,1.028160,1,0,42.3622,0,0,0,42.3622,0
61.8788,2.19447,0,0,3.19156,0.250152,0.36288,3.6288,61.2784,0.130556,0,0,0.371748,0.185345,0,0.66528,12.849,1,0.458522,0.36288,0,45.029,3.51214,41.4212,0.84672,12.849,0.84672,3695.15,0,0,0,0.821362,1.47699,3.60162,0.884036,5.01593,0.42336,0,0.42336,460.49,0,1.02816,0,0,1.84952,0.821362,1.028160,1,0,46.4371,0,0,0,46.4371,0
64.5288,2.27383,0,0,5.52012,0.233382,0.36288,3.6288,61.308,0.158362,0,0,1.84119,0.233679,1.4195,0.66528,12.849,1,0.472155,0.36288,0,108.543,4.17356,104.26,0.84672,12.849,0.84672,3695.15,0,0,0,2.66776,1.39239,11.3937,1.0808,14.3731,0.42336,0,0.42336,460.49,0,1.02816,0,0,3.69592,2.66776,1.028160,1,0,120.053,0,0,0,120.053,0
66.8633,2.29033,0,0,5.22321,0.235485,0.36288,3.6288,61.308,0.158477,0,0,2.18498,0.241769,1.78473,0.66528,12.849,1,0.456051,0.36288,0,89.8983,4.28379,85.5214,0.84672,12.849,0.84672,3695.15,0,0,0,3.81902,1.4313,11.9599,1.1136,16.0966,0.42336,0,0.42336,460.49,0,1.02816,0,0,4.84718,3.81902,1.028160,1,0,103.403,0,0,0,103.403,0
68.7438,2.30401,0,0,4.7873,0.239918,0.36288,3.6288,61.308,0.158592,0,0,1.75783,0.241769,1.35746,0.66528,12.849,1,0.442758,0.36288,0,143.114,4.28379,138.75,0.84672,12.849,0.84672,3695.15,0,0,0,2.63106,1.43147,10.3604,1.1136,13.3093,0.42336,0,0.42336,460.49,0,1.02816,0,0,3.65922,2.63106,1.028160,1,0,153.417,0,0,0,153.417,0
69.9948,2.31455,0,0,4.17188,0.243488,0.36288,3.6288,61.308,0.158707,0,0,1.55371,0.241769,1.15323,0.66528,12.849,1,0.432616,0.36288,0,95.9144,4.28379,91.5608,0.84672,12.849,0.84672,3695.15,0,0,0,2.82456,1.43163,8.32982,1.1136,11.4724,0.42336,0,0.42336,460.49,0,1.02816,0,0,3.85272,2.82456,1.028160,1,0,104.186,0,0,0,104.186,0
71.7143,2.57277,0,0,4.89584,0.240668,0.36288,3.6288,61.308,0.262829,0,0,2.26078,0.232434,1.76551,0.66528,12.849,1,0.472285,0.36288,0,97.5542,3.90814,93.5367,0.84672,12.849,0.84672,3695.15,0,0,0,2.80974,1.43179,11.5778,1.08136,14.7379,0.42336,0,0.42336,460.49,0,1.02816,0,0,3.8379,2.80974,1.028160,1,0,110.04,0,0,0,110.04,0
74.775,2.58274,0,0,6.23966,0.233327,0.36288,3.6288,61.308,0.262957,0,0,2.84275,0.245845,2.33395,0.66528,12.849,1,0.462747,0.36288,0,126.954,3.80867,123.045,0.84672,12.849,0.84672,3695.15,0,0,0,3.13842,1.56806,15.1524,1.14563,18.7133,0.42336,0,0.42336,460.49,0,1.02816,0,0,4.16658,3.13842,1.028160,1,0,144.092,0,0,0,144.092,0
77.8991,2.59927,0,0,6.41306,0.326782,0.36288,3.6288,61.308,0.263086,0,0,2.66191,0.230172,2.16866,0.66528,12.849,1,0.446647,0.36288,0,130.801,3.677,127.04,0.84672,12.849,0.84672,3695.15,0,0,0,2.96965,1.56824,14.0311,1.08209,17.4869,0.42336,0,0.42336,460.49,0,1.02816,0,0,3.99781,2.96965,1.028160,1,0,146.696,0,0,0,146.696,0
81.0434,2.86564,0,0,6.75184,0.37904,0.36288,3.6288,61.308,0.349437,0,0,2.57325,0.209597,2.01422,0.66528,12.849,1,0.472671,0.36288,0,126.069,3.41944,122.54,0.84672,12.849,0.84672,3695.15,0,0,0,2.80355,1.56842,13.5537,0.994603,16.9311,0.42336,0,0.42336,460.49,0,1.02816,0,0,3.83171,2.80355,1.028160,1,0,141.485,0,0,0,141.485,0
82.996,2.4835,0,0,5.26536,0.466403,0.36288,3.6288,61.308,0.197749,0,0,2.44675,0.198009,2.05099,0.66528,12.849,1,0.393745,0.36288,0,124.73,3.21585,121.483,0.84672,12.849,0.84672,3695.15,0,0,0,2.61132,1.68993,14.4458,0.977431,17.7696,0.42336,0,0.42336,460.49,0,1.02816,0,0,3.63948,2.61132,1.028160,1,0,141.304,0,0,0,141.304,0
85.4456,2.44771,0,0,5.81431,0.55408,0.36288,3.6288,61.308,0.183055,0,0,2.01696,0.172634,1.66127,0.66528,12.849,1,0.378941,0.36288,0,117.412,2.90619,114.49,0.84672,12.849,0.84672,3695.15,0,0,0,2.43579,1.48633,13.8298,0.916477,16.8354,0.42336,0,0.42336,460.49,0,1.02816,0,0,3.46395,2.43579,1.028160,1,0,132.987,0,0,0,132.987,0
88.6626,2.50185,0,0,6.64862,0.566877,0.36288,3.6288,61.308,0.197988,0,0,2.94637,0.172634,2.57575,0.66528,12.849,1,0.376219,0.36288,0,139.06,2.90619,136.14,0.84672,12.849,0.84672,3695.15,0,0,0,2.59658,1.4655,21.7718,0.916477,24.9174,0.42336,0,0.42336,460.49,0,1.02816,0,0,3.62474,2.59658,1.028160,1,0,163.634,0,0,0,163.634,0
91.101,2.51413,0,0,5.85917,0.543818,0.36288,3.6288,61.308,0.198108,0,0,2.20394,0.207961,1.79787,0.66528,12.849,1,0.364348,0.36288,0,83.2827,3.9168,79.3644,0.84672,12.849,0.84672,3695.15,0,0,0,2.06165,1.48667,14.7467,1.06094,17.2341,0.42336,0,0.42336,460.49,0,1.02816,0,0,3.08981,2.06165,1.028160,1,0,98.3963,0,0,0,98.3963,0
92.7726,2.52304,0,0,5.10643,0.548896,0.36288,3.6288,61.308,0.198228,0,0,1.73464,0.213848,1.32257,0.66528,12.849,1,0.355853,0.36288,0,93.7146,4.08523,89.6364,0.84672,12.849,0.84672,3695.15,0,0,0,1.73843,1.48684,10.7997,1.08501,12.9399,0.42336,0,0.42336,460.49,0,1.02816,0,0,2.76659,1.73843,1.028160,1,0,103.899,0,0,0,103.899,0
97.506,2.63114,0,0,10.1962,0.43174,2.39996,3.6288,61.308,0.235515,0,0,5.54918,0.155639,5.15802,0.66528,12.849,1,0.364413,2.39996,0,204.775,4.26139,202.549,0.84672,12.849,0.84672,3695.15,0,0,0,4.99305,1.48701,24.672,1.16388,29.9882,0.42336,0,0.42336,460.49,0,1.02816,0,0,6.02121,4.99305,1.028160,1,0,237.695,0,0,0,237.695,0
97.506,2.64715,0,0,8.26072,0.451402,5.16217,3.6288,61.308,0.235639,0,0,2.74604,0.178836,2.33157,0.66528,12.849,1,0.348832,5.16217,0,170.134,4.24011,170.707,0.84672,12.849,0.84672,3695.15,0,0,0,2.89152,1.53768,15.3207,1.13944,18.6105,0.42336,0,0.42336,460.49,0,1.02816,0,0,3.91968,2.89152,1.028160,1,0,191.649,0,0,0,191.649,0
97.506,2.64753,0,0,5.28628,0.451402,2.18735,3.6288,61.308,0.235764,0,0,1.99682,0.178836,1.58222,0.66528,12.849,1,0.348882,2.18735,0,102.407,4.24011,100.006,0.84672,12.849,0.84672,3695.15,0,0,0,1.90363,1.53786,11.526,1.13944,13.8281,0.42336,0,0.42336,460.49,0,1.02816,0,0,2.93179,1.90363,1.028160,1,0,115.416,0,0,0,115.416,0
97.506,2.64791,0,0,4.52167,0.451402,1.42236,3.6288,61.308,0.235889,0,0,1.81391,0.178836,1.39918,0.66528,12.849,1,0.348932,1.42236,0,85.5334,4.24011,82.3667,0.84672,12.849,0.84672,3695.15,0,0,0,1.912,1.53804,10.3668,1.13944,12.6774,0.42336,0,0.42336,460.49,0,1.02816,0,0,2.94016,1.912,1.028160,1,0,96.4433,0,0,0,96.4433,0
97.506,2.6081,0,0,4.56018,0.360815,1.59126,3.6288,61.308,0.221571,0,0,2.83006,0.198313,2.41017,0.66528,12.849,1,0.343687,1.59126,0,81.0276,4.21498,78.0602,0.84672,12.849,0.84672,3695.15,0,0,0,2.59406,1.53821,13.1255,1.10539,16.1524,0.42336,0,0.42336,460.49,0,1.02816,0,0,3.62222,2.59406,1.028160,1,0,96.6228,0,0,0,96.6228,0
97.506,2.60848,0,0,4.86231,0.32458,1.92925,3.6288,61.308,0.221694,0,0,2.27191,0.206104,1.84411,0.66528,12.849,1,0.343736,1.92925,0,100.831,4.20493,98.212,0.84672,12.849,0.84672,3695.15,0,0,0,2.22289,1.51871,10.7017,1.09178,13.3515,0.42336,0,0.42336,460.49,0,1.02816,0,0,3.25105,2.22289,1.028160,1,0,113.408,0,0,0,113.408,0
97.506,2.60885,0,0,3.88922,0.32458,0.955789,3.6288,61.308,0.221817,0,0,1.69275,0.206104,1.26483,0.66528,12.849,1,0.343785,0.955789,0,88.2723,4.20493,84.6794,0.84672,12.849,0.84672,3695.15,0,0,0,2.01102,1.51888,9.45812,1.09178,11.8962,0.42336,0,0.42336,460.49,0,1.02816,0,0,3.03918,2.01102,1.028160,1,0,97.8404,0,0,0,97.8404,0
97.506,2.60922,0,0,3.5465,0.32458,0.612702,3.6288,61.308,0.221939,0,0,1.33682,0.206104,0.908772,0.66528,12.849,1,0.343834,0.612702,0,60.4557,4.20493,56.5197,0.84672,12.849,0.84672,3695.15,0,0,0,1.32831,1.51906,7.8929,1.09178,9.64849,0.42336,0,0.42336,460.49,0,1.02816,0,0,2.35647,1.32831,1.028160,1,0,67.0769,0,0,0,67.0769,0
97.3446,2.74606,0,0,3.2289,0.281369,0.36288,3.6288,61.308,0.273307,0,0,1.37129,0.210278,0.887704,0.66528,12.849,1,0.361866,0.36288,0,54.1133,4.25304,49.8612,0.84672,12.849,0.84672,3695.15,0,0,0,1.32621,1.51923,7.65893,1.08527,9.4191,0.42336,0,0.42336,460.49,0,1.02816,0,0,2.35437,1.32621,1.028160,1,0,60.168,0,0,0,60.168,0
97.0505,2.74592,0,0,3.05405,0.239363,0.36288,3.6288,61.308,0.273436,0,0,1.41681,0.211974,0.931403,0.66528,12.849,1,0.362448,0.36288,0,50.3417,4.1979,46.1443,0.84672,12.849,0.84672,3695.15,0,0,0,1.32966,1.58794,7.29838,1.00676,9.20922,0.42336,0,0.42336,460.49,0,1.02816,0,0,2.35782,1.32966,1.028160,1,0,56.2849,0,0,0,56.2849,0
96.4451,2.74534,0,0,2.74167,0.238779,0.36288,3.6288,61.308,0.273566,0,0,1.2306,0.211974,0.745056,0.66528,12.849,1,0.36347,0.36288,0,47.5927,4.1979,43.3942,0.84672,12.849,0.84672,3695.15,0,0,0,1.1745,1.58812,7.20948,1.00676,8.96534,0.42336,0,0.42336,460.49,0,1.02816,0,0,2.20266,1.1745,1.028160,1,0,53.1046,0,0,0,53.1046,0
95.6248,2.74372,0,0,2.49955,0.213289,0.36288,3.6288,61.308,0.273695,0,0,1.18748,0.226791,0.686995,0.66528,12.849,1,0.365535,0.36288,0,44.025,4.49135,39.531,0.84672,12.849,0.84672,3695.15,0,0,0,1.14922,1.5883,6.99408,1.08684,8.64477,0.42336,0,0.42336,460.49,0,1.02816,0,0,2.17738,1.14922,1.028160,1,0,48.8628,0,0,0,48.8628,0
94.736,2.74135,0,0,2.39504,0.179665,0.36288,3.6288,61.308,0.273825,0,0,1.05249,0.246547,0.532119,0.66528,12.849,1,0.368352,0.36288,0,43.4733,4.8826,38.5852,0.84672,12.849,0.84672,3695.15,0,0,0,0.874722,1.58849,6.5232,1.19361,7.7928,0.42336,0,0.42336,460.49,0,1.02816,0,0,1.90288,0.874722,1.028160,1,0,46.9101,0,0,0,46.9101,0
94.2477,2.71178,0,0,2.74746,0.161064,0.36288,3.6288,61.308,0.302137,0,0,1.00368,0.219595,0.48195,0.66528,12.849,1,0.367797,0.36288,0,47.6125,4.74054,42.8671,0.84672,12.849,0.84672,3695.15,0,0,0,1.10951,1.58867,6.12918,1.10539,7.72197,0.42336,0,0.42336,460.49,0,1.02816,0,0,2.13767,1.10951,1.028160,1,0,51.071,0,0,0,51.071,0
93.5148,2.71049,0,0,2.50086,0.160396,0.36288,3.6288,61.308,0.302271,0,0,0.938745,0.219595,0.416879,0.66528,12.849,1,0.369527,0.36288,0,45.7079,4.74054,40.9607,0.84672,12.849,0.84672,3695.15,0,0,0,0.823997,1.6049,5.75781,1.10539,7.08131,0.42336,0,0.42336,460.49,0,1.02816,0,0,1.85216,0.823997,1.028160,1,0,48.4589,0,0,0,48.4589,0
92.6075,2.70833,0,0,2.29961,0.135655,0.36288,3.6288,61.308,0.302404,0,0,0.896262,0.252503,0.341355,0.66528,12.849,1,0.372126,0.36288,0,40.5216,5.16399,35.3484,0.84672,12.849,0.84672,3695.15,0,0,0,0.814761,1.60509,5.54027,1.25996,6.70016,0.42336,0,0.42336,460.49,0,1.02816,0,0,1.84292,0.814761,1.028160,1,0,42.3899,0,0,0,42.3899,0
91.5972,2.70551,0,0,2.16124,0.103193,0.36288,3.6288,61.308,0.302537,0,0,0.836093,0.296379,0.237177,0.66528,12.849,1,0.375381,0.36288,0,35.972,5.72859,30.2309,0.84672,12.849,0.84672,3695.15,0,0,0,0.780589,1.60527,5.33352,1.46605,6.25333,0.42336,0,0.42336,460.49,0,1.02816,0,0,1.80875,0.780589,1.028160,1,0,36.7214,0,0,0,36.7214,0
90.508,2.77152,0,0,2.15154,0.106367,0.36288,3.6288,61.308,0.327801,0,0,0.963948,0.306378,0.329769,0.66528,12.849,1,0.388781,0.36288,0,40.2325,5.64993,34.5567,0.84672,12.849,0.84672,3695.15,0,0,0,0.808963,1.60546,5.0744,1.4511,6.03772,0.42336,0,0.42336,460.49,0,1.02816,0,0,1.83712,0.808963,1.028160,1,0,40.9242,0,0,0,40.9242,0
89.2604,2.76781,0,0,1.99148,0.108384,0.36288,3.6288,61.308,0.327937,0,0,0.833725,0.313877,0.191911,0.66528,12.849,1,0.392934,0.36288,0,33.337,5.59094,27.716,0.84672,12.849,0.84672,3695.15,0,0,0,0.841406,1.63986,4.92106,1.43988,5.96244,0.42336,0,0.42336,460.49,0,1.02816,0,0,1.86957,0.841406,1.028160,1,0,33.8704,0,0,0,33.8704,0
87.8886,2.76341,0,0,1.86168,0.107193,0.36288,3.6288,61.308,0.328074,0,0,0.771379,0.313877,0.129428,0.66528,12.849,1,0.397791,0.36288,0,31.6986,5.59094,26.0728,0.84672,12.849,0.84672,3695.15,0,0,0,0.680521,1.64004,4.31805,1.43988,5.19873,0.42336,0,0.42336,460.49,0,1.02816,0,0,1.70868,0.680521,1.028160,1,0,31.4009,0,0,0,31.4009,0
86.4981,2.75838,0,0,1.83665,0.105884,0.36288,3.6288,61.308,0.32821,0,0,0.834555,0.313877,0.192467,0.66528,12.849,1,0.403266,0.36288,0,29.4132,5.59094,23.7819,0.84672,12.849,0.84672,3695.15,0,0,0,0.795701,1.64023,4.88322,1.43988,5.87928,0.42336,0,0.42336,460.49,0,1.02816,0,0,1.82386,0.795701,1.028160,1,0,29.8537,0,0,0,29.8537,0
85.1182,2.95458,0,0,2.02465,0.0870413,0.36288,3.6288,61.308,0.419101,0,0,0.899433,0.294482,0.185849,0.66528,12.849,1,0.438893,0.36288,0,30.2771,5.74569,24.4554,0.84672,12.849,0.84672,3695.15,0,0,0,1.03437,1.64042,6.09563,1.48473,7.2857,0.42336,0,0.42336,460.49,0,1.02816,0,0,2.06253,1.03437,1.028160,1,0,31.9269,0,0,0,31.9269,0
83.6144,2.94881,0,0,1.95385,0.145935,0.36288,3.6288,61.308,0.41925,0,0,0.931548,0.282914,0.229384,0.66528,12.849,1,0.445138,0.36288,0,33.0717,5.21671,27.7727,0.84672,12.849,0.84672,3695.15,0,0,0,1.16492,1.75409,5.57609,1.34207,7.15304,0.42336,0,0.42336,460.49,0,1.02816,0,0,2.19308,1.16492,1.028160,1,0,35.1551,0,0,0,35.1551,0
82.0574,2.94229,0,0,1.89206,0.143906,0.36288,3.6288,61.308,0.419398,0,0,0.897826,0.282914,0.195514,0.66528,12.849,1,0.452141,0.36288,0,32.7793,5.21671,27.4733,0.84672,12.849,0.84672,3695.15,0,0,0,1.10576,1.7543,5.63401,1.34207,7.152,0.42336,0,0.42336,460.49,0,1.02816,0,0,2.13392,1.10576,1.028160,1,0,34.8208,0,0,0,34.8208,0
80.9633,2.93529,0,0,2.34585,0.141806,0.36288,3.6288,61.308,0.419546,0,0,0.961122,0.282914,0.258662,0.66528,12.849,1,0.459623,0.36288,0,32.0996,5.21671,26.7861,0.84672,12.849,0.84672,3695.15,0,0,0,1.34971,1.7545,8.26381,1.34207,10.0259,0.42336,0,0.42336,460.49,0,1.02816,0,0,2.37787,1.34971,1.028160,1,0,37.0707,0,0,0,37.0707,0
79.3014,2.93034,0,0,1.77538,0.144053,0.36288,3.6288,61.308,0.419695,0,0,0.85828,0.282955,0.155631,0.66528,12.849,1,0.46505,0.36288,0,30.3932,5.22781,25.0632,0.84672,12.849,0.84672,3695.15,0,0,0,1.11115,1.7547,5.46704,1.3399,6.99299,0.42336,0,0.42336,460.49,0,1.02816,0,0,2.13931,1.11115,1.028160,1,0,32.2118,0,0,0,32.2118,0
77.823,2.82526,0,0,1.98869,0.278904,0.36288,3.6288,61.308,0.364723,0,0,0.835652,0.264045,0.206884,0.66528,12.849,1,0.45777,0.36288,0,26.7897,4.41817,22.2766,0.84672,12.849,0.84672,3695.15,0,0,0,1.40622,1.75491,3.92983,1.21789,5.87307,0.42336,0,0.42336,460.49,0,1.02816,0,0,2.43438,1.40622,1.028160,1,0,28.3566,0,0,0,28.3566,0
76.434,2.8182,0,0,2.08586,0.293794,0.36288,3.6288,61.308,0.364864,0,0,0.789355,0.260853,0.163638,0.66528,12.849,1,0.465299,0.36288,0,33.1635,4.27214,28.789,0.84672,12.849,0.84672,3695.15,0,0,0,1.34171,1.69138,6.67493,1.19973,8.50829,0.42336,0,0.42336,460.49,0,1.02816,0,0,2.36987,1.34171,1.028160,1,0,37.4609,0,0,0,37.4609,0
75.0355,2.81135,0,0,2.0655,0.289749,0.36288,3.6288,61.308,0.365006,0,0,0.837536,0.260853,0.211677,0.66528,12.849,1,0.472605,0.36288,0,35.8248,4.27214,31.443,0.84672,12.849,0.84672,3695.15,0,0,0,1.4552,1.69158,4.75346,1.19973,6.70051,0.42336,0,0.42336,460.49,0,1.02816,0,0,2.48336,1.4552,1.028160,1,0,38.3551,0,0,0,38.3551,0
73.2247,2.80423,0,0,1.64197,0.285677,0.36288,3.6288,61.308,0.365147,0,0,0.740034,0.260853,0.114034,0.66528,12.849,1,0.480193,0.36288,0,27.1282,4.27214,22.7388,0.84672,12.849,0.84672,3695.15,0,0,0,1.15501,1.69177,4.96028,1.19973,6.60735,0.42336,0,0.42336,460.49,0,1.02816,0,0,2.18317,1.15501,1.028160,1,0,29.4601,0,0,0,29.4601,0
73.5061,2.71569,0,0,3.74374,0.383838,0.36288,3.6288,61.308,0.315089,0,0,1.21865,0.22939,0.674167,0.66528,12.849,1,0.476532,0.36288,0,58.5272,4.09235,54.3212,0.84672,12.849,0.84672,3695.15,0,0,0,1.27078,1.69197,10.5746,1.06325,12.4741,0.42336,0,0.42336,460.49,0,1.02816,0,0,2.29894,1.27078,1.028160,1,0,67.4694,0,0,0,67.4694,0
72.0866,2.71763,0,0,2.08707,0.425979,0.36288,3.6288,61.308,0.315224,0,0,0.944508,0.265577,0.363707,0.66528,12.849,1,0.475046,0.36288,0,47.5532,4.70326,42.7377,0.84672,12.849,0.84672,3695.15,0,0,0,1.72029,1.63602,5.71245,1.14598,7.92277,0.42336,0,0.42336,460.49,0,1.02816,0,0,2.74845,1.72029,1.028160,1,0,51.0242,0,0,0,51.0242,0
69.9249,2.71007,0,0,1.2201,0.308847,0.36288,3.6288,61.308,0.315359,0,0,0.616596,0.265577,0.0356603,0.66528,12.849,1,0.483054,0.36288,0,23.5469,4.70326,18.7234,0.84672,12.849,0.84672,3695.15,0,0,0,0.826468,1.63621,4.06178,1.14598,5.37847,0.42336,0,0.42336,460.49,0,1.02816,0,0,1.85463,0.826468,1.028160,1,0,24.1375,0,0,0,24.1375,0
68.4632,2.69784,0,0,1.9028,0.303774,0.36288,3.6288,61.308,0.315494,0,0,0.914265,0.265577,0.333194,0.66528,12.849,1,0.495739,0.36288,0,40.1307,4.70326,35.2946,0.84672,12.849,0.84672,3695.15,0,0,0,1.59875,1.63639,8.57444,1.14598,10.6636,0.42336,0,0.42336,460.49,0,1.02816,0,0,2.62691,1.59875,1.028160,1,0,46.2914,0,0,0,46.2914,0
67.9605,2.4676,0,0,2.66598,0.338246,0.36288,3.6288,61.308,0.211025,0,0,1.13839,0.249392,0.677971,0.66528,12.849,1,0.463112,0.36288,0,51.0466,4.26146,46.6849,0.84672,12.849,0.84672,3695.15,0,0,0,1.71643,1.63658,7.52176,1.07965,9.79512,0.42336,0,0.42336,460.49,0,1.02816,0,0,2.74459,1.71643,1.028160,1,0,57.158,0,0,0,57.158,0
67.3592,2.46507,0,0,2.51409,0.287401,0.36288,3.6288,61.308,0.211146,0,0,1.10693,0.237072,0.658713,0.66528,12.849,1,0.46606,0.36288,0,78.4063,4.11274,74.1903,0.84672,12.849,0.84672,3695.15,0,0,0,1.26824,1.50661,7.62468,1.04507,9.35445,0.42336,0,0.42336,460.49,0,1.02816,0,0,2.2964,1.26824,1.028160,1,0,84.2035,0,0,0,84.2035,0
69.4489,2.46193,0,0,5.20052,0.286045,0.36288,3.6288,61.308,0.211268,0,0,2.66649,0.237072,2.21815,0.66528,12.849,1,0.469621,0.36288,0,131.318,4.11274,127.099,0.84672,12.849,0.84672,3695.15,0,0,0,4.36143,1.50678,10.1062,1.04507,14.9293,0.42336,0,0.42336,460.49,0,1.02816,0,0,5.38959,4.36143,1.028160,1,0,144.247,0,0,0,144.247,0
70.8744,2.47421,0,0,4.53886,0.276244,0.36288,3.6288,61.308,0.211389,0,0,0.948439,0.231144,0.505906,0.66528,12.849,1,0.457762,0.36288,0,80.3226,3.80914,76.4186,0.84672,12.849,0.84672,3695.15,0,0,0,1.53763,1.50695,6.76942,0.994754,8.81925,0.42336,0,0.42336,460.49,0,1.02816,0,0,2.56579,1.53763,1.028160,1,0,85.7438,0,0,0,85.7438,0
72.2553,2.48235,0,0,4.4944,0.268292,0.36288,3.6288,61.308,0.21151,0,0,1.84744,0.226698,1.40923,0.66528,12.849,1,0.450032,0.36288,0,64.3173,3.58144,60.6487,0.84672,12.849,0.84672,3695.15,0,0,0,1.93654,1.50713,7.36984,0.957015,9.8565,0.42336,0,0.42336,460.49,0,1.02816,0,0,2.9647,1.93654,1.028160,1,0,71.9144,0,0,0,71.9144,0
72.7881,2.57605,0,0,3.74925,0.277559,0.36288,3.6288,61.308,0.241936,0,0,0.884366,0.18015,0.46228,0.66528,12.849,1,0.458092,0.36288,0,61.4249,3.4856,57.8441,0.84672,12.849,0.84672,3695.15,0,0,0,0.921612,1.5073,4.10916,0.855224,5.68284,0.42336,0,0.42336,460.49,0,1.02816,0,0,1.94977,0.921612,1.028160,1,0,63.9892,0,0,0,63.9892,0
73.0365,2.57924,0,0,3.57359,0.383007,0.36288,3.6288,61.308,0.242053,0,0,0.830087,0.161531,0.426503,0.66528,12.849,1,0.455303,0.36288,0,45.6151,3.44726,42.0755,0.84672,12.849,0.84672,3695.15,0,0,0,0.946659,1.54987,3.4642,0.814507,5.14622,0.42336,0,0.42336,460.49,0,1.02816,0,0,1.97482,0.946659,1.028160,1,0,47.6482,0,0,0,47.6482,0
73.5219,2.53538,0,0,3.76758,0.384,0.36288,3.6288,61.308,0.226645,0,0,1.13236,0.161531,0.744182,0.66528,12.849,1,0.446038,0.36288,0,64.8315,3.44726,61.301,0.84672,12.849,0.84672,3695.15,0,0,0,1.4732,1.55004,3.98723,0.814507,6.19596,0.42336,0,0.42336,460.49,0,1.02816,0,0,2.50136,1.4732,1.028160,1,0,68.2412,0,0,0,68.2412,0
78.3381,2.35594,0,0,7.92103,0.385939,0.36288,3.6288,61.308,0.164656,0,0,2.98757,0.161531,2.66138,0.66528,12.849,1,0.411735,0.36288,0,157.317,3.44726,153.821,0.84672,12.849,0.84672,3695.15,0,0,0,4.30853,1.52818,8.54562,0.814507,13.5678,0.42336,0,0.42336,460.49,0,1.02816,0,0,5.33669,4.30853,1.028160,1,0,170.05,0,0,0,170.05,0
80.2237,2.8877,0,0,5.57995,0.44383,0.36288,3.6288,61.308,0.356238,0,0,1.47693,0.173286,0.947407,0.66528,12.849,1,0.47364,0.36288,0,99.2994,3.83982,95.3489,0.84672,12.849,0.84672,3695.15,0,0,0,2.77318,1.44023,4.95942,0.921185,8.25165,0.42336,0,0.42336,460.49,0,1.02816,0,0,3.80134,2.77318,1.028160,1,0,104.548,0,0,0,104.548,0
79.6861,2.89768,0,0,3.22204,0.499021,0.36288,3.6288,61.308,0.356368,0,0,0.995268,0.185831,0.453068,0.66528,12.849,1,0.464105,0.36288,0,66.9571,4.50114,62.3548,0.84672,12.849,0.84672,3695.15,0,0,0,1.13959,1.6995,3.33999,1.10574,5.07334,0.42336,0,0.42336,460.49,0,1.02816,0,0,2.16775,1.13959,1.028160,1,0,67.8812,0,0,0,67.8812,0
79.2574,2.89536,0,0,3.32593,0.496424,0.36288,3.6288,61.308,0.356498,0,0,1.017,0.185831,0.474668,0.66528,12.849,1,0.466862,0.36288,0,69.3386,4.50114,64.7335,0.84672,12.849,0.84672,3695.15,0,0,0,1.02387,1.69968,3.27165,1.10574,4.88945,0.42336,0,0.42336,460.49,0,1.02816,0,0,2.05203,1.02387,1.028160,1,0,70.0976,0,0,0,70.0976,0
79.1823,2.89356,0,0,3.6532,0.471839,0.36288,3.6288,61.308,0.356628,0,0,1.04363,0.180071,0.506926,0.66528,12.849,1,0.469097,0.36288,0,77.0221,4.20832,72.7076,0.84672,12.849,0.84672,3695.15,0,0,0,1.28636,1.69987,3.69711,1.00649,5.67684,0.42336,0,0.42336,460.49,0,1.02816,0,0,2.31452,1.28636,1.028160,1,0,78.8914,0,0,0,78.8914,0
79.2055,2.4938,0,0,3.32091,0.441045,0.36288,3.6288,61.308,0.203917,0,0,0.961546,0.209554,0.548075,0.66528,12.849,1,0.404672,0.36288,0,66.5638,4.30466,62.2173,0.84672,12.849,0.84672,3695.15,0,0,0,0.957373,1.70005,3.28973,1.03756,4.90959,0.42336,0,0.42336,460.49,0,1.02816,0,0,1.98553,0.957373,1.028160,1,0,67.675,0,0,0,67.675,0
78.7451,2.45006,0,0,2.78686,0.434344,0.36288,3.6288,61.308,0.189116,0,0,1.01909,0.247382,0.58259,0.66528,12.849,1,0.397458,0.36288,0,57.9579,4.74978,53.1735,0.84672,12.849,0.84672,3695.15,0,0,0,0.611254,1.49508,5.27569,1.25619,6.12583,0.42336,0,0.42336,460.49,0,1.02816,0,0,1.63941,0.611254,1.028160,1,0,59.882,0,0,0,59.882,0
77.9743,2.44839,0,0,2.47288,0.432388,0.36288,3.6288,61.308,0.387721,0,0,0.826191,0.247382,0.191088,0.66528,12.849,1,0.399509,0.36288,0,62.49,4.74978,57.7036,0.84672,12.849,0.84672,3695.15,0,0,0,0.608429,1.47409,5.19604,1.25619,6.02238,0.42336,0,0.42336,460.49,0,0.829665,0,0,1.43809,0.608429,1.028160,1,0,63.9171,0,0,0,63.9171,0
76.9394,2.26896,0,0,2.02601,0.429115,0.36288,3.6288,61.308,0.129672,0,0,0.883189,0.247382,0.506135,0.66528,12.849,1,0.373891,0.36288,0,50.9449,4.74978,46.1841,0.84672,12.849,0.84672,3695.15,0,0,0,0.655353,1.47425,3.21676,1.25619,4.09017,0.42336,0,0.42336,460.49,0,1.02816,0,0,1.68351,0.655353,1.028160,1,0,50.7804,0,0,0,50.7804,0
77.1099,2.26496,0,0,3.26128,0.462862,0.36288,3.6288,61.308,0.243175,0,0,0.926182,0.212524,0.470483,0.66528,12.849,1,0.378251,0.36288,0,57.815,5.1609,52.6387,0.84672,12.849,0.84672,3695.15,0,0,0,0.558835,1.38981,2.85749,1.1754,3.63074,0.42336,0,0.42336,460.49,0,0.91476,0,0,1.4736,0.558835,1.028160,1,0,56.7399,0,0,0,56.7399,0
76.2899,2.35824,0,0,2.30829,0.407183,0.36288,3.6288,61.308,0.385812,0,0,0.669505,0.228388,0.0553056,0.66528,12.849,1,0.392959,0.36288,0,65.1743,5.15472,59.9895,0.84672,12.849,0.84672,3695.15,0,0,0,0.558835,1.38996,3.44288,1.24666,4.14501,0.42336,0,0.42336,460.49,0,0.806639,0,0,1.36547,0.558835,1.028160,1,0,64.1898,0,0,0,64.1898,0
75.6145,2.35494,0,0,2.43591,0.393463,0.36288,3.6288,61.308,0.175587,0,0,0.708636,0.232,0.301049,0.66528,12.849,1,0.396627,0.36288,0,59.82,5.14227,54.644,0.84672,12.849,0.84672,3695.15,0,0,0,0.558835,1.43686,4.29316,1.26078,5.02808,0.42336,0,0.42336,460.49,0,1.01697,0,0,1.57581,0.558835,1.028160,1,0,59.9731,0,0,0,59.9731,0
75.12,2.35223,0,0,2.56109,0.340535,0.36288,3.6288,61.308,0.254076,0,0,0.744682,0.251031,0.239575,0.66528,12.849,1,0.399708,0.36288,0,55.2831,5.37495,49.8713,0.84672,12.849,0.84672,3695.15,0,0,0,0.528595,1.43701,3.91798,1.30658,4.57701,0.42336,0,0.42336,460.49,0,0.938589,0,0,1.46718,0.528595,1.028160,1,0,54.6879,0,0,0,54.6879,0
74.2783,2.35029,0,0,2.23223,0.360732,0.36288,3.6288,61.308,0.358995,0,0,0.665738,0.263577,0.0431661,0.66528,12.849,1,0.402009,0.36288,0,49.76,5.4726,44.2483,0.84672,12.849,0.84672,3695.15,0,0,0,0.528595,1.43717,3.50696,1.42414,4.04858,0.42336,0,0.42336,460.49,0,0.833777,0,0,1.36237,0.528595,1.028160,1,0,48.34,0,0,0,48.34,0
73.5139,2.31083,0,0,2.20214,0.292821,0.36288,3.6288,61.308,0.236969,0,0,0.648877,0.2613,0.150607,0.66528,12.849,1,0.399737,0.36288,0,45.365,5.2083,40.1199,0.84672,12.849,0.84672,3695.15,0,0,0,0.528595,1.43732,3.26207,1.37077,3.85721,0.42336,0,0.42336,460.49,0,0.942538,0,0,1.47113,0.528595,1.028160,1,0,44.1277,0,0,0,44.1277,0
72.5113,2.3076,0,0,1.96976,0.301953,0.36288,3.6288,61.308,0.326585,0,0,0.600693,0.230174,0.0439348,0.66528,12.849,1,0.403329,0.36288,0,39.5948,4.50135,35.053,0.84672,12.849,0.84672,3695.15,0,0,0,0.528595,1.41925,2.94629,1.2223,3.67183,0.42336,0,0.42336,460.49,0,0.853027,0,0,1.38162,0.528595,1.028160,1,0,38.7688,0,0,0,38.7688,0
71.2303,2.30317,0,0,1.65018,0.265041,0.36288,3.6288,61.041,0.562537,0,0,0.524013,0.228449,0,0.66528,12.849,1,0.408121,0.36288,0,31.1214,4.54422,26.5319,0.84672,12.849,0.84672,3695.15,0,0,0,0.528595,1.4194,2.55829,1.20443,3.30185,0.42336,0,0.42336,460.49,0,0.617181,0,0,1.14578,0.528595,1.028160,1,0,29.8338,0,0,0,29.8338,0
69.8973,2.29726,0,0,1.45851,0.13144,0.36288,3.6288,60.7337,0.557199,0,0,0.473607,0.223759,0,0.66528,12.849,1,0.414394,0.36288,0,29.1513,4.65139,24.4484,0.84672,12.849,0.84672,3695.15,0,0,0,0.402797,1.41955,2.2491,1.15973,2.91172,0.42336,0,0.42336,460.49,0,0.622624,0,0,1.02542,0.402797,1.028160,1,0,27.3601,0,0,0,27.3601,0
68.3228,2.41168,0,0,1.33105,0.130973,0.36288,3.6288,60.3343,0.637373,0,0,0.461036,0.223066,0,0.66528,12.849,1,0.443331,0.36288,0,27.6702,4.60547,22.9843,0.84672,12.849,0.84672,3695.15,0,0,0,0.402797,1.41969,2.05164,1.15934,2.71479,0.42336,0,0.42336,460.49,0,0.59,0,0,0.992796,0.402797,1.028160,1,0,25.6991,0,0,0,25.6991,0
66.9547,2.4034,0,0,1.53269,0.134559,0.36288,3.6288,60.2214,0.428483,0,0,0.536547,0.220958,0,0.66528,12.849,1,0.45199,0.36288,0,30.8242,4.32989,26.4052,0.84672,12.849,0.84672,3695.15,0,0,0,0.402797,1.4833,2.16123,1.15699,2.89033,0.42336,0,0.42336,460.49,0,0.799001,0,0,1.2018,0.402797,1.028160,1,0,29.2955,0,0,0,29.2955,0
65.4267,2.39597,0,0,1.36402,0.133119,0.36288,3.6288,59.958,0.5349,0,0,0.492277,0.2208,0,0.66528,12.849,1,0.4598,0.36288,0,27.7968,4.32989,23.37,0.84672,12.849,0.84672,3695.15,0,0,0,0.402797,1.48345,2.0827,1.15699,2.81196,0.42336,0,0.42336,460.49,0,0.692695,0,0,1.09549,0.402797,1.028160,1,0,26.1819,0,0,0,26.1819,0
63.8811,2.38731,0,0,1.28829,0.0837475,0.36288,3.6288,59.7028,0.474713,0,0,0.472775,0.253199,0,0.66528,12.849,1,0.468838,0.36288,0,24.7755,4.70474,19.9649,0.84672,12.849,0.84672,3695.15,0,0,0,0.30119,1.48361,1.98358,1.25276,2.51562,0.42336,0,0.42336,460.49,0,0.752993,0,0,1.05418,0.30119,1.028160,1,0,22.4805,0,0,0,22.4805,0
62.2689,2.37818,0,0,1.2116,0.0827114,0.36288,3.6288,59.3491,0.551478,0,0,0.450562,0.252787,0,0.66528,12.849,1,0.478346,0.36288,0,24.4175,4.70474,19.5973,0.84672,12.849,0.84672,3695.15,0,0,0,0.30119,1.48377,2.04269,1.25276,2.57488,0.42336,0,0.42336,460.49,0,0.676339,0,0,0.97753,0.30119,1.028160,1,0,22.1722,0,0,0,22.1722,0
60.7402,2.34477,0,0,1.27295,0.0940183,0.36288,3.6288,59.0278,0.569214,0,0,0.488718,0.240786,0,0.66528,12.849,1,0.483837,0.36288,0,21.007,5.08652,15.7996,0.84672,12.849,0.84672,3695.15,0,0,0,0.30119,1.48392,1.46246,1.25255,1.99502,0.42336,0,0.42336,460.49,0,0.684806,0,0,0.985997,0.30119,1.028160,1,0,17.7946,0,0,0,17.7946,0
59.1302,2.33503,0,0,1.18281,0.0948766,0.36288,3.6288,58.7041,0.572111,0,0,0.486774,0.23839,0,0.66528,12.849,1,0.493954,0.36288,0,20.3254,5.15015,15.0442,0.84672,12.849,0.84672,3695.15,0,0,0,0.30119,1.49894,1.39737,1.25252,1.94498,0.42336,0,0.42336,460.49,0,0.682024,0,0,0.983215,0.30119,1.028160,1,0,16.9892,0,0,0,16.9892,0
57.4233,2.32429,0,0,1.07378,0.0934737,0.36288,3.6288,58.2973,0.628765,0,0,0.459852,0.237895,0,0.66528,12.849,1,0.505069,0.36288,0,19.7213,5.15015,14.429,0.84672,12.849,0.84672,3695.15,0,0,0,0.261274,1.4991,1.31351,1.25252,1.82137,0.42336,0,0.42336,460.49,0,0.625484,0,0,0.886758,0.261274,1.028160,1,0,16.2504,0,0,0,16.2504,0
55.6478,2.31233,0,0,0.983215,0.0835187,0.36288,3.6288,57.8109,0.665271,0,0,0.437664,0.258793,0,0.66528,12.849,1,0.517406,0.36288,0,17.3918,5.43245,11.8048,0.84672,12.849,0.84672,3695.15,0,0,0,0.261274,1.49926,1.27561,1.35556,1.68058,0.42336,0,0.42336,460.49,0,0.589092,0,0,0.850366,0.261274,1.028160,1,0,13.4854,0,0,0,13.4854,0
53.8875,2.35862,0,0,1.02203,0.0608041,0.36288,3.6288,57.352,0.661935,0,0,0.512669,0.309664,0,0.66528,12.849,1,0.544602,0.36288,0,15.8662,6.00761,9.67691,0.84672,12.849,0.84672,3695.15,0,0,0,0.261274,1.49941,1.27094,1.55409,1.47753,0.42336,0,0.42336,460.49,0,0.615807,0,0,0.877081,0.261274,1.028160,1,0,11.1544,0,0,0,11.1544,0
52.1181,2.34457,0,0,0.996987,0.0589685,0.36288,3.6288,56.8949,0.637722,0,0,0.486761,0.306153,0,0.66528,12.849,1,0.559041,0.36288,0,20.4332,5.83349,14.4035,0.84672,12.849,0.84672,3695.15,0,0,0,0.261274,1.53125,1.37069,1.47531,1.6879,0.42336,0,0.42336,460.49,0,0.640138,0,0,0.901411,0.261274,1.028160,1,0,16.0914,0,0,0,16.0914,0
50.3012,2.32965,0,0,0.933535,0.0579087,0.36288,3.6288,56.3877,0.654549,0,0,0.452671,0.305245,0,0.66528,12.849,1,0.574343,0.36288,0,16.4059,5.83349,10.3609,0.84672,12.849,0.84672,3695.15,0,0,0,0.261274,1.53141,1.23557,1.47531,1.55294,0.42336,0,0.42336,460.49,0,0.623428,0,0,0.884701,0.261274,1.028160,1,0,11.9139,0,0,0,11.9139,0
48.418,2.31343,0,0,0.84996,0.0568205,0.36288,3.6288,55.7563,0.756947,0,0,0.429751,0.304238,0,0.66528,12.849,1,0.590946,0.36288,0,14.9518,5.83349,8.89023,0.84672,12.849,0.84672,3695.15,0,0,0,0.227405,1.53157,1.15251,1.47531,1.43617,0.42336,0,0.42336,460.49,0,0.521148,0,0,0.748552,0.227405,1.028160,1,0,10.3264,0,0,0,10.3264,0
46.5427,2.46485,0,0,0.997894,0.0455327,0.36288,3.6288,55.4956,0.504774,0,0,0.536861,0.292775,0,0.66528,12.849,1,0.654112,0.36288,0,15.6294,6.00834,9.32984,0.84672,12.849,0.84672,3695.15,0,0,0,0.227405,1.53174,1.75068,1.52316,1.98666,0.42336,0,0.42336,460.49,0,0.857451,0,0,1.08486,0.227405,1.028160,1,0,11.3165,0,0,0,11.3165,0
44.5815,2.44451,0,0,0.887604,0.0413996,0.36288,3.6288,54.8629,0.761155,0,0,0.440098,0.311613,0,0.66528,12.849,1,0.674855,0.36288,0,13.8768,6.36513,7.19969,0.84672,12.849,0.84672,3695.15,0,0,0,0.227405,1.63695,1.54497,1.50301,1.90632,0.42336,0,0.42336,460.49,0,0.601197,0,0,0.828602,0.227405,1.028160,1,0,9.106,0,0,0,9.106,0
42.7425,2.42179,0,0,0.984251,0.038518,0.36288,3.6288,54.5149,0.567496,0,0,0.525521,0.306108,0,0.66528,12.849,1,0.697993,0.36288,0,16.6369,6.39849,9.90332,0.84672,12.849,0.84672,3695.15,0,0,0,0.227405,1.63712,1.54555,1.51398,1.8961,0.42336,0,0.42336,460.49,0,0.794984,0,0,1.02239,0.227405,1.028160,1,0,11.7994,0,0,0,11.7994,0
40.7233,2.39901,0,0,0.780408,0.0377151,0.36288,3.6288,53.8047,0.799158,0,0,0.394445,0.305406,0,0.66528,12.849,1,0.721177,0.36288,0,18.268,6.39849,11.5112,0.84672,12.849,0.84672,3695.15,0,0,0,0.204422,1.6373,1.24097,1.51398,1.56872,0.42336,0,0.42336,460.49,0,0.563449,0,0,0.767871,0.204422,1.028160,1,0,13.0799,0,0,0,13.0799,0
38.9,2.37214,0,0,0.94856,0.0368335,0.36288,3.6288,53.8004,0.334575,0,0,0.634165,0.303963,0,0.66528,12.849,1,0.748457,0.36288,0,15.924,6.39849,9.13997,0.84672,12.849,0.84672,3695.15,0,0,0,0.244927,1.63747,1.78807,1.51398,2.1565,0.42336,0,0.42336,460.49,0,1.02816,0,0,1.27309,0.244927,1.028160,1,0,11.2965,0,0,0,11.2965,0
37.1692,2.26757,0,0,0.969546,0.0699921,0.36288,3.6288,53.5997,0.381587,0,0,0.426287,0.245381,0,0.66528,12.849,1,0.748995,0.36288,0,15.2229,5.16458,9.67221,0.84672,12.849,0.84672,3695.15,0,0,0,0.204422,1.63765,2.40501,1.28695,2.96014,0.42336,0,0.42336,460.49,0,0.930252,0,0,1.13467,0.204422,1.028160,1,0,12.6324,0,0,0,12.6324,0
35.6292,2.24194,0,0,1.16438,0.0995386,0.36288,3.6288,53.6775,0.2838,0,0,0.583297,0.221687,0,0.66528,12.849,1,0.775017,0.36288,0,17.5101,4.73088,12.3671,0.84672,12.849,0.84672,3695.15,0,0,0,0.307394,1.57883,2.83325,1.17348,3.54599,0.42336,0,0.42336,460.49,0,1.02816,0,0,1.33555,0.307394,1.028160,1,0,15.9131,0,0,0,15.9131,0
34.3038,2.21762,0,0,1.35281,0.0977268,0.36288,3.6288,53.8436,0.283921,0,0,0.671875,0.221825,0,0.66528,12.849,1,0.799742,0.36288,0,16.5624,4.73088,11.3947,0.84672,12.849,0.84672,3695.15,0,0,0,0.382303,1.579,2.6736,1.17348,3.46143,0.42336,0,0.42336,460.49,0,1.02816,0,0,1.41046,0.382303,1.028160,1,0,14.8561,0,0,0,14.8561,0
33.4253,2.19543,0,0,1.77605,0.0961674,0.36288,3.6288,54.2933,0.284042,0,0,0.955878,0.222114,0,0.66528,12.849,1,0.822331,0.36288,0,21.1604,4.73088,15.9701,0.84672,12.849,0.84672,3695.15,0,0,0,0.606087,1.57917,3.64587,1.17348,4.65765,0.42336,0,0.42336,460.49,0,1.02816,0,0,1.63425,0.606087,1.028160,1,0,20.6277,0,0,0,20.6277,0
32.3386,2.11814,0,0,1.50073,0.106463,0.36288,3.6288,54.9418,0.237697,0,0,1.09284,0.206649,0,0.66528,12.849,1,0.814234,0.36288,0,43.551,4.27572,38.824,0.84672,12.849,0.84672,3695.15,0,0,0,0.656027,1.57934,3.63346,1.07641,4.79241,0.42336,0,0.42336,460.49,0,1.02816,0,0,1.68419,0.656027,1.028160,1,0,43.6164,0,0,0,43.6164,0
31.5349,2.09884,0,0,1.79106,0.132973,0.36288,3.6288,55.006,0.254396,0,0,0.485648,0.167044,0,0.66528,12.849,1,0.833927,0.36288,0,35.9605,3.13782,32.3517,0.84672,12.849,0.84672,3695.15,0,0,0,0.216518,1.52753,3.10043,0.833744,4.01073,0.42336,0,0.42336,460.49,0,1.01158,0,0,1.2281,0.216518,1.028160,1,0,36.3624,0,0,0,36.3624,0
32.4745,2.08402,0,0,3.51804,0.131633,0.36288,3.6288,55.447,0.237929,0,0,0.846035,0.167114,0,0.66528,12.849,1,0.849139,0.36288,0,52.645,3.13782,49.0209,0.84672,12.849,0.84672,3695.15,0,0,0,0.474604,1.52769,5.31357,0.833744,6.48213,0.42336,0,0.42336,460.49,0,1.02816,0,0,1.50276,0.474604,1.028160,1,0,55.503,0,0,0,55.503,0
34.0108,2.1019,0,0,4.13431,0.133199,0.36288,3.6288,56.4379,0.238045,0,0,1.39654,0.167599,0,0.66528,12.849,1,0.831647,0.36288,0,56.9919,3.13782,53.3853,0.84672,12.849,0.84672,3695.15,0,0,0,1.77928,1.52785,6.45786,0.833744,8.93125,0.42336,0,0.42336,460.49,0,1.02816,0,0,2.80744,1.77928,1.028160,1,0,62.3165,0,0,0,62.3165,0
34.5268,1.95254,0,0,2.98172,0.150306,0.36288,3.6288,57.0468,0.141338,0,0,0.925572,0.175376,0,0.66528,12.849,1,0.737656,0.36288,0,50.9689,3.2538,47.3403,0.84672,12.849,0.84672,3695.15,0,0,0,0.931004,1.52802,6.57048,0.860821,8.16868,0.42336,0,0.42336,460.49,0,1.02816,0,0,1.95916,0.931004,1.028160,1,0,55.509,0,0,0,55.509,0
35.7853,1.96084,0,0,3.74759,0.165322,0.36288,3.6288,57.5441,0.141442,0,0,0.839868,0.201094,0,0.66528,12.849,1,0.729719,0.36288,0,65.433,3.60864,61.4575,0.84672,12.849,0.84672,3695.15,0,0,0,0.493767,1.4077,3.55886,0.909168,4.55116,0.42336,0,0.42336,460.49,0,1.02816,0,0,1.52193,0.493767,1.028160,1,0,66.0086,0,0,0,66.0086,0
37.1966,1.97999,0,0,3.92202,0.167861,0.36288,3.6288,58.5187,0.141546,0,0,1.31785,0.201743,0,0.66528,12.849,1,0.71093,0.36288,0,75.3106,3.60864,71.3539,0.84672,12.849,0.84672,3695.15,0,0,0,1.26693,1.40785,4.83113,0.909168,6.59674,0.42336,0,0.42336,460.49,0,1.02816,0,0,2.29509,1.26693,1.028160,1,0,77.9506,0,0,0,77.9506,0
38.529,2.0003,0,0,3.86626,0.170707,0.36288,3.6288,59.3565,0.14165,0,0,1.18246,0.203017,0,0.66528,12.849,1,0.690974,0.36288,0,84.5597,3.60864,80.6229,0.84672,12.849,0.84672,3695.15,0,0,0,0.886144,1.40799,4.29361,0.909168,5.67858,0.42336,0,0.42336,460.49,0,1.02816,0,0,1.9143,0.886144,1.028160,1,0,86.3015,0,0,0,86.3015,0
45.9411,2.01849,0,0,9.98692,0.193407,0.36288,3.6288,61.308,0.141754,0,0,2.53909,0.196524,0.249295,0.66528,12.849,1,0.673146,0.36288,0,126.935,4.37823,122.246,0.84672,12.849,0.84672,3695.15,0,0,0,2.14811,1.40814,8.85643,1.10412,11.3086,0.42336,0,0.42336,460.49,0,1.02816,0,0,3.17627,2.14811,1.028160,1,0,133.804,0,0,0,133.804,0
48.3011,2.10336,0,0,5.03223,0.206018,0.36288,3.6288,61.308,0.141754,0,0,1.82782,0.20557,1.48049,0.66528,12.849,1,0.588277,0.36288,0,107.73,4.34037,103.164,0.84672,12.849,0.84672,3695.15,0,0,0,2.11064,1.40829,7.53021,0.994735,10.0544,0.42336,0,0.42336,460.49,0,1.02816,0,0,3.1388,2.11064,1.028160,1,0,114.699,0,0,0,114.699,0
49.1805,2.20043,0,0,3.65016,0.207429,0.36288,3.6288,61.308,0.169908,0,0,1.86682,0.190577,1.50633,0.66528,12.849,1,0.585357,0.36288,0,80.5913,3.91188,76.457,0.84672,12.849,0.84672,3695.15,0,0,0,2.44802,1.40829,7.67457,0.775681,10.7552,0.42336,0,0.42336,460.49,0,1.02816,0,0,3.47618,2.44802,1.028160,1,0,88.7185,0,0,0,88.7185,0
49.8888,2.209,0,0,3.48955,0.209413,0.36288,3.6288,61.308,0.170007,0,0,1.89024,0.190577,1.52966,0.66528,12.849,1,0.577129,0.36288,0,76.5107,3.91188,72.3845,0.84672,12.849,0.84672,3695.15,0,0,0,2.50526,1.44768,7.84521,0.775681,11.0225,0.42336,0,0.42336,460.49,0,1.02816,0,0,3.53342,2.50526,1.028160,1,0,84.9367,0,0,0,84.9367,0
50.7783,2.21579,0,0,3.73852,0.270337,0.36288,3.6288,61.308,0.170107,0,0,1.81764,0.200687,1.44685,0.66528,12.849,1,0.570684,0.36288,0,81.7042,4.39794,77.0984,0.84672,12.849,0.84672,3695.15,0,0,0,2.398,1.44783,7.95614,1.05306,10.7489,0.42336,0,0.42336,460.49,0,1.02816,0,0,3.42616,2.398,1.028160,1,0,89.2942,0,0,0,89.2942,0
51.6373,2.22404,0,0,3.72794,0.28197,0.36288,3.6288,61.308,0.170206,0,0,1.77229,0.212747,1.38934,0.66528,12.849,1,0.562775,0.36288,0,81.5253,4.72078,76.6046,0.84672,12.849,0.84672,3695.15,0,0,0,2.57917,1.44797,8.19513,1.33035,10.8919,0.42336,0,0.42336,460.49,0,1.02816,0,0,3.60733,2.57917,1.028160,1,0,88.8859,0,0,0,88.8859,0
52.2525,2.47312,0,0,3.6829,0.231755,0.36288,3.6288,61.308,0.275664,0,0,3.09817,0.167798,2.65471,0.66528,12.849,1,0.615391,0.36288,0,93.3405,3.30949,89.7785,0.84672,12.849,0.84672,3695.15,0,0,0,2.83884,1.44811,11.4643,0.925524,14.8257,0.42336,0,0.42336,460.49,0,1.02816,0,0,3.867,2.83884,1.028160,1,0,107.259,0,0,0,107.259,0
54.1165,2.47924,0,0,4.93936,0.233237,0.36288,3.6288,61.308,0.275775,0,0,2.24755,0.167798,1.80398,0.66528,12.849,1,0.60965,0.36288,0,148.512,3.30949,144.956,0.84672,12.849,0.84672,3695.15,0,0,0,3.95379,1.58612,11.9474,0.925524,16.5618,0.42336,0,0.42336,460.49,0,1.02816,0,0,4.98195,3.95379,1.028160,1,0,163.322,0,0,0,163.322,0
55.4581,2.49651,0,0,4.49069,0.289704,0.36288,3.6288,61.308,0.275887,0,0,2.34811,0.155135,1.91709,0.66528,12.849,1,0.592753,0.36288,0,126.551,3.42495,122.896,0.84672,12.849,0.84672,3695.15,0,0,0,5.35018,1.58628,11.3955,0.878997,17.4529,0.42336,0,0.42336,460.49,0,1.02816,0,0,6.37834,5.35018,1.028160,1,0,142.266,0,0,0,142.266,0
60.7481,2.50846,0,0,8.47373,0.312361,0.36288,3.6288,61.308,0.275998,0,0,3.22989,0.181465,2.77243,0.66528,12.849,1,0.581181,0.36288,0,189.73,3.23391,186.278,0.84672,12.849,0.84672,3695.15,0,0,0,5.4254,1.58643,15.3884,0.896429,21.5038,0.42336,0,0.42336,460.49,0,1.02816,0,0,6.45356,5.4254,1.028160,1,0,210.554,0,0,0,210.554,0
66.1205,2.19561,0,0,8.23884,0.3079,0.36288,3.6288,61.308,0.134654,0,0,6.22804,0.133707,5.95968,0.66528,12.849,1,0.464399,0.36288,0,242.463,2.65377,239.707,0.84672,12.849,0.84672,3695.15,0,0,0,8.10985,1.58659,23.1612,0.692676,32.165,0.42336,0,0.42336,460.49,0,1.02816,0,0,9.13801,8.10985,1.028160,1,0,277.832,0,0,0,277.832,0
70.9982,2.22748,0,0,7.78965,0.321656,0.36288,3.6288,61.308,0.13475,0,0,5.00638,0.133707,4.73792,0.66528,12.849,1,0.432859,0.36288,0,246.737,2.65377,244.013,0.84672,12.849,0.84672,3695.15,0,0,0,6.85636,1.39688,19.1608,0.692676,26.7213,0.42336,0,0.42336,460.49,0,1.02816,0,0,7.88452,6.85636,1.028160,1,0,275.472,0,0,0,275.472,0
73.8138,2.25294,0,0,5.73374,0.302332,0.36288,3.6288,61.308,0.134845,0,0,3.41383,0.157283,3.1217,0.66528,12.849,1,0.407728,0.36288,0,174.283,2.89074,171.347,0.84672,12.849,0.84672,3695.15,0,0,0,4.01402,1.39701,14.351,0.781802,18.9802,0.42336,0,0.42336,460.49,0,1.02816,0,0,5.04218,4.01402,1.028160,1,0,193.449,0,0,0,193.449,0
76.0417,2.26646,0,0,5.1627,0.305391,0.36288,3.6288,61.308,0.134941,0,0,3.32111,0.179409,3.00676,0.66528,12.849,1,0.394531,0.36288,0,152.641,3.62334,148.986,0.84672,12.849,0.84672,3695.15,0,0,0,3.0311,1.39715,11.9835,0.981549,15.4302,0.42336,0,0.42336,460.49,0,1.02816,0,0,4.05926,3.0311,1.028160,1,0,167.423,0,0,0,167.423,0
81.1389,2.27663,0,0,8.17503,0.438379,0.36288,3.6288,61.308,0.135037,0,0,5.80378,0.178447,5.4903,0.66528,12.849,1,0.38469,0.36288,0,262.461,3.16251,259.276,0.84672,12.849,0.84672,3695.15,0,0,0,9.42902,1.39728,18.0209,0.803072,28.0441,0.42336,0,0.42336,460.49,0,1.02816,0,0,10.4572,9.42902,1.028160,1,0,292.811,0,0,0,292.811,0
84.5286,2.39127,0,0,6.60855,0.464648,0.36288,3.6288,61.308,0.169757,0,0,4.40339,0.170615,4.06302,0.66528,12.849,1,0.378678,0.36288,0,194.019,3.31149,190.692,0.84672,12.849,0.84672,3695.15,0,0,0,9.28748,1.39742,14.0398,0.796412,23.9283,0.42336,0,0.42336,460.49,0,1.02816,0,0,10.3156,9.28748,1.028160,1,0,218.683,0,0,0,218.683,0
86.3156,2.59079,0,0,5.22035,0.479763,0.36288,3.6288,61.308,0.232323,0,0,3.83358,0.170615,3.43064,0.66528,12.849,1,0.393819,0.36288,0,159.783,3.31149,156.441,0.84672,12.849,0.84672,3695.15,0,0,0,8.23962,1.4446,11.7752,0.796412,20.663,0.42336,0,0.42336,460.49,0,1.02816,0,0,9.26778,8.23962,1.028160,1,0,180.534,0,0,0,180.534,0
87.7368,2.5982,0,0,4.87002,0.48773,0.36288,3.6288,61.308,0.232429,0,0,4.74619,0.170615,4.34314,0.66528,12.849,1,0.38677,0.36288,0,160.315,3.31149,156.98,0.84672,12.849,0.84672,3695.15,0,0,0,8.3306,1.53316,14.8921,0.796412,23.9594,0.42336,0,0.42336,460.49,0,1.02816,0,0,9.35876,8.3306,1.028160,1,0,185.282,0,0,0,185.282,0
88.5561,2.65073,0,0,4.28478,0.451801,0.36288,3.6288,61.308,0.248156,0,0,3.08574,0.188528,2.64906,0.66528,12.849,1,0.388198,0.36288,0,121.393,3.5428,117.825,0.84672,12.849,0.84672,3695.15,0,0,0,5.85509,1.53331,9.95734,0.864531,16.4812,0.42336,0,0.42336,460.49,0,1.02816,0,0,6.88325,5.85509,1.028160,1,0,136.955,0,0,0,136.955,0
89.0446,2.61397,0,0,3.78524,0.319887,0.36288,3.6288,61.308,0.233637,0,0,1.46362,0.212702,1.01728,0.66528,12.849,1,0.379272,0.36288,0,102.673,4.24904,98.408,0.84672,12.849,0.84672,3695.15,0,0,0,3.41626,1.55558,6.85247,0.994319,10.83,0.42336,0,0.42336,460.49,0,1.02816,0,0,4.44442,3.41626,1.028160,1,0,110.255,0,0,0,110.255,0
89.3329,2.61611,0,0,3.58851,0.321287,0.36288,3.6288,61.308,0.233744,0,0,1.40559,0.212702,0.959144,0.66528,12.849,1,0.3775,0.36288,0,96.3014,4.24904,92.0378,0.84672,12.849,0.84672,3695.15,0,0,0,3.2611,1.5358,6.42807,0.994319,10.2307,0.42336,0,0.42336,460.49,0,1.02816,0,0,4.28926,3.2611,1.028160,1,0,103.228,0,0,0,103.228,0
89.3569,2.61749,0,0,3.32647,0.322113,0.36288,3.6288,61.308,0.23385,0,0,1.62559,0.212702,1.17904,0.66528,12.849,1,0.376481,0.36288,0,87.8714,4.24904,83.6088,0.84672,12.849,0.84672,3695.15,0,0,0,3.85382,1.53595,7.04062,0.994319,11.4361,0.42336,0,0.42336,460.49,0,1.02816,0,0,4.88198,3.85382,1.028160,1,0,96.2239,0,0,0,96.2239,0
89.1643,2.6179,0,0,3.13649,0.348294,0.36288,3.6288,61.308,0.233957,0,0,1.54882,0.17778,1.13708,0.66528,12.849,1,0.376439,0.36288,0,81.3439,3.91702,77.4133,0.84672,12.849,0.84672,3695.15,0,0,0,3.61142,1.5361,6.86362,0.871145,11.14,0.42336,0,0.42336,460.49,0,1.02816,0,0,4.63958,3.61142,1.028160,1,0,89.6904,0,0,0,89.6904,0
88.7842,2.75421,0,0,2.96793,0.230893,0.36288,3.6288,61.308,0.285957,0,0,1.1508,0.215841,0.649007,0.66528,12.849,1,0.396895,0.36288,0,76.9176,4.65171,72.2319,0.84672,12.849,0.84672,3695.15,0,0,0,2.40895,1.53625,6.47577,0.964758,9.45621,0.42336,0,0.42336,460.49,0,1.02816,0,0,3.43711,2.40895,1.028160,1,0,82.3371,0,0,0,82.3371,0
88.3257,2.75306,0,0,2.88751,0.230111,0.36288,3.6288,61.308,0.286069,0,0,1.16731,0.215841,0.665397,0.66528,12.849,1,0.398428,0.36288,0,73.0883,4.65171,68.4011,0.84672,12.849,0.84672,3695.15,0,0,0,2.68758,1.6058,6.16679,0.964758,9.49542,0.42336,0,0.42336,460.49,0,1.02816,0,0,3.71574,2.68758,1.028160,1,0,78.5619,0,0,0,78.5619,0
87.5726,2.75159,0,0,2.62183,0.260411,0.36288,3.6288,61.308,0.286181,0,0,1.0988,0.210574,0.602046,0.66528,12.849,1,0.400283,0.36288,0,68.8807,4.31325,64.53,0.84672,12.849,0.84672,3695.15,0,0,0,2.57381,1.60596,5.64212,0.977815,8.84408,0.42336,0,0.42336,460.49,0,1.02816,0,0,3.60197,2.57381,1.028160,1,0,73.9761,0,0,0,73.9761,0
86.7479,2.74893,0,0,2.49896,0.211812,0.36288,3.6288,61.308,0.286293,0,0,1.09662,0.223227,0.587103,0.66528,12.849,1,0.403333,0.36288,0,64.0993,4.18763,59.8712,0.84672,12.849,0.84672,3695.15,0,0,0,2.67677,1.60612,5.48404,1.02569,8.74124,0.42336,0,0.42336,460.49,0,1.02816,0,0,3.70493,2.67677,1.028160,1,0,69.1996,0,0,0,69.1996,0
85.7187,2.74592,0,0,2.27623,0.196708,0.36288,3.6288,61.308,0.286406,0,0,1.12795,0.224654,0.616892,0.66528,12.849,1,0.406722,0.36288,0,57.6188,4.34169,53.2332,0.84672,12.849,0.84672,3695.15,0,0,0,1.96254,1.60628,5.08554,1.00172,7.65264,0.42336,0,0.42336,460.49,0,1.02816,0,0,2.9907,1.96254,1.028160,1,0,61.5028,0,0,0,61.5028,0
84.5386,2.71509,0,0,2.10811,0.210187,0.36288,3.6288,61.308,0.315055,0,0,1.05532,0.220244,0.520025,0.66528,12.849,1,0.406985,0.36288,0,54.4268,4.36485,50.0179,0.84672,12.849,0.84672,3695.15,0,0,0,1.34428,1.60644,4.62555,0.980707,6.59557,0.42336,0,0.42336,460.49,0,1.02816,0,0,2.37244,1.34428,1.028160,1,0,57.1335,0,0,0,57.1335,0
83.2177,2.71049,0,0,1.93846,0.185993,0.36288,3.6288,61.308,0.315171,0,0,1.00755,0.253151,0.439232,0.66528,12.849,1,0.411967,0.36288,0,48.2512,4.7883,43.4138,0.84672,12.849,0.84672,3695.15,0,0,0,1.33244,1.62285,4.45077,1.13527,6.27078,0.42336,0,0.42336,460.49,0,1.02816,0,0,2.3606,1.33244,1.028160,1,0,50.1238,0,0,0,50.1238,0
81.8167,2.70516,0,0,1.82183,0.154852,0.36288,3.6288,61.308,0.315286,0,0,0.939946,0.297027,0.327632,0.66528,12.849,1,0.417682,0.36288,0,42.8338,5.3529,37.426,0.84672,12.849,0.84672,3695.15,0,0,0,1.28869,1.62301,4.28471,1.34136,5.85504,0.42336,0,0.42336,460.49,0,1.02816,0,0,2.31685,1.28869,1.028160,1,0,43.6087,0,0,0,43.6087,0
80.3711,2.6993,0,0,1.76761,0.151019,0.36288,3.6288,61.308,0.315402,0,0,0.935833,0.301907,0.318524,0.66528,12.849,1,0.423915,0.36288,0,43.5419,5.44539,38.0355,0.84672,12.849,0.84672,3695.15,0,0,0,1.27695,1.62317,4.24583,1.39195,5.75399,0.42336,0,0.42336,460.49,0,1.02816,0,0,2.30511,1.27695,1.028160,1,0,44.108,0,0,0,44.108,0
79.1112,2.76199,0,0,2.0095,0.144521,0.36288,3.6288,61.308,0.340962,0,0,1.07622,0.314107,0.421155,0.66528,12.849,1,0.441562,0.36288,0,44.8914,5.67662,39.1361,0.84672,12.849,0.84672,3695.15,0,0,0,1.45416,1.62333,4.74625,1.5184,6.30533,0.42336,0,0.42336,460.49,0,1.02816,0,0,2.48232,1.45416,1.028160,1,0,45.8626,0,0,0,45.8626,0
77.6568,2.75628,0,0,1.80751,0.142761,0.36288,3.6288,61.308,0.34108,0,0,1.00948,0.314107,0.354293,0.66528,12.849,1,0.447666,0.36288,0,42.3079,5.67662,36.5465,0.84672,12.849,0.84672,3695.15,0,0,0,1.37484,1.65813,4.84529,1.5184,6.35986,0.42336,0,0.42336,460.49,0,1.02816,0,0,2.403,1.37484,1.028160,1,0,43.2607,0,0,0,43.2607,0
76.0486,2.74942,0,0,1.64491,0.140729,0.36288,3.6288,61.308,0.341198,0,0,0.96844,0.314107,0.313135,0.66528,12.849,1,0.454916,0.36288,0,39.738,5.67662,33.9693,0.84672,12.849,0.84672,3695.15,0,0,0,1.14785,1.65829,4.50451,1.5184,5.79225,0.42336,0,0.42336,460.49,0,1.02816,0,0,2.17601,1.14785,1.028160,1,0,40.0747,0,0,0,40.0747,0
74.2511,2.74152,0,0,1.42337,0.1165,0.36288,3.6288,61.308,0.341317,0,0,0.96438,0.321173,0.301889,0.66528,12.849,1,0.463201,0.36288,0,37.9143,5.91843,31.8956,0.84672,12.849,0.84672,3695.15,0,0,0,1.124,1.65846,4.56464,1.54845,5.79865,0.42336,0,0.42336,460.49,0,1.02816,0,0,2.15216,1.124,1.028160,1,0,37.9961,0,0,0,37.9961,0
72.1117,2.93199,0,0,1.30504,0.149535,0.36288,3.6288,61.308,0.433316,0,0,0.96914,0.334935,0.200889,0.66528,12.849,1,0.507374,0.36288,0,27.9728,5.70984,22.1184,0.84672,12.849,0.84672,3695.15,0,0,0,0.947324,1.65862,4.65916,1.5352,5.72991,0.42336,0,0.42336,460.49,0,1.02816,0,0,1.97548,0.947324,1.028160,1,0,28.0492,0,0,0,28.0492,0
70.0378,2.91956,0,0,1.31547,0.106965,0.36288,3.6288,61.308,0.433445,0,0,0.972147,0.32084,0.217862,0.66528,12.849,1,0.520213,0.36288,0,27.1285,5.72449,21.2466,0.84672,12.849,0.84672,3695.15,0,0,0,0.998248,1.77367,3.83163,1.5762,5.02736,0.42336,0,0.42336,460.49,0,1.02816,0,0,2.02641,0.998248,1.028160,1,0,26.4919,0,0,0,26.4919,0
67.8171,2.9069,0,0,1.15436,0.105279,0.36288,3.6288,61.308,0.433573,0,0,0.937872,0.32084,0.183459,0.66528,12.849,1,0.533294,0.36288,0,34.4854,5.72449,28.5904,0.84672,12.849,0.84672,3695.15,0,0,0,0.907978,1.77385,3.67946,1.5762,4.78509,0.42336,0,0.42336,460.49,0,1.02816,0,0,1.93614,0.907978,1.028160,1,0,33.559,0,0,0,33.559,0
65.6372,2.89257,0,0,1.17898,0.103474,0.36288,3.6288,61.308,0.433702,0,0,1.07583,0.32084,0.321285,0.66528,12.849,1,0.548042,0.36288,0,29.8727,5.72449,23.9631,0.84672,12.849,0.84672,3695.15,0,0,0,1.01771,1.77403,3.82101,1.5762,5.03656,0.42336,0,0.42336,460.49,0,1.02816,0,0,2.04587,1.01771,1.028160,1,0,29.3209,0,0,0,29.3209,0
63.5317,2.87769,0,0,1.23786,0.102763,0.36288,3.6288,61.308,0.433831,0,0,1.04535,0.328281,0.283241,0.66528,12.849,1,0.563331,0.36288,0,45.0181,5.95871,38.859,0.84672,12.849,0.84672,3695.15,0,0,0,1.35007,1.7742,4.88353,1.6337,6.3741,0.42336,0,0.42336,460.49,0,1.02816,0,0,2.37823,1.35007,1.028160,1,0,45.5163,0,0,0,45.5163,0
61.5803,2.7675,0,0,1.29421,0.115267,0.36288,3.6288,61.308,0.37816,0,0,0.874938,0.302831,0.193947,0.66528,12.849,1,0.559714,0.36288,0,39.5868,5.43219,33.9578,0.84672,12.849,0.84672,3695.15,0,0,0,0.771224,1.77438,5.24448,1.40603,6.38406,0.42336,0,0.42336,460.49,0,1.02816,0,0,1.79938,0.771224,1.028160,1,0,40.5358,0,0,0,40.5358,0
59.7811,2.75315,0,0,1.48529,0.168377,0.36288,3.6288,61.308,0.378283,0,0,0.849087,0.261426,0.209379,0.66528,12.849,1,0.574458,0.36288,0,33.9315,5.1009,28.619,0.84672,12.849,0.84672,3695.15,0,0,0,0.700998,1.71004,3.82265,1.29224,4.94145,0.42336,0,0.42336,460.49,0,1.02816,0,0,1.72916,0.700998,1.028160,1,0,33.7699,0,0,0,33.7699,0
58.8249,2.73926,0,0,2.31161,0.16577,0.36288,3.6288,61.308,0.378405,0,0,1.4078,0.261426,0.767971,0.66528,12.849,1,0.588759,0.36288,0,55.1584,5.1009,49.8316,0.84672,12.849,0.84672,3695.15,0,0,0,1.95072,1.71021,6.81868,1.29224,9.18737,0.42336,0,0.42336,460.49,0,1.02816,0,0,2.97888,1.95072,1.028160,1,0,59.7869,0,0,0,59.7869,0
57.5494,2.73173,0,0,1.99656,0.177391,0.36288,3.6288,61.308,0.378528,0,0,1.24147,0.252359,0.610587,0.66528,12.849,1,0.596687,0.36288,0,93.7745,5.00476,88.5359,0.84672,12.849,0.84672,3695.15,0,0,0,1.63133,1.71038,5.94005,1.26483,8.01693,0.42336,0,0.42336,460.49,0,1.02816,0,0,2.65949,1.63133,1.028160,1,0,97.1634,0,0,0,97.1634,0
55.8393,2.59819,0,0,1.50403,0.253068,0.36288,3.6288,61.308,0.310938,0,0,0.933588,0.197957,0.424693,0.66528,12.849,1,0.580095,0.36288,0,36.6406,4.42796,31.9954,0.84672,12.849,0.84672,3695.15,0,0,0,0.809957,1.71055,6.75944,1.10039,8.17956,0.42336,0,0.42336,460.49,0,1.02816,0,0,1.83812,0.809957,1.028160,1,0,40.5997,0,0,0,40.5997,0
55.1758,2.39955,0,0,2.34773,0.24883,0.36288,3.6288,61.308,0.243453,0,0,1.10365,0.197957,0.662241,0.66528,12.849,1,0.552153,0.36288,0,49.1008,4.42796,44.4835,0.84672,12.849,0.84672,3695.15,0,0,0,1.23671,1.6302,8.95752,1.10039,10.724,0.42336,0,0.42336,460.49,0,1.02816,0,0,2.26487,1.23671,1.028160,1,0,55.8698,0,0,0,55.8698,0
57.8643,2.39446,0,0,5.69304,0.247186,0.36288,3.6288,61.308,0.243561,0,0,2.72785,0.197957,2.28633,0.66528,12.849,1,0.557607,0.36288,0,112.339,4.42796,107.716,0.84672,12.849,0.84672,3695.15,0,0,0,4.85776,1.5356,14.8514,1.10039,20.1444,0.42336,0,0.42336,460.49,0,1.02816,0,0,5.88592,4.85776,1.028160,1,0,130.147,0,0,0,130.147,0
59.248,2.41595,0,0,4.43492,0.27243,0.36288,3.6288,61.308,0.243668,0,0,1.9843,0.204896,1.53573,0.66528,12.849,1,0.536472,0.36288,0,64.4523,4.24372,60.035,0.84672,12.849,0.84672,3695.15,0,0,0,2.91876,1.53575,8.8433,1.03676,12.2611,0.42336,0,0.42336,460.49,0,1.02816,0,0,3.94692,2.91876,1.028160,1,0,73.8318,0,0,0,73.8318,0
62.8957,2.22508,0,0,6.52246,0.286729,0.36288,3.6288,61.308,0.146389,0,0,2.81811,0.20139,2.47033,0.66528,12.849,1,0.48255,0.36288,0,144.477,3.90449,140.453,0.84672,12.849,0.84672,3695.15,0,0,0,4.97323,1.5359,18.5528,0.940775,24.1212,0.42336,0,0.42336,460.49,0,1.02816,0,0,6.00139,4.97323,1.028160,1,0,167.045,0,0,0,167.045,0
66.377,2.2486,0,0,6.38622,0.293421,0.36288,3.6288,61.308,0.146486,0,0,3.22542,0.199264,2.87967,0.66528,12.849,1,0.459368,0.36288,0,169.573,3.88888,165.588,0.84672,12.849,0.84672,3695.15,0,0,0,4.56108,1.41487,18.3076,0.938919,23.3447,0.42336,0,0.42336,460.49,0,1.02816,0,0,5.58924,4.56108,1.028160,1,0,191.812,0,0,0,191.812,0
68.4779,2.48898,0,0,5.25453,0.301767,0.36288,3.6288,61.308,0.222637,0,0,3.2632,0.199264,2.8413,0.66528,12.849,1,0.481807,0.36288,0,138.687,3.88888,134.679,0.84672,12.849,0.84672,3695.15,0,0,0,4.35677,1.415,18.3131,0.938919,23.1459,0.42336,0,0.42336,460.49,0,1.02816,0,0,5.38493,4.35677,1.028160,1,0,160.666,0,0,0,160.666,0
70.2347,2.28069,0,0,4.70712,0.306803,0.36288,3.6288,61.308,0.146679,0,0,2.2008,0.199264,1.85485,0.66528,12.849,1,0.427943,0.36288,0,115.017,3.88888,111.063,0.84672,12.849,0.84672,3695.15,0,0,0,3.88863,1.52309,17.7222,0.938919,22.195,0.42336,0,0.42336,460.49,0,1.02816,0,0,4.91679,3.88863,1.028160,1,0,135.113,0,0,0,135.113,0
71.4622,2.29002,0,0,4.16456,0.284166,0.36288,3.6288,61.308,0.146776,0,0,1.60139,0.215318,1.2393,0.66528,12.849,1,0.418946,0.36288,0,100.217,3.96835,96.1927,0.84672,12.849,0.84672,3695.15,0,0,0,3.40377,1.41528,13.2001,0.956211,17.0629,0.42336,0,0.42336,460.49,0,1.02816,0,0,4.43193,3.40377,1.028160,1,0,114.495,0,0,0,114.495,0
72.7874,2.37636,0,0,4.34837,0.283892,0.36288,3.6288,61.308,0.175084,0,0,2.52728,0.249985,2.10221,0.66528,12.849,1,0.427274,0.36288,0,79.6668,4.47405,75.1284,0.84672,12.849,0.84672,3695.15,0,0,0,4.16531,1.41542,12.7773,1.32623,17.0318,0.42336,0,0.42336,460.49,0,1.02816,0,0,5.19347,4.16531,1.028160,1,0,94.2624,0,0,0,94.2624,0
74.4404,2.38324,0,0,4.78966,0.390499,0.36288,3.6288,61.308,0.175176,0,0,2.21795,0.249985,1.79279,0.66528,12.849,1,0.420709,0.36288,0,81.318,4.47405,76.7861,0.84672,12.849,0.84672,3695.15,0,0,0,3.49653,1.45503,12.6375,1.32623,16.2628,0.42336,0,0.42336,460.49,0,1.02816,0,0,4.52469,3.49653,1.028160,1,0,94.8417,0,0,0,94.8417,0
75.9602,2.39148,0,0,4.67137,0.397233,0.36288,3.6288,61.308,0.175268,0,0,2.01817,0.249985,1.59292,0.66528,12.849,1,0.412788,0.36288,0,99.9657,4.47405,95.4417,0.84672,12.849,0.84672,3695.15,0,0,0,3.0756,1.45516,13.0912,1.32623,16.2958,0.42336,0,0.42336,460.49,0,1.02816,0,0,4.10376,3.0756,1.028160,1,0,113.33,0,0,0,113.33,0
77.7752,2.39882,0,0,4.96876,0.392072,0.36288,3.6288,61.308,0.17536,0,0,2.13418,0.245168,1.71365,0.66528,12.849,1,0.40577,0.36288,0,86.889,4.18932,82.6568,0.84672,12.849,0.84672,3695.15,0,0,0,3.38724,1.45529,13.2195,1.2679,16.7941,0.42336,0,0.42336,460.49,0,1.02816,0,0,4.4154,3.38724,1.028160,1,0,101.165,0,0,0,101.165,0
79.8381,2.9225,0,0,5.71458,0.366339,0.36288,3.6288,61.308,0.369225,0,0,2.74525,0.228942,2.14708,0.66528,12.849,1,0.482817,0.36288,0,107.897,3.87398,103.903,0.84672,12.849,0.84672,3695.15,0,0,0,4.44565,1.45542,13.6799,1.14022,18.4407,0.42336,0,0.42336,460.49,0,1.02816,0,0,5.47381,4.44565,1.028160,1,0,124.491,0,0,0,124.491,0
82.1094,2.88234,0,0,5.89036,0.373833,0.36288,3.6288,61.308,0.351773,0,0,2.52548,0.228942,1.94477,0.66528,12.849,1,0.463879,0.36288,0,128.358,3.87398,124.383,0.84672,12.849,0.84672,3695.15,0,0,0,4.14881,1.71778,13.5674,1.14022,18.2938,0.42336,0,0.42336,460.49,0,1.02816,0,0,5.17697,4.14881,1.028160,1,0,144.621,0,0,0,144.621,0
82.738,2.89376,0,0,4.30824,0.422968,0.36288,3.6288,61.308,0.351883,0,0,1.36817,0.214526,0.801761,0.66528,12.849,1,0.452834,0.36288,0,67.1423,3.82748,63.2249,0.84672,12.849,0.84672,3695.15,0,0,0,3.63518,1.69322,11.6344,1.05374,15.909,0.42336,0,0.42336,460.49,0,1.02816,0,0,4.66334,3.63518,1.028160,1,0,79.9357,0,0,0,79.9357,0
82.8132,2.89706,0,0,3.77707,0.441948,0.36288,3.6288,61.308,0.351993,0,0,1.44868,0.20876,0.887925,0.66528,12.849,1,0.449906,0.36288,0,55.0527,3.80888,51.1568,0.84672,12.849,0.84672,3695.15,0,0,0,3.14608,1.69337,10.5204,1.01915,14.3407,0.42336,0,0.42336,460.49,0,1.02816,0,0,4.17424,3.14608,1.028160,1,0,66.3854,0,0,0,66.3854,0
86.563,2.31736,0,0,6.92898,0.498914,0.36288,3.6288,61.308,0.139564,0,0,1.97426,0.188391,1.6463,0.66528,12.849,1,0.359553,0.36288,0,126.325,3.15651,123.172,0.84672,12.849,0.84672,3695.15,0,0,0,2.78444,1.69353,8.97636,0.727318,12.727,0.42336,0,0.42336,460.49,0,1.02816,0,0,3.8126,2.78444,1.028160,1,0,137.546,0,0,0,137.546,0
89.293,2.55738,0,0,6.16682,0.516583,0.36288,3.6288,61.308,0.215102,0,0,2.01771,0.188391,1.61421,0.66528,12.849,1,0.379606,0.36288,0,84.6521,3.15651,81.4789,0.84672,12.849,0.84672,3695.15,0,0,0,2.57014,1.40384,9.21491,0.727318,12.4616,0.42336,0,0.42336,460.49,0,1.02816,0,0,3.5983,2.57014,1.028160,1,0,95.5547,0,0,0,95.5547,0
90.3369,2.56782,0,0,4.50404,0.529447,0.36288,3.6288,61.308,0.215198,0,0,1.52213,0.188391,1.11854,0.66528,12.849,1,0.369502,0.36288,0,78.9039,3.15651,75.7408,0.84672,12.849,0.84672,3695.15,0,0,0,1.73891,1.51094,7.44077,0.727318,9.9633,0.42336,0,0.42336,460.49,0,1.02816,0,0,2.76707,1.73891,1.028160,1,0,86.8227,0,0,0,86.8227,0
92.7622,2.57185,0,0,5.8578,0.497728,0.36288,3.6288,61.308,0.215294,0,0,1.6704,0.176359,1.27874,0.66528,12.849,1,0.365805,0.36288,0,91.9253,2.98212,88.9402,0.84672,12.849,0.84672,3695.15,0,0,0,2.1077,1.51107,8.03071,0.702267,10.9472,0.42336,0,0.42336,460.49,0,1.02816,0,0,3.13586,2.1077,1.028160,1,0,101.166,0,0,0,101.166,0
94.7912,2.58054,0,0,5.43667,0.464266,0.36288,3.6288,61.308,0.21539,0,0,2.01283,0.220188,1.57725,0.66528,12.849,1,0.357444,0.36288,0,89.8085,4.60317,85.2107,0.84672,12.849,0.84672,3695.15,0,0,0,2.44546,1.51121,7.61296,0.999024,10.5706,0.42336,0,0.42336,460.49,0,1.02816,0,0,3.47362,2.44546,1.028160,1,0,97.3586,0,0,0,97.3586,0
95.5248,2.69184,0,0,4.22779,0.439466,0.36288,3.6288,61.308,0.253342,0,0,1.54114,0.211792,1.07601,0.66528,12.849,1,0.36488,0.36288,0,67.6885,4.73655,62.95,0.84672,12.849,0.84672,3695.15,0,0,0,1.30975,1.51134,5.81939,0.981767,7.65872,0.42336,0,0.42336,460.49,0,1.02816,0,0,2.33791,1.30975,1.028160,1,0,71.6847,0,0,0,71.6847,0
95.2018,2.69461,0,0,3.17662,0.442202,0.36288,3.6288,61.308,0.253442,0,0,1.20188,0.211792,0.736642,0.66528,12.849,1,0.362451,0.36288,0,43.5415,4.73655,38.8054,0.84672,12.849,0.84672,3695.15,0,0,0,0.750496,1.56292,5.25383,0.981767,6.58548,0.42336,0,0.42336,460.49,0,1.02816,0,0,1.77866,0.750496,1.028160,1,0,46.1275,0,0,0,46.1275,0
94.5971,2.69383,0,0,2.83745,0.385359,0.36288,3.6288,61.308,0.253542,0,0,1.06603,0.201605,0.610882,0.66528,12.849,1,0.363575,0.36288,0,45.0704,4.19457,40.8751,0.84672,12.849,0.84672,3695.15,0,0,0,0.590993,1.56306,4.97912,0.9194,6.21377,0.42336,0,0.42336,460.49,0,1.02816,0,0,1.61915,0.590993,1.028160,1,0,47.6998,0,0,0,47.6998,0
94.4509,2.69209,0,0,3.21113,0.302447,0.36288,3.6288,61.308,0.253642,0,0,1.06652,0.202078,0.610802,0.66528,12.849,1,0.365662,0.36288,0,49.6386,3.70077,45.9351,0.84672,12.849,0.84672,3695.15,0,0,0,0.683986,1.5632,5.07426,0.892695,6.42875,0.42336,0,0.42336,460.49,0,1.02816,0,0,1.71215,0.683986,1.028160,1,0,52.9746,0,0,0,52.9746,0
94.3164,2.65112,0,0,3.16379,0.284253,0.36288,3.6288,61.308,0.239033,0,0,0.924394,0.237217,0.448144,0.66528,12.849,1,0.360656,0.36288,0,47.7827,4.27287,43.5121,0.84672,12.849,0.84672,3695.15,0,0,0,0.856207,1.56334,4.80895,1.03382,6.19467,0.42336,0,0.42336,460.49,0,1.02816,0,0,1.88437,0.856207,1.028160,1,0,50.1549,0,0,0,50.1549,0
93.83,2.65096,0,0,2.81134,0.283928,0.36288,3.6288,61.308,0.239131,0,0,1.00261,0.237217,0.526264,0.66528,12.849,1,0.361149,0.36288,0,44.3811,4.27287,40.1099,0.84672,12.849,0.84672,3695.15,0,0,0,0.982169,1.54344,4.93391,1.03382,6.42569,0.42336,0,0.42336,460.49,0,1.02816,0,0,2.01033,0.982169,1.028160,1,0,47.0619,0,0,0,47.0619,0
93.471,2.64961,0,0,2.93626,0.282751,0.36288,3.6288,61.308,0.239229,0,0,0.858807,0.237217,0.382361,0.66528,12.849,1,0.362836,0.36288,0,44.0163,4.27287,39.7435,0.84672,12.849,0.84672,3695.15,0,0,0,0.64101,1.54358,5.7893,1.03382,6.94007,0.42336,0,0.42336,460.49,0,1.02816,0,0,1.66917,0.64101,1.028160,1,0,47.0659,0,0,0,47.0659,0
93.1076,2.64869,0,0,2.86945,0.221239,0.36288,3.6288,61.308,0.239328,0,0,0.837484,0.25502,0.343136,0.66528,12.849,1,0.364102,0.36288,0,43.7622,5.67642,38.0846,0.84672,12.849,0.84672,3695.15,0,0,0,0.715651,1.54372,5.23034,1.08916,6.40055,0.42336,0,0.42336,460.49,0,1.02816,0,0,1.74381,0.715651,1.028160,1,0,44.8282,0,0,0,44.8282,0
92.2953,2.78594,0,0,2.56961,0.233112,0.36288,3.6288,61.308,0.291609,0,0,0.980709,0.25367,0.43543,0.66528,12.849,1,0.384464,0.36288,0,41.946,4.84439,37.08,0.84672,12.849,0.84672,3695.15,0,0,0,0.964976,1.54386,4.99296,1.05218,6.44961,0.42336,0,0.42336,460.49,0,1.02816,0,0,1.99314,0.964976,1.028160,1,0,43.9651,0,0,0,43.9651,0
91.4406,2.78328,0,0,2.43907,0.147579,0.36288,3.6288,61.308,0.291713,0,0,0.926804,0.269326,0.365766,0.66528,12.849,1,0.387478,0.36288,0,34.7778,4.94518,29.808,0.84672,12.849,0.84672,3695.15,0,0,0,0.73904,1.61379,4.84913,1.1628,6.03916,0.42336,0,0.42336,460.49,0,1.02816,0,0,1.7672,0.73904,1.028160,1,0,36.213,0,0,0,36.213,0
90.4932,2.78042,0,0,2.34232,0.146485,0.36288,3.6288,61.308,0.291817,0,0,0.917076,0.269326,0.355933,0.66528,12.849,1,0.390697,0.36288,0,32.2797,4.94518,27.3067,0.84672,12.849,0.84672,3695.15,0,0,0,0.745252,1.61393,4.65359,1.1628,5.84997,0.42336,0,0.42336,460.49,0,1.02816,0,0,1.77341,0.745252,1.028160,1,0,33.5126,0,0,0,33.5126,0
89.4229,2.77714,0,0,2.22295,0.153236,0.36288,3.6288,61.308,0.29192,0,0,0.90256,0.268009,0.342631,0.66528,12.849,1,0.394323,0.36288,0,30.9214,4.86057,26.0293,0.84672,12.849,0.84672,3695.15,0,0,0,0.89005,1.61408,4.35613,1.16607,5.6942,0.42336,0,0.42336,460.49,0,1.02816,0,0,1.91821,0.89005,1.028160,1,0,32.0662,0,0,0,32.0662,0
87.8813,2.77333,0,0,1.7811,0.186512,0.36288,3.6288,61.308,0.292024,0,0,0.912367,0.265865,0.354478,0.66528,12.849,1,0.398494,0.36288,0,27.442,5.02896,22.3774,0.84672,12.849,0.84672,3695.15,0,0,0,0.35678,1.61423,3.26836,1.19466,4.04471,0.42336,0,0.42336,460.49,0,1.02816,0,0,1.38494,0.35678,1.028160,1,0,26.7766,0,0,0,26.7766,0
86.1231,2.74039,0,0,1.47957,0.134462,0.36288,3.6288,61.2697,0.603723,0,0,0.870955,0.305551,0,0.66528,12.849,1,0.400668,0.36288,0,25.3081,5.574,19.6963,0.84672,12.849,0.84672,3695.15,0,0,0,0.30119,1.61437,2.69908,1.31858,3.29607,0.42336,0,0.42336,460.49,0,0.74526,0,0,1.04645,0.30119,1.028160,1,0,22.9924,0,0,0,22.9924,0
84.3072,2.73357,0,0,1.40634,0.125742,0.36288,3.6288,61.2042,0.599768,0,0,0.845657,0.31137,0,0.66528,12.849,1,0.407831,0.36288,0,23.2624,5.58033,17.6371,0.84672,12.849,0.84672,3695.15,0,0,0,0.261274,1.63086,2.6152,1.3381,3.16923,0.42336,0,0.42336,460.49,0,0.749321,0,0,1.01059,0.261274,1.028160,1,0,20.8064,0,0,0,20.8064,0
82.4041,2.72626,0,0,1.30964,0.123651,0.36288,3.6288,60.9878,0.643066,0,0,0.737951,0.311241,0,0.66528,12.849,1,0.4155,0.36288,0,21.6213,5.58033,15.9883,0.84672,12.849,0.84672,3695.15,0,0,0,0.261274,1.63101,2.4773,1.3381,3.03148,0.42336,0,0.42336,460.49,0,0.70613,0,0,0.967404,0.261274,1.028160,1,0,19.0198,0,0,0,19.0198,0
80.462,2.71826,0,0,1.25817,0.119165,0.36288,3.6288,60.6783,0.694901,0,0,0.693412,0.308067,0,0.66528,12.849,1,0.423849,0.36288,0,20.9103,5.55411,15.2952,0.84672,12.849,0.84672,3695.15,0,0,0,0.261274,1.63115,2.32751,1.34827,2.87167,0.42336,0,0.42336,460.49,0,0.654402,0,0,0.915676,0.261274,1.028160,1,0,18.1669,0,0,0,18.1669,0
78.4998,2.77906,0,0,1.2833,0.103461,0.36288,3.6288,60.3893,0.713611,0,0,0.715608,0.291006,0,0.66528,12.849,1,0.44379,0.36288,0,20.688,5.39679,15.2103,0.84672,12.849,0.84672,3695.15,0,0,0,0.261274,1.6313,2.12685,1.40929,2.61013,0.42336,0,0.42336,460.49,0,0.661383,0,0,0.922657,0.261274,1.028160,1,0,17.8204,0,0,0,17.8204,0
76.4396,2.76984,0,0,1.17396,0.1015,0.36288,3.6288,60.0403,0.731052,0,0,0.672563,0.290472,0,0.66528,12.849,1,0.453373,0.36288,0,19.4514,5.39679,13.9641,0.84672,12.849,0.84672,3695.15,0,0,0,0.261274,1.66628,2.16484,1.40929,2.68311,0.42336,0,0.42336,460.49,0,0.644052,0,0,0.905325,0.261274,1.028160,1,0,16.6472,0,0,0,16.6472,0
74.2805,2.75969,0,0,1.06295,0.099441,0.36288,3.6288,59.6035,0.789576,0,0,0.642617,0.289828,0,0.66528,12.849,1,0.463886,0.36288,0,18.3193,5.39679,12.8215,0.84672,12.849,0.84672,3695.15,0,0,0,0.227405,1.66644,2.01283,1.40929,2.49738,0.42336,0,0.42336,460.49,0,0.585636,0,0,0.813041,0.227405,1.028160,1,0,15.3189,0,0,0,15.3189,0
72.0219,2.7485,0,0,0.929586,0.0768716,0.36288,3.6288,59.1422,0.802663,0,0,0.638055,0.296707,0,0.66528,12.849,1,0.475434,0.36288,0,17.444,5.62112,11.7103,0.84672,12.849,0.84672,3695.15,0,0,0,0.227405,1.66659,2.03437,1.45411,2.47425,0.42336,0,0.42336,460.49,0,0.572659,0,0,0.800064,0.227405,1.028160,1,0,14.1846,0,0,0,14.1846,0
69.4745,2.93603,0,0,0.831583,0.0799994,0.36288,3.6288,58.4786,0.975542,0,0,0.603053,0.291131,0,0.66528,12.849,1,0.523799,0.36288,0,17.0002,5.16627,11.673,0.84672,12.849,0.84672,3695.15,0,0,0,0.227405,1.66674,1.68405,1.38801,2.19018,0.42336,0,0.42336,460.49,0,0.492273,0,0,0.719677,0.227405,1.028160,1,0,13.8631,0,0,0,13.8631,0
67.1464,2.92014,0,0,1.03956,0.0847221,0.36288,3.6288,57.864,0.946017,0,0,0.624402,0.293008,0,0.66528,12.849,1,0.540067,0.36288,0,17.2289,5.02509,12.0266,0.84672,12.849,0.84672,3695.15,0,0,0,0.227405,1.7824,2.29408,1.42086,2.88302,0.42336,0,0.42336,460.49,0,0.521916,0,0,0.749321,0.227405,1.028160,1,0,14.9096,0,0,0,14.9096,0
64.6335,2.90474,0,0,0.83795,0.0831928,0.36288,3.6288,57.1594,0.98861,0,0,0.575854,0.291849,0,0.66528,12.849,1,0.555846,0.36288,0,15.8956,5.02509,10.6776,0.84672,12.849,0.84672,3695.15,0,0,0,0.204422,1.78257,1.55995,1.42086,2.12608,0.42336,0,0.42336,460.49,0,0.479442,0,0,0.683865,0.204422,1.028160,1,0,12.8036,0,0,0,12.8036,0
62.0397,2.88704,0,0,0.754237,0.0980893,0.36288,3.6288,56.3897,1.02393,0,0,0.545017,0.290796,0,0.66528,12.849,1,0.573937,0.36288,0,14.9939,5.10279,9.68001,0.84672,12.849,0.84672,3695.15,0,0,0,0.204422,1.78273,1.48616,1.40565,2.06766,0.42336,0,0.42336,460.49,0,0.444245,0,0,0.648668,0.204422,1.028160,1,0,11.7477,0,0,0,11.7477,0
59.2231,3.11799,0,0,0.782732,0.118455,0.36288,3.6288,55.9387,0.756462,0,0,0.582518,0.276998,0,0.66528,12.849,1,0.645765,0.36288,0,15.8408,5.05176,10.5062,0.84672,12.849,0.84672,3695.15,0,0,0,0.204422,1.7829,1.29882,1.37717,1.90897,0.42336,0,0.42336,460.49,0,0.409427,0,0,0.61385,0.204422,1.028160,1,0,12.4152,0,0,0,12.4152,0
56.866,2.75021,0,0,0.900677,0.144716,0.36288,3.6288,55.3519,0.98675,0,0,0.659733,0.25977,0,0.66528,12.849,1,0.596683,0.36288,0,16.8329,4.98372,11.6154,0.84672,12.849,0.84672,3695.15,0,0,0,0.204422,1.60609,1.05564,1.33919,1.52696,0.42336,0,0.42336,460.49,0,0.425556,0,0,0.629979,0.204422,1.028160,1,0,13.1423,0,0,0,13.1423,0
54.1253,2.977,0,0,0.740612,0.141429,0.36288,3.6288,55.7636,0.251722,0,0,0.92212,0.258773,0,0.66528,12.849,1,0.672661,0.36288,0,16.3409,4.98372,11.0474,0.84672,12.849,0.84672,3695.15,0,0,0,0.216518,1.71836,1.19187,1.33919,1.78755,0.42336,0,0.42336,460.49,0,0.858298,0,0,1.07482,0.216518,1.028160,1,0,12.835,0,0,0,12.835,0
51.2896,2.94978,0,0,0.614524,0.137608,0.36288,3.6288,55.2298,0.770226,0,0,0.495958,0.259472,0,0.66528,12.849,1,0.700258,0.36288,0,15.6569,4.98372,10.3358,0.84672,12.849,0.84672,3695.15,0,0,0,0.216518,1.54155,0.887622,1.33919,1.3065,0.42336,0,0.42336,460.49,0,0.339906,0,0,0.556425,0.216518,1.028160,1,0,11.6423,0,0,0,11.6423,0
48.7088,2.91911,0,0,0.883857,0.182579,0.36288,3.6288,54.9253,0.699758,0,0,0.610043,0.214829,0,0.66528,12.849,1,0.731293,0.36288,0,18.2732,4.36083,13.5439,0.84672,12.849,0.84672,3695.15,0,0,0,0.216518,1.54171,0.976717,1.1445,1.59044,0.42336,0,0.42336,460.49,0,0.410487,0,0,0.627006,0.216518,1.028160,1,0,15.1344,0,0,0,15.1344,0
46.2391,2.81413,0,0,0.906258,0.199,0.36288,3.6288,55.3646,0.0311113,0,0,0.582981,0.112538,0,0.66528,12.849,1,0.742344,0.36288,0,17.9687,3.54249,14.0467,0.84672,12.849,0.84672,3695.15,0,0,0,0.340315,1.54186,1.24399,0.91501,2.21115,0.42336,0,0.42336,460.49,0,1.02816,0,0,1.36847,0.340315,1.028160,1,0,16.2579,0,0,0,16.2579,0
44.9652,2.78338,0,0,2.06603,0.193678,0.36288,3.6288,55.7976,0.119213,0,0,0.665112,0.112863,0,0.66528,12.849,1,0.773451,0.36288,0,37.0518,3.54249,33.0987,0.84672,12.849,0.84672,3695.15,0,0,0,0.216518,1.48488,1.7905,0.91501,2.57689,0.42336,0,0.42336,460.49,0,0.940166,0,0,1.15668,0.216518,1.028160,1,0,35.6756,0,0,0,35.6756,0
45.8304,2.76662,0,0,4.1857,0.190933,0.36288,3.6288,57.1012,0.0313271,0,0,1.4481,0.113184,0,0.66528,12.849,1,0.790574,0.36288,0,58.6926,3.54249,54.7225,0.84672,12.849,0.84672,3695.15,0,0,0,1.51925,1.48503,3.7629,0.91501,5.85217,0.42336,0,0.42336,460.49,0,1.02816,0,0,2.54741,1.51925,1.028160,1,0,60.5746,0,0,0,60.5746,0
45.2761,2.77856,0,0,2.77992,0.192797,0.36288,3.6288,58.354,0.031435,0,0,1.3984,0.114151,0,0.66528,12.849,1,0.778996,0.36288,0,36.1243,3.54249,32.1657,0.84672,12.849,0.84672,3695.15,0,0,0,1.59726,1.48518,2.80261,0.91501,4.97004,0.42336,0,0.42336,460.49,0,1.02816,0,0,2.62542,1.59726,1.028160,1,0,37.1357,0,0,0,37.1357,0
45.027,2.5627,0,0,2.88231,0.205909,0.36288,3.6288,59.4882,0,0,0,1.32411,0.189928,0,0.66528,12.849,1,0.727272,0.36288,0,90.6401,4.14886,86.1268,0.84672,12.849,0.84672,3695.15,0,0,0,0.685973,1.48533,5.33405,1.1039,6.40145,0.42336,0,0.42336,460.49,0,0.953259,0,0,1.63923,0.685973,1.028160,1,0,92.5283,0,0,0,92.5283,0
45.4273,2.55983,0,0,3.53408,0.211038,0.36288,3.6288,61.0093,0,0,0,1.74258,0.221474,0,0.66528,12.849,1,0.730478,0.36288,0,111.035,4.39141,106.276,0.84672,12.849,0.84672,3695.15,0,0,0,1.23047,1.35303,5.76117,1.17946,7.16521,0.42336,0,0.42336,460.49,0,0.953356,0,0,2.18383,1.23047,1.028160,1,0,113.441,0,0,0,113.441,0
48.3493,2.5651,0,0,6.06194,0.211991,0.36288,3.6288,61.308,0,0,0,1.64035,0.223629,1.11806,0.66528,12.849,1,0.725534,0.36288,0,115.139,4.39141,110.385,0.84672,12.849,0.84672,3695.15,0,0,0,1.47127,1.35317,5.81085,1.17946,7.45583,0.42336,0,0.42336,460.49,0,0.953453,0,0,2.42472,1.47127,1.028160,1,0,118.959,0,0,0,118.959,0
51.2425,2.60001,0,0,6.07704,0.220897,0.36288,3.6288,61.308,0,0,0,2.19993,0.219159,1.98077,0.66528,12.849,1,0.690963,0.36288,0,111.424,3.9756,107.12,0.84672,12.849,0.84672,3695.15,0,0,0,1.27669,1.3533,6.97794,1.13961,8.46833,0.42336,0,0.42336,460.49,0,0.953551,0,0,2.23024,1.27669,1.028160,1,0,117.569,0,0,0,117.569,0
56.7384,2.63147,0,0,8.732,0.241803,0.36288,3.6288,61.308,0,0,0,2.85659,0.229497,2.62709,0.66528,12.849,1,0.659838,0.36288,0,124.5,3.69574,120.507,0.84672,12.849,0.84672,3695.15,0,0,0,1.73061,1.35344,9.43704,1.14896,11.3721,0.42336,0,0.42336,460.49,0,0.953648,0,0,2.68426,1.73061,1.028160,1,0,134.506,0,0,0,134.506,0
56.3742,2.76792,0,0,3.00268,0.236016,0.36288,3.6288,61.308,0,0,0,1.66195,0.288196,1.37375,0.66528,12.849,1,0.626825,0.36288,0,71.7108,4.57224,66.8746,0.84672,12.849,0.84672,3695.15,0,0,0,1.20669,1.35358,6.01706,1.32037,7.25696,0.42336,0,0.42336,460.49,0,0.984579,0,0,2.19127,1.20669,1.028160,1,0,75.5053,0,0,0,75.5053,0
56.1438,2.76488,0,0,3.14326,0.24595,0.36288,3.6288,61.308,0,0,0,1.72497,0.286529,1.43844,0.66528,12.849,1,0.630181,0.36288,0,59.8461,4.59438,54.9844,0.84672,12.849,0.84672,3695.15,0,0,0,1.07816,1.39686,5.19036,1.42108,6.2443,0.42336,0,0.42336,460.49,0,0.98467,0,0,2.06283,1.07816,1.028160,1,0,62.6671,0,0,0,62.6671,0
56.0286,2.76303,0,0,3.25615,0.245388,0.36288,3.6288,61.308,0,0,0,1.45535,0.286529,1.16882,0.66528,12.849,1,0.632345,0.36288,0,77.3306,4.59438,72.4667,0.84672,12.849,0.84672,3695.15,0,0,0,0.781176,1.39699,5.58129,1.42108,6.33838,0.42336,0,0.42336,460.49,0,0.984762,0,0,1.76594,0.781176,1.028160,1,0,79.9739,0,0,0,79.9739,0
55.9416,2.76223,0,0,3.28317,0.245108,0.36288,3.6288,61.308,0,0,0,1.46861,0.286529,1.18208,0.66528,12.849,1,0.633461,0.36288,0,68.8167,4.59438,63.9518,0.84672,12.849,0.84672,3695.15,0,0,0,0.806106,1.39712,5.16719,1.42108,5.94933,0.42336,0,0.42336,460.49,0,0.984854,0,0,1.79096,0.806106,1.028160,1,0,71.0832,0,0,0,71.0832,0
55.9475,3.03106,0,0,3.65107,0.251215,0.36288,3.6288,61.308,0.0725938,0,0,2.10324,0.246327,1.78431,0.66528,12.849,1,0.696192,0.36288,0,93.6066,3.95808,89.3152,0.84672,12.849,0.84672,3695.15,0,0,0,1.64023,1.39725,8.02486,1.16479,9.89755,0.42336,0,0.42336,460.49,0,1.02816,0,0,2.66839,1.64023,1.028160,1,0,100.997,0,0,0,100.997,0
56.6322,3.0314,0,0,4.3313,0.252283,0.36288,3.6288,61.308,0.0726962,0,0,2.35863,0.239627,2.04631,0.66528,12.849,1,0.696197,0.36288,0,75.6268,3.85203,71.4414,0.84672,12.849,0.84672,3695.15,0,0,0,1.62133,1.54893,9.06155,1.12207,11.1097,0.42336,0,0.42336,460.49,0,1.02816,0,0,2.64949,1.62133,1.028160,1,0,84.5975,0,0,0,84.5975,0
57.5993,3.03854,0,0,4.62249,0.254002,0.36288,3.6288,61.308,0.0727987,0,0,2.2872,0.239627,1.97477,0.66528,12.849,1,0.6894,0.36288,0,138.392,3.85203,134.214,0.84672,12.849,0.84672,3695.15,0,0,0,1.62098,1.54907,8.96599,1.12207,11.014,0.42336,0,0.42336,460.49,0,1.02816,0,0,2.64914,1.62098,1.028160,1,0,147.202,0,0,0,147.202,0
58.2289,3.04829,0,0,4.29721,0.256429,0.36288,3.6288,61.308,0.0729011,0,0,1.55254,0.239627,1.24001,0.66528,12.849,1,0.68,0.36288,0,117.578,3.85203,113.409,0.84672,12.849,0.84672,3695.15,0,0,0,1.08162,1.54922,8.06881,1.12207,9.57757,0.42336,0,0.42336,460.49,0,1.02816,0,0,2.10978,1.08162,1.028160,1,0,124.227,0,0,0,124.227,0
59.5746,2.66741,0,0,4.67333,0.297297,0.36288,3.6288,61.308,0,0,0,2.21911,0.178867,2.04025,0.66528,12.849,1,0.5886,0.36288,0,102.192,3.65724,98.3092,0.84672,12.849,0.84672,3695.15,0,0,0,2.14085,1.54936,10.3068,0.862645,13.1344,0.42336,0,0.42336,460.49,0,0.945689,0,0,3.08654,2.14085,1.028160,1,0,113.484,0,0,0,113.484,0
60.6099,2.67859,0,0,4.37878,0.302081,0.36288,3.6288,61.308,0,0,0,1.27786,0.172104,1.10575,0.66528,12.849,1,0.577717,0.36288,0,89.2572,3.63562,85.4068,0.84672,12.849,0.84672,3695.15,0,0,0,1.34901,1.34082,7.59601,0.839585,9.44625,0.42336,0,0.42336,460.49,0,0.945777,0,0,2.29478,1.34901,1.028160,1,0,95.9588,0,0,0,95.9588,0
60.8178,2.68699,0,0,3.56275,0.304976,0.36288,3.6288,61.308,0,0,0,1.1486,0.172104,0.976498,0.66528,12.849,1,0.569628,0.36288,0,77.4109,3.63562,73.5686,0.84672,12.849,0.84672,3695.15,0,0,0,0.919001,1.34094,5.86692,0.839585,7.28728,0.42336,0,0.42336,460.49,0,0.945865,0,0,1.86487,0.919001,1.028160,1,0,81.8323,0,0,0,81.8323,0
62.2819,2.68884,0,0,4.82141,0.305503,0.36288,3.6288,61.308,0,0,0,1.60045,0.172104,1.42834,0.66528,12.849,1,0.568073,0.36288,0,121.564,3.63562,117.723,0.84672,12.849,0.84672,3695.15,0,0,0,1.80681,1.34107,7.37314,0.839585,9.68143,0.42336,0,0.42336,460.49,0,0.945953,0,0,2.75276,1.80681,1.028160,1,0,128.833,0,0,0,128.833,0
66.0004,2.70017,0,0,7.0645,0.282964,0.36288,3.6288,61.308,0,0,0,2.21652,0.149115,2.06741,0.66528,12.849,1,0.557054,0.36288,0,173.68,3.84519,169.64,0.84672,12.849,0.84672,3695.15,0,0,0,2.82846,1.34119,11.3112,0.822945,14.6579,0.42336,0,0.42336,460.49,0,0.946041,0,0,3.7745,2.82846,1.028160,1,0,186.366,0,0,0,186.366,0
67.9036,2.82632,0,0,5.35242,0.260078,0.36288,3.6288,61.308,0,0,0,1.99669,0.158553,1.83813,0.66528,12.849,1,0.550229,0.36288,0,131.412,4.7522,126.472,0.84672,12.849,0.84672,3695.15,0,0,0,2.15097,1.34131,7.68744,0.908244,10.2715,0.42336,0,0.42336,460.49,0,0.984182,0,0,3.13515,2.15097,1.028160,1,0,138.582,0,0,0,138.582,0
68.9501,2.83955,0,0,4.51297,0.264022,0.36288,3.6288,61.308,0,0,0,1.74788,0.158553,1.58933,0.66528,12.849,1,0.537311,0.36288,0,100.279,4.7522,95.3527,0.84672,12.849,0.84672,3695.15,0,0,0,1.98104,1.39314,7.0041,0.908244,9.47005,0.42336,0,0.42336,460.49,0,0.984273,0,0,2.96532,1.98104,1.028160,1,0,106.412,0,0,0,106.412,0
69.5093,2.84669,0,0,4.03496,0.266191,0.36288,3.6288,61.308,0,0,0,1.59492,0.158553,1.43636,0.66528,12.849,1,0.530487,0.36288,0,85.2301,4.7522,80.3103,0.84672,12.849,0.84672,3695.15,0,0,0,1.7701,1.39327,6.38565,0.908244,8.64078,0.42336,0,0.42336,460.49,0,0.984365,0,0,2.75447,1.7701,1.028160,1,0,90.3875,0,0,0,90.3875,0
70.6102,2.85056,0,0,4.53205,0.217687,0.36288,3.6288,61.308,0,0,0,1.59773,0.14586,1.45188,0.66528,12.849,1,0.526934,0.36288,0,89.0749,3.8589,85.052,0.84672,12.849,0.84672,3695.15,0,0,0,1.70047,1.3934,6.54648,0.919372,8.72097,0.42336,0,0.42336,460.49,0,0.984456,0,0,2.68492,1.70047,1.028160,1,0,95.2248,0,0,0,95.2248,0
70.5893,2.81838,0,0,3.33851,0.17814,0.36288,3.6288,61.308,0,0,0,1.09945,0.218937,0.880512,0.66528,12.849,1,0.512864,0.36288,0,66.598,4.2819,62.1661,0.84672,12.849,0.84672,3695.15,0,0,0,0.975187,1.39353,3.5729,1.07026,4.87136,0.42336,0,0.42336,460.49,0,0.969763,0,0,1.94495,0.975187,1.028160,1,0,67.918,0,0,0,67.918,0
69.826,2.81852,0,0,2.59618,0.178112,0.36288,3.6288,61.308,0,0,0,0.842124,0.218937,0.623187,0.66528,12.849,1,0.51304,0.36288,0,54.707,4.2819,50.275,0.84672,12.849,0.84672,3695.15,0,0,0,0.675116,1.37352,2.86481,1.07026,3.84318,0.42336,0,0.42336,460.49,0,0.969854,0,0,1.64497,0.675116,1.028160,1,0,54.7413,0,0,0,54.7413,0
68.7482,2.81404,0,0,2.27615,0.177067,0.36288,3.6288,61.308,0,0,0,0.794077,0.218937,0.57514,0.66528,12.849,1,0.517825,0.36288,0,49.9521,4.2819,45.5152,0.84672,12.849,0.84672,3695.15,0,0,0,0.475952,1.37364,2.66817,1.07026,3.4475,0.42336,0,0.42336,460.49,0,0.969944,0,0,1.4459,0.475952,1.028160,1,0,49.5379,0,0,0,49.5379,0
67.871,2.80746,0,0,2.46879,0.175591,0.36288,3.6288,61.308,0.198301,0,0,0.761954,0.218937,0.344717,0.66528,12.849,1,0.524714,0.36288,0,53.8494,4.2819,49.4057,0.84672,12.849,0.84672,3695.15,0,0,0,0.402797,1.37377,2.92016,1.07026,3.62647,0.42336,0,0.42336,460.49,0,0.771733,0,0,1.17453,0.402797,1.028160,1,0,53.3769,0,0,0,53.3769,0
66.9916,2.93494,0,0,2.52887,0.110488,0.36288,3.6288,61.308,0.0102168,0,0,0.851671,0.273024,0.568429,0.66528,12.849,1,0.555629,0.36288,0,51.166,5.18272,45.7905,0.84672,12.849,0.84672,3695.15,0,0,0,0.402797,1.3739,2.97649,1.20328,3.54991,0.42336,0,0.42336,460.49,0,1.01236,0,0,1.41515,0.402797,1.028160,1,0,49.9089,0,0,0,49.9089,0
65.8588,2.9291,0,0,2.24352,0.0843411,0.36288,3.6288,61.308,0.0465394,0,0,0.809542,0.29466,0.468343,0.66528,12.849,1,0.561801,0.36288,0,46.4641,5.54306,40.7221,0.84672,12.849,0.84672,3695.15,0,0,0,0.402797,1.44417,2.62661,1.25648,3.2171,0.42336,0,0.42336,460.49,0,0.97613,0,0,1.37893,0.402797,1.028160,1,0,44.4076,0,0,0,44.4076,0
64.5121,2.92128,0,0,2.02108,0.0835858,0.36288,3.6288,61.308,0.0547302,0,0,0.753952,0.29466,0.404563,0.66528,12.849,1,0.56994,0.36288,0,43.2128,5.54306,37.4627,0.84672,12.849,0.84672,3695.15,0,0,0,0.30119,1.44431,2.42234,1.25648,2.91136,0.42336,0,0.42336,460.49,0,0.968034,0,0,1.26922,0.30119,1.028160,1,0,40.7786,0,0,0,40.7786,0
63.1145,2.91163,0,0,1.95958,0.0826879,0.36288,3.6288,61.308,0.195329,0,0,0.689489,0.29466,0.199501,0.66528,12.849,1,0.579915,0.36288,0,39.7271,5.54306,33.967,0.84672,12.849,0.84672,3695.15,0,0,0,0.30119,1.44444,2.25305,1.25648,2.7422,0.42336,0,0.42336,460.49,0,0.827531,0,0,1.12872,0.30119,1.028160,1,0,36.9087,0,0,0,36.9087,0
61.7076,2.90123,0,0,1.9312,0.0740201,0.36288,3.6288,61.308,0,0,0,0.734495,0.301206,0.433289,0.66528,12.849,1,0.59064,0.36288,0,38.5595,5.47773,32.8541,0.84672,12.849,0.84672,3695.15,0,0,0,0.343202,1.44458,2.67341,1.29936,3.16184,0.42336,0,0.42336,460.49,0,1.02295,0,0,1.36616,0.343202,1.028160,1,0,36.4492,0,0,0,36.4492,0
60.4451,2.86447,0,0,2.03424,0.0693377,0.36288,3.6288,61.308,0.0237306,0,0,0.824757,0.312672,0.488355,0.66528,12.849,1,0.596451,0.36288,0,39.6621,5.28045,34.1481,0.84672,12.849,0.84672,3695.15,0,0,0,0.655102,1.44471,3.25365,1.37016,3.9833,0.42336,0,0.42336,460.49,0,1.02816,0,0,1.68326,0.655102,1.028160,1,0,38.6197,0,0,0,38.6197,0
59.091,2.85446,0,0,1.93182,0.0686156,0.36288,3.6288,61.308,0.0238285,0,0,0.750341,0.312672,0.413841,0.66528,12.849,1,0.606781,0.36288,0,35.8944,5.28045,30.37,0.84672,12.849,0.84672,3695.15,0,0,0,0.594009,1.46127,3.18411,1.37016,3.86922,0.42336,0,0.42336,460.49,0,1.02816,0,0,1.62217,0.594009,1.028160,1,0,34.6531,0,0,0,34.6531,0
57.607,2.8433,0,0,1.7899,0.0677416,0.36288,3.6288,61.308,0.0239264,0,0,0.679363,0.312672,0.342765,0.66528,12.849,1,0.61826,0.36288,0,34.1684,5.28045,28.6325,0.84672,12.849,0.84672,3695.15,0,0,0,0.510019,1.4614,2.93751,1.37016,3.53876,0.42336,0,0.42336,460.49,0,1.02816,0,0,1.53818,0.510019,1.028160,1,0,32.514,0,0,0,32.514,0
56.0584,2.83054,0,0,1.71165,0.0667718,0.36288,3.6288,61.308,0.0240241,0,0,0.680875,0.312672,0.344179,0.66528,12.849,1,0.631341,0.36288,0,31.7085,5.28045,26.1595,0.84672,12.849,0.84672,3695.15,0,0,0,0.353765,1.46154,2.79855,1.37016,3.24369,0.42336,0,0.42336,460.49,0,1.02816,0,0,1.38192,0.353765,1.028160,1,0,29.7474,0,0,0,29.7474,0
54.5885,2.88235,0,0,1.82318,0.0479093,0.36288,3.6288,61.308,0.0498351,0,0,0.874757,0.306978,0.517943,0.66528,12.849,1,0.660656,0.36288,0,34.0102,5.56867,28.1438,0.84672,12.849,0.84672,3695.15,0,0,0,0.413251,1.46167,2.94757,1.38516,3.43733,0.42336,0,0.42336,460.49,0,1.02816,0,0,1.44141,0.413251,1.028160,1,0,32.0991,0,0,0,32.0991,0
53.0885,2.86822,0,0,1.7784,0.0472095,0.36288,3.6288,61.308,0.0499353,0,0,0.805965,0.306978,0.449051,0.66528,12.849,1,0.675119,0.36288,0,33.9663,5.56867,28.0853,0.84672,12.849,0.84672,3695.15,0,0,0,0.541832,1.49682,3.15853,1.38516,3.81202,0.42336,0,0.42336,460.49,0,1.02816,0,0,1.56999,0.541832,1.028160,1,0,32.3464,0,0,0,32.3464,0
51.4902,2.85312,0,0,1.66416,0.0464953,0.36288,3.6288,61.308,0.0500356,0,0,0.746038,0.306978,0.389024,0.66528,12.849,1,0.690541,0.36288,0,30.663,5.56867,24.7667,0.84672,12.849,0.84672,3695.15,0,0,0,0.474448,1.49696,2.81896,1.38516,3.40521,0.42336,0,0.42336,460.49,0,1.02816,0,0,1.50261,0.474448,1.028160,1,0,28.5609,0,0,0,28.5609,0
49.7731,2.83623,0,0,1.52779,0.0457343,0.36288,3.6288,61.308,0.0501358,0,0,0.737839,0.306978,0.380725,0.66528,12.849,1,0.707761,0.36288,0,28.0297,5.56867,22.1162,0.84672,12.849,0.84672,3695.15,0,0,0,0.351035,1.4971,2.75706,1.38516,3.22003,0.42336,0,0.42336,460.49,0,1.02816,0,0,1.37919,0.351035,1.028160,1,0,25.7169,0,0,0,25.7169,0
47.8688,3.00523,0,0,1.49503,0.0312108,0.36288,3.6288,61.308,0.143081,0,0,0.832196,0.311194,0.37792,0.66528,12.849,1,0.775804,0.36288,0,27.309,5.76712,21.1289,0.84672,12.849,0.84672,3695.15,0,0,0,0.671069,1.49724,3.58595,1.4233,4.33096,0.42336,0,0.42336,460.49,0,1.02816,0,0,1.69923,0.671069,1.028160,1,0,25.8378,0,0,0,25.8378,0
45.5377,2.98118,0,0,1.04716,0.0342468,0.36288,3.6288,61.308,0.14319,0,0,0.672201,0.305291,0.223719,0.66528,12.849,1,0.80021,0.36288,0,23.2823,5.65425,17.1907,0.84672,12.849,0.84672,3695.15,0,0,0,0.378518,1.61347,2.80795,1.39962,3.40032,0.42336,0,0.42336,460.49,0,1.02816,0,0,1.40668,0.378518,1.028160,1,0,20.8148,0,0,0,20.8148,0
43.3069,2.9495,0,0,1.11494,0.0333744,0.36288,3.6288,61.308,0.143299,0,0,0.666723,0.305291,0.218132,0.66528,12.849,1,0.832237,0.36288,0,21.749,5.65425,15.6253,0.84672,12.849,0.84672,3695.15,0,0,0,0.356789,1.61362,2.95946,1.39962,3.53025,0.42336,0,0.42336,460.49,0,1.02816,0,0,1.38495,0.356789,1.028160,1,0,19.3737,0,0,0,19.3737,0
41.6605,2.91671,0,0,1.67346,0.040289,0.36288,3.6288,61.308,0.143408,0,0,0.793852,0.303146,0.347298,0.66528,12.849,1,0.865378,0.36288,0,32.116,5.59488,26.0186,0.84672,12.849,0.84672,3695.15,0,0,0,0.630444,1.61377,3.14502,1.39234,3.9969,0.42336,0,0.42336,460.49,0,1.02816,0,0,1.6586,0.630444,1.028160,1,0,30.3628,0,0,0,30.3628,0
41.0333,2.89084,0,0,2.68681,0.0602693,0.36288,3.6288,61.308,0.143517,0,0,1.34622,0.288735,0.913972,0.66528,12.849,1,0.891599,0.36288,0,51.8621,5.60413,45.7293,0.84672,12.849,0.84672,3695.15,0,0,0,1.37981,1.61392,4.34474,1.36634,5.97212,0.42336,0,0.42336,460.49,0,1.02816,0,0,2.40797,1.37981,1.028160,1,0,52.6154,0,0,0,52.6154,0
41.1089,2.79284,0,0,3.30826,0.0769093,0.36288,3.6288,61.308,0.0872462,0,0,2.65488,0.272657,2.29498,0.66528,12.849,1,0.874538,0.36288,0,69.965,5.731,63.7223,0.84672,12.849,0.84672,3695.15,0,0,0,3.58169,1.61407,7.07998,1.35049,10.9252,0.42336,0,0.42336,460.49,0,1.02816,0,0,4.60985,3.58169,1.028160,1,0,76.9425,0,0,0,76.9425,0
41.0406,2.79432,0,0,3.16583,0.076978,0.36288,3.6288,61.308,0.0873499,0,0,2.25975,0.272657,1.89974,0.66528,12.849,1,0.873393,0.36288,0,75.3564,5.731,69.1148,0.84672,12.849,0.84672,3695.15,0,0,0,3.39413,1.54903,6.35849,1.35049,9.95115,0.42336,0,0.42336,460.49,0,1.02816,0,0,4.42229,3.39413,1.028160,1,0,80.9657,0,0,0,80.9657,0
40.4517,2.79348,0,0,2.66844,0.100965,0.36288,3.6288,61.308,0.0874536,0,0,1.92811,0.251527,1.58913,0.66528,12.849,1,0.874582,0.36288,0,52.7057,5.39497,46.799,0.84672,12.849,0.84672,3695.15,0,0,0,2.84498,1.54917,8.29018,1.26331,11.421,0.42336,0,0.42336,460.49,0,1.02816,0,0,3.87314,2.84498,1.028160,1,0,59.8092,0,0,0,59.8092,0
41.0922,2.78407,0,0,3.85894,0.0714671,0.36288,3.6288,61.308,0.0875573,0,0,2.37901,0.273253,2.0182,0.66528,12.849,1,0.884327,0.36288,0,53.0652,5.90787,46.6359,0.84672,12.849,0.84672,3695.15,0,0,0,3.72934,1.54932,11.7148,1.1994,15.7941,0.42336,0,0.42336,460.49,0,1.02816,0,0,4.7575,3.72934,1.028160,1,0,64.4482,0,0,0,64.4482,0
42.3831,2.72263,0,0,4.49925,0.122804,0.36288,3.6288,61.308,0.0363222,0,0,1.68361,0.200837,1.44645,0.66528,12.849,1,0.851333,0.36288,0,55.0396,4.57949,49.9716,0.84672,12.849,0.84672,3695.15,0,0,0,3.06727,1.54946,9.36171,1.1054,12.873,0.42336,0,0.42336,460.49,0,1.02816,0,0,4.09543,3.06727,1.028160,1,0,64.2911,0,0,0,64.2911,0
42.6309,2.74279,0,0,3.53773,0.184343,0.36288,3.6288,61.308,0.0364212,0,0,1.72297,0.143208,1.54334,0.66528,12.849,1,0.831512,0.36288,0,48.2766,3.61546,44.1925,0.84672,12.849,0.84672,3695.15,0,0,0,2.43402,1.49218,7.25561,0.841868,10.3399,0.42336,0,0.42336,460.49,0,1.02816,0,0,3.46218,2.43402,1.028160,1,0,56.0758,0,0,0,56.0758,0
44.054,2.74676,0,0,4.71763,0.184874,0.36288,3.6288,61.308,0.0365201,0,0,1.92812,0.143208,1.74839,0.66528,12.849,1,0.827876,0.36288,0,58.6089,3.61546,54.5285,0.84672,12.849,0.84672,3695.15,0,0,0,3.1839,1.49232,8.51567,0.841868,12.35,0.42336,0,0.42336,460.49,0,1.02816,0,0,4.21206,3.1839,1.028160,1,0,68.6269,0,0,0,68.6269,0
45.072,2.76772,0,0,4.33652,0.187924,0.36288,3.6288,61.308,0.0366192,0,0,3.19901,0.143208,3.01918,0.66528,12.849,1,0.807246,0.36288,0,103.265,3.61546,99.2055,0.84672,12.849,0.84672,3695.15,0,0,0,3.14801,1.49246,11.441,0.841868,15.2396,0.42336,0,0.42336,460.49,0,1.02816,0,0,4.17617,3.14801,1.028160,1,0,117.464,0,0,0,117.464,0
47.0649,2.57264,0,0,5.11242,0.183994,0.36288,3.6288,61.308,0,0,0,4.07658,0.186427,3.89015,0.66528,12.849,1,0.7334,0.36288,0,84.253,3.99112,79.8913,0.84672,12.849,0.84672,3695.15,0,0,0,4.42754,1.4926,12.7147,1.02689,17.608,0.42336,0,0.42336,460.49,0,0.957915,0,0,5.38545,4.42754,1.028160,1,0,101.389,0,0,0,101.389,0
50.521,2.59727,0,0,6.59972,0.183441,0.36288,3.6288,61.308,0,0,0,5.09496,0.21884,4.87612,0.66528,12.849,1,0.709071,0.36288,0,157.937,4.27287,153.318,0.84672,12.849,0.84672,3695.15,0,0,0,5.57546,1.35964,11.8905,1.16565,17.6599,0.42336,0,0.42336,460.49,0,0.958004,0,0,6.53346,5.57546,1.028160,1,0,175.854,0,0,0,175.854,0
55.956,2.63619,0,0,8.62442,0.19041,0.36288,3.6288,61.308,0,0,0,5.22936,0.21884,5.01052,0.66528,12.849,1,0.670461,0.36288,0,105.647,4.27287,101.067,0.84672,12.849,0.84672,3695.15,0,0,0,4.92965,1.35976,12.7083,1.16565,17.8321,0.42336,0,0.42336,460.49,0,0.958093,0,0,5.88775,4.92965,1.028160,1,0,123.909,0,0,0,123.909,0
60.0475,2.6894,0,0,7.34512,0.201294,0.36288,3.6288,61.308,0,0,0,6.48946,0.21884,6.27062,0.66528,12.849,1,0.617559,0.36288,0,110.384,4.27287,105.856,0.84672,12.849,0.84672,3695.15,0,0,0,5.35399,1.35989,11.8235,1.16565,17.3717,0.42336,0,0.42336,460.49,0,0.958182,0,0,6.31217,5.35399,1.028160,1,0,129.499,0,0,0,129.499,0
68.3154,2.72431,0,0,11.613,0.257871,0.36288,3.6288,61.308,0,0,0,6.96731,0.204291,6.76302,0.66528,12.849,1,0.58295,0.36288,0,207.32,3.69741,203.403,0.84672,12.849,0.84672,3695.15,0,0,0,5.73042,1.36001,18.4032,1.06518,24.4285,0.42336,0,0.42336,460.49,0,0.958271,0,0,6.68869,5.73042,1.028160,1,0,234.594,0,0,0,234.594,0
73.0947,2.87116,0,0,8.31057,0.29726,0.36288,3.6288,61.308,0,0,0,3.22075,0.2171,3.00365,0.66528,12.849,1,0.540017,0.36288,0,162.726,4.17837,158.37,0.84672,12.849,0.84672,3695.15,0,0,0,4.55689,1.36014,14.7774,1.26146,19.433,0.42336,0,0.42336,460.49,0,0.989343,0,0,5.54623,4.55689,1.028160,1,0,180.807,0,0,0,180.807,0
78.103,2.90143,0,0,8.69288,0.420297,0.36288,3.6288,61.308,0,0,0,3.18681,0.2171,2.96971,0.66528,12.849,1,0.51003,0.36288,0,144.057,4.17837,139.732,0.84672,12.849,0.84672,3695.15,0,0,0,6.12471,1.40362,16.6666,1.26146,22.9335,0.42336,0,0.42336,460.49,0,0.989427,0,0,7.11414,6.12471,1.028160,1,0,165.635,0,0,0,165.635,0
85.0548,2.92976,0,0,10.6866,0.442186,0.36288,3.6288,61.308,0,0,0,3.36153,0.2171,3.14443,0.66528,12.849,1,0.481986,0.36288,0,187.734,4.17837,183.437,0.84672,12.849,0.84672,3695.15,0,0,0,6.2301,1.40374,16.8145,1.26146,23.1869,0.42336,0,0.42336,460.49,0,0.98951,0,0,7.21961,6.2301,1.028160,1,0,209.768,0,0,0,209.768,0
89.1279,2.96424,0,0,7.87277,0.472571,0.36288,3.6288,61.308,0,0,0,3.2759,0.2171,3.0588,0.66528,12.849,1,0.4478,0.36288,0,153.111,4.17837,148.848,0.84672,12.849,0.84672,3695.15,0,0,0,5.73625,1.40386,16.2706,1.26146,22.1492,0.42336,0,0.42336,460.49,0,0.989594,0,0,6.72584,5.73625,1.028160,1,0,174.056,0,0,0,174.056,0
91.3948,3.27327,0,0,6.42212,0.518992,0.36288,3.6288,61.308,0.077882,0,0,2.79489,0.166696,2.55032,0.66528,12.849,1,0.471887,0.36288,0,157.486,3.45238,153.924,0.84672,12.849,0.84672,3695.15,0,0,0,3.46814,1.40398,10.4997,0.971927,14.3999,0.42336,0,0.42336,460.49,0,1.02816,0,0,4.4963,3.46814,1.028160,1,0,170.874,0,0,0,170.874,0
94.9948,3.28381,0,0,7.80931,0.562615,0.36288,3.6288,61.308,0.0779754,0,0,2.19428,0.16528,1.95103,0.66528,12.849,1,0.461664,0.36288,0,183.477,3.63247,179.746,0.84672,12.849,0.84672,3695.15,0,0,0,3.43471,1.55637,12.6656,0.989673,16.667,0.42336,0,0.42336,460.49,0,1.02816,0,0,4.46287,3.43471,1.028160,1,0,198.364,0,0,0,198.364,0
97.506,3.2995,0,0,9.94965,0.554074,3.58491,3.6288,61.308,0.0780687,0,0,3.67152,0.198477,3.39497,0.66528,12.849,1,0.44629,3.58491,0,201.62,4.41871,200.34,0.84672,12.849,0.84672,3695.15,0,0,0,5.74634,1.5565,21.8908,1.23565,27.958,0.42336,0,0.42336,460.49,0,1.02816,0,0,6.7745,5.74634,1.028160,1,0,231.693,0,0,0,231.693,0
97.506,3.30993,0,0,8.03788,0.575505,4.15244,3.6288,61.308,0.078162,0,0,2.5498,0.151773,2.31987,0.66528,12.849,1,0.436171,4.15244,0,205.588,3.79827,205.506,0.84672,12.849,0.84672,3695.15,0,0,0,4.39481,1.55663,15.768,0.947016,20.7724,0.42336,0,0.42336,460.49,0,1.02816,0,0,5.42297,4.39481,1.028160,1,0,228.598,0,0,0,228.598,0
97.506,2.89062,0,0,6.98743,0.599094,3.49771,3.6288,61.308,0,0,0,4.00613,0.20075,3.80538,0.66528,12.849,1,0.380916,3.49771,0,188.054,4.29772,186.873,0.84672,12.849,0.84672,3695.15,0,0,0,5.84792,1.55676,14.1528,1.00227,20.5552,0.42336,0,0.42336,460.49,0,0.950199,0,0,6.79812,5.84792,1.028160,1,0,211.234,0,0,0,211.234,0
97.506,2.89087,0,0,6.57059,0.629367,3.05036,3.6288,61.308,0,0,0,4.38924,0.200683,4.18856,0.66528,12.849,1,0.380948,3.05036,0,213.781,4.21795,212.233,0.84672,12.849,0.84672,3695.15,0,0,0,6.20416,1.34721,14.9174,0.966524,21.5022,0.42336,0,0.42336,460.49,0,0.95028,0,0,7.15444,6.20416,1.028160,1,0,237.923,0,0,0,237.923,0
97.506,2.89111,0,0,7.83294,0.629367,4.31246,3.6288,61.308,0,0,0,5.90509,0.200683,5.7044,0.66528,12.849,1,0.38098,4.31246,0,239.115,4.21795,238.829,0.84672,12.849,0.84672,3695.15,0,0,0,6.77847,1.34732,18.7842,0.966524,25.9435,0.42336,0,0.42336,460.49,0,0.95036,0,0,7.72883,6.77847,1.028160,1,0,270.477,0,0,0,270.477,0
97.506,2.89135,0,0,9.08798,0.60989,5.58674,3.6288,61.308,0,0,0,7.17054,0.194667,6.97588,0.66528,12.849,1,0.381012,5.58674,0,290.354,4.13076,291.429,0.84672,12.849,0.84672,3695.15,0,0,0,10.38,1.34744,22.5576,0.953999,33.331,0.42336,0,0.42336,460.49,0,0.95044,0,0,11.3304,10.38,1.028160,1,0,331.736,0,0,0,331.736,0
97.506,2.62441,0,0,6.55845,0.520144,3.4139,3.6288,61.308,0.22476,0,0,4.33676,0.164975,3.94703,0.66528,12.849,1,0.345835,3.4139,0,236.725,3.75939,236.033,0.84672,12.849,0.84672,3695.15,0,0,0,5.67808,1.34755,16.206,0.87814,22.3535,0.42336,0,0.42336,460.49,0,1.02816,0,0,6.70624,5.67808,1.028160,1,0,262.334,0,0,0,262.334,0
97.506,2.73031,0,0,5.94392,0.587939,2.62567,3.6288,61.308,0.263073,0,0,2.81347,0.18099,2.36941,0.66528,12.849,1,0.359791,2.62567,0,192.497,4.13889,190.624,0.84672,12.849,0.84672,3695.15,0,0,0,4.09353,1.52463,13.189,0.876374,17.9307,0.42336,0,0.42336,460.49,0,1.02816,0,0,5.12169,4.09353,1.028160,1,0,210.925,0,0,0,210.925,0
97.506,2.73057,0,0,5.90063,0.587939,2.58212,3.6288,61.308,0.263156,0,0,8.58108,0.18099,8.13693,0.66528,12.849,1,0.359824,2.58212,0,196.258,4.13889,194.342,0.84672,12.849,0.84672,3695.15,0,0,0,9.36809,1.57669,16.0891,0.876374,26.1576,0.42336,0,0.42336,460.49,0,1.02816,0,0,10.3963,9.36809,1.028160,1,0,228.636,0,0,0,228.636,0
97.506,2.73082,0,0,4.60115,0.587939,1.2824,3.6288,61.308,0.26324,0,0,3.68011,0.18099,3.23588,0.66528,12.849,1,0.359858,1.2824,0,166.316,4.13889,163.099,0.84672,12.849,0.84672,3695.15,0,0,0,4.85608,1.57681,11.512,0.876374,17.0685,0.42336,0,0.42336,460.49,0,1.02816,0,0,5.88424,4.85608,1.028160,1,0,183.404,0,0,0,183.404,0
97.506,2.73107,0,0,5.37995,0.501064,2.14781,3.6288,61.308,0.263323,0,0,3.82186,0.204476,3.35406,0.66528,12.849,1,0.359891,2.14781,0,154.317,4.38197,151.723,0.84672,12.849,0.84672,3695.15,0,0,0,5.16542,1.57693,12.6708,0.947284,18.4659,0.42336,0,0.42336,460.49,0,1.02816,0,0,6.19358,5.16542,1.028160,1,0,173.543,0,0,0,173.543,0
97.506,2.69,0,0,5.55889,0.514634,2.35426,3.6288,61.308,0.248552,0,0,3.57023,0.169942,3.15173,0.66528,12.849,1,0.354478,2.35426,0,193.119,3.18195,191.937,0.84672,12.849,0.84672,3695.15,0,0,0,5.13265,1.57705,14.7673,0.770437,20.7066,0.42336,0,0.42336,460.49,0,1.02816,0,0,6.16081,5.13265,1.028160,1,0,215.795,0,0,0,215.795,0
97.506,2.69025,0,0,4.08783,0.39624,1.00134,3.6288,61.308,0.248635,0,0,2.60706,0.213393,2.14503,0.66528,12.849,1,0.354511,1.00134,0,115.572,3.87072,112.348,0.84672,12.849,0.84672,3695.15,0,0,0,3.94495,1.55692,9.36585,1.00907,13.8586,0.42336,0,0.42336,460.49,0,1.02816,0,0,4.97311,3.94495,1.028160,1,0,128.352,0,0,0,128.352,0
97.506,2.6905,0,0,3.57008,0.39624,0.483347,3.6288,61.308,0.248717,0,0,2.35642,0.213393,1.89431,0.66528,12.849,1,0.354544,0.483347,0,86.3317,3.87072,82.5898,0.84672,12.849,0.84672,3695.15,0,0,0,3.74539,1.55704,8.1661,1.00907,12.4595,0.42336,0,0.42336,460.49,0,1.02816,0,0,4.77355,3.74539,1.028160,1,0,96.9436,0,0,0,96.9436,0
97.0128,2.69075,0,0,2.9567,0.39624,0.36288,3.6288,61.308,0.248799,0,0,2.04986,0.213393,1.58767,0.66528,12.849,1,0.354577,0.36288,0,69.0649,3.87072,65.2025,0.84672,12.849,0.84672,3695.15,0,0,0,3.14361,1.55716,6.47879,1.00907,10.1705,0.42336,0,0.42336,460.49,0,1.02816,0,0,4.17177,3.14361,1.028160,1,0,76.9606,0,0,0,76.9606,0
96.651,2.82965,0,0,3.19834,0.367628,0.36288,3.6288,61.308,0.301575,0,0,1.85458,0.248092,1.30492,0.66528,12.849,1,0.374777,0.36288,0,68.1693,4.28912,63.8682,0.84672,12.849,0.84672,3695.15,0,0,0,2.82768,1.55727,7.22398,1.0942,10.5147,0.42336,0,0.42336,460.49,0,1.02816,0,0,3.85584,2.82768,1.028160,1,0,75.6879,0,0,0,75.6879,0
96.4966,2.82867,0,0,3.30287,0.265767,0.36288,3.6288,61.308,0.301662,0,0,1.69755,0.261426,1.13446,0.66528,12.849,1,0.37605,0.36288,0,81.1754,4.70914,76.4531,0.84672,12.849,0.84672,3695.15,0,0,0,2.38776,1.62786,7.75993,1.12023,10.6553,0.42336,0,0.42336,460.49,0,1.02816,0,0,3.41592,2.38776,1.028160,1,0,88.2429,0,0,0,88.2429,0
96.1368,2.8284,0,0,3.09695,0.265425,0.36288,3.6288,61.308,0.301749,0,0,1.65301,0.261426,1.08984,0.66528,12.849,1,0.376616,0.36288,0,72.8369,4.70914,68.114,0.84672,12.849,0.84672,3695.15,0,0,0,2.50804,1.62798,7.1185,1.12023,10.1343,0.42336,0,0.42336,460.49,0,1.02816,0,0,3.5362,2.50804,1.028160,1,0,79.3382,0,0,0,79.3382,0
95.6544,2.82742,0,0,2.9725,0.264626,0.36288,3.6288,61.308,0.301835,0,0,1.62499,0.261426,1.06173,0.66528,12.849,1,0.377894,0.36288,0,64.1779,4.70914,59.4538,0.84672,12.849,0.84672,3695.15,0,0,0,2.61505,1.62811,6.60148,1.12023,9.72441,0.42336,0,0.42336,460.49,0,1.02816,0,0,3.64321,2.61505,1.028160,1,0,70.2399,0,0,0,70.2399,0
95.5404,2.826,0,0,3.3101,0.235179,0.36288,3.6288,61.308,0.301922,0,0,1.59462,0.271778,1.02092,0.66528,12.849,1,0.379609,0.36288,0,69.0716,4.89994,64.1549,0.84672,12.849,0.84672,3695.15,0,0,0,2.37838,1.62823,6.88867,1.19557,9.69971,0.42336,0,0.42336,460.49,0,1.02816,0,0,3.40654,2.37838,1.028160,1,0,74.8756,0,0,0,74.8756,0
96.5355,2.79816,0,0,4.34163,0.185553,0.36288,3.6288,61.308,0.330982,0,0,1.71244,0.279975,1.10148,0.66528,12.849,1,0.376318,0.36288,0,85.1057,5.35795,79.7343,0.84672,12.849,0.84672,3695.15,0,0,0,2.09719,1.62835,8.25837,1.32536,10.6586,0.42336,0,0.42336,460.49,0,1.02816,0,0,3.12535,2.09719,1.028160,1,0,91.4944,0,0,0,91.4944,0
97.3264,2.80185,0,0,4.12109,0.165457,0.36288,3.6288,61.308,0.331072,0,0,1.65459,0.297659,1.02586,0.66528,12.849,1,0.372929,0.36288,0,79.501,5.37695,74.114,0.84672,12.849,0.84672,3695.15,0,0,0,1.99037,1.64497,8.32058,1.38394,10.572,0.42336,0,0.42336,460.49,0,1.02816,0,0,3.01853,1.99037,1.028160,1,0,85.7118,0,0,0,85.7118,0
97.506,2.80478,0,0,3.86791,0.166551,0.716958,3.6288,61.308,0.331161,0,0,1.45613,0.297659,0.827305,0.66528,12.849,1,0.370286,0.716958,0,72.6417,5.37695,67.6114,0.84672,12.849,0.84672,3695.15,0,0,0,1.87869,1.6451,7.89636,1.38394,10.0362,0.42336,0,0.42336,460.49,0,1.02816,0,0,2.90685,1.87869,1.028160,1,0,78.4749,0,0,0,78.4749,0
97.506,2.80564,0,0,3.62261,0.1668,0.650162,3.6288,61.308,0.33125,0,0,1.35765,0.297659,0.728738,0.66528,12.849,1,0.369718,0.650162,0,69.5123,5.37695,64.4158,0.84672,12.849,0.84672,3695.15,0,0,0,1.71837,1.64522,7.47386,1.38394,9.45351,0.42336,0,0.42336,460.49,0,1.02816,0,0,2.74653,1.71837,1.028160,1,0,74.598,0,0,0,74.598,0
97.506,2.87762,0,0,3.59703,0.148619,0.57079,3.6288,61.308,0.35717,0,0,1.23463,0.303985,0.573475,0.66528,12.849,1,0.379203,0.57079,0,67.7546,5.70923,62.237,0.84672,12.849,0.84672,3695.15,0,0,0,1.51059,1.64534,6.41321,1.37702,8.19212,0.42336,0,0.42336,460.49,0,1.02816,0,0,2.53875,1.51059,1.028160,1,0,71.0026,0,0,0,71.0026,0
97.506,2.87789,0,0,3.41036,0.145589,0.386888,3.6288,61.308,0.357261,0,0,1.13574,0.30504,0.473436,0.66528,12.849,1,0.379238,0.386888,0,60.6815,5.76461,54.9245,0.84672,12.849,0.84672,3695.15,0,0,0,1.44872,1.68063,5.67068,1.37587,7.42417,0.42336,0,0.42336,460.49,0,1.02816,0,0,2.47688,1.44872,1.028160,1,0,62.8221,0,0,0,62.8221,0
97.2244,2.87815,0,0,3.10503,0.145589,0.36288,3.6288,61.308,0.357352,0,0,1.07822,0.30504,0.415828,0.66528,12.849,1,0.379273,0.36288,0,55.3027,5.76461,49.5217,0.84672,12.849,0.84672,3695.15,0,0,0,1.06758,1.68076,5.28946,1.37587,6.66194,0.42336,0,0.42336,460.49,0,1.02816,0,0,2.09574,1.06758,1.028160,1,0,56.5994,0,0,0,56.5994,0
97.5059,2.87745,0,0,3.64545,0.123638,0.36288,3.6288,61.308,0.357444,0,0,1.34697,0.294458,0.695065,0.66528,12.849,1,0.380278,0.36288,0,57.8096,5.93946,51.8528,0.84672,12.849,0.84672,3695.15,0,0,0,2.00911,1.68089,8.03485,1.42372,10.3011,0.42336,0,0.42336,460.49,0,1.02816,0,0,3.03727,2.00911,1.028160,1,0,62.849,0,0,0,62.849,0
97.4469,3.08878,0,0,3.50374,0.111072,0.36288,3.6288,61.308,0.450802,0,0,1.17837,0.320364,0.4072,0.66528,12.849,1,0.407029,0.36288,0,54.5068,6.18615,48.2765,0.84672,12.849,0.84672,3695.15,0,0,0,1.69438,1.68102,6.46681,1.45204,8.39017,0.42336,0,0.42336,460.49,0,1.02816,0,0,2.72254,1.69438,1.028160,1,0,57.0739,0,0,0,57.0739,0
97.2165,3.08885,0,0,3.34433,0.123032,0.36288,3.6288,61.308,0.450901,0,0,1.00926,0.336364,0.221999,0.66528,12.849,1,0.407284,0.36288,0,49.2748,6.24665,42.9837,0.84672,12.849,0.84672,3695.15,0,0,0,1.31789,1.79776,5.19,1.44334,6.86231,0.42336,0,0.42336,460.49,0,1.02816,0,0,2.34605,1.31789,1.028160,1,0,50.068,0,0,0,50.068,0
97.3879,3.08828,0,0,3.73695,0.114392,0.36288,3.6288,61.308,0.451001,0,0,1.24025,0.338954,0.450292,0.66528,12.849,1,0.408174,0.36288,0,62.7014,6.32142,56.3347,0.84672,12.849,0.84672,3695.15,0,0,0,1.91798,1.7979,5.50891,1.45828,7.7665,0.42336,0,0.42336,460.49,0,1.02816,0,0,2.94614,1.91798,1.028160,1,0,64.5515,0,0,0,64.5515,0
96.7735,3.08919,0,0,2.95231,0.114555,0.36288,3.6288,61.308,0.4511,0,0,0.905316,0.338954,0.115263,0.66528,12.849,1,0.407577,0.36288,0,64.7059,6.32142,58.3398,0.84672,12.849,0.84672,3695.15,0,0,0,1.08249,1.79803,4.36508,1.45828,5.78732,0.42336,0,0.42336,460.49,0,1.02816,0,0,2.11065,1.08249,1.028160,1,0,64.2424,0,0,0,64.2424,0
96.7532,3.08719,0,0,3.53324,0.103499,0.36288,3.6288,61.308,0.451199,0,0,1.53085,0.340923,0.73873,0.66528,12.849,1,0.409899,0.36288,0,53.4394,6.2973,47.095,0.84672,12.849,0.84672,3695.15,0,0,0,2.73696,1.79817,6.52351,1.46589,9.59276,0.42336,0,0.42336,460.49,0,1.02816,0,0,3.76512,2.73696,1.028160,1,0,57.4265,0,0,0,57.4265,0
95.3287,2.98506,0,0,2.04923,0.125801,0.36288,3.6288,61.308,0.394665,0,0,0.972086,0.318236,0.259186,0.66528,12.849,1,0.396421,0.36288,0,28.9729,5.87651,23.0629,0.84672,12.849,0.84672,3695.15,0,0,0,1.16185,1.79831,4.22781,1.41673,5.77123,0.42336,0,0.42336,460.49,0,1.02816,0,0,2.19001,1.16185,1.028160,1,0,29.0933,0,0,0,29.0933,0
94.9011,2.98011,0,0,3.07339,0.157957,0.36288,3.6288,61.308,0.394759,0,0,1.11881,0.304434,0.419617,0.66528,12.849,1,0.401678,0.36288,0,35.2849,5.76607,29.48,0.84672,12.849,0.84672,3695.15,0,0,0,1.69683,1.73296,4.4969,1.3788,6.54788,0.42336,0,0.42336,460.49,0,1.02816,0,0,2.72499,1.69683,1.028160,1,0,36.4475,0,0,0,36.4475,0
95.5516,2.97879,0,0,4.14952,0.157387,0.36288,3.6288,61.308,0.394854,0,0,1.80793,0.304434,1.10864,0.66528,12.849,1,0.403309,0.36288,0,70.4116,5.76607,64.6051,0.84672,12.849,0.84672,3695.15,0,0,0,3.40254,1.73309,7.08362,1.3788,10.8404,0.42336,0,0.42336,460.49,0,1.02816,0,0,4.4307,3.40254,1.028160,1,0,76.5542,0,0,0,76.5542,0
95.5706,2.98148,0,0,3.61277,0.24938,0.36288,3.6288,61.308,0.394948,0,0,1.29829,0.287421,0.615921,0.66528,12.849,1,0.400925,0.36288,0,66.1033,5.72706,60.3382,0.84672,12.849,0.84672,3695.15,0,0,0,2.08392,1.73323,4.5079,1.39632,6.92874,0.42336,0,0.42336,460.49,0,1.02816,0,0,3.11208,2.08392,1.028160,1,0,67.8828,0,0,0,67.8828,0
95.2555,2.89791,0,0,3.30543,0.35977,0.36288,3.6288,61.308,0.343475,0,0,1.29735,0.187541,0.766337,0.66528,12.849,1,0.38961,0.36288,0,44.4089,4.45636,39.9258,0.84672,12.849,0.84672,3695.15,0,0,0,1.17566,1.73336,5.34684,1.09367,7.16219,0.42336,0,0.42336,460.49,0,1.02816,0,0,2.20382,1.17566,1.028160,1,0,47.8543,0,0,0,47.8543,0
93.9017,2.89704,0,0,2.26052,0.354358,0.36288,3.6288,61.308,0.343565,0,0,1.50196,0.156663,1.00173,0.66528,12.849,1,0.390782,0.36288,0,33.8952,3.96889,29.8984,0.84672,12.849,0.84672,3695.15,0,0,0,1.80312,1.67581,4.61361,0.963264,7.12927,0.42336,0,0.42336,460.49,0,1.02816,0,0,2.83128,1.80312,1.028160,1,0,38.0294,0,0,0,38.0294,0
92.2935,2.89235,0,0,2.05064,0.403666,0.36288,3.6288,61.308,0.343655,0,0,1.11307,0.16701,0.602404,0.66528,12.849,1,0.395774,0.36288,0,33.2472,4.14286,29.0714,0.84672,12.849,0.84672,3695.15,0,0,0,0.881703,1.67593,5.43662,1.00388,6.99037,0.42336,0,0.42336,460.49,0,1.02816,0,0,1.90986,0.881703,1.028160,1,0,36.6642,0,0,0,36.6642,0
95.4562,2.88657,0,0,6.88043,0.468287,0.36288,3.6288,61.308,0.343745,0,0,1.63792,0.180807,1.11337,0.66528,12.849,1,0.401865,0.36288,0,120.008,4.37482,115.594,0.84672,12.849,0.84672,3695.15,0,0,0,2.49428,1.67606,8.52417,1.05803,11.6365,0.42336,0,0.42336,460.49,0,1.02816,0,0,3.52244,2.49428,1.028160,1,0,128.344,0,0,0,128.344,0
95.7461,2.92672,0,0,4.03826,0.458701,0.36288,3.6288,61.308,0,0,0,1.01175,0.186661,0.825092,0.66528,12.849,1,0.393955,0.36288,0,106.961,4.39823,102.532,0.84672,12.849,0.84672,3695.15,0,0,0,1.45283,1.67619,6.61218,1.07145,8.66975,0.42336,0,0.42336,460.49,0,0.962158,0,0,2.41498,1.45283,1.028160,1,0,112.027,0,0,0,112.027,0
97.3553,2.92802,0,0,5.32989,0.429851,0.36288,3.6288,61.308,0,0,0,1.46403,0.194465,1.26957,0.66528,12.849,1,0.392937,0.36288,0,93.6109,4.42943,89.1515,0.84672,12.849,0.84672,3695.15,0,0,0,1.65753,1.36566,8.68795,1.08933,10.6218,0.42336,0,0.42336,460.49,0,0.962239,0,0,2.61977,1.65753,1.028160,1,0,101.043,0,0,0,101.043,0
97.506,2.66687,0,0,4.53933,0.435673,1.28605,3.6288,61.308,0.23656,0,0,1.81681,0.194465,1.38579,0.66528,12.849,1,0.351974,1.28605,0,97.8074,4.42943,94.312,0.84672,12.849,0.84672,3695.15,0,0,0,1.78046,1.36577,8.0831,1.08933,10.14,0.42336,0,0.42336,460.49,0,1.02816,0,0,2.80862,1.78046,1.028160,1,0,105.838,0,0,0,105.838,0
97.506,2.66759,0,0,8.69786,0.521612,5.50866,3.6288,61.308,0.236641,0,0,2.46396,0.177781,2.04954,0.66528,12.849,1,0.351526,5.50866,0,202.382,3.7738,203.765,0.84672,12.849,0.84672,3695.15,0,0,0,2.61634,1.54285,14.3557,0.956145,17.5588,0.42336,0,0.42336,460.49,0,1.02816,0,0,3.6445,2.61634,1.028160,1,0,223.373,0,0,0,223.373,0
97.506,2.66784,0,0,9.3331,0.521612,6.14365,3.6288,61.308,0.236722,0,0,2.50861,0.177781,2.0941,0.66528,12.849,1,0.351559,6.14365,0,199.153,3.7738,201.171,0.84672,12.849,0.84672,3695.15,0,0,0,3.49841,1.54297,11.8636,0.956145,15.9488,0.42336,0,0.42336,460.49,0,1.02816,0,0,4.52657,3.49841,1.028160,1,0,219.214,0,0,0,219.214,0
97.2453,2.76003,0,0,3.32277,0.460582,0.36288,3.6288,61.308,0.267923,0,0,1.63744,0.269913,1.0996,0.66528,12.849,1,0.363707,0.36288,0,70.1767,4.93098,65.2449,0.84672,12.849,0.84672,3695.15,0,0,0,1.75747,1.54308,5.43795,1.24949,7.48902,0.42336,0,0.42336,460.49,0,1.02816,0,0,2.78563,1.75747,1.028160,1,0,73.8335,0,0,0,73.8335,0
97.0543,2.7594,0,0,3.3979,0.466633,0.36288,3.6288,61.308,0.267998,0,0,1.51187,0.269358,0.974514,0.66528,12.849,1,0.364599,0.36288,0,67.6339,4.93836,62.6938,0.84672,12.849,0.84672,3695.15,0,0,0,1.44963,1.58674,5.13576,1.28306,6.88908,0.42336,0,0.42336,460.49,0,1.02816,0,0,2.47779,1.44963,1.028160,1,0,70.5574,0,0,0,70.5574,0
97.1966,2.75899,0,0,3.73006,0.465892,0.36288,3.6288,61.308,0.268073,0,0,1.34568,0.269358,0.808249,0.66528,12.849,1,0.365263,0.36288,0,86.2229,4.93836,81.2821,0.84672,12.849,0.84672,3695.15,0,0,0,1.18071,1.58685,5.42337,1.28306,6.90787,0.42336,0,0.42336,460.49,0,1.02816,0,0,2.20887,1.18071,1.028160,1,0,88.9983,0,0,0,88.9983,0
97.3489,2.7597,0,0,3.73446,0.45955,0.36288,3.6288,61.308,0.268149,0,0,1.39643,0.266949,0.861333,0.66528,12.849,1,0.364821,0.36288,0,73.4288,4.79599,68.6308,0.84672,12.849,0.84672,3695.15,0,0,0,1.29689,1.58696,5.24497,1.25389,6.87493,0.42336,0,0.42336,460.49,0,1.02816,0,0,2.32505,1.29689,1.028160,1,0,76.3671,0,0,0,76.3671,0
96.3779,3.05573,0,0,2.94822,0.500588,0.36288,3.6288,61.308,0.385095,0,0,1.25047,0.256488,0.608882,0.66528,12.849,1,0.403323,0.36288,0,58.7381,3.952,54.7456,0.84672,12.849,0.84672,3695.15,0,0,0,0.882973,1.58706,4.24378,1.01394,5.69987,0.42336,0,0.42336,460.49,0,1.02816,0,0,1.91113,0.882973,1.028160,1,0,61.0544,0,0,0,61.0544,0
96.0437,3.0524,0,0,3.63848,0.557458,0.36288,3.6288,61.308,0.385179,0,0,1.47845,0.259482,0.833785,0.66528,12.849,1,0.406942,0.36288,0,68.8408,3.95966,64.8371,0.84672,12.849,0.84672,3695.15,0,0,0,1.25291,1.74011,4.20829,0.96522,6.23609,0.42336,0,0.42336,460.49,0,1.02816,0,0,2.28107,1.25291,1.028160,1,0,71.907,0,0,0,71.907,0
95.2241,3.0514,0,0,3.15059,0.555898,0.36288,3.6288,61.308,0.385264,0,0,1.12007,0.259482,0.475327,0.66528,12.849,1,0.408225,0.36288,0,60.8644,3.95966,56.8594,0.84672,12.849,0.84672,3695.15,0,0,0,1.01523,1.74023,2.8283,0.96522,4.61853,0.42336,0,0.42336,460.49,0,1.02816,0,0,2.04339,1.01523,1.028160,1,0,61.9532,0,0,0,61.9532,0
93.4837,3.04855,0,0,2.22317,0.552073,0.36288,3.6288,61.1677,0.583256,0,0,0.702391,0.259482,0,0.66528,12.849,1,0.411355,0.36288,0,42.6641,3.95966,38.6559,0.84672,12.849,0.84672,3695.15,0,0,0,0.608429,1.74034,2.9387,0.96522,4.32225,0.42336,0,0.42336,460.49,0,0.830252,0,0,1.43868,0.608429,1.028160,1,0,42.9782,0,0,0,42.9782,0
93.8372,2.62277,0,0,3.86408,0.524969,0.36288,3.6288,61.308,0.228542,0,0,3.33925,0.217298,2.75306,0.66528,12.849,1,0.36049,0.36288,0,94.6151,3.10561,91.5119,0.84672,12.849,0.84672,3695.15,0,0,0,2.13564,1.74046,7.23554,0.840827,10.2708,0.42336,0,0.42336,460.49,0,1.02816,0,0,3.1638,2.13564,1.028160,1,0,104.536,0,0,0,104.536,0
97.506,2.62418,0,0,7.59941,0.560909,0.745507,3.6288,61.308,0.228614,0,0,6.02761,0.177631,5.62136,0.66528,12.849,1,0.359326,0.745507,0,124.508,2.41101,122.484,0.84672,12.849,0.84672,3695.15,0,0,0,4.23751,1.52999,12.6138,0.689905,17.6914,0.42336,0,0.42336,460.49,0,1.02816,0,0,5.26567,4.23751,1.028160,1,0,145.796,0,0,0,145.796,0
97.506,2.63635,0,0,6.51135,0.578511,3.29648,3.6288,61.308,0.228687,0,0,4.77188,0.177631,4.36556,0.66528,12.849,1,0.347409,3.29648,0,119.609,2.41101,120.147,0.84672,12.849,0.84672,3695.15,0,0,0,3.18978,1.53009,11.8245,0.689905,15.8545,0.42336,0,0.42336,460.49,0,1.02816,0,0,4.21794,3.18978,1.028160,1,0,140.367,0,0,0,140.367,0
97.506,2.63657,0,0,6.46428,0.528143,3.29956,3.6288,61.308,0.228759,0,0,5.13833,0.177882,4.73169,0.66528,12.849,1,0.347438,3.29956,0,135.407,2.59914,135.76,0.84672,12.849,0.84672,3695.15,0,0,0,4.36893,1.5302,10.3057,0.749058,15.4558,0.42336,0,0.42336,460.49,0,1.02816,0,0,5.39709,4.36893,1.028160,1,0,155.947,0,0,0,155.947,0
97.506,2.63679,0,0,7.28782,0.527321,4.12371,3.6288,61.308,0.228831,0,0,6.02078,0.196414,5.59554,0.66528,12.849,1,0.347467,4.12371,0,110.826,3.68351,110.919,0.84672,12.849,0.84672,3695.15,0,0,0,4.15536,1.5303,11.4018,0.917474,16.17,0.42336,0,0.42336,460.49,0,1.02816,0,0,5.18352,4.15536,1.028160,1,0,132.684,0,0,0,132.684,0
97.506,2.74312,0,0,8.14683,0.486197,4.91751,3.6288,61.308,0.267299,0,0,5.8866,0.16437,5.45494,0.66528,12.849,1,0.361479,4.91751,0,147.266,3.86935,147.953,0.84672,12.849,0.84672,3695.15,0,0,0,3.59879,1.5304,14.4067,0.957042,18.5788,0.42336,0,0.42336,460.49,0,1.02816,0,0,4.62695,3.59879,1.028160,1,0,171.987,0,0,0,171.987,0
97.506,2.74335,0,0,6.56292,0.486197,3.33337,3.6288,61.308,0.267375,0,0,5.12804,0.16437,4.69629,0.66528,12.849,1,0.361509,3.33337,0,177.604,3.86935,176.706,0.84672,12.849,0.84672,3695.15,0,0,0,4.22596,1.58267,11.5872,0.957042,16.4388,0.42336,0,0.42336,460.49,0,1.02816,0,0,5.25412,4.22596,1.028160,1,0,197.841,0,0,0,197.841,0
97.506,2.74358,0,0,4.99254,0.461344,1.78761,3.6288,61.308,0.26745,0,0,3.5437,0.124869,3.15138,0.66528,12.849,1,0.361539,1.78761,0,127.431,2.79018,126.067,0.84672,12.849,0.84672,3695.15,0,0,0,2.69381,1.58278,8.69054,0.806073,12.1611,0.42336,0,0.42336,460.49,0,1.02816,0,0,3.72197,2.69381,1.028160,1,0,141.38,0,0,0,141.38,0
97.506,2.74381,0,0,4.75205,0.341366,1.66688,3.6288,61.308,0.267525,0,0,3.21581,0.17814,2.77014,0.66528,12.849,1,0.36157,1.66688,0,111.586,3.25038,109.641,0.84672,12.849,0.84672,3695.15,0,0,0,2.50333,1.58289,7.23268,0.995189,10.3237,0.42336,0,0.42336,460.49,0,1.02816,0,0,3.53149,2.50333,1.028160,1,0,122.735,0,0,0,122.735,0
97.506,2.70253,0,0,3.49348,0.374221,0.416725,3.6288,61.308,0.252683,0,0,1.45692,0.193111,1.01113,0.66528,12.849,1,0.356131,0.416725,0,66.6603,3.71154,63.0093,0.84672,12.849,0.84672,3695.15,0,0,0,0.825319,1.58299,4.86725,0.964215,6.31135,0.42336,0,0.42336,460.49,0,1.02816,0,0,1.85348,0.825319,1.028160,1,0,70.3318,0,0,0,70.3318,0
96.9774,2.70276,0,0,2.91677,0.379696,0.36288,3.6288,61.308,0.252757,0,0,1.14111,0.195606,0.692747,0.66528,12.849,1,0.35616,0.36288,0,50.5129,3.7884,46.7312,0.84672,12.849,0.84672,3695.15,0,0,0,0.662507,1.56277,5.41563,0.959052,6.68186,0.42336,0,0.42336,460.49,0,1.02816,0,0,1.69067,0.662507,1.028160,1,0,54.1058,0,0,0,54.1058,0
96.5418,2.70127,0,0,3.00653,0.378032,0.36288,3.6288,61.308,0.252832,0,0,1.20424,0.195606,0.755806,0.66528,12.849,1,0.357904,0.36288,0,48.6534,3.7884,44.87,0.84672,12.849,0.84672,3695.15,0,0,0,0.648674,1.56288,4.66994,0.959052,5.92244,0.42336,0,0.42336,460.49,0,1.02816,0,0,1.67683,0.648674,1.028160,1,0,51.5482,0,0,0,51.5482,0
97.2596,2.70007,0,0,4.13147,0.350697,0.36288,3.6288,61.308,0.252906,0,0,1.32433,0.199176,0.872249,0.66528,12.849,1,0.359359,0.36288,0,63.4345,3.89676,59.5413,0.84672,12.849,0.84672,3695.15,0,0,0,0.852656,1.56298,4.66461,0.938993,6.14125,0.42336,0,0.42336,460.49,0,1.02816,0,0,1.88082,0.852656,1.028160,1,0,66.5548,0,0,0,66.5548,0
96.5272,2.84351,0,0,2.77755,0.303613,0.36288,3.6288,61.308,0.305896,0,0,1.14325,0.222455,0.614903,0.66528,12.849,1,0.375658,0.36288,0,46.472,4.44234,42.0169,0.84672,12.849,0.84672,3695.15,0,0,0,0.449591,1.56309,3.84379,0.997254,4.85921,0.42336,0,0.42336,460.49,0,1.02816,0,0,1.47775,0.449591,1.028160,1,0,47.491,0,0,0,47.491,0
95.5817,2.84123,0,0,2.55382,0.295163,0.36288,3.6288,61.2793,0.553251,0,0,0.752268,0.227706,0,0.66528,12.849,1,0.378205,0.36288,0,39.4574,4.40184,35.0402,0.84672,12.849,0.84672,3695.15,0,0,0,0.402797,1.63396,2.99083,1.1447,3.88289,0.42336,0,0.42336,460.49,0,0.780883,0,0,1.18368,0.402797,1.028160,1,0,38.9231,0,0,0,38.9231,0
94.4446,2.83817,0,0,2.29161,0.227652,0.36288,3.6288,61.2326,0.548093,0,0,0.730961,0.229607,0,0.66528,12.849,1,0.381534,0.36288,0,34.5154,4.4667,30.0301,0.84672,12.849,0.84672,3695.15,0,0,0,0.402797,1.63407,2.79541,1.10373,3.72855,0.42336,0,0.42336,460.49,0,0.786119,0,0,1.18892,0.402797,1.028160,1,0,33.7586,0,0,0,33.7586,0
93.2848,2.83436,0,0,2.26289,0.22547,0.36288,3.6288,61.308,0.471534,0,0,0.793964,0.229539,0.0174627,0.66528,12.849,1,0.385609,0.36288,0,33.3781,4.4667,28.8887,0.84672,12.849,0.84672,3695.15,0,0,0,0.30119,1.63418,3.06481,1.10373,3.89645,0.42336,0,0.42336,460.49,0,0.862756,0,0,1.16395,0.30119,1.028160,1,0,32.8026,0,0,0,32.8026,0
91.8903,2.83038,0,0,2.01963,0.220804,0.36288,3.6288,61.222,0.5499,0,0,0.694589,0.230679,0,0.66528,12.849,1,0.389856,0.36288,0,30.4284,4.45858,25.9428,0.84672,12.849,0.84672,3695.15,0,0,0,0.30119,1.6343,2.5252,1.09821,3.36247,0.42336,0,0.42336,460.49,0,0.784469,0,0,1.08566,0.30119,1.028160,1,0,29.3053,0,0,0,29.3053,0
89.8599,2.79775,0,0,1.3339,0.203687,0.36288,3.6288,60.6197,0.824846,0,0,0.459264,0.236734,0,0.66528,12.849,1,0.391208,0.36288,0,24.432,4.4099,19.9938,0.84672,12.849,0.84672,3695.15,0,0,0,0.30119,1.63441,1.57788,1.06507,2.44841,0.42336,0,0.42336,460.49,0,0.538695,0,0,0.839886,0.30119,1.028160,1,0,22.4422,0,0,0,22.4422,0
87.715,2.79024,0,0,1.20833,0.200089,0.36288,3.6288,59.9561,0.866657,0,0,0.438864,0.235833,0,0.66528,12.849,1,0.398975,0.36288,0,24.0104,4.4099,19.5644,0.84672,12.849,0.84672,3695.15,0,0,0,0.30119,1.65108,1.49063,1.06507,2.37783,0.42336,0,0.42336,460.49,0,0.496964,0,0,0.798155,0.30119,1.028160,1,0,21.9422,0,0,0,21.9422,0
85.4816,2.78196,0,0,1.10018,0.188769,0.36288,3.6288,59.2223,0.903052,0,0,0.415041,0.245714,0,0.66528,12.849,1,0.407518,0.36288,0,21.1362,4.55105,16.5405,0.84672,12.849,0.84672,3695.15,0,0,0,0.261274,1.65119,1.44679,1.11659,2.24266,0.42336,0,0.42336,460.49,0,0.46065,0,0,0.721924,0.261274,1.028160,1,0,18.7832,0,0,0,18.7832,0
83.2495,2.77294,0,0,1.04451,0.140753,0.36288,3.6288,58.4084,0.893239,0,0,0.388788,0.309511,0,0.66528,12.849,1,0.416809,0.36288,0,19.0633,5.39795,13.6114,0.84672,12.849,0.84672,3695.15,0,0,0,0.261274,1.65131,1.37961,1.42573,1.86646,0.42336,0,0.42336,460.49,0,0.470543,0,0,0.731817,0.261274,1.028160,1,0,15.4779,0,0,0,15.4779,0
80.8253,2.83409,0,0,0.922182,0.149459,0.36288,3.6288,57.5495,0.931802,0,0,0.379016,0.306143,0,0.66528,12.849,1,0.437423,0.36288,0,16.755,5.37942,11.3011,0.84672,12.849,0.84672,3695.15,0,0,0,0.261274,1.65142,1.19937,1.45055,1.66151,0.42336,0,0.42336,460.49,0,0.457998,0,0,0.719271,0.261274,1.028160,1,0,12.9626,0,0,0,12.9626,0
78.3498,2.82301,0,0,0.860976,0.150585,0.36288,3.6288,56.663,0.944266,0,0,0.361565,0.303752,0,0.66528,12.849,1,0.448781,0.36288,0,15.5172,5.37201,10.0593,0.84672,12.849,0.84672,3695.15,0,0,0,0.261274,1.68684,1.15855,1.46048,1.64618,0.42336,0,0.42336,460.49,0,0.445617,0,0,0.70689,0.261274,1.028160,1,0,11.7055,0,0,0,11.7055,0
75.7901,2.81106,0,0,0.761262,0.146997,0.36288,3.6288,55.6838,1.01756,0,0,0.340371,0.302009,0,0.66528,12.849,1,0.461,0.36288,0,14.6581,5.37201,9.18798,0.84672,12.849,0.84672,3695.15,0,0,0,0.261274,1.68696,1.08686,1.46048,1.57461,0.42336,0,0.42336,460.49,0,0.372401,0,0,0.633675,0.261274,1.028160,1,0,10.7626,0,0,0,10.7626,0
73.1877,2.79798,0,0,0.687934,0.129469,0.36288,3.6288,54.713,1.0027,0,0,0.337008,0.305079,0,0.66528,12.849,1,0.474352,0.36288,0,13.8949,5.52156,8.2619,0.84672,12.849,0.84672,3695.15,0,0,0,0.227405,1.68707,1.08445,1.49036,1.50857,0.42336,0,0.42336,460.49,0,0.387343,0,0,0.614748,0.227405,1.028160,1,0,9.77047,0,0,0,9.77047,0
70.2302,2.98696,0,0,0.536101,0.143771,0.36288,3.6288,53.589,1.14415,0,0,0.316127,0.295987,0,0.66528,12.849,1,0.524398,0.36288,0,12.2107,5.51075,6.53848,0.84672,12.849,0.84672,3695.15,0,0,0,0.227405,1.68719,0.955714,1.37906,1.49125,0.42336,0,0.42336,460.49,0,0.339626,0,0,0.567031,0.227405,1.028160,1,0,8.02972,0,0,0,8.02972,0
67.2738,2.96854,0,0,0.5143,0.139318,0.36288,3.6288,52.4119,1.18006,0,0,0.292029,0.289029,0,0.66528,12.849,1,0.54311,0.36288,0,10.0674,5.35101,4.53617,0.84672,12.849,0.84672,3695.15,0,0,0,0.227405,1.8044,0.863067,1.33003,1.56483,0.42336,0,0.42336,460.49,0,0.303807,0,0,0.531211,0.227405,1.028160,1,0,6.10101,0,0,0,6.10101,0
64.4223,2.94874,0,0,0.596296,0.136143,0.36288,3.6288,51.2328,1.19808,0,0,0.305289,0.28632,0,0.66528,12.849,1,0.563197,0.36288,0,9.60578,5.35101,4.05445,0.84672,12.849,0.84672,3695.15,0,0,0,0.227405,1.80452,1.07684,1.33003,1.77873,0.42336,0,0.42336,460.49,0,0.285877,0,0,0.513282,0.227405,1.028160,1,0,5.83318,0,0,0,5.83318,0
61.4304,2.9282,0,0,0.439306,0.14016,0.36288,3.6288,50.0175,1.19579,0,0,0.264146,0.28372,0,0.66528,12.849,1,0.584028,0.36288,0,9.34036,5.38431,3.7349,0.84672,12.849,0.84672,3695.15,0,0,0,0.204422,1.80464,0.735471,1.32351,1.42102,0.42336,0,0.42336,460.49,0,0.288258,0,0,0.49268,0.204422,1.028160,1,0,5.15592,0,0,0,5.15592,0
58.4797,2.90491,0,0,0.463075,0.145986,0.36288,3.6288,48.7909,1.22138,0,0,0.275829,0.281072,0,0.66528,12.4221,1,0.607602,0.36288,0,8.45199,5.42871,3.20544,0.84672,12.4221,0.84672,3695.15,0,0,0,0.204422,1.80477,0.75168,1.31482,1.44605,0.42336,0,0.42336,460.49,0,0.262756,0,0,0.467179,0.204422,1.028160,1,0,4.65149,0,0,0,4.65149,0
55.9969,2.80134,0,0,0.898301,0.216818,0.36288,3.6288,47.9608,0.989023,0,0,0.433645,0.274695,0,0.66528,12.849,1,0.595055,0.36288,0,16.7679,5.31636,10.7925,0.84672,12.849,0.84672,3695.15,0,0,0,0.204422,1.80489,1.14528,1.17807,1.97652,0.42336,0,0.42336,460.49,0,0.43834,0,0,0.642762,0.204422,1.028160,1,0,12.769,0,0,0,12.769,0
53.4991,2.76274,0,0,0.839333,0.211594,0.36288,3.6288,47.7732,0.563063,0,0,0.648317,0.272808,0,0.66528,12.849,1,0.633936,0.36288,0,14.3752,5.31636,8.78782,0.84672,12.849,0.84672,3695.15,0,0,0,0.204422,1.73927,1.32119,1.17807,2.0868,0.42336,0,0.42336,460.49,0,0.864385,0,0,1.06881,0.204422,1.028160,1,0,10.8746,0,0,0,10.8746,0
50.9313,2.7391,0,0,0.740586,0.206338,0.36288,3.6288,46.9041,0.973022,0,0,0.376259,0.272381,0,0.66528,12.849,1,0.657857,0.36288,0,14.7245,5.31636,9.11321,0.84672,12.849,0.84672,3695.15,0,0,0,0.216518,1.73938,1.01479,1.17807,1.79263,0.42336,0,0.42336,460.49,0,0.454512,0,0,0.67103,0.216518,1.028160,1,0,10.9058,0,0,0,10.9058,0
48.2667,2.71284,0,0,0.61199,0.200936,0.36288,3.6288,45.9177,1.04746,0,0,0.331478,0.270405,0,0.66528,12.849,1,0.684398,0.36288,0,13.595,5.31636,7.95716,0.84672,12.849,0.84672,3695.15,0,0,0,0.216518,1.7395,0.939773,1.17807,1.71772,0.42336,0,0.42336,460.49,0,0.380157,0,0,0.596675,0.216518,1.028160,1,0,9.67488,0,0,0,9.67488,0
46.7087,2.37946,0,0,1.39901,0.214635,0.36288,3.6288,45.5265,0.688746,0,0,0.525008,0.227482,0,0.66528,12.849,1,0.633434,0.36288,0,21.6999,4.74279,16.6865,0.84672,12.849,0.84672,3695.15,0,0,0,0.216518,1.73962,1.14764,1.08928,2.0145,0.42336,0,0.42336,460.49,0,0.601093,0,0,0.817612,0.216518,1.028160,1,0,18.701,0,0,0,18.701,0
45.3003,2.58979,0,0,1.74233,0.198081,0.36288,3.6288,45.1839,0.701477,0,0,0.578924,0.219976,0,0.66528,12.849,1,0.712421,0.36288,0,23.0488,4.67597,18.0233,0.84672,12.849,0.84672,3695.15,0,0,0,0.216518,1.56115,1.52217,1.13626,2.16358,0.42336,0,0.42336,460.49,0,0.674533,0,0,0.891052,0.216518,1.028160,1,0,20.1869,0,0,0,20.1869,0
44.4857,2.57275,0,0,2.32238,0.201343,0.36288,3.6288,45.3926,0.37799,0,0,0.803727,0.217128,0,0.66528,12.849,1,0.729737,0.36288,0,40.5613,4.60447,35.59,0.84672,12.849,0.84672,3695.15,0,0,0,0.216518,1.68194,2.17001,1.12587,2.94259,0.42336,0,0.42336,460.49,0,0.998101,0,0,1.21462,0.216518,1.028160,1,0,38.5326,0,0,0,38.5326,0
46.3979,2.79722,0,0,5.30957,0.237247,0.36288,3.6288,46.7163,0.0456128,0,0,1.57402,0.204646,0,0.66528,12.849,1,0.807935,0.36288,0,51.4215,4.17553,46.8009,0.84672,12.849,0.84672,3695.15,0,0,0,0.575061,1.68205,3.53173,1.06358,4.72527,0.42336,0,0.42336,460.49,0,1.02816,0,0,1.60322,0.575061,1.028160,1,0,51.5262,0,0,0,51.5262,0
48.1199,2.37405,0,0,4.69683,0.237938,0.36288,3.6288,47.2996,0.240229,0,0,1.02661,0.203052,0,0.66528,12.849,1,0.657448,0.36288,0,53.1886,4.24831,48.6457,0.84672,12.849,0.84672,3695.15,0,0,0,0.938382,1.5052,2.48657,1.07149,3.85867,0.42336,0,0.42336,460.49,0,1.02816,0,0,1.96654,0.938382,1.028160,1,0,52.5044,0,0,0,52.5044,0
50.754,2.39282,0,0,5.62103,0.231134,0.36288,3.6288,48.2317,0.240302,0,0,1.3661,0.193708,0,0.66528,12.849,1,0.638933,0.36288,0,58.6514,4.43026,53.9451,0.84672,12.849,0.84672,3695.15,0,0,0,1.44975,1.54806,3.13807,1.09129,5.04459,0.42336,0,0.42336,460.49,0,1.02816,0,0,2.47791,1.44975,1.028160,1,0,58.9897,0,0,0,58.9897,0
54.8323,2.66079,0,0,7.33966,0.237738,0.36288,3.6288,50.6508,0,0,0,2.61427,0.195221,0,0.66528,12.849,1,0.673612,0.36288,0,105.232,4.43026,100.491,0.84672,12.849,0.84672,3695.15,0,0,0,1.93449,1.54816,3.5923,1.09129,5.98367,0.42336,0,0.42336,460.49,0,0.966135,0,0,2.90063,1.93449,1.028160,1,0,106.474,0,0,0,106.474,0
59.3261,2.70159,0,0,7.8007,0.24238,0.36288,3.6288,53.8394,0,0,0,3.38978,0.201197,0,0.66528,12.849,1,0.633071,0.36288,0,132.138,4.11149,127.756,0.84672,12.849,0.84672,3695.15,0,0,0,3.62386,1.3713,4.29589,1.0519,8.23916,0.42336,0,0.42336,460.49,0,0.966209,0,0,4.59007,3.62386,1.028160,1,0,135.995,0,0,0,135.995,0
64.1343,2.49265,0,0,7.90932,0.245632,0.36288,3.6288,55.3772,0.240522,0,0,1.98762,0.209227,0,0.66528,12.849,1,0.539864,0.36288,0,91.4268,3.68644,87.5633,0.84672,12.849,0.84672,3695.15,0,0,0,2.69421,1.37141,3.69226,0.999373,6.75851,0.42336,0,0.42336,460.49,0,1.02816,0,0,3.72237,2.69421,1.028160,1,0,94.3218,0,0,0,94.3218,0
66.5531,2.61361,0,0,5.66747,0.272146,0.36288,3.6288,56.202,0.271837,0,0,1.29845,0.201818,0,0.66528,12.849,1,0.523624,0.36288,0,82.9423,3.86689,78.9146,0.84672,12.849,0.84672,3695.15,0,0,0,1.33105,1.54848,5.24488,1.02443,7.09997,0.42336,0,0.42336,460.49,0,1.02816,0,0,2.35921,1.33105,1.028160,1,0,86.0146,0,0,0,86.0146,0
67.43,2.88322,0,0,4.4032,0.280235,0.36288,3.6288,57.6099,0,0,0,1.60917,0.201312,0,0.66528,12.849,1,0.556645,0.36288,0,79.7634,3.89697,75.6726,0.84672,12.849,0.84672,3695.15,0,0,0,1.81794,1.59229,4.66098,1.02861,7.0426,0.42336,0,0.42336,460.49,0,0.997664,0,0,2.8156,1.81794,1.028160,1,0,82.7152,0,0,0,82.7152,0
67.4348,2.88949,0,0,3.53933,0.282185,0.36288,3.6288,58.8085,0,0,0,1.40181,0.203163,0,0.66528,12.849,1,0.550602,0.36288,0,46.1246,3.89697,42.0399,0.84672,12.849,0.84672,3695.15,0,0,0,1.52307,1.41543,3.7354,1.02861,5.64528,0.42336,0,0.42336,460.49,0,0.997731,0,0,2.5208,1.52307,1.028160,1,0,47.6851,0,0,0,47.6851,0
66.8125,2.88972,0,0,2.95302,0.322743,0.36288,3.6288,59.5845,0,0,0,0.954654,0.178696,0,0.66528,12.849,1,0.550606,0.36288,0,52.2805,3.80883,48.2839,0.84672,12.849,0.84672,3695.15,0,0,0,0.617234,1.41552,4.65159,0.958882,5.72547,0.42336,0,0.42336,460.49,0,0.997798,0,0,1.61503,0.617234,1.028160,1,0,54.0094,0,0,0,54.0094,0
66.4104,3.16707,0,0,3.46958,0.341692,0.36288,3.6288,60.8975,0.0870327,0,0,1.56879,0.168741,0,0.66528,12.849,1,0.609073,0.36288,0,71.8782,3.7799,67.8521,0.84672,12.849,0.84672,3695.15,0,0,0,1.79194,1.41562,5.54183,0.987329,7.76206,0.42336,0,0.42336,460.49,0,1.02816,0,0,2.8201,1.79194,1.028160,1,0,75.6141,0,0,0,75.6141,0
68.7547,3.16419,0,0,6.19903,0.327671,0.36288,3.6288,61.308,0.0871076,0,0,1.08292,0.181968,0.40334,0.66528,12.849,1,0.612204,0.36288,0,81.3015,3.82945,77.2227,0.84672,12.849,0.84672,3695.15,0,0,0,1.47483,1.56925,4.41651,1.09498,6.3656,0.42336,0,0.42336,460.49,0,1.02816,0,0,2.50299,1.47483,1.028160,1,0,83.9916,0,0,0,83.9916,0
67.6934,3.18199,0,0,2.8115,0.327904,0.36288,3.6288,61.308,0.151188,0,0,0.679934,0.184501,0.344246,0.66528,12.849,1,0.594656,0.36288,0,40.0712,3.81696,36.0225,0.84672,12.849,0.84672,3695.15,0,0,0,0.503194,1.56935,2.63089,1.08662,3.61682,0.42336,0,0.42336,460.49,0,0.964155,0,0,1.46735,0.503194,1.028160,1,0,39.9835,0,0,0,39.9835,0
67.1423,3.17437,0,0,3.27643,0.290276,0.36288,3.6288,61.308,0.0976084,0,0,0.692215,0.196859,0.397747,0.66528,12.849,1,0.602533,0.36288,0,43.0443,3.74199,39.0627,0.84672,12.849,0.84672,3695.15,0,0,0,0.608429,1.56946,3.28636,1.03641,4.42784,0.42336,0,0.42336,460.49,0,1.01781,0,0,1.62624,0.608429,1.028160,1,0,43.8883,0,0,0,43.8883,0
68.3947,2.76856,0,0,4.67476,0.290972,0.36288,3.6288,61.308,0,0,0,1.21335,0.186319,1.02703,0.66528,12.849,1,0.529818,0.36288,0,78.3986,3.83748,74.3942,0.84672,12.849,0.84672,3695.15,0,0,0,1.51618,1.56956,6.23383,1.03935,8.28022,0.42336,0,0.42336,460.49,0,0.957995,0,0,2.47418,1.51618,1.028160,1,0,83.7014,0,0,0,83.7014,0
69.4816,2.77691,0,0,4.52326,0.296481,0.36288,3.6288,61.308,0,0,0,0.910051,0.172265,0.737787,0.66528,12.849,1,0.521686,0.36288,0,100.326,3.9648,96.2023,0.84672,12.849,0.84672,3695.15,0,0,0,1.73258,1.35826,4.28637,1.04328,6.33394,0.42336,0,0.42336,460.49,0,0.95806,0,0,2.69064,1.73258,1.028160,1,0,103.274,0,0,0,103.274,0
74.807,2.78399,0,0,8.749,0.276827,0.36288,3.6288,61.308,0,0,0,1.39756,0.160232,1.23733,0.66528,12.849,1,0.514833,0.36288,0,130.423,3.79041,126.481,0.84672,12.849,0.84672,3695.15,0,0,0,3.09598,1.35835,10.1579,1.01823,13.594,0.42336,0,0.42336,460.49,0,0.958124,0,0,4.0541,3.09598,1.028160,1,0,141.312,0,0,0,141.312,0
77.608,2.81545,0,0,6.44582,0.466426,0.36288,3.6288,61.308,0,0,0,1.61087,0.212563,1.3983,0.66528,12.849,1,0.483588,0.36288,0,132.55,4.27065,128.158,0.84672,12.849,0.84672,3695.15,0,0,0,3.02344,1.35845,6.92912,1.13018,10.1808,0.42336,0,0.42336,460.49,0,0.958188,0,0,3.98163,3.02344,1.028160,1,0,139.737,0,0,0,139.737,0
83.3915,2.83062,0,0,9.38771,0.410743,0.36288,3.6288,61.308,0,0,0,1.46127,0.191203,1.27006,0.66528,12.849,1,0.468645,0.36288,0,181.223,3.91472,177.203,0.84672,12.849,0.84672,3695.15,0,0,0,3.05518,1.35854,9.17516,1.08621,12.5027,0.42336,0,0.42336,460.49,0,0.958253,0,0,4.01344,3.05518,1.028160,1,0,190.975,0,0,0,190.975,0
85.7086,2.96344,0,0,6.12693,0.48351,0.36288,3.6288,61.308,0,0,0,1.09397,0.172816,0.921155,0.66528,12.849,1,0.456608,0.36288,0,77.6987,4.13185,73.4731,0.84672,12.849,0.84672,3695.15,0,0,0,1.55912,1.35863,4.66284,1.04782,6.53277,0.42336,0,0.42336,460.49,0,0.99686,0,0,2.55598,1.55912,1.028160,1,0,80.927,0,0,0,80.927,0
87.4261,2.97437,0,0,5.54881,0.494034,0.36288,3.6288,61.308,0,0,0,1.3231,0.172816,1.15029,0.66528,12.849,1,0.445903,0.36288,0,71.3769,4.13185,67.1621,0.84672,12.849,0.84672,3695.15,0,0,0,1.49509,1.41109,5.01695,1.04782,6.87532,0.42336,0,0.42336,460.49,0,0.996927,0,0,2.49202,1.49509,1.028160,1,0,75.1877,0,0,0,75.1877,0
88.7425,2.98221,0,0,5.16332,0.501834,0.36288,3.6288,61.308,0,0,0,1.36675,0.172816,1.19394,0.66528,12.849,1,0.438295,0.36288,0,75.1213,4.13185,70.9141,0.84672,12.849,0.84672,3695.15,0,0,0,1.994,1.41119,5.19992,1.04782,7.55729,0.42336,0,0.42336,460.49,0,0.996994,0,0,2.991,1.994,1.028160,1,0,79.6653,0,0,0,79.6653,0
90.322,2.98809,0,0,5.43827,0.507813,0.36288,3.6288,61.308,0,0,0,0.975551,0.172816,0.802735,0.66528,12.849,1,0.432645,0.36288,0,62.2687,4.13185,58.0671,0.84672,12.849,0.84672,3695.15,0,0,0,1.14505,1.41128,3.53991,1.04782,5.04843,0.42336,0,0.42336,460.49,0,0.997061,0,0,2.14212,1.14505,1.028160,1,0,63.9183,0,0,0,63.9183,0
90.862,2.95364,0,0,4.31883,0.462328,0.36288,3.6288,61.308,0,0,0,0.923538,0.223399,0.700139,0.66528,12.849,1,0.420178,0.36288,0,51.8803,5.02563,46.7973,0.84672,12.849,0.84672,3695.15,0,0,0,1.13122,1.41137,3.70183,1.23159,5.01284,0.42336,0,0.42336,460.49,0,0.982154,0,0,2.11337,1.13122,1.028160,1,0,52.5103,0,0,0,52.5103,0
90.8623,2.95602,0,0,3.75005,0.430807,0.36288,3.6288,61.308,0,0,0,0.891804,0.220876,0.670928,0.66528,12.849,1,0.418018,0.36288,0,54.4747,4.905,49.5145,0.84672,12.849,0.84672,3695.15,0,0,0,1.05257,1.39107,3.27777,1.1892,4.53221,0.42336,0,0.42336,460.49,0,0.982221,0,0,2.03479,1.05257,1.028160,1,0,54.7177,0,0,0,54.7177,0
90.5517,2.95622,0,0,3.36788,0.359346,0.36288,3.6288,61.308,0,0,0,0.987232,0.207293,0.77994,0.66528,12.849,1,0.418045,0.36288,0,48.1435,4.18236,43.906,0.84672,12.849,0.84672,3695.15,0,0,0,0.793138,1.39116,3.08314,1.10604,4.16139,0.42336,0,0.42336,460.49,0,0.982287,0,0,1.77542,0.793138,1.028160,1,0,48.8474,0,0,0,48.8474,0
90.0672,2.95517,0,0,3.19191,0.358366,0.36288,3.6288,61.308,0,0,0,0.900539,0.207293,0.693246,0.66528,12.849,1,0.419328,0.36288,0,41.0545,4.18236,36.8157,0.84672,12.849,0.84672,3695.15,0,0,0,0.664561,1.39125,2.8292,1.10604,3.77897,0.42336,0,0.42336,460.49,0,0.982353,0,0,1.64691,0.664561,1.028160,1,0,41.2879,0,0,0,41.2879,0
89.304,3.09349,0,0,3.03566,0.34252,0.36288,3.6288,61.308,0.00737343,0,0,0.892192,0.210509,0.674309,0.66528,12.849,1,0.441318,0.36288,0,40.0705,4.30872,35.6833,0.84672,12.849,0.84672,3695.15,0,0,0,0.611522,1.39135,2.83967,1.10725,3.73528,0.42336,0,0.42336,460.49,0,1.02816,0,0,1.63968,0.611522,1.028160,1,0,40.0929,0,0,0,40.0929,0
88.4276,3.0904,0,0,2.88157,0.304655,0.36288,3.6288,61.308,0.00744305,0,0,0.923573,0.218551,0.697579,0.66528,12.849,1,0.444645,0.36288,0,41.1023,4.62462,36.3959,0.84672,12.849,0.84672,3695.15,0,0,0,0.67195,1.46248,2.66362,1.11028,3.68776,0.42336,0,0.42336,460.49,0,1.02816,0,0,1.70011,0.67195,1.028160,1,0,40.7813,0,0,0,40.7813,0
87.3153,3.08676,0,0,2.63957,0.302279,0.36288,3.6288,61.308,0.00751255,0,0,0.844819,0.218551,0.618756,0.66528,12.849,1,0.448523,0.36288,0,36.8806,4.62462,32.1704,0.84672,12.849,0.84672,3695.15,0,0,0,0.504559,1.46257,2.54422,1.11028,3.40107,0.42336,0,0.42336,460.49,0,1.02816,0,0,1.53272,0.504559,1.028160,1,0,36.1902,0,0,0,36.1902,0
86.0912,3.08199,0,0,2.45206,0.231282,0.36288,3.6288,61.308,0.00758228,0,0,0.808764,0.246881,0.554301,0.66528,12.849,1,0.453534,0.36288,0,32.6312,4.94592,27.5946,0.84672,12.849,0.84672,3695.15,0,0,0,0.451578,1.46267,2.4293,1.19237,3.15118,0.42336,0,0.42336,460.49,0,1.02816,0,0,1.47974,0.451578,1.028160,1,0,31.3001,0,0,0,31.3001,0
84.7426,3.07658,0,0,2.30834,0.217513,0.36288,3.6288,61.308,0.0076519,0,0,0.772451,0.251603,0.513196,0.66528,12.849,1,0.459176,0.36288,0,32.1527,4.99947,27.057,0.84672,12.849,0.84672,3695.15,0,0,0,0.348849,1.46277,2.46066,1.20606,3.06623,0.42336,0,0.42336,460.49,0,1.02816,0,0,1.37701,0.348849,1.028160,1,0,30.6364,0,0,0,30.6364,0
83.4856,3.04294,0,0,2.35618,0.207355,0.36288,3.6288,61.308,0.036924,0,0,0.681497,0.267746,0.376828,0.66528,12.849,1,0.461383,0.36288,0,37.6447,5.0168,32.5294,0.84672,12.849,0.84672,3695.15,0,0,0,0.459052,1.46287,3.10836,1.16756,3.86273,0.42336,0,0.42336,460.49,0,1.02816,0,0,1.48721,0.459052,1.028160,1,0,36.7689,0,0,0,36.7689,0
82.2394,3.03713,0,0,2.35877,0.204937,0.36288,3.6288,61.308,0.0369956,0,0,0.658109,0.267746,0.353367,0.66528,12.849,1,0.467435,0.36288,0,35.5447,5.0168,30.4234,0.84672,12.849,0.84672,3695.15,0,0,0,0.499487,1.47959,3.29992,1.16756,4.11144,0.42336,0,0.42336,460.49,0,1.02816,0,0,1.52765,0.499487,1.028160,1,0,34.8882,0,0,0,34.8882,0
80.9072,3.03121,0,0,2.25008,0.188172,0.36288,3.6288,61.308,0.0370672,0,0,0.642479,0.28329,0.322122,0.66528,12.849,1,0.473592,0.36288,0,33.4247,5.23397,28.08,0.84672,12.849,0.84672,3695.15,0,0,0,0.509008,1.47969,3.30521,1.24106,4.05286,0.42336,0,0.42336,460.49,0,1.02816,0,0,1.53717,0.509008,1.028160,1,0,32.455,0,0,0,32.455,0
79.338,3.02468,0,0,1.96909,0.150784,0.36288,3.6288,61.308,0.0371388,0,0,0.607034,0.318133,0.251763,0.66528,12.849,1,0.480354,0.36288,0,31.408,5.98029,25.3103,0.84672,12.849,0.84672,3695.15,0,0,0,0.359459,1.47979,3.2164,1.50025,3.5554,0.42336,0,0.42336,460.49,0,1.02816,0,0,1.38762,0.359459,1.028160,1,0,29.1174,0,0,0,29.1174,0
77.5788,3.08711,0,0,1.82801,0.137171,0.36288,3.6288,61.308,0.108093,0,0,0.513992,0.324453,0.0814457,0.66528,12.849,1,0.499966,0.36288,0,27.0457,6.14367,20.765,0.84672,12.849,0.84672,3695.15,0,0,0,0.261274,1.47989,2.8742,1.54796,3.06741,0.42336,0,0.42336,460.49,0,0.98331,0,0,1.24458,0.261274,1.028160,1,0,23.9138,0,0,0,23.9138,0
76.0832,3.07759,0,0,2.07085,0.126015,0.36288,3.6288,61.308,0.0633167,0,0,0.62549,0.333212,0.228961,0.66528,12.849,1,0.509726,0.36288,0,34.3597,6.06281,28.1501,0.84672,12.849,0.84672,3695.15,0,0,0,0.336442,1.51544,3.17271,1.5083,3.51629,0.42336,0,0.42336,460.49,0,1.02816,0,0,1.3646,0.336442,1.028160,1,0,31.8953,0,0,0,31.8953,0
74.4119,3.06922,0,0,1.88495,0.124142,0.36288,3.6288,61.308,0.06339,0,0,0.515904,0.333212,0.119302,0.66528,12.849,1,0.518333,0.36288,0,27.6749,6.06281,21.4566,0.84672,12.849,0.84672,3695.15,0,0,0,0.365904,1.51554,2.94818,1.5083,3.32133,0.42336,0,0.42336,460.49,0,1.02816,0,0,1.39406,0.365904,1.028160,1,0,24.8972,0,0,0,24.8972,0
72.5818,3.0595,0,0,1.71437,0.12205,0.36288,3.6288,61.308,0.14226,0,0,0.480457,0.333212,0.00498441,0.66528,12.849,1,0.528296,0.36288,0,25.7993,6.06281,19.5711,0.84672,12.849,0.84672,3695.15,0,0,0,0.227405,1.51564,2.62742,1.5083,2.86216,0.42336,0,0.42336,460.49,0,0.949363,0,0,1.17677,0.227405,1.028160,1,0,22.4382,0,0,0,22.4382,0
70.8575,3.25198,0,0,1.99339,0.102836,0.36288,3.6288,61.308,0.157527,0,0,0.60279,0.337627,0.107636,0.66528,12.849,1,0.575691,0.36288,0,26.2927,6.22139,19.8585,0.84672,12.849,0.84672,3695.15,0,0,0,0.557081,1.51574,3.65145,1.54385,4.18043,0.42336,0,0.42336,460.49,0,1.02816,0,0,1.58524,0.557081,1.028160,1,0,24.1466,0,0,0,24.1466,0
68.7794,3.24034,0,0,1.59392,0.06881,0.36288,3.6288,61.1386,0.291924,0,0,0.450407,0.327856,0,0.66528,12.849,1,0.587589,0.36288,0,31.7714,6.12602,25.4206,0.84672,12.849,0.84672,3695.15,0,0,0,0.227405,1.63337,2.38247,1.54802,2.69522,0.42336,0,0.42336,460.49,0,0.893843,0,0,1.12125,0.227405,1.028160,1,0,28.1159,0,0,0,28.1159,0
66.7511,3.2256,0,0,1.62788,0.0677131,0.36288,3.6288,61.0993,0.228457,0,0,0.51666,0.327505,0,0.66528,12.849,1,0.602588,0.36288,0,27.5218,6.12602,21.156,0.84672,12.849,0.84672,3695.15,0,0,0,0.227405,1.63348,2.47413,1.54802,2.78699,0.42336,0,0.42336,460.49,0,0.95739,0,0,1.18479,0.227405,1.028160,1,0,23.943,0,0,0,23.943,0
64.7524,3.21046,0,0,1.64252,0.0678577,0.36288,3.6288,61.1416,0.157766,0,0,0.520569,0.320538,0,0.66528,12.849,1,0.617985,0.36288,0,27.9253,5.94117,21.7291,0.84672,12.849,0.84672,3695.15,0,0,0,0.446109,1.63359,3.16458,1.47607,3.76821,0.42336,0,0.42336,460.49,0,1.02816,0,0,1.47427,0.446109,1.028160,1,0,25.4973,0,0,0,25.4973,0
62.6857,3.19475,0,0,1.56485,0.0739593,0.36288,3.6288,61.1128,0.205625,0,0,0.456141,0.279299,0,0.66528,12.849,1,0.633944,0.36288,0,18.1254,4.8321,13.0223,0.84672,12.849,0.84672,3695.15,0,0,0,0.204422,1.6337,3.43354,1.04434,4.22732,0.42336,0,0.42336,460.49,0,0.980381,0,0,1.1848,0.204422,1.028160,1,0,17.2496,0,0,0,17.2496,0
60.9833,3.08067,0,0,1.89706,0.155895,0.36288,3.6288,61.308,0.100858,0,0,0.618452,0.245556,0.0768446,0.66528,12.849,1,0.63146,0.36288,0,46.2808,4.15044,41.8618,0.84672,12.849,0.84672,3695.15,0,0,0,0.706294,1.63381,3.88541,1.02728,5.19822,0.42336,0,0.42336,460.49,0,1.02816,0,0,1.73445,0.706294,1.028160,1,0,47.1369,0,0,0,47.1369,0
59.4555,3.06632,0,0,2.07442,0.17305,0.36288,3.6288,61.308,0.100934,0,0,1.0559,0.244533,0.710436,0.66528,12.849,1,0.646064,0.36288,0,53.3991,3.99735,49.1186,0.84672,12.849,0.84672,3695.15,0,0,0,1.84507,1.56793,5.65778,1.03382,8.03696,0.42336,0,0.42336,460.49,0,1.02816,0,0,2.87323,1.84507,1.028160,1,0,57.866,0,0,0,57.866,0
57.9248,3.05287,0,0,2.05575,0.170681,0.36288,3.6288,61.308,0.10101,0,0,1.23098,0.244533,0.885433,0.66528,12.849,1,0.65976,0.36288,0,52.264,3.99735,47.9698,0.84672,12.849,0.84672,3695.15,0,0,0,2.31094,1.56804,5.72283,1.03382,8.56799,0.42336,0,0.42336,460.49,0,1.02816,0,0,3.3391,2.31094,1.028160,1,0,57.4232,0,0,0,57.4232,0
56.1663,3.0388,0,0,1.81137,0.168169,0.36288,3.6288,61.308,0.101085,0,0,1.09007,0.244533,0.744447,0.66528,12.849,1,0.674074,0.36288,0,44.8371,3.99735,40.5286,0.84672,12.849,0.84672,3695.15,0,0,0,2.07694,1.56814,4.99032,1.03382,7.60157,0.42336,0,0.42336,460.49,0,1.02816,0,0,3.1051,2.07694,1.028160,1,0,48.8746,0,0,0,48.8746,0
54.8855,2.94377,0,0,2.23153,0.205715,0.36288,3.6288,61.308,0.0492013,0,0,1.22075,0.251582,0.919971,0.66528,12.849,1,0.673438,0.36288,0,62.7442,4.09293,58.3407,0.84672,12.849,0.84672,3695.15,0,0,0,2.2493,1.56825,7.8877,1.06535,10.6399,0.42336,0,0.42336,460.49,0,1.02816,0,0,3.27746,2.2493,1.028160,1,0,69.9006,0,0,0,69.9006,0
53.2002,2.93123,0,0,1.86515,0.256322,0.36288,3.6288,61.308,0.0492737,0,0,0.669473,0.260981,0.359218,0.66528,12.849,1,0.686218,0.36288,0,49.6802,4.22037,45.1365,0.84672,12.849,0.84672,3695.15,0,0,0,0.768779,1.51023,5.32399,1.10737,6.49563,0.42336,0,0.42336,460.49,0,1.02816,0,0,1.79694,0.768779,1.028160,1,0,51.9913,0,0,0,51.9913,0
52.4679,2.91392,0,0,2.79647,0.251978,0.36288,3.6288,61.308,0.0493462,0,0,1.97571,0.260981,1.66538,0.66528,12.849,1,0.703775,0.36288,0,86.2704,4.22037,81.7091,0.84672,12.849,0.84672,3695.15,0,0,0,4.16148,1.51034,10.045,1.10737,14.6094,0.42336,0,0.42336,460.49,0,1.02816,0,0,5.18964,4.16148,1.028160,1,0,97.9839,0,0,0,97.9839,0
50.8077,2.90622,0,0,1.85898,0.250091,0.36288,3.6288,61.308,0.0494185,0,0,0.909187,0.260981,0.598787,0.66528,12.849,1,0.711713,0.36288,0,55.4816,4.22037,50.9124,0.84672,12.849,0.84672,3695.15,0,0,0,1.25665,1.51044,4.507,1.10737,6.16672,0.42336,0,0.42336,460.49,0,1.02816,0,0,2.28481,1.25665,1.028160,1,0,57.6779,0,0,0,57.6779,0
50.9666,2.67037,0,0,3.43122,0.239072,0.36288,3.6288,61.308,0,0,0,1.481,0.261616,1.21938,0.66528,12.849,1,0.675322,0.36288,0,101.268,4.23858,96.7167,0.84672,12.849,0.84672,3695.15,0,0,0,2.08008,1.51054,9.3598,1.11721,11.8332,0.42336,0,0.42336,460.49,0,0.969405,0,0,3.04949,2.08008,1.028160,1,0,109.769,0,0,0,109.769,0
49.6461,2.67223,0,0,1.97046,0.255827,0.36288,3.6288,61.308,0,0,0,0.810406,0.182093,0.628313,0.66528,12.849,1,0.673686,0.36288,0,46.7392,3.78934,42.6391,0.84672,12.849,0.84672,3695.15,0,0,0,1.30061,1.37594,4.89695,0.936474,6.63704,0.42336,0,0.42336,460.49,0,0.96947,0,0,2.27008,1.30061,1.028160,1,0,49.9044,0,0,0,49.9044,0
48.9282,2.65817,0,0,2.55541,0.252291,0.36288,3.6288,61.308,0,0,0,1.17281,0.182093,0.990718,0.66528,12.849,1,0.687967,0.36288,0,85.6072,3.78934,81.4928,0.84672,12.849,0.84672,3695.15,0,0,0,1.45478,1.37604,6.48327,0.936474,8.37762,0.42336,0,0.42336,460.49,0,0.969535,0,0,2.42431,1.45478,1.028160,1,0,90.8611,0,0,0,90.8611,0
48.5694,2.65036,0,0,2.90486,0.250353,0.36288,3.6288,61.308,0,0,0,1.40346,0.182093,1.22136,0.66528,12.849,1,0.696009,0.36288,0,79.9131,3.78934,75.7906,0.84672,12.849,0.84672,3695.15,0,0,0,1.90857,1.37613,7.19912,0.936474,9.54735,0.42336,0,0.42336,460.49,0,0.9696,0,0,2.87817,1.90857,1.028160,1,0,86.5593,0,0,0,86.5593,0
48.8904,2.64647,0,0,3.54906,0.218774,0.36288,3.6288,61.308,0,0,0,2.06855,0.227022,1.84152,0.66528,12.849,1,0.700121,0.36288,0,159.187,4.56927,154.28,0.84672,12.849,0.84672,3695.15,0,0,0,2.97309,1.37622,11.203,1.25345,14.2988,0.42336,0,0.42336,460.49,0,0.969665,0,0,3.94275,2.97309,1.028160,1,0,170.421,0,0,0,170.421,0
48.0334,2.65011,0,0,2.37408,0.218094,0.36288,3.6288,61.308,0,0,0,1.3321,0.220219,1.11188,0.66528,12.849,1,0.696481,0.36288,0,62.311,4.71549,57.2619,0.84672,12.849,0.84672,3695.15,0,0,0,1.85369,1.37631,7.28317,1.20369,9.30948,0.42336,0,0.42336,460.49,0,0.969665,0,0,2.82335,1.85369,1.028160,1,0,67.6833,0,0,0,67.6833,0
46.3651,2.72319,0,0,1.67881,0.261058,0.36288,3.6288,61.308,0,0,0,1.18558,0.217646,0.967935,0.66528,12.849,1,0.728457,0.36288,0,32.8886,4.03105,28.492,0.84672,12.849,0.84672,3695.15,0,0,0,1.60248,1.37631,5.63484,1.01241,7.60122,0.42336,0,0.42336,460.49,0,1.00108,0,0,2.60356,1.60248,1.028160,1,0,37.0611,0,0,0,37.0611,0
45.2783,2.70282,0,0,2.23528,0.256307,0.36288,3.6288,61.308,0,0,0,1.0564,0.217646,0.838758,0.66528,12.849,1,0.749025,0.36288,0,46.642,4.03105,42.2248,0.84672,12.849,0.84672,3695.15,0,0,0,1.29171,1.42027,7.12811,1.01241,8.82768,0.42336,0,0.42336,460.49,0,1.00114,0,0,2.29285,1.29171,1.028160,1,0,51.8912,0,0,0,51.8912,0
44.3564,2.68898,0,0,2.38313,0.253212,0.36288,3.6288,61.308,0,0,0,1.17139,0.217646,0.953748,0.66528,12.849,1,0.763073,0.36288,0,50.0693,4.03105,45.6381,0.84672,12.849,0.84672,3695.15,0,0,0,1.58197,1.42036,7.77876,1.01241,9.76868,0.42336,0,0.42336,460.49,0,1.0012,0,0,2.58317,1.58197,1.028160,1,0,56.3605,0,0,0,56.3605,0
43.1513,2.67684,0,0,2.09131,0.256643,0.36288,3.6288,61.308,0,0,0,1.01232,0.215251,0.797072,0.66528,12.849,1,0.775417,0.36288,0,37.0326,4.15957,32.4605,0.84672,12.849,0.84672,3695.15,0,0,0,1.37872,1.42044,6.23402,1.05287,7.9803,0.42336,0,0.42336,460.49,0,1.00126,0,0,2.37997,1.37872,1.028160,1,0,41.2379,0,0,0,41.2379,0
42.0545,2.91979,0,0,2.45386,0.268061,0.36288,3.6288,61.308,0.0908901,0,0,0.833674,0.209264,0.53352,0.66528,12.849,1,0.869414,0.36288,0,37.0776,4.48088,32.0902,0.84672,12.849,0.84672,3695.15,0,0,0,0.956292,1.42052,5.13313,1.15403,6.35592,0.42336,0,0.42336,460.49,0,1.02816,0,0,1.98445,0.956292,1.028160,1,0,38.9796,0,0,0,38.9796,0
41.9615,2.90259,0,0,3.43716,0.264673,0.36288,3.6288,61.308,0.0909558,0,0,0.818882,0.209264,0.518662,0.66528,12.849,1,0.886835,0.36288,0,53.26,4.48088,48.2552,0.84672,12.849,0.84672,3695.15,0,0,0,0.937855,1.57467,10.7738,1.15403,12.1323,0.42336,0,0.42336,460.49,0,1.02816,0,0,1.96601,0.937855,1.028160,1,0,60.9062,0,0,0,60.9062,0
42.3903,2.90126,0,0,3.95718,0.264233,0.36288,3.6288,61.308,0.0910216,0,0,1.34425,0.185754,1.06748,0.66528,12.849,1,0.888392,0.36288,0,110.459,4.28337,105.65,0.84672,12.849,0.84672,3695.15,0,0,0,1.80233,1.57477,10.1305,1.05872,12.4489,0.42336,0,0.42336,460.49,0,1.02816,0,0,2.83049,1.80233,1.028160,1,0,119.166,0,0,0,119.166,0
42.8232,2.90832,0,0,3.96836,0.264305,0.36288,3.6288,61.308,0.0910874,0,0,1.25396,0.156169,1.0067,0.66528,12.849,1,0.881547,0.36288,0,99.9726,3.78003,95.6739,0.84672,12.849,0.84672,3695.15,0,0,0,2.05361,1.57486,9.08258,0.92549,11.7856,0.42336,0,0.42336,460.49,0,1.02816,0,0,3.08177,2.05361,1.028160,1,0,108.466,0,0,0,108.466,0
44.2338,2.54581,0,0,4.58233,0.263003,0.36288,3.6288,61.308,0,0,0,1.39718,0.160572,1.23661,0.66528,12.849,1,0.763865,0.36288,0,121.56,3.18003,117.979,0.84672,12.849,0.84672,3695.15,0,0,0,2.64627,1.57495,10.1457,0.910119,13.4568,0.42336,0,0.42336,460.49,0,0.961276,0,0,3.60755,2.64627,1.028160,1,0,132.672,0,0,0,132.672,0
46.2786,2.56484,0,0,5.23986,0.267294,0.36288,3.6288,61.308,0,0,0,2.04101,0.160572,1.88044,0.66528,12.849,1,0.745032,0.36288,0,143.974,3.18003,140.411,0.84672,12.849,0.84672,3695.15,0,0,0,2.81366,1.36292,15.9724,0.910119,19.2389,0.42336,0,0.42336,460.49,0,0.961333,0,0,3.775,2.81366,1.028160,1,0,161.531,0,0,0,161.531,0
47.6888,2.59076,0,0,4.61766,0.253817,0.36288,3.6288,61.308,0,0,0,1.52671,0.195899,1.33081,0.66528,12.849,1,0.719309,0.36288,0,86.2237,4.19064,81.6767,0.84672,12.849,0.84672,3695.15,0,0,0,2.25652,1.363,10.8187,1.05458,13.3836,0.42336,0,0.42336,460.49,0,0.961389,0,0,3.21791,2.25652,1.028160,1,0,96.3911,0,0,0,96.3911,0
48.4883,2.60766,0,0,4.02443,0.254463,0.36288,3.6288,61.308,0,0,0,1.20164,0.201787,0.999856,0.66528,12.849,1,0.702594,0.36288,0,97.0246,4.35908,92.3258,0.84672,12.849,0.84672,3695.15,0,0,0,1.91985,1.36308,7.92288,1.07866,10.1271,0.42336,0,0.42336,460.49,0,0.961446,0,0,2.88129,1.91985,1.028160,1,0,103.453,0,0,0,103.453,0
49.4603,2.61698,0,0,4.22545,0.273542,0.36288,3.6288,61.308,0,0,0,1.63115,0.196948,1.43421,0.66528,12.849,1,0.693477,0.36288,0,103.227,3.7091,99.1876,0.84672,12.849,0.84672,3695.15,0,0,0,2.61654,1.36316,10.3206,0.984034,13.3162,0.42336,0,0.42336,460.49,0,0.961502,0,0,3.57804,2.61654,1.028160,1,0,113.938,0,0,0,113.938,0
49.397,2.72397,0,0,3.30277,0.279266,0.36288,3.6288,61.308,0,0,0,1.26138,0.196142,1.06524,0.66528,12.849,1,0.707643,0.36288,0,89.5977,3.60076,85.6521,0.84672,12.849,0.84672,3695.15,0,0,0,1.93088,1.36324,8.98793,0.968263,11.3138,0.42336,0,0.42336,460.49,0,1.00023,0,0,2.93111,1.93088,1.028160,1,0,98.0312,0,0,0,98.0312,0
48.6365,2.72341,0,0,2.58953,0.263739,0.36288,3.6288,61.308,0,0,0,1.04643,0.202382,0.844051,0.66528,12.849,1,0.708405,0.36288,0,80.0254,3.65635,76.0235,0.84672,12.849,0.84672,3695.15,0,0,0,1.45639,1.41586,6.78587,0.972145,8.68598,0.42336,0,0.42336,460.49,0,1.00029,0,0,2.45668,1.45639,1.028160,1,0,85.5536,0,0,0,85.5536,0
47.5389,2.71481,0,0,2.20365,0.223554,0.36288,3.6288,61.308,0,0,0,0.869823,0.217983,0.65184,0.66528,12.849,1,0.717209,0.36288,0,53.0004,3.79533,48.8507,0.84672,12.849,0.84672,3695.15,0,0,0,1.14086,1.41595,5.45207,0.981848,7.02703,0.42336,0,0.42336,460.49,0,1.00035,0,0,2.14121,1.14086,1.028160,1,0,56.5296,0,0,0,56.5296,0
46.6046,2.70193,0,0,2.33111,0.200546,0.36288,3.6288,61.308,0,0,0,0.81737,0.237877,0.579493,0.66528,12.849,1,0.730288,0.36288,0,58.1513,4.31571,53.4681,0.84672,12.849,0.84672,3695.15,0,0,0,1.03659,1.41603,5.52089,1.07564,6.89787,0.42336,0,0.42336,460.49,0,1.00041,0,0,2.037,1.03659,1.028160,1,0,60.9455,0,0,0,60.9455,0
45.8971,2.65353,0,0,2.4923,0.183385,0.36288,3.6288,61.308,0,0,0,0.894309,0.252797,0.641512,0.66528,12.849,1,0.731583,0.36288,0,59.8194,4.706,54.7447,0.84672,12.849,0.84672,3695.15,0,0,0,1.09548,1.41611,5.69519,1.14598,7.06081,0.42336,0,0.42336,460.49,0,0.985443,0,0,2.08093,1.09548,1.028160,1,0,62.447,0,0,0,62.447,0
44.9532,2.64487,0,0,2.24576,0.181948,0.36288,3.6288,61.308,0,0,0,0.792539,0.252797,0.539741,0.66528,12.849,1,0.740437,0.36288,0,52.2183,4.706,47.1348,0.84672,12.849,0.84672,3695.15,0,0,0,0.884532,1.39572,5.14303,1.14598,6.2773,0.42336,0,0.42336,460.49,0,0.985501,0,0,1.87003,0.884532,1.028160,1,0,53.9518,0,0,0,53.9518,0
43.8646,2.63294,0,0,2.06379,0.156571,0.36288,3.6288,61.308,0,0,0,0.747032,0.212975,0.534056,0.66528,12.849,1,0.752573,0.36288,0,50.087,3.88028,45.8171,0.84672,12.849,0.84672,3695.15,0,0,0,0.799206,1.39581,4.65413,0.936556,5.91259,0.42336,0,0.42336,460.49,0,0.985559,0,0,1.78476,0.799206,1.028160,1,0,52.2637,0,0,0,52.2637,0
42.775,2.61864,0,0,2.04723,0.15531,0.36288,3.6288,61.308,0,0,0,0.80447,0.213351,0.591119,0.66528,12.849,1,0.767064,0.36288,0,45.6886,3.86616,41.4182,0.84672,12.849,0.84672,3695.15,0,0,0,1.20467,1.39589,5.16373,0.949291,6.81499,0.42336,0,0.42336,460.49,0,0.985617,0,0,2.19028,1.20467,1.028160,1,0,48.8243,0,0,0,48.8243,0
41.3703,2.72729,0,0,1.80825,0.122754,0.36288,3.6288,61.308,0.0108057,0,0,0.708592,0.226316,0.471471,0.66528,12.849,1,0.819238,0.36288,0,41.4501,4.10655,36.8871,0.84672,12.849,0.84672,3695.15,0,0,0,0.809905,1.39597,4.48868,0.965523,5.72903,0.42336,0,0.42336,460.49,0,1.02816,0,0,1.83806,0.809905,1.028160,1,0,43.0876,0,0,0,43.0876,0
39.9166,2.70622,0,0,1.73044,0.115094,0.36288,3.6288,61.308,0.0108667,0,0,0.745027,0.228101,0.50606,0.66528,12.849,1,0.840511,0.36288,0,38.9451,4.16073,34.3068,0.84672,12.849,0.84672,3695.15,0,0,0,0.799597,1.46732,4.67629,0.955493,5.98772,0.42336,0,0.42336,460.49,0,1.02816,0,0,1.82776,0.799597,1.028160,1,0,40.8006,0,0,0,40.8006,0
38.4105,2.68322,0,0,1.65313,0.113126,0.36288,3.6288,61.308,0.0109278,0,0,0.748181,0.228101,0.509152,0.66528,12.849,1,0.863719,0.36288,0,36.5908,4.16073,31.9293,0.84672,12.849,0.84672,3695.15,0,0,0,0.719107,1.46741,4.49658,0.955493,5.7276,0.42336,0,0.42336,460.49,0,1.02816,0,0,1.74727,0.719107,1.028160,1,0,38.166,0,0,0,38.166,0
36.8239,2.658,0,0,1.54551,0.111169,0.36288,3.6288,61.308,0.0109889,0,0,0.69647,0.228101,0.457381,0.66528,12.849,1,0.889149,0.36288,0,34.1505,4.16073,29.4635,0.84672,12.849,0.84672,3695.15,0,0,0,0.625536,1.4675,4.25938,0.955493,5.39692,0.42336,0,0.42336,460.49,0,1.02816,0,0,1.6537,0.625536,1.028160,1,0,35.3178,0,0,0,35.3178,0
35.3216,2.62976,0,0,1.56033,0.0700266,0.36288,3.6288,61.308,0.01105,0,0,0.812108,0.276809,0.524249,0.66528,12.849,1,0.917602,0.36288,0,28.4167,5.24908,22.6129,0.84672,12.849,0.84672,3695.15,0,0,0,0.711677,1.46758,3.50428,1.22141,4.46213,0.42336,0,0.42336,460.49,0,1.02816,0,0,1.73984,0.711677,1.028160,1,0,27.5993,0,0,0,27.5993,0
33.7999,2.57799,0,0,1.48956,0.0704128,0.36288,3.6288,61.308,0.0404091,0,0,0.791044,0.275105,0.47553,0.66528,12.849,1,0.937801,0.36288,0,27.8453,5.20328,22.0671,0.84672,12.849,0.84672,3695.15,0,0,0,0.571743,1.46767,3.6105,1.23347,4.41644,0.42336,0,0.42336,460.49,0,1.02816,0,0,1.5999,0.571743,1.028160,1,0,26.9591,0,0,0,26.9591,0
32.177,2.54755,0,0,1.35663,0.0691181,0.36288,3.6288,61.308,0.0404719,0,0,0.779026,0.275105,0.463449,0.66528,12.849,1,0.968449,0.36288,0,27.1978,5.20328,21.3889,0.84672,12.849,0.84672,3695.15,0,0,0,0.596048,1.48444,3.48271,1.23347,4.32973,0.42336,0,0.42336,460.49,0,1.02816,0,0,1.62421,0.596048,1.028160,1,0,26.1821,0,0,0,26.1821,0
30.4562,2.51279,0,0,1.22269,0.0677372,0.36288,3.6288,61.308,0.0405346,0,0,0.725449,0.275105,0.409809,0.66528,12.849,1,1.00342,0.36288,0,25.2084,5.20328,19.3646,0.84672,12.849,0.84672,3695.15,0,0,0,0.389232,1.48452,3.31596,1.23347,3.95625,0.42336,0,0.42336,460.49,0,1.02816,0,0,1.41739,0.389232,1.028160,1,0,23.7307,0,0,0,23.7307,0
28.7287,2.47307,0,0,1.16182,0.0533869,0.36288,3.6288,61.308,0.0405974,0,0,0.645749,0.313345,0.291807,0.66528,12.849,1,1.04335,0.36288,0,23.268,5.62543,16.9621,0.84672,12.849,0.84672,3695.15,0,0,0,0.34217,1.48461,3.14299,1.41855,3.55122,0.42336,0,0.42336,460.49,0,1.02816,0,0,1.37033,0.34217,1.028160,1,0,20.8051,0,0,0,20.8051,0
26.9679,2.48657,0,0,1.13817,0.0495496,0.36288,3.6288,61.308,0.0667774,0,0,0.58861,0.313143,0.20869,0.66528,12.849,1,1.11212,0.36288,0,21.2659,5.52961,14.987,0.84672,12.849,0.84672,3695.15,0,0,0,0.359519,1.4847,3.15849,1.42488,3.57782,0.42336,0,0.42336,460.49,0,1.02816,0,0,1.38768,0.359519,1.028160,1,0,18.7735,0,0,0,18.7735,0
25.1265,2.43753,0,0,1.00742,0.0483605,0.36288,3.6288,61.308,0.0668417,0,0,0.552472,0.313143,0.172487,0.66528,12.849,1,1.16137,0.36288,0,20.0747,5.52961,13.7466,0.84672,12.849,0.84672,3695.15,0,0,0,0.288654,1.52034,3.16025,1.42488,3.54436,0.42336,0,0.42336,460.49,0,1.02816,0,0,1.31681,0.288654,1.028160,1,0,17.4634,0,0,0,17.4634,0
23.2563,2.38136,0,0,0.921076,0.0471171,0.36288,3.6288,61.308,0.10919,0,0,0.533673,0.313143,0.11134,0.66528,12.849,1,1.21776,0.36288,0,18.8525,5.52961,12.468,0.84672,12.849,0.84672,3695.15,0,0,0,0.227405,1.52043,3.01106,1.42488,3.33401,0.42336,0,0.42336,460.49,0,0.985876,0,0,1.21328,0.227405,1.028160,1,0,15.9133,0,0,0,15.9133,0
21.3292,2.31841,0,0,0.790396,0.0361862,0.36288,3.6288,61.308,0.121126,0,0,0.531488,0.319505,0.0908566,0.66528,12.849,1,1.28091,0.36288,0,17.9827,5.78892,11.2757,0.84672,12.849,0.84672,3695.15,0,0,0,0.227405,1.52052,2.99194,1.44016,3.29971,0.42336,0,0.42336,460.49,0,0.974004,0,0,1.20141,0.227405,1.028160,1,0,14.6663,0,0,0,14.6663,0
19.2673,2.39634,0,0,0.72913,0.0318237,0.36288,3.6288,61.308,0.217642,0,0,0.542341,0.282893,0.041807,0.66528,12.849,1,1.44359,0.36288,0,15.8801,5.40309,9.39626,0.84672,12.849,0.84672,3695.15,0,0,0,0.227405,1.52061,2.33958,1.45254,2.63505,0.42336,0,0.42336,460.49,0,0.971844,0,0,1.19925,0.227405,1.028160,1,0,12.0731,0,0,0,12.0731,0
17.2234,2.3038,0,0,0.653728,0.0309288,0.36288,3.6288,61.2212,0.295558,0,0,0.491625,0.282893,0,0.66528,12.849,1,1.53636,0.36288,0,14.1764,5.40309,7.59985,0.84672,12.849,0.84672,3695.15,0,0,0,0.227405,1.6386,2.28144,1.45254,2.6949,0.42336,0,0.42336,460.49,0,0.893998,0,0,1.1214,0.227405,1.028160,1,0,10.2948,0,0,0,10.2948,0
15.4134,2.19951,0,0,0.782421,0.0300418,0.36288,3.6288,61.2904,0.176189,0,0,0.52813,0.282737,0,0.66528,12.849,1,1.64088,0.36288,0,14.6717,5.40309,7.99058,0.84672,12.849,0.84672,3695.15,0,0,0,0.204422,1.6387,2.50245,1.45254,2.89303,0.42336,0,0.42336,460.49,0,1.01344,0,0,1.21786,0.204422,1.028160,1,0,10.8836,0,0,0,10.8836,0
14.2513,2.09454,0,0,1.33788,0.0424946,0.36288,3.6288,61.308,0.161536,0,0,0.678344,0.277498,0.221688,0.66528,12.849,1,1.74607,0.36288,0,24.3823,5.25466,17.7445,0.84672,12.849,0.84672,3695.15,0,0,0,0.390416,1.63879,2.77003,1.43434,3.3649,0.42336,0,0.42336,460.49,0,1.02816,0,0,1.41858,0.390416,1.028160,1,0,21.3311,0,0,0,21.3311,0
13.397,1.6988,0,0,1.23202,0.0246663,0.36288,3.6288,61.308,0.368595,0,0,0.835946,0.252057,0.215294,0.66528,12.849,1,1.53163,0.36288,0,28.5979,5.64907,21.7801,0.84672,12.849,0.84672,3695.15,0,0,0,0.518132,1.63889,3.15435,1.43231,3.87906,0.42336,0,0.42336,460.49,0,1.02816,0,0,1.54629,0.518132,1.028160,1,0,25.8744,0,0,0,25.8744,0
13.1727,1.71597,0,0,1.87358,0.019039,0.36288,3.6288,61.308,0.388662,0,0,1.46401,0.245342,0.830009,0.66528,12.849,1,1.64577,0.36288,0,40.6831,5.72366,33.6765,0.84672,12.849,0.84672,3695.15,0,0,0,1.92706,1.68452,5.72438,1.43586,7.90009,0.42336,0,0.42336,460.49,0,1.02816,0,0,2.95522,1.92706,1.028160,1,0,42.4066,0,0,0,42.4066,0
12.0501,1.58095,0,0,0.840119,0.0189459,0.36288,3.6288,61.308,0.316063,0,0,0.830598,0.245342,0.269193,0.66528,12.849,1,1.54209,0.36288,0,30.9336,5.72366,24.0307,0.84672,12.849,0.84672,3695.15,0,0,0,0.482449,1.72463,2.94335,1.43586,3.71457,0.42336,0,0.42336,460.49,0,1.02816,0,0,1.51061,0.482449,1.028160,1,0,28.0145,0,0,0,28.0145,0
11.0519,1.65605,0,0,1.05216,0.0313916,0.36288,3.6288,61.308,0.406961,0,0,1.05103,0.242742,0.401328,0.66528,12.849,1,1.76585,0.36288,0,29.5122,5.54319,22.566,0.84672,12.849,0.84672,3695.15,0,0,0,0.550385,1.6238,3.60091,1.4087,4.3664,0.42336,0,0.42336,460.49,0,1.02816,0,0,1.57855,0.550385,1.028160,1,0,27.3337,0,0,0,27.3337,0
12.0962,1.58241,0,0,3.06493,0.0753687,0.36288,3.6288,61.308,0.407027,0,0,1.85166,0.259903,1.18473,0.66528,12.849,1,1.83972,0.36288,0,33.9412,4.815,27.6494,0.84672,12.849,0.84672,3695.15,0,0,0,2.81476,1.75004,7.20976,1.24975,10.5248,0.42336,0,0.42336,460.49,0,1.02816,0,0,3.84292,2.81476,1.028160,1,0,39.3589,0,0,0,39.3589,0
12.5561,1.47177,0,0,2.39721,0.102626,0.36288,3.6288,61.308,0.268304,0,0,1.45095,0.229022,0.953623,0.66528,12.849,1,1.56337,0.36288,0,40.4604,3.85539,35.4046,0.84672,12.849,0.84672,3695.15,0,0,0,0.895078,1.75013,3.49093,0.913977,5.22216,0.42336,0,0.42336,460.49,0,1.02816,0,0,1.92324,0.895078,1.028160,1,0,41.5803,0,0,0,41.5803,0
14.1927,1.50017,0,0,3.60336,0.103686,0.36288,3.6288,61.308,0.268363,0,0,2.35361,0.229022,1.85622,0.66528,12.849,1,1.53517,0.36288,0,124.02,3.85539,118.993,0.84672,12.849,0.84672,3695.15,0,0,0,2.67315,1.57043,9.42831,0.913977,12.7579,0.42336,0,0.42336,460.49,0,1.02816,0,0,3.70131,2.67315,1.028160,1,0,133.607,0,0,0,133.607,0
17.0791,1.59319,0,0,4.94989,0.107456,0.36288,3.6288,61.308,0.268421,0,0,2.58104,0.229022,2.0836,0.66528,12.849,1,1.44235,0.36288,0,84.5062,3.85539,79.5713,0.84672,12.849,0.84672,3695.15,0,0,0,2.88452,1.57052,11.64,0.913977,15.181,0.42336,0,0.42336,460.49,0,1.02816,0,0,3.91268,2.88452,1.028160,1,0,96.836,0,0,0,96.836,0
19.6203,2.07106,0,0,5.08865,0.113531,0.36288,3.6288,61.308,0.0527616,0,0,2.57018,0.229022,2.28839,0.66528,12.849,1,1.5581,0.36288,0,60.558,3.85539,55.5074,0.84672,12.849,0.84672,3695.15,0,0,0,2.74108,1.5706,10.8711,0.913977,14.2688,0.42336,0,0.42336,460.49,0,1.02816,0,0,3.76924,2.74108,1.028160,1,0,72.0646,0,0,0,72.0646,0
25.0711,1.84523,0,0,7.82171,0.162801,0.36288,3.6288,61.308,0.246644,0,0,3.07913,0.246959,2.58553,0.66528,12.849,1,1.20841,0.36288,0,158.596,4.25576,153.495,0.84672,12.849,0.84672,3695.15,0,0,0,3.87279,1.51522,12.8868,1.02652,17.2483,0.42336,0,0.42336,460.49,0,1.02816,0,0,4.90095,3.87279,1.028160,1,0,173.328,0,0,0,173.328,0
29.2355,2.01906,0,0,6.72204,0.175632,0.36288,3.6288,61.308,0.246701,0,0,2.51898,0.246959,2.02532,0.66528,12.849,1,1.03478,0.36288,0,152.879,4.25576,147.951,0.84672,12.849,0.84672,3695.15,0,0,0,3.30134,1.55717,12.9659,1.02652,16.7979,0.42336,0,0.42336,460.49,0,1.02816,0,0,4.3295,3.30134,1.028160,1,0,166.774,0,0,0,166.774,0
32.7773,2.33167,0,0,6.42243,0.186123,0.36288,3.6288,61.308,0,0,0,2.48728,0.246959,2.24032,0.66528,12.849,1,1.02477,0.36288,0,161.466,4.25576,156.548,0.84672,12.849,0.84672,3695.15,0,0,0,3.2184,1.55725,14.3565,1.02784,18.1043,0.42336,0,0.42336,460.49,0,0.972518,0,0,4.19092,3.2184,1.028160,1,0,176.893,0,0,0,176.893,0
38.7993,2.41136,0,0,8.96486,0.168611,0.36288,3.6288,61.308,0,0,0,4.20417,0.235156,3.96902,0.66528,12.849,1,0.945274,0.36288,0,175.411,4.16812,170.66,0.84672,12.849,0.84672,3695.15,0,0,0,3.84839,1.38036,16.374,0.967867,20.6349,0.42336,0,0.42336,460.49,0,0.972575,0,0,4.82096,3.84839,1.028160,1,0,195.264,0,0,0,195.264,0
41.9394,2.52172,0,0,6.23566,0.210967,0.36288,3.6288,61.308,0,0,0,2.89155,0.196723,2.69483,0.66528,12.849,1,0.835108,0.36288,0,136.459,3.6054,132.382,0.84672,12.849,0.84672,3695.15,0,0,0,4.1833,1.38044,11.6589,0.90283,16.3198,0.42336,0,0.42336,460.49,0,0.972632,0,0,5.15593,4.1833,1.028160,1,0,151.396,0,0,0,151.396,0
45.4055,2.65023,0,0,6.69928,0.220056,0.36288,3.6288,61.308,0,0,0,4.05421,0.212989,3.84122,0.66528,12.849,1,0.811952,0.36288,0,160.788,4.16019,156.179,0.84672,12.849,0.84672,3695.15,0,0,0,7.07539,1.38053,16.4462,1.20134,23.7007,0.42336,0,0.42336,460.49,0,1.00414,0,0,8.07952,7.07539,1.028160,1,0,183.72,0,0,0,183.72,0
49.5185,2.69867,0,0,7.39169,0.217145,0.36288,3.6288,61.308,0,0,0,5.16726,0.230961,4.9363,0.66528,12.849,1,0.76368,0.36288,0,135.956,4.47216,131.083,0.84672,12.849,0.84672,3695.15,0,0,0,9.03307,1.42461,18.9511,1.32813,28.0807,0.42336,0,0.42336,460.49,0,1.00419,0,0,10.0373,9.03307,1.028160,1,0,164.1,0,0,0,164.1,0
63.8248,2.74918,0,0,17.6456,0.227174,0.36288,3.6288,61.308,0,0,0,9.6788,0.230961,9.44783,0.66528,12.849,1,0.713353,0.36288,0,356.506,4.47216,351.684,0.84672,12.849,0.84672,3695.15,0,0,0,10.6351,1.42468,37.0929,1.32813,47.8246,0.42336,0,0.42336,460.49,0,1.00424,0,0,11.6394,10.6351,1.028160,1,0,408.956,0,0,0,408.956,0
68.814,2.88242,0,0,8.49496,0.260479,0.36288,3.6288,61.308,0,0,0,5.39396,0.221789,5.17217,0.66528,12.849,1,0.58028,0.36288,0,240.215,4.35237,235.646,0.84672,12.849,0.84672,3695.15,0,0,0,8.19939,1.42475,22.9195,1.27496,31.2687,0.42336,0,0.42336,460.49,0,1.00429,0,0,9.20367,8.19939,1.028160,1,0,272.086,0,0,0,272.086,0
68.8091,3.20264,0,0,3.83045,0.269887,0.36288,3.6288,61.308,0.0942678,0,0,4.44997,0.166759,4.18895,0.66528,12.849,1,0.597999,0.36288,0,110.655,3.63363,106.786,0.84672,12.849,0.84672,3695.15,0,0,0,6.74027,1.42482,15.2031,0.955928,22.4123,0.42336,0,0.42336,460.49,0,1.02816,0,0,7.76843,6.74027,1.028160,1,0,133.388,0,0,0,133.388,0
68.4467,3.20277,0,0,3.47316,0.269877,0.36288,3.6288,61.308,0.0943244,0,0,3.67861,0.166759,3.41753,0.66528,12.849,1,0.598066,0.36288,0,75.5119,3.63363,71.6431,0.84672,12.849,0.84672,3695.15,0,0,0,3.03951,1.57943,12.5358,0.955928,16.1988,0.42336,0,0.42336,460.49,0,1.02816,0,0,4.06767,3.03951,1.028160,1,0,91.2594,0,0,0,91.2594,0
70.5492,3.20026,0,0,5.92307,0.257407,0.36288,3.6288,61.308,0.0943811,0,0,4.83048,0.170878,4.56522,0.66528,12.849,1,0.600762,0.36288,0,128.512,3.60864,124.666,0.84672,12.849,0.84672,3695.15,0,0,0,4.55133,1.57951,17.1285,0.939191,22.3201,0.42336,0,0.42336,460.49,0,1.02816,0,0,5.57949,4.55133,1.028160,1,0,151.551,0,0,0,151.551,0
71.3973,3.21557,0,0,4.68966,0.263085,0.36288,3.6288,61.308,0.0944378,0,0,4.37702,0.220592,4.06199,0.66528,12.849,1,0.585646,0.36288,0,127.91,3.23147,124.456,0.84672,12.849,0.84672,3695.15,0,0,0,4.42641,1.57959,16.5197,1.05459,21.4711,0.42336,0,0.42336,460.49,0,1.02816,0,0,5.45457,4.42641,1.028160,1,0,149.989,0,0,0,149.989,0
72.3796,2.55699,0,0,4.22556,0.323437,0.36288,3.6288,61.308,0.238386,0,0,2.50365,0.150278,2.11498,0.66528,12.849,1,0.460167,0.36288,0,68.0841,3.30004,64.6867,0.84672,12.849,0.84672,3695.15,0,0,0,3.62551,1.57967,8.62004,0.785163,13.0401,0.42336,0,0.42336,460.49,0,1.02816,0,0,4.65367,3.62551,1.028160,1,0,79.8418,0,0,0,79.8418,0
72.6453,2.81924,0,0,3.89102,0.443221,0.36288,3.6288,61.308,0,0,0,2.46855,0.150278,2.31827,0.66528,12.849,1,0.500479,0.36288,0,69.4976,3.30004,66.0599,0.84672,12.849,0.84672,3695.15,0,0,0,3.61768,1.54395,7.80944,0.785163,12.1859,0.42336,0,0.42336,460.49,0,0.964194,0,0,4.58188,3.61768,1.028160,1,0,80.5641,0,0,0,80.5641,0
76.0326,2.82094,0,0,7.01561,0.444454,0.36288,3.6288,61.308,0,0,0,4.13074,0.150278,3.98046,0.66528,12.849,1,0.498949,0.36288,0,131.507,3.30004,128.071,0.84672,12.849,0.84672,3695.15,0,0,0,6.98637,1.36705,15.5059,0.785163,23.0742,0.42336,0,0.42336,460.49,0,0.964243,0,0,7.95061,6.98637,1.028160,1,0,155.125,0,0,0,155.125,0
79.0517,2.8401,0,0,6.6536,0.43158,0.36288,3.6288,61.308,0,0,0,4.76441,0.158172,4.60623,0.66528,12.849,1,0.479958,0.36288,0,141.19,3.82373,137.249,0.84672,12.849,0.84672,3695.15,0,0,0,8.68918,1.36712,24.4547,0.872993,33.638,0.42336,0,0.42336,460.49,0,0.964292,0,0,9.65347,8.68918,1.028160,1,0,175.493,0,0,0,175.493,0
80.9501,2.85601,0,0,5.58288,0.465502,0.36288,3.6288,61.308,0,0,0,5.22407,0.161348,5.06272,0.66528,12.849,1,0.464214,0.36288,0,144.85,3.68269,141.066,0.84672,12.849,0.84672,3695.15,0,0,0,6.02594,1.36719,16.2848,0.829905,22.848,0.42336,0,0.42336,460.49,0,0.96434,0,0,6.99028,6.02594,1.028160,1,0,168.976,0,0,0,168.976,0
81.6539,2.97025,0,0,4.51494,0.478014,0.36288,3.6288,61.308,0,0,0,5.65888,0.157986,5.50089,0.66528,12.849,1,0.47146,0.36288,0,85.2189,3.49366,81.6167,0.84672,12.849,0.84672,3695.15,0,0,0,6.12545,1.36726,10.8315,0.791603,17.5326,0.42336,0,0.42336,460.49,0,1.00318,0,0,7.12863,6.12545,1.028160,1,0,104.65,0,0,0,104.65,0
82.037,2.97391,0,0,4.20113,0.481248,0.36288,3.6288,61.308,0,0,0,6.12313,0.157986,5.96515,0.66528,12.849,1,0.467973,0.36288,0,72.6875,3.49366,69.0887,0.84672,12.849,0.84672,3695.15,0,0,0,5.8607,1.42003,14.0805,0.791603,20.5696,0.42336,0,0.42336,460.49,0,1.00323,0,0,6.86393,5.8607,1.028160,1,0,95.6235,0,0,0,95.6235,0
82.0746,2.97595,0,0,3.84485,0.468438,0.36288,3.6288,61.308,0,0,0,7.81358,0.154504,7.65908,0.66528,12.849,1,0.466107,0.36288,0,69.2375,3.27657,65.8577,0.84672,12.849,0.84672,3695.15,0,0,0,7.67724,1.4201,12.4471,0.747261,20.7972,0.42336,0,0.42336,460.49,0,1.00328,0,0,8.68052,7.67724,1.028160,1,0,94.314,0,0,0,94.314,0
81.7294,2.97629,0,0,3.38145,0.387508,0.36288,3.6288,61.308,0,0,0,4.21,0.175257,4.03475,0.66528,12.849,1,0.465946,0.36288,0,62.3586,3.78735,58.4682,0.84672,12.849,0.84672,3695.15,0,0,0,3.91391,1.42017,8.96236,0.876416,13.42,0.42336,0,0.42336,460.49,0,1.00333,0,0,4.91724,3.91391,1.028160,1,0,75.923,0,0,0,75.923,0
81.1719,2.93374,0,0,3.05081,0.311722,0.36288,3.6288,61.308,0,0,0,3.2854,0.188317,3.09709,0.66528,12.849,1,0.461224,0.36288,0,54.8213,4.18047,50.5425,0.84672,12.849,0.84672,3695.15,0,0,0,3.18596,1.42025,8.6413,0.995515,12.252,0.42336,0,0.42336,460.49,0,0.988311,0,0,4.17427,3.18596,1.028160,1,0,65.8916,0,0,0,65.8916,0
80.3759,2.93115,0,0,2.80812,0.310064,0.36288,3.6288,61.308,0,0,0,3.32749,0.188317,3.13917,0.66528,12.849,1,0.463983,0.36288,0,51.1921,4.18047,46.9105,0.84672,12.849,0.84672,3695.15,0,0,0,3.28467,1.39979,11.287,0.995515,14.976,0.42336,0,0.42336,460.49,0,0.988361,0,0,4.27303,3.28467,1.028160,1,0,65.0257,0,0,0,65.0257,0
81.2214,2.92734,0,0,4.44338,0.307696,0.36288,3.6288,61.308,0,0,0,4.13067,0.188317,3.94235,0.66528,12.849,1,0.467968,0.36288,0,66.5919,4.18047,62.3064,0.84672,12.849,0.84672,3695.15,0,0,0,4.01173,1.39986,9.81279,0.995515,14.2289,0.42336,0,0.42336,460.49,0,0.988411,0,0,5.00014,4.01173,1.028160,1,0,80.4776,0,0,0,80.4776,0
80.4889,2.93169,0,0,2.7931,0.230979,0.36288,3.6288,61.308,0,0,0,3.48177,0.200812,3.28096,0.66528,12.849,1,0.463786,0.36288,0,52.614,4.55973,47.9533,0.84672,12.849,0.84672,3695.15,0,0,0,3.29902,1.39993,8.68977,0.925307,12.4634,0.42336,0,0.42336,460.49,0,0.988461,0,0,4.28748,3.29902,1.028160,1,0,63.6977,0,0,0,63.6977,0
80.3275,3.0671,0,0,3.4277,0.159116,0.36288,3.6288,61.308,0.0137946,0,0,3.14419,0.248041,2.88236,0.66528,12.849,1,0.489623,0.36288,0,57.4714,5.3256,52.019,0.84672,12.849,0.84672,3695.15,0,0,0,3.25355,1.4,9.49475,1.26018,12.8881,0.42336,0,0.42336,460.49,0,1.02816,0,0,4.28171,3.25355,1.028160,1,0,67.7895,0,0,0,67.7895,0
79.7679,3.06641,0,0,3.0285,0.158868,0.36288,3.6288,61.308,0.0138472,0,0,2.9372,0.248041,2.67531,0.66528,12.849,1,0.490496,0.36288,0,52.8808,5.3256,47.4276,0.84672,12.849,0.84672,3695.15,0,0,0,2.89609,1.47154,8.46478,1.26018,11.5722,0.42336,0,0.42336,460.49,0,1.02816,0,0,3.92425,2.89609,1.028160,1,0,61.6751,0,0,0,61.6751,0
79.0824,3.0636,0,0,2.89906,0.158008,0.36288,3.6288,61.308,0.0138999,0,0,2.74435,0.248041,2.48241,0.66528,12.849,1,0.493485,0.36288,0,49.7102,5.3256,44.254,0.84672,12.849,0.84672,3695.15,0,0,0,2.55067,1.47162,7.83017,1.26018,10.5923,0.42336,0,0.42336,460.49,0,1.02816,0,0,3.57883,2.55067,1.028160,1,0,57.3287,0,0,0,57.3287,0
78.0825,3.06008,0,0,2.58002,0.156955,0.36288,3.6288,61.308,0.0139525,0,0,2.5179,0.248041,2.25591,0.66528,12.849,1,0.497189,0.36288,0,44.8279,5.3256,39.368,0.84672,12.849,0.84672,3695.15,0,0,0,2.23407,1.47169,7.54574,1.26018,9.99133,0.42336,0,0.42336,460.49,0,1.02816,0,0,3.26223,2.23407,1.028160,1,0,51.6153,0,0,0,51.6153,0
77.4946,3.05476,0,0,2.9058,0.0761162,0.36288,3.6288,61.308,0.014005,0,0,1.82129,0.270358,1.53692,0.66528,12.849,1,0.502682,0.36288,0,40.457,5.3622,34.955,0.84672,12.849,0.84672,3695.15,0,0,0,2.42463,1.47177,6.98224,1.31207,9.56657,0.42336,0,0.42336,460.49,0,1.02816,0,0,3.45279,2.42463,1.028160,1,0,46.0585,0,0,0,46.0585,0
76.8992,3.02431,0,0,2.86488,0.0730387,0.36288,3.6288,61.308,0.0434388,0,0,1.50053,0.266064,1.19102,0.66528,12.849,1,0.501447,0.36288,0,40.7582,5.2269,35.3927,0.84672,12.849,0.84672,3695.15,0,0,0,2.27587,1.47184,7.41113,1.29452,9.86432,0.42336,0,0.42336,460.49,0,1.02816,0,0,3.30403,2.27587,1.028160,1,0,46.448,0,0,0,46.448,0
76.0518,3.02114,0,0,2.60921,0.0726062,0.36288,3.6288,61.308,0.0434928,0,0,1.47769,0.266064,1.16813,0.66528,12.849,1,0.504799,0.36288,0,39.8103,5.2269,34.4414,0.84672,12.849,0.84672,3695.15,0,0,0,2.32605,1.48864,7.14891,1.29452,9.66908,0.42336,0,0.42336,460.49,0,1.02816,0,0,3.35421,2.32605,1.028160,1,0,45.2787,0,0,0,45.2787,0
74.952,3.01648,0,0,2.35157,0.0719908,0.36288,3.6288,61.308,0.0435469,0,0,1.37607,0.266064,1.06646,0.66528,12.849,1,0.509636,0.36288,0,36.8982,5.2269,31.5246,0.84672,12.849,0.84672,3695.15,0,0,0,1.89897,1.48872,6.80668,1.29452,8.89984,0.42336,0,0.42336,460.49,0,1.02816,0,0,2.92713,1.89897,1.028160,1,0,41.4909,0,0,0,41.4909,0
73.8125,3.01025,0,0,2.27395,0.0402948,0.36288,3.6288,61.308,0.043601,0,0,1.27587,0.318485,0.913782,0.66528,12.849,1,0.516046,0.36288,0,34.7005,5.90364,28.6437,0.84672,12.849,0.84672,3695.15,0,0,0,1.77934,1.4888,6.35684,1.50303,8.12194,0.42336,0,0.42336,460.49,0,1.02816,0,0,2.8075,1.77934,1.028160,1,0,37.6794,0,0,0,37.6794,0
72.7676,3.07371,0,0,2.42418,0.0325321,0.36288,3.6288,61.308,0.0698454,0,0,1.14331,0.334364,0.739105,0.66528,12.849,1,0.53506,0.36288,0,33.5771,6.11341,27.2915,0.84672,12.849,0.84672,3695.15,0,0,0,1.78934,1.48887,5.568,1.48333,7.36288,0.42336,0,0.42336,460.49,0,1.02816,0,0,2.8175,1.78934,1.028160,1,0,35.3935,0,0,0,35.3935,0
71.51,3.06734,0,0,2.20477,0.0321812,0.36288,3.6288,61.308,0.0699008,0,0,1.06474,0.334364,0.660477,0.66528,12.849,1,0.541618,0.36288,0,31.3015,6.11341,25.0094,0.84672,12.849,0.84672,3695.15,0,0,0,1.35018,1.5246,4.96219,1.48333,6.35365,0.42336,0,0.42336,460.49,0,1.02816,0,0,2.37834,1.35018,1.028160,1,0,32.0235,0,0,0,32.0235,0
70.4726,3.05942,0,0,2.40096,0.0159862,0.36288,3.6288,61.308,0.0699562,0,0,1.2568,0.332563,0.854281,0.66528,12.849,1,0.54972,0.36288,0,31.4496,6.22155,25.0412,0.84672,12.849,0.84672,3695.15,0,0,0,1.96904,1.52468,7.0163,1.50924,9.00078,0.42336,0,0.42336,460.49,0,1.02816,0,0,2.9972,1.96904,1.028160,1,0,34.8963,0,0,0,34.8963,0
69.4276,3.05273,0,0,2.37608,0.00551067,0.36288,3.6288,61.308,0.0700116,0,0,1.19362,0.303631,0.819982,0.66528,12.849,1,0.556592,0.36288,0,31.1602,6.34694,24.6196,0.84672,12.849,0.84672,3695.15,0,0,0,1.98895,1.52476,6.21927,1.56011,8.17287,0.42336,0,0.42336,460.49,0,1.02816,0,0,3.01711,1.98895,1.028160,1,0,33.6125,0,0,0,33.6125,0
68.2454,3.24923,0,0,2.44358,0.0137009,0.36288,3.6288,61.308,0.16462,0,0,0.914725,0.351303,0.398803,0.66528,12.849,1,0.601336,0.36288,0,27.9593,6.6099,21.1109,0.84672,12.849,0.84672,3695.15,0,0,0,1.28043,1.52483,5.15187,1.59566,6.36147,0.42336,0,0.42336,460.49,0,1.02816,0,0,2.30859,1.28043,1.028160,1,0,27.8712,0,0,0,27.8712,0
67.0505,3.24063,0,0,2.4204,0.0117732,0.36288,3.6288,61.308,0.16468,0,0,0.868475,0.34086,0.362935,0.66528,12.849,1,0.610134,0.36288,0,27.1891,6.68325,20.2586,0.84672,12.849,0.84672,3695.15,0,0,0,1.24681,1.64314,4.12094,1.62255,5.38835,0.42336,0,0.42336,460.49,0,1.02816,0,0,2.27497,1.24681,1.028160,1,0,26.0099,0,0,0,26.0099,0
65.5683,3.23166,0,0,2.12399,0.0116631,0.36288,3.6288,61.308,0.16474,0,0,0.837847,0.34086,0.332246,0.66528,12.849,1,0.619289,0.36288,0,34.5622,6.68325,27.6226,0.84672,12.849,0.84672,3695.15,0,0,0,1.14547,1.64322,3.95728,1.62255,5.12343,0.42336,0,0.42336,460.49,0,1.02816,0,0,2.17363,1.14547,1.028160,1,0,33.0783,0,0,0,33.0783,0
64.143,3.22012,0,0,2.16925,0.0115265,0.36288,3.6288,61.308,0.1648,0,0,0.961096,0.34086,0.455436,0.66528,12.849,1,0.631027,0.36288,0,29.9395,6.68325,22.9881,0.84672,12.849,0.84672,3695.15,0,0,0,1.26868,1.6433,4.10956,1.62255,5.399,0.42336,0,0.42336,460.49,0,1.02816,0,0,2.29684,1.26868,1.028160,1,0,28.8425,0,0,0,28.8425,0
62.965,3.2086,0,0,2.4038,0.0103394,0.36288,3.6288,61.308,0.16486,0,0,1.1678,0.336343,0.666596,0.66528,12.849,1,0.642741,0.36288,0,30.5319,6.33279,23.9192,0.84672,12.849,0.84672,3695.15,0,0,0,1.52345,1.64339,5.4487,1.60415,7.01139,0.42336,0,0.42336,460.49,0,1.02816,0,0,2.55161,1.52345,1.028160,1,0,31.5972,0,0,0,31.5972,0
61.9023,3.10118,0,0,2.44783,0.0465015,0.36288,3.6288,61.308,0.107516,0,0,1.27216,0.305352,0.859294,0.66528,12.849,1,0.632844,0.36288,0,24.8988,5.84908,18.7797,0.84672,12.849,0.84672,3695.15,0,0,0,0.820662,1.64347,4.9638,1.51449,5.91344,0.42336,0,0.42336,460.49,0,1.02816,0,0,1.84882,0.820662,1.028160,1,0,25.5524,0,0,0,25.5524,0
61.8197,3.09234,0,0,3.44626,0.0736406,0.36288,3.6288,61.308,0.107574,0,0,1.38069,0.284649,0.988466,0.66528,12.849,1,0.641874,0.36288,0,27.7907,5.68344,21.8283,0.84672,12.849,0.84672,3695.15,0,0,0,1.06324,1.57718,4.42315,1.4576,5.60597,0.42336,0,0.42336,460.49,0,1.02816,0,0,2.0914,1.06324,1.028160,1,0,28.4227,0,0,0,28.4227,0
63.0229,3.09178,0,0,4.73153,0.0735905,0.36288,3.6288,61.308,0.107631,0,0,2.23318,0.284649,1.8409,0.66528,12.849,1,0.642616,0.36288,0,53.3902,5.68344,47.427,0.84672,12.849,0.84672,3695.15,0,0,0,2.42378,1.57726,7.84887,1.4576,10.3923,0.42336,0,0.42336,460.49,0,1.02816,0,0,3.45194,2.42378,1.028160,1,0,59.6602,0,0,0,59.6602,0
63.0931,3.10213,0,0,3.62982,0.094699,0.36288,3.6288,61.308,0.107688,0,0,1.57453,0.275275,1.19156,0.66528,12.849,1,0.632457,0.36288,0,62.0611,5.61174,56.1798,0.84672,12.849,0.84672,3695.15,0,0,0,1.3912,1.57734,4.88666,1.44319,6.412,0.42336,0,0.42336,460.49,0,1.02816,0,0,2.41936,1.3912,1.028160,1,0,63.7834,0,0,0,63.7834,0
62.2358,3.02272,0,0,2.72067,0.192343,0.36288,3.6288,61.308,0.0554826,0,0,0.906206,0.200827,0.649897,0.66528,12.849,1,0.615581,0.36288,0,46.0278,3.96209,41.813,0.84672,12.849,0.84672,3695.15,0,0,0,0.527377,1.57742,3.86153,1.0197,4.94663,0.42336,0,0.42336,460.49,0,1.02816,0,0,1.55554,0.527377,1.028160,1,0,47.4095,0,0,0,47.4095,0
64.0478,3.01584,0,0,5.39696,0.206253,0.36288,3.6288,61.308,0.0555372,0,0,1.39535,0.191177,1.14864,0.66528,12.849,1,0.622641,0.36288,0,67.4425,3.74367,63.4391,0.84672,12.849,0.84672,3695.15,0,0,0,1.39793,1.51904,7.96406,0.970328,9.9107,0.42336,0,0.42336,460.49,0,1.02816,0,0,2.42609,1.39793,1.028160,1,0,74.4984,0,0,0,74.4984,0
65.2717,3.03066,0,0,4.82676,0.209323,0.36288,3.6288,61.308,0.0555919,0,0,1.27359,0.191177,1.02682,0.66528,12.849,1,0.607999,0.36288,0,92.4506,3.74367,88.4618,0.84672,12.849,0.84672,3695.15,0,0,0,1.02424,1.51912,7.29823,0.970328,8.87125,0.42336,0,0.42336,460.49,0,1.02816,0,0,2.0524,1.02424,1.028160,1,0,98.3599,0,0,0,98.3599,0
68.8225,3.04034,0,0,7.17634,0.222233,0.36288,3.6288,61.308,0.0556465,0,0,2.72989,0.195166,2.47908,0.66528,12.849,1,0.598504,0.36288,0,102.561,3.84159,98.4839,0.84672,12.849,0.84672,3695.15,0,0,0,1.5356,1.51919,8.9087,1.00783,10.9557,0.42336,0,0.42336,460.49,0,1.02816,0,0,2.56376,1.5356,1.028160,1,0,111.919,0,0,0,111.919,0
70.44,2.83558,0,0,5.06206,0.246166,0.36288,3.6288,61.308,0,0,0,1.50122,0.212148,1.28907,0.66528,12.849,1,0.529395,0.36288,0,99.4127,4.41894,94.8272,0.84672,12.849,0.84672,3695.15,0,0,0,0.981658,1.51927,9.21698,1.11431,10.6036,0.42336,0,0.42336,460.49,0,0.974991,0,0,1.95665,0.981658,1.028160,1,0,106.72,0,0,0,106.72,0
71.8819,2.846,0,0,4.89176,0.240955,0.36288,3.6288,61.308,0,0,0,1.6314,0.210988,1.42042,0.66528,12.849,1,0.51914,0.36288,0,96.7309,4.41725,92.1573,0.84672,12.849,0.84672,3695.15,0,0,0,1.44004,1.38387,10.2603,1.09455,11.9897,0.42336,0,0.42336,460.49,0,0.97504,0,0,2.41508,1.44004,1.028160,1,0,105.567,0,0,0,105.567,0
76.8112,2.85498,0,0,8.39082,0.243629,0.36288,3.6288,61.308,0,0,0,1.53569,0.210988,1.3247,0.66528,12.849,1,0.510332,0.36288,0,100.305,4.41725,95.7405,0.84672,12.849,0.84672,3695.15,0,0,0,1.70638,1.38394,10.3487,1.09455,12.3445,0.42336,0,0.42336,460.49,0,0.975089,0,0,2.68147,1.70638,1.028160,1,0,109.41,0,0,0,109.41,0
81.6254,2.88318,0,0,8.41173,0.351521,0.36288,3.6288,61.308,0,0,0,2.05956,0.206096,1.85346,0.66528,12.849,1,0.482299,0.36288,0,97.0704,4.00143,92.9495,0.84672,12.849,0.84672,3695.15,0,0,0,1.49124,1.38401,12.4273,1.0547,14.2478,0.42336,0,0.42336,460.49,0,0.975139,0,0,2.46638,1.49124,1.028160,1,0,109.051,0,0,0,109.051,0
88.8417,2.9079,0,0,10.9254,0.438269,0.36288,3.6288,61.308,0,0,0,2.18351,0.19578,1.98773,0.66528,12.849,1,0.457746,0.36288,0,90.6752,3.58326,86.997,0.84672,12.849,0.84672,3695.15,0,0,0,1.44432,1.38408,12.9157,1.05244,14.6917,0.42336,0,0.42336,460.49,0,0.975188,0,0,2.41951,1.44432,1.028160,1,0,103.676,0,0,0,103.676,0
89.0311,3.03264,0,0,4.07875,0.49382,0.36288,3.6288,61.308,0,0,0,0.851999,0.238438,0.613561,0.66528,12.849,1,0.438605,0.36288,0,49.3448,5.00818,44.2609,0.84672,12.849,0.84672,3695.15,0,0,0,0.959577,1.38415,6.73989,1.41614,7.66748,0.42336,0,0.42336,460.49,0,1.00677,0,0,1.96634,0.959577,1.028160,1,0,52.5419,0,0,0,52.5419,0
90.8847,3.03359,0,0,5.74472,0.494656,0.36288,3.6288,61.308,0,0,0,1.27927,0.238438,1.04084,0.66528,12.849,1,0.437808,0.36288,0,118.116,5.00818,113.033,0.84672,12.849,0.84672,3695.15,0,0,0,1.65093,1.42834,9.89211,1.41614,11.5552,0.42336,0,0.42336,460.49,0,1.00681,0,0,2.65774,1.65093,1.028160,1,0,125.629,0,0,0,125.629,0
94.7279,3.04154,0,0,7.75043,0.502835,0.36288,3.6288,61.308,0,0,0,1.80833,0.238438,1.56989,0.66528,12.849,1,0.430003,0.36288,0,97.2605,5.00818,92.1852,0.84672,12.849,0.84672,3695.15,0,0,0,2.3245,1.4284,11.7216,1.41614,14.0584,0.42336,0,0.42336,460.49,0,1.00685,0,0,3.33135,2.3245,1.028160,1,0,107.813,0,0,0,107.813,0
97.506,3.05703,0,0,12.8349,0.522187,6.4776,3.6288,61.308,0,0,0,2.99462,0.236683,2.75794,0.66528,12.849,1,0.414659,6.4776,0,264.716,4.91228,265.866,0.84672,12.849,0.84672,3695.15,0,0,0,3.87427,1.42846,16.6393,1.39032,20.5517,0.42336,0,0.42336,460.49,0,1.00689,0,0,4.88117,3.87427,1.028160,1,0,289.176,0,0,0,289.176,0
97.506,3.3668,0,0,7.56717,0.611144,3.58922,3.6288,61.308,0.0971704,0,0,2.4063,0.204918,2.10421,0.66528,12.849,1,0.443666,3.58922,0,199.259,3.68541,198.719,0.84672,12.849,0.84672,3695.15,0,0,0,4.2504,1.42852,16.8412,1.04161,21.4785,0.42336,0,0.42336,460.49,0,1.02816,0,0,5.27856,4.2504,1.028160,1,0,222.302,0,0,0,222.302,0
97.506,3.36695,0,0,15.2566,0.608865,11.2808,3.6288,61.308,0.097218,0,0,3.49695,0.173893,3.22584,0.66528,12.849,1,0.443684,11.2808,0,164.021,3.28482,171.573,0.84672,12.849,0.84672,3695.15,0,0,0,6.70267,1.58351,28.8233,0.957069,36.1524,0.42336,0,0.42336,460.49,0,1.02816,0,0,7.73083,6.70267,1.028160,1,0,210.951,0,0,0,210.951,0
97.506,3.0999,0,0,7.12216,0.608865,3.4134,3.6288,61.308,0.399665,0,0,2.02814,0.173893,1.45458,0.66528,12.849,1,0.408494,3.4134,0,300.323,3.28482,300.043,0.84672,12.849,0.84672,3695.15,0,0,0,3.64485,1.58358,17.054,0.957069,21.3253,0.42336,0,0.42336,460.49,0,1.02816,0,0,4.67301,3.64485,1.028160,1,0,322.823,0,0,0,322.823,0
97.506,3.10004,0,0,5.02863,0.612594,1.31599,3.6288,61.308,0.399713,0,0,1.48318,0.189966,0.893498,0.66528,12.849,1,0.408512,1.31599,0,135.327,3.47738,132.758,0.84672,12.849,0.84672,3695.15,0,0,0,2.76173,1.76061,11.6621,0.990352,15.1941,0.42336,0,0.42336,460.49,0,1.02816,0,0,3.78989,2.76173,1.028160,1,0,148.845,0,0,0,148.845,0
97.506,2.67335,0,0,7.97932,0.590024,4.71595,3.6288,61.308,0.240847,0,0,3.43045,0.110382,3.07922,0.66528,12.849,1,0.352284,4.71595,0,146.563,1.81734,149.109,0.84672,12.849,0.84672,3695.15,0,0,0,5.78453,1.76068,18.5217,0.565656,25.5013,0.42336,0,0.42336,460.49,0,1.02816,0,0,6.81269,5.78453,1.028160,1,0,177.69,0,0,0,177.69,0
97.506,2.67347,0,0,7.115,0.590024,3.8515,3.6288,61.308,0.240888,0,0,2.88708,0.110382,2.53581,0.66528,12.849,1,0.3523,3.8515,0,144.124,1.81734,145.806,0.84672,12.849,0.84672,3695.15,0,0,0,3.19041,1.54744,19.2777,0.565656,23.4498,0.42336,0,0.42336,460.49,0,1.02816,0,0,4.21857,3.19041,1.028160,1,0,171.791,0,0,0,171.791,0
97.506,2.67359,0,0,6.62608,0.53395,3.41853,3.6288,61.308,0.240929,0,0,2.93203,0.116774,2.57432,0.66528,12.849,1,0.352317,3.41853,0,159.457,2.18673,160.337,0.84672,12.849,0.84672,3695.15,0,0,0,5.14397,1.5475,16.1115,0.666911,22.1361,0.42336,0,0.42336,460.49,0,1.02816,0,0,6.17213,5.14397,1.028160,1,0,185.047,0,0,0,185.047,0
97.506,2.67372,0,0,7.83183,0.543807,4.61431,3.6288,61.308,0.24097,0,0,3.48156,0.126418,3.11417,0.66528,12.849,1,0.352333,4.61431,0,121.261,3.04716,122.475,0.84672,12.849,0.84672,3695.15,0,0,0,4.96835,1.54755,17.8047,0.755028,23.5656,0.42336,0,0.42336,460.49,0,1.02816,0,0,5.99651,4.96835,1.028160,1,0,149.155,0,0,0,149.155,0
97.506,2.67384,0,0,8.47117,0.567804,5.22953,3.6288,61.308,0.24101,0,0,4.2415,0.128827,3.87166,0.66528,12.849,1,0.35235,5.22953,0,130.297,2.93022,132.244,0.84672,12.849,0.84672,3695.15,0,0,0,4.60574,1.54761,15.9611,0.743927,21.3705,0.42336,0,0.42336,460.49,0,1.02816,0,0,5.6339,4.60574,1.028160,1,0,157.486,0,0,0,157.486,0
97.506,2.78143,0,0,8.957,0.587682,5.58789,3.6288,61.308,0.279936,0,0,5.55698,0.13872,5.13832,0.66528,12.849,1,0.366527,5.58789,0,159.132,2.85422,161.499,0.84672,12.849,0.84672,3695.15,0,0,0,7.90327,1.54767,22.0779,0.767204,30.7616,0.42336,0,0.42336,460.49,0,1.02816,0,0,8.93143,7.90327,1.028160,1,0,197.399,0,0,0,197.399,0
97.506,2.78156,0,0,6.26722,0.51093,2.97473,3.6288,61.308,0.279978,0,0,3.5347,0.162508,3.09222,0.66528,12.849,1,0.366544,2.97473,0,191.005,3.14506,190.468,0.84672,12.849,0.84672,3695.15,0,0,0,4.21996,1.60056,12.8406,0.824455,17.8367,0.42336,0,0.42336,460.49,0,1.02816,0,0,5.24812,4.21996,1.028160,1,0,211.397,0,0,0,211.397,0
97.506,2.78169,0,0,5.61756,0.407462,2.42841,3.6288,61.308,0.280021,0,0,2.80763,0.212249,2.31536,0.66528,12.849,1,0.366561,2.42841,0,137.104,3.17987,135.986,0.84672,12.849,0.84672,3695.15,0,0,0,3.56156,1.60062,11.365,0.963962,15.5632,0.42336,0,0.42336,460.49,0,1.02816,0,0,4.58972,3.56156,1.028160,1,0,153.864,0,0,0,153.864,0
97.506,2.78182,0,0,6.29662,0.395804,3.119,3.6288,61.308,0.280063,0,0,2.64409,0.220425,2.1436,0.66528,12.849,1,0.366578,3.119,0,122.648,3.41903,121.982,0.84672,12.849,0.84672,3695.15,0,0,0,4.26233,1.60068,13.5174,0.976278,18.4041,0.42336,0,0.42336,460.49,0,1.02816,0,0,5.29049,4.26233,1.028160,1,0,142.529,0,0,0,142.529,0
97.506,2.73992,0,0,6.06432,0.396981,2.92742,3.6288,61.308,0.265001,0,0,2.04609,0.224105,1.55698,0.66528,12.849,1,0.361057,2.92742,0,131.338,4.0509,129.854,0.84672,12.849,0.84672,3695.15,0,0,0,3.84592,1.60074,13.062,0.958482,17.5502,0.42336,0,0.42336,460.49,0,1.02816,0,0,4.87408,3.84592,1.028160,1,0,148.961,0,0,0,148.961,0
97.506,2.74005,0,0,5.73613,0.396981,2.5991,3.6288,61.308,0.265042,0,0,1.8676,0.224105,1.37845,0.66528,12.849,1,0.361074,2.5991,0,116.155,4.0509,114.342,0.84672,12.849,0.84672,3695.15,0,0,0,2.97019,1.58022,11.937,0.958482,15.529,0.42336,0,0.42336,460.49,0,1.02816,0,0,3.99835,2.97019,1.028160,1,0,131.25,0,0,0,131.25,0
97.506,2.74017,0,0,5.26799,0.396981,2.13084,3.6288,61.308,0.265084,0,0,1.74312,0.224105,1.25393,0.66528,12.849,1,0.361091,2.13084,0,106.549,4.0509,104.268,0.84672,12.849,0.84672,3695.15,0,0,0,2.87288,1.58028,10.1035,0.958482,13.5982,0.42336,0,0.42336,460.49,0,1.02816,0,0,3.90104,2.87288,1.028160,1,0,119.12,0,0,0,119.12,0
97.506,2.7403,0,0,4.87469,0.332421,1.80197,3.6288,61.308,0.265126,0,0,1.6468,0.255668,1.12601,0.66528,12.849,1,0.361107,1.80197,0,93.6922,4.32061,90.8124,0.84672,12.849,0.84672,3695.15,0,0,0,2.74776,1.58034,10.1256,0.949784,13.5039,0.42336,0,0.42336,460.49,0,1.02816,0,0,3.77592,2.74776,1.028160,1,0,105.442,0,0,0,105.442,0
97.506,2.8831,0,0,4.69732,0.305998,1.50822,3.6288,61.308,0.318743,0,0,1.36807,0.185895,0.863437,0.66528,12.849,1,0.379925,1.50822,0,83.1306,3.6155,80.6434,0.84672,12.849,0.84672,3695.15,0,0,0,2.64248,1.5804,9.46754,0.862047,12.8284,0.42336,0,0.42336,460.49,0,1.02816,0,0,3.67064,2.64248,1.028160,1,0,94.3352,0,0,0,94.3352,0
97.506,2.88323,0,0,4.43106,0.297883,1.24994,3.6288,61.308,0.318787,0,0,1.23238,0.175151,0.738445,0.66528,12.849,1,0.379942,1.24994,0,76.7413,3.54533,74.066,0.84672,12.849,0.84672,3695.15,0,0,0,2.22312,1.65211,8.84088,0.857164,11.8589,0.42336,0,0.42336,460.49,0,1.02816,0,0,3.25128,2.22312,1.028160,1,0,86.6634,0,0,0,86.6634,0
97.506,2.88337,0,0,4.19185,0.243595,1.06489,3.6288,61.308,0.318831,0,0,1.1687,0.220137,0.62973,0.66528,12.849,1,0.37996,1.06489,0,70.3944,4.15652,66.9228,0.84672,12.849,0.84672,3695.15,0,0,0,1.73461,1.65217,7.47179,1.02083,9.83774,0.42336,0,0.42336,460.49,0,1.02816,0,0,2.76277,1.73461,1.028160,1,0,77.3903,0,0,0,77.3903,0
97.506,2.8835,0,0,3.88752,0.171212,0.832806,3.6288,61.308,0.318875,0,0,1.10454,0.280118,0.505544,0.66528,12.849,1,0.379977,0.832806,0,66.7259,4.97144,62.2072,0.84672,12.849,0.84672,3695.15,0,0,0,1.60028,1.65223,6.97421,1.23904,8.98768,0.42336,0,0.42336,460.49,0,1.02816,0,0,2.62844,1.60028,1.028160,1,0,71.7005,0,0,0,71.7005,0
97.0191,2.88363,0,0,2.95364,0.194013,0.36288,3.6288,61.308,0.318919,0,0,0.959671,0.274239,0.366513,0.66528,12.849,1,0.379995,0.36288,0,51.7053,4.98391,46.7043,0.84672,12.849,0.84672,3695.15,0,0,0,1.16592,1.65229,6.68883,1.25079,8.25625,0.42336,0,0.42336,460.49,0,1.02816,0,0,2.19408,1.16592,1.028160,1,0,55.327,0,0,0,55.327,0
95.8725,2.85388,0,0,2.28037,0.210261,0.36288,3.6288,61.308,0.348415,0,0,0.838668,0.269829,0.220423,0.66528,12.849,1,0.377961,0.36288,0,43.1651,4.99328,38.1567,0.84672,12.849,0.84672,3695.15,0,0,0,0.809706,1.65236,6.97291,1.25961,8.17537,0.42336,0,0.42336,460.49,0,1.02816,0,0,1.83787,0.809706,1.028160,1,0,46.5525,0,0,0,46.5525,0
94.5277,2.85002,0,0,2.07643,0.208253,0.36288,3.6288,61.308,0.34846,0,0,0.830209,0.269829,0.211919,0.66528,12.849,1,0.381965,0.36288,0,42.8314,4.99328,37.8191,0.84672,12.849,0.84672,3695.15,0,0,0,0.812333,1.66919,6.71112,1.25961,7.93303,0.42336,0,0.42336,460.49,0,1.02816,0,0,1.84049,0.812333,1.028160,1,0,45.964,0,0,0,45.964,0
92.9923,2.84537,0,0,1.87871,0.205899,0.36288,3.6288,61.308,0.348506,0,0,0.770472,0.269829,0.152137,0.66528,12.849,1,0.386766,0.36288,0,38.4629,4.99328,33.4458,0.84672,12.849,0.84672,3695.15,0,0,0,0.584021,1.66925,6.43645,1.25961,7.43012,0.42336,0,0.42336,460.49,0,1.02816,0,0,1.61218,0.584021,1.028160,1,0,41.028,0,0,0,41.028,0
91.4022,2.83989,0,0,1.77034,0.157655,0.36288,3.6288,61.308,0.348551,0,0,0.704912,0.332607,0.0237538,0.66528,12.849,1,0.392395,0.36288,0,34.2262,5.81939,28.3773,0.84672,12.849,0.84672,3695.15,0,0,0,0.553098,1.66931,5.89573,1.55018,6.56796,0.42336,0,0.42336,460.49,0,1.02816,0,0,1.58126,0.553098,1.028160,1,0,34.969,0,0,0,34.969,0
89.7116,2.90636,0,0,1.73654,0.157868,0.36288,3.6288,61.2848,0.374849,0,0,0.677002,0.325355,0,0.66528,12.849,1,0.408566,0.36288,0,36.0304,5.83579,30.149,0.84672,12.849,0.84672,3695.15,0,0,0,0.450636,1.66938,4.90314,1.49034,5.53282,0.42336,0,0.42336,460.49,0,1.02816,0,0,1.4788,0.450636,1.028160,1,0,35.6818,0,0,0,35.6818,0
87.9393,2.89976,0,0,1.6458,0.155537,0.36288,3.6288,61.1903,0.374895,0,0,0.605688,0.325307,0,0.66528,12.849,1,0.41532,0.36288,0,31.8358,5.83579,25.9476,0.84672,12.849,0.84672,3695.15,0,0,0,0.59476,1.70518,5.12116,1.49034,5.93077,0.42336,0,0.42336,460.49,0,1.02816,0,0,1.62292,0.59476,1.028160,1,0,31.8783,0,0,0,31.8783,0
86.0692,2.89259,0,0,1.53852,0.153092,0.36288,3.6288,61.0506,0.374942,0,0,0.560393,0.325113,0,0.66528,12.849,1,0.422643,0.36288,0,30.2711,5.83579,24.3755,0.84672,12.849,0.84672,3695.15,0,0,0,0.455095,1.70525,4.49364,1.49034,5.16364,0.42336,0,0.42336,460.49,0,1.02816,0,0,1.48325,0.455095,1.028160,1,0,29.5392,0,0,0,29.5392,0
84.1889,2.88474,0,0,1.51785,0.150513,0.36288,3.6288,60.9571,0.374988,0,0,0.606294,0.324825,0,0.66528,12.849,1,0.430653,0.36288,0,28.0887,5.83579,22.1852,0.84672,12.849,0.84672,3695.15,0,0,0,0.555077,1.70531,5.08175,1.49034,5.8518,0.42336,0,0.42336,460.49,0,1.02816,0,0,1.58324,0.555077,1.028160,1,0,28.037,0,0,0,28.037,0
82.0948,3.08616,0,0,1.47205,0.117119,0.36288,3.6288,60.6201,0.469809,0,0,0.480275,0.347433,0,0.66528,12.849,1,0.471012,0.36288,0,25.6692,5.96704,19.594,0.84672,12.849,0.84672,3695.15,0,0,0,0.258751,1.70538,4.6913,1.54486,5.11056,0.42336,0,0.42336,460.49,0,1.02816,0,0,1.28691,0.258751,1.028160,1,0,24.7046,0,0,0,24.7046,0
80.1114,3.07591,0,0,1.57872,0.123333,0.36288,3.6288,60.3282,0.469859,0,0,0.526468,0.348572,0,0.66528,12.849,1,0.481423,0.36288,0,30.4853,5.81018,24.5566,0.84672,12.849,0.84672,3695.15,0,0,0,0.404058,1.82394,4.38553,1.52484,5.08869,0.42336,0,0.42336,460.49,0,1.02816,0,0,1.43222,0.404058,1.028160,1,0,29.6453,0,0,0,29.6453,0
77.83,3.06578,0,0,1.26828,0.121007,0.36288,3.6288,59.6529,0.708166,0,0,0.380791,0.347926,0,0.66528,12.849,1,0.491717,0.36288,0,29.789,5.81018,23.85,0.84672,12.849,0.84672,3695.15,0,0,0,0.204422,1.82401,3.52058,1.52484,4.02418,0.42336,0,0.42336,460.49,0,0.789903,0,0,0.994326,0.204422,1.028160,1,0,27.8742,0,0,0,27.8742,0
75.8748,3.05355,0,0,1.5795,0.118331,0.36288,3.6288,59.4873,0.46996,0,0,0.650837,0.346431,0,0.66528,12.849,1,0.504111,0.36288,0,27.2067,5.81018,21.2553,0.84672,12.849,0.84672,3695.15,0,0,0,0.852725,1.82408,5.44354,1.52484,6.5955,0.42336,0,0.42336,460.49,0,1.02816,0,0,1.88088,0.852725,1.028160,1,0,27.8508,0,0,0,27.8508,0
73.6534,3.04258,0,0,1.28827,0.104245,0.36288,3.6288,59.4123,0.47001,0,0,0.700677,0.305688,0,0.66528,12.849,1,0.515244,0.36288,0,20.6335,4.72207,15.7591,0.84672,12.849,0.84672,3695.15,0,0,0,0.948758,1.82415,5.01219,1.19531,6.5898,0.42336,0,0.42336,460.49,0,1.02816,0,0,1.97692,0.948758,1.028160,1,0,22.3489,0,0,0,22.3489,0
71.6153,2.92919,0,0,1.32831,0.0742847,0.36288,3.6288,59.1496,0.412525,0,0,0.449202,0.299415,0,0.66528,12.849,1,0.511005,0.36288,0,20.0118,4.56519,15.2985,0.84672,12.849,0.84672,3695.15,0,0,0,0.398667,1.82422,3.29326,1.25961,4.25654,0.42336,0,0.42336,460.49,0,1.02816,0,0,1.42683,0.398667,1.028160,1,0,19.555,0,0,0,19.555,0
69.3624,2.917,0,0,1.08054,0.0535839,0.36288,3.6288,58.6772,0.543175,0,0,0.369726,0.298912,0,0.66528,12.849,1,0.523359,0.36288,0,18.3767,4.56519,13.651,0.84672,12.849,0.84672,3695.15,0,0,0,0.216518,1.75777,2.97561,1.25961,3.69028,0.42336,0,0.42336,460.49,0,0.897558,0,0,1.11408,0.216518,1.028160,1,0,17.3413,0,0,0,17.3413,0
67.7526,2.90279,0,0,1.78527,0.129427,0.36288,3.6288,58.5861,0.412621,0,0,0.559887,0.238371,0,0.66528,12.849,1,0.537726,0.36288,0,26.1627,3.73467,22.2532,0.84672,12.849,0.84672,3695.15,0,0,0,0.387919,1.75783,3.94198,1.00002,5.08772,0.42336,0,0.42336,460.49,0,1.02816,0,0,1.41608,0.387919,1.028160,1,0,27.3409,0,0,0,27.3409,0
68.295,2.89218,0,0,3.98221,0.184664,0.36288,3.6288,58.8704,0.412669,0,0,0.890543,0.19353,0,0.66528,12.849,1,0.548491,0.36288,0,66.853,3.11178,63.5556,0.84672,12.849,0.84672,3695.15,0,0,0,0.938943,1.7579,8.42644,0.805324,10.318,0.42336,0,0.42336,460.49,0,1.02816,0,0,1.9671,0.938943,1.028160,1,0,73.8735,0,0,0,73.8735,0
68.248,2.8146,0,0,3.30374,0.173283,0.36288,3.6288,59.2899,0.360336,0,0,0.938747,0.158916,0,0.66528,12.849,1,0.529537,0.36288,0,40.5676,4.2819,36.1191,0.84672,12.849,0.84672,3695.15,0,0,0,0.711258,1.75797,4.60943,0.963237,6.11542,0.42336,0,0.42336,460.49,0,1.02816,0,0,1.73942,0.711258,1.028160,1,0,42.2345,0,0,0,42.2345,0
67.3667,2.81442,0,0,2.46916,0.17322,0.36288,3.6288,59.7576,0.360382,0,0,0.987371,0.159344,0,0.66528,12.849,1,0.529868,0.36288,0,28.4912,4.2819,24.0423,0.84672,12.849,0.84672,3695.15,0,0,0,0.885177,1.69944,3.59494,0.963237,5.21632,0.42336,0,0.42336,460.49,0,1.02816,0,0,1.91334,0.885177,1.028160,1,0,29.2586,0,0,0,29.2586,0
67.1852,2.80873,0,0,3.20324,0.213088,0.36288,3.6288,59.9666,0.360427,0,0,0.742909,0.173483,0,0.66528,12.849,1,0.535715,0.36288,0,38.0627,4.51386,33.376,0.84672,12.849,0.84672,3695.15,0,0,0,0.37846,1.69951,6.19202,1.01739,7.2526,0.42336,0,0.42336,460.49,0,1.02816,0,0,1.40662,0.37846,1.028160,1,0,40.6286,0,0,0,40.6286,0
71.0194,2.80764,0,0,7.24827,0.243536,0.36288,3.6288,60.5575,0.360473,0,0,1.13534,0.183974,0,0.66528,12.849,1,0.536954,0.36288,0,113.399,4.68783,108.537,0.84672,12.849,0.84672,3695.15,0,0,0,1.7158,1.69957,5.45514,1.05801,7.81251,0.42336,0,0.42336,460.49,0,1.02816,0,0,2.74396,1.7158,1.028160,1,0,116.35,0,0,0,116.35,0
71.2107,2.59973,0,0,3.42405,0.270177,0.36288,3.6288,60.6025,0.251406,0,0,0.472429,0.176001,0,0.66528,12.849,1,0.470349,0.36288,0,54.8541,4.05325,50.6934,0.84672,12.849,0.84672,3695.15,0,0,0,0.368816,1.69964,5.76792,1.06216,6.77421,0.42336,0,0.42336,460.49,0,1.02816,0,0,1.39698,0.368816,1.028160,1,0,57.4676,0,0,0,57.4676,0
74.1129,2.60092,0,0,6.14428,0.278292,0.36288,3.6288,61.308,0.251447,0,0,1.1939,0.172584,0.064363,0.66528,12.849,1,0.469301,0.36288,0,107.795,3.79943,103.889,0.84672,12.849,0.84672,3695.15,0,0,0,2.0796,1.56393,9.04081,1.06382,11.6205,0.42336,0,0.42336,460.49,0,1.02816,0,0,3.10776,2.0796,1.028160,1,0,115.574,0,0,0,115.574,0
83.0186,2.6167,0,0,12.2742,0.388836,0.36288,3.6288,61.308,0.251488,0,0,1.16557,0.173357,0.740725,0.66528,12.849,1,0.45366,0.36288,0,143.227,3.79943,139.337,0.84672,12.849,0.84672,3695.15,0,0,0,1.8966,1.56398,10.1784,1.06382,12.5751,0.42336,0,0.42336,460.49,0,1.02816,0,0,2.92476,1.8966,1.028160,1,0,152.653,0,0,0,152.653,0
85.9392,2.65897,0,0,6.37529,0.43281,0.36288,3.6288,61.308,0.25153,0,0,0.873608,0.166317,0.455761,0.66528,12.849,1,0.411535,0.36288,0,140.636,3.86733,136.72,0.84672,12.849,0.84672,3695.15,0,0,0,1.36437,1.56404,8.56362,1.00604,10.486,0.42336,0,0.42336,460.49,0,1.02816,0,0,2.39253,1.36437,1.028160,1,0,147.662,0,0,0,147.662,0
88.5358,2.67126,0,0,6.05445,0.423737,0.36288,3.6288,61.308,0.251571,0,0,0.951221,0.166602,0.533048,0.66528,12.849,1,0.399387,0.36288,0,104.465,3.67074,100.757,0.84672,12.849,0.84672,3695.15,0,0,0,1.06622,1.5641,8.13368,0.924717,9.83928,0.42336,0,0.42336,460.49,0,1.02816,0,0,2.09438,1.06622,1.028160,1,0,111.13,0,0,0,111.13,0
96.0573,2.77388,0,0,11.0091,0.350861,0.36288,3.6288,61.308,0.28321,0,0,2.08968,0.19078,1.61569,0.66528,12.849,1,0.402567,0.36288,0,89.7731,2.95292,86.7805,0.84672,12.849,0.84672,3695.15,0,0,0,1.44574,1.56416,15.2101,0.914004,17.306,0.42336,0,0.42336,460.49,0,1.02816,0,0,2.4739,1.44574,1.028160,1,0,105.702,0,0,0,105.702,0
97.506,2.80179,0,0,6.19251,0.374507,1.56751,3.6288,61.308,0.283244,0,0,1.20605,0.19078,0.732024,0.66528,12.849,1,0.374778,1.56751,0,107.381,2.95292,105.62,0.84672,12.849,0.84672,3695.15,0,0,0,1.34539,1.60843,12.3406,0.914004,14.3804,0.42336,0,0.42336,460.49,0,1.02816,0,0,2.37355,1.34539,1.028160,1,0,120.733,0,0,0,120.733,0
97.506,2.80681,0,0,5.00153,0.379062,1.81566,3.6288,61.308,0.283279,0,0,0.9727,0.19078,0.498641,0.66528,12.849,1,0.369872,1.81566,0,79.7334,2.95292,78.2262,0.84672,12.849,0.84672,3695.15,0,0,0,0.999216,1.60848,9.46305,0.914004,11.1567,0.42336,0,0.42336,460.49,0,1.02816,0,0,2.02738,0.999216,1.028160,1,0,89.8816,0,0,0,89.8816,0
97.506,2.80692,0,0,4.59789,0.45772,1.33325,3.6288,61.308,0.283313,0,0,1.05017,0.193624,0.57323,0.66528,12.849,1,0.369886,1.33325,0,65.6925,3.15277,63.5031,0.84672,12.849,0.84672,3695.15,0,0,0,0.808739,1.60853,8.80926,1.01303,10.2135,0.42336,0,0.42336,460.49,0,1.02816,0,0,1.8369,0.808739,1.028160,1,0,74.2898,0,0,0,74.2898,0
97.506,3.10687,0,0,6.77827,0.405258,3.26614,3.6288,61.308,0.401997,0,0,2.03424,0.237675,1.39457,0.66528,12.849,1,0.409413,3.26614,0,114.188,3.68576,113.359,0.84672,12.849,0.84672,3695.15,0,0,0,2.21588,1.60858,17.4371,1.14527,20.1163,0.42336,0,0.42336,460.49,0,1.02816,0,0,3.24404,2.21588,1.028160,1,0,134.87,0,0,0,134.87,0
97.506,3.10699,0,0,6.25489,0.388913,2.759,3.6288,61.308,0.402035,0,0,1.78848,0.246284,1.14016,0.66528,12.849,1,0.409428,2.759,0,125.427,3.81056,123.966,0.84672,12.849,0.84672,3695.15,0,0,0,2.00539,1.76389,15.9737,1.20024,18.5428,0.42336,0,0.42336,460.49,0,1.02816,0,0,3.03355,2.00539,1.028160,1,0,143.649,0,0,0,143.649,0
97.506,3.1071,0,0,7.80123,0.398435,4.29569,3.6288,61.308,0.402073,0,0,2.05267,0.210823,1.43978,0.66528,12.849,1,0.409443,4.29569,0,120.261,3.49571,120.652,0.84672,12.849,0.84672,3695.15,0,0,0,2.36802,1.76394,17.0566,1.05567,20.1329,0.42336,0,0.42336,460.49,0,1.02816,0,0,3.39618,2.36802,1.028160,1,0,142.224,0,0,0,142.224,0
97.506,3.10721,0,0,5.90438,0.458836,2.33833,3.6288,61.308,0.402111,0,0,1.63919,0.21748,1.0196,0.66528,12.849,1,0.409458,2.33833,0,130.203,3.44999,128.682,0.84672,12.849,0.84672,3695.15,0,0,0,1.77736,1.764,14.4242,1.07776,16.8878,0.42336,0,0.42336,460.49,0,1.02816,0,0,2.80552,1.77736,1.028160,1,0,146.589,0,0,0,146.589,0
97.506,2.67959,0,0,4.49455,0.506609,1.30835,3.6288,61.308,0.242899,0,0,1.41237,0.212641,0.956832,0.66528,12.849,1,0.353107,1.30835,0,65.86,3.72845,63.0868,0.84672,12.849,0.84672,3695.15,0,0,0,0.784693,1.76405,7.81485,0.990752,9.37285,0.42336,0,0.42336,460.49,0,1.02816,0,0,1.81285,0.784693,1.028160,1,0,73.4165,0,0,0,73.4165,0
97.506,2.67969,0,0,3.76731,0.514572,0.573049,3.6288,61.308,0.242932,0,0,1.63503,0.211835,1.18027,0.66528,12.849,1,0.35312,0.573049,0,68.0714,3.77486,64.5164,0.84672,12.849,0.84672,3695.15,0,0,0,0.829604,1.55035,8.19072,0.976251,9.59442,0.42336,0,0.42336,460.49,0,1.02816,0,0,1.85776,0.829604,1.028160,1,0,75.2911,0,0,0,75.2911,0
97.506,2.67979,0,0,5.7629,0.514572,2.56854,3.6288,61.308,0.242965,0,0,1.95002,0.211835,1.49522,0.66528,12.849,1,0.353133,2.56854,0,119.69,3.77486,118.13,0.84672,12.849,0.84672,3695.15,0,0,0,1.02253,1.55039,10.2306,0.976251,11.8273,0.42336,0,0.42336,460.49,0,1.02816,0,0,2.05069,1.02253,1.028160,1,0,131.453,0,0,0,131.453,0
97.506,2.67989,0,0,6.93403,0.514572,3.73957,3.6288,61.308,0.242997,0,0,1.75446,0.211835,1.29963,0.66528,12.849,1,0.353146,3.73957,0,124.01,3.77486,123.621,0.84672,12.849,0.84672,3695.15,0,0,0,1.1272,1.55044,11.3691,0.976251,13.0705,0.42336,0,0.42336,460.49,0,1.02816,0,0,2.15536,1.1272,1.028160,1,0,137.992,0,0,0,137.992,0
97.506,2.67999,0,0,4.59111,0.528238,1.38289,3.6288,61.308,0.24303,0,0,1.66018,0.235008,1.18214,0.66528,12.849,1,0.353159,1.38289,0,83.4598,4.76956,79.72,0.84672,12.849,0.84672,3695.15,0,0,0,0.865814,1.55049,9.09058,1.1794,10.3275,0.42336,0,0.42336,460.49,0,1.02816,0,0,1.89397,0.865814,1.028160,1,0,91.2296,0,0,0,91.2296,0
97.506,2.78777,0,0,6.39213,0.571199,3.03316,3.6288,61.308,0.282028,0,0,2.47715,0.188167,2.00695,0.66528,12.849,1,0.367363,3.03316,0,121.372,4.3681,119.67,0.84672,12.849,0.84672,3695.15,0,0,0,1.95331,1.55053,10.6041,0.979321,13.1286,0.42336,0,0.42336,460.49,0,1.02816,0,0,2.98147,1.95331,1.028160,1,0,134.805,0,0,0,134.805,0
97.506,2.78788,0,0,5.63426,0.571199,2.27518,3.6288,61.308,0.282063,0,0,2.41947,0.188167,1.94924,0.66528,12.849,1,0.367377,2.27518,0,105.659,4.3681,103.199,0.84672,12.849,0.84672,3695.15,0,0,0,1.67317,1.60352,9.80009,0.979321,12.0975,0.42336,0,0.42336,460.49,0,1.02816,0,0,2.70133,1.67317,1.028160,1,0,117.246,0,0,0,117.246,0
97.506,2.78798,0,0,4.30676,0.571199,0.947575,3.6288,61.308,0.282097,0,0,1.83992,0.188167,1.36966,0.66528,12.849,1,0.36739,0.947575,0,78.8754,4.3681,75.0875,0.84672,12.849,0.84672,3695.15,0,0,0,0.938062,1.60357,7.1839,0.979321,8.74621,0.42336,0,0.42336,460.49,0,1.02816,0,0,1.96622,0.938062,1.028160,1,0,85.2034,0,0,0,85.2034,0
97.506,2.78808,0,0,3.9024,0.509953,0.604366,3.6288,61.308,0.282131,0,0,1.56297,0.20437,1.07647,0.66528,12.849,1,0.367404,0.604366,0,69.8708,4.44504,65.6627,0.84672,12.849,0.84672,3695.15,0,0,0,0.911511,1.60362,6.51767,1.00135,8.03145,0.42336,0,0.42336,460.49,0,1.02816,0,0,1.93967,0.911511,1.028160,1,0,74.7707,0,0,0,74.7707,0
97.3392,2.74608,0,0,3.47188,0.529741,0.36288,3.6288,61.308,0.267029,0,0,1.27554,0.207389,0.801122,0.66528,12.849,1,0.361868,0.36288,0,58.6217,4.12125,54.5015,0.84672,12.849,0.84672,3695.15,0,0,0,1.30904,1.60367,5.98167,1.03472,7.85966,0.42336,0,0.42336,460.49,0,1.02816,0,0,2.3372,1.30904,1.028160,1,0,63.1622,0,0,0,63.1622,0
96.6917,2.74563,0,0,2.99007,0.529008,0.36288,3.6288,61.308,0.267063,0,0,1.18353,0.207389,0.709081,0.66528,12.849,1,0.36243,0.36288,0,52.5766,4.12125,48.4558,0.84672,12.849,0.84672,3695.15,0,0,0,1.05238,1.58309,5.59227,1.03472,7.19302,0.42336,0,0.42336,460.49,0,1.02816,0,0,2.08054,1.05238,1.028160,1,0,56.3579,0,0,0,56.3579,0
96.1145,2.74359,0,0,3.05545,0.526163,0.36288,3.6288,61.308,0.267097,0,0,1.09992,0.207389,0.625438,0.66528,12.849,1,0.364586,0.36288,0,53.4381,4.12125,49.3151,0.84672,12.849,0.84672,3695.15,0,0,0,0.602916,1.58314,5.85613,1.03472,7.00747,0.42336,0,0.42336,460.49,0,1.02816,0,0,1.63108,0.602916,1.028160,1,0,56.948,0,0,0,56.948,0
95.6681,2.74176,0,0,3.09266,0.434431,0.36288,3.6288,61.308,0.26713,0,0,1.11362,0.231623,0.614865,0.66528,12.849,1,0.36653,0.36288,0,55.0254,4.43649,50.5853,0.84672,12.849,0.84672,3695.15,0,0,0,0.816143,1.58319,5.73398,1.10316,7.03015,0.42336,0,0.42336,460.49,0,1.02816,0,0,1.8443,0.816143,1.028160,1,0,58.2303,0,0,0,58.2303,0
94.7434,2.883,0,0,2.69041,0.369239,0.36288,3.6288,61.308,0.320847,0,0,0.901757,0.236576,0.344334,0.66528,12.849,1,0.38721,0.36288,0,44.9332,4.36377,40.5451,0.84672,12.849,0.84672,3695.15,0,0,0,0.740664,1.58324,4.84581,1.11707,6.05264,0.42336,0,0.42336,460.49,0,1.02816,0,0,1.76882,0.740664,1.028160,1,0,46.9421,0,0,0,46.9421,0
93.6959,2.87978,0,0,2.56267,0.367587,0.36288,3.6288,61.308,0.320882,0,0,0.815892,0.231288,0.263723,0.66528,12.849,1,0.390552,0.36288,0,40.3852,4.24011,36.1174,0.84672,12.849,0.84672,3695.15,0,0,0,0.530496,1.65508,4.65197,1.1021,5.73545,0.42336,0,0.42336,460.49,0,1.02816,0,0,1.55866,0.530496,1.028160,1,0,42.1166,0,0,0,42.1166,0
92.4213,2.87604,0,0,2.2807,0.316378,0.36288,3.6288,61.308,0.320918,0,0,0.774438,0.250174,0.203346,0.66528,12.849,1,0.394407,0.36288,0,35.7274,4.45431,31.2416,0.84672,12.849,0.84672,3695.15,0,0,0,0.464944,1.65513,4.52538,1.15683,5.48862,0.42336,0,0.42336,460.49,0,1.02816,0,0,1.4931,0.464944,1.028160,1,0,36.9336,0,0,0,36.9336,0
91.069,2.87137,0,0,2.15931,0.277361,0.36288,3.6288,61.308,0.320953,0,0,0.74215,0.264339,0.156858,0.66528,12.849,1,0.399197,0.36288,0,34.0425,4.61496,29.3913,0.84672,12.849,0.84672,3695.15,0,0,0,0.376765,1.65518,4.47544,1.19788,5.30951,0.42336,0,0.42336,460.49,0,1.02816,0,0,1.40492,0.376765,1.028160,1,0,34.8576,0,0,0,34.8576,0
89.6555,2.86628,0,0,2.07553,0.259789,0.36288,3.6288,61.308,0.320989,0,0,0.68491,0.260111,0.10381,0.66528,12.849,1,0.404407,0.36288,0,33.0018,4.65006,28.3102,0.84672,12.849,0.84672,3695.15,0,0,0,0.340554,1.65523,4.19885,1.16725,5.02738,0.42336,0,0.42336,460.49,0,1.02816,0,0,1.36871,0.340554,1.028160,1,0,33.4414,0,0,0,33.4414,0
88.1217,2.83282,0,0,1.89956,0.237709,0.36288,3.6288,61.308,0.350534,0,0,0.659569,0.254474,0.0545614,0.66528,12.849,1,0.405987,0.36288,0,31.8785,4.69686,27.1385,0.84672,12.849,0.84672,3695.15,0,0,0,0.409743,1.65528,3.56989,1.12642,4.50849,0.42336,0,0.42336,460.49,0,1.02816,0,0,1.4379,0.409743,1.028160,1,0,31.7016,0,0,0,31.7016,0
86.4162,2.82676,0,0,1.71868,0.234475,0.36288,3.6288,61.2453,0.420373,0,0,0.612107,0.254474,0,0.66528,12.849,1,0.412169,0.36288,0,28.6272,4.69686,23.881,0.84672,12.849,0.84672,3695.15,0,0,0,0.30119,1.67213,3.42386,1.12642,4.27076,0.42336,0,0.42336,460.49,0,0.958357,0,0,1.25955,0.30119,1.028160,1,0,28.1518,0,0,0,28.1518,0
84.6847,2.81978,0,0,1.63741,0.186287,0.36288,3.6288,61.1299,0.374341,0,0,0.579162,0.320161,0,0.66528,12.849,1,0.419266,0.36288,0,25.934,5.54376,20.3338,0.84672,12.849,0.84672,3695.15,0,0,0,0.261274,1.67218,3.24388,1.43555,3.74178,0.42336,0,0.42336,460.49,0,1.00443,0,0,1.2657,0.261274,1.028160,1,0,24.0756,0,0,0,24.0756,0
82.787,2.81244,0,0,1.45367,0.176027,0.36288,3.6288,60.9316,0.408989,0,0,0.541534,0.330884,0,0.66528,12.849,1,0.426725,0.36288,0,23.7195,5.68491,17.9707,0.84672,12.849,0.84672,3695.15,0,0,0,0.261274,1.67223,3.13695,1.48708,3.58338,0.42336,0,0.42336,460.49,0,0.969814,0,0,1.23109,0.261274,1.028160,1,0,21.5541,0,0,0,21.5541,0
80.9547,2.87563,0,0,1.55733,0.15112,0.36288,3.6288,60.6529,0.556367,0,0,0.601447,0.32372,0,0.66528,12.849,1,0.446314,0.36288,0,26.9534,5.71841,21.1516,0.84672,12.849,0.84672,3695.15,0,0,0,0.261274,1.67228,3.12229,1.42404,3.6318,0.42336,0,0.42336,460.49,0,0.848776,0,0,1.11005,0.261274,1.028160,1,0,24.7834,0,0,0,24.7834,0
79.0264,2.86702,0,0,1.45007,0.148504,0.36288,3.6288,60.3851,0.466531,0,0,0.521793,0.323149,0,0.66528,12.849,1,0.455049,0.36288,0,22.8221,5.71841,17.0116,0.84672,12.849,0.84672,3695.15,0,0,0,0.261274,1.70815,3.15108,1.42404,3.69645,0.42336,0,0.42336,460.49,0,0.93865,0,0,1.19992,0.261274,1.028160,1,0,20.708,0,0,0,20.708,0
77.0008,2.85757,0,0,1.34067,0.145751,0.36288,3.6288,59.9337,0.612593,0,0,0.483888,0.322599,0,0.66528,12.849,1,0.464617,0.36288,0,21.8843,5.71841,16.0641,0.84672,12.849,0.84672,3695.15,0,0,0,0.261274,1.7082,2.73985,1.42404,3.28528,0.42336,0,0.42336,460.49,0,0.792625,0,0,1.0539,0.261274,1.028160,1,0,19.3494,0,0,0,19.3494,0
75.0253,2.84721,0,0,1.37046,0.135867,0.36288,3.6288,59.7103,0.436564,0,0,0.537377,0.324241,0,0.66528,12.849,1,0.475108,0.36288,0,20.8142,5.79318,14.9088,0.84672,12.849,0.84672,3695.15,0,0,0,0.227405,1.70825,3.38896,1.43898,3.88563,0.42336,0,0.42336,460.49,0,0.968691,0,0,1.1961,0.227405,1.028160,1,0,18.7944,0,0,0,18.7944,0
72.6231,3.04332,0,0,1.13578,0.131802,0.36288,3.6288,59.2613,0.630156,0,0,0.481884,0.300786,0,0.66528,12.849,1,0.521205,0.36288,0,18.9962,5.95583,12.882,0.84672,12.849,0.84672,3695.15,0,0,0,0.227405,1.7083,3.37763,1.44634,3.867,0.42336,0,0.42336,460.49,0,0.870091,0,0,1.0975,0.227405,1.028160,1,0,16.749,0,0,0,16.749,0
69.8904,3.02878,0,0,0.793705,0.1348,0.36288,3.6288,58.5811,0.766009,0,0,0.38568,0.299813,0,0.66528,12.849,1,0.535874,0.36288,0,16.5778,6.01713,10.3877,0.84672,12.849,0.84672,3695.15,0,0,0,0.227405,1.82708,2.80219,1.42467,3.43201,0.42336,0,0.42336,460.49,0,0.734279,0,0,0.961684,0.227405,1.028160,1,0,13.8197,0,0,0,13.8197,0
67.2296,3.01119,0,0,0.810277,0.0969891,0.36288,3.6288,57.8468,0.805197,0,0,0.369367,0.298507,0,0.66528,12.849,1,0.553593,0.36288,0,15.2947,6.01713,9.08686,0.84672,12.849,0.84672,3695.15,0,0,0,0.227405,1.82714,2.87276,1.42467,3.50263,0.42336,0,0.42336,460.49,0,0.695131,0,0,0.922536,0.227405,1.028160,1,0,12.5895,0,0,0,12.5895,0
64.9814,2.99291,0,0,1.20752,0.0998896,0.36288,3.6288,57.3946,0.593394,0,0,0.437291,0.296048,0,0.66528,12.849,1,0.572008,0.36288,0,19.6882,5.98744,13.4917,0.84672,12.849,0.84672,3695.15,0,0,0,0.204422,1.82719,3.14844,1.42103,3.75903,0.42336,0,0.42336,460.49,0,0.906975,0,0,1.1114,0.204422,1.028160,1,0,17.2507,0,0,0,17.2507,0
63.4038,2.9765,0,0,1.87291,0.111127,0.36288,3.6288,57.2976,0.472249,0,0,0.649534,0.274306,0,0.66528,12.849,1,0.588553,0.36288,0,28.0912,5.93185,21.9337,0.84672,12.849,0.84672,3695.15,0,0,0,0.423438,1.82725,4.68178,1.42407,5.5084,0.42336,0,0.42336,460.49,0,1.02816,0,0,1.4516,0.423438,1.028160,1,0,27.4421,0,0,0,27.4421,0
61.4384,2.86631,0,0,1.34245,0.0786579,0.36288,3.6288,57.1523,0.414647,0,0,0.510167,0.240844,0,0.66528,12.849,1,0.580867,0.36288,0,40.7124,6.10449,34.3899,0.84672,12.849,0.84672,3695.15,0,0,0,0.448813,1.82731,4.68228,1.48811,5.47029,0.42336,0,0.42336,460.49,0,1.02816,0,0,1.47697,0.448813,1.028160,1,0,39.8602,0,0,0,39.8602,0
59.2479,2.85105,0,0,1.10076,0.0774,0.36288,3.6288,56.7486,0.62894,0,0,0.465867,0.240617,0,0.66528,12.849,1,0.596257,0.36288,0,23.6186,6.10449,17.2807,0.84672,12.849,0.84672,3695.15,0,0,0,0.204422,1.76071,3.34598,1.48811,3.823,0.42336,0,0.42336,460.49,0,0.813905,0,0,1.01833,0.204422,1.028160,1,0,21.1037,0,0,0,21.1037,0
58.6149,2.83303,0,0,2.70824,0.145347,0.36288,3.6288,56.8291,0.414724,0,0,0.741007,0.245734,0,0.66528,12.849,1,0.614396,0.36288,0,31.4458,5.64129,25.553,0.84672,12.849,0.84672,3695.15,0,0,0,1.26112,1.76077,8.70305,1.38855,10.3364,0.42336,0,0.42336,460.49,0,1.02816,0,0,2.28928,1.26112,1.028160,1,0,35.8894,0,0,0,35.8894,0
57.9068,2.58104,0,0,2.41721,0.18135,0.36288,3.6288,57.0793,0.323301,0,0,0.832913,0.259426,0,0.66528,12.849,1,0.565792,0.36288,0,52.9159,5.44478,47.2682,0.84672,12.849,0.84672,3695.15,0,0,0,0.729717,1.76082,6.52172,1.31917,7.69309,0.42336,0,0.42336,460.49,0,1.02816,0,0,1.75788,0.729717,1.028160,1,0,54.9613,0,0,0,54.9613,0
58.7289,2.69436,0,0,4.08758,0.208266,0.36288,3.6288,57.5322,0.344873,0,0,1.00073,0.203014,0,0.66528,12.849,1,0.597855,0.36288,0,64.766,4.06787,60.4632,0.84672,12.849,0.84672,3695.15,0,0,0,0.777349,1.63386,4.72205,1.07789,6.05536,0.42336,0,0.42336,460.49,0,1.02816,0,0,1.80551,0.777349,1.028160,1,0,66.5186,0,0,0,66.5186,0
59.4813,2.70133,0,0,4.03128,0.214667,0.36288,3.6288,57.8642,0.344909,0,0,0.87105,0.19411,0,0.66528,12.849,1,0.59101,0.36288,0,68.5489,3.83838,64.4824,0.84672,12.849,0.84672,3695.15,0,0,0,0.853822,1.67777,6.63388,1.03768,8.12778,0.42336,0,0.42336,460.49,0,1.02816,0,0,1.88198,0.853822,1.028160,1,0,72.6102,0,0,0,72.6102,0
61.1311,2.70758,0,0,4.93647,0.216231,0.36288,3.6288,58.474,0.344945,0,0,1.14928,0.194528,0,0.66528,12.849,1,0.584884,0.36288,0,77.1872,3.83838,73.1268,0.84672,12.849,0.84672,3695.15,0,0,0,0.88922,1.67782,6.91799,1.03768,8.44734,0.42336,0,0.42336,460.49,0,1.02816,0,0,1.91738,0.88922,1.028160,1,0,81.5741,0,0,0,81.5741,0
62.3302,2.76914,0,0,4.55057,0.219447,0.36288,3.6288,59.3743,0.362435,0,0,1.458,0.195294,0,0.66528,12.849,1,0.58204,0.36288,0,65.9765,3.83838,61.919,0.84672,12.849,0.84672,3695.15,0,0,0,1.51756,1.67787,9.54495,1.03768,11.7027,0.42336,0,0.42336,460.49,0,1.02816,0,0,2.54572,1.51756,1.028160,1,0,73.6217,0,0,0,73.6217,0
63.3978,2.55039,0,0,4.23415,0.253253,0.36288,3.6288,60.0692,0.253162,0,0,1.15344,0.205379,0,0.66528,12.849,1,0.525748,0.36288,0,65.5944,3.89562,61.5359,0.84672,12.849,0.84672,3695.15,0,0,0,1.19144,1.70238,8.67019,1.03124,10.5328,0.42336,0,0.42336,460.49,0,1.02816,0,0,2.2196,1.19144,1.028160,1,0,72.0686,0,0,0,72.0686,0
63.8426,2.33256,0,0,3.40262,0.262404,0.36288,3.6288,61.1423,0.17469,0,0,1.45547,0.207699,0,0.66528,12.849,1,0.472747,0.36288,0,50.4574,4.3532,45.9944,0.84672,12.849,0.84672,3695.15,0,0,0,1.15329,1.56642,10.4633,1.1146,12.0684,0.42336,0,0.42336,460.49,0,1.02816,0,0,2.18145,1.15329,1.028160,1,0,58.0628,0,0,0,58.0628,0
67.2996,2.33539,0,0,6.41867,0.263354,0.36288,3.6288,61.308,0.174721,0,0,2.50422,0.209119,1.95464,0.66528,12.849,1,0.470023,0.36288,0,135.175,4.3532,130.714,0.84672,12.849,0.84672,3695.15,0,0,0,2.15404,1.45504,13.0025,1.1146,15.497,0.42336,0,0.42336,460.49,0,1.02816,0,0,3.1822,2.15404,1.028160,1,0,148.166,0,0,0,148.166,0
70.2325,2.35575,0,0,5.90786,0.256328,0.36288,3.6288,61.308,0.174751,0,0,2.02179,0.214486,1.63255,0.66528,12.849,1,0.449766,0.36288,0,117.625,3.60937,113.929,0.84672,12.849,0.84672,3695.15,0,0,0,3.26027,1.45508,12.5975,1.02268,16.2901,0.42336,0,0.42336,460.49,0,1.02816,0,0,4.28843,3.26027,1.028160,1,0,131.851,0,0,0,131.851,0
71.7973,2.37172,0,0,4.56429,0.264879,0.36288,3.6288,61.308,0.174782,0,0,1.20137,0.210576,0.816008,0.66528,12.849,1,0.433905,0.36288,0,90.3061,3.59953,86.6356,0.84672,12.849,0.84672,3695.15,0,0,0,1.70174,1.45512,11.1531,1.01072,13.2993,0.42336,0,0.42336,460.49,0,1.02816,0,0,2.7299,1.70174,1.028160,1,0,100.751,0,0,0,100.751,0
74.2069,2.46241,0,0,5.53446,0.299537,0.36288,3.6288,61.308,0.203928,0,0,0.917138,0.171334,0.541876,0.66528,12.849,1,0.440678,0.36288,0,79.0577,3.75164,75.2283,0.84672,12.849,0.84672,3695.15,0,0,0,2.32815,1.45517,10.5558,0.972024,13.3671,0.42336,0,0.42336,460.49,0,1.02816,0,0,3.35631,2.32815,1.028160,1,0,89.1373,0,0,0,89.1373,0
78.8085,2.47468,0,0,7.87404,0.43491,0.36288,3.6288,61.308,0.203952,0,0,1.28407,0.206018,0.874099,0.66528,12.849,1,0.428493,0.36288,0,138.481,4.84355,133.572,0.84672,12.849,0.84672,3695.15,0,0,0,2.94655,1.49595,13.9576,1.31656,17.0835,0.42336,0,0.42336,460.49,0,1.02816,0,0,3.97471,2.94655,1.028160,1,0,151.53,0,0,0,151.53,0
84.6365,2.73656,0,0,9.38287,0.455483,0.36288,3.6288,61.308,0.285034,0,0,2.34612,0.206018,1.85507,0.66528,12.849,1,0.446171,0.36288,0,157.181,4.84355,152.255,0.84672,12.849,0.84672,3695.15,0,0,0,4.92994,1.49598,19.8521,1.31656,24.9615,0.42336,0,0.42336,460.49,0,1.02816,0,0,5.9581,4.92994,1.028160,1,0,179.071,0,0,0,179.071,0
90.2799,2.76331,0,0,9.25119,0.481539,0.36288,3.6288,61.308,0.28506,0,0,3.21586,0.206018,2.72478,0.66528,12.849,1,0.41951,0.36288,0,300.175,4.84355,295.275,0.84672,12.849,0.84672,3695.15,0,0,0,5.87878,1.61102,21.6333,1.31656,27.8065,0.42336,0,0.42336,460.49,0,1.02816,0,0,6.90694,5.87878,1.028160,1,0,325.806,0,0,0,325.806,0
93.5402,3.08394,0,0,7.23911,0.531971,0.36288,3.6288,61.308,0.403939,0,0,2.88124,0.193715,2.28359,0.66528,12.849,1,0.438919,0.36288,0,180.719,4.03377,176.61,0.84672,12.849,0.84672,3695.15,0,0,0,4.9625,1.61105,16.8252,1.16642,22.2323,0.42336,0,0.42336,460.49,0,1.02816,0,0,5.99066,4.9625,1.028160,1,0,201.126,0,0,0,201.126,0
97.506,3.09748,0,0,8.14216,0.557643,0.521279,3.6288,61.308,0.403968,0,0,3.72591,0.188793,3.13315,0.66528,12.849,1,0.42548,0.521279,0,205.315,3.70986,201.701,0.84672,12.849,0.84672,3695.15,0,0,0,7.66334,1.76662,22.8341,1.10637,31.1576,0.42336,0,0.42336,460.49,0,1.02816,0,0,8.6915,7.66334,1.028160,1,0,235.992,0,0,0,235.992,0
97.506,3.11286,0,0,7.24645,0.584404,3.54919,3.6288,61.308,0.403997,0,0,3.18279,0.162529,2.61626,0.66528,12.849,1,0.410201,3.54919,0,159.988,3.25617,159.871,0.84672,12.849,0.84672,3695.15,0,0,0,5.74402,1.76666,19.539,0.976278,26.0734,0.42336,0,0.42336,460.49,0,1.02816,0,0,6.77218,5.74402,1.028160,1,0,188.56,0,0,0,188.56,0
97.506,3.11294,0,0,5.73642,0.585703,2.03777,3.6288,61.308,0.404026,0,0,1.75478,0.158152,1.1926,0.66528,12.849,1,0.410213,2.03777,0,109.855,3.18056,108.302,0.84672,12.849,0.84672,3695.15,0,0,0,3.86371,1.76671,11.7749,0.954597,16.4507,0.42336,0,0.42336,460.49,0,1.02816,0,0,4.89187,3.86371,1.028160,1,0,125.945,0,0,0,125.945,0
97.506,2.68456,0,0,8.6035,0.568263,5.35067,3.6288,61.308,0.244535,0,0,2.74445,0.177605,2.32231,0.66528,12.849,1,0.353763,5.35067,0,102.614,3.38786,104.223,0.84672,12.849,0.84672,3695.15,0,0,0,4.98839,1.76675,15.672,0.967075,21.4601,0.42336,0,0.42336,460.49,0,1.02816,0,0,6.01655,4.98839,1.028160,1,0,128.005,0,0,0,128.005,0
97.506,2.68464,0,0,8.1013,0.561288,4.85537,3.6288,61.308,0.24456,0,0,2.56151,0.185387,2.13156,0.66528,12.849,1,0.353773,4.85537,0,135.505,3.47077,136.535,0.84672,12.849,0.84672,3695.15,0,0,0,3.9237,1.55267,13.1265,0.972067,17.6308,0.42336,0,0.42336,460.49,0,1.02816,0,0,4.95186,3.9237,1.028160,1,0,156.298,0,0,0,156.298,0
97.506,2.68472,0,0,5.48901,0.54181,2.26248,3.6288,61.308,0.244585,0,0,1.7701,0.17937,1.34615,0.66528,12.849,1,0.353782,2.26248,0,109.312,3.38358,107.837,0.84672,12.849,0.84672,3695.15,0,0,0,3.07157,1.5527,11.854,0.959542,15.5187,0.42336,0,0.42336,460.49,0,1.02816,0,0,4.09973,3.07157,1.028160,1,0,124.702,0,0,0,124.702,0
97.506,2.68479,0,0,7.462,0.424947,4.35226,3.6288,61.308,0.24461,0,0,2.1099,0.143273,1.72201,0.66528,12.849,1,0.353792,4.35226,0,111.831,2.86041,112.969,0.84672,12.849,0.84672,3695.15,0,0,0,3.83327,1.55274,12.705,0.884389,17.2066,0.42336,0,0.42336,460.49,0,1.02816,0,0,4.86143,3.83327,1.028160,1,0,131.898,0,0,0,131.898,0
97.506,2.68487,0,0,8.26184,0.453019,5.12396,3.6288,61.308,0.244635,0,0,2.72709,0.149908,2.33254,0.66528,12.849,1,0.353802,5.12396,0,136.725,3.0408,138.455,0.84672,12.849,0.84672,3695.15,0,0,0,3.90653,1.55277,12.2618,0.873606,16.8475,0.42336,0,0.42336,460.49,0,1.02816,0,0,4.93469,3.90653,1.028160,1,0,157.635,0,0,0,157.635,0
97.506,2.79281,0,0,9.69667,0.523199,6.38067,3.6288,61.308,0.283689,0,0,3.58562,0.166496,3.13543,0.66528,12.849,1,0.368026,6.38067,0,127.071,3.49177,129.592,0.84672,12.849,0.84672,3695.15,0,0,0,3.71584,1.55281,11.8692,0.846649,16.2912,0.42336,0,0.42336,460.49,0,1.02816,0,0,4.744,3.71584,1.028160,1,0,149.019,0,0,0,149.019,0
97.506,2.79289,0,0,9.52379,0.523199,6.2077,3.6288,61.308,0.283715,0,0,3.03903,0.166496,2.58882,0.66528,12.849,1,0.368037,6.2077,0,100.88,3.49177,103.228,0.84672,12.849,0.84672,3695.15,0,0,0,3.93739,1.60587,18.166,0.846649,22.8626,0.42336,0,0.42336,460.49,0,1.02816,0,0,4.96555,3.93739,1.028160,1,0,128.679,0,0,0,128.679,0
97.506,2.79296,0,0,12.1654,0.506728,8.86569,3.6288,61.308,0.28374,0,0,3.54696,0.147568,3.11565,0.66528,12.849,1,0.368047,8.86569,0,165.331,2.65647,171.172,0.84672,12.849,0.84672,3695.15,0,0,0,5.24634,1.60591,21.5088,0.698052,27.663,0.42336,0,0.42336,460.49,0,1.02816,0,0,6.2745,5.24634,1.028160,1,0,201.951,0,0,0,201.951,0
97.506,2.79304,0,0,8.40888,0.434118,5.18172,3.6288,61.308,0.283766,0,0,2.87384,0.181439,2.40863,0.66528,12.849,1,0.368057,5.18172,0,93.8563,2.85747,95.8125,0.84672,12.849,0.84672,3695.15,0,0,0,3.97258,1.60595,12.6367,0.788315,17.4269,0.42336,0,0.42336,460.49,0,1.02816,0,0,5.00074,3.97258,1.028160,1,0,115.648,0,0,0,115.648,0
97.506,2.75094,0,0,5.73755,0.354586,2.63202,3.6288,61.308,0.268632,0,0,1.70258,0.226157,1.20779,0.66528,12.849,1,0.362509,2.63202,0,70.4212,4.25586,68.4348,0.84672,12.849,0.84672,3695.15,0,0,0,2.29537,1.60598,8.75949,1.05578,11.6051,0.42336,0,0.42336,460.49,0,1.02816,0,0,3.32353,2.29537,1.028160,1,0,81.2477,0,0,0,81.2477,0
97.506,2.75102,0,0,4.534,0.354586,1.42839,3.6288,61.308,0.268657,0,0,1.28294,0.226157,0.788131,0.66528,12.849,1,0.36252,1.42839,0,56.4265,4.25586,53.2366,0.84672,12.849,0.84672,3695.15,0,0,0,1.62742,1.58536,6.92004,1.05578,9.07704,0.42336,0,0.42336,460.49,0,1.02816,0,0,2.65558,1.62742,1.028160,1,0,63.1017,0,0,0,63.1017,0
97.506,2.7511,0,0,3.90479,0.354586,0.799106,3.6288,61.308,0.268683,0,0,1.1904,0.226157,0.695562,0.66528,12.849,1,0.36253,0.799106,0,50.6079,4.25586,46.7887,0.84672,12.849,0.84672,3695.15,0,0,0,1.33578,1.5854,6.46958,1.05578,8.33498,0.42336,0,0.42336,460.49,0,1.02816,0,0,2.36394,1.33578,1.028160,1,0,55.8192,0,0,0,55.8192,0
97.506,2.75117,0,0,3.99014,0.354586,0.884383,3.6288,61.308,0.268708,0,0,1.10631,0.226157,0.611444,0.66528,12.849,1,0.36254,0.884383,0,51.4369,4.25586,47.7029,0.84672,12.849,0.84672,3695.15,0,0,0,0.825085,1.58543,6.77468,1.05578,8.12943,0.42336,0,0.42336,460.49,0,1.02816,0,0,1.85325,0.825085,1.028160,1,0,56.4438,0,0,0,56.4438,0
97.506,2.89444,0,0,4.07354,0.347834,0.831265,3.6288,61.308,0.322501,0,0,1.06278,0.212999,0.52728,0.66528,12.849,1,0.381419,0.831265,0,51.9073,4.54948,47.8077,0.84672,12.849,0.84672,3695.15,0,0,0,0.823789,1.58547,6.01636,1.06047,7.36515,0.42336,0,0.42336,460.49,0,1.02816,0,0,1.85195,0.823789,1.028160,1,0,55.7001,0,0,0,55.7001,0
97.506,2.89452,0,0,3.62749,0.300764,0.432205,3.6288,61.308,0.322528,0,0,1.06909,0.196539,0.550021,0.66528,12.849,1,0.381429,0.432205,0,44.8902,4.77429,40.1667,0.84672,12.849,0.84672,3695.15,0,0,0,1.15743,1.65742,5.79091,1.05211,7.55364,0.42336,0,0.42336,460.49,0,1.02816,0,0,2.18559,1.15743,1.028160,1,0,48.2704,0,0,0,48.2704,0
97.4611,2.8946,0,0,3.37722,0.164624,0.36288,3.6288,61.308,0.322555,0,0,0.946218,0.2247,0.398963,0.66528,12.849,1,0.38144,0.36288,0,43.7476,5.15214,38.5769,0.84672,12.849,0.84672,3695.15,0,0,0,1.01261,1.65745,5.40358,1.12813,6.94551,0.42336,0,0.42336,460.49,0,1.02816,0,0,2.04077,1.01261,1.028160,1,0,45.9214,0,0,0,45.9214,0
97.1106,2.89452,0,0,3.07145,0.164563,0.36288,3.6288,61.308,0.322582,0,0,0.764122,0.2247,0.21684,0.66528,12.849,1,0.381606,0.36288,0,39.823,5.15214,34.6521,0.84672,12.849,0.84672,3695.15,0,0,0,0.699106,1.65749,4.83099,1.12813,6.05945,0.42336,0,0.42336,460.49,0,1.02816,0,0,1.72727,0.699106,1.028160,1,0,40.9284,0,0,0,40.9284,0
96.7225,2.89339,0,0,3.0343,0.166175,0.36288,3.6288,61.308,0.322609,0,0,0.734901,0.241874,0.170418,0.66528,12.849,1,0.382833,0.36288,0,40.2318,5.1951,35.0168,0.84672,12.849,0.84672,3695.15,0,0,0,0.794526,1.65753,5.12224,1.18995,6.38435,0.42336,0,0.42336,460.49,0,1.02816,0,0,1.82269,0.794526,1.028160,1,0,41.5715,0,0,0,41.5715,0
96.2223,2.86382,0,0,2.89741,0.17085,0.36288,3.6288,61.308,0.352191,0,0,0.966902,0.28481,0.329902,0.66528,12.849,1,0.380441,0.36288,0,47.4564,5.3025,42.1363,0.84672,12.849,0.84672,3695.15,0,0,0,1.17421,1.65757,6.0001,1.34449,7.48739,0.42336,0,0.42336,460.49,0,1.02816,0,0,2.20237,1.17421,1.028160,1,0,49.9536,0,0,0,49.9536,0
95.5128,2.86215,0,0,2.68567,0.170136,0.36288,3.6288,61.308,0.352218,0,0,0.912548,0.28481,0.27552,0.66528,12.849,1,0.382196,0.36288,0,43.0915,5.3025,37.7697,0.84672,12.849,0.84672,3695.15,0,0,0,1.01106,1.67443,5.9253,1.34449,7.26631,0.42336,0,0.42336,460.49,0,1.02816,0,0,2.03922,1.01106,1.028160,1,0,45.3115,0,0,0,45.3115,0
94.7316,2.85973,0,0,2.61048,0.169124,0.36288,3.6288,61.308,0.352246,0,0,0.862531,0.28481,0.225475,0.66528,12.849,1,0.38471,0.36288,0,38.7341,5.3025,33.4097,0.84672,12.849,0.84672,3695.15,0,0,0,0.825448,1.67447,5.83965,1.34449,6.99508,0.42336,0,0.42336,460.49,0,1.02816,0,0,1.85361,0.825448,1.028160,1,0,40.6303,0,0,0,40.6303,0
93.8729,2.85702,0,0,2.49434,0.133127,0.36288,3.6288,61.308,0.352274,0,0,0.826122,0.30258,0.171269,0.66528,12.849,1,0.387514,0.36288,0,35.64,5.45436,30.161,0.84672,12.849,0.84672,3695.15,0,0,0,0.701292,1.67451,5.70384,1.43444,6.6452,0.42336,0,0.42336,460.49,0,1.02816,0,0,1.72945,0.701292,1.028160,1,0,36.9775,0,0,0,36.9775,0
92.9564,2.92679,0,0,2.48906,0.115882,0.36288,3.6288,61.308,0.378644,0,0,1.02766,0.339609,0.309405,0.66528,12.849,1,0.40061,0.36288,0,37.7688,5.90881,31.8223,0.84672,12.849,0.84672,3695.15,0,0,0,0.631869,1.67455,4.7549,1.50149,5.55983,0.42336,0,0.42336,460.49,0,1.02816,0,0,1.66003,0.631869,1.028160,1,0,37.6915,0,0,0,37.6915,0
91.7999,2.92341,0,0,2.24633,0.116578,0.36288,3.6288,61.308,0.378672,0,0,0.832188,0.34356,0.109955,0.66528,12.849,1,0.404091,0.36288,0,37.4136,5.96558,31.4068,0.84672,12.849,0.84672,3695.15,0,0,0,0.64336,1.71045,4.64872,1.50142,5.50111,0.42336,0,0.42336,460.49,0,1.02816,0,0,1.67152,0.64336,1.028160,1,0,37.0179,0,0,0,37.0179,0
90.5046,2.91902,0,0,2.10204,0.115416,0.36288,3.6288,61.308,0.378701,0,0,0.770308,0.34356,0.0480475,0.66528,12.849,1,0.408568,0.36288,0,33.7751,5.96558,27.7639,0.84672,12.849,0.84672,3695.15,0,0,0,0.571631,1.71049,4.14895,1.50142,4.92965,0.42336,0,0.42336,460.49,0,1.02816,0,0,1.59979,0.571631,1.028160,1,0,32.7416,0,0,0,32.7416,0
89.0434,2.91398,0,0,1.92979,0.114114,0.36288,3.6288,61.308,0.378729,0,0,0.761832,0.34356,0.0395434,0.66528,12.849,1,0.4137,0.36288,0,30.8745,5.96558,24.8581,0.84672,12.849,0.84672,3695.15,0,0,0,0.440234,1.71053,4.05782,1.50142,4.70716,0.42336,0,0.42336,460.49,0,1.02816,0,0,1.46839,0.440234,1.028160,1,0,29.6048,0,0,0,29.6048,0
87.4303,3.12,0,0,1.98205,0.112305,0.36288,3.6288,61.2803,0.473851,0,0,0.77686,0.330679,0,0.66528,12.849,1,0.450218,0.36288,0,27.3484,5.98434,21.2767,0.84672,12.849,0.84672,3695.15,0,0,0,0.632889,1.71057,5.13383,1.5424,5.93489,0.42336,0,0.42336,460.49,0,1.02816,0,0,1.66105,0.632889,1.028160,1,0,27.2116,0,0,0,27.2116,0
85.4488,3.11285,0,0,1.63198,0.137694,0.36288,3.6288,61.121,0.473882,0,0,0.632175,0.317651,0,0.66528,12.849,1,0.457473,0.36288,0,22.6846,5.75705,16.8329,0.84672,12.849,0.84672,3695.15,0,0,0,0.336856,1.82951,3.34766,1.53658,3.97745,0.42336,0,0.42336,460.49,0,1.02816,0,0,1.36502,0.336856,1.028160,1,0,20.8104,0,0,0,20.8104,0
83.1564,3.10371,0,0,1.30939,0.135225,0.36288,3.6288,60.6663,0.634479,0,0,0.497099,0.317331,0,0.66528,12.849,1,0.466707,0.36288,0,26.6821,5.75705,20.8213,0.84672,12.849,0.84672,3695.15,0,0,0,0.227405,1.82956,2.78088,1.53658,3.30126,0.42336,0,0.42336,460.49,0,0.867594,0,0,1.095,0.227405,1.028160,1,0,24.1225,0,0,0,24.1225,0
81.1192,3.09265,0,0,1.55075,0.132368,0.36288,3.6288,60.6347,0.473943,0,0,0.758809,0.316418,0,0.66528,12.849,1,0.477864,0.36288,0,22.9017,5.75705,17.0297,0.84672,12.849,0.84672,3695.15,0,0,0,0.61903,1.8296,3.76058,1.53658,4.67262,0.42336,0,0.42336,460.49,0,1.02816,0,0,1.64719,0.61903,1.028160,1,0,21.7023,0,0,0,21.7023,0
78.8792,3.08238,0,0,1.33915,0.133946,0.36288,3.6288,60.4142,0.473974,0,0,0.550195,0.296742,0,0.66528,12.849,1,0.488238,0.36288,0,23.2621,5.2715,17.8652,0.84672,12.849,0.84672,3695.15,0,0,0,0.244261,1.82964,3.96259,1.35918,4.67731,0.42336,0,0.42336,460.49,0,1.02816,0,0,1.27242,0.244261,1.028160,1,0,22.5425,0,0,0,22.5425,0
77.3091,2.96892,0,0,1.89115,0.12942,0.36288,3.6288,60.1626,0.504476,0,0,0.527705,0.274797,0,0.66528,12.849,1,0.483621,0.36288,0,27.9965,4.94602,22.9298,0.84672,12.849,0.84672,3695.15,0,0,0,0.204422,1.82968,4.68556,1.30216,5.41751,0.42336,0,0.42336,460.49,0,0.939963,0,0,1.14439,0.204422,1.028160,1,0,28.3473,0,0,0,28.3473,0
75.4133,2.96058,0,0,1.55503,0.127427,0.36288,3.6288,60.2095,0.416308,0,0,0.737573,0.274357,0,0.66528,12.849,1,0.492057,0.36288,0,27.178,4.94602,22.1028,0.84672,12.849,0.84672,3695.15,0,0,0,0.924273,1.76298,5.29023,1.30216,6.67532,0.42336,0,0.42336,460.49,0,1.02816,0,0,1.95243,0.924273,1.028160,1,0,28.7781,0,0,0,28.7781,0
73.2656,2.95009,0,0,1.29031,0.12502,0.36288,3.6288,59.6815,0.650257,0,0,0.396702,0.274439,0,0.66528,12.849,1,0.50264,0.36288,0,26.0404,4.94602,20.9547,0.84672,12.849,0.84672,3695.15,0,0,0,0.216518,1.76302,3.93981,1.30216,4.6172,0.42336,0,0.42336,460.49,0,0.794241,0,0,1.01076,0.216518,1.028160,1,0,25.5719,0,0,0,25.5719,0
71.6177,2.93764,0,0,1.85583,0.203179,0.36288,3.6288,59.4189,0.522068,0,0,0.487956,0.228501,0,0.66528,12.849,1,0.51519,0.36288,0,30.3917,4.32314,25.9163,0.84672,12.849,0.84672,3695.15,0,0,0,0.216518,1.76306,4.33534,1.10746,5.20746,0.42336,0,0.42336,460.49,0,0.922458,0,0,1.13898,0.216518,1.028160,1,0,31.1237,0,0,0,31.1237,0
70.0589,2.84542,0,0,1.83831,0.188837,0.36288,3.6288,59.3817,0.363845,0,0,0.538452,0.211791,0,0.66528,12.849,1,0.510499,0.36288,0,37.4039,4.17402,33.0822,0.84672,12.849,0.84672,3695.15,0,0,0,0.339094,1.7631,6.59555,0.975106,7.72264,0.42336,0,0.42336,460.49,0,1.02816,0,0,1.36725,0.339094,1.028160,1,0,40.8049,0,0,0,40.8049,0
67.7964,2.8359,0,0,1.13496,0.198654,0.36288,3.6288,58.7262,0.717025,0,0,0.287876,0.22635,0,0.66528,12.849,1,0.520112,0.36288,0,17.0657,4.47384,12.4347,0.84672,12.849,0.84672,3695.15,0,0,0,0.216518,1.70436,3.62391,1.06072,4.48407,0.42336,0,0.42336,460.49,0,0.675009,0,0,0.891527,0.216518,1.028160,1,0,16.9187,0,0,0,16.9187,0
65.9142,2.82139,0,0,1.49725,0.195185,0.36288,3.6288,58.792,0.363901,0,0,0.655064,0.2254,0,0.66528,12.849,1,0.534718,0.36288,0,22.8328,4.47384,18.1872,0.84672,12.849,0.84672,3695.15,0,0,0,1.24502,1.7044,6.44144,1.06072,8.33013,0.42336,0,0.42336,460.49,0,1.02816,0,0,2.27318,1.24502,1.028160,1,0,26.5173,0,0,0,26.5173,0
66.6021,2.80869,0,0,4.05176,0.192299,0.36288,3.6288,59.7252,0.363929,0,0,1.52261,0.225495,0,0.66528,12.849,1,0.547512,0.36288,0,68.196,4.47384,63.5375,0.84672,12.849,0.84672,3695.15,0,0,0,3.07877,1.70444,11.2269,1.06072,14.9494,0.42336,0,0.42336,460.49,0,1.02816,0,0,4.10693,3.07877,1.028160,1,0,78.4869,0,0,0,78.4869,0
65.5005,2.58252,0,0,2.09539,0.25159,0.36288,3.6288,60.1909,0.254498,0,0,0.919927,0.199755,0,0.66528,12.849,1,0.498225,0.36288,0,34.1988,3.95364,30.1098,0.84672,12.849,0.84672,3695.15,0,0,0,1.0774,1.70448,6.02599,0.941764,7.8661,0.42336,0,0.42336,460.49,0,1.02816,0,0,2.10556,1.0774,1.028160,1,0,37.9759,0,0,0,37.9759,0
67.2175,2.34877,0,0,4.67947,0.250824,0.36288,3.6288,60.6936,0.175912,0,0,0.897178,0.21855,0,0.66528,12.849,1,0.460751,0.36288,0,110.475,4.02181,106.356,0.84672,12.849,0.84672,3695.15,0,0,0,2.28019,1.56831,7.19887,0.998938,10.0484,0.42336,0,0.42336,460.49,0,1.02816,0,0,3.30835,2.28019,1.028160,1,0,116.404,0,0,0,116.404,0
69.2729,2.35872,0,0,5.03125,0.254269,0.36288,3.6288,61.308,0.175935,0,0,1.26789,0.219249,0.258284,0.66528,12.849,1,0.450883,0.36288,0,114.219,4.02181,110.11,0.84672,12.849,0.84672,3695.15,0,0,0,2.27413,1.45677,7.84434,0.998938,10.5763,0.42336,0,0.42336,460.49,0,1.02816,0,0,3.30229,2.27413,1.028160,1,0,120.944,0,0,0,120.944,0
69.253,2.37007,0,0,2.9827,0.269654,0.36288,3.6288,61.308,0.175958,0,0,0.661253,0.174715,0.31058,0.66528,12.849,1,0.43961,0.36288,0,80.058,3.52681,76.4544,0.84672,12.849,0.84672,3695.15,0,0,0,1.27024,1.4568,6.27356,0.864725,8.13587,0.42336,0,0.42336,460.49,0,1.02816,0,0,2.2984,1.27024,1.028160,1,0,84.9009,0,0,0,84.9009,0
68.3555,2.37003,0,0,2.10697,0.271488,0.36288,3.6288,61.308,0.175981,0,0,0.473781,0.16715,0.130651,0.66528,12.849,1,0.43973,0.36288,0,45.4559,3.44432,41.9347,0.84672,12.849,0.84672,3695.15,0,0,0,0.633234,1.45684,6.08456,0.842357,7.33228,0.42336,0,0.42336,460.49,0,1.02816,0,0,1.66139,0.633234,1.028160,1,0,49.3977,0,0,0,49.3977,0
67.5887,2.4473,0,0,2.313,0.269622,0.36288,3.6288,61.308,0.205158,0,0,0.920054,0.263386,0.45151,0.66528,12.849,1,0.460027,0.36288,0,40.372,4.38049,35.8944,0.84672,12.849,0.84672,3695.15,0,0,0,0.921914,1.45687,4.2312,1.2551,5.35488,0.42336,0,0.42336,460.49,0,1.02816,0,0,1.95007,0.921914,1.028160,1,0,41.7008,0,0,0,41.7008,0
71.659,2.44296,0,0,7.14409,0.268005,0.36288,3.6288,61.308,0.205174,0,0,2.06004,0.263386,1.59148,0.66528,12.849,1,0.464421,0.36288,0,118.652,4.38049,114.17,0.84672,12.849,0.84672,3695.15,0,0,0,2.69627,1.49769,16.0629,1.2551,19.0017,0.42336,0,0.42336,460.49,0,1.02816,0,0,3.72443,2.69627,1.028160,1,0,134.763,0,0,0,134.763,0
72.5826,2.46538,0,0,4.02849,0.276588,0.36288,3.6288,61.308,0.20519,0,0,1.7951,0.263386,1.32652,0.66528,12.849,1,0.442061,0.36288,0,68.7774,4.38049,64.3178,0.84672,12.849,0.84672,3695.15,0,0,0,2.11099,1.49772,8.60379,1.2551,10.9574,0.42336,0,0.42336,460.49,0,1.02816,0,0,3.13915,2.11099,1.028160,1,0,76.6017,0,0,0,76.6017,0
72.0329,2.47021,0,0,2.66249,0.379069,0.36288,3.6288,61.308,0.205206,0,0,2.04966,0.263386,1.58107,0.66528,12.849,1,0.43729,0.36288,0,52.3677,4.38049,47.9128,0.84672,12.849,0.84672,3695.15,0,0,0,2.37486,1.49774,5.29222,1.2551,7.90972,0.42336,0,0.42336,460.49,0,1.02816,0,0,3.40302,2.37486,1.028160,1,0,57.4036,0,0,0,57.4036,0
72.2614,2.73312,0,0,3.59914,0.274653,0.36288,3.6288,61.308,0.314686,0,0,1.77266,0.261703,1.19627,0.66528,12.849,1,0.487525,0.36288,0,67.7215,4.21203,63.3849,0.84672,12.849,0.84672,3695.15,0,0,0,1.919,1.49776,7.11824,1.16108,9.37392,0.42336,0,0.42336,460.49,0,1.02816,0,0,2.94716,1.919,1.028160,1,0,73.955,0,0,0,73.955,0
72.6366,2.73448,0,0,3.75263,0.280116,0.36288,3.6288,61.308,0.314704,0,0,1.65934,0.264655,1.07998,0.66528,12.849,1,0.486225,0.36288,0,76.9012,4.33482,72.443,0.84672,12.849,0.84672,3695.15,0,0,0,2.34134,1.64103,8.94145,1.14161,11.7822,0.42336,0,0.42336,460.49,0,1.02816,0,0,3.3695,2.34134,1.028160,1,0,85.3052,0,0,0,85.3052,0
73.4558,2.73667,0,0,4.30111,0.382365,0.36288,3.6288,61.308,0.314723,0,0,2.08392,0.264655,1.50455,0.66528,12.849,1,0.484101,0.36288,0,83.4797,4.33482,79.0236,0.84672,12.849,0.84672,3695.15,0,0,0,2.48489,1.64106,10.1048,1.14161,13.0892,0.42336,0,0.42336,460.49,0,1.02816,0,0,3.51305,2.48489,1.028160,1,0,93.6174,0,0,0,93.6174,0
73.997,2.74131,0,0,4.09559,0.450165,0.36288,3.6288,61.308,0.314741,0,0,2.23924,0.241293,1.6832,0.66528,12.849,1,0.479515,0.36288,0,72.2235,4.32726,67.7796,0.84672,12.849,0.84672,3695.15,0,0,0,2.93489,1.64108,12.5339,1.16709,15.9428,0.42336,0,0.42336,460.49,0,1.02816,0,0,3.96305,2.93489,1.028160,1,0,85.4055,0,0,0,85.4055,0
76.6747,2.36383,0,0,5.83193,0.427509,0.36288,3.6288,61.308,0.167847,0,0,2.17909,0.210571,1.80068,0.66528,12.849,1,0.41046,0.36288,0,98.0692,4.24878,93.7728,0.84672,12.849,0.84672,3695.15,0,0,0,3.43229,1.64111,14.8626,1.04781,18.8882,0.42336,0,0.42336,460.49,0,1.02816,0,0,4.46045,3.43229,1.028160,1,0,114.462,0,0,0,114.462,0
78.284,2.37615,0,0,4.76818,0.419896,0.36288,3.6288,61.308,0.167862,0,0,1.63407,0.187529,1.27868,0.66528,12.849,1,0.398191,0.36288,0,88.9609,4.18992,84.7357,0.84672,12.849,0.84672,3695.15,0,0,0,2.44701,1.44394,8.4634,0.958346,11.396,0.42336,0,0.42336,460.49,0,1.02816,0,0,3.47517,2.44701,1.028160,1,0,97.4104,0,0,0,97.4104,0
85.0307,2.38323,0,0,9.87042,0.377554,0.36288,3.6288,61.308,0.167878,0,0,2.70118,0.16948,2.36383,0.66528,12.849,1,0.391167,0.36288,0,133.168,3.92834,129.212,0.84672,12.849,0.84672,3695.15,0,0,0,4.79273,1.44396,22.0825,0.92077,27.3984,0.42336,0,0.42336,460.49,0,1.02816,0,0,5.82089,4.79273,1.028160,1,0,158.974,0,0,0,158.974,0
89.3716,2.41024,0,0,7.62644,0.512475,0.36288,3.6288,61.308,0.167893,0,0,2.8971,0.236549,2.49266,0.66528,12.849,1,0.364211,0.36288,0,115.921,4.57581,111.344,0.84672,12.849,0.84672,3695.15,0,0,0,3.8256,1.44398,14.925,1.0639,19.1307,0.42336,0,0.42336,460.49,0,1.02816,0,0,4.85376,3.8256,1.028160,1,0,132.967,0,0,0,132.967,0
94.0149,2.66029,0,0,8.1137,0.447199,0.36288,3.6288,61.308,0.245823,0,0,2.25275,0.198042,1.80889,0.66528,12.849,1,0.382471,0.36288,0,162.135,3.9694,158.146,0.84672,12.849,0.84672,3695.15,0,0,0,3.48559,1.444,15.0932,0.934991,19.0878,0.42336,0,0.42336,460.49,0,1.02816,0,0,4.51375,3.48559,1.028160,1,0,179.042,0,0,0,179.042,0
94.4057,2.78449,0,0,4.03073,0.492591,0.36288,3.6288,61.308,0.284917,0,0,1.17572,0.158797,0.732009,0.66528,12.849,1,0.380556,0.36288,0,52.0589,3.1378,48.9035,0.84672,12.849,0.84672,3695.15,0,0,0,1.45887,1.55449,5.14077,0.651063,7.50308,0.42336,0,0.42336,460.49,0,1.02816,0,0,2.48703,1.45887,1.028160,1,0,57.1385,0,0,0,57.1385,0
95.5163,2.78593,0,0,4.75061,0.491169,0.36288,3.6288,61.308,0.372734,0,0,1.08588,0.167278,0.545863,0.66528,12.849,1,0.379176,0.36288,0,74.5609,3.28104,71.2635,0.84672,12.849,0.84672,3695.15,0,0,0,0.558835,1.60761,5.75248,0.736393,7.18253,0.42336,0,0.42336,460.49,0,0.94036,0,0,1.4992,0.558835,1.028160,1,0,78.9919,0,0,0,78.9919,0
95.8131,2.78987,0,0,3.94533,0.495812,0.36288,3.6288,61.308,0.284952,0,0,1.50689,0.167278,1.05466,0.66528,12.849,1,0.375297,0.36288,0,55.2214,3.28104,51.928,0.84672,12.849,0.84672,3695.15,0,0,0,1.7296,1.60764,6.77414,0.736393,9.37498,0.42336,0,0.42336,460.49,0,1.02816,0,0,2.75776,1.7296,1.028160,1,0,62.3576,0,0,0,62.3576,0
96.2036,2.79095,0,0,4.04137,0.497053,0.36288,3.6288,61.308,0.284969,0,0,1.66629,0.167278,1.21405,0.66528,12.849,1,0.374279,0.36288,0,80.9796,3.28104,77.6872,0.84672,12.849,0.84672,3695.15,0,0,0,1.34843,1.60766,7.43194,0.736393,9.65163,0.42336,0,0.42336,460.49,0,1.02816,0,0,2.37659,1.34843,1.028160,1,0,88.5528,0,0,0,88.5528,0
95.8745,2.75018,0,0,3.17696,0.393023,0.36288,3.6288,61.308,0.269809,0,0,1.02028,0.194114,0.556358,0.66528,12.849,1,0.367315,0.36288,0,55.9316,4.07232,51.8549,0.84672,12.849,0.84672,3695.15,0,0,0,0.972346,1.60769,5.27912,0.894306,6.96484,0.42336,0,0.42336,460.49,0,1.02816,0,0,2.00051,0.972346,1.028160,1,0,59.3761,0,0,0,59.3761,0
95.2743,2.74912,0,0,2.91129,0.399434,0.36288,3.6288,61.308,0.269826,0,0,1.01562,0.190802,0.554996,0.66528,12.849,1,0.368434,0.36288,0,50.569,4.06077,46.5026,0.84672,12.849,0.84672,3695.15,0,0,0,1.11087,1.58703,6.65785,0.894061,8.46169,0.42336,0,0.42336,460.49,0,1.02816,0,0,2.13903,1.11087,1.028160,1,0,55.5193,0,0,0,55.5193,0
96.0169,2.74713,0,0,4.24995,0.397418,0.36288,3.6288,61.308,0.269843,0,0,1.18846,0.190802,0.727813,0.66528,12.849,1,0.370486,0.36288,0,59.6043,4.06077,55.536,0.84672,12.849,0.84672,3695.15,0,0,0,1.36302,1.58705,5.99549,0.894061,8.0515,0.42336,0,0.42336,460.49,0,1.02816,0,0,2.39118,1.36302,1.028160,1,0,64.3153,0,0,0,64.3153,0
95.74,2.74971,0,0,3.17098,0.335289,0.36288,3.6288,61.308,0.269861,0,0,1.08707,0.199727,0.61748,0.66528,12.849,1,0.367966,0.36288,0,57.8469,4.33167,53.5101,0.84672,12.849,0.84672,3695.15,0,0,0,1.1237,1.58708,5.33894,0.843913,7.20581,0.42336,0,0.42336,460.49,0,1.02816,0,0,2.15186,1.1237,1.028160,1,0,61.3334,0,0,0,61.3334,0
94.8368,2.89186,0,0,2.66931,0.317742,0.36288,3.6288,61.308,0.323707,0,0,0.876735,0.201009,0.352019,0.66528,12.849,1,0.388109,0.36288,0,42.6887,4.42871,38.2348,0.84672,12.849,0.84672,3695.15,0,0,0,0.840482,1.5871,4.536,0.925261,6.03832,0.42336,0,0.42336,460.49,0,1.02816,0,0,1.86864,0.840482,1.028160,1,0,44.6251,0,0,0,44.6251,0
93.8305,2.88866,0,0,2.49478,0.249568,0.36288,3.6288,61.308,0.323726,0,0,0.733977,0.200521,0.20973,0.66528,12.849,1,0.391372,0.36288,0,34.7031,4.49831,30.1763,0.84672,12.849,0.84672,3695.15,0,0,0,0.787933,1.65912,3.7638,1.01101,5.19985,0.42336,0,0.42336,460.49,0,1.02816,0,0,1.81609,0.787933,1.028160,1,0,35.5859,0,0,0,35.5859,0
92.7352,2.88503,0,0,2.38744,0.234751,0.36288,3.6288,61.308,0.323744,0,0,0.771733,0.202306,0.245683,0.66528,12.849,1,0.395071,0.36288,0,32.6058,4.55248,28.0211,0.84672,12.849,0.84672,3695.15,0,0,0,0.777764,1.65915,3.92112,1.00098,5.35705,0.42336,0,0.42336,460.49,0,1.02816,0,0,1.80592,0.777764,1.028160,1,0,33.6239,0,0,0,33.6239,0
91.5396,2.88098,0,0,2.28078,0.232551,0.36288,3.6288,61.308,0.323762,0,0,0.774991,0.202306,0.248922,0.66528,12.849,1,0.399177,0.36288,0,30.6349,4.55248,26.0462,0.84672,12.849,0.84672,3695.15,0,0,0,0.698216,1.65917,3.77044,1.00098,5.12685,0.42336,0,0.42336,460.49,0,1.02816,0,0,1.72638,0.698216,1.028160,1,0,31.4219,0,0,0,31.4219,0
90.1709,2.87646,0,0,2.09796,0.227295,0.36288,3.6288,61.308,0.32378,0,0,0.725121,0.20647,0.19487,0.66528,12.849,1,0.403756,0.36288,0,29.3071,4.61848,24.6478,0.84672,12.849,0.84672,3695.15,0,0,0,0.600817,1.6592,3.5341,1.01678,4.77733,0.42336,0,0.42336,460.49,0,1.02816,0,0,1.62898,0.600817,1.028160,1,0,29.62,0,0,0,29.62,0
88.5298,2.84307,0,0,1.7725,0.20765,0.36288,3.6288,61.308,0.353386,0,0,0.724991,0.231454,0.140151,0.66528,12.849,1,0.405126,0.36288,0,32.5249,5.01448,27.4682,0.84672,12.849,0.84672,3695.15,0,0,0,0.676253,1.65922,3.20025,1.11159,4.42414,0.42336,0,0.42336,460.49,0,1.02816,0,0,1.70441,0.676253,1.028160,1,0,32.0325,0,0,0,32.0325,0
86.7457,2.83656,0,0,1.61994,0.204641,0.36288,3.6288,61.308,0.353405,0,0,0.677981,0.231454,0.0931218,0.66528,12.849,1,0.411692,0.36288,0,30.5926,5.01448,25.5293,0.84672,12.849,0.84672,3695.15,0,0,0,0.428458,1.67609,3.04529,1.11159,4.03826,0.42336,0,0.42336,460.49,0,1.02816,0,0,1.45662,0.428458,1.028160,1,0,29.6607,0,0,0,29.6607,0
84.8716,2.82924,0,0,1.48958,0.171552,0.36288,3.6288,61.308,0.353424,0,0,0.642479,0.27533,0.0137251,0.66528,12.849,1,0.419075,0.36288,0,27.3908,5.57909,21.7555,0.84672,12.849,0.84672,3695.15,0,0,0,0.429425,1.67612,2.89955,1.31768,3.68742,0.42336,0,0.42336,460.49,0,1.02816,0,0,1.45759,0.429425,1.028160,1,0,25.4567,0,0,0,25.4567,0
82.9375,2.82126,0,0,1.39664,0.146644,0.36288,3.6288,61.2494,0.353443,0,0,0.603075,0.308237,0,0.66528,12.849,1,0.42712,0.36288,0,24.618,6.00253,18.5512,0.84672,12.849,0.84672,3695.15,0,0,0,0.393517,1.67615,2.79399,1.47224,3.39141,0.42336,0,0.42336,460.49,0,1.02816,0,0,1.42168,0.393517,1.028160,1,0,21.9426,0,0,0,21.9426,0
80.9542,2.88444,0,0,1.40446,0.140439,0.36288,3.6288,61.2348,0.379833,0,0,0.678338,0.313094,0,0.66528,12.849,1,0.446869,0.36288,0,27.3986,6.02406,21.2906,0.84672,12.849,0.84672,3695.15,0,0,0,0.412085,1.67617,2.89677,1.40007,3.58496,0.42336,0,0.42336,460.49,0,1.02816,0,0,1.44024,0.412085,1.028160,1,0,24.8756,0,0,0,24.8756,0
78.9685,2.87505,0,0,1.38867,0.136407,0.36288,3.6288,61.2166,0.379852,0,0,0.67665,0.315054,0,0.66528,12.849,1,0.456326,0.36288,0,27.3447,6.03267,21.2186,0.84672,12.849,0.84672,3695.15,0,0,0,0.374691,1.7121,2.69874,1.3712,3.41434,0.42336,0,0.42336,460.49,0,1.02816,0,0,1.40285,0.374691,1.028160,1,0,24.633,0,0,0,24.633,0
76.8709,2.86523,0,0,1.26435,0.133804,0.36288,3.6288,61.0616,0.482307,0,0,0.642401,0.315018,0,0.66528,12.849,1,0.466204,0.36288,0,24.9211,6.03267,18.7851,0.84672,12.849,0.84672,3695.15,0,0,0,0.261274,1.71213,2.51732,1.3712,3.11953,0.42336,0,0.42336,460.49,0,0.925724,0,0,1.187,0.261274,1.028160,1,0,21.9047,0,0,0,21.9047,0
75.025,2.85439,0,0,1.48442,0.113098,0.36288,3.6288,61.1801,0.379891,0,0,0.802509,0.304144,0,0.66528,12.849,1,0.477112,0.36288,0,26.0506,6.20752,19.7289,0.84672,12.849,0.84672,3695.15,0,0,0,0.692099,1.71216,3.82387,1.41904,4.80909,0.42336,0,0.42336,460.49,0,1.02816,0,0,1.72026,0.692099,1.028160,1,0,24.538,0,0,0,24.538,0
72.8589,3.05163,0,0,1.35295,0.104562,0.36288,3.6288,61.1245,0.475103,0,0,0.713785,0.294323,0,0.66528,12.849,1,0.522631,0.36288,0,26.4027,6.34338,19.8996,0.84672,12.849,0.84672,3695.15,0,0,0,0.552891,1.71218,3.04218,1.46864,3.83862,0.42336,0,0.42336,460.49,0,1.02816,0,0,1.58105,0.552891,1.028160,1,0,23.7382,0,0,0,23.7382,0
70.4452,3.03848,0,0,1.09248,0.104831,0.36288,3.6288,60.85,0.475124,0,0,0.520128,0.319424,0,0.66528,12.849,1,0.53585,0.36288,0,29.3055,6.53636,22.5962,0.84672,12.849,0.84672,3695.15,0,0,0,0.238144,1.83124,2.3935,1.52028,2.9426,0.42336,0,0.42336,460.49,0,1.02816,0,0,1.2663,0.238144,1.028160,1,0,25.5388,0,0,0,25.5388,0
68.2776,3.02301,0,0,1.29386,0.0755637,0.36288,3.6288,60.85,0.475145,0,0,0.793952,0.318869,0,0.66528,12.849,1,0.551388,0.36288,0,25.1536,6.53636,18.4288,0.84672,12.849,0.84672,3695.15,0,0,0,0.876735,1.83127,3.23674,1.52028,4.42446,0.42336,0,0.42336,460.49,0,1.02816,0,0,1.9049,0.876735,1.028160,1,0,22.8532,0,0,0,22.8532,0
65.9094,3.00833,0,0,1.08101,0.077993,0.36288,3.6288,60.6592,0.475166,0,0,0.582657,0.298245,0,0.66528,12.849,1,0.566131,0.36288,0,22.954,5.98182,16.7689,0.84672,12.849,0.84672,3695.15,0,0,0,0.474725,1.83129,3.35338,1.30442,4.35499,0.42336,0,0.42336,460.49,0,1.02816,0,0,1.50288,0.474725,1.028160,1,0,21.1239,0,0,0,21.1239,0
63.6158,2.99136,0,0,1.16106,0.100344,0.36288,3.6288,60.5237,0.475187,0,0,0.596329,0.256674,0,0.66528,12.849,1,0.583165,0.36288,0,15.7973,5.13201,10.445,0.84672,12.849,0.84672,3695.15,0,0,0,0.44744,1.83132,3.73653,0.978669,5.03663,0.42336,0,0.42336,460.49,0,1.02816,0,0,1.4756,0.44744,1.028160,1,0,15.4816,0,0,0,15.4816,0
61.499,2.87551,0,0,1.20238,0.0808191,0.36288,3.6288,60.4935,0.417424,0,0,0.733467,0.34623,0,0.66528,12.849,1,0.580791,0.36288,0,21.3801,6.37267,14.7895,0.84672,12.849,0.84672,3695.15,0,0,0,0.637399,1.83135,4.04472,1.40233,5.11114,0.42336,0,0.42336,460.49,0,1.02816,0,0,1.66556,0.637399,1.028160,1,0,19.9007,0,0,0,19.9007,0
59.5227,2.85903,0,0,1.37991,0.13433,0.36288,3.6288,60.4829,0.417443,0,0,0.711789,0.304971,0,0.66528,12.849,1,0.597338,0.36288,0,18.3258,6.04139,12.0499,0.84672,12.849,0.84672,3695.15,0,0,0,0.572383,1.76457,2.94817,1.28855,3.99657,0.42336,0,0.42336,460.49,0,1.02816,0,0,1.60054,0.572383,1.028160,1,0,16.0465,0,0,0,16.0465,0
58.5805,2.59486,0,0,2.14759,0.132012,0.36288,3.6288,61.0323,0.325785,0,0,1.18014,0.304951,0,0.66528,12.849,1,0.560145,0.36288,0,29.79,6.04139,23.5514,0.84672,12.849,0.84672,3695.15,0,0,0,1.72917,1.7646,5.25882,1.28855,7.46405,0.42336,0,0.42336,460.49,0,1.02816,0,0,2.75733,1.72917,1.028160,1,0,31.0154,0,0,0,31.0154,0
57.4747,2.58752,0,0,1.97543,0.130817,0.36288,3.6288,61.308,0.325803,0,0,1.0854,0.306016,0.177864,0.66528,12.849,1,0.567544,0.36288,0,53.9754,6.04139,47.7293,0.84672,12.849,0.84672,3695.15,0,0,0,1.47676,1.63731,4.44499,1.28855,6.27051,0.42336,0,0.42336,460.49,0,1.02816,0,0,2.50492,1.47676,1.028160,1,0,54.1777,0,0,0,54.1777,0
56.0497,2.50565,0,0,1.60988,0.166346,0.36288,3.6288,61.308,0.277438,0,0,0.692102,0.257478,0.157185,0.66528,12.849,1,0.56016,0.36288,0,26.5632,4.84661,21.5194,0.84672,12.849,0.84672,3695.15,0,0,0,0.438402,1.63733,3.39864,1.10794,4.36643,0.42336,0,0.42336,460.49,0,1.02816,0,0,1.46656,0.438402,1.028160,1,0,26.043,0,0,0,26.043,0
54.4184,2.49411,0,0,1.45024,0.224543,0.36288,3.6288,61.0292,0.50804,0,0,0.459069,0.229799,0,0.66528,12.849,1,0.571757,0.36288,0,20.6058,4.09826,16.2987,0.84672,12.849,0.84672,3695.15,0,0,0,0.216518,1.58324,3.19569,1.08227,3.91318,0.42336,0,0.42336,460.49,0,0.797576,0,0,1.01409,0.216518,1.028160,1,0,20.2118,0,0,0,20.2118,0
52.5868,2.48029,0,0,1.23238,0.220902,0.36288,3.6288,61.0361,0.278934,0,0,0.515206,0.229394,0,0.66528,12.849,1,0.585634,0.36288,0,16.8443,4.09826,12.5233,0.84672,12.849,0.84672,3695.15,0,0,0,0.216518,1.58326,3.55199,1.08227,4.2695,0.42336,0,0.42336,460.49,0,1.0267,0,0,1.24322,0.216518,1.028160,1,0,16.7928,0,0,0,16.7928,0
53.3389,2.46395,0,0,3.79583,0.216814,0.36288,3.6288,61.308,0.277491,0,0,1.64875,0.229404,0.86996,0.66528,12.849,1,0.602038,0.36288,0,58.3581,4.09826,54.0207,0.84672,12.849,0.84672,3695.15,0,0,0,2.9478,1.58329,8.44616,1.08227,11.895,0.42336,0,0.42336,460.49,0,1.02816,0,0,3.97596,2.9478,1.028160,1,0,66.7856,0,0,0,66.7856,0
53.5962,2.2664,0,0,3.10888,0.222335,0.36288,3.6288,61.308,0.176733,0,0,1.39609,0.216703,1.00266,0.66528,12.849,1,0.545961,0.36288,0,46.6382,3.97388,42.4812,0.84672,12.849,0.84672,3695.15,0,0,0,0.948093,1.58331,6.45169,1.04677,7.93632,0.42336,0,0.42336,460.49,0,1.02816,0,0,1.97625,0.948093,1.028160,1,0,51.4202,0,0,0,51.4202,0
53.5239,2.26856,0,0,2.80591,0.246763,0.36288,3.6288,61.308,0.176749,0,0,1.15597,0.198696,0.780526,0.66528,12.849,1,0.543857,0.36288,0,67.8932,4.02843,63.6838,0.84672,12.849,0.84672,3695.15,0,0,0,1.19879,1.45794,6.03514,1.04839,7.64348,0.42336,0,0.42336,460.49,0,1.02816,0,0,2.22695,1.19879,1.028160,1,0,72.1078,0,0,0,72.1078,0
53.4085,2.26801,0,0,2.7621,0.246581,0.36288,3.6288,61.308,0.176765,0,0,1.00681,0.198696,0.63135,0.66528,12.849,1,0.54446,0.36288,0,53.2111,4.02843,49.0011,0.84672,12.849,0.84672,3695.15,0,0,0,0.841674,1.45796,4.97507,1.04839,6.22631,0.42336,0,0.42336,460.49,0,1.02816,0,0,1.86983,0.841674,1.028160,1,0,55.8587,0,0,0,55.8587,0
52.9738,2.2671,0,0,2.44148,0.246291,0.36288,3.6288,61.308,0.17678,0,0,1.03236,0.198696,0.656882,0.66528,12.849,1,0.545419,0.36288,0,61.6651,4.02843,57.4541,0.84672,12.849,0.84672,3695.15,0,0,0,0.860095,1.45798,5.14341,1.04839,6.4131,0.42336,0,0.42336,460.49,0,1.02816,0,0,1.88825,0.860095,1.028160,1,0,64.5241,0,0,0,64.5241,0
54.1454,2.26354,0,0,4.04127,0.243213,0.36288,3.6288,61.308,0.176796,0,0,1.06451,0.225629,0.662083,0.66528,12.849,1,0.549032,0.36288,0,55.7359,4.85531,50.6944,0.84672,12.849,0.84672,3695.15,0,0,0,1.17888,1.458,5.5749,1.30509,6.90669,0.42336,0,0.42336,460.49,0,1.02816,0,0,2.20704,1.17888,1.028160,1,0,58.2632,0,0,0,58.2632,0
58.5995,2.27315,0,0,7.33889,0.248786,0.36288,3.6288,61.308,0.176796,0,0,1.79353,0.248926,1.3678,0.66528,12.849,1,0.53943,0.36288,0,90.8738,5.35292,85.3443,0.84672,12.849,0.84672,3695.15,0,0,0,1.65694,1.45803,7.45713,1.24742,9.32468,0.42336,0,0.42336,460.49,0,1.02816,0,0,2.6851,1.65694,1.028160,1,0,96.0368,0,0,0,96.0368,0
60.2928,2.38684,0,0,4.70363,0.260613,0.36288,3.6288,61.308,0.205992,0,0,1.44829,0.251014,0.991283,0.66528,12.849,1,0.523359,0.36288,0,102.219,5.38073,96.6778,0.84672,12.849,0.84672,3695.15,0,0,0,1.6137,1.45803,5.03632,1.2207,6.88735,0.42336,0,0.42336,460.49,0,1.02816,0,0,2.64186,1.6137,1.028160,1,0,104.556,0,0,0,104.556,0
65.9802,2.39899,0,0,8.71422,0.264891,0.36288,3.6288,61.308,0.206,0,0,0.868251,0.251014,0.411237,0.66528,12.849,1,0.511248,0.36288,0,71.2014,5.38073,65.6723,0.84672,12.849,0.84672,3695.15,0,0,0,0.864873,1.49888,3.9476,1.2207,5.09065,0.42336,0,0.42336,460.49,0,1.02816,0,0,1.89303,0.864873,1.028160,1,0,71.1742,0,0,0,71.1742,0
70.7018,2.4359,0,0,7.78956,0.269258,0.36288,3.6288,61.308,0.206009,0,0,1.22189,0.262792,0.753094,0.66528,12.849,1,0.474367,0.36288,0,110.572,5.6158,104.845,0.84672,12.849,0.84672,3695.15,0,0,0,1.20144,1.49889,5.97013,1.3355,7.33495,0.42336,0,0.42336,460.49,0,1.02816,0,0,2.2296,1.20144,1.028160,1,0,112.933,0,0,0,112.933,0
75.5836,2.46273,0,0,7.97007,0.262656,0.36288,3.6288,61.308,0.206018,0,0,1.6159,0.255087,1.1548,0.66528,12.849,1,0.447565,0.36288,0,128.18,4.82808,123.267,0.84672,12.849,0.84672,3695.15,0,0,0,2.37778,1.4989,8.91092,1.21472,11.5729,0.42336,0,0.42336,460.49,0,1.02816,0,0,3.40594,2.37778,1.028160,1,0,135.995,0,0,0,135.995,0
80.2282,2.75529,0,0,8.15296,0.390196,0.36288,3.6288,61.308,0.315584,0,0,1.61641,0.235117,1.0657,0.66528,12.849,1,0.468392,0.36288,0,138.202,4.02423,134.072,0.84672,12.849,0.84672,3695.15,0,0,0,2.48003,1.49891,8.83492,0.985679,11.8282,0.42336,0,0.42336,460.49,0,1.02816,0,0,3.50819,2.48003,1.028160,1,0,146.966,0,0,0,146.966,0
84.5014,3.04368,0,0,8.08834,0.408567,0.36288,3.6288,61.308,0.406384,0,0,1.50949,0.235117,0.867985,0.66528,12.849,1,0.487462,0.36288,0,130.048,4.02423,125.899,0.84672,12.849,0.84672,3695.15,0,0,0,2.10023,1.6423,7.05957,0.985679,9.81642,0.42336,0,0.42336,460.49,0,1.02816,0,0,3.12839,2.10023,1.028160,1,0,136.583,0,0,0,136.583,0
87.5859,3.06511,0,0,6.96362,0.451129,0.36288,3.6288,61.308,0.406394,0,0,1.38866,0.195645,0.786625,0.66528,12.849,1,0.46607,0.36288,0,140.695,3.4998,137.093,0.84672,12.849,0.84672,3695.15,0,0,0,1.84839,1.77006,6.5148,0.874033,9.25922,0.42336,0,0.42336,460.49,0,1.02816,0,0,2.87655,1.84839,1.028160,1,0,147.138,0,0,0,147.138,0
91.1745,3.07945,0,0,7.51023,0.479297,0.36288,3.6288,61.308,0.406405,0,0,1.44129,0.196504,0.838382,0.66528,12.849,1,0.451761,0.36288,0,152.732,3.06913,149.574,0.84672,12.849,0.84672,3695.15,0,0,0,1.84806,1.77008,6.29333,0.888903,9.02257,0.42336,0,0.42336,460.49,0,1.02816,0,0,2.87622,1.84806,1.028160,1,0,159.435,0,0,0,159.435,0
91.5285,2.66915,0,0,3.89579,0.509754,0.36288,3.6288,61.308,0.246562,0,0,1.00362,0.20642,0.55064,0.66528,12.849,1,0.376157,0.36288,0,77.0325,2.61146,74.4078,0.84672,12.849,0.84672,3695.15,0,0,0,0.743913,1.77009,3.7193,0.93354,5.29977,0.42336,0,0.42336,460.49,0,1.02816,0,0,1.77207,0.743913,1.028160,1,0,80.2582,0,0,0,80.2582,0
91.6031,2.67045,0,0,3.6193,0.511333,0.36288,3.6288,61.308,0.246572,0,0,1.07993,0.20642,0.62694,0.66528,12.849,1,0.374885,0.36288,0,77.1656,2.61146,74.5421,0.84672,12.849,0.84672,3695.15,0,0,0,0.831876,1.55554,3.41812,0.93354,4.872,0.42336,0,0.42336,460.49,0,1.02816,0,0,1.86004,0.831876,1.028160,1,0,80.041,0,0,0,80.041,0
94.7325,2.67075,0,0,6.67462,0.511666,0.36288,3.6288,61.308,0.246581,0,0,1.75134,0.20642,1.29834,0.66528,12.849,1,0.374621,0.36288,0,148.803,2.61146,146.18,0.84672,12.849,0.84672,3695.15,0,0,0,2.17636,1.55555,6.99668,0.93354,9.79506,0.42336,0,0.42336,460.49,0,1.02816,0,0,3.20452,2.17636,1.028160,1,0,157.273,0,0,0,157.273,0
97.506,2.68167,0,0,6.37152,0.488634,0.427662,3.6288,61.308,0.24659,0,0,1.92737,0.217096,1.46368,0.66528,12.849,1,0.363728,0.427662,0,182.885,3.25731,179.692,0.84672,12.849,0.84672,3695.15,0,0,0,2.66033,1.55557,10.7476,1.04144,13.9221,0.42336,0,0.42336,460.49,0,1.02816,0,0,3.68849,2.66033,1.028160,1,0,195.078,0,0,0,195.078,0
97.506,2.69084,0,0,7.55765,0.601384,4.26542,3.6288,61.308,0.246599,0,0,2.45509,0.135075,2.07342,0.66528,12.849,1,0.35459,4.26542,0,237.538,1.84797,239.601,0.84672,12.849,0.84672,3695.15,0,0,0,4.50952,1.55558,9.79932,0.737829,15.1266,0.42336,0,0.42336,460.49,0,1.02816,0,0,5.53768,4.50952,1.028160,1,0,256.801,0,0,0,256.801,0
97.506,2.79895,0,0,5.20621,0.5505,1.85676,3.6288,61.308,0.285715,0,0,1.64289,0.128426,1.22875,0.66528,12.849,1,0.368836,1.85676,0,155.765,2.14557,155.107,0.84672,12.849,0.84672,3695.15,0,0,0,3.40662,1.55559,6.56948,0.795624,10.7361,0.42336,0,0.42336,460.49,0,1.02816,0,0,4.43478,3.40662,1.028160,1,0,167.072,0,0,0,167.072,0
97.506,2.79898,0,0,4.17601,0.5505,0.826536,3.6288,61.308,0.285725,0,0,1.52095,0.128426,1.1068,0.66528,12.849,1,0.36884,0.826536,0,126.386,2.14557,124.698,0.84672,12.849,0.84672,3695.15,0,0,0,2.95301,1.60874,5.6593,0.795624,9.42543,0.42336,0,0.42336,460.49,0,1.02816,0,0,3.98117,2.95301,1.028160,1,0,135.23,0,0,0,135.23,0
97.506,2.79901,0,0,3.88085,0.5505,0.531339,3.6288,61.308,0.285734,0,0,1.78295,0.128426,1.36879,0.66528,12.849,1,0.368843,0.531339,0,127.362,2.14557,125.379,0.84672,12.849,0.84672,3695.15,0,0,0,2.98754,1.60876,7.14156,0.795624,10.9422,0.42336,0,0.42336,460.49,0,1.02816,0,0,4.0157,2.98754,1.028160,1,0,137.69,0,0,0,137.69,0
97.506,2.79904,0,0,4.04271,0.522445,0.721227,3.6288,61.308,0.285744,0,0,1.54118,0.167688,1.08775,0.66528,12.849,1,0.368847,0.721227,0,104.883,3.22227,102.013,0.84672,12.849,0.84672,3695.15,0,0,0,2.57532,1.60877,5.96658,0.917408,9.23326,0.42336,0,0.42336,460.49,0,1.02816,0,0,3.60348,2.57532,1.028160,1,0,112.334,0,0,0,112.334,0
97.506,2.7568,0,0,3.85832,0.413374,0.688144,3.6288,61.308,0.270563,0,0,1.29175,0.197116,0.824069,0.66528,12.849,1,0.363282,0.688144,0,95.7511,3.95556,92.1204,0.84672,12.849,0.84672,3695.15,0,0,0,2.67872,1.60878,5.52203,0.996357,8.81318,0.42336,0,0.42336,460.49,0,1.02816,0,0,3.70688,2.67872,1.028160,1,0,101.758,0,0,0,101.758,0
97.506,2.75683,0,0,3.65716,0.413374,0.486951,3.6288,61.308,0.270573,0,0,1.26808,0.197116,0.800395,0.66528,12.849,1,0.363286,0.486951,0,89.5795,3.95556,85.7476,0.84672,12.849,0.84672,3695.15,0,0,0,2.50544,1.5881,5.21082,0.996357,8.308,0.42336,0,0.42336,460.49,0,1.02816,0,0,3.5336,2.50544,1.028160,1,0,94.856,0,0,0,94.856,0
97.4021,2.75686,0,0,3.4292,0.413374,0.36288,3.6288,61.308,0.270582,0,0,1.5221,0.197116,1.0544,0.66528,12.849,1,0.363289,0.36288,0,82.9691,3.95556,79.0131,0.84672,12.849,0.84672,3695.15,0,0,0,3.14425,1.58811,5.94814,0.996357,9.68414,0.42336,0,0.42336,460.49,0,1.02816,0,0,4.17241,3.14425,1.028160,1,0,89.7516,0,0,0,89.7516,0
96.9468,2.75655,0,0,3.0725,0.408402,0.36288,3.6288,61.308,0.270591,0,0,1.22977,0.18159,0.777593,0.66528,12.849,1,0.363635,0.36288,0,71.407,3.98211,67.4241,0.84672,12.849,0.84672,3695.15,0,0,0,2.42606,1.58812,4.97201,0.963101,8.02309,0.42336,0,0.42336,460.49,0,1.02816,0,0,3.45422,2.42606,1.028160,1,0,76.2248,0,0,0,76.2248,0
96.2659,2.89842,0,0,2.91,0.329524,0.36288,3.6288,61.308,0.324469,0,0,1.04757,0.217278,0.505827,0.66528,12.849,1,0.384147,0.36288,0,62.1575,4.61714,57.5191,0.84672,12.849,0.84672,3695.15,0,0,0,1.61355,1.58814,3.58689,1.17655,5.61202,0.42336,0,0.42336,460.49,0,1.02816,0,0,2.64171,1.61355,1.028160,1,0,63.6369,0,0,0,63.6369,0
95.3091,2.89606,0,0,2.55005,0.247958,0.36288,3.6288,61.308,0.324479,0,0,0.833786,0.210532,0.298776,0.66528,12.849,1,0.386548,0.36288,0,53.8059,4.42712,49.3551,0.84672,12.849,0.84672,3695.15,0,0,0,1.56826,1.66019,3.27731,1.13933,5.36643,0.42336,0,0.42336,460.49,0,1.02816,0,0,2.59642,1.56826,1.028160,1,0,55.0203,0,0,0,55.0203,0
94.2608,2.89267,0,0,2.44034,0.233122,0.36288,3.6288,61.308,0.324488,0,0,0.876666,0.212317,0.339861,0.66528,12.849,1,0.389972,0.36288,0,50.5543,4.4813,46.0459,0.84672,12.849,0.84672,3695.15,0,0,0,1.55371,1.66021,3.41429,1.1293,5.49892,0.42336,0,0.42336,460.49,0,1.02816,0,0,2.58187,1.55371,1.028160,1,0,51.8847,0,0,0,51.8847,0
93.1092,2.88888,0,0,2.33129,0.231057,0.36288,3.6288,61.308,0.324498,0,0,0.880373,0.212317,0.343558,0.66528,12.849,1,0.393793,0.36288,0,47.4983,4.4813,42.9861,0.84672,12.849,0.84672,3695.15,0,0,0,1.43998,1.66022,3.28309,1.1293,5.25399,0.42336,0,0.42336,460.49,0,1.02816,0,0,2.46814,1.43998,1.028160,1,0,48.5837,0,0,0,48.5837,0
93.0987,2.88463,0,0,3.427,0.190022,0.36288,3.6288,61.308,0.324508,0,0,1.23528,0.264912,0.645858,0.66528,12.849,1,0.398076,0.36288,0,56.9625,5.16128,51.766,0.84672,12.849,0.84672,3695.15,0,0,0,1.07968,1.66024,4.65168,1.28278,6.10881,0.42336,0,0.42336,460.49,0,1.02816,0,0,2.10784,1.07968,1.028160,1,0,58.5207,0,0,0,58.5207,0
92.9316,2.8564,0,0,3.24213,0.190005,0.36288,3.6288,61.308,0.354126,0,0,1.17228,0.264912,0.553245,0.66528,12.849,1,0.394226,0.36288,0,57.1463,5.16128,51.9537,0.84672,12.849,0.84672,3695.15,0,0,0,0.919279,1.66025,4.9512,1.28278,6.24794,0.42336,0,0.42336,460.49,0,1.02816,0,0,1.94744,0.919279,1.028160,1,0,58.7549,0,0,0,58.7549,0
92.476,2.85581,0,0,2.95282,0.189732,0.36288,3.6288,61.308,0.354136,0,0,1.15444,0.264912,0.535394,0.66528,12.849,1,0.394853,0.36288,0,55.8178,5.16128,50.6245,0.84672,12.849,0.84672,3695.15,0,0,0,0.948879,1.67712,4.77592,1.28278,6.11913,0.42336,0,0.42336,460.49,0,1.02816,0,0,1.97704,0.948879,1.028160,1,0,57.279,0,0,0,57.279,0
91.7312,2.85413,0,0,2.66123,0.188986,0.36288,3.6288,61.308,0.354146,0,0,1.07505,0.264912,0.455991,0.66528,12.849,1,0.396565,0.36288,0,51.7346,5.16128,46.5396,0.84672,12.849,0.84672,3695.15,0,0,0,0.697118,1.67714,4.54729,1.28278,5.63876,0.42336,0,0.42336,460.49,0,1.02816,0,0,1.72528,0.697118,1.028160,1,0,52.6344,0,0,0,52.6344,0
90.9154,2.85133,0,0,2.54113,0.142692,0.36288,3.6288,61.308,0.354156,0,0,1.00212,0.306074,0.341889,0.66528,12.849,1,0.399393,0.36288,0,43.7253,5.78434,37.9045,0.84672,12.849,0.84672,3695.15,0,0,0,0.505725,1.67715,3.72961,1.46295,4.44953,0.42336,0,0.42336,460.49,0,1.02816,0,0,1.53389,0.505725,1.028160,1,0,42.6959,0,0,0,42.6959,0
90.4556,2.92088,0,0,2.94557,0.12165,0.36288,3.6288,61.308,0.380555,0,0,1.34885,0.317749,0.650547,0.66528,12.849,1,0.412805,0.36288,0,54.3542,6.00464,48.2996,0.84672,12.849,0.84672,3695.15,0,0,0,0.840378,1.67716,3.95457,1.50792,4.9642,0.42336,0,0.42336,460.49,0,1.02816,0,0,1.86854,0.840378,1.028160,1,0,53.9143,0,0,0,53.9143,0
89.7336,2.91907,0,0,2.68113,0.121159,0.36288,3.6288,61.308,0.380565,0,0,1.11252,0.317749,0.414207,0.66528,12.849,1,0.414647,0.36288,0,43.7791,6.00464,37.7227,0.84672,12.849,0.84672,3695.15,0,0,0,0.880736,1.71311,3.6747,1.50792,4.76063,0.42336,0,0.42336,460.49,0,1.02816,0,0,1.9089,0.880736,1.028160,1,0,42.8975,0,0,0,42.8975,0
88.7726,2.91618,0,0,2.43849,0.120389,0.36288,3.6288,61.308,0.380575,0,0,1.03609,0.317749,0.337767,0.66528,12.849,1,0.417569,0.36288,0,40.8121,6.00464,34.7528,0.84672,12.849,0.84672,3695.15,0,0,0,0.5832,1.71312,3.27488,1.50792,4.06328,0.42336,0,0.42336,460.49,0,1.02816,0,0,1.61136,0.5832,1.028160,1,0,39.1538,0,0,0,39.1538,0
88.061,2.91226,0,0,2.67279,0.109262,0.36288,3.6288,61.308,0.380586,0,0,1.20307,0.319457,0.503026,0.66528,12.849,1,0.421522,0.36288,0,40.1337,6.03448,34.0405,0.84672,12.849,0.84672,3695.15,0,0,0,0.935099,1.71313,4.52572,1.52978,5.64417,0.42336,0,0.42336,460.49,0,1.02816,0,0,1.96326,0.935099,1.028160,1,0,40.1877,0,0,0,40.1877,0
87.2206,3.12124,0,0,2.74639,0.102718,0.36288,3.6288,61.308,0.475848,0,0,1.02768,0.311574,0.240254,0.66528,12.849,1,0.455421,0.36288,0,34.3118,5.69016,28.5291,0.84672,12.849,0.84672,3695.15,0,0,0,0.503142,1.71315,3.51551,1.55636,4.17544,0.42336,0,0.42336,460.49,0,1.02816,0,0,1.5313,0.503142,1.028160,1,0,32.9448,0,0,0,32.9448,0
86.6524,3.11745,0,0,3.01406,0.101941,0.36288,3.6288,61.308,0.475859,0,0,1.26902,0.311574,0.481584,0.66528,12.849,1,0.459251,0.36288,0,44.1276,5.69016,38.3411,0.84672,12.849,0.84672,3695.15,0,0,0,0.874333,1.83226,3.83502,1.55636,4.98526,0.42336,0,0.42336,460.49,0,1.02816,0,0,1.90249,0.874333,1.028160,1,0,43.8079,0,0,0,43.8079,0
85.4946,3.11486,0,0,2.42137,0.101416,0.36288,3.6288,61.308,0.475871,0,0,0.917862,0.311574,0.130417,0.66528,12.849,1,0.461878,0.36288,0,43.1196,5.69016,37.3305,0.84672,12.849,0.84672,3695.15,0,0,0,0.292645,1.83228,3.07863,1.55636,3.64719,0.42336,0,0.42336,460.49,0,1.02816,0,0,1.32081,0.292645,1.028160,1,0,41.1081,0,0,0,41.1081,0
84.9374,3.10945,0,0,3.01553,0.100345,0.36288,3.6288,61.308,0.475882,0,0,1.5688,0.311574,0.781344,0.66528,12.849,1,0.467321,0.36288,0,39.3816,5.69016,33.587,0.84672,12.849,0.84672,3695.15,0,0,0,1.47029,1.83229,4.76021,1.55636,6.50644,0.42336,0,0.42336,460.49,0,1.02816,0,0,2.49845,1.47029,1.028160,1,0,40.8748,0,0,0,40.8748,0
83.7397,3.10682,0,0,2.47096,0.198961,0.36288,3.6288,61.308,0.475893,0,0,0.90167,0.285879,0.139899,0.66528,12.849,1,0.469988,0.36288,0,36.0094,5.30433,30.5979,0.84672,12.849,0.84672,3695.15,0,0,0,0.621164,1.83231,3.3284,1.29554,4.48634,0.42336,0,0.42336,460.49,0,1.02816,0,0,1.64932,0.621164,1.028160,1,0,35.2242,0,0,0,35.2242,0
82.937,2.99841,0,0,2.77976,0.221232,0.36288,3.6288,61.308,0.418087,0,0,1.37172,0.277751,0.675883,0.66528,12.849,1,0.460075,0.36288,0,34.0546,5.07843,28.879,0.84672,12.849,0.84672,3695.15,0,0,0,1.4784,1.83233,3.74731,1.22165,5.83639,0.42336,0,0.42336,460.49,0,1.02816,0,0,2.50656,1.4784,1.028160,1,0,35.3913,0,0,0,35.3913,0
82.2233,2.99458,0,0,2.86342,0.21957,0.36288,3.6288,61.308,0.418097,0,0,1.40252,0.277751,0.706674,0.66528,12.849,1,0.463936,0.36288,0,43.373,5.07843,38.1935,0.84672,12.849,0.84672,3695.15,0,0,0,1.35174,1.76549,3.63216,1.22165,5.52774,0.42336,0,0.42336,460.49,0,1.02816,0,0,2.3799,1.35174,1.028160,1,0,44.4279,0,0,0,44.4279,0
81.6509,2.99113,0,0,2.99967,0.218091,0.36288,3.6288,61.308,0.418108,0,0,1.19022,0.277751,0.494362,0.66528,12.849,1,0.467423,0.36288,0,39.8328,5.07843,34.6498,0.84672,12.849,0.84672,3695.15,0,0,0,1.20371,1.76551,3.38363,1.22165,5.13119,0.42336,0,0.42336,460.49,0,1.02816,0,0,2.23187,1.20371,1.028160,1,0,40.2754,0,0,0,40.2754,0
80.0936,2.98833,0,0,2.07575,0.281854,0.36288,3.6288,61.308,0.418119,0,0,1.15146,0.269288,0.464055,0.66528,12.849,1,0.470259,0.36288,0,39.1539,5.03587,34.0106,0.84672,12.849,0.84672,3695.15,0,0,0,0.934528,1.76552,3.32871,1.14895,4.87981,0.42336,0,0.42336,460.49,0,1.02816,0,0,1.96269,0.934528,1.028160,1,0,39.3545,0,0,0,39.3545,0
77.7786,2.89676,0,0,1.25195,0.307296,0.36288,3.6288,61.308,0.39624,0,0,0.757953,0.282657,0.0790557,0.66528,12.849,1,0.464712,0.36288,0,20.4674,5.37117,14.9944,0.84672,12.849,0.84672,3695.15,0,0,0,0.216518,1.76553,3.01997,1.15373,3.8483,0.42336,0,0.42336,460.49,0,0.997419,0,0,1.21394,0.216518,1.028160,1,0,18.9217,0,0,0,18.9217,0
76.0332,2.88492,0,0,1.80281,0.3004,0.36288,3.6288,61.308,0.365509,0,0,1.22974,0.282657,0.581574,0.66528,12.849,1,0.476587,0.36288,0,36.8536,5.37117,31.3687,0.84672,12.849,0.84672,3695.15,0,0,0,0.904729,1.70668,4.76509,1.15373,6.22277,0.42336,0,0.42336,460.49,0,1.02816,0,0,1.93289,0.904729,1.028160,1,0,38.173,0,0,0,38.173,0
76.0603,2.87559,0,0,3.64141,0.375868,0.36288,3.6288,61.308,0.365519,0,0,2.08368,0.2657,1.45246,0.66528,12.849,1,0.485951,0.36288,0,47.9287,4.87074,42.9349,0.84672,12.849,0.84672,3695.15,0,0,0,1.24246,1.70669,7.72588,1.08105,9.59399,0.42336,0,0.42336,460.49,0,1.02816,0,0,2.27062,1.24246,1.028160,1,0,53.9813,0,0,0,53.9813,0
75.9132,2.87576,0,0,3.47285,0.381314,0.36288,3.6288,61.308,0.365529,0,0,1.71231,0.259445,1.08734,0.66528,12.849,1,0.485808,0.36288,0,46.4982,4.71217,41.6631,0.84672,12.849,0.84672,3695.15,0,0,0,1.56949,1.70671,4.87965,1.07472,7.08113,0.42336,0,0.42336,460.49,0,1.02816,0,0,2.59765,1.56949,1.028160,1,0,49.8316,0,0,0,49.8316,0
74.7897,2.63899,0,0,2.29111,0.412758,0.36288,3.6288,61.308,0.255922,0,0,1.99682,0.221915,1.51898,0.66528,12.849,1,0.446673,0.36288,0,42.943,3.76078,39.0984,0.84672,12.849,0.84672,3695.15,0,0,0,2.0531,1.70672,5.05565,1.03676,7.77871,0.42336,0,0.42336,460.49,0,1.02816,0,0,3.08126,2.0531,1.028160,1,0,48.3961,0,0,0,48.3961,0
73.1937,2.63329,0,0,1.80832,0.408073,0.36288,3.6288,61.308,0.255931,0,0,1.59721,0.221915,1.11936,0.66528,12.849,1,0.452404,0.36288,0,29.8262,3.76078,25.9759,0.84672,12.849,0.84672,3695.15,0,0,0,1.52529,1.57034,5.2226,1.03676,7.28147,0.42336,0,0.42336,460.49,0,1.02816,0,0,2.55345,1.52529,1.028160,1,0,34.3768,0,0,0,34.3768,0
71.3454,2.62493,0,0,1.53621,0.396745,0.36288,3.6288,61.308,0.25594,0,0,1.89051,0.231571,1.403,0.66528,12.849,1,0.4608,0.36288,0,33.226,4.0921,29.036,0.84672,12.849,0.84672,3695.15,0,0,0,2.02732,1.57035,9.64435,1.11346,12.1286,0.42336,0,0.42336,460.49,0,1.02816,0,0,3.05548,2.02732,1.028160,1,0,42.5675,0,0,0,42.5675,0
70.1955,2.61484,0,0,2.10628,0.278509,0.36288,3.6288,61.308,0.255949,0,0,1.99094,0.255711,1.47928,0.66528,12.849,1,0.470921,0.36288,0,51.3638,4.92041,46.3354,0.84672,12.849,0.84672,3695.15,0,0,0,1.91487,1.57036,8.06368,1.30523,10.2437,0.42336,0,0.42336,460.49,0,1.02816,0,0,2.94303,1.91487,1.028160,1,0,58.0584,0,0,0,58.0584,0
71.2345,2.60834,0,0,4.30137,0.29109,0.36288,3.6288,61.308,0.255959,0,0,2.43251,0.232615,1.94394,0.66528,12.849,1,0.477447,0.36288,0,70.2788,4.7194,65.4448,0.84672,12.849,0.84672,3695.15,0,0,0,3.21587,1.57037,7.56571,1.10188,11.2501,0.42336,0,0.42336,460.49,0,1.02816,0,0,4.24403,3.21587,1.028160,1,0,78.6388,0,0,0,78.6388,0
73.0998,2.70418,0,0,5.23185,0.299481,0.36288,3.6288,61.308,0.287707,0,0,2.05337,0.223377,1.54228,0.66528,12.849,1,0.48777,0.36288,0,141.35,4.639,136.587,0.84672,12.849,0.84672,3695.15,0,0,0,2.7245,1.57039,9.30407,1.02054,12.5784,0.42336,0,0.42336,460.49,0,1.02816,0,0,3.75266,2.7245,1.028160,1,0,150.707,0,0,0,150.707,0
73.6954,2.97196,0,0,4.3444,0.414005,0.36288,3.6288,61.308,0,0,0,1.6525,0.223377,1.42912,0.66528,12.849,1,0.522392,0.36288,0,92.1361,4.639,87.3376,0.84672,12.849,0.84672,3695.15,0,0,0,2.69956,1.61481,6.63647,1.02054,9.93031,0.42336,0,0.42336,460.49,0,1.01347,0,0,3.71303,2.69956,1.028160,1,0,98.697,0,0,0,98.697,0
73.7865,2.97556,0,0,3.8503,0.420747,0.36288,3.6288,61.308,0,0,0,1.42766,0.201212,1.22645,0.66528,12.849,1,0.518798,0.36288,0,81.1547,4.29496,76.7038,0.84672,12.849,0.84672,3695.15,0,0,0,2.13381,1.43785,5.88457,0.92861,8.52762,0.42336,0,0.42336,460.49,0,1.01347,0,0,3.14728,2.13381,1.028160,1,0,86.4578,0,0,0,86.4578,0
75.1715,2.97611,0,0,5.15139,0.427345,0.36288,3.6288,61.308,0,0,0,1.44342,0.200626,1.2428,0.66528,12.849,1,0.518253,0.36288,0,91.9037,4.20148,87.5468,0.84672,12.849,0.84672,3695.15,0,0,0,2.81243,1.43785,6.33099,0.960287,9.62099,0.42336,0,0.42336,460.49,0,1.01347,0,0,3.8259,2.81243,1.028160,1,0,98.4106,0,0,0,98.4106,0
76.1024,3.27535,0,0,5.01037,0.441229,0.36288,3.6288,61.308,0.104475,0,0,0.985193,0.240719,0.639999,0.66528,12.849,1,0.559852,0.36288,0,100.033,4.61286,95.2232,0.84672,12.849,0.84672,3695.15,0,0,0,1.63541,1.43785,5.82513,1.21184,7.68655,0.42336,0,0.42336,460.49,0,1.02816,0,0,2.66357,1.63541,1.028160,1,0,103.55,0,0,0,103.55,0
76.7859,3.28121,0,0,4.77298,0.44541,0.36288,3.6288,61.308,0.104476,0,0,1.19057,0.240719,0.845371,0.66528,12.849,1,0.553994,0.36288,0,101.483,4.61286,96.6789,0.84672,12.849,0.84672,3695.15,0,0,0,1.87612,1.59379,5.7613,1.21184,8.01936,0.42336,0,0.42336,460.49,0,1.02816,0,0,2.90428,1.87612,1.028160,1,0,105.544,0,0,0,105.544,0
78.935,3.02639,0,0,5.98683,0.448479,0.36288,3.6288,61.308,0.406877,0,0,1.78375,0.240719,1.13616,0.66528,12.849,1,0.506422,0.36288,0,116.243,4.61286,111.487,0.84672,12.849,0.84672,3695.15,0,0,0,3.85158,1.59379,8.5117,1.21184,12.7452,0.42336,0,0.42336,460.49,0,1.02816,0,0,4.87974,3.85158,1.028160,1,0,125.368,0,0,0,125.368,0
81.013,3.29832,0,0,6.2127,0.473486,0.36288,3.6288,61.308,0.104479,0,0,1.55269,0.22654,1.22167,0.66528,12.849,1,0.536898,0.36288,0,112.478,4.1595,108.145,0.84672,12.849,0.84672,3695.15,0,0,0,3.20804,1.77076,8.79379,1.09016,12.6824,0.42336,0,0.42336,460.49,0,1.02816,0,0,4.2362,3.20804,1.028160,1,0,122.049,0,0,0,122.049,0
86.2697,2.89062,0,0,8.9977,0.48751,0.36288,3.6288,61.308,0,0,0,2.59356,0.202772,2.39079,0.66528,12.849,1,0.458464,0.36288,0,103.773,3.02988,100.648,0.84672,12.849,0.84672,3695.15,0,0,0,5.26776,1.5938,14.2086,0.773209,20.2969,0.42336,0,0.42336,460.49,0,0.972722,0,0,6.24048,5.26776,1.028160,1,0,123.336,0,0,0,123.336,0
87.2616,2.91494,0,0,4.78186,0.512132,0.36288,3.6288,61.308,0,0,0,1.14121,0.202772,0.938442,0.66528,12.849,1,0.43415,0.36288,0,131.293,3.02988,128.191,0.84672,12.849,0.84672,3695.15,0,0,0,1.70537,1.37914,7.36563,0.773209,9.67694,0.42336,0,0.42336,460.49,0,0.972723,0,0,2.6781,1.70537,1.028160,1,0,138.807,0,0,0,138.807,0
87.8063,2.65565,0,0,3.9778,0.414578,0.36288,3.6288,61.308,0.246964,0,0,0.876753,0.202015,0.427774,0.66528,12.849,1,0.391037,0.36288,0,92.81,3.46423,89.3176,0.84672,12.849,0.84672,3695.15,0,0,0,1.27927,1.37914,5.47001,0.894325,7.2341,0.42336,0,0.42336,460.49,0,1.02816,0,0,2.30743,1.27927,1.028160,1,0,96.9795,0,0,0,96.9795,0
89.1717,2.65777,0,0,4.83285,0.446849,0.36288,3.6288,61.308,0.246965,0,0,2.33086,0.257157,1.82673,0.66528,12.849,1,0.388921,0.36288,0,74.8604,4.8572,69.9772,0.84672,12.849,0.84672,3695.15,0,0,0,2.85364,1.55611,9.62788,1.17272,12.8649,0.42336,0,0.42336,460.49,0,1.02816,0,0,3.8818,2.85364,1.028160,1,0,84.6688,0,0,0,84.6688,0
92.2585,2.9273,0,0,6.79012,0.413112,0.36288,3.6288,61.308,0,0,0,1.8458,0.209623,1.63617,0.66528,12.849,1,0.421802,0.36288,0,89.1397,4.30613,84.7747,0.84672,12.849,0.84672,3695.15,0,0,0,2.79598,1.55611,9.2327,1.09465,12.4901,0.42336,0,0.42336,460.49,0,0.972727,0,0,3.76871,2.79598,1.028160,1,0,98.901,0,0,0,98.901,0
97.506,2.78166,0,0,8.91259,0.417753,0.465667,3.6288,61.308,0.28609,0,0,3.20106,0.201701,2.71327,0.66528,12.849,1,0.387407,0.465667,0,199.015,4.21428,194.879,0.84672,12.849,0.84672,3695.15,0,0,0,5.41376,1.37915,17.5183,1.08164,23.2296,0.42336,0,0.42336,460.49,0,1.02816,0,0,6.44192,5.41376,1.028160,1,0,220.822,0,0,0,220.822,0
97.506,2.80009,0,0,6.26044,0.436762,3.02359,3.6288,61.308,0.286091,0,0,1.28589,0.201701,0.798099,0.66528,12.849,1,0.368986,3.02359,0,149.356,4.21428,147.797,0.84672,12.849,0.84672,3695.15,0,0,0,2.36155,1.60927,7.5492,1.08164,10.4384,0.42336,0,0.42336,460.49,0,1.02816,0,0,3.38971,2.36155,1.028160,1,0,159.033,0,0,0,159.033,0
97.506,2.80009,0,0,5.74354,0.422411,2.52103,3.6288,61.308,0.286093,0,0,1.08287,0.20718,0.589596,0.66528,12.849,1,0.368987,2.52103,0,133.41,4.32225,131.24,0.84672,12.849,0.84672,3695.15,0,0,0,1.88169,1.60928,6.53659,1.10156,8.926,0.42336,0,0.42336,460.49,0,1.02816,0,0,2.90985,1.88169,1.028160,1,0,140.756,0,0,0,140.756,0
97.506,2.8001,0,0,5.36201,0.316723,2.24519,3.6288,61.308,0.286094,0,0,1.30541,0.207788,0.811527,0.66528,12.849,1,0.368987,2.24519,0,120.789,4.40325,118.262,0.84672,12.849,0.84672,3695.15,0,0,0,2.2469,1.60928,7.48338,1.13175,10.2078,0.42336,0,0.42336,460.49,0,1.02816,0,0,3.27506,2.2469,1.028160,1,0,129.281,0,0,0,129.281,0
97.506,2.75783,0,0,5.15355,0.302038,2.09369,3.6288,61.308,0.2709,0,0,1.49587,0.183587,1.04138,0.66528,12.849,1,0.363417,2.09369,0,102.041,3.97814,99.7931,0.84672,12.849,0.84672,3695.15,0,0,0,2.64571,1.60928,8.55576,1.06477,11.746,0.42336,0,0.42336,460.49,0,1.02816,0,0,3.67387,2.64571,1.028160,1,0,112.58,0,0,0,112.58,0
97.506,2.75783,0,0,4.68705,0.302038,1.62719,3.6288,61.308,0.270902,0,0,1.39849,0.183587,0.943999,0.66528,12.849,1,0.363417,1.62719,0,94.7091,3.97814,91.9947,0.84672,12.849,0.84672,3695.15,0,0,0,2.53638,1.58858,7.93999,1.06477,11.0002,0.42336,0,0.42336,460.49,0,1.02816,0,0,3.56454,2.53638,1.028160,1,0,103.939,0,0,0,103.939,0
97.506,2.75783,0,0,4.26037,0.302038,1.2005,3.6288,61.308,0.270903,0,0,1.17075,0.183587,0.716264,0.66528,12.849,1,0.363418,1.2005,0,87.3789,3.97814,84.2379,0.84672,12.849,0.84672,3695.15,0,0,0,1.9992,1.58858,7.16265,1.06477,9.68565,0.42336,0,0.42336,460.49,0,1.02816,0,0,3.02736,1.9992,1.028160,1,0,94.6398,0,0,0,94.6398,0
97.506,2.75784,0,0,4.09934,0.246423,1.09508,3.6288,61.308,0.270904,0,0,1.10904,0.197387,0.640748,0.66528,12.849,1,0.363418,1.09508,0,80.7183,4.19022,77.2598,0.84672,12.849,0.84672,3695.15,0,0,0,1.90896,1.58858,6.9984,1.01127,9.48466,0.42336,0,0.42336,460.49,0,1.02816,0,0,2.93712,1.90896,1.028160,1,0,87.3852,0,0,0,87.3852,0
97.506,2.90134,0,0,3.87266,0.26647,0.704846,3.6288,61.308,0.32479,0,0,1.12257,0.21279,0.584989,0.66528,12.849,1,0.382328,0.704846,0,66.0001,4.52337,61.7992,0.84672,12.849,0.84672,3695.15,0,0,0,1.75517,1.58858,6.13501,1.06105,8.41772,0.42336,0,0.42336,460.49,0,1.02816,0,0,2.78333,1.75517,1.028160,1,0,70.802,0,0,0,70.802,0
97.4495,2.90134,0,0,3.39364,0.185945,0.36288,3.6288,61.308,0.324792,0,0,0.893462,0.206043,0.362627,0.66528,12.849,1,0.382329,0.36288,0,57.1318,4.33335,52.779,0.84672,12.849,0.84672,3695.15,0,0,0,1.70744,1.66065,5.60548,1.02383,7.94974,0.42336,0,0.42336,460.49,0,1.02816,0,0,2.7356,1.70744,1.028160,1,0,61.0914,0,0,0,61.0914,0
97.2603,2.90115,0,0,3.24762,0.172777,0.36288,3.6288,61.308,0.324793,0,0,0.93941,0.207828,0.406789,0.66528,12.849,1,0.382525,0.36288,0,53.6794,4.38753,49.2722,0.84672,12.849,0.84672,3695.15,0,0,0,1.69211,1.66065,5.83972,1.0138,8.17868,0.42336,0,0.42336,460.49,0,1.02816,0,0,2.72027,1.69211,1.028160,1,0,57.8577,0,0,0,57.8577,0
96.9269,2.9005,0,0,3.1025,0.172506,0.36288,3.6288,61.308,0.324794,0,0,0.943393,0.207828,0.41077,0.66528,12.849,1,0.383183,0.36288,0,50.4348,4.38753,46.027,0.84672,12.849,0.84672,3695.15,0,0,0,1.57228,1.66065,5.61539,1.0138,7.83452,0.42336,0,0.42336,460.49,0,1.02816,0,0,2.60044,1.57228,1.028160,1,0,54.2722,0,0,0,54.2722,0
95.8378,2.89934,0,0,2.35406,0.180921,0.36288,3.6288,61.308,0.324796,0,0,0.626404,0.263502,0.0381072,0.66528,12.849,1,0.384347,0.36288,0,43.5641,4.93527,38.6074,0.84672,12.849,0.84672,3695.15,0,0,0,0.749917,1.66065,3.63582,1.15134,4.89504,0.42336,0,0.42336,460.49,0,1.02816,0,0,1.77808,0.749917,1.028160,1,0,43.5405,0,0,0,43.5405,0
94.5788,2.86717,0,0,2.15175,0.180748,0.36288,3.6288,61.2438,0.354413,0,0,0.562997,0.27278,0,0.66528,12.849,1,0.384402,0.36288,0,41.065,5.02656,36.0169,0.84672,12.849,0.84672,3695.15,0,0,0,0.582215,1.66066,3.23328,1.17427,4.30188,0.42336,0,0.42336,460.49,0,1.02816,0,0,1.61038,0.582215,1.028160,1,0,40.3188,0,0,0,40.3188,0
93.2604,2.86267,0,0,2.03971,0.132568,0.36288,3.6288,61.1103,0.354415,0,0,0.536592,0.315698,0,0.66528,12.849,1,0.388908,0.36288,0,38.5885,5.79763,32.7648,0.84672,12.849,0.84672,3695.15,0,0,0,0.593853,1.67752,3.1563,1.40428,4.0234,0.42336,0,0.42336,460.49,0,1.02816,0,0,1.62201,0.593853,1.028160,1,0,36.7882,0,0,0,36.7882,0
91.7674,2.85784,0,0,1.87194,0.14416,0.36288,3.6288,60.9844,0.354416,0,0,0.528835,0.300304,0,0.66528,12.849,1,0.393741,0.36288,0,38.5983,5.81227,32.7551,0.84672,12.849,0.84672,3695.15,0,0,0,0.572443,1.67752,3.0414,1.36796,3.9234,0.42336,0,0.42336,460.49,0,1.02816,0,0,1.6006,0.572443,1.028160,1,0,36.6785,0,0,0,36.6785,0
90.1595,2.85223,0,0,1.74557,0.138344,0.36288,3.6288,60.7669,0.354417,0,0,0.435598,0.298713,0,0.66528,12.849,1,0.39936,0.36288,0,34.1192,5.69609,28.3866,0.84672,12.849,0.84672,3695.15,0,0,0,0.422781,1.67752,2.72499,1.39261,3.43268,0.42336,0,0.42336,460.49,0,1.02816,0,0,1.45094,0.422781,1.028160,1,0,31.8193,0,0,0,31.8193,0
88.4056,2.91859,0,0,1.65873,0.131193,0.36288,3.6288,60.4266,0.380813,0,0,0.337068,0.296502,0,0.66528,12.849,1,0.41594,0.36288,0,30.8422,5.54116,25.248,0.84672,12.849,0.84672,3695.15,0,0,0,0.381594,1.67753,2.61977,1.42548,3.25341,0.42336,0,0.42336,460.49,0,1.02816,0,0,1.40975,0.381594,1.028160,1,0,28.5014,0,0,0,28.5014,0
86.5196,2.91139,0,0,1.5174,0.129161,0.36288,3.6288,60.0667,0.380815,0,0,0.316804,0.295862,0,0.66528,12.849,1,0.423146,0.36288,0,28.9985,5.54116,23.3971,0.84672,12.849,0.84672,3695.15,0,0,0,0.35513,1.71346,2.66655,1.42548,3.30966,0.42336,0,0.42336,460.49,0,1.02816,0,0,1.38329,0.35513,1.028160,1,0,26.7067,0,0,0,26.7067,0
84.5003,2.90336,0,0,1.37392,0.126976,0.36288,3.6288,59.6801,0.394122,0,0,0.302691,0.295185,0,0.66528,12.849,1,0.431178,0.36288,0,27.3111,5.54116,21.7017,0.84672,12.849,0.84672,3695.15,0,0,0,0.227405,1.71347,2.47933,1.42548,2.99471,0.42336,0,0.42336,460.49,0,1.01485,0,0,1.24226,0.227405,1.028160,1,0,24.6964,0,0,0,24.6964,0
82.0799,3.15691,0,0,1.20153,0.102082,0.36288,3.6288,59.567,0.111543,0,0,0.300545,0.302148,0,0.66528,12.849,1,0.480036,0.36288,0,26.0061,5.76549,20.1234,0.84672,12.849,0.84672,3695.15,0,0,0,0.227405,1.71347,2.50585,1.4703,2.97642,0.42336,0,0.42336,460.49,0,0.995034,0,0,1.22244,0.227405,1.028160,1,0,23.0998,0,0,0,23.0998,0
79.8878,3.09323,0,0,1.39882,0.13484,0.36288,3.6288,59.0852,0.476091,0,0,0.283611,0.28934,0,0.66528,12.849,1,0.484222,0.36288,0,29.5948,5.23667,24.2368,0.84672,12.849,0.84672,3695.15,0,0,0,0.26015,1.53651,2.44604,1.36927,2.87343,0.42336,0,0.42336,460.49,0,1.02816,0,0,1.28831,0.26015,1.028160,1,0,27.1102,0,0,0,27.1102,0
77.33,3.34229,0,0,1.27938,0.132029,0.36288,3.6288,58.8439,0.221808,0,0,0.26902,0.288449,0,0.66528,12.849,1,0.537567,0.36288,0,29.5319,5.23667,24.1205,0.84672,12.849,0.84672,3695.15,0,0,0,0.227405,1.8326,2.3937,1.36927,3.08444,0.42336,0,0.42336,460.49,0,0.980044,0,0,1.20745,0.227405,1.028160,1,0,27.205,0,0,0,27.205,0
75.054,3.32704,0,0,1.54272,0.128749,0.36288,3.6288,58.6578,0.173694,0,0,0.275583,0.288003,0,0.66528,12.849,1,0.552815,0.36288,0,29.383,5.23667,23.9564,0.84672,12.849,0.84672,3695.15,0,0,0,0.274787,1.65564,3.45416,1.36927,4.01531,0.42336,0,0.42336,460.49,0,1.02816,0,0,1.30295,0.274787,1.028160,1,0,27.9717,0,0,0,27.9717,0
72.6069,3.31273,0,0,1.35428,0.12583,0.36288,3.6288,58.4727,0.173695,0,0,0.276258,0.287659,0,0.66528,12.849,1,0.567129,0.36288,0,27.726,5.23667,22.2851,0.84672,12.849,0.84672,3695.15,0,0,0,0.232865,1.65564,2.53923,1.36927,3.05846,0.42336,0,0.42336,460.49,0,1.02816,0,0,1.26103,0.232865,1.028160,1,0,25.3436,0,0,0,25.3436,0
69.9884,3.2965,0,0,1.18109,0.140177,0.36288,3.6288,58.3677,0.173697,0,0,0.357532,0.288848,0,0.66528,12.849,1,0.58337,0.36288,0,21.6056,5.22226,16.1629,0.84672,12.849,0.84672,3695.15,0,0,0,0.868476,1.65564,2.26282,1.3873,3.39963,0.42336,0,0.42336,460.49,0,1.02816,0,0,1.89664,0.868476,1.028160,1,0,19.5625,0,0,0,19.5625,0
67.4538,3.17804,0,0,1.10891,0.102536,0.36288,3.6288,58.1866,0.115871,0,0,0.224006,0.289209,0,0.66528,12.849,1,0.583449,0.36288,0,20.8259,5.20096,15.4043,0.84672,12.849,0.84672,3695.15,0,0,0,0.370526,1.65564,1.69944,1.39755,2.32806,0.42336,0,0.42336,460.49,0,1.02816,0,0,1.39869,0.370526,1.028160,1,0,17.7324,0,0,0,17.7324,0
64.7329,3.15963,0,0,0.902068,0.100529,0.36288,3.6288,57.8137,0.268455,0,0,0.184373,0.288872,0,0.66528,12.849,1,0.601865,0.36288,0,19.1242,5.20096,13.6843,0.84672,12.849,0.84672,3695.15,0,0,0,0.216518,1.58878,1.53552,1.39755,1.94327,0.42336,0,0.42336,460.49,0,0.875578,0,0,1.0921,0.216518,1.028160,1,0,15.6275,0,0,0,15.6275,0
62.5495,3.13853,0,0,1.49038,0.172382,0.36288,3.6288,57.7481,0.115874,0,0,0.2792,0.228871,0,0.66528,12.849,1,0.622975,0.36288,0,27.227,4.37044,22.5964,0.84672,12.849,0.84672,3695.15,0,0,0,0.359968,1.58878,2.03423,1.13796,2.84502,0.42336,0,0.42336,460.49,0,1.02816,0,0,1.38813,0.359968,1.028160,1,0,25.4415,0,0,0,25.4415,0
61.5689,3.12049,0,0,2.72865,0.225847,0.36288,3.6288,57.8452,0.115876,0,0,0.411596,0.198638,0,0.66528,12.849,1,0.641016,0.36288,0,59.7643,3.78421,55.702,0.84672,12.849,0.84672,3695.15,0,0,0,0.523124,1.58879,4.40338,0.958901,5.55639,0.42336,0,0.42336,460.49,0,1.02816,0,0,1.55128,0.523124,1.028160,1,0,61.2584,0,0,0,61.2584,0
58.7432,3.03166,0,0,0.797698,0.228905,0.36288,3.6288,57.3195,0.570201,0,0,0.27912,0.234596,0,0.66528,12.849,1,0.632686,0.36288,0,28.9994,3.87586,24.8537,0.84672,12.849,0.84672,3695.15,0,0,0,0.216518,1.58879,2.95049,0.997987,3.75781,0.42336,0,0.42336,460.49,0,0.521199,0,0,0.737718,0.216518,1.028160,1,0,28.6115,0,0,0,28.6115,0
57.1311,3.00669,0,0,1.98065,0.223141,0.36288,3.6288,57.7628,0.0632415,0,0,0.74031,0.233799,0,0.66528,12.849,1,0.657659,0.36288,0,47.8838,3.87586,43.7132,0.84672,12.849,0.84672,3695.15,0,0,0,1.01124,1.52991,4.51352,0.997987,6.05669,0.42336,0,0.42336,460.49,0,1.02816,0,0,2.0394,1.01124,1.028160,1,0,49.7699,0,0,0,49.7699,0
56.3138,2.99154,0,0,2.75676,0.219659,0.36288,3.6288,58.4917,0.0632428,0,0,1.02666,0.234471,0,0.66528,12.849,1,0.672809,0.36288,0,72.2722,3.87586,68.0864,0.84672,12.849,0.84672,3695.15,0,0,0,2.62191,1.52992,6.11295,0.997987,9.26679,0.42336,0,0.42336,460.49,0,1.02816,0,0,3.65007,2.62191,1.028160,1,0,77.3532,0,0,0,77.3532,0
55.1714,2.9836,0,0,2.46472,0.260595,0.36288,3.6288,59.0764,0.0632442,0,0,0.899402,0.251479,0,0.66528,12.849,1,0.680761,0.36288,0,36.7278,3.446,32.9639,0.84672,12.849,0.84672,3695.15,0,0,0,1.62171,1.52992,4.98633,0.849502,7.28846,0.42336,0,0.42336,460.49,0,1.02816,0,0,2.64987,1.62171,1.028160,1,0,40.2524,0,0,0,40.2524,0
54.1101,2.74833,0,0,2.30116,0.251292,0.36288,3.6288,59.5784,0,0,0,0.739971,0.238021,0,0.66528,12.849,1,0.640064,0.36288,0,36.0923,4.17207,31.643,0.84672,12.849,0.84672,3695.15,0,0,0,1.61627,1.52992,6.17747,1.06023,8.26343,0.42336,0,0.42336,460.49,0,0.981777,0,0,2.59805,1.61627,1.028160,1,0,39.9065,0,0,0,39.9065,0
54.9746,2.73819,0,0,4.21417,0.248618,0.36288,3.6288,59.8964,0,0,0,0.556817,0.238787,0,0.66528,12.849,1,0.650211,0.36288,0,98.8157,4.17207,94.3563,0.84672,12.849,0.84672,3695.15,0,0,0,1.85319,1.39351,6.66033,1.06023,8.84679,0.42336,0,0.42336,460.49,0,0.981779,0,0,2.83497,1.85319,1.028160,1,0,103.203,0,0,0,103.203,0
56.1454,2.74648,0,0,4.53102,0.250796,0.36288,3.6288,60.444,0,0,0,0.786904,0.239272,0,0.66528,12.849,1,0.641924,0.36288,0,102.164,4.17207,97.7128,0.84672,12.849,0.84672,3695.15,0,0,0,1.84799,1.39351,7.25751,1.06023,9.43878,0.42336,0,0.42336,460.49,0,0.98178,0,0,2.82977,1.84799,1.028160,1,0,107.152,0,0,0,107.152,0
55.4475,2.75737,0,0,2.68614,0.263807,0.36288,3.6288,60.6595,0,0,0,0.410396,0.194966,0,0.66528,12.849,1,0.631031,0.36288,0,71.6068,3.67707,67.6616,0.84672,12.849,0.84672,3695.15,0,0,0,0.987741,1.39351,5.8042,0.926021,7.25943,0.42336,0,0.42336,460.49,0,0.981781,0,0,1.96952,0.987741,1.028160,1,0,74.9211,0,0,0,74.9211,0
53.3686,2.75093,0,0,1.26889,0.234055,0.36288,3.6288,60.9493,0,0,0,0.488303,0.198468,0,0.66528,12.849,1,0.63748,0.36288,0,30.1223,3.67959,26.1681,0.84672,12.849,0.84672,3695.15,0,0,0,0.41331,1.39351,4.3562,0.938213,5.22481,0.42336,0,0.42336,460.49,0,0.981782,0,0,1.39509,0.41331,1.028160,1,0,31.3929,0,0,0,31.3929,0
51.22,2.81646,0,0,1.23828,0.207459,0.36288,3.6288,61.308,0,0,0,0.672827,0.206924,0.107207,0.66528,12.849,1,0.67809,0.36288,0,25.0337,3.74335,20.9751,0.84672,12.849,0.84672,3695.15,0,0,0,0.452822,1.39351,4.88636,0.964133,5.76856,0.42336,0,0.42336,460.49,0,1.01352,0,0,1.46635,0.452822,1.028160,1,0,26.8509,0,0,0,26.8509,0
49.7208,2.7937,0,0,1.87002,0.212712,0.36288,3.6288,61.308,0,0,0,0.747379,0.208569,0.53881,0.66528,12.849,1,0.700825,0.36288,0,40.9966,3.81073,36.8479,0.84672,12.849,0.84672,3695.15,0,0,0,0.574393,1.43793,6.04053,1.00183,7.05101,0.42336,0,0.42336,460.49,0,1.01352,0,0,1.58791,0.574393,1.028160,1,0,44.4378,0,0,0,44.4378,0
48.6673,2.77689,0,0,2.35356,0.267286,0.36288,3.6288,61.308,0,0,0,0.756233,0.215616,0.540617,0.66528,12.849,1,0.717613,0.36288,0,53.926,4.21502,49.3563,0.84672,12.849,0.84672,3695.15,0,0,0,0.627,1.43792,6.01069,1.22804,6.84757,0.42336,0,0.42336,460.49,0,1.01351,0,0,1.64051,0.627,1.028160,1,0,56.7445,0,0,0,56.7445,0
47.1041,2.76458,0,0,1.82973,0.265423,0.36288,3.6288,61.308,0,0,0,0.989417,0.213248,0.77617,0.66528,12.849,1,0.729897,0.36288,0,42.0549,4.21456,37.4733,0.84672,12.849,0.84672,3695.15,0,0,0,1.14962,1.43791,5.96063,1.21102,7.33715,0.42336,0,0.42336,460.49,0,1.0135,0,0,2.16313,1.14962,1.028160,1,0,45.5866,0,0,0,45.5866,0
46.7918,3.01333,0,0,3.33157,0.267696,0.36288,3.6288,61.308,0.104503,0,0,1.17013,0.199039,0.86659,0.66528,12.849,1,0.821971,0.36288,0,69.7077,4.21186,65.0367,0.84672,12.849,0.84672,3695.15,0,0,0,1.43531,1.4379,8.26027,1.1089,10.0246,0.42336,0,0.42336,460.49,0,1.02816,0,0,2.46347,1.43531,1.028160,1,0,75.9279,0,0,0,75.9279,0
44.6689,3.009,0,0,1.51101,0.262001,0.36288,3.6288,61.308,0.191655,0,0,0.734696,0.201099,0.341942,0.66528,12.849,1,0.82627,0.36288,0,34.357,4.19937,29.6943,0.84672,12.849,0.84672,3695.15,0,0,0,0.503194,1.59383,4.92061,1.10053,5.91711,0.42336,0,0.42336,460.49,0,0.941,0,0,1.44419,0.503194,1.028160,1,0,35.9533,0,0,0,35.9533,0
42.8605,2.97848,0,0,1.76086,0.227883,0.36288,3.6288,61.308,0.140508,0,0,0.747958,0.213458,0.393993,0.66528,12.849,1,0.85676,0.36288,0,36.9061,4.1244,32.2878,0.84672,12.849,0.84672,3695.15,0,0,0,0.608429,1.59382,6.14657,1.05032,7.2985,0.42336,0,0.42336,460.49,0,0.99214,0,0,1.60057,0.608429,1.028160,1,0,39.9803,0,0,0,39.9803,0
40.9807,2.95065,0,0,1.65941,0.225724,0.36288,3.6288,61.308,0.10448,0,0,1.16508,0.209421,0.851177,0.66528,12.849,1,0.884566,0.36288,0,42.5775,4.08837,37.9674,0.84672,12.849,0.84672,3695.15,0,0,0,0.76324,1.59381,5.5159,1.02892,6.84403,0.42336,0,0.42336,460.49,0,1.02816,0,0,1.7914,0.76324,1.028160,1,0,45.6626,0,0,0,45.6626,0
40.7677,2.54965,0,0,2.93514,0.235539,0.36288,3.6288,61.308,0,0,0,0.990516,0.185205,0.805311,0.66528,12.849,1,0.799411,0.36288,0,61.4011,3.87219,57.0924,0.84672,12.849,0.84672,3695.15,0,0,0,0.914304,1.5938,6.67387,0.900528,8.28145,0.42336,0,0.42336,460.49,0,0.972715,0,0,1.88702,0.914304,1.028160,1,0,66.1791,0,0,0,66.1791,0
40.21,2.54645,0,0,2.58656,0.234946,0.36288,3.6288,61.308,0,0,0,1.20935,0.185205,1.02414,0.66528,12.849,1,0.802581,0.36288,0,74.7498,3.87219,70.4379,0.84672,12.849,0.84672,3695.15,0,0,0,1.16737,1.37913,8.21033,0.900528,9.85631,0.42336,0,0.42336,460.49,0,0.972708,0,0,2.14008,1.16737,1.028160,1,0,81.3184,0,0,0,81.3184,0
41.0324,2.538,0,0,3.95671,0.233393,0.36288,3.6288,61.308,0,0,0,1.44232,0.185205,1.25711,0.66528,12.849,1,0.811011,0.36288,0,131.433,3.87219,127.112,0.84672,12.849,0.84672,3695.15,0,0,0,1.3896,1.37912,10.2551,0.900528,12.1233,0.42336,0,0.42336,460.49,0,0.972702,0,0,2.3623,1.3896,1.028160,1,0,140.493,0,0,0,140.493,0
42.6443,2.55036,0,0,4.7608,0.235683,0.36288,3.6288,61.308,0,0,0,1.29769,0.185205,1.11249,0.66528,12.849,1,0.798627,0.36288,0,136.174,3.87219,131.866,0.84672,12.849,0.84672,3695.15,0,0,0,1.51021,1.37911,11.3962,0.900528,13.385,0.42336,0,0.42336,460.49,0,0.972695,0,0,2.4829,1.51021,1.028160,1,0,146.364,0,0,0,146.364,0
43.7135,2.57354,0,0,4.23972,0.234071,0.36288,3.6288,61.308,0,0,0,1.78478,0.184667,1.60012,0.66528,12.849,1,0.775424,0.36288,0,112.008,4.05627,107.539,0.84672,12.849,0.84672,3695.15,0,0,0,1.68577,1.3791,10.4782,0.889155,12.6539,0.42336,0,0.42336,460.49,0,0.972688,0,0,2.65846,1.68577,1.028160,1,0,121.793,0,0,0,121.793,0
44.4432,2.68275,0,0,4.01308,0.237803,0.36288,3.6288,61.308,0,0,0,2.77105,0.16113,2.60992,0.66528,12.849,1,0.788558,0.36288,0,128.269,3.61158,124.232,0.84672,12.849,0.84672,3695.15,0,0,0,2.69482,1.3791,15.0281,0.743321,18.3587,0.42336,0,0.42336,460.49,0,1.0118,0,0,3.70662,2.69482,1.028160,1,0,145.201,0,0,0,145.201,0
44.3806,2.69277,0,0,3.2328,0.239789,0.36288,3.6288,61.308,0,0,0,2.41394,0.16113,2.25281,0.66528,12.849,1,0.77851,0.36288,0,154.694,3.61158,150.667,0.84672,12.849,0.84672,3695.15,0,0,0,3.19722,1.43224,12.087,0.743321,15.9731,0.42336,0,0.42336,460.49,0,1.0118,0,0,4.20901,3.19722,1.028160,1,0,168.893,0,0,0,168.893,0
43.5566,2.6919,0,0,2.45926,0.22848,0.36288,3.6288,61.308,0,0,0,1.66813,0.121629,1.5465,0.66528,12.849,1,0.779356,0.36288,0,110.991,2.5324,108.042,0.84672,12.849,0.84672,3695.15,0,0,0,1.96982,1.43223,9.06535,0.592352,11.875,0.42336,0,0.42336,460.49,0,1.01179,0,0,2.9816,1.96982,1.028160,1,0,121.464,0,0,0,121.464,0
42.7884,2.6805,0,0,2.45001,0.174737,0.36288,3.6288,61.308,0,0,0,1.40554,0.187077,1.21846,0.66528,12.849,1,0.790736,0.36288,0,88.0865,3.50592,84.1527,0.84672,12.849,0.84672,3695.15,0,0,0,1.53171,1.43222,7.70999,0.840144,9.83378,0.42336,0,0.42336,460.49,0,1.01178,0,0,2.54349,1.53171,1.028160,1,0,95.205,0,0,0,95.205,0
41.5718,2.63277,0,0,1.95441,0.175398,0.36288,3.6288,61.308,0,0,0,1.00098,0.203313,0.797665,0.66528,12.849,1,0.790599,0.36288,0,61.9595,4.19034,57.3415,0.84672,12.849,0.84672,3695.15,0,0,0,1.06103,1.43221,5.66432,0.918379,7.23919,0.42336,0,0.42336,460.49,0,0.996581,0,0,2.05762,1.06103,1.028160,1,0,65.3783,0,0,0,65.3783,0
40.1344,2.61508,0,0,1.71348,0.172929,0.36288,3.6288,61.308,0,0,0,0.943877,0.203313,0.740564,0.66528,12.849,1,0.808268,0.36288,0,56.5742,4.19034,51.9385,0.84672,12.849,0.84672,3695.15,0,0,0,0.812037,1.4115,5.27558,0.918379,6.58073,0.42336,0,0.42336,460.49,0,0.996574,0,0,1.80861,0.812037,1.028160,1,0,59.2598,0,0,0,59.2598,0
38.8669,2.59313,0,0,1.85851,0.170012,0.36288,3.6288,61.308,0,0,0,0.905688,0.203313,0.702375,0.66528,12.849,1,0.83019,0.36288,0,60.9877,4.19034,56.33,0.84672,12.849,0.84672,3695.15,0,0,0,0.472604,1.41149,5.77383,0.918379,6.73954,0.42336,0,0.42336,460.49,0,0.996568,0,0,1.46917,0.472604,1.028160,1,0,63.772,0,0,0,63.772,0
37.5332,2.57277,0,0,1.72204,0.120113,0.36288,3.6288,61.308,0,0,0,0.876112,0.233605,0.642507,0.66528,12.849,1,0.850532,0.36288,0,55.633,4.58439,50.561,0.84672,12.849,0.84672,3695.15,0,0,0,0.660721,1.41148,5.38875,1.00393,6.45702,0.42336,0,0.42336,460.49,0,0.996561,0,0,1.65728,0.660721,1.028160,1,0,57.6605,0,0,0,57.6605,0
35.6994,2.67121,0,0,1.32273,0.122419,0.36288,3.6288,61.308,0.0222732,0,0,0.721276,0.218412,0.480591,0.66528,12.849,1,0.914456,0.36288,0,42.9217,4.62588,37.7443,0.84672,12.849,0.84672,3695.15,0,0,0,0.5123,1.41147,4.25288,1.02277,5.15388,0.42336,0,0.42336,460.49,0,1.02816,0,0,1.54046,0.5123,1.028160,1,0,43.3787,0,0,0,43.3787,0
33.8625,2.63665,0,0,1.28247,0.119777,0.36288,3.6288,61.308,0.0832817,0,0,0.659586,0.218412,0.357893,0.66528,12.849,1,0.94899,0.36288,0,39.4596,4.62588,34.2476,0.84672,12.849,0.84672,3695.15,0,0,0,0.402797,1.48352,3.95568,1.02277,4.81923,0.42336,0,0.42336,460.49,0,0.967144,0,0,1.36994,0.402797,1.028160,1,0,39.4247,0,0,0,39.4247,0
31.9442,2.59932,0,0,1.14137,0.0975292,0.36288,3.6288,61.308,0.0392796,0,0,0.626064,0.237299,0.349486,0.66528,12.849,1,0.986301,0.36288,0,34.9086,4.84008,29.4451,0.84672,12.849,0.84672,3695.15,0,0,0,0.30119,1.48351,3.84803,1.07749,4.55524,0.42336,0,0.42336,460.49,0,1.01114,0,0,1.31233,0.30119,1.028160,1,0,34.3498,0,0,0,34.3498,0
30.024,2.55706,0,0,1.08061,0.0808741,0.36288,3.6288,61.308,0.116773,0,0,0.599972,0.251464,0.231735,0.66528,12.849,1,1.02853,0.36288,0,33.2624,5.00073,27.5961,0.84672,12.849,0.84672,3695.15,0,0,0,0.30119,1.4835,3.80556,1.11854,4.4717,0.42336,0,0.42336,460.49,0,0.933638,0,0,1.23483,0.30119,1.028160,1,0,32.2995,0,0,0,32.2995,0
28.3967,2.51098,0,0,1.32818,0.0816289,0.36288,3.6288,61.308,0.104886,0,0,0.556337,0.253315,0.198136,0.66528,12.849,1,1.07459,0.36288,0,32.9962,4.9117,27.3727,0.84672,12.849,0.84672,3695.15,0,0,0,0.30119,1.48349,3.5973,1.13917,4.24281,0.42336,0,0.42336,460.49,0,0.945518,0,0,1.24671,0.30119,1.028160,1,0,31.8137,0,0,0,31.8137,0
26.829,2.44645,0,0,1.32256,0.0809263,0.36288,3.6288,61.308,0.0924572,0,0,0.534487,0.254056,0.187974,0.66528,12.849,1,1.10698,0.36288,0,32.5418,4.87609,26.9216,0.84672,12.849,0.84672,3695.15,0,0,0,0.30119,1.48348,3.32618,1.14742,3.96342,0.42336,0,0.42336,460.49,0,0.987552,0,0,1.28874,0.30119,1.028160,1,0,31.073,0,0,0,31.073,0
25.1762,2.4027,0,0,1.19197,0.0791894,0.36288,3.6288,61.308,0.216624,0,0,0.497729,0.254056,0.0270489,0.66528,12.849,1,1.15071,0.36288,0,30.1613,4.87609,24.4974,0.84672,12.849,0.84672,3695.15,0,0,0,0.261274,1.50033,3.16692,1.14742,3.7811,0.42336,0,0.42336,460.49,0,0.863378,0,0,1.12465,0.261274,1.028160,1,0,28.3055,0,0,0,28.3055,0
23.5375,2.35267,0,0,1.13981,0.0629298,0.36288,3.6288,61.2388,0.230838,0,0,0.470549,0.308901,0,0.66528,12.849,1,1.20072,0.36288,0,27.1921,5.58185,20.7724,0.84672,12.849,0.84672,3695.15,0,0,0,0.261274,1.50032,3.00892,1.40504,3.36548,0.42336,0,0.42336,460.49,0,0.849157,0,0,1.11043,0.261274,1.028160,1,0,24.1379,0,0,0,24.1379,0
21.8436,2.29858,0,0,1.02263,0.0550976,0.36288,3.6288,61.0786,0.268311,0,0,0.439787,0.331678,0,0.66528,12.849,1,1.25478,0.36288,0,25.2744,5.96495,18.4176,0.84672,12.849,0.84672,3695.15,0,0,0,0.261274,1.50031,2.93735,1.4968,3.20213,0.42336,0,0.42336,460.49,0,0.811676,0,0,1.07295,0.261274,1.028160,1,0,21.6197,0,0,0,21.6197,0
20.1428,2.28951,0,0,1.00371,0.0520848,0.36288,3.6288,60.9243,0.237972,0,0,0.417469,0.333798,0,0.66528,12.849,1,1.34675,0.36288,0,24.3773,6.21694,17.1765,0.84672,12.849,0.84672,3695.15,0,0,0,0.261274,1.5003,2.76056,1.4686,3.05353,0.42336,0,0.42336,460.49,0,0.868398,0,0,1.12967,0.261274,1.028160,1,0,20.23,0,0,0,20.23,0
18.428,2.22007,0,0,0.919054,0.0508851,0.36288,3.6288,60.5755,0.401978,0,0,0.386664,0.333472,0,0.66528,12.849,1,1.41617,0.36288,0,23.1706,6.21694,15.9003,0.84672,12.849,0.84672,3695.15,0,0,0,0.261274,1.53622,2.42649,1.4686,2.75538,0.42336,0,0.42336,460.49,0,0.704385,0,0,0.965658,0.261274,1.028160,1,0,18.6557,0,0,0,18.6557,0
16.8495,2.14241,0,0,0.97105,0.0442678,0.36288,3.6288,60.5065,0.174971,0,0,0.443883,0.337891,0,0.66528,12.849,1,1.4938,0.36288,0,22.7248,6.3665,15.2274,0.84672,12.849,0.84672,3695.15,0,0,0,0.227405,1.53621,3.20992,1.49848,3.47505,0.42336,0,0.42336,460.49,0,0.931383,0,0,1.15879,0.227405,1.028160,1,0,18.7025,0,0,0,18.7025,0
15.3616,2.063,0,0,0.979474,0.0415186,0.36288,3.6288,60.4956,0.146443,0,0,0.434892,0.299436,0,0.66528,12.849,1,1.57319,0.36288,0,22.1678,6.37569,14.5818,0.84672,12.849,0.84672,3695.15,0,0,0,0.227405,1.5362,3.13991,1.53044,3.37306,0.42336,0,0.42336,460.49,0,0.959904,0,0,1.18731,0.227405,1.028160,1,0,17.9549,0,0,0,17.9549,0
13.827,2.11225,0,0,0.990386,0.0498153,0.36288,3.6288,60.1426,0.437478,0,0,0.380369,0.295852,0,0.66528,12.849,1,1.76676,0.36288,0,19.2161,6.066,11.7462,0.84672,12.849,0.84672,3695.15,0,0,0,0.227405,1.53619,3.28418,1.44528,3.60249,0.42336,0,0.42336,460.49,0,0.764113,0,0,0.991518,0.227405,1.028160,1,0,15.3487,0,0,0,15.3487,0
12.6668,1.85386,0,0,1.1037,0.0472424,0.36288,3.6288,59.7417,0.552935,0,0,0.449185,0.297167,0,0.66528,12.849,1,1.72273,0.36288,0,22.1599,6.08916,14.7109,0.84672,12.849,0.84672,3695.15,0,0,0,0.227405,1.65528,3.41622,1.44602,3.85288,0.42336,0,0.42336,460.49,0,0.951048,0,0,1.17845,0.227405,1.028160,1,0,18.5637,0,0,0,18.5637,0
11.3883,1.74462,0,0,0.87512,0.0460581,0.36288,3.6288,58.9784,0.804053,0,0,0.337147,0.296409,0,0.66528,12.849,1,1.76972,0.36288,0,24.3323,6.08916,16.8363,0.84672,12.849,0.84672,3695.15,0,0,0,0.204422,1.83223,2.74298,1.44602,3.3336,0.42336,0,0.42336,460.49,0,0.680651,0,0,0.885073,0.204422,1.028160,1,0,20.1699,0,0,0,20.1699,0
10.3638,1.68049,0,0,1.06366,0.0447531,0.36288,3.6288,58.7496,0.475807,0,0,0.542036,0.294964,0,0.66528,12.849,1,1.89604,0.36288,0,21.2103,6.08916,13.588,0.84672,12.849,0.84672,3695.15,0,0,0,0.439249,1.80567,3.95226,1.44602,4.75116,0.42336,0,0.42336,460.49,0,1.02816,0,0,1.46741,0.439249,1.028160,1,0,18.3392,0,0,0,18.3392,0
9.33242,1.5968,0,0,0.974592,0.0463398,0.36288,3.6288,58.4342,0.475798,0,0,0.45819,0.297813,0,0.66528,12.849,1,1.9797,0.36288,0,22.6541,5.62068,15.4166,0.84672,12.849,0.84672,3695.15,0,0,0,0.40284,1.83221,3.87509,1.39723,4.71291,0.42336,0,0.42336,460.49,0,1.02816,0,0,1.431,0.40284,1.028160,1,0,20.1295,0,0,0,20.1295,0
8.37582,1.45494,0,0,0.908237,0.0470096,0.36288,3.6288,58.1481,0.417978,0,0,0.431518,0.299666,0,0.66528,12.849,1,2.00319,0.36288,0,22.9692,5.26932,16.0596,0.84672,12.849,0.84672,3695.15,0,0,0,0.286848,1.8322,3.52877,1.36063,4.28719,0.42336,0,0.42336,460.49,0,1.02816,0,0,1.31501,0.286848,1.028160,1,0,20.3467,0,0,0,20.3467,0
7.66044,1.24565,0,0,0.947575,0.0544303,0.36288,3.6288,57.953,0.326252,0,0,0.415418,0.284256,0,0.66528,12.849,1,1.91089,0.36288,0,22.0779,5.06169,15.4682,0.84672,12.849,0.84672,3695.15,0,0,0,0.246586,1.76534,3.55109,1.29573,4.26729,0.42336,0,0.42336,460.49,0,1.02816,0,0,1.27475,0.246586,1.028160,1,0,19.7355,0,0,0,19.7355,0
8.76299,1.17898,0,0,2.74893,0.104518,0.36288,3.6288,58.4108,0.326245,0,0,0.97891,0.19486,0,0.66528,12.849,1,1.97753,0.36288,0,66.5427,3.81591,61.1121,0.84672,12.849,0.84672,3695.15,0,0,0,0.936308,1.63795,9.32688,0.906342,10.9948,0.42336,0,0.42336,460.49,0,1.02816,0,0,1.96447,0.936308,1.028160,1,0,72.1069,0,0,0,72.1069,0
8.98987,1.27986,0,0,1.97885,0.109236,0.36288,3.6288,58.5628,0.326237,0,0,0.67021,0.191971,0,0.66528,12.849,1,1.87663,0.36288,0,57.3733,3.79509,52.0645,0.84672,12.849,0.84672,3695.15,0,0,0,0.891924,1.63794,5.10355,0.907107,6.72631,0.42336,0,0.42336,460.49,0,1.02816,0,0,1.92008,0.891924,1.028160,1,0,58.7908,0,0,0,58.7908,0
10.259,1.26256,0,0,3.01176,0.117181,0.36288,3.6288,58.893,0.277828,0,0,0.779395,0.171349,0,0.66528,12.849,1,1.80455,0.36288,0,48.8653,3.67017,43.7535,0.84672,12.849,0.84672,3695.15,0,0,0,1.30874,1.63793,7.15745,0.911695,9.19244,0.42336,0,0.42336,460.49,0,1.02816,0,0,2.3369,1.30874,1.028160,1,0,52.9459,0,0,0,52.9459,0
11.5976,1.36166,0,0,3.18451,0.121347,0.36288,3.6288,59.2833,0.277822,0,0,0.839834,0.171713,0,0.66528,12.849,1,1.70543,0.36288,0,66.5919,3.67017,61.5791,0.84672,12.849,0.84672,3695.15,0,0,0,1.20643,1.58378,8.2533,0.911695,10.1318,0.42336,0,0.42336,460.49,0,1.02816,0,0,2.23459,1.20643,1.028160,1,0,71.7109,0,0,0,71.7109,0
13.4547,1.45504,0,0,3.80018,0.125149,0.36288,3.6288,59.9306,0.277815,0,0,1.09724,0.172143,0,0.66528,12.849,1,1.61204,0.36288,0,80.0484,3.67017,75.1291,0.84672,12.849,0.84672,3695.15,0,0,0,1.4979,1.58377,8.39618,0.911695,10.5662,0.42336,0,0.42336,460.49,0,1.02816,0,0,2.52606,1.4979,1.028160,1,0,85.6952,0,0,0,85.6952,0
15.8807,1.56884,0,0,4.52277,0.165046,0.36288,3.6288,61.0974,0.277808,0,0,1.64119,0.196585,0,0.66528,12.849,1,1.49821,0.36288,0,103.429,4.25769,98.0364,0.84672,12.849,0.84672,3695.15,0,0,0,1.81902,1.58377,9.54971,1.13671,11.8158,0.42336,0,0.42336,460.49,0,1.02816,0,0,2.84718,1.81902,1.028160,1,0,109.852,0,0,0,109.852,0
19.8699,1.87238,0,0,6.34132,0.116927,0.36288,3.6288,61.308,0,0,0,1.45096,0.24864,0.991714,0.66528,12.849,1,1.51493,0.36288,0,86.9504,4.08297,81.7154,0.84672,12.849,0.84672,3695.15,0,0,0,2.06266,1.58376,7.6788,1.05099,10.2742,0.42336,0,0.42336,460.49,0,0.981463,0,0,3.04412,2.06266,1.028160,1,0,92.9813,0,0,0,92.9813,0
23.399,1.84043,0,0,5.88641,0.154019,0.36288,3.6288,61.308,0.239955,0,0,1.77619,0.239737,1.2965,0.66528,12.849,1,1.19013,0.36288,0,126.53,3.99911,121.704,0.84672,12.849,0.84672,3695.15,0,0,0,2.45869,1.39306,8.70739,1.00102,11.5581,0.42336,0,0.42336,460.49,0,1.02816,0,0,3.48685,2.45869,1.028160,1,0,134.558,0,0,0,134.558,0
27.5117,2.18656,0,0,6.84288,0.180691,0.36288,3.6288,61.308,0,0,0,1.85693,0.232493,1.62443,0.66528,12.849,1,1.2007,0.36288,0,166.329,3.99032,161.501,0.84672,12.849,0.84672,3695.15,0,0,0,2.45847,1.54767,8.50798,0.991005,11.5231,0.42336,0,0.42336,460.49,0,0.98145,0,0,3.43992,2.45847,1.028160,1,0,174.648,0,0,0,174.648,0
30.5913,2.3089,0,0,5.94301,0.191612,0.36288,3.6288,61.308,0,0,0,1.81119,0.232493,1.5787,0.66528,12.849,1,1.07834,0.36288,0,139.857,3.99032,135.152,0.84672,12.849,0.84672,3695.15,0,0,0,2.3087,1.39304,8.30796,0.991005,11.0187,0.42336,0,0.42336,460.49,0,0.981443,0,0,3.29015,2.3087,1.028160,1,0,147.749,0,0,0,147.749,0
33.7261,2.38533,0,0,6.0725,0.18947,0.36288,3.6288,61.308,0,0,0,1.83968,0.228811,1.61087,0.66528,12.849,1,1.00189,0.36288,0,167.179,3.84204,162.698,0.84672,12.849,0.84672,3695.15,0,0,0,2.60542,1.39303,9.10129,0.965515,12.1342,0.42336,0,0.42336,460.49,0,0.981436,0,0,3.58685,2.60542,1.028160,1,0,176.443,0,0,0,176.443,0
35.6495,2.52957,0,0,4.99859,0.182812,0.36288,3.6288,61.308,0,0,0,1.86105,0.223902,1.63715,0.66528,12.849,1,0.963718,0.36288,0,122.218,3.64434,117.973,0.84672,12.849,0.84672,3695.15,0,0,0,2.76508,1.39302,10.2891,0.931529,13.5157,0.42336,0,0.42336,460.49,0,1.01316,0,0,3.77824,2.76508,1.028160,1,0,133.126,0,0,0,133.126,0
36.8176,2.56775,0,0,4.28593,0.187144,0.36288,3.6288,61.308,0,0,0,1.52076,0.223902,1.29686,0.66528,12.849,1,0.925486,0.36288,0,99.8326,3.65085,95.6192,0.84672,12.849,0.84672,3695.15,0,0,0,2.20405,1.43741,9.29111,0.931529,12.001,0.42336,0,0.42336,460.49,0,1.01314,0,0,3.2172,2.20405,1.028160,1,0,108.917,0,0,0,108.917,0
39.169,2.58948,0,0,5.49956,0.195837,0.36288,3.6288,61.308,0,0,0,1.89649,0.221248,1.67524,0.66528,12.849,1,0.903705,0.36288,0,91.5857,3.6629,87.382,0.84672,12.849,0.84672,3695.15,0,0,0,2.91467,1.43739,11.1418,0.948417,14.5454,0.42336,0,0.42336,460.49,0,1.01313,0,0,3.9278,2.91467,1.028160,1,0,103.603,0,0,0,103.603,0
39.9225,2.63029,0,0,3.98542,0.238686,0.36288,3.6288,61.308,0,0,0,1.3689,0.205327,1.16357,0.66528,12.849,1,0.862842,0.36288,0,107.895,3.77423,103.621,0.84672,12.849,0.84672,3695.15,0,0,0,1.94333,1.43737,8.79552,1.04975,11.1265,0.42336,0,0.42336,460.49,0,1.01311,0,0,2.95644,1.94333,1.028160,1,0,115.911,0,0,0,115.911,0
41.3607,2.90033,0,0,4.93031,0.228974,0.36288,3.6288,61.308,0.104058,0,0,2.0575,0.207159,1.74628,0.66528,12.849,1,0.933465,0.36288,0,89.6072,4.15097,84.8856,0.84672,12.849,0.84672,3695.15,0,0,0,2.29113,1.43735,8.79778,0.973371,11.5529,0.42336,0,0.42336,460.49,0,1.02816,0,0,3.31929,2.29113,1.028160,1,0,98.1848,0,0,0,98.1848,0
41.7027,2.92505,0,0,3.8629,0.232915,0.36288,3.6288,61.308,0.104042,0,0,1.48752,0.207159,1.17632,0.66528,12.849,1,0.908688,0.36288,0,72.3747,4.15097,67.6779,0.84672,12.849,0.84672,3695.15,0,0,0,1.86171,1.5932,6.60239,0.973371,9.08394,0.42336,0,0.42336,460.49,0,1.02816,0,0,2.88987,1.86171,1.028160,1,0,77.9382,0,0,0,77.9382,0
40.9585,2.9307,0,0,2.78321,0.233852,0.36288,3.6288,61.308,0.104025,0,0,0.859479,0.207159,0.548295,0.66528,12.849,1,0.902977,0.36288,0,52.1241,4.15097,47.433,0.84672,12.849,0.84672,3695.15,0,0,0,0.867655,1.59318,5.39275,0.973371,6.88022,0.42336,0,0.42336,460.49,0,1.02816,0,0,1.89581,0.867655,1.028160,1,0,54.8615,0,0,0,54.8615,0
40.142,2.91817,0,0,2.65311,0.188605,0.36288,3.6288,61.308,0.104008,0,0,1.01835,0.223891,0.690453,0.66528,12.849,1,0.915452,0.36288,0,70.4117,4.25911,65.6,0.84672,12.849,0.84672,3695.15,0,0,0,1.27874,1.59316,5.75096,1.08863,7.53422,0.42336,0,0.42336,460.49,0,1.02816,0,0,2.3069,1.27874,1.028160,1,0,73.8247,0,0,0,73.8247,0
41.8001,2.53592,0,0,4.80679,0.249878,0.36288,3.6288,61.308,0,0,0,3.09747,0.173357,2.92411,0.66528,12.849,1,0.811719,0.36288,0,99.3427,3.99178,94.9021,0.84672,12.849,0.84672,3695.15,0,0,0,3.75012,1.59313,11.4172,0.918053,15.8424,0.42336,0,0.42336,460.49,0,0.972302,0,0,4.72243,3.75012,1.028160,1,0,113.669,0,0,0,113.669,0
44.2638,2.56051,0,0,5.64195,0.254823,0.36288,3.6288,61.308,0,0,0,2.92615,0.173357,2.75279,0.66528,12.849,1,0.787079,0.36288,0,86.1036,3.99178,81.6877,0.84672,12.849,0.84672,3695.15,0,0,0,3.53154,1.37855,10.452,0.918053,14.444,0.42336,0,0.42336,460.49,0,0.972288,0,0,4.50382,3.53154,1.028160,1,0,98.8845,0,0,0,98.8845,0
45.599,2.59442,0,0,4.55469,0.262171,0.36288,3.6288,61.308,0,0,0,2.06627,0.173357,1.89292,0.66528,12.849,1,0.753115,0.36288,0,93.064,3.99178,88.682,0.84672,12.849,0.84672,3695.15,0,0,0,1.99531,1.37853,7.25008,0.918053,9.70587,0.42336,0,0.42336,460.49,0,0.972273,0,0,2.96758,1.99531,1.028160,1,0,100.281,0,0,0,100.281,0
45.5648,2.61159,0,0,3.20636,0.266153,0.36288,3.6288,61.308,0,0,0,1.46572,0.173357,1.29236,0.66528,12.849,1,0.7359,0.36288,0,82.734,3.99178,78.3692,0.84672,12.849,0.84672,3695.15,0,0,0,1.58999,1.37851,6.96764,0.918053,9.01809,0.42336,0,0.42336,460.49,0,0.972259,0,0,2.56225,1.58999,1.028160,1,0,88.6797,0,0,0,88.6797,0
47.9839,2.61112,0,0,5.61733,0.22421,0.36288,3.6288,61.308,0,0,0,2.55012,0.157986,2.39214,0.66528,12.849,1,0.73632,0.36288,0,139.711,4.0803,135.257,0.84672,12.849,0.84672,3695.15,0,0,0,2.56821,1.37849,11.619,0.886392,14.6793,0.42336,0,0.42336,460.49,0,0.972245,0,0,3.54046,2.56821,1.028160,1,0,152.328,0,0,0,152.328,0
50.275,2.73683,0,0,5.63663,0.245762,0.36288,3.6288,61.308,0,0,0,2.89601,0.178044,2.71796,0.66528,12.849,1,0.732862,0.36288,0,128.745,4.60446,123.771,0.84672,12.849,0.84672,3695.15,0,0,0,2.79874,1.37847,12.3733,0.928405,15.6221,0.42336,0,0.42336,460.49,0,1.01133,0,0,3.81008,2.79874,1.028160,1,0,142.111,0,0,0,142.111,0
51.7182,2.76339,0,0,4.82135,0.251887,0.36288,3.6288,61.308,0,0,0,2.63074,0.178044,2.4527,0.66528,12.849,1,0.706252,0.36288,0,107.531,4.60446,102.583,0.84672,12.849,0.84672,3695.15,0,0,0,2.80965,1.43158,11.1288,0.928405,14.4416,0.42336,0,0.42336,460.49,0,1.01132,0,0,3.82097,2.80965,1.028160,1,0,119.477,0,0,0,119.477,0
52.9963,2.77914,0,0,4.66538,0.245289,0.36288,3.6288,61.308,0,0,0,2.44665,0.170937,2.27571,0.66528,12.849,1,0.690456,0.36288,0,92.5128,4.32909,87.8561,0.84672,12.849,0.84672,3695.15,0,0,0,2.40772,1.43156,10.6787,0.924399,13.5936,0.42336,0,0.42336,460.49,0,1.0113,0,0,3.41902,2.40772,1.028160,1,0,103.725,0,0,0,103.725,0
54.5511,2.7925,0,0,4.92578,0.215608,0.36288,3.6288,61.308,0,0,0,2.35494,0.173043,2.1819,0.66528,12.849,1,0.677044,0.36288,0,102.688,3.85754,98.5164,0.84672,12.849,0.84672,3695.15,0,0,0,2.66738,1.43153,11.3741,0.93949,14.5336,0.42336,0,0.42336,460.49,0,1.01129,0,0,3.67867,2.66738,1.028160,1,0,115.232,0,0,0,115.232,0
55.1999,2.76937,0,0,3.98357,0.202505,0.36288,3.6288,61.308,0,0,0,1.66946,0.222723,1.44673,0.66528,12.849,1,0.6523,0.36288,0,75.2268,4.39971,70.5376,0.84672,12.849,0.84672,3695.15,0,0,0,2.231,1.43151,8.78291,1.00225,11.4432,0.42336,0,0.42336,460.49,0,0.996087,0,0,3.22708,2.231,1.028160,1,0,83.4275,0,0,0,83.4275,0
54.9949,2.77555,0,0,3.13724,0.20383,0.36288,3.6288,61.308,0,0,0,1.26455,0.222723,1.04183,0.66528,12.849,1,0.646071,0.36288,0,62.4096,4.39971,57.7267,0.84672,12.849,0.84672,3695.15,0,0,0,1.51938,1.4108,6.92142,1.00225,8.84934,0.42336,0,0.42336,460.49,0,0.996072,0,0,2.51545,1.51938,1.028160,1,0,67.6178,0,0,0,67.6178,0
54.411,2.77356,0,0,2.75598,0.203411,0.36288,3.6288,61.308,0,0,0,1.21846,0.222723,0.995733,0.66528,12.849,1,0.648014,0.36288,0,57.9989,4.39971,53.314,0.84672,12.849,0.84672,3695.15,0,0,0,1.33279,1.41078,6.79253,1.00225,8.53384,0.42336,0,0.42336,460.49,0,0.996058,0,0,2.32885,1.33279,1.028160,1,0,62.8436,0,0,0,62.8436,0
54.2033,2.76789,0,0,3.12529,0.202218,0.36288,3.6288,61.308,0,0,0,1.2719,0.222723,1.04918,0.66528,12.849,1,0.65363,0.36288,0,65.0367,4.39971,60.3462,0.84672,12.849,0.84672,3695.15,0,0,0,1.16416,1.41076,7.85773,1.00225,9.43039,0.42336,0,0.42336,460.49,0,0.996043,0,0,2.1602,1.16416,1.028160,1,0,70.8258,0,0,0,70.8258,0
53.7173,2.89703,0,0,2.93979,0.165878,0.36288,3.6288,61.308,0.0217187,0,0,1.11701,0.237747,0.857539,0.66528,12.849,1,0.686746,0.36288,0,57.856,4.22619,53.306,0.84672,12.849,0.84672,3695.15,0,0,0,1.14588,1.41074,6.88427,1.09368,8.3472,0.42336,0,0.42336,460.49,0,1.02816,0,0,2.17404,1.14588,1.028160,1,0,62.5107,0,0,0,62.5107,0
52.9982,2.89197,0,0,2.67211,0.13641,0.36288,3.6288,61.308,0.0217032,0,0,1.12507,0.246499,0.856873,0.66528,12.849,1,0.69175,0.36288,0,51.7798,4.3869,47.064,0.84672,12.849,0.84672,3695.15,0,0,0,1.26637,1.48274,6.68598,1.07382,8.36127,0.42336,0,0.42336,460.49,0,1.02816,0,0,2.29453,1.26637,1.028160,1,0,56.2821,0,0,0,56.2821,0
52.2346,2.88438,0,0,2.61911,0.135412,0.36288,3.6288,61.308,0.0216877,0,0,1.21685,0.246499,0.948663,0.66528,12.849,1,0.699295,0.36288,0,49.6034,4.3869,44.88,0.84672,12.849,0.84672,3695.15,0,0,0,1.22306,1.48271,7.20429,1.07382,8.83625,0.42336,0,0.42336,460.49,0,1.02816,0,0,2.25122,1.22306,1.028160,1,0,54.665,0,0,0,54.665,0
51.3058,2.87613,0,0,2.44452,0.134352,0.36288,3.6288,61.308,0.0216723,0,0,1.11202,0.246499,0.843849,0.66528,12.849,1,0.707488,0.36288,0,46.3699,4.3869,41.6384,0.84672,12.849,0.84672,3695.15,0,0,0,1.0615,1.48269,6.37952,1.07382,7.84989,0.42336,0,0.42336,460.49,0,1.02816,0,0,2.08966,1.0615,1.028160,1,0,50.3322,0,0,0,50.3322,0
50.1988,2.86584,0,0,2.23518,0.113442,0.36288,3.6288,61.308,0.0216568,0,0,0.976726,0.25991,0.695159,0.66528,12.849,1,0.717721,0.36288,0,37.8011,4.90098,32.5453,0.84672,12.849,0.84672,3695.15,0,0,0,0.783259,1.48267,5.27466,1.17742,6.36317,0.42336,0,0.42336,460.49,0,1.02816,0,0,1.81142,0.783259,1.028160,1,0,39.6036,0,0,0,39.6036,0
48.9384,2.82765,0,0,2.02769,0.0975858,0.36288,3.6288,61.308,0.0512362,0,0,0.862402,0.269969,0.541197,0.66528,12.849,1,0.723771,0.36288,0,33.022,5.28654,27.3746,0.84672,12.849,0.84672,3695.15,0,0,0,0.511289,1.48265,4.74301,1.25513,5.48182,0.42336,0,0.42336,460.49,0,1.02816,0,0,1.53945,0.511289,1.028160,1,0,33.3976,0,0,0,33.3976,0
47.5131,2.81284,0,0,1.84674,0.0962822,0.36288,3.6288,61.308,0.0512203,0,0,0.849286,0.269969,0.528097,0.66528,12.849,1,0.738525,0.36288,0,32.2543,5.28654,26.5921,0.84672,12.849,0.84672,3695.15,0,0,0,0.534669,1.49948,4.57511,1.25513,5.35413,0.42336,0,0.42336,460.49,0,1.02816,0,0,1.56283,0.534669,1.028160,1,0,32.4744,0,0,0,32.4744,0
45.9244,2.79536,0,0,1.66438,0.0948,0.36288,3.6288,61.308,0.0512044,0,0,0.790888,0.269969,0.469715,0.66528,12.849,1,0.755951,0.36288,0,29.8949,5.28654,24.2153,0.84672,12.849,0.84672,3695.15,0,0,0,0.335673,1.49945,4.35609,1.25513,4.93609,0.42336,0,0.42336,460.49,0,1.02816,0,0,1.36383,0.335673,1.028160,1,0,29.6211,0,0,0,29.6211,0
44.2653,2.77489,0,0,1.55506,0.076466,0.36288,3.6288,61.308,0.0511884,0,0,0.733916,0.321602,0.361126,0.66528,12.849,1,0.776373,0.36288,0,26.7982,5.91451,20.4702,0.84672,12.849,0.84672,3695.15,0,0,0,0.313667,1.49943,4.06493,1.49794,4.38009,0.42336,0,0.42336,460.49,0,1.02816,0,0,1.34183,0.313667,1.028160,1,0,25.2114,0,0,0,25.2114,0
42.5021,2.81652,0,0,1.49567,0.0793918,0.36288,3.6288,61.308,0.0775466,0,0,0.644717,0.324268,0.242903,0.66528,12.849,1,0.81756,0.36288,0,22.4894,5.73016,16.3046,0.84672,12.849,0.84672,3695.15,0,0,0,0.311273,1.49941,3.41056,1.51221,3.70904,0.42336,0,0.42336,460.49,0,1.02816,0,0,1.33943,0.311273,1.028160,1,0,20.2565,0,0,0,20.2565,0
40.6163,2.79044,0,0,1.34533,0.0777995,0.36288,3.6288,61.308,0.0775304,0,0,0.604737,0.324268,0.202939,0.66528,12.849,1,0.84359,0.36288,0,21.195,5.73016,14.9841,0.84672,12.849,0.84672,3695.15,0,0,0,0.268479,1.5353,3.48174,1.51221,3.7733,0.42336,0,0.42336,460.49,0,1.02816,0,0,1.29664,0.268479,1.028160,1,0,18.9603,0,0,0,18.9603,0
38.641,2.76065,0,0,1.22431,0.0760963,0.36288,3.6288,61.308,0.192798,0,0,0.580148,0.324268,0.0630825,0.66528,12.849,1,0.873332,0.36288,0,19.9076,5.73016,13.667,0.84672,12.849,0.84672,3695.15,0,0,0,0.261274,1.53527,3.23685,1.51221,3.52118,0.42336,0,0.42336,460.49,0,0.912877,0,0,1.17415,0.261274,1.028160,1,0,17.2512,0,0,0,17.2512,0
36.5473,2.7271,0,0,1.0594,0.063149,0.36288,3.6288,61.308,0.171803,0,0,0.577719,0.331334,0.0745819,0.66528,12.849,1,0.906822,0.36288,0,18.9941,5.97198,12.4782,0.84672,12.849,0.84672,3695.15,0,0,0,0.227405,1.53525,3.28006,1.54226,3.50045,0.42336,0,0.42336,460.49,0,0.933854,0,0,1.16126,0.227405,1.028160,1,0,16.0532,0,0,0,16.0532,0
34.5087,2.86819,0,0,1.26142,0.0689627,0.36288,3.6288,61.2735,0.289865,0,0,0.57709,0.321749,0,0.66528,12.849,1,1.00837,0.36288,0,20.5191,6.01446,13.8592,0.84672,12.849,0.84672,3695.15,0,0,0,0.227405,1.53523,3.64654,1.486,3.92317,0.42336,0,0.42336,460.49,0,0.910967,0,0,1.13837,0.227405,1.028160,1,0,17.7824,0,0,0,17.7824,0
32.7338,2.82474,0,0,1.47775,0.0650542,0.36288,3.6288,61.308,0.172655,0,0,0.632592,0.316497,0.108917,0.66528,12.849,1,1.05177,0.36288,0,23.2362,6.12591,16.4214,0.84672,12.849,0.84672,3695.15,0,0,0,0.267313,1.65423,3.50001,1.53223,3.88932,0.42336,0,0.42336,460.49,0,1.02816,0,0,1.29547,0.267313,1.028160,1,0,20.4197,0,0,0,20.4197,0
30.7404,2.78374,0,0,1.21692,0.0636451,0.36288,3.6288,61.2585,0.283523,0,0,0.550587,0.316566,0,0.66528,12.849,1,1.0927,0.36288,0,28.8464,6.12591,21.9906,0.84672,12.849,0.84672,3695.15,0,0,0,0.227405,1.65421,3.12257,1.53223,3.47194,0.42336,0,0.42336,460.49,0,0.917274,0,0,1.14468,0.227405,1.028160,1,0,25.4626,0,0,0,25.4626,0
28.928,2.73373,0,0,1.34622,0.0620526,0.36288,3.6288,61.308,0.172619,0,0,0.756337,0.316467,0.21775,0.66528,12.849,1,1.14266,0.36288,0,24.7317,6.12591,17.8261,0.84672,12.849,0.84672,3695.15,0,0,0,0.470318,1.65418,3.73152,1.53223,4.32379,0.42336,0,0.42336,460.49,0,1.02816,0,0,1.49848,0.470318,1.028160,1,0,22.3676,0,0,0,22.3676,0
27.1195,2.68412,0,0,1.28857,0.0500221,0.36288,3.6288,61.308,0.172602,0,0,0.604795,0.327336,0.104858,0.66528,12.849,1,1.19221,0.36288,0,26.989,6.40563,19.7541,0.84672,12.849,0.84672,3695.15,0,0,0,0.383132,1.65416,3.79873,1.56834,4.26768,0.42336,0,0.42336,460.49,0,1.02816,0,0,1.41129,0.383132,1.028160,1,0,24.1266,0,0,0,24.1266,0
25.5028,2.54989,0,0,1.3436,0.0475054,0.36288,3.6288,61.308,0.114811,0,0,0.589528,0.327894,0.146823,0.66528,12.849,1,1.20812,0.36288,0,23.2105,6.66816,15.6971,0.84672,12.849,0.84672,3695.15,0,0,0,0.302988,1.65413,3.33094,1.57856,3.70951,0.42336,0,0.42336,460.49,0,1.02816,0,0,1.33115,0.302988,1.028160,1,0,19.5534,0,0,0,19.5534,0
24.1957,2.49893,0,0,1.63146,0.0767836,0.36288,3.6288,61.308,0.114794,0,0,0.597646,0.29339,0.189462,0.66528,12.849,1,1.25902,0.36288,0,21.0711,6.39209,13.7829,0.84672,12.849,0.84672,3695.15,0,0,0,0.325158,1.58731,2.46438,1.48374,2.89311,0.42336,0,0.42336,460.49,0,1.02816,0,0,1.35332,0.325158,1.028160,1,0,16.8655,0,0,0,16.8655,0
23.8108,2.45446,0,0,2.50781,0.0753529,0.36288,3.6288,61.308,0.114777,0,0,1.00946,0.29339,0.601296,0.66528,12.849,1,1.30343,0.36288,0,39.0992,6.39209,31.7666,0.84672,12.849,0.84672,3695.15,0,0,0,1.33079,1.58729,4.76423,1.48374,6.19857,0.42336,0,0.42336,460.49,0,1.02816,0,0,2.35895,1.33079,1.028160,1,0,38.5664,0,0,0,38.5664,0
23.0206,2.44074,0,0,2.08835,0.0749316,0.36288,3.6288,61.308,0.11476,0,0,0.802077,0.29339,0.393927,0.66528,12.849,1,1.3171,0.36288,0,58.0183,6.39209,50.672,0.84672,12.849,0.84672,3695.15,0,0,0,0.834944,1.58726,3.35422,1.48374,4.29269,0.42336,0,0.42336,460.49,0,1.02816,0,0,1.8631,0.834944,1.028160,1,0,55.3586,0,0,0,55.3586,0
21.7679,2.34939,0,0,1.58103,0.121442,0.36288,3.6288,60.8979,0.554492,0,0,0.347981,0.203544,0,0.66528,12.849,1,1.31132,0.36288,0,28.9451,3.98801,24.0087,0.84672,12.849,0.84672,3695.15,0,0,0,0.216518,1.58724,2.79939,1.04627,3.55688,0.42336,0,0.42336,460.49,0,0.535827,0,0,0.752345,0.216518,1.028160,1,0,27.5656,0,0,0,27.5656,0
20.3273,2.30191,0,0,1.34353,0.119414,0.36288,3.6288,60.701,0.384509,0,0,0.390531,0.203016,0,0.66528,12.849,1,1.35875,0.36288,0,23.6612,3.98801,18.6774,0.84672,12.849,0.84672,3695.15,0,0,0,0.216518,1.5284,3.11151,1.04627,3.81016,0.42336,0,0.42336,460.49,0,0.705793,0,0,0.922311,0.216518,1.028160,1,0,22.4875,0,0,0,22.4875,0
21.7426,2.24287,0,0,4.13816,0.117082,0.36288,3.6288,61.308,0.0621263,0,0,1.24977,0.202762,0.377834,0.66528,12.849,1,1.41773,0.36288,0,81.977,3.98801,76.9342,0.84672,12.849,0.84672,3695.15,0,0,0,1.9215,1.52837,7.3987,1.04627,9.80231,0.42336,0,0.42336,460.49,0,1.02816,0,0,2.94966,1.9215,1.028160,1,0,87.1143,0,0,0,87.1143,0
