0st_vol,0capacity,0net_inf,0st_rof,0lt_rof,0rest_demand,0unrest_demand,0unfulf_demand,0wastewater,0treat_capacity,0agg_price,0res_price,0gross_rev,0drought_cost,0cont_contrib,0debt_serv,0infra_npv,1st_vol,1capacity,1net_inf,1st_rof,1lt_rof,1rest_demand,1unrest_demand,1unfulf_demand,1wastewater,1treat_capacity,1agg_price,1res_price,1gross_rev,1drought_cost,1cont_contrib,1debt_serv,1infra_npv
85.139,85.139,1.49159,0.05,0,0.755493,2.46977,0,0,4.47552,4.07419e+06,2.70226e+06,3.07802e+06,0,0,0,0,80.8192,79.791,2.92688,0,0,2.1168,1.12031,0.717786,0,2.1168,8.46701e+06,3.61194e+06,1.7923e+07,0,0,0,0
85.139,85.139,4.30021,0.05,0,1.87652,2.47049,0,0.141579,4.47552,4.07419e+06,2.70226e+06,7.64529e+06,0,0,0,0,80.8192,79.791,4.24808,0,0,1.71461,1.12063,0,1.63544,2.1168,8.46701e+06,3.61194e+06,1.45176e+07,0,0,0,0
85.139,85.139,9.30973,0.05,0,1.87756,2.47121,0,0.351659,4.47552,4.07419e+06,2.70226e+06,7.64954e+06,0,0,0,0,80.8192,79.791,8.54851,0,0,1.71461,1.12096,0,1.3247,2.1168,8.46701e+06,3.61194e+06,1.45176e+07,0,0,0,0
85.139,85.139,4.04366,0.05,0,1.8786,2.47192,0,0.351854,4.47552,4.07419e+06,2.70226e+06,7.65379e+06,0,0,0,0,80.8192,79.791,4.92648,0,0,1.71461,1.12128,0,1.3247,2.1168,8.46701e+06,3.61194e+06,1.45176e+07,0,0,0,0
85.139,85.139,3.92173,0.05,0,2.12082,2.71382,0,0.35205,4.47552,4.07419e+06,2.70226e+06,8.64063e+06,0,0,0,0,80.8192,79.791,5.21656,0,0,1.84648,1.25349,0,1.3247,2.1168,8.46701e+06,3.61194e+06,1.56342e+07,0,0,0,0
85.139,85.139,4.64006,0.05,0,2.25381,2.71461,0,0.397442,4.47552,4.07419e+06,2.70226e+06,9.18246e+06,0,0,0,0,80.8192,79.791,5.80161,0,0,1.71464,1.25385,0,1.42659,2.1168,8.46701e+06,3.61194e+06,1.45179e+07,0,0,0,0
85.139,85.139,4.28402,0.05,0,2.25496,2.71539,0,0.422364,4.47552,4.07419e+06,2.70226e+06,9.18716e+06,0,0,0,0,80.8192,79.791,5.52529,0,0,1.71464,1.25421,0,1.32473,2.1168,8.46701e+06,3.61194e+06,1.45179e+07,0,0,0,0
85.139,85.139,4.28496,0.05,0,2.25612,2.71618,0,0.42258,4.47552,4.07419e+06,2.70226e+06,9.19185e+06,0,0,0,0,80.8192,79.791,5.9597,0,0,1.71464,1.25458,0,1.32473,2.1168,8.46701e+06,3.61194e+06,1.45179e+07,0,0,0,0
85.139,85.139,3.68571,0.05,0,1.91287,2.37258,0,0.422796,4.47552,4.07419e+06,2.70226e+06,7.79342e+06,0,0,0,0,80.8192,79.791,4.51756,0,0,1.53746,1.07776,0,1.32473,2.1168,8.46701e+06,3.61194e+06,1.30177e+07,0,0,0,0
85.139,85.139,4.31918,0.05,0,1.73674,2.37327,0,0.358473,4.47552,4.07419e+06,2.70226e+06,7.07582e+06,0,0,0,0,80.8192,79.791,4.43125,0,0,1.71459,1.07807,0,1.18784,2.1168,8.46701e+06,3.61194e+06,1.45175e+07,0,0,0,0
85.139,85.139,4.44231,0.05,0,1.73774,2.37396,0,0.325465,4.47552,4.07419e+06,2.70226e+06,7.0799e+06,0,0,0,0,80.8192,79.791,4.14875,0,0,1.71459,1.07838,0,1.32469,2.1168,8.46701e+06,3.61194e+06,1.45175e+07,0,0,0,0
85.139,85.139,3.32692,0.05,0,1.73875,2.37464,0,0.325653,4.47552,4.07419e+06,2.70226e+06,7.08398e+06,0,0,0,0,80.8192,79.791,3.24432,0,0,1.71459,1.07869,0,1.32469,2.1168,8.46701e+06,3.61194e+06,1.45175e+07,0,0,0,0
85.139,85.139,4.26489,0.05,0,1.73975,2.37533,0,0.325841,4.47552,4.07419e+06,2.70226e+06,7.08807e+06,0,0,0,0,80.8192,79.791,3.65976,0,0,1.71459,1.07901,0,1.32469,2.1168,8.46701e+06,3.61194e+06,1.45175e+07,0,0,0,0
85.139,85.139,6.00994,0.05,0,1.82756,2.46284,0,0.326029,4.47552,4.07419e+06,2.70226e+06,7.44585e+06,0,0,0,0,80.8192,79.791,5.0283,0,0,1.758,1.12273,0,1.32469,2.1168,8.46701e+06,3.61194e+06,1.4885e+07,0,0,0,0
85.139,85.139,5.14314,0.05,0,1.872,2.46355,0,0.342486,4.47552,4.07419e+06,2.70226e+06,7.6269e+06,0,0,0,0,80.8192,79.791,5.1466,0,0,1.71461,1.12306,0,1.35823,2.1168,8.46701e+06,3.61194e+06,1.45176e+07,0,0,0,0
85.139,85.139,4.58932,0.05,0,1.87304,2.46427,0,0.350813,4.47552,4.07419e+06,2.70226e+06,7.63114e+06,0,0,0,0,80.8192,79.791,4.04944,0,0,1.71461,1.12338,0,1.3247,2.1168,8.46701e+06,3.61194e+06,1.45176e+07,0,0,0,0
85.139,85.139,3.9208,0.05,0,1.87408,2.46498,0,0.351008,4.47552,4.07419e+06,2.70226e+06,7.63538e+06,0,0,0,0,80.8192,79.791,3.39702,0,0,1.71461,1.12371,0,1.3247,2.1168,8.46701e+06,3.61194e+06,1.45176e+07,0,0,0,0
85.139,85.139,3.8817,0.05,0,1.84114,2.43171,0,0.351203,4.47552,4.07419e+06,2.70226e+06,7.50117e+06,0,0,0,0,80.8192,79.791,4.34096,0,0,1.69773,1.10715,0,1.3247,2.1168,8.46701e+06,3.61194e+06,1.43747e+07,0,0,0,0
85.139,85.139,3.19833,0.05,0,1.82529,2.43242,0,0.34503,4.47552,4.07419e+06,2.70226e+06,7.4366e+06,0,0,0,0,80.8192,79.791,3.5242,0,0,1.7146,1.10748,0,1.31166,2.1168,8.46701e+06,3.61194e+06,1.45175e+07,0,0,0,0
85.139,85.139,2.80173,0.05,0,1.82632,2.43313,0,0.34206,4.47552,4.07419e+06,2.70226e+06,7.44079e+06,0,0,0,0,80.8192,79.791,3.1694,0,0,1.7146,1.1078,0,1.3247,2.1168,8.46701e+06,3.61194e+06,1.45175e+07,0,0,0,0
85.139,85.139,2.51182,0.04,0,1.82735,2.43383,0,0.342253,4.47552,4.07419e+06,2.70226e+06,7.44498e+06,0,0,0,0,80.7808,79.791,2.80952,0,0,1.7146,1.10812,0,1.3247,2.1168,8.46701e+06,3.61194e+06,1.45175e+07,0,0,0,0
85.139,85.139,2.49939,0.04,0,1.94386,2.55003,0,0.342445,4.47552,4.07419e+06,2.70226e+06,7.91968e+06,0,0,0,0,80.6762,79.791,3.138,0,0,1.77453,1.16837,0,1.3247,2.1168,8.46701e+06,3.61194e+06,1.5025e+07,0,0,0,0
85.139,85.139,2.71817,0.02,0,2.00485,2.55077,0,0.36428,4.47552,4.07419e+06,2.70226e+06,8.16816e+06,0,0,0,0,80.6537,79.791,3.26317,0,0,1.71462,1.16871,0,1.371,2.1168,8.46701e+06,3.61194e+06,1.45177e+07,0,0,0,0
85.139,85.139,2.47964,0.02,0,2.00593,2.55151,0,0.37571,4.47552,4.07419e+06,2.70226e+06,8.17256e+06,0,0,0,0,80.6017,79.791,2.71338,0,0,1.71462,1.16905,0,1.32471,2.1168,8.46701e+06,3.61194e+06,1.45177e+07,0,0,0,0
84.9648,85.139,2.19206,0.01,0,2.00701,2.55225,0,0.375912,4.47552,4.07419e+06,2.70226e+06,8.17696e+06,0,0,0,0,80.4756,79.791,2.41593,0,0,1.71462,1.16939,0,1.32471,2.1168,8.46701e+06,3.61194e+06,1.45177e+07,0,0,0,0
84.6015,85.139,1.96392,0.04,0,2.00809,2.55299,0,0.376114,4.47552,4.07419e+06,2.70226e+06,8.18135e+06,0,0,0,0,80.371,79.791,2.61339,0,0,1.71462,1.16972,0,1.32471,2.1168,8.46701e+06,3.61194e+06,1.45177e+07,0,0,0,0
84.0059,85.139,1.66785,0.02,0,1.9863,2.53085,0,0.376316,4.47552,4.07419e+06,2.70226e+06,8.09257e+06,0,0,0,0,80.4238,79.791,2.77522,0,0,1.7476,1.20305,0,1.32471,2.1168,8.46701e+06,3.61194e+06,1.4797e+07,0,0,0,0
83.258,85.139,1.54005,0.02,0,2.02036,2.53159,0,0.372233,4.47552,4.07419e+06,2.70226e+06,8.23133e+06,0,0,0,0,80.4767,79.791,2.75199,0,0,1.71463,1.2034,0,1.3502,2.1168,8.46701e+06,3.61194e+06,1.45178e+07,0,0,0,0
82.3843,85.139,1.40733,0.02,0,2.02144,2.53232,0,0.378615,4.47552,4.07419e+06,2.70226e+06,8.23575e+06,0,0,0,0,80.4747,79.791,2.45167,0,0,1.71463,1.20375,0,1.32472,2.1168,8.46701e+06,3.61194e+06,1.45178e+07,0,0,0,0
81.423,85.139,1.29056,0.03,0,2.02253,2.53306,0,0.378818,4.47552,4.07419e+06,2.70226e+06,8.24016e+06,0,0,0,0,80.4041,79.791,2.4038,0,0,1.71463,1.2041,0,1.32472,2.1168,8.46701e+06,3.61194e+06,1.45178e+07,0,0,0,0
80.4884,85.139,1.34541,0.03,0,2.08274,2.59293,0,0.379021,4.47552,4.07419e+06,2.70226e+06,8.4855e+06,0,0,0,0,80.2529,79.791,2.30837,0,0,1.74406,1.23388,0,1.32472,2.1168,8.46701e+06,3.61194e+06,1.4767e+07,0,0,0,0
79.5132,85.139,1.32552,0.03,0,2.11328,2.59368,0,0.390306,4.47552,4.07419e+06,2.70226e+06,8.60989e+06,0,0,0,0,80.1257,79.791,2.30855,0,0,1.71464,1.23423,0,1.34746,2.1168,8.46701e+06,3.61194e+06,1.45178e+07,0,0,0,0
78.3801,85.139,1.15925,0.03,0,2.11439,2.59443,0,0.396028,4.47552,4.07419e+06,2.70226e+06,8.61442e+06,0,0,0,0,79.9569,79.791,2.13652,0,0,1.71464,1.23459,0,1.32473,2.1168,8.46701e+06,3.61194e+06,1.45178e+07,0,0,0,0
77.1663,85.139,1.06929,0.04,0,2.1155,2.59518,0,0.396236,4.47552,4.07419e+06,2.70226e+06,8.61894e+06,0,0,0,0,79.7576,79.791,2.05135,0,0,1.71464,1.23495,0,1.32473,2.1168,8.46701e+06,3.61194e+06,1.45178e+07,0,0,0,0
75.8158,85.139,1.05414,0.04,0,2.28998,2.76931,0,0.396444,4.47552,4.07419e+06,2.70226e+06,9.32982e+06,0,0,0,0,79.4763,79.791,2.03615,0,0,1.82099,1.34166,0,1.32473,2.1168,8.46701e+06,3.61194e+06,1.54184e+07,0,0,0,0
74.6595,85.139,1.35674,0.04,0,2.39749,2.77011,0,0.429142,4.47552,4.07419e+06,2.70226e+06,9.76786e+06,0,0,0,0,79.4829,79.791,2.11444,0,0,1.71467,1.34205,0,1.4069,2.1168,8.46701e+06,3.61194e+06,1.45181e+07,0,0,0,0
73.4283,85.139,1.27284,0.04,0,2.39869,2.77091,0,0.44929,4.47552,4.07419e+06,2.70226e+06,9.77272e+06,0,0,0,0,79.4692,79.791,2.62621,0,0,1.71467,1.34244,0,1.32475,2.1168,8.46701e+06,3.61194e+06,1.45181e+07,0,0,0,0
72.1472,85.139,1.21205,0.04,0,2.39988,2.77172,0,0.449514,4.47552,4.07419e+06,2.70226e+06,9.77758e+06,0,0,0,0,79.4379,79.791,2.57278,0,0,1.71467,1.34283,0,1.32475,2.1168,8.46701e+06,3.61194e+06,1.45181e+07,0,0,0,0
70.884,85.139,1.22003,0.04,0,2.40107,2.77252,0,0.449737,4.47552,4.07419e+06,2.70226e+06,9.78244e+06,0,0,0,0,79.3798,79.791,2.52447,0,0,1.71467,1.34322,0,1.32475,2.1168,8.46701e+06,3.61194e+06,1.45181e+07,0,0,0,0
70.0811,85.139,1.53745,0.05,0,2.31765,2.68871,0,0.449961,4.47552,4.07419e+06,2.70226e+06,9.44255e+06,0,0,0,0,79.1976,79.791,2.70493,0,0,1.65002,1.27896,0,1.32475,2.1168,8.46701e+06,3.61194e+06,1.39707e+07,0,0,0,0
69.2139,85.139,1.51396,0.05,0,2.25417,2.68949,0,0.434327,4.47552,4.07419e+06,2.70226e+06,9.18393e+06,0,0,0,0,79.1705,79.791,3.18511,0,0,1.71465,1.27933,0,1.27481,2.1168,8.46701e+06,3.61194e+06,1.4518e+07,0,0,0,0
68.4594,85.139,1.64118,0.05,0,2.25532,2.69027,0,0.422432,4.47552,4.07419e+06,2.70226e+06,9.18862e+06,0,0,0,0,79.2849,79.791,3.44348,0,0,1.71465,1.27971,0,1.32474,2.1168,8.46701e+06,3.61194e+06,1.4518e+07,0,0,0,0
67.7371,85.139,1.71054,0.05,0,2.25647,2.69105,0,0.422647,4.47552,4.07419e+06,2.70226e+06,9.19331e+06,0,0,0,0,79.419,79.791,3.63789,0,0,1.71465,1.28008,0,1.32474,2.1168,8.46701e+06,3.61194e+06,1.4518e+07,0,0,0,0
66.8662,85.139,1.4875,0.08,0,2.18809,2.62229,0,0.422863,4.47552,4.07419e+06,2.70226e+06,8.91469e+06,0,0,0,0,79.1807,79.791,3.07449,0,0,1.65574,1.22153,0,1.32474,2.1168,8.46701e+06,3.61194e+06,1.40191e+07,0,0,0,0
65.9341,85.139,1.44206,0.09,0,2.13031,2.62305,0,0.410048,4.47552,4.07419e+06,2.70226e+06,8.67928e+06,0,0,0,0,78.5541,79.791,1.42181,0,0,1.71463,1.22189,0,1.27922,2.1168,8.46701e+06,3.61194e+06,1.45178e+07,0,0,0,0
64.7734,85.139,1.19022,0.09,0,2.13142,2.62381,0,0.399219,4.47552,4.07419e+06,2.70226e+06,8.68382e+06,0,0,0,0,78.2916,79.791,1.42393,0,0,1.71463,1.22224,0,1.32473,2.1168,8.46701e+06,3.61194e+06,1.45178e+07,0,0,0,0
65.3559,85.139,3.04276,0.08,0,2.13254,2.62457,0,0.399428,4.47552,4.07419e+06,2.70226e+06,8.68836e+06,0,0,0,0,78.8175,79.791,4.30874,0,0,1.71463,1.2226,0,1.32473,2.1168,8.46701e+06,3.61194e+06,1.45178e+07,0,0,0,0
66.4656,85.139,3.47399,0.08,0,1.93593,2.42762,0,0.399637,4.47552,4.07419e+06,2.70226e+06,7.88737e+06,0,0,0,0,79.9866,79.791,4.45443,0,0,1.59179,1.10011,0,1.32473,2.1168,8.46701e+06,3.61194e+06,1.34777e+07,0,0,0,0
67.4183,85.139,3.355,0.08,0,1.81415,2.42832,0,0.362794,4.47552,4.07419e+06,2.70226e+06,7.3912e+06,0,0,0,0,80.8192,79.791,4.4929,0,0,1.7146,1.10043,0,1.22982,2.1168,8.46701e+06,3.61194e+06,1.45175e+07,0,0,0,0
69.8368,85.139,4.87404,0.09,0,1.81517,2.42902,0,0.339972,4.47552,4.07419e+06,2.70226e+06,7.39536e+06,0,0,0,0,80.8192,79.791,8.39117,0,0,1.7146,1.10075,0,1.3247,2.1168,8.46701e+06,3.61194e+06,1.45175e+07,0,0,0,0
71.2111,85.139,3.77592,0.04,0,1.8162,2.42973,0,0.340163,4.47552,4.07419e+06,2.70226e+06,7.39953e+06,0,0,0,0,80.8192,79.791,4.53452,0,0,1.7146,1.10107,0,1.3247,2.1168,8.46701e+06,3.61194e+06,1.45175e+07,0,0,0,0
72.5139,85.139,3.70605,0.05,0,1.81722,2.43043,0,0.340355,4.47552,4.07419e+06,2.70226e+06,7.4037e+06,0,0,0,0,80.8192,79.791,3.47165,0,0,1.7146,1.10139,0,1.3247,2.1168,8.46701e+06,3.61194e+06,1.45175e+07,0,0,0,0
75.0527,85.139,5.12339,0.04,0,1.89439,2.50729,0,0.340547,4.47552,4.07419e+06,2.70226e+06,7.71812e+06,0,0,0,0,80.8192,79.791,6.31883,0,0,1.75022,1.13732,0,1.3247,2.1168,8.46701e+06,3.61194e+06,1.48191e+07,0,0,0,0
78.9918,85.139,6.76147,0.03,0,1.93103,2.50799,0,0.355009,4.47552,4.07419e+06,2.70226e+06,7.8674e+06,0,0,0,0,80.8192,79.791,5.96205,0,0,1.7146,1.13764,0,1.35222,2.1168,8.46701e+06,3.61194e+06,1.45175e+07,0,0,0,0
81.2764,85.139,4.93158,0.04,0,1.93206,2.50869,0,0.361875,4.47552,4.07419e+06,2.70226e+06,7.87157e+06,0,0,0,0,80.8192,79.791,6.10289,0,0,1.7146,1.13796,0,1.3247,2.1168,8.46701e+06,3.61194e+06,1.45175e+07,0,0,0,0
85.139,85.139,6.78381,0.04,0,1.93308,2.5094,0,0.362067,4.47552,4.07419e+06,2.70226e+06,7.87574e+06,0,0,0,0,80.8192,79.791,6.43901,0,0,1.7146,1.13828,0,1.3247,2.1168,8.46701e+06,3.61194e+06,1.45175e+07,0,0,0,0
85.139,85.139,9.1942,0.02,0,2.17893,2.75493,0,0.362259,4.47552,4.07419e+06,2.70226e+06,8.8774e+06,0,0,0,0,80.8192,79.791,8.90487,0,0,1.84847,1.27248,0,1.3247,2.1168,8.46701e+06,3.61194e+06,1.5651e+07,0,0,0,0
85.139,85.139,7.11744,0.02,0,2.3139,2.75571,0,0.408332,4.47552,4.07419e+06,2.70226e+06,9.42729e+06,0,0,0,0,80.8192,79.791,5.80484,0,0,1.71464,1.27283,0,1.42813,2.1168,8.46701e+06,3.61194e+06,1.45178e+07,0,0,0,0
85.139,85.139,5.88919,0.03,0,2.31503,2.75648,0,0.433625,4.47552,4.07419e+06,2.70226e+06,9.4319e+06,0,0,0,0,80.8192,79.791,4.83974,0,0,1.71464,1.27319,0,1.32473,2.1168,8.46701e+06,3.61194e+06,1.45178e+07,0,0,0,0
85.139,85.139,6.91349,0.04,0,2.31617,2.75725,0,0.433837,4.47552,4.07419e+06,2.70226e+06,9.43651e+06,0,0,0,0,80.8192,79.791,6.6575,0,0,1.71464,1.27355,0,1.32473,2.1168,8.46701e+06,3.61194e+06,1.45178e+07,0,0,0,0
85.139,85.139,7.74785,0.04,0,1.9677,2.40843,0,0.434049,4.47552,4.07419e+06,2.70226e+06,8.01679e+06,0,0,0,0,80.8192,79.791,9.50083,0,0,1.53477,1.09404,0,1.32473,2.1168,8.46701e+06,3.61194e+06,1.29949e+07,0,0,0,0
85.139,85.139,7.03569,0.04,0,1.78887,2.40911,0,0.368747,4.47552,4.07419e+06,2.70226e+06,7.2882e+06,0,0,0,0,80.8192,79.791,11.5577,0,0,1.71459,1.09435,0,1.18577,2.1168,8.46701e+06,3.61194e+06,1.45174e+07,0,0,0,0
85.139,85.139,6.4348,0.04,0,1.78985,2.40978,0,0.335234,4.47552,4.07419e+06,2.70226e+06,7.29221e+06,0,0,0,0,80.8192,79.791,9.21785,0,0,1.71459,1.09466,0,1.32469,2.1168,8.46701e+06,3.61194e+06,1.45174e+07,0,0,0,0
85.139,85.139,6.93277,0.04,0,1.79084,2.41046,0,0.335418,4.47552,4.07419e+06,2.70226e+06,7.29622e+06,0,0,0,0,80.8192,79.791,10.1201,0,0,1.71459,1.09496,0,1.32469,2.1168,8.46701e+06,3.61194e+06,1.45174e+07,0,0,0,0
85.139,85.139,6.16755,0.04,0,1.79182,2.41114,0,0.335603,4.47552,4.07419e+06,2.70226e+06,7.30023e+06,0,0,0,0,80.8192,79.791,8.74341,0,0,1.71459,1.09527,0,1.32469,2.1168,8.46701e+06,3.61194e+06,1.45174e+07,0,0,0,0
85.139,85.139,5.30216,0.05,0,1.88093,2.49994,0,0.335787,4.47552,4.07419e+06,2.70226e+06,7.66326e+06,0,0,0,0,80.8192,79.791,8.22966,0,0,1.75865,1.13964,0,1.32469,2.1168,8.46701e+06,3.61194e+06,1.48905e+07,0,0,0,0
85.139,85.139,4.31848,0.05,0,1.926,2.50064,0,0.352486,4.47552,4.07419e+06,2.70226e+06,7.8469e+06,0,0,0,0,80.8192,79.791,6.2769,0,0,1.7146,1.13996,0,1.35873,2.1168,8.46701e+06,3.61194e+06,1.45175e+07,0,0,0,0
85.139,85.139,3.38442,0.05,0,1.92702,2.50134,0,0.360932,4.47552,4.07419e+06,2.70226e+06,7.85106e+06,0,0,0,0,80.8192,79.791,5.12756,0,0,1.7146,1.14028,0,1.3247,2.1168,8.46701e+06,3.61194e+06,1.45175e+07,0,0,0,0
85.139,85.139,2.96589,0.05,0,1.92804,2.50204,0,0.361124,4.47552,4.07419e+06,2.70226e+06,7.85523e+06,0,0,0,0,80.8192,79.791,4.73175,0,0,1.7146,1.1406,0,1.3247,2.1168,8.46701e+06,3.61194e+06,1.45175e+07,0,0,0,0
85.139,85.139,2.97906,0.05,0,1.89457,2.46825,0,0.361316,4.47552,4.07419e+06,2.70226e+06,7.71886e+06,0,0,0,0,80.8192,79.791,4.11918,0,0,1.69747,1.12379,0,1.3247,2.1168,8.46701e+06,3.61194e+06,1.43725e+07,0,0,0,0
85.139,85.139,2.76387,0.05,0,1.87845,2.46894,0,0.355043,4.47552,4.07419e+06,2.70226e+06,7.65318e+06,0,0,0,0,80.8192,79.791,4.30009,0,0,1.7146,1.1241,0,1.31146,2.1168,8.46701e+06,3.61194e+06,1.45175e+07,0,0,0,0
85.139,85.139,2.80771,0.05,0,1.87946,2.46964,0,0.352022,4.47552,4.07419e+06,2.70226e+06,7.65729e+06,0,0,0,0,80.8192,79.791,3.62738,0,0,1.7146,1.12442,0,1.3247,2.1168,8.46701e+06,3.61194e+06,1.45175e+07,0,0,0,0
85.139,85.139,2.87478,0.04,0,1.88047,2.47033,0,0.352211,4.47552,4.07419e+06,2.70226e+06,7.6614e+06,0,0,0,0,80.8192,79.791,3.75057,0,0,1.7146,1.12474,0,1.3247,2.1168,8.46701e+06,3.61194e+06,1.45175e+07,0,0,0,0
85.1115,85.139,2.29466,0.04,0,1.9987,2.58824,0,0.3524,4.47552,4.07419e+06,2.70226e+06,8.14308e+06,0,0,0,0,80.8192,79.791,3.51467,0,0,1.77542,1.18588,0,1.3247,2.1168,8.46701e+06,3.61194e+06,1.50325e+07,0,0,0,0
85.0193,85.139,2.30452,0.05,0,2.06057,2.58897,0,0.374556,4.47552,4.07419e+06,2.70226e+06,8.39514e+06,0,0,0,0,80.8192,79.791,3.07815,0,0,1.71461,1.18621,0,1.37169,2.1168,8.46701e+06,3.61194e+06,1.45176e+07,0,0,0,0
84.6639,85.139,2.01496,0.05,0,2.06163,2.58969,0,0.38615,4.47552,4.07419e+06,2.70226e+06,8.39946e+06,0,0,0,0,80.8192,79.791,2.87625,0,0,1.71461,1.18654,0,1.32471,2.1168,8.46701e+06,3.61194e+06,1.45176e+07,0,0,0,0
84.2446,85.139,1.89012,0.04,0,2.06268,2.59042,0,0.386349,4.47552,4.07419e+06,2.70226e+06,8.40378e+06,0,0,0,0,80.8192,79.791,2.7478,0,0,1.71461,1.18688,0,1.32471,2.1168,8.46701e+06,3.61194e+06,1.45176e+07,0,0,0,0
83.7321,85.139,1.79668,0.04,0,2.06375,2.59115,0,0.386547,4.47552,4.07419e+06,2.70226e+06,8.4081e+06,0,0,0,0,80.8192,79.791,2.58417,0,0,1.71461,1.18721,0,1.32471,2.1168,8.46701e+06,3.61194e+06,1.45176e+07,0,0,0,0
83.3261,85.139,1.87835,0.03,0,2.04159,2.56866,0,0.386746,4.47552,4.07419e+06,2.70226e+06,8.31784e+06,0,0,0,0,80.723,79.791,2.28638,0,0,1.74809,1.22102,0,1.32471,2.1168,8.46701e+06,3.61194e+06,1.48011e+07,0,0,0,0
82.7513,85.139,1.73495,0.03,0,2.07612,2.56938,0,0.382594,4.47552,4.07419e+06,2.70226e+06,8.45853e+06,0,0,0,0,80.5792,79.791,2.26719,0,0,1.71462,1.22136,0,1.35058,2.1168,8.46701e+06,3.61194e+06,1.45177e+07,0,0,0,0
82.0343,85.139,1.58584,0.03,0,2.07719,2.5701,0,0.389066,4.47552,4.07419e+06,2.70226e+06,8.46286e+06,0,0,0,0,80.3962,79.791,2.02277,0,0,1.71462,1.22171,0,1.32472,2.1168,8.46701e+06,3.61194e+06,1.45177e+07,0,0,0,0
81.2162,85.139,1.45402,0.03,0,2.07825,2.57082,0,0.389265,4.47552,4.07419e+06,2.70226e+06,8.4672e+06,0,0,0,0,79.908,79.791,1.98199,0,0,1.71462,1.22205,0,1.32472,2.1168,8.46701e+06,3.61194e+06,1.45177e+07,0,0,0,0
80.1855,85.139,1.26817,0.03,0,2.13933,2.63156,0,0.389464,4.47552,4.07419e+06,2.70226e+06,8.71605e+06,0,0,0,0,79.3228,79.791,1.58479,0,0,1.74449,1.25226,0,1.32472,2.1168,8.46701e+06,3.61194e+06,1.47706e+07,0,0,0,0
79.1604,85.139,1.33288,0.03,0,2.17028,2.6323,0,0.40091,4.47552,4.07419e+06,2.70226e+06,8.84215e+06,0,0,0,0,78.9009,79.791,1.70188,0,0,1.71463,1.25261,0,1.3478,2.1168,8.46701e+06,3.61194e+06,1.45178e+07,0,0,0,0
78.0303,85.139,1.20079,0.04,0,2.17137,2.63304,0,0.406711,4.47552,4.07419e+06,2.70226e+06,8.84659e+06,0,0,0,0,78.2042,79.791,1.61457,0,0,1.71463,1.25296,0,1.32472,2.1168,8.46701e+06,3.61194e+06,1.45178e+07,0,0,0,0
76.8048,85.139,1.09429,0.04,0,2.17246,2.63378,0,0.406915,4.47552,4.07419e+06,2.70226e+06,8.85103e+06,0,0,0,0,77.7284,79.791,1.40925,0,0,1.71463,1.25332,0,1.32472,2.1168,8.46701e+06,3.61194e+06,1.45178e+07,0,0,0,0
75.5013,85.139,1.15275,0.04,0,2.3495,2.81046,0,0.407119,4.47552,4.07419e+06,2.70226e+06,9.57232e+06,0,0,0,0,77.1286,79.791,1.72808,0,0,1.82257,1.3616,0,1.32472,2.1168,8.46701e+06,3.61194e+06,1.54317e+07,0,0,0,0
73.9355,85.139,1.01074,0.04,0,2.45858,2.81125,0,0.440296,4.47552,4.07419e+06,2.70226e+06,1.00167e+07,0,0,0,0,76.7855,79.791,1.62291,0,0,1.71466,1.36198,0,1.40812,2.1168,8.46701e+06,3.61194e+06,1.45181e+07,0,0,0,0
72.5989,85.139,1.22912,0.04,0,2.45975,2.81204,0,0.460737,4.47552,4.07419e+06,2.70226e+06,1.00215e+07,0,0,0,0,76.3336,79.791,1.81457,0,0,1.71466,1.36237,0,1.32475,2.1168,8.46701e+06,3.61194e+06,1.45181e+07,0,0,0,0
70.9909,85.139,0.947388,0.04,0,2.46092,2.81283,0,0.460956,4.47552,4.07419e+06,2.70226e+06,1.00263e+07,0,0,0,0,75.8098,79.791,1.60008,0,0,1.71466,1.36275,0,1.32475,2.1168,8.46701e+06,3.61194e+06,1.45181e+07,0,0,0,0
69.3536,85.139,0.915404,0.05,0,2.46209,2.81362,0,0.461176,4.47552,4.07419e+06,2.70226e+06,1.0031e+07,0,0,0,0,75.5442,79.791,1.55092,0,0,1.71466,1.36313,0,1.32475,2.1168,8.46701e+06,3.61194e+06,1.45181e+07,0,0,0,0
67.7735,85.139,0.858164,0.05,0,2.37739,2.72854,0,0.461395,4.47552,4.07419e+06,2.70226e+06,9.68594e+06,0,0,0,0,75.373,79.791,2.12164,0,0,1.64906,1.29791,0,1.32475,2.1168,8.46701e+06,3.61194e+06,1.39626e+07,0,0,0,0
66.1035,85.139,0.693588,0.08,0,2.31293,2.7293,0,0.445523,4.47552,4.07419e+06,2.70226e+06,9.42333e+06,0,0,0,0,75.0834,79.791,1.85434,0,0,1.71464,1.29827,0,1.27406,2.1168,8.46701e+06,3.61194e+06,1.45179e+07,0,0,0,0
64.7936,85.139,1.13298,0.08,0,2.31406,2.73007,0,0.433443,4.47552,4.07419e+06,2.70226e+06,9.42794e+06,0,0,0,0,75.1141,79.791,2.48388,0,0,1.71464,1.29864,0,1.32473,2.1168,8.46701e+06,3.61194e+06,1.45179e+07,0,0,0,0
64.7393,85.139,2.55344,0.09,0,2.31519,2.73083,0,0.433655,4.47552,4.07419e+06,2.70226e+06,9.43254e+06,0,0,0,0,75.6416,79.791,3.67204,0,0,1.71464,1.299,0,1.32473,2.1168,8.46701e+06,3.61194e+06,1.45179e+07,0,0,0,0
63.9863,85.139,1.7124,0.09,0,2.24576,2.66104,0,0.433867,4.47552,4.07419e+06,2.70226e+06,9.14965e+06,0,0,0,0,75.7766,79.791,2.68783,0,0,1.65486,1.23958,0,1.32473,2.1168,8.46701e+06,3.61194e+06,1.40117e+07,0,0,0,0
63.9618,85.139,2.41877,0.1,0,2.18708,2.66178,0,0.420855,4.47552,4.07419e+06,2.70226e+06,8.91061e+06,0,0,0,0,76.1315,79.791,3.14998,0,0,1.71463,1.23993,0,1.27855,2.1168,8.46701e+06,3.61194e+06,1.45178e+07,0,0,0,0
63.341,85.139,1.8178,0.1,0,2.18818,2.66253,0,0.40986,4.47552,4.07419e+06,2.70226e+06,8.91507e+06,0,0,0,0,76.2889,79.791,2.61837,0,0,1.71463,1.24028,0,1.32472,2.1168,8.46701e+06,3.61194e+06,1.45178e+07,0,0,0,0
65.2843,85.139,4.35885,0.1,0,2.18927,2.66328,0,0.410065,4.47552,4.07419e+06,2.70226e+06,8.91952e+06,0,0,0,0,76.9302,79.791,3.91766,0,0,1.71463,1.24063,0,1.32472,2.1168,8.46701e+06,3.61194e+06,1.45178e+07,0,0,0,0
71.7476,85.139,8.97051,0.1,0,1.98974,2.46339,0,0.41027,4.47552,4.07419e+06,2.70226e+06,8.10657e+06,0,0,0,0,78.7171,79.791,6.48987,0,0,1.58998,1.11632,0,1.32472,2.1168,8.46701e+06,3.61194e+06,1.34623e+07,0,0,0,0
73.5867,85.139,4.18927,0.06,0,1.86612,2.46408,0,0.372877,4.47552,4.07419e+06,2.70226e+06,7.60295e+06,0,0,0,0,79.5636,79.791,4.28068,0,0,1.71459,1.11663,0,1.22842,2.1168,8.46701e+06,3.61194e+06,1.45175e+07,0,0,0,0
75.1154,85.139,3.88747,0.06,0,1.86713,2.46477,0,0.349712,4.47552,4.07419e+06,2.70226e+06,7.60704e+06,0,0,0,0,80.8192,79.791,5.58601,0,0,1.71459,1.11695,0,1.32469,2.1168,8.46701e+06,3.61194e+06,1.45175e+07,0,0,0,0
75.6979,85.139,2.88275,0.03,0,1.86813,2.46546,0,0.3499,4.47552,4.07419e+06,2.70226e+06,7.61113e+06,0,0,0,0,80.8192,79.791,3.35866,0,0,1.71459,1.11726,0,1.32469,2.1168,8.46701e+06,3.61194e+06,1.45175e+07,0,0,0,0
77.0942,85.139,3.73876,0.03,0,1.86914,2.46616,0,0.350088,4.47552,4.07419e+06,2.70226e+06,7.61522e+06,0,0,0,0,80.8192,79.791,3.25554,0,0,1.71459,1.11757,0,1.32469,2.1168,8.46701e+06,3.61194e+06,1.45175e+07,0,0,0,0
81.9556,85.139,7.5492,0.04,0,1.94741,2.54411,0,0.350276,4.47552,4.07419e+06,2.70226e+06,7.93412e+06,0,0,0,0,80.8192,79.791,5.86803,0,1,1.75073,1.15403,0,1.32469,2.1168,8.46701e+06,3.61194e+06,1.48235e+07,0,0,0,0
85.139,85.139,8.61259,0.03,0,1.98455,2.5448,0,0.364944,4.47552,4.07419e+06,2.70226e+06,8.08544e+06,0,0,0,0,80.8192,79.791,7.60523,0,1,1.71459,1.15434,0,1.35262,2.1168,8.46701e+06,3.61194e+06,1.45175e+07,0,0,0,0
85.139,85.139,8.08557,0.02,0,1.98555,2.54549,0,0.371905,4.47552,4.07419e+06,2.70226e+06,8.08953e+06,0,0,0,0,80.8192,79.791,7.5973,0,1,1.71459,1.15465,0,1.32469,2.1168,8.46701e+06,3.61194e+06,1.45175e+07,0,0,0,0
85.139,85.139,10.9774,0.02,0,1.98656,2.54618,0,0.372093,4.47552,4.07419e+06,2.70226e+06,8.09362e+06,0,0,0,0,80.8192,79.791,7.2491,0,1,1.71459,1.15497,0,1.32469,2.1168,8.46701e+06,3.61194e+06,1.45175e+07,0,0,0,0
85.139,85.139,9.82642,0.03,0,2.23598,2.79529,0,0.372281,4.47552,4.07419e+06,2.70226e+06,9.1098e+06,0,0,0,0,80.8192,79.791,7.40702,0,1,1.85043,1.29112,0,1.32469,2.1168,8.46701e+06,3.61194e+06,1.56676e+07,0,0,0,0
85.139,85.139,5.43712,0.02,0,2.37288,2.79605,0,0.419022,4.47552,4.07419e+06,2.70226e+06,9.66759e+06,0,0,0,0,80.8192,79.791,5.13561,0,1,1.71463,1.29147,0,1.42964,2.1168,8.46701e+06,3.61194e+06,1.45178e+07,0,0,0,0
85.139,85.139,6.38813,0.04,0,2.37399,2.79681,0,0.444678,4.47552,4.07419e+06,2.70226e+06,9.6721e+06,0,0,0,0,80.8192,79.791,5.03766,0,1,1.71463,1.29182,0,1.32472,2.1168,8.46701e+06,3.61194e+06,1.45178e+07,0,0,0,0
85.139,85.139,5.76893,0.04,0,2.3751,2.79756,0,0.444886,4.47552,4.07419e+06,2.70226e+06,9.67662e+06,0,0,0,0,80.8192,79.791,6.34511,0,1,1.71463,1.29217,0,1.32472,2.1168,8.46701e+06,3.61194e+06,1.45178e+07,0,0,0,0
85.139,85.139,5.05068,0.04,0,2.0215,2.44362,0,0.445094,4.47552,4.07419e+06,2.70226e+06,8.23599e+06,0,0,0,0,80.8192,79.791,4.85478,0,1,1.53214,1.11002,0,1.32472,2.1168,8.46701e+06,3.61194e+06,1.29726e+07,0,0,0,0
85.139,85.139,4.65233,0.04,0,1.84002,2.44428,0,0.37883,4.47552,4.07419e+06,2.70226e+06,7.49661e+06,0,0,0,0,80.8192,79.791,3.91678,0,1,1.71458,1.11033,0,1.18373,2.1168,8.46701e+06,3.61194e+06,1.45174e+07,0,0,0,0
85.139,85.139,7.08287,0.05,0,1.84099,2.44494,0,0.34482,4.47552,4.07419e+06,2.70226e+06,7.50054e+06,0,0,0,0,80.8192,79.791,4.88361,0,1,1.71458,1.11063,0,1.32469,2.1168,8.46701e+06,3.61194e+06,1.45174e+07,0,0,0,0
85.139,85.139,11.3021,0.05,0,1.84195,2.4456,0,0.345001,4.47552,4.07419e+06,2.70226e+06,7.50447e+06,0,0,0,0,80.8192,79.791,10.2877,0,1,1.71458,1.11093,0,1.32469,2.1168,8.46701e+06,3.61194e+06,1.45174e+07,0,0,0,0
85.139,85.139,6.01867,0.05,0,1.84291,2.44627,0,0.345182,4.47552,4.07419e+06,2.70226e+06,7.50839e+06,0,0,0,0,80.8192,79.791,4.2721,0,1,1.71458,1.11123,0,1.32469,2.1168,8.46701e+06,3.61194e+06,1.45174e+07,0,0,0,0
85.139,85.139,3.41204,0.05,0,1.93328,2.53634,0,0.345362,4.47552,4.07419e+06,2.70226e+06,7.87658e+06,0,0,0,0,80.8192,79.791,3.09925,0,1,1.75929,1.15623,0,1.32469,2.1168,8.46701e+06,3.61194e+06,1.48959e+07,0,0,0,0
85.139,85.139,5.09089,0.05,0,1.97898,2.53702,0,0.362298,4.47552,4.07419e+06,2.70226e+06,8.06274e+06,0,0,0,0,80.8192,79.791,4.4791,0,1,1.71459,1.15655,0,1.35922,2.1168,8.46701e+06,3.61194e+06,1.45175e+07,0,0,0,0
85.139,85.139,4.30521,0.05,0,1.97998,2.53771,0,0.37086,4.47552,4.07419e+06,2.70226e+06,8.06682e+06,0,0,0,0,80.7686,79.791,3.64275,0,1,1.71459,1.15686,0,1.32469,2.1168,8.46701e+06,3.61194e+06,1.45175e+07,0,0,0,0
85.139,85.139,3.61577,0.05,0,1.98098,2.5384,0,0.371048,4.47552,4.07419e+06,2.70226e+06,8.0709e+06,0,0,0,0,80.7203,79.791,3.01902,0,1,1.71459,1.15718,0,1.32469,2.1168,8.46701e+06,3.61194e+06,1.45175e+07,0,0,0,0
85.139,85.139,3.38877,0.05,0,1.94699,2.50409,0,0.371236,4.47552,4.07419e+06,2.70226e+06,7.9324e+06,0,0,0,0,80.6655,79.791,2.85257,0,1,1.69721,1.14011,0,1.32469,2.1168,8.46701e+06,3.61194e+06,1.43703e+07,0,0,0,0
85.139,85.139,3.4069,0.05,0,1.9306,2.50477,0,0.364865,4.47552,4.07419e+06,2.70226e+06,7.86563e+06,0,0,0,0,80.8192,79.791,2.73147,0,1,1.71459,1.14042,0,1.31127,2.1168,8.46701e+06,3.61194e+06,1.45174e+07,0,0,0,0
85.139,85.139,3.31326,0.05,0,1.93158,2.50545,0,0.361794,4.47552,4.07419e+06,2.70226e+06,7.86965e+06,0,0,0,0,80.7567,79.791,3.03374,0,1,1.71459,1.14072,0,1.32469,2.1168,8.46701e+06,3.61194e+06,1.45174e+07,0,0,0,0
85.139,85.139,3.2026,0.05,0,1.93257,2.50613,0,0.361979,4.47552,4.07419e+06,2.70226e+06,7.87367e+06,0,0,0,0,80.7527,79.791,2.82136,0,1,1.71459,1.14103,0,1.32469,2.1168,8.46701e+06,3.61194e+06,1.45174e+07,0,0,0,0
85.139,85.139,3.11701,0.04,0,2.05248,2.62572,0,0.362164,4.47552,4.07419e+06,2.70226e+06,8.36219e+06,0,0,0,0,80.8192,79.791,2.62741,0,1,1.7763,1.20305,0,1.32469,2.1168,8.46701e+06,3.61194e+06,1.50399e+07,0,0,0,0
85.139,85.139,3.19543,0.04,0,2.1152,2.62643,0,0.384634,4.47552,4.07419e+06,2.70226e+06,8.61775e+06,0,0,0,0,80.8192,79.791,3.13419,0,1,1.71461,1.20338,0,1.37237,2.1168,8.46701e+06,3.61194e+06,1.45176e+07,0,0,0,0
85.139,85.139,2.87734,0.04,0,2.11624,2.62714,0,0.396389,4.47552,4.07419e+06,2.70226e+06,8.62198e+06,0,0,0,0,80.817,79.791,2.89341,0,1,1.71461,1.2037,0,1.3247,2.1168,8.46701e+06,3.61194e+06,1.45176e+07,0,0,0,0
85.139,85.139,2.79318,0.02,0,2.11728,2.62786,0,0.396584,4.47552,4.07419e+06,2.70226e+06,8.62621e+06,0,0,0,0,80.7272,79.791,2.64658,0,1,1.71461,1.20403,0,1.3247,2.1168,8.46701e+06,3.61194e+06,1.45176e+07,0,0,0,0
85.1058,85.139,2.45083,0.02,0,2.11832,2.62857,0,0.396778,4.47552,4.07419e+06,2.70226e+06,8.63043e+06,0,0,0,0,80.8192,79.791,2.47336,0,1,1.71461,1.20435,0,1.3247,2.1168,8.46701e+06,3.61194e+06,1.45176e+07,0,0,0,0
85.139,85.139,2.63926,0.04,0,2.09581,2.60573,0,0.396973,4.47552,4.07419e+06,2.70226e+06,8.53872e+06,0,0,0,0,80.8192,79.791,2.96288,0,1,1.74857,1.23864,0,1.3247,2.1168,8.46701e+06,3.61194e+06,1.48051e+07,0,0,0,0
85.139,85.139,2.55891,0.02,0,2.1308,2.60644,0,0.392754,4.47552,4.07419e+06,2.70226e+06,8.68129e+06,0,0,0,0,80.8192,79.791,2.95211,0,1,1.71462,1.23898,0,1.35094,2.1168,8.46701e+06,3.61194e+06,1.45177e+07,0,0,0,0
85.139,85.139,2.42932,0.02,0,2.13184,2.60714,0,0.399312,4.47552,4.07419e+06,2.70226e+06,8.68554e+06,0,0,0,0,80.8192,79.791,2.81128,0,1,1.71462,1.23931,0,1.32471,2.1168,8.46701e+06,3.61194e+06,1.45177e+07,0,0,0,0
84.9922,85.139,2.24495,0.02,0,2.13288,2.60785,0,0.399507,4.47552,4.07419e+06,2.70226e+06,8.68978e+06,0,0,0,0,80.7571,79.791,2.61961,0,1,1.71462,1.23965,0,1.32471,2.1168,8.46701e+06,3.61194e+06,1.45177e+07,0,0,0,0
84.8039,85.139,2.24713,0.03,0,2.1948,2.66944,0,0.399702,4.47552,4.07419e+06,2.70226e+06,8.94206e+06,0,0,0,0,80.6909,79.791,2.51301,0,1,1.74492,1.27028,0,1.32471,2.1168,8.46701e+06,3.61194e+06,1.47742e+07,0,0,0,0
84.3884,85.139,2.01727,0.03,0,2.22616,2.67016,0,0.411306,4.47552,4.07419e+06,2.70226e+06,9.06982e+06,0,0,0,0,80.4773,79.791,2.16108,0,1,1.71462,1.27063,0,1.34812,2.1168,8.46701e+06,3.61194e+06,1.45177e+07,0,0,0,0
83.8507,85.139,1.88441,0.03,0,2.22723,2.67088,0,0.417183,4.47552,4.07419e+06,2.70226e+06,9.07417e+06,0,0,0,0,80.1371,79.791,2.03687,0,1,1.71462,1.27097,0,1.32472,2.1168,8.46701e+06,3.61194e+06,1.45177e+07,0,0,0,0
83.1675,85.139,1.72964,0.03,0,2.2283,2.6716,0,0.417383,4.47552,4.07419e+06,2.70226e+06,9.07852e+06,0,0,0,0,79.8888,79.791,1.92163,0,1,1.71462,1.27132,0,1.32472,2.1168,8.46701e+06,3.61194e+06,1.45177e+07,0,0,0,0
82.6825,85.139,2.06536,0.03,0,2.40784,2.8508,0,0.417583,4.47552,4.07419e+06,2.70226e+06,9.81e+06,0,0,0,0,79.6845,79.791,2.54245,0,1,1.82411,1.38115,0,1.32472,2.1168,8.46701e+06,3.61194e+06,1.54447e+07,0,0,0,0
82.4026,85.139,2.36879,0.03,0,2.51844,2.85157,0,0.451229,4.47552,4.07419e+06,2.70226e+06,1.02606e+07,0,0,0,0,79.4959,79.791,2.44084,0,1,1.71465,1.38152,0,1.40931,2.1168,8.46701e+06,3.61194e+06,1.4518e+07,0,0,0,0
81.6545,85.139,1.91045,0.04,0,2.51959,2.85235,0,0.471956,4.47552,4.07419e+06,2.70226e+06,1.02653e+07,0,0,0,0,79.2249,79.791,1.8418,0,1,1.71465,1.38189,0,1.32474,2.1168,8.46701e+06,3.61194e+06,1.4518e+07,0,0,0,0
81.2959,85.139,2.28217,0.03,0,2.52073,2.85312,0,0.47217,4.47552,4.07419e+06,2.70226e+06,1.027e+07,0,0,0,0,79.2716,79.791,2.99582,0,1,1.71465,1.38227,0,1.32474,2.1168,8.46701e+06,3.61194e+06,1.4518e+07,0,0,0,0
80.5097,85.139,1.84443,0.03,0,2.52188,2.85389,0,0.472385,4.47552,4.07419e+06,2.70226e+06,1.02746e+07,0,0,0,0,79.086,79.791,2.21257,0,1,1.71465,1.38264,0,1.32474,2.1168,8.46701e+06,3.61194e+06,1.4518e+07,0,0,0,0
80.8911,85.139,2.95972,0.03,0,2.43593,2.76756,0,0.4726,4.47552,4.07419e+06,2.70226e+06,9.92444e+06,0,0,0,0,79.1143,79.791,2.66975,0,1,1.64811,1.31647,0,1.32474,2.1168,8.46701e+06,3.61194e+06,1.39546e+07,0,0,0,0
81.3334,85.139,3.00051,0.03,0,2.37051,2.76831,0,0.456493,4.47552,4.07419e+06,2.70226e+06,9.65791e+06,0,0,0,0,79.3475,79.791,3.45301,0,1,1.71464,1.31683,0,1.27333,2.1168,8.46701e+06,3.61194e+06,1.45178e+07,0,0,0,0
82.1341,85.139,3.37394,0.03,0,2.37161,2.76906,0,0.444233,4.47552,4.07419e+06,2.70226e+06,9.66242e+06,0,0,0,0,80.0153,79.791,4.78891,0,1,1.71464,1.31719,0,1.32473,2.1168,8.46701e+06,3.61194e+06,1.45178e+07,0,0,0,0
82.5627,85.139,2.99344,0.04,0,2.37272,2.76981,0,0.44444,4.47552,4.07419e+06,2.70226e+06,9.66692e+06,0,0,0,0,80.3741,79.791,3.82523,0,1,1.71464,1.31754,0,1.32473,2.1168,8.46701e+06,3.61194e+06,1.45178e+07,0,0,0,0
83.1798,85.139,3.18926,0.03,0,2.30226,2.69899,0,0.444648,4.47552,4.07419e+06,2.70226e+06,9.37984e+06,0,0,0,0,80.8192,79.791,5.10196,0,1,1.654,1.25726,0,1.32473,2.1168,8.46701e+06,3.61194e+06,1.40044e+07,0,0,0,0
83.5089,85.139,2.93585,0.03,0,2.24271,2.69972,0,0.431443,4.47552,4.07419e+06,2.70226e+06,9.13723e+06,0,0,0,0,80.8192,79.791,3.95689,0,1,1.71462,1.2576,0,1.27788,2.1168,8.46701e+06,3.61194e+06,1.45177e+07,0,0,0,0
84.335,85.139,3.45602,0.03,0,2.24378,2.70045,0,0.420283,4.47552,4.07419e+06,2.70226e+06,9.14159e+06,0,0,0,0,80.8192,79.791,2.97049,0,1,1.71462,1.25794,0,1.32472,2.1168,8.46701e+06,3.61194e+06,1.45177e+07,0,0,0,0
85.139,85.139,10.0764,0.03,0,2.24485,2.70119,0,0.420484,4.47552,4.07419e+06,2.70226e+06,9.14596e+06,0,0,0,0,80.8192,79.791,9.74908,0,1,1.71462,1.25829,0,1.32472,2.1168,8.46701e+06,3.61194e+06,1.45177e+07,0,0,0,0
85.139,85.139,8.017,0.02,0,2.04244,2.49843,0,0.420685,4.47552,4.07419e+06,2.70226e+06,8.32129e+06,0,0,0,0,80.8192,79.791,8.42573,0,1,1.5882,1.1322,0,1.32472,2.1168,8.46701e+06,3.61194e+06,1.34473e+07,0,0,0,0
85.139,85.139,6.62292,0.03,0,1.91703,2.49911,0,0.382753,4.47552,4.07419e+06,2.70226e+06,7.81035e+06,0,0,0,0,80.8192,79.791,4.63815,0,1,1.71459,1.13251,0,1.22704,2.1168,8.46701e+06,3.61194e+06,1.45174e+07,0,0,0,0
85.139,85.139,6.51372,0.03,0,1.91801,2.49978,0,0.359251,4.47552,4.07419e+06,2.70226e+06,7.81435e+06,0,0,0,0,80.8192,79.791,4.12897,0,1,1.71459,1.13281,0,1.32469,2.1168,8.46701e+06,3.61194e+06,1.45174e+07,0,0,0,0
85.139,85.139,9.87096,0.04,0,1.919,2.50046,0,0.359436,4.47552,4.07419e+06,2.70226e+06,7.81836e+06,0,0,0,0,80.8192,79.791,9.61193,0,1,1.71459,1.13312,0,1.32469,2.1168,8.46701e+06,3.61194e+06,1.45174e+07,0,0,0,0
85.139,85.139,6.74687,0.05,0,1.91998,2.50114,0,0.35962,4.47552,4.07419e+06,2.70226e+06,7.82237e+06,0,0,0,0,80.8192,79.791,6.67348,0,1,1.71459,1.13343,0,1.32469,2.1168,8.46701e+06,3.61194e+06,1.45174e+07,0,0,0,0
85.139,85.139,6.37431,0.05,0,1.99932,2.58018,0,0.359804,4.47552,4.07419e+06,2.70226e+06,8.14564e+06,0,0,0,0,80.8192,79.791,5.80965,0,1,1.75124,1.17039,0,1.32469,2.1168,8.46701e+06,3.61194e+06,1.48277e+07,0,0,0,0
85.139,85.139,4.67791,0.06,0,2.03696,2.58085,0,0.374673,4.47552,4.07419e+06,2.70226e+06,8.29896e+06,0,0,0,0,80.8192,79.791,5.88586,0,1,1.71459,1.17069,0,1.35301,2.1168,8.46701e+06,3.61194e+06,1.45174e+07,0,0,0,0
85.139,85.139,4.21847,0.06,0,2.03794,2.58153,0,0.381726,4.47552,4.07419e+06,2.70226e+06,8.30295e+06,0,0,0,0,80.8192,79.791,5.40892,0,1,1.71459,1.171,0,1.32469,2.1168,8.46701e+06,3.61194e+06,1.45174e+07,0,0,0,0
85.139,85.139,4.27309,0.06,0,2.03892,2.5822,0,0.38191,4.47552,4.07419e+06,2.70226e+06,8.30695e+06,0,0,0,0,80.8192,79.791,5.4886,0,1,1.71459,1.1713,0,1.32469,2.1168,8.46701e+06,3.61194e+06,1.45174e+07,0,0,0,0
85.139,85.139,4.2867,0.06,0,2.29183,2.8348,0,0.382093,4.47552,4.07419e+06,2.70226e+06,9.33735e+06,0,0,0,0,80.8192,79.791,5.14527,0,1,1.85234,1.30937,0,1.32469,2.1168,8.46701e+06,3.61194e+06,1.56838e+07,0,0,0,0
85.139,85.139,3.4359,0.06,0,2.43063,2.83554,0,0.429488,4.47552,4.07419e+06,2.70226e+06,9.90286e+06,0,0,0,0,80.8192,79.791,4.2873,0,1,1.71462,1.30971,0,1.43112,2.1168,8.46701e+06,3.61194e+06,1.45177e+07,0,0,0,0
85.139,85.139,3.66475,0.05,0,2.43171,2.83628,0,0.4555,4.47552,4.07419e+06,2.70226e+06,9.90727e+06,0,0,0,0,80.8192,79.791,3.1487,0,1,1.71462,1.31005,0,1.32472,2.1168,8.46701e+06,3.61194e+06,1.45177e+07,0,0,0,0
85.139,85.139,4.74161,0.05,0,2.4328,2.83703,0,0.455703,4.47552,4.07419e+06,2.70226e+06,9.91168e+06,0,0,0,0,80.8192,79.791,4.59388,0,1,1.71462,1.31039,0,1.32472,2.1168,8.46701e+06,3.61194e+06,1.45177e+07,0,0,0,0
85.139,85.139,5.42219,0.06,0,2.07417,2.47806,0,0.455906,4.47552,4.07419e+06,2.70226e+06,8.45059e+06,0,0,0,0,80.8192,79.791,5.23014,0,1,1.52956,1.12567,0,1.32472,2.1168,8.46701e+06,3.61194e+06,1.29508e+07,0,0,0,0
85.139,85.139,6.5145,0.06,0,1.8901,2.47871,0,0.3887,4.47552,4.07419e+06,2.70226e+06,7.70064e+06,0,0,0,0,80.8192,79.791,5.48652,0,1,1.71457,1.12597,0,1.18174,2.1168,8.46701e+06,3.61194e+06,1.45173e+07,0,0,0,0
85.139,85.139,7.16367,0.06,0,1.89104,2.47936,0,0.354205,4.47552,4.07419e+06,2.70226e+06,7.70447e+06,0,0,0,0,80.8192,79.791,5.52955,0,1,1.71457,1.12626,0,1.32468,2.1168,8.46701e+06,3.61194e+06,1.45173e+07,0,0,0,0
85.139,85.139,6.61603,0.06,0,1.89198,2.48,0,0.354381,4.47552,4.07419e+06,2.70226e+06,7.70831e+06,0,0,0,0,80.8192,79.791,4.74107,0,1,1.71457,1.12655,0,1.32468,2.1168,8.46701e+06,3.61194e+06,1.45173e+07,0,0,0,0
85.139,85.139,5.7463,0.06,0,1.89293,2.48065,0,0.354558,4.47552,4.07419e+06,2.70226e+06,7.71215e+06,0,0,0,0,80.8192,79.791,4.1126,0,1,1.71457,1.12685,0,1.32468,2.1168,8.46701e+06,3.61194e+06,1.45173e+07,0,0,0,0
85.139,85.139,4.99855,0.06,0,1.98453,2.57196,0,0.354734,4.47552,4.07419e+06,2.70226e+06,8.08536e+06,0,0,0,0,80.8192,79.791,4.11145,0,1,1.75991,1.17248,0,1.32468,2.1168,8.46701e+06,3.61194e+06,1.49011e+07,0,0,0,0
85.139,85.139,3.73056,0.06,0,2.03083,2.57263,0,0.371901,4.47552,4.07419e+06,2.70226e+06,8.27399e+06,0,0,0,0,80.8192,79.791,2.73856,0,1,1.71459,1.17278,0,1.3597,2.1168,8.46701e+06,3.61194e+06,1.45174e+07,0,0,0,0
85.139,85.139,3.02902,0.06,0,2.03181,2.5733,0,0.380577,4.47552,4.07419e+06,2.70226e+06,8.27797e+06,0,0,0,0,80.8192,79.791,2.51631,0,1,1.71459,1.17309,0,1.32469,2.1168,8.46701e+06,3.61194e+06,1.45174e+07,0,0,0,0
85.139,85.139,2.60859,0.06,0,2.03278,2.57398,0,0.380761,4.47552,4.07419e+06,2.70226e+06,8.28196e+06,0,0,0,0,80.8192,79.791,2.91446,0,1,1.71459,1.17339,0,1.32469,2.1168,8.46701e+06,3.61194e+06,1.45174e+07,0,0,0,0
85.139,85.139,3.28699,0.06,0,1.99828,2.53916,0,0.380944,4.47552,4.07419e+06,2.70226e+06,8.14137e+06,0,0,0,0,80.8192,79.791,3.38359,0,1,1.69696,1.15608,0,1.32469,2.1168,8.46701e+06,3.61194e+06,1.43682e+07,0,0,0,0
85.139,85.139,2.98346,0.06,0,1.98162,2.53983,0,0.374477,4.47552,4.07419e+06,2.70226e+06,8.07352e+06,0,0,0,0,80.8192,79.791,2.7334,0,1,1.71458,1.15638,0,1.31107,2.1168,8.46701e+06,3.61194e+06,1.45174e+07,0,0,0,0
85.139,85.139,2.6401,0.05,0,1.98259,2.54049,0,0.371356,4.47552,4.07419e+06,2.70226e+06,8.07745e+06,0,0,0,0,80.733,79.791,2.46364,0,1,1.71458,1.15668,0,1.32469,2.1168,8.46701e+06,3.61194e+06,1.45174e+07,0,0,0,0
85.139,85.139,2.44405,0.05,0,1.98355,2.54115,0,0.371537,4.47552,4.07419e+06,2.70226e+06,8.08138e+06,0,0,0,0,80.7855,79.791,2.26956,0,1,1.71458,1.15698,0,1.32469,2.1168,8.46701e+06,3.61194e+06,1.45174e+07,0,0,0,0
85.0832,85.139,2.38724,0.05,0,2.1051,2.66239,0,0.371718,4.47552,4.07419e+06,2.70226e+06,8.57657e+06,0,0,0,0,80.6788,79.791,2.58201,0,1,1.77715,1.21985,0,1.32469,2.1168,8.46701e+06,3.61194e+06,1.50471e+07,0,0,0,0
84.7113,85.139,2.12084,0.07,0,2.16866,2.66309,0,0.394495,4.47552,4.07419e+06,2.70226e+06,8.83555e+06,0,0,0,0,80.7743,79.791,2.31358,0,1,1.7146,1.22017,0,1.37303,2.1168,8.46701e+06,3.61194e+06,1.45175e+07,0,0,0,0
84.1982,85.139,1.93579,0.07,0,2.16968,2.66378,0,0.406407,4.47552,4.07419e+06,2.70226e+06,8.83968e+06,0,0,0,0,80.7258,79.791,2.11793,0,1,1.7146,1.22049,0,1.3247,2.1168,8.46701e+06,3.61194e+06,1.45175e+07,0,0,0,0
83.5726,85.139,1.78887,0.06,0,2.17069,2.66448,0,0.406597,4.47552,4.07419e+06,2.70226e+06,8.84381e+06,0,0,0,0,80.6367,79.791,2.13077,0,1,1.7146,1.22081,0,1.3247,2.1168,8.46701e+06,3.61194e+06,1.45175e+07,0,0,0,0
82.8964,85.139,1.73123,0.05,0,2.1717,2.66518,0,0.406787,4.47552,4.07419e+06,2.70226e+06,8.84795e+06,0,0,0,0,80.3908,79.791,2.12322,0,1,1.7146,1.22113,0,1.3247,2.1168,8.46701e+06,3.61194e+06,1.45175e+07,0,0,0,0
81.9974,85.139,1.44551,0.05,0,2.14884,2.642,0,0.406977,4.47552,4.07419e+06,2.70226e+06,8.7548e+06,0,0,0,0,79.9577,79.791,1.77425,0,1,1.74903,1.25588,0,1.3247,2.1168,8.46701e+06,3.61194e+06,1.48091e+07,0,0,0,0
80.959,85.139,1.31723,0.04,0,2.18429,2.64269,0,0.402693,4.47552,4.07419e+06,2.70226e+06,8.8992e+06,0,0,0,0,79.4957,79.791,1.64311,0,1,1.71461,1.25621,0,1.3513,2.1168,8.46701e+06,3.61194e+06,1.45176e+07,0,0,0,0
79.8239,85.139,1.21513,0.03,0,2.1853,2.64338,0,0.409335,4.47552,4.07419e+06,2.70226e+06,8.90335e+06,0,0,0,0,78.8905,79.791,1.62714,0,1,1.71461,1.25654,0,1.32471,2.1168,8.46701e+06,3.61194e+06,1.45176e+07,0,0,0,0
78.5907,85.139,1.10956,0.04,0,2.18632,2.64407,0,0.409526,4.47552,4.07419e+06,2.70226e+06,8.9075e+06,0,0,0,0,78.187,79.791,1.45622,0,1,1.71461,1.25686,0,1.32471,2.1168,8.46701e+06,3.61194e+06,1.45176e+07,0,0,0,0
77.2015,85.139,0.97654,0.04,0,2.24906,2.70648,0,0.409717,4.47552,4.07419e+06,2.70226e+06,9.16312e+06,0,0,0,0,77.328,79.791,1.29234,0,1,1.74533,1.28791,0,1.32471,2.1168,8.46701e+06,3.61194e+06,1.47777e+07,0,0,0,0
75.7917,85.139,0.965886,0.04,0,2.28082,2.70719,0,0.421474,4.47552,4.07419e+06,2.70226e+06,9.29249e+06,0,0,0,0,76.6019,79.791,1.25615,0,1,1.71462,1.28825,0,1.34844,2.1168,8.46701e+06,3.61194e+06,1.45177e+07,0,0,0,0
74.3266,85.139,0.89394,0.04,0,2.28186,2.70789,0,0.427425,4.47552,4.07419e+06,2.70226e+06,9.29674e+06,0,0,0,0,75.7042,79.791,1.24395,0,1,1.71462,1.28858,0,1.32471,2.1168,8.46701e+06,3.61194e+06,1.45177e+07,0,0,0,0
72.8055,85.139,0.828369,0.04,0,2.2829,2.7086,0,0.427621,4.47552,4.07419e+06,2.70226e+06,9.30099e+06,0,0,0,0,74.8869,79.791,1.11343,0,1,1.71462,1.28892,0,1.32471,2.1168,8.46701e+06,3.61194e+06,1.45177e+07,0,0,0,0
71.165,85.139,0.843058,0.07,0,2.46489,2.89025,0,0.427816,4.47552,4.07419e+06,2.70226e+06,1.00424e+07,0,0,0,0,73.9498,79.791,1.26082,0,1,1.82562,1.40026,0,1.32471,2.1168,8.46701e+06,3.61194e+06,1.54575e+07,0,0,0,0
69.3226,85.139,0.714846,0.07,0,2.57698,2.891,0,0.46192,4.47552,4.07419e+06,2.70226e+06,1.04991e+07,0,0,0,0,73.0587,79.791,1.15054,0,1,1.71465,1.40062,0,1.41047,2.1168,8.46701e+06,3.61194e+06,1.45179e+07,0,0,0,0
67.3879,85.139,0.608203,0.07,0,2.5781,2.89176,0,0.482926,4.47552,4.07419e+06,2.70226e+06,1.05037e+07,0,0,0,0,72.1359,79.791,1.04106,0,1,1.71465,1.40099,0,1.32474,2.1168,8.46701e+06,3.61194e+06,1.45179e+07,0,0,0,0
65.5152,85.139,0.654709,0.11,0,2.57922,2.89251,0,0.483136,4.47552,4.07419e+06,2.70226e+06,1.05082e+07,0,0,0,0,71.3443,79.791,1.05447,0,1,1.71465,1.40135,0,1.32474,2.1168,8.46701e+06,3.61194e+06,1.45179e+07,0,0,0,0
63.9764,85.139,1.01431,0.11,0,2.58034,2.89327,0,0.483346,4.47552,4.07419e+06,2.70226e+06,1.05128e+07,0,0,0,0,70.9419,79.791,1.25424,0,1,1.71465,1.40172,0,1.32474,2.1168,8.46701e+06,3.61194e+06,1.45179e+07,0,0,0,0
63.1967,85.139,1.71801,0.11,0,2.49316,2.80572,0,0.483556,4.47552,4.07419e+06,2.70226e+06,1.01576e+07,0,0,0,0,71.071,79.791,2.05193,0,1,1.64719,1.33463,0,1.32474,2.1168,8.46701e+06,3.61194e+06,1.39467e+07,0,0,0,0
62.3396,85.139,1.57863,0.12,0,2.4268,2.80646,0,0.467219,4.47552,4.07419e+06,2.70226e+06,9.88726e+06,0,0,0,0,71.7018,79.791,3.7466,0,1,1.71463,1.33497,0,1.27262,2.1168,8.46701e+06,3.61194e+06,1.45178e+07,0,0,0,0
61.3136,85.139,1.40548,0.14,0,2.42788,2.80719,0,0.454782,4.47552,4.07419e+06,2.70226e+06,9.89166e+06,0,0,0,0,71.6791,79.791,2.31609,0,1,1.71463,1.33532,0,1.32472,2.1168,8.46701e+06,3.61194e+06,1.45178e+07,0,0,0,0
60.0673,85.139,1.1702,0.14,0,2.42896,2.80792,0,0.454985,4.47552,4.07419e+06,2.70226e+06,9.89606e+06,0,0,0,0,71.6352,79.791,2.05891,0,1,1.71463,1.33567,0,1.32472,2.1168,8.46701e+06,3.61194e+06,1.45178e+07,0,0,0,0
59.7103,85.139,2.10643,0.14,0,2.35749,2.7361,0,0.455188,4.47552,4.07419e+06,2.70226e+06,9.60487e+06,0,0,0,0,72.0684,79.791,2.7707,0,1,1.65316,1.27455,0,1.32472,2.1168,8.46701e+06,3.61194e+06,1.39973e+07,0,0,0,0
60.9802,85.139,3.91761,0.14,0,2.29708,2.73681,0,0.441794,4.47552,4.07419e+06,2.70226e+06,9.35876e+06,0,0,0,0,72.9306,79.791,4.50519,0,1,1.71461,1.27488,0,1.27723,2.1168,8.46701e+06,3.61194e+06,1.45176e+07,0,0,0,0
63.2181,85.139,4.85605,0.14,0,2.29813,2.73753,0,0.430473,4.47552,4.07419e+06,2.70226e+06,9.36302e+06,0,0,0,0,74.0398,79.791,5.29759,0,1,1.71461,1.27521,0,1.32471,2.1168,8.46701e+06,3.61194e+06,1.45176e+07,0,0,0,0
66.1626,85.139,5.46139,0.13,0,2.29918,2.73824,0,0.430669,4.47552,4.07419e+06,2.70226e+06,9.36729e+06,0,0,0,0,75.1898,79.791,5.36348,0,1,1.71461,1.27555,0,1.32471,2.1168,8.46701e+06,3.61194e+06,1.45176e+07,0,0,0,0
68.247,85.139,4.58522,0.13,0,2.09395,2.53268,0,0.430866,4.47552,4.07419e+06,2.70226e+06,8.53115e+06,0,0,0,0,76.0681,79.791,3.96119,0,1,1.58645,1.14772,0,1.32471,2.1168,8.46701e+06,3.61194e+06,1.34325e+07,0,0,0,0
73.0701,85.139,7.34792,0.08,0,1.96678,2.53334,0,0.392406,4.47552,4.07419e+06,2.70226e+06,8.01306e+06,0,0,0,0,78.0277,79.791,6.21895,0,1,1.71458,1.14802,0,1.2257,2.1168,8.46701e+06,3.61194e+06,1.45174e+07,0,0,0,0
80.0207,85.139,9.39834,0.09,0,1.96774,2.534,0,0.368575,4.47552,4.07419e+06,2.70226e+06,8.01697e+06,0,0,0,0,80.8192,79.791,8.74114,0,1,1.71458,1.14832,0,1.32468,2.1168,8.46701e+06,3.61194e+06,1.45174e+07,0,0,0,0
83.5649,85.139,6.08774,0.02,0,1.96871,2.53466,0,0.368755,4.47552,4.07419e+06,2.70226e+06,8.02089e+06,0,0,0,0,80.8192,79.791,4.0643,0,1,1.71458,1.14862,0,1.32468,2.1168,8.46701e+06,3.61194e+06,1.45174e+07,0,0,0,0
85.139,85.139,6.37096,0.03,0,1.96967,2.53533,0,0.368935,4.47552,4.07419e+06,2.70226e+06,8.0248e+06,0,0,0,0,80.8192,79.791,4.14759,0,1,1.71458,1.14892,0,1.32468,2.1168,8.46701e+06,3.61194e+06,1.45174e+07,0,0,0,0
85.139,85.139,6.58058,0.02,0,2.05006,2.61542,0,0.369115,4.47552,4.07419e+06,2.70226e+06,8.35234e+06,0,0,0,0,80.5675,79.791,4.12749,0,1,1.75173,1.18637,0,1.32468,2.1168,8.46701e+06,3.61194e+06,1.48319e+07,0,0,0,6.20183e+07
85.139,85.139,3.17549,0.03,0,2.08817,2.61608,0,0.384181,4.47552,4.07419e+06,2.70226e+06,8.50761e+06,0,0,0,0,80.3087,79.791,2.35031,0,1,1.71458,1.18667,0,1.35339,2.1168,8.46701e+06,3.61194e+06,1.45173e+07,0,0,0,6.20183e+07
84.9104,85.139,2.3687,0.03,0,2.08913,2.61674,0,0.391323,4.47552,4.07419e+06,2.70226e+06,8.51151e+06,0,0,0,0,80.3898,79.791,1.95983,0,1,1.71458,1.18697,0,1.32468,2.1168,8.46701e+06,3.61194e+06,1.45173e+07,0,0,0,6.20183e+07
85.139,85.139,3.07123,0.06,0,2.09008,2.61739,0,0.391502,4.47552,4.07419e+06,2.70226e+06,8.5154e+06,0,0,0,0,80.8192,79.791,3.4452,0,1,1.71458,1.18727,0,1.32468,2.1168,8.46701e+06,3.61194e+06,1.45173e+07,0,0,0,6.20183e+07
85.139,85.139,3.70123,0.04,0,2.3464,2.87341,0,0.391682,4.47552,4.07419e+06,2.70226e+06,9.55968e+06,0,0,0,0,80.8192,79.791,3.77746,0,1,1.85421,1.3272,0,1.32468,2.1168,8.46701e+06,3.61194e+06,1.56996e+07,0,0,0,6.20183e+07
85.139,85.139,3.85374,0.04,0,2.48705,2.87413,0,0.439715,4.47552,4.07419e+06,2.70226e+06,1.01327e+07,0,0,0,0,80.8192,79.791,3.57846,0,1,1.71461,1.32753,0,1.43256,2.1168,8.46701e+06,3.61194e+06,1.45176e+07,0,0,0,6.20183e+07
85.139,85.139,4.90885,0.04,0,2.48811,2.87486,0,0.466074,4.47552,4.07419e+06,2.70226e+06,1.0137e+07,0,0,0,0,80.8192,79.791,5.34738,0,1,1.71461,1.32787,0,1.32471,2.1168,8.46701e+06,3.61194e+06,1.45176e+07,0,0,0,6.20183e+07
85.139,85.139,3.73421,0.04,0,2.48917,2.87558,0,0.466272,4.47552,4.07419e+06,2.70226e+06,1.01413e+07,0,0,0,0,80.1821,79.791,3.27725,0,1,1.71461,1.3282,0,1.32471,2.1168,8.46701e+06,3.61194e+06,1.45176e+07,0,0,0,6.20183e+07
85.0756,85.139,2.71698,0.04,0,2.12563,2.51171,0,0.46647,4.47552,4.07419e+06,2.70226e+06,8.66024e+06,0,0,0,0,80.6065,79.791,2.10246,0,1,1.52704,1.14096,0,1.32471,2.1168,8.46701e+06,3.61194e+06,1.29294e+07,0,0,0,6.20183e+07
85.139,85.139,6.09913,0.05,0,1.93902,2.51234,0,0.398344,4.47552,4.07419e+06,2.70226e+06,7.89995e+06,0,0,0,0,80.8192,79.791,5.45209,0,1,1.71457,1.14124,0,1.17979,2.1168,8.46701e+06,3.61194e+06,1.45172e+07,0,0,0,6.20183e+07
85.139,85.139,7.53512,0.04,0,1.93994,2.51298,0,0.363373,4.47552,4.07419e+06,2.70226e+06,7.90369e+06,0,0,0,0,80.8192,79.791,7.8603,0,1,1.71457,1.14153,0,1.32467,2.1168,8.46701e+06,3.61194e+06,1.45172e+07,0,0,0,6.20183e+07
85.139,85.139,6.15417,0.04,0,1.94086,2.51361,0,0.363545,4.47552,4.07419e+06,2.70226e+06,7.90744e+06,0,0,0,0,80.8192,79.791,6.06334,0,1,1.71457,1.14182,0,1.32467,2.1168,8.46701e+06,3.61194e+06,1.45172e+07,0,0,0,6.20183e+07
85.139,85.139,5.89566,0.04,0,1.94178,2.51424,0,0.363717,4.47552,4.07419e+06,2.70226e+06,7.91118e+06,0,0,0,0,80.8192,79.791,5.18863,0,1,1.71457,1.14211,0,1.32467,2.1168,8.46701e+06,3.61194e+06,1.45172e+07,0,0,0,6.20183e+07
85.139,85.139,6.04256,0.05,0,2.03459,2.60676,0,0.363889,4.47552,4.07419e+06,2.70226e+06,8.2893e+06,0,0,0,0,80.8192,79.791,8.67535,0,1,1.76051,1.18834,0,1.32467,2.1168,8.46701e+06,3.61194e+06,1.49063e+07,0,0,0,6.20183e+07
85.139,85.139,6.34501,0.05,0,2.08147,2.60742,0,0.381281,4.47552,4.07419e+06,2.70226e+06,8.48033e+06,0,0,0,0,80.8192,79.791,10.803,0,1,1.71458,1.18864,0,1.36017,2.1168,8.46701e+06,3.61194e+06,1.45173e+07,0,0,0,6.20183e+07
85.139,85.139,6.07452,0.06,0,2.08243,2.60807,0,0.390068,4.47552,4.07419e+06,2.70226e+06,8.48422e+06,0,0,0,0,80.8192,79.791,10.1787,0,1,1.71458,1.18894,0,1.32468,2.1168,8.46701e+06,3.61194e+06,1.45173e+07,0,0,0,6.20183e+07
85.139,85.139,5.24512,0.07,0,2.08338,2.60873,0,0.390247,4.47552,4.07419e+06,2.70226e+06,8.48811e+06,0,0,0,0,80.8192,79.791,7.74477,0,1,1.71458,1.18924,0,1.32468,2.1168,8.46701e+06,3.61194e+06,1.45173e+07,0,0,0,6.20183e+07
85.139,85.139,4.77864,0.07,0,2.04837,2.57342,0,0.390426,4.47552,4.07419e+06,2.70226e+06,8.34548e+06,0,0,0,0,80.8192,79.791,7.23927,0,1,1.69672,1.17167,0,1.32468,2.1168,8.46701e+06,3.61194e+06,1.43661e+07,0,0,0,6.20183e+07
85.139,85.139,4.21518,0.07,0,2.03146,2.57407,0,0.383865,4.47552,4.07419e+06,2.70226e+06,8.27655e+06,0,0,0,0,80.8192,79.791,7.10888,0,1,1.71457,1.17197,0,1.31088,2.1168,8.46701e+06,3.61194e+06,1.45173e+07,0,0,0,6.20183e+07
85.139,85.139,3.96014,0.07,0,2.0324,2.57471,0,0.380695,4.47552,4.07419e+06,2.70226e+06,8.28039e+06,0,0,0,0,80.8192,79.791,6.04759,0,1,1.71457,1.17226,0,1.32468,2.1168,8.46701e+06,3.61194e+06,1.45173e+07,0,0,0,6.20183e+07
85.139,85.139,3.63651,0.06,0,2.03334,2.57536,0,0.380872,4.47552,4.07419e+06,2.70226e+06,8.28423e+06,0,0,0,0,80.8192,79.791,5.78083,0,1,1.71457,1.17256,0,1.32468,2.1168,8.46701e+06,3.61194e+06,1.45173e+07,0,0,0,6.20183e+07
85.139,85.139,3.34868,0.05,0,2.15648,2.69821,0,0.381048,4.47552,4.07419e+06,2.70226e+06,8.78593e+06,0,0,0,0,80.8192,79.791,5.56651,0,1,1.77799,1.23626,0,1.32468,2.1168,8.46701e+06,3.61194e+06,1.50542e+07,0,0,0,6.20183e+07
85.139,85.139,3.16631,0.05,0,2.22087,2.69888,0,0.404125,4.47552,4.07419e+06,2.70226e+06,9.04824e+06,0,0,0,0,80.8192,79.791,4.21637,0,1,1.71459,1.23657,0,1.37367,2.1168,8.46701e+06,3.61194e+06,1.45174e+07,0,0,0,6.20183e+07
85.139,85.139,3.09451,0.05,0,2.22185,2.69956,0,0.41619,4.47552,4.07419e+06,2.70226e+06,9.05227e+06,0,0,0,0,80.8192,79.791,4.03749,0,1,1.71459,1.23688,0,1.32469,2.1168,8.46701e+06,3.61194e+06,1.45175e+07,0,0,0,6.20183e+07
85.139,85.139,2.78059,0.05,0,2.22284,2.70024,0,0.416376,4.47552,4.07419e+06,2.70226e+06,9.0563e+06,0,0,0,0,80.8192,79.791,4.09176,0,1,1.71459,1.23719,0,1.32469,2.1168,8.46701e+06,3.61194e+06,1.45175e+07,0,0,0,6.20183e+07
85.139,85.139,2.65339,0.03,0,2.22383,2.70092,0,0.416561,4.47552,4.07419e+06,2.70226e+06,9.06033e+06,0,0,0,0,80.8192,79.791,4.03184,0,1,1.71459,1.2375,0,1.32469,2.1168,8.46701e+06,3.61194e+06,1.45175e+07,0,0,0,6.20183e+07
85.0139,85.139,2.40907,0.03,0,2.20063,2.6774,0,0.416746,4.47552,4.07419e+06,2.70226e+06,8.96578e+06,0,0,0,0,80.8131,79.791,2.88392,0,1,1.74949,1.27271,0,1.32469,2.1168,8.46701e+06,3.61194e+06,1.48129e+07,0,0,0,6.20183e+07
84.6251,85.139,2.15419,0.05,0,2.23651,2.67808,0,0.412397,4.47552,4.07419e+06,2.70226e+06,9.11196e+06,0,0,0,0,80.576,79.791,2.04853,0,1,1.7146,1.27303,0,1.35165,2.1168,8.46701e+06,3.61194e+06,1.45175e+07,0,0,0,6.20183e+07
84.048,85.139,1.96238,0.04,0,2.2375,2.67875,0,0.419121,4.47552,4.07419e+06,2.70226e+06,9.11601e+06,0,0,0,0,80.2029,79.791,1.94895,0,1,1.7146,1.27335,0,1.3247,2.1168,8.46701e+06,3.61194e+06,1.45175e+07,0,0,0,6.20183e+07
83.3147,85.139,1.78251,0.04,0,2.23849,2.67942,0,0.419307,4.47552,4.07419e+06,2.70226e+06,9.12005e+06,0,0,0,0,79.8624,79.791,1.79506,0,1,1.7146,1.27367,0,1.3247,2.1168,8.46701e+06,3.61194e+06,1.45175e+07,0,0,0,6.20183e+07
82.5278,85.139,1.7396,0.04,0,2.30203,2.74264,0,0.419494,4.47552,4.07419e+06,2.70226e+06,9.37893e+06,0,0,0,0,79.4984,79.791,1.79819,0,1,1.74573,1.30512,0,1.3247,2.1168,8.46701e+06,3.61194e+06,1.47811e+07,0,0,0,6.20183e+07
81.888,85.139,1.90747,0.04,0,2.33417,2.74333,0,0.431401,4.47552,4.07419e+06,2.70226e+06,9.50988e+06,0,0,0,0,79.1164,79.791,1.8525,0,1,1.71461,1.30545,0,1.34875,2.1168,8.46701e+06,3.61194e+06,1.45176e+07,0,0,0,6.20183e+07
81.1364,85.139,1.78608,0.04,0,2.33519,2.74402,0,0.437424,4.47552,4.07419e+06,2.70226e+06,9.51402e+06,0,0,0,0,78.6224,79.791,1.85073,0,1,1.71461,1.30578,0,1.32471,2.1168,8.46701e+06,3.61194e+06,1.45176e+07,0,0,0,6.20183e+07
80.1938,85.139,1.58583,0.04,0,2.33621,2.74471,0,0.437615,4.47552,4.07419e+06,2.70226e+06,9.51817e+06,0,0,0,0,78.0937,79.791,1.68363,0,1,1.71461,1.30611,0,1.32471,2.1168,8.46701e+06,3.61194e+06,1.45176e+07,0,0,0,6.20183e+07
78.9681,85.139,1.43763,0.04,0,2.52058,2.92876,0,0.437806,4.47552,4.07419e+06,2.70226e+06,1.02693e+07,0,0,0,0,77.2421,79.791,1.64485,0,1,1.82709,1.41891,0,1.32471,2.1168,8.46701e+06,3.61194e+06,1.547e+07,0,0,0,6.20183e+07
77.6461,85.139,1.43317,0.04,0,2.63412,2.92949,0,0.472357,4.47552,4.07419e+06,2.70226e+06,1.07319e+07,0,0,0,0,76.5413,79.791,1.32503,0,1,1.71464,1.41927,0,1.41161,2.1168,8.46701e+06,3.61194e+06,1.45178e+07,0,0,0,6.20183e+07
76.5583,85.139,1.67121,0.04,0,2.63522,2.93023,0,0.493635,4.47552,4.07419e+06,2.70226e+06,1.07364e+07,0,0,0,0,75.6537,79.791,1.40306,0,1,1.71464,1.41963,0,1.32473,2.1168,8.46701e+06,3.61194e+06,1.45178e+07,0,0,0,6.20183e+07
75.1647,85.139,1.37573,0.06,0,2.63631,2.93096,0,0.493839,4.47552,4.07419e+06,2.70226e+06,1.07408e+07,0,0,0,0,75.1247,79.791,1.12325,0,1,1.71464,1.41998,0,1.32473,2.1168,8.46701e+06,3.61194e+06,1.45178e+07,0,0,0,6.20183e+07
74.013,85.139,1.59356,0.06,0,2.6374,2.9317,0,0.494044,4.47552,4.07419e+06,2.70226e+06,1.07453e+07,0,0,0,0,74.5638,79.791,1.68151,0,1,1.71464,1.42034,0,1.32473,2.1168,8.46701e+06,3.61194e+06,1.45178e+07,0,0,0,6.20183e+07
73.0008,85.139,1.70104,0.06,0,2.54902,2.84296,0,0.494249,4.47552,4.07419e+06,2.70226e+06,1.03852e+07,0,0,0,0,74.1872,79.791,1.54609,0,1,1.64628,1.35234,0,1.32473,2.1168,8.46701e+06,3.61194e+06,1.39391e+07,0,0,0,6.20183e+07
72.5145,85.139,2.19919,0.08,0,2.48174,2.84368,0,0.477687,4.47552,4.07419e+06,2.70226e+06,1.01111e+07,0,0,0,0,73.8208,79.791,2.23614,0,1,1.71462,1.35268,0,1.27192,2.1168,8.46701e+06,3.61194e+06,1.45177e+07,0,0,0,6.20183e+07
71.9085,85.139,2.11792,0.09,0,2.48279,2.84439,0,0.465078,4.47552,4.07419e+06,2.70226e+06,1.01154e+07,0,0,0,0,73.3137,79.791,2.48995,0,1,1.71462,1.35302,0,1.32472,2.1168,8.46701e+06,3.61194e+06,1.45177e+07,0,0,0,6.20183e+07
70.5138,85.139,1.27471,0.09,0,2.48385,2.84511,0,0.465275,4.47552,4.07419e+06,2.70226e+06,1.01197e+07,0,0,0,0,72.8558,79.791,1.51526,0,1,1.71462,1.35336,0,1.32472,2.1168,8.46701e+06,3.61194e+06,1.45177e+07,0,0,0,6.20183e+07
69.5922,85.139,1.72227,0.09,0,2.41139,2.77231,0,0.465473,4.47552,4.07419e+06,2.70226e+06,9.82446e+06,0,0,0,0,71.981,79.791,1.83717,0,1,1.65234,1.29142,0,1.32472,2.1168,8.46701e+06,3.61194e+06,1.39903e+07,0,0,0,6.20183e+07
68.1853,85.139,1.2276,0.09,0,2.35014,2.773,0,0.451894,4.47552,4.07419e+06,2.70226e+06,9.57493e+06,0,0,0,0,71.7198,79.791,1.17167,0,1,1.7146,1.29174,0,1.2766,2.1168,8.46701e+06,3.61194e+06,1.45176e+07,0,0,0,6.20183e+07
68.0684,85.139,2.57331,0.09,0,2.35116,2.7737,0,0.440416,4.47552,4.07419e+06,2.70226e+06,9.57909e+06,0,0,0,0,71.6555,79.791,2.44889,0,1,1.7146,1.29206,0,1.3247,2.1168,8.46701e+06,3.61194e+06,1.45176e+07,0,0,0,6.20183e+07
70.4254,85.139,5.24987,0.12,0,2.35218,2.7744,0,0.440608,4.47552,4.07419e+06,2.70226e+06,9.58325e+06,0,0,0,0,72.1904,79.791,5.05399,0,1,1.7146,1.29239,0,1.3247,2.1168,8.46701e+06,3.61194e+06,1.45176e+07,0,0,0,6.20183e+07
72.0824,85.139,4.24193,0.1,0,2.14421,2.5661,0,0.440799,4.47552,4.07419e+06,2.70226e+06,8.73592e+06,0,0,0,0,72.5684,79.791,3.75391,0,1,1.58476,1.16287,0,1.3247,2.1168,8.46701e+06,3.61194e+06,1.34181e+07,0,0,0,6.20183e+07
75.2724,85.139,5.88302,0.1,0,2.01533,2.56674,0,0.401825,4.47552,4.07419e+06,2.70226e+06,8.21084e+06,0,0,0,0,72.6145,79.791,3.44771,0,1,1.71457,1.16316,0,1.22438,2.1168,8.46701e+06,3.61194e+06,1.45173e+07,0,0,0,6.20183e+07
79.5148,85.139,6.98672,0.06,0,2.01627,2.56739,0,0.377672,4.47552,4.07419e+06,2.70226e+06,8.21466e+06,0,0,0,0,72.9594,79.791,4.48498,0,1,1.71457,1.16345,0,1.32468,2.1168,8.46701e+06,3.61194e+06,1.45173e+07,0,0,0,6.20183e+07
83.1403,85.139,6.38299,0.03,0,2.0172,2.56803,0,0.377848,4.47552,4.07419e+06,2.70226e+06,8.21847e+06,0,0,0,0,73.0453,79.791,3.7276,0,1,1.71457,1.16374,0,1.32468,2.1168,8.46701e+06,3.61194e+06,1.45173e+07,0,0,0,6.20183e+07
85.139,85.139,7.54686,0.03,0,2.01814,2.56868,0,0.378024,4.47552,4.07419e+06,2.70226e+06,8.22229e+06,0,0,0,0,73.6068,79.791,4.65558,0,1,1.71457,1.16403,0,1.32468,2.1168,8.46701e+06,3.61194e+06,1.45173e+07,0,0,0,6.20183e+07
85.139,85.139,6.59819,0.03,0,2.09955,2.6498,0,0.378199,4.47552,4.07419e+06,2.70226e+06,8.55399e+06,0,0,0,0,73.8937,79.791,3.86999,0,1,1.75221,1.20197,0,1.32468,2.1168,8.46701e+06,3.61194e+06,1.4836e+07,0,0,0,6.20183e+07
85.139,85.139,3.11469,0.03,0.02,2.13813,2.65044,0,0.393456,4.47552,4.07419e+06,2.70226e+06,8.71115e+06,0,0,0,0,73.7713,79.791,2.64738,0,1,1.71457,1.20226,0,1.35376,2.1168,8.46701e+06,3.61194e+06,1.45173e+07,0,0,0,6.20183e+07
85.0772,85.139,2.59837,0.03,0.02,2.13906,2.65108,0,0.400685,4.47552,4.07419e+06,2.70226e+06,8.71495e+06,0,0,0,0,73.5381,79.791,2.25514,0,1,1.71457,1.20255,0,1.32468,2.1168,8.46701e+06,3.61194e+06,1.45173e+07,0,0,0,6.20183e+07
85.139,85.139,3.10512,0.06,0.02,2.13999,2.65172,0,0.40086,4.47552,4.07419e+06,2.70226e+06,8.71874e+06,0,0,0,0,73.6444,79.791,2.99702,0,1,1.71457,1.20284,0,1.32468,2.1168,8.46701e+06,3.61194e+06,1.45173e+07,0,0,0,6.20183e+07
84.8662,85.139,2.60684,0.05,0.02,2.39963,2.91107,0,0.401035,4.47552,4.07419e+06,2.70226e+06,9.77656e+06,0,0,0,0,73.6924,79.791,3.04077,0,1,1.85603,1.34459,0,1.32468,2.1168,8.46701e+06,3.61194e+06,1.5715e+07,0,0,0,6.20183e+07
84.7343,85.139,2.91823,0.06,0.02,2.54209,2.91177,0,0.449691,4.47552,4.07419e+06,2.70226e+06,1.0357e+07,0,0,0,0,73.5255,79.791,2.29308,0,1,1.71461,1.34492,0,1.43397,2.1168,8.46701e+06,3.61194e+06,1.45176e+07,0,0,0,6.20183e+07
83.7581,85.139,2.04606,0.05,0.02,2.54312,2.91248,0,0.476387,4.47552,4.07419e+06,2.70226e+06,1.03612e+07,0,0,0,0,73.4703,79.791,2.60596,0,1,1.71461,1.34524,0,1.3247,2.1168,8.46701e+06,3.61194e+06,1.45176e+07,0,0,0,6.20183e+07
83.5047,85.139,2.72714,0.05,0.02,2.54415,2.91318,0,0.47658,4.47552,4.07419e+06,2.70226e+06,1.03653e+07,0,0,0,0,73.6638,79.791,3.38645,0,1,1.71461,1.34557,0,1.3247,2.1168,8.46701e+06,3.61194e+06,1.45176e+07,0,0,0,6.20183e+07
84.325,85.139,3.52795,0.05,0.02,2.17582,2.54453,0,0.476773,4.47552,4.07419e+06,2.70226e+06,8.86473e+06,0,0,0,0,73.8061,79.791,3.02968,0,1,1.52458,1.15587,0,1.3247,2.1168,8.46701e+06,3.61194e+06,1.29086e+07,0,0,0,6.20183e+07
85.139,85.139,4.75262,0.06,0.02,1.98674,2.54515,0,0.407749,4.47552,4.07419e+06,2.70226e+06,8.09435e+06,0,0,0,0,73.9921,79.791,3.60663,0,1,1.71456,1.15615,0,1.17789,2.1168,8.46701e+06,3.61194e+06,1.45172e+07,0,0,0,6.20183e+07
85.139,85.139,4.55443,0.04,0.02,1.98763,2.54576,0,0.372314,4.47552,4.07419e+06,2.70226e+06,8.09799e+06,0,0,0,0,74.2216,79.791,3.94428,0,1,1.71456,1.15643,0,1.32467,2.1168,8.46701e+06,3.61194e+06,1.45172e+07,0,0,0,6.20183e+07
85.139,85.139,5.32621,0.04,0.02,1.98853,2.54638,0,0.372482,4.47552,4.07419e+06,2.70226e+06,8.10164e+06,0,0,0,0,74.3882,79.791,3.47612,0,1,1.71456,1.15671,0,1.32467,2.1168,8.46701e+06,3.61194e+06,1.45172e+07,0,0,0,6.20183e+07
85.139,85.139,4.36573,0.04,0.02,1.98942,2.547,0,0.37265,4.47552,4.07419e+06,2.70226e+06,8.10529e+06,0,0,0,0,74.4823,79.791,3.0416,0,1,1.71456,1.15699,0,1.32467,2.1168,8.46701e+06,3.61194e+06,1.45172e+07,0,0,0,6.20183e+07
85.139,85.139,5.22124,0.05,0.02,2.0834,2.6407,0,0.372818,4.47552,4.07419e+06,2.70226e+06,8.48818e+06,0,0,0,0,74.9169,79.791,3.99728,0,1,1.7611,1.20381,0,1.32467,2.1168,8.46701e+06,3.61194e+06,1.49113e+07,0,0,0,6.20183e+07
85.139,85.139,5.40718,0.06,0.02,2.13086,2.64134,0,0.39043,4.47552,4.07419e+06,2.70226e+06,8.68156e+06,0,0,0,0,75.692,79.791,5.25657,0,1,1.71457,1.2041,0,1.36063,2.1168,8.46701e+06,3.61194e+06,1.45173e+07,0,0,0,6.20183e+07
85.139,85.139,4.19236,0.06,0.02,2.13179,2.64197,0,0.399324,4.47552,4.07419e+06,2.70226e+06,8.68534e+06,0,0,0,0,76.2087,79.791,4.22536,0,1,1.71457,1.20439,0,1.32468,2.1168,8.46701e+06,3.61194e+06,1.45173e+07,0,0,0,6.20183e+07
85.139,85.139,3.88977,0.06,0.02,2.13272,2.64261,0,0.399498,4.47552,4.07419e+06,2.70226e+06,8.68913e+06,0,0,0,0,76.6503,79.791,4.26978,0,1,1.71457,1.20468,0,1.32468,2.1168,8.46701e+06,3.61194e+06,1.45173e+07,0,0,0,6.20183e+07
85.139,85.139,3.94351,0.06,0.02,2.09722,2.60682,0,0.399673,4.47552,4.07419e+06,2.70226e+06,8.5445e+06,0,0,0,0,77.136,79.791,4.64204,0,1,1.69648,1.18688,0,1.32468,2.1168,8.46701e+06,3.61194e+06,1.43641e+07,0,0,0,6.20183e+07
85.139,85.139,2.77014,0.06,0.02,2.08005,2.60745,0,0.39302,4.47552,4.07419e+06,2.70226e+06,8.47453e+06,0,0,0,0,77.3444,79.791,3.28532,0,1,1.71457,1.18717,0,1.3107,2.1168,8.46701e+06,3.61194e+06,1.45172e+07,0,0,0,6.20183e+07
85.1188,85.139,2.5021,0.06,0.02,2.08097,2.60808,0,0.389802,4.47552,4.07419e+06,2.70226e+06,8.47827e+06,0,0,0,0,77.5393,79.791,3.32101,0,1,1.71457,1.18745,0,1.32467,2.1168,8.46701e+06,3.61194e+06,1.45172e+07,0,0,0,6.20183e+07
85.139,85.139,3.60645,0.07,0.02,2.08189,2.60871,0,0.389974,4.47552,4.07419e+06,2.70226e+06,8.48201e+06,0,0,0,0,77.8873,79.791,3.70601,0,1,1.71457,1.18774,0,1.32467,2.1168,8.46701e+06,3.61194e+06,1.45172e+07,0,0,0,6.20183e+07
85.139,85.139,2.73427,0.06,0.02,2.20658,2.73312,0,0.390146,4.47552,4.07419e+06,2.70226e+06,8.99005e+06,0,0,0,0,78.0864,79.791,3.34864,0,1,1.7788,1.25226,0,1.32467,2.1168,8.46701e+06,3.61194e+06,1.50611e+07,0,0,0,6.20183e+07
84.7747,85.139,2.21647,0.05,0.02,2.27176,2.73378,0,0.413514,4.47552,4.07419e+06,2.70226e+06,9.2556e+06,0,0,0,0,78.102,79.791,3.2706,0,1,1.71458,1.25256,0,1.3743,2.1168,8.46701e+06,3.61194e+06,1.45174e+07,0,0,0,6.20183e+07
84.2711,85.139,2.05428,0.07,0.02,2.27273,2.73444,0,0.425728,4.47552,4.07419e+06,2.70226e+06,9.25953e+06,0,0,0,0,78.0983,79.791,2.80017,0,1,1.71458,1.25286,0,1.32469,2.1168,8.46701e+06,3.61194e+06,1.45174e+07,0,0,0,6.20183e+07
83.5935,85.139,1.87191,0.06,0.02,2.27369,2.73511,0,0.425909,4.47552,4.07419e+06,2.70226e+06,9.26346e+06,0,0,0,0,77.9932,79.791,2.23674,0,1,1.71458,1.25317,0,1.32469,2.1168,8.46701e+06,3.61194e+06,1.45174e+07,0,0,0,6.20183e+07
82.7094,85.139,1.64567,0.05,0.02,2.27465,2.73577,0,0.42609,4.47552,4.07419e+06,2.70226e+06,9.26738e+06,0,0,0,0,77.8681,79.791,2.29006,0,1,1.71458,1.25347,0,1.32469,2.1168,8.46701e+06,3.61194e+06,1.45174e+07,0,0,0,6.20183e+07
82.0449,85.139,1.82022,0.04,0.02,2.25111,2.71192,0,0.42627,4.47552,4.07419e+06,2.70226e+06,9.17146e+06,0,0,0,0,77.6757,79.791,2.29889,0,1,1.74993,1.28912,0,1.32469,2.1168,8.46701e+06,3.61194e+06,1.48167e+07,0,0,0,6.20183e+07
81.6234,85.139,2.08646,0.04,0.02,2.28741,2.71258,0,0.421858,4.47552,4.07419e+06,2.70226e+06,9.31937e+06,0,0,0,0,77.4487,79.791,2.04286,0,1,1.71459,1.28943,0,1.35199,2.1168,8.46701e+06,3.61194e+06,1.45175e+07,0,0,0,6.20183e+07
81.1157,85.139,1.97869,0.03,0.02,2.28838,2.71323,0,0.428661,4.47552,4.07419e+06,2.70226e+06,9.32331e+06,0,0,0,0,77.1392,79.791,1.97877,0,1,1.71459,1.28974,0,1.32469,2.1168,8.46701e+06,3.61194e+06,1.45175e+07,0,0,0,6.20183e+07
80.4949,85.139,1.85437,0.02,0.02,2.28935,2.71389,0,0.428843,4.47552,4.07419e+06,2.70226e+06,9.32725e+06,0,0,0,0,76.7042,79.791,1.85426,0,1,1.71459,1.29005,0,1.32469,2.1168,8.46701e+06,3.61194e+06,1.45175e+07,0,0,0,6.20183e+07
79.7121,85.139,1.73882,0.02,0.02,2.35367,2.77789,0,0.429024,4.47552,4.07419e+06,2.70226e+06,9.5893e+06,0,0,0,0,76.2298,79.791,1.74564,0,1,1.74612,1.3219,0,1.32469,2.1168,8.46701e+06,3.61194e+06,1.47844e+07,0,0,0,6.20183e+07
78.807,85.139,1.63312,0.02,0.02,2.38618,2.77857,0,0.441078,4.47552,4.07419e+06,2.70226e+06,9.72177e+06,0,0,0,0,75.7594,79.791,1.76937,0,1,1.7146,1.32222,0,1.34905,2.1168,8.46701e+06,3.61194e+06,1.45175e+07,0,0,0,6.20183e+07
77.852,85.139,1.55435,0.03,0.02,2.38717,2.77924,0,0.447171,4.47552,4.07419e+06,2.70226e+06,9.72581e+06,0,0,0,0,75.4211,79.791,1.65336,0,1,1.7146,1.32254,0,1.3247,2.1168,8.46701e+06,3.61194e+06,1.45175e+07,0,0,0,6.20183e+07
76.9805,85.139,1.63099,0.03,0.02,2.38817,2.77991,0,0.447356,4.47552,4.07419e+06,2.70226e+06,9.72985e+06,0,0,0,0,74.8312,79.791,1.79043,0,1,1.7146,1.32286,0,1.3247,2.1168,8.46701e+06,3.61194e+06,1.45175e+07,0,0,0,6.20183e+07
75.9544,85.139,1.64728,0.03,0.02,2.57486,2.96628,0,0.447542,4.47552,4.07419e+06,2.70226e+06,1.04905e+07,0,0,0,0,74.1161,79.791,1.67493,0,1,1.82852,1.43709,0,1.3247,2.1168,8.46701e+06,3.61194e+06,1.54821e+07,0,0,0,6.20183e+07
74.6621,85.139,1.44866,0.04,0.02,2.68982,2.967,0,0.482529,4.47552,4.07419e+06,2.70226e+06,1.09588e+07,0,0,0,0,73.3678,79.791,1.37343,0,1,1.71463,1.43744,0,1.41271,2.1168,8.46701e+06,3.61194e+06,1.45178e+07,0,0,0,6.20183e+07
73.4575,85.139,1.524,0.04,0.02,2.69088,2.96772,0,0.504072,4.47552,4.07419e+06,2.70226e+06,1.09632e+07,0,0,0,0,72.5543,79.791,1.31784,0,1,1.71463,1.43779,0,1.32472,2.1168,8.46701e+06,3.61194e+06,1.45178e+07,0,0,0,6.20183e+07
72.0039,85.139,1.28488,0.06,0.02,2.69195,2.96844,0,0.504271,4.47552,4.07419e+06,2.70226e+06,1.09675e+07,0,0,0,0,71.951,79.791,1.15994,0,1,1.71463,1.43814,0,1.32472,2.1168,8.46701e+06,3.61194e+06,1.45178e+07,0,0,0,6.20183e+07
70.687,85.139,1.39932,0.07,0.02,2.69301,2.96915,0,0.504471,4.47552,4.07419e+06,2.70226e+06,1.09718e+07,0,0,0,0,71.2664,79.791,1.53305,0,1,1.71463,1.43848,0,1.32472,2.1168,8.46701e+06,3.61194e+06,1.45178e+07,0,0,0,6.20183e+07
69.249,85.139,1.20398,0.07,0.02,2.60346,2.87926,0,0.50467,4.47552,4.07419e+06,2.70226e+06,1.0607e+07,0,0,0,0,70.9448,79.791,1.28611,0,1,1.6454,1.3696,0,1.32472,2.1168,8.46701e+06,3.61194e+06,1.39316e+07,0,0,0,6.20183e+07
68.239,85.139,1.57501,0.07,0.02,2.53528,2.87995,0,0.487889,4.47552,4.07419e+06,2.70226e+06,1.03292e+07,0,0,0,0,70.3724,79.791,1.90651,0,1,1.71461,1.36993,0,1.27124,2.1168,8.46701e+06,3.61194e+06,1.45176e+07,0,0,0,6.20183e+07
66.5548,85.139,0.911611,0.07,0.02,2.5363,2.88065,0,0.475111,4.47552,4.07419e+06,2.70226e+06,1.03334e+07,0,0,0,0,69.5016,79.791,1.27788,0,1,1.71461,1.37027,0,1.32471,2.1168,8.46701e+06,3.61194e+06,1.45176e+07,0,0,0,6.20183e+07
64.8236,85.139,0.817417,0.09,0.02,2.53733,2.88134,0,0.475303,4.47552,4.07419e+06,2.70226e+06,1.03376e+07,0,0,0,0,69.3032,79.791,1.07707,0,1,1.71461,1.3706,0,1.32471,2.1168,8.46701e+06,3.61194e+06,1.45176e+07,0,0,0,6.20183e+07
64.3496,85.139,2.1046,0.09,0.02,2.46391,2.80759,0,0.475496,4.47552,4.07419e+06,2.70226e+06,1.00384e+07,0,0,0,0,68.9732,79.791,2.46332,0,1,1.65153,1.30785,0,1.32471,2.1168,8.46701e+06,3.61194e+06,1.39836e+07,0,0,0,6.20183e+07
63.2157,85.139,1.40114,0.1,0.02,2.40184,2.80827,0,0.461736,4.47552,4.07419e+06,2.70226e+06,9.78557e+06,0,0,0,0,68.7429,79.791,1.3994,0,1,1.7146,1.30817,0,1.27598,2.1168,8.46701e+06,3.61194e+06,1.45175e+07,0,0,0,6.20183e+07
62.404,85.139,1.73011,0.1,0.02,2.40284,2.80895,0,0.450105,4.47552,4.07419e+06,2.70226e+06,9.78962e+06,0,0,0,0,68.7914,79.791,3.1308,0,1,1.7146,1.30848,0,1.3247,2.1168,8.46701e+06,3.61194e+06,1.45175e+07,0,0,0,6.20183e+07
64.4139,85.139,4.70444,0.12,0.02,2.40383,2.80963,0,0.450291,4.47552,4.07419e+06,2.70226e+06,9.79367e+06,0,0,0,0,69.807,79.791,6.02361,0,1,1.7146,1.3088,0,1.3247,2.1168,8.46701e+06,3.61194e+06,1.45175e+07,0,0,0,6.20183e+07
64.71,85.139,2.77771,0.1,0.02,2.19318,2.59866,0,0.450478,4.47552,4.07419e+06,2.70226e+06,8.93543e+06,0,0,0,0,70.1078,79.791,2.94041,0,1,1.5831,1.17762,0,1.3247,2.1168,8.46701e+06,3.61194e+06,1.34041e+07,0,0,0,6.20183e+07
64.3308,85.139,1.95279,0.1,0.02,2.06262,2.59928,0,0.411001,4.47552,4.07419e+06,2.70226e+06,8.40353e+06,0,0,0,0,70.0298,79.791,1.91036,0,1,1.71456,1.1779,0,1.2231,2.1168,8.46701e+06,3.61194e+06,1.45172e+07,0,0,0,6.20183e+07
65.0353,85.139,3.10364,0.11,0.02,2.06354,2.59991,0,0.386536,4.47552,4.07419e+06,2.70226e+06,8.40725e+06,0,0,0,0,70.2135,79.791,2.92339,0,1,1.71456,1.17819,0,1.32467,2.1168,8.46701e+06,3.61194e+06,1.45172e+07,0,0,0,6.20183e+07
66.2273,85.139,3.64636,0.11,0.02,2.06445,2.60054,0,0.386707,4.47552,4.07419e+06,2.70226e+06,8.41097e+06,0,0,0,0,70.6509,79.791,3.45553,0,1,1.71456,1.17847,0,1.32467,2.1168,8.46701e+06,3.61194e+06,1.45172e+07,0,0,0,6.20183e+07
67.8274,85.139,4.06741,0.11,0.02,2.06536,2.60117,0,0.386878,4.47552,4.07419e+06,2.70226e+06,8.41469e+06,0,0,0,0,71.1631,79.791,3.57383,0,1,1.71456,1.17876,0,1.32467,2.1168,8.46701e+06,3.61194e+06,1.45172e+07,0,0,0,6.20183e+07
70.1927,85.139,4.89153,0.11,0.02,2.06565,2.60117,0,0.387049,4.47552,4.07419e+06,2.70226e+06,8.41585e+06,0,0,0,0,71.8193,79.791,4.50968,0,1,1.71428,1.17876,0,1.32467,2.1168,8.46701e+06,3.61194e+06,1.45148e+07,0,0,0,6.20183e+07
79.3226,85.139,11.3278,0.1,0.02,1.42806,2.68329,0,0.387102,4.47552,4.07419e+06,2.70226e+06,5.81818e+06,0,0,0,0,72.6138,79.791,5.43145,0,1,2.47239,1.21716,0,1.32445,2.96352,8.46701e+06,3.61194e+06,2.09338e+07,0,0,0,6.20183e+07
85.139,85.139,8.34357,0.07,0.02,1.46708,2.68392,0,0.267618,4.47552,4.07419e+06,2.70226e+06,5.97718e+06,0,0,0,0,72.9312,79.791,4.16693,0,1,2.43427,1.21744,0,1.91017,2.96352,8.46701e+06,3.61194e+06,2.0611e+07,0,0,0,6.20183e+07
85.139,85.139,6.47977,0.05,0.02,1.46799,2.68454,0,0.274931,4.47552,4.07419e+06,2.70226e+06,5.98087e+06,0,0,0,0,73.9881,79.791,6.48855,0,1,2.43427,1.21773,0,1.88072,2.96352,8.46701e+06,3.61194e+06,2.0611e+07,0,0,0,6.20183e+07
85.139,85.139,5.81501,0.05,0.02,1.4689,2.68516,0,0.275101,4.47552,4.07419e+06,2.70226e+06,5.98457e+06,0,0,0,0,74.4354,79.791,4.50725,0,1,2.43428,1.21801,0,1.88072,2.96352,8.46701e+06,3.61194e+06,2.0611e+07,0,0,0,6.20183e+07
85.139,85.139,6.52681,0.05,0.02,1.73177,2.94775,0,0.275271,4.47552,4.07419e+06,2.70226e+06,7.05556e+06,0,0,0,0,74.6702,79.791,3.76733,0,1,2.57752,1.36154,0,1.88072,2.96352,8.46701e+06,3.61194e+06,2.18239e+07,0,0,0,6.20183e+07
85.139,85.139,4.73378,0.05,0.02,1.87598,2.94844,0,0.324533,4.47552,4.07419e+06,2.70226e+06,7.64311e+06,0,0,0,0,74.677,79.791,2.72628,0,1,2.43431,1.36185,0,1.99139,2.96352,8.46701e+06,3.61194e+06,2.06113e+07,0,0,0,6.20183e+07
85.139,85.139,9.24229,0.04,0.02,1.87698,2.94912,0,0.351559,4.47552,4.07419e+06,2.70226e+06,7.64719e+06,0,0,0,0,75.4791,79.791,5.66799,0,1,2.43431,1.36217,0,1.88075,2.96352,8.46701e+06,3.61194e+06,2.06113e+07,0,0,0,6.20183e+07
85.139,85.139,11.9263,0.04,0.02,1.87798,2.94981,0,0.351747,4.47552,4.07419e+06,2.70226e+06,7.65127e+06,0,0,0,0,76.8052,79.791,8.46126,0,1,2.43431,1.36249,0,1.88075,2.96352,8.46701e+06,3.61194e+06,2.06113e+07,0,0,0,6.20183e+07
85.139,85.139,8.43185,0.04,0.02,1.50499,2.5765,0,0.351934,4.47552,4.07419e+06,2.70226e+06,6.13163e+06,0,0,0,0,77.4605,79.791,5.62414,0,1,2.24189,1.17039,0,1.88075,2.96352,8.46701e+06,3.61194e+06,1.89821e+07,0,0,0,6.20183e+07
85.139,85.139,6.80573,0.04,0.02,1.31349,2.5771,0,0.282036,4.47552,4.07419e+06,2.70226e+06,5.35142e+06,0,0,0,0,77.9603,79.791,5.58981,0,1,2.43426,1.17066,0,1.73209,2.96352,8.46701e+06,3.61194e+06,2.06109e+07,0,0,0,6.20183e+07
85.139,85.139,9.95979,0.04,0.02,1.31436,2.5777,0,0.246149,4.47552,4.07419e+06,2.70226e+06,5.35497e+06,0,0,0,0,78.755,79.791,6.50596,0,1,2.43426,1.17093,0,1.88071,2.96352,8.46701e+06,3.61194e+06,2.06109e+07,0,0,0,6.20183e+07
85.139,85.139,8.37808,0.05,0.02,1.31523,2.57829,0,0.246312,4.47552,4.07419e+06,2.70226e+06,5.35852e+06,0,0,0,0,79.3723,79.791,5.96896,0,1,2.43426,1.1712,0,1.88071,2.96352,8.46701e+06,3.61194e+06,2.06109e+07,0,0,0,6.20183e+07
85.139,85.139,14.0944,0.06,0.02,1.31611,2.57889,0,0.246475,4.47552,4.07419e+06,2.70226e+06,5.36207e+06,0,0,0,0,80.6922,79.791,7.87664,0,1,2.43426,1.17148,0,1.88071,2.96352,8.46701e+06,3.61194e+06,2.06109e+07,0,0,0,6.20183e+07
85.139,85.139,7.66772,0.07,0.02,1.41123,2.67374,0,0.246638,4.47552,4.07419e+06,2.70226e+06,5.74961e+06,0,0,0,0,80.8192,79.791,4.42488,0,1,2.48139,1.21887,0,1.88071,2.96352,8.46701e+06,3.61194e+06,2.10099e+07,0,0,0,6.20183e+07
85.139,85.139,7.01182,0.07,0.02,1.45925,2.67436,0,0.264464,4.47552,4.07419e+06,2.70226e+06,5.94525e+06,0,0,0,0,80.8192,79.791,4.64153,0,1,2.43428,1.21916,0,1.91712,2.96352,8.46701e+06,3.61194e+06,2.0611e+07,0,0,0,6.20183e+07
85.139,85.139,6.69557,0.06,0.02,1.46015,2.67498,0,0.273463,4.47552,4.07419e+06,2.70226e+06,5.94893e+06,0,0,0,0,80.8192,79.791,4.85669,0,1,2.43428,1.21944,0,1.88072,2.96352,8.46701e+06,3.61194e+06,2.0611e+07,0,0,0,6.20183e+07
85.139,85.139,5.33069,0.06,0.02,1.46105,2.67561,0,0.273632,4.47552,4.07419e+06,2.70226e+06,5.95262e+06,0,0,0,0,80.7996,79.791,3.48021,0,1,2.43428,1.21972,0,1.88072,2.96352,8.46701e+06,3.61194e+06,2.0611e+07,0,0,0,6.20183e+07
85.139,85.139,4.23201,0.06,0.02,1.42507,2.63934,0,0.273802,4.47552,4.07419e+06,2.70226e+06,5.80603e+06,0,0,0,0,80.6486,79.791,2.36956,0,1,2.41595,1.20169,0,1.88072,2.96352,8.46701e+06,3.61194e+06,2.04559e+07,0,0,0,6.20183e+07
85.139,85.139,4.93039,0.06,0.02,1.40765,2.63996,0,0.267059,4.47552,4.07419e+06,2.70226e+06,5.73504e+06,0,0,0,0,80.5617,79.791,2.50729,0,1,2.43427,1.20197,0,1.86657,2.96352,8.46701e+06,3.61194e+06,2.0611e+07,0,0,0,6.20183e+07
85.139,85.139,4.15167,0.06,0.02,1.40854,2.64057,0,0.263794,4.47552,4.07419e+06,2.70226e+06,5.73868e+06,0,0,0,0,80.4049,79.791,2.36612,0,1,2.43427,1.20224,0,1.88072,2.96352,8.46701e+06,3.61194e+06,2.0611e+07,0,0,0,6.20183e+07
85.139,85.139,4.04313,0.06,0.02,1.40943,2.64118,0,0.263961,4.47552,4.07419e+06,2.70226e+06,5.74231e+06,0,0,0,0,80.2151,79.791,2.33437,0,1,2.43427,1.20252,0,1.88072,2.96352,8.46701e+06,3.61194e+06,2.0611e+07,0,0,0,6.20183e+07
85.139,85.139,4.22533,0.06,0.02,1.53565,2.76711,0,0.264128,4.47552,4.07419e+06,2.70226e+06,6.25652e+06,0,0,0,0,80.0644,79.791,2.61344,0,1,2.4993,1.26783,0,1.88072,2.96352,8.46701e+06,3.61194e+06,2.11616e+07,0,0,0,6.20183e+07
85.139,85.139,4.14067,0.05,0.02,1.6016,2.76776,0,0.28778,4.47552,4.07419e+06,2.70226e+06,6.52522e+06,0,0,0,0,79.86,79.791,2.46832,0,1,2.43429,1.26813,0,1.93096,2.96352,8.46701e+06,3.61194e+06,2.06111e+07,0,0,0,6.20183e+07
85.139,85.139,3.60353,0.04,0.02,1.60254,2.7684,0,0.300139,4.47552,4.07419e+06,2.70226e+06,6.52904e+06,0,0,0,0,79.6027,79.791,2.44084,0,1,2.43429,1.26842,0,1.88073,2.96352,8.46701e+06,3.61194e+06,2.06111e+07,0,0,0,6.20183e+07
85.139,85.139,3.26996,0.04,0.02,1.60347,2.76904,0,0.300315,4.47552,4.07419e+06,2.70226e+06,6.53286e+06,0,0,0,0,79.2685,79.791,2.1713,0,1,2.43429,1.26872,0,1.88073,2.96352,8.46701e+06,3.61194e+06,2.06111e+07,0,0,0,6.20183e+07
85.139,85.139,2.9316,0.02,0.02,1.60441,2.76969,0,0.300491,4.47552,4.07419e+06,2.70226e+06,6.53668e+06,0,0,0,0,78.9522,79.791,2.35431,0,1,2.43429,1.26901,0,1.88073,2.96352,8.46701e+06,3.61194e+06,2.06111e+07,0,0,0,6.20183e+07
85.139,85.139,2.38929,0.02,0.02,1.58054,2.74552,0,0.300667,4.47552,4.07419e+06,2.70226e+06,6.43941e+06,0,0,0,0,78.785,79.791,2.9262,0,1,2.47007,1.30509,0,1.88073,2.96352,8.46701e+06,3.61194e+06,2.09141e+07,0,0,0,6.20183e+07
85.139,85.139,2.18827,0.02,0.02,1.61725,2.74615,0,0.296192,4.47552,4.07419e+06,2.70226e+06,6.589e+06,0,0,0,0,78.611,79.791,2.91726,0,1,2.4343,1.30539,0,1.90838,2.96352,8.46701e+06,3.61194e+06,2.06112e+07,0,0,0,6.20183e+07
85.1081,85.139,1.97883,0.02,0.02,1.61819,2.74679,0,0.303073,4.47552,4.07419e+06,2.70226e+06,6.59283e+06,0,0,0,0,78.3875,79.791,2.60179,0,1,2.4343,1.3057,0,1.88074,2.96352,8.46701e+06,3.61194e+06,2.06112e+07,0,0,0,6.20183e+07
85.0181,85.139,1.87882,0.02,0.02,1.61913,2.74743,0,0.303249,4.47552,4.07419e+06,2.70226e+06,6.59666e+06,0,0,0,0,78.0648,79.791,2.56996,0,1,2.4343,1.306,0,1.88074,2.96352,8.46701e+06,3.61194e+06,2.06112e+07,0,0,0,6.20183e+07
84.7404,85.139,1.7209,0.02,0.02,1.68421,2.8122,0,0.303426,4.47552,4.07419e+06,2.70226e+06,6.86179e+06,0,0,0,0,77.6696,79.791,2.23074,0,1,2.46622,1.33822,0,1.88074,2.96352,8.46701e+06,3.61194e+06,2.08815e+07,0,0,0,6.20183e+07
84.4274,85.139,1.74216,0.02,0.02,1.71709,2.81286,0,0.315621,4.47552,4.07419e+06,2.70226e+06,6.99574e+06,0,0,0,0,77.2285,79.791,2.32701,0,1,2.4343,1.33853,0,1.9054,2.96352,8.46701e+06,3.61194e+06,2.06113e+07,0,0,0,6.20183e+07
84.0124,85.139,1.61375,0.02,0.02,1.71805,2.81351,0,0.321782,4.47552,4.07419e+06,2.70226e+06,6.99967e+06,0,0,0,0,76.7516,79.791,2.24949,0,1,2.4343,1.33884,0,1.88074,2.96352,8.46701e+06,3.61194e+06,2.06113e+07,0,0,0,6.20183e+07
83.4631,85.139,1.46936,0.02,0.02,1.71901,2.81416,0,0.321962,4.47552,4.07419e+06,2.70226e+06,7.00359e+06,0,0,0,0,76.251,79.791,1.96083,0,1,2.4343,1.33915,0,1.88074,2.96352,8.46701e+06,3.61194e+06,2.06113e+07,0,0,0,6.20183e+07
82.9621,85.139,1.67289,0.02,0.02,1.90797,3.0028,0,0.322143,4.47552,4.07419e+06,2.70226e+06,7.77343e+06,0,0,0,0,75.818,79.791,2.53981,0,1,2.54963,1.45479,0,1.88074,2.96352,8.46701e+06,3.61194e+06,2.15877e+07,0,0,0,6.20183e+07
82.2338,85.139,1.54817,0.02,0.02,2.0243,3.0035,0,0.357553,4.47552,4.07419e+06,2.70226e+06,8.24738e+06,0,0,0,0,75.3125,79.791,2.10974,0,1,2.43433,1.45513,0,1.96984,2.96352,8.46701e+06,3.61194e+06,2.06115e+07,0,0,0,6.20183e+07
81.6497,85.139,1.71677,0.02,0.02,2.02533,3.0042,0,0.379353,4.47552,4.07419e+06,2.70226e+06,8.2516e+06,0,0,0,0,74.9185,79.791,2.60651,0,1,2.43433,1.45546,0,1.88076,2.96352,8.46701e+06,3.61194e+06,2.06115e+07,0,0,0,6.20183e+07
80.7536,85.139,1.40016,0.03,0.02,2.02637,3.0049,0,0.379547,4.47552,4.07419e+06,2.70226e+06,8.25582e+06,0,0,0,0,74.3646,79.791,1.83509,0,1,2.43433,1.4558,0,1.88076,2.96352,8.46701e+06,3.61194e+06,2.06115e+07,0,0,0,6.20183e+07
80.2563,85.139,1.77273,0.03,0.02,2.0274,3.00559,0,0.379741,4.47552,4.07419e+06,2.70226e+06,8.26003e+06,0,0,0,0,74.1019,79.791,3.4259,0,1,2.43433,1.45614,0,1.88076,2.96352,8.46701e+06,3.61194e+06,2.06115e+07,0,0,0,6.20183e+07
79.8572,85.139,1.84241,0.03,0.02,1.93671,2.91457,0,0.379935,4.47552,4.07419e+06,2.70226e+06,7.89055e+06,0,0,0,0,73.6927,79.791,2.81895,0,1,2.36425,1.3864,0,1.88076,2.96352,8.46701e+06,3.61194e+06,2.00181e+07,0,0,0,6.20183e+07
79.7845,85.139,2.12768,0.03,0.02,1.86765,2.91524,0,0.36294,4.47552,4.07419e+06,2.70226e+06,7.60917e+06,0,0,0,0,73.4431,79.791,3.48805,0,1,2.43431,1.38672,0,1.82662,2.96352,8.46701e+06,3.61194e+06,2.06113e+07,0,0,0,6.20183e+07
79.6495,85.139,2.09773,0.03,0.02,1.86865,2.91592,0,0.349998,4.47552,4.07419e+06,2.70226e+06,7.61324e+06,0,0,0,0,73.1908,79.791,3.46948,0,1,2.43431,1.38704,0,1.88075,2.96352,8.46701e+06,3.61194e+06,2.06113e+07,0,0,0,6.20183e+07
79.7562,85.139,2.49585,0.03,0.02,1.86965,2.9166,0,0.350185,4.47552,4.07419e+06,2.70226e+06,7.61731e+06,0,0,0,0,73.2397,79.791,4.42312,0,1,2.43431,1.38737,0,1.88075,2.96352,8.46701e+06,3.61194e+06,2.06113e+07,0,0,0,6.20183e+07
81.1105,85.139,3.67226,0.03,0.02,1.79529,2.84191,0,0.350372,4.47552,4.07419e+06,2.70226e+06,7.31435e+06,0,0,0,0,73.3673,79.791,4.9099,0,1,2.37047,1.32384,0,1.88075,2.96352,8.46701e+06,3.61194e+06,2.00708e+07,0,0,0,6.20183e+07
83.1657,85.139,4.28872,0.03,0.02,1.73242,2.84257,0,0.336437,4.47552,4.07419e+06,2.70226e+06,7.05822e+06,0,0,0,0,73.3502,79.791,3.93875,0,1,2.4343,1.32415,0,1.83142,2.96352,8.46701e+06,3.61194e+06,2.06112e+07,0,0,0,6.20183e+07
85.139,85.139,5.98409,0.04,0.02,1.73339,2.84323,0,0.324656,4.47552,4.07419e+06,2.70226e+06,7.06216e+06,0,0,0,0,73.9968,79.791,7.02177,0,1,2.4343,1.32445,0,1.88074,2.96352,8.46701e+06,3.61194e+06,2.06112e+07,0,0,0,6.20183e+07
85.139,85.139,7.15683,0.02,0.02,1.73436,2.84389,0,0.324837,4.47552,4.07419e+06,2.70226e+06,7.0661e+06,0,0,0,0,74.6476,79.791,7.82636,0,1,2.4343,1.32476,0,1.88074,2.96352,8.46701e+06,3.61194e+06,2.06112e+07,0,0,0,6.20183e+07
85.139,85.139,6.80295,0.02,0.02,1.5211,2.63033,0,0.325018,4.47552,4.07419e+06,2.70226e+06,6.19724e+06,0,0,0,0,76.0797,79.791,9.2762,0,1,2.3012,1.19197,0,1.88074,2.96352,8.46701e+06,3.61194e+06,1.94843e+07,0,0,0,6.20183e+07
85.139,85.139,2.94912,0.02,0.02,1.38891,2.63094,0,0.285053,4.47552,4.07419e+06,2.70226e+06,5.65871e+06,0,0,0,0,76.3453,79.791,8.34527,0,1,2.43427,1.19225,0,1.77791,2.96352,8.46701e+06,3.61194e+06,2.0611e+07,0,0,0,6.20183e+07
85.139,85.139,5.17157,0.03,0.02,1.3898,2.63155,0,0.260283,4.47552,4.07419e+06,2.70226e+06,5.66232e+06,0,0,0,0,76.5081,79.791,7.08961,0,1,2.43427,1.19252,0,1.88072,2.96352,8.46701e+06,3.61194e+06,2.0611e+07,0,0,0,6.20183e+07
85.139,85.139,17.9511,0.03,0.02,1.39069,2.63216,0,0.260449,4.47552,4.07419e+06,2.70226e+06,5.66594e+06,0,0,0,0,80.8192,79.791,17.4445,0,1,2.43427,1.1928,0,1.88072,2.96352,8.46701e+06,3.61194e+06,2.0611e+07,0,0,0,6.20183e+07
85.139,85.139,6.92221,0.06,0.02,1.39158,2.63277,0,0.260615,4.47552,4.07419e+06,2.70226e+06,5.66955e+06,0,0,0,0,80.8192,79.791,9.23377,0,1,2.43427,1.19308,0,1.88072,2.96352,8.46701e+06,3.61194e+06,2.0611e+07,0,0,0,6.20183e+07
85.139,85.139,5.47847,0.08,0.02,1.47495,2.71586,0,0.260782,4.47552,4.07419e+06,2.70226e+06,6.00922e+06,0,0,0,0,80.8192,79.791,5.90238,0,0,2.47285,1.23193,0,1.88072,2.96352,8.46701e+06,3.61194e+06,2.09376e+07,0,0,0,6.20183e+07
85.139,85.139,9.51763,0.09,0.02,1.51441,2.71647,0,0.276405,4.47552,4.07419e+06,2.70226e+06,6.17e+06,0,0,0,0,80.8192,79.791,11.9,0,0,2.43427,1.23221,0,1.91052,2.96352,8.46701e+06,3.61194e+06,2.06109e+07,0,0,0,6.20183e+07
85.139,85.139,10.4046,0.09,0.02,1.51529,2.71707,0,0.2838,4.47552,4.07419e+06,2.70226e+06,6.17358e+06,0,0,0,0,80.8192,79.791,8.42619,0,0,2.43427,1.23248,0,1.88071,2.96352,8.46701e+06,3.61194e+06,2.06109e+07,0,0,0,6.20183e+07
85.139,85.139,9.91332,0.08,0.02,1.51617,2.71768,0,0.283965,4.47552,4.07419e+06,2.70226e+06,6.17717e+06,0,0,0,0,80.8192,79.791,7.50636,0,0,2.43427,1.23276,0,1.88071,2.96352,8.46701e+06,3.61194e+06,2.06109e+07,0,0,0,6.20183e+07
85.139,85.139,7.18467,0.08,0.02,1.78218,2.98342,0,0.28413,4.47552,4.07419e+06,2.70226e+06,7.26097e+06,0,0,0,0,80.8192,79.791,7.96047,0,0,2.57925,1.37801,0,1.88071,2.96352,8.46701e+06,3.61194e+06,2.18385e+07,0,0,0,6.20183e+07
85.139,85.139,8.47233,0.08,0.02,1.9281,2.98408,0,0.333981,4.47552,4.07419e+06,2.70226e+06,7.85547e+06,0,0,0,0,80.8192,79.791,11.9447,0,0,2.4343,1.37832,0,1.99272,2.96352,8.46701e+06,3.61194e+06,2.06112e+07,0,0,0,6.20183e+07
85.139,85.139,8.15376,0.08,0.02,1.92908,2.98475,0,0.361326,4.47552,4.07419e+06,2.70226e+06,7.85943e+06,0,0,0,0,80.8192,79.791,13.3856,0,0,2.4343,1.37863,0,1.88074,2.96352,8.46701e+06,3.61194e+06,2.06112e+07,0,0,0,6.20183e+07
85.139,85.139,7.42757,0.08,0.02,1.93005,2.98541,0,0.361509,4.47552,4.07419e+06,2.70226e+06,7.86339e+06,0,0,0,0,80.8192,79.791,11.0928,0,0,2.4343,1.37893,0,1.88074,2.96352,8.46701e+06,3.61194e+06,2.06112e+07,0,0,0,6.20183e+07
85.139,85.139,8.31366,0.08,0.02,1.55251,2.60757,0,0.361691,4.47552,4.07419e+06,2.70226e+06,6.32525e+06,0,0,0,0,80.8192,79.791,8.60675,0,0,2.23956,1.1845,0,1.88074,2.96352,8.46701e+06,3.61194e+06,1.89624e+07,0,0,0,6.20183e+07
85.139,85.139,6.81882,0.08,0.02,1.35867,2.60816,0,0.290941,4.47552,4.07419e+06,2.70226e+06,5.53547e+06,0,0,0,0,80.8192,79.791,7.5397,0,0,2.43426,1.18477,0,1.73029,2.96352,8.46701e+06,3.61194e+06,2.06109e+07,0,0,0,6.20183e+07
85.139,85.139,6.02191,0.08,0.02,1.35951,2.60874,0,0.254614,4.47552,4.07419e+06,2.70226e+06,5.53892e+06,0,0,0,0,80.8192,79.791,7.2172,0,0,2.43426,1.18503,0,1.88071,2.96352,8.46701e+06,3.61194e+06,2.06109e+07,0,0,0,6.20183e+07
85.139,85.139,7.76689,0.08,0.02,1.36036,2.60932,0,0.254773,4.47552,4.07419e+06,2.70226e+06,5.54236e+06,0,0,0,0,80.8192,79.791,8.09345,0,0,2.43426,1.1853,0,1.88071,2.96352,8.46701e+06,3.61194e+06,2.06109e+07,0,0,0,6.20183e+07
85.139,85.139,7.39935,0.08,0.02,1.3612,2.6099,0,0.254931,4.47552,4.07419e+06,2.70226e+06,5.5458e+06,0,0,0,0,80.8192,79.791,8.44913,0,0,2.43426,1.18556,0,1.88071,2.96352,8.46701e+06,3.61194e+06,2.06109e+07,0,0,0,6.20183e+07
85.139,85.139,6.33061,0.07,0.02,1.45743,2.70586,0,0.255089,4.47552,4.07419e+06,2.70226e+06,5.93785e+06,0,0,0,0,80.8192,79.791,9.70372,0,0,2.48195,1.23352,0,1.88071,2.96352,8.46701e+06,3.61194e+06,2.10147e+07,0,0,0,6.20183e+07
85.139,85.139,5.63221,0.07,0.02,1.50599,2.70647,0,0.273122,4.47552,4.07419e+06,2.70226e+06,6.13569e+06,0,0,0,0,80.8192,79.791,8.6238,0,0,2.43427,1.23379,0,1.91755,2.96352,8.46701e+06,3.61194e+06,2.06109e+07,0,0,0,6.20183e+07
85.139,85.139,8.3803,0.07,0.02,1.50687,2.70707,0,0.282222,4.47552,4.07419e+06,2.70226e+06,6.13927e+06,0,0,0,0,80.8192,79.791,11.2499,0,0,2.43427,1.23407,0,1.88071,2.96352,8.46701e+06,3.61194e+06,2.0611e+07,0,0,0,6.20183e+07
85.139,85.139,5.75459,0.06,0.02,1.50775,2.70767,0,0.282387,4.47552,4.07419e+06,2.70226e+06,6.14285e+06,0,0,0,0,80.8192,79.791,9.23669,0,0,2.43427,1.23434,0,1.88071,2.96352,8.46701e+06,3.61194e+06,2.0611e+07,0,0,0,6.20183e+07
85.139,85.139,3.82006,0.06,0.02,1.4713,2.67095,0,0.282551,4.47552,4.07419e+06,2.70226e+06,5.99435e+06,0,0,0,0,80.8192,79.791,5.77618,0,0,2.41573,1.21608,0,1.88071,2.96352,8.46701e+06,3.61194e+06,2.0454e+07,0,0,0,6.20183e+07
85.139,85.139,3.3224,0.06,0.02,1.45363,2.67154,0,0.275721,4.47552,4.07419e+06,2.70226e+06,5.92236e+06,0,0,0,0,80.8192,79.791,5.42108,0,0,2.43426,1.21635,0,1.86639,2.96352,8.46701e+06,3.61194e+06,2.06109e+07,0,0,0,6.20183e+07
85.139,85.139,5.19713,0.06,0.02,1.45449,2.67214,0,0.27241,4.47552,4.07419e+06,2.70226e+06,5.92589e+06,0,0,0,0,80.8192,79.791,6.36854,0,0,2.43426,1.21662,0,1.88071,2.96352,8.46701e+06,3.61194e+06,2.06109e+07,0,0,0,6.20183e+07
85.139,85.139,3.3117,0.06,0.02,1.45536,2.67273,0,0.272572,4.47552,4.07419e+06,2.70226e+06,5.92941e+06,0,0,0,0,80.8192,79.791,5.43956,0,0,2.43426,1.21689,0,1.88071,2.96352,8.46701e+06,3.61194e+06,2.06109e+07,0,0,0,6.20183e+07
85.139,85.139,3.15858,0.06,0.02,1.58304,2.80014,0,0.272734,4.47552,4.07419e+06,2.70226e+06,6.44961e+06,0,0,0,0,80.8192,79.791,4.34899,0,0,2.50007,1.28297,0,1.88071,2.96352,8.46701e+06,3.61194e+06,2.11681e+07,0,0,0,6.20183e+07
85.139,85.139,3.29359,0.06,0.02,1.64974,2.80077,0,0.296662,4.47552,4.07419e+06,2.70226e+06,6.72136e+06,0,0,0,0,80.8192,79.791,4.15614,0,0,2.43428,1.28325,0,1.93155,2.96352,8.46701e+06,3.61194e+06,2.0611e+07,0,0,0,6.20183e+07
85.139,85.139,3.14671,0.04,0.02,1.65065,2.80139,0,0.309161,4.47552,4.07419e+06,2.70226e+06,6.72507e+06,0,0,0,0,80.8192,79.791,4.39167,0,0,2.43428,1.28354,0,1.88072,2.96352,8.46701e+06,3.61194e+06,2.0611e+07,0,0,0,6.20183e+07
85.139,85.139,2.91174,0.04,0.02,1.65156,2.80201,0,0.309332,4.47552,4.07419e+06,2.70226e+06,6.72878e+06,0,0,0,0,80.8192,79.791,4.20108,0,0,2.43428,1.28382,0,1.88072,2.96352,8.46701e+06,3.61194e+06,2.0611e+07,0,0,0,6.20183e+07
85.139,85.139,2.70863,0.03,0.02,1.65247,2.80264,0,0.309502,4.47552,4.07419e+06,2.70226e+06,6.73248e+06,0,0,0,0,80.8192,79.791,4.07494,0,0,2.43428,1.28411,0,1.88072,2.96352,8.46701e+06,3.61194e+06,2.0611e+07,0,0,0,6.20183e+07
85.139,85.139,2.48775,0.02,0.02,1.62827,2.77816,0,0.309673,4.47552,4.07419e+06,2.70226e+06,6.6339e+06,0,0,0,0,80.8192,79.791,3.43432,0,0,2.47049,1.3206,0,1.88072,2.96352,8.46701e+06,3.61194e+06,2.09176e+07,0,0,0,6.20183e+07
85.139,85.139,2.42377,0.02,0.02,1.66539,2.77877,0,0.305138,4.47552,4.07419e+06,2.70226e+06,6.78511e+06,0,0,0,0,80.7876,79.791,3.3754,0,0,2.43429,1.3209,0,1.9087,2.96352,8.46701e+06,3.61194e+06,2.06111e+07,0,0,0,6.20183e+07
85.139,85.139,2.25967,0.02,0.02,1.6663,2.77939,0,0.312093,4.47552,4.07419e+06,2.70226e+06,6.78883e+06,0,0,0,0,80.6994,79.791,3.22177,0,0,2.43429,1.32119,0,1.88073,2.96352,8.46701e+06,3.61194e+06,2.06111e+07,0,0,0,6.20183e+07
85.139,85.139,1.99627,0.02,0.02,1.66721,2.78001,0,0.312264,4.47552,4.07419e+06,2.70226e+06,6.79255e+06,0,0,0,0,80.5561,79.791,3.16946,0,0,2.43429,1.32149,0,1.88073,2.96352,8.46701e+06,3.61194e+06,2.06111e+07,0,0,0,6.20183e+07
85.139,85.139,2.02724,0.02,0.02,1.73302,2.84553,0,0.312436,4.47552,4.07419e+06,2.70226e+06,7.06066e+06,0,0,0,0,80.3981,79.791,2.97674,0,0,2.46658,1.35408,0,1.88073,2.96352,8.46701e+06,3.61194e+06,2.08846e+07,0,0,0,6.20183e+07
85.0963,85.139,2.03731,0.02,0.02,1.76625,2.84616,0,0.324768,4.47552,4.07419e+06,2.70226e+06,7.19603e+06,0,0,0,0,80.1461,79.791,2.96211,0,0,2.43429,1.35438,0,1.90568,2.96352,8.46701e+06,3.61194e+06,2.06112e+07,0,0,0,6.20183e+07
84.9322,85.139,1.88905,0.02,0.02,1.76718,2.84679,0,0.330995,4.47552,4.07419e+06,2.70226e+06,7.19984e+06,0,0,0,0,79.8443,79.791,2.85712,0,0,2.43429,1.35468,0,1.88074,2.96352,8.46701e+06,3.61194e+06,2.06112e+07,0,0,0,6.20183e+07
84.6088,85.139,1.72002,0.02,0.02,1.76812,2.84743,0,0.33117,4.47552,4.07419e+06,2.70226e+06,7.20365e+06,0,0,0,0,79.5092,79.791,2.4993,0,0,2.43429,1.35498,0,1.88074,2.96352,8.46701e+06,3.61194e+06,2.06112e+07,0,0,0,6.20183e+07
84.3933,85.139,1.98584,0.03,0.02,1.95926,3.03827,0,0.331345,4.47552,4.07419e+06,2.70226e+06,7.98242e+06,0,0,0,0,79.2802,79.791,3.2377,0,0,2.55098,1.47197,0,1.88074,2.96352,8.46701e+06,3.61194e+06,2.15991e+07,0,0,0,6.20183e+07
83.9591,85.139,1.85888,0.04,0.02,2.07693,3.03895,0,0.367166,4.47552,4.07419e+06,2.70226e+06,8.4618e+06,0,0,0,0,78.8471,79.791,2.4544,0,0,2.43432,1.4723,0,1.97089,2.96352,8.46701e+06,3.61194e+06,2.06114e+07,0,0,0,6.20183e+07
83.6395,85.139,2.00164,0.04,0.02,2.07793,3.03962,0,0.389216,4.47552,4.07419e+06,2.70226e+06,8.46589e+06,0,0,0,0,78.5447,79.791,3.00574,0,0,2.43432,1.47263,0,1.88076,2.96352,8.46701e+06,3.61194e+06,2.06114e+07,0,0,0,6.20183e+07
82.9897,85.139,1.65946,0.04,0.02,2.07893,3.0403,0,0.389404,4.47552,4.07419e+06,2.70226e+06,8.46998e+06,0,0,0,0,78.0543,79.791,2.10892,0,0,2.43432,1.47295,0,1.88076,2.96352,8.46701e+06,3.61194e+06,2.06114e+07,0,0,0,6.20183e+07
82.7196,85.139,2.03414,0.04,0.02,2.07994,3.04098,0,0.389592,4.47552,4.07419e+06,2.70226e+06,8.47408e+06,0,0,0,0,77.9353,79.791,3.98508,0,0,2.43432,1.47328,0,1.88076,2.96352,8.46701e+06,3.61194e+06,2.06114e+07,0,0,0,6.20183e+07
82.0873,85.139,1.55827,0.05,0.02,1.98814,2.94885,0,0.389781,4.47552,4.07419e+06,2.70226e+06,8.10007e+06,0,0,0,0,77.2331,79.791,1.69269,0,0,2.36342,1.40271,0,1.88076,2.96352,8.46701e+06,3.61194e+06,2.00111e+07,0,0,0,6.20183e+07
81.7427,85.139,1.80175,0.05,0.02,1.91822,2.94951,0,0.372577,4.47552,4.07419e+06,2.70226e+06,7.81521e+06,0,0,0,0,76.6178,79.791,2.09744,0,0,2.4343,1.40302,0,1.82598,2.96352,8.46701e+06,3.61194e+06,2.06113e+07,0,0,0,6.20183e+07
81.3459,85.139,1.7677,0.05,0.02,1.91919,2.95016,0,0.359475,4.47552,4.07419e+06,2.70226e+06,7.81916e+06,0,0,0,0,76.002,79.791,2.08662,0,0,2.4343,1.40333,0,1.88074,2.96352,8.46701e+06,3.61194e+06,2.06113e+07,0,0,0,6.20183e+07
81.1574,85.139,2.06804,0.05,0.02,1.92016,2.95082,0,0.359657,4.47552,4.07419e+06,2.70226e+06,7.82311e+06,0,0,0,0,75.5534,79.791,2.66004,0,0,2.4343,1.40364,0,1.88074,2.96352,8.46701e+06,3.61194e+06,2.06113e+07,0,0,0,6.20183e+07
81.8332,85.139,2.9529,0.05,0.02,1.84489,2.87523,0,0.359838,4.47552,4.07419e+06,2.70226e+06,7.51643e+06,0,0,0,0,75.1573,79.791,2.75616,0,0,2.36971,1.33936,0,1.88074,2.96352,8.46701e+06,3.61194e+06,2.00643e+07,0,0,0,6.20183e+07
83.5553,85.139,3.98841,0.05,0.02,1.78124,2.87587,0,0.345732,4.47552,4.07419e+06,2.70226e+06,7.25713e+06,0,0,0,0,74.8653,79.791,3.16434,0,0,2.43429,1.33966,0,1.83084,2.96352,8.46701e+06,3.61194e+06,2.06111e+07,0,0,0,6.20183e+07
85.139,85.139,4.22676,0.05,0.02,1.78218,2.87651,0,0.333805,4.47552,4.07419e+06,2.70226e+06,7.26095e+06,0,0,0,0,75.0845,79.791,4.51851,0,0,2.43429,1.33996,0,1.88073,2.96352,8.46701e+06,3.61194e+06,2.06111e+07,0,0,0,6.20183e+07
85.139,85.139,3.53862,0.02,0.02,1.78312,2.87715,0,0.333981,4.47552,4.07419e+06,2.70226e+06,7.26478e+06,0,0,0,0,75.0677,79.791,3.84784,0,0,2.43429,1.34026,0,1.88073,2.96352,8.46701e+06,3.61194e+06,2.06111e+07,0,0,0,6.20183e+07
85.139,85.139,4.63783,0.02,0.02,1.56733,2.66106,0,0.334157,4.47552,4.07419e+06,2.70226e+06,6.3856e+06,0,0,0,0,75.4557,79.791,4.98519,0,0,2.29964,1.2059,0,1.88073,2.96352,8.46701e+06,3.61194e+06,1.9471e+07,0,0,0,6.20183e+07
85.139,85.139,3.31574,0.02,0.02,1.43356,2.66166,0,0.293717,4.47552,4.07419e+06,2.70226e+06,5.84062e+06,0,0,0,0,75.6733,79.791,4.50073,0,0,2.43426,1.20617,0,1.7767,2.96352,8.46701e+06,3.61194e+06,2.06109e+07,0,0,0,6.20183e+07
85.139,85.139,5.32462,0.03,0.02,1.43443,2.66225,0,0.26865,4.47552,4.07419e+06,2.70226e+06,5.84413e+06,0,0,0,0,76.2168,79.791,6.14247,0,0,2.43426,1.20644,0,1.88071,2.96352,8.46701e+06,3.61194e+06,2.06109e+07,0,0,0,6.20183e+07
85.139,85.139,5.96287,0.03,0.02,1.43529,2.66284,0,0.268811,4.47552,4.07419e+06,2.70226e+06,5.84764e+06,0,0,0,0,76.6852,79.791,5.87968,0,0,2.43426,1.20671,0,1.88071,2.96352,8.46701e+06,3.61194e+06,2.06109e+07,0,0,0,6.20183e+07
85.139,85.139,9.27857,0.04,0.02,1.43615,2.66343,0,0.268973,4.47552,4.07419e+06,2.70226e+06,5.85114e+06,0,0,0,0,78.0072,79.791,6.86109,0,0,2.43426,1.20697,0,1.88071,2.96352,8.46701e+06,3.61194e+06,2.06109e+07,0,0,0,6.20183e+07
85.139,85.139,3.56991,0.05,0.02,1.52045,2.74747,0,0.269134,4.47552,4.07419e+06,2.70226e+06,6.19462e+06,0,0,0,0,78.1083,79.791,3.72227,0,0,2.47329,1.24627,0,1.88071,2.96352,8.46701e+06,3.61194e+06,2.09414e+07,0,0,0,6.20183e+07
85.139,85.139,2.22966,0.05,0.02,1.56034,2.74806,0,0.284933,4.47552,4.07419e+06,2.70226e+06,6.35711e+06,0,0,0,0,77.8577,79.791,2.68991,0,0,2.43426,1.24654,0,1.91086,2.96352,8.46701e+06,3.61194e+06,2.06109e+07,0,0,0,6.20183e+07
85.139,85.139,2.37099,0.06,0.02,1.56119,2.74864,0,0.292407,4.47552,4.07419e+06,2.70226e+06,6.36059e+06,0,0,0,0,77.6969,79.791,2.86989,0,0,2.43426,1.2468,0,1.88071,2.96352,8.46701e+06,3.61194e+06,2.06109e+07,0,0,0,6.20183e+07
85.139,85.139,2.34146,0.06,0.02,1.56204,2.74923,0,0.292567,4.47552,4.07419e+06,2.70226e+06,6.36406e+06,0,0,0,0,78.0281,79.791,3.83743,0,0,2.43426,1.24707,0,1.88071,2.96352,8.46701e+06,3.61194e+06,2.06109e+07,0,0,0,6.20183e+07
85.139,85.139,3.10901,0.05,0.02,1.83111,3.01803,0,0.292727,4.47552,4.07419e+06,2.70226e+06,7.46028e+06,0,0,0,0,78.084,79.791,3.64656,0,0,2.58092,1.394,0,1.88071,2.96352,8.46701e+06,3.61194e+06,2.18526e+07,0,0,0,6.20183e+07
85.139,85.139,4.57737,0.05,0.02,1.97868,3.01867,0,0.343149,4.47552,4.07419e+06,2.70226e+06,8.06151e+06,0,0,0,0,78.2474,79.791,4.75774,0,0,2.43429,1.39429,0,1.99402,2.96352,8.46701e+06,3.61194e+06,2.06111e+07,0,0,0,6.20183e+07
85.139,85.139,4.77425,0.05,0.02,1.97962,3.01932,0,0.370804,4.47552,4.07419e+06,2.70226e+06,8.06535e+06,0,0,0,0,78.3571,79.791,4.28445,0,0,2.43429,1.39459,0,1.88073,2.96352,8.46701e+06,3.61194e+06,2.06111e+07,0,0,0,6.20183e+07
85.139,85.139,4.02198,0.05,0.02,1.98056,3.01996,0,0.370981,4.47552,4.07419e+06,2.70226e+06,8.06919e+06,0,0,0,0,78.5802,79.791,4.67009,0,0,2.43429,1.39489,0,1.88073,2.96352,8.46701e+06,3.61194e+06,2.06111e+07,0,0,0,6.20183e+07
85.139,85.139,4.19956,0.04,0.02,1.59862,2.63772,0,0.371157,4.47552,4.07419e+06,2.70226e+06,6.5131e+06,0,0,0,0,79.2606,79.791,5.48877,0,0,2.2373,1.1982,0,1.88073,2.96352,8.46701e+06,3.61194e+06,1.89432e+07,0,0,0,6.20183e+07
85.139,85.139,5.04893,0.06,0.02,1.40249,2.63829,0,0.299582,4.47552,4.07419e+06,2.70226e+06,5.71404e+06,0,0,0,0,80.7504,79.791,7.43164,0,0,2.43425,1.19846,0,1.72854,2.96352,8.46701e+06,3.61194e+06,2.06108e+07,0,0,0,6.20183e+07
85.139,85.139,3.98773,0.06,0.02,1.40331,2.63885,0,0.262828,4.47552,4.07419e+06,2.70226e+06,5.71737e+06,0,0,0,0,80.8192,79.791,4.7107,0,0,2.43425,1.19871,0,1.8807,2.96352,8.46701e+06,3.61194e+06,2.06108e+07,0,0,0,6.20183e+07
85.139,85.139,3.47817,0.07,0.02,1.40413,2.63941,0,0.262981,4.47552,4.07419e+06,2.70226e+06,5.72071e+06,0,0,0,0,80.8192,79.791,4.53698,0,0,2.43425,1.19897,0,1.8807,2.96352,8.46701e+06,3.61194e+06,2.06108e+07,0,0,0,6.20183e+07
85.139,85.139,5.9079,0.08,0.02,1.40495,2.63998,0,0.263135,4.47552,4.07419e+06,2.70226e+06,5.72405e+06,0,0,0,0,80.8192,79.791,7.56779,0,0,2.43425,1.19922,0,1.8807,2.96352,8.46701e+06,3.61194e+06,2.06108e+07,0,0,0,6.20183e+07
85.139,85.139,9.29771,0.08,0.02,1.50225,2.73702,0,0.263288,4.47552,4.07419e+06,2.70226e+06,6.12046e+06,0,0,0,0,80.8192,79.791,9.06383,0,0,2.48249,1.24772,0,1.8807,2.96352,8.46701e+06,3.61194e+06,2.10193e+07,0,0,0,6.20183e+07
85.139,85.139,5.6628,0.08,0.02,1.55133,2.7376,0,0.281522,4.47552,4.07419e+06,2.70226e+06,6.32043e+06,0,0,0,0,80.8192,79.791,6.55935,0,0,2.43426,1.24799,0,1.91797,2.96352,8.46701e+06,3.61194e+06,2.06109e+07,0,0,0,6.20183e+07
85.139,85.139,4.76669,0.08,0.02,1.55218,2.73819,0,0.29072,4.47552,4.07419e+06,2.70226e+06,6.3239e+06,0,0,0,0,80.8192,79.791,6.12572,0,0,2.43426,1.24825,0,1.88071,2.96352,8.46701e+06,3.61194e+06,2.06109e+07,0,0,0,6.20183e+07
85.139,85.139,4.29204,0.07,0.02,1.55303,2.73877,0,0.290879,4.47552,4.07419e+06,2.70226e+06,6.32736e+06,0,0,0,0,80.8192,79.791,5.64235,0,0,2.43426,1.24852,0,1.88071,2.96352,8.46701e+06,3.61194e+06,2.06109e+07,0,0,0,6.20183e+07
85.139,85.139,4.2949,0.06,0.02,1.51613,2.7016,0,0.291039,4.47552,4.07419e+06,2.70226e+06,6.17701e+06,0,0,0,0,80.8192,79.791,4.38431,0,0,2.41551,1.23003,0,1.88071,2.96352,8.46701e+06,3.61194e+06,2.04521e+07,0,0,0,6.20183e+07
85.139,85.139,3.14061,0.07,0.02,1.49822,2.70218,0,0.284123,4.47552,4.07419e+06,2.70226e+06,6.10404e+06,0,0,0,0,80.7284,79.791,3.12566,0,0,2.43425,1.2303,0,1.86622,2.96352,8.46701e+06,3.61194e+06,2.06108e+07,0,0,0,6.20183e+07
85.139,85.139,2.65957,0.07,0.02,1.49906,2.70276,0,0.280767,4.47552,4.07419e+06,2.70226e+06,6.10746e+06,0,0,0,0,80.5761,79.791,2.82622,0,0,2.43425,1.23056,0,1.88071,2.96352,8.46701e+06,3.61194e+06,2.06108e+07,0,0,0,6.20183e+07
85.139,85.139,2.44185,0.07,0.02,1.4999,2.70333,0,0.280924,4.47552,4.07419e+06,2.70226e+06,6.11088e+06,0,0,0,0,80.3236,79.791,2.30198,0,0,2.43425,1.23082,0,1.88071,2.96352,8.46701e+06,3.61194e+06,2.06108e+07,0,0,0,6.20183e+07
85.139,85.139,3.15491,0.06,0.02,1.629,2.83217,0,0.281081,4.47552,4.07419e+06,2.70226e+06,6.63688e+06,0,0,0,0,80.1465,79.791,2.42922,0,0,2.50081,1.29764,0,1.88071,2.96352,8.46701e+06,3.61194e+06,2.11744e+07,0,0,0,6.20183e+07
85.139,85.139,2.40018,0.06,0.02,1.69643,2.83278,0,0.305275,4.47552,4.07419e+06,2.70226e+06,6.91158e+06,0,0,0,0,79.8201,79.791,2.31017,0,0,2.43427,1.29792,0,1.93213,2.96352,8.46701e+06,3.61194e+06,2.0611e+07,0,0,0,6.20183e+07
85.139,85.139,2.08428,0.05,0.02,1.69731,2.83338,0,0.317911,4.47552,4.07419e+06,2.70226e+06,6.91517e+06,0,0,0,0,79.3865,79.791,2.03726,0,0,2.43427,1.2982,0,1.88072,2.96352,8.46701e+06,3.61194e+06,2.0611e+07,0,0,0,6.20183e+07
85.0718,85.139,1.98943,0.04,0.02,1.69819,2.83399,0,0.318076,4.47552,4.07419e+06,2.70226e+06,6.91877e+06,0,0,0,0,78.9718,79.791,1.95846,0,0,2.43427,1.29847,0,1.88072,2.96352,8.46701e+06,3.61194e+06,2.0611e+07,0,0,0,6.20183e+07
84.9247,85.139,1.90452,0.07,0.02,1.69907,2.83459,0,0.318241,4.47552,4.07419e+06,2.70226e+06,6.92236e+06,0,0,0,0,78.2697,79.791,2.11607,0,0,2.43427,1.29875,0,1.88072,2.96352,8.46701e+06,3.61194e+06,2.0611e+07,0,0,0,6.20183e+07
84.2003,85.139,1.26438,0.04,0.02,1.67456,2.8098,0,0.318407,4.47552,4.07419e+06,2.70226e+06,6.8225e+06,0,0,0,0,77.4753,79.791,1.60253,0,0,2.47089,1.33565,0,1.88072,2.96352,8.46701e+06,3.61194e+06,2.0921e+07,0,0,0,6.20183e+07
83.372,85.139,1.18929,0.04,0.02,1.71206,2.8104,0,0.313813,4.47552,4.07419e+06,2.70226e+06,6.97527e+06,0,0,0,0,76.647,79.791,1.52058,0,0,2.43428,1.33593,0,1.90901,2.96352,8.46701e+06,3.61194e+06,2.0611e+07,0,0,0,6.20183e+07
82.4463,85.139,1.08762,0.03,0.02,1.71295,2.811,0,0.32084,4.47552,4.07419e+06,2.70226e+06,6.97887e+06,0,0,0,0,75.7012,79.791,1.49241,0,0,2.43428,1.33622,0,1.88072,2.96352,8.46701e+06,3.61194e+06,2.0611e+07,0,0,0,6.20183e+07
81.4309,85.139,0.985816,0.02,0.02,1.71383,2.8116,0,0.321006,4.47552,4.07419e+06,2.70226e+06,6.98248e+06,0,0,0,0,74.7049,79.791,1.35451,0,0,2.43428,1.3365,0,1.88072,2.96352,8.46701e+06,3.61194e+06,2.0611e+07,0,0,0,6.20183e+07
80.3324,85.139,0.924087,0.02,0.02,1.78035,2.87783,0,0.321172,4.47552,4.07419e+06,2.70226e+06,7.25348e+06,0,0,0,0,73.6049,79.791,1.27962,0,0,2.46694,1.36945,0,1.88072,2.96352,8.46701e+06,3.61194e+06,2.08876e+07,0,0,0,6.20183e+07
79.1807,85.139,0.894027,0.03,0.02,1.81391,2.87845,0,0.333637,4.47552,4.07419e+06,2.70226e+06,7.39022e+06,0,0,0,0,72.4971,79.791,1.23599,0,0,2.43428,1.36975,0,1.90596,2.96352,8.46701e+06,3.61194e+06,2.06111e+07,0,0,0,6.20183e+07
77.9378,85.139,0.795015,0.05,0.02,1.81482,2.87906,0,0.339927,4.47552,4.07419e+06,2.70226e+06,7.39392e+06,0,0,0,0,71.31,79.791,1.17336,0,0,2.43428,1.37004,0,1.88073,2.96352,8.46701e+06,3.61194e+06,2.06111e+07,0,0,0,6.20183e+07
76.6367,85.139,0.728337,0.06,0.02,1.81572,2.87968,0,0.340097,4.47552,4.07419e+06,2.70226e+06,7.39761e+06,0,0,0,0,70.0873,79.791,1.09825,0,0,2.43428,1.37033,0,1.88073,2.96352,8.46701e+06,3.61194e+06,2.06111e+07,0,0,0,6.20183e+07
75.1042,85.139,0.64073,0.06,0.02,2.00899,3.07265,0,0.340267,4.47552,4.07419e+06,2.70226e+06,8.18502e+06,0,0,0,0,68.7764,79.791,1.06391,0,0,2.55229,1.48863,0,1.88073,2.96352,8.46701e+06,3.61194e+06,2.16102e+07,0,0,0,6.20183e+07
73.4539,85.139,0.633824,0.06,0.02,2.12794,3.07331,0,0.376485,4.47552,4.07419e+06,2.70226e+06,8.66966e+06,0,0,0,0,67.5811,79.791,0.924727,0,0,2.43431,1.48895,0,1.9719,2.96352,8.46701e+06,3.61194e+06,2.06113e+07,0,0,0,6.20183e+07
71.8699,85.139,0.704186,0.09,0.02,2.12892,3.07396,0,0.398777,4.47552,4.07419e+06,2.70226e+06,8.67362e+06,0,0,0,0,66.2234,79.791,1.13797,0,0,2.43431,1.48926,0,1.88075,2.96352,8.46701e+06,3.61194e+06,2.06113e+07,0,0,0,6.20183e+07
70.1679,85.139,0.575884,0.09,0.02,2.12989,3.07462,0,0.398959,4.47552,4.07419e+06,2.70226e+06,8.67759e+06,0,0,0,0,65.2397,79.791,0.806518,0,0,2.43431,1.48958,0,1.88075,2.96352,8.46701e+06,3.61194e+06,2.06113e+07,0,0,0,6.20183e+07
68.6034,85.139,0.698194,0.09,0.02,2.13086,3.07528,0,0.399142,4.47552,4.07419e+06,2.70226e+06,8.68156e+06,0,0,0,0,64.0362,79.791,1.46457,0,0,2.43431,1.4899,0,1.88075,2.96352,8.46701e+06,3.61194e+06,2.06113e+07,0,0,0,6.20183e+07
67.0023,85.139,0.608418,0.09,0.02,2.03799,2.98208,0,0.399324,4.47552,4.07419e+06,2.70226e+06,8.30316e+06,0,0,0,0,63.189,79.791,0.851177,0,0,2.36261,1.41852,0,1.88075,2.96352,8.46701e+06,3.61194e+06,2.00042e+07,0,0,0,6.20183e+07
65.9677,85.139,1.13541,0.12,0.02,1.96724,2.98272,0,0.381919,4.47552,4.07419e+06,2.70226e+06,8.01492e+06,0,0,0,0,61.9638,79.791,1.54299,0,0,2.43429,1.41882,0,1.82535,2.96352,8.46701e+06,3.61194e+06,2.06112e+07,0,0,0,6.20183e+07
64.3743,85.139,0.543744,0.12,0.02,1.96818,2.98335,0,0.368661,4.47552,4.07419e+06,2.70226e+06,8.01875e+06,0,0,0,0,60.6057,79.791,0.809711,0,0,2.43429,1.41912,0,1.88074,2.96352,8.46701e+06,3.61194e+06,2.06112e+07,0,0,0,6.20183e+07
62.8853,85.139,0.655803,0.11,0.02,1.96912,2.98399,0,0.368837,4.47552,4.07419e+06,2.70226e+06,8.02257e+06,0,0,0,0,59.965,79.791,0.898943,0,0,2.43429,1.41942,0,1.88074,2.96352,8.46701e+06,3.61194e+06,2.06112e+07,0,0,0,6.20183e+07
62.5605,85.139,1.84625,0.11,0.02,1.89296,2.90753,0,0.369013,4.47552,4.07419e+06,2.70226e+06,7.71228e+06,0,0,0,0,59.0827,79.791,2.49571,0,0,2.36897,1.3544,0,1.88074,2.96352,8.46701e+06,3.61194e+06,2.00581e+07,0,0,0,6.20183e+07
61.582,85.139,1.14687,0.12,0.02,1.82856,2.90815,0,0.35474,4.47552,4.07419e+06,2.70226e+06,7.4499e+06,0,0,0,0,58.556,79.791,1.17093,0,0,2.43428,1.35469,0,1.83027,2.96352,8.46701e+06,3.61194e+06,2.06111e+07,0,0,0,6.20183e+07
61.8485,85.139,2.42631,0.15,0.02,1.82947,2.90877,0,0.342672,4.47552,4.07419e+06,2.70226e+06,7.45361e+06,0,0,0,0,58.2711,79.791,2.16548,0,0,2.43428,1.35498,0,1.88073,2.96352,8.46701e+06,3.61194e+06,2.06111e+07,0,0,0,6.20183e+07
64.6877,85.139,5.17206,0.15,0.02,1.83038,2.90939,0,0.342842,4.47552,4.07419e+06,2.70226e+06,7.45731e+06,0,0,0,0,58.5935,79.791,4.87632,0,0,2.43428,1.35527,0,1.88073,2.96352,8.46701e+06,3.61194e+06,2.06111e+07,0,0,0,6.20183e+07
67.3581,85.139,4.74127,0.12,0.02,1.61213,2.69085,0,0.343013,4.47552,4.07419e+06,2.70226e+06,6.56813e+06,0,0,0,0,58.6397,79.791,3.54266,0,0,2.29812,1.2194,0,1.88073,2.96352,8.46701e+06,3.61194e+06,1.94582e+07,0,0,0,6.20183e+07
72.5705,85.139,7.49839,0.13,0.02,1.47683,2.69142,0,0.302113,4.47552,4.07419e+06,2.70226e+06,6.0169e+06,0,0,0,0,59.1445,79.791,5.79512,0,0,2.43425,1.21966,0,1.77553,2.96352,8.46701e+06,3.61194e+06,2.06108e+07,0,0,0,6.20183e+07
75.6527,85.139,5.27695,0.11,0.02,1.47767,2.692,0,0.276758,4.47552,4.07419e+06,2.70226e+06,6.02029e+06,0,0,0,0,59.2035,79.791,4.89031,0,0,2.43425,1.21992,0,1.8807,2.96352,8.46701e+06,3.61194e+06,2.06108e+07,0,0,0,6.20183e+07
78.496,85.139,5.15742,0.1,0.02,1.4785,2.69257,0,0.276914,4.47552,4.07419e+06,2.70226e+06,6.02369e+06,0,0,0,0,59.9789,79.791,6.91635,0,0,2.43425,1.22018,0,1.8807,2.96352,8.46701e+06,3.61194e+06,2.06108e+07,0,0,0,6.20183e+07
85.139,85.139,9.59039,0.1,0.02,1.47933,2.69315,0,0.277071,4.47552,4.07419e+06,2.70226e+06,6.02709e+06,0,0,0,0,61.6847,79.791,8.21649,0,0,2.43425,1.22044,0,1.8807,2.96352,8.46701e+06,3.61194e+06,2.06108e+07,0,0,0,6.20183e+07
85.139,85.139,4.97587,0.04,0.04,1.56454,2.77809,0,0.277227,4.47552,4.07419e+06,2.70226e+06,6.37425e+06,0,0,0,0,61.9231,79.791,4.55587,0,0,2.47372,1.26016,0,1.8807,2.96352,8.46701e+06,3.61194e+06,2.0945e+07,0,0,0,6.20183e+07
85.139,85.139,4.36928,0.04,0.04,1.60483,2.77866,0,0.293195,4.47552,4.07419e+06,2.70226e+06,6.5384e+06,0,0,0,0,62.2793,79.791,5.07377,0,0,2.43425,1.26042,0,1.91119,2.96352,8.46701e+06,3.61194e+06,2.06108e+07,0,0,0,6.20183e+07
85.139,85.139,5.82217,0.06,0.04,1.60566,2.77923,0,0.300746,4.47552,4.07419e+06,2.70226e+06,6.54176e+06,0,0,0,0,63.1672,79.791,6.49589,0,0,2.43425,1.26068,0,1.8807,2.96352,8.46701e+06,3.61194e+06,2.06108e+07,0,0,0,6.20183e+07
85.139,85.139,10.3045,0.06,0.04,1.60648,2.7798,0,0.3009,4.47552,4.07419e+06,2.70226e+06,6.54513e+06,0,0,0,0,65.5356,79.791,11.0666,0,0,2.43425,1.26094,0,1.8807,2.96352,8.46701e+06,3.61194e+06,2.06108e+07,0,0,0,6.20183e+07
85.139,85.139,8.96226,0.07,0.04,1.8785,3.05156,0,0.301055,4.47552,4.07419e+06,2.70226e+06,7.65337e+06,0,0,0,0,66.9039,79.791,7.74089,0,0,2.58254,1.40948,0,1.8807,2.96352,8.46701e+06,3.61194e+06,2.18664e+07,0,0,0,6.20183e+07
85.139,85.139,4.87464,0.05,0.04,2.02767,3.05218,0,0.352031,4.47552,4.07419e+06,2.70226e+06,8.26112e+06,0,0,0,0,67.9947,79.791,6.43615,0,0,2.43428,1.40977,0,1.99527,2.96352,8.46701e+06,3.61194e+06,2.06111e+07,0,0,0,6.20183e+07
85.139,85.139,4.95413,0.06,0.04,2.02858,3.0528,0,0.379985,4.47552,4.07419e+06,2.70226e+06,8.26484e+06,0,0,0,0,69.272,79.791,6.41579,0,0,2.43428,1.41006,0,1.88072,2.96352,8.46701e+06,3.61194e+06,2.06111e+07,0,0,0,6.20183e+07
85.139,85.139,4.61814,0.06,0.04,2.02949,3.05343,0,0.380156,4.47552,4.07419e+06,2.70226e+06,8.26855e+06,0,0,0,0,70.3965,79.791,5.87859,0,0,2.43428,1.41035,0,1.88072,2.96352,8.46701e+06,3.61194e+06,2.06111e+07,0,0,0,6.20183e+07
85.139,85.139,5.0732,0.06,0.04,1.64328,2.66693,0,0.380327,4.47552,4.07419e+06,2.70226e+06,6.69506e+06,0,0,0,0,71.747,79.791,6.386,0,0,2.23511,1.21147,0,1.88072,2.96352,8.46701e+06,3.61194e+06,1.89247e+07,0,0,0,6.20183e+07
85.139,85.139,5.56934,0.06,0.04,1.44495,2.66747,0,0.307952,4.47552,4.07419e+06,2.70226e+06,5.887e+06,0,0,0,0,73.6791,79.791,7.9235,0,0,2.43424,1.21171,0,1.72685,2.96352,8.46701e+06,3.61194e+06,2.06107e+07,0,0,0,6.20183e+07
85.139,85.139,4.86085,0.07,0.04,1.44574,2.66802,0,0.270783,4.47552,4.07419e+06,2.70226e+06,5.89023e+06,0,0,0,0,75.1912,79.791,6.70777,0,0,2.43424,1.21196,0,1.88069,2.96352,8.46701e+06,3.61194e+06,2.06107e+07,0,0,0,6.20183e+07
85.139,85.139,5.08531,0.08,0.04,1.44653,2.66856,0,0.270932,4.47552,4.07419e+06,2.70226e+06,5.89346e+06,0,0,0,0,76.8232,79.791,7.40788,0,0,2.43424,1.21221,0,1.88069,2.96352,8.46701e+06,3.61194e+06,2.06107e+07,0,0,0,6.20183e+07
85.139,85.139,4.71674,0.08,0.04,1.44733,2.66911,0,0.27108,4.47552,4.07419e+06,2.70226e+06,5.89669e+06,0,0,0,0,78.0972,79.791,6.43721,0,0,2.43424,1.21246,0,1.88069,2.96352,8.46701e+06,3.61194e+06,2.06107e+07,0,0,0,6.20183e+07
85.139,85.139,2.81182,0.08,0.04,1.54566,2.7672,0,0.271229,4.47552,4.07419e+06,2.70226e+06,6.29733e+06,0,0,0,0,78.7688,79.791,4.07814,0,0,2.48301,1.26148,0,1.88069,2.96352,8.46701e+06,3.61194e+06,2.10237e+07,0,0,0,6.20183e+07
85.139,85.139,3.76383,0.08,0.04,1.59525,2.76776,0,0.289657,4.47552,4.07419e+06,2.70226e+06,6.49936e+06,0,0,0,0,80.0041,79.791,5.46191,0,0,2.43425,1.26174,0,1.91838,2.96352,8.46701e+06,3.61194e+06,2.06108e+07,0,0,0,6.20183e+07
85.139,85.139,2.62054,0.08,0.04,1.59607,2.76833,0,0.29895,4.47552,4.07419e+06,2.70226e+06,6.50271e+06,0,0,0,0,80.6186,79.791,3.53269,0,0,2.43425,1.26199,0,1.8807,2.96352,8.46701e+06,3.61194e+06,2.06108e+07,0,0,0,6.20183e+07
85.139,85.139,3.33195,0.08,0.04,1.5969,2.76889,0,0.299104,4.47552,4.07419e+06,2.70226e+06,6.50606e+06,0,0,0,0,80.8192,79.791,7.63361,0,0,2.43425,1.26225,0,1.8807,2.96352,8.46701e+06,3.61194e+06,2.06108e+07,0,0,0,6.20183e+07
85.139,85.139,2.91645,0.09,0.04,1.55955,2.73129,0,0.299258,4.47552,4.07419e+06,2.70226e+06,6.3539e+06,0,0,0,0,80.8192,79.791,5.44473,0,0,2.41529,1.24355,0,1.8807,2.96352,8.46701e+06,3.61194e+06,2.04503e+07,0,0,0,6.20183e+07
85.139,85.139,2.17416,0.08,0.04,1.54141,2.73185,0,0.292259,4.47552,4.07419e+06,2.70226e+06,6.27999e+06,0,0,0,0,80.8192,79.791,4.48431,0,0,2.43425,1.2438,0,1.86605,2.96352,8.46701e+06,3.61194e+06,2.06108e+07,0,0,0,6.20183e+07
84.9877,85.139,1.93415,0.08,0.04,1.54222,2.73241,0,0.288859,4.47552,4.07419e+06,2.70226e+06,6.28329e+06,0,0,0,0,80.8192,79.791,4.52329,0,0,2.43425,1.24406,0,1.8807,2.96352,8.46701e+06,3.61194e+06,2.06108e+07,0,0,0,6.20183e+07
85.139,85.139,2.51271,0.12,0.04,1.54303,2.73296,0,0.289012,4.47552,4.07419e+06,2.70226e+06,6.2866e+06,0,0,0,0,80.8192,79.791,4.81438,0,0,2.43425,1.24431,0,1.8807,2.96352,8.46701e+06,3.61194e+06,2.06108e+07,0,0,0,6.20183e+07
85.139,85.139,2.32886,0.07,0.04,1.67351,2.86319,0,0.289164,4.47552,4.07419e+06,2.70226e+06,6.81821e+06,0,0,0,0,80.8192,79.791,4.64102,0,0,2.50153,1.31185,0,1.8807,2.96352,8.46701e+06,3.61194e+06,2.11805e+07,0,0,0,6.20183e+07
84.926,85.139,1.95444,0.06,0.04,1.74164,2.86378,0,0.313616,4.47552,4.07419e+06,2.70226e+06,7.09577e+06,0,0,0,0,80.8192,79.791,4.36203,0,0,2.43426,1.31212,0,1.93269,2.96352,8.46701e+06,3.61194e+06,2.06109e+07,0,0,0,6.20183e+07
84.6585,85.139,1.88684,0.08,0.04,1.74249,2.86436,0,0.326383,4.47552,4.07419e+06,2.70226e+06,7.09925e+06,0,0,0,0,80.8192,79.791,3.92134,0,0,2.43426,1.31239,0,1.88071,2.96352,8.46701e+06,3.61194e+06,2.06109e+07,0,0,0,6.20183e+07
84.229,85.139,1.67846,0.08,0.04,1.74334,2.86495,0,0.326543,4.47552,4.07419e+06,2.70226e+06,7.10272e+06,0,0,0,0,80.8192,79.791,3.74839,0,0,2.43426,1.31266,0,1.88071,2.96352,8.46701e+06,3.61194e+06,2.06109e+07,0,0,0,6.20183e+07
83.7396,85.139,1.58989,0.07,0.04,1.7442,2.86553,0,0.326703,4.47552,4.07419e+06,2.70226e+06,7.1062e+06,0,0,0,0,80.8192,79.791,3.55611,0,0,2.43426,1.31293,0,1.88071,2.96352,8.46701e+06,3.61194e+06,2.06109e+07,0,0,0,6.20183e+07
83.7018,85.139,2.03278,0.05,0.04,1.71938,2.84045,0,0.326862,4.47552,4.07419e+06,2.70226e+06,7.00509e+06,0,0,0,0,80.8192,79.791,4.22,0,0,2.47128,1.35021,0,1.88071,2.96352,8.46701e+06,3.61194e+06,2.09243e+07,0,0,0,6.20183e+07
83.5957,85.139,1.99958,0.04,0.04,1.75725,2.84103,0,0.322212,4.47552,4.07419e+06,2.70226e+06,7.15937e+06,0,0,0,0,80.8192,79.791,4.10094,0,0,2.43427,1.35049,0,1.90931,2.96352,8.46701e+06,3.61194e+06,2.0611e+07,0,0,0,6.20183e+07
83.3225,85.139,1.83161,0.03,0.04,1.7581,2.84161,0,0.329308,4.47552,4.07419e+06,2.70226e+06,7.16286e+06,0,0,0,0,80.8192,79.791,4.0844,0,0,2.43427,1.35077,0,1.88072,2.96352,8.46701e+06,3.61194e+06,2.0611e+07,0,0,0,6.20183e+07
82.8878,85.139,1.65629,0.03,0.04,1.75896,2.84219,0,0.329469,4.47552,4.07419e+06,2.70226e+06,7.16634e+06,0,0,0,0,80.8192,79.791,3.65472,0,0,2.43427,1.35104,0,1.88072,2.96352,8.46701e+06,3.61194e+06,2.0611e+07,0,0,0,6.20183e+07
82.501,85.139,1.73832,0.03,0.04,1.82616,2.90911,0,0.329629,4.47552,4.07419e+06,2.70226e+06,7.44013e+06,0,0,0,0,80.818,79.791,3.83931,0,0,2.46729,1.38434,0,1.88072,2.96352,8.46701e+06,3.61194e+06,2.08905e+07,0,0,0,6.20183e+07
82.1099,85.139,1.76818,0.04,0.04,1.86005,2.90971,0,0.342222,4.47552,4.07419e+06,2.70226e+06,7.57821e+06,0,0,0,0,80.7533,79.791,3.8954,0,0,2.43427,1.38462,0,1.90623,2.96352,8.46701e+06,3.61194e+06,2.0611e+07,0,0,0,6.20183e+07
81.5633,85.139,1.60508,0.04,0.04,1.86093,2.9103,0,0.348573,4.47552,4.07419e+06,2.70226e+06,7.58178e+06,0,0,0,0,80.6474,79.791,3.55883,0,0,2.43427,1.3849,0,1.88072,2.96352,8.46701e+06,3.61194e+06,2.0611e+07,0,0,0,6.20183e+07
80.8446,85.139,1.41193,0.04,0.04,1.8618,2.91089,0,0.348738,4.47552,4.07419e+06,2.70226e+06,7.58535e+06,0,0,0,0,80.5277,79.791,3.51554,0,0,2.43427,1.38519,0,1.88072,2.96352,8.46701e+06,3.61194e+06,2.0611e+07,0,0,0,6.20183e+07
79.7525,85.139,1.20197,0.04,0.04,2.05713,3.10593,0,0.348902,4.47552,4.07419e+06,2.70226e+06,8.38113e+06,0,0,0,0,80.3957,79.791,3.44037,0,0,2.55356,1.50475,0,1.88072,2.96352,8.46701e+06,3.61194e+06,2.1621e+07,0,0,0,6.20183e+07
78.4396,85.139,1.0786,0.04,0.04,2.17733,3.10657,0,0.385506,4.47552,4.07419e+06,2.70226e+06,8.87085e+06,0,0,0,0,80.1124,79.791,2.74062,0,0,2.4343,1.50506,0,1.97288,2.96352,8.46701e+06,3.61194e+06,2.06112e+07,0,0,0,6.20183e+07
76.9252,85.139,0.878083,0.07,0.04,2.17827,3.1072,0,0.408031,4.47552,4.07419e+06,2.70226e+06,8.87469e+06,0,0,0,0,79.649,79.791,2.06717,0,0,2.4343,1.50537,0,1.88074,2.96352,8.46701e+06,3.61194e+06,2.06112e+07,0,0,0,6.20183e+07
75.59,85.139,1.03899,0.07,0.04,2.17921,3.10784,0,0.408207,4.47552,4.07419e+06,2.70226e+06,8.87852e+06,0,0,0,0,79.5171,79.791,3.36914,0,0,2.4343,1.50567,0,1.88074,2.96352,8.46701e+06,3.61194e+06,2.06112e+07,0,0,0,6.20183e+07
74.0692,85.139,0.841118,0.07,0.04,2.18015,3.10847,0,0.408384,4.47552,4.07419e+06,2.70226e+06,8.88236e+06,0,0,0,0,79.1573,79.791,2.48491,0,0,2.4343,1.50598,0,1.88074,2.96352,8.46701e+06,3.61194e+06,2.06112e+07,0,0,0,6.20183e+07
72.4549,85.139,0.657623,0.08,0.04,2.08623,3.01424,0,0.40856,4.47552,4.07419e+06,2.70226e+06,8.49971e+06,0,0,0,0,78.8962,79.791,2.5597,0,0,2.36183,1.43381,0,1.88074,2.96352,8.46701e+06,3.61194e+06,1.99976e+07,0,0,0,6.20183e+07
70.7203,85.139,0.468846,0.1,0.04,2.01468,3.01486,0,0.39096,4.47552,4.07419e+06,2.70226e+06,8.2082e+06,0,0,0,0,78.5491,79.791,2.08383,0,0,2.43428,1.43411,0,1.82475,2.96352,8.46701e+06,3.61194e+06,2.06111e+07,0,0,0,6.20183e+07
69.134,85.139,0.664811,0.1,0.04,2.01559,3.01547,0,0.377551,4.47552,4.07419e+06,2.70226e+06,8.21189e+06,0,0,0,0,78.3862,79.791,2.40692,0,0,2.43428,1.4344,0,1.88073,2.96352,8.46701e+06,3.61194e+06,2.06111e+07,0,0,0,6.20183e+07
68.3901,85.139,1.64764,0.1,0.04,2.0165,3.01609,0,0.377721,4.47552,4.07419e+06,2.70226e+06,8.2156e+06,0,0,0,0,79.066,79.791,4.33199,0,0,2.43428,1.43469,0,1.88073,2.96352,8.46701e+06,3.61194e+06,2.06111e+07,0,0,0,6.20183e+07
67.0091,85.139,0.882483,0.1,0.04,1.93948,2.93878,0,0.377891,4.47552,4.07419e+06,2.70226e+06,7.9018e+06,0,0,0,0,78.5052,79.791,2.5267,0,0,2.36826,1.36896,0,1.88073,2.96352,8.46701e+06,3.61194e+06,2.00521e+07,0,0,0,6.20183e+07
65.6313,85.139,0.794,0.12,0.04,1.87434,2.93938,0,0.363458,4.47552,4.07419e+06,2.70226e+06,7.63644e+06,0,0,0,0,77.9955,79.791,1.27246,0,0,2.43427,1.36924,0,1.82972,2.96352,8.46701e+06,3.61194e+06,2.0611e+07,0,0,0,6.20183e+07
64.2858,85.139,0.816824,0.12,0.04,1.87522,2.93998,0,0.351252,4.47552,4.07419e+06,2.70226e+06,7.64003e+06,0,0,0,0,77.6531,79.791,2.25684,0,0,2.43427,1.36952,0,1.88072,2.96352,8.46701e+06,3.61194e+06,2.0611e+07,0,0,0,6.20183e+07
64.3336,85.139,2.30398,0.12,0.04,1.8761,2.94058,0,0.351417,4.47552,4.07419e+06,2.70226e+06,7.64361e+06,0,0,0,0,78.1672,79.791,5.09743,0,0,2.43427,1.3698,0,1.88072,2.96352,8.46701e+06,3.61194e+06,2.0611e+07,0,0,0,6.20183e+07
63.7537,85.139,1.47989,0.12,0.04,1.65548,2.71967,0,0.351582,4.47552,4.07419e+06,2.70226e+06,6.74474e+06,0,0,0,0,78.0063,79.791,2.27812,0,0,2.29665,1.23246,0,1.88072,2.96352,8.46701e+06,3.61194e+06,1.94458e+07,0,0,0,6.20183e+07
63.4762,85.139,1.69722,0.14,0.04,1.51869,2.72023,0,0.310237,4.47552,4.07419e+06,2.70226e+06,6.18745e+06,0,0,0,0,77.0884,79.791,1.66967,0,0,2.43424,1.23271,0,1.77439,2.96352,8.46701e+06,3.61194e+06,2.06108e+07,0,0,0,6.20183e+07
62.8893,85.139,1.34797,0.14,0.04,1.5195,2.72078,0,0.284603,4.47552,4.07419e+06,2.70226e+06,6.19074e+06,0,0,0,0,76.2062,79.791,1.43807,0,0,2.43424,1.23296,0,1.8807,2.96352,8.46701e+06,3.61194e+06,2.06108e+07,0,0,0,6.20183e+07
62.1446,85.139,1.18483,0.16,0.04,1.52031,2.72134,0,0.284754,4.47552,4.07419e+06,2.70226e+06,6.19403e+06,0,0,0,0,75.3471,79.791,1.70536,0,0,2.43424,1.23321,0,1.8807,2.96352,8.46701e+06,3.61194e+06,2.06108e+07,0,0,0,6.20183e+07
61.6642,85.139,1.49078,0.23,0.04,1.52111,2.72189,0,0.284906,4.47552,4.07419e+06,2.70226e+06,6.19731e+06,0,0,0,0,74.9297,79.791,1.68402,0,0,2.43424,1.23347,0,1.8807,2.96352,8.46701e+06,3.61194e+06,2.06108e+07,0,0,0,6.20183e+07
61.1223,85.139,1.5779,0.25,0.04,1.6072,2.80772,0,0.285057,4.47552,4.07419e+06,2.70226e+06,6.54803e+06,0,0,0,0,74.9019,79.791,2.62393,0,0,2.47413,1.2736,0,1.8807,2.96352,8.46701e+06,3.61194e+06,2.09485e+07,0,0,0,6.20183e+07
61.6775,85.139,2.76,0.26,0.04,1.64788,2.80827,0,0.301189,4.47552,4.07419e+06,2.70226e+06,6.7138e+06,0,0,0,0,75.38,79.791,4.19863,0,0,2.43424,1.27385,0,1.91151,2.96352,8.46701e+06,3.61194e+06,2.06107e+07,0,0,0,6.20183e+07
64.1631,85.139,4.74154,0.29,0.04,1.64868,2.80882,0,0.308813,4.47552,4.07419e+06,2.70226e+06,6.71705e+06,0,0,0,0,76.7259,79.791,5.81107,0,0,2.43424,1.2741,0,1.88069,2.96352,8.46701e+06,3.61194e+06,2.06107e+07,0,0,0,6.20183e+07
68.8033,85.139,6.96445,0.23,0.04,1.64948,2.80937,0,0.308963,4.47552,4.07419e+06,2.70226e+06,6.72031e+06,0,0,0,0,78.3553,79.791,6.65973,0,0,2.43424,1.27435,0,1.88069,2.96352,8.46701e+06,3.61194e+06,2.06107e+07,0,0,0,6.20183e+07
77.0408,85.139,10.98,0.17,0.04,1.92435,3.084,0,0.309113,4.47552,4.07419e+06,2.70226e+06,7.84019e+06,0,0,0,0,80.6836,79.791,8.97595,0,0,2.58411,1.42447,0,1.88069,2.96352,8.46701e+06,3.61194e+06,2.18797e+07,0,0,0,6.20183e+07
80.419,85.139,6.09696,0.12,0.04,2.07507,3.0846,0,0.360624,4.47552,4.07419e+06,2.70226e+06,8.45425e+06,0,0,0,0,80.8192,79.791,6.57414,0,0,2.43427,1.42474,0,1.99648,2.96352,8.46701e+06,3.61194e+06,2.0611e+07,0,0,0,6.20183e+07
84.1594,85.139,6.50796,0.11,0.04,2.07596,3.0852,0,0.388869,4.47552,4.07419e+06,2.70226e+06,8.45784e+06,0,0,0,0,80.8192,79.791,7.58533,0,0,2.43427,1.42502,0,1.88072,2.96352,8.46701e+06,3.61194e+06,2.0611e+07,0,0,0,6.20183e+07
85.139,85.139,6.69229,0.11,0.04,2.07684,3.08581,0,0.389034,4.47552,4.07419e+06,2.70226e+06,8.46144e+06,0,0,0,0,80.8192,79.791,6.70721,0,0,2.43427,1.4253,0,1.88072,2.96352,8.46701e+06,3.61194e+06,2.0611e+07,0,0,0,6.20183e+07
85.139,85.139,6.89361,0.08,0.04,1.6865,2.69519,0,0.389199,4.47552,4.07419e+06,2.70226e+06,6.87112e+06,0,0,0,0,80.8192,79.791,7.78291,0,0,2.23299,1.2243,0,1.88072,2.96352,8.46701e+06,3.61194e+06,1.89068e+07,0,0,0,6.20183e+07
85.139,85.139,4.09762,0.08,0.04,1.48603,2.69572,0,0.31605,4.47552,4.07419e+06,2.70226e+06,6.05436e+06,0,0,0,0,80.603,79.791,4.65773,0,0,2.43423,1.22454,0,1.72521,2.96352,8.46701e+06,3.61194e+06,2.06107e+07,0,0,0,6.20183e+07
85.139,85.139,3.08311,0.09,0.04,1.48679,2.69624,0,0.278481,4.47552,4.07419e+06,2.70226e+06,6.05748e+06,0,0,0,0,80.8192,79.791,2.80881,0,0,2.43423,1.22478,0,1.88069,2.96352,8.46701e+06,3.61194e+06,2.06107e+07,0,0,0,6.20183e+07
85.139,85.139,4.19049,0.1,0.04,1.48756,2.69677,0,0.278625,4.47552,4.07419e+06,2.70226e+06,6.06061e+06,0,0,0,0,80.8192,79.791,4.70199,0,0,2.43423,1.22502,0,1.88069,2.96352,8.46701e+06,3.61194e+06,2.06107e+07,0,0,0,6.20183e+07
85.139,85.139,5.78813,0.1,0.04,1.48833,2.6973,0,0.278769,4.47552,4.07419e+06,2.70226e+06,6.06373e+06,0,0,0,0,80.8192,79.791,7.19906,0,0,2.43423,1.22526,0,1.88069,2.96352,8.46701e+06,3.61194e+06,2.06107e+07,0,0,0,6.20183e+07
85.139,85.139,6.00371,0.1,0.04,1.58767,2.7964,0,0.278913,4.47552,4.07419e+06,2.70226e+06,6.46847e+06,0,0,0,0,80.8192,79.791,5.80063,0,0,2.48352,1.27479,0,1.88069,2.96352,8.46701e+06,3.61194e+06,2.1028e+07,0,0,0,6.20183e+07
85.139,85.139,5.60981,0.1,0.04,1.63774,2.79695,0,0.297529,4.47552,4.07419e+06,2.70226e+06,6.67248e+06,0,0,0,0,80.8192,79.791,4.9107,0,0,2.43424,1.27504,0,1.91877,2.96352,8.46701e+06,3.61194e+06,2.06107e+07,0,0,0,6.20183e+07
85.139,85.139,4.28291,0.1,0.04,1.63854,2.79749,0,0.306913,4.47552,4.07419e+06,2.70226e+06,6.67573e+06,0,0,0,0,80.8192,79.791,3.6415,0,0,2.43424,1.27529,0,1.88069,2.96352,8.46701e+06,3.61194e+06,2.06107e+07,0,0,0,6.20183e+07
85.139,85.139,3.81929,0.11,0.04,1.63934,2.79804,0,0.307062,4.47552,4.07419e+06,2.70226e+06,6.67898e+06,0,0,0,0,80.8192,79.791,3.2073,0,0,2.43424,1.27554,0,1.88069,2.96352,8.46701e+06,3.61194e+06,2.06107e+07,0,0,0,6.20183e+07
85.139,85.139,3.53906,0.12,0.04,1.60156,2.76002,0,0.307212,4.47552,4.07419e+06,2.70226e+06,6.52508e+06,0,0,0,0,80.8192,79.791,3.44033,0,0,2.41508,1.25663,0,1.88069,2.96352,8.46701e+06,3.61194e+06,2.04485e+07,0,0,0,6.20183e+07
85.139,85.139,3.3769,0.1,0.04,1.58319,2.76056,0,0.300133,4.47552,4.07419e+06,2.70226e+06,6.45024e+06,0,0,0,0,80.8192,79.791,3.8688,0,0,2.43424,1.25688,0,1.86589,2.96352,8.46701e+06,3.61194e+06,2.06107e+07,0,0,0,6.20183e+07
85.139,85.139,3.09645,0.1,0.04,1.58398,2.7611,0,0.296691,4.47552,4.07419e+06,2.70226e+06,6.45344e+06,0,0,0,0,80.8192,79.791,3.47124,0,0,2.43424,1.25712,0,1.88069,2.96352,8.46701e+06,3.61194e+06,2.06107e+07,0,0,0,6.20183e+07
85.139,85.139,3.01124,0.1,0.04,1.58477,2.76164,0,0.296838,4.47552,4.07419e+06,2.70226e+06,6.45664e+06,0,0,0,0,80.8192,79.791,3.85824,0,0,2.43424,1.25737,0,1.88069,2.96352,8.46701e+06,3.61194e+06,2.06107e+07,0,0,0,6.20183e+07
85.139,85.139,2.91031,0.09,0.04,1.71658,2.89321,0,0.296985,4.47552,4.07419e+06,2.70226e+06,6.99369e+06,0,0,0,0,80.8192,79.791,3.55952,0,0,2.50223,1.32561,0,1.88069,2.96352,8.46701e+06,3.61194e+06,2.11864e+07,0,0,0,6.20183e+07
85.139,85.139,2.31402,0.09,0.04,1.78539,2.89377,0,0.321687,4.47552,4.07419e+06,2.70226e+06,7.27401e+06,0,0,0,0,80.8192,79.791,3.16073,0,0,2.43425,1.32587,0,1.93322,2.96352,8.46701e+06,3.61194e+06,2.06108e+07,0,0,0,6.20183e+07
85.139,85.139,2.17285,0.08,0.04,1.78621,2.89434,0,0.334581,4.47552,4.07419e+06,2.70226e+06,7.27738e+06,0,0,0,0,80.8192,79.791,3.2109,0,0,2.43425,1.32612,0,1.8807,2.96352,8.46701e+06,3.61194e+06,2.06108e+07,0,0,0,6.20183e+07
85.0899,85.139,2.08608,0.06,0.04,1.78704,2.89491,0,0.334736,4.47552,4.07419e+06,2.70226e+06,7.28074e+06,0,0,0,0,80.8192,79.791,3.13379,0,0,2.43425,1.32638,0,1.8807,2.96352,8.46701e+06,3.61194e+06,2.06108e+07,0,0,0,6.20183e+07
84.915,85.139,1.95465,0.09,0.04,1.78786,2.89547,0,0.334891,4.47552,4.07419e+06,2.70226e+06,7.2841e+06,0,0,0,0,80.8192,79.791,2.91792,0,0,2.43425,1.32664,0,1.8807,2.96352,8.46701e+06,3.61194e+06,2.06108e+07,0,0,0,6.20183e+07
85.139,85.139,2.41867,0.08,0.04,1.76275,2.8701,0,0.335046,4.47552,4.07419e+06,2.70226e+06,7.18179e+06,0,0,0,0,80.8192,79.791,3.36413,0,0,2.47166,1.36431,0,1.8807,2.96352,8.46701e+06,3.61194e+06,2.09275e+07,0,0,0,6.20183e+07
85.139,85.139,2.51869,0.03,0.04,1.80098,2.87066,0,0.33034,4.47552,4.07419e+06,2.70226e+06,7.33754e+06,0,0,0,0,80.8192,79.791,3.30026,0,0,2.43426,1.36458,0,1.9096,2.96352,8.46701e+06,3.61194e+06,2.06109e+07,0,0,0,6.20183e+07
85.139,85.139,2.39861,0.02,0.04,1.80181,2.87122,0,0.337504,4.47552,4.07419e+06,2.70226e+06,7.34091e+06,0,0,0,0,80.8192,79.791,3.23185,0,0,2.43426,1.36484,0,1.88071,2.96352,8.46701e+06,3.61194e+06,2.06109e+07,0,0,0,6.20183e+07
85.139,85.139,2.26349,0.02,0.04,1.80264,2.87178,0,0.337659,4.47552,4.07419e+06,2.70226e+06,7.34429e+06,0,0,0,0,80.8192,79.791,3.24591,0,0,2.43426,1.36511,0,1.88071,2.96352,8.46701e+06,3.61194e+06,2.06109e+07,0,0,0,6.20183e+07
85.0617,85.139,2.06435,0.02,0.04,1.8705,2.93938,0,0.337814,4.47552,4.07419e+06,2.70226e+06,7.62078e+06,0,0,0,0,80.8189,79.791,2.89441,0,0,2.46762,1.39874,0,1.88071,2.96352,8.46701e+06,3.61194e+06,2.08934e+07,0,0,0,6.20183e+07
85.139,85.139,2.29559,0.04,0.04,1.90471,2.93996,0,0.350532,4.47552,4.07419e+06,2.70226e+06,7.76014e+06,0,0,0,0,80.8192,79.791,2.92829,0,0,2.43427,1.39902,0,1.90649,2.96352,8.46701e+06,3.61194e+06,2.06109e+07,0,0,0,6.20183e+07
85.0932,85.139,2.1004,0.02,0.04,1.90555,2.94053,0,0.356942,4.47552,4.07419e+06,2.70226e+06,7.7636e+06,0,0,0,0,80.7271,79.791,2.86446,0,0,2.43427,1.39929,0,1.88071,2.96352,8.46701e+06,3.61194e+06,2.06109e+07,0,0,0,6.20183e+07
84.8786,85.139,1.92692,0.04,0.04,1.9064,2.94111,0,0.357101,4.47552,4.07419e+06,2.70226e+06,7.76706e+06,0,0,0,0,80.5695,79.791,2.5166,0,0,2.43427,1.39956,0,1.88071,2.96352,8.46701e+06,3.61194e+06,2.06109e+07,0,0,0,6.20183e+07
84.6104,85.139,2.02829,0.04,0.04,2.10371,3.13814,0,0.35726,4.47552,4.07419e+06,2.70226e+06,8.57094e+06,0,0,0,0,80.4584,79.791,2.99708,0,0,2.55479,1.52036,0,1.88071,2.96352,8.46701e+06,3.61194e+06,2.16314e+07,0,0,0,6.20183e+07
84.1921,85.139,1.96301,0.04,0.04,2.22512,3.13876,0,0.394236,4.47552,4.07419e+06,2.70226e+06,9.06558e+06,0,0,0,0,79.8596,79.791,2.13799,0,0,2.43429,1.52065,0,1.97383,2.96352,8.46701e+06,3.61194e+06,2.06111e+07,0,0,0,6.20183e+07
83.3479,85.139,1.54165,0.04,0.04,2.22603,3.13937,0,0.416988,4.47552,4.07419e+06,2.70226e+06,9.06929e+06,0,0,0,0,79.4309,79.791,1.54174,0,0,2.43429,1.52095,0,1.88073,2.96352,8.46701e+06,3.61194e+06,2.06111e+07,0,0,0,6.20183e+07
82.7736,85.139,1.79548,0.05,0.04,2.22694,3.13999,0,0.417159,4.47552,4.07419e+06,2.70226e+06,9.073e+06,0,0,0,0,79.0699,79.791,2.31149,0,0,2.43429,1.52125,0,1.88073,2.96352,8.46701e+06,3.61194e+06,2.06111e+07,0,0,0,6.20183e+07
81.9152,85.139,1.50626,0.05,0.04,2.22786,3.1406,0,0.417329,4.47552,4.07419e+06,2.70226e+06,9.07672e+06,0,0,0,0,78.4033,79.791,1.82076,0,0,2.43429,1.52155,0,1.88073,2.96352,8.46701e+06,3.61194e+06,2.06111e+07,0,0,0,6.20183e+07
81.3802,85.139,1.74658,0.05,0.04,2.13293,3.04537,0,0.4175,4.47552,4.07419e+06,2.70226e+06,8.68995e+06,0,0,0,0,77.6233,79.791,1.73906,0,0,2.36107,1.44862,0,1.88073,2.96352,8.46701e+06,3.61194e+06,1.99912e+07,0,0,0,6.20183e+07
80.8192,85.139,1.73245,0.06,0.04,2.0606,3.04597,0,0.39971,4.47552,4.07419e+06,2.70226e+06,8.39527e+06,0,0,0,0,77.101,79.791,1.59178,0,0,2.43428,1.4489,0,1.82416,2.96352,8.46701e+06,3.61194e+06,2.0611e+07,0,0,0,6.20183e+07
80.3966,85.139,1.93675,0.06,0.04,2.06148,3.04656,0,0.386156,4.47552,4.07419e+06,2.70226e+06,8.39885e+06,0,0,0,0,76.8432,79.791,2.14275,0,0,2.43428,1.44919,0,1.88072,2.96352,8.46701e+06,3.61194e+06,2.0611e+07,0,0,0,6.20183e+07
79.8582,85.139,1.84336,0.06,0.04,2.06235,3.04716,0,0.38632,4.47552,4.07419e+06,2.70226e+06,8.40243e+06,0,0,0,0,76.7266,79.791,2.12854,0,0,2.43428,1.44947,0,1.88072,2.96352,8.46701e+06,3.61194e+06,2.0611e+07,0,0,0,6.20183e+07
79.4757,85.139,1.98473,0.07,0.04,1.9845,2.96902,0,0.386485,4.47552,4.07419e+06,2.70226e+06,8.08525e+06,0,0,0,0,76.3901,79.791,2.33397,0,0,2.36757,1.38305,0,1.88072,2.96352,8.46701e+06,3.61194e+06,2.00462e+07,0,0,0,6.20183e+07
78.4342,85.139,1.23477,0.07,0.04,1.91866,2.9696,0,0.371896,4.47552,4.07419e+06,2.70226e+06,7.81701e+06,0,0,0,0,75.9951,79.791,1.50127,0,0,2.43426,1.38332,0,1.82919,2.96352,8.46701e+06,3.61194e+06,2.06109e+07,0,0,0,6.20183e+07
77.9078,85.139,1.80554,0.09,0.04,1.91951,2.97019,0,0.359558,4.47552,4.07419e+06,2.70226e+06,7.82048e+06,0,0,0,0,75.9325,79.791,2.40479,0,0,2.43426,1.38359,0,1.88071,2.96352,8.46701e+06,3.61194e+06,2.06109e+07,0,0,0,6.20183e+07
79.0313,85.139,3.54823,0.09,0.04,1.92037,2.97077,0,0.359717,4.47552,4.07419e+06,2.70226e+06,7.82394e+06,0,0,0,0,76.4856,79.791,3.3559,0,0,2.43426,1.38386,0,1.88071,2.96352,8.46701e+06,3.61194e+06,2.06109e+07,0,0,0,6.20183e+07
80.4563,85.139,3.67069,0.1,0.04,1.69744,2.74757,0,0.359877,4.47552,4.07419e+06,2.70226e+06,6.9157e+06,0,0,0,0,76.7244,79.791,3.03922,0,0,2.29523,1.2451,0,1.88071,2.96352,8.46701e+06,3.61194e+06,1.94337e+07,0,0,0,6.20183e+07
85.139,85.139,7.74196,0.06,0.04,1.55922,2.74811,0,0.3181,4.47552,4.07419e+06,2.70226e+06,6.35255e+06,0,0,0,0,78.3382,79.791,5.01617,0,0,2.43424,1.24535,0,1.7733,2.96352,8.46701e+06,3.61194e+06,2.06107e+07,0,0,0,6.20183e+07
85.139,85.139,5.27981,0.03,0.04,1.56,2.74864,0,0.292197,4.47552,4.07419e+06,2.70226e+06,6.35574e+06,0,0,0,0,79.7449,79.791,4.42178,0,0,2.43424,1.24559,0,1.88069,2.96352,8.46701e+06,3.61194e+06,2.06107e+07,0,0,0,6.20183e+07
85.139,85.139,5.5161,0.04,0.04,1.56078,2.74918,0,0.292344,4.47552,4.07419e+06,2.70226e+06,6.35892e+06,0,0,0,0,80.8192,79.791,4.08093,0,0,2.43424,1.24583,0,1.88069,2.96352,8.46701e+06,3.61194e+06,2.06107e+07,0,0,0,6.20183e+07
85.139,85.139,4.62148,0.04,0.04,1.56156,2.74972,0,0.29249,4.47552,4.07419e+06,2.70226e+06,6.3621e+06,0,0,0,0,80.8192,79.791,3.93991,0,0,2.43424,1.24608,0,1.88069,2.96352,8.46701e+06,3.61194e+06,2.06107e+07,0,0,0,6.20183e+07
85.139,85.139,7.67315,0.04,0.04,1.64849,2.83641,0,0.292636,4.47552,4.07419e+06,2.70226e+06,6.71626e+06,0,0,0,0,80.8192,79.791,4.48909,0,0,2.47453,1.28661,0,1.88069,2.96352,8.46701e+06,3.61194e+06,2.09519e+07,0,0,0,6.20183e+07
85.139,85.139,6.8451,0.05,0.04,1.68956,2.83694,0,0.308927,5.32224,4.07419e+06,2.70226e+06,6.88359e+06,0,0,0,0,80.8192,79.791,4.20696,0,0,2.43423,1.28685,0,1.91182,2.96352,8.46701e+06,3.61194e+06,2.06107e+07,0,0,0,6.20183e+07
85.139,85.139,6.44128,0.07,0.04,1.69033,2.83747,0,0.316623,5.32224,4.07419e+06,2.70226e+06,6.88674e+06,0,0,0,0,80.8192,79.791,3.88908,0,0,2.43423,1.2871,0,1.88069,2.96352,8.46701e+06,3.61194e+06,2.06107e+07,0,0,0,6.20183e+07
85.139,85.139,8.1981,0.07,0.04,1.69111,2.838,0,0.316768,5.32224,4.07419e+06,2.70226e+06,6.88989e+06,0,0,0,0,80.8192,79.791,4.81891,0,0,2.43423,1.28734,0,1.88069,2.96352,8.46701e+06,3.61194e+06,2.06107e+07,0,0,0,6.20183e+07
85.139,85.139,5.88622,0.09,0.04,1.96874,3.1154,0,0.316913,5.32224,4.07419e+06,2.70226e+06,8.02105e+06,0,0,0,0,80.8192,79.791,3.5477,0,0,2.58563,1.43897,0,1.88069,2.96352,8.46701e+06,3.61194e+06,2.18925e+07,0,0,0,6.20183e+07
85.139,85.139,7.12735,0.09,0.04,2.12096,3.11598,0,0.368943,5.32224,4.07419e+06,2.70226e+06,8.64121e+06,0,0,0,0,80.8192,79.791,4.77307,0,0,2.43426,1.43924,0,1.99765,2.96352,8.46701e+06,3.61194e+06,2.06109e+07,0,0,0,6.20183e+07
85.139,85.139,7.29381,0.09,0.04,2.12182,3.11657,0,0.397468,5.32224,4.07419e+06,2.70226e+06,8.6447e+06,0,0,0,0,80.8192,79.791,5.28166,0,0,2.43426,1.43951,0,1.88071,2.96352,8.46701e+06,3.61194e+06,2.06109e+07,0,0,0,6.20183e+07
85.139,85.139,14.0484,0.08,0.04,2.12267,3.11715,0,0.397629,5.32224,4.07419e+06,2.70226e+06,8.64818e+06,0,0,0,0,80.8192,79.791,7.88557,0,0,2.43426,1.43978,0,1.88071,2.96352,8.46701e+06,3.61194e+06,2.06109e+07,0,0,0,6.20183e+07
85.139,85.139,6.5335,0.08,0.04,1.72833,2.72254,0,0.397789,5.32224,4.07419e+06,2.70226e+06,7.04157e+06,0,0,0,0,80.8192,79.791,4.29366,0,0,2.23094,1.23673,0,1.88071,2.96352,8.46701e+06,3.61194e+06,1.88894e+07,0,0,0,6.20183e+07
85.139,85.139,5.69762,0.08,0.04,1.52579,2.72306,0,0.32389,5.32224,4.07419e+06,2.70226e+06,6.21637e+06,0,0,0,0,80.8192,79.791,5.03543,0,0,2.43422,1.23696,0,1.72362,2.96352,8.46701e+06,3.61194e+06,2.06106e+07,0,0,0,6.20183e+07
85.139,85.139,9.28374,0.1,0.04,1.52654,2.72357,0,0.285934,5.32224,4.07419e+06,2.70226e+06,6.2194e+06,0,0,0,0,80.8192,79.791,10.1702,0,0,2.43422,1.23719,0,1.88068,2.96352,8.46701e+06,3.61194e+06,2.06106e+07,0,0,0,6.20183e+07
85.139,85.139,4.75765,0.1,0.04,1.52728,2.72408,0,0.286073,5.32224,4.07419e+06,2.70226e+06,6.22243e+06,0,0,0,0,80.8192,79.791,4.11069,0,0,2.43422,1.23743,0,1.88068,2.96352,8.46701e+06,3.61194e+06,2.06106e+07,0,0,0,6.20183e+07
85.139,85.139,4.17899,0.11,0.04,1.52802,2.72459,0,0.286212,5.32224,4.07419e+06,2.70226e+06,6.22546e+06,0,0,0,0,80.8192,79.791,3.56319,0,0,2.43422,1.23766,0,1.88068,2.96352,8.46701e+06,3.61194e+06,2.06106e+07,0,0,0,6.20183e+07
85.139,85.139,5.90675,0.11,0.04,1.62833,2.82467,0,0.286351,5.32224,4.07419e+06,2.70226e+06,6.63415e+06,0,0,0,0,80.8192,79.791,5.29372,0,0,2.48401,1.28768,0,1.88068,2.96352,8.46701e+06,3.61194e+06,2.10321e+07,0,0,0,6.20183e+07
85.139,85.139,6.78471,0.1,0.04,1.67888,2.8252,0,0.30515,5.32224,4.07419e+06,2.70226e+06,6.8401e+06,0,0,0,0,80.8192,79.791,5.39001,0,0,2.43423,1.28792,0,1.91915,2.96352,8.46701e+06,3.61194e+06,2.06107e+07,0,0,0,6.20183e+07
85.139,85.139,6.57717,0.11,0.04,1.67965,2.82573,0,0.314623,5.32224,4.07419e+06,2.70226e+06,6.84324e+06,0,0,0,0,80.8192,79.791,5.37839,0,0,2.43423,1.28816,0,1.88069,2.96352,8.46701e+06,3.61194e+06,2.06107e+07,0,0,0,6.20183e+07
85.139,85.139,8.53344,0.12,0.04,1.68043,2.82626,0,0.314767,5.32224,4.07419e+06,2.70226e+06,6.84638e+06,0,0,0,0,80.8192,79.791,6.60511,0,0,2.43423,1.2884,0,1.88069,2.96352,8.46701e+06,3.61194e+06,2.06107e+07,0,0,0,6.20183e+07
85.139,85.139,5.8308,0.12,0.04,1.64224,2.78783,0,0.314912,5.32224,4.07419e+06,2.70226e+06,6.6908e+06,0,0,0,0,80.8192,79.791,4.98036,0,0,2.41488,1.26929,0,1.88069,2.96352,8.46701e+06,3.61194e+06,2.04468e+07,0,0,0,6.20183e+07
85.139,85.139,5.14151,0.12,0.04,1.62365,2.78835,0,0.307755,5.32224,4.07419e+06,2.70226e+06,6.61507e+06,0,0,0,0,80.8192,79.791,4.16998,0,0,2.43423,1.26953,0,1.86574,2.96352,8.46701e+06,3.61194e+06,2.06106e+07,0,0,0,6.20183e+07
85.139,85.139,4.55272,0.1,0.04,1.62441,2.78887,0,0.304272,5.32224,4.07419e+06,2.70226e+06,6.61817e+06,0,0,0,0,80.8192,79.791,3.68497,0,0,2.43423,1.26977,0,1.88069,2.96352,8.46701e+06,3.61194e+06,2.06106e+07,0,0,0,6.20183e+07
85.139,85.139,4.1188,0.1,0.04,1.62517,2.7894,0,0.304415,5.32224,4.07419e+06,2.70226e+06,6.62128e+06,0,0,0,0,80.8192,79.791,3.33657,0,0,2.43423,1.27001,0,1.88069,2.96352,8.46701e+06,3.61194e+06,2.06106e+07,0,0,0,6.20183e+07
85.139,85.139,3.78576,0.1,0.04,1.75828,2.92227,0,0.304558,5.32224,4.07419e+06,2.70226e+06,7.16358e+06,0,0,0,0,80.8192,79.791,3.15871,0,0,2.50291,1.33892,0,1.88069,2.96352,8.46701e+06,3.61194e+06,2.11921e+07,0,0,0,6.20183e+07
85.139,85.139,3.70232,0.09,0.04,1.82774,2.92281,0,0.329502,5.32224,4.07419e+06,2.70226e+06,7.44658e+06,0,0,0,0,80.8192,79.791,2.94157,0,0,2.43424,1.33917,0,1.93375,2.96352,8.46701e+06,3.61194e+06,2.06107e+07,0,0,0,6.20183e+07
85.139,85.139,3.50447,0.09,0.04,1.82854,2.92336,0,0.342519,5.32224,4.07419e+06,2.70226e+06,7.44984e+06,0,0,0,0,80.7705,79.791,2.63404,0,0,2.43424,1.33942,0,1.8807,2.96352,8.46701e+06,3.61194e+06,2.06107e+07,0,0,0,6.20183e+07
85.139,85.139,3.40569,0.07,0.04,1.82934,2.92391,0,0.342669,5.32224,4.07419e+06,2.70226e+06,7.4531e+06,0,0,0,0,80.7343,79.791,2.7662,0,0,2.43424,1.33967,0,1.8807,2.96352,8.46701e+06,3.61194e+06,2.06108e+07,0,0,0,6.20183e+07
85.139,85.139,3.09788,0.06,0.04,1.83014,2.92446,0,0.342819,5.32224,4.07419e+06,2.70226e+06,7.45635e+06,0,0,0,0,80.6523,79.791,2.64737,0,0,2.43424,1.33993,0,1.8807,2.96352,8.46701e+06,3.61194e+06,2.06108e+07,0,0,0,6.20183e+07
85.139,85.139,2.83289,0.04,0.04,1.80474,2.89881,0,0.342969,5.32224,4.07419e+06,2.70226e+06,7.35288e+06,0,0,0,0,80.5161,79.791,2.67291,0,0,2.47202,1.37796,0,1.8807,2.96352,8.46701e+06,3.61194e+06,2.09306e+07,0,0,0,6.20183e+07
85.139,85.139,2.57396,0.04,0.04,1.84332,2.89935,0,0.338209,5.32224,4.07419e+06,2.70226e+06,7.51004e+06,0,0,0,0,80.3008,79.791,2.49922,0,0,2.43425,1.37822,0,1.90989,2.96352,8.46701e+06,3.61194e+06,2.06108e+07,0,0,0,6.20183e+07
85.139,85.139,2.35458,0.03,0.04,1.84412,2.8999,0,0.345438,5.32224,4.07419e+06,2.70226e+06,7.51331e+06,0,0,0,0,80.0751,79.791,2.50841,0,0,2.43425,1.37847,0,1.8807,2.96352,8.46701e+06,3.61194e+06,2.06108e+07,0,0,0,6.20183e+07
85.0962,85.139,2.12598,0.02,0.04,1.84492,2.90044,0,0.345589,5.32224,4.07419e+06,2.70226e+06,7.51658e+06,0,0,0,0,79.8026,79.791,2.24071,0,0,2.43425,1.37873,0,1.8807,2.96352,8.46701e+06,3.61194e+06,2.06108e+07,0,0,0,6.20183e+07
84.9097,85.139,2.00076,0.05,0.04,1.91343,2.96869,0,0.345739,5.32224,4.07419e+06,2.70226e+06,7.79569e+06,0,0,0,0,79.438,79.791,2.14102,0,0,2.46795,1.41269,0,1.8807,2.96352,8.46701e+06,3.61194e+06,2.08961e+07,0,0,0,6.20183e+07
85.0663,85.139,2.37806,0.05,0.04,1.94794,2.96925,0,0.358577,5.32224,4.07419e+06,2.70226e+06,7.93629e+06,0,0,0,0,79.2013,79.791,2.3223,0,0,2.43426,1.41295,0,1.90674,2.96352,8.46701e+06,3.61194e+06,2.06109e+07,0,0,0,6.20183e+07
85.0684,85.139,2.20146,0.05,0.04,1.94876,2.9698,0,0.365044,5.32224,4.07419e+06,2.70226e+06,7.93964e+06,0,0,0,0,78.8665,79.791,2.34274,0,0,2.43426,1.41322,0,1.88071,2.96352,8.46701e+06,3.61194e+06,2.06109e+07,0,0,0,6.20183e+07
84.9133,85.139,2.03979,0.05,0.04,1.94959,2.97036,0,0.365198,5.32224,4.07419e+06,2.70226e+06,7.94299e+06,0,0,0,0,78.4855,79.791,2.08821,0,0,2.43426,1.41348,0,1.88071,2.96352,8.46701e+06,3.61194e+06,2.06109e+07,0,0,0,6.20183e+07
84.6372,85.139,2.07635,0.06,0.04,2.14882,3.16933,0,0.365352,5.32224,4.07419e+06,2.70226e+06,8.75472e+06,0,0,0,0,78.169,79.791,2.36638,0,0,2.55597,1.53547,0,1.88071,2.96352,8.46701e+06,3.61194e+06,2.16415e+07,0,0,0,6.20183e+07
83.904,85.139,1.70481,0.06,0.04,2.2714,3.16993,0,0.402689,5.32224,4.07419e+06,2.70226e+06,9.25412e+06,0,0,0,0,77.3958,79.791,1.93509,0,0,2.43428,1.53575,0,1.97475,2.96352,8.46701e+06,3.61194e+06,2.06111e+07,0,0,0,6.20183e+07
82.9093,85.139,1.42212,0.06,0.04,2.27228,3.17052,0,0.42566,5.32224,4.07419e+06,2.70226e+06,9.25772e+06,0,0,0,0,76.8242,79.791,1.40916,0,0,2.43428,1.53604,0,1.88072,2.96352,8.46701e+06,3.61194e+06,2.06111e+07,0,0,0,6.20183e+07
82.244,85.139,1.74531,0.07,0.04,2.27316,3.17111,0,0.425826,5.32224,4.07419e+06,2.70226e+06,9.26131e+06,0,0,0,0,76.5544,79.791,2.64949,0,0,2.43428,1.53633,0,1.88072,2.96352,8.46701e+06,3.61194e+06,2.06111e+07,0,0,0,6.20183e+07
81.3109,85.139,1.45447,0.07,0.04,2.27405,3.17171,0,0.425991,5.32224,4.07419e+06,2.70226e+06,9.26491e+06,0,0,0,0,76.1346,79.791,1.9074,0,0,2.43428,1.53662,0,1.88072,2.96352,8.46701e+06,3.61194e+06,2.06111e+07,0,0,0,6.20183e+07
80.2524,85.139,1.30445,0.07,0.04,2.17814,3.07551,0,0.426156,5.32224,4.07419e+06,2.70226e+06,8.87416e+06,0,0,0,0,75.5116,79.791,1.89887,0,0,2.36033,1.46296,0,1.88072,2.96352,8.46701e+06,3.61194e+06,1.9985e+07,0,0,0,6.20183e+07
78.7981,85.139,0.827464,0.07,0.04,2.10506,3.07609,0,0.408183,5.32224,4.07419e+06,2.70226e+06,8.57641e+06,0,0,0,0,74.8906,79.791,1.57626,0,0,2.43427,1.46323,0,1.82359,2.96352,8.46701e+06,3.61194e+06,2.06109e+07,0,0,0,6.20183e+07
77.5134,85.139,1.01212,0.09,0.04,2.10591,3.07667,0,0.394488,5.32224,4.07419e+06,2.70226e+06,8.57988e+06,0,0,0,0,74.6118,79.791,1.77202,0,0,2.43427,1.46351,0,1.88071,2.96352,8.46701e+06,3.61194e+06,2.06109e+07,0,0,0,6.20183e+07
77.8216,85.139,2.73511,0.09,0.04,2.10676,3.07724,0,0.394647,5.32224,4.07419e+06,2.70226e+06,8.58335e+06,0,0,0,0,74.8036,79.791,3.88927,0,0,2.43427,1.46378,0,1.88071,2.96352,8.46701e+06,3.61194e+06,2.06109e+07,0,0,0,6.20183e+07
77.8436,85.139,2.36852,0.1,0.04,2.0281,2.99831,0,0.394807,5.32224,4.07419e+06,2.70226e+06,8.26289e+06,0,0,0,0,74.6281,79.791,2.26158,0,0,2.36691,1.3967,0,1.88071,2.96352,8.46701e+06,3.61194e+06,2.00406e+07,0,0,0,6.20183e+07
77.3421,85.139,1.92459,0.1,0.04,1.96158,2.99888,0,0.380067,5.32224,4.07419e+06,2.70226e+06,7.99185e+06,0,0,0,0,74.4123,79.791,2.68437,0,0,2.43425,1.39696,0,1.82867,2.96352,8.46701e+06,3.61194e+06,2.06108e+07,0,0,0,6.20183e+07
75.8345,85.139,0.824838,0.1,0.04,1.9624,2.99944,0,0.3676,5.32224,4.07419e+06,2.70226e+06,7.99521e+06,0,0,0,0,73.9532,79.791,1.75874,0,0,2.43425,1.39722,0,1.8807,2.96352,8.46701e+06,3.61194e+06,2.06108e+07,0,0,0,6.20183e+07
74.6081,85.139,1.13783,0.1,0.04,1.96323,3,0,0.367754,5.32224,4.07419e+06,2.70226e+06,7.99857e+06,0,0,0,0,73.6442,79.791,2.29694,0,0,2.43425,1.39748,0,1.8807,2.96352,8.46701e+06,3.61194e+06,2.06108e+07,0,0,0,6.20183e+07
74.1267,85.139,1.77328,0.1,0.04,1.73807,2.77459,0,0.367909,5.32224,4.07419e+06,2.70226e+06,7.08125e+06,0,0,0,0,73.6191,79.791,2.92437,0,0,2.29386,1.25734,0,1.8807,2.96352,8.46701e+06,3.61194e+06,1.94221e+07,0,0,0,6.20183e+07
75.6265,85.139,3.69838,0.1,0.04,1.59846,2.77511,0,0.325715,5.32224,4.07419e+06,2.70226e+06,6.51243e+06,0,0,0,0,74.3694,79.791,5.07183,0,0,2.43423,1.25758,0,1.77223,2.96352,8.46701e+06,3.61194e+06,2.06106e+07,0,0,0,6.20183e+07
77.2031,85.139,3.74816,0.11,0.04,1.59921,2.77563,0,0.299551,5.32224,4.07419e+06,2.70226e+06,6.51551e+06,0,0,0,0,74.4296,79.791,3.63361,0,0,2.43423,1.25782,0,1.88068,2.96352,8.46701e+06,3.61194e+06,2.06106e+07,0,0,0,6.20183e+07
78.7458,85.139,3.75425,0.11,0.04,1.59997,2.77615,0,0.299693,5.32224,4.07419e+06,2.70226e+06,6.51859e+06,0,0,0,0,74.9509,79.791,5.51892,0,0,2.43423,1.25805,0,1.88068,2.96352,8.46701e+06,3.61194e+06,2.06106e+07,0,0,0,6.20183e+07
79.0757,85.139,2.4414,0.11,0.04,1.60073,2.77667,0,0.299834,5.32224,4.07419e+06,2.70226e+06,6.52167e+06,0,0,0,0,74.6791,79.791,2.57289,0,0,2.43423,1.25829,0,1.88068,2.96352,8.46701e+06,3.61194e+06,2.06106e+07,0,0,0,6.20183e+07
79.3071,85.139,2.37725,0.14,0.04,1.60096,2.77667,0,0.299976,5.32224,4.07419e+06,2.70226e+06,6.52263e+06,0,0,0,0,74.7227,79.791,2.64837,0,0,2.43399,1.25829,0,1.88068,2.96352,8.46701e+06,3.61194e+06,2.06086e+07,0,0,0,6.20183e+07
79.7502,85.139,2.7464,0.15,0,1.68847,2.86418,0,0.30002,5.32224,4.07419e+06,2.70226e+06,6.87917e+06,0,0,0,0,75.1853,79.791,3.28936,0,0,2.47492,1.29921,0,1.8805,2.96352,8.46701e+06,3.61194e+06,2.09551e+07,0,0,0,6.20183e+07
79.8939,85.139,2.44525,0.1,0,1.72991,2.86469,0,0.31642,5.32224,4.07419e+06,2.70226e+06,7.048e+06,0,0,0,0,75.4339,79.791,2.99207,0,0,2.43423,1.29945,0,1.91212,2.96352,8.46701e+06,3.61194e+06,2.06106e+07,0,0,0,6.20183e+07
81.7741,85.139,4.29212,0.11,0,1.73066,2.86521,0,0.324186,5.32224,4.07419e+06,2.70226e+06,7.05105e+06,0,0,0,0,75.8913,79.791,3.59389,0,0,2.43423,1.29968,0,1.88068,2.96352,8.46701e+06,3.61194e+06,2.06106e+07,0,0,0,6.20183e+07
85.0733,85.139,5.73275,0.11,0,1.73141,2.86572,0,0.324326,5.32224,4.07419e+06,2.70226e+06,7.0541e+06,0,0,0,0,77.9163,79.791,9.16284,0,0,2.43423,1.29991,0,1.88068,2.96352,8.46701e+06,3.61194e+06,2.06106e+07,0,0,0,6.20183e+07
85.139,85.139,5.40003,0.11,0,2.01172,3.1458,0,0.324466,5.32224,4.07419e+06,2.70226e+06,8.19615e+06,0,0,0,0,78.4669,79.791,3.90565,0,0,2.58709,1.45301,0,1.88068,2.96352,8.46701e+06,3.61194e+06,2.19049e+07,0,0,0,6.20183e+07
85.139,85.139,4.35117,0.09,0,2.16539,3.14637,0,0.376997,5.32224,4.07419e+06,2.70226e+06,8.82223e+06,0,0,0,0,78.911,79.791,3.9092,0,0,2.43425,1.45328,0,1.99879,2.96352,8.46701e+06,3.61194e+06,2.06108e+07,0,0,0,6.20183e+07
85.139,85.139,8.26328,0.09,0,2.16622,3.14693,0,0.405794,5.32224,4.07419e+06,2.70226e+06,8.82559e+06,0,0,0,0,80.2996,79.791,7.21358,0,0,2.43425,1.45354,0,1.8807,2.96352,8.46701e+06,3.61194e+06,2.06108e+07,0,0,0,6.20183e+07
85.139,85.139,10.5955,0.09,0,2.16704,3.1475,0,0.405949,5.32224,4.07419e+06,2.70226e+06,8.82896e+06,0,0,0,0,80.8192,79.791,10.4803,0,0,2.43425,1.4538,0,1.8807,2.96352,8.46701e+06,3.61194e+06,2.06108e+07,0,0,0,6.20183e+07
85.139,85.139,6.21927,0.09,0,1.76883,2.74903,0,0.406104,5.32224,4.07419e+06,2.70226e+06,7.20657e+06,0,0,0,0,80.8192,79.791,6.52536,0,0,2.22895,1.24876,0,1.8807,2.96352,8.46701e+06,3.61194e+06,1.88726e+07,0,0,0,6.20183e+07
85.139,85.139,5.27339,0.1,0,1.56429,2.74952,0,0.331479,5.32224,4.07419e+06,2.70226e+06,6.37322e+06,0,0,0,0,80.8192,79.791,6.17126,0,0,2.43422,1.24898,0,1.72209,2.96352,8.46701e+06,3.61194e+06,2.06105e+07,0,0,0,6.20183e+07
85.139,85.139,7.53124,0.11,0,1.56501,2.75002,0,0.293148,5.32224,4.07419e+06,2.70226e+06,6.37614e+06,0,0,0,0,80.8192,79.791,10.1327,0,0,2.43422,1.24921,0,1.88068,2.96352,8.46701e+06,3.61194e+06,2.06105e+07,0,0,0,6.20183e+07
85.139,85.139,6.9909,0.11,0,1.56573,2.75051,0,0.293282,5.32224,4.07419e+06,2.70226e+06,6.37907e+06,0,0,0,0,80.8192,79.791,8.68869,0,0,2.43422,1.24943,0,1.88068,2.96352,8.46701e+06,3.61194e+06,2.06105e+07,0,0,0,6.20183e+07
85.139,85.139,5.97889,0.11,0,1.56644,2.751,0,0.293417,5.32224,4.07419e+06,2.70226e+06,6.382e+06,0,0,0,0,80.8192,79.791,7.40039,0,0,2.43422,1.24966,0,1.88068,2.96352,8.46701e+06,3.61194e+06,2.06105e+07,0,0,0,6.20183e+07
85.139,85.139,4.96403,0.12,0,1.6677,2.85203,0,0.293552,5.32224,4.07419e+06,2.70226e+06,6.79452e+06,0,0,0,0,80.8192,79.791,5.64824,0,0,2.48449,1.30015,0,1.88068,2.96352,8.46701e+06,3.61194e+06,2.10362e+07,0,0,0,6.20183e+07
85.139,85.139,4.50971,0.13,0,1.7187,2.85254,0,0.312526,5.32224,4.07419e+06,2.70226e+06,7.00233e+06,0,0,0,0,80.8192,79.791,5.89053,0,0,2.43423,1.30038,0,1.91951,2.96352,8.46701e+06,3.61194e+06,2.06106e+07,0,0,0,6.20183e+07
85.139,85.139,4.54071,0.13,0,1.71945,2.85306,0,0.322085,5.32224,4.07419e+06,2.70226e+06,7.00537e+06,0,0,0,0,80.8192,79.791,6.84743,0,0,2.43423,1.30062,0,1.88068,2.96352,8.46701e+06,3.61194e+06,2.06106e+07,0,0,0,6.20183e+07
85.139,85.139,3.91187,0.12,0,1.72019,2.85357,0,0.322225,5.32224,4.07419e+06,2.70226e+06,7.00841e+06,0,0,0,0,80.8192,79.791,4.40516,0,0,2.43423,1.30085,0,1.88068,2.96352,8.46701e+06,3.61194e+06,2.06106e+07,0,0,0,6.20183e+07
85.139,85.139,3.77773,0.12,0,1.6816,2.81474,0,0.322364,5.32224,4.07419e+06,2.70226e+06,6.85118e+06,0,0,0,0,80.7653,79.791,3.66993,0,0,2.41469,1.28155,0,1.88068,2.96352,8.46701e+06,3.61194e+06,2.04452e+07,0,0,0,6.20183e+07
85.139,85.139,3.3706,0.1,0,1.66281,2.81525,0,0.315133,5.32224,4.07419e+06,2.70226e+06,6.77459e+06,0,0,0,0,80.8192,79.791,3.45516,0,0,2.43422,1.28178,0,1.86559,2.96352,8.46701e+06,3.61194e+06,2.06106e+07,0,0,0,6.20183e+07
85.139,85.139,3.1782,0.1,0,1.66354,2.81576,0,0.31161,5.32224,4.07419e+06,2.70226e+06,6.77759e+06,0,0,0,0,80.7727,79.791,3.14725,0,0,2.43422,1.28201,0,1.88068,2.96352,8.46701e+06,3.61194e+06,2.06106e+07,0,0,0,6.20183e+07
85.139,85.139,2.93907,0.1,0,1.66428,2.81626,0,0.311748,5.32224,4.07419e+06,2.70226e+06,6.78059e+06,0,0,0,0,80.7155,79.791,3.02379,0,0,2.43422,1.28224,0,1.88068,2.96352,8.46701e+06,3.61194e+06,2.06106e+07,0,0,0,6.20183e+07
85.139,85.139,2.54758,0.1,0,1.79863,2.95039,0,0.311886,5.32224,4.07419e+06,2.70226e+06,7.32798e+06,0,0,0,0,80.6739,79.791,2.89053,0,0,2.50356,1.3518,0,1.88068,2.96352,8.46701e+06,3.61194e+06,2.11977e+07,0,0,0,6.20183e+07
85.139,85.139,2.30672,0.09,0,1.86873,2.95092,0,0.337064,5.32224,4.07419e+06,2.70226e+06,7.61357e+06,0,0,0,0,80.4806,79.791,2.46911,0,0,2.43423,1.35205,0,1.93425,2.96352,8.46701e+06,3.61194e+06,2.06107e+07,0,0,0,6.20183e+07
85.0226,85.139,2.09798,0.08,0,1.8695,2.95145,0,0.3502,5.32224,4.07419e+06,2.70226e+06,7.61671e+06,0,0,0,0,80.1591,79.791,2.07037,0,0,2.43423,1.35229,0,1.88069,2.96352,8.46701e+06,3.61194e+06,2.06107e+07,0,0,0,6.20183e+07
84.8506,85.139,2.03725,0.1,0,1.87027,2.95198,0,0.350345,5.32224,4.07419e+06,2.70226e+06,7.61986e+06,0,0,0,0,79.7009,79.791,1.89564,0,0,2.43423,1.35253,0,1.88069,2.96352,8.46701e+06,3.61194e+06,2.06107e+07,0,0,0,6.20183e+07
84.3236,85.139,1.65059,0.09,0,1.87105,2.95251,0,0.35049,5.32224,4.07419e+06,2.70226e+06,7.62301e+06,0,0,0,0,79.1652,79.791,1.89581,0,0,2.43423,1.35278,0,1.88069,2.96352,8.46701e+06,3.61194e+06,2.06107e+07,0,0,0,6.20183e+07
83.4726,85.139,1.29147,0.09,0,1.84537,2.92659,0,0.350634,5.32224,4.07419e+06,2.70226e+06,7.51841e+06,0,0,0,0,78.7063,79.791,1.93849,0,0,2.47238,1.39116,0,1.88069,2.96352,8.46701e+06,3.61194e+06,2.09336e+07,0,0,0,6.20183e+07
82.511,85.139,1.20896,0.08,0,1.88428,2.92711,0,0.345823,5.32224,4.07419e+06,2.70226e+06,7.67694e+06,0,0,0,0,78.1658,79.791,1.86801,0,0,2.43424,1.39141,0,1.91016,2.96352,8.46701e+06,3.61194e+06,2.06107e+07,0,0,0,6.20183e+07
81.4476,85.139,1.10194,0.06,0,1.88506,2.92764,0,0.353115,5.32224,4.07419e+06,2.70226e+06,7.6801e+06,0,0,0,0,77.4921,79.791,1.77736,0,0,2.43424,1.39166,0,1.8807,2.96352,8.46701e+06,3.61194e+06,2.06107e+07,0,0,0,6.20183e+07
80.3022,85.139,1.00069,0.06,0,1.88584,2.92817,0,0.35326,5.32224,4.07419e+06,2.70226e+06,7.68326e+06,0,0,0,0,76.6314,79.791,1.63599,0,0,2.43424,1.39191,0,1.8807,2.96352,8.46701e+06,3.61194e+06,2.06107e+07,0,0,0,6.20183e+07
79.0159,85.139,0.88486,0.06,0,1.95496,2.99704,0,0.353406,5.32224,4.07419e+06,2.70226e+06,7.96489e+06,0,0,0,0,75.8596,79.791,1.48026,0,0,2.46826,1.42618,0,1.8807,2.96352,8.46701e+06,3.61194e+06,2.08988e+07,0,0,0,6.20183e+07
77.7173,85.139,0.909986,0.1,0,1.98977,2.99758,0,0.36636,5.32224,4.07419e+06,2.70226e+06,8.1067e+06,0,0,0,0,75.0756,79.791,1.57051,0,0,2.43425,1.42644,0,1.90698,2.96352,8.46701e+06,3.61194e+06,2.06108e+07,0,0,0,6.20183e+07
76.3717,85.139,0.841084,0.1,0,1.99056,2.99812,0,0.372882,5.32224,4.07419e+06,2.70226e+06,8.10993e+06,0,0,0,0,74.1085,79.791,1.50947,0,0,2.43425,1.42669,0,1.8807,2.96352,8.46701e+06,3.61194e+06,2.06108e+07,0,0,0,6.20183e+07
74.963,85.139,0.765844,0.09,0,1.99136,2.99866,0,0.373031,5.32224,4.07419e+06,2.70226e+06,8.11317e+06,0,0,0,0,73.3373,79.791,1.33018,0,0,2.43425,1.42695,0,1.8807,2.96352,8.46701e+06,3.61194e+06,2.06108e+07,0,0,0,6.20183e+07
73.4051,85.139,0.771871,0.09,0,2.19245,3.1995,0,0.37318,5.32224,4.07419e+06,2.70226e+06,8.93248e+06,0,0,0,0,72.5283,79.791,1.60765,0,0,2.55712,1.55008,0,1.8807,2.96352,8.46701e+06,3.61194e+06,2.16512e+07,0,0,0,6.20183e+07
71.7068,85.139,0.732284,0.13,0,2.31616,3.20007,0,0.410866,5.32224,4.07419e+06,2.70226e+06,9.43649e+06,0,0,0,0,71.5566,79.791,1.50152,0,0,2.43427,1.55036,0,1.97563,2.96352,8.46701e+06,3.61194e+06,2.0611e+07,0,0,0,6.20183e+07
69.885,85.139,0.607796,0.12,0,2.31701,3.20065,0,0.434049,5.32224,4.07419e+06,2.70226e+06,9.43996e+06,0,0,0,0,70.8769,79.791,1.1991,0,0,2.43427,1.55064,0,1.88072,2.96352,8.46701e+06,3.61194e+06,2.0611e+07,0,0,0,6.20183e+07
68.1753,85.139,0.69905,0.12,0,2.31787,3.20122,0,0.434208,5.32224,4.07419e+06,2.70226e+06,9.44344e+06,0,0,0,0,70.2529,79.791,1.80305,0,0,2.43427,1.55092,0,1.88072,2.96352,8.46701e+06,3.61194e+06,2.0611e+07,0,0,0,6.20183e+07
66.4533,85.139,0.670526,0.12,0,2.31872,3.2018,0,0.434368,5.32224,4.07419e+06,2.70226e+06,9.44691e+06,0,0,0,0,69.7605,79.791,1.57645,0,0,2.43427,1.55119,0,1.88072,2.96352,8.46701e+06,3.61194e+06,2.0611e+07,0,0,0,6.20183e+07
64.959,85.139,0.796231,0.16,0,2.22187,3.10466,0,0.434528,5.32224,4.07419e+06,2.70226e+06,9.05231e+06,0,0,0,0,69.6997,79.791,3.35005,0,0,2.35962,1.47682,0,1.88072,2.96352,8.46701e+06,3.61194e+06,1.99789e+07,0,0,0,6.20183e+07
63.4242,85.139,0.685438,0.16,0,2.14805,3.10522,0,0.416378,5.32224,4.07419e+06,2.70226e+06,8.75158e+06,0,0,0,0,69.2415,79.791,1.80937,0,0,2.43426,1.47709,0,1.82304,2.96352,8.46701e+06,3.61194e+06,2.06109e+07,0,0,0,6.20183e+07
61.9759,85.139,0.794287,0.15,0,2.14888,3.10578,0,0.402545,5.32224,4.07419e+06,2.70226e+06,8.75494e+06,0,0,0,0,68.8201,79.791,1.85235,0,0,2.43426,1.47735,0,1.88071,2.96352,8.46701e+06,3.61194e+06,2.06109e+07,0,0,0,6.20183e+07
61.7779,85.139,2.26371,0.2,0,2.1497,3.10634,0,0.402699,5.32224,4.07419e+06,2.70226e+06,8.75829e+06,0,0,0,0,69.168,79.791,3.5217,0,0,2.43426,1.47762,0,1.88071,2.96352,8.46701e+06,3.61194e+06,2.06109e+07,0,0,0,6.20183e+07
62.9105,85.139,3.59816,0.21,0,2.07026,3.02663,0,0.402853,5.32224,4.07419e+06,2.70226e+06,8.43465e+06,0,0,0,0,70.8746,79.791,8.51175,0,0,2.36626,1.40989,0,1.88071,2.96352,8.46701e+06,3.61194e+06,2.00351e+07,0,0,0,6.20183e+07
63.1565,85.139,2.57264,0.15,0,2.00307,3.02718,0,0.387967,5.32224,4.07419e+06,2.70226e+06,8.16091e+06,0,0,0,0,71.1964,79.791,3.83338,0,0,2.43425,1.41014,0,1.82817,2.96352,8.46701e+06,3.61194e+06,2.06108e+07,0,0,0,6.20183e+07
65.489,85.139,4.81915,0.15,0,2.00387,3.02772,0,0.375376,5.32224,4.07419e+06,2.70226e+06,8.16416e+06,0,0,0,0,72.4628,79.791,6.31623,0,0,2.43425,1.41039,0,1.8807,2.96352,8.46701e+06,3.61194e+06,2.06108e+07,0,0,0,6.20183e+07
67.2416,85.139,4.25739,0.15,0,2.00467,3.02826,0,0.375525,5.32224,4.07419e+06,2.70226e+06,8.1674e+06,0,0,0,0,73.8941,79.791,8.04789,0,0,2.43425,1.41065,0,1.8807,2.96352,8.46701e+06,3.61194e+06,2.06108e+07,0,0,0,6.20183e+07
72.7433,85.139,7.92274,0.16,0,1.77736,2.8007,0,0.375675,5.32224,4.07419e+06,2.70226e+06,7.24131e+06,0,0,0,0,76.6706,79.791,8.58949,0,0,2.29252,1.26918,0,1.8807,2.96352,8.46701e+06,3.61194e+06,1.94108e+07,0,0,0,6.20183e+07
77.2623,85.139,6.81272,0.13,0,1.6364,2.80121,0,0.333077,5.32224,4.07419e+06,2.70226e+06,6.66699e+06,0,0,0,0,79.414,79.791,8.89823,0,0,2.43422,1.26941,0,1.7712,2.96352,8.46701e+06,3.61194e+06,2.06106e+07,0,0,0,6.20183e+07
79.3191,85.139,4.33478,0.11,0,1.63713,2.80171,0,0.30666,5.32224,4.07419e+06,2.70226e+06,6.66997e+06,0,0,0,0,80.8192,79.791,6.56283,0,0,2.43422,1.26964,0,1.88068,2.96352,8.46701e+06,3.61194e+06,2.06106e+07,0,0,0,6.20183e+07
83.6598,85.139,6.63509,0.11,0,1.63786,2.80221,0,0.306797,5.32224,4.07419e+06,2.70226e+06,6.67295e+06,0,0,0,0,80.8192,79.791,8.85218,0,0,2.43422,1.26986,0,1.88068,2.96352,8.46701e+06,3.61194e+06,2.06106e+07,0,0,0,6.20183e+07
85.139,85.139,7.57585,0.1,0,1.63859,2.80272,0,0.306934,5.32224,4.07419e+06,2.70226e+06,6.67592e+06,0,0,0,0,80.8192,79.791,9.74628,0,0,2.43422,1.27009,0,1.88068,2.96352,8.46701e+06,3.61194e+06,2.06106e+07,0,0,0,6.20183e+07
85.139,85.139,3.40461,0.07,0,1.72713,2.89103,0,0.307071,5.32224,4.07419e+06,2.70226e+06,7.03665e+06,0,0,0,0,80.8192,79.791,5.14881,0,0,2.47529,1.31139,0,1.88068,2.96352,8.46701e+06,3.61194e+06,2.09583e+07,0,0,0,6.20183e+07
85.139,85.139,5.56663,0.08,0,1.76892,2.89152,0,0.323663,5.32224,4.07419e+06,2.70226e+06,7.20692e+06,0,0,0,0,80.8192,79.791,7.92293,0,0,2.43422,1.31161,0,1.91241,2.96352,8.46701e+06,3.61194e+06,2.06105e+07,0,0,0,6.20183e+07
85.139,85.139,2.9122,0.09,0,1.76964,2.89202,0,0.331496,5.32224,4.07419e+06,2.70226e+06,7.20987e+06,0,0,0,0,80.8192,79.791,4.86854,0,0,2.43422,1.31184,0,1.88068,2.96352,8.46701e+06,3.61194e+06,2.06105e+07,0,0,0,6.20183e+07
85.139,85.139,6.73114,0.1,0,1.77036,2.89252,0,0.331631,5.32224,4.07419e+06,2.70226e+06,7.21281e+06,0,0,0,0,80.8192,79.791,4.38887,0,0,2.43422,1.31207,0,1.88068,2.96352,8.46701e+06,3.61194e+06,2.06105e+07,0,0,0,6.20183e+07
85.139,85.139,4.95649,0.1,0,2.05327,3.17519,0,0.331766,5.32224,4.07419e+06,2.70226e+06,8.3654e+06,0,0,0,0,80.8192,79.791,4.95277,0,0,2.58851,1.46659,0,1.88068,2.96352,8.46701e+06,3.61194e+06,2.1917e+07,0,0,0,6.20183e+07
85.139,85.139,5.92164,0.11,0,2.20833,3.17574,0,0.384782,5.32224,4.07419e+06,2.70226e+06,8.99718e+06,0,0,0,0,80.8192,79.791,5.12565,0,0,2.43424,1.46684,0,1.99989,2.96352,8.46701e+06,3.61194e+06,2.06108e+07,0,0,0,6.20183e+07
85.139,85.139,5.45217,0.11,0,2.20913,3.17628,0,0.413842,5.32224,4.07419e+06,2.70226e+06,9.00043e+06,0,0,0,0,80.8192,79.791,5.86971,0,0,2.43424,1.46709,0,1.8807,2.96352,8.46701e+06,3.61194e+06,2.06108e+07,0,0,0,6.20183e+07
85.139,85.139,5.3287,0.1,0,2.20993,3.17683,0,0.413991,5.32224,4.07419e+06,2.70226e+06,9.00368e+06,0,0,0,0,80.8192,79.791,6.00988,0,0,2.43424,1.46734,0,1.8807,2.96352,8.46701e+06,3.61194e+06,2.06108e+07,0,0,0,6.20183e+07
85.139,85.139,4.00902,0.1,0,1.80797,2.77462,0,0.414141,5.32224,4.07419e+06,2.70226e+06,7.36604e+06,0,0,0,0,80.8192,79.791,4.23243,0,0,2.22703,1.26039,0,1.8807,2.96352,8.46701e+06,3.61194e+06,1.88563e+07,0,0,0,6.20183e+07
85.139,85.139,4.79526,0.11,0,1.60149,2.7751,0,0.338814,5.32224,4.07419e+06,2.70226e+06,6.52479e+06,0,0,0,0,80.8192,79.791,4.6363,0,0,2.43421,1.2606,0,1.72061,2.96352,8.46701e+06,3.61194e+06,2.06105e+07,0,0,0,6.20183e+07
85.139,85.139,5.55407,0.12,0,1.60218,2.77557,0,0.30012,5.32224,4.07419e+06,2.70226e+06,6.52761e+06,0,0,0,0,80.8192,79.791,7.13263,0,0,2.43421,1.26082,0,1.88067,2.96352,8.46701e+06,3.61194e+06,2.06105e+07,0,0,0,6.20183e+07
85.139,85.139,6.55136,0.13,0,1.60288,2.77605,0,0.300249,5.32224,4.07419e+06,2.70226e+06,6.53044e+06,0,0,0,0,80.8192,79.791,7.25902,0,0,2.43421,1.26104,0,1.88067,2.96352,8.46701e+06,3.61194e+06,2.06105e+07,0,0,0,6.20183e+07
85.139,85.139,4.7551,0.12,0,1.60357,2.77653,0,0.300379,5.32224,4.07419e+06,2.70226e+06,6.53326e+06,0,0,0,0,80.8192,79.791,5.14455,0,0,2.43421,1.26125,0,1.88067,2.96352,8.46701e+06,3.61194e+06,2.06105e+07,0,0,0,6.20183e+07
85.139,85.139,6.00911,0.13,0,1.70573,2.87847,0,0.300509,5.32224,4.07419e+06,2.70226e+06,6.94948e+06,0,0,0,0,80.8192,79.791,6.38063,0,0,2.48494,1.3122,0,1.88067,2.96352,8.46701e+06,3.61194e+06,2.104e+07,0,0,0,6.20183e+07
85.139,85.139,5.97491,0.14,0,1.75718,2.87897,0,0.319654,5.32224,4.07419e+06,2.70226e+06,7.15908e+06,0,0,0,0,80.8192,79.791,7.05123,0,0,2.43422,1.31243,0,1.91987,2.96352,8.46701e+06,3.61194e+06,2.06105e+07,0,0,0,6.20183e+07
85.139,85.139,8.85915,0.13,0,1.7579,2.87946,0,0.329295,5.32224,4.07419e+06,2.70226e+06,7.16202e+06,0,0,0,0,80.8192,79.791,8.96848,0,0,2.43422,1.31265,0,1.88068,2.96352,8.46701e+06,3.61194e+06,2.06105e+07,0,0,0,6.20183e+07
85.139,85.139,5.97679,0.13,0,1.75862,2.87996,0,0.32943,5.32224,4.07419e+06,2.70226e+06,7.16495e+06,0,0,0,0,80.8192,79.791,6.58075,0,0,2.43422,1.31288,0,1.88068,2.96352,8.46701e+06,3.61194e+06,2.06105e+07,0,0,0,6.20183e+07
85.139,85.139,4.51541,0.13,0,1.71964,2.84075,0,0.329565,5.32224,4.07419e+06,2.70226e+06,7.00614e+06,0,0,0,0,80.8192,79.791,3.96023,0,0,2.4145,1.29339,0,1.88068,2.96352,8.46701e+06,3.61194e+06,2.04436e+07,0,0,0,6.20183e+07
85.139,85.139,3.93664,0.12,0,1.70063,2.84124,0,0.32226,5.32224,4.07419e+06,2.70226e+06,6.92871e+06,0,0,0,0,80.8192,79.791,3.61386,0,0,2.43421,1.29361,0,1.86544,2.96352,8.46701e+06,3.61194e+06,2.06105e+07,0,0,0,6.20183e+07
85.139,85.139,3.51694,0.1,0,1.70134,2.84173,0,0.318699,5.32224,4.07419e+06,2.70226e+06,6.9316e+06,0,0,0,0,80.8192,79.791,3.17512,0,0,2.43421,1.29383,0,1.88067,2.96352,8.46701e+06,3.61194e+06,2.06105e+07,0,0,0,6.20183e+07
85.139,85.139,3.25785,0.1,0,1.70205,2.84221,0,0.318832,5.32224,4.07419e+06,2.70226e+06,6.9345e+06,0,0,0,0,80.8184,79.791,2.9882,0,0,2.43421,1.29405,0,1.88067,2.96352,8.46701e+06,3.61194e+06,2.06105e+07,0,0,0,6.20183e+07
85.139,85.139,3.17517,0.1,0,1.83761,2.97755,0,0.318965,5.32224,4.07419e+06,2.70226e+06,7.48679e+06,0,0,0,0,80.8192,79.791,2.84893,0,0,2.50419,1.36425,0,1.88067,2.96352,8.46701e+06,3.61194e+06,2.1203e+07,0,0,0,6.20183e+07
85.139,85.139,2.96727,0.09,0,1.90832,2.97806,0,0.344369,5.32224,4.07419e+06,2.70226e+06,7.77488e+06,0,0,0,0,80.7007,79.791,2.64044,0,0,2.43423,1.36449,0,1.93474,2.96352,8.46701e+06,3.61194e+06,2.06106e+07,0,0,0,6.20183e+07
85.139,85.139,2.74155,0.09,0,1.90907,2.97857,0,0.35762,5.32224,4.07419e+06,2.70226e+06,7.77791e+06,0,0,0,0,80.5897,79.791,2.65468,0,0,2.43423,1.36472,0,1.88068,2.96352,8.46701e+06,3.61194e+06,2.06106e+07,0,0,0,6.20183e+07
85.139,85.139,2.65268,0.07,0,1.90981,2.97909,0,0.357759,5.32224,4.07419e+06,2.70226e+06,7.78095e+06,0,0,0,0,80.5158,79.791,2.63299,0,0,2.43423,1.36495,0,1.88068,2.96352,8.46701e+06,3.61194e+06,2.06106e+07,0,0,0,6.20183e+07
85.139,85.139,2.47862,0.06,0,1.91056,2.9796,0,0.357899,5.32224,4.07419e+06,2.70226e+06,7.78399e+06,0,0,0,0,80.3561,79.791,2.38719,0,0,2.43423,1.36519,0,1.88068,2.96352,8.46701e+06,3.61194e+06,2.06106e+07,0,0,0,6.20183e+07
85.139,85.139,2.23606,0.04,0,1.88462,2.95342,0,0.358039,5.32224,4.07419e+06,2.70226e+06,7.67829e+06,0,0,0,0,80.1074,79.791,2.17286,0,0,2.47272,1.40392,0,1.88068,2.96352,8.46701e+06,3.61194e+06,2.09365e+07,0,0,0,6.20183e+07
84.9729,85.139,2.04808,0.04,0,1.92385,2.95393,0,0.353177,5.32224,4.07419e+06,2.70226e+06,7.83814e+06,0,0,0,0,79.7989,79.791,2.16416,0,0,2.43423,1.40416,0,1.91042,2.96352,8.46701e+06,3.61194e+06,2.06107e+07,0,0,0,6.20183e+07
84.6256,85.139,1.85206,0.08,0,1.9246,2.95443,0,0.360529,5.32224,4.07419e+06,2.70226e+06,7.84119e+06,0,0,0,0,79.45,79.791,1.93818,0,0,2.43423,1.4044,0,1.88069,2.96352,8.46701e+06,3.61194e+06,2.06107e+07,0,0,0,6.20183e+07
84.2261,85.139,1.75837,0.07,0,1.92535,2.95494,0,0.36067,5.32224,4.07419e+06,2.70226e+06,7.84424e+06,0,0,0,0,78.9302,79.791,1.90654,0,0,2.43423,1.40464,0,1.88069,2.96352,8.46701e+06,3.61194e+06,2.06107e+07,0,0,0,6.20183e+07
83.7633,85.139,1.78093,0.07,0,1.99507,3.02442,0,0.36081,5.32224,4.07419e+06,2.70226e+06,8.1283e+06,0,0,0,0,78.5455,79.791,1.93662,0,0,2.46856,1.43921,0,1.88069,2.96352,8.46701e+06,3.61194e+06,2.09013e+07,0,0,0,6.20183e+07
83.1248,85.139,1.61069,0.06,0,2.03016,3.02494,0,0.373876,5.32224,4.07419e+06,2.70226e+06,8.27126e+06,0,0,0,0,77.9138,79.791,1.86343,0,0,2.43424,1.43946,0,1.90721,2.96352,8.46701e+06,3.61194e+06,2.06107e+07,0,0,0,6.20183e+07
82.3618,85.139,1.47865,0.06,0,2.03093,3.02546,0,0.380452,5.32224,4.07419e+06,2.70226e+06,8.27438e+06,0,0,0,0,77.4471,79.791,1.63588,0,0,2.43424,1.4397,0,1.88069,2.96352,8.46701e+06,3.61194e+06,2.06107e+07,0,0,0,6.20183e+07
81.6887,85.139,1.55442,0.06,0,2.03169,3.02598,0,0.380595,5.32224,4.07419e+06,2.70226e+06,8.27751e+06,0,0,0,0,77.0286,79.791,1.94437,0,0,2.43424,1.43995,0,1.88069,2.96352,8.46701e+06,3.61194e+06,2.06107e+07,0,0,0,6.20183e+07
80.7707,85.139,1.49626,0.07,0,2.23459,3.22863,0,0.380739,5.32224,4.07419e+06,2.70226e+06,9.10414e+06,0,0,0,0,76.4597,79.791,1.90504,0,0,2.55823,1.56419,0,1.88069,2.96352,8.46701e+06,3.61194e+06,2.16606e+07,0,0,0,6.20183e+07
79.4956,85.139,1.26175,0.07,0,2.35938,3.22918,0,0.418761,5.32224,4.07419e+06,2.70226e+06,9.61258e+06,0,0,0,0,75.9726,79.791,1.65014,0,0,2.43426,1.56446,0,1.97649,2.96352,8.46701e+06,3.61194e+06,2.06109e+07,0,0,0,6.20183e+07
78.5113,85.139,1.54836,0.07,0,2.36021,3.22974,0,0.442148,5.32224,4.07419e+06,2.70226e+06,9.61594e+06,0,0,0,0,75.4212,79.791,1.83472,0,0,2.43426,1.56473,0,1.88071,2.96352,8.46701e+06,3.61194e+06,2.06109e+07,0,0,0,6.20183e+07
77.2497,85.139,1.25897,0.11,0,2.36103,3.23029,0,0.442303,5.32224,4.07419e+06,2.70226e+06,9.61929e+06,0,0,0,0,74.7002,79.791,1.65653,0,0,2.43426,1.565,0,1.88071,2.96352,8.46701e+06,3.61194e+06,2.06109e+07,0,0,0,6.20183e+07
75.7883,85.139,1.07514,0.11,0,2.36185,3.23085,0,0.442457,5.32224,4.07419e+06,2.70226e+06,9.62265e+06,0,0,0,0,73.7239,79.791,1.47359,0,0,2.43426,1.56527,0,1.88071,2.96352,8.46701e+06,3.61194e+06,2.06109e+07,0,0,0,6.20183e+07
74.6421,85.139,1.34255,0.1,0,2.26408,3.13281,0,0.442611,5.32224,4.07419e+06,2.70226e+06,9.22431e+06,0,0,0,0,73.2792,79.791,1.29816,0,0,2.35894,1.49021,0,1.88071,2.96352,8.46701e+06,3.61194e+06,1.99731e+07,0,0,0,6.20183e+07
73.3419,85.139,1.11699,0.1,0,2.18956,3.13334,0,0.424289,5.32224,4.07419e+06,2.70226e+06,8.92071e+06,0,0,0,0,72.4438,79.791,2.01324,0,0,2.43425,1.49047,0,1.82251,2.96352,8.46701e+06,3.61194e+06,2.06108e+07,0,0,0,6.20183e+07
71.8738,85.139,0.93777,0.12,0,2.19036,3.13388,0,0.410324,5.32224,4.07419e+06,2.70226e+06,8.92394e+06,0,0,0,0,71.3678,79.791,1.0776,0,0,2.43425,1.49072,0,1.8807,2.96352,8.46701e+06,3.61194e+06,2.06108e+07,0,0,0,6.20183e+07
70.7373,85.139,1.32661,0.12,0,2.19115,3.13442,0,0.410473,5.32224,4.07419e+06,2.70226e+06,8.92718e+06,0,0,0,0,70.9538,79.791,1.25104,0,0,2.43425,1.49098,0,1.8807,2.96352,8.46701e+06,3.61194e+06,2.06108e+07,0,0,0,6.20183e+07
69.9916,85.139,1.75914,0.12,0,2.11096,3.05397,0,0.410622,5.32224,4.07419e+06,2.70226e+06,8.60047e+06,0,0,0,0,70.5158,79.791,2.52256,0,0,2.36564,1.42262,0,1.8807,2.96352,8.46701e+06,3.61194e+06,2.00299e+07,0,0,0,6.20183e+07
68.95,85.139,1.35107,0.12,0,2.04313,3.0545,0,0.395594,5.32224,4.07419e+06,2.70226e+06,8.32411e+06,0,0,0,0,70.1561,79.791,1.53649,0,0,2.43424,1.42287,0,1.82769,2.96352,8.46701e+06,3.61194e+06,2.06107e+07,0,0,0,6.20183e+07
69.3243,85.139,2.83289,0.14,0,2.0439,3.05502,0,0.382883,5.32224,4.07419e+06,2.70226e+06,8.32724e+06,0,0,0,0,70.3512,79.791,3.23584,0,0,2.43424,1.42311,0,1.88069,2.96352,8.46701e+06,3.61194e+06,2.06107e+07,0,0,0,6.20183e+07
72.4205,85.139,5.77961,0.13,0,2.04467,3.05555,0,0.383027,5.32224,4.07419e+06,2.70226e+06,8.33038e+06,0,0,0,0,71.5401,79.791,6.66847,0,0,2.43424,1.42336,0,1.88069,2.96352,8.46701e+06,3.61194e+06,2.06107e+07,0,0,0,6.20183e+07
73.2408,85.139,3.13784,0.14,0,1.81528,2.82592,0,0.383171,5.32224,4.07419e+06,2.70226e+06,7.3958e+06,0,0,0,0,71.8016,79.791,3.4377,0,0,2.29124,1.28061,0,1.88069,2.96352,8.46701e+06,3.61194e+06,1.93999e+07,0,0,0,6.20183e+07
73.2958,85.139,2.29808,0.14,0,1.67301,2.8264,0,0.340183,5.32224,4.07419e+06,2.70226e+06,6.81618e+06,0,0,0,0,72.0009,79.791,2.95081,0,0,2.43421,1.28083,0,1.77021,2.96352,8.46701e+06,3.61194e+06,2.06105e+07,0,0,0,6.20183e+07
73.8401,85.139,2.72706,0.17,0,1.67372,2.82689,0,0.313523,5.32224,4.07419e+06,2.70226e+06,6.81905e+06,0,0,0,0,72.251,79.791,3.20082,0,0,2.43421,1.28104,0,1.88067,2.96352,8.46701e+06,3.61194e+06,2.06105e+07,0,0,0,6.20183e+07
74.3235,85.139,2.83833,0.13,0,1.67442,2.82737,0,0.313655,5.32224,4.07419e+06,2.70226e+06,6.82193e+06,0,0,0,0,72.3857,79.791,3.10265,0,0,2.43421,1.28126,0,1.88067,2.96352,8.46701e+06,3.61194e+06,2.06105e+07,0,0,0,6.20183e+07
80.1959,85.139,8.35316,0.17,0,1.67513,2.82786,0,0.313787,5.32224,4.07419e+06,2.70226e+06,6.8248e+06,0,0,0,0,73.8063,79.791,6.17165,0,0,2.43421,1.28148,0,1.88067,2.96352,8.46701e+06,3.61194e+06,2.06105e+07,0,0,0,6.20183e+07
83.3604,85.139,5.87204,0.12,0,1.76443,2.91694,0,0.313919,5.32224,4.07419e+06,2.70226e+06,7.18862e+06,0,0,0,2.28273e+08,74.4701,79.791,4.76095,0,0,2.47565,1.32314,0,1.88067,2.96352,8.46701e+06,3.61194e+06,2.09613e+07,0,0,0,6.20183e+07
85.139,85.139,5.63369,0.13,0,1.80657,2.91741,0,0.330654,5.32224,4.07419e+06,2.70226e+06,7.3603e+06,0,0,0,2.28273e+08,74.5415,79.791,3.64888,0,0,2.43421,1.32336,0,1.91269,2.96352,8.46701e+06,3.61194e+06,2.06105e+07,0,0,0,6.20183e+07
85.139,85.139,4.41623,0.1,0,1.80726,2.91789,0,0.33855,5.32224,4.07419e+06,2.70226e+06,7.36313e+06,0,0,0,2.28273e+08,74.3978,79.791,2.99485,0,0,2.43421,1.32358,0,1.88067,2.96352,8.46701e+06,3.61194e+06,2.06105e+07,0,0,0,6.20183e+07
85.139,85.139,4.10923,0.11,0,1.80796,2.91837,0,0.338681,5.32224,4.07419e+06,2.70226e+06,7.36597e+06,0,0,0,2.28273e+08,74.3309,79.791,2.97591,0,0,2.43421,1.32379,0,1.88067,2.96352,8.46701e+06,3.61194e+06,2.06105e+07,0,0,0,6.20183e+07
85.139,85.139,6.54238,0.11,0,2.09335,3.20355,0,0.338811,5.32224,4.07419e+06,2.70226e+06,8.52872e+06,0,0,0,2.28273e+08,74.3855,79.791,3.61894,0,0,2.58988,1.47969,0,1.88067,2.96352,8.46701e+06,3.61194e+06,2.19286e+07,0,0,0,6.20183e+07
85.139,85.139,4.32857,0.11,0,2.24977,3.20407,0,0.392294,5.32224,4.07419e+06,2.70226e+06,9.16599e+06,0,0,0,2.28273e+08,74.1339,79.791,3.27382,0,0,2.43423,1.47993,0,2.00094,2.96352,8.46701e+06,3.61194e+06,2.06107e+07,0,0,0,6.20183e+07
85.0638,85.139,2.67424,0.11,0,2.25054,3.2046,0,0.421607,5.32224,4.07419e+06,2.70226e+06,9.16912e+06,0,0,0,2.28273e+08,73.7985,79.791,2.22821,0,0,2.43423,1.48017,0,1.88069,2.96352,8.46701e+06,3.61194e+06,2.06107e+07,0,0,0,6.20183e+07
85.139,85.139,3.82072,0.13,0,2.2513,3.20512,0,0.421751,5.32224,4.07419e+06,2.70226e+06,9.17225e+06,0,0,0,2.28273e+08,73.7511,79.791,3.32888,0,0,2.43423,1.48041,0,1.88069,2.96352,8.46701e+06,3.61194e+06,2.06107e+07,0,0,0,6.20183e+07
85.139,85.139,3.59894,0.12,0,1.84574,2.79931,0,0.421895,5.32224,4.07419e+06,2.70226e+06,7.51989e+06,0,0,0,2.28273e+08,73.8095,79.791,2.96025,0,0,2.22518,1.2716,0,1.88069,2.96352,8.46701e+06,3.61194e+06,1.88406e+07,0,0,0,6.20183e+07
85.139,85.139,5.62418,0.12,0,1.63738,2.79977,0,0.345891,5.32224,4.07419e+06,2.70226e+06,6.67102e+06,0,0,0,2.28273e+08,74.0455,79.791,3.21324,0,0,2.4342,1.27181,0,1.71917,2.96352,8.46701e+06,3.61194e+06,2.06104e+07,0,0,0,6.20183e+07
85.139,85.139,7.69134,0.14,0,1.63805,2.80023,0,0.306846,5.32224,4.07419e+06,2.70226e+06,6.67374e+06,0,0,0,2.28273e+08,74.2001,79.791,3.21791,0,0,2.4342,1.27202,0,1.88066,2.96352,8.46701e+06,3.61194e+06,2.06104e+07,0,0,0,6.20183e+07
85.139,85.139,5.6282,0.14,0,1.63872,2.80069,0,0.306971,5.32224,4.07419e+06,2.70226e+06,6.67646e+06,0,0,0,2.28273e+08,74.2936,79.791,3.21206,0,0,2.4342,1.27223,0,1.88066,2.96352,8.46701e+06,3.61194e+06,2.06104e+07,0,0,0,6.20183e+07
85.139,85.139,7.04054,0.15,0,1.63939,2.80115,0,0.307096,5.32224,4.07419e+06,2.70226e+06,6.67918e+06,0,0,0,2.28273e+08,74.5752,79.791,3.41335,0,0,2.4342,1.27244,0,1.88066,2.96352,8.46701e+06,3.61194e+06,2.06104e+07,0,0,0,6.20183e+07
85.139,85.139,6.64688,0.16,0,1.74242,2.90398,0,0.307221,5.32224,4.07419e+06,2.70226e+06,7.09896e+06,0,0,0,2.28273e+08,75.0425,79.791,3.80041,0,0,2.48539,1.32383,0,1.88066,2.96352,8.46701e+06,3.61194e+06,2.10438e+07,0,0,0,6.20183e+07
85.139,85.139,5.66453,0.15,0,1.79429,2.90445,0,0.326529,5.32224,4.07419e+06,2.70226e+06,7.31028e+06,0,0,0,2.28273e+08,75.1542,79.791,3.00725,0,0,2.43421,1.32405,0,1.92021,2.96352,8.46701e+06,3.61194e+06,2.06105e+07,0,0,0,6.20183e+07
85.139,85.139,4.12368,0.14,0,1.79498,2.90493,0,0.33625,5.32224,4.07419e+06,2.70226e+06,7.31311e+06,0,0,0,2.28273e+08,74.7312,79.791,2.44511,0,0,2.43421,1.32426,0,1.88067,2.96352,8.46701e+06,3.61194e+06,2.06105e+07,0,0,0,6.20183e+07
85.139,85.139,3.37112,0.13,0,1.79568,2.9054,0,0.33638,5.32224,4.07419e+06,2.70226e+06,7.31593e+06,0,0,0,2.28273e+08,74.1622,79.791,1.90767,0,0,2.43421,1.32448,0,1.88067,2.96352,8.46701e+06,3.61194e+06,2.06105e+07,0,0,0,6.20183e+07
85.139,85.139,3.46845,0.14,0,1.75632,2.86583,0,0.33651,5.32224,4.07419e+06,2.70226e+06,7.15559e+06,0,0,0,2.28273e+08,73.6247,79.791,2.05112,0,0,2.41432,1.30481,0,1.88067,2.96352,8.46701e+06,3.61194e+06,2.0442e+07,0,0,0,6.20183e+07
85.139,85.139,4.14019,0.14,0,1.73711,2.8663,0,0.329134,5.32224,4.07419e+06,2.70226e+06,7.07734e+06,0,0,0,2.28273e+08,73.321,79.791,2.08839,0,0,2.43421,1.30502,0,1.8653,2.96352,8.46701e+06,3.61194e+06,2.06104e+07,0,0,0,6.20183e+07
85.139,85.139,4.65283,0.11,0,1.7378,2.86677,0,0.325535,5.32224,4.07419e+06,2.70226e+06,7.08013e+06,0,0,0,2.28273e+08,72.8493,79.791,2.15844,0,0,2.43421,1.30523,0,1.88067,2.96352,8.46701e+06,3.61194e+06,2.06104e+07,0,0,0,6.20183e+07
85.139,85.139,3.19719,0.1,0,1.73848,2.86724,0,0.325663,5.32224,4.07419e+06,2.70226e+06,7.08291e+06,0,0,0,2.28273e+08,72.2894,79.791,1.86591,0,0,2.43421,1.30545,0,1.88067,2.96352,8.46701e+06,3.61194e+06,2.06104e+07,0,0,0,6.20183e+07
85.139,85.139,3.03339,0.1,0,1.8752,3.00375,0,0.325792,5.32224,4.07419e+06,2.70226e+06,7.63994e+06,0,0,0,2.28273e+08,71.7095,79.791,1.85523,0,0,2.5048,1.37625,0,1.88067,2.96352,8.46701e+06,3.61194e+06,2.12081e+07,0,0,0,6.20183e+07
85.139,85.139,2.9115,0.1,0,1.9465,3.00424,0,0.351413,5.32224,4.07419e+06,2.70226e+06,7.93042e+06,0,0,0,2.28273e+08,71.1516,79.791,1.81913,0,0,2.43422,1.37648,0,1.93521,2.96352,8.46701e+06,3.61194e+06,2.06105e+07,0,0,0,6.20183e+07
85.139,85.139,2.61981,0.09,0,1.94722,3.00473,0,0.364774,5.32224,4.07419e+06,2.70226e+06,7.93334e+06,0,0,0,2.28273e+08,70.5042,79.791,1.66625,0,0,2.43422,1.3767,0,1.88068,2.96352,8.46701e+06,3.61194e+06,2.06105e+07,0,0,0,6.20183e+07
85.139,85.139,2.39008,0.07,0,1.94794,3.00522,0,0.364909,5.32224,4.07419e+06,2.70226e+06,7.93627e+06,0,0,0,2.28273e+08,69.7237,79.791,1.63283,0,0,2.43422,1.37693,0,1.88068,2.96352,8.46701e+06,3.61194e+06,2.06105e+07,0,0,0,6.20183e+07
85.0789,85.139,2.226,0.06,0,1.94865,3.00572,0,0.365043,5.32224,4.07419e+06,2.70226e+06,7.9392e+06,0,0,0,2.28273e+08,69.2195,79.791,1.48501,0,0,2.43422,1.37716,0,1.88068,2.96352,8.46701e+06,3.61194e+06,2.06105e+07,0,0,0,6.20183e+07
84.4649,85.139,1.62417,0.1,0,1.92245,2.97928,0,0.365178,5.32224,4.07419e+06,2.70226e+06,7.83243e+06,0,0,0,2.28273e+08,68.7038,79.791,1.95282,0,0,2.47305,1.41621,0,1.88068,2.96352,8.46701e+06,3.61194e+06,2.09393e+07,0,0,0,6.20183e+07
83.6882,85.139,1.48678,0.1,0,1.96199,2.97977,0,0.360267,5.32224,4.07419e+06,2.70226e+06,7.99354e+06,0,0,0,2.28273e+08,68.153,79.791,1.72744,0,0,2.43422,1.41644,0,1.91068,2.96352,8.46701e+06,3.61194e+06,2.06106e+07,0,0,0,6.20183e+07
82.8205,85.139,1.36507,0.09,0,1.96271,2.98026,0,0.367677,5.32224,4.07419e+06,2.70226e+06,7.99648e+06,0,0,0,2.28273e+08,67.509,79.791,1.69441,0,0,2.43422,1.41668,0,1.88068,2.96352,8.46701e+06,3.61194e+06,2.06106e+07,0,0,0,6.20183e+07
81.8899,85.139,1.27696,0.08,0,1.96343,2.98075,0,0.367812,5.32224,4.07419e+06,2.70226e+06,7.99941e+06,0,0,0,2.28273e+08,66.7106,79.791,1.63295,0,0,2.43422,1.41691,0,1.88068,2.96352,8.46701e+06,3.61194e+06,2.06106e+07,0,0,0,6.20183e+07
80.9025,85.139,1.2682,0.07,0,2.03373,3.05082,0,0.367948,5.32224,4.07419e+06,2.70226e+06,8.28582e+06,0,0,0,2.28273e+08,65.7617,79.791,1.50589,0,0,2.46885,1.45177,0,1.88068,2.96352,8.46701e+06,3.61194e+06,2.09038e+07,0,0,0,6.20183e+07
79.7936,85.139,1.16592,0.07,0,2.06909,3.05132,0,0.381121,5.32224,4.07419e+06,2.70226e+06,8.42988e+06,0,0,0,2.28273e+08,64.7571,79.791,1.37629,0,0,2.43423,1.45201,0,1.90744,2.96352,8.46701e+06,3.61194e+06,2.06106e+07,0,0,0,6.20183e+07
78.5886,85.139,1.06123,0.06,0,2.06983,3.05182,0,0.387748,5.32224,4.07419e+06,2.70226e+06,8.43289e+06,0,0,0,2.28273e+08,63.737,79.791,1.30614,0,0,2.43423,1.45224,0,1.88069,2.96352,8.46701e+06,3.61194e+06,2.06106e+07,0,0,0,6.20183e+07
77.2524,85.139,0.905233,0.12,0,2.07057,3.05232,0,0.387886,5.32224,4.07419e+06,2.70226e+06,8.4359e+06,0,0,0,2.28273e+08,62.6104,79.791,1.29507,0,0,2.43423,1.45248,0,1.88069,2.96352,8.46701e+06,3.61194e+06,2.06106e+07,0,0,0,6.20183e+07
75.6019,85.139,0.757559,0.11,0,2.27519,3.2567,0,0.388025,5.32224,4.07419e+06,2.70226e+06,9.26957e+06,0,0,0,2.28273e+08,61.2338,79.791,1.14477,0,0,2.5593,1.57779,0,1.88069,2.96352,8.46701e+06,3.61194e+06,2.16696e+07,0,0,0,6.20183e+07
73.5352,85.139,0.593818,0.11,0,2.40104,3.25724,0,0.426371,5.32224,4.07419e+06,2.70226e+06,9.78229e+06,0,0,0,2.28273e+08,59.9425,79.791,0.84814,0,0,2.43425,1.57805,0,1.97732,2.96352,8.46701e+06,3.61194e+06,2.06108e+07,0,0,0,6.20183e+07
71.8506,85.139,0.668583,0.14,0,2.40183,3.25777,0,0.449954,5.32224,4.07419e+06,2.70226e+06,9.78552e+06,0,0,0,2.28273e+08,58.541,79.791,1.03872,0,0,2.43425,1.57831,0,1.8807,2.96352,8.46701e+06,3.61194e+06,2.06108e+07,0,0,0,6.20183e+07
69.8984,85.139,0.538237,0.14,0,2.40262,3.2583,0,0.450103,5.32224,4.07419e+06,2.70226e+06,9.78875e+06,0,0,0,2.28273e+08,57.3959,79.791,0.756541,0,0,2.43425,1.57857,0,1.8807,2.96352,8.46701e+06,3.61194e+06,2.06108e+07,0,0,0,6.20183e+07
68.0778,85.139,0.651539,0.13,0,2.40342,3.25884,0,0.450251,5.32224,4.07419e+06,2.70226e+06,9.79198e+06,0,0,0,2.28273e+08,56.0532,79.791,1.29747,0,0,2.43425,1.57883,0,1.8807,2.96352,8.46701e+06,3.61194e+06,2.06108e+07,0,0,0,6.20183e+07
66.2844,85.139,0.652857,0.16,0,2.30476,3.15992,0,0.4504,5.32224,4.07419e+06,2.70226e+06,9.39005e+06,0,0,0,2.28273e+08,55.0152,79.791,0.853791,0,0,2.35827,1.50311,0,1.8807,2.96352,8.46701e+06,3.61194e+06,1.99675e+07,0,0,0,6.20183e+07
64.4693,85.139,0.551833,0.16,0,2.22956,3.16044,0,0.431912,5.32224,4.07419e+06,2.70226e+06,9.08367e+06,0,0,0,2.28273e+08,53.7544,79.791,1.31352,0,0,2.43424,1.50336,0,1.822,2.96352,8.46701e+06,3.61194e+06,2.06107e+07,0,0,0,6.20183e+07
62.5944,85.139,0.47736,0.17,0,2.23033,3.16096,0,0.41782,5.32224,4.07419e+06,2.70226e+06,9.08678e+06,0,0,0,2.28273e+08,52.3055,79.791,0.751139,0,0,2.43424,1.5036,0,1.88069,2.96352,8.46701e+06,3.61194e+06,2.06107e+07,0,0,0,6.20183e+07
60.7385,85.139,0.495073,0.19,0,2.23109,3.16148,0,0.417963,5.32224,4.07419e+06,2.70226e+06,9.0899e+06,0,0,0,2.28273e+08,51.1582,79.791,0.729544,0,0,2.43424,1.50385,0,1.88069,2.96352,8.46701e+06,3.61194e+06,2.06107e+07,0,0,0,6.20183e+07
59.2938,85.139,0.899428,0.24,0,2.15017,3.08031,0,0.418106,5.32224,4.07419e+06,2.70226e+06,8.76022e+06,0,0,0,2.28273e+08,50.1886,79.791,1.28582,0,0,2.36504,1.43489,0,1.88069,2.96352,8.46701e+06,3.61194e+06,2.00248e+07,0,0,0,6.20183e+07
57.9465,85.139,0.94974,0.23,0,2.08172,3.08082,0,0.402942,5.32224,4.07419e+06,2.70226e+06,8.48134e+06,0,0,0,2.28273e+08,49.5593,79.791,1.06123,0,0,2.43423,1.43513,0,1.82723,2.96352,8.46701e+06,3.61194e+06,2.06106e+07,0,0,0,6.20183e+07
56.6393,85.139,0.977046,0.21,0,2.08246,3.08132,0,0.390115,5.32224,4.07419e+06,2.70226e+06,8.48435e+06,0,0,0,2.28273e+08,49.2115,79.791,1.8457,0,0,2.43423,1.43536,0,1.88068,2.96352,8.46701e+06,3.61194e+06,2.06106e+07,0,0,0,6.20183e+07
56.997,85.139,2.75634,0.29,0,2.0832,3.08183,0,0.390253,5.32224,4.07419e+06,2.70226e+06,8.48737e+06,0,0,0,2.28273e+08,49.5407,79.791,4.23403,0,0,2.43423,1.4356,0,1.88068,2.96352,8.46701e+06,3.61194e+06,2.06106e+07,0,0,0,6.20183e+07
56.9955,85.139,2.18269,0.23,0,1.85181,2.8502,0,0.390392,5.32224,4.07419e+06,2.70226e+06,7.54462e+06,0,0,0,2.28273e+08,49.5972,79.791,2.13957,0,0,2.29,1.29161,0,1.88068,2.96352,8.46701e+06,3.61194e+06,1.93895e+07,0,0,0,6.20183e+07
57.7347,85.139,2.88256,0.24,0,1.70828,2.85067,0,0.347029,5.32224,4.07419e+06,2.70226e+06,6.95988e+06,0,0,0,2.28273e+08,49.5973,79.791,2.65306,0,0,2.4342,1.29182,0,1.76926,2.96352,8.46701e+06,3.61194e+06,2.06104e+07,0,0,0,6.20183e+07
59.709,85.139,4.16229,0.27,0,1.70896,2.85113,0,0.320132,5.32224,4.07419e+06,2.70226e+06,6.96265e+06,0,0,0,2.28273e+08,49.8221,79.791,3.3486,0,0,2.4342,1.29203,0,1.88067,2.96352,8.46701e+06,3.61194e+06,2.06104e+07,0,0,0,6.20183e+07
60.1577,85.139,2.63865,0.29,0,1.70964,2.8516,0,0.32026,5.32224,4.07419e+06,2.70226e+06,6.96541e+06,0,0,0,2.28273e+08,49.7979,79.791,2.73879,0,0,2.4342,1.29225,0,1.88067,2.96352,8.46701e+06,3.61194e+06,2.06104e+07,0,0,0,6.20183e+07
60.1821,85.139,2.21268,0.32,0,1.71032,2.85207,0,0.320387,5.32224,4.07419e+06,2.70226e+06,6.96818e+06,0,0,0,2.28273e+08,49.7101,79.791,2.2987,0,0,2.4342,1.29246,0,1.88067,2.96352,8.46701e+06,3.61194e+06,2.06104e+07,0,0,0,6.20183e+07
61.9686,85.139,4.12815,0.33,0,1.80035,2.94189,0,0.320514,5.32224,4.07419e+06,2.70226e+06,7.33498e+06,0,0,0,2.28273e+08,50.4029,79.791,3.32191,0,0,2.476,1.33446,0,1.88067,2.96352,8.46701e+06,3.61194e+06,2.09643e+07,0,0,0,6.20183e+07
67.3316,85.139,7.75454,0.34,0,1.84282,2.94235,0,0.337386,5.32224,4.07419e+06,2.70226e+06,7.50799e+06,0,0,0,2.28273e+08,51.9228,79.791,5.21839,0,0,2.4342,1.33467,0,1.91295,2.96352,8.46701e+06,3.61194e+06,2.06104e+07,0,0,0,6.20183e+07
69.2986,85.139,4.37644,0.31,0,1.84348,2.94281,0,0.345344,5.32224,4.07419e+06,2.70226e+06,7.51071e+06,0,0,0,2.28273e+08,52.4164,79.791,3.53446,0,0,2.4342,1.33488,0,1.88066,2.96352,8.46701e+06,3.61194e+06,2.06104e+07,0,0,0,6.20183e+07
75.8922,85.139,8.95809,0.26,0,1.84415,2.94327,0,0.345469,5.32224,4.07419e+06,2.70226e+06,7.51343e+06,0,0,0,2.28273e+08,52.5519,79.791,2.82558,0,0,2.4342,1.33509,0,1.88066,2.96352,8.46701e+06,3.61194e+06,2.06104e+07,0,0,0,6.20183e+07
79.6418,85.139,6.43101,0.18,0,2.13194,3.23085,0,0.345594,5.32224,4.07419e+06,2.70226e+06,8.68595e+06,0,0,0,2.28273e+08,52.8032,79.791,2.89922,0,0,2.5912,1.4923,0,1.88066,2.96352,8.46701e+06,3.61194e+06,2.19397e+07,0,0,0,6.20183e+07
82.7699,85.139,5.96041,0.13,0,2.28966,3.23135,0,0.399526,5.32224,4.07419e+06,2.70226e+06,9.32852e+06,0,0,0,2.28273e+08,53.0904,79.791,3.28611,0,0,2.43423,1.49253,0,2.00196,2.96352,8.46701e+06,3.61194e+06,2.06106e+07,0,0,0,6.20183e+07
85.139,85.139,6.81173,0.13,0,2.2904,3.23186,0,0.429082,5.32224,4.07419e+06,2.70226e+06,9.33152e+06,0,0,0,2.28273e+08,53.6416,79.791,3.77192,0,0,2.43423,1.49276,0,1.88068,2.96352,8.46701e+06,3.61194e+06,2.06106e+07,0,0,0,6.20183e+07
85.139,85.139,6.9462,0.11,0,2.29113,3.23236,0,0.42922,5.32224,4.07419e+06,2.70226e+06,9.33453e+06,0,0,0,2.28273e+08,54.4267,79.791,4.7416,0,0,2.43423,1.493,0,1.88068,2.96352,8.46701e+06,3.61194e+06,2.06106e+07,0,0,0,6.20183e+07
85.139,85.139,8.03113,0.12,0,1.88209,2.82308,0,0.429359,5.32224,4.07419e+06,2.70226e+06,7.66798e+06,0,0,0,2.28273e+08,54.9981,79.791,4.61108,0,0,2.22339,1.2824,0,1.88068,2.96352,8.46701e+06,3.61194e+06,1.88255e+07,0,0,0,6.20183e+07
85.139,85.139,7.60112,0.13,0,1.67193,2.82352,0,0.352703,5.32224,4.07419e+06,2.70226e+06,6.81176e+06,0,0,0,2.28273e+08,55.4572,79.791,5.51813,0,0,2.43419,1.2826,0,1.71779,2.96352,8.46701e+06,3.61194e+06,2.06103e+07,0,0,0,6.20183e+07
85.139,85.139,7.05466,0.14,0,1.67257,2.82396,0,0.313319,5.32224,4.07419e+06,2.70226e+06,6.81437e+06,0,0,0,2.28273e+08,56.2523,79.791,5.67254,0,0,2.43419,1.2828,0,1.88066,2.96352,8.46701e+06,3.61194e+06,2.06103e+07,0,0,0,6.20183e+07
85.139,85.139,7.03247,0.15,0,1.67321,2.8244,0,0.31344,5.32224,4.07419e+06,2.70226e+06,6.81699e+06,0,0,0,2.28273e+08,56.9433,79.791,5.07697,0,0,2.43419,1.283,0,1.88066,2.96352,8.46701e+06,3.61194e+06,2.06103e+07,0,0,0,6.20183e+07
85.139,85.139,7.11261,0.15,0,1.67385,2.82484,0,0.31356,5.32224,4.07419e+06,2.70226e+06,6.8196e+06,0,0,0,2.28273e+08,57.7899,79.791,5.25998,0,0,2.43419,1.2832,0,1.88066,2.96352,8.46701e+06,3.61194e+06,2.06103e+07,0,0,0,6.20183e+07
85.139,85.139,7.73939,0.18,0,1.77772,2.92852,0,0.31368,5.32224,4.07419e+06,2.70226e+06,7.24279e+06,0,0,0,2.28273e+08,58.1432,79.791,4.01797,0,0,2.48581,1.33502,0,1.88066,2.96352,8.46701e+06,3.61194e+06,2.10474e+07,0,0,0,6.20183e+07
85.139,85.139,8.64882,0.18,0,1.83,2.92897,0,0.333145,5.32224,4.07419e+06,2.70226e+06,7.45577e+06,0,0,0,2.28273e+08,59.6351,79.791,6.33491,0,0,2.4342,1.33523,0,1.92054,2.96352,8.46701e+06,3.61194e+06,2.06104e+07,0,0,0,6.20183e+07
85.139,85.139,7.43664,0.18,0,1.83066,2.92943,0,0.342942,5.32224,4.07419e+06,2.70226e+06,7.45848e+06,0,0,0,2.28273e+08,61.3386,79.791,7.51689,0,0,2.4342,1.33543,0,1.88066,2.96352,8.46701e+06,3.61194e+06,2.06104e+07,0,0,0,6.20183e+07
85.139,85.139,5.49388,0.16,0,1.83133,2.92989,0,0.343066,5.32224,4.07419e+06,2.70226e+06,7.46119e+06,0,0,0,2.28273e+08,62.2912,79.791,5.41457,0,0,2.4342,1.33564,0,1.88066,2.96352,8.46701e+06,3.61194e+06,2.06104e+07,0,0,0,6.20183e+07
85.139,85.139,4.86141,0.17,0,1.79161,2.88996,0,0.343191,5.32224,4.07419e+06,2.70226e+06,7.29936e+06,0,0,0,2.28273e+08,62.7148,79.791,3.62283,0,0,2.41414,1.31579,0,1.88066,2.96352,8.46701e+06,3.61194e+06,2.04405e+07,0,0,0,6.20183e+07
85.139,85.139,4.20198,0.16,0,1.77221,2.89041,0,0.335747,5.32224,4.07419e+06,2.70226e+06,7.22032e+06,0,0,0,2.28273e+08,62.9702,79.791,3.29535,0,0,2.4342,1.316,0,1.86516,2.96352,8.46701e+06,3.61194e+06,2.06104e+07,0,0,0,6.20183e+07
85.139,85.139,3.76008,0.14,0,1.77286,2.89086,0,0.332112,5.32224,4.07419e+06,2.70226e+06,7.22299e+06,0,0,0,2.28273e+08,63.0601,79.791,2.61244,0,0,2.4342,1.3162,0,1.88066,2.96352,8.46701e+06,3.61194e+06,2.06104e+07,0,0,0,6.20183e+07
85.139,85.139,4.56225,0.13,0,1.77352,2.89131,0,0.332235,5.32224,4.07419e+06,2.70226e+06,7.22567e+06,0,0,0,2.28273e+08,63.2648,79.791,2.74341,0,0,2.4342,1.31641,0,1.88066,2.96352,8.46701e+06,3.61194e+06,2.06104e+07,0,0,0,6.20183e+07
85.139,85.139,3.58197,0.12,0,1.91135,3.02894,0,0.332358,5.32224,4.07419e+06,2.70226e+06,7.78723e+06,0,0,0,2.28273e+08,63.065,79.791,2.71837,0,0,2.50538,1.3878,0,1.88066,2.96352,8.46701e+06,3.61194e+06,2.12131e+07,0,0,0,6.20183e+07
85.139,85.139,3.16315,0.12,0,1.98322,3.02941,0,0.358188,5.32224,4.07419e+06,2.70226e+06,8.08e+06,0,0,0,2.28273e+08,62.8396,79.791,2.12894,0,0,2.43421,1.38801,0,1.93566,2.96352,8.46701e+06,3.61194e+06,2.06105e+07,0,0,0,6.20183e+07
85.139,85.139,3.02479,0.11,0,1.9839,3.02988,0,0.371655,5.32224,4.07419e+06,2.70226e+06,8.08281e+06,0,0,0,2.28273e+08,62.5958,79.791,2.16581,0,0,2.43421,1.38823,0,1.88067,2.96352,8.46701e+06,3.61194e+06,2.06105e+07,0,0,0,6.20183e+07
85.139,85.139,2.88771,0.1,0,1.98459,3.03036,0,0.371784,5.32224,4.07419e+06,2.70226e+06,8.08562e+06,0,0,0,2.28273e+08,62.2921,79.791,2.10789,0,0,2.43421,1.38845,0,1.88067,2.96352,8.46701e+06,3.61194e+06,2.06105e+07,0,0,0,6.20183e+07
85.139,85.139,2.69955,0.08,0,1.98528,3.03083,0,0.371913,5.32224,4.07419e+06,2.70226e+06,8.08843e+06,0,0,0,2.28273e+08,62.1448,79.791,1.98333,0,0,2.43421,1.38866,0,1.88067,2.96352,8.46701e+06,3.61194e+06,2.06105e+07,0,0,0,6.20183e+07
85.139,85.139,2.37031,0.07,0,1.95882,3.00415,0,0.372042,5.32224,4.07419e+06,2.70226e+06,7.98063e+06,0,0,0,2.28273e+08,61.8736,79.791,2.02682,0,0,2.47336,1.42803,0,1.88067,2.96352,8.46701e+06,3.61194e+06,2.0942e+07,0,0,0,6.20183e+07
85.1287,85.139,2.27335,0.07,0,1.99866,3.00462,0,0.367084,5.32224,4.07419e+06,2.70226e+06,8.14295e+06,0,0,0,2.28273e+08,61.4605,79.791,2.01899,0,0,2.43421,1.42826,0,1.91092,2.96352,8.46701e+06,3.61194e+06,2.06105e+07,0,0,0,6.20183e+07
84.8859,85.139,2.00709,0.11,0,1.99936,3.00509,0,0.37455,5.32224,4.07419e+06,2.70226e+06,8.14576e+06,0,0,0,2.28273e+08,61.0729,79.791,1.81525,0,0,2.43421,1.42848,0,1.88067,2.96352,8.46701e+06,3.61194e+06,2.06105e+07,0,0,0,6.20183e+07
84.5624,85.139,1.91789,0.1,0,2.00005,3.00556,0,0.374679,5.32224,4.07419e+06,2.70226e+06,8.14858e+06,0,0,0,2.28273e+08,60.5277,79.791,1.89168,0,0,2.43421,1.4287,0,1.88067,2.96352,8.46701e+06,3.61194e+06,2.06105e+07,0,0,0,6.20183e+07
83.963,85.139,1.69039,0.08,0,2.07089,3.07618,0,0.374809,5.32224,4.07419e+06,2.70226e+06,8.43723e+06,0,0,0,2.28273e+08,60.0467,79.791,1.6843,0,0,2.46913,1.46384,0,1.88067,2.96352,8.46701e+06,3.61194e+06,2.09062e+07,0,0,0,6.20183e+07
83.438,85.139,1.81185,0.08,0,2.10651,3.07666,0,0.388086,5.32224,4.07419e+06,2.70226e+06,8.58235e+06,0,0,0,2.28273e+08,59.7291,79.791,1.94945,0,0,2.43422,1.46407,0,1.90765,2.96352,8.46701e+06,3.61194e+06,2.06106e+07,0,0,0,6.20183e+07
82.7608,85.139,1.63922,0.07,0,2.10722,3.07715,0,0.394761,5.32224,4.07419e+06,2.70226e+06,8.58524e+06,0,0,0,2.28273e+08,59.1268,79.791,1.86382,0,0,2.43422,1.4643,0,1.88068,2.96352,8.46701e+06,3.61194e+06,2.06106e+07,0,0,0,6.20183e+07
81.9447,85.139,1.49261,0.08,0,2.10793,3.07763,0,0.394894,5.32224,4.07419e+06,2.70226e+06,8.58812e+06,0,0,0,2.28273e+08,58.6714,79.791,1.62097,0,0,2.43422,1.46453,0,1.88068,2.96352,8.46701e+06,3.61194e+06,2.06106e+07,0,0,0,6.20183e+07
81.096,85.139,1.6228,0.08,0,2.31421,3.28368,0,0.395026,5.32224,4.07419e+06,2.70226e+06,9.42856e+06,0,0,0,2.28273e+08,58.1473,79.791,1.98076,0,0,2.56033,1.59086,0,1.88068,2.96352,8.46701e+06,3.61194e+06,2.16783e+07,0,0,0,6.20183e+07
80.1614,85.139,1.62568,0.08,0,2.44106,3.28419,0,0.433684,5.32224,4.07419e+06,2.70226e+06,9.94537e+06,0,0,0,2.28273e+08,57.7151,79.791,1.70261,0,0,2.43424,1.59111,0,1.97811,2.96352,8.46701e+06,3.61194e+06,2.06107e+07,0,0,0,6.20183e+07
79.3831,85.139,1.79658,0.08,0,2.44183,3.2847,0,0.457455,5.32224,4.07419e+06,2.70226e+06,9.94847e+06,0,0,0,2.28273e+08,57.1233,79.791,2.09579,0,0,2.43424,1.59136,0,1.88069,2.96352,8.46701e+06,3.61194e+06,2.06107e+07,0,0,0,6.20183e+07
78.272,85.139,1.45807,0.12,0,2.44259,3.28522,0,0.457598,5.32224,4.07419e+06,2.70226e+06,9.95157e+06,0,0,0,2.28273e+08,56.6411,79.791,1.48492,0,0,2.43424,1.59161,0,1.88069,2.96352,8.46701e+06,3.61194e+06,2.06107e+07,0,0,0,6.20183e+07
77.5039,85.139,1.78828,0.12,0,2.44335,3.28573,0,0.457741,5.32224,4.07419e+06,2.70226e+06,9.95467e+06,0,0,0,2.28273e+08,56.4704,79.791,2.69763,0,0,2.43424,1.59186,0,1.88069,2.96352,8.46701e+06,3.61194e+06,2.06107e+07,0,0,0,6.20183e+07
77.1503,85.139,2.15457,0.12,0,2.34384,3.18598,0,0.457883,5.32224,4.07419e+06,2.70226e+06,9.54926e+06,0,0,0,2.28273e+08,56.3303,79.791,3.39622,0,0,2.35764,1.5155,0,1.88069,2.96352,8.46701e+06,3.61194e+06,1.99621e+07,0,0,0,6.20183e+07
76.24,85.139,1.48036,0.12,0,2.26798,3.18647,0,0.439236,5.32224,4.07419e+06,2.70226e+06,9.24021e+06,0,0,0,2.28273e+08,56.0562,79.791,2.402,0,0,2.43423,1.51574,0,1.82151,2.96352,8.46701e+06,3.61194e+06,2.06106e+07,0,0,0,6.20183e+07
75.8139,85.139,2.00698,0.1,0,2.26872,3.18697,0,0.42502,5.32224,4.07419e+06,2.70226e+06,9.2432e+06,0,0,0,2.28273e+08,56.0071,79.791,2.937,0,0,2.43423,1.51598,0,1.88068,2.96352,8.46701e+06,3.61194e+06,2.06106e+07,0,0,0,6.20183e+07
78.4134,85.139,5.18604,0.1,0,2.26945,3.18747,0,0.425158,5.32224,4.07419e+06,2.70226e+06,9.24618e+06,0,0,0,2.28273e+08,56.5372,79.791,6.25133,0,0,2.43423,1.51621,0,1.88068,2.96352,8.46701e+06,3.61194e+06,2.06106e+07,0,0,0,6.20183e+07
79.1211,85.139,3.28122,0.1,0,2.18783,3.10561,0,0.425295,5.32224,4.07419e+06,2.70226e+06,8.91365e+06,0,0,0,2.28273e+08,56.6325,79.791,3.82886,0,0,2.36446,1.44668,0,1.88068,2.96352,8.46701e+06,3.61194e+06,2.00199e+07,0,0,0,6.20183e+07
82.2941,85.139,5.79709,0.11,0,2.11878,3.1061,0,0.41,5.32224,4.07419e+06,2.70226e+06,8.63233e+06,0,0,0,2.28273e+08,56.9572,79.791,4.87082,0,0,2.43422,1.4469,0,1.82678,2.96352,8.46701e+06,3.61194e+06,2.06105e+07,0,0,0,6.20183e+07
85.139,85.139,5.67314,0.1,0,2.11949,3.10658,0,0.39706,5.32224,4.07419e+06,2.70226e+06,8.63522e+06,0,0,0,2.28273e+08,57.1467,79.791,4.81249,0,0,2.43422,1.44713,0,1.88068,2.96352,8.46701e+06,3.61194e+06,2.06105e+07,0,0,0,6.20183e+07
85.139,85.139,6.01113,0.09,0,2.1202,3.10707,0,0.397193,5.32224,4.07419e+06,2.70226e+06,8.63812e+06,0,0,0,2.28273e+08,58.25,79.791,6.89683,0,0,2.43422,1.44735,0,1.88068,2.96352,8.46701e+06,3.61194e+06,2.06105e+07,0,0,0,6.20183e+07
85.139,85.139,4.82752,0.09,0,1.88688,2.87352,0,0.397326,5.32224,4.07419e+06,2.70226e+06,7.68751e+06,0,0,0,2.28273e+08,59.0287,79.791,6.09009,0,0,2.28881,1.30218,0,1.88068,2.96352,8.46701e+06,3.61194e+06,1.93794e+07,0,0,0,6.20183e+07
85.139,85.139,5.08711,0.08,0,1.74215,2.87396,0,0.353601,5.32224,4.07419e+06,2.70226e+06,7.09785e+06,0,0,0,2.28273e+08,60.8934,79.791,8.56119,0,0,2.4342,1.30238,0,1.76834,2.96352,8.46701e+06,3.61194e+06,2.06103e+07,0,0,0,6.20183e+07
85.139,85.139,3.84354,0.08,0,1.7428,2.87441,0,0.326479,5.32224,4.07419e+06,2.70226e+06,7.10051e+06,0,0,0,2.28273e+08,61.0695,79.791,3.92492,0,0,2.4342,1.30258,0,1.88066,2.96352,8.46701e+06,3.61194e+06,2.06103e+07,0,0,0,6.20183e+07
85.139,85.139,3.32805,0.09,0,1.74345,2.87486,0,0.326601,5.32224,4.07419e+06,2.70226e+06,7.10316e+06,0,0,0,2.28273e+08,61.3993,79.791,3.84866,0,0,2.4342,1.30279,0,1.88066,2.96352,8.46701e+06,3.61194e+06,2.06103e+07,0,0,0,6.20183e+07
85.139,85.139,8.79476,0.09,0,1.7441,2.87531,0,0.326723,5.32224,4.07419e+06,2.70226e+06,7.10582e+06,0,0,0,2.28273e+08,62.1525,79.791,5.03507,0,0,2.4342,1.30299,0,1.88066,2.96352,8.46701e+06,3.61194e+06,2.06103e+07,0,0,0,6.20183e+07
85.139,85.139,7.53374,0.1,0,1.83483,2.96584,0,0.326845,5.32224,4.07419e+06,2.70226e+06,7.47547e+06,0,0,0,2.28273e+08,63.1487,79.791,6.56735,0,0,2.47633,1.34532,0,1.88066,2.96352,8.46701e+06,3.61194e+06,2.09671e+07,0,0,0,6.20183e+07
85.139,85.139,4.51046,0.1,0,1.87761,2.96628,0,0.343848,5.32224,4.07419e+06,2.70226e+06,7.64975e+06,0,0,0,2.28273e+08,63.4321,79.791,4.99597,0,0,2.43419,1.34552,0,1.91321,2.96352,8.46701e+06,3.61194e+06,2.06103e+07,0,0,0,6.20183e+07
85.139,85.139,3.65516,0.11,0,1.87825,2.96672,0,0.351864,5.32224,4.07419e+06,2.70226e+06,7.65235e+06,0,0,0,2.28273e+08,63.4829,79.791,3.80153,0,0,2.43419,1.34572,0,1.88066,2.96352,8.46701e+06,3.61194e+06,2.06103e+07,0,0,0,6.20183e+07
85.139,85.139,2.9512,0.11,0,1.87889,2.96716,0,0.351984,5.32224,4.07419e+06,2.70226e+06,7.65495e+06,0,0,0,2.28273e+08,63.5522,79.791,3.47445,0,0,2.43419,1.34592,0,1.88066,2.96352,8.46701e+06,3.61194e+06,2.06103e+07,0,0,0,6.20183e+07
85.139,85.139,4.12651,0.11,0,2.16898,3.25705,0,0.352103,5.32224,4.07419e+06,2.70226e+06,8.83684e+06,0,0,0,2.28273e+08,63.89,79.791,4.69933,0,0,2.59247,1.5044,0,1.88066,2.96352,8.46701e+06,3.61194e+06,2.19504e+07,0,0,0,6.20183e+07
85.139,85.139,7.52647,0.11,0,2.32794,3.25753,0,0.406467,5.32224,4.07419e+06,2.70226e+06,9.48446e+06,0,0,0,2.28273e+08,64.3661,79.791,5.73695,0,0,2.43421,1.50462,0,2.00294,2.96352,8.46701e+06,3.61194e+06,2.06105e+07,0,0,0,6.20183e+07
85.139,85.139,6.40123,0.11,0,2.32864,3.25801,0,0.436255,5.32224,4.07419e+06,2.70226e+06,9.48734e+06,0,0,0,2.28273e+08,64.8397,79.791,5.80383,0,0,2.43421,1.50484,0,1.88067,2.96352,8.46701e+06,3.61194e+06,2.06105e+07,0,0,0,6.20183e+07
85.139,85.139,5.85906,0.11,0,2.32935,3.2585,0,0.436388,5.32224,4.07419e+06,2.70226e+06,9.49021e+06,0,0,0,2.28273e+08,65.1925,79.791,4.98897,0,0,2.43421,1.50507,0,1.88067,2.96352,8.46701e+06,3.61194e+06,2.06105e+07,0,0,0,6.20183e+07
85.139,85.139,5.3207,0.11,0,1.91696,2.84588,0,0.43652,5.32224,4.07419e+06,2.70226e+06,7.81006e+06,0,0,0,2.28273e+08,65.6863,79.791,5.74482,0,0,2.22168,1.29276,0,1.88067,2.96352,8.46701e+06,3.61194e+06,1.8811e+07,0,0,0,6.20183e+07
85.139,85.139,5.64039,0.13,0,1.70507,2.8463,0,0.359238,5.32224,4.07419e+06,2.70226e+06,6.94678e+06,0,0,0,2.28273e+08,66.3721,79.791,6.82398,0,0,2.43418,1.29295,0,1.71647,2.96352,8.46701e+06,3.61194e+06,2.06102e+07,0,0,0,6.20183e+07
85.139,85.139,4.56287,0.13,0,1.70568,2.84673,0,0.31953,5.32224,4.07419e+06,2.70226e+06,6.94928e+06,0,0,0,2.28273e+08,66.6592,79.791,4.8475,0,0,2.43418,1.29314,0,1.88065,2.96352,8.46701e+06,3.61194e+06,2.06102e+07,0,0,0,6.20183e+07
85.139,85.139,3.19074,0.14,0,1.7063,2.84715,0,0.319645,5.32224,4.07419e+06,2.70226e+06,6.95178e+06,0,0,0,2.28273e+08,66.6126,79.791,3.8886,0,0,2.43418,1.29333,0,1.88065,2.96352,8.46701e+06,3.61194e+06,2.06102e+07,0,0,0,6.20183e+07
85.139,85.139,4.38979,0.15,0,1.70691,2.84757,0,0.31976,5.32224,4.07419e+06,2.70226e+06,6.95428e+06,0,0,0,2.28273e+08,66.7997,79.791,4.79792,0,0,2.43418,1.29352,0,1.88065,2.96352,8.46701e+06,3.61194e+06,2.06102e+07,0,0,0,6.20183e+07
85.139,85.139,9.10886,0.18,0,1.81158,2.95205,0,0.319875,5.32224,4.07419e+06,2.70226e+06,7.38073e+06,0,0,0,2.28273e+08,67.9252,79.791,7.62402,0,0,2.48622,1.34575,0,1.88065,2.96352,8.46701e+06,3.61194e+06,2.10508e+07,0,0,0,6.20183e+07
85.139,85.139,9.23058,0.19,0,1.86424,2.95249,0,0.33949,5.32224,4.07419e+06,2.70226e+06,7.59529e+06,0,0,0,2.28273e+08,69.4427,79.791,8.4423,0,0,2.43419,1.34595,0,1.92085,2.96352,8.46701e+06,3.61194e+06,2.06103e+07,0,0,0,6.20183e+07
85.139,85.139,6.81604,0.2,0,1.86488,2.95293,0,0.349359,5.32224,4.07419e+06,2.70226e+06,7.59788e+06,0,0,0,2.28273e+08,70.3675,79.791,8.107,0,0,2.43419,1.34615,0,1.88066,2.96352,8.46701e+06,3.61194e+06,2.06103e+07,0,0,0,6.20183e+07
85.139,85.139,5.77264,0.19,0,1.86552,2.95336,0,0.349478,5.32224,4.07419e+06,2.70226e+06,7.60048e+06,0,0,0,2.28273e+08,70.903,79.791,6.22521,0,0,2.43419,1.34634,0,1.88066,2.96352,8.46701e+06,3.61194e+06,2.06103e+07,0,0,0,6.20183e+07
85.139,85.139,4.7603,0.17,0,1.82544,2.91309,0,0.349598,5.32224,4.07419e+06,2.70226e+06,7.43721e+06,0,0,0,2.28273e+08,71.1582,79.791,5.18736,0,0,2.41397,1.32632,0,1.88066,2.96352,8.46701e+06,3.61194e+06,2.04391e+07,0,0,0,6.20183e+07
85.139,85.139,4.20663,0.17,0,1.80585,2.91352,0,0.342088,5.32224,4.07419e+06,2.70226e+06,7.35739e+06,0,0,0,2.28273e+08,71.2024,79.791,4.26167,0,0,2.43419,1.32652,0,1.86503,2.96352,8.46701e+06,3.61194e+06,2.06103e+07,0,0,0,6.20183e+07
85.139,85.139,3.90961,0.16,0,1.80648,2.91395,0,0.338417,5.32224,4.07419e+06,2.70226e+06,7.35995e+06,0,0,0,2.28273e+08,71.2445,79.791,4.25617,0,0,2.43419,1.32672,0,1.88065,2.96352,8.46701e+06,3.61194e+06,2.06103e+07,0,0,0,6.20183e+07
85.139,85.139,3.75581,0.14,0,1.80711,2.91438,0,0.338535,5.32224,4.07419e+06,2.70226e+06,7.36251e+06,0,0,0,2.28273e+08,71.5222,79.791,5.19349,0,0,2.43419,1.32691,0,1.88065,2.96352,8.46701e+06,3.61194e+06,2.06103e+07,0,0,0,6.20183e+07
85.139,85.139,3.34797,0.13,0,1.94601,3.05309,0,0.338652,5.32224,4.07419e+06,2.70226e+06,7.92841e+06,0,0,0,2.28273e+08,71.5979,79.791,4.07093,0,0,2.50594,1.39886,0,1.88065,2.96352,8.46701e+06,3.61194e+06,2.12178e+07,0,0,0,6.20183e+07
85.139,85.139,2.88858,0.12,0,2.01841,3.05354,0,0.364682,5.32224,4.07419e+06,2.70226e+06,8.22338e+06,0,0,0,2.28273e+08,71.5145,79.791,3.24868,0,0,2.4342,1.39907,0,1.93609,2.96352,8.46701e+06,3.61194e+06,2.06104e+07,0,0,0,6.20183e+07
85.139,85.139,2.52942,0.11,0,2.01907,3.05399,0,0.378249,5.32224,4.07419e+06,2.70226e+06,8.22607e+06,0,0,0,2.28273e+08,71.2811,79.791,3.03657,0,0,2.4342,1.39927,0,1.88066,2.96352,8.46701e+06,3.61194e+06,2.06104e+07,0,0,0,6.20183e+07
85.139,85.139,2.41798,0.11,0,2.01973,3.05444,0,0.378373,5.32224,4.07419e+06,2.70226e+06,8.22876e+06,0,0,0,2.28273e+08,71.0777,79.791,3.06256,0,0,2.4342,1.39948,0,1.88066,2.96352,8.46701e+06,3.61194e+06,2.06104e+07,0,0,0,6.20183e+07
85.0857,85.139,2.30772,0.09,0,2.02039,3.0549,0,0.378497,5.32224,4.07419e+06,2.70226e+06,8.23144e+06,0,0,0,2.28273e+08,70.8774,79.791,2.95966,0,0,2.4342,1.39969,0,1.88066,2.96352,8.46701e+06,3.61194e+06,2.06104e+07,0,0,0,6.20183e+07
85.139,85.139,2.55923,0.13,0,1.99368,3.02798,0,0.37862,5.32224,4.07419e+06,2.70226e+06,8.12264e+06,0,0,0,2.28273e+08,70.562,79.791,2.23981,0,0,2.47366,1.43936,0,1.88066,2.96352,8.46701e+06,3.61194e+06,2.09445e+07,0,0,0,6.20183e+07
85.139,85.139,2.43988,0.07,0,2.0338,3.02843,0,0.373616,5.32224,4.07419e+06,2.70226e+06,8.2861e+06,0,0,0,2.28273e+08,70.1793,79.791,2.13372,0,0,2.43421,1.43957,0,1.91115,2.96352,8.46701e+06,3.61194e+06,2.06104e+07,0,0,0,6.20183e+07
85.0384,85.139,2.23358,0.05,0,2.03446,3.02888,0,0.381134,5.32224,4.07419e+06,2.70226e+06,8.2888e+06,0,0,0,2.28273e+08,69.7631,79.791,1.87998,0,0,2.43421,1.43979,0,1.88067,2.96352,8.46701e+06,3.61194e+06,2.06104e+07,0,0,0,6.20183e+07
84.7874,85.139,2.05067,0.12,0,2.03512,3.02933,0,0.381258,5.32224,4.07419e+06,2.70226e+06,8.29149e+06,0,0,0,2.28273e+08,69.2202,79.791,1.84828,0,0,2.43421,1.44,0,1.88067,2.96352,8.46701e+06,3.61194e+06,2.06104e+07,0,0,0,6.20183e+07
84.3963,85.139,1.95025,0.1,0,2.1065,3.10049,0,0.381382,5.32224,4.07419e+06,2.70226e+06,8.58227e+06,0,0,0,2.28273e+08,68.651,79.791,1.74414,0,0,2.4694,1.47541,0,1.88067,2.96352,8.46701e+06,3.61194e+06,2.09084e+07,0,0,0,6.20183e+07
83.8588,85.139,1.83194,0.1,0,2.14236,3.10095,0,0.394757,5.32224,4.07419e+06,2.70226e+06,8.72839e+06,0,0,0,2.28273e+08,68.086,79.791,1.76747,0,0,2.43421,1.47562,0,1.90786,2.96352,8.46701e+06,3.61194e+06,2.06105e+07,0,0,0,6.20183e+07
83.1495,85.139,1.65225,0.09,0,2.14304,3.10141,0,0.401478,5.32224,4.07419e+06,2.70226e+06,8.73115e+06,0,0,0,2.28273e+08,67.3829,79.791,1.70265,0,0,2.43421,1.47584,0,1.88067,2.96352,8.46701e+06,3.61194e+06,2.06105e+07,0,0,0,6.20183e+07
82.303,85.139,1.50648,0.09,0,2.14372,3.10187,0,0.401605,5.32224,4.07419e+06,2.70226e+06,8.73392e+06,0,0,0,2.28273e+08,66.6522,79.791,1.56698,0,0,2.43421,1.47606,0,1.88067,2.96352,8.46701e+06,3.61194e+06,2.06105e+07,0,0,0,6.20183e+07
81.1097,85.139,1.31173,0.09,0,2.35159,3.30952,0,0.401732,5.32224,4.07419e+06,2.70226e+06,9.58082e+06,0,0,0,2.28273e+08,65.9973,79.791,1.55479,0,0,2.56131,1.60338,0,1.88067,2.96352,8.46701e+06,3.61194e+06,2.16866e+07,0,0,0,6.20183e+07
79.7693,85.139,1.27703,0.1,0,2.4794,3.31001,0,0.440687,5.32224,4.07419e+06,2.70226e+06,1.01015e+07,0,0,0,2.28273e+08,65.2797,79.791,1.59348,0,0,2.43423,1.60362,0,1.97887,2.96352,8.46701e+06,3.61194e+06,2.06106e+07,0,0,0,6.20183e+07
78.3333,85.139,1.17436,0.09,0,2.48012,3.3105,0,0.464639,5.32224,4.07419e+06,2.70226e+06,1.01045e+07,0,0,0,2.28273e+08,64.6289,79.791,1.501,0,0,2.43423,1.60386,0,1.88069,2.96352,8.46701e+06,3.61194e+06,2.06106e+07,0,0,0,6.20183e+07
77.131,85.139,1.39996,0.12,0,2.48085,3.31099,0,0.464775,5.32224,4.07419e+06,2.70226e+06,1.01075e+07,0,0,0,2.28273e+08,63.9515,79.791,1.62889,0,0,2.43423,1.60409,0,1.88069,2.96352,8.46701e+06,3.61194e+06,2.06106e+07,0,0,0,6.20183e+07
75.7736,85.139,1.23395,0.12,0,2.48158,3.31148,0,0.464911,5.32224,4.07419e+06,2.70226e+06,1.01104e+07,0,0,0,2.28273e+08,63.3945,79.791,1.56272,0,0,2.43423,1.60433,0,1.88069,2.96352,8.46701e+06,3.61194e+06,2.06106e+07,0,0,0,6.20183e+07
75.0292,85.139,1.73526,0.12,0,2.38126,3.21092,0,0.465048,5.32224,4.07419e+06,2.70226e+06,9.7017e+06,0,0,0,2.28273e+08,62.7946,79.791,1.99279,0,0,2.35703,1.52737,0,1.88069,2.96352,8.46701e+06,3.61194e+06,1.9957e+07,0,0,0,6.20183e+07
74.4183,85.139,1.88625,0.12,0,2.30477,3.21139,0,0.446247,5.32224,4.07419e+06,2.70226e+06,9.39006e+06,0,0,0,2.28273e+08,62.295,79.791,2.28182,0,0,2.43422,1.52759,0,1.82104,2.96352,8.46701e+06,3.61194e+06,2.06105e+07,0,0,0,6.20183e+07
74.0421,85.139,2.15264,0.12,0,2.30547,3.21187,0,0.431913,5.32224,4.07419e+06,2.70226e+06,9.39292e+06,0,0,0,2.28273e+08,61.9558,79.791,2.89814,0,0,2.43422,1.52782,0,1.88068,2.96352,8.46701e+06,3.61194e+06,2.06105e+07,0,0,0,6.20183e+07
73.5807,85.139,2.09937,0.11,0,2.30617,3.21234,0,0.432045,5.32224,4.07419e+06,2.70226e+06,9.39578e+06,0,0,0,2.28273e+08,61.6065,79.791,2.82941,0,0,2.43422,1.52805,0,1.88068,2.96352,8.46701e+06,3.61194e+06,2.06105e+07,0,0,0,6.20183e+07
73.6714,85.139,2.74984,0.15,0,2.22388,3.12982,0,0.432176,5.32224,4.07419e+06,2.70226e+06,9.0605e+06,0,0,0,2.28273e+08,61.552,79.791,3.65233,0,0,2.3639,1.45796,0,1.88068,2.96352,8.46701e+06,3.61194e+06,2.00152e+07,0,0,0,6.20183e+07
74.0929,85.139,3.01267,0.15,0,2.15425,3.13029,0,0.416754,5.32224,4.07419e+06,2.70226e+06,8.77683e+06,0,0,0,2.28273e+08,61.4961,79.791,2.98657,0,0,2.43421,1.45817,0,1.82635,2.96352,8.46701e+06,3.61194e+06,2.06105e+07,0,0,0,6.20183e+07
75.0143,85.139,3.43263,0.12,0,2.15493,3.13075,0,0.403706,5.32224,4.07419e+06,2.70226e+06,8.7796e+06,0,0,0,2.28273e+08,61.4962,79.791,3.84634,0,0,2.43421,1.45839,0,1.88067,2.96352,8.46701e+06,3.61194e+06,2.06105e+07,0,0,0,6.20183e+07
75.6121,85.139,3.14223,0.12,0,2.15561,3.13121,0,0.403834,5.32224,4.07419e+06,2.70226e+06,8.78237e+06,0,0,0,2.28273e+08,61.5796,79.791,3.77947,0,0,2.43421,1.4586,0,1.88067,2.96352,8.46701e+06,3.61194e+06,2.06105e+07,0,0,0,6.20183e+07
76.6262,85.139,3.38227,0.12,0,1.92044,2.89583,0,0.403961,5.32224,4.07419e+06,2.70226e+06,7.82424e+06,0,0,0,2.28273e+08,61.5107,79.791,2.9726,0,0,2.28767,1.31229,0,1.88067,2.96352,8.46701e+06,3.61194e+06,1.93698e+07,0,0,0,6.20183e+07
79.9699,85.139,5.73922,0.13,0,1.77455,2.89625,0,0.35989,5.32224,4.07419e+06,2.70226e+06,7.22986e+06,0,0,0,2.28273e+08,62.6691,79.791,6.98291,0,0,2.43419,1.31248,0,1.76746,2.96352,8.46701e+06,3.61194e+06,2.06103e+07,0,0,0,6.20183e+07
82.8393,85.139,5.28362,0.11,0,1.77517,2.89668,0,0.33255,5.32224,4.07419e+06,2.70226e+06,7.2324e+06,0,0,0,2.28273e+08,63.4662,79.791,5.60776,0,0,2.43419,1.31267,0,1.88065,2.96352,8.46701e+06,3.61194e+06,2.06103e+07,0,0,0,6.20183e+07
85.139,85.139,7.45808,0.11,0,1.7758,2.89711,0,0.332667,5.32224,4.07419e+06,2.70226e+06,7.23493e+06,0,0,0,2.28273e+08,65.7139,79.791,8.09176,0,0,2.43419,1.31287,0,1.88065,2.96352,8.46701e+06,3.61194e+06,2.06103e+07,0,0,0,6.20183e+07
85.139,85.139,8.43249,0.1,0,1.77642,2.89754,0,0.332784,5.32224,4.07419e+06,2.70226e+06,7.23747e+06,0,0,0,2.28273e+08,68.3648,79.791,7.81759,0,0,2.43419,1.31306,0,1.88065,2.96352,8.46701e+06,3.61194e+06,2.06103e+07,0,0,0,6.20183e+07
85.139,85.139,7.41096,0.1,0,1.86782,2.98875,0,0.332901,5.32224,4.07419e+06,2.70226e+06,7.60985e+06,0,0,0,2.28273e+08,70.7362,79.791,9.51748,0,0,2.47664,1.35572,0,1.88065,2.96352,8.46701e+06,3.61194e+06,2.09698e+07,0,0,0,6.20183e+07
85.139,85.139,6.1204,0.11,0,1.91089,2.98916,0,0.350029,5.32224,4.07419e+06,2.70226e+06,7.78533e+06,0,0,0,2.28273e+08,71.9876,79.791,8.92116,0,0,2.43418,1.35591,0,1.91346,2.96352,8.46701e+06,3.61194e+06,2.06102e+07,0,0,0,6.20183e+07
85.139,85.139,4.55639,0.11,0,1.9115,2.98958,0,0.3581,5.32224,4.07419e+06,2.70226e+06,7.78781e+06,0,0,0,2.28273e+08,72.6595,79.791,6.82384,0,0,2.43418,1.3561,0,1.88065,2.96352,8.46701e+06,3.61194e+06,2.06102e+07,0,0,0,6.20183e+07
85.139,85.139,5.56165,0.11,0,1.91211,2.99,0,0.358215,5.32224,4.07419e+06,2.70226e+06,7.7903e+06,0,0,0,2.28273e+08,73.6796,79.791,8.2985,0,0,2.43418,1.35629,0,1.88065,2.96352,8.46701e+06,3.61194e+06,2.06102e+07,0,0,0,6.20183e+07
85.139,85.139,4.63216,0.11,0,2.2044,3.2821,0,0.358329,5.32224,4.07419e+06,2.70226e+06,8.98114e+06,0,0,0,2.28273e+08,74.3617,79.791,6.87485,0,0,2.59368,1.51597,0,1.88065,2.96352,8.46701e+06,3.61194e+06,2.19607e+07,0,0,0,6.20183e+07
85.139,85.139,5.40773,0.11,0,2.36454,3.28256,0,0.413104,5.32224,4.07419e+06,2.70226e+06,9.63359e+06,0,0,0,2.28273e+08,75.6099,79.791,8.23412,0,0,2.4342,1.51618,0,2.00387,2.96352,8.46701e+06,3.61194e+06,2.06104e+07,0,0,0,6.20183e+07
85.139,85.139,5.14522,0.12,0,2.36521,3.28302,0,0.443115,5.32224,4.07419e+06,2.70226e+06,9.63634e+06,0,0,0,2.28273e+08,76.5501,79.791,7.43981,0,0,2.4342,1.5164,0,1.88067,2.96352,8.46701e+06,3.61194e+06,2.06104e+07,0,0,0,6.20183e+07
85.139,85.139,5.72699,0.12,0,2.36589,3.28348,0,0.443241,5.32224,4.07419e+06,2.70226e+06,9.63908e+06,0,0,0,2.28273e+08,77.5051,79.791,7.2502,0,0,2.4342,1.51661,0,1.88067,2.96352,8.46701e+06,3.61194e+06,2.06104e+07,0,0,0,6.20183e+07
85.139,85.139,4.93637,0.11,0,1.9503,2.86768,0,0.443367,5.32224,4.07419e+06,2.70226e+06,7.9459e+06,0,0,0,2.28273e+08,78.3487,79.791,6.8924,0,0,2.22004,1.30266,0,1.88067,2.96352,8.46701e+06,3.61194e+06,1.87971e+07,0,0,0,6.20183e+07
85.139,85.139,6.25967,0.13,0,1.73675,2.86809,0,0.365486,5.32224,4.07419e+06,2.70226e+06,7.07587e+06,0,0,0,2.28273e+08,80.47,79.791,9.7247,0,0,2.43417,1.30284,0,1.71521,2.96352,8.46701e+06,3.61194e+06,2.06102e+07,0,0,0,6.20183e+07
85.139,85.139,6.04639,0.15,0,1.73734,2.86849,0,0.325467,5.32224,4.07419e+06,2.70226e+06,7.07825e+06,0,0,0,2.28273e+08,80.8192,79.791,8.42173,0,0,2.43417,1.30302,0,1.88064,2.96352,8.46701e+06,3.61194e+06,2.06102e+07,0,0,0,6.20183e+07
85.139,85.139,8.1259,0.15,0,1.73792,2.86889,0,0.325577,5.32224,4.07419e+06,2.70226e+06,7.08064e+06,0,0,0,2.28273e+08,80.8192,79.791,9.73352,0,0,2.43417,1.30321,0,1.88064,2.96352,8.46701e+06,3.61194e+06,2.06102e+07,0,0,0,6.20183e+07
85.139,85.139,7.88601,0.18,0,1.73851,2.86929,0,0.325687,5.32224,4.07419e+06,2.70226e+06,7.08302e+06,0,0,0,2.28273e+08,80.8192,79.791,9.20854,0,0,2.43417,1.30339,0,1.88064,2.96352,8.46701e+06,3.61194e+06,2.06102e+07,0,0,0,6.20183e+07
85.139,85.139,5.57035,0.2,0,1.84395,2.97455,0,0.325796,5.32224,4.07419e+06,2.70226e+06,7.51259e+06,0,0,0,2.28273e+08,80.8192,79.791,7.19446,0,0,2.4866,1.356,0,1.88064,2.96352,8.46701e+06,3.61194e+06,2.10541e+07,0,0,0,6.20183e+07
85.139,85.139,5.93189,0.21,0,1.89697,2.97496,0,0.345555,5.32224,4.07419e+06,2.70226e+06,7.72864e+06,0,0,0,2.28273e+08,80.8192,79.791,8.40751,0,0,2.43418,1.35619,0,1.92115,2.96352,8.46701e+06,3.61194e+06,2.06102e+07,0,0,0,6.20183e+07
85.139,85.139,7.23856,0.21,0,1.89758,2.97538,0,0.355493,5.32224,4.07419e+06,2.70226e+06,7.73112e+06,0,0,0,2.28273e+08,80.8192,79.791,10.5516,0,0,2.43418,1.35638,0,1.88065,2.96352,8.46701e+06,3.61194e+06,2.06102e+07,0,0,0,6.20183e+07
85.139,85.139,7.84192,0.2,0,1.89819,2.9758,0,0.355607,5.32224,4.07419e+06,2.70226e+06,7.73359e+06,0,0,0,2.28273e+08,80.8192,79.791,10.6663,0,0,2.43418,1.35657,0,1.88065,2.96352,8.46701e+06,3.61194e+06,2.06102e+07,0,0,0,6.20183e+07
85.139,85.139,5.56325,0.18,0,1.85778,2.9352,0,0.355721,5.32224,4.07419e+06,2.70226e+06,7.56895e+06,0,0,0,2.28273e+08,80.8192,79.791,8.03144,0,0,2.41381,1.33639,0,1.88065,2.96352,8.46701e+06,3.61194e+06,2.04377e+07,0,0,0,6.20183e+07
85.139,85.139,4.76285,0.17,0,1.83801,2.93561,0,0.348148,5.32224,4.07419e+06,2.70226e+06,7.48839e+06,0,0,0,2.28273e+08,80.8192,79.791,7.30723,0,0,2.43418,1.33658,0,1.86491,2.96352,8.46701e+06,3.61194e+06,2.06102e+07,0,0,0,6.20183e+07
85.139,85.139,4.33366,0.17,0,1.8386,2.93602,0,0.344442,5.32224,4.07419e+06,2.70226e+06,7.49083e+06,0,0,0,2.28273e+08,80.8192,79.791,6.13914,0,0,2.43418,1.33676,0,1.88065,2.96352,8.46701e+06,3.61194e+06,2.06102e+07,0,0,0,6.20183e+07
85.139,85.139,4.30837,0.14,0,1.8392,2.93643,0,0.344554,5.32224,4.07419e+06,2.70226e+06,7.49327e+06,0,0,0,2.28273e+08,80.8192,79.791,6.26844,0,0,2.43418,1.33695,0,1.88065,2.96352,8.46701e+06,3.61194e+06,2.06102e+07,0,0,0,6.20183e+07
85.139,85.139,3.9927,0.13,0,1.97912,3.07616,0,0.344667,5.32224,4.07419e+06,2.70226e+06,8.06331e+06,0,0,0,2.28273e+08,80.8192,79.791,5.87736,0,0,2.50647,1.40943,0,1.88065,2.96352,8.46701e+06,3.61194e+06,2.12223e+07,0,0,0,6.20183e+07
85.139,85.139,3.35118,0.13,0,2.05203,3.07659,0,0.370887,5.32224,4.07419e+06,2.70226e+06,8.36037e+06,0,0,0,2.28273e+08,80.8192,79.791,5.16349,0,0,2.43419,1.40963,0,1.9365,2.96352,8.46701e+06,3.61194e+06,2.06103e+07,0,0,0,6.20183e+07
85.139,85.139,3.22878,0.12,0,2.05266,3.07702,0,0.38455,5.32224,4.07419e+06,2.70226e+06,8.36293e+06,0,0,0,2.28273e+08,80.8192,79.791,4.8112,0,0,2.43419,1.40983,0,1.88066,2.96352,8.46701e+06,3.61194e+06,2.06103e+07,0,0,0,6.20183e+07
85.139,85.139,3.02862,0.11,0,2.05329,3.07745,0,0.384668,5.32224,4.07419e+06,2.70226e+06,8.3655e+06,0,0,0,2.28273e+08,80.8192,79.791,4.30988,0,0,2.43419,1.41002,0,1.88065,2.96352,8.46701e+06,3.61194e+06,2.06103e+07,0,0,0,6.20183e+07
85.139,85.139,2.8638,0.11,0,2.05392,3.07789,0,0.384786,5.32224,4.07419e+06,2.70226e+06,8.36806e+06,0,0,0,2.28273e+08,80.8192,79.791,3.81097,0,0,2.43419,1.41022,0,1.88066,2.96352,8.46701e+06,3.61194e+06,2.06103e+07,0,0,0,6.20183e+07
85.139,85.139,2.47437,0.09,0,2.02698,3.05075,0,0.384904,5.32224,4.07419e+06,2.70226e+06,8.2583e+06,0,0,0,2.28273e+08,80.7461,79.791,3.83304,0,0,2.47395,1.45018,0,1.88066,2.96352,8.46701e+06,3.61194e+06,2.0947e+07,0,0,0,6.20183e+07
85.0949,85.139,2.31221,0.08,0,2.06736,3.05117,0,0.379855,5.32224,4.07419e+06,2.70226e+06,8.42284e+06,0,0,0,2.28273e+08,80.5813,79.791,3.69457,0,0,2.4342,1.45038,0,1.91137,2.96352,8.46701e+06,3.61194e+06,2.06103e+07,0,0,0,6.20183e+07
84.8755,85.139,2.13487,0.13,0,2.06799,3.0516,0,0.387424,5.32224,4.07419e+06,2.70226e+06,8.42541e+06,0,0,0,2.28273e+08,80.3951,79.791,3.67579,0,0,2.4342,1.45059,0,1.88066,2.96352,8.46701e+06,3.61194e+06,2.06103e+07,0,0,0,6.20183e+07
84.4786,85.139,1.95077,0.14,0,2.06863,3.05203,0,0.387542,5.32224,4.07419e+06,2.70226e+06,8.42799e+06,0,0,0,2.28273e+08,80.1618,79.791,3.25018,0,0,2.4342,1.45079,0,1.88066,2.96352,8.46701e+06,3.61194e+06,2.06103e+07,0,0,0,6.20183e+07
83.9542,85.139,1.84703,0.12,0,2.1405,3.1237,0,0.387661,5.32224,4.07419e+06,2.70226e+06,8.7208e+06,0,0,0,2.28273e+08,79.9207,79.791,3.20009,0,0,2.46965,1.48645,0,1.88066,2.96352,8.46701e+06,3.61194e+06,2.09106e+07,0,0,0,6.20183e+07
83.4184,85.139,1.87296,0.11,0,2.17659,3.12413,0,0.401129,5.32224,4.07419e+06,2.70226e+06,8.86786e+06,0,0,0,2.28273e+08,79.6511,79.791,3.46215,0,0,2.4342,1.48666,0,1.90805,2.96352,8.46701e+06,3.61194e+06,2.06104e+07,0,0,0,6.20183e+07
82.7679,85.139,1.72634,0.11,0,2.17724,3.12457,0,0.407894,5.32224,4.07419e+06,2.70226e+06,8.8705e+06,0,0,0,2.28273e+08,79.3019,79.791,3.33418,0,0,2.4342,1.48687,0,1.88066,2.96352,8.46701e+06,3.61194e+06,2.06104e+07,0,0,0,6.20183e+07
81.9741,85.139,1.57142,0.1,0,2.17789,3.12501,0,0.408015,5.32224,4.07419e+06,2.70226e+06,8.87313e+06,0,0,0,2.28273e+08,78.9159,79.791,2.8827,0,0,2.4342,1.48708,0,1.88066,2.96352,8.46701e+06,3.61194e+06,2.06104e+07,0,0,0,6.20183e+07
81.2098,85.139,1.76706,0.11,0,2.38727,3.33418,0,0.408136,5.32224,4.07419e+06,2.70226e+06,9.7262e+06,0,0,0,2.28273e+08,78.6624,79.791,3.83511,0,0,2.56225,1.61533,0,1.88066,2.96352,8.46701e+06,3.61194e+06,2.16946e+07,0,0,0,6.20183e+07
79.9259,85.139,1.31565,0.11,0,2.51599,3.33465,0,0.447374,5.32224,4.07419e+06,2.70226e+06,1.02506e+07,0,0,0,2.28273e+08,78.1494,79.791,2.24721,0,0,2.43422,1.61556,0,1.97959,2.96352,8.46701e+06,3.61194e+06,2.06105e+07,0,0,0,6.20183e+07
78.7138,85.139,1.38533,0.1,0,2.51669,3.33512,0,0.471497,5.32224,4.07419e+06,2.70226e+06,1.02535e+07,0,0,0,2.28273e+08,77.6737,79.791,2.35323,0,0,2.43422,1.61579,0,1.88068,2.96352,8.46701e+06,3.61194e+06,2.06105e+07,0,0,0,6.20183e+07
77.2378,85.139,1.12334,0.13,0,2.51738,3.33559,0,0.471627,5.32224,4.07419e+06,2.70226e+06,1.02563e+07,0,0,0,2.28273e+08,77.0697,79.791,1.77448,0,0,2.43422,1.61601,0,1.88068,2.96352,8.46701e+06,3.61194e+06,2.06105e+07,0,0,0,6.20183e+07
75.9922,85.139,1.33454,0.13,0,2.51808,3.33606,0,0.471757,5.32224,4.07419e+06,2.70226e+06,1.02591e+07,0,0,0,2.28273e+08,76.7036,79.791,2.89786,0,0,2.43422,1.61624,0,1.88068,2.96352,8.46701e+06,3.61194e+06,2.06105e+07,0,0,0,6.20183e+07
75.0852,85.139,1.58066,0.12,0,2.41697,3.23472,0,0.471887,5.32224,4.07419e+06,2.70226e+06,9.8472e+06,0,0,0,2.28273e+08,76.2584,79.791,2.3093,0,0,2.35644,1.53869,0,1.88068,2.96352,8.46701e+06,3.61194e+06,1.9952e+07,0,0,0,6.20183e+07
74.4132,85.139,1.80444,0.12,0,2.33987,3.23518,0,0.45294,5.32224,4.07419e+06,2.70226e+06,9.5331e+06,0,0,0,2.28273e+08,75.9507,79.791,2.40218,0,0,2.43421,1.53891,0,1.82059,2.96352,8.46701e+06,3.61194e+06,2.06105e+07,0,0,0,6.20183e+07
73.8911,85.139,2.01467,0.13,0,2.34054,3.23563,0,0.438492,5.32224,4.07419e+06,2.70226e+06,9.53583e+06,0,0,0,2.28273e+08,75.9433,79.791,3.20322,0,0,2.43421,1.53912,0,1.88067,2.96352,8.46701e+06,3.61194e+06,2.06105e+07,0,0,0,6.20183e+07
73.2512,85.139,1.92204,0.13,0,2.34121,3.23608,0,0.438618,5.32224,4.07419e+06,2.70226e+06,9.53856e+06,0,0,0,2.28273e+08,75.9498,79.791,3.16311,0,0,2.43421,1.53934,0,1.88067,2.96352,8.46701e+06,3.61194e+06,2.06105e+07,0,0,0,6.20183e+07
72.7148,85.139,2.02586,0.17,0,2.25828,3.15293,0,0.438743,5.32224,4.07419e+06,2.70226e+06,9.20065e+06,0,0,0,2.28273e+08,75.8881,79.791,3.39882,0,0,2.36337,1.46872,0,1.88067,2.96352,8.46701e+06,3.61194e+06,2.00107e+07,0,0,0,6.20183e+07
71.5501,85.139,1.32765,0.16,0,2.1881,3.15337,0,0.423201,5.32224,4.07419e+06,2.70226e+06,8.91474e+06,0,0,0,2.28273e+08,75.404,79.791,1.99043,0,0,2.4342,1.46893,0,1.82594,2.96352,8.46701e+06,3.61194e+06,2.06104e+07,0,0,0,6.20183e+07
70.9132,85.139,1.87595,0.16,0,2.18875,3.15381,0,0.41005,5.32224,4.07419e+06,2.70226e+06,8.91738e+06,0,0,0,2.28273e+08,75.1307,79.791,1.86569,0,0,2.4342,1.46913,0,1.88066,2.96352,8.46701e+06,3.61194e+06,2.06104e+07,0,0,0,6.20183e+07
73.0827,85.139,4.85834,0.16,0,2.18939,3.15426,0,0.410171,5.32224,4.07419e+06,2.70226e+06,8.92002e+06,0,0,0,2.28273e+08,76.0786,79.791,5.77233,0,0,2.4342,1.46934,0,1.88066,2.96352,8.46701e+06,3.61194e+06,2.06104e+07,0,0,0,6.20183e+07
74.0218,85.139,3.38041,0.18,0,1.95246,2.91711,0,0.410293,5.32224,4.07419e+06,2.70226e+06,7.95469e+06,0,0,0,2.28273e+08,76.4327,79.791,3.87636,0,0,2.28659,1.32193,0,1.88066,2.96352,8.46701e+06,3.61194e+06,1.93605e+07,0,0,0,6.20183e+07
76.0058,85.139,4.3605,0.15,0,1.80546,2.91752,0,0.365891,5.32224,4.07419e+06,2.70226e+06,7.3558e+06,0,0,0,2.28273e+08,77.0197,79.791,4.21487,0,0,2.43418,1.32212,0,1.76662,2.96352,8.46701e+06,3.61194e+06,2.06102e+07,0,0,0,6.20183e+07
79.6809,85.139,6.02608,0.17,0,1.80606,2.91793,0,0.338344,5.32224,4.07419e+06,2.70226e+06,7.35823e+06,0,0,0,2.28273e+08,77.8137,79.791,4.75711,0,0,2.43418,1.3223,0,1.88065,2.96352,8.46701e+06,3.61194e+06,2.06102e+07,0,0,0,6.20183e+07
83.1999,85.139,6.0744,0.13,0,1.80665,2.91834,0,0.338455,5.32224,4.07419e+06,2.70226e+06,7.36065e+06,0,0,0,2.28273e+08,78.5238,79.791,4.5568,0,0,2.43418,1.32249,0,1.88065,2.96352,8.46701e+06,3.61194e+06,2.06102e+07,0,0,0,6.20183e+07
83.9801,85.139,3.0865,0.16,0,1.80725,2.91875,0,0.338566,5.32224,4.07419e+06,2.70226e+06,7.36307e+06,0,0,0,2.28273e+08,78.4447,79.791,2.62989,0,0,2.43418,1.32267,0,1.88065,2.96352,8.46701e+06,3.61194e+06,2.06102e+07,0,0,0,6.20183e+07
85.139,85.139,3.73618,0.16,0,1.80743,2.91875,0,0.338678,5.32224,4.07419e+06,2.70226e+06,7.36383e+06,0,0,0,2.28273e+08,78.5249,79.791,3.56154,0,0,2.43399,1.32267,0,1.88065,2.96352,8.46701e+06,3.61194e+06,2.06086e+07,0,0,0,6.20183e+07
85.139,85.139,5.9863,0.11,0,1.89928,3.0106,0,0.338713,5.32224,4.07419e+06,2.70226e+06,7.73803e+06,0,0,0,2.28273e+08,79.2715,79.791,5.63676,0,0,2.47695,1.36563,0,1.8805,2.96352,8.46701e+06,3.61194e+06,2.09723e+07,0,0,0,6.20183e+07
85.139,85.139,4.66015,0.12,0,1.94263,3.011,0,0.355925,5.32224,4.07419e+06,2.70226e+06,7.91466e+06,0,0,0,2.28273e+08,79.5074,79.791,4.38313,0,0,2.43417,1.36581,0,1.91369,2.96352,8.46701e+06,3.61194e+06,2.06102e+07,0,0,0,6.20183e+07
85.139,85.139,4.20807,0.12,0,1.94321,3.01139,0,0.364049,5.32224,4.07419e+06,2.70226e+06,7.91702e+06,0,0,0,2.28273e+08,79.6544,79.791,4.08038,0,0,2.43417,1.36599,0,1.88064,2.96352,8.46701e+06,3.61194e+06,2.06102e+07,0,0,0,6.20183e+07
85.139,85.139,4.7415,0.11,0,1.94379,3.01179,0,0.364158,5.32224,4.07419e+06,2.70226e+06,7.91939e+06,0,0,0,2.28273e+08,79.8447,79.791,4.49709,0,0,2.43417,1.36617,0,1.88064,2.96352,8.46701e+06,3.61194e+06,2.06102e+07,0,0,0,6.20183e+07
85.139,85.139,9.34474,0.12,0,2.23817,3.306,0,0.364267,5.32224,4.07419e+06,2.70226e+06,9.11876e+06,0,0,0,2.28273e+08,80.4818,79.791,8.16527,0,0,2.59483,1.52701,0,1.88064,2.96352,8.46701e+06,3.61194e+06,2.19704e+07,0,0,0,6.20183e+07
85.139,85.139,8.54182,0.12,0,2.39945,3.30643,0,0.419434,5.32224,4.07419e+06,2.70226e+06,9.77582e+06,0,0,0,2.28273e+08,80.8192,79.791,7.0977,0,0,2.43419,1.52721,0,2.00476,2.96352,8.46701e+06,3.61194e+06,2.06103e+07,0,0,0,6.20183e+07
85.139,85.139,9.67589,0.12,0,2.40009,3.30687,0,0.449656,5.32224,4.07419e+06,2.70226e+06,9.77843e+06,0,0,0,2.28273e+08,80.8192,79.791,8.74482,0,0,2.43419,1.52741,0,1.88066,2.96352,8.46701e+06,3.61194e+06,2.06103e+07,0,0,0,6.20183e+07
85.139,85.139,7.82782,0.12,0,2.40073,3.30731,0,0.449777,5.32224,4.07419e+06,2.70226e+06,9.78104e+06,0,0,0,2.28273e+08,80.8192,79.791,8.91791,0,0,2.43419,1.52761,0,1.88066,2.96352,8.46701e+06,3.61194e+06,2.06103e+07,0,0,0,6.20183e+07
85.139,85.139,8.71541,0.15,0,1.98209,2.88847,0,0.449897,5.32224,4.07419e+06,2.70226e+06,8.07542e+06,0,0,0,2.28273e+08,80.8192,79.791,13.0116,0,0,2.21848,1.3121,0,1.88066,2.96352,8.46701e+06,3.61194e+06,1.87839e+07,0,0,0,6.20183e+07
85.139,85.139,10.5205,0.15,0,1.76696,2.88885,0,0.371444,5.32224,4.07419e+06,2.70226e+06,7.19895e+06,0,0,0,2.28273e+08,80.8192,79.791,18.1476,0,0,2.43417,1.31228,0,1.714,2.96352,8.46701e+06,3.61194e+06,2.06101e+07,0,0,0,6.20183e+07
85.139,85.139,9.34067,0.16,0,1.76752,2.88924,0,0.331129,5.32224,4.07419e+06,2.70226e+06,7.20122e+06,0,0,0,2.28273e+08,80.8192,79.791,14.9852,0,0,2.43417,1.31245,0,1.88064,2.96352,8.46701e+06,3.61194e+06,2.06101e+07,0,0,0,6.20183e+07
85.139,85.139,6.96284,0.19,0,1.76808,2.88962,0,0.331233,5.32224,4.07419e+06,2.70226e+06,7.20349e+06,0,0,0,2.28273e+08,80.8192,79.791,9.43364,0,0,2.43417,1.31262,0,1.88064,2.96352,8.46701e+06,3.61194e+06,2.06101e+07,0,0,0,6.20183e+07
85.139,85.139,7.33889,0.22,0,1.76863,2.89,0,0.331337,5.32224,4.07419e+06,2.70226e+06,7.20575e+06,0,0,0,2.28273e+08,80.8192,79.791,8.14981,0,0,2.43417,1.3128,0,1.88064,2.96352,8.46701e+06,3.61194e+06,2.06101e+07,0,0,0,6.20183e+07
85.139,85.139,9.16811,0.26,0,1.8748,2.99599,0,0.331442,5.32224,4.07419e+06,2.70226e+06,7.63829e+06,0,0,0,2.28273e+08,80.8192,79.791,8.78039,0,0,2.48697,1.36578,0,1.88064,2.96352,8.46701e+06,3.61194e+06,2.10572e+07,0,0,0,6.20183e+07
85.139,85.139,12.7363,0.25,0,1.92818,2.99639,0,0.351337,5.32224,4.07419e+06,2.70226e+06,7.85576e+06,0,0,0,2.28273e+08,80.8192,79.791,15.6919,0,0,2.43417,1.36596,0,1.92144,2.96352,8.46701e+06,3.61194e+06,2.06102e+07,0,0,0,6.20183e+07
85.139,85.139,9.1854,0.24,0,1.92875,2.99679,0,0.36134,5.32224,4.07419e+06,2.70226e+06,7.85812e+06,0,0,0,2.28273e+08,80.8192,79.791,10.0313,0,0,2.43417,1.36614,0,1.88064,2.96352,8.46701e+06,3.61194e+06,2.06102e+07,0,0,0,6.20183e+07
85.139,85.139,7.72033,0.2,0,1.92933,2.99718,0,0.361448,5.32224,4.07419e+06,2.70226e+06,7.86047e+06,0,0,0,2.28273e+08,80.8192,79.791,8.01708,0,0,2.43417,1.36632,0,1.88064,2.96352,8.46701e+06,3.61194e+06,2.06102e+07,0,0,0,6.20183e+07
85.139,85.139,6.18945,0.2,0,1.8886,2.95627,0,0.361557,5.32224,4.07419e+06,2.70226e+06,7.69451e+06,0,0,0,2.28273e+08,80.8192,79.791,6.49628,0,0,2.41365,1.34598,0,1.88064,2.96352,8.46701e+06,3.61194e+06,2.04364e+07,0,0,0,6.20183e+07
85.139,85.139,5.65951,0.19,0,1.86865,2.95666,0,0.353923,5.32224,4.07419e+06,2.70226e+06,7.61323e+06,0,0,0,2.28273e+08,80.8192,79.791,5.44714,0,0,2.43417,1.34616,0,1.86479,2.96352,8.46701e+06,3.61194e+06,2.06101e+07,0,0,0,6.20183e+07
85.139,85.139,5.29108,0.16,0,1.86922,2.95705,0,0.350185,5.32224,4.07419e+06,2.70226e+06,7.61556e+06,0,0,0,2.28273e+08,80.8192,79.791,4.79996,0,0,2.43417,1.34634,0,1.88064,2.96352,8.46701e+06,3.61194e+06,2.06101e+07,0,0,0,6.20183e+07
85.139,85.139,4.81729,0.14,0,1.86979,2.95744,0,0.350291,5.32224,4.07419e+06,2.70226e+06,7.61788e+06,0,0,0,2.28273e+08,80.8192,79.791,4.52271,0,0,2.43417,1.34652,0,1.88064,2.96352,8.46701e+06,3.61194e+06,2.06101e+07,0,0,0,6.20183e+07
85.139,85.139,4.14655,0.13,0,2.01067,3.09814,0,0.350398,5.32224,4.07419e+06,2.70226e+06,8.19186e+06,0,0,0,2.28273e+08,80.8192,79.791,4.31835,0,0,2.50698,1.4195,0,1.88064,2.96352,8.46701e+06,3.61194e+06,2.12266e+07,0,0,0,6.20183e+07
85.139,85.139,3.89111,0.12,0,2.08407,3.09856,0,0.376799,5.32224,4.07419e+06,2.70226e+06,8.4909e+06,0,0,0,2.28273e+08,80.8192,79.791,3.9757,0,0,2.43418,1.41969,0,1.93689,2.96352,8.46701e+06,3.61194e+06,2.06102e+07,0,0,0,6.20183e+07
85.139,85.139,3.50081,0.12,0,2.08467,3.09897,0,0.390554,5.32224,4.07419e+06,2.70226e+06,8.49333e+06,0,0,0,2.28273e+08,80.6628,79.791,3.33182,0,0,2.43418,1.41988,0,1.88065,2.96352,8.46701e+06,3.61194e+06,2.06102e+07,0,0,0,6.20183e+07
85.139,85.139,3.38028,0.12,0,2.08526,3.09938,0,0.390666,5.32224,4.07419e+06,2.70226e+06,8.49577e+06,0,0,0,2.28273e+08,80.3683,79.791,3.05071,0,0,2.43418,1.42007,0,1.88065,2.96352,8.46701e+06,3.61194e+06,2.06102e+07,0,0,0,6.20183e+07
85.139,85.139,2.84603,0.11,0,2.08586,3.09979,0,0.390779,5.32224,4.07419e+06,2.70226e+06,8.49821e+06,0,0,0,2.28273e+08,80.0438,79.791,2.83284,0,0,2.43418,1.42026,0,1.88065,2.96352,8.46701e+06,3.61194e+06,2.06102e+07,0,0,0,6.20183e+07
85.139,85.139,2.46586,0.1,0,2.0587,3.07243,0,0.390891,5.32224,4.07419e+06,2.70226e+06,8.38753e+06,0,0,0,2.28273e+08,79.7088,79.791,2.67793,0,0,2.47422,1.46049,0,1.88065,2.96352,8.46701e+06,3.61194e+06,2.09493e+07,0,0,0,6.20183e+07
85.0864,85.139,2.33809,0.1,0,2.09933,3.07284,0,0.3858,5.32224,4.07419e+06,2.70226e+06,8.5531e+06,0,0,0,2.28273e+08,79.3503,79.791,2.59005,0,0,2.43419,1.46068,0,1.91159,2.96352,8.46701e+06,3.61194e+06,2.06103e+07,0,0,0,6.20183e+07
84.8843,85.139,2.17703,0.15,0,2.09994,3.07325,0,0.393415,5.32224,4.07419e+06,2.70226e+06,8.55555e+06,0,0,0,2.28273e+08,78.9142,79.791,2.42564,0,0,2.43419,1.46088,0,1.88065,2.96352,8.46701e+06,3.61194e+06,2.06103e+07,0,0,0,6.20183e+07
84.5271,85.139,2.00665,0.14,0,2.10054,3.07365,0,0.393528,5.32224,4.07419e+06,2.70226e+06,8.55799e+06,0,0,0,2.28273e+08,78.4252,79.791,2.20337,0,0,2.43419,1.46107,0,1.88065,2.96352,8.46701e+06,3.61194e+06,2.06103e+07,0,0,0,6.20183e+07
83.9757,85.139,1.84997,0.11,0,2.17288,3.1458,0,0.39364,5.32224,4.07419e+06,2.70226e+06,8.85273e+06,0,0,0,2.28273e+08,77.9315,79.791,1.97067,0,0,2.46989,1.49697,0,1.88065,2.96352,8.46701e+06,3.61194e+06,2.09126e+07,0,0,0,6.20183e+07
83.3068,85.139,1.74402,0.12,0,2.2092,3.14622,0,0.407198,5.32224,4.07419e+06,2.70226e+06,9.00069e+06,0,0,0,2.28273e+08,77.3874,79.791,2.05651,0,0,2.43419,1.49717,0,1.90824,2.96352,8.46701e+06,3.61194e+06,2.06103e+07,0,0,0,6.20183e+07
82.5351,85.139,1.63241,0.11,0,2.20981,3.14664,0,0.414003,5.32224,4.07419e+06,2.70226e+06,9.0032e+06,0,0,0,2.28273e+08,76.8118,79.791,1.8793,0,0,2.43419,1.49737,0,1.88066,2.96352,8.46701e+06,3.61194e+06,2.06103e+07,0,0,0,6.20183e+07
81.746,85.139,1.60332,0.12,0,2.21043,3.14705,0,0.414119,5.32224,4.07419e+06,2.70226e+06,9.00571e+06,0,0,0,2.28273e+08,76.2539,79.791,2.01973,0,0,2.43419,1.49756,0,1.88066,2.96352,8.46701e+06,3.61194e+06,2.06103e+07,0,0,0,6.20183e+07
80.5985,85.139,1.38905,0.12,0,2.42125,3.35768,0,0.414234,5.32224,4.07419e+06,2.70226e+06,9.86463e+06,0,0,0,2.28273e+08,75.6457,79.791,1.71984,0,0,2.56314,1.62671,0,1.88066,2.96352,8.46701e+06,3.61194e+06,2.17021e+07,0,0,0,6.20183e+07
79.3197,85.139,1.36394,0.12,0,2.55084,3.35812,0,0.453742,5.32224,4.07419e+06,2.70226e+06,1.03926e+07,0,0,0,2.28273e+08,74.8904,79.791,1.79039,0,0,2.43421,1.62693,0,1.98028,2.96352,8.46701e+06,3.61194e+06,2.06104e+07,0,0,0,6.20183e+07
77.7965,85.139,1.12964,0.15,0,2.5515,3.35856,0,0.478028,5.32224,4.07419e+06,2.70226e+06,1.03953e+07,0,0,0,2.28273e+08,74.2222,79.791,1.43262,0,0,2.43421,1.62714,0,1.88067,2.96352,8.46701e+06,3.61194e+06,2.06104e+07,0,0,0,6.20183e+07
76.469,85.139,1.30166,0.13,0,2.55216,3.35901,0,0.478152,5.32224,4.07419e+06,2.70226e+06,1.0398e+07,0,0,0,2.28273e+08,73.7121,79.791,2.15103,0,0,2.43421,1.62736,0,1.88067,2.96352,8.46701e+06,3.61194e+06,2.06104e+07,0,0,0,6.20183e+07
74.993,85.139,1.14187,0.13,0,2.55282,3.35945,0,0.478275,5.32224,4.07419e+06,2.70226e+06,1.04007e+07,0,0,0,2.28273e+08,73.3441,79.791,3.024,0,0,2.43421,1.62758,0,1.88067,2.96352,8.46701e+06,3.61194e+06,2.06104e+07,0,0,0,6.20183e+07
73.5189,85.139,1.04635,0.15,0,2.45097,3.25739,0,0.478399,5.32224,4.07419e+06,2.70226e+06,9.98572e+06,0,0,0,2.28273e+08,72.7698,79.791,1.87445,0,0,2.35589,1.54947,0,1.88067,2.96352,8.46701e+06,3.61194e+06,1.99473e+07,0,0,0,6.20183e+07
71.9727,85.139,0.894461,0.16,0,2.3733,3.25782,0,0.459312,5.32224,4.07419e+06,2.70226e+06,9.66927e+06,0,0,0,2.28273e+08,72.1657,79.791,1.70907,0,0,2.4342,1.54968,0,1.82016,2.96352,8.46701e+06,3.61194e+06,2.06104e+07,0,0,0,6.20183e+07
71.251,85.139,1.91269,0.18,0,2.37393,3.25825,0,0.444756,5.32224,4.07419e+06,2.70226e+06,9.67186e+06,0,0,0,2.28273e+08,71.9133,79.791,2.5298,0,0,2.4342,1.54988,0,1.88066,2.96352,8.46701e+06,3.61194e+06,2.06104e+07,0,0,0,6.20183e+07
71.6956,85.139,3.18361,0.17,0,2.37457,3.25868,0,0.444875,5.32224,4.07419e+06,2.70226e+06,9.67446e+06,0,0,0,2.28273e+08,71.3824,79.791,3.09701,0,0,2.4342,1.55009,0,1.88066,2.96352,8.46701e+06,3.61194e+06,2.06104e+07,0,0,0,6.20183e+07
70.2977,85.139,1.06018,0.19,0,2.29102,3.17492,0,0.444994,5.32224,4.07419e+06,2.70226e+06,9.33404e+06,0,0,0,2.28273e+08,70.8416,79.791,1.25189,0,0,2.36287,1.47896,0,1.88066,2.96352,8.46701e+06,3.61194e+06,2.00064e+07,0,0,0,6.20183e+07
69.2845,85.139,1.39987,0.17,0,2.22031,3.17534,0,0.429336,5.32224,4.07419e+06,2.70226e+06,9.04599e+06,0,0,0,2.28273e+08,70.6935,79.791,3.03068,0,0,2.43419,1.47916,0,1.82555,2.96352,8.46701e+06,3.61194e+06,2.06103e+07,0,0,0,6.20183e+07
70.512,85.139,3.81364,0.17,0,2.22093,3.17576,0,0.416087,5.32224,4.07419e+06,2.70226e+06,9.0485e+06,0,0,0,2.28273e+08,71.4699,79.791,5.8255,0,0,2.43419,1.47936,0,1.88065,2.96352,8.46701e+06,3.61194e+06,2.06103e+07,0,0,0,6.20183e+07
70.2407,85.139,2.25015,0.19,0,2.22155,3.17618,0,0.416202,5.32224,4.07419e+06,2.70226e+06,9.05101e+06,0,0,0,2.28273e+08,71.5684,79.791,2.84451,0,0,2.43419,1.47955,0,1.88065,2.96352,8.46701e+06,3.61194e+06,2.06103e+07,0,0,0,6.20183e+07
70.6399,85.139,2.86712,0.22,0,1.98293,2.93737,0,0.416318,5.32224,4.07419e+06,2.70226e+06,8.07883e+06,0,0,0,2.28273e+08,71.4455,79.791,3.45827,0,0,2.28555,1.33111,0,1.88065,2.96352,8.46701e+06,3.61194e+06,1.93518e+07,0,0,0,6.20183e+07
72.4801,85.139,4.23659,0.24,0,1.83488,2.93776,0,0.371601,5.32224,4.07419e+06,2.70226e+06,7.47565e+06,0,0,0,2.28273e+08,71.3495,79.791,4.18557,0,0,2.43417,1.33129,0,1.76582,2.96352,8.46701e+06,3.61194e+06,2.06101e+07,0,0,0,6.20183e+07
75.1248,85.139,5.31208,0.23,0,1.83544,2.93815,0,0.343856,5.32224,4.07419e+06,2.70226e+06,7.47795e+06,0,0,0,2.28273e+08,72.2271,79.791,7.01143,0,0,2.43417,1.33146,0,1.88064,2.96352,8.46701e+06,3.61194e+06,2.06101e+07,0,0,0,6.20183e+07
77.226,85.139,4.53822,0.21,0,1.83601,2.93854,0,0.343962,5.32224,4.07419e+06,2.70226e+06,7.48025e+06,0,0,0,2.28273e+08,73.1844,79.791,7.00247,0,0,2.43417,1.33164,0,1.88064,2.96352,8.46701e+06,3.61194e+06,2.06101e+07,0,0,0,6.20183e+07
77.676,85.139,2.79682,0.24,0,1.83657,2.93892,0,0.344068,5.32224,4.07419e+06,2.70226e+06,7.48256e+06,0,0,0,2.28273e+08,72.9723,79.791,3.27632,0,0,2.43417,1.33182,0,1.88064,2.96352,8.46701e+06,3.61194e+06,2.06101e+07,0,0,0,6.20183e+07
77.2191,85.139,2.00522,0.24,0.02,1.92921,3.03138,0,0.344174,5.32224,4.07419e+06,2.70226e+06,7.85997e+06,0,0,0,2.28273e+08,72.9651,79.791,3.16851,0,0,2.47723,1.37506,0,1.88064,2.96352,8.46701e+06,3.61194e+06,2.09747e+07,0,0,0,6.20183e+07
77.7204,85.139,3.05578,0.24,0.02,1.97283,3.03176,0,0.361534,5.32224,4.07419e+06,2.70226e+06,8.03768e+06,0,0,0,2.28273e+08,73.2248,79.791,3.80832,0,0,2.43416,1.37523,0,1.91391,2.96352,8.46701e+06,3.61194e+06,2.06101e+07,0,0,0,6.20183e+07
80.3999,85.139,5.28017,0.24,0.02,1.97338,3.03214,0,0.369708,5.32224,4.07419e+06,2.70226e+06,8.03992e+06,0,0,0,2.28273e+08,74.2171,79.791,5.24404,0,0,2.43416,1.3754,0,1.88063,2.96352,8.46701e+06,3.61194e+06,2.06101e+07,0,0,0,6.20183e+07
85.139,85.139,7.77643,0.16,0.02,1.97393,3.03252,0,0.369811,5.32224,4.07419e+06,2.70226e+06,8.04216e+06,0,0,0,2.28273e+08,75.4486,79.791,6.00257,0,0,2.43416,1.37557,0,1.88063,2.96352,8.46701e+06,3.61194e+06,2.06101e+07,0,0,0,6.20183e+07
85.139,85.139,4.49345,0.12,0.02,2.2703,3.32872,0,0.369914,5.32224,4.07419e+06,2.70226e+06,9.24964e+06,0,0,0,2.28273e+08,75.7982,79.791,3.90303,0,0,2.59592,1.5375,0,1.88063,2.96352,8.46701e+06,3.61194e+06,2.19797e+07,0,0,0,6.20183e+07
85.1309,85.139,3.04061,0.12,0.02,2.43265,3.32914,0,0.425454,5.32224,4.07419e+06,2.70226e+06,9.91107e+06,0,0,0,2.28273e+08,76.221,79.791,4.17372,0,0,2.43418,1.53769,0,2.00561,2.96352,8.46701e+06,3.61194e+06,2.06102e+07,0,0,0,6.20183e+07
85.139,85.139,3.6512,0.2,0.02,2.43325,3.32955,0,0.455878,5.32224,4.07419e+06,2.70226e+06,9.91354e+06,0,0,0,2.28273e+08,77.0523,79.791,5.06928,0,0,2.43418,1.53789,0,1.88065,2.96352,8.46701e+06,3.61194e+06,2.06102e+07,0,0,0,6.20183e+07
85.139,85.139,5.17423,0.13,0.02,2.43386,3.32997,0,0.455992,5.32224,4.07419e+06,2.70226e+06,9.91602e+06,0,0,0,2.28273e+08,77.8466,79.791,5.64076,0,0,2.43418,1.53808,0,1.88065,2.96352,8.46701e+06,3.61194e+06,2.06102e+07,0,0,0,6.20183e+07
85.139,85.139,5.66468,0.15,0.02,2.01232,2.90823,0,0.456105,5.32224,4.07419e+06,2.70226e+06,8.19858e+06,0,0,0,2.28273e+08,78.9156,79.791,5.82452,0,0,2.21699,1.32108,0,1.88065,2.96352,8.46701e+06,3.61194e+06,1.87713e+07,0,0,0,6.20183e+07
85.139,85.139,5.24418,0.15,0.02,1.79569,2.9086,0,0.377109,5.32224,4.07419e+06,2.70226e+06,7.31597e+06,0,0,0,2.28273e+08,80.0423,79.791,6.24925,0,0,2.43416,1.32124,0,1.71285,2.96352,8.46701e+06,3.61194e+06,2.061e+07,0,0,0,6.20183e+07
85.139,85.139,6.1326,0.19,0.02,1.79621,2.90896,0,0.336511,5.32224,4.07419e+06,2.70226e+06,7.31812e+06,0,0,0,2.28273e+08,80.8192,79.791,5.54307,0,0,2.43416,1.32141,0,1.88063,2.96352,8.46701e+06,3.61194e+06,2.061e+07,0,0,0,6.20183e+07
85.139,85.139,5.02698,0.21,0.02,1.79674,2.90932,0,0.33661,5.32224,4.07419e+06,2.70226e+06,7.32027e+06,0,0,0,2.28273e+08,80.8192,79.791,4.87837,0,0,2.43416,1.32157,0,1.88063,2.96352,8.46701e+06,3.61194e+06,2.061e+07,0,0,0,6.20183e+07
85.139,85.139,4.1597,0.25,0.02,1.79727,2.90969,0,0.336709,5.32224,4.07419e+06,2.70226e+06,7.32242e+06,0,0,0,2.28273e+08,80.8192,79.791,4.37966,0,0,2.43416,1.32174,0,1.88063,2.96352,8.46701e+06,3.61194e+06,2.061e+07,0,0,0,6.20183e+07
85.139,85.139,3.50802,0.27,0.02,1.90412,3.01638,0,0.336808,5.32224,4.07419e+06,2.70226e+06,7.75777e+06,0,0,0,2.28273e+08,80.8192,79.791,3.60284,0,0,2.48732,1.37507,0,1.88063,2.96352,8.46701e+06,3.61194e+06,2.10602e+07,0,0,0,6.20183e+07
85.139,85.139,2.8163,0.26,0.02,1.95783,3.01675,0,0.356833,5.32224,4.07419e+06,2.70226e+06,7.97659e+06,0,0,0,2.28273e+08,80.8192,79.791,3.26405,0,0,2.43416,1.37524,0,1.92171,2.96352,8.46701e+06,3.61194e+06,2.06101e+07,0,0,0,6.20183e+07
85.139,85.139,2.90165,0.24,0.02,1.95838,3.01713,0,0.366898,5.32224,4.07419e+06,2.70226e+06,7.97882e+06,0,0,0,2.28273e+08,80.8192,79.791,3.30474,0,0,2.43416,1.37541,0,1.88063,2.96352,8.46701e+06,3.61194e+06,2.06101e+07,0,0,0,6.20183e+07
85.139,85.139,2.84819,0.23,0.02,1.95893,3.01751,0,0.367,5.32224,4.07419e+06,2.70226e+06,7.98105e+06,0,0,0,2.28273e+08,80.782,79.791,3.04572,0,0,2.43416,1.37559,0,1.88063,2.96352,8.46701e+06,3.61194e+06,2.06101e+07,0,0,0,6.20183e+07
85.0156,85.139,2.27221,0.2,0.02,1.91788,2.97629,0,0.367103,5.32224,4.07419e+06,2.70226e+06,7.81382e+06,0,0,0,2.28273e+08,80.5342,79.791,2.38664,0,0,2.4135,1.3551,0,1.88063,2.96352,8.46701e+06,3.61194e+06,2.04352e+07,0,0,0,6.20183e+07
84.8235,85.139,2.09142,0.32,0.02,1.89777,2.97666,0,0.359411,5.32224,4.07419e+06,2.70226e+06,7.73187e+06,0,0,0,2.28273e+08,80.3178,79.791,2.1689,0,0,2.43416,1.35527,0,1.86467,2.96352,8.46701e+06,3.61194e+06,2.06101e+07,0,0,0,6.20183e+07
84.5827,85.139,2.03899,0.28,0.02,1.89831,2.97703,0,0.355641,5.32224,4.07419e+06,2.70226e+06,7.73407e+06,0,0,0,2.28273e+08,80.1151,79.791,2.44587,0,0,2.43416,1.35544,0,1.88063,2.96352,8.46701e+06,3.61194e+06,2.06101e+07,0,0,0,6.20183e+07
84.3101,85.139,2.00298,0.24,0.02,1.89885,2.9774,0,0.355743,5.32224,4.07419e+06,2.70226e+06,7.73627e+06,0,0,0,2.28273e+08,79.6926,79.791,2.21477,0,0,2.43416,1.3556,0,1.88063,2.96352,8.46701e+06,3.61194e+06,2.06101e+07,0,0,0,6.20183e+07
83.7688,85.139,1.85516,0.22,0.02,2.04064,3.11903,0,0.355844,5.32224,4.07419e+06,2.70226e+06,8.31398e+06,0,0,0,2.28273e+08,79.0835,79.791,1.87934,0,0,2.50746,1.42907,0,1.88063,2.96352,8.46701e+06,3.61194e+06,2.12307e+07,0,0,0,6.20183e+07
82.983,85.139,1.63035,0.2,0.02,2.1145,3.11942,0,0.382417,5.32224,4.07419e+06,2.70226e+06,8.6149e+06,0,0,0,2.28273e+08,78.4359,79.791,1.64496,0,0,2.43417,1.42925,0,1.93726,2.96352,8.46701e+06,3.61194e+06,2.06101e+07,0,0,0,6.20183e+07
82.1077,85.139,1.50671,0.19,0.02,2.11507,3.11981,0,0.396258,5.32224,4.07419e+06,2.70226e+06,8.61721e+06,0,0,0,2.28273e+08,77.753,79.791,1.65398,0,0,2.43417,1.42943,0,1.88064,2.96352,8.46701e+06,3.61194e+06,2.06101e+07,0,0,0,6.20183e+07
81.1919,85.139,1.45824,0.17,0.02,2.11564,3.1202,0,0.396364,5.32224,4.07419e+06,2.70226e+06,8.61952e+06,0,0,0,2.28273e+08,77.0379,79.791,1.64147,0,0,2.43417,1.42961,0,1.88064,2.96352,8.46701e+06,3.61194e+06,2.06101e+07,0,0,0,6.20183e+07
80.1561,85.139,1.3134,0.17,0.02,2.11621,3.12059,0,0.396471,5.32224,4.07419e+06,2.70226e+06,8.62183e+06,0,0,0,2.28273e+08,76.186,79.791,1.49854,0,0,2.43417,1.42979,0,1.88064,2.96352,8.46701e+06,3.61194e+06,2.06101e+07,0,0,0,6.20183e+07
79.0426,85.139,1.18587,0.16,0.02,2.08882,3.09303,0,0.396577,5.32224,4.07419e+06,2.70226e+06,8.51026e+06,0,0,0,2.28273e+08,75.2971,79.791,1.37356,0,0,2.47448,1.47028,0,1.88064,2.96352,8.46701e+06,3.61194e+06,2.09515e+07,0,0,0,6.20183e+07
77.8101,85.139,1.09429,0.21,0.02,2.1297,3.09341,0,0.391445,5.32224,4.07419e+06,2.70226e+06,8.6768e+06,0,0,0,2.28273e+08,74.2748,79.791,1.36359,0,0,2.43418,1.47046,0,1.91179,2.96352,8.46701e+06,3.61194e+06,2.06102e+07,0,0,0,6.20183e+07
76.4916,85.139,0.99945,0.22,0.02,2.13027,3.0938,0,0.399105,5.32224,4.07419e+06,2.70226e+06,8.67912e+06,0,0,0,2.28273e+08,73.226,79.791,1.21168,0,0,2.43418,1.47065,0,1.88064,2.96352,8.46701e+06,3.61194e+06,2.06102e+07,0,0,0,6.20183e+07
75.1181,85.139,0.916874,0.22,0.02,2.13084,3.09418,0,0.399212,5.32224,4.07419e+06,2.70226e+06,8.68144e+06,0,0,0,2.28273e+08,72.0739,79.791,1.18972,0,0,2.43418,1.47083,0,1.88064,2.96352,8.46701e+06,3.61194e+06,2.06102e+07,0,0,0,6.20183e+07
73.7887,85.139,0.99937,0.2,0.02,2.20363,3.16679,0,0.399319,5.32224,4.07419e+06,2.70226e+06,8.97801e+06,0,0,0,2.28273e+08,70.9322,79.791,1.15728,0,0,2.47012,1.50696,0,1.88064,2.96352,8.46701e+06,3.61194e+06,2.09145e+07,0,0,0,6.20183e+07
72.3969,85.139,0.955504,0.2,0.02,2.24015,3.16719,0,0.41296,5.32224,4.07419e+06,2.70226e+06,9.12681e+06,0,0,0,2.28273e+08,69.7487,79.791,1.16603,0,0,2.43418,1.50715,0,1.90842,2.96352,8.46701e+06,3.61194e+06,2.06102e+07,0,0,0,6.20183e+07
70.8982,85.139,0.83755,0.21,0.02,2.24073,3.16758,0,0.419804,5.32224,4.07419e+06,2.70226e+06,9.12919e+06,0,0,0,2.28273e+08,68.518,79.791,1.07318,0,0,2.43418,1.50733,0,1.88065,2.96352,8.46701e+06,3.61194e+06,2.06102e+07,0,0,0,6.20183e+07
69.352,85.139,0.773578,0.22,0.02,2.24132,3.16798,0,0.419914,5.32224,4.07419e+06,2.70226e+06,9.13156e+06,0,0,0,2.28273e+08,67.2892,79.791,1.03666,0,0,2.43418,1.50752,0,1.88065,2.96352,8.46701e+06,3.61194e+06,2.06102e+07,0,0,0,6.20183e+07
67.5466,85.139,0.673498,0.19,0.02,2.4535,3.37997,0,0.420023,5.32224,4.07419e+06,2.70226e+06,9.99605e+06,0,0,0,2.28273e+08,66.226,79.791,1.007,0,0,2.56399,1.63752,0,1.88065,2.96352,8.46701e+06,3.61194e+06,2.17093e+07,0,0,0,6.20183e+07
65.7481,85.139,0.795182,0.22,0.02,2.58392,3.38039,0,0.459786,5.32224,4.07419e+06,2.70226e+06,1.05274e+07,0,0,0,2.28273e+08,64.9751,79.791,1.25966,0,0,2.4342,1.63772,0,1.98094,2.96352,8.46701e+06,3.61194e+06,2.06104e+07,0,0,0,6.20183e+07
63.8185,85.139,0.64838,0.22,0.02,2.58455,3.38082,0,0.484227,5.32224,4.07419e+06,2.70226e+06,1.05299e+07,0,0,0,2.28273e+08,64.1699,79.791,0.891839,0,0,2.4342,1.63793,0,1.88066,2.96352,8.46701e+06,3.61194e+06,2.06104e+07,0,0,0,6.20183e+07
62.0512,85.139,0.789613,0.23,0.02,2.58517,3.38124,0,0.484344,5.32224,4.07419e+06,2.70226e+06,1.05325e+07,0,0,0,2.28273e+08,63.1475,79.791,1.62393,0,0,2.4342,1.63813,0,1.88066,2.96352,8.46701e+06,3.61194e+06,2.06104e+07,0,0,0,6.20183e+07
60.1268,85.139,0.629129,0.29,0.02,2.5858,3.38166,0,0.484461,5.32224,4.07419e+06,2.70226e+06,1.0535e+07,0,0,0,2.28273e+08,62.2133,79.791,1.10052,0,0,2.4342,1.63833,0,1.88066,2.96352,8.46701e+06,3.61194e+06,2.06104e+07,0,0,0,6.20183e+07
58.4158,85.139,0.768174,0.29,0.02,2.48323,3.27889,0,0.484579,5.32224,4.07419e+06,2.70226e+06,1.01172e+07,0,0,0,2.28273e+08,61.4506,79.791,1.30824,0,0,2.35536,1.5597,0,1.88066,2.96352,8.46701e+06,3.61194e+06,1.99428e+07,0,0,0,6.20183e+07
56.7413,85.139,0.743758,0.28,0.02,2.40501,3.2793,0,0.465358,5.32224,4.07419e+06,2.70226e+06,9.79847e+06,0,0,0,2.28273e+08,60.2543,79.791,1.45808,0,0,2.43419,1.5599,0,1.81975,2.96352,8.46701e+06,3.61194e+06,2.06103e+07,0,0,0,6.20183e+07
54.811,85.139,0.448995,0.34,0.02,2.40561,3.27971,0,0.450699,5.32224,4.07419e+06,2.70226e+06,9.80093e+06,0,0,0,2.28273e+08,59.0539,79.791,0.890645,0,0,2.43419,1.56009,0,1.88065,2.96352,8.46701e+06,3.61194e+06,2.06103e+07,0,0,0,6.20183e+07
53.0213,85.139,0.603644,0.32,0.02,2.40622,3.28012,0,0.450812,5.32224,4.07419e+06,2.70226e+06,9.80339e+06,0,0,0,2.28273e+08,57.9676,79.791,1.08385,0,0,2.43419,1.56028,0,1.88065,2.96352,8.46701e+06,3.61194e+06,2.06103e+07,0,0,0,6.20183e+07
51.7342,85.139,1.06083,0.32,0.02,2.32208,3.19578,0,0.450925,5.32224,4.07419e+06,2.70226e+06,9.46059e+06,0,0,0,2.28273e+08,56.7333,79.791,1.01402,0,0,2.36239,1.48868,0,1.88065,2.96352,8.46701e+06,3.61194e+06,2.00024e+07,0,0,0,6.20183e+07
50.2082,85.139,0.741043,0.34,0.02,2.25087,3.19618,0,0.435157,5.32224,4.07419e+06,2.70226e+06,9.17049e+06,0,0,0,2.28273e+08,56.0618,79.791,0.962352,0,0,2.43418,1.48887,0,1.82518,2.96352,8.46701e+06,3.61194e+06,2.06102e+07,0,0,0,6.20183e+07
50.2198,85.139,2.2949,0.39,0.02,2.19302,3.19658,0,0.421813,5.32224,4.07419e+06,2.7881e+06,8.93478e+06,0,0,0,2.28273e+08,55.4786,79.791,3.02086,0,0,2.40696,1.48905,0,1.88065,2.96352,8.46701e+06,3.72668e+06,2.03797e+07,0,0,0,6.20183e+07
49.816,85.139,1.88314,0.39,0.02,2.1936,3.19698,0,0.410972,5.32224,4.07419e+06,2.7881e+06,8.93713e+06,0,0,0,2.28273e+08,55.1744,79.791,1.63783,0,0,2.40695,1.48924,0,1.85961,2.96352,8.46701e+06,3.72668e+06,2.03797e+07,0,0,0,6.20183e+07
50.1485,85.139,2.35691,0.4,0.02,1.74157,2.95658,0,0.41108,5.32224,4.07419e+06,3.34572e+06,7.0955e+06,0,0,0,2.28273e+08,55.0605,79.791,2.74534,0,0,2.1621,1.33982,0,1.85961,2.96352,8.46701e+06,4.47202e+06,1.83065e+07,0,0,0,6.20183e+07
51.349,85.139,3.34571,0.39,0.02,1.80872,2.95695,0,0.32637,5.32224,4.07419e+06,2.7881e+06,7.36906e+06,0,0,0,2.28273e+08,55.3293,79.791,5.23967,0,0,2.40966,1.33998,0,1.67044,2.96352,8.46701e+06,3.72668e+06,2.04026e+07,0,0,0,6.20183e+07
51.8765,85.139,2.69608,0.37,0.02,1.86331,2.95732,0,0.338953,5.32224,4.07419e+06,2.70226e+06,7.59148e+06,0,0,0,2.28273e+08,54.9062,79.791,2.81218,0,0,2.43416,1.34015,0,1.8617,2.96352,8.46701e+06,3.61194e+06,2.061e+07,0,0,0,6.20183e+07
52.2387,85.139,2.46844,0.39,0.02,1.80977,2.95769,0,0.349184,5.32224,4.07419e+06,2.7881e+06,7.37337e+06,0,0,0,2.28273e+08,54.4361,79.791,2.16009,0,0,2.40966,1.34032,0,1.88063,2.96352,8.46701e+06,3.72668e+06,2.04026e+07,0,0,0,6.20183e+07
53.6648,85.139,3.47832,0.43,0.02,1.59399,2.95805,0,0.339152,5.32224,4.07419e+06,3.34572e+06,6.49423e+06,0,0,0,2.28273e+08,54.1449,79.791,2.67621,0,0,2.31163,1.34049,0,1.8617,2.96352,8.46701e+06,4.47202e+06,1.95726e+07,0,0,0,6.20183e+07
58.129,85.139,6.95145,0.44,0.02,1.67869,3.05109,0,0.298714,5.32224,4.07419e+06,3.34572e+06,6.83932e+06,0,0,0,2.28273e+08,55.8895,79.791,7.77997,0,0,2.35099,1.384,0,1.78596,2.96352,8.46701e+06,4.47202e+06,1.99059e+07,0,0,0,6.20183e+07
61.5057,85.139,5.73891,0.4,0.02,1.72253,3.05145,0,0.314587,5.32224,4.07419e+06,3.34572e+06,7.01791e+06,0,0,0,2.28273e+08,56.3899,79.791,4.60156,0,0,2.30763,1.38416,0,1.81638,2.96352,8.46701e+06,4.47202e+06,1.95387e+07,0,0,0,6.20183e+07
64.2402,85.139,5.07227,0.42,0.02,1.72301,3.05181,0,0.322802,5.32224,4.07419e+06,3.34572e+06,7.01989e+06,0,0,0,2.28273e+08,56.6509,79.791,3.99118,0,0,2.30762,1.38432,0,1.78288,2.96352,8.46701e+06,4.47202e+06,1.95386e+07,0,0,0,6.20183e+07
65.9827,85.139,4.21244,0.38,0.02,2.00249,3.05216,0,0.322893,5.32224,4.07419e+06,2.70226e+06,8.15854e+06,0,0,0,2.28273e+08,56.7409,79.791,3.4739,0,0,2.43415,1.38448,0,1.78286,2.96352,8.46701e+06,3.61194e+06,2.061e+07,0,0,0,6.20183e+07
68.4842,85.139,5.04574,0.4,0.02,1.99451,3.35026,0,0.375267,5.32224,4.07419e+06,3.34572e+06,8.12601e+06,0,0,0,2.28273e+08,57.2282,79.791,3.87899,0,0,2.45551,1.54745,0,1.88063,2.96352,8.46701e+06,4.47202e+06,2.07908e+07,0,0,0,6.20183e+07
69.694,85.139,4.11171,0.37,0.02,2.46411,3.35065,0,0.373771,5.32224,4.07419e+06,2.70226e+06,1.00392e+07,0,0,0,2.28273e+08,57.3989,79.791,3.0889,0,0,2.43417,1.54763,0,1.89713,2.96352,8.46701e+06,3.61194e+06,2.06102e+07,0,0,0,6.20183e+07
70.4795,85.139,3.62647,0.39,0.02,2.40342,3.35104,0,0.461774,5.32224,4.07419e+06,2.7881e+06,9.79199e+06,0,0,0,2.28273e+08,57.3904,79.791,2.72993,0,0,2.40588,1.54781,0,1.88064,2.96352,8.46701e+06,3.72668e+06,2.03706e+07,0,0,0,6.20183e+07
71.5451,85.139,3.77149,0.4,0.02,2.1589,3.35143,0,0.4504,5.32224,4.07419e+06,3.34572e+06,8.7958e+06,0,0,0,2.28273e+08,57.7134,79.791,2.98405,0,0,2.29267,1.54799,0,1.85878,2.96352,8.46701e+06,4.47202e+06,1.94121e+07,0,0,0,6.20183e+07
76.5388,85.139,7.49742,0.41,0.02,1.77341,2.92696,0,0.404579,5.32224,4.07419e+06,3.34572e+06,7.22523e+06,0,0,0,2.28273e+08,60.6465,79.791,7.52699,0,0,2.09405,1.32959,0,1.77132,2.96352,8.46701e+06,4.47202e+06,1.77303e+07,0,0,0,6.20183e+07
80.8948,85.139,7.02961,0.39,0.02,1.76938,2.9273,0,0.332338,5.32224,4.07419e+06,2.7881e+06,7.2088e+06,0,0,0,2.28273e+08,63.2116,79.791,6.46145,0,0,2.40984,1.32974,0,1.61786,2.96352,8.46701e+06,3.72668e+06,2.04041e+07,0,0,0,6.20183e+07
83.2401,85.139,5.0387,0.32,0.02,1.82339,2.92765,0,0.331582,5.32224,4.07419e+06,2.70226e+06,7.42886e+06,0,0,0,2.28273e+08,64.7909,79.791,5.09918,0,0,2.43415,1.3299,0,1.86184,2.96352,8.46701e+06,3.61194e+06,2.06099e+07,0,0,0,6.20183e+07
85.139,85.139,6.00642,0.35,0.02,1.82389,2.92799,0,0.341704,5.32224,4.07419e+06,2.70226e+06,7.43089e+06,0,0,0,2.28273e+08,66.5599,79.791,5.41737,0,0,2.43415,1.33005,0,1.88062,2.96352,8.46701e+06,3.61194e+06,2.06099e+07,0,0,0,6.20183e+07
85.139,85.139,4.27299,0.27,0.02,1.82439,2.92833,0,0.341798,5.32224,4.07419e+06,2.70226e+06,7.43292e+06,0,0,0,2.28273e+08,67.4866,79.791,4.19697,0,0,2.43415,1.33021,0,1.88062,2.96352,8.46701e+06,3.61194e+06,2.06099e+07,0,0,0,6.20183e+07
85.139,85.139,2.96061,0.29,0.02,1.9319,3.03568,0,0.341891,5.32224,4.07419e+06,2.70226e+06,7.87092e+06,0,0,0,2.28273e+08,68.0604,79.791,2.95213,0,0,2.48765,1.38387,0,1.88062,2.96352,8.46701e+06,3.61194e+06,2.1063e+07,0,0,0,6.20183e+07
85.139,85.139,4.59474,0.28,0.02,1.98591,3.03604,0,0.362038,5.32224,4.07419e+06,2.70226e+06,8.091e+06,0,0,0,2.28273e+08,69.6949,79.791,5.17856,0,0,2.43415,1.38403,0,1.92196,2.96352,8.46701e+06,3.61194e+06,2.061e+07,0,0,0,6.20183e+07
85.139,85.139,3.31565,0.26,0.02,1.98643,3.03639,0,0.37216,5.32224,4.07419e+06,2.70226e+06,8.09311e+06,0,0,0,2.28273e+08,70.2048,79.791,3.49132,0,0,2.43415,1.38419,0,1.88063,2.96352,8.46701e+06,3.61194e+06,2.061e+07,0,0,0,6.20183e+07
85.139,85.139,2.78243,0.25,0.02,1.98695,3.03675,0,0.372257,5.32224,4.07419e+06,2.70226e+06,8.09521e+06,0,0,0,2.28273e+08,70.128,79.791,2.77457,0,0,2.43415,1.38436,0,1.88063,2.96352,8.46701e+06,3.61194e+06,2.061e+07,0,0,0,6.20183e+07
85.139,85.139,2.37319,0.22,0.02,1.94561,2.99524,0,0.372354,5.32224,4.07419e+06,2.70226e+06,7.92678e+06,0,0,0,2.28273e+08,69.568,79.791,2.04495,0,0,2.41336,1.36373,0,1.88063,2.96352,8.46701e+06,3.61194e+06,2.0434e+07,0,0,0,6.20183e+07
85.0508,85.139,2.16117,0.21,0.02,1.92533,2.99559,0,0.364607,5.32224,4.07419e+06,2.70226e+06,7.84416e+06,0,0,0,2.28273e+08,69.0483,79.791,1.80691,0,0,2.43415,1.36389,0,1.86456,2.96352,8.46701e+06,3.61194e+06,2.061e+07,0,0,0,6.20183e+07
84.925,85.139,2.10619,0.31,0.02,1.92584,2.99594,0,0.360807,5.32224,4.07419e+06,2.70226e+06,7.84624e+06,0,0,0,2.28273e+08,68.4733,79.791,1.97655,0,0,2.43415,1.36405,0,1.88063,2.96352,8.46701e+06,3.61194e+06,2.061e+07,0,0,0,6.20183e+07
84.6694,85.139,1.9668,0.26,0.02,1.92635,2.99629,0,0.360902,5.32224,4.07419e+06,2.70226e+06,7.84832e+06,0,0,0,2.28273e+08,67.8926,79.791,1.83449,0,0,2.43415,1.36421,0,1.88063,2.96352,8.46701e+06,3.61194e+06,2.061e+07,0,0,0,6.20183e+07
84.3301,85.139,2.00965,0.24,0.02,2.06901,3.1388,0,0.360998,5.32224,4.07419e+06,2.70226e+06,8.42955e+06,0,0,0,2.28273e+08,67.1973,79.791,1.75646,0,0,2.50792,1.43813,0,1.88063,2.96352,8.46701e+06,3.61194e+06,2.12345e+07,0,0,0,6.20183e+07
83.8465,85.139,1.92166,0.21,0.02,2.1433,3.13916,0,0.387733,5.32224,4.07419e+06,2.70226e+06,8.73223e+06,0,0,0,2.28273e+08,66.4531,79.791,1.64098,0,0,2.43416,1.4383,0,1.93762,2.96352,8.46701e+06,3.61194e+06,2.061e+07,0,0,0,6.20183e+07
83.1641,85.139,1.71133,0.21,0.02,2.14384,3.13953,0,0.401655,5.32224,4.07419e+06,2.70226e+06,8.73441e+06,0,0,0,2.28273e+08,65.6274,79.791,1.50465,0,0,2.43416,1.43847,0,1.88063,2.96352,8.46701e+06,3.61194e+06,2.061e+07,0,0,0,6.20183e+07
82.4441,85.139,1.61161,0.19,0.02,2.14437,3.1399,0,0.401755,5.32224,4.07419e+06,2.70226e+06,8.7366e+06,0,0,0,2.28273e+08,64.8146,79.791,1.44586,0,0,2.43416,1.43864,0,1.88063,2.96352,8.46701e+06,3.61194e+06,2.061e+07,0,0,0,6.20183e+07
81.6359,85.139,1.53102,0.19,0.02,2.14491,3.14027,0,0.401856,5.32224,4.07419e+06,2.70226e+06,8.73878e+06,0,0,0,2.28273e+08,64.2955,79.791,1.54539,0,0,2.43416,1.4388,0,1.88063,2.96352,8.46701e+06,3.61194e+06,2.061e+07,0,0,0,6.20183e+07
80.7633,85.139,1.46777,0.18,0.02,2.11732,3.1125,0,0.401956,5.32224,4.07419e+06,2.70226e+06,8.62636e+06,0,0,0,2.28273e+08,63.859,79.791,1.89924,0,0,2.47473,1.47954,0,1.88063,2.96352,8.46701e+06,3.61194e+06,2.09535e+07,0,0,0,6.20183e+07
79.7888,85.139,1.36851,0.19,0.02,2.15842,3.11287,0,0.396785,5.32224,4.07419e+06,2.70226e+06,8.7938e+06,0,0,0,2.28273e+08,63.3733,79.791,1.81886,0,0,2.43417,1.47971,0,1.91197,2.96352,8.46701e+06,3.61194e+06,2.06101e+07,0,0,0,6.20183e+07
78.6749,85.139,1.20918,0.18,0.02,2.15895,3.11323,0,0.404487,5.32224,4.07419e+06,2.70226e+06,8.79599e+06,0,0,0,2.28273e+08,62.8867,79.791,1.78058,0,0,2.43417,1.47988,0,1.88064,2.96352,8.46701e+06,3.61194e+06,2.06101e+07,0,0,0,6.20183e+07
77.5482,85.139,1.18609,0.24,0.02,2.15949,3.1136,0,0.404588,5.32224,4.07419e+06,2.70226e+06,8.79818e+06,0,0,0,2.28273e+08,62.3826,79.791,1.81141,0,0,2.43417,1.48006,0,1.88064,2.96352,8.46701e+06,3.61194e+06,2.06101e+07,0,0,0,6.20183e+07
76.4108,85.139,1.23929,0.22,0.02,2.2327,3.18664,0,0.404688,5.32224,4.07419e+06,2.70226e+06,9.09646e+06,0,0,0,2.28273e+08,62.0767,79.791,1.94718,0,0,2.47034,1.5164,0,1.88064,2.96352,8.46701e+06,3.61194e+06,2.09163e+07,0,0,0,6.20183e+07
75.2197,85.139,1.21023,0.22,0.02,2.26942,3.18701,0,0.418408,5.32224,4.07419e+06,2.70226e+06,9.24605e+06,0,0,0,2.28273e+08,61.6954,79.791,1.97259,0,0,2.43417,1.51658,0,1.90858,2.96352,8.46701e+06,3.61194e+06,2.06101e+07,0,0,0,6.20183e+07
73.9623,85.139,1.12976,0.19,0.02,2.26997,3.18738,0,0.425289,5.32224,4.07419e+06,2.70226e+06,9.24829e+06,0,0,0,2.28273e+08,61.1707,79.791,1.85951,0,0,2.43417,1.51676,0,1.88064,2.96352,8.46701e+06,3.61194e+06,2.06101e+07,0,0,0,6.20183e+07
72.6252,85.139,1.03688,0.19,0.02,2.27052,3.18775,0,0.425392,5.32224,4.07419e+06,2.70226e+06,9.25053e+06,0,0,0,2.28273e+08,60.8653,79.791,1.75827,0,0,2.43417,1.51693,0,1.88064,2.96352,8.46701e+06,3.61194e+06,2.06101e+07,0,0,0,6.20183e+07
71.2786,85.139,1.20446,0.21,0.02,2.48399,3.40105,0,0.425495,5.32224,4.07419e+06,2.70226e+06,1.01203e+07,0,0,0,2.28273e+08,60.6681,79.791,2.15739,0,0,2.56479,1.64773,0,1.88064,2.96352,8.46701e+06,3.61194e+06,2.17161e+07,0,0,0,6.20183e+07
69.8529,85.139,1.25412,0.2,0.02,2.61518,3.40145,0,0.4655,5.32224,4.07419e+06,2.70226e+06,1.06548e+07,0,0,0,2.28273e+08,60.2861,79.791,2.17368,0,0,2.43418,1.64792,0,1.98155,2.96352,8.46701e+06,3.61194e+06,2.06103e+07,0,0,0,6.20183e+07
68.2037,85.139,1.03247,0.2,0.02,2.61577,3.40184,0,0.490085,5.32224,4.07419e+06,2.70226e+06,1.06572e+07,0,0,0,2.28273e+08,59.9559,79.791,1.73379,0,0,2.43418,1.64811,0,1.88065,2.96352,8.46701e+06,3.61194e+06,2.06103e+07,0,0,0,6.20183e+07
66.7424,85.139,1.19586,0.2,0.02,2.61636,3.40224,0,0.490196,5.32224,4.07419e+06,2.70226e+06,1.06596e+07,0,0,0,2.28273e+08,59.9258,79.791,2.6091,0,0,2.43418,1.64831,0,1.88065,2.96352,8.46701e+06,3.61194e+06,2.06103e+07,0,0,0,6.20183e+07
65.1745,85.139,1.06962,0.25,0.02,2.61695,3.40264,0,0.490306,5.32224,4.07419e+06,2.70226e+06,1.0662e+07,0,0,0,2.28273e+08,59.489,79.791,2.02124,0,0,2.43418,1.6485,0,1.88065,2.96352,8.46701e+06,3.61194e+06,2.06103e+07,0,0,0,6.20183e+07
63.9782,85.139,1.37878,0.25,0.02,2.51371,3.29921,0,0.490417,5.32224,4.07419e+06,2.70226e+06,1.02414e+07,0,0,0,2.28273e+08,59.2118,79.791,1.78976,0,0,2.35486,1.56937,0,1.88065,2.96352,8.46701e+06,3.61194e+06,1.99386e+07,0,0,0,6.20183e+07
62.9911,85.139,1.56177,0.25,0.02,2.43497,3.29959,0,0.47107,5.32224,4.07419e+06,2.70226e+06,9.92053e+06,0,0,0,2.28273e+08,59.2435,79.791,2.48998,0,0,2.43418,1.56955,0,1.81936,2.96352,8.46701e+06,3.61194e+06,2.06102e+07,0,0,0,6.20183e+07
61.9405,85.139,1.50235,0.26,0.02,2.43554,3.29998,0,0.456313,5.32224,4.07419e+06,2.70226e+06,9.92285e+06,0,0,0,2.28273e+08,59.2496,79.791,2.37488,0,0,2.43418,1.56973,0,1.88064,2.96352,8.46701e+06,3.61194e+06,2.06102e+07,0,0,0,6.20183e+07
61.0786,85.139,1.74212,0.3,0.02,2.43611,3.30037,0,0.45642,5.32224,4.07419e+06,2.70226e+06,9.92517e+06,0,0,0,2.28273e+08,59.544,79.791,3.00383,0,0,2.43418,1.56992,0,1.88064,2.96352,8.46701e+06,3.61194e+06,2.06102e+07,0,0,0,6.20183e+07
61.3747,85.139,2.86308,0.3,0.02,2.35141,3.21549,0,0.456526,5.32224,4.07419e+06,2.70226e+06,9.5801e+06,0,0,0,2.28273e+08,59.5267,79.791,2.51919,0,0,2.36194,1.49786,0,1.88064,2.96352,8.46701e+06,3.61194e+06,1.99985e+07,0,0,0,6.20183e+07
61.456,85.139,2.54118,0.32,0.02,2.27973,3.21586,0,0.440654,5.32224,4.07419e+06,2.70226e+06,9.28806e+06,0,0,0,2.28273e+08,59.2786,79.791,2.43725,0,0,2.43417,1.49804,0,1.82483,2.96352,8.46701e+06,3.61194e+06,2.06101e+07,0,0,0,6.20183e+07
65.331,85.139,6.48171,0.31,0.02,2.28028,3.21624,0,0.427221,5.32224,4.07419e+06,2.70226e+06,9.29031e+06,0,0,0,2.28273e+08,60.3112,79.791,7.37178,0,0,2.43417,1.49821,0,1.88064,2.96352,8.46701e+06,3.61194e+06,2.06101e+07,0,0,0,6.20183e+07
70.2547,85.139,7.63099,0.27,0.02,2.28083,3.21661,0,0.427325,5.32224,4.07419e+06,2.70226e+06,9.29255e+06,0,0,0,2.28273e+08,61.895,79.791,6.15925,0,0,2.43417,1.49839,0,1.88064,2.96352,8.46701e+06,3.61194e+06,2.06101e+07,0,0,0,6.20183e+07
72.5776,85.139,4.8012,0.26,0.02,2.03911,2.97471,0,0.427428,5.32224,4.07419e+06,2.70226e+06,8.30772e+06,0,0,0,2.28273e+08,62.8344,79.791,5.07537,0,0,2.28364,1.34804,0,1.88064,2.96352,8.46701e+06,3.61194e+06,1.93356e+07,0,0,0,6.20183e+07
73.7954,85.139,3.61417,0.28,0.02,1.88911,2.97506,0,0.382129,5.32224,4.07419e+06,2.70226e+06,7.69658e+06,0,0,0,2.28273e+08,63.9998,79.791,5.53714,0,0,2.43415,1.34819,0,1.76434,2.96352,8.46701e+06,3.61194e+06,2.061e+07,0,0,0,6.20183e+07
75.815,85.139,4.36704,0.23,0.02,1.88961,2.97541,0,0.354018,5.32224,4.07419e+06,2.70226e+06,7.69864e+06,0,0,0,2.28273e+08,65.2979,79.791,6.05033,0,0,2.43415,1.34835,0,1.88062,2.96352,8.46701e+06,3.61194e+06,2.061e+07,0,0,0,6.20183e+07
77.7524,85.139,4.45975,0.23,0.02,1.89012,2.97576,0,0.354113,5.32224,4.07419e+06,2.70226e+06,7.7007e+06,0,0,0,2.28273e+08,66.3826,79.791,5.80184,0,0,2.43415,1.34851,0,1.88062,2.96352,8.46701e+06,3.61194e+06,2.061e+07,0,0,0,6.20183e+07
85.139,85.139,13.458,0.25,0.02,1.89062,2.97611,0,0.354208,5.32224,4.07419e+06,2.70226e+06,7.70276e+06,0,0,0,2.28273e+08,69.9006,79.791,11.4842,0,0,2.43415,1.34867,0,1.88062,2.96352,8.46701e+06,3.61194e+06,2.061e+07,0,0,0,6.20183e+07
85.139,85.139,13.2452,0.15,0.02,1.98436,3.06969,0,0.354303,5.32224,4.07419e+06,2.70226e+06,8.08468e+06,0,0,0,2.28273e+08,73.5962,79.791,15.1766,0,0,2.47776,1.39243,0,1.88062,2.96352,8.46701e+06,3.61194e+06,2.09792e+07,0,0,0,6.20183e+07
85.139,85.139,13.133,0.14,0.02,2.02846,3.07002,0,0.371869,5.32224,4.07419e+06,2.70226e+06,8.26435e+06,0,0,0,2.28273e+08,76.3006,79.791,14.4075,0,0,2.43414,1.39258,0,1.91432,2.96352,8.46701e+06,3.61194e+06,2.06099e+07,0,0,0,6.20183e+07
85.139,85.139,8.57218,0.14,0.02,2.02895,3.07036,0,0.380134,5.32224,4.07419e+06,2.70226e+06,8.26634e+06,0,0,0,2.28273e+08,77.5794,79.791,7.77243,0,0,2.43414,1.39274,0,1.88062,2.96352,8.46701e+06,3.61194e+06,2.06099e+07,0,0,0,6.20183e+07
85.139,85.139,7.42973,0.14,0.02,2.02944,3.07069,0,0.380225,5.32224,4.07419e+06,2.70226e+06,8.26833e+06,0,0,0,2.28273e+08,78.4554,79.791,5.81621,0,0,2.43414,1.39289,0,1.88062,2.96352,8.46701e+06,3.61194e+06,2.06099e+07,0,0,0,6.20183e+07
85.139,85.139,6.0376,0.14,0.02,2.32947,3.37057,0,0.380317,5.32224,4.07419e+06,2.70226e+06,9.49071e+06,0,0,0,2.28273e+08,80.8192,79.791,9.94472,0,0,2.59794,1.55683,0,1.88062,2.96352,8.46701e+06,3.61194e+06,2.19967e+07,0,0,0,6.20183e+07
85.139,85.139,7.10418,0.15,0.02,2.49378,3.37094,0,0.436542,5.32224,4.07419e+06,2.70226e+06,1.01601e+07,0,0,0,2.28273e+08,80.8192,79.791,10.8508,0,0,2.43416,1.557,0,2.00717,2.96352,8.46701e+06,3.61194e+06,2.06101e+07,0,0,0,6.20183e+07
85.139,85.139,6.42676,0.15,0.02,2.49432,3.37131,0,0.467335,5.32224,4.07419e+06,2.70226e+06,1.01623e+07,0,0,0,2.28273e+08,80.8192,79.791,13.046,0,0,2.43416,1.55717,0,1.88063,2.96352,8.46701e+06,3.61194e+06,2.06101e+07,0,0,0,6.20183e+07
85.139,85.139,9.89151,0.15,0.02,2.49486,3.37168,0,0.467436,5.32224,4.07419e+06,2.70226e+06,1.01645e+07,0,0,0,2.28273e+08,80.8192,79.791,9.53175,0,0,2.43416,1.55734,0,1.88063,2.96352,8.46701e+06,3.61194e+06,2.06101e+07,0,0,0,6.20183e+07
85.139,85.139,7.38042,0.17,0.02,2.06797,2.94462,0,0.467536,5.32224,4.07419e+06,2.70226e+06,8.42531e+06,0,0,0,2.28273e+08,80.8192,79.791,9.9821,0,0,2.21426,1.33761,0,1.88063,2.96352,8.46701e+06,3.61194e+06,1.87481e+07,0,0,0,6.20183e+07
85.139,85.139,8.01867,0.18,0.02,1.84855,2.94494,0,0.387537,5.32224,4.07419e+06,2.70226e+06,7.53137e+06,0,0,0,2.28273e+08,80.8192,79.791,9.0086,0,0,2.43414,1.33775,0,1.71073,2.96352,8.46701e+06,3.61194e+06,2.06099e+07,0,0,0,6.20183e+07
85.139,85.139,6.32828,0.23,0.02,1.84902,2.94526,0,0.346419,5.32224,4.07419e+06,2.70226e+06,7.53328e+06,0,0,0,2.28273e+08,80.8192,79.791,7.00373,0,0,2.43414,1.3379,0,1.88062,2.96352,8.46701e+06,3.61194e+06,2.06099e+07,0,0,0,6.20183e+07
85.139,85.139,5.11714,0.25,0.02,1.84949,2.94558,0,0.346507,5.32224,4.07419e+06,2.70226e+06,7.53518e+06,0,0,0,2.28273e+08,80.8192,79.791,5.33146,0,0,2.43414,1.33805,0,1.88062,2.96352,8.46701e+06,3.61194e+06,2.06099e+07,0,0,0,6.20183e+07
85.139,85.139,7.88092,0.29,0.02,1.84996,2.94591,0,0.346595,5.32224,4.07419e+06,2.70226e+06,7.53709e+06,0,0,0,2.28273e+08,80.8192,79.791,9.26365,0,0,2.43414,1.33819,0,1.88062,2.96352,8.46701e+06,3.61194e+06,2.06099e+07,0,0,0,6.20183e+07
85.139,85.139,7.29264,0.31,0.02,1.95808,3.05388,0,0.346682,5.32224,4.07419e+06,2.70226e+06,7.97758e+06,0,0,0,2.28273e+08,80.8192,79.791,12.4799,0,0,2.48797,1.39216,0,1.88062,2.96352,8.46701e+06,3.61194e+06,2.10656e+07,0,0,0,6.20183e+07
85.139,85.139,6.50361,0.31,0.02,2.01238,3.05421,0,0.366943,5.32224,4.07419e+06,2.70226e+06,8.19884e+06,0,0,0,2.28273e+08,80.8192,79.791,9.86236,0,0,2.43414,1.39232,0,1.9222,2.96352,8.46701e+06,3.61194e+06,2.06099e+07,0,0,0,6.20183e+07
85.139,85.139,5.55486,0.31,0.02,2.01287,3.05454,0,0.377121,5.32224,4.07419e+06,2.70226e+06,8.20082e+06,0,0,0,2.28273e+08,80.8192,79.791,8.27438,0,0,2.43414,1.39247,0,1.88062,2.96352,8.46701e+06,3.61194e+06,2.06099e+07,0,0,0,6.20183e+07
85.139,85.139,5.0342,0.28,0.02,2.01335,3.05488,0,0.377212,5.32224,4.07419e+06,2.70226e+06,8.2028e+06,0,0,0,2.28273e+08,80.8192,79.791,9.10121,0,0,2.43414,1.39262,0,1.88062,2.96352,8.46701e+06,3.61194e+06,2.06099e+07,0,0,0,6.20183e+07
85.139,85.139,5.26581,0.26,0.02,1.97173,3.0131,0,0.377303,5.32224,4.07419e+06,2.70226e+06,8.03322e+06,0,0,0,2.28273e+08,80.8192,79.791,6.96836,0,0,2.41323,1.37186,0,1.88062,2.96352,8.46701e+06,3.61194e+06,2.04328e+07,0,0,0,6.20183e+07
85.139,85.139,4.37785,0.23,0.02,1.9513,3.01343,0,0.369503,5.32224,4.07419e+06,2.70226e+06,7.94997e+06,0,0,0,2.28273e+08,80.8192,79.791,5.54049,0,0,2.43414,1.37201,0,1.86446,2.96352,8.46701e+06,3.61194e+06,2.06099e+07,0,0,0,6.20183e+07
85.139,85.139,3.70619,0.21,0.02,1.95178,3.01376,0,0.365673,5.32224,4.07419e+06,2.70226e+06,7.95192e+06,0,0,0,2.28273e+08,80.8192,79.791,5.00144,0,0,2.43414,1.37216,0,1.88062,2.96352,8.46701e+06,3.61194e+06,2.06099e+07,0,0,0,6.20183e+07
85.139,85.139,3.40046,0.18,0.02,1.95226,3.01409,0,0.365763,5.32224,4.07419e+06,2.70226e+06,7.95388e+06,0,0,0,2.28273e+08,80.811,79.791,4.02749,0,0,2.43414,1.37231,0,1.88062,2.96352,8.46701e+06,3.61194e+06,2.06099e+07,0,0,0,6.20183e+07
85.139,85.139,4.08467,0.16,0.02,2.09573,3.15742,0,0.365853,5.32224,4.07419e+06,2.70226e+06,8.53842e+06,0,0,0,2.28273e+08,80.8192,79.791,4.06295,0,0,2.50834,1.44666,0,1.88062,2.96352,8.46701e+06,3.61194e+06,2.12382e+07,0,0,0,6.20183e+07
85.139,85.139,3.2134,0.16,0.02,2.17043,3.15776,0,0.39274,5.32224,4.07419e+06,2.70226e+06,8.84275e+06,0,0,0,2.28273e+08,80.7435,79.791,3.30549,0,0,2.43415,1.44682,0,1.93795,2.96352,8.46701e+06,3.61194e+06,2.061e+07,0,0,0,6.20183e+07
85.139,85.139,3.12254,0.16,0.02,2.17093,3.15811,0,0.406739,5.32224,4.07419e+06,2.70226e+06,8.8448e+06,0,0,0,2.28273e+08,80.6799,79.791,3.49159,0,0,2.43415,1.44698,0,1.88062,2.96352,8.46701e+06,3.61194e+06,2.061e+07,0,0,0,6.20183e+07
85.139,85.139,2.84074,0.14,0.02,2.17144,3.15845,0,0.406833,5.32224,4.07419e+06,2.70226e+06,8.84685e+06,0,0,0,2.28273e+08,80.572,79.791,3.35038,0,0,2.43415,1.44714,0,1.88062,2.96352,8.46701e+06,3.61194e+06,2.061e+07,0,0,0,6.20183e+07
85.139,85.139,2.6215,0.15,0.02,2.17194,3.1588,0,0.406927,5.32224,4.07419e+06,2.70226e+06,8.8489e+06,0,0,0,2.28273e+08,80.4618,79.791,3.37552,0,0,2.43415,1.44729,0,1.88062,2.96352,8.46701e+06,3.61194e+06,2.061e+07,0,0,0,6.20183e+07
84.6799,85.139,1.99292,0.13,0.02,2.14415,3.13085,0,0.407021,5.32224,4.07419e+06,2.70226e+06,8.73568e+06,0,0,0,2.28273e+08,80.3612,79.791,2.97604,0,0,2.47496,1.48826,0,1.88062,2.96352,8.46701e+06,3.61194e+06,2.09555e+07,0,0,0,6.20183e+07
84.1062,85.139,1.88336,0.2,0.02,2.18545,3.13119,0,0.401813,5.32224,4.07419e+06,2.70226e+06,8.90396e+06,0,0,0,2.28273e+08,80.1919,79.791,2.87271,0,0,2.43415,1.48842,0,1.91215,2.96352,8.46701e+06,3.61194e+06,2.061e+07,0,0,0,6.20183e+07
83.4461,85.139,1.78314,0.19,0.02,2.18596,3.13153,0,0.409554,5.32224,4.07419e+06,2.70226e+06,8.90602e+06,0,0,0,2.28273e+08,79.9506,79.791,2.72728,0,0,2.43415,1.48858,0,1.88063,2.96352,8.46701e+06,3.61194e+06,2.061e+07,0,0,0,6.20183e+07
82.6659,85.139,1.65491,0.2,0.02,2.18646,3.13187,0,0.409649,5.32224,4.07419e+06,2.70226e+06,8.90808e+06,0,0,0,2.28273e+08,79.6405,79.791,2.55108,0,0,2.43415,1.48874,0,1.88063,2.96352,8.46701e+06,3.61194e+06,2.061e+07,0,0,0,6.20183e+07
81.6617,85.139,1.46082,0.17,0.02,2.26007,3.20532,0,0.409743,5.32224,4.07419e+06,2.70226e+06,9.20796e+06,0,0,0,2.28273e+08,79.2242,79.791,2.21886,0,0,2.47054,1.52529,0,1.88063,2.96352,8.46701e+06,3.61194e+06,2.0918e+07,0,0,0,6.20183e+07
80.5003,85.139,1.31732,0.18,0.02,2.29696,3.20567,0,0.423537,5.32224,4.07419e+06,2.70226e+06,9.35828e+06,0,0,0,2.28273e+08,78.8092,79.791,1.9153,0,0,2.43416,1.52546,0,1.90874,2.96352,8.46701e+06,3.61194e+06,2.061e+07,0,0,0,6.20183e+07
79.3281,85.139,1.29429,0.17,0.02,2.29748,3.20602,0,0.430451,5.32224,4.07419e+06,2.70226e+06,9.36038e+06,0,0,0,2.28273e+08,78.4431,79.791,2.05891,0,0,2.43416,1.52562,0,1.88063,2.96352,8.46701e+06,3.61194e+06,2.061e+07,0,0,0,6.20183e+07
78.2742,85.139,1.39247,0.2,0.02,2.298,3.20637,0,0.430548,5.32224,4.07419e+06,2.70226e+06,9.36249e+06,0,0,0,2.28273e+08,78.1325,79.791,2.25742,0,0,2.43416,1.52579,0,1.88063,2.96352,8.46701e+06,3.61194e+06,2.061e+07,0,0,0,6.20183e+07
76.9552,85.139,1.2972,0.19,0.02,2.51268,3.42088,0,0.430645,5.32224,4.07419e+06,2.70226e+06,1.02371e+07,0,0,0,2.28273e+08,77.8375,79.791,2.42073,0,0,2.56554,1.65734,0,1.88063,2.96352,8.46701e+06,3.61194e+06,2.17224e+07,0,0,0,6.20183e+07
74.9585,85.139,0.694785,0.19,0.02,2.6446,3.42125,0,0.470876,5.32224,4.07419e+06,2.70226e+06,1.07746e+07,0,0,0,2.28273e+08,77.347,79.791,1.97028,0,0,2.43417,1.65752,0,1.98213,2.96352,8.46701e+06,3.61194e+06,2.06102e+07,0,0,0,6.20183e+07
73.1018,85.139,0.823766,0.19,0.02,2.64515,3.42163,0,0.495597,5.32224,4.07419e+06,2.70226e+06,1.07769e+07,0,0,0,2.28273e+08,76.8948,79.791,2.13514,0,0,2.43417,1.6577,0,1.88064,2.96352,8.46701e+06,3.61194e+06,2.06102e+07,0,0,0,6.20183e+07
71.7834,85.139,1.40615,0.22,0.02,2.64571,3.422,0,0.495701,5.32224,4.07419e+06,2.70226e+06,1.07791e+07,0,0,0,2.28273e+08,76.6028,79.791,2.54427,0,0,2.43417,1.65788,0,1.88064,2.96352,8.46701e+06,3.61194e+06,2.06102e+07,0,0,0,6.20183e+07
70.4358,85.139,1.37634,0.22,0.02,2.64626,3.42238,0,0.495805,5.32224,4.07419e+06,2.70226e+06,1.07814e+07,0,0,0,2.28273e+08,76.3436,79.791,2.45871,0,0,2.43417,1.65806,0,1.88064,2.96352,8.46701e+06,3.61194e+06,2.06102e+07,0,0,0,6.20183e+07
68.7063,85.139,0.845769,0.23,0.02,2.54239,3.31832,0,0.495909,5.32224,4.07419e+06,2.70226e+06,1.03582e+07,0,0,0,2.28273e+08,75.8647,79.791,2.19957,0,0,2.35439,1.57846,0,1.88064,2.96352,8.46701e+06,3.61194e+06,1.99346e+07,0,0,0,6.20183e+07
66.9048,85.139,0.692594,0.23,0.02,2.46314,3.31868,0,0.476443,5.32224,4.07419e+06,2.70226e+06,1.00353e+07,0,0,0,2.28273e+08,75.3042,79.791,1.74776,0,0,2.43416,1.57863,0,1.819,2.96352,8.46701e+06,3.61194e+06,2.06101e+07,0,0,0,6.20183e+07
65.4752,85.139,1.13512,0.27,0.02,2.46368,3.31904,0,0.461593,5.32224,4.07419e+06,2.70226e+06,1.00375e+07,0,0,0,2.28273e+08,75.0007,79.791,2.31905,0,0,2.43416,1.5788,0,1.88064,2.96352,8.46701e+06,3.61194e+06,2.06101e+07,0,0,0,6.20183e+07
65.3345,85.139,2.55059,0.28,0.02,2.46421,3.31941,0,0.461693,5.32224,4.07419e+06,2.70226e+06,1.00397e+07,0,0,0,2.28273e+08,75.0845,79.791,3.41593,0,0,2.43416,1.57897,0,1.88064,2.96352,8.46701e+06,3.61194e+06,2.06101e+07,0,0,0,6.20183e+07
63.9251,85.139,1.17818,0.28,0.02,2.37899,3.23401,0,0.461794,5.32224,4.07419e+06,2.70226e+06,9.69247e+06,0,0,0,2.28273e+08,74.6992,79.791,2.04948,0,0,2.36151,1.50649,0,1.88064,2.96352,8.46701e+06,3.61194e+06,1.99949e+07,0,0,0,6.20183e+07
62.2158,85.139,0.832755,0.27,0.02,2.30686,3.23436,0,0.445823,5.32224,4.07419e+06,2.70226e+06,9.3986e+06,0,0,0,2.28273e+08,74.3287,79.791,1.8229,0,0,2.43416,1.50665,0,1.8245,2.96352,8.46701e+06,3.61194e+06,2.061e+07,0,0,0,6.20183e+07
60.775,85.139,1.04964,0.34,0.02,2.30738,3.23472,0,0.432306,5.32224,4.07419e+06,2.70226e+06,9.40071e+06,0,0,0,2.28273e+08,74.063,79.791,2.17842,0,0,2.43416,1.50682,0,1.88063,2.96352,8.46701e+06,3.61194e+06,2.061e+07,0,0,0,6.20183e+07
62.3824,85.139,4.20889,0.33,0.02,2.3079,3.23507,0,0.432403,5.32224,4.07419e+06,2.70226e+06,9.40282e+06,0,0,0,2.28273e+08,74.3209,79.791,3.73332,0,0,2.43416,1.50698,0,1.88063,2.96352,8.46701e+06,3.61194e+06,2.061e+07,0,0,0,6.20183e+07
62.0315,85.139,2.02303,0.35,0.02,2.06475,2.99176,0,0.4325,5.32224,4.07419e+06,2.70226e+06,8.4122e+06,0,0,0,2.28273e+08,74.3748,79.791,3.02871,0,0,2.28277,1.35576,0,1.88063,2.96352,8.46701e+06,3.61194e+06,1.93282e+07,0,0,0,6.20183e+07
61.2245,85.139,1.43655,0.36,0.02,1.91385,2.99209,0,0.386934,5.32224,4.07419e+06,2.70226e+06,7.79741e+06,0,0,0,2.28273e+08,74.685,79.791,3.83862,0,0,2.43414,1.35591,0,1.76367,2.96352,8.46701e+06,3.61194e+06,2.06099e+07,0,0,0,6.20183e+07
60.025,85.139,0.99962,0.37,0.02,1.91433,2.99241,0,0.358656,5.32224,4.07419e+06,2.70226e+06,7.79935e+06,0,0,0,2.28273e+08,74.3889,79.791,2.22855,0,0,2.43414,1.35606,0,1.88062,2.96352,8.46701e+06,3.61194e+06,2.06099e+07,0,0,0,6.20183e+07
60.0323,85.139,2.34525,0.38,0.02,1.9148,2.99274,0,0.358745,5.32224,4.07419e+06,2.70226e+06,7.80129e+06,0,0,0,2.28273e+08,75.3754,79.791,6.90004,0,0,2.43414,1.3562,0,1.88062,2.96352,8.46701e+06,3.61194e+06,2.06099e+07,0,0,0,6.20183e+07
59.8941,85.139,2.09062,0.39,0.02,1.86056,2.99307,0,0.358834,5.32224,4.07419e+06,2.7881e+06,7.58029e+06,0,0,0,2.28273e+08,75.4076,79.791,3.7581,0,0,2.40934,1.35635,0,1.88062,2.96352,8.46701e+06,3.72668e+06,2.03999e+07,0,0,0,6.20183e+07
59.6779,85.139,1.86529,0.41,0.02,1.72733,3.08716,0,0.348669,5.32224,4.07419e+06,3.34572e+06,7.03747e+06,0,0,0,2.28273e+08,75.244,79.791,2.81244,0,0,2.34999,1.40036,0,1.86146,2.96352,8.46701e+06,4.47202e+06,1.98974e+07,0,0,0,6.20183e+07
58.9245,85.139,1.34466,0.44,0.02,1.77162,3.08747,0,0.323701,5.32224,4.07419e+06,3.34572e+06,7.21792e+06,0,0,0,2.28273e+08,75.4631,79.791,3.00268,0,0,2.30612,1.4005,0,1.8156,2.96352,8.46701e+06,4.47202e+06,1.95259e+07,0,0,0,6.20183e+07
58.5561,85.139,1.7167,0.45,0.02,1.77205,3.08779,0,0.332001,5.32224,4.07419e+06,3.34572e+06,7.21966e+06,0,0,0,2.28273e+08,75.6653,79.791,3.07334,0,0,2.3061,1.40064,0,1.78171,2.96352,8.46701e+06,4.47202e+06,1.95258e+07,0,0,0,6.20183e+07
59.1935,85.139,2.77526,0.48,0.02,1.77248,3.0881,0,0.332082,5.32224,4.07419e+06,3.34572e+06,7.22141e+06,0,0,0,2.28273e+08,76.0225,79.791,3.53752,0,0,2.30609,1.40079,0,1.7817,2.96352,8.46701e+06,4.47202e+06,1.95257e+07,0,0,0,6.20183e+07
59.5402,85.139,2.76025,0.49,0.02,2.04661,3.38965,0,0.332162,5.32224,4.07419e+06,3.34572e+06,8.33827e+06,0,0,0,2.28273e+08,76.1137,79.791,2.7541,0,0,2.45574,1.56565,0,1.78169,2.96352,8.46701e+06,4.47202e+06,2.07928e+07,0,0,0,6.20183e+07
58.1846,85.139,1.09422,0.53,0.02,2.21178,3.39,0,0.383534,5.32224,4.07419e+06,3.34572e+06,9.01123e+06,0,0,0,2.28273e+08,76.2478,79.791,2.66825,0,0,2.29102,1.56581,0,1.89731,2.96352,8.46701e+06,4.47202e+06,1.93981e+07,0,0,0,6.20183e+07
59.1154,85.139,3.4637,0.56,0.02,2.21225,3.39034,0,0.414488,5.32224,4.07419e+06,3.34572e+06,9.01315e+06,0,0,0,2.28273e+08,75.8162,79.791,2.92458,0,0,2.29101,1.56597,0,1.77005,2.96352,8.46701e+06,4.47202e+06,1.9398e+07,0,0,0,6.20183e+07
58.2408,85.139,1.58136,0.58,0.02,2.21273,3.39069,0,0.414576,5.32224,4.07419e+06,3.34572e+06,9.01508e+06,0,0,0,2.28273e+08,74.8985,79.791,1.8754,0,0,2.29099,1.56613,0,1.77003,2.96352,8.46701e+06,4.47202e+06,1.93979e+07,0,0,0,6.20183e+07
57.8045,85.139,1.69285,0.6,0.02,1.82266,2.9612,0,0.414665,5.32224,4.07419e+06,3.34572e+06,7.42585e+06,0,0,0,2.28273e+08,74.2477,79.791,1.63791,0,0,2.09005,1.34514,0,1.77002,2.96352,8.46701e+06,4.47202e+06,1.76965e+07,0,0,0,6.20183e+07
58.1415,85.139,2.36405,0.64,0.02,1.60194,2.9615,0,0.341566,5.32224,4.07419e+06,3.34572e+06,6.52663e+06,0,0,0,2.28273e+08,73.9879,79.791,2.15794,0,0,2.31116,1.34528,0,1.61477,2.96352,8.46701e+06,4.47202e+06,1.95686e+07,0,0,0,6.20183e+07
58.8197,85.139,2.72506,0.67,0.02,1.60236,2.9618,0,0.300204,5.32224,4.07419e+06,3.34572e+06,6.52831e+06,0,0,0,2.28273e+08,74.0247,79.791,2.67616,0,0,2.31115,1.34541,0,1.7856,2.96352,8.46701e+06,4.47202e+06,1.95685e+07,0,0,0,6.20183e+07
60.037,85.139,3.24813,0.72,0.02,1.60277,2.96211,0,0.300281,5.32224,4.07419e+06,3.34572e+06,6.52998e+06,0,0,0,2.28273e+08,74.1499,79.791,2.88526,0,0,2.31113,1.34555,0,1.78559,2.96352,8.46701e+06,4.47202e+06,1.95684e+07,0,0,0,6.20183e+07
62.0485,85.139,4.12741,0.73,0.02,1.60318,2.96241,0,0.300358,5.32224,4.07419e+06,3.34572e+06,6.53166e+06,0,0,0,2.28273e+08,74.6382,79.791,4.09114,0,0,2.31112,1.34569,0,1.78558,2.96352,8.46701e+06,4.47202e+06,1.95683e+07,0,0,0,6.20183e+07
63.767,85.139,3.87685,0.73,0.02,1.70194,3.07096,0,0.300435,5.32224,4.07419e+06,3.34572e+06,6.93405e+06,0,0,0,2.28273e+08,74.2573,79.791,2.82805,0,0,2.36029,1.39995,0,1.78557,2.96352,8.46701e+06,4.47202e+06,1.99846e+07,0,0,0,6.20183e+07
64.233,85.139,2.64123,0.73,0.02,1.75649,3.07127,0,0.318944,5.32224,4.07419e+06,3.34572e+06,7.1563e+06,0,0,0,2.28273e+08,73.7197,79.791,2.02213,0,0,2.30615,1.4001,0,1.82356,2.96352,8.46701e+06,4.47202e+06,1.95262e+07,0,0,0,6.20183e+07
64.3852,85.139,2.31121,0.75,0.02,1.75692,3.07159,0,0.329167,5.32224,4.07419e+06,3.34572e+06,7.15804e+06,0,0,0,2.28273e+08,73.4033,79.791,2.03823,0,0,2.30614,1.40024,0,1.78173,2.96352,8.46701e+06,4.47202e+06,1.95261e+07,0,0,0,6.20183e+07
64.323,85.139,2.08466,0.76,0.02,1.75735,3.0719,0,0.329247,5.32224,4.07419e+06,3.34572e+06,7.15978e+06,0,0,0,2.28273e+08,73.2394,79.791,2.38951,0,0,2.30613,1.40038,0,1.78172,2.96352,8.46701e+06,4.47202e+06,1.9526e+07,0,0,0,6.20183e+07
64.535,85.139,2.32883,0.78,0.02,1.7193,3.02987,0,0.329327,5.32224,4.07419e+06,3.34572e+06,7.00477e+06,0,0,0,2.28273e+08,73.0193,79.791,2.52347,0,0,2.28701,1.37949,0,1.78171,2.96352,8.46701e+06,4.47202e+06,1.93641e+07,0,0,0,6.20183e+07
64.566,85.139,2.09692,0.78,0.02,1.69869,3.03018,0,0.322197,5.32224,4.07419e+06,3.34572e+06,6.92081e+06,0,0,0,2.28273e+08,72.6433,79.791,2.20921,0,0,2.30802,1.37963,0,1.76694,2.96352,8.46701e+06,4.47202e+06,1.9542e+07,0,0,0,6.20183e+07
64.5271,85.139,1.97242,0.79,0.02,1.69911,3.03049,0,0.318335,5.32224,4.07419e+06,3.34572e+06,6.92252e+06,0,0,0,2.28273e+08,72.4081,79.791,2.18488,0,0,2.30801,1.37977,0,1.78318,2.96352,8.46701e+06,4.47202e+06,1.95419e+07,0,0,0,6.20183e+07
64.4207,85.139,1.89995,0.8,0.02,1.69954,3.03079,0,0.318414,5.32224,4.07419e+06,3.34572e+06,6.92424e+06,0,0,0,2.28273e+08,72.0126,79.791,2.24261,0,0,2.308,1.37991,0,1.78317,2.96352,8.46701e+06,4.47202e+06,1.95418e+07,0,0,0,6.20183e+07
64.1784,85.139,1.86277,0.78,0.02,1.8306,3.17489,0,0.318493,5.32224,4.07419e+06,3.34572e+06,7.45822e+06,0,0,0,2.28273e+08,71.6046,79.791,2.10682,0,0,2.37578,1.45467,0,1.78316,2.96352,8.46701e+06,4.47202e+06,2.01157e+07,0,0,0,6.20183e+07
63.5745,85.139,1.50675,0.75,0.02,1.90565,3.17521,0,0.343054,5.32224,4.07419e+06,3.34572e+06,7.76398e+06,0,0,0,2.28273e+08,71.0196,79.791,1.85038,0,0,2.30116,1.45482,0,1.83553,2.96352,8.46701e+06,4.47202e+06,1.94839e+07,0,0,0,6.20183e+07
62.8867,85.139,1.39251,0.73,0.02,1.90609,3.17554,0,0.357118,5.32224,4.07419e+06,3.34572e+06,7.76578e+06,0,0,0,2.28273e+08,70.5038,79.791,1.86169,0,0,2.30114,1.45496,0,1.77787,2.96352,8.46701e+06,4.47202e+06,1.94838e+07,0,0,0,6.20183e+07
62.1624,85.139,1.34777,0.68,0.02,1.90653,3.17586,0,0.357201,5.32224,4.07419e+06,3.34572e+06,7.76758e+06,0,0,0,2.28273e+08,69.927,79.791,1.85898,0,0,2.30113,1.45511,0,1.77786,2.96352,8.46701e+06,4.47202e+06,1.94837e+07,0,0,0,6.20183e+07
61.3619,85.139,1.26223,0.79,0.02,1.90697,3.17618,0,0.357284,5.32224,4.07419e+06,3.34572e+06,7.76938e+06,0,0,0,2.28273e+08,69.4814,79.791,1.69917,0,0,2.30112,1.45526,0,1.77785,2.96352,8.46701e+06,4.47202e+06,1.94836e+07,0,0,0,6.20183e+07
60.5228,85.139,1.17077,0.72,0.02,1.88157,3.14806,0,0.357367,5.32224,4.07419e+06,3.34572e+06,7.66586e+06,0,0,0,2.28273e+08,68.9484,79.791,1.92767,0,0,2.33838,1.49644,0,1.77784,2.96352,8.46701e+06,4.47202e+06,1.97991e+07,0,0,0,6.20183e+07
59.5917,85.139,1.10453,0.67,0.02,1.92303,3.14838,0,0.352605,5.32224,4.07419e+06,3.34572e+06,7.83482e+06,0,0,0,2.28273e+08,68.419,79.791,1.8192,0,0,2.29734,1.49659,0,1.80663,2.96352,8.46701e+06,4.47202e+06,1.94516e+07,0,0,0,6.20183e+07
58.5742,85.139,1.01068,0.61,0.02,1.92348,3.1487,0,0.360377,5.32224,4.07419e+06,3.34572e+06,7.83662e+06,0,0,0,2.28273e+08,67.7536,79.791,1.80965,0,0,2.29733,1.49674,0,1.77493,2.96352,8.46701e+06,4.47202e+06,1.94515e+07,0,0,0,6.20183e+07
57.474,85.139,0.914033,0.53,0.02,1.92392,3.14902,0,0.36046,5.32224,4.07419e+06,3.34572e+06,7.83843e+06,0,0,0,2.28273e+08,67.0429,79.791,1.62813,0,0,2.29732,1.49689,0,1.77492,2.96352,8.46701e+06,4.47202e+06,1.94514e+07,0,0,0,6.20183e+07
56.375,85.139,0.932069,0.48,0.02,1.99115,3.22284,0,0.360543,5.32224,4.07419e+06,3.34572e+06,8.11232e+06,0,0,0,2.28273e+08,66.3987,79.791,1.69526,0,0,2.33054,1.53363,0,1.77491,2.96352,8.46701e+06,4.47202e+06,1.97327e+07,0,0,0,6.20183e+07
55.2679,85.139,0.952443,0.55,0.02,2.02818,3.22317,0,0.373141,5.32224,4.07419e+06,3.34572e+06,8.26319e+06,0,0,0,2.28273e+08,65.694,79.791,1.68072,0,0,2.29395,1.53378,0,1.80057,2.96352,8.46701e+06,4.47202e+06,1.94229e+07,0,0,0,6.20183e+07
54.1139,85.139,0.883446,0.5,0.02,2.02863,3.22349,0,0.380081,5.32224,4.07419e+06,3.34572e+06,8.26504e+06,0,0,0,2.28273e+08,64.8379,79.791,1.60891,0,0,2.29393,1.53394,0,1.7723,2.96352,8.46701e+06,4.47202e+06,1.94227e+07,0,0,0,6.20183e+07
52.8959,85.139,0.804399,0.42,0.02,2.02909,3.22382,0,0.380166,5.32224,4.07419e+06,3.34572e+06,8.26689e+06,0,0,0,2.28273e+08,64.2543,79.791,1.42926,0,0,2.29392,1.5341,0,1.77229,2.96352,8.46701e+06,4.47202e+06,1.94226e+07,0,0,0,6.20183e+07
51.4743,85.139,0.965935,0.38,0.02,2.53958,3.43948,0,0.380251,5.32224,4.07419e+06,2.70226e+06,1.03468e+07,0,0,0,2.28273e+08,63.4922,79.791,1.90245,0,0,2.56624,1.66635,0,1.77228,2.96352,8.46701e+06,3.61194e+06,2.17284e+07,0,0,0,6.20183e+07
50.0699,85.139,1.0496,0.38,0.02,2.67218,3.43983,0,0.475918,5.32224,4.07419e+06,2.70226e+06,1.0887e+07,0,0,0,2.28273e+08,62.8148,79.791,1.4507,0,0,2.43416,1.66651,0,1.98268,2.96352,8.46701e+06,3.61194e+06,2.06101e+07,0,0,0,6.20183e+07
48.9835,85.139,1.12701,0.43,0.02,2.35824,3.44018,0,0.500767,5.32224,4.07419e+06,3.34572e+06,9.60793e+06,0,0,0,2.28273e+08,61.9906,79.791,1.7744,0,0,2.28181,1.66668,0,1.88063,2.96352,8.46701e+06,4.47202e+06,1.93201e+07,0,0,0,6.20183e+07
47.7209,85.139,0.932535,0.44,0.02,2.35873,3.44053,0,0.441934,5.32224,4.07419e+06,3.34572e+06,9.60992e+06,0,0,0,2.28273e+08,61.5565,79.791,1.26007,0,0,2.2818,1.66685,0,1.76293,2.96352,8.46701e+06,4.47202e+06,1.932e+07,0,0,0,6.20183e+07
46.6917,85.139,1.14789,0.42,0.02,2.35922,3.44088,0,0.442026,5.32224,4.07419e+06,3.34572e+06,9.61191e+06,0,0,0,2.28273e+08,61.498,79.791,2.32559,0,0,2.28178,1.66702,0,1.76292,2.96352,8.46701e+06,4.47202e+06,1.93199e+07,0,0,0,6.20183e+07
46.246,85.139,1.64661,0.42,0.02,2.26431,3.33623,0,0.442117,5.32224,4.07419e+06,3.34572e+06,9.22523e+06,0,0,0,2.28273e+08,61.1434,79.791,2.55781,0,0,2.20888,1.58698,0,1.7629,2.96352,8.46701e+06,4.47202e+06,1.87026e+07,0,0,0,6.20183e+07
45.0166,85.139,0.787849,0.4,0.02,2.18457,3.33657,0,0.424331,5.32224,4.07419e+06,3.34572e+06,8.90036e+06,0,0,0,2.28273e+08,60.3035,79.791,1.41479,0,0,2.28908,1.58714,0,1.70658,2.96352,8.46701e+06,4.47202e+06,1.93816e+07,0,0,0,6.20183e+07
43.9014,85.139,0.876134,0.42,0.02,2.18504,3.33691,0,0.409388,5.32224,4.07419e+06,3.34572e+06,8.90227e+06,0,0,0,2.28273e+08,60.0889,79.791,1.47755,0,0,2.28906,1.5873,0,1.76854,2.96352,8.46701e+06,4.47202e+06,1.93815e+07,0,0,0,6.20183e+07
44.2855,85.139,2.46842,0.41,0.02,2.18551,3.33725,0,0.409476,5.32224,4.07419e+06,3.34572e+06,8.90419e+06,0,0,0,2.28273e+08,60.1236,79.791,3.28272,0,0,2.28905,1.58746,0,1.76853,2.96352,8.46701e+06,4.47202e+06,1.93814e+07,0,0,0,6.20183e+07
44.0751,85.139,1.86269,0.43,0.02,2.10764,3.25137,0,0.409564,5.32224,4.07419e+06,3.34572e+06,8.58695e+06,0,0,0,2.28273e+08,59.4589,79.791,1.76838,0,0,2.22266,1.51458,0,1.76852,2.96352,8.46701e+06,4.47202e+06,1.88193e+07,0,0,0,6.20183e+07
43.8194,85.139,1.77081,0.44,0.02,2.03506,3.25171,0,0.394972,5.32224,4.07419e+06,3.34572e+06,8.29122e+06,0,0,0,2.28273e+08,59.0375,79.791,1.33921,0,0,2.29569,1.51473,0,1.71723,2.96352,8.46701e+06,4.47202e+06,1.94376e+07,0,0,0,6.20183e+07
44.1106,85.139,2.33738,0.44,0.02,2.03551,3.25204,0,0.38137,5.32224,4.07419e+06,3.34572e+06,8.29308e+06,0,0,0,2.28273e+08,59.1849,79.791,3.18739,0,0,2.29567,1.51489,0,1.77365,2.96352,8.46701e+06,4.47202e+06,1.94375e+07,0,0,0,6.20183e+07
48.2269,85.139,6.35126,0.45,0.02,2.03597,3.25237,0,0.381455,5.32224,4.07419e+06,3.34572e+06,8.29493e+06,0,0,0,2.28273e+08,60.6718,79.791,6.26688,0,0,2.29566,1.51504,0,1.77364,2.96352,8.46701e+06,4.47202e+06,1.94374e+07,0,0,0,6.20183e+07
49.4729,85.139,3.27402,0.44,0.02,1.81385,3.00773,0,0.381541,5.32224,4.07419e+06,3.34572e+06,7.38998e+06,0,0,0,2.28273e+08,61.1965,79.791,3.2347,0,0,2.15736,1.363,0,1.77363,2.96352,8.46701e+06,4.47202e+06,1.82664e+07,0,0,0,6.20183e+07
50.0286,85.139,2.45289,0.43,0.02,1.66209,3.00804,0,0.339916,5.32224,4.07419e+06,3.34572e+06,6.77166e+06,0,0,0,2.28273e+08,62.0061,79.791,3.62202,0,0,2.30953,1.36314,0,1.66678,2.96352,8.46701e+06,4.47202e+06,1.95548e+07,0,0,0,6.20183e+07
53.2809,85.139,5.28662,0.47,0.02,1.6625,3.00835,0,0.311475,5.32224,4.07419e+06,3.34572e+06,6.77336e+06,0,0,0,2.28273e+08,64.0633,79.791,6.36326,0,0,2.30952,1.36328,0,1.78434,2.96352,8.46701e+06,4.47202e+06,1.95547e+07,0,0,0,6.20183e+07
56.0687,85.139,4.85771,0.44,0.02,1.66292,3.00865,0,0.311553,5.32224,4.07419e+06,3.34572e+06,6.77506e+06,0,0,0,2.28273e+08,66.2706,79.791,5.87051,0,0,2.3095,1.36341,0,1.78433,2.96352,8.46701e+06,4.47202e+06,1.95546e+07,0,0,0,6.20183e+07
60.552,85.139,6.62569,0.47,0.02,1.66334,3.00896,0,0.311631,5.32224,4.07419e+06,3.34572e+06,6.77676e+06,0,0,0,2.28273e+08,69.8713,79.791,8.55374,0,0,2.30949,1.36355,0,1.78432,2.96352,8.46701e+06,4.47202e+06,1.95545e+07,0,0,0,6.20183e+07
64.8131,85.139,6.75455,0.43,0.02,1.7494,3.10353,0,0.311709,5.32224,4.07419e+06,3.34572e+06,7.1274e+06,0,0,0,2.28273e+08,73.4597,79.791,9.95151,0,0,2.34954,1.40778,0,1.78431,2.96352,8.46701e+06,4.47202e+06,1.98935e+07,0,0,0,6.20183e+07
70.8962,85.139,8.58093,0.4,0.04,1.7939,3.10382,0,0.327838,5.32224,4.07419e+06,3.34572e+06,7.30868e+06,0,0,0,2.28273e+08,79.4296,79.791,14.4558,0,0,2.30543,1.40791,0,1.81525,2.96352,8.46701e+06,4.47202e+06,1.95201e+07,0,0,0,6.20183e+07
82.0378,85.139,14.6816,0.37,0.04,2.07804,3.10411,0,0.336176,5.32224,4.07419e+06,2.70226e+06,8.46633e+06,0,0,0,2.28273e+08,80.8192,79.791,22.4534,0,0,2.43413,1.40805,0,1.78118,2.96352,8.46701e+06,3.61194e+06,2.06098e+07,0,0,0,6.20183e+07
85.139,85.139,15.4586,0.2,0.04,2.07846,3.10441,0,0.389424,5.32224,4.07419e+06,2.70226e+06,8.46806e+06,0,0,0,2.28273e+08,80.8192,79.791,16.1631,0,0,2.43413,1.40818,0,1.88061,2.96352,8.46701e+06,3.61194e+06,2.06098e+07,0,0,0,6.20183e+07
85.139,85.139,11.3197,0.16,0.04,2.38172,3.40753,0,0.389504,5.32224,4.07419e+06,2.70226e+06,9.70357e+06,0,0,0,2.28273e+08,80.8192,79.791,10.918,0,0,2.59971,1.5739,0,1.88061,2.96352,8.46701e+06,3.61194e+06,2.20118e+07,0,0,0,6.20183e+07
85.139,85.139,14.0266,0.17,0.04,2.54776,3.40785,0,0.446334,5.32224,4.07419e+06,2.70226e+06,1.03801e+07,0,0,0,2.28273e+08,80.8192,79.791,12.6773,0,0,2.43414,1.57405,0,2.00854,2.96352,8.46701e+06,3.61194e+06,2.06099e+07,0,0,0,6.20183e+07
85.139,85.139,10.0181,0.17,0.04,2.54823,3.40817,0,0.47745,5.32224,4.07419e+06,2.70226e+06,1.0382e+07,0,0,0,2.28273e+08,80.8192,79.791,15.8861,0,0,2.43414,1.5742,0,1.88062,2.96352,8.46701e+06,3.61194e+06,2.06099e+07,0,0,0,6.20183e+07
85.139,85.139,12.0578,0.18,0.04,2.5487,3.40849,0,0.477538,5.32224,4.07419e+06,2.70226e+06,1.03839e+07,0,0,0,2.28273e+08,80.8192,79.791,17.1556,0,0,2.43414,1.57435,0,1.88062,2.96352,8.46701e+06,3.61194e+06,2.06099e+07,0,0,0,6.20183e+07
85.139,85.139,9.14952,0.19,0.04,2.11708,2.97673,0,0.477627,5.32224,4.07419e+06,2.70226e+06,8.62541e+06,0,0,0,2.28273e+08,80.8192,79.791,15.5882,0,0,2.21184,1.35219,0,1.88062,2.96352,8.46701e+06,3.61194e+06,1.87276e+07,0,0,0,6.20183e+07
85.139,85.139,4.00466,0.21,0.04,1.89521,2.97701,0,0.396742,5.32224,4.07419e+06,2.70226e+06,7.72145e+06,0,0,0,2.28273e+08,80.8192,79.791,5.881,0,0,2.43412,1.35232,0,1.70886,2.96352,8.46701e+06,3.61194e+06,2.06097e+07,0,0,0,6.20183e+07
85.139,85.139,4.82918,0.28,0.04,1.89562,2.97729,0,0.355162,5.32224,4.07419e+06,2.70226e+06,7.72312e+06,0,0,0,2.28273e+08,80.8192,79.791,6.11534,0,0,2.43412,1.35245,0,1.8806,2.96352,8.46701e+06,3.61194e+06,2.06097e+07,0,0,0,6.20183e+07
85.139,85.139,4.35459,0.3,0.04,1.89603,2.97757,0,0.355239,5.32224,4.07419e+06,2.70226e+06,7.72479e+06,0,0,0,2.28273e+08,80.8192,79.791,6.00419,0,0,2.43412,1.35258,0,1.8806,2.96352,8.46701e+06,3.61194e+06,2.06097e+07,0,0,0,6.20183e+07
85.139,85.139,4.30971,0.34,0.04,1.89644,2.97785,0,0.355316,5.32224,4.07419e+06,2.70226e+06,7.72646e+06,0,0,0,2.28273e+08,80.8192,79.791,6.89303,0,0,2.43412,1.3527,0,1.8806,2.96352,8.46701e+06,3.61194e+06,2.06097e+07,0,0,0,6.20183e+07
85.139,85.139,5.98659,0.35,0.04,2.00566,3.08695,0,0.355392,5.32224,4.07419e+06,2.70226e+06,8.17146e+06,0,0,0,2.28273e+08,80.8192,79.791,8.48566,0,0,2.48853,1.40724,0,1.8806,2.96352,8.46701e+06,3.61194e+06,2.10704e+07,0,0,0,6.20183e+07
85.139,85.139,5.67336,0.36,0.04,2.06049,3.08724,0,0.375861,5.32224,4.07419e+06,2.70226e+06,8.39484e+06,0,0,0,2.28273e+08,80.8192,79.791,6.47037,0,0,2.43413,1.40738,0,1.92264,2.96352,8.46701e+06,3.61194e+06,2.06097e+07,0,0,0,6.20183e+07
85.139,85.139,6.68173,0.36,0.04,2.06092,3.08753,0,0.386136,5.32224,4.07419e+06,2.70226e+06,8.39658e+06,0,0,0,2.28273e+08,80.8192,79.791,7.0904,0,0,2.43413,1.40751,0,1.8806,2.96352,8.46701e+06,3.61194e+06,2.06098e+07,0,0,0,6.20183e+07
85.139,85.139,6.32749,0.34,0.04,2.06134,3.08783,0,0.386216,5.32224,4.07419e+06,2.70226e+06,8.39831e+06,0,0,0,2.28273e+08,80.8192,79.791,7.46513,0,0,2.43413,1.40764,0,1.88061,2.96352,8.46701e+06,3.61194e+06,2.06097e+07,0,0,0,6.20183e+07
85.139,85.139,4.92034,0.32,0.04,2.01921,3.04556,0,0.386295,5.32224,4.07419e+06,2.70226e+06,8.22663e+06,0,0,0,2.28273e+08,80.8192,79.791,5.95046,0,0,2.41298,1.38663,0,1.8806,2.96352,8.46701e+06,3.61194e+06,2.04308e+07,0,0,0,6.20183e+07
85.139,85.139,4.5996,0.27,0.04,1.99849,3.04584,0,0.378399,5.32224,4.07419e+06,2.70226e+06,8.14222e+06,0,0,0,2.28273e+08,80.8192,79.791,4.99924,0,0,2.43412,1.38677,0,1.86427,2.96352,8.46701e+06,3.61194e+06,2.06097e+07,0,0,0,6.20183e+07
85.139,85.139,4.15654,0.26,0.04,1.99891,3.04613,0,0.374516,5.32224,4.07419e+06,2.70226e+06,8.14393e+06,0,0,0,2.28273e+08,80.8192,79.791,4.73535,0,0,2.43412,1.3869,0,1.8806,2.96352,8.46701e+06,3.61194e+06,2.06097e+07,0,0,0,6.20183e+07
85.139,85.139,3.64921,0.25,0.04,1.99932,3.04642,0,0.374595,5.32224,4.07419e+06,2.70226e+06,8.14564e+06,0,0,0,2.28273e+08,80.8192,79.791,5.00931,0,0,2.43412,1.38703,0,1.8806,2.96352,8.46701e+06,3.61194e+06,2.06097e+07,0,0,0,6.20183e+07
85.139,85.139,3.16423,0.21,0.04,2.14427,3.19123,0,0.374673,5.32224,4.07419e+06,2.70226e+06,8.73617e+06,0,0,0,2.28273e+08,80.8192,79.791,4.8192,0,0,2.50912,1.46216,0,1.8806,2.96352,8.46701e+06,3.61194e+06,2.12447e+07,0,0,0,6.20183e+07
85.139,85.139,3.82919,0.19,0.04,2.2197,3.19154,0,0.401836,5.32224,4.07419e+06,2.70226e+06,9.04349e+06,0,0,0,2.28273e+08,80.8192,79.791,4.49264,0,0,2.43413,1.46229,0,1.93855,2.96352,8.46701e+06,3.61194e+06,2.06098e+07,0,0,0,6.20183e+07
85.139,85.139,3.66949,0.18,0.04,2.22014,3.19184,0,0.415972,5.32224,4.07419e+06,2.70226e+06,9.04528e+06,0,0,0,2.28273e+08,80.8192,79.791,4.46702,0,0,2.43413,1.46243,0,1.88061,2.96352,8.46701e+06,3.61194e+06,2.06098e+07,0,0,0,6.20183e+07
85.139,85.139,3.48449,0.17,0.04,2.22058,3.19214,0,0.416054,5.32224,4.07419e+06,2.70226e+06,9.04708e+06,0,0,0,2.28273e+08,80.8192,79.791,4.59903,0,0,2.43413,1.46257,0,1.88061,2.96352,8.46701e+06,3.61194e+06,2.06098e+07,0,0,0,6.20183e+07
85.139,85.139,3.23389,0.17,0.04,2.22102,3.19244,0,0.416137,5.32224,4.07419e+06,2.70226e+06,9.04887e+06,0,0,0,2.28273e+08,80.8192,79.791,4.42444,0,0,2.43413,1.46271,0,1.88061,2.96352,8.46701e+06,3.61194e+06,2.06098e+07,0,0,0,6.20183e+07
85.139,85.139,2.7141,0.15,0.04,2.19287,3.16415,0,0.416219,5.32224,4.07419e+06,2.70226e+06,8.93416e+06,0,0,0,2.28273e+08,80.8192,79.791,4.24631,0,0,2.47537,1.50409,0,1.88061,2.96352,8.46701e+06,3.61194e+06,2.0959e+07,0,0,0,6.20183e+07
85.139,85.139,2.52471,0.16,0.04,2.23454,3.16445,0,0.410943,5.32224,4.07419e+06,2.70226e+06,9.10396e+06,0,0,0,2.28273e+08,80.8192,79.791,4.33244,0,0,2.43413,1.50423,0,1.91247,2.96352,8.46701e+06,3.61194e+06,2.06098e+07,0,0,0,6.20183e+07
85.139,85.139,2.50614,0.13,0.04,2.23498,3.16475,0,0.418753,5.32224,4.07419e+06,2.70226e+06,9.10576e+06,0,0,0,2.28273e+08,80.8192,79.791,4.33668,0,0,2.43413,1.50437,0,1.88061,2.96352,8.46701e+06,3.61194e+06,2.06098e+07,0,0,0,6.20183e+07
85.0509,85.139,2.38329,0.14,0.04,2.23543,3.16505,0,0.418836,5.32224,4.07419e+06,2.70226e+06,9.10756e+06,0,0,0,2.28273e+08,80.8192,79.791,4.25698,0,0,2.43413,1.50451,0,1.88061,2.96352,8.46701e+06,3.61194e+06,2.06098e+07,0,0,0,6.20183e+07
84.8411,85.139,2.29804,0.2,0.04,2.30974,3.23922,0,0.418919,5.32224,4.07419e+06,2.70226e+06,9.41033e+06,0,0,0,2.28273e+08,80.8192,79.791,4.25083,0,0,2.4709,1.54142,0,1.88061,2.96352,8.46701e+06,3.61194e+06,2.09211e+07,0,0,0,6.20183e+07
84.7034,85.139,2.43282,0.2,0.04,2.34696,3.23952,0,0.432845,5.32224,4.07419e+06,2.70226e+06,9.56195e+06,0,0,0,2.28273e+08,80.8192,79.791,4.07764,0,0,2.43414,1.54157,0,1.90902,2.96352,8.46701e+06,3.61194e+06,2.06099e+07,0,0,0,6.20183e+07
84.4205,85.139,2.25842,0.19,0.04,2.34741,3.23983,0,0.43982,5.32224,4.07419e+06,2.70226e+06,9.5638e+06,0,0,0,2.28273e+08,80.8192,79.791,3.89341,0,0,2.43414,1.54171,0,1.88061,2.96352,8.46701e+06,3.61194e+06,2.06099e+07,0,0,0,6.20183e+07
83.9469,85.139,2.05633,0.19,0.04,2.34786,3.24014,0,0.439904,5.32224,4.07419e+06,2.70226e+06,9.56564e+06,0,0,0,2.28273e+08,80.8192,79.791,3.48019,0,0,2.43414,1.54186,0,1.88061,2.96352,8.46701e+06,3.61194e+06,2.06099e+07,0,0,0,6.20183e+07
83.6436,85.139,2.40043,0.19,0.04,2.56473,3.45686,0,0.439989,5.32224,4.07419e+06,2.70226e+06,1.04492e+07,0,0,0,2.28273e+08,80.8192,79.791,4.74925,0,0,2.5669,1.67477,0,1.88061,2.96352,8.46701e+06,3.61194e+06,2.17339e+07,0,0,0,6.20183e+07
83.4691,85.139,2.642,0.18,0.04,2.69796,3.45719,0,0.48063,5.32224,4.07419e+06,2.70226e+06,1.0992e+07,0,0,0,2.28273e+08,80.8192,79.791,4.85428,0,0,2.43415,1.67492,0,1.98319,2.96352,8.46701e+06,3.61194e+06,2.061e+07,0,0,0,6.20183e+07
82.7982,85.139,2.16749,0.18,0.04,2.69845,3.45751,0,0.505598,5.32224,4.07419e+06,2.70226e+06,1.0994e+07,0,0,0,2.28273e+08,80.8192,79.791,3.86739,0,0,2.43415,1.67508,0,1.88062,2.96352,8.46701e+06,3.61194e+06,2.061e+07,0,0,0,6.20183e+07
82.5022,85.139,2.51804,0.18,0.04,2.69893,3.45784,0,0.505689,5.32224,4.07419e+06,2.70226e+06,1.0996e+07,0,0,0,2.28273e+08,80.8192,79.791,5.82329,0,0,2.43415,1.67524,0,1.88062,2.96352,8.46701e+06,3.61194e+06,2.061e+07,0,0,0,6.20183e+07
81.8107,85.139,2.11377,0.18,0.04,2.69942,3.45817,0,0.50578,5.32224,4.07419e+06,2.70226e+06,1.09979e+07,0,0,0,2.28273e+08,80.8192,79.791,4.52291,0,0,2.43415,1.6754,0,1.88062,2.96352,8.46701e+06,3.61194e+06,2.061e+07,0,0,0,6.20183e+07
81.6281,85.139,2.59805,0.18,0.04,2.59438,3.35297,0,0.505871,5.32224,4.07419e+06,2.70226e+06,1.057e+07,0,0,0,2.28273e+08,80.8192,79.791,5.9428,0,0,2.35353,1.59494,0,1.88062,2.96352,8.46701e+06,3.61194e+06,1.99274e+07,0,0,0,6.20183e+07
81.6375,85.139,2.78415,0.18,0.04,2.51424,3.35329,0,0.486187,5.32224,4.07419e+06,2.70226e+06,1.02435e+07,0,0,0,2.28273e+08,80.8192,79.791,6.42568,0,0,2.43414,1.59509,0,1.81834,2.96352,8.46701e+06,3.61194e+06,2.06099e+07,0,0,0,6.20183e+07
81.1352,85.139,2.21873,0.17,0.04,2.5147,3.35361,0,0.471168,5.32224,4.07419e+06,2.70226e+06,1.02454e+07,0,0,0,2.28273e+08,80.8192,79.791,5.50492,0,0,2.43414,1.59524,0,1.88062,2.96352,8.46701e+06,3.61194e+06,2.06099e+07,0,0,0,6.20183e+07
81.209,85.139,2.77851,0.18,0.04,2.51517,3.35392,0,0.471256,5.32224,4.07419e+06,2.70226e+06,1.02473e+07,0,0,0,2.28273e+08,80.8192,79.791,5.82023,0,0,2.43414,1.59539,0,1.88062,2.96352,8.46701e+06,3.61194e+06,2.06099e+07,0,0,0,6.20183e+07
85.139,85.139,9.35141,0.18,0.04,2.42899,3.26759,0,0.471343,5.32224,4.07419e+06,2.70226e+06,9.89618e+06,0,0,0,2.28273e+08,80.8192,79.791,10.8325,0,0,2.36073,1.52213,0,1.88062,2.96352,8.46701e+06,3.61194e+06,1.99883e+07,0,0,0,6.20183e+07
85.139,85.139,5.69663,0.14,0.04,2.35604,3.2679,0,0.455193,5.32224,4.07419e+06,2.70226e+06,9.59897e+06,0,0,0,2.28273e+08,80.8192,79.791,5.54452,0,0,2.43414,1.52228,0,1.8239,2.96352,8.46701e+06,3.61194e+06,2.06098e+07,0,0,0,6.20183e+07
85.139,85.139,5.47446,0.14,0.04,2.35649,3.26821,0,0.441522,5.32224,4.07419e+06,2.70226e+06,9.60081e+06,0,0,0,2.28273e+08,80.8192,79.791,5.66321,0,0,2.43414,1.52242,0,1.88061,2.96352,8.46701e+06,3.61194e+06,2.06098e+07,0,0,0,6.20183e+07
85.139,85.139,8.5056,0.14,0.04,2.35695,3.26852,0,0.441607,5.32224,4.07419e+06,2.70226e+06,9.60266e+06,0,0,0,2.28273e+08,80.8192,79.791,7.70945,0,0,2.43414,1.52256,0,1.88061,2.96352,8.46701e+06,3.61194e+06,2.06098e+07,0,0,0,6.20183e+07
85.139,85.139,7.68371,0.14,0.04,2.11122,3.02265,0,0.441692,5.32224,4.07419e+06,2.70226e+06,8.60152e+06,0,0,0,2.28273e+08,80.8192,79.791,8.3242,0,0,2.28119,1.36976,0,1.88061,2.96352,8.46701e+06,3.61194e+06,1.93148e+07,0,0,0,6.20183e+07
85.139,85.139,13.8974,0.15,0.04,1.9587,3.02293,0,0.395643,5.32224,4.07419e+06,2.70226e+06,7.98012e+06,0,0,0,2.28273e+08,80.8192,79.791,23.037,0,0,2.43412,1.36989,0,1.76244,2.96352,8.46701e+06,3.61194e+06,2.06097e+07,0,0,0,6.20183e+07
85.139,85.139,12.4861,0.17,0.04,1.95911,3.02322,0,0.36706,5.32224,4.07419e+06,2.70226e+06,7.98181e+06,0,0,0,2.28273e+08,80.8192,79.791,21.4086,0,0,2.43412,1.37002,0,1.8806,2.96352,8.46701e+06,3.61194e+06,2.06097e+07,0,0,0,6.20183e+07
85.139,85.139,12.0857,0.2,0.04,1.95953,3.0235,0,0.367138,5.32224,4.07419e+06,2.70226e+06,7.9835e+06,0,0,0,2.28273e+08,80.8192,79.791,19.7177,0,0,2.43412,1.37015,0,1.8806,2.96352,8.46701e+06,3.61194e+06,2.06097e+07,0,0,0,6.20183e+07
85.139,85.139,12.8467,0.19,0.04,1.95994,3.02379,0,0.367216,5.32224,4.07419e+06,2.70226e+06,7.98519e+06,0,0,0,2.28273e+08,80.8192,79.791,18.2939,0,0,2.43412,1.37028,0,1.8806,2.96352,8.46701e+06,3.61194e+06,2.06097e+07,0,0,0,6.20183e+07
85.139,85.139,7.90197,0.19,0.04,1.96007,3.02379,0,0.367294,5.32224,4.07419e+06,2.70226e+06,7.98572e+06,0,0,0,2.28273e+08,80.8192,79.791,9.43358,0,0,2.43399,1.37028,0,1.8806,2.96352,8.46701e+06,3.61194e+06,2.06086e+07,0,0,0,6.20183e+07
85.139,85.139,13.4273,0.19,0.04,2.05509,3.1188,0,0.367318,6.048,4.07419e+06,2.70226e+06,8.37282e+06,0,0,0,2.28273e+08,80.8192,79.791,6.04946,0,0,2.47843,1.41471,0,1.8805,2.96352,8.46701e+06,3.61194e+06,2.09849e+07,0,0,0,6.20183e+07
85.139,85.139,5.02049,0.17,0.04,2.0998,3.11908,0,0.385123,6.048,4.07419e+06,2.70226e+06,8.55497e+06,0,0,0,2.28273e+08,80.8192,79.791,4.06581,0,0,2.43412,1.41483,0,1.91483,2.96352,8.46701e+06,3.61194e+06,2.06097e+07,0,0,0,6.20183e+07
85.139,85.139,5.70122,0.17,0.04,2.10019,3.11935,0,0.393502,6.048,4.07419e+06,2.70226e+06,8.55659e+06,0,0,0,2.28273e+08,80.8192,79.791,5.89931,0,0,2.43412,1.41496,0,1.8806,2.96352,8.46701e+06,3.61194e+06,2.06097e+07,0,0,0,6.20183e+07
85.139,85.139,16.9039,0.18,0.04,2.10059,3.11962,0,0.393576,6.048,4.07419e+06,2.70226e+06,8.5582e+06,0,0,0,2.28273e+08,80.6071,79.791,14.3541,0,0,2.43412,1.41508,0,1.8806,2.96352,8.46701e+06,3.61194e+06,2.06097e+07,0,0,0,6.20183e+07
85.139,85.139,4.28114,0.18,0.04,2.40529,3.4242,0,0.39365,6.048,4.07419e+06,2.70226e+06,9.79963e+06,0,0,0,2.28273e+08,80.5936,79.791,2.47038,0,0,2.60051,1.5816,0,1.8806,2.96352,8.46701e+06,3.61194e+06,2.20186e+07,0,0,0,6.20183e+07
85.139,85.139,5.32895,0.18,0.04,2.57211,3.4245,0,0.450752,6.048,4.07419e+06,2.70226e+06,1.04793e+07,0,0,0,2.28273e+08,80.8192,79.791,5.07812,0,0,2.43413,1.58174,0,2.00916,2.96352,8.46701e+06,3.61194e+06,2.06098e+07,0,0,0,6.20183e+07
85.139,85.139,6.05152,0.18,0.04,2.57255,3.4248,0,0.482014,6.048,4.07419e+06,2.70226e+06,1.04811e+07,0,0,0,2.28273e+08,80.8192,79.791,5.15222,0,0,2.43413,1.58188,0,1.88061,2.96352,8.46701e+06,3.61194e+06,2.06098e+07,0,0,0,6.20183e+07
85.139,85.139,5.94689,0.21,0.04,2.57299,3.4251,0,0.482096,6.048,4.07419e+06,2.70226e+06,1.04829e+07,0,0,0,2.28273e+08,80.8192,79.791,5.91604,0,0,2.43413,1.58202,0,1.88061,2.96352,8.46701e+06,3.61194e+06,2.06098e+07,0,0,0,6.20183e+07
85.139,85.139,6.91716,0.27,0.04,2.13924,2.99121,0,0.482178,6.048,4.07419e+06,2.70226e+06,8.71566e+06,0,0,0,2.28273e+08,80.8192,79.791,5.52893,0,0,2.21074,1.35877,0,1.88061,2.96352,8.46701e+06,3.61194e+06,1.87184e+07,0,0,0,6.20183e+07
85.139,85.139,6.23806,0.3,0.04,1.91625,2.99147,0,0.400893,6.048,4.07419e+06,2.70226e+06,7.80717e+06,0,0,0,2.28273e+08,80.8192,79.791,4.36019,0,0,2.43411,1.35889,0,1.70802,2.96352,8.46701e+06,3.61194e+06,2.06096e+07,0,0,0,6.20183e+07
85.139,85.139,8.47515,0.34,0.04,1.91663,2.99173,0,0.359105,6.048,4.07419e+06,2.70226e+06,7.80872e+06,0,0,0,2.28273e+08,80.8192,79.791,7.00612,0,0,2.43411,1.35901,0,1.88059,2.96352,8.46701e+06,3.61194e+06,2.06096e+07,0,0,0,6.20183e+07
85.139,85.139,11.0842,0.39,0.04,1.86231,2.99199,0,0.359176,6.048,4.07419e+06,2.7881e+06,7.58742e+06,0,0,0,2.28273e+08,80.8192,79.791,8.53427,0,0,2.40926,1.35913,0,1.88059,2.96352,8.46701e+06,3.72668e+06,2.03992e+07,0,0,0,6.20183e+07
85.139,85.139,7.03997,0.4,0.04,1.64387,2.99225,0,0.348997,6.048,4.07419e+06,3.34572e+06,6.69746e+06,0,0,0,2.28273e+08,80.8192,79.791,6.06014,0,0,2.30986,1.35925,0,1.8614,2.96352,8.46701e+06,4.47202e+06,1.95576e+07,0,0,0,6.20183e+07
85.139,85.139,7.93377,0.39,0.04,1.9704,3.10186,0,0.308062,6.048,4.07419e+06,2.7881e+06,8.02781e+06,0,0,0,2.28273e+08,80.8192,79.791,5.12888,0,0,2.46293,1.41404,0,1.7846,2.96352,8.46701e+06,3.72668e+06,2.08537e+07,0,0,0,6.20183e+07
85.139,85.139,6.32609,0.4,0.04,1.79861,3.10213,0,0.369254,6.048,4.07419e+06,3.34572e+06,7.3279e+06,0,0,0,2.28273e+08,80.8192,79.791,3.98378,0,0,2.30485,1.41416,0,1.90286,2.96352,8.46701e+06,4.47202e+06,1.95152e+07,0,0,0,6.20183e+07
85.139,85.139,5.4745,0.38,0.04,2.08257,3.1024,0,0.33706,6.048,4.07419e+06,2.70226e+06,8.48479e+06,0,0,0,2.28273e+08,80.8054,79.791,3.53495,0,0,2.43412,1.41428,0,1.78073,2.96352,8.46701e+06,3.61194e+06,2.06097e+07,0,0,0,6.20183e+07
85.139,85.139,5.49167,0.32,0.04,2.08296,3.10267,0,0.390273,6.048,4.07419e+06,2.70226e+06,8.48639e+06,0,0,0,2.28273e+08,80.8192,79.791,3.82663,0,0,2.43412,1.41441,0,1.8806,2.96352,8.46701e+06,3.61194e+06,2.06097e+07,0,0,0,6.20183e+07
85.139,85.139,5.54245,0.31,0.04,2.04059,3.06017,0,0.390347,6.048,4.07419e+06,2.70226e+06,8.31376e+06,0,0,0,2.28273e+08,80.8192,79.791,4.04183,0,0,2.41287,1.39329,0,1.8806,2.96352,8.46701e+06,3.61194e+06,2.04298e+07,0,0,0,6.20183e+07
85.139,85.139,4.98664,0.29,0.04,2.01974,3.06044,0,0.382407,6.048,4.07419e+06,2.70226e+06,8.22882e+06,0,0,0,2.28273e+08,80.8192,79.791,3.87642,0,0,2.43411,1.39341,0,1.86419,2.96352,8.46701e+06,3.61194e+06,2.06097e+07,0,0,0,6.20183e+07
85.139,85.139,4.70495,0.26,0.04,2.02013,3.06071,0,0.378499,6.048,4.07419e+06,2.70226e+06,8.2304e+06,0,0,0,2.28273e+08,80.8192,79.791,3.75362,0,0,2.43411,1.39353,0,1.8806,2.96352,8.46701e+06,3.61194e+06,2.06097e+07,0,0,0,6.20183e+07
85.139,85.139,4.45675,0.24,0.04,2.02052,3.06098,0,0.378572,6.048,4.07419e+06,2.70226e+06,8.23199e+06,0,0,0,2.28273e+08,80.8192,79.791,4.51901,0,0,2.43411,1.39366,0,1.8806,2.96352,8.46701e+06,3.61194e+06,2.06097e+07,0,0,0,6.20183e+07
85.139,85.139,3.93332,0.21,0.04,2.16613,3.20646,0,0.378645,6.048,4.07419e+06,2.70226e+06,8.82521e+06,0,0,0,2.28273e+08,80.8192,79.791,3.08388,0,0,2.50947,1.46913,0,1.8806,2.96352,8.46701e+06,3.61194e+06,2.12477e+07,0,0,0,6.20183e+07
85.139,85.139,3.9632,0.22,0.04,2.24188,3.20674,0,0.405932,6.048,4.07419e+06,2.70226e+06,9.13386e+06,0,0,0,2.28273e+08,80.8192,79.791,3.54978,0,0,2.43412,1.46926,0,1.93882,2.96352,8.46701e+06,3.61194e+06,2.06097e+07,0,0,0,6.20183e+07
85.139,85.139,3.50594,0.2,0.04,2.24229,3.20702,0,0.420129,6.048,4.07419e+06,2.70226e+06,9.13553e+06,0,0,0,2.28273e+08,80.8192,79.791,2.97493,0,0,2.43412,1.46939,0,1.8806,2.96352,8.46701e+06,3.61194e+06,2.06097e+07,0,0,0,6.20183e+07
85.139,85.139,3.30274,0.2,0.04,2.2427,3.2073,0,0.420205,6.048,4.07419e+06,2.70226e+06,9.1372e+06,0,0,0,2.28273e+08,80.6452,79.791,2.56988,0,0,2.43412,1.46952,0,1.8806,2.96352,8.46701e+06,3.61194e+06,2.06097e+07,0,0,0,6.20183e+07
85.139,85.139,2.74905,0.2,0.04,2.24311,3.20758,0,0.420282,6.048,4.07419e+06,2.70226e+06,9.13886e+06,0,0,0,2.28273e+08,80.4214,79.791,2.31254,0,0,2.43412,1.46965,0,1.8806,2.96352,8.46701e+06,3.61194e+06,2.06097e+07,0,0,0,6.20183e+07
84.955,85.139,2.32582,0.19,0.04,2.21479,3.17913,0,0.420359,6.048,4.07419e+06,2.70226e+06,9.02347e+06,0,0,0,2.28273e+08,80.1404,79.791,2.16569,0,0,2.47555,1.51121,0,1.8806,2.96352,8.46701e+06,3.61194e+06,2.09605e+07,0,0,0,6.20183e+07
84.5476,85.139,2.11273,0.26,0.04,2.25663,3.17941,0,0.415051,6.048,4.07419e+06,2.70226e+06,9.19394e+06,0,0,0,2.28273e+08,79.8319,79.791,1.99589,0,0,2.43412,1.51134,0,1.91261,2.96352,8.46701e+06,3.61194e+06,2.06097e+07,0,0,0,6.20183e+07
84.0706,85.139,1.99899,0.24,0.04,2.25704,3.17969,0,0.422892,6.048,4.07419e+06,2.70226e+06,9.19561e+06,0,0,0,2.28273e+08,79.421,79.791,1.96784,0,0,2.43412,1.51147,0,1.8806,2.96352,8.46701e+06,3.61194e+06,2.06097e+07,0,0,0,6.20183e+07
83.5122,85.139,1.91264,0.24,0.04,2.25745,3.17997,0,0.422969,6.048,4.07419e+06,2.70226e+06,9.19728e+06,0,0,0,2.28273e+08,79.043,79.791,1.96289,0,0,2.43412,1.51161,0,1.8806,2.96352,8.46701e+06,3.61194e+06,2.06097e+07,0,0,0,6.20183e+07
83.1671,85.139,2.19343,0.21,0.04,2.33208,3.25446,0,0.423046,6.048,4.07419e+06,2.70226e+06,9.50134e+06,0,0,0,2.28273e+08,78.6413,79.791,2.06757,0,0,2.47106,1.54868,0,1.8806,2.96352,8.46701e+06,3.61194e+06,2.09225e+07,0,0,0,6.20183e+07
82.5562,85.139,1.94996,0.21,0.04,2.36944,3.25475,0,0.437032,6.048,4.07419e+06,2.70226e+06,9.65354e+06,0,0,0,2.28273e+08,78.158,79.791,1.93841,0,0,2.43413,1.54881,0,1.90914,2.96352,8.46701e+06,3.61194e+06,2.06098e+07,0,0,0,6.20183e+07
81.7809,85.139,1.77545,0.2,0.04,2.36986,3.25503,0,0.444032,6.048,4.07419e+06,2.70226e+06,9.65525e+06,0,0,0,2.28273e+08,77.65,79.791,1.83923,0,0,2.43413,1.54895,0,1.88061,2.96352,8.46701e+06,3.61194e+06,2.06098e+07,0,0,0,6.20183e+07
80.7722,85.139,1.51624,0.2,0.04,2.37028,3.25532,0,0.444111,6.048,4.07419e+06,2.70226e+06,9.65696e+06,0,0,0,2.28273e+08,77.0718,79.791,1.82381,0,0,2.43413,1.54908,0,1.88061,2.96352,8.46701e+06,3.61194e+06,2.06098e+07,0,0,0,6.20183e+07
79.8922,85.139,1.82826,0.2,0.04,2.58812,3.47303,0,0.44419,6.048,4.07419e+06,2.70226e+06,1.05445e+07,0,0,0,2.28273e+08,76.6217,79.791,1.72776,0,0,2.56751,1.6826,0,1.88061,2.96352,8.46701e+06,3.61194e+06,2.17391e+07,0,0,0,6.20183e+07
79.177,85.139,2.1313,0.2,0.04,2.72194,3.47333,0,0.485014,6.048,4.07419e+06,2.70226e+06,1.10897e+07,0,0,0,2.28273e+08,75.9637,79.791,2.11576,0,0,2.43414,1.68275,0,1.98366,2.96352,8.46701e+06,3.61194e+06,2.06099e+07,0,0,0,6.20183e+07
78.0735,85.139,1.73597,0.21,0.04,2.72239,3.47364,0,0.510092,6.048,4.07419e+06,2.70226e+06,1.10916e+07,0,0,0,2.28273e+08,75.4527,79.791,1.50552,0,0,2.43414,1.6829,0,1.88062,2.96352,8.46701e+06,3.61194e+06,2.06099e+07,0,0,0,6.20183e+07
77.3697,85.139,2.11757,0.21,0.04,2.72284,3.47394,0,0.510177,6.048,4.07419e+06,2.70226e+06,1.10934e+07,0,0,0,2.28273e+08,75.2713,79.791,2.7173,0,0,2.43414,1.68304,0,1.88062,2.96352,8.46701e+06,3.61194e+06,2.06099e+07,0,0,0,6.20183e+07
76.7205,85.139,2.21933,0.21,0.04,2.7233,3.47425,0,0.510261,6.048,4.07419e+06,2.70226e+06,1.10952e+07,0,0,0,2.28273e+08,75.0195,79.791,2.43803,0,0,2.43414,1.68319,0,1.88062,2.96352,8.46701e+06,3.61194e+06,2.06099e+07,0,0,0,6.20183e+07
75.9883,85.139,2.05906,0.22,0.04,2.61773,3.36854,0,0.510346,6.048,4.07419e+06,2.70226e+06,1.06652e+07,0,0,0,2.28273e+08,74.6538,79.791,2.19003,0,0,2.35315,1.60234,0,1.88062,2.96352,8.46701e+06,3.61194e+06,1.99241e+07,0,0,0,6.20183e+07
75.0799,85.139,1.80033,0.24,0.04,2.53718,3.36883,0,0.490563,6.048,4.07419e+06,2.70226e+06,1.0337e+07,0,0,0,2.28273e+08,74.2186,79.791,2.00392,0,0,2.43413,1.60248,0,1.81804,2.96352,8.46701e+06,3.61194e+06,2.06098e+07,0,0,0,6.20183e+07
74.9026,85.139,2.55353,0.23,0.04,2.53762,3.36913,0,0.475468,6.048,4.07419e+06,2.70226e+06,1.03387e+07,0,0,0,2.28273e+08,74.0033,79.791,2.66067,0,0,2.43413,1.60262,0,1.88061,2.96352,8.46701e+06,3.61194e+06,2.06098e+07,0,0,0,6.20183e+07
76.0884,85.139,4.02638,0.22,0.04,2.53805,3.36942,0,0.475549,6.048,4.07419e+06,2.70226e+06,1.03405e+07,0,0,0,2.28273e+08,73.9754,79.791,3.37116,0,0,2.43413,1.60276,0,1.88061,2.96352,8.46701e+06,3.61194e+06,2.06098e+07,0,0,0,6.20183e+07
76.9568,85.139,3.70965,0.22,0.04,2.45144,3.28267,0,0.475631,6.048,4.07419e+06,2.70226e+06,9.98763e+06,0,0,0,2.28273e+08,74.0921,79.791,3.77967,0,0,2.36038,1.52915,0,1.88061,2.96352,8.46701e+06,3.61194e+06,1.99854e+07,0,0,0,6.20183e+07
79.8113,85.139,5.78309,0.22,0.04,2.37812,3.28295,0,0.459399,6.048,4.07419e+06,2.70226e+06,9.68891e+06,0,0,0,2.28273e+08,74.7807,79.791,5.39356,0,0,2.43413,1.52929,0,1.82363,2.96352,8.46701e+06,3.61194e+06,2.06098e+07,0,0,0,6.20183e+07
81.943,85.139,5.03116,0.19,0.04,2.37854,3.28324,0,0.445659,6.048,4.07419e+06,2.70226e+06,9.69062e+06,0,0,0,2.28273e+08,75.4613,79.791,5.3448,0,0,2.43413,1.52942,0,1.88061,2.96352,8.46701e+06,3.61194e+06,2.06098e+07,0,0,0,6.20183e+07
83.4646,85.139,4.44053,0.21,0.04,2.37896,3.28353,0,0.445738,6.048,4.07419e+06,2.70226e+06,9.69233e+06,0,0,0,2.28273e+08,75.7922,79.791,4.26445,0,0,2.43413,1.52956,0,1.88061,2.96352,8.46701e+06,3.61194e+06,2.06098e+07,0,0,0,6.20183e+07
82.8064,85.139,1.95975,0.22,0.04,2.13207,3.03651,0,0.445817,6.048,4.07419e+06,2.70226e+06,8.68646e+06,0,0,0,2.28273e+08,75.5814,79.791,2.27747,0,0,2.28047,1.37604,0,1.88061,2.96352,8.46701e+06,3.61194e+06,1.93088e+07,0,0,0,6.20183e+07
83.8578,85.139,3.8004,0.24,0.04,1.97882,3.03677,0,0.39955,6.048,4.07419e+06,2.70226e+06,8.06208e+06,0,0,0,2.28273e+08,76.6739,79.791,5.98997,0,0,2.43411,1.37616,0,1.76189,2.96352,8.46701e+06,3.61194e+06,2.06096e+07,0,0,0,6.20183e+07
84.603,85.139,3.37535,0.24,0.04,1.9792,3.03704,0,0.37083,6.048,4.07419e+06,2.70226e+06,8.06365e+06,0,0,0,2.28273e+08,76.7253,79.791,3.24854,0,0,2.43411,1.37628,0,1.8806,2.96352,8.46701e+06,3.61194e+06,2.06096e+07,0,0,0,6.20183e+07
85.139,85.139,3.17852,0.24,0.04,1.97959,3.0373,0,0.370902,6.048,4.07419e+06,2.70226e+06,8.06522e+06,0,0,0,2.28273e+08,76.8546,79.791,3.13936,0,0,2.43411,1.3764,0,1.8806,2.96352,8.46701e+06,3.61194e+06,2.06096e+07,0,0,0,6.20183e+07
85.139,85.139,4.37048,0.19,0.04,1.97997,3.03757,0,0.370975,6.048,4.07419e+06,2.70226e+06,8.06679e+06,0,0,0,2.28273e+08,77.7619,79.791,4.50913,0,0,2.43411,1.37652,0,1.8806,2.96352,8.46701e+06,3.61194e+06,2.06096e+07,0,0,0,6.20183e+07
85.139,85.139,4.90226,0.19,0.02,2.07552,3.13299,0,0.371047,6.048,4.07419e+06,2.70226e+06,8.45606e+06,0,0,0,2.28273e+08,78.7634,79.791,6.14463,0,0,2.47862,1.42115,0,1.8806,2.96352,8.46701e+06,3.61194e+06,2.09865e+07,0,0,0,6.20183e+07
85.139,85.139,2.848,0.19,0.02,2.1204,3.13324,0,0.388952,6.048,4.07419e+06,2.70226e+06,8.63891e+06,0,0,0,2.28273e+08,78.9108,79.791,4.13002,0,0,2.43411,1.42126,0,1.91498,2.96352,8.46701e+06,3.61194e+06,2.06096e+07,0,0,0,6.20183e+07
84.7858,85.139,2.31881,0.18,0.02,2.12076,3.13349,0,0.397362,6.048,4.07419e+06,2.70226e+06,8.6404e+06,0,0,0,2.28273e+08,78.9466,79.791,3.56267,0,0,2.43411,1.42138,0,1.88059,2.96352,8.46701e+06,3.61194e+06,2.06096e+07,0,0,0,6.20183e+07
84.7679,85.139,2.72274,0.31,0.02,2.12113,3.13375,0,0.397431,6.048,4.07419e+06,2.70226e+06,8.64189e+06,0,0,0,2.28273e+08,79.279,79.791,4.35216,0,0,2.43411,1.42149,0,1.88059,2.96352,8.46701e+06,3.61194e+06,2.06096e+07,0,0,0,6.20183e+07
85.139,85.139,3.64926,0.31,0.02,2.42718,3.43968,0,0.3975,6.048,4.07419e+06,2.70226e+06,9.88879e+06,0,0,0,2.28273e+08,79.7826,79.791,6.493,0,0,2.60126,1.58875,0,1.88059,2.96352,8.46701e+06,3.61194e+06,2.20249e+07,0,0,0,6.20183e+07
85.139,85.139,3.2424,0.22,0.02,2.59472,3.43996,0,0.454853,6.048,4.07419e+06,2.70226e+06,1.05714e+07,0,0,0,2.28273e+08,80.0568,79.791,4.56605,0,0,2.43412,1.58888,0,2.00973,2.96352,8.46701e+06,3.61194e+06,2.06097e+07,0,0,0,6.20183e+07
85.139,85.139,3.18501,0.23,0.02,2.59512,3.44023,0,0.48625,6.048,4.07419e+06,2.70226e+06,1.0573e+07,0,0,0,2.28273e+08,80.0693,79.791,3.35928,0,0,2.43412,1.58901,0,1.8806,2.96352,8.46701e+06,3.61194e+06,2.06097e+07,0,0,0,6.20183e+07
85.139,85.139,4.24644,0.24,0.02,2.59553,3.44051,0,0.486326,6.048,4.07419e+06,2.70226e+06,1.05747e+07,0,0,0,2.28273e+08,80.5099,79.791,5.23943,0,0,2.43412,1.58914,0,1.8806,2.96352,8.46701e+06,3.61194e+06,2.06097e+07,0,0,0,6.20183e+07
85.139,85.139,4.9399,0.28,0.02,2.15979,3.00465,0,0.486402,6.048,4.07419e+06,2.70226e+06,8.7994e+06,0,0,0,2.28273e+08,80.8192,79.791,6.51185,0,0,2.20973,1.36487,0,1.8806,2.96352,8.46701e+06,3.61194e+06,1.87098e+07,0,0,0,6.20183e+07
85.139,85.139,4.74965,0.31,0.02,1.93577,3.00489,0,0.404745,6.048,4.07419e+06,2.70226e+06,7.8867e+06,0,0,0,2.28273e+08,80.8192,79.791,6.68952,0,0,2.4341,1.36498,0,1.70724,2.96352,8.46701e+06,3.61194e+06,2.06096e+07,0,0,0,6.20183e+07
85.139,85.139,8.31126,0.34,0.02,1.93612,3.00513,0,0.362763,6.048,4.07419e+06,2.70226e+06,7.88813e+06,0,0,0,2.28273e+08,80.8192,79.791,12.1962,0,0,2.4341,1.36509,0,1.88059,2.96352,8.46701e+06,3.61194e+06,2.06096e+07,0,0,0,6.20183e+07
85.139,85.139,7.50102,0.39,0.02,1.88153,3.00537,0,0.362829,6.048,4.07419e+06,2.7881e+06,7.66571e+06,0,0,0,2.28273e+08,80.8192,79.791,10.0566,0,0,2.40914,1.3652,0,1.88059,2.96352,8.46701e+06,3.72668e+06,2.03982e+07,0,0,0,6.20183e+07
85.139,85.139,6.189,0.4,0.02,1.66209,3.00561,0,0.352598,6.048,4.07419e+06,3.34572e+06,6.77166e+06,0,0,0,2.28273e+08,80.8192,79.791,6.62023,0,0,2.3093,1.36531,0,1.8613,2.96352,8.46701e+06,4.47202e+06,1.95529e+07,0,0,0,6.20183e+07
85.139,85.139,5.9624,0.4,0.02,1.7622,3.11568,0,0.311475,6.048,4.07419e+06,3.34572e+06,7.17956e+06,0,0,0,2.28273e+08,80.8192,79.791,8.54197,0,0,2.35919,1.42034,0,1.78417,2.96352,8.46701e+06,4.47202e+06,1.99753e+07,0,0,0,6.20183e+07
85.139,85.139,5.1873,0.4,0.02,1.81746,3.11593,0,0.330237,6.048,4.07419e+06,3.34572e+06,7.40467e+06,0,0,0,2.28273e+08,80.8192,79.791,10.1651,0,0,2.30427,1.42045,0,1.82271,2.96352,8.46701e+06,4.47202e+06,1.95102e+07,0,0,0,6.20183e+07
85.139,85.139,3.86448,0.39,0.02,2.04567,3.11618,0,0.340591,6.048,4.07419e+06,2.7881e+06,8.33447e+06,0,0,0,2.28273e+08,80.8192,79.791,7.35399,0,0,2.40814,1.42057,0,1.78028,2.96352,8.46701e+06,3.72668e+06,2.03897e+07,0,0,0,6.20183e+07
85.139,85.139,3.80253,0.33,0.02,2.10301,3.11643,0,0.383359,6.048,4.07419e+06,2.70226e+06,8.56806e+06,0,0,0,2.28273e+08,80.8192,79.791,6.16634,0,0,2.43411,1.42068,0,1.86053,2.96352,8.46701e+06,3.61194e+06,2.06096e+07,0,0,0,6.20183e+07
85.139,85.139,3.89474,0.31,0.02,2.06042,3.07373,0,0.394104,6.048,4.07419e+06,2.70226e+06,8.39454e+06,0,0,0,2.28273e+08,80.8192,79.791,4.06982,0,0,2.41277,1.39946,0,1.88059,2.96352,8.46701e+06,3.61194e+06,2.04289e+07,0,0,0,6.20183e+07
85.139,85.139,3.24204,0.29,0.02,2.03944,3.07397,0,0.386122,6.048,4.07419e+06,2.70226e+06,8.30908e+06,0,0,0,2.28273e+08,80.7831,79.791,3.52609,0,0,2.4341,1.39957,0,1.86411,2.96352,8.46701e+06,3.61194e+06,2.06096e+07,0,0,0,6.20183e+07
85.139,85.139,2.8697,0.27,0.02,2.0398,3.07422,0,0.382191,6.048,4.07419e+06,2.70226e+06,8.31055e+06,0,0,0,2.28273e+08,80.6706,79.791,3.10615,0,0,2.4341,1.39969,0,1.88059,2.96352,8.46701e+06,3.61194e+06,2.06096e+07,0,0,0,6.20183e+07
85.139,85.139,2.59502,0.24,0.02,2.04016,3.07447,0,0.382259,6.048,4.07419e+06,2.70226e+06,8.31201e+06,0,0,0,2.28273e+08,80.4855,79.791,2.81566,0,0,2.4341,1.3998,0,1.88059,2.96352,8.46701e+06,3.61194e+06,2.06096e+07,0,0,0,6.20183e+07
85.139,85.139,3.10318,0.21,0.02,2.18638,3.22057,0,0.382326,6.048,4.07419e+06,2.70226e+06,8.90772e+06,0,0,0,2.28273e+08,80.4489,79.791,3.34295,0,0,2.50979,1.4756,0,1.88059,2.96352,8.46701e+06,3.61194e+06,2.12504e+07,0,0,0,6.20183e+07
85.139,85.139,2.75103,0.22,0.02,2.26243,3.22083,0,0.409727,6.048,4.07419e+06,2.70226e+06,9.21759e+06,0,0,0,2.28273e+08,80.1637,79.791,2.75981,0,0,2.43411,1.47572,0,1.93906,2.96352,8.46701e+06,3.61194e+06,2.06096e+07,0,0,0,6.20183e+07
85.0626,85.139,2.56329,0.2,0.02,2.26281,3.22109,0,0.42398,6.048,4.07419e+06,2.70226e+06,9.21913e+06,0,0,0,2.28273e+08,79.8473,79.791,2.5532,0,0,2.43411,1.47583,0,1.88059,2.96352,8.46701e+06,3.61194e+06,2.06096e+07,0,0,0,6.20183e+07
84.8113,85.139,2.35568,0.25,0.02,2.26319,3.22135,0,0.424051,6.048,4.07419e+06,2.70226e+06,9.22067e+06,0,0,0,2.28273e+08,79.4565,79.791,2.13646,0,0,2.43411,1.47595,0,1.88059,2.96352,8.46701e+06,3.61194e+06,2.06096e+07,0,0,0,6.20183e+07
84.1064,85.139,1.82762,0.23,0.02,2.26357,3.2216,0,0.424121,6.048,4.07419e+06,2.70226e+06,9.2222e+06,0,0,0,2.28273e+08,78.6983,79.791,2.03395,0,0,2.43411,1.47607,0,1.88059,2.96352,8.46701e+06,3.61194e+06,2.06096e+07,0,0,0,6.20183e+07
83.0803,85.139,1.43218,0.23,0.02,2.23509,3.19301,0,0.424192,6.048,4.07419e+06,2.70226e+06,9.10618e+06,0,0,0,2.28273e+08,77.9165,79.791,1.55368,0,0,2.47573,1.51781,0,1.88059,2.96352,8.46701e+06,3.61194e+06,2.0962e+07,0,0,0,6.20183e+07
81.9152,85.139,1.32218,0.24,0.02,2.27708,3.19326,0,0.418855,6.048,4.07419e+06,2.70226e+06,9.27726e+06,0,0,0,2.28273e+08,76.9938,79.791,1.54105,0,0,2.43411,1.51793,0,1.91275,2.96352,8.46701e+06,3.61194e+06,2.06097e+07,0,0,0,6.20183e+07
80.6453,85.139,1.20803,0.22,0.02,2.27746,3.19352,0,0.426724,6.048,4.07419e+06,2.70226e+06,9.2788e+06,0,0,0,2.28273e+08,76.0127,79.791,1.37559,0,0,2.43411,1.51805,0,1.8806,2.96352,8.46701e+06,3.61194e+06,2.06097e+07,0,0,0,6.20183e+07
79.294,85.139,1.09569,0.22,0.02,2.27783,3.19378,0,0.426795,6.048,4.07419e+06,2.70226e+06,9.28034e+06,0,0,0,2.28273e+08,74.9495,79.791,1.30731,0,0,2.43411,1.51817,0,1.8806,2.96352,8.46701e+06,3.61194e+06,2.06097e+07,0,0,0,6.20183e+07
77.9346,85.139,1.13564,0.23,0.02,2.35276,3.26858,0,0.426866,6.048,4.07419e+06,2.70226e+06,9.58558e+06,0,0,0,2.28273e+08,73.9789,79.791,1.31882,0,0,2.47121,1.55539,0,1.8806,2.96352,8.46701e+06,3.61194e+06,2.09238e+07,0,0,0,6.20183e+07
76.4788,85.139,1.0506,0.23,0.02,2.39024,3.26884,0,0.440906,6.048,4.07419e+06,2.70226e+06,9.7383e+06,0,0,0,2.28273e+08,72.8827,79.791,1.32364,0,0,2.43412,1.55552,0,1.90926,2.96352,8.46701e+06,3.61194e+06,2.06097e+07,0,0,0,6.20183e+07
74.957,85.139,0.97369,0.2,0.02,2.39063,3.2691,0,0.447931,6.048,4.07419e+06,2.70226e+06,9.73988e+06,0,0,0,2.28273e+08,71.8603,79.791,1.18072,0,0,2.43412,1.55564,0,1.8806,2.96352,8.46701e+06,3.61194e+06,2.06097e+07,0,0,0,6.20183e+07
73.4687,85.139,0.990669,0.2,0.02,2.39102,3.26936,0,0.448004,6.048,4.07419e+06,2.70226e+06,9.74146e+06,0,0,0,2.28273e+08,70.7048,79.791,1.33967,0,0,2.43412,1.55577,0,1.8806,2.96352,8.46701e+06,3.61194e+06,2.06097e+07,0,0,0,6.20183e+07
71.7419,85.139,0.903888,0.23,0.02,2.60977,3.48799,0,0.448076,6.048,4.07419e+06,2.70226e+06,1.06327e+07,0,0,0,2.28273e+08,69.5222,79.791,1.09942,0,0,2.56807,1.68985,0,1.8806,2.96352,8.46701e+06,3.61194e+06,2.17439e+07,0,0,0,6.20183e+07
69.916,85.139,0.897239,0.24,0.02,2.74413,3.48827,0,0.489071,6.048,4.07419e+06,2.70226e+06,1.11801e+07,0,0,0,2.28273e+08,68.2884,79.791,1.08591,0,0,2.43413,1.68998,0,1.98409,2.96352,8.46701e+06,3.61194e+06,2.06098e+07,0,0,0,6.20183e+07
67.9546,85.139,0.761108,0.24,0.02,2.74455,3.48855,0,0.51425,6.048,4.07419e+06,2.70226e+06,1.11818e+07,0,0,0,2.28273e+08,67.1988,79.791,0.955713,0,0,2.43413,1.69012,0,1.88061,2.96352,8.46701e+06,3.61194e+06,2.06098e+07,0,0,0,6.20183e+07
66.0822,85.139,0.82554,0.32,0.02,2.74496,3.48883,0,0.514328,6.048,4.07419e+06,2.70226e+06,1.11835e+07,0,0,0,2.28273e+08,66.2023,79.791,1.26243,0,0,2.43413,1.69026,0,1.88061,2.96352,8.46701e+06,3.61194e+06,2.06098e+07,0,0,0,6.20183e+07
64.517,85.139,1.14984,0.31,0.02,2.74538,3.48911,0,0.514406,6.048,4.07419e+06,2.70226e+06,1.11852e+07,0,0,0,2.28273e+08,65.3967,79.791,1.22528,0,0,2.43413,1.69039,0,1.88061,2.96352,8.46701e+06,3.61194e+06,2.06098e+07,0,0,0,6.20183e+07
63.5151,85.139,1.63245,0.32,0.02,2.63933,3.38293,0,0.514484,6.048,4.07419e+06,2.70226e+06,1.07531e+07,0,0,0,2.28273e+08,64.8456,79.791,1.54328,0,0,2.35279,1.60919,0,1.88061,2.96352,8.46701e+06,3.61194e+06,1.99211e+07,0,0,0,6.20183e+07
62.4961,85.139,1.57405,0.32,0.02,2.5584,3.3832,0,0.49461,6.048,4.07419e+06,2.70226e+06,1.04234e+07,0,0,0,2.28273e+08,63.8371,79.791,1.70075,0,0,2.43412,1.60932,0,1.81776,2.96352,8.46701e+06,3.61194e+06,2.06097e+07,0,0,0,6.20183e+07
60.8994,85.139,0.948009,0.32,0.02,2.5588,3.38347,0,0.479444,6.048,4.07419e+06,2.70226e+06,1.0425e+07,0,0,0,2.28273e+08,62.7879,79.791,1.04882,0,0,2.43412,1.60945,0,1.8806,2.96352,8.46701e+06,3.61194e+06,2.06097e+07,0,0,0,6.20183e+07
59.6091,85.139,1.27943,0.36,0.02,2.5592,3.38374,0,0.479519,6.048,4.07419e+06,2.70226e+06,1.04267e+07,0,0,0,2.28273e+08,61.7126,79.791,1.29198,0,0,2.43412,1.60958,0,1.8806,2.96352,8.46701e+06,3.61194e+06,2.06097e+07,0,0,0,6.20183e+07
58.161,85.139,1.05374,0.37,0.02,2.47218,3.2966,0,0.479594,6.048,4.07419e+06,2.70226e+06,1.00722e+07,0,0,0,2.28273e+08,61.0259,79.791,0.893856,0,0,2.36006,1.53564,0,1.8806,2.96352,8.46701e+06,3.61194e+06,1.99826e+07,0,0,0,6.20183e+07
58.3467,85.139,2.68984,0.37,0.02,2.39851,3.29686,0,0.463287,6.048,4.07419e+06,2.70226e+06,9.77201e+06,0,0,0,2.28273e+08,60.6854,79.791,2.69675,0,0,2.43412,1.53577,0,1.82338,2.96352,8.46701e+06,3.61194e+06,2.06097e+07,0,0,0,6.20183e+07
59.2018,85.139,3.16715,0.4,0.02,2.09752,3.29713,0,0.449482,6.048,4.07419e+06,3.34572e+06,8.5457e+06,0,0,0,2.28273e+08,60.2676,79.791,2.22133,0,0,2.29372,1.53589,0,1.8806,2.96352,8.46701e+06,4.47202e+06,1.9421e+07,0,0,0,6.20183e+07
58.9174,85.139,2.18457,0.39,0.02,2.33901,3.29739,0,0.393075,6.048,4.07419e+06,2.7881e+06,9.52958e+06,0,0,0,2.28273e+08,59.9294,79.791,1.61412,0,0,2.40603,1.53601,0,1.77213,2.96352,8.46701e+06,3.72668e+06,2.03719e+07,0,0,0,6.20183e+07
62.9971,85.139,6.33706,0.4,0.02,1.8726,3.04931,0,0.43833,6.048,4.07419e+06,3.34572e+06,7.62932e+06,0,0,0,2.28273e+08,59.4227,79.791,2.00672,0,0,2.1535,1.38184,0,1.8589,2.96352,8.46701e+06,4.47202e+06,1.82337e+07,0,0,0,6.20183e+07
66.5705,85.139,6.05104,0.38,0.02,1.9974,3.04955,0,0.350925,6.048,4.07419e+06,2.70226e+06,8.13778e+06,0,0,0,2.28273e+08,59.8199,79.791,4.95189,0,0,2.4341,1.38195,0,1.6638,2.96352,8.46701e+06,3.61194e+06,2.06096e+07,0,0,0,6.20183e+07
70.356,85.139,6.33314,0.38,0.02,1.99775,3.0498,0,0.374312,6.048,4.07419e+06,2.70226e+06,8.13923e+06,0,0,0,2.28273e+08,59.8764,79.791,3.95282,0,0,2.4341,1.38206,0,1.88059,2.96352,8.46701e+06,3.61194e+06,2.06096e+07,0,0,0,6.20183e+07
71.9894,85.139,4.05654,0.36,0.02,1.99811,3.05004,0,0.374379,6.048,4.07419e+06,2.70226e+06,8.14068e+06,0,0,0,2.28273e+08,59.44,79.791,2.51676,0,0,2.4341,1.38217,0,1.88059,2.96352,8.46701e+06,3.61194e+06,2.06096e+07,0,0,0,6.20183e+07
72.9414,85.139,3.39922,0.37,0.02,1.99846,3.05029,0,0.374446,6.048,4.07419e+06,2.70226e+06,8.14213e+06,0,0,0,2.28273e+08,59.1539,79.791,2.4091,0,0,2.4341,1.38228,0,1.88059,2.96352,8.46701e+06,3.61194e+06,2.06096e+07,0,0,0,6.20183e+07
74.1592,85.139,3.86111,0.37,0.02,2.09438,3.14609,0,0.374512,6.048,4.07419e+06,2.70226e+06,8.5329e+06,0,0,0,2.28273e+08,59.2053,79.791,3.54236,0,0,2.4788,1.42709,0,1.88059,2.96352,8.46701e+06,3.61194e+06,2.0988e+07,0,0,0,6.20183e+07
74.5994,85.139,3.0413,0.36,0.02,2.13941,3.14632,0,0.392486,6.048,4.07419e+06,2.70226e+06,8.71639e+06,0,0,0,2.28273e+08,59.0631,79.791,2.7015,0,0,2.4341,1.42719,0,1.91512,2.96352,8.46701e+06,3.61194e+06,2.06095e+07,0,0,0,6.20183e+07
74.6331,85.139,2.61398,0.37,0.02,2.13975,3.14655,0,0.400926,6.048,4.07419e+06,2.70226e+06,8.71775e+06,0,0,0,2.28273e+08,58.91,79.791,2.41804,0,0,2.4341,1.4273,0,1.88058,2.96352,8.46701e+06,3.61194e+06,2.06095e+07,0,0,0,6.20183e+07
74.7385,85.139,2.69277,0.38,0.02,2.14009,3.14678,0,0.400989,6.048,4.07419e+06,2.70226e+06,8.71912e+06,0,0,0,2.28273e+08,58.9575,79.791,3.01247,0,0,2.4341,1.4274,0,1.88058,2.96352,8.46701e+06,3.61194e+06,2.06095e+07,0,0,0,6.20183e+07
76.6163,85.139,4.86179,0.39,0.02,2.38423,3.45396,0,0.401052,6.048,4.07419e+06,2.7881e+06,9.71381e+06,0,0,0,2.28273e+08,59.2093,79.791,3.70139,0,0,2.57278,1.59535,0,1.88058,2.96352,8.46701e+06,3.72668e+06,2.17837e+07,0,0,0,6.20183e+07
76.0364,85.139,2.42933,0.39,0.02,2.55243,3.45422,0,0.446805,6.048,4.07419e+06,2.7881e+06,1.03991e+07,0,0,0,2.28273e+08,58.7429,79.791,2.46651,0,0,2.40494,1.59547,0,1.98773,2.96352,8.46701e+06,3.72668e+06,2.03627e+07,0,0,0,6.20183e+07
75.3784,85.139,2.04548,0.43,0.02,2.30018,3.45447,0,0.478325,6.048,4.07419e+06,3.34572e+06,9.37138e+06,0,0,0,2.28273e+08,58.4914,79.791,2.04285,0,0,2.28826,1.59559,0,1.85806,2.96352,8.46701e+06,4.47202e+06,1.93747e+07,0,0,0,6.20183e+07
75.0099,85.139,2.38407,0.46,0.02,2.30053,3.45472,0,0.431054,6.048,4.07419e+06,3.34572e+06,9.3728e+06,0,0,0,2.28273e+08,58.6452,79.791,3.04825,0,0,2.28825,1.5957,0,1.76791,2.96352,8.46701e+06,4.47202e+06,1.93746e+07,0,0,0,6.20183e+07
77.0285,85.139,4.60673,0.46,0.02,1.90297,3.01704,0,0.431119,6.048,4.07419e+06,3.34572e+06,7.75305e+06,0,0,0,2.28273e+08,60.3372,79.791,6.03022,0,0,2.08352,1.3705,0,1.7679,2.96352,8.46701e+06,4.47202e+06,1.76412e+07,0,0,0,6.20183e+07
78.9671,85.139,4.32115,0.51,0.02,1.67797,3.01726,0,0.356616,6.048,4.07419e+06,3.34572e+06,6.83637e+06,0,0,0,2.28273e+08,61.0946,79.791,4.27571,0,0,2.30881,1.3706,0,1.60973,2.96352,8.46701e+06,4.47202e+06,1.95487e+07,0,0,0,6.20183e+07
80.1836,85.139,3.57046,0.52,0.02,1.67827,3.01748,0,0.314451,6.048,4.07419e+06,3.34572e+06,6.8376e+06,0,0,0,2.28273e+08,61.8024,79.791,3.86097,0,0,2.3088,1.37071,0,1.78379,2.96352,8.46701e+06,4.47202e+06,1.95486e+07,0,0,0,6.20183e+07
83.1725,85.139,5.58099,0.48,0.02,1.67857,3.0177,0,0.314508,6.048,4.07419e+06,3.34572e+06,6.83883e+06,0,0,0,2.28273e+08,63.1781,79.791,5.89628,0,0,2.30879,1.37081,0,1.78378,2.96352,8.46701e+06,4.47202e+06,1.95485e+07,0,0,0,6.20183e+07
85.139,85.139,4.91349,0.5,0.02,1.67888,3.01792,0,0.314565,6.048,4.07419e+06,3.34572e+06,6.84006e+06,0,0,0,2.28273e+08,64.3818,79.791,5.42472,0,0,2.30878,1.37091,0,1.78377,2.96352,8.46701e+06,4.47202e+06,1.95485e+07,0,0,0,6.20183e+07
85.139,85.139,3.91211,0.39,0.02,2.00814,3.12842,0,0.314621,6.048,4.07419e+06,2.7881e+06,8.18157e+06,0,0,0,2.28273e+08,65.1478,79.791,4.02506,0,0,2.46316,1.42615,0,1.78376,2.96352,8.46701e+06,3.72668e+06,2.08556e+07,0,0,0,6.20183e+07
85.139,85.139,5.38739,0.4,0.02,1.83482,3.12865,0,0.376326,6.048,4.07419e+06,3.34572e+06,7.47543e+06,0,0,0,2.28273e+08,66.724,79.791,6.05242,0,0,2.30373,1.42625,0,1.90304,2.96352,8.46701e+06,4.47202e+06,1.95057e+07,0,0,0,6.20183e+07
85.139,85.139,5.42442,0.38,0.02,2.12114,3.12888,0,0.343846,6.048,4.07419e+06,2.70226e+06,8.64194e+06,0,0,0,2.28273e+08,68.5566,79.791,6.94692,0,0,2.4341,1.42636,0,1.77986,2.96352,8.46701e+06,3.61194e+06,2.06095e+07,0,0,0,6.20183e+07
85.139,85.139,3.88885,0.33,0.02,2.12148,3.12911,0,0.397502,6.048,4.07419e+06,2.70226e+06,8.64331e+06,0,0,0,2.28273e+08,69.6029,79.791,4.66831,0,0,2.4341,1.42646,0,1.88058,2.96352,8.46701e+06,3.61194e+06,2.06095e+07,0,0,0,6.20183e+07
85.139,85.139,2.76217,0.31,0.02,2.07868,3.08621,0,0.397565,6.048,4.07419e+06,2.70226e+06,8.46895e+06,0,0,0,2.28273e+08,69.9969,79.791,3.81524,0,0,2.41267,1.40514,0,1.88058,2.96352,8.46701e+06,3.61194e+06,2.04281e+07,0,0,0,6.20183e+07
85.139,85.139,2.59095,0.3,0.02,2.05759,3.08644,0,0.389545,6.048,4.07419e+06,2.70226e+06,8.38302e+06,0,0,0,2.28273e+08,70.2115,79.791,3.18192,0,0,2.4341,1.40525,0,1.86403,2.96352,8.46701e+06,3.61194e+06,2.06095e+07,0,0,0,6.20183e+07
85.139,85.139,3.03964,0.28,0.02,2.05792,3.08666,0,0.385592,6.048,4.07419e+06,2.70226e+06,8.38436e+06,0,0,0,2.28273e+08,70.4079,79.791,3.33397,0,0,2.4341,1.40535,0,1.88058,2.96352,8.46701e+06,3.61194e+06,2.06095e+07,0,0,0,6.20183e+07
85.0101,85.139,2.29206,0.26,0.02,2.05825,3.08689,0,0.385654,6.048,4.07419e+06,2.70226e+06,8.38571e+06,0,0,0,2.28273e+08,70.5266,79.791,3.11072,0,0,2.4341,1.40545,0,1.88058,2.96352,8.46701e+06,3.61194e+06,2.06095e+07,0,0,0,6.20183e+07
84.4595,85.139,1.96087,0.34,0.02,2.20502,3.23356,0,0.385716,6.048,4.07419e+06,2.70226e+06,8.98369e+06,0,0,0,2.28273e+08,70.4233,79.791,2.69002,0,0,2.51009,1.48155,0,1.88058,2.96352,8.46701e+06,3.61194e+06,2.12529e+07,0,0,0,6.20183e+07
83.6658,85.139,1.79233,0.31,0.02,2.28136,3.2338,0,0.413221,6.048,4.07419e+06,2.70226e+06,9.29468e+06,0,0,0,2.28273e+08,70.2137,79.791,2.54979,0,0,2.4341,1.48166,0,1.93929,2.96352,8.46701e+06,3.61194e+06,2.06095e+07,0,0,0,6.20183e+07
82.8107,85.139,1.67073,0.28,0.02,2.2817,3.23404,0,0.427526,6.048,4.07419e+06,2.70226e+06,9.29609e+06,0,0,0,2.28273e+08,69.9712,79.791,2.29438,0,0,2.4341,1.48177,0,1.88059,2.96352,8.46701e+06,3.61194e+06,2.06095e+07,0,0,0,6.20183e+07
81.863,85.139,1.56158,0.27,0.02,2.28205,3.23427,0,0.427591,6.048,4.07419e+06,2.70226e+06,9.2975e+06,0,0,0,2.28273e+08,69.7114,79.791,2.31682,0,0,2.4341,1.48188,0,1.88059,2.96352,8.46701e+06,3.61194e+06,2.06095e+07,0,0,0,6.20183e+07
81.2207,85.139,1.88696,0.25,0.02,2.28239,3.23451,0,0.427656,6.048,4.07419e+06,2.70226e+06,9.29891e+06,0,0,0,2.28273e+08,69.48,79.791,2.53157,0,0,2.4341,1.48198,0,1.88059,2.96352,8.46701e+06,3.61194e+06,2.06095e+07,0,0,0,6.20183e+07
81.003,85.139,2.3027,0.25,0.02,2.25377,3.20578,0,0.427721,6.048,4.07419e+06,2.70226e+06,9.18229e+06,0,0,0,2.28273e+08,69.2042,79.791,2.64588,0,0,2.47588,1.52387,0,1.88059,2.96352,8.46701e+06,3.61194e+06,2.09633e+07,0,0,0,6.20183e+07
80.6497,85.139,2.1833,0.26,0.02,2.29589,3.20601,0,0.422356,6.048,4.07419e+06,2.70226e+06,9.35392e+06,0,0,0,2.28273e+08,68.904,79.791,2.55916,0,0,2.4341,1.52399,0,1.91287,2.96352,8.46701e+06,3.61194e+06,2.06096e+07,0,0,0,6.20183e+07
80.1587,85.139,2.03289,0.24,0.02,2.29624,3.20625,0,0.430251,6.048,4.07419e+06,2.70226e+06,9.35533e+06,0,0,0,2.28273e+08,68.5216,79.791,2.39331,0,0,2.4341,1.5241,0,1.88059,2.96352,8.46701e+06,3.61194e+06,2.06096e+07,0,0,0,6.20183e+07
79.5674,85.139,1.92355,0.24,0.02,2.29659,3.20648,0,0.430316,6.048,4.07419e+06,2.70226e+06,9.35675e+06,0,0,0,2.28273e+08,68.1076,79.791,2.25572,0,0,2.4341,1.52421,0,1.88059,2.96352,8.46701e+06,3.61194e+06,2.06096e+07,0,0,0,6.20183e+07
78.7727,85.139,1.75168,0.21,0.02,2.37177,3.28156,0,0.430381,6.048,4.07419e+06,2.70226e+06,9.66307e+06,0,0,0,2.28273e+08,67.6975,79.791,2.18159,0,0,2.47135,1.56157,0,1.88059,2.96352,8.46701e+06,3.61194e+06,2.09249e+07,0,0,0,6.20183e+07
77.922,85.139,1.71426,0.24,0.02,2.40937,3.2818,0,0.444471,6.048,4.07419e+06,2.70226e+06,9.81626e+06,0,0,0,2.28273e+08,67.2792,79.791,2.22035,0,0,2.43411,1.56168,0,1.90937,2.96352,8.46701e+06,3.61194e+06,2.06096e+07,0,0,0,6.20183e+07
76.8679,85.139,1.49999,0.22,0.02,2.40973,3.28204,0,0.451517,6.048,4.07419e+06,2.70226e+06,9.81771e+06,0,0,0,2.28273e+08,66.8304,79.791,2.05083,0,0,2.43411,1.5618,0,1.88059,2.96352,8.46701e+06,3.61194e+06,2.06096e+07,0,0,0,6.20183e+07
75.7099,85.139,1.38381,0.21,0.02,2.41009,3.28228,0,0.451583,6.048,4.07419e+06,2.70226e+06,9.81916e+06,0,0,0,2.28273e+08,66.3728,79.791,1.96435,0,0,2.43411,1.56191,0,1.88059,2.96352,8.46701e+06,3.61194e+06,2.06096e+07,0,0,0,6.20183e+07
74.2113,85.139,1.18053,0.21,0.02,2.62967,3.50175,0,0.45165,6.048,4.07419e+06,2.70226e+06,1.07138e+07,0,0,0,2.28273e+08,65.8629,79.791,1.90875,0,0,2.56859,1.69651,0,1.88059,2.96352,8.46701e+06,3.61194e+06,2.17483e+07,0,0,0,6.20183e+07
72.4654,85.139,1.02337,0.21,0.02,2.76452,3.502,0,0.4928,6.048,4.07419e+06,2.70226e+06,1.12632e+07,0,0,0,2.28273e+08,65.2855,79.791,1.73672,0,0,2.43412,1.69664,0,1.98449,2.96352,8.46701e+06,3.61194e+06,2.06097e+07,0,0,0,6.20183e+07
70.8125,85.139,1.1008,0.26,0.02,2.7649,3.50226,0,0.518072,6.048,4.07419e+06,2.70226e+06,1.12648e+07,0,0,0,2.28273e+08,64.7135,79.791,1.75493,0,0,2.43412,1.69676,0,1.8806,2.96352,8.46701e+06,3.61194e+06,2.06097e+07,0,0,0,6.20183e+07
69.7142,85.139,1.70586,0.26,0.02,2.76529,3.50252,0,0.518143,6.048,4.07419e+06,2.70226e+06,1.12663e+07,0,0,0,2.28273e+08,64.2155,79.791,2.09461,0,0,2.43412,1.69689,0,1.8806,2.96352,8.46701e+06,3.61194e+06,2.06097e+07,0,0,0,6.20183e+07
69.1024,85.139,2.21192,0.26,0.02,2.76567,3.50277,0,0.518215,6.048,4.07419e+06,2.70226e+06,1.12679e+07,0,0,0,2.28273e+08,63.9243,79.791,2.66291,0,0,2.43412,1.69701,0,1.8806,2.96352,8.46701e+06,3.61194e+06,2.06097e+07,0,0,0,6.20183e+07
67.6612,85.139,1.29407,0.26,0.02,2.65917,3.39615,0,0.518286,6.048,4.07419e+06,2.70226e+06,1.0834e+07,0,0,0,2.28273e+08,63.6896,79.791,3.36302,0,0,2.35246,1.61548,0,1.8806,2.96352,8.46701e+06,3.61194e+06,1.99183e+07,0,0,0,6.20183e+07
66.1855,85.139,1.18519,0.34,0.02,2.57789,3.3964,0,0.498328,6.048,4.07419e+06,2.70226e+06,1.05028e+07,0,0,0,2.28273e+08,63.5726,79.791,3.76233,0,0,2.43411,1.6156,0,1.81751,2.96352,8.46701e+06,3.61194e+06,2.06096e+07,0,0,0,6.20183e+07
65.3167,85.139,1.9729,0.34,0.02,2.57825,3.39665,0,0.483096,6.048,4.07419e+06,2.70226e+06,1.05043e+07,0,0,0,2.28273e+08,63.7259,79.791,5.49464,0,0,2.43411,1.61572,0,1.88059,2.96352,8.46701e+06,3.61194e+06,2.06096e+07,0,0,0,6.20183e+07
65.7866,85.139,3.36804,0.34,0.02,2.57862,3.3969,0,0.483165,6.048,4.07419e+06,2.70226e+06,1.05058e+07,0,0,0,2.28273e+08,63.9397,79.791,5.38904,0,0,2.43411,1.61583,0,1.88059,2.96352,8.46701e+06,3.61194e+06,2.06096e+07,0,0,0,6.20183e+07
65.7365,85.139,2.76359,0.35,0.02,2.49123,3.30939,0,0.483234,6.048,4.07419e+06,2.70226e+06,1.01498e+07,0,0,0,2.28273e+08,64.0984,79.791,4.68553,0,0,2.35976,1.5416,0,1.88059,2.96352,8.46701e+06,3.61194e+06,1.99801e+07,0,0,0,6.20183e+07
66.1878,85.139,3.26373,0.34,0.02,2.41724,3.30963,0,0.466857,6.048,4.07419e+06,2.70226e+06,9.84832e+06,0,0,0,2.28273e+08,64.5015,79.791,5.35439,0,0,2.43411,1.54172,0,1.82315,2.96352,8.46701e+06,3.61194e+06,2.06096e+07,0,0,0,6.20183e+07
67.1034,85.139,3.78864,0.37,0.02,2.4176,3.30988,0,0.452991,6.048,4.07419e+06,2.70226e+06,9.84977e+06,0,0,0,2.28273e+08,65.462,79.791,6.89012,0,0,2.43411,1.54183,0,1.88059,2.96352,8.46701e+06,3.61194e+06,2.06096e+07,0,0,0,6.20183e+07
67.6683,85.139,3.42867,0.37,0.02,2.41796,3.31012,0,0.453058,6.048,4.07419e+06,2.70226e+06,9.85122e+06,0,0,0,2.28273e+08,66.0154,79.791,5.99223,0,0,2.43411,1.54194,0,1.88059,2.96352,8.46701e+06,3.61194e+06,2.06096e+07,0,0,0,6.20183e+07
67.895,85.139,2.84404,0.39,0.02,2.11304,3.06105,0,0.453125,6.048,4.07419e+06,2.7881e+06,8.60895e+06,0,0,0,2.28273e+08,66.21,79.791,4.80488,0,0,2.25385,1.38716,0,1.88059,2.96352,8.46701e+06,3.72668e+06,1.90834e+07,0,0,0,6.20183e+07
69.107,85.139,3.65597,0.4,0.02,1.73462,3.06128,0,0.395984,6.048,4.07419e+06,3.34572e+06,7.06719e+06,0,0,0,2.28273e+08,66.7282,79.791,7.99957,0,0,2.30729,1.38726,0,1.74133,2.96352,8.46701e+06,4.47202e+06,1.95358e+07,0,0,0,6.20183e+07
70.4225,85.139,4.04698,0.37,0.02,2.01477,3.0615,0,0.325068,6.048,4.07419e+06,2.70226e+06,8.20858e+06,0,0,0,2.28273e+08,67.0369,79.791,5.10802,0,0,2.43409,1.38737,0,1.78261,2.96352,8.46701e+06,3.61194e+06,2.06095e+07,0,0,0,6.20183e+07
73.1633,85.139,5.68571,0.38,0.02,2.0151,3.06173,0,0.377569,6.048,4.07419e+06,2.70226e+06,8.20991e+06,0,0,0,2.28273e+08,69.0391,79.791,8.32025,0,0,2.43409,1.38747,0,1.88058,2.96352,8.46701e+06,3.61194e+06,2.06095e+07,0,0,0,6.20183e+07
74.0124,85.139,3.49575,0.39,0.02,1.95945,3.06195,0,0.37763,6.048,4.07419e+06,2.7881e+06,7.98318e+06,0,0,0,2.28273e+08,70.6898,79.791,7.27843,0,0,2.40873,1.38757,0,1.88058,2.96352,8.46701e+06,3.72668e+06,2.03947e+07,0,0,0,6.20183e+07
74.48,85.139,3.19391,0.35,0.02,2.11168,3.1581,0,0.367201,6.048,4.07419e+06,2.70226e+06,8.60338e+06,0,0,0,2.28273e+08,71.0321,79.791,4.05477,0,0,2.47896,1.43254,0,1.86098,2.96352,8.46701e+06,3.61194e+06,2.09894e+07,0,0,0,6.20183e+07
78.4048,85.139,6.7284,0.35,0.02,2.15685,3.15831,0,0.395728,6.048,4.07419e+06,2.70226e+06,8.78744e+06,0,0,0,2.28273e+08,71.7569,79.791,5.61245,0,0,2.43409,1.43263,0,1.91524,2.96352,8.46701e+06,3.61194e+06,2.06094e+07,0,0,0,6.20183e+07
85.139,85.139,9.94947,0.39,0.02,2.09942,3.15852,0,0.404194,6.048,4.07419e+06,2.7881e+06,8.55343e+06,0,0,0,2.28273e+08,72.8948,79.791,6.90306,0,0,2.40789,1.43273,0,1.88058,2.96352,8.46701e+06,3.72668e+06,2.03877e+07,0,0,0,6.20183e+07
85.139,85.139,7.45045,0.17,0.02,2.15746,3.15873,0,0.393431,6.048,4.07419e+06,2.70226e+06,8.78993e+06,0,0,0,2.28273e+08,73.9913,79.791,6.48118,0,0,2.43409,1.43282,0,1.86034,2.96352,8.46701e+06,3.61194e+06,2.06094e+07,0,0,0,6.20183e+07
85.139,85.139,6.8375,0.18,0.02,2.46589,3.46706,0,0.404309,6.048,4.07419e+06,2.70226e+06,1.00465e+07,0,0,0,2.28273e+08,75.3298,79.791,6.89376,0,0,2.60257,1.6014,0,1.88058,2.96352,8.46701e+06,3.61194e+06,2.2036e+07,0,0,0,6.20183e+07
85.139,85.139,8.87394,0.2,0.02,2.63469,3.46729,0,0.462107,6.048,4.07419e+06,2.70226e+06,1.07343e+07,0,0,0,2.28273e+08,76.4536,79.791,8.06544,0,0,2.4341,1.60151,0,2.01074,2.96352,8.46701e+06,3.61194e+06,2.06095e+07,0,0,0,6.20183e+07
85.139,85.139,4.85736,0.21,0.02,2.63503,3.46752,0,0.493742,6.048,4.07419e+06,2.70226e+06,1.07356e+07,0,0,0,2.28273e+08,76.8932,79.791,4.52935,0,0,2.4341,1.60161,0,1.88058,2.96352,8.46701e+06,3.61194e+06,2.06095e+07,0,0,0,6.20183e+07
85.139,85.139,3.67251,0.21,0.02,2.63537,3.46775,0,0.493805,6.048,4.07419e+06,2.70226e+06,1.0737e+07,0,0,0,2.28273e+08,77.0674,79.791,3.65052,0,0,2.4341,1.60172,0,1.88058,2.96352,8.46701e+06,3.61194e+06,2.06095e+07,0,0,0,6.20183e+07
85.139,85.139,5.31734,0.25,0.02,2.19612,3.02839,0,0.493868,6.048,4.07419e+06,2.70226e+06,8.94741e+06,0,0,0,2.28273e+08,79.0807,79.791,7.06221,0,0,2.20794,1.37566,0,1.88058,2.96352,8.46701e+06,3.61194e+06,1.86946e+07,0,0,0,6.20183e+07
85.139,85.139,5.56193,0.29,0.02,1.97026,3.02859,0,0.411553,6.048,4.07419e+06,2.70226e+06,8.02724e+06,0,0,0,2.28273e+08,80.8192,79.791,7.90497,0,0,2.43408,1.37575,0,1.70585,2.96352,8.46701e+06,3.61194e+06,2.06094e+07,0,0,0,6.20183e+07
85.139,85.139,7.16283,0.32,0.02,1.97056,3.0288,0,0.369227,6.048,4.07419e+06,2.70226e+06,8.02843e+06,0,0,0,2.28273e+08,80.8192,79.791,8.84757,0,0,2.43408,1.37585,0,1.88057,2.96352,8.46701e+06,3.61194e+06,2.06094e+07,0,0,0,6.20183e+07
85.139,85.139,6.87262,0.37,0.02,1.97085,3.029,0,0.369282,6.048,4.07419e+06,2.70226e+06,8.02963e+06,0,0,0,2.28273e+08,80.8192,79.791,8.541,0,0,2.43408,1.37594,0,1.88057,2.96352,8.46701e+06,3.61194e+06,2.06094e+07,0,0,0,6.20183e+07
85.139,85.139,9.6109,0.39,0.02,1.91577,3.0292,0,0.369337,6.048,4.07419e+06,2.7881e+06,7.8052e+06,0,0,0,2.28273e+08,80.8192,79.791,10.6878,0,0,2.40893,1.37603,0,1.88057,2.96352,8.46701e+06,3.72668e+06,2.03964e+07,0,0,0,6.20183e+07
85.139,85.139,6.36923,0.39,0.02,2.02472,3.14009,0,0.359014,6.048,4.07419e+06,2.7881e+06,8.2491e+06,0,0,0,2.28273e+08,80.8192,79.791,8.42214,0,0,2.46326,1.43147,0,1.86114,2.96352,8.46701e+06,3.72668e+06,2.08564e+07,0,0,0,6.20183e+07
85.139,85.139,7.18749,0.4,0.02,1.85072,3.1403,0,0.379432,6.048,4.07419e+06,3.34572e+06,7.54021e+06,0,0,0,2.28273e+08,80.8192,79.791,8.82148,0,0,2.30323,1.43156,0,1.90312,2.96352,8.46701e+06,4.47202e+06,1.95015e+07,0,0,0,6.20183e+07
85.139,85.139,6.86182,0.39,0.02,2.08066,3.14051,0,0.346826,6.048,4.07419e+06,2.7881e+06,8.47703e+06,0,0,0,2.28273e+08,80.8192,79.791,8.76941,0,0,2.40791,1.43166,0,1.77948,2.96352,8.46701e+06,3.72668e+06,2.03878e+07,0,0,0,6.20183e+07
85.139,85.139,7.52311,0.33,0.02,2.13838,3.14072,0,0.389916,6.048,4.07419e+06,2.70226e+06,8.71218e+06,0,0,0,2.28273e+08,80.8192,79.791,8.49975,0,0,2.43409,1.43175,0,1.86035,2.96352,8.46701e+06,3.61194e+06,2.06094e+07,0,0,0,6.20183e+07
85.139,85.139,4.91422,0.31,0.02,2.0954,3.09764,0,0.400733,6.048,4.07419e+06,2.70226e+06,8.53705e+06,0,0,0,2.28273e+08,80.8192,79.791,6.61282,0,0,2.41259,1.41035,0,1.88058,2.96352,8.46701e+06,3.61194e+06,2.04274e+07,0,0,0,6.20183e+07
85.139,85.139,4.64097,0.3,0.02,2.0742,3.09784,0,0.392677,6.048,4.07419e+06,2.70226e+06,8.45068e+06,0,0,0,2.28273e+08,80.8192,79.791,6.32286,0,0,2.43409,1.41044,0,1.86396,2.96352,8.46701e+06,3.61194e+06,2.06094e+07,0,0,0,6.20183e+07
85.139,85.139,4.48869,0.27,0.02,2.0745,3.09805,0,0.388705,6.048,4.07419e+06,2.70226e+06,8.45191e+06,0,0,0,2.28273e+08,80.8192,79.791,6.49118,0,0,2.43409,1.41053,0,1.88057,2.96352,8.46701e+06,3.61194e+06,2.06094e+07,0,0,0,6.20183e+07
85.139,85.139,4.2489,0.25,0.02,2.0748,3.09826,0,0.388761,6.048,4.07419e+06,2.70226e+06,8.45313e+06,0,0,0,2.28273e+08,80.8192,79.791,6.19564,0,0,2.43409,1.41063,0,1.88057,2.96352,8.46701e+06,3.61194e+06,2.06094e+07,0,0,0,6.20183e+07
85.139,85.139,4.22161,0.21,0.02,2.22208,3.24544,0,0.388817,6.048,4.07419e+06,2.70226e+06,9.05319e+06,0,0,0,2.28273e+08,80.8192,79.791,5.44705,0,0,2.51036,1.48699,0,1.88057,2.96352,8.46701e+06,3.61194e+06,2.12552e+07,0,0,0,6.20183e+07
85.139,85.139,3.45327,0.21,0.02,2.29866,3.24566,0,0.416418,6.048,4.07419e+06,2.70226e+06,9.36519e+06,0,0,0,2.28273e+08,80.8192,79.791,4.94874,0,0,2.43409,1.48709,0,1.9395,2.96352,8.46701e+06,3.61194e+06,2.06095e+07,0,0,0,6.20183e+07
85.139,85.139,3.15382,0.19,0.02,2.29898,3.24588,0,0.430769,6.048,4.07419e+06,2.70226e+06,9.36648e+06,0,0,0,2.28273e+08,80.8192,79.791,4.36311,0,0,2.43409,1.48719,0,1.88058,2.96352,8.46701e+06,3.61194e+06,2.06095e+07,0,0,0,6.20183e+07
85.139,85.139,3.02101,0.19,0.02,2.29929,3.24609,0,0.430828,6.048,4.07419e+06,2.70226e+06,9.36776e+06,0,0,0,2.28273e+08,80.8192,79.791,4.35499,0,0,2.43409,1.48729,0,1.88058,2.96352,8.46701e+06,3.61194e+06,2.06095e+07,0,0,0,6.20183e+07
85.139,85.139,3.01785,0.2,0.02,2.29961,3.24631,0,0.430887,6.048,4.07419e+06,2.70226e+06,9.36905e+06,0,0,0,2.28273e+08,80.8192,79.791,4.22592,0,0,2.43409,1.48739,0,1.88058,2.96352,8.46701e+06,3.61194e+06,2.06095e+07,0,0,0,6.20183e+07
85.139,85.139,3.19887,0.18,0.02,2.27085,3.21745,0,0.430946,6.048,4.07419e+06,2.70226e+06,9.25187e+06,0,0,0,2.28273e+08,80.6911,79.791,3.25362,0,0,2.47602,1.52942,0,1.88058,2.96352,8.46701e+06,3.61194e+06,2.09645e+07,0,0,0,6.20183e+07
85.139,85.139,2.94892,0.17,0.02,2.31309,3.21766,0,0.425557,6.048,4.07419e+06,2.70226e+06,9.42399e+06,0,0,0,2.28273e+08,80.5491,79.791,3.12545,0,0,2.43409,1.52952,0,1.91298,2.96352,8.46701e+06,3.61194e+06,2.06095e+07,0,0,0,6.20183e+07
85.139,85.139,2.75681,0.15,0.02,2.31341,3.21788,0,0.433474,6.048,4.07419e+06,2.70226e+06,9.42528e+06,0,0,0,2.28273e+08,80.4096,79.791,3.22372,0,0,2.43409,1.52963,0,1.88058,2.96352,8.46701e+06,3.61194e+06,2.06095e+07,0,0,0,6.20183e+07
85.139,85.139,2.63076,0.14,0.02,2.31373,3.21809,0,0.433533,6.048,4.07419e+06,2.70226e+06,9.42657e+06,0,0,0,2.28273e+08,80.2307,79.791,3.12747,0,0,2.43409,1.52973,0,1.88058,2.96352,8.46701e+06,3.61194e+06,2.06095e+07,0,0,0,6.20183e+07
85.0748,85.139,2.57831,0.13,0.02,2.38915,3.29341,0,0.433592,6.048,4.07419e+06,2.70226e+06,9.73387e+06,0,0,0,2.28273e+08,80.0098,79.791,2.98731,0,0,2.47148,1.56721,0,1.88058,2.96352,8.46701e+06,3.61194e+06,2.0926e+07,0,0,0,6.20183e+07
84.8807,85.139,2.47734,0.19,0.02,2.42686,3.29363,0,0.447727,6.048,4.07419e+06,2.70226e+06,9.88748e+06,0,0,0,2.28273e+08,79.7102,79.791,3.03563,0,0,2.4341,1.56732,0,1.90946,2.96352,8.46701e+06,3.61194e+06,2.06095e+07,0,0,0,6.20183e+07
84.5393,85.139,2.31244,0.18,0.02,2.42718,3.29385,0,0.454793,6.048,4.07419e+06,2.70226e+06,9.8888e+06,0,0,0,2.28273e+08,79.3623,79.791,2.87173,0,0,2.4341,1.56742,0,1.88058,2.96352,8.46701e+06,3.61194e+06,2.06095e+07,0,0,0,6.20183e+07
84.0228,85.139,2.1223,0.19,0.02,2.4275,3.29407,0,0.454853,6.048,4.07419e+06,2.70226e+06,9.89012e+06,0,0,0,2.28273e+08,79.0082,79.791,2.69,0,0,2.4341,1.56753,0,1.88058,2.96352,8.46701e+06,3.61194e+06,2.06095e+07,0,0,0,6.20183e+07
83.7164,85.139,2.50623,0.19,0.02,2.64784,3.5143,0,0.454914,6.048,4.07419e+06,2.70226e+06,1.07878e+07,0,0,0,2.28273e+08,78.7264,79.791,3.29927,0,0,2.56906,1.7026,0,1.88058,2.96352,8.46701e+06,3.61194e+06,2.17523e+07,0,0,0,6.20183e+07
83.4564,85.139,2.67354,0.19,0.02,2.78314,3.51454,0,0.496205,6.048,4.07419e+06,2.70226e+06,1.13391e+07,0,0,0,2.28273e+08,78.4319,79.791,3.22043,0,0,2.43411,1.70271,0,1.98486,2.96352,8.46701e+06,3.61194e+06,2.06096e+07,0,0,0,6.20183e+07
82.6974,85.139,2.19848,0.18,0.02,2.78349,3.51477,0,0.521561,6.048,4.07419e+06,2.70226e+06,1.13405e+07,0,0,0,2.28273e+08,77.9919,79.791,2.57868,0,0,2.43411,1.70282,0,1.88059,2.96352,8.46701e+06,3.61194e+06,2.06096e+07,0,0,0,6.20183e+07
82.3167,85.139,2.54894,0.17,0.02,2.78384,3.51501,0,0.521626,6.048,4.07419e+06,2.70226e+06,1.13419e+07,0,0,0,2.28273e+08,77.8357,79.791,3.8638,0,0,2.43411,1.70294,0,1.88059,2.96352,8.46701e+06,3.61194e+06,2.06096e+07,0,0,0,6.20183e+07
81.6058,85.139,2.21208,0.18,0.02,2.78419,3.51524,0,0.521691,6.048,4.07419e+06,2.70226e+06,1.13433e+07,0,0,0,2.28273e+08,77.4635,79.791,3.06792,0,0,2.43411,1.70305,0,1.88059,2.96352,8.46701e+06,3.61194e+06,2.06096e+07,0,0,0,6.20183e+07
81.3002,85.139,2.53091,0.16,0.02,2.67727,3.40821,0,0.521757,6.048,4.07419e+06,2.70226e+06,1.09077e+07,0,0,0,2.28273e+08,76.9701,79.791,2.77327,0,0,2.35216,1.62122,0,1.88059,2.96352,8.46701e+06,3.61194e+06,1.99157e+07,0,0,0,6.20183e+07
80.924,85.139,2.49254,0.16,0.02,2.59567,3.40844,0,0.501721,6.048,4.07419e+06,2.70226e+06,1.05752e+07,0,0,0,2.28273e+08,76.661,79.791,3.25751,0,0,2.4341,1.62133,0,1.81728,2.96352,8.46701e+06,3.61194e+06,2.06095e+07,0,0,0,6.20183e+07
80.7332,85.139,2.7019,0.15,0.02,2.596,3.40867,0,0.486428,6.048,4.07419e+06,2.70226e+06,1.05766e+07,0,0,0,2.28273e+08,76.472,79.791,3.51803,0,0,2.4341,1.62143,0,1.88059,2.96352,8.46701e+06,3.61194e+06,2.06095e+07,0,0,0,6.20183e+07
80.5891,85.139,2.81478,0.17,0.02,2.59634,3.4089,0,0.486491,6.048,4.07419e+06,2.70226e+06,1.0578e+07,0,0,0,2.28273e+08,76.3005,79.791,3.72528,0,0,2.4341,1.62154,0,1.88059,2.96352,8.46701e+06,3.61194e+06,2.06095e+07,0,0,0,6.20183e+07
79.6795,85.139,1.88911,0.17,0.02,2.50861,3.32106,0,0.486554,6.048,4.07419e+06,2.70226e+06,1.02205e+07,0,0,0,2.28273e+08,75.6934,79.791,2.65112,0,0,2.35949,1.54704,0,1.88059,2.96352,8.46701e+06,3.61194e+06,1.99778e+07,0,0,0,6.20183e+07
78.5841,85.139,1.66184,0.15,0.02,2.43432,3.32128,0,0.470113,6.048,4.07419e+06,2.70226e+06,9.91791e+06,0,0,0,2.28273e+08,75.1432,79.791,1.44866,0,0,2.4341,1.54714,0,1.82294,2.96352,8.46701e+06,3.61194e+06,2.06095e+07,0,0,0,6.20183e+07
77.5417,85.139,1.70941,0.23,0.02,2.43465,3.3215,0,0.456192,6.048,4.07419e+06,2.70226e+06,9.91923e+06,0,0,0,2.28273e+08,74.7519,79.791,2.58136,0,0,2.43409,1.54724,0,1.88058,2.96352,8.46701e+06,3.61194e+06,2.06095e+07,0,0,0,6.20183e+07
79.3755,85.139,4.82581,0.27,0.02,2.43497,3.32172,0,0.456253,6.048,4.07419e+06,2.70226e+06,9.92055e+06,0,0,0,2.28273e+08,75.3602,79.791,5.73332,0,0,2.4341,1.54735,0,1.88058,2.96352,8.46701e+06,3.61194e+06,2.06095e+07,0,0,0,6.20183e+07
79.9717,85.139,3.32733,0.26,0.02,2.18512,3.07176,0,0.456314,6.048,4.07419e+06,2.70226e+06,8.90259e+06,0,0,0,2.28273e+08,75.2963,79.791,2.60279,0,0,2.27866,1.39201,0,1.88058,2.96352,8.46701e+06,3.61194e+06,1.92934e+07,0,0,0,6.20183e+07
81.5748,85.139,4.26857,0.22,0.02,2.02999,3.07197,0,0.409491,6.048,4.07419e+06,2.70226e+06,8.27056e+06,0,0,0,2.28273e+08,75.6114,79.791,4.43423,0,0,2.43408,1.39211,0,1.76049,2.96352,8.46701e+06,3.61194e+06,2.06094e+07,0,0,0,6.20183e+07
82.405,85.139,3.45856,0.22,0.02,2.03029,3.07217,0,0.38042,6.048,4.07419e+06,2.70226e+06,8.27178e+06,0,0,0,2.28273e+08,75.0118,79.791,2.90784,0,0,2.43408,1.3922,0,1.88057,2.96352,8.46701e+06,3.61194e+06,2.06094e+07,0,0,0,6.20183e+07
83.2631,85.139,3.47839,0.23,0.02,2.03058,3.07238,0,0.380475,6.048,4.07419e+06,2.70226e+06,8.27299e+06,0,0,0,2.28273e+08,74.081,79.791,1.81458,0,0,2.43408,1.39229,0,1.88057,2.96352,8.46701e+06,3.61194e+06,2.06094e+07,0,0,0,6.20183e+07
83.7031,85.139,3.0716,0.24,0.02,2.03088,3.07258,0,0.380531,6.048,4.07419e+06,2.70226e+06,8.2742e+06,0,0,0,2.28273e+08,73.4842,79.791,1.60321,0,0,2.43408,1.39238,0,1.88057,2.96352,8.46701e+06,3.61194e+06,2.06094e+07,0,0,0,6.20183e+07
85.139,85.139,6.92279,0.26,0.02,2.12743,3.16904,0,0.380587,6.048,4.07419e+06,2.70226e+06,8.66757e+06,0,0,0,2.28273e+08,73.8541,79.791,5.82733,0,0,2.47911,1.4375,0,1.88057,2.96352,8.46701e+06,3.61194e+06,2.09906e+07,0,0,0,6.20183e+07
85.139,85.139,13.136,0.17,0.02,2.17273,3.16923,0,0.398681,6.048,4.07419e+06,2.70226e+06,8.85214e+06,0,0,0,2.28273e+08,76.0066,79.791,11.6965,0,0,2.43408,1.43758,0,1.91536,2.96352,8.46701e+06,3.61194e+06,2.06094e+07,0,0,0,6.20183e+07
85.139,85.139,8.33387,0.16,0.02,2.17301,3.16942,0,0.40717,6.048,4.07419e+06,2.70226e+06,8.85327e+06,0,0,0,2.28273e+08,77.2213,79.791,6.96034,0,0,2.43408,1.43767,0,1.88057,2.96352,8.46701e+06,3.61194e+06,2.06094e+07,0,0,0,6.20183e+07
85.139,85.139,8.35774,0.17,0.02,2.17329,3.16961,0,0.407222,6.048,4.07419e+06,2.70226e+06,8.85439e+06,0,0,0,2.28273e+08,78.8715,79.791,8.87714,0,0,2.43408,1.43776,0,1.88057,2.96352,8.46701e+06,3.61194e+06,2.06094e+07,0,0,0,6.20183e+07
85.139,85.139,7.93364,0.17,0.02,2.48274,3.47897,0,0.407274,6.048,4.07419e+06,2.70226e+06,1.01152e+07,0,0,0,2.28273e+08,80.2076,79.791,7.00419,0,0,2.60314,1.6069,0,1.88057,2.96352,8.46701e+06,3.61194e+06,2.20408e+07,0,0,0,6.20183e+07
85.139,85.139,7.05999,0.19,0.02,2.65209,3.47918,0,0.465265,6.048,4.07419e+06,2.70226e+06,1.08051e+07,0,0,0,2.28273e+08,80.8192,79.791,7.24452,0,0,2.43409,1.607,0,2.01118,2.96352,8.46701e+06,3.61194e+06,2.06094e+07,0,0,0,6.20183e+07
85.139,85.139,7.20274,0.2,0.02,2.6524,3.47939,0,0.497002,6.048,4.07419e+06,2.70226e+06,1.08064e+07,0,0,0,2.28273e+08,80.8192,79.791,6.6873,0,0,2.43409,1.6071,0,1.88058,2.96352,8.46701e+06,3.61194e+06,2.06094e+07,0,0,0,6.20183e+07
85.139,85.139,5.57433,0.21,0.02,2.6527,3.4796,0,0.497059,6.048,4.07419e+06,2.70226e+06,1.08076e+07,0,0,0,2.28273e+08,80.8192,79.791,6.07819,0,0,2.43409,1.60719,0,1.88058,2.96352,8.46701e+06,3.61194e+06,2.06094e+07,0,0,0,6.20183e+07
85.139,85.139,9.33291,0.26,0.02,2.21192,3.03872,0,0.497116,6.048,4.07419e+06,2.70226e+06,9.01179e+06,0,0,0,2.28273e+08,80.8192,79.791,11.7408,0,0,2.20715,1.38035,0,1.88058,2.96352,8.46701e+06,3.61194e+06,1.8688e+07,0,0,0,6.20183e+07
85.139,85.139,8.5144,0.29,0.02,1.98526,3.0389,0,0.414514,6.048,4.07419e+06,2.70226e+06,8.08835e+06,0,0,0,2.28273e+08,80.8192,79.791,9.53376,0,0,2.43407,1.38044,0,1.70525,2.96352,8.46701e+06,3.61194e+06,2.06093e+07,0,0,0,6.20183e+07
85.139,85.139,8.54554,0.33,0.02,1.98553,3.03908,0,0.372038,6.048,4.07419e+06,2.70226e+06,8.08942e+06,0,0,0,2.28273e+08,80.8192,79.791,7.55358,0,0,2.43407,1.38052,0,1.88057,2.96352,8.46701e+06,3.61194e+06,2.06093e+07,0,0,0,6.20183e+07
85.139,85.139,5.99055,0.36,0.02,1.98579,3.03927,0,0.372088,6.048,4.07419e+06,2.70226e+06,8.0905e+06,0,0,0,2.28273e+08,80.8192,79.791,5.16411,0,0,2.43407,1.3806,0,1.88057,2.96352,8.46701e+06,3.61194e+06,2.06093e+07,0,0,0,6.20183e+07
85.139,85.139,5.74171,0.38,0.02,1.98606,3.03945,0,0.372137,6.048,4.07419e+06,2.70226e+06,8.09158e+06,0,0,0,2.28273e+08,80.8192,79.791,5.11916,0,0,2.43407,1.38068,0,1.88057,2.96352,8.46701e+06,3.61194e+06,2.06093e+07,0,0,0,6.20183e+07
85.139,85.139,6.98824,0.37,0.02,2.09738,3.15069,0,0.372187,6.048,4.07419e+06,2.70226e+06,8.54515e+06,0,0,0,2.28273e+08,80.8192,79.791,7.52362,0,0,2.48961,1.4363,0,1.88057,2.96352,8.46701e+06,3.61194e+06,2.10795e+07,0,0,0,6.20183e+07
85.139,85.139,6.89365,0.38,0.02,2.15319,3.15088,0,0.39305,6.048,4.07419e+06,2.70226e+06,8.77251e+06,0,0,0,2.28273e+08,80.8192,79.791,7.3451,0,0,2.43408,1.43639,0,1.92347,2.96352,8.46701e+06,3.61194e+06,2.06094e+07,0,0,0,6.20183e+07
85.139,85.139,8.39532,0.38,0.02,2.15346,3.15107,0,0.403507,6.048,4.07419e+06,2.70226e+06,8.77363e+06,0,0,0,2.28273e+08,80.8192,79.791,7.8518,0,0,2.43408,1.43647,0,1.88057,2.96352,8.46701e+06,3.61194e+06,2.06094e+07,0,0,0,6.20183e+07
85.139,85.139,6.59986,0.35,0.02,2.15374,3.15126,0,0.403559,6.048,4.07419e+06,2.70226e+06,8.77475e+06,0,0,0,2.28273e+08,80.8192,79.791,7.09919,0,0,2.43408,1.43656,0,1.88057,2.96352,8.46701e+06,3.61194e+06,2.06094e+07,0,0,0,6.20183e+07
85.139,85.139,5.64241,0.3,0.02,2.11058,3.10801,0,0.40361,6.048,4.07419e+06,2.70226e+06,8.59891e+06,0,0,0,2.28273e+08,80.8192,79.791,6.11672,0,0,2.4125,1.41507,0,1.88057,2.96352,8.46701e+06,3.61194e+06,2.04267e+07,0,0,0,6.20183e+07
85.139,85.139,4.81332,0.3,0.02,2.08928,3.1082,0,0.395522,6.048,4.07419e+06,2.70226e+06,8.51212e+06,0,0,0,2.28273e+08,80.8192,79.791,5.11349,0,0,2.43408,1.41516,0,1.8639,2.96352,8.46701e+06,3.61194e+06,2.06093e+07,0,0,0,6.20183e+07
85.139,85.139,4.40613,0.28,0.02,2.08955,3.10838,0,0.39153,6.048,4.07419e+06,2.70226e+06,8.51322e+06,0,0,0,2.28273e+08,80.8192,79.791,4.32685,0,0,2.43408,1.41524,0,1.88057,2.96352,8.46701e+06,3.61194e+06,2.06093e+07,0,0,0,6.20183e+07
85.139,85.139,4.11616,0.26,0.02,2.08982,3.10857,0,0.391581,6.048,4.07419e+06,2.70226e+06,8.51433e+06,0,0,0,2.28273e+08,80.8192,79.791,3.84289,0,0,2.43408,1.41533,0,1.88057,2.96352,8.46701e+06,3.61194e+06,2.06093e+07,0,0,0,6.20183e+07
85.139,85.139,4.04688,0.21,0.02,2.23756,3.25623,0,0.391632,6.048,4.07419e+06,2.70226e+06,9.11625e+06,0,0,0,2.28273e+08,80.8192,79.791,3.83261,0,0,2.5106,1.49193,0,1.88057,2.96352,8.46701e+06,3.61194e+06,2.12573e+07,0,0,0,6.20183e+07
85.139,85.139,4.1531,0.2,0.02,2.31436,3.25642,0,0.419319,6.048,4.07419e+06,2.70226e+06,9.42917e+06,0,0,0,2.28273e+08,80.8192,79.791,3.846,0,0,2.43408,1.49202,0,1.93969,2.96352,8.46701e+06,3.61194e+06,2.06094e+07,0,0,0,6.20183e+07
85.139,85.139,3.89086,0.2,0.02,2.31465,3.25662,0,0.433712,6.048,4.07419e+06,2.70226e+06,9.43033e+06,0,0,0,2.28273e+08,80.8192,79.791,3.54324,0,0,2.43408,1.49211,0,1.88057,2.96352,8.46701e+06,3.61194e+06,2.06094e+07,0,0,0,6.20183e+07
85.139,85.139,3.61831,0.19,0.02,2.31493,3.25681,0,0.433765,6.048,4.07419e+06,2.70226e+06,9.43149e+06,0,0,0,2.28273e+08,80.7895,79.791,3.33202,0,0,2.43408,1.4922,0,1.88057,2.96352,8.46701e+06,3.61194e+06,2.06094e+07,0,0,0,6.20183e+07
85.139,85.139,3.55527,0.19,0.02,2.31522,3.25701,0,0.433819,6.048,4.07419e+06,2.70226e+06,9.43265e+06,0,0,0,2.28273e+08,80.8192,79.791,3.67139,0,0,2.43408,1.49229,0,1.88057,2.96352,8.46701e+06,3.61194e+06,2.06094e+07,0,0,0,6.20183e+07
85.139,85.139,4.09361,0.18,0.02,2.28633,3.22803,0,0.433872,6.048,4.07419e+06,2.70226e+06,9.31495e+06,0,0,0,2.28273e+08,80.8192,79.791,4.36133,0,0,2.47615,1.53445,0,1.88057,2.96352,8.46701e+06,3.61194e+06,2.09656e+07,0,0,0,6.20183e+07
85.139,85.139,3.86936,0.18,0.02,2.32868,3.22822,0,0.428458,6.048,4.07419e+06,2.70226e+06,9.48751e+06,0,0,0,2.28273e+08,80.8192,79.791,4.20004,0,0,2.43408,1.53454,0,1.91308,2.96352,8.46701e+06,3.61194e+06,2.06094e+07,0,0,0,6.20183e+07
85.139,85.139,3.6698,0.16,0.02,2.32897,3.22842,0,0.436395,6.048,4.07419e+06,2.70226e+06,9.48867e+06,0,0,0,2.28273e+08,80.8192,79.791,4.00172,0,0,2.43408,1.53464,0,1.88057,2.96352,8.46701e+06,3.61194e+06,2.06094e+07,0,0,0,6.20183e+07
85.139,85.139,3.39297,0.15,0.02,2.32926,3.22861,0,0.436449,6.048,4.07419e+06,2.70226e+06,9.48984e+06,0,0,0,2.28273e+08,80.8192,79.791,3.73216,0,0,2.43408,1.53473,0,1.88057,2.96352,8.46701e+06,3.61194e+06,2.06094e+07,0,0,0,6.20183e+07
85.139,85.139,3.11933,0.15,0.02,2.40489,3.30416,0,0.436502,6.048,4.07419e+06,2.70226e+06,9.79801e+06,0,0,0,2.28273e+08,80.8192,79.791,3.41748,0,0,2.47159,1.57232,0,1.88057,2.96352,8.46701e+06,3.61194e+06,2.09269e+07,0,0,0,6.20183e+07
85.139,85.139,2.73875,0.15,0.02,2.44269,3.30436,0,0.450677,6.048,4.07419e+06,2.70226e+06,9.95199e+06,0,0,0,2.28273e+08,80.7637,79.791,3.22464,0,0,2.43409,1.57242,0,1.90955,2.96352,8.46701e+06,3.61194e+06,2.06094e+07,0,0,0,6.20183e+07
85.0104,85.139,2.56314,0.15,0.02,2.44298,3.30455,0,0.45776,6.048,4.07419e+06,2.70226e+06,9.95318e+06,0,0,0,2.28273e+08,80.6395,79.791,2.94886,0,0,2.43409,1.57251,0,1.88057,2.96352,8.46701e+06,3.61194e+06,2.06094e+07,0,0,0,6.20183e+07
84.85,85.139,2.5186,0.17,0.02,2.44327,3.30475,0,0.457815,6.048,4.07419e+06,2.70226e+06,9.95437e+06,0,0,0,2.28273e+08,80.5853,79.791,3.17316,0,0,2.43409,1.57261,0,1.88057,2.96352,8.46701e+06,3.61194e+06,2.06094e+07,0,0,0,6.20183e+07
84.6017,85.139,2.59583,0.17,0.02,2.66429,3.52567,0,0.457869,6.048,4.07419e+06,2.70226e+06,1.08548e+07,0,0,0,2.28273e+08,80.5389,79.791,3.23052,0,0,2.56949,1.7081,0,1.88058,2.96352,8.46701e+06,3.61194e+06,2.17559e+07,0,0,0,6.20183e+07
83.937,85.139,2.27495,0.17,0.02,2.8,3.52588,0,0.499288,6.048,4.07419e+06,2.70226e+06,1.14077e+07,0,0,0,2.28273e+08,80.3526,79.791,2.67698,0,0,2.43409,1.70821,0,1.98519,2.96352,8.46701e+06,3.61194e+06,2.06095e+07,0,0,0,6.20183e+07
83.0117,85.139,2.04268,0.17,0.02,2.80031,3.5261,0,0.524719,6.048,4.07419e+06,2.70226e+06,1.1409e+07,0,0,0,2.28273e+08,80.1388,79.791,2.56599,0,0,2.43409,1.70831,0,1.88058,2.96352,8.46701e+06,3.61194e+06,2.06095e+07,0,0,0,6.20183e+07
82.1318,85.139,2.063,0.17,0.02,2.80062,3.52631,0,0.524778,6.048,4.07419e+06,2.70226e+06,1.14103e+07,0,0,0,2.28273e+08,80.0373,79.791,2.77678,0,0,2.43409,1.70841,0,1.88058,2.96352,8.46701e+06,3.61194e+06,2.06095e+07,0,0,0,6.20183e+07
81.2729,85.139,2.0823,0.17,0.02,2.80094,3.52652,0,0.524837,6.048,4.07419e+06,2.70226e+06,1.14116e+07,0,0,0,2.28273e+08,79.9495,79.791,3.25547,0,0,2.43409,1.70851,0,1.88058,2.96352,8.46701e+06,3.61194e+06,2.06095e+07,0,0,0,6.20183e+07
81.4916,85.139,3.11044,0.15,0.02,2.69365,3.41912,0,0.524896,6.048,4.07419e+06,2.70226e+06,1.09744e+07,0,0,0,2.28273e+08,80.8192,79.791,4.67515,0,0,2.35189,1.62641,0,1.88058,2.96352,8.46701e+06,3.61194e+06,1.99134e+07,0,0,0,6.20183e+07
81.7175,85.139,3.09388,0.15,0.02,2.61174,3.41933,0,0.504789,6.048,4.07419e+06,2.70226e+06,1.06408e+07,0,0,0,2.28273e+08,80.8192,79.791,4.12717,0,0,2.43409,1.6265,0,1.81707,2.96352,8.46701e+06,3.61194e+06,2.06094e+07,0,0,0,6.20183e+07
81.8931,85.139,3.02902,0.15,0.02,2.61205,3.41953,0,0.489441,6.048,4.07419e+06,2.70226e+06,1.0642e+07,0,0,0,2.28273e+08,80.8192,79.791,3.84955,0,0,2.43409,1.6266,0,1.88058,2.96352,8.46701e+06,3.61194e+06,2.06094e+07,0,0,0,6.20183e+07
81.799,85.139,2.9076,0.16,0.02,2.61235,3.41974,0,0.489498,6.048,4.07419e+06,2.70226e+06,1.06432e+07,0,0,0,2.28273e+08,80.8192,79.791,4.10939,0,0,2.43409,1.6267,0,1.88058,2.96352,8.46701e+06,3.61194e+06,2.06094e+07,0,0,0,6.20183e+07
80.8523,85.139,1.95645,0.16,0.02,2.52431,3.3316,0,0.489554,6.048,4.07419e+06,2.70226e+06,1.02845e+07,0,0,0,2.28273e+08,80.728,79.791,2.73243,0,0,2.35924,1.55195,0,1.88058,2.96352,8.46701e+06,3.61194e+06,1.99757e+07,0,0,0,6.20183e+07
80.1872,85.139,2.17846,0.16,0.02,2.44975,3.3318,0,0.473055,6.048,4.07419e+06,2.70226e+06,9.98078e+06,0,0,0,2.28273e+08,80.8192,79.791,2.36736,0,0,2.43408,1.55204,0,1.82275,2.96352,8.46701e+06,3.61194e+06,2.06094e+07,0,0,0,6.20183e+07
80.7112,85.139,3.41989,0.16,0.02,2.45005,3.332,0,0.459084,6.048,4.07419e+06,2.70226e+06,9.98197e+06,0,0,0,2.28273e+08,80.8192,79.791,4.39114,0,0,2.43408,1.55213,0,1.88057,2.96352,8.46701e+06,3.61194e+06,2.06094e+07,0,0,0,6.20183e+07
80.0851,85.139,2.20691,0.16,0.02,2.45034,3.3322,0,0.459139,6.048,4.07419e+06,2.70226e+06,9.98316e+06,0,0,0,2.28273e+08,80.8192,79.791,3.61641,0,0,2.43408,1.55223,0,1.88057,2.96352,8.46701e+06,3.61194e+06,2.06094e+07,0,0,0,6.20183e+07
81.0349,85.139,3.78315,0.19,0.02,2.19966,3.08143,0,0.459194,6.048,4.07419e+06,2.70226e+06,8.96186e+06,0,0,0,2.28273e+08,80.8192,79.791,3.67401,0,0,2.27816,1.39639,0,1.88057,2.96352,8.46701e+06,3.61194e+06,1.92892e+07,0,0,0,6.20183e+07
81.0304,85.139,2.67076,0.22,0.02,2.04402,3.08161,0,0.412217,6.048,4.07419e+06,2.70226e+06,8.32772e+06,0,0,0,2.28273e+08,80.8192,79.791,3.34156,0,0,2.43408,1.39648,0,1.76011,2.96352,8.46701e+06,3.61194e+06,2.06093e+07,0,0,0,6.20183e+07
81.9332,85.139,3.573,0.22,0.02,2.04428,3.0818,0,0.383049,6.048,4.07419e+06,2.70226e+06,8.32881e+06,0,0,0,2.28273e+08,80.8192,79.791,3.3924,0,0,2.43408,1.39656,0,1.88057,2.96352,8.46701e+06,3.61194e+06,2.06093e+07,0,0,0,6.20183e+07
84.1595,85.139,5.08104,0.24,0.02,2.04455,3.08198,0,0.383099,6.048,4.07419e+06,2.70226e+06,8.32991e+06,0,0,0,2.28273e+08,80.8192,79.791,5.38279,0,0,2.43408,1.39665,0,1.88057,2.96352,8.46701e+06,3.61194e+06,2.06093e+07,0,0,0,6.20183e+07
85.139,85.139,4.36139,0.26,0.02,2.04482,3.08217,0,0.383149,6.048,4.07419e+06,2.70226e+06,8.331e+06,0,0,0,2.28273e+08,80.8192,79.791,6.47895,0,0,2.43408,1.39673,0,1.88057,2.96352,8.46701e+06,3.61194e+06,2.06093e+07,0,0,0,6.20183e+07
85.139,85.139,4.23947,0.16,0.02,2.14164,3.17891,0,0.3832,6.048,4.07419e+06,2.70226e+06,8.72547e+06,0,0,0,2.28273e+08,80.8192,79.791,4.24035,0,0,2.47924,1.44197,0,1.88057,2.96352,8.46701e+06,3.61194e+06,2.09917e+07,0,0,0,6.20183e+07
96.9709,110.355,15.2083,0.26,0.02,2.18706,3.17908,0,0.401344,6.048,4.07419e+06,2.70226e+06,8.91049e+06,0,0,0,2.28273e+08,80.8192,79.791,14.3099,0,0,2.43407,1.44205,0,1.91546,2.96352,8.46701e+06,3.61194e+06,2.06093e+07,0,0,0,6.20183e+07
110.355,110.355,17.8327,0.12,0.02,2.1873,3.17924,0,0.409854,6.048,4.07419e+06,2.70226e+06,8.9115e+06,0,0,0,2.28273e+08,80.8192,79.791,23.4241,0,0,2.43407,1.44213,0,1.88056,2.96352,8.46701e+06,3.61194e+06,2.06093e+07,0,0,0,6.20183e+07
110.355,110.355,9.91706,0.11,0.02,2.18755,3.17941,0,0.409901,6.048,4.07419e+06,2.70226e+06,8.9125e+06,0,0,0,2.28273e+08,80.8192,79.791,15.1137,0,0,2.43407,1.4422,0,1.88056,2.96352,8.46701e+06,3.61194e+06,2.06093e+07,0,0,0,6.20183e+07
110.355,110.355,8.8663,0.11,0.02,2.49792,3.48971,0,0.409947,6.048,4.07419e+06,2.70226e+06,1.0177e+07,0,0,0,2.28273e+08,80.8192,79.791,9.86634,0,0,2.60365,1.61186,0,1.88056,2.96352,8.46701e+06,3.61194e+06,2.20451e+07,0,0,0,6.20183e+07
110.355,110.355,7.16112,0.11,0.02,2.66777,3.4899,0,0.468111,6.048,4.07419e+06,2.70226e+06,1.0869e+07,0,0,0,2.28273e+08,80.8192,79.791,9.27068,0,0,2.43408,1.61195,0,2.01158,2.96352,8.46701e+06,3.61194e+06,2.06093e+07,0,0,0,6.20183e+07
110.355,110.355,10.2252,0.11,0.02,2.66804,3.49008,0,0.49994,6.048,4.07419e+06,2.70226e+06,1.08701e+07,0,0,0,2.28273e+08,80.8192,79.791,13.5988,0,0,2.43408,1.61203,0,1.88057,2.96352,8.46701e+06,3.61194e+06,2.06093e+07,0,0,0,6.20183e+07
110.355,110.355,10.8959,0.11,0.02,2.66831,3.49027,0,0.499991,6.048,4.07419e+06,2.70226e+06,1.08712e+07,0,0,0,2.28273e+08,80.8192,79.791,18.0041,0,0,2.43408,1.61212,0,1.88057,2.96352,8.46701e+06,3.61194e+06,2.06093e+07,0,0,0,6.20183e+07
110.355,110.355,7.86581,0.12,0.02,2.22614,3.04802,0,0.500041,6.048,4.07419e+06,2.70226e+06,9.06975e+06,0,0,0,2.28273e+08,80.8192,79.791,10.679,0,0,2.20645,1.38458,0,1.88057,2.96352,8.46701e+06,3.61194e+06,1.8682e+07,0,0,0,6.20183e+07
110.355,110.355,5.00139,0.11,0.02,1.99876,3.04818,0,0.41718,6.048,4.07419e+06,2.70226e+06,8.14335e+06,0,0,0,2.28273e+08,80.8192,79.791,5.75758,0,0,2.43407,1.38465,0,1.7047,2.96352,8.46701e+06,3.61194e+06,2.06092e+07,0,0,0,6.20183e+07
110.355,110.355,6.83842,0.11,0.02,1.999,3.04834,0,0.374568,6.048,4.07419e+06,2.70226e+06,8.14431e+06,0,0,0,2.28273e+08,80.8192,79.791,8.1774,0,0,2.43407,1.38472,0,1.88056,2.96352,8.46701e+06,3.61194e+06,2.06092e+07,0,0,0,6.20183e+07
110.355,110.355,8.56773,0.12,0.02,1.99924,3.0485,0,0.374613,6.048,4.07419e+06,2.70226e+06,8.14527e+06,0,0,0,2.28273e+08,80.8192,79.791,9.41376,0,0,2.43407,1.3848,0,1.88056,2.96352,8.46701e+06,3.61194e+06,2.06092e+07,0,0,0,6.20183e+07
110.355,110.355,7.97192,0.12,0.02,1.99947,3.04867,0,0.374657,6.048,4.07419e+06,2.70226e+06,8.14623e+06,0,0,0,2.28273e+08,80.8192,79.791,8.39213,0,0,2.43407,1.38487,0,1.88056,2.96352,8.46701e+06,3.61194e+06,2.06092e+07,0,0,0,6.20183e+07
110.355,110.355,5.67947,0.14,0.02,2.1111,3.16023,0,0.374701,6.048,4.07419e+06,2.70226e+06,8.60105e+06,0,0,0,2.28273e+08,80.8192,79.791,5.60309,0,0,2.48977,1.44065,0,1.88056,2.96352,8.46701e+06,3.61194e+06,2.10809e+07,0,0,0,6.20183e+07
110.355,110.355,4.9276,0.14,0.02,2.16705,3.16039,0,0.395621,6.048,4.07419e+06,2.70226e+06,8.82897e+06,0,0,0,2.28273e+08,80.8192,79.791,5.98157,0,0,2.43407,1.44072,0,1.92359,2.96352,8.46701e+06,3.61194e+06,2.06093e+07,0,0,0,6.20183e+07
110.355,110.355,5.48789,0.14,0.02,2.16729,3.16056,0,0.406105,6.048,4.07419e+06,2.70226e+06,8.82997e+06,0,0,0,2.28273e+08,80.8192,79.791,5.70912,0,0,2.43407,1.4408,0,1.88056,2.96352,8.46701e+06,3.61194e+06,2.06093e+07,0,0,0,6.20183e+07
110.355,110.355,4.4743,0.12,0.02,2.16754,3.16073,0,0.406151,6.048,4.07419e+06,2.70226e+06,8.83097e+06,0,0,0,2.28273e+08,80.8192,79.791,5.42116,0,0,2.43407,1.44088,0,1.88056,2.96352,8.46701e+06,3.61194e+06,2.06093e+07,0,0,0,6.20183e+07
110.355,110.355,3.72289,0.13,0.02,2.12422,3.11733,0,0.406197,6.048,4.07419e+06,2.70226e+06,8.65447e+06,0,0,0,2.28273e+08,80.8192,79.791,3.74692,0,0,2.41243,1.41931,0,1.88056,2.96352,8.46701e+06,3.61194e+06,2.04261e+07,0,0,0,6.20183e+07
110.355,110.355,3.17993,0.13,0.02,2.10282,3.1175,0,0.398078,6.048,4.07419e+06,2.70226e+06,8.5673e+06,0,0,0,2.28273e+08,80.7357,79.791,3.42721,0,0,2.43407,1.41939,0,1.86384,2.96352,8.46701e+06,3.61194e+06,2.06093e+07,0,0,0,6.20183e+07
110.355,110.355,2.89582,0.11,0.02,2.10306,3.11766,0,0.394069,6.048,4.07419e+06,2.70226e+06,8.56829e+06,0,0,0,2.28273e+08,80.8192,79.791,3.02127,0,0,2.43407,1.41947,0,1.88056,2.96352,8.46701e+06,3.61194e+06,2.06093e+07,0,0,0,6.20183e+07
110.355,110.355,2.82217,0.1,0.02,2.1033,3.11783,0,0.394114,6.048,4.07419e+06,2.70226e+06,8.56927e+06,0,0,0,2.28273e+08,80.7759,79.791,3.30887,0,0,2.43407,1.41954,0,1.88056,2.96352,8.46701e+06,3.61194e+06,2.06093e+07,0,0,0,6.20183e+07
110.241,110.355,2.75669,0.07,0.02,2.25145,3.2659,0,0.394159,6.048,4.07419e+06,2.70226e+06,9.17286e+06,0,0,0,2.28273e+08,80.6801,79.791,2.93013,0,0,2.51082,1.49637,0,1.88056,2.96352,8.46701e+06,3.61194e+06,2.12591e+07,0,0,0,6.20183e+07
110.165,110.355,2.83681,0.06,0.02,2.32845,3.26608,0,0.421922,6.048,4.07419e+06,2.70226e+06,9.48658e+06,0,0,0,2.28273e+08,80.6797,79.791,2.6989,0,0,2.43407,1.49645,0,1.93986,2.96352,8.46701e+06,3.61194e+06,2.06093e+07,0,0,0,6.20183e+07
109.911,110.355,2.58827,0.04,0.02,2.32871,3.26625,0,0.436352,6.048,4.07419e+06,2.70226e+06,9.48761e+06,0,0,0,2.28273e+08,80.757,79.791,2.67715,0,0,2.43407,1.49653,0,1.88056,2.96352,8.46701e+06,3.61194e+06,2.06093e+07,0,0,0,6.20183e+07
109.609,110.355,2.53378,0.04,0.02,2.32896,3.26643,0,0.4364,6.048,4.07419e+06,2.70226e+06,9.48864e+06,0,0,0,2.28273e+08,80.666,79.791,2.76476,0,0,2.43407,1.49661,0,1.88056,2.96352,8.46701e+06,3.61194e+06,2.06093e+07,0,0,0,6.20183e+07
109.149,110.355,2.3651,0.04,0.02,2.32922,3.2666,0,0.436447,6.048,4.07419e+06,2.70226e+06,9.48968e+06,0,0,0,2.28273e+08,80.8192,79.791,2.53719,0,0,2.43407,1.49669,0,1.88056,2.96352,8.46701e+06,3.61194e+06,2.06093e+07,0,0,0,6.20183e+07
108.817,110.355,2.39807,0.05,0.02,2.30021,3.23752,0,0.436495,6.048,4.07419e+06,2.70226e+06,9.3715e+06,0,0,0,2.28273e+08,80.8192,79.791,3.56298,0,0,2.47627,1.53896,0,1.88056,2.96352,8.46701e+06,3.61194e+06,2.09666e+07,0,0,0,6.20183e+07
108.295,110.355,2.2425,0.05,0.02,2.34266,3.23769,0,0.431059,6.048,4.07419e+06,2.70226e+06,9.54444e+06,0,0,0,2.28273e+08,80.8192,79.791,3.4336,0,0,2.43407,1.53904,0,1.91316,2.96352,8.46701e+06,3.61194e+06,2.06093e+07,0,0,0,6.20183e+07
107.575,110.355,2.04069,0.05,0.02,2.34291,3.23786,0,0.439014,6.048,4.07419e+06,2.70226e+06,9.54548e+06,0,0,0,2.28273e+08,80.8192,79.791,3.26873,0,0,2.43407,1.53913,0,1.88057,2.96352,8.46701e+06,3.61194e+06,2.06093e+07,0,0,0,6.20183e+07
106.694,110.355,1.85447,0.05,0.02,2.34317,3.23803,0,0.439062,6.048,4.07419e+06,2.70226e+06,9.54651e+06,0,0,0,2.28273e+08,80.8192,79.791,3.02111,0,0,2.43407,1.53921,0,1.88057,2.96352,8.46701e+06,3.61194e+06,2.06093e+07,0,0,0,6.20183e+07
105.811,110.355,1.86071,0.07,0.02,2.41899,3.31378,0,0.439109,6.048,4.07419e+06,2.70226e+06,9.85545e+06,0,0,0,2.28273e+08,80.8192,79.791,3.19774,0,0,2.47169,1.5769,0,1.88057,2.96352,8.46701e+06,3.61194e+06,2.09278e+07,0,0,0,6.20183e+07
104.841,110.355,1.79501,0.07,0.02,2.45686,3.31395,0,0.453319,6.048,4.07419e+06,2.70226e+06,1.00097e+07,0,0,0,2.28273e+08,80.8192,79.791,3.15564,0,0,2.43408,1.57699,0,1.90963,2.96352,8.46701e+06,3.61194e+06,2.06093e+07,0,0,0,6.20183e+07
103.828,110.355,1.74763,0.07,0.02,2.45712,3.31413,0,0.460416,6.048,4.07419e+06,2.70226e+06,1.00108e+07,0,0,0,2.28273e+08,80.8192,79.791,3.07776,0,0,2.43408,1.57707,0,1.88057,2.96352,8.46701e+06,3.61194e+06,2.06093e+07,0,0,0,6.20183e+07
102.733,110.355,1.66236,0.07,0.02,2.45738,3.31431,0,0.460465,6.048,4.07419e+06,2.70226e+06,1.00119e+07,0,0,0,2.28273e+08,80.8192,79.791,2.88287,0,0,2.43408,1.57715,0,1.88057,2.96352,8.46701e+06,3.61194e+06,2.06093e+07,0,0,0,6.20183e+07
101.333,110.355,1.5233,0.07,0.02,2.67901,3.53584,0,0.460514,6.048,4.07419e+06,2.70226e+06,1.09148e+07,0,0,0,2.28273e+08,80.8192,79.791,2.72953,0,0,2.56987,1.71303,0,1.88057,2.96352,8.46701e+06,3.61194e+06,2.17591e+07,0,0,0,6.20183e+07
99.9658,110.355,1.6688,0.1,0.02,2.81507,3.53603,0,0.502046,6.048,4.07419e+06,2.70226e+06,1.14691e+07,0,0,0,2.28273e+08,80.8192,79.791,2.93796,0,0,2.43408,1.71312,0,1.98548,2.96352,8.46701e+06,3.61194e+06,2.06094e+07,0,0,0,6.20183e+07
98.4985,110.355,1.56397,0.1,0.02,2.81535,3.53622,0,0.527544,6.048,4.07419e+06,2.70226e+06,1.14703e+07,0,0,0,2.28273e+08,80.8192,79.791,3.50386,0,0,2.43408,1.71321,0,1.88057,2.96352,8.46701e+06,3.61194e+06,2.06094e+07,0,0,0,6.20183e+07
96.9503,110.355,1.47845,0.11,0.02,2.81563,3.53641,0,0.527597,6.048,4.07419e+06,2.70226e+06,1.14714e+07,0,0,0,2.28273e+08,80.8192,79.791,3.70584,0,0,2.43408,1.71331,0,1.88057,2.96352,8.46701e+06,3.61194e+06,2.06094e+07,0,0,0,6.20183e+07
95.373,110.355,1.43643,0.11,0.02,2.81591,3.5366,0,0.527649,6.048,4.07419e+06,2.70226e+06,1.14726e+07,0,0,0,2.28273e+08,80.8192,79.791,3.67514,0,0,2.43408,1.7134,0,1.88057,2.96352,8.46701e+06,3.61194e+06,2.06094e+07,0,0,0,6.20183e+07
93.8779,110.355,1.36936,0.13,0.02,2.70828,3.42887,0,0.527701,6.048,4.07419e+06,2.70226e+06,1.1034e+07,0,0,0,2.28273e+08,80.7717,79.791,2.61022,0,0,2.35164,1.63104,0,1.88057,2.96352,8.46701e+06,3.61194e+06,1.99113e+07,0,0,0,6.20183e+07
92.3838,110.355,1.42667,0.13,0.02,2.62611,3.42905,0,0.507531,6.048,4.07419e+06,2.70226e+06,1.06993e+07,0,0,0,2.28273e+08,80.8192,79.791,3.00939,0,0,2.43408,1.63113,0,1.81688,2.96352,8.46701e+06,3.61194e+06,2.06094e+07,0,0,0,6.20183e+07
90.8885,110.355,1.43692,0.14,0.02,2.62638,3.42924,0,0.492132,6.048,4.07419e+06,2.70226e+06,1.07004e+07,0,0,0,2.28273e+08,80.8192,79.791,3.19662,0,0,2.43408,1.63122,0,1.88057,2.96352,8.46701e+06,3.61194e+06,2.06094e+07,0,0,0,6.20183e+07
89.5047,110.355,1.56494,0.13,0.02,2.62664,3.42942,0,0.492183,6.048,4.07419e+06,2.70226e+06,1.07015e+07,0,0,0,2.28273e+08,80.8192,79.791,3.40754,0,0,2.43408,1.6313,0,1.88057,2.96352,8.46701e+06,3.61194e+06,2.06094e+07,0,0,0,6.20183e+07
88.2434,110.355,1.69928,0.16,0.02,2.53832,3.34101,0,0.492233,6.048,4.07419e+06,2.70226e+06,1.03416e+07,0,0,0,2.28273e+08,80.8192,79.791,3.87897,0,0,2.35902,1.55633,0,1.88057,2.96352,8.46701e+06,3.61194e+06,1.99738e+07,0,0,0,6.20183e+07
87.969,110.355,2.6331,0.17,0.02,2.46352,3.34118,0,0.475681,6.048,4.07419e+06,2.70226e+06,1.00369e+07,0,0,0,2.28273e+08,80.8192,79.791,3.16262,0,0,2.43407,1.55641,0,1.82258,2.96352,8.46701e+06,3.61194e+06,2.06093e+07,0,0,0,6.20183e+07
91.7111,110.355,6.8393,0.18,0.02,2.46378,3.34136,0,0.461664,6.048,4.07419e+06,2.70226e+06,1.00379e+07,0,0,0,2.28273e+08,80.8192,79.791,9.8022,0,0,2.43407,1.5565,0,1.88057,2.96352,8.46701e+06,3.61194e+06,2.06093e+07,0,0,0,6.20183e+07
93.4057,110.355,4.75179,0.11,0.02,2.46404,3.34154,0,0.461713,6.048,4.07419e+06,2.70226e+06,1.0039e+07,0,0,0,2.28273e+08,80.8192,79.791,6.59206,0,0,2.43407,1.55658,0,1.88057,2.96352,8.46701e+06,3.61194e+06,2.06093e+07,0,0,0,6.20183e+07
95.9335,110.355,5.34653,0.13,0.02,2.21264,3.09005,0,0.461762,6.048,4.07419e+06,2.70226e+06,9.01471e+06,0,0,0,2.28273e+08,80.8192,79.791,8.05894,0,0,2.27771,1.4003,0,1.88057,2.96352,8.46701e+06,3.61194e+06,1.92854e+07,0,0,0,6.20183e+07
97.0261,110.355,3.89169,0.1,0.02,2.05652,3.09021,0,0.414648,6.048,4.07419e+06,2.70226e+06,8.37867e+06,0,0,0,2.28273e+08,80.8192,79.791,8.07811,0,0,2.43407,1.40038,0,1.75976,2.96352,8.46701e+06,3.61194e+06,2.06093e+07,0,0,0,6.20183e+07
96.3321,110.355,2.01016,0.15,0.02,2.05676,3.09038,0,0.385392,6.048,4.07419e+06,2.70226e+06,8.37964e+06,0,0,0,2.28273e+08,80.8192,79.791,4.81191,0,0,2.43407,1.40045,0,1.88056,2.96352,8.46701e+06,3.61194e+06,2.06093e+07,0,0,0,6.20183e+07
95.7972,110.355,2.12946,0.14,0.02,2.057,3.09054,0,0.385437,6.048,4.07419e+06,2.70226e+06,8.38061e+06,0,0,0,2.28273e+08,80.8192,79.791,4.53557,0,0,2.43407,1.40052,0,1.88056,2.96352,8.46701e+06,3.61194e+06,2.06093e+07,0,0,0,6.20183e+07
97.3032,110.355,4.27821,0.17,0.02,2.05724,3.09071,0,0.385482,6.048,4.07419e+06,2.70226e+06,8.38159e+06,0,0,0,2.28273e+08,80.8192,79.791,8.21587,0,0,2.43407,1.4006,0,1.88056,2.96352,8.46701e+06,3.61194e+06,2.06093e+07,0,0,0,6.20183e+07
104.497,110.355,10.2948,0.12,0.02,2.05731,3.09071,0,0.385526,6.048,4.07419e+06,2.70226e+06,8.38189e+06,0,0,0,2.28273e+08,80.8192,79.791,9.84086,0,0,2.43399,1.4006,0,1.88056,2.96352,8.46701e+06,3.61194e+06,2.06086e+07,0,0,0,6.20183e+07
110.355,110.355,9.87331,0.12,0.02,2.1543,3.18769,0,0.38554,6.048,4.07419e+06,2.70226e+06,8.77702e+06,0,0,0,2.28273e+08,80.8192,79.791,7.0982,0,0,2.47935,1.44596,0,1.8805,2.96352,8.46701e+06,3.61194e+06,2.09927e+07,0,0,0,6.20183e+07
110.355,110.355,7.66697,0.11,0.02,2.19981,3.18784,0,0.403715,6.048,4.07419e+06,2.70226e+06,8.96244e+06,0,0,0,2.28273e+08,80.8192,79.791,6.3565,0,0,2.43406,1.44603,0,1.91555,2.96352,8.46701e+06,3.61194e+06,2.06092e+07,0,0,0,6.20183e+07
110.355,110.355,6.55493,0.11,0.02,2.20002,3.18799,0,0.412244,6.048,4.07419e+06,2.70226e+06,8.96331e+06,0,0,0,2.28273e+08,80.8192,79.791,5.36805,0,0,2.43406,1.44609,0,1.88055,2.96352,8.46701e+06,3.61194e+06,2.06092e+07,0,0,0,6.20183e+07
110.355,110.355,9.19533,0.11,0.02,2.20024,3.18814,0,0.412284,6.048,4.07419e+06,2.70226e+06,8.96419e+06,0,0,0,2.28273e+08,80.8192,79.791,9.03269,0,0,2.43406,1.44616,0,1.88055,2.96352,8.46701e+06,3.61194e+06,2.06092e+07,0,0,0,6.20183e+07
110.355,110.355,9.84896,0.11,0.02,2.51143,3.49926,0,0.412324,6.048,4.07419e+06,2.70226e+06,1.02321e+07,0,0,0,2.28273e+08,80.8192,79.791,10.5078,0,0,2.6041,1.61627,0,1.88055,2.96352,8.46701e+06,3.61194e+06,2.2049e+07,0,0,0,6.20183e+07
110.355,110.355,7.13606,0.11,0.02,2.68171,3.49942,0,0.470642,6.048,4.07419e+06,2.70226e+06,1.09258e+07,0,0,0,2.28273e+08,80.8192,79.791,7.24605,0,0,2.43407,1.61635,0,2.01193,2.96352,8.46701e+06,3.61194e+06,2.06093e+07,0,0,0,6.20183e+07
110.355,110.355,7.05969,0.12,0.02,2.68194,3.49959,0,0.502552,6.048,4.07419e+06,2.70226e+06,1.09268e+07,0,0,0,2.28273e+08,80.8192,79.791,6.50779,0,0,2.43407,1.61642,0,1.88056,2.96352,8.46701e+06,3.61194e+06,2.06093e+07,0,0,0,6.20183e+07
110.355,110.355,6.02578,0.12,0.02,2.68218,3.49975,0,0.502596,6.048,4.07419e+06,2.70226e+06,1.09277e+07,0,0,0,2.28273e+08,80.8192,79.791,6.60525,0,0,2.43407,1.6165,0,1.88056,2.96352,8.46701e+06,3.61194e+06,2.06093e+07,0,0,0,6.20183e+07
110.355,110.355,6.54085,0.11,0.02,2.23878,3.05628,0,0.502641,6.048,4.07419e+06,2.70226e+06,9.12124e+06,0,0,0,2.28273e+08,80.8192,79.791,6.20072,0,0,2.20582,1.38833,0,1.88056,2.96352,8.46701e+06,3.61194e+06,1.86767e+07,0,0,0,6.20183e+07
110.355,110.355,5.37385,0.11,0.02,2.01076,3.05642,0,0.419548,6.048,4.07419e+06,2.70226e+06,8.19221e+06,0,0,0,2.28273e+08,80.8192,79.791,4.2331,0,0,2.43406,1.38839,0,1.70422,2.96352,8.46701e+06,3.61194e+06,2.06092e+07,0,0,0,6.20183e+07
110.355,110.355,5.16233,0.12,0.02,2.01096,3.05656,0,0.376816,6.048,4.07419e+06,2.70226e+06,8.19305e+06,0,0,0,2.28273e+08,80.8192,79.791,4.39368,0,0,2.43406,1.38846,0,1.88055,2.96352,8.46701e+06,3.61194e+06,2.06092e+07,0,0,0,6.20183e+07
110.355,110.355,8.98238,0.13,0.02,2.01117,3.0567,0,0.376854,6.048,4.07419e+06,2.70226e+06,8.1939e+06,0,0,0,2.28273e+08,80.8192,79.791,7.89665,0,0,2.43406,1.38852,0,1.88055,2.96352,8.46701e+06,3.61194e+06,2.06092e+07,0,0,0,6.20183e+07
110.355,110.355,6.90687,0.14,0.02,2.01138,3.05685,0,0.376893,6.048,4.07419e+06,2.70226e+06,8.19474e+06,0,0,0,2.28273e+08,80.8192,79.791,6.20475,0,0,2.43406,1.38859,0,1.88055,2.96352,8.46701e+06,3.61194e+06,2.06092e+07,0,0,0,6.20183e+07
110.355,110.355,8.8187,0.14,0.02,2.12328,3.16868,0,0.376932,6.048,4.07419e+06,2.70226e+06,8.65065e+06,0,0,0,2.28273e+08,80.8192,79.791,8.3047,0,0,2.48991,1.4445,0,1.88055,2.96352,8.46701e+06,3.61194e+06,2.10821e+07,0,0,0,6.20183e+07
110.355,110.355,6.21069,0.15,0.02,2.17934,3.16883,0,0.397903,6.048,4.07419e+06,2.70226e+06,8.87906e+06,0,0,0,2.28273e+08,80.8192,79.791,5.45045,0,0,2.43406,1.44457,0,1.9237,2.96352,8.46701e+06,3.61194e+06,2.06092e+07,0,0,0,6.20183e+07
110.355,110.355,5.54252,0.14,0.02,2.17956,3.16898,0,0.408409,6.048,4.07419e+06,2.70226e+06,8.87994e+06,0,0,0,2.28273e+08,80.8192,79.791,4.6736,0,0,2.43406,1.44464,0,1.88055,2.96352,8.46701e+06,3.61194e+06,2.06092e+07,0,0,0,6.20183e+07
110.355,110.355,5.6821,0.13,0.02,2.17977,3.16913,0,0.408449,6.048,4.07419e+06,2.70226e+06,8.88081e+06,0,0,0,2.28273e+08,80.8192,79.791,4.85119,0,0,2.43406,1.4447,0,1.88055,2.96352,8.46701e+06,3.61194e+06,2.06092e+07,0,0,0,6.20183e+07
110.355,110.355,5.27301,0.13,0.02,2.13631,3.12559,0,0.408489,6.048,4.07419e+06,2.70226e+06,8.70372e+06,0,0,0,2.28273e+08,80.8192,79.791,4.03027,0,0,2.41236,1.42308,0,1.88055,2.96352,8.46701e+06,3.61194e+06,2.04255e+07,0,0,0,6.20183e+07
110.355,110.355,4.65073,0.12,0.02,2.11482,3.12574,0,0.400344,6.048,4.07419e+06,2.70226e+06,8.6162e+06,0,0,0,2.28273e+08,80.8192,79.791,3.60625,0,0,2.43406,1.42314,0,1.86379,2.96352,8.46701e+06,3.61194e+06,2.06092e+07,0,0,0,6.20183e+07
110.355,110.355,4.18401,0.1,0.02,2.11503,3.12588,0,0.396318,6.048,4.07419e+06,2.70226e+06,8.61706e+06,0,0,0,2.28273e+08,80.8192,79.791,3.2274,0,0,2.43406,1.42321,0,1.88055,2.96352,8.46701e+06,3.61194e+06,2.06092e+07,0,0,0,6.20183e+07
110.355,110.355,4.00351,0.07,0.02,2.11525,3.12603,0,0.396357,6.048,4.07419e+06,2.70226e+06,8.61792e+06,0,0,0,2.28273e+08,80.8192,79.791,3.15945,0,0,2.43406,1.42327,0,1.88055,2.96352,8.46701e+06,3.61194e+06,2.06092e+07,0,0,0,6.20183e+07
110.355,110.355,4.31645,0.06,0.02,2.26375,3.27447,0,0.396397,6.048,4.07419e+06,2.70226e+06,9.22297e+06,0,0,0,2.28273e+08,80.8192,79.791,3.58043,0,0,2.51101,1.50029,0,1.88055,2.96352,8.46701e+06,3.61194e+06,2.12607e+07,0,0,0,6.20183e+07
110.355,110.355,3.939,0.04,0.02,2.34093,3.27462,0,0.424227,6.048,4.07419e+06,2.70226e+06,9.53738e+06,0,0,0,2.28273e+08,80.8192,79.791,3.55811,0,0,2.43406,1.50036,0,1.94001,2.96352,8.46701e+06,3.61194e+06,2.06092e+07,0,0,0,6.20183e+07
110.355,110.355,3.85685,0.04,0.02,2.34115,3.27478,0,0.438689,6.048,4.07419e+06,2.70226e+06,9.53829e+06,0,0,0,2.28273e+08,80.8192,79.791,3.63148,0,0,2.43406,1.50043,0,1.88056,2.96352,8.46701e+06,3.61194e+06,2.06092e+07,0,0,0,6.20183e+07
110.355,110.355,3.6,0.05,0.02,2.34137,3.27493,0,0.438731,6.048,4.07419e+06,2.70226e+06,9.5392e+06,0,0,0,2.28273e+08,80.8192,79.791,3.34118,0,0,2.43406,1.5005,0,1.88056,2.96352,8.46701e+06,3.61194e+06,2.06092e+07,0,0,0,6.20183e+07
110.33,110.355,2.81436,0.05,0.02,2.34159,3.27508,0,0.438773,6.048,4.07419e+06,2.70226e+06,9.5401e+06,0,0,0,2.28273e+08,80.761,79.791,2.58281,0,0,2.43406,1.50057,0,1.88056,2.96352,8.46701e+06,3.61194e+06,2.06092e+07,0,0,0,6.20183e+07
110.131,110.355,2.55701,0.05,0.02,2.31248,3.2459,0,0.438814,6.048,4.07419e+06,2.70226e+06,9.42149e+06,0,0,0,2.28273e+08,80.5487,79.791,2.36542,0,0,2.47637,1.54295,0,1.88056,2.96352,8.46701e+06,3.61194e+06,2.09674e+07,0,0,0,6.20183e+07
109.782,110.355,2.42628,0.05,0.02,2.35501,3.24605,0,0.433359,6.048,4.07419e+06,2.70226e+06,9.59475e+06,0,0,0,2.28273e+08,80.309,79.791,2.28897,0,0,2.43406,1.54302,0,1.91324,2.96352,8.46701e+06,3.61194e+06,2.06092e+07,0,0,0,6.20183e+07
109.276,110.355,2.25924,0.05,0.02,2.35523,3.2462,0,0.441328,6.048,4.07419e+06,2.70226e+06,9.59566e+06,0,0,0,2.28273e+08,79.7581,79.791,2.12678,0,0,2.43406,1.54309,0,1.88056,2.96352,8.46701e+06,3.61194e+06,2.06092e+07,0,0,0,6.20183e+07
108.539,110.355,2.00461,0.05,0.02,2.35545,3.24635,0,0.44137,6.048,4.07419e+06,2.70226e+06,9.59657e+06,0,0,0,2.28273e+08,79.0485,79.791,1.75046,0,0,2.43406,1.54316,0,1.88056,2.96352,8.46701e+06,3.61194e+06,2.06092e+07,0,0,0,6.20183e+07
107.818,110.355,2.09082,0.05,0.02,2.43144,3.32227,0,0.441412,6.048,4.07419e+06,2.70226e+06,9.90616e+06,0,0,0,2.28273e+08,78.4521,79.791,1.75115,0,0,2.47177,1.58094,0,1.88056,2.96352,8.46701e+06,3.61194e+06,2.09285e+07,0,0,0,6.20183e+07
106.911,110.355,1.91344,0.05,0.02,2.46938,3.32242,0,0.455652,6.048,4.07419e+06,2.70226e+06,1.00607e+07,0,0,0,2.28273e+08,77.6441,79.791,1.72075,0,0,2.43407,1.58102,0,1.90969,2.96352,8.46701e+06,3.61194e+06,2.06092e+07,0,0,0,6.20183e+07
105.853,110.355,1.7553,0.07,0.02,2.46961,3.32258,0,0.462761,6.048,4.07419e+06,2.70226e+06,1.00617e+07,0,0,0,2.28273e+08,76.9881,79.791,1.50931,0,0,2.43407,1.58109,0,1.88056,2.96352,8.46701e+06,3.61194e+06,2.06092e+07,0,0,0,6.20183e+07
104.911,110.355,1.84786,0.07,0.02,2.46983,3.32273,0,0.462804,6.048,4.07419e+06,2.70226e+06,1.00626e+07,0,0,0,2.28273e+08,76.2307,79.791,1.80234,0,0,2.43407,1.58116,0,1.88056,2.96352,8.46701e+06,3.61194e+06,2.06092e+07,0,0,0,6.20183e+07
103.018,110.355,1.09118,0.08,0.02,2.69198,3.54481,0,0.462847,6.048,4.07419e+06,2.70226e+06,1.09677e+07,0,0,0,2.28273e+08,75.5261,79.791,1.45082,0,0,2.5702,1.71738,0,1.88056,2.96352,8.46701e+06,3.61194e+06,2.17619e+07,0,0,0,6.20183e+07
101.481,110.355,1.56652,0.09,0.02,2.82836,3.54498,0,0.504478,6.048,4.07419e+06,2.70226e+06,1.15233e+07,0,0,0,2.28273e+08,74.9972,79.791,1.68976,0,0,2.43407,1.71746,0,1.98574,2.96352,8.46701e+06,3.61194e+06,2.06093e+07,0,0,0,6.20183e+07
100.565,110.355,2.27082,0.11,0.02,2.8286,3.54514,0,0.530035,6.048,4.07419e+06,2.70226e+06,1.15243e+07,0,0,0,2.28273e+08,74.4984,79.791,1.93978,0,0,2.43407,1.71754,0,1.88056,2.96352,8.46701e+06,3.61194e+06,2.06093e+07,0,0,0,6.20183e+07
98.9822,110.355,1.58745,0.11,0.02,2.82885,3.54531,0,0.53008,6.048,4.07419e+06,2.70226e+06,1.15253e+07,0,0,0,2.28273e+08,74.0344,79.791,1.67254,0,0,2.43407,1.71762,0,1.88056,2.96352,8.46701e+06,3.61194e+06,2.06093e+07,0,0,0,6.20183e+07
99.1515,110.355,3.34647,0.11,0.02,2.82909,3.54547,0,0.530126,6.048,4.07419e+06,2.70226e+06,1.15263e+07,0,0,0,2.28273e+08,73.928,79.791,2.95654,0,0,2.43407,1.7177,0,1.88056,2.96352,8.46701e+06,3.61194e+06,2.06093e+07,0,0,0,6.20183e+07
98.4318,110.355,2.36749,0.11,0.02,2.72116,3.43745,0,0.530172,6.048,4.07419e+06,2.70226e+06,1.10865e+07,0,0,0,2.28273e+08,74.0259,79.791,3.97184,0,0,2.35142,1.63513,0,1.88056,2.96352,8.46701e+06,3.61194e+06,1.99095e+07,0,0,0,6.20183e+07
97.4892,110.355,2.07174,0.11,0.02,2.63875,3.43761,0,0.509945,6.048,4.07419e+06,2.70226e+06,1.07508e+07,0,0,0,2.28273e+08,73.6704,79.791,2.31147,0,0,2.43407,1.6352,0,1.81671,2.96352,8.46701e+06,3.61194e+06,2.06093e+07,0,0,0,6.20183e+07
96.4985,110.355,2.00869,0.11,0.02,2.63898,3.43777,0,0.494501,6.048,4.07419e+06,2.70226e+06,1.07517e+07,0,0,0,2.28273e+08,73.2733,79.791,2.12836,0,0,2.43407,1.63528,0,1.88056,2.96352,8.46701e+06,3.61194e+06,2.06093e+07,0,0,0,6.20183e+07
97.5316,110.355,4.41326,0.1,0.02,2.63922,3.43793,0,0.494546,6.048,4.07419e+06,2.70226e+06,1.07527e+07,0,0,0,2.28273e+08,73.6911,79.791,4.49597,0,0,2.43407,1.63535,0,1.88056,2.96352,8.46701e+06,3.61194e+06,2.06093e+07,0,0,0,6.20183e+07
98.4247,110.355,4.22765,0.1,0.02,2.55064,3.34928,0,0.49459,6.048,4.07419e+06,2.70226e+06,1.03918e+07,0,0,0,2.28273e+08,74.2305,79.791,4.99976,0,0,2.35882,1.56018,0,1.88056,2.96352,8.46701e+06,3.61194e+06,1.99722e+07,0,0,0,6.20183e+07
98.7961,110.355,3.52141,0.1,0.02,2.47563,3.34944,0,0.47799,6.048,4.07419e+06,2.70226e+06,1.00862e+07,0,0,0,2.28273e+08,74.6014,79.791,4.73922,0,0,2.43406,1.56026,0,1.82243,2.96352,8.46701e+06,3.61194e+06,2.06092e+07,0,0,0,6.20183e+07
100.13,110.355,4.57763,0.1,0.02,2.47586,3.34959,0,0.463933,6.048,4.07419e+06,2.70226e+06,1.00871e+07,0,0,0,2.28273e+08,75.3506,79.791,6.09333,0,0,2.43406,1.56033,0,1.88056,2.96352,8.46701e+06,3.61194e+06,2.06092e+07,0,0,0,6.20183e+07
102.558,110.355,5.757,0.1,0.02,2.47608,3.34975,0,0.463975,6.048,4.07419e+06,2.70226e+06,1.0088e+07,0,0,0,2.28273e+08,76.3538,79.791,7.3474,0,0,2.43406,1.5604,0,1.88056,2.96352,8.46701e+06,3.61194e+06,2.06092e+07,0,0,0,6.20183e+07
104.072,110.355,4.46993,0.1,0.02,2.22403,3.09762,0,0.464018,6.048,4.07419e+06,2.70226e+06,9.06112e+06,0,0,0,2.28273e+08,78.0775,79.791,7.90248,0,0,2.27732,1.40373,0,1.88056,2.96352,8.46701e+06,3.61194e+06,1.92821e+07,0,0,0,6.20183e+07
104.868,110.355,3.63177,0.11,0.02,2.0675,3.09776,0,0.416783,6.048,4.07419e+06,2.70226e+06,8.42339e+06,0,0,0,2.28273e+08,79.2197,79.791,5.51618,0,0,2.43406,1.4038,0,1.75946,2.96352,8.46701e+06,3.61194e+06,2.06092e+07,0,0,0,6.20183e+07
108.475,110.355,6.67496,0.11,0.02,2.06771,3.0979,0,0.387449,6.048,4.07419e+06,2.70226e+06,8.42425e+06,0,0,0,2.28273e+08,80.8192,79.791,7.39146,0,0,2.43406,1.40386,0,1.88055,2.96352,8.46701e+06,3.61194e+06,2.06092e+07,0,0,0,6.20183e+07
110.355,110.355,5.8675,0.1,0.02,2.06792,3.09805,0,0.387489,6.048,4.07419e+06,2.70226e+06,8.4251e+06,0,0,0,2.28273e+08,80.8192,79.791,9.8132,0,0,2.43406,1.40393,0,1.88055,2.96352,8.46701e+06,3.61194e+06,2.06092e+07,0,0,0,6.20183e+07
110.355,110.355,8.14112,0.1,0.02,2.06813,3.09819,0,0.387528,6.048,4.07419e+06,2.70226e+06,8.42595e+06,0,0,0,2.28273e+08,80.8192,79.791,8.33329,0,0,2.43406,1.40399,0,1.88055,2.96352,8.46701e+06,3.61194e+06,2.06092e+07,0,0,0,6.20183e+07
110.355,110.355,7.71037,0.12,0.02,2.16539,3.19539,0,0.387567,6.048,4.07419e+06,2.70226e+06,8.82223e+06,0,0,0,2.28273e+08,80.8192,79.791,7.45276,0,0,2.47945,1.44945,0,1.88055,2.96352,8.46701e+06,3.61194e+06,2.09935e+07,0,0,0,6.20183e+07
110.355,110.355,7.2282,0.11,0.02,2.21098,3.19552,0,0.405794,6.048,4.07419e+06,2.70226e+06,9.00796e+06,0,0,0,2.28273e+08,80.8192,79.791,5.37672,0,0,2.43405,1.44951,0,1.91563,2.96352,8.46701e+06,3.61194e+06,2.06091e+07,0,0,0,6.20183e+07
110.355,110.355,5.89855,0.12,0.02,2.21117,3.19565,0,0.414338,6.048,4.07419e+06,2.70226e+06,9.00872e+06,0,0,0,2.28273e+08,80.8192,79.791,4.51187,0,0,2.43405,1.44957,0,1.88055,2.96352,8.46701e+06,3.61194e+06,2.06091e+07,0,0,0,6.20183e+07
110.355,110.355,5.48468,0.12,0.02,2.21135,3.19578,0,0.414373,6.048,4.07419e+06,2.70226e+06,9.00948e+06,0,0,0,2.28273e+08,80.8192,79.791,4.46266,0,0,2.43405,1.44963,0,1.88055,2.96352,8.46701e+06,3.61194e+06,2.06091e+07,0,0,0,6.20183e+07
110.355,110.355,7.81854,0.12,0.02,2.52326,3.50762,0,0.414407,6.048,4.07419e+06,2.70226e+06,1.02802e+07,0,0,0,2.28273e+08,80.8192,79.791,7.6287,0,0,2.6045,1.62014,0,1.88055,2.96352,8.46701e+06,3.61194e+06,2.20523e+07,0,0,0,6.20183e+07
110.355,110.355,7.65284,0.12,0.02,2.69391,3.50776,0,0.472859,6.048,4.07419e+06,2.70226e+06,1.09755e+07,0,0,0,2.28273e+08,80.8192,79.791,7.86501,0,0,2.43406,1.6202,0,2.01224,2.96352,8.46701e+06,3.61194e+06,2.06092e+07,0,0,0,6.20183e+07
110.355,110.355,7.11482,0.12,0.02,2.69411,3.50791,0,0.504839,6.048,4.07419e+06,2.70226e+06,1.09763e+07,0,0,0,2.28273e+08,80.8192,79.791,7.10762,0,0,2.43406,1.62027,0,1.88055,2.96352,8.46701e+06,3.61194e+06,2.06092e+07,0,0,0,6.20183e+07
110.355,110.355,5.18252,0.12,0.02,2.69432,3.50805,0,0.504877,6.048,4.07419e+06,2.70226e+06,1.09772e+07,0,0,0,2.28273e+08,80.8192,79.791,4.28079,0,0,2.43406,1.62033,0,1.88055,2.96352,8.46701e+06,3.61194e+06,2.06092e+07,0,0,0,6.20183e+07
110.355,110.355,3.83235,0.12,0.02,2.24984,3.0635,0,0.504915,6.048,4.07419e+06,2.70226e+06,9.16628e+06,0,0,0,2.28273e+08,80.8192,79.791,3.13907,0,0,2.20527,1.39161,0,1.88055,2.96352,8.46701e+06,3.61194e+06,1.8672e+07,0,0,0,6.20183e+07
110.355,110.355,3.82492,0.12,0.02,2.02124,3.06362,0,0.42162,6.048,4.07419e+06,2.70226e+06,8.23493e+06,0,0,0,2.28273e+08,80.8192,79.791,3.68561,0,0,2.43405,1.39167,0,1.70379,2.96352,8.46701e+06,3.61194e+06,2.06091e+07,0,0,0,6.20183e+07
110.355,110.355,5.40225,0.12,0.02,2.02142,3.06375,0,0.378781,6.048,4.07419e+06,2.70226e+06,8.23566e+06,0,0,0,2.28273e+08,80.8192,79.791,3.98982,0,0,2.43405,1.39172,0,1.88055,2.96352,8.46701e+06,3.61194e+06,2.06091e+07,0,0,0,6.20183e+07
110.355,110.355,5.31372,0.13,0.02,2.0216,3.06387,0,0.378814,6.048,4.07419e+06,2.70226e+06,8.23638e+06,0,0,0,2.28273e+08,80.8192,79.791,3.84014,0,0,2.43405,1.39178,0,1.88055,2.96352,8.46701e+06,3.61194e+06,2.06091e+07,0,0,0,6.20183e+07
110.355,110.355,4.72054,0.14,0.02,2.02178,3.06399,0,0.378847,6.048,4.07419e+06,2.70226e+06,8.23711e+06,0,0,0,2.28273e+08,80.8192,79.791,4.58045,0,0,2.43405,1.39183,0,1.88055,2.96352,8.46701e+06,3.61194e+06,2.06091e+07,0,0,0,6.20183e+07
110.355,110.355,3.14446,0.15,0.02,2.13391,3.17607,0,0.378881,6.048,4.07419e+06,2.70226e+06,8.69396e+06,0,0,0,2.28273e+08,80.5778,79.791,3.07625,0,0,2.49003,1.44787,0,1.88055,2.96352,8.46701e+06,3.61194e+06,2.10831e+07,0,0,0,6.20183e+07
109.685,110.355,2.34459,0.15,0.02,2.19007,3.1762,0,0.399895,6.048,4.07419e+06,2.70226e+06,8.92278e+06,0,0,0,2.28273e+08,80.2549,79.791,2.39113,0,0,2.43405,1.44793,0,1.9238,2.96352,8.46701e+06,3.61194e+06,2.06091e+07,0,0,0,6.20183e+07
108.837,110.355,2.10949,0.14,0.02,2.19026,3.17632,0,0.41042,6.048,4.07419e+06,2.70226e+06,8.92354e+06,0,0,0,2.28273e+08,79.9988,79.791,2.16273,0,0,2.43405,1.44798,0,1.88055,2.96352,8.46701e+06,3.61194e+06,2.06091e+07,0,0,0,6.20183e+07
108.422,110.355,2.48304,0.13,0.02,2.19044,3.17645,0,0.410454,6.048,4.07419e+06,2.70226e+06,8.92429e+06,0,0,0,2.28273e+08,79.98,79.791,2.40199,0,0,2.43405,1.44804,0,1.88055,2.96352,8.46701e+06,3.61194e+06,2.06091e+07,0,0,0,6.20183e+07
107.792,110.355,2.29,0.13,0.02,2.14685,3.1328,0,0.410489,6.048,4.07419e+06,2.70226e+06,8.74667e+06,0,0,0,2.28273e+08,79.8787,79.791,2.56223,0,0,2.4123,1.42635,0,1.88055,2.96352,8.46701e+06,3.61194e+06,2.0425e+07,0,0,0,6.20183e+07
107.09,110.355,2.07506,0.12,0.02,2.12528,3.13292,0,0.402319,6.048,4.07419e+06,2.70226e+06,8.65882e+06,0,0,0,2.28273e+08,79.7652,79.791,2.27232,0,0,2.43405,1.42641,0,1.86375,2.96352,8.46701e+06,3.61194e+06,2.06091e+07,0,0,0,6.20183e+07
106.382,110.355,2.01416,0.15,0.02,2.12547,3.13305,0,0.398278,6.048,4.07419e+06,2.70226e+06,8.65956e+06,0,0,0,2.28273e+08,79.603,79.791,2.44754,0,0,2.43405,1.42647,0,1.88055,2.96352,8.46701e+06,3.61194e+06,2.06091e+07,0,0,0,6.20183e+07
105.545,110.355,1.87133,0.13,0.02,2.12565,3.13317,0,0.398312,6.048,4.07419e+06,2.70226e+06,8.66031e+06,0,0,0,2.28273e+08,79.4401,79.791,2.2355,0,0,2.43405,1.42653,0,1.88055,2.96352,8.46701e+06,3.61194e+06,2.06091e+07,0,0,0,6.20183e+07
104.548,110.355,1.79031,0.12,0.02,2.27447,3.28193,0,0.398347,6.048,4.07419e+06,2.70226e+06,9.26661e+06,0,0,0,2.28273e+08,79.2529,79.791,2.26078,0,0,2.51118,1.50371,0,1.88055,2.96352,8.46701e+06,3.61194e+06,2.12622e+07,0,0,0,6.20183e+07
103.456,110.355,1.75242,0.09,0.02,2.35178,3.28206,0,0.426235,6.048,4.07419e+06,2.70226e+06,9.58162e+06,0,0,0,2.28273e+08,79.1311,79.791,2.30474,0,0,2.43405,1.50377,0,1.94014,2.96352,8.46701e+06,3.61194e+06,2.06091e+07,0,0,0,6.20183e+07
102.259,110.355,1.63575,0.08,0.02,2.35197,3.28219,0,0.440724,6.048,4.07419e+06,2.70226e+06,9.5824e+06,0,0,0,2.28273e+08,78.95,79.791,2.12248,0,0,2.43405,1.50383,0,1.88055,2.96352,8.46701e+06,3.61194e+06,2.06091e+07,0,0,0,6.20183e+07
101.044,110.355,1.54101,0.08,0.02,2.35217,3.28233,0,0.44076,6.048,4.07419e+06,2.70226e+06,9.58318e+06,0,0,0,2.28273e+08,78.7495,79.791,2.09552,0,0,2.43405,1.50389,0,1.88055,2.96352,8.46701e+06,3.61194e+06,2.06091e+07,0,0,0,6.20183e+07
99.8733,110.355,1.51591,0.14,0.02,2.35236,3.28246,0,0.440796,6.048,4.07419e+06,2.70226e+06,9.58396e+06,0,0,0,2.28273e+08,78.5464,79.791,2.15919,0,0,2.43405,1.50395,0,1.88055,2.96352,8.46701e+06,3.61194e+06,2.06091e+07,0,0,0,6.20183e+07
98.6442,110.355,1.42095,0.12,0.02,2.32315,3.25319,0,0.440832,6.048,4.07419e+06,2.70226e+06,9.46496e+06,0,0,0,2.28273e+08,78.3127,79.791,2.20604,0,0,2.47645,1.54641,0,1.88055,2.96352,8.46701e+06,3.61194e+06,2.09681e+07,0,0,0,6.20183e+07
97.2608,110.355,1.29545,0.12,0.02,2.36574,3.25332,0,0.435358,6.048,4.07419e+06,2.70226e+06,9.63847e+06,0,0,0,2.28273e+08,77.9889,79.791,2.02375,0,0,2.43405,1.54647,0,1.91331,2.96352,8.46701e+06,3.61194e+06,2.06091e+07,0,0,0,6.20183e+07
95.7963,110.355,1.1833,0.12,0.02,2.36593,3.25345,0,0.443339,6.048,4.07419e+06,2.70226e+06,9.63926e+06,0,0,0,2.28273e+08,77.5311,79.791,1.93715,0,0,2.43405,1.54654,0,1.88055,2.96352,8.46701e+06,3.61194e+06,2.06091e+07,0,0,0,6.20183e+07
94.3359,110.355,1.14221,0.16,0.02,2.36612,3.25358,0,0.443375,6.048,4.07419e+06,2.70226e+06,9.64004e+06,0,0,0,2.28273e+08,76.9401,79.791,1.81175,0,0,2.43405,1.5466,0,1.88055,2.96352,8.46701e+06,3.61194e+06,2.06091e+07,0,0,0,6.20183e+07
92.7524,110.355,1.07426,0.15,0.02,2.44225,3.32964,0,0.443411,6.048,4.07419e+06,2.70226e+06,9.9502e+06,0,0,0,2.28273e+08,76.1715,79.791,1.74578,0,0,2.47185,1.58445,0,1.88055,2.96352,8.46701e+06,3.61194e+06,2.09291e+07,0,0,0,6.20183e+07
91.0678,110.355,0.9956,0.15,0.02,2.48024,3.32978,0,0.457677,6.048,4.07419e+06,2.70226e+06,1.0105e+07,0,0,0,2.28273e+08,75.5272,79.791,1.55998,0,0,2.43406,1.58452,0,1.90975,2.96352,8.46701e+06,3.61194e+06,2.06092e+07,0,0,0,6.20183e+07
89.419,110.355,1.01301,0.15,0.02,2.48043,3.32991,0,0.464796,6.048,4.07419e+06,2.70226e+06,1.01058e+07,0,0,0,2.28273e+08,75.0098,79.791,1.76597,0,0,2.43406,1.58458,0,1.88055,2.96352,8.46701e+06,3.61194e+06,2.06092e+07,0,0,0,6.20183e+07
87.833,110.355,1.05296,0.17,0.02,2.48063,3.33004,0,0.464833,6.048,4.07419e+06,2.70226e+06,1.01066e+07,0,0,0,2.28273e+08,74.0372,79.791,1.85992,0,0,2.43406,1.58464,0,1.88055,2.96352,8.46701e+06,3.61194e+06,2.06092e+07,0,0,0,6.20183e+07
85.8575,110.355,0.828379,0.17,0.02,2.70323,3.55258,0,0.46487,6.048,4.07419e+06,2.70226e+06,1.10135e+07,0,0,0,2.28273e+08,72.9533,79.791,1.16759,0,0,2.57049,1.72114,0,1.88055,2.96352,8.46701e+06,3.61194e+06,2.17644e+07,0,0,0,6.20183e+07
83.8451,110.355,0.896805,0.17,0.02,2.83988,3.55273,0,0.506586,6.048,4.07419e+06,2.70226e+06,1.15702e+07,0,0,0,2.28273e+08,71.7714,79.791,1.29752,0,0,2.43406,1.72121,0,1.98596,2.96352,8.46701e+06,3.61194e+06,2.06092e+07,0,0,0,6.20183e+07
81.6894,110.355,0.728159,0.21,0.02,2.84009,3.55287,0,0.532193,6.048,4.07419e+06,2.70226e+06,1.15711e+07,0,0,0,2.28273e+08,70.8308,79.791,0.978776,0,0,2.43406,1.72128,0,1.88056,2.96352,8.46701e+06,3.61194e+06,2.06092e+07,0,0,0,6.20183e+07
79.6896,110.355,0.863888,0.21,0.02,2.8403,3.55301,0,0.532232,6.048,4.07419e+06,2.70226e+06,1.15719e+07,0,0,0,2.28273e+08,69.7942,79.791,1.58943,0,0,2.43406,1.72135,0,1.88056,2.96352,8.46701e+06,3.61194e+06,2.06092e+07,0,0,0,6.20183e+07
77.512,110.355,0.668009,0.21,0.02,2.84051,3.55315,0,0.532272,6.048,4.07419e+06,2.70226e+06,1.15728e+07,0,0,0,2.28273e+08,68.9751,79.791,1.05098,0,0,2.43406,1.72142,0,1.88056,2.96352,8.46701e+06,3.61194e+06,2.06092e+07,0,0,0,6.20183e+07
74.9939,110.355,0.58331,0.28,0.02,2.7323,3.44488,0,0.532311,6.048,4.07419e+06,2.70226e+06,1.11319e+07,0,0,0,2.28273e+08,67.8755,79.791,1.63058,0,0,2.35123,1.63866,0,1.88056,2.96352,8.46701e+06,3.61194e+06,1.99079e+07,0,0,0,6.20183e+07
72.3864,110.355,0.487657,0.28,0.02,2.64968,3.44502,0,0.512034,6.048,4.07419e+06,2.70226e+06,1.07953e+07,0,0,0,2.28273e+08,66.5668,79.791,0.86851,0,0,2.43406,1.63872,0,1.81656,2.96352,8.46701e+06,3.61194e+06,2.06092e+07,0,0,0,6.20183e+07
71.154,110.355,0.694004,0.33,0.02,2.64989,3.44515,0,0.496551,6.048,4.07419e+06,2.70226e+06,1.07962e+07,0,0,0,2.28273e+08,65.7481,79.791,1.01063,0,0,2.43406,1.63879,0,1.88055,2.96352,8.46701e+06,3.61194e+06,2.06092e+07,0,0,0,6.20183e+07
70.0017,110.355,1.66515,0.33,0.02,2.65009,3.44529,0,0.496589,6.048,4.07419e+06,2.70226e+06,1.0797e+07,0,0,0,2.28273e+08,65.4893,79.791,1.85622,0,0,2.43406,1.63885,0,1.88055,2.96352,8.46701e+06,3.61194e+06,2.06092e+07,0,0,0,6.20183e+07
68.3748,110.355,1.10075,0.36,0.02,2.56129,3.35643,0,0.496627,6.048,4.07419e+06,2.70226e+06,1.04352e+07,0,0,0,2.28273e+08,65.1584,79.791,1.67062,0,0,2.35865,1.56351,0,1.88055,2.96352,8.46701e+06,3.61194e+06,1.99707e+07,0,0,0,6.20183e+07
67.2816,110.355,1.60661,0.38,0.02,2.48608,3.35656,0,0.479986,6.048,4.07419e+06,2.70226e+06,1.01288e+07,0,0,0,2.28273e+08,65.1584,79.791,2.67471,0,0,2.43405,1.56358,0,1.82229,2.96352,8.46701e+06,3.61194e+06,2.06092e+07,0,0,0,6.20183e+07
67.9263,110.355,3.16774,0.41,0.02,2.17945,3.35669,0,0.465892,6.048,4.07419e+06,3.34572e+06,8.8795e+06,0,0,0,2.28273e+08,65.7706,79.791,3.65481,0,0,2.29113,1.56364,0,1.88055,2.96352,8.46701e+06,4.47202e+06,1.9399e+07,0,0,0,6.20183e+07
68.4259,110.355,3.27773,0.38,0.02,2.48648,3.35683,0,0.408429,6.048,4.07419e+06,2.70226e+06,1.01304e+07,0,0,0,2.28273e+08,66.0696,79.791,3.38557,0,0,2.43405,1.5637,0,1.77012,2.96352,8.46701e+06,3.61194e+06,2.06092e+07,0,0,0,6.20183e+07
69.479,110.355,3.6584,0.39,0.02,2.17711,3.10415,0,0.465966,6.048,4.07419e+06,2.7881e+06,8.86995e+06,0,0,0,2.28273e+08,66.2901,79.791,2.79823,0,0,2.25126,1.40669,0,1.88055,2.96352,8.46701e+06,3.72668e+06,1.90615e+07,0,0,0,6.20183e+07
70.5937,110.355,3.61629,0.39,0.02,2.02022,3.10427,0,0.40799,6.048,4.07419e+06,2.7881e+06,8.23075e+06,0,0,0,2.28273e+08,66.4018,79.791,2.60911,0,0,2.40833,1.40675,0,1.73933,2.96352,8.46701e+06,3.72668e+06,2.03913e+07,0,0,0,6.20183e+07
73.6521,110.355,5.45884,0.4,0.02,1.79338,3.10439,0,0.378588,6.048,4.07419e+06,3.34572e+06,7.30658e+06,0,0,0,2.28273e+08,68.557,79.791,6.19493,0,0,2.30546,1.4068,0,1.86068,2.96352,8.46701e+06,4.47202e+06,1.95203e+07,0,0,0,6.20183e+07
74.7447,110.355,3.76888,0.37,0.02,2.07733,3.10452,0,0.336079,6.048,4.07419e+06,2.70226e+06,8.46343e+06,0,0,0,2.28273e+08,69.6043,79.791,4.27183,0,0,2.43405,1.40686,0,1.78119,2.96352,8.46701e+06,3.61194e+06,2.06091e+07,0,0,0,6.20183e+07
77.596,110.355,5.44801,0.39,0.02,2.02075,3.10464,0,0.389291,6.048,4.07419e+06,2.7881e+06,8.23293e+06,0,0,0,2.28273e+08,69.7968,79.791,3.09872,0,0,2.40833,1.40691,0,1.88055,2.96352,8.46701e+06,3.72668e+06,2.03913e+07,0,0,0,6.20183e+07
80.5448,110.355,5.44896,0.4,0.02,1.88225,3.20202,0,0.378689,6.048,4.07419e+06,3.34572e+06,7.66867e+06,0,0,0,2.28273e+08,70.3293,79.791,3.36028,0,0,2.34677,1.45246,0,1.86067,2.96352,8.46701e+06,4.47202e+06,1.98701e+07,0,0,0,6.20183e+07
82.0887,110.355,4.21291,0.36,0.02,2.2206,3.20213,0,0.352734,6.048,4.07419e+06,2.70226e+06,9.04714e+06,0,0,0,2.28273e+08,70.3196,79.791,3.41297,0,0,2.43404,1.45251,0,1.81312,2.96352,8.46701e+06,3.61194e+06,2.0609e+07,0,0,0,6.20183e+07
82.4871,110.355,3.08837,0.38,0.02,2.22075,3.20224,0,0.41614,6.048,4.07419e+06,2.70226e+06,9.04778e+06,0,0,0,2.28273e+08,70.2144,79.791,1.93144,0,0,2.43404,1.45256,0,1.88054,2.96352,8.46701e+06,3.61194e+06,2.0609e+07,0,0,0,6.20183e+07
83.4589,110.355,3.77281,0.39,0.02,2.16236,3.20234,0,0.416169,6.048,4.07419e+06,2.7881e+06,8.80989e+06,0,0,0,2.28273e+08,70.5225,79.791,2.88823,0,0,2.40748,1.45261,0,1.88054,2.96352,8.46701e+06,3.72668e+06,2.03842e+07,0,0,0,6.20183e+07
85.6095,110.355,5.06625,0.41,0.02,2.21214,3.51481,0,0.405227,6.048,4.07419e+06,3.34572e+06,9.0127e+06,0,0,0,2.28273e+08,71.0614,79.791,4.23188,0,0,2.45644,1.62346,0,1.86002,2.96352,8.46701e+06,4.47202e+06,2.07987e+07,0,0,0,6.20183e+07
87.5158,110.355,5.33556,0.32,0.02,2.70439,3.51493,0,0.414555,6.048,4.07419e+06,2.70226e+06,1.10182e+07,0,0,0,2.28273e+08,71.2904,79.791,3.80483,0,0,2.43405,1.62351,0,1.89785,2.96352,8.46701e+06,3.61194e+06,2.06091e+07,0,0,0,6.20183e+07
89.6562,110.355,5.5699,0.35,0.02,2.70456,3.51505,0,0.506803,6.048,4.07419e+06,2.70226e+06,1.10189e+07,0,0,0,2.28273e+08,71.4619,79.791,3.44797,0,0,2.43405,1.62356,0,1.88054,2.96352,8.46701e+06,3.61194e+06,2.06091e+07,0,0,0,6.20183e+07
90.9923,110.355,4.68863,0.39,0.02,2.64047,3.51516,0,0.506835,6.048,4.07419e+06,2.7881e+06,1.07578e+07,0,0,0,2.28273e+08,71.7561,79.791,3.77077,0,0,2.40436,1.62362,0,1.88054,2.96352,8.46701e+06,3.72668e+06,2.03578e+07,0,0,0,6.20183e+07
93.5106,110.355,5.57475,0.29,0.02,2.25932,3.0697,0,0.494825,6.048,4.07419e+06,2.70226e+06,9.20492e+06,0,0,0,2.28273e+08,73.1019,79.791,5.80688,0,0,2.2048,1.39443,0,1.85761,2.96352,8.46701e+06,3.61194e+06,1.8668e+07,0,0,0,6.20183e+07
95.9904,110.355,5.31586,0.34,0.02,2.03023,3.0698,0,0.423397,6.048,4.07419e+06,2.70226e+06,8.27156e+06,0,0,0,2.28273e+08,73.5666,79.791,4.17127,0,0,2.43404,1.39447,0,1.70343,2.96352,8.46701e+06,3.61194e+06,2.0609e+07,0,0,0,6.20183e+07
97.533,110.355,4.35955,0.25,0.02,2.03038,3.0699,0,0.380466,6.048,4.07419e+06,2.70226e+06,8.27217e+06,0,0,0,2.28273e+08,73.8183,79.791,3.34583,0,0,2.43404,1.39452,0,1.88054,2.96352,8.46701e+06,3.61194e+06,2.0609e+07,0,0,0,6.20183e+07
100.091,110.355,5.46561,0.26,0.02,2.03053,3.07001,0,0.380494,6.048,4.07419e+06,2.70226e+06,8.27278e+06,0,0,0,2.28273e+08,74.4091,79.791,4.29473,0,0,2.43404,1.39456,0,1.88054,2.96352,8.46701e+06,3.61194e+06,2.0609e+07,0,0,0,6.20183e+07
103.032,110.355,6.01121,0.26,0.02,2.03068,3.07011,0,0.380522,6.048,4.07419e+06,2.70226e+06,8.27339e+06,0,0,0,2.28273e+08,74.8915,79.791,4.63313,0,0,2.43404,1.39461,0,1.88054,2.96352,8.46701e+06,3.61194e+06,2.0609e+07,0,0,0,6.20183e+07
106.095,110.355,6.13874,0.2,0.02,2.14301,3.18239,0,0.38055,6.048,4.07419e+06,2.70226e+06,8.73104e+06,0,0,0,2.28273e+08,75.2101,79.791,2.90325,0,0,2.49013,1.45075,0,1.88054,2.96352,8.46701e+06,3.61194e+06,2.10839e+07,0,0,0,6.20183e+07
108.671,110.355,5.74688,0.21,0.02,2.19925,3.1825,0,0.4016,6.048,4.07419e+06,2.70226e+06,8.96019e+06,0,0,0,2.28273e+08,76.4931,79.791,4.71762,0,0,2.43404,1.4508,0,1.92387,2.96352,8.46701e+06,3.61194e+06,2.0609e+07,0,0,0,6.20183e+07
110.267,110.355,4.85683,0.16,0.02,2.19941,3.1826,0,0.41214,6.048,4.07419e+06,2.70226e+06,8.96082e+06,0,0,0,2.28273e+08,77.6503,79.791,4.85483,0,0,2.43404,1.45085,0,1.88054,2.96352,8.46701e+06,3.61194e+06,2.0609e+07,0,0,0,6.20183e+07
110.355,110.355,3.76968,0.14,0.02,2.19956,3.18271,0,0.412169,6.048,4.07419e+06,2.70226e+06,8.96145e+06,0,0,0,2.28273e+08,78.1488,79.791,3.58866,0,0,2.43404,1.4509,0,1.88054,2.96352,8.46701e+06,3.61194e+06,2.0609e+07,0,0,0,6.20183e+07
110.355,110.355,3.79032,0.14,0.02,2.15585,3.13895,0,0.412198,6.048,4.07419e+06,2.70226e+06,8.78336e+06,0,0,0,2.28273e+08,78.4179,79.791,2.85945,0,0,2.41225,1.42916,0,1.88054,2.96352,8.46701e+06,3.61194e+06,2.04246e+07,0,0,0,6.20183e+07
110.355,110.355,3.53743,0.13,0.02,2.13422,3.13905,0,0.404007,6.048,4.07419e+06,2.70226e+06,8.69522e+06,0,0,0,2.28273e+08,78.6482,79.791,2.76138,0,0,2.43404,1.4292,0,1.86371,2.96352,8.46701e+06,3.61194e+06,2.0609e+07,0,0,0,6.20183e+07
110.355,110.355,3.18471,0.1,0.02,2.13437,3.13916,0,0.399952,6.048,4.07419e+06,2.70226e+06,8.69584e+06,0,0,0,2.28273e+08,78.8799,79.791,2.80274,0,0,2.43404,1.42925,0,1.88054,2.96352,8.46701e+06,3.61194e+06,2.0609e+07,0,0,0,6.20183e+07
110.355,110.355,3.09919,0.07,0.02,2.13452,3.13926,0,0.399981,6.048,4.07419e+06,2.70226e+06,8.69646e+06,0,0,0,2.28273e+08,79.0093,79.791,2.72604,0,0,2.43404,1.4293,0,1.88054,2.96352,8.46701e+06,3.61194e+06,2.0609e+07,0,0,0,6.20183e+07
110.355,110.355,3.01357,0.06,0.02,2.2836,3.28829,0,0.40001,6.048,4.07419e+06,2.70226e+06,9.30383e+06,0,0,0,2.28273e+08,79.0515,79.791,2.52197,0,0,2.51132,1.50663,0,1.88054,2.96352,8.46701e+06,3.61194e+06,2.12633e+07,0,0,0,6.20183e+07
110.064,110.355,2.65147,0.04,0.02,2.36103,3.2884,0,0.427946,6.048,4.07419e+06,2.70226e+06,9.61931e+06,0,0,0,2.28273e+08,78.9719,79.791,2.3815,0,0,2.43404,1.50668,0,1.94024,2.96352,8.46701e+06,3.61194e+06,2.06091e+07,0,0,0,6.20183e+07
109.525,110.355,2.39307,0.04,0.02,2.3612,3.28851,0,0.442458,6.048,4.07419e+06,2.70226e+06,9.61997e+06,0,0,0,2.28273e+08,78.7885,79.791,2.10591,0,0,2.43404,1.50673,0,1.88054,2.96352,8.46701e+06,3.61194e+06,2.06091e+07,0,0,0,6.20183e+07
108.842,110.355,2.2044,0.04,0.02,2.36136,3.28862,0,0.442488,6.048,4.07419e+06,2.70226e+06,9.62062e+06,0,0,0,2.28273e+08,78.4266,79.791,2.13131,0,0,2.43404,1.50678,0,1.88054,2.96352,8.46701e+06,3.61194e+06,2.06091e+07,0,0,0,6.20183e+07
108.08,110.355,2.05804,0.05,0.02,2.36152,3.28873,0,0.442518,6.048,4.07419e+06,2.70226e+06,9.62128e+06,0,0,0,2.28273e+08,77.9106,79.791,1.84138,0,0,2.43404,1.50683,0,1.88054,2.96352,8.46701e+06,3.61194e+06,2.06091e+07,0,0,0,6.20183e+07
107.188,110.355,1.86588,0.05,0.02,2.33222,3.25939,0,0.442548,6.048,4.07419e+06,2.70226e+06,9.50192e+06,0,0,0,2.28273e+08,77.379,79.791,1.78939,0,0,2.47652,1.54936,0,1.88054,2.96352,8.46701e+06,3.61194e+06,2.09687e+07,0,0,0,6.20183e+07
106.102,110.355,1.70351,0.07,0.02,2.37486,3.25949,0,0.437058,6.048,4.07419e+06,2.70226e+06,9.67564e+06,0,0,0,2.28273e+08,76.7148,79.791,1.75555,0,0,2.43404,1.54941,0,1.91336,2.96352,8.46701e+06,3.61194e+06,2.06091e+07,0,0,0,6.20183e+07
104.872,110.355,1.54469,0.07,0.02,2.37502,3.2596,0,0.445049,6.048,4.07419e+06,2.70226e+06,9.6763e+06,0,0,0,2.28273e+08,76.034,79.791,1.59681,0,0,2.43404,1.54946,0,1.88054,2.96352,8.46701e+06,3.61194e+06,2.06091e+07,0,0,0,6.20183e+07
103.684,110.355,1.51947,0.07,0.02,2.37518,3.25971,0,0.445079,6.048,4.07419e+06,2.70226e+06,9.67696e+06,0,0,0,2.28273e+08,75.2984,79.791,1.59129,0,0,2.43404,1.54951,0,1.88054,2.96352,8.46701e+06,3.61194e+06,2.06091e+07,0,0,0,6.20183e+07
102.669,110.355,1.75334,0.07,0.02,2.45142,3.3359,0,0.445109,6.048,4.07419e+06,2.70226e+06,9.98757e+06,0,0,0,2.28273e+08,74.6259,79.791,1.68074,0,0,2.47191,1.58743,0,1.88054,2.96352,8.46701e+06,3.61194e+06,2.09297e+07,0,0,0,6.20183e+07
101.52,110.355,1.64171,0.07,0.02,2.48945,3.33601,0,0.459396,6.048,4.07419e+06,2.70226e+06,1.01425e+07,0,0,0,2.28273e+08,73.8646,79.791,1.6709,0,0,2.43405,1.58748,0,1.9098,2.96352,8.46701e+06,3.61194e+06,2.06091e+07,0,0,0,6.20183e+07
100.194,110.355,1.45624,0.1,0.02,2.48961,3.33612,0,0.466523,6.048,4.07419e+06,2.70226e+06,1.01432e+07,0,0,0,2.28273e+08,73.0451,79.791,1.52778,0,0,2.43405,1.58754,0,1.88054,2.96352,8.46701e+06,3.61194e+06,2.06091e+07,0,0,0,6.20183e+07
98.7559,110.355,1.31918,0.1,0.02,2.48978,3.33623,0,0.466554,6.048,4.07419e+06,2.70226e+06,1.01438e+07,0,0,0,2.28273e+08,72.0025,79.791,1.49568,0,0,2.43405,1.58759,0,1.88054,2.96352,8.46701e+06,3.61194e+06,2.06091e+07,0,0,0,6.20183e+07
97.2275,110.355,1.39234,0.1,0.02,2.71276,3.55917,0,0.466585,6.048,4.07419e+06,2.70226e+06,1.10523e+07,0,0,0,2.28273e+08,71.0169,79.791,1.25771,0,0,2.57073,1.72433,0,1.88054,2.96352,8.46701e+06,3.61194e+06,2.17664e+07,0,0,0,6.20183e+07
95.6258,110.355,1.43059,0.1,0.02,2.84963,3.55929,0,0.508372,6.048,4.07419e+06,2.70226e+06,1.16099e+07,0,0,0,2.28273e+08,70.2157,79.791,1.35328,0,0,2.43405,1.72439,0,1.98615,2.96352,8.46701e+06,3.61194e+06,2.06091e+07,0,0,0,6.20183e+07
93.9494,110.355,1.34933,0.12,0.02,2.8498,3.5594,0,0.53402,6.048,4.07419e+06,2.70226e+06,1.16106e+07,0,0,0,2.28273e+08,69.3908,79.791,1.49858,0,0,2.43405,1.72445,0,1.88055,2.96352,8.46701e+06,3.61194e+06,2.06091e+07,0,0,0,6.20183e+07
92.2405,110.355,1.30338,0.12,0.02,2.84998,3.55952,0,0.534053,6.048,4.07419e+06,2.70226e+06,1.16114e+07,0,0,0,2.28273e+08,68.4315,79.791,1.47966,0,0,2.43405,1.7245,0,1.88055,2.96352,8.46701e+06,3.61194e+06,2.06091e+07,0,0,0,6.20183e+07
90.5135,110.355,1.2359,0.12,0.02,2.85016,3.55964,0,0.534086,6.048,4.07419e+06,2.70226e+06,1.16121e+07,0,0,0,2.28273e+08,67.2074,79.791,1.26522,0,0,2.43405,1.72456,0,1.88055,2.96352,8.46701e+06,3.61194e+06,2.06091e+07,0,0,0,6.20183e+07
88.6915,110.355,1.06331,0.11,0.02,2.74172,3.45115,0,0.534119,6.048,4.07419e+06,2.70226e+06,1.11703e+07,0,0,0,2.28273e+08,66.0536,79.791,0.988067,0,0,2.35107,1.64164,0,1.88055,2.96352,8.46701e+06,3.61194e+06,1.99065e+07,0,0,0,6.20183e+07
86.9291,110.355,1.16425,0.15,0.02,2.65891,3.45127,0,0.513798,6.048,4.07419e+06,2.70226e+06,1.08329e+07,0,0,0,2.28273e+08,65.0701,79.791,1.26167,0,0,2.43405,1.6417,0,1.81644,2.96352,8.46701e+06,3.61194e+06,2.06091e+07,0,0,0,6.20183e+07
85.1012,110.355,1.10693,0.15,0.02,2.65909,3.45138,0,0.498281,6.048,4.07419e+06,2.70226e+06,1.08336e+07,0,0,0,2.28273e+08,64.2205,79.791,1.31007,0,0,2.43405,1.64175,0,1.88054,2.96352,8.46701e+06,3.61194e+06,2.06091e+07,0,0,0,6.20183e+07
83.4635,110.355,1.25992,0.14,0.02,2.65926,3.4515,0,0.498313,6.048,4.07419e+06,2.70226e+06,1.08343e+07,0,0,0,2.28273e+08,63.2959,79.791,1.48152,0,0,2.43405,1.64181,0,1.88054,2.96352,8.46701e+06,3.61194e+06,2.06091e+07,0,0,0,6.20183e+07
81.6733,110.355,1.06289,0.21,0.02,2.57026,3.36245,0,0.498344,6.048,4.07419e+06,2.70226e+06,1.04717e+07,0,0,0,2.28273e+08,62.2555,79.791,1.07392,0,0,2.35851,1.56632,0,1.88054,2.96352,8.46701e+06,3.61194e+06,1.99695e+07,0,0,0,6.20183e+07
79.7854,110.355,0.877225,0.22,0.02,2.49489,3.36256,0,0.481667,6.048,4.07419e+06,2.70226e+06,1.01647e+07,0,0,0,2.28273e+08,61.6574,79.791,1.09039,0,0,2.43404,1.56637,0,1.82218,2.96352,8.46701e+06,3.61194e+06,2.06091e+07,0,0,0,6.20183e+07
79.1863,110.355,2.24296,0.26,0.02,2.49505,3.36267,0,0.467542,6.048,4.07419e+06,2.70226e+06,1.01653e+07,0,0,0,2.28273e+08,61.6301,79.791,3.3101,0,0,2.43404,1.56642,0,1.88054,2.96352,8.46701e+06,3.61194e+06,2.06091e+07,0,0,0,6.20183e+07
78.9413,110.355,2.64168,0.25,0.02,2.49522,3.36279,0,0.467573,6.048,4.07419e+06,2.70226e+06,1.0166e+07,0,0,0,2.28273e+08,61.3559,79.791,2.74499,0,0,2.43404,1.56648,0,1.88054,2.96352,8.46701e+06,3.61194e+06,2.06091e+07,0,0,0,6.20183e+07
77.8815,110.355,1.57396,0.28,0.02,2.24212,3.10963,0,0.467604,6.048,4.07419e+06,2.70226e+06,9.13483e+06,0,0,0,2.28273e+08,60.9193,79.791,1.32884,0,0,2.27669,1.40918,0,1.88054,2.96352,8.46701e+06,3.61194e+06,1.92768e+07,0,0,0,6.20183e+07
77.8425,110.355,2.50084,0.36,0.02,2.08492,3.10974,0,0.420173,6.048,4.07419e+06,2.70226e+06,8.49438e+06,0,0,0,2.28273e+08,60.7603,79.791,2.05395,0,0,2.43404,1.40922,0,1.75897,2.96352,8.46701e+06,3.61194e+06,2.0609e+07,0,0,0,6.20183e+07
78.8406,110.355,3.6107,0.36,0.02,2.08507,3.10984,0,0.390714,6.048,4.07419e+06,2.70226e+06,8.49499e+06,0,0,0,2.28273e+08,60.8487,79.791,2.78546,0,0,2.43404,1.40927,0,1.88054,2.96352,8.46701e+06,3.61194e+06,2.0609e+07,0,0,0,6.20183e+07
79.8954,110.355,3.66263,0.31,0.02,2.08522,3.10995,0,0.390743,6.048,4.07419e+06,2.70226e+06,8.49561e+06,0,0,0,2.28273e+08,60.938,79.791,2.52177,0,0,2.43404,1.40932,0,1.88054,2.96352,8.46701e+06,3.61194e+06,2.0609e+07,0,0,0,6.20183e+07
81.7225,110.355,4.4875,0.33,0.02,2.08538,3.11005,0,0.390771,6.048,4.07419e+06,2.70226e+06,8.49623e+06,0,0,0,2.28273e+08,61.4116,79.791,4.27144,0,0,2.43404,1.40936,0,1.88054,2.96352,8.46701e+06,3.61194e+06,2.0609e+07,0,0,0,6.20183e+07
82.4173,110.355,3.38279,0.35,0.02,2.18295,3.20758,0,0.390799,6.048,4.07419e+06,2.70226e+06,8.89377e+06,0,0,0,2.28273e+08,62.308,79.791,5.65879,0,0,2.47961,1.45498,0,1.88054,2.96352,8.46701e+06,3.61194e+06,2.09949e+07,0,0,0,6.20183e+07
83.4759,110.355,3.81002,0.35,0.04,2.22865,3.20767,0,0.409085,6.048,4.07419e+06,2.70226e+06,9.07997e+06,0,0,0,2.28273e+08,62.905,79.791,4.84054,0,0,2.43403,1.45502,0,1.91574,2.96352,8.46701e+06,3.61194e+06,2.0609e+07,0,0,0,6.20183e+07
84.383,110.355,3.7011,0.37,0.04,2.22878,3.20775,0,0.41765,6.048,4.07419e+06,2.70226e+06,9.08048e+06,0,0,0,2.28273e+08,63.4298,79.791,4.63254,0,0,2.43403,1.45506,0,1.88053,2.96352,8.46701e+06,3.61194e+06,2.0609e+07,0,0,0,6.20183e+07
85.3809,110.355,3.75867,0.38,0.04,2.2289,3.20784,0,0.417673,6.048,4.07419e+06,2.70226e+06,9.08099e+06,0,0,0,2.28273e+08,64.026,79.791,4.84838,0,0,2.43403,1.4551,0,1.88053,2.96352,8.46701e+06,3.61194e+06,2.0609e+07,0,0,0,6.20183e+07
86.7444,110.355,4.54269,0.3,0.04,2.54192,3.52082,0,0.417697,6.048,4.07419e+06,2.70226e+06,1.03563e+07,0,0,0,2.28273e+08,65.4724,79.791,6.38362,0,0,2.60512,1.62623,0,1.88053,2.96352,8.46701e+06,3.61194e+06,2.20576e+07,0,0,0,6.20183e+07
89.7723,110.355,6.57276,0.29,0.04,2.71315,3.52091,0,0.476356,6.048,4.07419e+06,2.70226e+06,1.10539e+07,0,0,0,2.28273e+08,66.3056,79.791,6.63952,0,0,2.43404,1.62627,0,2.01272,2.96352,8.46701e+06,3.61194e+06,2.0609e+07,0,0,0,6.20183e+07
92.1403,110.355,5.94545,0.33,0.04,2.71329,3.52101,0,0.508444,6.048,4.07419e+06,2.70226e+06,1.10545e+07,0,0,0,2.28273e+08,67.2231,79.791,7.95056,0,0,2.43404,1.62632,0,1.88054,2.96352,8.46701e+06,3.61194e+06,2.0609e+07,0,0,0,6.20183e+07
97.4846,110.355,9.14914,0.24,0.04,2.71343,3.5211,0,0.50847,6.048,4.07419e+06,2.70226e+06,1.1055e+07,0,0,0,2.28273e+08,67.786,79.791,5.84934,0,0,2.43404,1.62636,0,1.88054,2.96352,8.46701e+06,3.61194e+06,2.0609e+07,0,0,0,6.20183e+07
101.231,110.355,7.01652,0.17,0.04,2.26723,3.07486,0,0.508496,6.048,4.07419e+06,2.70226e+06,9.23714e+06,0,0,0,2.28273e+08,69.1381,79.791,8.0249,0,0,2.2044,1.39677,0,1.88054,2.96352,8.46701e+06,3.61194e+06,1.86647e+07,0,0,0,6.20183e+07
104.324,110.355,6.23897,0.19,0.04,2.03772,3.07494,0,0.424879,6.048,4.07419e+06,2.70226e+06,8.30208e+06,0,0,0,2.28273e+08,70.1162,79.791,5.97433,0,0,2.43403,1.39681,0,1.70312,2.96352,8.46701e+06,3.61194e+06,2.06089e+07,0,0,0,6.20183e+07
105.682,110.355,4.4767,0.16,0.04,2.03784,3.07503,0,0.38187,6.048,4.07419e+06,2.70226e+06,8.30257e+06,0,0,0,2.28273e+08,70.5807,79.791,4.92837,0,0,2.43403,1.39685,0,1.88053,2.96352,8.46701e+06,3.61194e+06,2.06089e+07,0,0,0,6.20183e+07
108.037,110.355,5.3305,0.17,0.04,2.03796,3.07511,0,0.381892,6.048,4.07419e+06,2.70226e+06,8.30306e+06,0,0,0,2.28273e+08,71.1648,79.791,5.24084,0,0,2.43403,1.39688,0,1.88053,2.96352,8.46701e+06,3.61194e+06,2.06089e+07,0,0,0,6.20183e+07
110.355,110.355,7.14876,0.14,0.04,2.03808,3.07519,0,0.381915,6.048,4.07419e+06,2.70226e+06,8.30355e+06,0,0,0,2.28273e+08,72.3035,79.791,6.99627,0,0,2.43403,1.39692,0,1.88053,2.96352,8.46701e+06,3.61194e+06,2.06089e+07,0,0,0,6.20183e+07
110.355,110.355,7.83319,0.14,0.04,2.15057,3.18764,0,0.381937,6.048,4.07419e+06,2.70226e+06,8.76184e+06,0,0,0,2.28273e+08,74.0072,79.791,8.60774,0,0,2.49021,1.45314,0,1.88053,2.96352,8.46701e+06,3.61194e+06,2.10847e+07,0,0,0,6.20183e+07
110.355,110.355,5.847,0.15,0.04,2.20688,3.18773,0,0.403017,6.048,4.07419e+06,2.70226e+06,8.99124e+06,0,0,0,2.28273e+08,75.0806,79.791,7.09999,0,0,2.43403,1.45318,0,1.92394,2.96352,8.46701e+06,3.61194e+06,2.0609e+07,0,0,0,6.20183e+07
110.355,110.355,5.36747,0.12,0.04,2.207,3.18781,0,0.413569,6.048,4.07419e+06,2.70226e+06,8.99175e+06,0,0,0,2.28273e+08,76.3928,79.791,7.23091,0,0,2.43403,1.45322,0,1.88053,2.96352,8.46701e+06,3.61194e+06,2.0609e+07,0,0,0,6.20183e+07
110.355,110.355,4.85432,0.12,0.04,2.20713,3.1879,0,0.413592,6.048,4.07419e+06,2.70226e+06,8.99226e+06,0,0,0,2.28273e+08,77.5448,79.791,6.63903,0,0,2.43403,1.45326,0,1.88053,2.96352,8.46701e+06,3.61194e+06,2.0609e+07,0,0,0,6.20183e+07
110.355,110.355,4.48965,0.12,0.04,2.16331,3.14404,0,0.413615,6.048,4.07419e+06,2.70226e+06,8.81376e+06,0,0,0,2.28273e+08,77.9242,79.791,4.4935,0,0,2.41221,1.43148,0,1.88053,2.96352,8.46701e+06,3.61194e+06,2.04242e+07,0,0,0,6.20183e+07
110.355,110.355,4.20563,0.11,0.04,2.14161,3.14413,0,0.405405,6.048,4.07419e+06,2.70226e+06,8.72535e+06,0,0,0,2.28273e+08,78.1842,79.791,4.25709,0,0,2.43403,1.43151,0,1.86367,2.96352,8.46701e+06,3.61194e+06,2.06089e+07,0,0,0,6.20183e+07
110.355,110.355,3.86439,0.09,0.04,2.14174,3.14421,0,0.401338,6.048,4.07419e+06,2.70226e+06,8.72585e+06,0,0,0,2.28273e+08,78.4339,79.791,4.27565,0,0,2.43403,1.43155,0,1.88053,2.96352,8.46701e+06,3.61194e+06,2.06089e+07,0,0,0,6.20183e+07
110.355,110.355,3.73281,0.06,0.04,2.14186,3.1443,0,0.401361,6.048,4.07419e+06,2.70226e+06,8.72635e+06,0,0,0,2.28273e+08,79.0079,79.791,5.25948,0,0,2.43403,1.43159,0,1.88053,2.96352,8.46701e+06,3.61194e+06,2.06089e+07,0,0,0,6.20183e+07
110.355,110.355,3.36421,0.06,0.04,2.29114,3.29354,0,0.401384,6.048,4.07419e+06,2.70226e+06,9.33456e+06,0,0,0,2.28273e+08,79.4731,79.791,4.56763,0,0,2.51143,1.50903,0,1.88053,2.96352,8.46701e+06,3.61194e+06,2.12643e+07,0,0,0,6.20183e+07
110.355,110.355,3.04911,0.04,0.04,2.36867,3.29363,0,0.42936,6.048,4.07419e+06,2.70226e+06,9.65042e+06,0,0,0,2.28273e+08,79.7528,79.791,3.97209,0,0,2.43403,1.50907,0,1.94033,2.96352,8.46701e+06,3.61194e+06,2.0609e+07,0,0,0,6.20183e+07
110.355,110.355,2.94183,0.04,0.04,2.3688,3.29372,0,0.443889,6.048,4.07419e+06,2.70226e+06,9.65095e+06,0,0,0,2.28273e+08,79.8229,79.791,3.60513,0,0,2.43403,1.50911,0,1.88053,2.96352,8.46701e+06,3.61194e+06,2.0609e+07,0,0,0,6.20183e+07
110.173,110.355,2.72897,0.04,0.04,2.36893,3.29381,0,0.443913,6.048,4.07419e+06,2.70226e+06,9.65147e+06,0,0,0,2.28273e+08,79.7168,79.791,3.42468,0,0,2.43403,1.50915,0,1.88053,2.96352,8.46701e+06,3.61194e+06,2.0609e+07,0,0,0,6.20183e+07
110.2,110.355,2.94952,0.04,0.04,2.36906,3.2939,0,0.443937,6.048,4.07419e+06,2.70226e+06,9.652e+06,0,0,0,2.28273e+08,79.8429,79.791,4.03622,0,0,2.43403,1.50919,0,1.88053,2.96352,8.46701e+06,3.61194e+06,2.0609e+07,0,0,0,6.20183e+07
110.355,110.355,3.29849,0.05,0.04,2.33968,3.26448,0,0.443961,6.048,4.07419e+06,2.70226e+06,9.53233e+06,0,0,0,2.28273e+08,80.2882,79.791,4.69016,0,0,2.47658,1.55178,0,1.88053,2.96352,8.46701e+06,3.61194e+06,2.09692e+07,0,0,0,6.20183e+07
110.355,110.355,3.09928,0.05,0.04,2.38236,3.26457,0,0.438457,6.048,4.07419e+06,2.70226e+06,9.7062e+06,0,0,0,2.28273e+08,80.708,79.791,4.55947,0,0,2.43403,1.55182,0,1.91341,2.96352,8.46701e+06,3.61194e+06,2.0609e+07,0,0,0,6.20183e+07
110.355,110.355,2.87437,0.05,0.04,2.38249,3.26466,0,0.446454,6.048,4.07419e+06,2.70226e+06,9.70672e+06,0,0,0,2.28273e+08,80.8192,79.791,4.58127,0,0,2.43403,1.55186,0,1.88053,2.96352,8.46701e+06,3.61194e+06,2.0609e+07,0,0,0,6.20183e+07
110.222,110.355,2.67289,0.05,0.04,2.38262,3.26475,0,0.446478,6.048,4.07419e+06,2.70226e+06,9.70725e+06,0,0,0,2.28273e+08,80.8192,79.791,4.59922,0,0,2.43403,1.55191,0,1.88053,2.96352,8.46701e+06,3.61194e+06,2.0609e+07,0,0,0,6.20183e+07
110.14,110.355,2.75295,0.05,0.04,2.45894,3.34103,0,0.446503,6.048,4.07419e+06,2.70226e+06,1.00182e+07,0,0,0,2.28273e+08,80.8192,79.791,4.45902,0,0,2.47196,1.58987,0,1.88053,2.96352,8.46701e+06,3.61194e+06,2.09301e+07,0,0,0,6.20183e+07
110.052,110.355,2.81969,0.05,0.04,2.497,3.34112,0,0.460806,6.048,4.07419e+06,2.70226e+06,1.01733e+07,0,0,0,2.28273e+08,80.8192,79.791,4.72881,0,0,2.43403,1.58991,0,1.90983,2.96352,8.46701e+06,3.61194e+06,2.0609e+07,0,0,0,6.20183e+07
109.797,110.355,2.61264,0.05,0.04,2.49713,3.34121,0,0.467937,6.048,4.07419e+06,2.70226e+06,1.01738e+07,0,0,0,2.28273e+08,80.8192,79.791,4.54454,0,0,2.43403,1.58996,0,1.88054,2.96352,8.46701e+06,3.61194e+06,2.0609e+07,0,0,0,6.20183e+07
109.324,110.355,2.37888,0.05,0.04,2.49726,3.3413,0,0.467962,6.048,4.07419e+06,2.70226e+06,1.01743e+07,0,0,0,2.28273e+08,80.8192,79.791,4.00586,0,0,2.43403,1.59,0,1.88054,2.96352,8.46701e+06,3.61194e+06,2.0609e+07,0,0,0,6.20183e+07
108.705,110.355,2.39137,0.05,0.04,2.72055,3.56455,0,0.467987,6.048,4.07419e+06,2.70226e+06,1.10841e+07,0,0,0,2.28273e+08,80.8192,79.791,5.30095,0,0,2.57093,1.72694,0,1.88054,2.96352,8.46701e+06,3.61194e+06,2.17681e+07,0,0,0,6.20183e+07
107.48,110.355,1.87408,0.05,0.04,2.85759,3.56464,0,0.509831,6.048,4.07419e+06,2.70226e+06,1.16424e+07,0,0,0,2.28273e+08,80.8192,79.791,4.49973,0,0,2.43404,1.72698,0,1.9863,2.96352,8.46701e+06,3.61194e+06,2.0609e+07,0,0,0,6.20183e+07
106.295,110.355,1.90079,0.05,0.04,2.85773,3.56474,0,0.535512,6.048,4.07419e+06,2.70226e+06,1.16429e+07,0,0,0,2.28273e+08,80.8192,79.791,4.32734,0,0,2.43404,1.72703,0,1.88054,2.96352,8.46701e+06,3.61194e+06,2.0609e+07,0,0,0,6.20183e+07
105.982,110.355,2.80894,0.07,0.04,2.85787,3.56483,0,0.535538,6.048,4.07419e+06,2.70226e+06,1.16435e+07,0,0,0,2.28273e+08,80.8192,79.791,5.16561,0,0,2.43404,1.72708,0,1.88054,2.96352,8.46701e+06,3.61194e+06,2.0609e+07,0,0,0,6.20183e+07
106.891,110.355,4.20081,0.07,0.04,2.85801,3.56493,0,0.535565,6.048,4.07419e+06,2.70226e+06,1.16441e+07,0,0,0,2.28273e+08,80.8192,79.791,7.59194,0,0,2.43404,1.72712,0,1.88054,2.96352,8.46701e+06,3.61194e+06,2.0609e+07,0,0,0,6.20183e+07
107.341,110.355,3.72389,0.07,0.04,2.74938,3.45625,0,0.535592,6.048,4.07419e+06,2.70226e+06,1.12015e+07,0,0,0,2.28273e+08,80.8192,79.791,9.88209,0,0,2.35094,1.64407,0,1.88054,2.96352,8.46701e+06,3.61194e+06,1.99054e+07,0,0,0,6.20183e+07
107.248,110.355,3.07466,0.05,0.04,2.66642,3.45634,0,0.515234,6.048,4.07419e+06,2.70226e+06,1.08635e+07,0,0,0,2.28273e+08,80.8192,79.791,8.65743,0,0,2.43404,1.64411,0,1.81633,2.96352,8.46701e+06,3.61194e+06,2.0609e+07,0,0,0,6.20183e+07
108.035,110.355,3.99531,0.06,0.04,2.66656,3.45644,0,0.499687,6.048,4.07419e+06,2.70226e+06,1.08641e+07,0,0,0,2.28273e+08,80.8192,79.791,10.4458,0,0,2.43404,1.64416,0,1.88054,2.96352,8.46701e+06,3.61194e+06,2.0609e+07,0,0,0,6.20183e+07
110.355,110.355,5.78409,0.06,0.04,2.66669,3.45653,0,0.499713,6.048,4.07419e+06,2.70226e+06,1.08646e+07,0,0,0,2.28273e+08,80.8192,79.791,12.7025,0,0,2.43404,1.6442,0,1.88054,2.96352,8.46701e+06,3.61194e+06,2.0609e+07,0,0,0,6.20183e+07
110.355,110.355,5.44919,0.06,0.04,2.57754,3.36733,0,0.499739,6.048,4.07419e+06,2.70226e+06,1.05014e+07,0,0,0,2.28273e+08,80.8192,79.791,8.57699,0,0,2.35838,1.56859,0,1.88054,2.96352,8.46701e+06,3.61194e+06,1.99685e+07,0,0,0,6.20183e+07
110.355,110.355,5.1355,0.06,0.04,2.50202,3.36742,0,0.483031,6.048,4.07419e+06,2.70226e+06,1.01937e+07,0,0,0,2.28273e+08,80.8192,79.791,7.74129,0,0,2.43403,1.56864,0,1.82209,2.96352,8.46701e+06,3.61194e+06,2.0609e+07,0,0,0,6.20183e+07
110.355,110.355,3.22025,0.06,0.04,2.50215,3.36751,0,0.468879,6.048,4.07419e+06,2.70226e+06,1.01943e+07,0,0,0,2.28273e+08,80.8192,79.791,5.01893,0,0,2.43403,1.56868,0,1.88053,2.96352,8.46701e+06,3.61194e+06,2.0609e+07,0,0,0,6.20183e+07
110.355,110.355,3.85214,0.06,0.04,2.50229,3.3676,0,0.468904,6.048,4.07419e+06,2.70226e+06,1.01948e+07,0,0,0,2.28273e+08,80.8192,79.791,6.49648,0,0,2.43403,1.56872,0,1.88053,2.96352,8.46701e+06,3.61194e+06,2.0609e+07,0,0,0,6.20183e+07
110.355,110.355,4.47077,0.06,0.04,2.24879,3.11407,0,0.468929,6.048,4.07419e+06,2.70226e+06,9.16202e+06,0,0,0,2.28273e+08,80.8192,79.791,7.60047,0,0,2.27646,1.41118,0,1.88053,2.96352,8.46701e+06,3.61194e+06,1.92748e+07,0,0,0,6.20183e+07
110.355,110.355,7.148,0.07,0.04,2.09134,3.11415,0,0.421424,6.048,4.07419e+06,2.70226e+06,8.52054e+06,0,0,0,2.28273e+08,80.8192,79.791,11.3978,0,0,2.43403,1.41122,0,1.75879,2.96352,8.46701e+06,3.61194e+06,2.06089e+07,0,0,0,6.20183e+07
110.355,110.355,6.81739,0.08,0.04,2.09146,3.11423,0,0.391918,6.048,4.07419e+06,2.70226e+06,8.52103e+06,0,0,0,2.28273e+08,80.8192,79.791,16.4008,0,0,2.43403,1.41126,0,1.88053,2.96352,8.46701e+06,3.61194e+06,2.06089e+07,0,0,0,6.20183e+07
110.355,110.355,5.42179,0.09,0.04,2.09159,3.11432,0,0.39194,6.048,4.07419e+06,2.70226e+06,8.52153e+06,0,0,0,2.28273e+08,80.8192,79.791,9.22347,0,0,2.43403,1.4113,0,1.88053,2.96352,8.46701e+06,3.61194e+06,2.06089e+07,0,0,0,6.20183e+07
110.355,110.355,8.8839,0.09,0.04,2.09171,3.1144,0,0.391963,6.048,4.07419e+06,2.70226e+06,8.52202e+06,0,0,0,2.28273e+08,80.8192,79.791,16.0302,0,0,2.43403,1.41134,0,1.88053,2.96352,8.46701e+06,3.61194e+06,2.06089e+07,0,0,0,6.20183e+07
110.355,110.355,13.4211,0.1,0.04,2.18939,3.21205,0,0.391986,6.048,4.07419e+06,2.70226e+06,8.92e+06,0,0,0,2.28273e+08,80.8192,79.791,20.3756,0,0,2.47966,1.45701,0,1.88053,2.96352,8.46701e+06,3.61194e+06,2.09953e+07,0,0,0,6.20183e+07
110.355,110.355,15.821,0.1,0.04,2.23513,3.21211,0,0.410292,6.048,4.07419e+06,2.70226e+06,9.10633e+06,0,0,0,2.28273e+08,80.8192,79.791,32.9515,0,0,2.43402,1.45704,0,1.91579,2.96352,8.46701e+06,3.61194e+06,2.06089e+07,0,0,0,6.20183e+07
110.355,110.355,8.84478,0.1,0.04,2.23522,3.21218,0,0.418862,6.048,4.07419e+06,2.70226e+06,9.10672e+06,0,0,0,2.28273e+08,80.8192,79.791,20.9361,0,0,2.43402,1.45707,0,1.88053,2.96352,8.46701e+06,3.61194e+06,2.06089e+07,0,0,0,6.20183e+07
110.355,110.355,9.05586,0.1,0.04,2.23531,3.21224,0,0.41888,6.048,4.07419e+06,2.70226e+06,9.10711e+06,0,0,0,2.28273e+08,80.8192,79.791,13.9084,0,0,2.43402,1.4571,0,1.88053,2.96352,8.46701e+06,3.61194e+06,2.06089e+07,0,0,0,6.20183e+07
110.355,110.355,9.63412,0.1,0.04,2.54873,3.52563,0,0.418898,6.048,4.07419e+06,2.70226e+06,1.0384e+07,0,0,0,2.28273e+08,80.8192,79.791,17.9366,0,0,2.60535,1.62845,0,1.88053,2.96352,8.46701e+06,3.61194e+06,2.20595e+07,0,0,0,6.20183e+07
110.355,110.355,18.0201,0.1,0.04,2.72016,3.5257,0,0.477632,6.048,4.07419e+06,2.70226e+06,1.10825e+07,0,0,0,2.28273e+08,80.8192,79.791,22.8079,0,0,2.43403,1.62848,0,2.01289,2.96352,8.46701e+06,3.61194e+06,2.06089e+07,0,0,0,6.20183e+07
110.355,110.355,8.65417,0.11,0.04,2.72026,3.52577,0,0.509758,6.048,4.07419e+06,2.70226e+06,1.10829e+07,0,0,0,2.28273e+08,80.8192,79.791,12.2986,0,0,2.43403,1.62852,0,1.88053,2.96352,8.46701e+06,3.61194e+06,2.06089e+07,0,0,0,6.20183e+07
110.355,110.355,6.05823,0.11,0.04,2.72037,3.52584,0,0.509777,6.048,4.07419e+06,2.70226e+06,1.10833e+07,0,0,0,2.28273e+08,80.8192,79.791,10.0808,0,0,2.43403,1.62855,0,1.88053,2.96352,8.46701e+06,3.61194e+06,2.06089e+07,0,0,0,6.20183e+07
110.355,110.355,6.79067,0.12,0.04,2.27354,3.07898,0,0.509797,6.048,4.07419e+06,2.70226e+06,9.26284e+06,0,0,0,2.28273e+08,80.8192,79.791,16.9734,0,0,2.20408,1.39864,0,1.88053,2.96352,8.46701e+06,3.61194e+06,1.8662e+07,0,0,0,6.20183e+07
110.355,110.355,6.89967,0.11,0.04,2.04369,3.07904,0,0.426061,6.048,4.07419e+06,2.70226e+06,8.32641e+06,0,0,0,2.28273e+08,80.8192,79.791,12.1522,0,0,2.43402,1.39867,0,1.70288,2.96352,8.46701e+06,3.61194e+06,2.06089e+07,0,0,0,6.20183e+07
110.355,110.355,9.99454,0.11,0.04,2.04379,3.07911,0,0.382988,6.048,4.07419e+06,2.70226e+06,8.32678e+06,0,0,0,2.28273e+08,80.8192,79.791,26.9058,0,0,2.43402,1.3987,0,1.88052,2.96352,8.46701e+06,3.61194e+06,2.06089e+07,0,0,0,6.20183e+07
110.355,110.355,11.4923,0.13,0.04,2.04388,3.07917,0,0.383005,6.048,4.07419e+06,2.70226e+06,8.32715e+06,0,0,0,2.28273e+08,80.8192,79.791,21.5778,0,0,2.43402,1.39873,0,1.88052,2.96352,8.46701e+06,3.61194e+06,2.06089e+07,0,0,0,6.20183e+07
110.355,110.355,8.63991,0.14,0.04,2.04397,3.07923,0,0.383022,6.048,4.07419e+06,2.70226e+06,8.32752e+06,0,0,0,2.28273e+08,80.8192,79.791,10.9477,0,0,2.43402,1.39876,0,1.88052,2.96352,8.46701e+06,3.61194e+06,2.06089e+07,0,0,0,6.20183e+07
110.355,110.355,13.4662,0.15,0.04,2.15657,3.1918,0,0.383039,6.048,4.07419e+06,2.70226e+06,8.78628e+06,0,0,0,2.28273e+08,80.8192,79.791,22.9272,0,0,2.49028,1.45504,0,1.88052,2.96352,8.46701e+06,3.61194e+06,2.10852e+07,0,0,0,6.20183e+07
110.355,110.355,10.8978,0.15,0.04,2.21292,3.19187,0,0.404141,6.048,4.07419e+06,2.70226e+06,9.01587e+06,0,0,0,2.28273e+08,80.8192,79.791,14.663,0,0,2.43402,1.45507,0,1.92399,2.96352,8.46701e+06,3.61194e+06,2.06089e+07,0,0,0,6.20183e+07
110.355,110.355,11.759,0.14,0.04,2.21301,3.19193,0,0.414701,6.048,4.07419e+06,2.70226e+06,9.01625e+06,0,0,0,2.28273e+08,80.8192,79.791,12.4416,0,0,2.43402,1.4551,0,1.88053,2.96352,8.46701e+06,3.61194e+06,2.06089e+07,0,0,0,6.20183e+07
110.355,110.355,10.0397,0.13,0.04,2.21311,3.192,0,0.414719,6.048,4.07419e+06,2.70226e+06,9.01663e+06,0,0,0,2.28273e+08,80.8192,79.791,10.2092,0,0,2.43402,1.45513,0,1.88053,2.96352,8.46701e+06,3.61194e+06,2.06089e+07,0,0,0,6.20183e+07
110.355,110.355,7.31984,0.12,0.04,2.16921,3.14807,0,0.414737,6.048,4.07419e+06,2.70226e+06,8.83778e+06,0,0,0,2.28273e+08,80.8192,79.791,7.58503,0,0,2.41217,1.43331,0,1.88053,2.96352,8.46701e+06,3.61194e+06,2.04239e+07,0,0,0,6.20183e+07
110.355,110.355,6.53134,0.11,0.04,2.14745,3.14813,0,0.40651,6.048,4.07419e+06,2.70226e+06,8.74913e+06,0,0,0,2.28273e+08,80.8192,79.791,7.07248,0,0,2.43402,1.43334,0,1.86364,2.96352,8.46701e+06,3.61194e+06,2.06089e+07,0,0,0,6.20183e+07
110.355,110.355,5.97404,0.1,0.04,2.14754,3.1482,0,0.402432,6.048,4.07419e+06,2.70226e+06,8.74951e+06,0,0,0,2.28273e+08,80.8192,79.791,6.75168,0,0,2.43402,1.43337,0,1.88052,2.96352,8.46701e+06,3.61194e+06,2.06089e+07,0,0,0,6.20183e+07
110.355,110.355,5.58758,0.07,0.04,2.14764,3.14826,0,0.40245,6.048,4.07419e+06,2.70226e+06,8.74989e+06,0,0,0,2.28273e+08,80.8192,79.791,6.60368,0,0,2.43402,1.4334,0,1.88052,2.96352,8.46701e+06,3.61194e+06,2.06089e+07,0,0,0,6.20183e+07
110.355,110.355,5.47004,0.06,0.04,2.29708,3.29767,0,0.402467,6.048,4.07419e+06,2.70226e+06,9.35873e+06,0,0,0,2.28273e+08,80.8192,79.791,6.37243,0,0,2.51152,1.51092,0,1.88052,2.96352,8.46701e+06,3.61194e+06,2.12651e+07,0,0,0,6.20183e+07
110.355,110.355,5.13393,0.06,0.04,2.37467,3.29774,0,0.430472,6.048,4.07419e+06,2.70226e+06,9.67487e+06,0,0,0,2.28273e+08,80.8192,79.791,4.9841,0,0,2.43402,1.51095,0,1.9404,2.96352,8.46701e+06,3.61194e+06,2.06089e+07,0,0,0,6.20183e+07
110.355,110.355,4.84259,0.06,0.04,2.37477,3.29781,0,0.445013,6.048,4.07419e+06,2.70226e+06,9.67527e+06,0,0,0,2.28273e+08,80.8192,79.791,4.78667,0,0,2.43402,1.51099,0,1.88053,2.96352,8.46701e+06,3.61194e+06,2.06089e+07,0,0,0,6.20183e+07
110.355,110.355,4.57602,0.06,0.04,2.37487,3.29787,0,0.445032,6.048,4.07419e+06,2.70226e+06,9.67567e+06,0,0,0,2.28273e+08,80.8192,79.791,4.58113,0,0,2.43402,1.51102,0,1.88053,2.96352,8.46701e+06,3.61194e+06,2.06089e+07,0,0,0,6.20183e+07
110.355,110.355,3.95546,0.06,0.04,2.37496,3.29794,0,0.44505,6.048,4.07419e+06,2.70226e+06,9.67606e+06,0,0,0,2.28273e+08,80.8192,79.791,4.72944,0,0,2.43402,1.51105,0,1.88053,2.96352,8.46701e+06,3.61194e+06,2.06089e+07,0,0,0,6.20183e+07
110.355,110.355,3.42509,0.05,0.04,2.34552,3.26847,0,0.445068,6.048,4.07419e+06,2.70226e+06,9.55612e+06,0,0,0,2.28273e+08,80.8192,79.791,5.09589,0,0,2.47662,1.55368,0,1.88053,2.96352,8.46701e+06,3.61194e+06,2.09696e+07,0,0,0,6.20183e+07
110.355,110.355,3.24909,0.05,0.04,2.38822,3.26854,0,0.439551,6.048,4.07419e+06,2.70226e+06,9.73007e+06,0,0,0,2.28273e+08,80.8192,79.791,4.93207,0,0,2.43402,1.55371,0,1.91344,2.96352,8.46701e+06,3.61194e+06,2.06089e+07,0,0,0,6.20183e+07
110.355,110.355,3.02535,0.05,0.04,2.38832,3.2686,0,0.447552,6.048,4.07419e+06,2.70226e+06,9.73047e+06,0,0,0,2.28273e+08,80.8192,79.791,4.56306,0,0,2.43402,1.55374,0,1.88053,2.96352,8.46701e+06,3.61194e+06,2.06089e+07,0,0,0,6.20183e+07
110.355,110.355,2.86226,0.05,0.04,2.38841,3.26867,0,0.447571,6.048,4.07419e+06,2.70226e+06,9.73087e+06,0,0,0,2.28273e+08,80.8192,79.791,4.30169,0,0,2.43402,1.55377,0,1.88053,2.96352,8.46701e+06,3.61194e+06,2.06089e+07,0,0,0,6.20183e+07
110.119,110.355,2.60399,0.05,0.04,2.4648,3.34502,0,0.447589,6.048,4.07419e+06,2.70226e+06,1.00421e+07,0,0,0,2.28273e+08,80.8192,79.791,3.89535,0,0,2.47199,1.59177,0,1.88053,2.96352,8.46701e+06,3.61194e+06,2.09304e+07,0,0,0,6.20183e+07
109.658,110.355,2.38255,0.05,0.04,2.50287,3.34509,0,0.461903,6.048,4.07419e+06,2.70226e+06,1.01972e+07,0,0,0,2.28273e+08,80.8192,79.791,3.77053,0,0,2.43402,1.5918,0,1.90986,2.96352,8.46701e+06,3.61194e+06,2.06089e+07,0,0,0,6.20183e+07
109.053,110.355,2.22953,0.06,0.04,2.50297,3.34516,0,0.469037,6.048,4.07419e+06,2.70226e+06,1.01976e+07,0,0,0,2.28273e+08,80.8192,79.791,3.4547,0,0,2.43402,1.59183,0,1.88053,2.96352,8.46701e+06,3.61194e+06,2.06089e+07,0,0,0,6.20183e+07
108.422,110.355,2.19166,0.06,0.04,2.50307,3.34522,0,0.469056,6.048,4.07419e+06,2.70226e+06,1.0198e+07,0,0,0,2.28273e+08,80.8192,79.791,3.7176,0,0,2.43402,1.59187,0,1.88053,2.96352,8.46701e+06,3.61194e+06,2.06089e+07,0,0,0,6.20183e+07
107.673,110.355,2.2382,0.06,0.04,2.72658,3.56871,0,0.469075,6.048,4.07419e+06,2.70226e+06,1.11086e+07,0,0,0,2.28273e+08,80.8192,79.791,3.96298,0,0,2.57108,1.72896,0,1.88053,2.96352,8.46701e+06,3.61194e+06,2.17693e+07,0,0,0,6.20183e+07
106.985,110.355,2.43777,0.06,0.04,2.86374,3.56878,0,0.510962,6.048,4.07419e+06,2.70226e+06,1.16675e+07,0,0,0,2.28273e+08,80.8192,79.791,5.15853,0,0,2.43403,1.72899,0,1.98642,2.96352,8.46701e+06,3.61194e+06,2.06089e+07,0,0,0,6.20183e+07
105.815,110.355,1.95759,0.08,0.04,2.86385,3.56885,0,0.536666,6.048,4.07419e+06,2.70226e+06,1.16679e+07,0,0,0,2.28273e+08,80.8192,79.791,3.738,0,0,2.43403,1.72903,0,1.88053,2.96352,8.46701e+06,3.61194e+06,2.06089e+07,0,0,0,6.20183e+07
105.085,110.355,2.37694,0.08,0.04,2.86396,3.56893,0,0.536686,6.048,4.07419e+06,2.70226e+06,1.16683e+07,0,0,0,2.28273e+08,80.8192,79.791,6.45284,0,0,2.43403,1.72906,0,1.88053,2.96352,8.46701e+06,3.61194e+06,2.06089e+07,0,0,0,6.20183e+07
103.864,110.355,1.89039,0.08,0.04,2.86407,3.569,0,0.536706,6.048,4.07419e+06,2.70226e+06,1.16688e+07,0,0,0,2.28273e+08,80.8192,79.791,4.45388,0,0,2.43403,1.7291,0,1.88053,2.96352,8.46701e+06,3.61194e+06,2.06089e+07,0,0,0,6.20183e+07
102.984,110.355,2.23145,0.07,0.04,2.75528,3.46018,0,0.536726,6.048,4.07419e+06,2.70226e+06,1.12255e+07,0,0,0,2.28273e+08,80.8192,79.791,4.35751,0,0,2.35083,1.64593,0,1.88053,2.96352,8.46701e+06,3.61194e+06,1.99045e+07,0,0,0,6.20183e+07
101.823,110.355,1.86452,0.08,0.04,2.67219,3.46025,0,0.516339,6.048,4.07419e+06,2.70226e+06,1.0887e+07,0,0,0,2.28273e+08,80.8192,79.791,6.89727,0,0,2.43403,1.64597,0,1.81625,2.96352,8.46701e+06,3.61194e+06,2.06089e+07,0,0,0,6.20183e+07
100.398,110.355,1.5951,0.08,0.04,2.67229,3.46032,0,0.500768,6.048,4.07419e+06,2.70226e+06,1.08874e+07,0,0,0,2.28273e+08,80.8192,79.791,3.76588,0,0,2.43403,1.646,0,1.88053,2.96352,8.46701e+06,3.61194e+06,2.06089e+07,0,0,0,6.20183e+07
99.1828,110.355,1.85934,0.1,0.04,2.6724,3.46039,0,0.500787,6.048,4.07419e+06,2.70226e+06,1.08879e+07,0,0,0,2.28273e+08,80.8192,79.791,3.85577,0,0,2.43403,1.64603,0,1.88053,2.96352,8.46701e+06,3.61194e+06,2.06089e+07,0,0,0,6.20183e+07
99.0551,110.355,3.14508,0.08,0.04,2.58311,3.37106,0,0.500807,6.048,4.07419e+06,2.70226e+06,1.05241e+07,0,0,0,2.28273e+08,80.8192,79.791,8.42916,0,0,2.35829,1.57033,0,1.88053,2.96352,8.46701e+06,3.61194e+06,1.99677e+07,0,0,0,6.20183e+07
97.9217,110.355,1.97499,0.08,0.04,2.50747,3.37113,0,0.484074,6.048,4.07419e+06,2.70226e+06,1.02159e+07,0,0,0,2.28273e+08,80.8192,79.791,3.28334,0,0,2.43402,1.57036,0,1.82201,2.96352,8.46701e+06,3.61194e+06,2.06089e+07,0,0,0,6.20183e+07
98.3687,110.355,3.69885,0.08,0.04,2.50757,3.3712,0,0.4699,6.048,4.07419e+06,2.70226e+06,1.02163e+07,0,0,0,2.28273e+08,80.8192,79.791,5.5726,0,0,2.43402,1.5704,0,1.88053,2.96352,8.46701e+06,3.61194e+06,2.06089e+07,0,0,0,6.20183e+07
98.3626,110.355,3.26943,0.09,0.04,2.50767,3.37127,0,0.469919,6.048,4.07419e+06,2.70226e+06,1.02168e+07,0,0,0,2.28273e+08,80.8192,79.791,6.88957,0,0,2.43402,1.57043,0,1.88053,2.96352,8.46701e+06,3.61194e+06,2.06089e+07,0,0,0,6.20183e+07
99.1742,110.355,3.89802,0.1,0.04,2.25387,3.11744,0,0.469938,6.048,4.07419e+06,2.70226e+06,9.18272e+06,0,0,0,2.28273e+08,80.8192,79.791,7.08638,0,0,2.27628,1.41271,0,1.88053,2.96352,8.46701e+06,3.61194e+06,1.92732e+07,0,0,0,6.20183e+07
98.4424,110.355,2.07795,0.13,0.04,2.09622,3.1175,0,0.422376,6.048,4.07419e+06,2.70226e+06,8.54041e+06,0,0,0,2.28273e+08,80.8192,79.791,5.05602,0,0,2.43402,1.41274,0,1.75865,2.96352,8.46701e+06,3.61194e+06,2.06089e+07,0,0,0,6.20183e+07
98.2801,110.355,2.69345,0.14,0.04,2.09631,3.11756,0,0.392832,6.048,4.07419e+06,2.70226e+06,8.54079e+06,0,0,0,2.28273e+08,80.8192,79.791,7.12488,0,0,2.43402,1.41277,0,1.88052,2.96352,8.46701e+06,3.61194e+06,2.06089e+07,0,0,0,6.20183e+07
97.6974,110.355,2.31539,0.13,0.04,2.09641,3.11763,0,0.392849,6.048,4.07419e+06,2.70226e+06,8.54116e+06,0,0,0,2.28273e+08,80.8192,79.791,6.35557,0,0,2.43402,1.4128,0,1.88052,2.96352,8.46701e+06,3.61194e+06,2.06089e+07,0,0,0,6.20183e+07
96.4433,110.355,1.6115,0.12,0.04,2.0965,3.11769,0,0.392866,6.048,4.07419e+06,2.70226e+06,8.54154e+06,0,0,0,2.28273e+08,80.8192,79.791,5.12261,0,0,2.43402,1.41283,0,1.88052,2.96352,8.46701e+06,3.61194e+06,2.06089e+07,0,0,0,6.20183e+07
95.7943,110.355,2.16862,0.11,0.04,2.19425,3.21542,0,0.392884,6.048,4.07419e+06,2.70226e+06,8.93981e+06,0,0,0,2.28273e+08,80.8192,79.791,4.92132,0,0,2.4797,1.45854,0,1.88052,2.96352,8.46701e+06,3.61194e+06,2.09956e+07,0,0,0,6.20183e+07
95.3039,110.355,2.08942,0.18,0.04,1.88015,3.21546,0,0.411203,6.048,4.07419e+06,2.70226e+06,7.66009e+06,0,0,0,2.28273e+08,80.8192,79.791,4.37032,0,0,2.79387,1.45856,0,1.91582,3.38688,8.46701e+06,3.61194e+06,2.36557e+07,0,0,0,6.20183e+07
96.0347,110.355,3.40192,0.19,0.04,1.88021,3.21551,0,0.35234,6.048,4.07419e+06,2.70226e+06,7.66036e+06,0,0,0,2.28273e+08,80.8192,79.791,5.21731,0,0,2.79387,1.45858,0,2.15854,3.38688,8.46701e+06,3.61194e+06,2.36557e+07,0,0,0,6.20183e+07
95.7476,110.355,2.30984,0.12,0.04,1.88028,3.21555,0,0.352352,6.048,4.07419e+06,2.70226e+06,7.66062e+06,0,0,0,2.28273e+08,80.8192,79.791,4.42698,0,0,2.79387,1.4586,0,2.15854,3.38688,8.46701e+06,3.61194e+06,2.36557e+07,0,0,0,6.20183e+07
96.4985,110.355,3.75921,0.21,0.04,2.19398,3.52924,0,0.352364,6.048,4.07419e+06,2.70226e+06,8.93872e+06,0,0,0,2.28273e+08,80.8192,79.791,5.62958,0,0,2.96537,1.63012,0,2.15854,3.38688,8.46701e+06,3.61194e+06,2.51078e+07,0,0,0,6.20183e+07
97.4966,110.355,4.31052,0.13,0.04,2.36556,3.52928,0,0.411153,6.048,4.07419e+06,2.70226e+06,9.63773e+06,0,0,0,2.28273e+08,80.8192,79.791,6.03464,0,0,2.79387,1.63014,0,2.29105,3.38688,8.46701e+06,3.61194e+06,2.36557e+07,0,0,0,6.20183e+07
98.5534,110.355,4.24532,0.13,0.04,2.36563,3.52933,0,0.443305,6.048,4.07419e+06,2.70226e+06,9.63802e+06,0,0,0,2.28273e+08,80.8192,79.791,4.44326,0,0,2.79387,1.63016,0,2.15854,3.38688,8.46701e+06,3.61194e+06,2.36557e+07,0,0,0,6.20183e+07
100.898,110.355,5.65738,0.15,0.04,2.3657,3.52938,0,0.443318,6.048,4.07419e+06,2.70226e+06,9.63831e+06,0,0,0,2.28273e+08,80.8192,79.791,6.93026,0,0,2.79387,1.63019,0,2.15854,3.38688,8.46701e+06,3.61194e+06,2.36557e+07,0,0,0,6.20183e+07
102.247,110.355,4.14508,0.2,0.04,1.91839,3.08205,0,0.443332,6.048,4.07419e+06,2.70226e+06,7.8159e+06,0,0,0,2.28273e+08,80.8192,79.791,5.47685,0,0,2.5637,1.40004,0,2.15854,3.38688,8.46701e+06,3.61194e+06,2.17069e+07,0,0,0,6.20183e+07
103.255,110.355,3.59993,0.15,0.04,1.68829,3.0821,0,0.359506,6.048,4.07419e+06,2.70226e+06,6.8784e+06,0,0,0,2.28273e+08,80.8192,79.791,4.13831,0,0,2.79387,1.40006,0,1.98071,3.38688,8.46701e+06,3.61194e+06,2.36557e+07,0,0,0,6.20183e+07
103.655,110.355,2.91437,0.16,0.04,1.68835,3.08214,0,0.316385,6.048,4.07419e+06,2.70226e+06,6.87865e+06,0,0,0,2.28273e+08,80.8192,79.791,3.36923,0,0,2.79387,1.40008,0,2.15854,3.38688,8.46701e+06,3.61194e+06,2.36557e+07,0,0,0,6.20183e+07
104.468,110.355,3.40165,0.17,0.04,1.68841,3.08218,0,0.316396,6.048,4.07419e+06,2.70226e+06,6.8789e+06,0,0,0,2.28273e+08,80.8192,79.791,3.79095,0,0,2.79387,1.4001,0,2.15854,3.38688,8.46701e+06,3.61194e+06,2.36557e+07,0,0,0,6.20183e+07
105.542,110.355,3.6219,0.18,0.04,1.68847,3.08222,0,0.316408,6.048,4.07419e+06,2.70226e+06,6.87916e+06,0,0,0,2.28273e+08,80.8192,79.791,3.88065,0,0,2.79387,1.40011,0,2.15854,3.38688,8.46701e+06,3.61194e+06,2.36557e+07,0,0,0,6.20183e+07
106.169,110.355,3.27279,0.19,0.04,1.80115,3.19488,0,0.316419,6.048,4.07419e+06,2.70226e+06,7.33824e+06,0,0,0,2.28273e+08,80.8192,79.791,3.2782,0,0,2.85018,1.45645,0,2.15854,3.38688,8.46701e+06,3.61194e+06,2.41325e+07,0,0,0,6.20183e+07
107.097,110.355,3.66756,0.19,0.04,1.85753,3.19493,0,0.337536,6.048,4.07419e+06,2.70226e+06,7.56793e+06,0,0,0,2.28273e+08,80.6439,79.791,3.95123,0,0,2.79387,1.45647,0,2.20205,3.38688,8.46701e+06,3.61194e+06,2.36557e+07,0,0,0,6.20183e+07
106.792,110.355,2.3684,0.18,0.04,1.85759,3.19497,0,0.348101,6.048,4.07419e+06,2.70226e+06,7.56819e+06,0,0,0,2.28273e+08,80.4309,79.791,2.60047,0,0,2.79387,1.45649,0,2.15854,3.38688,8.46701e+06,3.61194e+06,2.36557e+07,0,0,0,6.20183e+07
106.076,110.355,1.92924,0.18,0.04,1.85766,3.19502,0,0.348113,6.048,4.07419e+06,2.70226e+06,7.56845e+06,0,0,0,2.28273e+08,80.4785,79.791,2.18434,0,0,2.79387,1.45651,0,2.15854,3.38688,8.46701e+06,3.61194e+06,2.36557e+07,0,0,0,6.20183e+07
106.115,110.355,2.57752,0.16,0.04,1.81368,3.15103,0,0.348125,6.048,4.07419e+06,2.70226e+06,7.3893e+06,0,0,0,2.28273e+08,80.553,79.791,2.96065,0,0,2.772,1.43465,0,2.15854,3.38688,8.46701e+06,3.61194e+06,2.34705e+07,0,0,0,6.20183e+07
105.709,110.355,2.11372,0.15,0.04,1.79187,3.15107,0,0.339884,6.048,4.07419e+06,2.70226e+06,7.30045e+06,0,0,0,2.28273e+08,80.4003,79.791,2.52794,0,0,2.79387,1.43467,0,2.14164,3.38688,8.46701e+06,3.61194e+06,2.36557e+07,0,0,0,6.20183e+07
105.224,110.355,1.91535,0.14,0.04,1.79194,3.15111,0,0.335797,6.048,4.07419e+06,2.70226e+06,7.3007e+06,0,0,0,2.28273e+08,80.2373,79.791,2.24521,0,0,2.79387,1.43469,0,2.15854,3.38688,8.46701e+06,3.61194e+06,2.36557e+07,0,0,0,6.20183e+07
104.734,110.355,1.85922,0.12,0.04,1.792,3.15116,0,0.335809,6.048,4.07419e+06,2.70226e+06,7.30096e+06,0,0,0,2.28273e+08,80.1104,79.791,2.41834,0,0,2.79387,1.43471,0,2.15854,3.38688,8.46701e+06,3.61194e+06,2.36557e+07,0,0,0,6.20183e+07
104.004,110.355,1.74817,0.12,0.04,1.94155,3.30068,0,0.335821,6.048,4.07419e+06,2.70226e+06,7.91024e+06,0,0,0,2.28273e+08,79.9349,79.791,2.32166,0,0,2.87144,1.5123,0,2.15854,3.38688,8.46701e+06,3.61194e+06,2.43125e+07,0,0,0,6.20183e+07
103.236,110.355,1.77883,0.09,0.04,2.01918,3.30073,0,0.363846,6.048,4.07419e+06,2.70226e+06,8.22654e+06,0,0,0,2.28273e+08,79.6938,79.791,2.3114,0,0,2.79387,1.51232,0,2.21847,3.38688,8.46701e+06,3.61194e+06,2.36557e+07,0,0,0,6.20183e+07
102.286,110.355,1.5609,0.07,0.04,2.01925,3.30077,0,0.378395,6.048,4.07419e+06,2.70226e+06,8.22681e+06,0,0,0,2.28273e+08,79.4284,79.791,2.15926,0,0,2.79387,1.51234,0,2.15854,3.38688,8.46701e+06,3.61194e+06,2.36557e+07,0,0,0,6.20183e+07
101.319,110.355,1.47416,0.08,0.04,2.01932,3.30082,0,0.378407,6.048,4.07419e+06,2.70226e+06,8.22708e+06,0,0,0,2.28273e+08,78.9653,79.791,2.0634,0,0,2.79387,1.51237,0,2.15854,3.38688,8.46701e+06,3.61194e+06,2.36557e+07,0,0,0,6.20183e+07
100.21,110.355,1.3138,0.13,0.04,2.01938,3.30086,0,0.37842,6.048,4.07419e+06,2.70226e+06,8.22735e+06,0,0,0,2.28273e+08,77.9906,79.791,1.83557,0,0,2.79387,1.51239,0,2.15854,3.38688,8.46701e+06,3.61194e+06,2.36557e+07,0,0,0,6.20183e+07
98.6679,110.355,0.767066,0.13,0.04,1.98988,3.27135,0,0.378432,6.048,4.07419e+06,2.70226e+06,8.10717e+06,0,0,0,2.28273e+08,76.6935,79.791,1.08582,0,0,2.83651,1.55504,0,2.15854,3.38688,8.46701e+06,3.61194e+06,2.40167e+07,0,0,0,6.20183e+07
97.0486,110.355,0.720544,0.13,0.04,2.03259,3.27139,0,0.372904,6.048,4.07419e+06,2.70226e+06,8.28115e+06,0,0,0,2.28273e+08,75.4129,79.791,1.03,0,0,2.79387,1.55506,0,2.19148,3.38688,8.46701e+06,3.61194e+06,2.36557e+07,0,0,0,6.20183e+07
95.3743,110.355,0.657873,0.13,0.04,2.03265,3.27144,0,0.380907,6.048,4.07419e+06,2.70226e+06,8.28142e+06,0,0,0,2.28273e+08,74.057,79.791,1.01065,0,0,2.79387,1.55509,0,2.15854,3.38688,8.46701e+06,3.61194e+06,2.36557e+07,0,0,0,6.20183e+07
93.6499,110.355,0.596536,0.16,0.04,2.03272,3.27148,0,0.380919,6.048,4.07419e+06,2.70226e+06,8.28169e+06,0,0,0,2.28273e+08,72.6718,79.791,0.918736,0,0,2.79387,1.55511,0,2.15854,3.38688,8.46701e+06,3.61194e+06,2.36557e+07,0,0,0,6.20183e+07
91.6051,110.355,0.557573,0.16,0.04,2.10914,3.34788,0,0.380932,6.048,4.07419e+06,2.70226e+06,8.59303e+06,0,0,0,2.28273e+08,71.2746,79.791,0.901263,0,0,2.83187,1.59313,0,2.15854,3.38688,8.46701e+06,3.61194e+06,2.39775e+07,0,0,0,6.20183e+07
90.0802,110.355,0.553046,0.15,0.04,2.1472,3.34792,0,0.395252,6.048,4.07419e+06,2.70226e+06,8.74813e+06,0,0,0,2.28273e+08,69.8514,79.791,0.903209,0,0,2.79387,1.59315,0,2.1879,3.38688,8.46701e+06,3.61194e+06,2.36557e+07,0,0,0,6.20183e+07
87.9587,110.355,0.512998,0.17,0.04,2.14727,3.34797,0,0.402386,6.048,4.07419e+06,2.70226e+06,8.7484e+06,0,0,0,2.28273e+08,68.3611,79.791,0.86711,0,0,2.79387,1.59317,0,2.15854,3.38688,8.46701e+06,3.61194e+06,2.36557e+07,0,0,0,6.20183e+07
85.7932,110.355,0.467095,0.17,0.04,2.14734,3.34802,0,0.402399,6.048,4.07419e+06,2.70226e+06,8.74868e+06,0,0,0,2.28273e+08,67.0136,79.791,0.765148,0,0,2.79387,1.5932,0,2.15854,3.38688,8.46701e+06,3.61194e+06,2.36557e+07,0,0,0,6.20183e+07
83.4488,110.355,0.49023,0.17,0.04,2.37101,3.57166,0,0.402412,6.048,4.07419e+06,2.70226e+06,9.65996e+06,0,0,0,2.28273e+08,65.5377,79.791,0.977065,0,0,2.93104,1.73039,0,2.15854,3.38688,8.46701e+06,3.61194e+06,2.48171e+07,0,0,0,6.20183e+07
80.8443,110.355,0.334455,0.22,0.04,2.50825,3.57171,0,0.444328,6.048,4.07419e+06,2.70226e+06,1.02191e+07,0,0,0,2.28273e+08,63.9583,79.791,0.701819,0,0,2.79387,1.73041,0,2.26452,3.38688,8.46701e+06,3.61194e+06,2.36557e+07,0,0,0,6.20183e+07
78.2212,110.355,0.315136,0.21,0.04,2.50832,3.57176,0,0.470046,6.048,4.07419e+06,2.70226e+06,1.02194e+07,0,0,0,2.28273e+08,62.446,79.791,0.656838,0,0,2.79387,1.73043,0,2.15855,3.38688,8.46701e+06,3.61194e+06,2.36557e+07,0,0,0,6.20183e+07
75.7119,110.355,0.428143,0.27,0.04,2.5084,3.57181,0,0.47006,6.048,4.07419e+06,2.70226e+06,1.02197e+07,0,0,0,2.28273e+08,61.0176,79.791,0.739281,0,0,2.79387,1.73046,0,2.15855,3.38688,8.46701e+06,3.61194e+06,2.36557e+07,0,0,0,6.20183e+07
73.3777,110.355,0.628557,0.29,0.04,2.50847,3.57186,0,0.470074,6.048,4.07419e+06,2.70226e+06,1.022e+07,0,0,0,2.28273e+08,59.9325,79.791,0.874069,0,0,2.79387,1.73048,0,2.15855,3.38688,8.46701e+06,3.61194e+06,2.36557e+07,0,0,0,6.20183e+07
74.1438,110.355,0.99679,0.28,0.04,2.39956,3.46293,0,0.470087,6.048,4.07419e+06,2.70226e+06,9.77628e+06,0,0,0,2.28273e+08,59.5258,79.791,1.3877,0,0,2.71061,1.64724,0,2.15855,3.38688,8.46701e+06,3.61194e+06,2.29507e+07,0,0,0,6.20183e+07
72.6623,110.355,0.926621,0.28,0.04,2.31637,3.46298,0,0.449678,6.048,4.07419e+06,2.70226e+06,9.43734e+06,0,0,0,2.28273e+08,58.9541,79.791,2.17568,0,0,2.79387,1.64727,0,2.09422,3.38688,8.46701e+06,3.61194e+06,2.36557e+07,0,0,0,6.20183e+07
71.0871,110.355,0.825095,0.34,0.04,2.31644,3.46302,0,0.434088,6.048,4.07419e+06,2.70226e+06,9.43763e+06,0,0,0,2.28273e+08,57.9823,79.791,1.34685,0,0,2.79387,1.64729,0,2.15854,3.38688,8.46701e+06,3.61194e+06,2.36557e+07,0,0,0,6.20183e+07
69.3883,110.355,0.68706,0.34,0.04,2.31651,3.46307,0,0.434101,6.048,4.07419e+06,2.70226e+06,9.43792e+06,0,0,0,2.28273e+08,57.4005,79.791,1.19727,0,0,2.79387,1.64731,0,2.15854,3.38688,8.46701e+06,3.61194e+06,2.36557e+07,0,0,0,6.20183e+07
68.0249,110.355,1.05359,0.37,0.04,2.22712,3.37366,0,0.434114,6.048,4.07419e+06,2.70226e+06,9.07372e+06,0,0,0,2.28273e+08,57.0269,79.791,1.79255,0,0,2.71808,1.57154,0,2.15854,3.38688,8.46701e+06,3.61194e+06,2.3014e+07,0,0,0,6.20183e+07
68.1065,110.355,2.50536,0.39,0.04,2.08972,3.3737,0,0.417362,6.048,4.07419e+06,2.7881e+06,8.51392e+06,0,0,0,2.28273e+08,56.8875,79.791,2.00624,0,0,2.76514,1.57156,0,2.09999,3.38688,8.46701e+06,3.72668e+06,2.34124e+07,0,0,0,6.20183e+07
70.6038,110.355,5.00953,0.39,0.04,2.08979,3.37375,0,0.391613,6.048,4.07419e+06,2.7881e+06,8.5142e+06,0,0,0,2.28273e+08,57.5385,79.791,4.38694,0,0,2.76514,1.57158,0,2.13635,3.38688,8.46701e+06,3.72668e+06,2.34124e+07,0,0,0,6.20183e+07
71.4791,110.355,3.31546,0.39,0.04,2.08985,3.3738,0,0.391626,6.048,4.07419e+06,2.7881e+06,8.51447e+06,0,0,0,2.28273e+08,58.1385,79.791,4.33923,0,0,2.76514,1.57161,0,2.13635,3.38688,8.46701e+06,3.72668e+06,2.34124e+07,0,0,0,6.20183e+07
73.6576,110.355,4.33885,0.4,0.04,1.61234,3.11975,0,0.391639,6.048,4.07419e+06,3.34572e+06,6.56899e+06,0,0,0,2.28273e+08,58.4614,79.791,3.70453,0,0,2.50678,1.41376,0,2.13635,3.38688,8.46701e+06,4.47202e+06,2.12249e+07,0,0,0,6.20183e+07
80.1614,110.355,8.87821,0.38,0.04,1.73971,3.1198,0,0.302153,6.048,4.07419e+06,2.70226e+06,7.08792e+06,0,0,0,2.28273e+08,58.7881,79.791,3.9028,0,0,2.79387,1.41378,0,1.93673,3.38688,8.46701e+06,3.61194e+06,2.36557e+07,0,0,0,6.20183e+07
89.8779,110.355,12.1897,0.33,0.04,1.73977,3.11984,0,0.326022,6.048,4.07419e+06,2.70226e+06,7.08818e+06,0,0,0,2.28273e+08,59.1518,79.791,4.1036,0,0,2.79387,1.4138,0,2.15854,3.38688,8.46701e+06,3.61194e+06,2.36557e+07,0,0,0,6.20183e+07
98.5965,110.355,11.4742,0.26,0.04,1.73984,3.11988,0,0.326034,6.048,4.07419e+06,2.70226e+06,7.08843e+06,0,0,0,2.28273e+08,61.6728,79.791,8.42447,0,0,2.79387,1.41382,0,2.15854,3.38688,8.46701e+06,3.61194e+06,2.36557e+07,0,0,0,6.20183e+07
105.82,110.355,9.78191,0.12,0.04,1.7399,3.11993,0,0.326045,6.048,4.07419e+06,2.70226e+06,7.08869e+06,0,0,0,2.28273e+08,62.2896,79.791,4.51031,0,0,2.79387,1.41384,0,2.15854,3.38688,8.46701e+06,3.61194e+06,2.36557e+07,0,0,0,6.20183e+07
108.345,110.355,5.27563,0.12,0.04,1.73992,3.11993,0,0.326057,6.048,4.07419e+06,2.70226e+06,7.08877e+06,0,0,0,2.28273e+08,63.2755,79.791,6.72112,0,0,2.79385,1.41384,0,2.15854,3.38688,8.46701e+06,3.61194e+06,2.36555e+07,0,0,0,6.20183e+07
110.355,110.355,10.2799,0.12,0.04,1.83769,3.2177,0,0.326061,6.048,4.07419e+06,2.70226e+06,7.48712e+06,0,0,0,2.28273e+08,65.1996,79.791,9.47086,0,0,2.83958,1.45957,0,2.15853,3.38688,8.46701e+06,3.61194e+06,2.40427e+07,0,0,0,6.20183e+07
110.355,110.355,9.04672,0.12,0.04,1.88345,3.21773,0,0.344384,6.048,4.07419e+06,2.70226e+06,7.67354e+06,0,0,0,2.28273e+08,67.0942,79.791,8.49156,0,0,2.79386,1.45958,0,2.19386,3.38688,8.46701e+06,3.61194e+06,2.36556e+07,0,0,0,6.20183e+07
110.355,110.355,5.22215,0.12,0.04,1.88348,3.21775,0,0.352959,6.048,4.07419e+06,2.70226e+06,7.67368e+06,0,0,0,2.28273e+08,67.6328,79.791,5.32316,0,0,2.79386,1.45959,0,2.15854,3.38688,8.46701e+06,3.61194e+06,2.36556e+07,0,0,0,6.20183e+07
110.355,110.355,4.27895,0.12,0.04,1.88352,3.21777,0,0.352965,6.048,4.07419e+06,2.70226e+06,7.67382e+06,0,0,0,2.28273e+08,68.4897,79.791,5.65481,0,0,2.79386,1.4596,0,2.15854,3.38688,8.46701e+06,3.61194e+06,2.36556e+07,0,0,0,6.20183e+07
110.355,110.355,4.57134,0.12,0.04,2.19741,3.53165,0,0.352972,6.048,4.07419e+06,2.70226e+06,8.95268e+06,0,0,0,2.28273e+08,69.7717,79.791,6.53573,0,0,2.96548,1.63124,0,2.15854,3.38688,8.46701e+06,3.61194e+06,2.51087e+07,0,0,0,6.20183e+07
110.355,110.355,5.01733,0.13,0.04,2.36907,3.53168,0,0.411795,6.048,4.07419e+06,2.70226e+06,9.65204e+06,0,0,0,2.28273e+08,71.076,79.791,6.55764,0,0,2.79386,1.63125,0,2.29113,3.38688,8.46701e+06,3.61194e+06,2.36556e+07,0,0,0,6.20183e+07
110.355,110.355,4.66158,0.13,0.04,2.3691,3.53171,0,0.443963,6.048,4.07419e+06,2.70226e+06,9.65219e+06,0,0,0,2.28273e+08,72.1029,79.791,5.76226,0,0,2.79386,1.63126,0,2.15854,3.38688,8.46701e+06,3.61194e+06,2.36556e+07,0,0,0,6.20183e+07
110.355,110.355,5.66558,0.13,0.04,2.36914,3.53173,0,0.44397,6.048,4.07419e+06,2.70226e+06,9.65235e+06,0,0,0,2.28273e+08,73.5951,79.791,7.67112,0,0,2.79386,1.63127,0,2.15854,3.38688,8.46701e+06,3.61194e+06,2.36556e+07,0,0,0,6.20183e+07
110.355,110.355,6.96638,0.13,0.04,1.92151,3.08408,0,0.443977,6.048,4.07419e+06,2.70226e+06,7.8286e+06,0,0,0,2.28273e+08,75.3217,79.791,7.69944,0,0,2.56354,1.40096,0,2.15854,3.38688,8.46701e+06,3.61194e+06,2.17055e+07,0,0,0,6.20183e+07
110.355,110.355,4.95014,0.13,0.04,1.69122,3.08411,0,0.360091,6.048,4.07419e+06,2.70226e+06,6.89036e+06,0,0,0,2.28273e+08,76.3076,79.791,6.41471,0,0,2.79386,1.40097,0,1.98059,3.38688,8.46701e+06,3.61194e+06,2.36556e+07,0,0,0,6.20183e+07
110.355,110.355,5.41723,0.15,0.04,1.69125,3.08413,0,0.316935,6.048,4.07419e+06,2.70226e+06,6.89049e+06,0,0,0,2.28273e+08,77.1161,79.791,5.79945,0,0,2.79386,1.40098,0,2.15853,3.38688,8.46701e+06,3.61194e+06,2.36556e+07,0,0,0,6.20183e+07
110.355,110.355,6.05624,0.16,0.04,1.69129,3.08415,0,0.316941,6.048,4.07419e+06,2.70226e+06,6.89063e+06,0,0,0,2.28273e+08,78.4675,79.791,7.32044,0,0,2.79386,1.40099,0,2.15853,3.38688,8.46701e+06,3.61194e+06,2.36556e+07,0,0,0,6.20183e+07
110.355,110.355,3.35774,0.17,0.04,1.69132,3.08418,0,0.316947,6.048,4.07419e+06,2.70226e+06,6.89076e+06,0,0,0,2.28273e+08,79.3347,79.791,5.46569,0,0,2.79386,1.401,0,2.15853,3.38688,8.46701e+06,3.61194e+06,2.36556e+07,0,0,0,6.20183e+07
110.355,110.355,3.02759,0.17,0.04,1.80404,3.19689,0,0.316953,6.048,4.07419e+06,2.70226e+06,7.35002e+06,0,0,0,2.28273e+08,79.9782,79.791,5.05073,0,0,2.85021,1.45736,0,2.15853,3.38688,8.46701e+06,3.61194e+06,2.41327e+07,0,0,0,6.20183e+07
110.355,110.355,3.22089,0.16,0.04,1.86042,3.19691,0,0.338078,6.048,4.07419e+06,2.70226e+06,7.57973e+06,0,0,0,2.28273e+08,80.8192,79.791,6.62941,0,0,2.79386,1.45737,0,2.20207,3.38688,8.46701e+06,3.61194e+06,2.36556e+07,0,0,0,6.20183e+07
110.355,110.355,2.72809,0.14,0.04,1.86046,3.19694,0,0.348643,6.048,4.07419e+06,2.70226e+06,7.57987e+06,0,0,0,2.28273e+08,80.8192,79.791,5.36316,0,0,2.79386,1.45738,0,2.15854,3.38688,8.46701e+06,3.61194e+06,2.36556e+07,0,0,0,6.20183e+07
110.108,110.355,2.31296,0.14,0.04,1.86049,3.19696,0,0.34865,6.048,4.07419e+06,2.70226e+06,7.58001e+06,0,0,0,2.28273e+08,80.8192,79.791,3.84051,0,0,2.79386,1.45739,0,2.15854,3.38688,8.46701e+06,3.61194e+06,2.36556e+07,0,0,0,6.20183e+07
109.734,110.355,2.08668,0.12,0.04,1.81646,3.15292,0,0.348656,6.048,4.07419e+06,2.70226e+06,7.40063e+06,0,0,0,2.28273e+08,80.8192,79.791,3.94195,0,0,2.77197,1.43552,0,2.15854,3.38688,8.46701e+06,3.61194e+06,2.34703e+07,0,0,0,6.20183e+07
109.421,110.355,2.12005,0.11,0.04,1.79461,3.15294,0,0.340405,6.048,4.07419e+06,2.70226e+06,7.3116e+06,0,0,0,2.28273e+08,80.8192,79.791,3.33004,0,0,2.79386,1.43553,0,2.14163,3.38688,8.46701e+06,3.61194e+06,2.36556e+07,0,0,0,6.20183e+07
109.206,110.355,2.17064,0.07,0.04,1.79465,3.15297,0,0.33631,6.048,4.07419e+06,2.70226e+06,7.31174e+06,0,0,0,2.28273e+08,80.8192,79.791,3.45783,0,0,2.79386,1.43554,0,2.15854,3.38688,8.46701e+06,3.61194e+06,2.36556e+07,0,0,0,6.20183e+07
108.661,110.355,1.71718,0.06,0.04,1.79468,3.15299,0,0.336317,6.048,4.07419e+06,2.70226e+06,7.31188e+06,0,0,0,2.28273e+08,80.8192,79.791,3.13336,0,0,2.79386,1.43555,0,2.15854,3.38688,8.46701e+06,3.61194e+06,2.36556e+07,0,0,0,6.20183e+07
108.033,110.355,1.79026,0.04,0.04,1.94428,3.30258,0,0.336323,6.048,4.07419e+06,2.70226e+06,7.92139e+06,0,0,0,2.28273e+08,80.8192,79.791,2.85494,0,0,2.87147,1.51317,0,2.15854,3.38688,8.46701e+06,3.61194e+06,2.43128e+07,0,0,0,6.20183e+07
107.213,110.355,1.56733,0.04,0.04,2.02193,3.30261,0,0.364359,6.048,4.07419e+06,2.70226e+06,8.23775e+06,0,0,0,2.28273e+08,80.6552,79.791,2.62446,0,0,2.79386,1.51318,0,2.2185,3.38688,8.46701e+06,3.61194e+06,2.36556e+07,0,0,0,6.20183e+07
106.346,110.355,1.4978,0.04,0.04,2.02197,3.30263,0,0.37891,6.048,4.07419e+06,2.70226e+06,8.23789e+06,0,0,0,2.28273e+08,80.5265,79.791,2.65898,0,0,2.79386,1.5132,0,2.15854,3.38688,8.46701e+06,3.61194e+06,2.36556e+07,0,0,0,6.20183e+07
105.42,110.355,1.42909,0.07,0.04,2.022,3.30266,0,0.378917,6.048,4.07419e+06,2.70226e+06,8.23804e+06,0,0,0,2.28273e+08,80.4011,79.791,2.57922,0,0,2.79386,1.51321,0,2.15854,3.38688,8.46701e+06,3.61194e+06,2.36556e+07,0,0,0,6.20183e+07
105.185,110.355,2.13733,0.07,0.04,2.02204,3.30268,0,0.378924,6.048,4.07419e+06,2.70226e+06,8.23818e+06,0,0,0,2.28273e+08,80.3302,79.791,3.31103,0,0,2.79386,1.51322,0,2.15854,3.38688,8.46701e+06,3.61194e+06,2.36556e+07,0,0,0,6.20183e+07
104.748,110.355,1.91537,0.08,0.04,1.99249,3.27312,0,0.37893,6.048,4.07419e+06,2.70226e+06,8.11781e+06,0,0,0,2.28273e+08,80.1887,79.791,3.08922,0,0,2.83652,1.55589,0,2.15854,3.38688,8.46701e+06,3.61194e+06,2.40168e+07,0,0,0,6.20183e+07
104.135,110.355,1.77346,0.08,0.04,2.03519,3.27315,0,0.373393,6.048,4.07419e+06,2.70226e+06,8.29176e+06,0,0,0,2.28273e+08,80.0193,79.791,2.9821,0,0,2.79386,1.5559,0,2.19149,3.38688,8.46701e+06,3.61194e+06,2.36556e+07,0,0,0,6.20183e+07
103.459,110.355,1.69187,0.09,0.04,2.03522,3.27317,0,0.381394,6.048,4.07419e+06,2.70226e+06,8.2919e+06,0,0,0,2.28273e+08,79.8317,79.791,2.9176,0,0,2.79386,1.55591,0,2.15854,3.38688,8.46701e+06,3.61194e+06,2.36556e+07,0,0,0,6.20183e+07
102.723,110.355,1.58826,0.09,0.04,2.03526,3.2732,0,0.381401,6.048,4.07419e+06,2.70226e+06,8.29205e+06,0,0,0,2.28273e+08,79.5368,79.791,2.61228,0,0,2.79386,1.55592,0,2.15854,3.38688,8.46701e+06,3.61194e+06,2.36556e+07,0,0,0,6.20183e+07
102.134,110.355,1.82342,0.09,0.04,2.11169,3.34961,0,0.381408,6.048,4.07419e+06,2.70226e+06,8.60342e+06,0,0,0,2.28273e+08,79.4446,79.791,3.20259,0,0,2.83188,1.59395,0,2.15854,3.38688,8.46701e+06,3.61194e+06,2.39775e+07,0,0,0,6.20183e+07
101.361,110.355,1.64572,0.09,0.04,2.14974,3.34964,0,0.39573,6.048,4.07419e+06,2.70226e+06,8.75847e+06,0,0,0,2.28273e+08,79.1994,79.791,3.07941,0,0,2.79386,1.59397,0,2.18791,3.38688,8.46701e+06,3.61194e+06,2.36556e+07,0,0,0,6.20183e+07
100.452,110.355,1.49922,0.12,0.04,2.14978,3.34966,0,0.402862,6.048,4.07419e+06,2.70226e+06,8.75862e+06,0,0,0,2.28273e+08,78.9051,79.791,2.67188,0,0,2.79386,1.59398,0,2.15854,3.38688,8.46701e+06,3.61194e+06,2.36556e+07,0,0,0,6.20183e+07
99.6302,110.355,1.56876,0.12,0.04,2.14982,3.34969,0,0.402869,6.048,4.07419e+06,2.70226e+06,8.75877e+06,0,0,0,2.28273e+08,78.7248,79.791,3.3876,0,0,2.79386,1.59399,0,2.15854,3.38688,8.46701e+06,3.61194e+06,2.36556e+07,0,0,0,6.20183e+07
98.2101,110.355,1.1776,0.11,0.04,2.37356,3.57342,0,0.402875,6.048,4.07419e+06,2.70226e+06,9.67036e+06,0,0,0,2.28273e+08,78.4718,79.791,3.39429,0,0,2.9311,1.73124,0,2.15854,3.38688,8.46701e+06,3.61194e+06,2.48176e+07,0,0,0,6.20183e+07
96.6532,110.355,1.14532,0.11,0.04,2.51084,3.57345,0,0.444806,6.048,4.07419e+06,2.70226e+06,1.02296e+07,0,0,0,2.28273e+08,78.1734,79.791,3.21222,0,0,2.79386,1.73125,0,2.26457,3.38688,8.46701e+06,3.61194e+06,2.36556e+07,0,0,0,6.20183e+07
95.5754,110.355,1.63231,0.11,0.04,2.51088,3.57348,0,0.470531,6.048,4.07419e+06,2.70226e+06,1.02298e+07,0,0,0,2.28273e+08,77.9738,79.791,3.74703,0,0,2.79386,1.73126,0,2.15854,3.38688,8.46701e+06,3.61194e+06,2.36556e+07,0,0,0,6.20183e+07
95.1251,110.355,2.37452,0.14,0.04,2.51092,3.5735,0,0.470539,6.048,4.07419e+06,2.70226e+06,1.023e+07,0,0,0,2.28273e+08,78.0293,79.791,4.25159,0,0,2.79386,1.73128,0,2.15854,3.38688,8.46701e+06,3.61194e+06,2.36556e+07,0,0,0,6.20183e+07
94.7955,110.355,2.418,0.13,0.04,2.51096,3.57353,0,0.470546,6.048,4.07419e+06,2.70226e+06,1.02301e+07,0,0,0,2.28273e+08,77.8353,79.791,4.01,0,0,2.79386,1.73129,0,2.15854,3.38688,8.46701e+06,3.61194e+06,2.36556e+07,0,0,0,6.20183e+07
94.8811,110.355,2.78805,0.14,0.04,2.40196,3.46452,0,0.470553,6.048,4.07419e+06,2.70226e+06,9.78606e+06,0,0,0,2.28273e+08,77.929,79.791,5.51904,0,0,2.71056,1.648,0,2.15854,3.38688,8.46701e+06,3.61194e+06,2.29503e+07,0,0,0,6.20183e+07
94.909,110.355,2.68634,0.14,0.04,2.3187,3.46455,0,0.450128,6.048,4.07419e+06,2.70226e+06,9.44684e+06,0,0,0,2.28273e+08,77.9947,79.791,5.2414,0,0,2.79386,1.64801,0,2.09418,3.38688,8.46701e+06,3.61194e+06,2.36556e+07,0,0,0,6.20183e+07
95.2542,110.355,3.12986,0.12,0.04,2.31874,3.46457,0,0.434524,6.048,4.07419e+06,2.70226e+06,9.44699e+06,0,0,0,2.28273e+08,78.3755,79.791,6.56872,0,0,2.79386,1.64803,0,2.15854,3.38688,8.46701e+06,3.61194e+06,2.36556e+07,0,0,0,6.20183e+07
97.3431,110.355,5.10757,0.12,0.04,2.31878,3.4646,0,0.434532,6.048,4.07419e+06,2.70226e+06,9.44714e+06,0,0,0,2.28273e+08,79.1318,79.791,7.05703,0,0,2.79386,1.64804,0,2.15854,3.38688,8.46701e+06,3.61194e+06,2.36556e+07,0,0,0,6.20183e+07
100.903,110.355,6.5355,0.1,0.04,2.22931,3.37512,0,0.434539,6.048,4.07419e+06,2.70226e+06,9.08266e+06,0,0,0,2.28273e+08,80.1876,79.791,7.54927,0,0,2.71803,1.57222,0,2.15854,3.38688,8.46701e+06,3.61194e+06,2.30136e+07,0,0,0,6.20183e+07
106.377,110.355,8.51655,0.1,0.04,2.15352,3.37515,0,0.417773,6.048,4.07419e+06,2.70226e+06,8.77388e+06,0,0,0,2.28273e+08,80.8192,79.791,8.64793,0,0,2.79386,1.57224,0,2.09995,3.38688,8.46701e+06,3.61194e+06,2.36556e+07,0,0,0,6.20183e+07
110.355,110.355,9.37056,0.1,0.04,2.15356,3.37517,0,0.40357,6.048,4.07419e+06,2.70226e+06,8.77403e+06,0,0,0,2.28273e+08,80.8192,79.791,10.3431,0,0,2.79386,1.57225,0,2.15854,3.38688,8.46701e+06,3.61194e+06,2.36556e+07,0,0,0,6.20183e+07
110.355,110.355,8.74405,0.08,0.04,2.1536,3.3752,0,0.403577,6.048,4.07419e+06,2.70226e+06,8.77417e+06,0,0,0,2.28273e+08,80.8192,79.791,9.18538,0,0,2.79386,1.57226,0,2.15854,3.38688,8.46701e+06,3.61194e+06,2.36556e+07,0,0,0,6.20183e+07
110.355,110.355,10.2514,0.09,0.04,1.89944,3.12103,0,0.403584,6.048,4.07419e+06,2.70226e+06,7.73869e+06,0,0,0,2.28273e+08,80.8192,79.791,8.94737,0,0,2.63593,1.41434,0,2.15854,3.38688,8.46701e+06,3.61194e+06,2.23184e+07,0,0,0,6.20183e+07
110.355,110.355,11.9316,0.1,0.04,1.74155,3.12105,0,0.355955,6.048,4.07419e+06,2.70226e+06,7.0954e+06,0,0,0,2.28273e+08,80.8192,79.791,10.7075,0,0,2.79386,1.41435,0,2.03652,3.38688,8.46701e+06,3.61194e+06,2.36556e+07,0,0,0,6.20183e+07
110.355,110.355,12.5794,0.11,0.04,1.74158,3.12108,0,0.326366,6.048,4.07419e+06,2.70226e+06,7.09553e+06,0,0,0,2.28273e+08,80.8192,79.791,16.22,0,0,2.79386,1.41436,0,2.15854,3.38688,8.46701e+06,3.61194e+06,2.36556e+07,0,0,0,6.20183e+07
110.355,110.355,12.5398,0.11,0.04,1.74161,3.1211,0,0.326372,6.048,4.07419e+06,2.70226e+06,7.09567e+06,0,0,0,2.28273e+08,80.8192,79.791,13.9349,0,0,2.79386,1.41437,0,2.15853,3.38688,8.46701e+06,3.61194e+06,2.36556e+07,0,0,0,6.20183e+07
110.355,110.355,11.6931,0.12,0.04,1.74165,3.12112,0,0.326378,6.048,4.07419e+06,2.70226e+06,7.09581e+06,0,0,0,2.28273e+08,80.8192,79.791,12.1691,0,0,2.79386,1.41438,0,2.15854,3.38688,8.46701e+06,3.61194e+06,2.36556e+07,0,0,0,6.20183e+07
110.355,110.355,8.00053,0.12,0.04,1.83945,3.21892,0,0.326385,6.048,4.07419e+06,2.70226e+06,7.49427e+06,0,0,0,2.28273e+08,80.8192,79.791,9.19381,0,0,2.83959,1.46012,0,2.15853,3.38688,8.46701e+06,3.61194e+06,2.40428e+07,0,0,0,6.20183e+07
110.355,110.355,5.70108,0.12,0.04,1.88519,3.21892,0,0.344713,6.048,4.07419e+06,2.70226e+06,7.68064e+06,0,0,0,2.28273e+08,80.8192,79.791,8.81467,0,0,2.79385,1.46012,0,2.19387,3.38688,8.46701e+06,3.61194e+06,2.36555e+07,0,0,0,6.20183e+07
110.355,110.355,7.12108,0.12,0.04,1.8852,3.21892,0,0.353285,6.048,4.07419e+06,2.70226e+06,7.68066e+06,0,0,0,2.28273e+08,80.8192,79.791,8.83666,0,0,2.79385,1.46013,0,2.15853,3.38688,8.46701e+06,3.61194e+06,2.36555e+07,0,0,0,6.20183e+07
110.355,110.355,6.80902,0.12,0.04,1.8852,3.21892,0,0.353286,6.048,4.07419e+06,2.70226e+06,7.68068e+06,0,0,0,2.28273e+08,80.8192,79.791,8.32208,0,0,2.79385,1.46013,0,2.15853,3.38688,8.46701e+06,3.61194e+06,2.36555e+07,0,0,0,6.20183e+07
110.355,110.355,5.27723,0.12,0.04,2.19917,3.53289,0,0.353287,6.048,4.07419e+06,2.70226e+06,8.95986e+06,0,0,0,2.28273e+08,80.8192,79.791,5.95778,0,0,2.96553,1.63181,0,2.15853,3.38688,8.46701e+06,3.61194e+06,2.51092e+07,0,0,0,6.20183e+07
110.355,110.355,7.4971,0.13,0.04,2.37086,3.5329,0,0.412125,6.048,4.07419e+06,2.70226e+06,9.65934e+06,0,0,0,2.28273e+08,80.8192,79.791,9.25364,0,0,2.79385,1.63181,0,2.29117,3.38688,8.46701e+06,3.61194e+06,2.36555e+07,0,0,0,6.20183e+07
110.355,110.355,7.59552,0.13,0.04,2.37086,3.5329,0,0.444299,6.048,4.07419e+06,2.70226e+06,9.65936e+06,0,0,0,2.28273e+08,80.8192,79.791,10.7458,0,0,2.79385,1.63181,0,2.15853,3.38688,8.46701e+06,3.61194e+06,2.36555e+07,0,0,0,6.20183e+07
110.355,110.355,5.77422,0.14,0.04,2.37087,3.53291,0,0.4443,6.048,4.07419e+06,2.70226e+06,9.65938e+06,0,0,0,2.28273e+08,80.8192,79.791,6.8088,0,0,2.79385,1.63181,0,2.15853,3.38688,8.46701e+06,3.61194e+06,2.36555e+07,0,0,0,6.20183e+07
110.355,110.355,2.90161,0.14,0.04,1.92306,3.08509,0,0.444301,6.048,4.07419e+06,2.70226e+06,7.8349e+06,0,0,0,2.28273e+08,80.7877,79.791,3.11166,0,0,2.56345,1.40142,0,2.15853,3.38688,8.46701e+06,3.61194e+06,2.17048e+07,0,0,0,6.20183e+07
110.355,110.355,4.96796,0.14,0.04,1.69266,3.08509,0,0.360381,6.048,4.07419e+06,2.70226e+06,6.89623e+06,0,0,0,2.28273e+08,80.8192,79.791,4.99466,0,0,2.79385,1.40142,0,1.98052,3.38688,8.46701e+06,3.61194e+06,2.36555e+07,0,0,0,6.20183e+07
110.355,110.355,4.92835,0.15,0.04,1.69267,3.0851,0,0.317205,6.048,4.07419e+06,2.70226e+06,6.89625e+06,0,0,0,2.28273e+08,80.8192,79.791,6.7846,0,0,2.79385,1.40142,0,2.15853,3.38688,8.46701e+06,3.61194e+06,2.36555e+07,0,0,0,6.20183e+07
110.355,110.355,4.55255,0.16,0.04,1.69267,3.0851,0,0.317206,6.048,4.07419e+06,2.70226e+06,6.89627e+06,0,0,0,2.28273e+08,80.8192,79.791,5.05259,0,0,2.79385,1.40142,0,2.15853,3.38688,8.46701e+06,3.61194e+06,2.36555e+07,0,0,0,6.20183e+07
110.355,110.355,4.6124,0.17,0.04,1.69268,3.0851,0,0.317207,6.048,4.07419e+06,2.70226e+06,6.89629e+06,0,0,0,2.28273e+08,80.8192,79.791,5.81389,0,0,2.79385,1.40142,0,2.15853,3.38688,8.46701e+06,3.61194e+06,2.36555e+07,0,0,0,6.20183e+07
110.355,110.355,8.17792,0.17,0.04,1.8054,3.19783,0,0.317207,6.048,4.07419e+06,2.70226e+06,7.35556e+06,0,0,0,2.28273e+08,80.8192,79.791,8.21221,0,0,2.85021,1.45779,0,2.15853,3.38688,8.46701e+06,3.61194e+06,2.41328e+07,0,0,0,6.20183e+07
110.355,110.355,6.41846,0.16,0.04,1.86177,3.19783,0,0.338333,6.048,4.07419e+06,2.70226e+06,7.58522e+06,0,0,0,2.28273e+08,80.8192,79.791,6.99139,0,0,2.79385,1.45779,0,2.20207,3.38688,8.46701e+06,3.61194e+06,2.36555e+07,0,0,0,6.20183e+07
110.355,110.355,4.89808,0.15,0.04,1.86178,3.19783,0,0.348896,6.048,4.07419e+06,2.70226e+06,7.58524e+06,0,0,0,2.28273e+08,80.8192,79.791,5.98171,0,0,2.79385,1.45779,0,2.15853,3.38688,8.46701e+06,3.61194e+06,2.36555e+07,0,0,0,6.20183e+07
110.355,110.355,4.673,0.14,0.04,1.86178,3.19784,0,0.348897,6.048,4.07419e+06,2.70226e+06,7.58526e+06,0,0,0,2.28273e+08,80.8192,79.791,6.50485,0,0,2.79385,1.45779,0,2.15853,3.38688,8.46701e+06,3.61194e+06,2.36555e+07,0,0,0,6.20183e+07
110.355,110.355,4.50587,0.12,0.04,1.81771,3.15377,0,0.348898,6.048,4.07419e+06,2.70226e+06,7.40571e+06,0,0,0,2.28273e+08,80.8192,79.791,5.91898,0,0,2.77196,1.4359,0,2.15853,3.38688,8.46701e+06,3.61194e+06,2.34702e+07,0,0,0,6.20183e+07
110.355,110.355,4.14443,0.11,0.04,1.79582,3.15377,0,0.340639,6.048,4.07419e+06,2.70226e+06,7.31654e+06,0,0,0,2.28273e+08,80.8192,79.791,5.56162,0,0,2.79385,1.4359,0,2.14161,3.38688,8.46701e+06,3.61194e+06,2.36555e+07,0,0,0,6.20183e+07
110.355,110.355,3.79949,0.07,0.04,1.79583,3.15377,0,0.336538,6.048,4.07419e+06,2.70226e+06,7.31656e+06,0,0,0,2.28273e+08,80.8192,79.791,5.34099,0,0,2.79385,1.43591,0,2.15853,3.38688,8.46701e+06,3.61194e+06,2.36555e+07,0,0,0,6.20183e+07
110.355,110.355,3.68434,0.06,0.04,1.79583,3.15378,0,0.336538,6.048,4.07419e+06,2.70226e+06,7.31658e+06,0,0,0,2.28273e+08,80.8192,79.791,5.39445,0,0,2.79385,1.43591,0,2.15853,3.38688,8.46701e+06,3.61194e+06,2.36555e+07,0,0,0,6.20183e+07
110.355,110.355,3.48837,0.05,0.04,1.94544,3.30339,0,0.336539,6.048,4.07419e+06,2.70226e+06,7.92612e+06,0,0,0,2.28273e+08,80.8192,79.791,5.65799,0,0,2.87148,1.51354,0,2.15853,3.38688,8.46701e+06,3.61194e+06,2.43129e+07,0,0,0,6.20183e+07
110.355,110.355,3.07214,0.05,0.04,2.02308,3.30339,0,0.364576,6.048,4.07419e+06,2.70226e+06,8.24243e+06,0,0,0,2.28273e+08,80.8192,79.791,4.79316,0,0,2.79385,1.51354,0,2.21851,3.38688,8.46701e+06,3.61194e+06,2.36555e+07,0,0,0,6.20183e+07
110.355,110.355,2.92123,0.05,0.04,2.02309,3.30339,0,0.379126,6.048,4.07419e+06,2.70226e+06,8.24245e+06,0,0,0,2.28273e+08,80.8192,79.791,4.19061,0,0,2.79385,1.51354,0,2.15853,3.38688,8.46701e+06,3.61194e+06,2.36555e+07,0,0,0,6.20183e+07
110.355,110.355,2.77492,0.05,0.04,2.02309,3.3034,0,0.379126,6.048,4.07419e+06,2.70226e+06,8.24247e+06,0,0,0,2.28273e+08,80.8192,79.791,3.93557,0,0,2.79385,1.51355,0,2.15853,3.38688,8.46701e+06,3.61194e+06,2.36555e+07,0,0,0,6.20183e+07
110.355,110.355,2.88226,0.05,0.04,2.0231,3.3034,0,0.379127,6.048,4.07419e+06,2.70226e+06,8.24249e+06,0,0,0,2.28273e+08,80.8192,79.791,3.25349,0,0,2.79385,1.51355,0,2.15853,3.38688,8.46701e+06,3.61194e+06,2.36555e+07,0,0,0,6.20183e+07
110.355,110.355,2.74904,0.05,0.04,1.99351,3.27382,0,0.379128,6.048,4.07419e+06,2.70226e+06,8.12196e+06,0,0,0,2.28273e+08,80.8192,79.791,2.98323,0,0,2.83652,1.55622,0,2.15853,3.38688,8.46701e+06,3.61194e+06,2.40168e+07,0,0,0,6.20183e+07
110.355,110.355,2.51019,0.06,0.04,2.03619,3.27382,0,0.373585,6.048,4.07419e+06,2.70226e+06,8.29582e+06,0,0,0,2.28273e+08,80.8192,79.791,2.9261,0,0,2.79385,1.55622,0,2.19149,3.38688,8.46701e+06,3.61194e+06,2.36555e+07,0,0,0,6.20183e+07
110.148,110.355,2.27605,0.06,0.04,2.03619,3.27382,0,0.381582,6.048,4.07419e+06,2.70226e+06,8.29584e+06,0,0,0,2.28273e+08,80.8192,79.791,2.66455,0,0,2.79385,1.55622,0,2.15853,3.38688,8.46701e+06,3.61194e+06,2.36555e+07,0,0,0,6.20183e+07
109.962,110.355,2.21804,0.07,0.04,2.0362,3.27382,0,0.381582,6.048,4.07419e+06,2.70226e+06,8.29586e+06,0,0,0,2.28273e+08,80.6889,79.791,2.47244,0,0,2.79385,1.55622,0,2.15853,3.38688,8.46701e+06,3.61194e+06,2.36555e+07,0,0,0,6.20183e+07
110.175,110.355,2.70058,0.07,0.04,2.11261,3.35023,0,0.381583,6.048,4.07419e+06,2.70226e+06,8.60717e+06,0,0,0,2.28273e+08,80.7354,79.791,2.78939,0,0,2.83188,1.59425,0,2.15853,3.38688,8.46701e+06,3.61194e+06,2.39775e+07,0,0,0,6.20183e+07
110.151,110.355,2.47199,0.07,0.04,2.15064,3.35024,0,0.395902,6.048,4.07419e+06,2.70226e+06,8.76212e+06,0,0,0,2.28273e+08,80.6242,79.791,2.72153,0,0,2.79385,1.59425,0,2.18791,3.38688,8.46701e+06,3.61194e+06,2.36555e+07,0,0,0,6.20183e+07
109.927,110.355,2.26754,0.07,0.04,2.15064,3.35024,0,0.40303,6.048,4.07419e+06,2.70226e+06,8.76214e+06,0,0,0,2.28273e+08,80.4483,79.791,2.39325,0,0,2.79385,1.59425,0,2.15853,3.38688,8.46701e+06,3.61194e+06,2.36555e+07,0,0,0,6.20183e+07
109.844,110.355,2.38744,0.07,0.04,2.15065,3.35024,0,0.403031,6.048,4.07419e+06,2.70226e+06,8.76216e+06,0,0,0,2.28273e+08,80.388,79.791,2.84795,0,0,2.79385,1.59426,0,2.15853,3.38688,8.46701e+06,3.61194e+06,2.36555e+07,0,0,0,6.20183e+07
109.713,110.355,2.53789,0.07,0.04,2.3744,3.57399,0,0.403032,6.048,4.07419e+06,2.70226e+06,9.67378e+06,0,0,0,2.28273e+08,80.1276,79.791,2.65083,0,0,2.93111,1.73152,0,2.15853,3.38688,8.46701e+06,3.61194e+06,2.48177e+07,0,0,0,6.20183e+07
108.954,110.355,2.03308,0.07,0.04,2.51167,3.574,0,0.444963,6.048,4.07419e+06,2.70226e+06,1.0233e+07,0,0,0,2.28273e+08,79.6953,79.791,1.92205,0,0,2.79385,1.73152,0,2.26457,3.38688,8.46701e+06,3.61194e+06,2.36555e+07,0,0,0,6.20183e+07
108.653,110.355,2.47586,0.07,0.04,2.51167,3.574,0,0.470686,6.048,4.07419e+06,2.70226e+06,1.0233e+07,0,0,0,2.28273e+08,79.6511,79.791,3.32264,0,0,2.79385,1.73152,0,2.15853,3.38688,8.46701e+06,3.61194e+06,2.36555e+07,0,0,0,6.20183e+07
107.856,110.355,1.96799,0.07,0.04,2.51168,3.57401,0,0.470687,6.048,4.07419e+06,2.70226e+06,1.02331e+07,0,0,0,2.28273e+08,79.3426,79.791,2.33616,0,0,2.79385,1.73152,0,2.15853,3.38688,8.46701e+06,3.61194e+06,2.36555e+07,0,0,0,6.20183e+07
107.07,110.355,1.9881,0.08,0.04,2.51168,3.57401,0,0.470688,6.048,4.07419e+06,2.70226e+06,1.02331e+07,0,0,0,2.28273e+08,79.0565,79.791,2.37912,0,0,2.79385,1.73152,0,2.15853,3.38688,8.46701e+06,3.61194e+06,2.36555e+07,0,0,0,6.20183e+07
106.308,110.355,1.96519,0.09,0.04,2.40264,3.46497,0,0.470689,6.048,4.07419e+06,2.70226e+06,9.78882e+06,0,0,0,2.28273e+08,78.7687,79.791,2.22083,0,0,2.71054,1.64821,0,2.15853,3.38688,8.46701e+06,3.61194e+06,2.29501e+07,0,0,0,6.20183e+07
106.335,110.355,2.73813,0.1,0.04,2.31933,3.46497,0,0.450255,6.048,4.07419e+06,2.70226e+06,9.44942e+06,0,0,0,2.28273e+08,78.5607,79.791,2.44494,0,0,2.79385,1.64821,0,2.09416,3.38688,8.46701e+06,3.61194e+06,2.36555e+07,0,0,0,6.20183e+07
107.341,110.355,3.81939,0.1,0.04,2.31934,3.46497,0,0.434643,6.048,4.07419e+06,2.70226e+06,9.44944e+06,0,0,0,2.28273e+08,78.8149,79.791,4.02711,0,0,2.79385,1.64822,0,2.15853,3.38688,8.46701e+06,3.61194e+06,2.36555e+07,0,0,0,6.20183e+07
107.443,110.355,2.99814,0.08,0.04,2.31934,3.46498,0,0.434644,6.048,4.07419e+06,2.70226e+06,9.44946e+06,0,0,0,2.28273e+08,79.049,79.791,3.4706,0,0,2.79385,1.64822,0,2.15853,3.38688,8.46701e+06,3.61194e+06,2.36555e+07,0,0,0,6.20183e+07
107.279,110.355,2.73747,0.08,0.04,2.22984,3.37547,0,0.434645,6.048,4.07419e+06,2.70226e+06,9.0848e+06,0,0,0,2.28273e+08,79.5522,79.791,5.12626,0,0,2.71802,1.57239,0,2.15853,3.38688,8.46701e+06,3.61194e+06,2.30134e+07,0,0,0,6.20183e+07
108.575,110.355,4.17398,0.08,0.04,2.15401,3.37547,0,0.417872,6.048,4.07419e+06,2.70226e+06,8.77586e+06,0,0,0,2.28273e+08,79.7231,79.791,4.34964,0,0,2.79385,1.57239,0,2.09994,3.38688,8.46701e+06,3.61194e+06,2.36555e+07,0,0,0,6.20183e+07
108.484,110.355,2.80748,0.09,0.04,2.15402,3.37548,0,0.403662,6.048,4.07419e+06,2.70226e+06,8.77588e+06,0,0,0,2.28273e+08,79.9663,79.791,4.19941,0,0,2.79385,1.57239,0,2.15853,3.38688,8.46701e+06,3.61194e+06,2.36555e+07,0,0,0,6.20183e+07
109.222,110.355,3.76649,0.09,0.04,2.15402,3.37548,0,0.403662,6.048,4.07419e+06,2.70226e+06,8.7759e+06,0,0,0,2.28273e+08,80.5257,79.791,5.21047,0,0,2.79385,1.57239,0,2.15853,3.38688,8.46701e+06,3.61194e+06,2.36555e+07,0,0,0,6.20183e+07
110.355,110.355,8.32725,0.09,0.04,1.89981,3.12127,0,0.403663,6.048,4.07419e+06,2.70226e+06,7.74021e+06,0,0,0,2.28273e+08,80.8192,79.791,7.53432,0,0,2.63591,1.41445,0,2.15853,3.38688,8.46701e+06,3.61194e+06,2.23182e+07,0,0,0,6.20183e+07
110.355,110.355,6.29583,0.11,0.04,1.74188,3.12127,0,0.356025,6.048,4.07419e+06,2.70226e+06,7.09674e+06,0,0,0,2.28273e+08,80.8192,79.791,5.04815,0,0,2.79385,1.41445,0,2.0365,3.38688,8.46701e+06,3.61194e+06,2.36555e+07,0,0,0,6.20183e+07
110.355,110.355,7.25096,0.11,0.04,1.74188,3.12128,0,0.326428,6.048,4.07419e+06,2.70226e+06,7.09676e+06,0,0,0,2.28273e+08,80.8192,79.791,6.04838,0,0,2.79385,1.41445,0,2.15853,3.38688,8.46701e+06,3.61194e+06,2.36555e+07,0,0,0,6.20183e+07
110.355,110.355,7.66386,0.11,0.04,1.74188,3.12128,0,0.326428,6.048,4.07419e+06,2.70226e+06,7.09678e+06,0,0,0,2.28273e+08,80.8192,79.791,9.15872,0,0,2.79385,1.41445,0,2.15853,3.38688,8.46701e+06,3.61194e+06,2.36555e+07,0,0,0,6.20183e+07
110.355,110.355,7.40481,0.12,0.04,1.74189,3.12128,0,0.326429,6.048,4.07419e+06,2.70226e+06,7.0968e+06,0,0,0,2.28273e+08,80.8192,79.791,8.49864,0,0,2.79385,1.41446,0,2.15853,3.38688,8.46701e+06,3.61194e+06,2.36555e+07,0,0,0,6.20183e+07
110.355,110.355,4.34814,0.12,0.04,1.83967,3.21906,0,0.32643,6.048,4.07419e+06,2.70226e+06,7.49517e+06,0,0,0,4.71858e+08,80.8192,79.791,4.84762,0,0,2.83958,1.46019,0,2.15853,3.38688,8.46701e+06,3.61194e+06,2.40427e+07,0,0,0,6.20183e+07
110.355,110.355,3.85909,0.12,0.04,1.88538,3.21904,0,0.344754,6.048,4.07419e+06,2.70226e+06,7.68142e+06,0,0,0,4.71858e+08,80.8192,79.791,3.96891,0,0,2.79384,1.46018,0,2.19386,3.38688,8.46701e+06,3.61194e+06,2.36555e+07,0,0,0,6.20183e+07
110.355,110.355,2.97594,0.12,0.04,1.88536,3.21903,0,0.353321,6.048,4.07419e+06,2.70226e+06,7.68132e+06,0,0,0,4.71858e+08,80.8115,79.791,3.11433,0,0,2.79384,1.46017,0,2.15852,3.38688,8.46701e+06,3.61194e+06,2.36555e+07,0,0,0,6.20183e+07
110.355,110.355,2.81372,0.12,0.04,1.88533,3.21901,0,0.353316,6.048,4.07419e+06,2.70226e+06,7.68122e+06,0,0,0,4.71858e+08,80.7286,79.791,2.77782,0,0,2.79384,1.46017,0,2.15852,3.38688,8.46701e+06,3.61194e+06,2.36555e+07,0,0,0,6.20183e+07
110.355,110.355,3.41421,0.12,0.04,2.19928,3.53296,0,0.353312,6.048,4.07419e+06,2.70226e+06,8.9603e+06,0,0,0,4.71858e+08,80.6319,79.791,3.02875,0,0,2.96552,1.63184,0,2.15852,3.38688,8.46701e+06,3.61194e+06,2.51091e+07,0,0,0,6.20183e+07
109.696,110.355,2.60412,0.13,0.04,2.37094,3.53295,0,0.412145,6.048,4.07419e+06,2.70226e+06,9.65966e+06,0,0,0,4.71858e+08,80.8192,79.791,3.79645,0,0,2.79384,1.63183,0,2.29116,3.38688,8.46701e+06,3.61194e+06,2.36555e+07,0,0,0,6.20183e+07
110.241,110.355,3.77023,0.13,0.04,2.37091,3.53293,0,0.444314,6.048,4.07419e+06,2.70226e+06,9.65955e+06,0,0,0,4.71858e+08,80.8192,79.791,4.87737,0,0,2.79384,1.63182,0,2.15852,3.38688,8.46701e+06,3.61194e+06,2.36555e+07,0,0,0,6.20183e+07
110.355,110.355,4.55216,0.14,0.04,2.37088,3.53291,0,0.444309,6.048,4.07419e+06,2.70226e+06,9.65944e+06,0,0,0,4.71858e+08,80.8192,79.791,4.13149,0,0,2.79384,1.63181,0,2.15852,3.38688,8.46701e+06,3.61194e+06,2.36555e+07,0,0,0,6.20183e+07
110.355,110.355,3.87138,0.14,0.04,1.92304,3.08507,0,0.444303,6.048,4.07419e+06,2.70226e+06,7.83483e+06,0,0,0,4.71858e+08,80.6494,79.791,3.47289,0,0,2.56344,1.40141,0,2.15852,3.38688,8.46701e+06,3.61194e+06,2.17047e+07,0,0,0,6.20183e+07
110.355,110.355,5.26084,0.13,0.04,1.69262,3.08506,0,0.360377,6.048,4.07419e+06,2.70226e+06,6.89605e+06,0,0,0,4.71858e+08,80.8192,79.791,5.14875,0,0,2.79384,1.4014,0,1.98052,3.38688,8.46701e+06,3.61194e+06,2.36555e+07,0,0,0,6.20183e+07
110.355,110.355,3.71486,0.15,0.04,1.69259,3.08504,0,0.317196,6.048,4.07419e+06,2.70226e+06,6.89595e+06,0,0,0,4.71858e+08,80.6635,79.791,3.37992,0,0,2.79384,1.40139,0,2.15852,3.38688,8.46701e+06,3.61194e+06,2.36555e+07,0,0,0,6.20183e+07
110.355,110.355,4.35034,0.16,0.04,1.69257,3.08502,0,0.317192,6.048,4.07419e+06,2.70226e+06,6.89585e+06,0,0,0,4.71858e+08,80.8192,79.791,4.75324,0,0,2.79384,1.40139,0,2.15852,3.38688,8.46701e+06,3.61194e+06,2.36555e+07,0,0,0,6.20183e+07
110.355,110.355,6.22812,0.17,0.04,1.69254,3.08501,0,0.317187,6.048,4.07419e+06,2.70226e+06,6.89576e+06,0,0,0,4.71858e+08,80.7229,79.791,3.7051,0,0,2.79384,1.40138,0,2.15852,3.38688,8.46701e+06,3.61194e+06,2.36555e+07,0,0,0,6.20183e+07
110.355,110.355,6.27049,0.17,0.04,1.80524,3.19771,0,0.317183,6.048,4.07419e+06,2.70226e+06,7.3549e+06,0,0,0,4.71858e+08,80.8192,79.791,5.20842,0,0,2.8502,1.45773,0,2.15852,3.38688,8.46701e+06,3.61194e+06,2.41327e+07,0,0,0,6.20183e+07
110.355,110.355,5.43942,0.16,0.04,1.86158,3.19769,0,0.338302,6.048,4.07419e+06,2.70226e+06,7.58442e+06,0,0,0,4.71858e+08,80.8192,79.791,6.25556,0,0,2.79384,1.45773,0,2.20207,3.38688,8.46701e+06,3.61194e+06,2.36555e+07,0,0,0,6.20183e+07
110.355,110.355,4.04391,0.15,0.04,1.86155,3.19767,0,0.348859,6.048,4.07419e+06,2.70226e+06,7.58432e+06,0,0,0,4.71858e+08,80.8192,79.791,4.54516,0,0,2.79384,1.45772,0,2.15852,3.38688,8.46701e+06,3.61194e+06,2.36555e+07,0,0,0,6.20183e+07
110.355,110.355,3.54957,0.14,0.04,1.86153,3.19766,0,0.348855,6.048,4.07419e+06,2.70226e+06,7.58422e+06,0,0,0,4.71858e+08,80.7913,79.791,3.59702,0,0,2.79384,1.45771,0,2.15852,3.38688,8.46701e+06,3.61194e+06,2.36555e+07,0,0,0,6.20183e+07
110.355,110.355,3.33102,0.12,0.04,1.81743,3.15357,0,0.34885,6.048,4.07419e+06,2.70226e+06,7.40456e+06,0,0,0,4.71858e+08,80.7806,79.791,3.57481,0,0,2.77195,1.43581,0,2.15852,3.38688,8.46701e+06,3.61194e+06,2.34701e+07,0,0,0,6.20183e+07
110.355,110.355,3.01498,0.11,0.04,1.79552,3.15355,0,0.340586,6.048,4.07419e+06,2.70226e+06,7.31528e+06,0,0,0,4.71858e+08,80.661,79.791,2.99203,0,0,2.79384,1.4358,0,2.14161,3.38688,8.46701e+06,3.61194e+06,2.36555e+07,0,0,0,6.20183e+07
110.355,110.355,3.59757,0.07,0.04,1.79549,3.15353,0,0.33648,6.048,4.07419e+06,2.70226e+06,7.31518e+06,0,0,0,4.71858e+08,80.5073,79.791,3.10226,0,0,2.79384,1.4358,0,2.15852,3.38688,8.46701e+06,3.61194e+06,2.36555e+07,0,0,0,6.20183e+07
110.355,110.355,2.75774,0.06,0.04,1.79547,3.15352,0,0.336475,6.048,4.07419e+06,2.70226e+06,7.31508e+06,0,0,0,4.71858e+08,80.3072,79.791,2.9706,0,0,2.79384,1.43579,0,2.15852,3.38688,8.46701e+06,3.61194e+06,2.36555e+07,0,0,0,6.20183e+07
110.355,110.355,2.84722,0.05,0.04,1.94503,3.30309,0,0.33647,6.048,4.07419e+06,2.70226e+06,7.92444e+06,0,0,0,4.71858e+08,80.2013,79.791,3.07813,0,0,2.87147,1.51341,0,2.15852,3.38688,8.46701e+06,3.61194e+06,2.43127e+07,0,0,0,6.20183e+07
110.355,110.355,2.60462,0.04,0.04,2.02263,3.30307,0,0.364499,6.048,4.07419e+06,2.70226e+06,8.2406e+06,0,0,0,4.71858e+08,80.0254,79.791,2.7935,0,0,2.79384,1.5134,0,2.21849,3.38688,8.46701e+06,3.61194e+06,2.36555e+07,0,0,0,6.20183e+07
110.272,110.355,2.41222,0.05,0.04,2.02261,3.30306,0,0.379042,6.048,4.07419e+06,2.70226e+06,8.2405e+06,0,0,0,4.71858e+08,79.7896,79.791,2.6894,0,0,2.79384,1.51339,0,2.15852,3.38688,8.46701e+06,3.61194e+06,2.36555e+07,0,0,0,6.20183e+07
110.07,110.355,2.27735,0.05,0.04,2.02258,3.30304,0,0.379037,6.048,4.07419e+06,2.70226e+06,8.24039e+06,0,0,0,4.71858e+08,79.5172,79.791,2.53095,0,0,2.79384,1.51338,0,2.15852,3.38688,8.46701e+06,3.61194e+06,2.36555e+07,0,0,0,6.20183e+07
109.661,110.355,2.04272,0.05,0.04,2.02256,3.30302,0,0.379032,6.048,4.07419e+06,2.70226e+06,8.24029e+06,0,0,0,4.71858e+08,79.2601,79.791,2.30933,0,0,2.79384,1.51337,0,2.15852,3.38688,8.46701e+06,3.61194e+06,2.36555e+07,0,0,0,6.20183e+07
109.15,110.355,1.90287,0.05,0.04,1.99295,3.27342,0,0.379027,6.048,4.07419e+06,2.70226e+06,8.11965e+06,0,0,0,4.71858e+08,78.9968,79.791,2.15637,0,0,2.8365,1.55603,0,2.15852,3.38688,8.46701e+06,3.61194e+06,2.40167e+07,0,0,0,6.20183e+07
108.458,110.355,1.75602,0.06,0.04,2.03558,3.2734,0,0.373478,6.048,4.07419e+06,2.70226e+06,8.29337e+06,0,0,0,4.71858e+08,78.5989,79.791,2.13834,0,0,2.79384,1.55602,0,2.19148,3.38688,8.46701e+06,3.61194e+06,2.36555e+07,0,0,0,6.20183e+07
107.621,110.355,1.60388,0.06,0.04,2.03556,3.27339,0,0.381469,6.048,4.07419e+06,2.70226e+06,8.29326e+06,0,0,0,4.71858e+08,78.0752,79.791,1.90718,0,0,2.79384,1.55601,0,2.15852,3.38688,8.46701e+06,3.61194e+06,2.36555e+07,0,0,0,6.20183e+07
106.634,110.355,1.4124,0.06,0.04,2.03553,3.27337,0,0.381464,6.048,4.07419e+06,2.70226e+06,8.29316e+06,0,0,0,4.71858e+08,77.5726,79.791,1.74325,0,0,2.79384,1.556,0,2.15852,3.38688,8.46701e+06,3.61194e+06,2.36555e+07,0,0,0,6.20183e+07
105.616,110.355,1.43153,0.09,0.04,2.1119,3.34974,0,0.381459,6.048,4.07419e+06,2.70226e+06,8.60429e+06,0,0,0,4.71858e+08,77.1408,79.791,1.91712,0,0,2.83186,1.59402,0,2.15852,3.38688,8.46701e+06,3.61194e+06,2.39774e+07,0,0,0,6.20183e+07
104.447,110.355,1.29322,0.09,0.04,2.1499,3.34973,0,0.39577,6.048,4.07419e+06,2.70226e+06,8.75909e+06,0,0,0,4.71858e+08,76.4466,79.791,1.82932,0,0,2.79384,1.59401,0,2.1879,3.38688,8.46701e+06,3.61194e+06,2.36555e+07,0,0,0,6.20183e+07
103.172,110.355,1.17789,0.1,0.04,2.14987,3.34971,0,0.40289,6.048,4.07419e+06,2.70226e+06,8.75898e+06,0,0,0,4.71858e+08,75.9385,79.791,1.5925,0,0,2.79384,1.594,0,2.15852,3.38688,8.46701e+06,3.61194e+06,2.36555e+07,0,0,0,6.20183e+07
102.013,110.355,1.2768,0.1,0.04,2.14984,3.34969,0,0.402885,6.048,4.07419e+06,2.70226e+06,8.75888e+06,0,0,0,4.71858e+08,75.1357,79.791,1.98395,0,0,2.79384,1.59399,0,2.15852,3.38688,8.46701e+06,3.61194e+06,2.36555e+07,0,0,0,6.20183e+07
100.454,110.355,1.132,0.1,0.04,2.37353,3.57338,0,0.40288,6.048,4.07419e+06,2.70226e+06,9.67021e+06,0,0,0,4.71858e+08,74.2953,79.791,1.38415,0,0,2.93107,1.73122,0,2.15852,3.38688,8.46701e+06,3.61194e+06,2.48174e+07,0,0,0,6.20183e+07
98.8589,110.355,1.22723,0.12,0.04,2.51073,3.57336,0,0.444799,6.048,4.07419e+06,2.70226e+06,1.02292e+07,0,0,0,4.71858e+08,73.2835,79.791,1.5462,0,0,2.79384,1.73121,0,2.26455,3.38688,8.46701e+06,3.61194e+06,2.36554e+07,0,0,0,6.20183e+07
97.034,110.355,0.996838,0.11,0.04,2.5107,3.57334,0,0.470511,6.048,4.07419e+06,2.70226e+06,1.02291e+07,0,0,0,4.71858e+08,72.6406,79.791,1.16576,0,0,2.79384,1.7312,0,2.15852,3.38688,8.46701e+06,3.61194e+06,2.36554e+07,0,0,0,6.20183e+07
95.4148,110.355,1.18222,0.11,0.04,2.51068,3.57332,0,0.470506,6.048,4.07419e+06,2.70226e+06,1.0229e+07,0,0,0,4.71858e+08,71.6965,79.791,1.8991,0,0,2.79384,1.73119,0,2.15852,3.38688,8.46701e+06,3.61194e+06,2.36554e+07,0,0,0,6.20183e+07
93.4314,110.355,0.821485,0.14,0.04,2.51065,3.57331,0,0.470501,6.048,4.07419e+06,2.70226e+06,1.02289e+07,0,0,0,4.71858e+08,70.2777,79.791,1.11596,0,0,2.79384,1.73118,0,2.15852,3.38688,8.46701e+06,3.61194e+06,2.36554e+07,0,0,0,6.20183e+07
91.3347,110.355,0.610039,0.14,0.04,2.40159,3.46426,0,0.470495,6.048,4.07419e+06,2.70226e+06,9.78456e+06,0,0,0,4.71858e+08,68.7632,79.791,0.732989,0,0,2.71054,1.64788,0,2.15852,3.38688,8.46701e+06,3.61194e+06,2.29502e+07,0,0,0,6.20183e+07
89.318,110.355,0.632822,0.14,0.04,2.31827,3.46424,0,0.450059,6.048,4.07419e+06,2.70226e+06,9.44509e+06,0,0,0,4.71858e+08,67.4859,79.791,0.711079,0,0,2.79384,1.64787,0,2.09417,3.38688,8.46701e+06,3.61194e+06,2.36555e+07,0,0,0,6.20183e+07
88.2685,110.355,1.84061,0.17,0.04,2.31824,3.46422,0,0.434444,6.048,4.07419e+06,2.70226e+06,9.44498e+06,0,0,0,4.71858e+08,66.7943,79.791,1.34631,0,0,2.79384,1.64786,0,2.15852,3.38688,8.46701e+06,3.61194e+06,2.36555e+07,0,0,0,6.20183e+07
86.9008,110.355,1.49885,0.17,0.04,2.31822,3.4642,0,0.434439,6.048,4.07419e+06,2.70226e+06,9.44487e+06,0,0,0,4.71858e+08,66.3853,79.791,1.36739,0,0,2.79384,1.64785,0,2.15852,3.38688,8.46701e+06,3.61194e+06,2.36555e+07,0,0,0,6.20183e+07
86.4553,110.355,2.32979,0.19,0.04,2.2287,3.3747,0,0.434434,6.048,4.07419e+06,2.70226e+06,9.08016e+06,0,0,0,4.71858e+08,66.1952,79.791,2.30523,0,0,2.71802,1.57203,0,2.15852,3.38688,8.46701e+06,3.61194e+06,2.30135e+07,0,0,0,6.20183e+07
86.4923,110.355,2.78184,0.2,0.04,2.15286,3.37468,0,0.417659,6.048,4.07419e+06,2.70226e+06,8.77116e+06,0,0,0,4.71858e+08,66.1916,79.791,2.69322,0,0,2.79384,1.57202,0,2.09994,3.38688,8.46701e+06,3.61194e+06,2.36555e+07,0,0,0,6.20183e+07
86.9213,110.355,3.33335,0.21,0.04,2.15283,3.37466,0,0.403445,6.048,4.07419e+06,2.70226e+06,8.77105e+06,0,0,0,4.71858e+08,66.5597,79.791,3.32992,0,0,2.79384,1.57201,0,2.15852,3.38688,8.46701e+06,3.61194e+06,2.36555e+07,0,0,0,6.20183e+07
89.1165,110.355,5.08405,0.23,0.04,2.1528,3.37464,0,0.40344,6.048,4.07419e+06,2.70226e+06,8.77094e+06,0,0,0,4.71858e+08,66.6141,79.791,3.49809,0,0,2.79384,1.572,0,2.15852,3.38688,8.46701e+06,3.61194e+06,2.36555e+07,0,0,0,6.20183e+07
90.1301,110.355,3.70985,0.22,0.04,1.89863,3.12048,0,0.403435,6.048,4.07419e+06,2.70226e+06,7.73538e+06,0,0,0,4.71858e+08,67.0095,79.791,3.96997,0,0,2.63594,1.41409,0,2.15852,3.38688,8.46701e+06,3.61194e+06,2.23185e+07,0,0,0,6.20183e+07
90.4309,110.355,2.8581,0.25,0.04,1.7407,3.12046,0,0.355803,6.048,4.07419e+06,2.70226e+06,7.09196e+06,0,0,0,4.71858e+08,67.3212,79.791,3.68495,0,0,2.79384,1.41408,0,2.03653,3.38688,8.46701e+06,3.61194e+06,2.36555e+07,0,0,0,6.20183e+07
90.8938,110.355,3.06451,0.17,0.04,1.74068,3.12044,0,0.326208,6.048,4.07419e+06,2.70226e+06,7.09186e+06,0,0,0,4.71858e+08,67.5345,79.791,3.42606,0,0,2.79384,1.41408,0,2.15852,3.38688,8.46701e+06,3.61194e+06,2.36555e+07,0,0,0,6.20183e+07
90.8427,110.355,2.51409,0.18,0.04,1.74065,3.12043,0,0.326203,6.048,4.07419e+06,2.70226e+06,7.09176e+06,0,0,0,4.71858e+08,67.6955,79.791,3.09443,0,0,2.79384,1.41407,0,2.15852,3.38688,8.46701e+06,3.61194e+06,2.36555e+07,0,0,0,6.20183e+07
92.7951,110.355,4.5307,0.17,0.04,1.74063,3.12041,0,0.326199,6.048,4.07419e+06,2.70226e+06,7.09166e+06,0,0,0,4.71858e+08,67.6576,79.791,2.76521,0,0,2.79384,1.41406,0,2.15852,3.38688,8.46701e+06,3.61194e+06,2.36555e+07,0,0,0,6.20183e+07
95.6709,110.355,5.51637,0.19,0.04,1.83835,3.21814,0,0.326194,6.048,4.07419e+06,2.70226e+06,7.4898e+06,0,0,0,4.71858e+08,67.4784,79.791,2.59665,0,0,2.83956,1.45977,0,2.15852,3.38688,8.46701e+06,3.61194e+06,2.40426e+07,0,0,0,6.20183e+07
98.0189,110.355,5.02136,0.2,0.04,1.88403,3.2181,0,0.344507,6.048,4.07419e+06,2.70226e+06,7.67588e+06,0,0,0,4.71858e+08,67.2501,79.791,2.41441,0,0,2.79383,1.45975,0,2.19384,3.38688,8.46701e+06,3.61194e+06,2.36554e+07,0,0,0,6.20183e+07
100.394,110.355,5.12089,0.13,0.04,1.88397,3.21806,0,0.353066,6.048,4.07419e+06,2.70226e+06,7.67566e+06,0,0,0,4.71858e+08,67.0296,79.791,2.46031,0,0,2.79383,1.45974,0,2.15851,3.38688,8.46701e+06,3.61194e+06,2.36554e+07,0,0,0,6.20183e+07
102.858,110.355,5.32466,0.13,0.04,1.88392,3.21803,0,0.353056,6.048,4.07419e+06,2.70226e+06,7.67544e+06,0,0,0,4.71858e+08,66.773,79.791,2.53437,0,0,2.79383,1.45972,0,2.15851,3.38688,8.46701e+06,3.61194e+06,2.36554e+07,0,0,0,6.20183e+07
106.063,110.355,6.35074,0.13,0.04,2.19774,3.53186,0,0.353046,6.048,4.07419e+06,2.70226e+06,8.954e+06,0,0,0,4.71858e+08,66.7096,79.791,3.65898,0,0,2.96546,1.63133,0,2.15851,3.38688,8.46701e+06,3.61194e+06,2.51086e+07,0,0,0,6.20183e+07
107.14,110.355,4.24501,0.14,0.04,2.36931,3.53182,0,0.411856,6.048,4.07419e+06,2.70226e+06,9.65302e+06,0,0,0,4.71858e+08,66.2062,79.791,2.48409,0,0,2.79383,1.63131,0,2.29112,3.38688,8.46701e+06,3.61194e+06,2.36554e+07,0,0,0,6.20183e+07
108.144,110.355,4.17357,0.14,0.04,2.36925,3.53178,0,0.444008,6.048,4.07419e+06,2.70226e+06,9.65277e+06,0,0,0,4.71858e+08,65.9263,79.791,1.93517,0,0,2.79383,1.63129,0,2.15851,3.38688,8.46701e+06,3.61194e+06,2.36554e+07,0,0,0,6.20183e+07
110.355,110.355,6.85129,0.12,0.04,2.36919,3.53174,0,0.443997,6.048,4.07419e+06,2.70226e+06,9.65253e+06,0,0,0,4.71858e+08,65.97,79.791,3.00293,0,0,2.79383,1.63128,0,2.15851,3.38688,8.46701e+06,3.61194e+06,2.36554e+07,0,0,0,6.20183e+07
110.355,110.355,10.0797,0.12,0.04,1.92146,3.08403,0,0.443986,6.048,4.07419e+06,2.70226e+06,7.8284e+06,0,0,0,4.71858e+08,66.767,79.791,5.19615,0,0,2.56351,1.40094,0,2.15851,3.38688,8.46701e+06,3.61194e+06,2.17053e+07,0,0,0,6.20183e+07
110.355,110.355,7.20342,0.13,0.04,1.69109,3.084,0,0.360082,6.048,4.07419e+06,2.70226e+06,6.88982e+06,0,0,0,4.71858e+08,67.1696,79.791,4.34052,0,0,2.79383,1.40092,0,1.98057,3.38688,8.46701e+06,3.61194e+06,2.36554e+07,0,0,0,6.20183e+07
110.355,110.355,7.28164,0.15,0.04,1.69103,3.08396,0,0.31691,6.048,4.07419e+06,2.70226e+06,6.8896e+06,0,0,0,4.71858e+08,67.3039,79.791,3.53611,0,0,2.79383,1.4009,0,2.15851,3.38688,8.46701e+06,3.61194e+06,2.36554e+07,0,0,0,6.20183e+07
110.355,110.355,6.81564,0.16,0.04,1.69098,3.08393,0,0.3169,6.048,4.07419e+06,2.70226e+06,6.88939e+06,0,0,0,4.71858e+08,67.6307,79.791,4.13402,0,0,2.79383,1.40089,0,2.15851,3.38688,8.46701e+06,3.61194e+06,2.36554e+07,0,0,0,6.20183e+07
110.355,110.355,8.24146,0.16,0.04,1.69093,3.08389,0,0.31689,6.048,4.07419e+06,2.70226e+06,6.88917e+06,0,0,0,4.71858e+08,68.769,79.791,5.14492,0,0,2.79383,1.40087,0,2.15851,3.38688,8.46701e+06,3.61194e+06,2.36554e+07,0,0,0,6.20183e+07
110.355,110.355,5.01028,0.17,0.04,1.80355,3.19653,0,0.31688,6.048,4.07419e+06,2.70226e+06,7.34803e+06,0,0,0,4.71858e+08,69.4995,79.791,3.51094,0,0,2.85017,1.4572,0,2.15851,3.38688,8.46701e+06,3.61194e+06,2.41324e+07,0,0,0,6.20183e+07
110.355,110.355,5.03341,0.16,0.04,1.85984,3.19649,0,0.337986,6.048,4.07419e+06,2.70226e+06,7.57736e+06,0,0,0,4.71858e+08,70.1464,79.791,4.02307,0,0,2.79383,1.45718,0,2.20204,3.38688,8.46701e+06,3.61194e+06,2.36554e+07,0,0,0,6.20183e+07
110.355,110.355,4.47405,0.14,0.04,1.85979,3.19646,0,0.348534,6.048,4.07419e+06,2.70226e+06,7.57713e+06,0,0,0,4.71858e+08,70.3044,79.791,2.63829,0,0,2.79383,1.45716,0,2.15851,3.38688,8.46701e+06,3.61194e+06,2.36554e+07,0,0,0,6.20183e+07
110.355,110.355,3.74972,0.14,0.04,1.85973,3.19642,0,0.348524,6.048,4.07419e+06,2.70226e+06,7.57691e+06,0,0,0,4.71858e+08,70.3594,79.791,2.6723,0,0,2.79383,1.45715,0,2.15851,3.38688,8.46701e+06,3.61194e+06,2.36554e+07,0,0,0,6.20183e+07
110.355,110.355,2.98932,0.12,0.04,1.81562,3.15233,0,0.348514,6.048,4.07419e+06,2.70226e+06,7.3972e+06,0,0,0,4.71858e+08,69.9527,79.791,2.35768,0,0,2.77195,1.43525,0,2.15851,3.38688,8.46701e+06,3.61194e+06,2.34701e+07,0,0,0,6.20183e+07
110.355,110.355,2.70098,0.1,0.04,1.79369,3.15229,0,0.340248,6.048,4.07419e+06,2.70226e+06,7.30784e+06,0,0,0,4.71858e+08,69.4758,79.791,2.05329,0,0,2.79383,1.43523,0,2.14161,3.38688,8.46701e+06,3.61194e+06,2.36554e+07,0,0,0,6.20183e+07
110.355,110.355,3.15134,0.07,0.04,1.79364,3.15225,0,0.336137,6.048,4.07419e+06,2.70226e+06,7.30762e+06,0,0,0,4.71858e+08,69.081,79.791,2.04966,0,0,2.79383,1.43521,0,2.15851,3.38688,8.46701e+06,3.61194e+06,2.36554e+07,0,0,0,6.20183e+07
110.355,110.355,2.51598,0.06,0.04,1.79358,3.15222,0,0.336127,6.048,4.07419e+06,2.70226e+06,7.3074e+06,0,0,0,4.71858e+08,68.7397,79.791,1.99756,0,0,2.79383,1.4352,0,2.15851,3.38688,8.46701e+06,3.61194e+06,2.36554e+07,0,0,0,6.20183e+07
110.355,110.355,2.64313,0.05,0.04,1.94306,3.30171,0,0.336117,6.048,4.07419e+06,2.70226e+06,7.91639e+06,0,0,0,4.71858e+08,68.3072,79.791,2.10499,0,0,2.87142,1.51277,0,2.15851,3.38688,8.46701e+06,3.61194e+06,2.43124e+07,0,0,0,6.20183e+07
110.355,110.355,2.62769,0.04,0.04,2.0206,3.30167,0,0.364129,6.048,4.07419e+06,2.70226e+06,8.2323e+06,0,0,0,4.71858e+08,67.7655,79.791,1.95632,0,0,2.79383,1.51276,0,2.21846,3.38688,8.46701e+06,3.61194e+06,2.36554e+07,0,0,0,6.20183e+07
110.292,110.355,2.32434,0.04,0.04,2.02054,3.30163,0,0.37866,6.048,4.07419e+06,2.70226e+06,8.23207e+06,0,0,0,4.71858e+08,67.2145,79.791,1.84658,0,0,2.79383,1.51274,0,2.15851,3.38688,8.46701e+06,3.61194e+06,2.36554e+07,0,0,0,6.20183e+07
110.161,110.355,2.19742,0.05,0.04,2.02048,3.30159,0,0.378649,6.048,4.07419e+06,2.70226e+06,8.23184e+06,0,0,0,4.71858e+08,66.82,79.791,1.75834,0,0,2.79383,1.51272,0,2.15851,3.38688,8.46701e+06,3.61194e+06,2.36554e+07,0,0,0,6.20183e+07
110.134,110.355,2.35054,0.05,0.04,2.02043,3.30155,0,0.378638,6.048,4.07419e+06,2.70226e+06,8.23161e+06,0,0,0,4.71858e+08,66.6598,79.791,2.40922,0,0,2.79383,1.5127,0,2.15851,3.38688,8.46701e+06,3.61194e+06,2.36554e+07,0,0,0,6.20183e+07
110.225,110.355,2.43259,0.05,0.04,1.9908,3.27195,0,0.378628,6.048,4.07419e+06,2.70226e+06,8.11091e+06,0,0,0,4.71858e+08,66.5781,79.791,2.81927,0,0,2.83647,1.55533,0,2.15851,3.38688,8.46701e+06,3.61194e+06,2.40164e+07,0,0,0,6.20183e+07
110.171,110.355,2.3082,0.05,0.04,2.03339,3.27191,0,0.373076,6.048,4.07419e+06,2.70226e+06,8.28442e+06,0,0,0,4.71858e+08,66.4662,79.791,2.72772,0,0,2.79383,1.55531,0,2.19146,3.38688,8.46701e+06,3.61194e+06,2.36554e+07,0,0,0,6.20183e+07
109.967,110.355,2.14928,0.06,0.04,2.03333,3.27187,0,0.381057,6.048,4.07419e+06,2.70226e+06,8.28419e+06,0,0,0,4.71858e+08,66.2478,79.791,2.53855,0,0,2.79383,1.55529,0,2.15851,3.38688,8.46701e+06,3.61194e+06,2.36554e+07,0,0,0,6.20183e+07
109.621,110.355,1.99517,0.06,0.04,2.03328,3.27183,0,0.381046,6.048,4.07419e+06,2.70226e+06,8.28396e+06,0,0,0,4.71858e+08,65.9645,79.791,2.34332,0,0,2.79383,1.55527,0,2.15851,3.38688,8.46701e+06,3.61194e+06,2.36554e+07,0,0,0,6.20183e+07
109.231,110.355,2.00308,0.07,0.04,2.10958,3.34815,0,0.381036,6.048,4.07419e+06,2.70226e+06,8.59482e+06,0,0,0,4.71858e+08,65.7566,79.791,2.51659,0,0,2.83183,1.59326,0,2.15851,3.38688,8.46701e+06,3.61194e+06,2.39771e+07,0,0,0,6.20183e+07
108.658,110.355,1.83277,0.07,0.04,2.14752,3.34811,0,0.395335,6.048,4.07419e+06,2.70226e+06,8.74942e+06,0,0,0,4.71858e+08,65.4383,79.791,2.50097,0,0,2.79383,1.59324,0,2.18787,3.38688,8.46701e+06,3.61194e+06,2.36554e+07,0,0,0,6.20183e+07
107.94,110.355,1.6814,0.07,0.04,2.14746,3.34807,0,0.402446,6.048,4.07419e+06,2.70226e+06,8.74919e+06,0,0,0,4.71858e+08,65.0753,79.791,2.18525,0,0,2.79383,1.59322,0,2.15851,3.38688,8.46701e+06,3.61194e+06,2.36554e+07,0,0,0,6.20183e+07
107.331,110.355,1.76986,0.07,0.04,2.14741,3.34803,0,0.402435,6.048,4.07419e+06,2.70226e+06,8.74895e+06,0,0,0,4.71858e+08,64.7933,79.791,2.60727,0,0,2.79383,1.5932,0,2.15851,3.38688,8.46701e+06,3.61194e+06,2.36554e+07,0,0,0,6.20183e+07
106.804,110.355,2.05117,0.07,0.04,2.37095,3.57159,0,0.402424,6.048,4.07419e+06,2.70226e+06,9.6597e+06,0,0,0,4.71858e+08,64.5513,79.791,2.61034,0,0,2.931,1.73035,0,2.15851,3.38688,8.46701e+06,3.61194e+06,2.48168e+07,0,0,0,6.20183e+07
105.773,110.355,1.68004,0.09,0.04,2.50805,3.57155,0,0.444315,6.048,4.07419e+06,2.70226e+06,1.02183e+07,0,0,0,4.71858e+08,64.1738,79.791,2.13664,0,0,2.79383,1.73033,0,2.26449,3.38688,8.46701e+06,3.61194e+06,2.36554e+07,0,0,0,6.20183e+07
104.913,110.355,1.83277,0.09,0.04,2.50799,3.57151,0,0.470009,6.048,4.07419e+06,2.70226e+06,1.0218e+07,0,0,0,4.71858e+08,64.0086,79.791,2.82283,0,0,2.79383,1.73031,0,2.15851,3.38688,8.46701e+06,3.61194e+06,2.36554e+07,0,0,0,6.20183e+07
103.928,110.355,1.70491,0.09,0.04,2.50793,3.57147,0,0.469998,6.048,4.07419e+06,2.70226e+06,1.02178e+07,0,0,0,4.71858e+08,63.7035,79.791,2.53255,0,0,2.79383,1.73029,0,2.15851,3.38688,8.46701e+06,3.61194e+06,2.36554e+07,0,0,0,6.20183e+07
102.945,110.355,1.6875,0.09,0.04,2.50787,3.57142,0,0.469986,6.048,4.07419e+06,2.70226e+06,1.02175e+07,0,0,0,4.71858e+08,63.4831,79.791,2.72213,0,0,2.79383,1.73027,0,2.15851,3.38688,8.46701e+06,3.61194e+06,2.36554e+07,0,0,0,6.20183e+07
101.884,110.355,1.50436,0.09,0.04,2.39884,3.46242,0,0.469974,6.048,4.07419e+06,2.70226e+06,9.77333e+06,0,0,0,4.71858e+08,63.2112,79.791,2.46419,0,0,2.71058,1.647,0,2.15851,3.38688,8.46701e+06,3.61194e+06,2.29505e+07,0,0,0,6.20183e+07
100.859,110.355,1.45886,0.1,0.04,2.31553,3.46237,0,0.449542,6.048,4.07419e+06,2.70226e+06,9.43391e+06,0,0,0,4.71858e+08,62.8931,79.791,2.26723,0,0,2.79383,1.64698,0,2.09419,3.38688,8.46701e+06,3.61194e+06,2.36554e+07,0,0,0,6.20183e+07
101.024,110.355,2.98208,0.1,0.04,2.31547,3.46233,0,0.43393,6.048,4.07419e+06,2.70226e+06,9.43366e+06,0,0,0,4.71858e+08,63.3302,79.791,3.7805,0,0,2.79383,1.64696,0,2.15851,3.38688,8.46701e+06,3.61194e+06,2.36554e+07,0,0,0,6.20183e+07
102.797,110.355,4.61587,0.1,0.04,2.31541,3.46229,0,0.433919,6.048,4.07419e+06,2.70226e+06,9.43342e+06,0,0,0,4.71858e+08,63.6398,79.791,3.94911,0,0,2.79383,1.64694,0,2.15851,3.38688,8.46701e+06,3.61194e+06,2.36554e+07,0,0,0,6.20183e+07
105.905,110.355,5.97543,0.09,0.04,2.22591,3.37281,0,0.433907,6.048,4.07419e+06,2.70226e+06,9.06879e+06,0,0,0,4.71858e+08,63.913,79.791,3.00393,0,0,2.71805,1.57115,0,2.15851,3.38688,8.46701e+06,3.61194e+06,2.30138e+07,0,0,0,6.20183e+07
110.355,110.355,8.47205,0.1,0.04,2.15008,3.37278,0,0.417135,6.048,4.07419e+06,2.70226e+06,8.75982e+06,0,0,0,4.71858e+08,65.0582,79.791,5.05474,0,0,2.79383,1.57113,0,2.09997,3.38688,8.46701e+06,3.61194e+06,2.36554e+07,0,0,0,6.20183e+07
110.355,110.355,10.0125,0.08,0.04,2.15002,3.37274,0,0.402924,6.048,4.07419e+06,2.70226e+06,8.75959e+06,0,0,0,4.71858e+08,66.5186,79.791,5.92254,0,0,2.79383,1.57111,0,2.15851,3.38688,8.46701e+06,3.61194e+06,2.36554e+07,0,0,0,6.20183e+07
